class_id,gloss,usable_videos,mean_detection_rate,median_detection_rate,mean_sampled_hand_frames,max_abs_feature
0,3g,1,0.5555555820465088,0.5555555820465088,17.0,4.657151699066162
1,4g,1,0.534246563911438,0.534246563911438,17.0,4.102634906768799
2,5g,1,0.625,0.625,20.0,3.6952733993530273
3,a line skirt,1,1.0,1.0,32.0,5.298221588134766
4,a lot,1,0.369047611951828,0.369047611951828,13.0,3.913031578063965
5,aam aadmi party,2,0.7263062298297882,0.7263062298297882,22.0,9.015233993530272
6,abacus,1,0.6441717743873596,0.6441717743873596,20.0,5.162731647491455
7,abbreviation,1,0.8066666722297668,0.8066666722297668,25.0,6.91630220413208
8,abdicate,2,0.7800297737121582,0.7800297737121582,25.0,6.431022644042969
9,abeyance,1,0.8666666746139526,0.8666666746139526,28.0,3.376993417739868
10,able,1,0.762499988079071,0.762499988079071,24.0,4.8515496253967285
11,about,1,0.4920634925365448,0.4920634925365448,15.0,3.118461847305298
12,above,1,0.4799999892711639,0.4799999892711639,15.0,3.462655067443848
13,abrasive,1,0.8093841671943665,0.8093841671943665,24.0,6.862687110900879
14,abrogate,1,0.8629032373428345,0.8629032373428345,27.0,6.793046951293945
15,abscond,1,0.4375,0.4375,14.0,5.247018337249756
16,absent,3,0.5533282856146494,0.5918367505073547,17.0,9.278786659240724
17,absolve,1,0.7804054021835327,0.7804054021835327,24.0,6.633884429931641
18,absorb,1,0.5396825671195984,0.5396825671195984,17.0,3.1480302810668945
19,absorption,1,0.8387096524238586,0.8387096524238586,29.0,5.575159072875977
20,absorption of water,1,0.8592592477798462,0.8592592477798462,27.0,7.135758876800537
21,abstention,1,0.6349206566810608,0.6349206566810608,20.0,4.5423736572265625
22,abstract,1,0.6121794581413269,0.6121794581413269,19.0,5.834007263183594
23,abstract of account,1,0.6915887594223022,0.6915887594223022,21.0,5.094907283782959
24,abusive language,2,0.8011511862277985,0.8011511862277985,26.0,7.8613786697387695
25,abuttal,1,0.7878788113594055,0.7878788113594055,25.0,5.7515950202941895
26,acacia fernesiana,1,0.8826815485954285,0.8826815485954285,27.0,7.029324531555176
27,acacia modesta,1,0.7696969509124756,0.7696969509124756,24.0,4.862910747528076
28,acceleration,1,0.4266666769981384,0.4266666769981384,15.0,3.347792863845825
29,accept,2,0.4436234384775162,0.4436234384775162,14.0,11.274173736572266
30,acceptance,1,0.2666666805744171,0.2666666805744171,10.0,5.505923748016357
31,acceptance clean,1,0.5166666507720947,0.5166666507720947,16.0,4.611463069915772
32,acceptance letter,1,0.4360902309417724,0.4360902309417724,13.0,4.704154014587402
33,access,1,0.4074074029922485,0.4074074029922485,13.0,4.854855060577393
34,accessories,1,0.5133333206176758,0.5133333206176758,17.0,3.911977767944336
35,accident,2,0.5647893846035004,0.5647893846035004,18.0,4.597525596618652
36,accommodation,1,0.5600000023841858,0.5600000023841858,17.0,4.311034202575684
37,accompany,2,0.6239215731620789,0.6239215731620789,19.5,9.901785850524902
38,accordion,1,0.7913669347763062,0.7913669347763062,25.0,6.438967227935791
39,accordion pleats,1,1.0,1.0,32.0,4.743709564208984
40,account,1,0.473333328962326,0.473333328962326,15.0,4.100757122039795
41,account blocked,1,0.7722222208976746,0.7722222208976746,26.0,4.952935218811035
42,account book,1,0.6888889074325562,0.6888889074325562,22.0,6.791225910186768
43,account charges,1,0.538095235824585,0.538095235824585,16.0,7.260239601135254
44,account closed,1,0.8307692408561707,0.8307692408561707,29.0,4.839098930358887
45,account closing,1,0.800000011920929,0.800000011920929,25.0,6.88262414932251
46,account commission,1,0.5333333611488342,0.5333333611488342,17.0,4.457154273986816
47,account currency,1,0.6153846383094788,0.6153846383094788,20.0,4.628551959991455
48,account current,1,0.550000011920929,0.550000011920929,19.0,2.838026762008667
49,account day,1,0.8666666746139526,0.8666666746139526,30.0,4.943594932556152
50,account discount,1,0.6545454263687134,0.6545454263687134,22.0,7.575767993927002
51,account govemment,1,0.6888889074325562,0.6888889074325562,23.0,6.566536903381348
52,account head,1,0.6944444179534912,0.6944444179534912,22.0,8.322456359863281
53,account holder,1,0.4611110985279083,0.4611110985279083,15.0,5.677192687988281
54,account inoperative,1,0.6666666865348816,0.6666666865348816,22.0,6.50589656829834
55,account joint,1,0.6000000238418579,0.6000000238418579,19.0,5.0977630615234375
56,account margin,1,0.7487179636955261,0.7487179636955261,25.0,9.043310165405272
57,account minor,1,0.7722222208976746,0.7722222208976746,25.0,5.545919895172119
58,account payee only,1,0.9212598204612732,0.9212598204612732,31.0,5.922855377197266
59,account profit and loss,1,0.6476190686225891,0.6476190686225891,21.0,4.012946128845215
60,account rupee,1,0.8256410360336304,0.8256410360336304,26.0,6.44069766998291
61,account suit filed,1,0.8606060743331909,0.8606060743331909,28.0,5.656256198883057
62,account suspence,1,0.7888888716697693,0.7888888716697693,25.0,5.113717079162598
63,accounts,1,0.5567010045051575,0.5567010045051575,17.0,19.88275909423828
64,accumulated,1,0.6388888955116272,0.6388888955116272,19.0,4.96626615524292
65,accurate,1,0.5409836173057556,0.5409836173057556,17.0,5.452206611633301
66,accured,1,0.5833333134651184,0.5833333134651184,18.0,5.341954231262207
67,accuse,1,0.3333333432674408,0.3333333432674408,12.0,8.800532341003418
68,acknowledgement,1,0.6717948913574219,0.6717948913574219,20.0,9.834763526916504
69,across,1,0.5396825671195984,0.5396825671195984,18.0,5.059664726257324
70,acting,1,0.4666666686534881,0.4666666686534881,15.0,3.4728658199310303
71,action,3,0.5663228631019592,0.5407407283782959,18.333333333333332,7.267524719238281
72,active,1,0.5600000023841858,0.5600000023841858,18.0,7.346340656280518
73,actor,1,0.5795454382896423,0.5795454382896423,19.0,4.274460792541504
74,actress,1,0.6458333134651184,0.6458333134651184,21.0,6.107438087463379
75,actual,1,0.3259259164333343,0.3259259164333343,12.0,9.840312957763672
76,actuary,1,0.4042553305625915,0.4042553305625915,13.0,5.442253112792969
77,ad infinitum,1,0.6666666865348816,0.6666666865348816,20.0,5.874807357788086
78,add,2,0.47049181163311005,0.47049181163311005,15.0,5.341139793395996
79,addendum,1,0.7534246444702148,0.7534246444702148,24.0,4.831034183502197
80,additional,1,0.4761904776096344,0.4761904776096344,15.0,4.946229457855225
81,address,5,0.6569176971912384,0.675000011920929,21.4,4.577264308929443
82,adhesive,1,0.6111111044883728,0.6111111044883728,20.0,9.36476993560791
83,adjudge,1,0.4476987421512604,0.4476987421512604,16.0,3.3411242961883545
84,adjustable screw,1,0.6804123520851135,0.6804123520851135,25.0,4.964112758636475
85,adjustment,1,0.6399999856948853,0.6399999856948853,22.0,6.1500020027160645
86,admissible,1,0.6740740537643433,0.6740740537643433,22.0,9.388412475585938
87,adobe acrobat reader,1,0.5742574334144592,0.5742574334144592,18.0,3.582813024520874
88,adopt,1,0.5,0.5,16.0,5.14107084274292
89,adoptive child,1,0.7305389046669006,0.7305389046669006,24.0,4.668405532836914
90,adoptive parent,1,0.9026845693588256,0.9026845693588256,28.0,7.202421188354492
91,adult,5,0.5761484622955322,0.5555555820465088,18.0,7.1743574142456055
92,advance,3,0.6988840103149414,0.6176470518112183,23.0,6.703147888183594
93,advantage,2,0.5721014440059662,0.5721014440059662,18.5,4.681638717651367
94,advantages of drainage,1,0.6739130616188049,0.6739130616188049,21.0,4.132807731628418
95,advertisement,3,0.41857677698135376,0.4157303273677826,14.0,6.523189544677734
96,advise,1,0.5600000023841858,0.5600000023841858,18.0,7.031919479370117
97,advocate,1,0.6626505851745605,0.6626505851745605,21.0,4.68165397644043
98,advocate general,1,0.9115646481513976,0.9115646481513976,30.0,4.653640270233154
99,aeroplane,4,0.6243764013051987,0.6341463625431061,20.0,5.73301362991333
100,aeroplane sprayer,1,0.654321014881134,0.654321014881134,21.0,5.260148048400879
101,affidavit,1,0.7266666889190674,0.7266666889190674,24.0,5.252685546875
102,affirm,1,0.604651153087616,0.604651153087616,19.0,4.75796365737915
103,afghanistan,1,0.2857142984867096,0.2857142984867096,9.0,4.528212547302246
104,africa,3,0.5243129134178162,0.5465116500854492,17.666666666666668,5.937047958374023
105,after,2,0.4384920597076416,0.4384920597076416,13.5,5.741570949554443
106,afternoon,3,0.6257215738296509,0.6555555462837219,19.666666666666668,4.541256904602051
107,again,2,0.49547620117664337,0.49547620117664337,15.5,6.811023235321045
108,agave fillifera,1,0.8853503465652466,0.8853503465652466,28.0,6.527965545654297
109,age,3,0.6119731863339742,0.6666666865348816,19.666666666666668,16.3145751953125
110,agenda,2,0.7253237366676331,0.7253237366676331,22.0,10.260011672973633
111,agra,3,0.4942250947157542,0.4920634925365448,16.0,5.2560577392578125
112,agree,2,0.4908008724451065,0.4908008724451065,15.0,4.24791955947876
113,agreement,1,0.8656716346740723,0.8656716346740723,27.0,6.368544578552246
114,agricultural robot,1,0.8779761791229248,0.8779761791229248,27.0,12.58352279663086
115,agriculture,1,0.5259259343147278,0.5259259343147278,16.0,3.923473834991455
116,ahemedabad,1,0.380952388048172,0.380952388048172,11.0,3.885848045349121
117,ahmedabad,1,0.3790322542190552,0.3790322542190552,12.0,3.5684163570404053
118,air,5,0.5671405673027039,0.5333333611488342,18.2,7.480215549468994
119,air conditioner,1,0.5277777910232544,0.5277777910232544,18.0,5.827398777008057
120,air deccan,1,0.5277777910232544,0.5277777910232544,17.0,4.8782501220703125
121,air india,1,0.4305555522441864,0.4305555522441864,13.0,5.545860767364502
122,air matress,3,0.7510079145431519,0.7844523191452026,23.666666666666668,6.441339015960693
123,air pollution,2,0.6582992374897003,0.6582992374897003,22.5,4.369772434234619
124,air vistara,1,0.3958333432674408,0.3958333432674408,13.0,3.697599887847901
125,aircel,1,0.4666666686534881,0.4666666686534881,14.0,2.410308599472046
126,airjet,1,0.4318181872367859,0.4318181872367859,14.0,3.1489181518554688
127,airmail,1,0.54666668176651,0.54666668176651,20.0,4.49404764175415
128,airport,2,0.5776334851980209,0.5776334851980209,19.0,6.833306312561035
129,airtel,1,0.4333333373069763,0.4333333373069763,14.0,6.3990020751953125
130,ajmer sharif dargah,1,0.6293706297874451,0.6293706297874451,19.0,7.317319393157959
131,akshay kumar,1,0.3658536672592163,0.3658536672592163,11.0,5.505714416503906
132,alarm,2,0.5694759786128998,0.5694759786128998,18.0,8.74093246459961
133,alarm system,1,0.6333333253860474,0.6333333253860474,21.0,3.813429594039917
134,albania,1,0.5333333611488342,0.5333333611488342,17.0,5.984525203704834
135,alcohol,1,0.5869565010070801,0.5869565010070801,18.0,2.536915779113769
136,algeria,1,0.3555555641651153,0.3555555641651153,11.0,5.698378562927246
137,alive,3,0.6835653384526571,0.6800000071525574,21.666666666666668,5.043675422668457
138,alkali soil,1,0.9034482836723328,0.9034482836723328,28.0,4.336488723754883
139,all,1,0.4799999892711639,0.4799999892711639,15.0,5.806447982788086
140,all india federation of the deaf,1,0.5161290168762207,0.5161290168762207,16.0,4.245644569396973
141,all india foundation of deaf women,1,0.5353535413742065,0.5353535413742065,17.0,7.884121894836426
142,all india trinamool congress,1,0.77173912525177,0.77173912525177,25.0,5.308143615722656
143,allah,1,0.4920634925365448,0.4920634925365448,16.0,2.6435792446136475
144,allahabad bank,1,0.5046728849411011,0.5046728849411011,16.0,3.5609612464904785
145,allen key,1,0.7663230299949646,0.7663230299949646,24.0,4.06409215927124
146,allergy,3,0.663632889588674,0.6494845151901245,21.333333333333332,6.83155632019043
147,allotment,1,0.6933333277702332,0.6933333277702332,22.0,4.971517086029053
148,allow,4,0.5338654518127441,0.5359848588705063,17.5,5.235140800476074
149,allowance,1,0.6222222447395325,0.6222222447395325,19.0,13.65543270111084
150,alloy wheel,1,0.7177700400352478,0.7177700400352478,24.0,6.254509449005127
151,ally,1,0.8126801252365112,0.8126801252365112,26.0,9.992757797241213
152,alone,1,0.4799999892711639,0.4799999892711639,15.0,3.418945074081421
153,alphabet,1,0.7526881694793701,0.7526881694793701,24.0,5.924552917480469
154,already,2,0.4061193019151687,0.4061193019151687,13.0,5.673574447631836
155,alternate current,2,0.8390804529190063,0.8390804529190063,27.5,4.989748477935791
156,alternative,1,0.6578947305679321,0.6578947305679321,21.0,10.209909439086914
157,altitude,1,0.3974359035491943,0.3974359035491943,16.0,1.94101357460022
158,aluminium,2,0.3761904835700989,0.3761904835700989,12.5,5.565567493438721
159,always,1,0.4133333265781402,0.4133333265781402,12.0,3.374929428100586
160,amalgamation,1,0.561904788017273,0.561904788017273,17.0,5.348543643951416
161,amazed,1,0.6629213690757751,0.6629213690757751,21.0,8.724139213562012
162,amazon,4,0.5619550421833992,0.5438112765550613,17.25,4.585084915161133
163,ambulance,1,0.6818181872367859,0.6818181872367859,22.0,4.405684947967529
164,amendments,1,0.6583333611488342,0.6583333611488342,21.0,5.869180679321289
165,ammeter,2,0.6667550206184387,0.6667550206184387,21.5,13.506739616394045
166,among,1,0.4666666686534881,0.4666666686534881,14.0,2.036123991012573
167,amount,2,0.6257883012294769,0.6257883012294769,20.0,4.60737943649292
168,amplitude,1,0.8510638475418091,0.8510638475418091,27.0,9.526227951049805
169,amritsar,3,0.424291064341863,0.4157303273677826,14.0,4.016256332397461
170,andhra pradesh,2,0.4840816408395767,0.4840816408395767,15.5,3.4340081214904785
171,angel,1,0.5873016119003296,0.5873016119003296,18.0,3.893212080001831
172,angle,3,0.6236940622329712,0.6399999856948853,20.0,5.027355194091797
173,angle of refraction,2,0.831613153219223,0.831613153219223,26.5,7.31880521774292
174,angry,7,0.5072562524250576,0.5333333611488342,16.428571428571427,5.986788749694824
175,angular velocity,1,0.617977499961853,0.617977499961853,21.0,4.679609298706055
176,animals,4,0.5897044092416763,0.5987886488437653,19.0,9.844877243041992
177,anklets,2,0.8199999928474426,0.8199999928474426,25.5,4.725346565246582
178,anniversary,1,0.5906976461410522,0.5906976461410522,20.0,7.179458618164063
179,announce,1,0.6666666865348816,0.6666666865348816,25.0,2.4753987789154053
180,annual,3,0.6290451089541117,0.5948275923728943,19.666666666666668,4.047083854675293
181,annual for foliage beauty,1,0.8892215490341187,0.8892215490341187,28.0,4.238706588745117
182,annual plants,1,0.8636363744735718,0.8636363744735718,27.0,4.915717124938965
183,annual report,1,0.723809540271759,0.723809540271759,22.0,8.354876518249512
184,anonymous,3,0.6018045047918955,0.4939759075641632,18.666666666666668,4.027531623840332
185,anonymous complaint,1,0.7730769515037537,0.7730769515037537,23.0,8.657605171203613
186,anorak,1,0.75,0.75,24.0,3.5732288360595703
187,another,1,0.4444444477558136,0.4444444477558136,14.0,4.403393268585205
188,answer,1,0.534246563911438,0.534246563911438,16.0,2.521700859069824
189,ant,6,0.7777937253316244,0.7930302917957306,26.666666666666668,8.456608772277832
190,antartica,2,0.6474237143993378,0.6474237143993378,20.5,11.80038356781006
191,anti corruption law,2,0.7515293061733246,0.7515293061733246,24.0,6.50859260559082
192,anti virus,2,0.25781044363975525,0.25781044363975525,8.0,3.8497507572174072
193,anticlockwise,2,0.691782534122467,0.691782534122467,23.5,15.84946060180664
194,anxious,1,0.6547619104385376,0.6547619104385376,21.0,5.776446342468262
195,any,2,0.4073103219270706,0.4073103219270706,12.5,4.772541522979736
196,apartment,1,0.5368421077728271,0.5368421077728271,19.0,4.79908561706543
197,apex court,1,0.5208333134651184,0.5208333134651184,17.0,6.740463733673096
198,apiculture bee keeping,1,0.9025787711143494,0.9025787711143494,27.0,18.41486549377441
199,apiculturist,1,0.8477508425712585,0.8477508425712585,26.0,6.5580735206604
200,app,1,0.5517241358757019,0.5517241358757019,18.0,4.76039457321167
201,apparatus,1,0.3693693578243255,0.3693693578243255,14.0,4.586362838745117
202,appear,1,0.4920634925365448,0.4920634925365448,15.0,2.8763256072998047
203,appearance,1,0.5827067494392395,0.5827067494392395,18.0,5.305142879486084
204,applause,1,0.5529412031173706,0.5529412031173706,18.0,3.178308486938477
205,apple,2,0.426871657371521,0.426871657371521,14.0,2.5694580078125
206,appliances control,1,0.7777777910232544,0.7777777910232544,24.0,5.8689799308776855
207,applicant,2,0.7351851761341095,0.7351851761341095,24.5,4.607668876647949
208,application,2,0.5310723930597305,0.5310723930597305,17.0,6.554190158843994
209,applique,1,0.6791666746139526,0.6791666746139526,22.0,3.7440836429595943
210,appointment,3,0.6035304268201193,0.5903614163398743,18.666666666666668,16.158063888549805
211,appreciation,1,0.8380952477455139,0.8380952477455139,27.0,4.73776388168335
212,approach,1,0.6851851940155029,0.6851851940155029,21.0,4.395976543426514
213,approval,1,0.5259259343147278,0.5259259343147278,17.0,6.267492294311523
214,approve,2,0.44318437576293945,0.44318437576293945,14.0,5.609877586364746
215,approximate,2,0.5721952617168427,0.5721952617168427,18.5,6.263598442077637
216,april,3,0.5096296270688375,0.4666666686534881,16.0,4.685854434967041
217,aquatic plants of various colour,1,0.8059210777282715,0.8059210777282715,25.0,4.792640686035156
218,arc welding,1,0.5940860509872437,0.5940860509872437,19.0,3.712943315505981
219,archaeologist,1,0.6780303120613098,0.6780303120613098,21.0,6.813314914703369
220,archery,1,0.5625,0.5625,18.0,2.6814541816711426
221,architect,1,0.8153846263885498,0.8153846263885498,26.0,3.624441623687744
222,area,5,0.5653847336769104,0.5520833134651184,19.4,10.033883094787598
223,argentina,1,0.5428571701049805,0.5428571701049805,17.0,3.371179580688477
224,argue,1,0.7301587462425232,0.7301587462425232,24.0,4.046578884124756
225,arm,3,0.5516967872778574,0.5904762148857117,17.0,19.222332000732425
226,arm hole,1,0.8628158569335938,0.8628158569335938,27.0,5.821539878845215
227,armenia,1,0.4827586114406585,0.4827586114406585,16.0,6.188314914703369
228,arms and amunitions,1,0.7277777791023254,0.7277777791023254,24.0,10.446226119995115
229,army,1,0.4868420958518982,0.4868420958518982,15.0,2.628673791885376
230,around,3,0.5318394203980764,0.5529412031173706,17.333333333333332,5.948005676269531
231,arrears,1,0.6000000238418579,0.6000000238418579,18.0,15.188665390014648
232,arrest,2,0.5056960582733154,0.5056960582733154,16.0,7.470912933349609
233,arrogate,1,0.8607242107391357,0.8607242107391357,29.0,3.8367905616760254
234,art,2,0.48645617067813873,0.48645617067813873,15.0,9.42684555053711
235,artesian well,1,0.650943398475647,0.650943398475647,21.0,5.550040245056152
236,artificial,1,0.6202531456947327,0.6202531456947327,20.0,3.304571390151977
237,arunachal pradesh,3,0.5214401682217916,0.5454545617103577,16.333333333333332,5.63088321685791
238,asbestos,1,0.8505747318267822,0.8505747318267822,26.0,2.8032147884368896
239,asia,2,0.5027429312467575,0.5027429312467575,15.5,5.919608116149902
240,ask,2,0.4933333545923233,0.4933333545923233,16.5,8.130081176757812
241,asphalt concrete,1,0.9479768872261048,0.9479768872261048,30.0,5.932776927947998
242,asphyxia,1,0.727554202079773,0.727554202079773,23.0,5.82451868057251
243,aspiration,1,0.3799999952316284,0.3799999952316284,12.0,4.806632041931152
244,assailant,1,0.8315789699554443,0.8315789699554443,26.0,4.443363666534424
245,assam,3,0.4794949491818746,0.4699999988079071,15.333333333333334,7.1312665939331055
246,assam tea gardens,1,0.7578125,0.7578125,24.0,5.573017597198486
247,assassination,2,0.8666951954364777,0.8666951954364777,27.5,6.715857028961182
248,assault,1,0.8873720169067383,0.8873720169067383,28.0,6.066357612609863
249,assembly,2,0.8068181872367859,0.8068181872367859,26.5,4.2674078941345215
250,assets,1,0.6222222447395325,0.6222222447395325,20.0,5.457952499389648
251,assistant,1,0.5,0.5,15.0,5.021616458892822
252,assistant professor,1,0.4380165338516235,0.4380165338516235,14.0,2.1108901500701904
253,associate professor,1,0.4583333432674408,0.4583333432674408,15.0,5.79871940612793
254,association,2,0.4863095134496689,0.4863095134496689,15.5,4.40973424911499
255,association of sign language interpreters,1,0.494252860546112,0.494252860546112,16.0,3.2961790561676025
256,assume,1,0.689393937587738,0.689393937587738,22.0,3.3755221366882324
257,asthma,1,0.6822429895401001,0.6822429895401001,24.0,2.9669647216796875
258,astigmatism,1,0.7916666865348816,0.7916666865348816,24.0,4.190991401672363
259,astronaut,1,0.5677419304847717,0.5677419304847717,18.0,7.38692569732666
260,astronomy,1,0.8045976758003235,0.8045976758003235,29.0,16.3764705657959
261,asymmetrical design,1,0.7514792680740356,0.7514792680740356,24.0,4.824306011199951
262,asystole,1,0.75,0.75,24.0,4.425021171569824
263,at,1,0.4920634925365448,0.4920634925365448,15.0,3.2966036796569824
264,athlete's foot,1,0.6962025165557861,0.6962025165557861,21.0,4.947298526763916
265,atm,1,0.5888888835906982,0.5888888835906982,19.0,3.927175283432007
266,atmosphere,1,0.708737850189209,0.708737850189209,23.0,3.2309367656707764
267,atom,1,0.650943398475647,0.650943398475647,22.0,6.3151164054870605
268,attachment of property,1,0.7055555582046509,0.7055555582046509,23.0,7.287572383880615
269,attendance record,1,0.5331010222434998,0.5331010222434998,17.0,7.771377563476562
270,attendant,1,0.4769230782985687,0.4769230782985687,17.0,5.739075660705566
271,attitude,2,0.4648786783218384,0.4648786783218384,14.5,3.854944467544556
272,attorney,1,0.5666666626930237,0.5666666626930237,17.0,8.916316986083984
273,attorney general,1,0.7198067903518677,0.7198067903518677,23.0,5.055211544036865
274,attraction,1,0.5609756112098694,0.5609756112098694,18.0,3.270998001098633
275,attractive force,1,0.6391752362251282,0.6391752362251282,21.0,6.433331489562988
276,audi,1,0.4305555522441864,0.4305555522441864,13.0,4.240760326385498
277,audience,1,0.4198473393917084,0.4198473393917084,13.0,8.083454132080078
278,audio frequency,1,0.684684693813324,0.684684693813324,21.0,5.5318989753723145
279,audiologist,1,0.3636363744735718,0.3636363744735718,11.0,7.059399604797363
280,audit,1,0.5629629492759705,0.5629629492759705,18.0,2.209326982498169
281,auditorium,1,0.6133333444595337,0.6133333444595337,23.0,3.791762590408325
282,auger,1,0.7861271500587463,0.7861271500587463,24.0,3.2601869106292725
283,august,7,0.5705239432198661,0.54666668176651,18.285714285714285,5.951319694519043
284,aunt,1,0.4520547986030578,0.4520547986030578,15.0,2.612914085388184
285,australia,4,0.46493201702833176,0.47913043200969696,15.25,9.234376907348633
286,austria,1,0.611940324306488,0.611940324306488,20.0,3.7830028533935542
287,authorisation,1,0.4545454680919647,0.4545454680919647,14.0,5.998321533203125
288,authorised signature,1,0.4133333265781402,0.4133333265781402,13.0,5.423743724822998
289,autocracy,2,0.8828389644622803,0.8828389644622803,28.0,7.857455730438232
290,automatic,2,0.5764635503292084,0.5764635503292084,18.0,9.131616592407228
291,automation,1,0.6176470518112183,0.6176470518112183,19.0,4.3853020668029785
292,automobiles,1,0.550561785697937,0.550561785697937,24.0,4.728630065917969
293,autumn,1,0.6060606241226196,0.6060606241226196,20.0,4.346907615661621
294,available,1,0.5340909361839294,0.5340909361839294,17.0,6.911177158355713
295,avalanche,1,0.7142857313156128,0.7142857313156128,23.0,4.837777137756348
296,average,2,0.46033452451229095,0.46033452451229095,15.0,9.769247055053713
297,avoid,1,0.7400000095367432,0.7400000095367432,28.0,4.11459493637085
298,away,1,0.3222222328186035,0.3222222328186035,11.0,3.8245067596435542
299,axe,2,0.5019607990980148,0.5019607990980148,16.0,5.730493545532227
300,baby,2,0.6430272161960602,0.6430272161960602,21.0,4.528968811035156
301,back,3,0.4541296760241191,0.4576271176338196,16.0,9.445511817932127
302,back date,1,0.8235294222831726,0.8235294222831726,25.0,4.8060150146484375
303,backache,1,0.621761679649353,0.621761679649353,21.0,4.986811637878418
304,backdate,2,0.6195845901966095,0.6195845901966095,20.0,10.672196388244627
305,backdoor,1,0.5,0.5,16.0,5.678879737854004
306,background,1,0.5227272510528564,0.5227272510528564,16.0,8.39573860168457
307,backup,1,0.5492957830429077,0.5492957830429077,17.0,4.159304141998291
308,backyard system of poultry,1,0.8938547372817993,0.8938547372817993,28.0,5.474965572357178
309,bacteria,1,0.561904788017273,0.561904788017273,18.0,6.660847187042236
310,bacterial diseases animals,1,0.7319884896278381,0.7319884896278381,23.0,7.008429050445557
311,bad,6,0.4912542899449666,0.47058823704719543,16.166666666666668,6.691867351531982
312,bad conductor,1,0.8478260636329651,0.8478260636329651,28.0,6.845197677612305
313,bad debts,1,0.5,0.5,17.0,3.578151226043701
314,bad language,2,0.590814858675003,0.590814858675003,19.0,2.720632553100586
315,badminton,1,0.5199999809265137,0.5199999809265137,16.0,4.030435562133789
316,bag,2,0.42268040776252747,0.42268040776252747,13.5,5.114860534667969
317,bail,1,0.4000000059604645,0.4000000059604645,12.0,5.552886486053467
318,bajaj bike,1,0.4259259402751922,0.4259259402751922,13.0,4.713837146759033
319,bake,2,0.6383333206176758,0.6383333206176758,20.0,7.642491817474365
320,balance,2,0.529931977391243,0.529931977391243,17.5,6.753559589385986
321,balance closing,1,0.5333333611488342,0.5333333611488342,17.0,6.0586676597595215
322,balance opening,1,0.4533333480358124,0.4533333480358124,16.0,5.738381385803223
323,balance outstanding,1,0.5733333230018616,0.5733333230018616,19.0,5.389688968658447
324,balance sheet,1,0.54666668176651,0.54666668176651,17.0,8.118382453918457
325,balcony,2,0.7148148119449615,0.7148148119449615,23.0,5.885560512542725
326,balcony garden,1,0.8678160905838013,0.8678160905838013,27.0,7.958431720733643
327,baldness,1,0.5520833134651184,0.5520833134651184,17.0,3.1142725944519043
328,ball,2,0.5799999982118607,0.5799999982118607,20.5,4.752534866333008
329,ball bearing,1,0.6383647918701172,0.6383647918701172,20.0,6.001253128051758
330,ball cricket,1,0.3859649002552032,0.3859649002552032,12.0,3.779052734375
331,ball pein hammer,1,0.7611111402511597,0.7611111402511597,24.0,3.858290195465088
332,ball point needle,1,0.7846890091896057,0.7846890091896057,25.0,6.452270030975342
333,ball room,1,0.7309237122535706,0.7309237122535706,23.0,5.0185627937316895
334,ballast device,1,0.7368420958518982,0.7368420958518982,23.0,3.413121223449707
335,ballon pump,1,0.5912408828735352,0.5912408828735352,18.0,4.473528861999512
336,balloon,3,0.561461995045344,0.6000000238418579,17.666666666666668,5.762259006500244
337,balmacaan,1,0.3317972421646118,0.3317972421646118,11.0,4.689206123352051
338,baluster,1,0.7599999904632568,0.7599999904632568,25.0,7.000643730163574
339,bamboo,1,0.577464759349823,0.577464759349823,20.0,7.116274356842041
340,ban,2,0.46536797285079956,0.46536797285079956,15.0,6.304755687713623
341,banana,2,0.5746753215789795,0.5746753215789795,18.5,7.618914127349853
342,banana tree,1,0.6573426723480225,0.6573426723480225,22.0,9.681883811950684
343,banaras,1,0.4133333265781402,0.4133333265781402,15.0,2.167933225631714
344,band collar,1,0.5,0.5,16.0,2.161740779876709
345,band-aid,1,0.4358974397182464,0.4358974397182464,13.0,4.787045001983643
346,bandage,1,0.649350643157959,0.649350643157959,21.0,4.727175712585449
347,bandh,1,0.7066666483879089,0.7066666483879089,23.0,4.243326187133789
348,bandit munger,1,0.4507042169570923,0.4507042169570923,16.0,2.0567989349365234
349,bandra to worli sea link,1,0.4454545378684997,0.4454545378684997,14.0,2.870443820953369
350,bangalore,1,0.3650793731212616,0.3650793731212616,11.0,8.872092247009277
351,bangladesh,1,0.4000000059604645,0.4000000059604645,12.0,6.387643814086914
352,bangles,2,0.4933333396911621,0.4933333396911621,15.0,3.504574775695801
353,banian,2,0.5999999940395355,0.5999999940395355,19.0,3.995821475982666
354,bank,1,0.6349206566810608,0.6349206566810608,21.0,5.229846954345703
355,bank account number,1,0.7303370833396912,0.7303370833396912,23.0,3.992100477218628
356,bank branch address,1,0.5728155374526978,0.5728155374526978,18.0,5.438924312591553
357,bank branch code,1,0.6506849527359009,0.6506849527359009,21.0,5.670239448547363
358,bank branch name,1,0.5107913613319397,0.5107913613319397,16.0,9.497491836547852
359,bank nationalised,1,0.6666666865348816,0.6666666865348816,21.0,6.146807670593262
360,bank of baroda,1,0.5980392098426819,0.5980392098426819,18.0,4.157657146453857
361,bank of maharashtra,1,0.6091954112052917,0.6091954112052917,19.0,8.592484474182129
362,banker,1,0.375,0.375,12.0,4.975412845611572
363,banner,2,0.6421269029378891,0.6421269029378891,20.0,5.009503364562988
364,bar,1,0.865517258644104,0.865517258644104,28.0,6.328053951263428
365,bar megnet,1,0.7281553149223328,0.7281553149223328,23.0,4.960419654846191
366,barber,2,0.4238596558570862,0.4238596558570862,13.0,5.443729400634766
367,bark,2,0.48000000417232513,0.48000000417232513,15.0,5.134546756744385
368,barleria cristata,1,0.8644986152648926,0.8644986152648926,27.0,4.665535926818848
369,barricade,1,0.7339449524879456,0.7339449524879456,23.0,4.59119176864624
370,baseball,1,0.4757281541824341,0.4757281541824341,17.0,3.329577922821045
371,baseball jacket,1,0.6076388955116272,0.6076388955116272,20.0,6.136001110076904
372,basic,1,0.5,0.5,16.0,6.7971906661987305
373,basic pay,1,0.9336493015289308,0.9336493015289308,29.0,4.907993316650391
374,basics,1,0.375,0.375,12.0,7.345592498779297
375,basil,1,0.4861111044883728,0.4861111044883728,15.0,4.129519462585449
376,basket of currencies,1,0.5611110925674438,0.5611110925674438,18.0,8.38715934753418
377,basketball,1,0.6349206566810608,0.6349206566810608,21.0,7.703240871429443
378,bat,1,0.4920634925365448,0.4920634925365448,19.0,5.704850673675537
379,bath,3,0.5367489258448283,0.5396825671195984,17.333333333333332,5.648394107818604
380,bath tub,1,0.5185185074806213,0.5185185074806213,17.0,4.796082496643066
381,bathroom,3,0.6789394021034241,0.7333333492279053,21.0,6.944110870361328
382,batman,1,0.5247524976730347,0.5247524976730347,17.0,11.31037425994873
383,baton,1,0.70703125,0.70703125,22.0,9.767461776733398
384,battered child syndrome,2,0.8125,0.8125,27.0,5.955248832702637
385,battery,2,0.8527243733406067,0.8527243733406067,27.5,6.694746971130371
386,bauhinia accuminata,1,0.83984375,0.83984375,26.0,6.339271545410156
387,beading needles,1,0.7701149582862854,0.7701149582862854,24.0,6.7800798416137695
388,beak,2,0.6555555760860443,0.6555555760860443,21.5,5.460348606109619
389,beaker,1,0.7058823704719543,0.7058823704719543,23.0,6.553205966949463
390,beam,1,0.8433734774589539,0.8433734774589539,26.0,3.338777780532837
391,beans,1,0.5066666603088379,0.5066666603088379,16.0,3.7735812664031982
392,bear,2,0.6944444477558136,0.6944444477558136,23.0,3.934903860092163
393,bearer,1,0.6592592597007751,0.6592592597007751,22.0,5.745755195617676
394,beat,1,0.5873016119003296,0.5873016119003296,22.0,5.365197658538818
395,beautiful,3,0.5341152747472128,0.5346534848213196,16.666666666666668,4.760195255279541
396,become,1,0.3333333432674408,0.3333333432674408,11.0,3.899163722991944
397,bed,2,0.5083333253860474,0.5083333253860474,16.0,4.0447916984558105
398,bedroom,3,0.6662872632344564,0.7333333492279053,21.0,5.106599807739258
399,bedsheet,2,0.5629629492759705,0.5629629492759705,18.0,8.637950897216797
400,beer,2,0.7091526985168457,0.7091526985168457,23.5,6.383662700653076
401,beetroot,1,0.5629629492759705,0.5629629492759705,17.0,17.1461181640625
402,before,3,0.43851780891418457,0.4126984179019928,14.0,4.54266357421875
403,begin,1,0.3799999952316284,0.3799999952316284,14.0,6.670464992523193
404,behind,4,0.41971689462661743,0.42276711761951447,13.5,4.827163219451904
405,belgium,1,0.5522388219833374,0.5522388219833374,18.0,6.456333637237549
406,belief,2,0.5103174597024918,0.5103174597024918,16.0,7.261934280395508
407,believe,1,0.4024390280246734,0.4024390280246734,13.0,4.844761848449707
408,bell,5,0.533659166097641,0.5396825671195984,16.8,11.777935028076172
409,bell sleeve,1,0.6449999809265137,0.6449999809265137,20.0,6.717756748199463
410,bellboy jacket,1,0.5446428656578064,0.5446428656578064,17.0,2.233070135116577
411,below,2,0.41559696197509766,0.41559696197509766,13.0,5.33018159866333
412,belt,3,0.35555556416511536,0.3600000143051147,11.666666666666666,11.08555793762207
413,belt loops,1,0.6449704170227051,0.6449704170227051,20.0,11.387811660766602
414,bench,1,0.380952388048172,0.380952388048172,14.0,11.282870292663574
415,bench mark,1,0.8853868246078491,0.8853868246078491,28.0,4.816954612731934
416,bend,1,0.6190476417541504,0.6190476417541504,21.0,4.227229118347168
417,benefit,1,0.3777777850627899,0.3777777850627899,13.0,10.00937557220459
418,bengali,2,0.4555763304233551,0.4555763304233551,14.0,6.317598819732666
419,benign,1,0.6602563858032227,0.6602563858032227,21.0,6.084652900695801
420,berth,1,0.4545454680919647,0.4545454680919647,14.0,4.956290721893311
421,bertha,1,0.8151658773422241,0.8151658773422241,24.0,5.735575199127197
422,besom pocket,1,0.5555555820465088,0.5555555820465088,17.0,4.001758098602295
423,best,3,0.3923959831396739,0.4000000059604645,12.333333333333334,3.965348720550537
424,bestiality,1,0.6097561120986938,0.6097561120986938,19.0,8.101366996765137
425,better,1,0.4285714328289032,0.4285714328289032,13.0,2.3929872512817383
426,between,1,0.4933333396911621,0.4933333396911621,15.0,3.358960628509521
427,beverages,1,0.7777777910232544,0.7777777910232544,26.0,5.047072887420654
428,bhangada,1,0.523809552192688,0.523809552192688,18.0,5.015678882598877
429,bharatiya janata party,4,0.6150000095367432,0.6466666758060455,19.5,5.437063217163086
430,bhopal,1,0.3968254029750824,0.3968254029750824,13.0,3.411612033843994
431,bhubaneswar,1,0.4545454680919647,0.4545454680919647,14.0,5.684131145477295
432,bias cowl dress,1,0.8067632913589478,0.8067632913589478,25.0,3.116415500640869
433,biased,2,0.8054739236831665,0.8054739236831665,25.5,8.66535472869873
434,bib,1,0.7479674816131592,0.7479674816131592,23.0,6.562008380889893
435,bible,1,0.4799999892711639,0.4799999892711639,16.0,4.127941131591797
436,biconcave lens,1,0.8145161271095276,0.8145161271095276,26.0,12.224981307983398
437,biconvex lens,1,0.8515625,0.8515625,27.0,10.417169570922852
438,bicycle shorts,1,0.6439628601074219,0.6439628601074219,20.0,6.447612285614014
439,big,2,0.5309523940086365,0.5309523940086365,17.0,6.754421710968018
440,bigamy,1,0.8836363554000854,0.8836363554000854,28.0,7.171626091003418
441,bihar,2,0.42363637685775757,0.42363637685775757,13.0,6.69956111907959
442,bike oil filter,1,0.8664688467979431,0.8664688467979431,30.0,10.606090545654297
443,bike silencer pipe,1,0.6242774724960327,0.6242774724960327,19.0,8.482111930847168
444,bike suspension,2,0.5610287636518478,0.5610287636518478,18.0,4.179925918579102
445,bile duct cancer,1,0.8399999737739563,0.8399999737739563,26.0,9.143829345703123
446,bilingual,1,0.699999988079071,0.699999988079071,22.0,5.421993255615234
447,bill,7,0.5676291797842298,0.5666666626930237,17.857142857142858,7.507033348083496
448,bill of exchange,1,0.746666669845581,0.746666669845581,24.0,4.440122127532959
449,bills purchased,1,0.3037036955356598,0.3037036955356598,10.0,3.988529682159424
450,bimetallic,1,0.5977011322975159,0.5977011322975159,21.0,3.391514301300049
451,binary,1,0.417391300201416,0.417391300201416,13.0,5.174188613891602
452,bindi,1,0.4743589758872986,0.4743589758872986,15.0,3.005803108215332
453,bio energy,1,0.931818187236786,0.931818187236786,32.0,7.334230422973633
454,biomass,1,0.7790697813034058,0.7790697813034058,28.0,4.411554336547852
455,bipedal robot,1,0.7019230723381042,0.7019230723381042,22.0,6.361463069915772
456,bird,1,0.6888889074325562,0.6888889074325562,21.0,5.6357502937316895
457,birds,2,0.5152542293071747,0.5152542293071747,16.0,4.736173629760742
458,birth,2,0.6555555760860443,0.6555555760860443,22.0,5.356818675994873
459,birth defect,1,0.6875,0.6875,22.0,10.369626998901367
460,birthday,2,0.4541666805744171,0.4541666805744171,15.5,7.041463851928711
461,biscuit,2,0.5974556505680084,0.5974556505680084,20.0,2.181966781616211
462,bishop sleeve,1,0.6529411673545837,0.6529411673545837,21.0,6.031848907470703
463,bite,3,0.6247354547182719,0.625,19.333333333333332,6.905001163482666
464,bitter,1,0.6190476417541504,0.6190476417541504,23.0,3.131981611251831
465,bitter gourd,1,0.5744680762290955,0.5744680762290955,18.0,4.093212127685547
466,bjp,1,0.7246376872062683,0.7246376872062683,23.0,3.4254961013793945
467,black,4,0.5747806951403618,0.5833333134651184,18.75,5.270686149597168
468,black board,1,0.7333333492279053,0.7333333492279053,23.0,5.986354827880859
469,black market,1,0.8428571224212646,0.8428571224212646,27.0,4.297491073608398
470,blackberry,1,0.5370370149612427,0.5370370149612427,17.0,2.149806261062622
471,blackboard duster,2,0.5956261456012726,0.5956261456012726,18.5,7.743621349334717
472,bladder cancer,1,0.7846153974533081,0.7846153974533081,25.0,7.371865749359131
473,blame,1,0.5157894492149353,0.5157894492149353,16.0,5.596892356872559
474,bleeding disorders,1,0.8636363744735718,0.8636363744735718,28.0,5.51336669921875
475,bless,1,0.4749999940395355,0.4749999940395355,15.0,5.689548969268799
476,blight,1,0.9174041152000428,0.9174041152000428,29.0,4.344217300415039
477,blind,1,0.4126984179019928,0.4126984179019928,14.0,1.8969141244888303
478,blind stitch,1,0.7121211886405945,0.7121211886405945,22.0,4.634653568267822
479,blindness and low vision,1,0.671875,0.671875,21.0,3.899471044540405
480,blocks,1,0.7301587462425232,0.7301587462425232,22.0,4.3657050132751465
481,blood,2,0.563196137547493,0.563196137547493,18.0,10.274673461914062
482,blood pressure,4,0.5138829275965691,0.5329545438289642,15.75,5.64155912399292
483,blouse,5,0.7474263072013855,0.6933333277702332,23.4,9.41123104095459
484,blow,1,0.3600000143051147,0.3600000143051147,14.0,5.0898942947387695
485,blue,4,0.40576599538326263,0.4022727310657501,14.0,5.1538496017456055
486,blue flowered plants,1,0.7072243094444275,0.7072243094444275,22.0,7.2751617431640625
487,bluetooth,2,0.46539226174354553,0.46539226174354553,15.0,3.408843994140625
488,blurring,1,0.9317507147789,0.9317507147789,29.0,7.8308258056640625
489,bmw,1,0.5041322112083435,0.5041322112083435,15.0,4.813255786895752
490,boat,1,0.5593220591545105,0.5593220591545105,18.0,4.250156402587891
491,bobbinet,1,0.6173469424247742,0.6173469424247742,20.0,7.048984527587891
492,bodice,1,0.7116564512252808,0.7116564512252808,22.0,4.313818454742432
493,body,1,0.2933333218097687,0.2933333218097687,9.0,2.569519519805908
494,body pain,1,0.4861878454685211,0.4861878454685211,15.0,5.784091949462891
495,body parts,1,0.6818181872367859,0.6818181872367859,22.0,3.9757797718048096
496,body piercing,1,0.6770186424255371,0.6770186424255371,21.0,3.815805196762085
497,bogie,1,0.7699999809265137,0.7699999809265137,24.0,5.725989818572998
498,boil,2,0.6711309552192688,0.6711309552192688,21.0,7.455600738525391
499,bold,3,0.5591965913772583,0.5287008881568909,17.666666666666668,4.381803512573242
500,bolero jacket,1,0.5,0.5,16.0,7.86490535736084
501,bolling point,1,0.824999988079071,0.824999988079071,28.0,5.123735427856445
502,bolt,2,0.4647619128227234,0.4647619128227234,15.0,3.735131740570069
503,bonafide,1,0.8565737009048462,0.8565737009048462,27.0,5.729603290557861
504,bond,1,0.6000000238418579,0.6000000238418579,19.0,8.094754219055176
505,bone,3,0.6397707263628641,0.6166666746139526,20.0,6.729609489440918
506,bone cancer osteosarcoma and malignant fibrous histiocytoma,1,0.7477477192878723,0.7477477192878723,24.0,9.002056121826172
507,bonus,2,0.393558531999588,0.393558531999588,12.5,9.328580856323242
508,book,2,0.42665572464466095,0.42665572464466095,13.5,5.548611640930176
509,bookshelf,1,0.6592592597007751,0.6592592597007751,20.0,4.471763610839844
510,boolean,1,0.7048611044883728,0.7048611044883728,22.0,7.307324886322021
511,bored,1,0.3761467933654785,0.3761467933654785,12.0,2.2996139526367188
512,boring,1,0.5113636255264282,0.5113636255264282,17.0,2.6122055053710938
513,boring machine,1,0.375,0.375,12.0,3.466747760772705
514,born,1,0.5132743120193481,0.5132743120193481,16.0,6.789952278137207
515,borrow,1,0.4799999892711639,0.4799999892711639,16.0,3.5687057971954346
516,borrower,1,0.2761904895305633,0.2761904895305633,9.0,2.784509897232056
517,bosnia-herzegovina,1,0.516853928565979,0.516853928565979,17.0,4.484177589416504
518,boss,1,0.4938271641731262,0.4938271641731262,16.0,4.429935932159424
519,bottle,2,0.5974359065294266,0.5974359065294266,19.0,7.862880706787109
520,bow tie,1,0.4516128897666931,0.4516128897666931,14.0,4.1709160804748535
521,bowl,4,0.4927698150277138,0.49367521703243256,15.75,5.220813751220703
522,bowled out,1,0.4155844151973724,0.4155844151973724,13.0,4.82883358001709
523,bowler,1,0.3626373708248138,0.3626373708248138,11.0,3.5848422050476074
524,box,1,0.3898304998874664,0.3898304998874664,12.0,7.2319135665893555
525,box pleats,1,0.6594203114509583,0.6594203114509583,20.0,3.38800311088562
526,boxing,2,0.6211926341056824,0.6211926341056824,21.0,4.986583709716797
527,boy,2,0.7756613790988922,0.7756613790988922,24.5,7.112227916717529
528,boyfriend,1,0.5,0.5,16.0,2.390517473220825
529,brahma,1,0.5700934529304504,0.5700934529304504,17.0,5.770391464233398
530,brain,6,0.5732142825921377,0.5527777671813965,18.666666666666668,8.535900115966797
531,brain injury,1,0.5957446694374084,0.5957446694374084,19.0,3.568275690078736
532,brain stem glioma,1,0.7657342553138733,0.7657342553138733,24.0,5.689612865447998
533,brain tumor  inside,1,0.6814814805984497,0.6814814805984497,21.0,9.728548049926758
534,branch,2,0.7888888716697693,0.7888888716697693,26.0,12.163167953491213
535,brandishing of a weapon,1,0.846441924571991,0.846441924571991,27.0,4.654477119445801
536,brass,2,0.5875000059604645,0.5875000059604645,19.5,5.25718879699707
537,brazil,1,0.6393442749977112,0.6393442749977112,21.0,2.531195640563965
538,bread,3,0.5714826186498007,0.523809552192688,18.666666666666668,7.618549823760986
539,bread board,1,0.8803418874740601,0.8803418874740601,29.0,9.396889686584473
540,break,1,0.4600000083446502,0.4600000083446502,14.0,6.814948558807373
541,breakfast,1,0.6133333444595337,0.6133333444595337,21.0,7.779801368713379
542,breast cancer,1,0.609375,0.609375,19.0,14.723711013793944
543,breathalyzer test,1,0.8518518805503845,0.8518518805503845,27.0,4.712697982788086
544,breathe,2,0.4749999940395355,0.4749999940395355,14.5,4.0835795402526855
545,breeds of poultry,1,0.7258687019348145,0.7258687019348145,22.0,11.28236484527588
546,brick,2,0.5305263102054596,0.5305263102054596,16.5,8.196345329284668
547,brick masonry,1,0.8414633870124817,0.8414633870124817,27.0,4.934841632843018
548,bride,1,0.7967479825019836,0.7967479825019836,25.0,7.86536979675293
549,bridegroom,1,0.7004608511924744,0.7004608511924744,22.0,3.745039701461792
550,bridge,1,0.746666669845581,0.746666669845581,25.0,9.808544158935549
551,briefcase,1,0.4673913121223449,0.4673913121223449,16.0,2.361357927322388
552,bright,2,0.5685925483703613,0.5685925483703613,17.5,5.082448959350586
553,bring,1,0.5396825671195984,0.5396825671195984,17.0,8.156250953674316
554,brinjal,1,0.5333333611488342,0.5333333611488342,17.0,4.46033239364624
555,brittle,1,0.4666666686534881,0.4666666686534881,14.0,6.027395725250244
556,brochure,1,0.7745097875595093,0.7745097875595093,24.0,5.146349906921387
557,brokerage,1,0.521212100982666,0.521212100982666,16.0,8.218720436096191
558,bronchial tumors,1,0.8326359987258911,0.8326359987258911,26.0,5.245629787445068
559,broom,1,0.4854368865489959,0.4854368865489959,15.0,6.420635223388672
560,brothel,1,0.800000011920929,0.800000011920929,26.0,6.097280979156494
561,brother,4,0.680934339761734,0.7136363685131073,21.75,9.18503189086914
562,brown,4,0.46667518466711044,0.5069444328546524,14.25,5.423145294189453
563,brown sport of rice,1,0.8878205418586731,0.8878205418586731,28.0,8.899829864501953
564,browse,1,0.4844444394111633,0.4844444394111633,15.0,5.246124744415283
565,brush,1,0.5714285969734192,0.5714285969734192,18.0,15.966723442077637
566,bsnl,1,0.539130449295044,0.539130449295044,17.0,33.022911071777344
567,bsp,1,0.6071428656578064,0.6071428656578064,20.0,2.9415507316589355
568,bucket,3,0.5777637958526611,0.5555555820465088,18.333333333333332,5.139969825744629
569,buckle,1,0.4426229596138,0.4426229596138,14.0,6.557909965515137
570,bud,2,0.6466666758060455,0.6466666758060455,20.5,9.064648628234863
571,buddah,1,0.5873016119003296,0.5873016119003296,19.0,4.601512908935547
572,buddha purnima,2,0.5502739548683167,0.5502739548683167,17.0,6.701698303222656
573,buddhism,1,0.489130437374115,0.489130437374115,15.0,3.898515939712525
574,buddhist,1,0.4065934121608734,0.4065934121608734,13.0,2.991157531738281
575,budget,1,0.5510203838348389,0.5510203838348389,19.0,5.017021179199219
576,buffalo,5,0.5962907075881958,0.6952381134033203,18.8,4.998312950134277
577,buffet,1,0.418749988079071,0.418749988079071,14.0,5.238067150115967
578,bug,2,0.8133333325386047,0.8133333325386047,27.5,19.456756591796875
579,bugle,1,0.5040000081062317,0.5040000081062317,16.0,6.856103420257568
580,build,2,0.4638596475124359,0.4638596475124359,14.5,3.8133816719055176
581,builder,1,0.5,0.5,15.0,3.911379098892212
582,building structure,1,0.4580152630805969,0.4580152630805969,15.0,2.457681655883789
583,bulb,3,0.5912598768870035,0.5393258333206177,18.333333333333332,5.309548854827881
584,bull,1,0.5371900796890259,0.5371900796890259,18.0,4.67151403427124
585,bullet train,1,0.4318181872367859,0.4318181872367859,13.0,2.614741086959839
586,bullock cart,1,0.7777777910232544,0.7777777910232544,25.0,6.842855453491211
587,bully calf,1,0.6131687164306641,0.6131687164306641,19.0,4.542569160461426
588,bump cutter,1,0.9102563858032228,0.9102563858032228,29.0,4.877167701721191
589,burden,1,0.6317204236984253,0.6317204236984253,20.0,5.932509422302246
590,burger,1,0.4296296238899231,0.4296296238899231,13.0,4.801201820373535
591,burglar,1,0.6518518328666687,0.6518518328666687,20.0,7.169347286224365
592,burn,1,0.4019607901573181,0.4019607901573181,12.0,4.573166847229004
593,burundi,1,0.5890411138534546,0.5890411138534546,19.0,2.9680233001708984
594,bury,3,0.5800000131130219,0.6583333611488342,19.333333333333332,5.98252010345459
595,bus,3,0.573968251546224,0.5299999713897705,19.0,4.932974338531494
596,bus conductor,2,0.4265151470899582,0.4265151470899582,13.5,4.466939449310303
597,bus stand,1,0.9365079402923584,0.9365079402923584,31.0,6.779879570007324
598,bushes,1,0.8478260636329651,0.8478260636329651,26.0,6.538573265075684
599,business,3,0.41054466366767883,0.3888888955116272,13.0,5.84683895111084
600,busy,3,0.5288888911406199,0.5866666436195374,16.666666666666668,5.465200901031494
601,butter,2,0.59064981341362,0.59064981341362,19.5,7.620090961456299
602,butterfly,2,0.8666666746139526,0.8666666746139526,29.5,3.669121026992798
603,button down,1,0.7017543911933899,0.7017543911933899,22.0,6.213426113128662
604,button hole,1,0.6931818127632141,0.6931818127632141,21.0,4.468056678771973
605,button loop,1,0.8744939565658569,0.8744939565658569,27.0,2.8689465522766118
606,button placket,1,0.7166666388511658,0.7166666388511658,24.0,6.553866386413574
607,buy,1,0.7727272510528564,0.7727272510528564,24.0,4.231905460357666
608,buyer,1,0.2555555701255798,0.2555555701255798,9.0,5.281591892242432
609,cabbage,2,0.4452892541885376,0.4452892541885376,14.5,5.50501823425293
610,caftan,1,0.422222226858139,0.422222226858139,14.0,4.618223190307617
611,cage,1,0.8515625,0.8515625,26.0,8.825933456420898
612,cajanus inducus,1,0.8470588326454163,0.8470588326454163,26.0,4.51956844329834
613,cake,1,0.5333333611488342,0.5333333611488342,18.0,9.057662963867188
614,calculation,2,0.688670814037323,0.688670814037323,23.0,6.658980846405029
615,calculator,5,0.6197037100791931,0.6200000047683716,19.6,13.39643383026123
616,calendar,3,0.6040456891059875,0.6097561120986938,18.666666666666668,4.596587657928467
617,calendar year,1,0.8521126508712769,0.8521126508712769,26.0,4.757342338562012
618,call,4,0.46183861792087555,0.41534391045570374,15.0,10.036466598510742
619,call deposit,1,0.8083333373069763,0.8083333373069763,27.0,5.651318073272705
620,call money,1,0.7142857313156128,0.7142857313156128,23.0,2.5960142612457275
621,calm,2,0.5113636404275894,0.5113636404275894,16.0,4.636383533477783
622,calorie,1,0.6016949415206909,0.6016949415206909,20.0,5.58217716217041
623,calorimeter,1,0.9919999837875366,0.9919999837875366,32.0,6.072630405426025
624,cam,2,0.8150738179683685,0.8150738179683685,27.0,14.423447608947754
625,cambodia,1,0.4054054021835327,0.4054054021835327,13.0,14.23607063293457
626,camel,3,0.6227450966835022,0.6399999856948853,19.666666666666668,4.8169026374816895
627,camera,1,0.8799999952316284,0.8799999952316284,30.0,3.1955039501190186
628,camouflage,1,0.9212962985038756,0.9212962985038756,30.0,5.357305526733398
629,can,4,0.4487803876399994,0.4121808111667633,14.5,19.401660919189453
630,canada,1,0.5657894611358643,0.5657894611358643,18.0,3.195314407348633
631,canara bank,1,0.6694915294647217,0.6694915294647217,21.0,5.412949085235596
632,cancel,2,0.3722222298383713,0.3722222298383713,14.0,7.677606582641602
633,cancer,2,0.699999988079071,0.699999988079071,22.0,3.9578802585601807
634,candle,3,0.5720174213250478,0.6476190686225891,18.0,8.178544998168945
635,canteen,1,0.3541666567325592,0.3541666567325592,11.0,5.675883769989014
636,cap,3,0.4250764648119609,0.4920634925365448,13.333333333333334,6.85231876373291
637,capable,1,0.3650793731212616,0.3650793731212616,12.0,3.7684202194213863
638,capacitor,2,0.8052941262722015,0.8052941262722015,27.0,15.226672172546388
639,capacity,1,0.5307692289352417,0.5307692289352417,19.0,5.981564044952393
640,capillary tube,1,0.8111110925674438,0.8111110925674438,29.0,5.4649834632873535
641,capital,5,0.5924351453781128,0.637499988079071,19.0,5.335954666137695
642,capital punishment,1,0.682758629322052,0.682758629322052,22.0,5.643312454223633
643,capsicum,2,0.49907995760440826,0.49907995760440826,16.0,7.69917106628418
644,car,2,0.6237103343009949,0.6237103343009949,20.5,6.890521049499512
645,carburetor,1,0.9591836929321288,0.9591836929321288,32.0,5.18285083770752
646,carcinoid tumor,1,0.7422680258750916,0.7422680258750916,23.0,10.941287994384766
647,card,1,0.4000000059604645,0.4000000059604645,13.0,9.89144802093506
648,careful,3,0.4023232360680898,0.4166666567325592,13.0,6.956259727478027
649,cargo  pocket,1,1.0,1.0,32.0,8.572901725769043
650,carnivorus fishes,1,0.826714813709259,0.826714813709259,26.0,5.341320991516113
651,carpenter,4,0.5466467291116714,0.5175358653068542,17.75,5.586391925811768
652,carpet,1,0.290076345205307,0.290076345205307,9.0,3.895994186401367
653,carrom,2,0.5895372331142426,0.5895372331142426,21.5,7.320823669433594
654,carrot,2,0.4303030371665954,0.4303030371665954,14.0,3.716353416442871
655,carry,1,0.5714285969734192,0.5714285969734192,18.0,8.241653442382812
656,carry on,1,0.3762376308441162,0.3762376308441162,11.0,2.8442482948303223
657,cartidge,1,0.4764542877674103,0.4764542877674103,15.0,4.530238628387451
658,cartoon,2,0.6686139702796936,0.6686139702796936,20.5,8.798995971679688
659,cash,2,0.6097701191902161,0.6097701191902161,19.0,4.326664447784424
660,cash book,1,0.746666669845581,0.746666669845581,24.0,4.207952976226807
661,cash certificates,1,0.5407407283782959,0.5407407283782959,18.0,5.099526405334473
662,cash credit,1,0.4888888895511627,0.4888888895511627,14.0,4.118678092956543
663,cash credit key,1,0.4399999976158142,0.4399999976158142,13.0,5.676072597503662
664,cash receipt,1,0.6666666865348816,0.6666666865348816,21.0,3.911068201065064
665,cash remmitance,1,0.5333333611488342,0.5333333611488342,18.0,3.628864288330078
666,cashier,1,0.3773584961891174,0.3773584961891174,12.0,6.158266544342041
667,casio,1,0.6578947305679321,0.6578947305679321,21.0,7.313119888305664
668,cassette,1,0.5600000023841858,0.5600000023841858,17.0,7.465187072753906
669,cat,6,0.6063541322946548,0.6000000238418579,19.166666666666668,6.145753383636475
670,catalogue,1,0.7363636493682861,0.7363636493682861,23.0,6.147867202758789
671,cataract,1,0.5588235259056091,0.5588235259056091,18.0,1.8768768310546875
672,catch,3,0.4775800208250682,0.5308641791343689,15.333333333333334,6.521888256072998
673,catch  stitch,1,0.9157509207725524,0.9157509207725524,29.0,3.702909231185913
674,category,1,0.6315789222717285,0.6315789222717285,20.0,9.13399887084961
675,cauliflower,1,0.4772727191448211,0.4772727191448211,16.0,4.151616096496582
676,cause of action,1,0.8689655065536499,0.8689655065536499,27.0,5.409187316894531
677,cave,3,0.5919473767280579,0.5929203629493713,18.666666666666668,8.484996795654297
678,cd,1,0.5795454382896423,0.5795454382896423,18.0,4.529309272766113
679,ceiling,1,0.7641196250915527,0.7641196250915527,24.0,5.54892635345459
680,celebrate,1,0.6399999856948853,0.6399999856948853,24.0,4.870670795440674
681,cell,2,0.6065353155136108,0.6065353155136108,19.5,4.849849700927734
682,celsius,1,0.7708333134651184,0.7708333134651184,26.0,5.7279462814331055
683,cement,1,0.5600000023841858,0.5600000023841858,19.0,9.598014831542969
684,cement mortar,1,0.8480392098426819,0.8480392098426819,27.0,5.666764736175537
685,center,1,0.5555555820465088,0.5555555820465088,18.0,4.288431167602539
686,center  back,1,0.7772925496101379,0.7772925496101379,25.0,4.136462211608887
687,centigram,1,0.8358209133148193,0.8358209133148193,29.0,6.990960597991943
688,centimeter,1,0.4933333396911621,0.4933333396911621,16.0,6.158292770385742
689,centimetre,1,0.6696428656578064,0.6696428656578064,24.0,6.32989501953125
690,central processing unit,1,0.501960813999176,0.501960813999176,16.0,3.965120315551758
691,centre  front,1,0.6806282997131348,0.6806282997131348,21.0,3.01906967163086
692,centre of curvature,1,0.8285714387893677,0.8285714387893677,27.0,5.055675506591797
693,centrifugal,1,0.7307692170143127,0.7307692170143127,23.0,2.981898307800293
694,centripetal,1,0.7683615684509277,0.7683615684509277,24.0,4.497407913208008
695,century,1,0.8265682458877563,0.8265682458877563,25.0,7.611643314361572
696,cereal disease,1,0.8805309534072876,0.8805309534072876,27.0,5.8478193283081055
697,cerebral palsy,1,0.6000000238418579,0.6000000238418579,19.0,4.130449295043945
698,certificate,2,0.5400000214576721,0.5400000214576721,17.0,9.554162979125977
699,cervical cancer,1,0.8515284061431885,0.8515284061431885,27.0,3.437617301940918
700,chain drive,1,0.5830815434455872,0.5830815434455872,19.0,4.29015588760376
701,chain reaction,1,0.4587155878543854,0.4587155878543854,15.0,7.835208892822266
702,chain surveying,1,0.7699530720710754,0.7699530720710754,24.0,7.696313858032227
703,chair,2,0.5022222399711609,0.5022222399711609,16.0,5.865303993225098
704,chalk,3,0.5703054865201315,0.5833333134651184,17.666666666666668,4.335312366485596
705,chamber,1,0.9226519465446472,0.9226519465446472,28.0,6.446066379547119
706,chamfering,1,0.4260354936122894,0.4260354936122894,13.0,2.7099947929382324
707,chandigarh,2,0.4466089457273483,0.4466089457273483,14.0,3.854740619659424
708,change,3,0.4212794601917267,0.3947368562221527,13.666666666666666,5.774714469909668
709,change in state,1,0.92592591047287,0.92592591047287,31.0,7.317807674407959
710,change in temperature,1,0.9375,0.9375,32.0,9.81400203704834
711,change of venue,1,0.8764940500259399,0.8764940500259399,28.0,5.534716606140137
712,chapathi,1,0.5199999809265137,0.5199999809265137,17.0,4.758581161499023
713,chappels,4,0.49000000953674316,0.4866666793823242,15.25,6.386253833770752
714,chapter,1,0.5396825671195984,0.5396825671195984,19.0,5.557847023010254
715,charge,1,0.4962962865829468,0.4962962865829468,15.0,4.401013374328613
716,charge sheet,1,0.6933333277702332,0.6933333277702332,22.0,4.519075393676758
717,chart,2,0.5265909135341644,0.5265909135341644,17.0,11.481938362121582
718,chat,2,0.6916666626930237,0.6916666626930237,23.0,9.653823852539062
719,cheap,2,0.3894623667001724,0.3894623667001724,12.5,4.078591346740723
720,cheat,2,0.43444444239139557,0.43444444239139557,15.5,3.615010261535645
721,chef,1,0.4277777671813965,0.4277777671813965,13.0,4.187579154968262
722,chemical energy,1,0.5698924660682678,0.5698924660682678,20.0,15.117497444152832
723,chemistry,1,0.5066666603088379,0.5066666603088379,16.0,5.361583232879639
724,chennai,4,0.4814629927277565,0.470862478017807,15.5,8.696781158447266
725,cheque,3,0.4244573712348938,0.4250000119209289,14.0,7.868914127349853
726,cheque crossed,1,0.7818182110786438,0.7818182110786438,26.0,4.240391731262207
727,cheque drop box,1,0.4565217494964599,0.4565217494964599,14.0,4.939438819885254
728,cheque endorsement,1,0.644444465637207,0.644444465637207,21.0,4.35922384262085
729,cheque gift,1,0.7555555701255798,0.7555555701255798,25.0,7.987059116363525
730,cheque mutilated,1,0.7083333134651184,0.7083333134651184,23.0,7.3696208000183105
731,cheque postdated,1,0.5636363625526428,0.5636363625526428,18.0,4.662217617034912
732,cheque stale,1,0.8833333253860474,0.8833333253860474,28.0,6.781033992767334
733,cheque travellers,1,0.6000000238418579,0.6000000238418579,19.0,7.213438034057617
734,cherry,1,0.7977527976036072,0.7977527976036072,25.0,4.035680294036865
735,chess,1,0.6349206566810608,0.6349206566810608,21.0,4.332375526428223
736,chest,2,0.7055555582046509,0.7055555582046509,22.0,7.747477054595947
737,chew,2,0.7166666686534882,0.7166666686534882,22.5,7.287405967712402
738,chhattisgarh,1,0.4536082446575165,0.4536082446575165,15.0,3.2831621170043945
739,chicken mesh,1,0.8201438784599304,0.8201438784599304,26.0,4.705061435699463
740,chickenpox,1,0.6666666865348816,0.6666666865348816,21.0,3.2717490196228027
741,chickoo,1,0.5600000023841858,0.5600000023841858,18.0,4.908517837524414
742,chickpea,1,0.5321100950241089,0.5321100950241089,17.0,5.450470447540283
743,chicks,1,0.7194244861602783,0.7194244861602783,22.0,4.299552440643311
744,chief,1,0.4399999976158142,0.4399999976158142,14.0,5.073331832885742
745,chief justice,1,0.7516340017318726,0.7516340017318726,24.0,5.375256061553955
746,chief minister,2,0.7136568427085876,0.7136568427085876,23.5,5.005420684814453
747,chikoo,1,0.5,0.5,16.0,5.078407287597656
748,child,1,0.8173515796661377,0.8173515796661377,26.0,4.044220447540283
749,child abuse,1,0.6987577676773071,0.6987577676773071,25.0,4.241238117218018
750,child prostitution,1,0.8594249486923218,0.8594249486923218,27.0,6.434014320373535
751,children,1,0.6333333253860474,0.6333333253860474,20.0,4.433273315429688
752,chile,1,0.6129032373428345,0.6129032373428345,20.0,5.508356094360352
753,chilli,1,0.6226415038108826,0.6226415038108826,20.0,4.394976615905762
754,chimney,1,0.8459214568138123,0.8459214568138123,27.0,4.66685676574707
755,china,2,0.5199999958276749,0.5199999958276749,16.5,8.438916206359863
756,chipping,1,0.7840909361839294,0.7840909361839294,24.0,5.129786014556885
757,chocolate,1,0.6190476417541504,0.6190476417541504,22.0,5.289100170135498
758,choking,1,0.7701149582862854,0.7701149582862854,24.0,5.486960887908936
759,cholera,4,0.6316666603088379,0.6399999856948853,19.5,13.28222942352295
760,christian,2,0.48465608060359955,0.48465608060359955,15.0,7.381178379058838
761,christianity,1,0.644444465637207,0.644444465637207,20.0,3.2942585945129395
762,christmas,8,0.6228192672133446,0.6022727191448212,19.5,14.10751724243164
763,chronic illness,1,0.870192289352417,0.870192289352417,27.0,4.878342628479004
764,church,1,0.5333333611488342,0.5333333611488342,19.0,3.7526469230651855
765,cif number,1,0.4239130318164825,0.4239130318164825,13.0,4.621376037597656
766,cinema,3,0.42660775780677795,0.4226804077625274,14.666666666666666,19.733591079711918
767,circle,3,0.4010732372601827,0.3000000119209289,13.666666666666666,14.716572761535645
768,circuit,1,0.9122806787490844,0.9122806787490844,31.0,8.548745155334473
769,circuit breaker,1,0.4470046162605285,0.4470046162605285,14.0,3.1142067909240723
770,circular motion,1,0.7829457521438599,0.7829457521438599,26.0,4.856900215148926
771,circus,1,0.4444444477558136,0.4444444477558136,14.0,6.998392105102539
772,citrus vulgaris,1,0.9118643999099731,0.9118643999099731,28.0,6.596348762512207
773,city,3,0.42451000213623047,0.4126984179019928,13.333333333333334,13.011514663696287
774,civil engineering,1,0.7752808928489685,0.7752808928489685,24.0,6.277588367462158
775,cl,1,0.9333333373069764,0.9333333373069764,31.0,3.093278169631958
776,claim,1,0.550000011920929,0.550000011920929,18.0,6.760213375091553
777,clap,1,0.6399999856948853,0.6399999856948853,21.0,3.6071059703826895
778,class room,1,0.6133333444595337,0.6133333444595337,20.0,5.684340000152588
779,classification,1,0.6727272868156433,0.6727272868156433,22.0,3.512432098388672
780,classification according to parts used for crop,1,0.9457994699478148,0.9457994699478148,31.0,6.587289810180664
781,classification based on season,1,0.9159159064292908,0.9159159064292908,28.0,8.59165096282959
782,classification based on the transplanting capacity,1,0.8972809910774231,0.8972809910774231,28.0,5.883137702941895
783,classification of fungus,1,0.853210985660553,0.853210985660553,28.0,4.135824203491211
784,classification of hedges,1,0.8754863739013672,0.8754863739013672,27.0,7.310131549835205
785,classification of poultry diseases,1,0.747826099395752,0.747826099395752,24.0,8.527328491210938
786,classification of poultry feeds,1,0.8472622632980347,0.8472622632980347,26.0,18.553653717041016
787,classification of shrubs,1,0.8638497591018677,0.8638497591018677,28.0,4.247366428375244
788,classification of vegetables,1,0.6555023789405823,0.6555023789405823,22.0,5.911863803863525
789,clauses,1,0.8530259132385254,0.8530259132385254,27.0,7.125901222229004
790,claw hammer,1,0.475862056016922,0.475862056016922,15.0,3.579921245574951
791,clean,2,0.5366666615009308,0.5366666615009308,17.0,5.332865715026856
792,clean bill,1,0.6814814805984497,0.6814814805984497,22.0,8.181049346923828
793,clear,2,0.42129629850387573,0.42129629850387573,13.5,5.210122585296631
794,clearing house,1,0.4909090995788574,0.4909090995788574,16.0,4.442283153533936
795,clerk,2,0.46666666865348816,0.46666666865348816,15.0,8.792805671691895
796,clever,5,0.5125504970550537,0.468531459569931,16.0,7.348148345947266
797,client,1,0.8533333539962769,0.8533333539962769,26.0,4.453861713409424
798,climb,1,0.5964912176132202,0.5964912176132202,19.0,9.912395477294922
799,climb down,1,0.54666668176651,0.54666668176651,17.0,7.119349479675293
800,climb up,1,0.5714285969734192,0.5714285969734192,18.0,5.149715900421143
801,clinical thermometer,1,0.6694915294647217,0.6694915294647217,24.0,6.711190223693848
802,clock,3,0.6224996248881022,0.6190476417541504,20.0,11.537158966064451
803,clockwise,1,0.5789473652839661,0.5789473652839661,19.0,7.489874362945557
804,close,3,0.5900250573952993,0.6762820482254028,18.333333333333332,10.000420570373535
805,close friend,1,0.3933333456516266,0.3933333456516266,12.0,3.1627628803253174
806,close relation,1,0.4368931949138641,0.4368931949138641,14.0,3.611108064651489
807,close up,1,0.868852436542511,0.868852436542511,28.0,3.4623594284057617
808,cloth,2,0.6449999809265137,0.6449999809265137,20.0,16.258129119873047
809,clouds,1,0.6136363744735718,0.6136363744735718,20.0,6.400819301605225
810,cloudy,1,0.5660377144813538,0.5660377144813538,18.0,5.901541233062744
811,clown,2,0.4448917657136917,0.4448917657136917,14.5,9.744260787963867
812,club,2,0.4792138934135437,0.4792138934135437,15.0,5.123629570007324
813,clumsy,1,0.7560137510299683,0.7560137510299683,23.0,8.051176071166992
814,clutch lever,1,0.6926407217979431,0.6926407217979431,22.0,5.934357166290283
815,cng stone carving machine,1,0.8110598921775818,0.8110598921775818,25.0,4.23410701751709
816,co accused,1,0.8235294222831726,0.8235294222831726,26.0,14.490679740905762
817,coach,1,0.5454545617103577,0.5454545617103577,18.0,8.535304069519043
818,coal,2,0.6259259283542633,0.6259259283542633,20.0,6.374279022216797
819,coarse aggregate,1,0.90625,0.90625,28.0,6.402796268463135
820,coat,3,0.458169937133789,0.4666666686534881,14.333333333333334,5.401256084442139
821,coat  dress,1,0.4444444477558136,0.4444444477558136,14.0,3.707618236541748
822,cobbler,3,0.5709876616795858,0.5740740895271301,18.0,7.174509048461914
823,coccidiosis,1,0.6625514626502991,0.6625514626502991,20.0,6.274927139282227
824,cochin,1,0.4126984179019928,0.4126984179019928,13.0,6.068755149841309
825,cock,3,0.7004201809565226,0.6952381134033203,22.0,5.238938331604004
826,cock erels,1,0.7066115736961365,0.7066115736961365,22.0,4.84898042678833
827,cockroach,3,0.6762962937355042,0.8111110925674438,23.0,5.492578506469727
828,coconut,4,0.47006165236234665,0.4932359457015991,14.75,5.531849384307861
829,coffee,1,0.761904776096344,0.761904776096344,28.0,4.259355545043945
830,coffee rust,1,0.8476454019546509,0.8476454019546509,27.0,7.1742353439331055
831,coherent,1,0.6282051205635071,0.6282051205635071,21.0,11.382892608642578
832,cohesive,1,0.5268816947937012,0.5268816947937012,19.0,3.752176523208618
833,coimbatore,2,0.35915088653564453,0.35915088653564453,11.5,8.376554489135742
834,coin,2,0.5196428745985031,0.5196428745985031,17.5,5.165948867797852
835,cold,5,0.5844453334808349,0.6666666865348816,19.2,8.736496925354004
836,cold drink,1,0.8253968358039856,0.8253968358039856,27.0,4.515609264373779
837,college,2,0.4033333361148834,0.4033333361148834,12.0,6.339517593383789
838,colllsion,1,0.494252860546112,0.494252860546112,18.0,2.453312397003174
839,colombia,1,0.5,0.5,16.0,2.1921136379241943
840,colour,2,0.6542777121067047,0.6542777121067047,21.5,3.4607577323913574
841,colour filter,1,0.6879432797431946,0.6879432797431946,23.0,6.184085369110107
842,colour palette,2,0.873241513967514,0.873241513967514,27.0,6.271876811981201
843,coloured follage shrubs,1,0.8854625821113586,0.8854625821113586,28.0,4.324645519256592
844,column,1,0.7371794581413269,0.7371794581413269,24.0,3.1488099098205566
845,comb,3,0.5956349074840546,0.7083333134651184,19.666666666666668,4.333249568939209
846,come,2,0.45129871368408203,0.45129871368408203,14.0,11.628649711608888
847,comfortable,3,0.4331126908461253,0.4399999976158142,14.0,6.207512378692627
848,commerce,1,0.3235294222831726,0.3235294222831726,10.0,4.5164794921875
849,commercial building,1,0.784023642539978,0.784023642539978,25.0,9.172956466674805
850,commercial vegetable gardening,1,0.8640776872634888,0.8640776872634888,27.0,18.795072555541992
851,committee,1,0.4166666567325592,0.4166666567325592,13.0,6.604807376861572
852,common,2,0.4385847747325897,0.4385847747325897,14.0,5.724609851837158
853,common cold,1,0.6268656849861145,0.6268656849861145,20.0,1.7652616500854492
854,communicate,2,0.6482758820056915,0.6482758820056915,22.0,8.721702575683594
855,communication,1,0.699999988079071,0.699999988079071,22.0,3.644655704498291
856,community,1,0.3032786846160888,0.3032786846160888,10.0,6.937441825866699
857,compact disc,1,0.625,0.625,21.0,6.624088764190674
858,compaction,1,0.8838174343109131,0.8838174343109131,28.0,4.43637752532959
859,company,2,0.5860237628221512,0.5860237628221512,18.5,5.139934539794922
860,company joint stock,1,0.800000011920929,0.800000011920929,25.0,7.408771514892578
861,company partnership,1,0.7833333611488342,0.7833333611488342,25.0,5.200412273406982
862,company secretary,1,0.6111111044883728,0.6111111044883728,21.0,8.030868530273438
863,compare,2,0.5365352928638458,0.5365352928638458,16.0,4.007503986358643
864,compass,2,0.6385259628295898,0.6385259628295898,19.5,9.779273986816406
865,compass surveying,1,0.8600000143051147,0.8600000143051147,27.0,15.73366641998291
866,compate,1,0.60317462682724,0.60317462682724,20.0,4.922793865203857
867,competition,2,0.520370364189148,0.520370364189148,17.0,8.712748527526855
868,complain,2,0.5230880379676819,0.5230880379676819,16.5,4.009140491485596
869,complainant and complaint,1,0.8690476417541504,0.8690476417541504,28.0,11.189539909362791
870,complaint,1,1.0,1.0,32.0,2.632040023803711
871,complete,1,0.2874999940395355,0.2874999940395355,8.0,1.8566392660140991
872,compositing,1,0.8203592896461487,0.8203592896461487,26.0,8.922532081604004
873,composition of milk,1,0.5590550899505615,0.5590550899505615,17.0,9.60465145111084
874,compound interest,1,0.8370370268821716,0.8370370268821716,26.0,6.005057334899902
875,compound microscope,1,0.8787878751754761,0.8787878751754761,28.0,8.258277893066406
876,compression,1,0.5274725556373596,0.5274725556373596,18.0,4.335419178009033
877,compromise,1,1.0,1.0,32.0,3.54581880569458
878,compulsory,1,0.5809524059295654,0.5809524059295654,21.0,2.539093494415283
879,computer,2,0.5816226601600647,0.5816226601600647,18.5,3.95758056640625
880,computerisation,1,0.9809523820877076,0.9809523820877076,32.0,6.880284786224365
881,computing,1,0.8108108043670654,0.8108108043670654,25.0,5.806714057922363
882,concave,1,0.846666693687439,0.846666693687439,28.0,10.57900047302246
883,concave lens,1,0.7039999961853027,0.7039999961853027,23.0,4.486591339111328
884,concave mirror,1,0.6942148804664612,0.6942148804664612,22.0,4.599487781524658
885,concealment of identity,1,0.7800586223602295,0.7800586223602295,24.0,4.93254280090332
886,concentrate,2,0.6773809492588043,0.6773809492588043,23.0,6.30070686340332
887,concept,1,0.6395348906517029,0.6395348906517029,20.0,6.417938232421875
888,concession,1,0.5714285969734192,0.5714285969734192,18.0,7.752577781677246
889,conciliation,1,0.5939394235610962,0.5939394235610962,20.0,5.384345054626465
890,conclude,1,0.4436090290546417,0.4436090290546417,14.0,3.6828668117523193
891,concrete,2,0.9007092118263245,0.9007092118263245,29.5,6.162031650543213
892,concrete mixture,1,0.8779527544975281,0.8779527544975281,27.0,13.766046524047852
893,concurrent,1,0.6269841194152832,0.6269841194152832,21.0,3.042266607284546
894,condition,1,0.3698630034923553,0.3698630034923553,12.0,2.6248457431793213
895,condom,1,0.5054945349693298,0.5054945349693298,16.0,8.281554222106934
896,conductor,1,0.7183098793029785,0.7183098793029785,23.0,10.084392547607422
897,cone,3,0.35114941994349164,0.2833333313465118,11.666666666666666,5.591712474822998
898,conference,3,0.47762759526570636,0.5192307829856873,15.666666666666666,7.209840774536133
899,confess,1,0.4097222089767456,0.4097222089767456,13.0,5.697417736053467
900,confession,1,0.8263888955116272,0.8263888955116272,26.0,5.370834827423096
901,confidence,1,0.2803738415241241,0.2803738415241241,8.0,4.448058128356934
902,confident,2,0.5055555552244186,0.5055555552244186,16.0,5.067001819610596
903,confidential report,1,0.8962963223457336,0.8962963223457336,31.0,5.329989433288574
904,confirm,1,0.2719298303127289,0.2719298303127289,9.0,4.896778583526611
905,confirmed member,1,0.4606060683727264,0.4606060683727264,14.0,3.877763986587525
906,confused,2,0.37633757293224335,0.37633757293224335,12.0,4.74481725692749
907,congratulations,1,0.4421052634716034,0.4421052634716034,14.0,3.959936141967773
908,connect,1,0.3937007784843445,0.3937007784843445,12.0,4.212628364562988
909,consent,1,0.5496183037757874,0.5496183037757874,18.0,3.3628640174865723
910,conservation,1,0.4024390280246734,0.4024390280246734,13.0,2.604924201965332
911,constitutional rights,1,0.8603988885879517,0.8603988885879517,27.0,7.057861328125
912,construction,1,0.5714285969734192,0.5714285969734192,19.0,9.372116088867188
913,construction contract,1,0.8579387068748474,0.8579387068748474,28.0,3.1711785793304443
914,consultant,1,0.5460993051528931,0.5460993051528931,17.0,5.301177501678467
915,contest,1,0.3879310488700866,0.3879310488700866,13.0,4.857589721679688
916,continent,1,0.5454545617103577,0.5454545617103577,17.0,5.497897624969482
917,continue,1,0.4920634925365448,0.4920634925365448,16.0,3.731882095336914
918,contraction,1,0.6464646458625793,0.6464646458625793,20.0,2.307780265808105
919,contractual,1,0.2692307829856872,0.2692307829856872,9.0,3.408306360244751
920,control,2,0.6318681538105011,0.6318681538105011,23.0,7.263165473937988
921,conversion,1,0.8333333134651184,0.8333333134651184,27.0,4.68282413482666
922,convertible  collar,1,0.375,0.375,12.0,3.244895696640014
923,convex,1,0.8199999928474426,0.8199999928474426,26.0,4.512294292449951
924,convex lens,1,0.8730158805847168,0.8730158805847168,27.0,9.03830623626709
925,convex mirror,1,0.8317757248878479,0.8317757248878479,27.0,2.928802490234375
926,conveyance allowance,1,0.7583333253860474,0.7583333253860474,24.0,4.870999336242676
927,cook,3,0.4635057250658671,0.5079365372657776,16.666666666666668,5.494355201721191
928,cooker,1,0.3826086819171905,0.3826086819171905,12.0,7.561700820922852
929,coolie,1,0.60317462682724,0.60317462682724,20.0,3.699287176132202
930,cooling sheet,1,0.8308823704719543,0.8308823704719543,26.0,7.512131690979004
931,cooperate,1,0.4399999976158142,0.4399999976158142,13.0,7.188235282897949
932,coordinate,1,0.7160493731498718,0.7160493731498718,23.0,4.942100524902344
933,cop,1,0.3703703582286834,0.3703703582286834,11.0,3.0007779598236084
934,copper,2,0.5833333134651184,0.5833333134651184,19.5,11.869755744934082
935,copper wire,1,0.7857142686843872,0.7857142686843872,25.0,5.086422920227051
936,copy,3,0.48756615320841473,0.523809552192688,16.666666666666668,5.519099712371826
937,copy and paste,1,0.52173912525177,0.52173912525177,17.0,3.6840646266937256
938,corel draw,1,0.6100628972053528,0.6100628972053528,20.0,5.9620747566223145
939,corn,3,0.566037913163503,0.4830508530139923,18.333333333333332,5.528623580932617
940,corporation bank,1,0.557894766330719,0.557894766330719,17.0,4.050040245056152
941,corresponding branch,1,0.5533333420753479,0.5533333420753479,17.0,5.53302812576294
942,corruption,2,0.5166666805744171,0.5166666805744171,17.0,4.886727333068848
943,cosmetics,2,0.6761363744735718,0.6761363744735718,22.0,7.230551719665527
944,costa rica,1,0.4588235318660736,0.4588235318660736,15.0,8.915550231933594
945,cotter ring,1,0.8121387362480164,0.8121387362480164,25.0,6.10856819152832
946,cough,3,0.5472541550795237,0.6222222447395325,17.333333333333332,2.7460265159606934
947,counsel,1,0.447761207818985,0.447761207818985,14.0,2.3566155433654785
948,count,1,0.3466666638851166,0.3466666638851166,11.0,2.018911838531494
949,counter,1,0.4133333265781402,0.4133333265781402,14.0,6.948477268218994
950,counter sinking,1,0.4722222089767456,0.4722222089767456,15.0,2.084322452545166
951,country,2,0.4486092627048492,0.4486092627048492,14.5,8.84730339050293
952,courier,2,0.45666666328907013,0.45666666328907013,14.5,3.876298904418945
953,court,1,0.6507936716079712,0.6507936716079712,20.0,5.971661567687988
954,court hall,1,0.767123281955719,0.767123281955719,23.0,5.913546085357666
955,cover,1,0.3492063581943512,0.3492063581943512,11.0,4.614773273468018
956,cow,2,0.6944444477558136,0.6944444477558136,21.5,11.892053604125977
957,cowl  sleeve,1,0.4399999976158142,0.4399999976158142,14.0,4.402862548828125
958,cpi,1,0.6913580298423767,0.6913580298423767,22.0,6.05429220199585
959,crawler loader,1,0.761904776096344,0.761904776096344,24.0,4.748082160949707
960,crayons,2,0.5899999737739563,0.5899999737739563,19.0,5.208510875701904
961,cream,3,0.5745054284731547,0.5873016119003296,18.333333333333332,6.513025283813477
962,crease,1,1.0,1.0,32.0,5.312263488769531
963,created,1,0.4705882370471954,0.4705882370471954,15.0,2.7774736881256104
964,credit,1,0.5,0.5,16.0,4.140705585479736
965,credit purchase,1,0.7428571581840515,0.7428571581840515,23.0,4.884821891784668
966,credit sale,1,0.3629629611968994,0.3629629611968994,12.0,3.463229179382324
967,credit voucher,1,0.6611111164093018,0.6611111164093018,20.0,4.553671360015869
968,creeper,2,0.8111111223697662,0.8111111223697662,26.5,6.000633716583252
969,cremate,2,0.8386363685131073,0.8386363685131073,26.5,6.219674110412598
970,cricket,1,0.4920634925365448,0.4920634925365448,19.0,3.967741966247559
971,crime,1,0.3650793731212616,0.3650793731212616,11.0,6.911604881286621
972,crime scene,1,0.818965494632721,0.818965494632721,25.0,5.138966083526611
973,criminal court,1,0.5872092843055725,0.5872092843055725,18.0,4.67575216293335
974,criticize,1,0.2533333301544189,0.2533333301544189,11.0,11.822566986083984
975,croatia,1,0.4722222089767456,0.4722222089767456,15.0,3.321587562561035
976,crocodile,2,0.7266666889190674,0.7266666889190674,26.5,8.628979682922363
977,cropping tool,1,0.8359788656234741,0.8359788656234741,26.0,6.072258949279785
978,crops,1,0.8563380241394043,0.8563380241394043,28.0,8.162749290466309
979,cross,1,0.4444444477558136,0.4444444477558136,14.0,4.955813884735107
980,cross belt drive,1,0.8971962332725525,0.8971962332725525,28.0,4.526721954345703
981,crossing,1,0.5142857432365417,0.5142857432365417,16.0,3.865986824035645
982,crow,1,0.8190476298332214,0.8190476298332214,27.0,5.91202449798584
983,crow bar,1,0.904347836971283,0.904347836971283,28.0,6.367429733276367
984,crown,1,0.8666666746139526,0.8666666746139526,28.0,8.789251327514648
985,cry,1,0.653333306312561,0.653333306312561,21.0,2.1802752017974854
986,cucumber,1,0.6000000238418579,0.6000000238418579,19.0,14.713170051574709
987,cuffs,1,0.7154150009155273,0.7154150009155273,23.0,3.4372670650482178
988,culottes,1,1.0,1.0,32.0,4.744304180145264
989,cultivators,1,0.4968944191932678,0.4968944191932678,15.0,12.67416000366211
990,cummerband,1,0.4620689749717712,0.4620689749717712,14.0,4.100076198577881
991,cunning,2,0.5441270023584366,0.5441270023584366,17.5,12.305231094360352
992,cup,1,0.6133333444595337,0.6133333444595337,20.0,4.642435073852539
993,cupboard,2,0.6458333134651184,0.6458333134651184,20.5,17.190277099609375
994,curd,1,0.708737850189209,0.708737850189209,22.0,4.698418617248535
995,curds,2,0.5507936626672745,0.5507936626672745,22.0,6.272303104400635
996,cure,2,0.6285714507102966,0.6285714507102966,20.0,4.265618324279785
997,curing,1,0.9810126423835754,0.9810126423835754,31.0,6.468855381011963
998,currency chest,1,0.4370370507240295,0.4370370507240295,14.0,5.19705867767334
999,current,1,0.7471264600753784,0.7471264600753784,24.0,2.233794927597046
1000,curry,1,0.5333333611488342,0.5333333611488342,19.0,6.105963706970215
1001,curtain,2,0.6625000238418579,0.6625000238418579,21.0,6.770944595336914
1002,curvature,1,0.4821428656578064,0.4821428656578064,16.0,6.397499561309815
1003,curved,1,0.5873016119003296,0.5873016119003296,19.0,4.495789527893066
1004,custard apple,1,0.5340909361839294,0.5340909361839294,17.0,8.455872535705566
1005,customer service,1,0.5,0.5,16.0,5.462684154510498
1006,cut,3,0.5754497547944387,0.5873016119003296,18.333333333333332,5.736598014831543
1007,cut  line,1,0.6736111044883728,0.6736111044883728,22.0,7.992945194244385
1008,cute,1,0.4823529422283172,0.4823529422283172,15.0,2.753007411956787
1009,cutlery,1,0.5802469253540039,0.5802469253540039,18.0,7.239825248718262
1010,cutout,1,0.5681818127632141,0.5681818127632141,22.0,7.008650302886963
1011,cycle,2,0.6565656661987305,0.6565656661987305,21.0,11.58724880218506
1012,cycling,1,0.5612244606018066,0.5612244606018066,18.0,7.155615329742432
1013,cylinder,3,0.6602464318275452,0.5925925970077515,21.0,12.41502857208252
1014,cyprus,1,0.6363636255264282,0.6363636255264282,20.0,4.6297760009765625
1015,czech republic,1,0.5128205418586731,0.5128205418586731,16.0,5.428108215332031
1016,daily list,1,0.5600000023841858,0.5600000023841858,18.0,2.3414385318756104
1017,dairy farm record,1,0.7397260069847107,0.7397260069847107,23.0,5.0709333419799805
1018,dairy science,1,0.6836734414100647,0.6836734414100647,21.0,3.9911584854125977
1019,daisychaining,1,0.6476190686225891,0.6476190686225891,20.0,4.644984245300293
1020,dam,1,0.5568181872367859,0.5568181872367859,17.0,3.986192464828491
1021,damp proofing material,1,0.9453924894332886,0.9453924894332886,30.0,6.687968730926514
1022,dangerous,1,0.4533333480358124,0.4533333480358124,14.0,4.82169246673584
1023,darts munger,1,0.8156028389930725,0.8156028389930725,26.0,7.057531833648682
1024,dasara,2,0.5933333337306976,0.5933333337306976,18.5,12.152491569519045
1025,dash,1,0.8584905862808228,0.8584905862808228,27.0,11.16006565093994
1026,date,7,0.41194094930376324,0.4000000059604645,14.0,12.28738784790039
1027,date of retirement,1,0.9090909361839294,0.9090909361839294,28.0,6.173529624938965
1028,daughter,2,0.8266666829586029,0.8266666829586029,26.5,4.663847923278809
1029,day,5,0.4566513001918793,0.410526305437088,15.0,13.003265380859377
1030,day after,3,0.4640211760997772,0.3444444537162781,15.0,5.973888874053955
1031,day before,2,0.6031250059604645,0.6031250059604645,19.0,8.112573623657227
1032,day book,1,0.5866666436195374,0.5866666436195374,18.0,7.336916446685791
1033,days after tomorrow,1,0.6930692791938782,0.6930692791938782,22.0,8.09004020690918
1034,days before,1,0.7792207598686218,0.7792207598686218,24.0,3.814997434616089
1035,deadline,3,0.5557330548763275,0.607594907283783,17.333333333333332,7.035192489624023
1036,deadly weapon,1,0.7638888955116272,0.7638888955116272,24.0,8.731574058532715
1037,deaf,2,0.4552941173315048,0.4552941173315048,14.0,2.9710021018981934
1038,deafness,1,0.7142857313156128,0.7142857313156128,22.0,4.213740348815918
1039,deal,1,0.3801652789115906,0.3801652789115906,12.0,2.850123882293701
1040,death certificate,1,0.699999988079071,0.699999988079071,22.0,3.9985852241516113
1041,death in service,1,0.7461300492286682,0.7461300492286682,23.0,11.793222427368164
1042,death row,1,0.8795180916786194,0.8795180916786194,27.0,4.8878278732299805
1043,debate,1,0.3983050882816314,0.3983050882816314,13.0,3.2087438106536865
1044,debit advice,1,0.5600000023841858,0.5600000023841858,17.0,3.6968021392822266
1045,debit card,2,0.6393723487854004,0.6393723487854004,20.0,6.314432621002197
1046,debt,1,0.4370370507240295,0.4370370507240295,15.0,5.5560479164123535
1047,debt doubtful,1,0.644444465637207,0.644444465637207,20.0,5.346266746520996
1048,debug,1,0.6060606241226196,0.6060606241226196,19.0,3.698333501815796
1049,decade,1,0.4807692170143127,0.4807692170143127,15.0,5.401854038238525
1050,deceased,1,0.4356435537338257,0.4356435537338257,14.0,2.056868553161621
1051,deceive,1,0.4000000059604645,0.4000000059604645,12.0,4.597469806671143
1052,december,3,0.5344444413979849,0.5099999904632568,17.333333333333332,7.2328715324401855
1053,decide,3,0.5440257589022318,0.5199999809265137,17.666666666666668,6.679439544677734
1054,decimal,1,0.5283018946647644,0.5283018946647644,18.0,9.275629997253418
1055,declaration,1,0.5743589997291565,0.5743589997291565,18.0,3.818310260772705
1056,decline,1,0.6969696879386902,0.6969696879386902,21.0,4.537244319915772
1057,decrease,3,0.7278740008672079,0.6666666865348816,24.0,8.803950309753418
1058,deed of sale,1,0.7151514887809753,0.7151514887809753,23.0,3.1859498023986816
1059,deep rooted,1,0.798701286315918,0.798701286315918,25.0,3.613450288772583
1060,deepika padukone,1,0.4868420958518982,0.4868420958518982,16.0,4.93017578125
1061,deer,4,0.5561027899384499,0.48175823688507075,17.75,7.737727165222168
1062,default,1,0.7277777791023254,0.7277777791023254,24.0,7.734992027282715
1063,defend,1,0.5400000214576721,0.5400000214576721,17.0,4.981913566589356
1064,defraud,1,0.808080792427063,0.808080792427063,25.0,7.921902656555176
1065,degree,3,0.4541141092777252,0.4256756901741028,14.333333333333334,6.982330322265625
1066,dehradun,1,0.6262626051902771,0.6262626051902771,20.0,3.460738182067871
1067,delegate,2,0.7293075621128082,0.7293075621128082,24.5,7.87078332901001
1068,delegate west bengal,1,0.6857143044471741,0.6857143044471741,22.0,4.026700019836426
1069,delegation,1,0.8910890817642212,0.8910890817642212,28.0,6.13292407989502
1070,delete,1,0.375,0.375,11.0,3.4370245933532715
1071,delhi,2,0.3484848588705063,0.3484848588705063,11.5,3.709815502166748
1072,delicious,1,0.3225806355476379,0.3225806355476379,10.0,5.08426570892334
1073,delivery,1,0.4749999940395355,0.4749999940395355,16.0,4.903207778930664
1074,demand,1,0.342857152223587,0.342857152223587,11.0,2.5682334899902344
1075,demand draft,2,0.418372705578804,0.418372705578804,13.5,4.529732704162598
1076,demarcation west bengal,1,0.7161017060279846,0.7161017060279846,23.0,6.932681560516357
1077,demolishing,1,0.7514124512672424,0.7514124512672424,25.0,4.339195251464844
1078,dengue,1,0.7524752616882324,0.7524752616882324,24.0,3.333847522735596
1079,denmark,1,0.5270270109176636,0.5270270109176636,17.0,4.689088344573975
1080,denomination,1,0.5277777910232544,0.5277777910232544,17.0,5.988020420074463
1081,density,1,1.0,1.0,32.0,8.8014554977417
1082,department,1,0.5933333039283752,0.5933333039283752,19.0,4.436317443847656
1083,deploy,1,0.863095223903656,0.863095223903656,26.0,9.737566947937012
1084,deposit,1,0.6296296119689941,0.6296296119689941,20.0,5.495707035064697
1085,deposit safe custody,1,0.6666666865348816,0.6666666865348816,22.0,6.931128025054932
1086,deposit short,1,0.5166666507720947,0.5166666507720947,17.0,6.409070014953613
1087,deposit slip,1,0.4566473960876465,0.4566473960876465,14.0,5.68592643737793
1088,depreciation,1,0.3407407402992248,0.3407407402992248,11.0,3.000387668609619
1089,depth,1,1.0,1.0,32.0,5.900235176086426
1090,deputation,1,0.5111111402511597,0.5111111402511597,16.0,5.548480987548828
1091,deputy director,1,0.2457627058029174,0.2457627058029174,8.0,3.624788284301758
1092,dermatits,1,0.9078498482704164,0.9078498482704164,28.0,9.917582511901855
1093,descendant,1,0.8354430198669434,0.8354430198669434,26.0,5.306473731994629
1094,desert,2,0.6299999952316284,0.6299999952316284,20.5,7.4231181144714355
1095,designer,1,0.6814814805984497,0.6814814805984497,23.0,10.615428924560549
1096,designing,1,0.4126984179019928,0.4126984179019928,13.0,5.654514789581299
1097,desktop cleanup wizard,1,0.8277778029441833,0.8277778029441833,26.0,6.507032871246338
1098,despatch,1,0.6296296119689941,0.6296296119689941,19.0,4.991786003112793
1099,destroy,2,0.5424836874008179,0.5424836874008179,19.0,4.226126194000244
1100,detective,1,0.8536585569381714,0.8536585569381714,27.0,7.846458911895752
1101,determined,1,0.6894198060035706,0.6894198060035706,22.0,4.656940937042236
1102,develop,1,0.3650793731212616,0.3650793731212616,13.0,8.857524871826172
1103,development,1,0.4432989656925201,0.4432989656925201,15.0,15.599723815917969
1104,developmental delay,1,0.9291666746139526,0.9291666746139526,29.0,17.173267364501953
1105,device setting,1,0.9378238320350648,0.9378238320350648,29.0,3.403470516204834
1106,devil,1,0.4126984179019928,0.4126984179019928,13.0,5.792670249938965
1107,dhobi,2,0.5690650343894958,0.5690650343894958,18.5,7.054702758789063
1108,dhothi,2,0.46590909361839294,0.46590909361839294,14.5,3.0530014038085938
1109,diabeletes,1,0.8285714387893677,0.8285714387893677,26.0,2.9847543239593506
1110,diabetes,3,0.7757575909296671,0.7818182110786438,24.666666666666668,6.157607078552246
1111,diabetic,1,0.8535714149475098,0.8535714149475098,26.0,4.317429065704346
1112,diaeases,1,0.6833333373069763,0.6833333373069763,21.0,4.871957778930664
1113,diagonal,1,0.4793388545513153,0.4793388545513153,15.0,7.403514862060547
1114,diarrhea,1,0.6796116232872009,0.6796116232872009,24.0,6.505927562713623
1115,dice,1,0.529411792755127,0.529411792755127,17.0,4.509692192077637
1116,dicoty ledoneae,1,0.8153846263885498,0.8153846263885498,26.0,5.176241874694824
1117,dictionary,1,0.6170212626457214,0.6170212626457214,20.0,4.910231113433838
1118,die,3,0.5854412118593851,0.5523809790611267,18.666666666666668,4.68025541305542
1119,diesel,2,0.6329421252012253,0.6329421252012253,21.0,20.528011322021484
1120,diet,2,0.6342827379703522,0.6342827379703522,20.0,6.45808744430542
1121,difference,2,0.7068323045969009,0.7068323045969009,23.5,14.791544914245604
1122,different,1,0.2666666805744171,0.2666666805744171,8.0,4.843539237976074
1123,differential rate of interest,1,0.4848484992980957,0.4848484992980957,14.0,5.243399143218994
1124,difficult,1,0.3968254029750824,0.3968254029750824,13.0,2.122905969619751
1125,diffraction,1,0.6875,0.6875,24.0,4.6390886306762695
1126,dig,1,0.5396825671195984,0.5396825671195984,17.0,4.805238723754883
1127,digging bar,1,0.787401556968689,0.787401556968689,26.0,3.503202438354492
1128,digital electronics,1,0.6481481194496155,0.6481481194496155,21.0,4.575505256652832
1129,dim,1,0.6477272510528564,0.6477272510528564,21.0,3.847855567932129
1130,dinner,1,0.7142857313156128,0.7142857313156128,25.0,4.19017505645752
1131,diode,2,0.9411764740943909,0.9411764740943909,31.0,9.96451187133789
1132,direct,1,0.4545454680919647,0.4545454680919647,15.0,2.862403154373169
1133,direct appointment,1,0.5523809790611267,0.5523809790611267,18.0,2.8779172897338867
1134,direct current,2,0.8053097426891327,0.8053097426891327,25.5,4.413117408752441
1135,direction,1,0.5038759708404541,0.5038759708404541,22.0,25.112586975097656
1136,director,2,0.46258682012557983,0.46258682012557983,14.5,15.099531173706056
1137,dirndl  skirt,1,0.9907692074775696,0.9907692074775696,32.0,6.713525772094727
1138,dirty,2,0.4541666805744171,0.4541666805744171,14.5,4.468259811401367
1139,disability,1,0.625,0.625,19.0,4.131558418273926
1140,disabled,1,0.5133333206176758,0.5133333206176758,17.0,4.009774684906006
1141,disappear,2,0.27888889610767365,0.27888889610767365,10.0,6.371150970458984
1142,disapproval,1,0.5833333134651184,0.5833333134651184,19.0,4.987135887145996
1143,disbursement,1,0.5185185074806213,0.5185185074806213,16.0,3.541984796524048
1144,disc brake master cylinder,1,0.7544910311698914,0.7544910311698914,23.0,7.959027767181396
1145,discharge,1,0.4148148000240326,0.4148148000240326,13.0,4.67107629776001
1146,discipline,1,0.6559139490127563,0.6559139490127563,21.0,7.450093269348144
1147,disconnect,1,0.3030303120613098,0.3030303120613098,10.0,3.998449325561523
1148,discount,2,0.527937650680542,0.527937650680542,16.5,4.362427234649658
1149,discover,1,0.6283186078071594,0.6283186078071594,21.0,7.7862420082092285
1150,discretionary limit,1,0.5629629492759705,0.5629629492759705,18.0,4.505200386047363
1151,discuss,2,0.6348867118358612,0.6348867118358612,21.0,3.536044120788574
1152,disease,2,0.7067643702030182,0.7067643702030182,22.0,7.165404319763184
1153,disease control of plant,1,0.8815789222717285,0.8815789222717285,27.0,8.619636535644531
1154,diseases,1,0.675000011920929,0.675000011920929,22.0,4.999773979187012
1155,diseases and enemies of fish,1,0.7983193397521973,0.7983193397521973,25.0,4.693382740020752
1156,diseases of animals,1,0.560693621635437,0.560693621635437,17.0,4.07673454284668
1157,disguise,1,0.4000000059604645,0.4000000059604645,13.0,2.530250310897827
1158,dish,1,0.6399999856948853,0.6399999856948853,21.0,7.997640132904053
1159,dish antenna,1,0.921875,0.921875,31.0,10.005749702453612
1160,dishonoured bill,1,0.7333333492279053,0.7333333492279053,23.0,3.597009420394897
1161,dislike,1,0.7599999904632568,0.7599999904632568,24.0,4.162500858306885
1162,dismissal,1,0.3499999940395355,0.3499999940395355,11.0,4.47913932800293
1163,disobey,1,0.2592592537403106,0.2592592537403106,8.0,3.864482879638672
1164,disolution,1,0.3629629611968994,0.3629629611968994,12.0,4.685395240783691
1165,dispersion,1,0.911764681339264,0.911764681339264,32.0,6.456765174865723
1166,displacement,1,0.5731707215309143,0.5731707215309143,18.0,3.957166910171509
1167,disrespect,1,0.2752293646335602,0.2752293646335602,8.0,4.893694877624512
1168,dissent,3,0.5192187627156576,0.5048543810844421,16.333333333333332,5.486228942871094
1169,distance,3,0.4033455451329549,0.4133333265781402,12.666666666666666,6.549871444702148
1170,distance learning,1,0.3309352397918701,0.3309352397918701,10.0,3.214027404785156
1171,distribute,3,0.5148783326148987,0.5394737124443054,17.0,7.68186616897583
1172,distribution,1,0.7687074542045593,0.7687074542045593,25.0,21.6456298828125
1173,district,2,0.6329365074634552,0.6329365074634552,21.0,6.292745590209961
1174,district court,1,0.8152866363525391,0.8152866363525391,26.0,4.754661560058594
1175,district jail,1,0.582524299621582,0.582524299621582,18.0,5.667059421539307
1176,dithering,1,0.6800000071525574,0.6800000071525574,21.0,5.47140645980835
1177,divide,3,0.5313967963059744,0.5980392098426819,16.666666666666668,11.200952529907228
1178,dividend,1,0.550000011920929,0.550000011920929,15.0,5.798859596252441
1179,diving,1,0.626086950302124,0.626086950302124,20.0,6.211531639099121
1180,division,3,0.5159827371438345,0.4799999892711639,17.0,6.878473281860352
1181,divorce,1,0.6171875,0.6171875,20.0,5.956953525543213
1182,divorce petition,1,0.8214285969734192,0.8214285969734192,25.0,20.52433204650879
1183,divorcee,1,0.8287671208381653,0.8287671208381653,28.0,4.353915691375732
1184,diwali,4,0.5616666749119759,0.5800000131130219,17.5,9.465876579284668
1185,dizzy,1,0.4873949587345123,0.4873949587345123,15.0,4.411962509155273
1186,do,2,0.3629343658685684,0.3629343658685684,11.0,3.519601345062256
1187,doctor,1,0.625,0.625,19.0,4.3818464279174805
1188,document,1,0.4807692170143127,0.4807692170143127,15.0,4.923873424530029
1189,documents,1,0.4969696998596191,0.4969696998596191,15.0,4.5936360359191895
1190,documents of title,1,0.653333306312561,0.653333306312561,21.0,6.477120876312256
1191,doe,1,0.6883116960525513,0.6883116960525513,22.0,4.627674102783203
1192,dog,4,0.4394444525241852,0.42222222685813904,14.25,6.04270076751709
1193,doli in capax,1,0.7701492309570312,0.7701492309570312,24.0,5.371493339538574
1194,doll,1,0.4126984179019928,0.4126984179019928,13.0,3.355340480804444
1195,dollar,1,0.2698412835597992,0.2698412835597992,9.0,8.482218742370605
1196,dolly,1,0.885185182094574,0.885185182094574,27.0,5.523064613342285
1197,donald duck,1,0.5049505233764648,0.5049505233764648,16.0,8.567619323730469
1198,donkey,4,0.5288964137434959,0.5277777910232544,16.75,5.805708885192871
1199,door,3,0.6087230245272318,0.6531531810760498,18.666666666666668,5.510748386383057
1200,dosa,1,0.6666666865348816,0.6666666865348816,24.0,7.922352313995361
1201,double,1,0.6808510422706604,0.6808510422706604,21.0,4.557052612304688
1202,double click,1,0.4166666567325592,0.4166666567325592,13.0,5.585875034332275
1203,double entry,1,0.5733333230018616,0.5733333230018616,18.0,3.802485466003418
1204,doubt,2,0.5799756050109863,0.5799756050109863,18.0,3.906136989593506
1205,down,1,0.4799999892711639,0.4799999892711639,15.0,5.5616960525512695
1206,download,1,0.4055555462837219,0.4055555462837219,13.0,2.832674741744995
1207,draft,1,0.5974025726318359,0.5974025726318359,18.0,4.7234206199646
1208,draftsmen,1,0.3333333432674408,0.3333333432674408,12.0,9.009750366210938
1209,drainage,1,0.9200000166893004,0.9200000166893004,29.0,4.951935291290283
1210,drama,1,0.380952388048172,0.380952388048172,12.0,5.761817932128906
1211,draughtsman,1,0.726190447807312,0.726190447807312,23.0,6.678057193756104
1212,draw,2,0.5248955637216568,0.5248955637216568,17.0,6.637648105621338
1213,drawer,4,0.38220811635255814,0.38750000298023224,13.0,7.978646278381348
1214,drawing,1,0.2000000029802322,0.2000000029802322,9.0,2.6418707370758057
1215,dream,2,0.6488095223903656,0.6488095223903656,21.0,5.815468788146973
1216,dress,2,0.3578787893056869,0.3578787893056869,11.5,4.470090866088867
1217,drill bit,1,0.6382978558540344,0.6382978558540344,20.0,5.210441589355469
1218,drilling machine pedestal,1,0.5222222208976746,0.5222222208976746,16.0,6.683316707611084
1219,drink,1,0.4920634925365448,0.4920634925365448,17.0,4.71457576751709
1220,drip irrigation,1,0.8674699068069458,0.8674699068069458,27.0,7.621591091156006
1221,drive,3,0.5310976207256317,0.5448718070983887,17.0,7.288671970367432
1222,driver,2,0.44277817010879517,0.44277817010879517,13.5,2.771606683731079
1223,drizzle,1,0.7378048896789551,0.7378048896789551,23.0,5.379505157470703
1224,drop,2,0.6596825420856476,0.6596825420856476,21.5,11.265037536621094
1225,drop cap,1,0.9146341681480408,0.9146341681480408,30.0,6.362789154052734
1226,dropbox,1,0.6015037298202515,0.6015037298202515,18.0,7.03529167175293
1227,droplet,1,0.3642857074737549,0.3642857074737549,11.0,4.285994052886963
1228,dropped  armhole sleeve,1,0.3666666746139526,0.3666666746139526,11.0,3.417185068130493
1229,drown,1,0.5714285969734192,0.5714285969734192,18.0,3.4660463333129883
1230,drug,5,0.6120755672454834,0.6103895902633667,20.8,16.29460334777832
1231,drug abuse and addiction,1,0.8598130941390991,0.8598130941390991,27.0,4.244833469390869
1232,drug addiction,1,0.8219584822654724,0.8219584822654724,26.0,9.509820938110352
1233,drug overdose,1,0.7514124512672424,0.7514124512672424,24.0,5.135278224945068
1234,drum,1,0.2857142984867096,0.2857142984867096,12.0,5.009359359741211
1235,drumstick,1,0.54666668176651,0.54666668176651,17.0,5.964303970336914
1236,drunk driving,1,0.7207207083702087,0.7207207083702087,23.0,18.616167068481445
1237,drunk driving law,1,0.7245762944221497,0.7245762944221497,24.0,6.873724937438965
1238,dry,1,0.5428571701049805,0.5428571701049805,17.0,3.878356695175171
1239,dry cell,1,0.7045454382896423,0.7045454382896423,22.0,6.296646595001221
1240,dubai,3,0.4338316321372986,0.3826086819171905,14.0,4.6807942390441895
1241,duck,6,0.6301381886005402,0.6373015940189362,19.666666666666668,12.997461318969728
1242,duffle,1,0.45622119307518,0.45622119307518,15.0,4.975439071655273
1243,duplicate,1,0.6000000238418579,0.6000000238418579,20.0,4.744609355926514
1244,duranta spinosa,1,0.7651006579399109,0.7651006579399109,24.0,4.249457836151123
1245,duration,1,0.6933333277702332,0.6933333277702332,23.0,16.693201065063477
1246,durga,1,0.3650793731212616,0.3650793731212616,11.0,6.994909286499023
1247,during,2,0.452814981341362,0.452814981341362,14.5,4.902483940124512
1248,duronto express,1,0.3833333253860473,0.3833333253860473,12.0,3.895514488220215
1249,dussehra,1,0.5054945349693298,0.5054945349693298,16.0,4.713154315948486
1250,dust,1,0.5985401272773743,0.5985401272773743,19.0,4.230106830596924
1251,dustbin,2,0.5926282107830048,0.5926282107830048,19.0,6.119635581970215
1252,duster,1,0.523809552192688,0.523809552192688,17.0,2.4985039234161377
1253,dvd,1,0.3478260934352875,0.3478260934352875,11.0,4.597186088562012
1254,dwarf,1,0.7555555701255798,0.7555555701255798,23.0,3.4203991889953613
1255,dwarf ornamental hedges,1,0.9193083643913268,0.9193083643913268,28.0,6.925076961517334
1256,dysuria,1,0.7777777910232544,0.7777777910232544,25.0,4.827093601226807
1257,e office portal,1,0.7910447716712952,0.7910447716712952,26.0,5.537805080413818
1258,e-book,1,0.4886363744735718,0.4886363744735718,15.0,4.272594928741455
1259,e-mail,1,0.4666666686534881,0.4666666686534881,14.0,4.470723628997803
1260,each,2,0.3633898198604584,0.3633898198604584,11.5,3.1300361156463623
1261,eagle,2,0.6958333253860474,0.6958333253860474,24.0,5.711375713348389
1262,ear,1,0.4433962404727936,0.4433962404727936,14.0,2.023688793182373
1263,earn,2,0.41750000417232513,0.41750000417232513,13.0,6.795073986053467
1264,earth,4,0.7741531729698181,0.7443181872367859,24.5,7.093997478485107
1265,earth rammer,1,0.8937197923660278,0.8937197923660278,29.0,3.3609461784362797
1266,earthquake,2,0.4840449392795563,0.4840449392795563,15.0,6.758623123168945
1267,east,5,0.46749513149261473,0.409090906381607,15.4,7.642447471618652
1268,easter,2,0.625,0.625,20.0,6.929396629333496
1269,easy,2,0.31882643699645996,0.31882643699645996,10.0,6.8464765548706055
1270,eat,3,0.5697811345259348,0.6333333253860474,18.0,4.268992900848389
1271,echo,1,0.7727272510528564,0.7727272510528564,25.0,4.624608516693115
1272,eclipse,4,0.4599561393260956,0.4599122852087021,15.25,6.120078086853027
1273,economic,1,0.3400000035762787,0.3400000035762787,16.0,4.517735004425049
1274,economic importance of fish in india,1,0.7320754528045654,0.7320754528045654,23.0,4.687168598175049
1275,economics,2,0.48836930096149445,0.48836930096149445,14.5,5.305222034454346
1276,eczema,1,0.7419354915618896,0.7419354915618896,23.0,3.493597984313965
1277,edge,1,0.6336633563041687,0.6336633563041687,19.0,12.232196807861328
1278,edit,2,0.707422286272049,0.707422286272049,22.0,5.5268731117248535
1279,education,2,0.6599999964237213,0.6599999964237213,22.0,4.736006736755371
1280,egg,2,0.5277777910232544,0.5277777910232544,17.5,4.18985652923584
1281,eggplant,1,0.3037036955356598,0.3037036955356598,9.0,3.388425827026367
1282,egypt,2,0.5665665566921234,0.5665665566921234,19.0,3.0633935928344727
1283,eight,1,0.5104166865348816,0.5104166865348816,16.0,2.671302318572998
1284,eighteen,1,0.4324324429035187,0.4324324429035187,14.0,2.766954183578491
1285,el salvador,1,0.2560975551605224,0.2560975551605224,9.0,4.392176151275635
1286,elastic,1,0.371841162443161,0.371841162443161,11.0,6.827233791351318
1287,elbow,2,0.6904762089252472,0.6904762089252472,22.5,7.109858512878418
1288,elder brother,1,0.782608687877655,0.782608687877655,26.0,2.114694356918335
1289,election,2,0.5264037549495697,0.5264037549495697,17.5,8.24377155303955
1290,electric appliances,1,0.75,0.75,24.0,6.126976013183594
1291,electric bike,1,0.849372386932373,0.849372386932373,26.0,5.603224277496338
1292,electric bus,1,0.8006430864334106,0.8006430864334106,25.0,5.713800430297852
1293,electric car,1,0.7316017150878906,0.7316017150878906,23.0,6.519610404968262
1294,electric charge,1,0.6808510422706604,0.6808510422706604,22.0,8.421257972717285
1295,electric tester,1,0.6708074808120728,0.6708074808120728,21.0,3.9098381996154794
1296,electrical burns,1,0.7303921580314636,0.7303921580314636,23.0,5.466555118560791
1297,electrical energy,1,0.7850467562675476,0.7850467562675476,26.0,1.9716367721557615
1298,electrical engineering,1,0.6530612111091614,0.6530612111091614,21.0,5.109124660491943
1299,electrical leakage,1,0.8606557250022888,0.8606557250022888,27.0,4.780471324920654
1300,electrical service,1,0.625,0.625,20.0,5.117361545562744
1301,electrical tester,1,0.7428571581840515,0.7428571581840515,24.0,2.016763210296631
1302,electrician,3,0.5021060407161713,0.4814814925193786,16.0,6.314672470092773
1303,electricity,1,0.3658536672592163,0.3658536672592163,12.0,3.758410215377808
1304,electrode,2,0.48059405386447906,0.48059405386447906,15.5,27.362621307373047
1305,electrolyte,1,0.5946969985961914,0.5946969985961914,19.0,9.469756126403809
1306,electromagnet,1,0.8068181872367859,0.8068181872367859,25.0,12.728358268737791
1307,electromagnetic wave,1,0.8472222089767456,0.8472222089767456,29.0,7.799142360687256
1308,electron,1,0.5492957830429077,0.5492957830429077,16.0,4.177521228790283
1309,electronics,1,1.0,1.0,32.0,11.38056182861328
1310,elephant,4,0.3883904442191124,0.39444445073604584,12.25,4.840302467346191
1311,eletronegative force,1,0.702479362487793,0.702479362487793,22.0,3.792497396469116
1312,elevated plot,1,0.702479362487793,0.702479362487793,22.0,8.372734069824219
1313,elevation,1,0.9180327653884888,0.9180327653884888,29.0,6.772332191467285
1314,elevator,1,0.7594936490058899,0.7594936490058899,24.0,6.440814971923828
1315,eleven,1,0.3764705955982208,0.3764705955982208,12.0,2.507260799407959
1316,ellipse tool,1,0.8362832069396973,0.8362832069396973,27.0,14.690925598144531
1317,email,1,0.5408163070678711,0.5408163070678711,17.0,3.7325689792633057
1318,embarrass,2,0.5020917057991028,0.5020917057991028,16.0,5.979301929473877
1319,embroidery,2,0.5131645500659943,0.5131645500659943,16.0,4.197434425354004
1320,embryonic development,1,0.9139785170555116,0.9139785170555116,29.0,4.08849573135376
1321,emergency,2,0.4583333283662796,0.4583333283662796,15.5,5.069644927978516
1322,emergency medical technician,1,0.8039215803146362,0.8039215803146362,26.0,4.757393836975098
1323,emoluments,1,0.3416666686534881,0.3416666686534881,12.0,4.566997051239014
1324,emphasize,1,0.6969696879386902,0.6969696879386902,22.0,4.442583084106445
1325,employment,1,0.4466666579246521,0.4466666579246521,17.0,4.869482040405273
1326,empowerment,1,0.6800000071525574,0.6800000071525574,21.0,4.13265323638916
1327,empty,1,0.4000000059604645,0.4000000059604645,13.0,5.9681782722473145
1328,encashment,1,0.5575757622718811,0.5575757622718811,18.0,5.7012224197387695
1329,enclosure,1,0.422222226858139,0.422222226858139,14.0,5.280064105987549
1330,encourage,2,0.5714285969734192,0.5714285969734192,18.0,5.753149509429932
1331,end use,1,0.3499999940395355,0.3499999940395355,14.0,5.3184661865234375
1332,endorsement,1,0.6074073910713196,0.6074073910713196,21.0,2.314901351928711
1333,endure,2,0.46084336936473846,0.46084336936473846,14.5,5.358500003814697
1334,enemy,3,0.6381574471791586,0.675000011920929,21.333333333333332,7.916358947753906
1335,energetic,2,0.6737677752971649,0.6737677752971649,21.0,6.598938941955566
1336,energy,1,0.3145161271095276,0.3145161271095276,10.0,2.124908685684204
1337,energy meter,1,0.4333333373069763,0.4333333373069763,13.0,3.3681952953338623
1338,energymeter,1,0.5441176295280457,0.5441176295280457,21.0,5.589681148529053
1339,engagement,2,0.6676866114139557,0.6676866114139557,21.0,5.322976112365723
1340,engine,4,0.6019900664687157,0.6235993802547455,20.25,6.772255897521973
1341,engineer,2,0.48085470497608185,0.48085470497608185,15.0,4.236788272857666
1342,engineering compass,1,0.6577380895614624,0.6577380895614624,21.0,4.928647518157959
1343,engineering scale,1,0.7015384435653687,0.7015384435653687,21.0,6.959776878356934
1344,england,2,0.49936215579509735,0.49936215579509735,16.0,4.3279876708984375
1345,english,2,0.549474447965622,0.549474447965622,17.5,5.260537624359131
1346,enjoy,3,0.5312544306119283,0.5079365372657776,16.666666666666668,4.928081512451172
1347,enough,2,0.47003744542598724,0.47003744542598724,14.5,3.887895107269287
1348,enquiry,1,0.3583333194255829,0.3583333194255829,12.0,5.440355777740479
1349,entertainment,1,0.460317462682724,0.460317462682724,15.0,4.556003093719482
1350,envelope,1,0.3333333432674408,0.3333333432674408,10.0,3.0520007610321045
1351,environment,3,0.5644005835056305,0.5833333134651184,17.666666666666668,3.9233381748199454
1352,environmental pollution,1,0.6820809245109558,0.6820809245109558,21.0,6.50263261795044
1353,epaulet,1,0.2453703731298446,0.2453703731298446,8.0,2.2160134315490723
1354,epistaxis,1,0.5657894611358643,0.5657894611358643,18.0,5.0777082443237305
1355,equal,2,0.801075279712677,0.801075279712677,26.0,8.316307067871094
1356,equation,1,0.931818187236786,0.931818187236786,32.0,6.017704010009766
1357,equator,2,0.7506119012832642,0.7506119012832642,24.0,9.505555152893066
1358,eraser,1,0.4264705777168274,0.4264705777168274,14.0,6.605507373809815
1359,erect,1,0.6470588445663452,0.6470588445663452,23.0,2.366405963897705
1360,ernission,1,0.7752808928489685,0.7752808928489685,27.0,32.01213073730469
1361,error of omission,1,0.7752808928489685,0.7752808928489685,27.0,32.01213073730469
1362,escape,4,0.461088128387928,0.42831262946128845,14.25,3.74796724319458
1363,essay,1,0.5113636255264282,0.5113636255264282,16.0,3.9873361587524414
1364,essel world,1,0.5981308221817017,0.5981308221817017,18.0,4.6331305503845215
1365,establish,1,0.5474452376365662,0.5474452376365662,17.0,3.691314220428467
1366,establishment,1,0.4370370507240295,0.4370370507240295,16.0,9.4186372756958
1367,estimate,1,0.5142857432365417,0.5142857432365417,18.0,4.757466793060303
1368,ethics,2,0.6193053126335144,0.6193053126335144,20.0,9.418648719787598
1369,europe,2,0.591054767370224,0.591054767370224,18.0,6.417113304138184
1370,evening,5,0.5808205246925354,0.5555555820465088,18.2,5.983229637145996
1371,event,1,0.4607843160629272,0.4607843160629272,15.0,5.958054065704346
1372,every time,1,0.3636363744735718,0.3636363744735718,13.0,2.8630332946777344
1373,everyday,1,0.3571428656578064,0.3571428656578064,15.0,2.370580673217773
1374,evil,1,0.3775510191917419,0.3775510191917419,13.0,3.516854286193848
1375,ewe,1,0.7625570893287659,0.7625570893287659,23.0,5.474231719970703
1376,exam,1,0.4926470518112182,0.4926470518112182,15.0,3.573000907897949
1377,examination,2,0.5400000065565109,0.5400000065565109,18.0,4.937014579772949
1378,examine,1,0.4666666686534881,0.4666666686534881,15.0,4.34984827041626
1379,example,1,0.6288659572601318,0.6288659572601318,20.0,2.581214904785156
1380,excavation,1,0.8611111044883728,0.8611111044883728,28.0,6.542224407196045
1381,exchange,1,0.380952388048172,0.380952388048172,13.0,7.389504432678223
1382,exchange foreign,1,0.3666666746139526,0.3666666746139526,12.0,4.22471809387207
1383,exchange positions,1,0.5051546096801758,0.5051546096801758,16.0,4.719174385070801
1384,excited,1,0.3505154550075531,0.3505154550075531,11.0,2.9698169231414795
1385,exclude,1,0.4245283007621765,0.4245283007621765,14.0,7.71994686126709
1386,excuse,1,0.6141732335090637,0.6141732335090637,19.0,7.470988750457764
1387,excuse me,1,0.3555555641651153,0.3555555641651153,11.0,2.2924015522003174
1388,exemption,1,0.4952380955219269,0.4952380955219269,16.0,5.976399898529053
1389,exercise,3,0.5843621293703715,0.6111111044883728,18.333333333333332,6.360922336578369
1390,exhaust pump,1,0.3814432919025421,0.3814432919025421,14.0,4.250421524047852
1391,exotic sheep,1,0.8033707737922668,0.8033707737922668,25.0,5.799122333526611
1392,expansion,2,0.385519802570343,0.385519802570343,12.0,4.851716041564941
1393,expenditure,1,0.3833333253860473,0.3833333253860473,13.0,3.8606786727905273
1394,expensive,4,0.5377742946147919,0.5206896513700485,16.75,4.9096269607543945
1395,experience,1,0.6399999856948853,0.6399999856948853,20.0,4.264798164367676
1396,experiment,4,0.44853413105010986,0.4695970714092254,15.0,7.902579307556152
1397,expert,1,0.4833333194255829,0.4833333194255829,16.0,5.2226972579956055
1398,expertise,1,0.4375,0.4375,15.0,4.950870037078857
1399,expiry,2,0.29822835326194763,0.29822835326194763,10.0,4.925063133239746
1400,explain,4,0.5586813315749168,0.5148718059062958,18.75,7.136866092681885
1401,exporting graphics,1,0.8914285898208618,0.8914285898208618,28.0,5.347801208496094
1402,express,2,0.7243455052375793,0.7243455052375793,23.0,6.40783166885376
1403,express train,1,0.4027777910232544,0.4027777910232544,13.0,2.9164910316467285
1404,extend,1,0.4519230723381042,0.4519230723381042,14.0,4.472467422485352
1405,extension counter,1,0.5444444417953491,0.5444444417953491,20.0,3.502126693725586
1406,extermal combustion engine,1,0.8260869383811951,0.8260869383811951,30.0,3.649901151657105
1407,external,1,0.3297872245311737,0.3297872245311737,12.0,2.6533281803131104
1408,external parasite,1,0.8705882430076599,0.8705882430076599,27.0,7.82737922668457
1409,extinct,2,0.44433812797069544,0.44433812797069544,13.5,5.6000261306762695
1410,extra,1,0.4807692170143127,0.4807692170143127,16.0,4.428110599517822
1411,extrahepatic,1,0.6052631735801697,0.6052631735801697,19.0,4.675597667694092
1412,eye,2,0.6038461625576019,0.6038461625576019,19.5,2.596458911895752
1413,eyebrow,1,0.3689320385456085,0.3689320385456085,11.0,2.090686559677124
1414,face,2,0.41005292534828186,0.41005292534828186,14.0,4.359292984008789
1415,face value,1,0.4095238149166107,0.4095238149166107,15.0,2.699648380279541
1416,facsimile signature,1,0.5047619342803955,0.5047619342803955,16.0,4.187623023986816
1417,factorisation,1,0.6577380895614624,0.6577380895614624,20.0,4.202838897705078
1418,factory,2,0.7058823704719543,0.7058823704719543,22.0,6.394217014312744
1419,fail,1,0.7866666913032532,0.7866666913032532,27.0,8.861518859863281
1420,faith,2,0.5166666805744171,0.5166666805744171,16.5,2.7973737716674805
1421,fake,1,0.4000000059604645,0.4000000059604645,13.0,3.218158721923828
1422,fall,1,0.4126984179019928,0.4126984179019928,14.0,5.091205596923828
1423,false,4,0.4577777832746506,0.43888890743255615,14.75,4.293317317962647
1424,false flooring,1,0.8585366010665894,0.8585366010665894,28.0,3.4972357749938965
1425,family,2,0.6259259283542633,0.6259259283542633,21.0,8.180938720703125
1426,family court,1,0.8640226721763611,0.8640226721763611,28.0,5.521206855773926
1427,family tree,1,0.804804801940918,0.804804801940918,25.0,5.639529705047607
1428,famous,2,0.6199999749660492,0.6199999749660492,20.0,4.839580059051514
1429,fan,2,0.577777773141861,0.577777773141861,18.5,7.401023864746094
1430,far,2,0.5066666752099991,0.5066666752099991,16.5,6.062172889709473
1431,fare,1,0.4416666626930237,0.4416666626930237,13.0,2.228265285491944
1432,farm,1,0.5714285969734192,0.5714285969734192,19.0,3.288294792175293
1433,farmer,1,0.5714285969734192,0.5714285969734192,20.0,4.192706108093262
1434,fast,1,0.3600000143051147,0.3600000143051147,11.0,5.776950836181641
1435,fast growing temporary hedges,1,0.8835616707801819,0.8835616707801819,27.0,8.572423934936523
1436,fast track court,1,0.8461538553237915,0.8461538553237915,26.0,4.925605297088623
1437,fat,1,0.54666668176651,0.54666668176651,18.0,4.562530517578125
1438,fat test of milk,1,0.8581560254096985,0.8581560254096985,27.0,5.810601711273193
1439,father,2,0.6481481492519379,0.6481481492519379,21.5,5.137327194213867
1440,father-in-law,2,0.6833333373069763,0.6833333373069763,21.5,7.657384395599365
1441,faucet aerator,1,0.8163265585899353,0.8163265585899353,25.0,5.087648868560791
1442,fax,1,0.3636363744735718,0.3636363744735718,13.0,5.087662696838379
1443,fear,2,0.45396825671195984,0.45396825671195984,14.5,5.5594801902771
1444,feather,2,0.6555555760860443,0.6555555760860443,20.5,5.450733661651611
1445,february,2,0.49937108159065247,0.49937108159065247,16.5,6.016453266143799
1446,feed,1,0.3866666555404663,0.3866666555404663,12.0,5.8672637939453125
1447,feel,2,0.45238097012043,0.45238097012043,14.0,4.498946189880371
1448,festivals,1,0.523809552192688,0.523809552192688,17.0,6.96942138671875
1449,fever,1,0.3694267570972442,0.3694267570972442,11.0,2.128877878189087
1450,few,2,0.5061050206422806,0.5061050206422806,16.0,6.063739776611328
1451,field,2,0.5359649211168289,0.5359649211168289,18.0,8.429512977600098
1452,fight,1,0.60317462682724,0.60317462682724,21.0,2.9845616817474365
1453,figure,1,0.4380952417850494,0.4380952417850494,14.0,3.752016544342041
1454,filament,2,0.804326057434082,0.804326057434082,27.0,8.56495189666748
1455,file,2,0.3363858461380005,0.3363858461380005,10.0,5.850860118865967
1456,fill,1,0.6349206566810608,0.6349206566810608,22.0,3.872948408126831
1457,film,2,0.6066919267177582,0.6066919267177582,20.5,5.748566150665283
1458,filter pump,1,0.5230769515037537,0.5230769515037537,19.0,3.227696895599365
1459,final,1,0.6891891956329346,0.6891891956329346,23.0,5.321263313293457
1460,final accounts,1,0.3400000035762787,0.3400000035762787,12.0,5.854445934295654
1461,finance,1,0.6095238327980042,0.6095238327980042,20.0,5.899405479431152
1462,financial year,1,0.4777777791023254,0.4777777791023254,17.0,4.573864459991455
1463,fine,3,0.6022068659464518,0.7204301357269287,19.666666666666668,9.231284141540527
1464,fingerprints,1,0.927419364452362,0.927419364452362,29.0,4.772107601165772
1465,fingers,2,0.6200000047683716,0.6200000047683716,20.5,12.4429349899292
1466,fingerspell,1,0.6511628031730652,0.6511628031730652,20.0,4.648295879364014
1467,finish,3,0.44882548848787945,0.4199999868869781,14.666666666666666,5.010979652404785
1468,fire,2,0.6600000262260437,0.6600000262260437,21.0,4.694707870483398
1469,first charge,1,0.4476190507411957,0.4476190507411957,13.0,3.957465648651123
1470,first coat,1,0.8777292370796204,0.8777292370796204,27.0,4.702674865722656
1471,first floor,2,0.6000000089406967,0.6000000089406967,20.5,11.254121780395508
1472,fish,2,0.47222222387790674,0.47222222387790674,15.0,3.267119646072388
1473,fish as a food of cattle,1,0.8086419701576233,0.8086419701576233,26.0,6.448326587677002
1474,fish as a human food,1,0.7836538553237915,0.7836538553237915,25.0,8.742226600646973
1475,fish food,1,0.6796537041664124,0.6796537041664124,22.0,5.158581256866455
1476,fisher man,1,0.5866666436195374,0.5866666436195374,19.0,5.1808013916015625
1477,fishing for games,1,0.8559321761131287,0.8559321761131287,27.0,8.171730041503906
1478,fishing net,1,0.6800000071525574,0.6800000071525574,22.0,6.512646675109863
1479,five,1,0.4455445408821106,0.4455445408821106,14.0,3.307143449783325
1480,five hundred,1,0.483146071434021,0.483146071434021,15.0,2.8802642822265625
1481,fixed asset,1,0.2820512950420379,0.2820512950420379,9.0,4.387983798980713
1482,fixed deposit,1,0.4024390280246734,0.4024390280246734,13.0,3.175143957138061
1483,fixed rate,1,0.4476190507411957,0.4476190507411957,14.0,4.774972438812256
1484,flag,1,0.8533333539962769,0.8533333539962769,29.0,13.192086219787598
1485,flat,1,0.3968254029750824,0.3968254029750824,14.0,5.849109172821045
1486,flat belt,1,0.6206896305084229,0.6206896305084229,19.0,4.478106021881104
1487,flat gardens,1,0.7946767807006836,0.7946767807006836,25.0,6.433994770050049
1488,flatfoot,1,0.7698113322257996,0.7698113322257996,24.0,5.340812206268311
1489,flatulence,1,0.8166666626930237,0.8166666626930237,25.0,5.588272571563721
1490,flexible,1,0.4133333265781402,0.4133333265781402,13.0,4.02140474319458
1491,float,2,0.6708807349205017,0.6708807349205017,21.5,6.404958724975586
1492,floating plants,1,0.9030100107192992,0.9030100107192992,29.0,5.007851123809815
1493,flood,2,0.6050000190734863,0.6050000190734863,20.0,8.403932571411133
1494,floor,2,0.2958333343267441,0.2958333343267441,8.0,5.017196178436279
1495,flooring,1,0.8432432413101196,0.8432432413101196,27.0,7.617936134338379
1496,floppy,1,0.6477272510528564,0.6477272510528564,22.0,4.458777904510498
1497,floppy disk,1,0.3986014127731323,0.3986014127731323,13.0,2.4326672554016118
1498,floppy drive,1,0.5253164768218994,0.5253164768218994,16.0,2.712611675262451
1499,floriculture,1,0.9267399311065674,0.9267399311065674,29.0,8.642692565917969
1500,flounce  hem,1,0.4819944500923157,0.4819944500923157,14.0,4.775715827941895
1501,flouresence,1,0.5925925970077515,0.5925925970077515,20.0,2.6302082538604736
1502,flower,2,0.5799999833106995,0.5799999833106995,18.5,4.020975589752197
1503,flower for beautification,1,0.8716577291488647,0.8716577291488647,28.0,5.219859600067139
1504,flower for controlling soil erosion,1,0.9692307710647584,0.9692307710647584,31.0,8.258329391479492
1505,flower for exhibition,1,0.90625,0.90625,29.0,6.77577018737793
1506,flower for medical importance,1,0.8220338821411133,0.8220338821411133,26.0,13.331366539001465
1507,flower for recreation,1,0.8727272748947144,0.8727272748947144,27.0,8.649043083190918
1508,flowering hedges,1,0.8908296823501587,0.8908296823501587,28.0,6.781120777130127
1509,flowers for pot,1,0.7684210538864136,0.7684210538864136,25.0,5.781575202941895
1510,fluctuation,1,0.5333333611488342,0.5333333611488342,17.0,5.951178550720215
1511,fluid pressure,1,0.3272727131843567,0.3272727131843567,12.0,3.8717193603515625
1512,flush door,1,0.8842975497245789,0.8842975497245789,27.0,6.839982986450195
1513,flute,2,0.5381057411432266,0.5381057411432266,17.5,4.063074588775635
1514,fluted  pleats,1,0.449404776096344,0.449404776096344,14.0,3.5924558639526367
1515,fly,1,0.410256415605545,0.410256415605545,13.0,2.5990874767303467
1516,focal length,1,0.837837815284729,0.837837815284729,26.0,3.782588481903076
1517,fog,1,0.4749999940395355,0.4749999940395355,15.0,4.200372219085693
1518,folder,1,0.6477272510528564,0.6477272510528564,20.0,3.044346570968628
1519,folio,1,0.6000000238418579,0.6000000238418579,19.0,5.375409126281738
1520,follow,3,0.5294688642024994,0.5199999809265137,16.666666666666668,4.344404220581055
1521,font weight,1,0.8427672982215881,0.8427672982215881,27.0,5.231762886047363
1522,food,2,0.5753968358039856,0.5753968358039856,19.5,2.4189884662628174
1523,fool,1,0.682539701461792,0.682539701461792,22.0,6.582835674285889
1524,foolish,1,0.5069444179534912,0.5069444179534912,16.0,3.7076897621154794
1525,foot,2,0.550000011920929,0.550000011920929,17.0,5.369650840759277
1526,foot body part,1,0.6290322542190552,0.6290322542190552,20.0,9.31445598602295
1527,footage,1,0.8132780194282532,0.8132780194282532,26.0,5.042689323425293
1528,football,1,0.6000000238418579,0.6000000238418579,21.0,9.996882438659668
1529,footpath,1,0.8068181872367859,0.8068181872367859,27.0,4.730799674987793
1530,force,3,0.42961302399635315,0.4172661900520324,14.666666666666666,3.5954151153564453
1531,forehead,1,0.4311926662921905,0.4311926662921905,14.0,2.86883544921875
1532,foreign,1,0.2583333253860473,0.2583333253860473,8.0,4.042921543121338
1533,forest,1,0.6280992031097412,0.6280992031097412,21.0,5.219974040985107
1534,forever,1,0.4642857015132904,0.4642857015132904,14.0,3.780364751815796
1535,forged,1,0.3833333253860473,0.3833333253860473,12.0,3.23696517944336
1536,forget,2,0.635655403137207,0.635655403137207,20.0,4.247707366943359
1537,forgive,1,0.2410256415605545,0.2410256415605545,8.0,2.60395622253418
1538,fork,1,0.3867924511432647,0.3867924511432647,12.0,3.385493278503418
1539,form,5,0.3989558219909668,0.4277777671813965,13.0,5.138337135314941
1540,format,2,0.8672339618206024,0.8672339618206024,27.5,8.726243019104004
1541,former,1,0.3109243810176849,0.3109243810176849,10.0,1.998157978057861
1542,formula,1,1.0,1.0,32.0,5.754269123077393
1543,fornication,1,0.8490028381347656,0.8490028381347656,26.0,5.82079029083252
1544,fossll fueis,1,0.9658119678497314,0.9658119678497314,31.0,3.3647449016571045
1545,foundation,1,0.8931623697280884,0.8931623697280884,28.0,6.259458541870117
1546,foundation organization,1,0.2424242496490478,0.2424242496490478,8.0,4.038014888763428
1547,four,1,0.4636363685131073,0.4636363685131073,14.0,4.658504009246826
1548,four cricket,1,0.4137931168079376,0.4137931168079376,13.0,8.142193794250488
1549,fourteen,1,0.4166666567325592,0.4166666567325592,13.0,3.617485284805298
1550,fox,2,0.4999086707830429,0.4999086707830429,16.0,9.66758918762207
1551,france,2,0.3297916650772095,0.3297916650772095,11.0,11.775663375854492
1552,frank,1,0.4399999976158142,0.4399999976158142,15.0,4.2538251876831055
1553,fraud,1,0.2000000029802322,0.2000000029802322,10.0,3.433312177658081
1554,fray  edges,1,0.460317462682724,0.460317462682724,15.0,4.103350639343262
1555,free,2,0.4880184382200241,0.4880184382200241,15.5,4.508612632751465
1556,freexing,1,0.8205128312110901,0.8205128312110901,29.0,9.019143104553224
1557,freeze,2,0.6943885684013367,0.6943885684013367,23.0,3.730752944946289
1558,freezing,1,0.932624101638794,0.932624101638794,29.0,4.635424137115479
1559,frequency,1,0.790123462677002,0.790123462677002,26.0,5.85273027420044
1560,fresh,2,0.4388311803340912,0.4388311803340912,14.0,10.985801696777344
1561,frictional force,1,0.5675675868988037,0.5675675868988037,21.0,3.2052271366119385
1562,friday,9,0.4650563597679138,0.4666666686534881,15.444444444444445,6.274832725524902
1563,friend,3,0.5142718454202017,0.5743944644927979,16.666666666666668,7.686863899230957
1564,frisbee,1,0.587837815284729,0.587837815284729,18.0,5.230192184448242
1565,froage crops,1,0.7871148586273193,0.7871148586273193,25.0,8.390898704528809
1566,frock,1,0.6399999856948853,0.6399999856948853,20.0,9.71212100982666
1567,frog,4,0.5138889029622078,0.5388889014720917,17.0,8.974896430969238
1568,from,1,0.5199999809265137,0.5199999809265137,16.0,4.806273460388184
1569,fruit disease,1,0.941747546195984,0.941747546195984,30.0,6.461971282958984
1570,fruits,2,0.5044021159410477,0.5044021159410477,16.0,9.444268226623535
1571,frustrate,1,0.5363636612892151,0.5363636612892151,17.0,3.771294116973877
1572,fry,1,0.3968254029750824,0.3968254029750824,13.0,5.527200698852539
1573,fryers,1,0.7310924530029297,0.7310924530029297,23.0,3.4999923706054688
1574,full,3,0.37159137924512226,0.3846153914928436,11.333333333333334,8.948287963867188
1575,full frame,1,0.9037901163101196,0.9037901163101196,28.0,5.043341159820557
1576,full moon day,2,0.7158849537372589,0.7158849537372589,22.5,7.789862632751465
1577,full stomach,2,0.4133177548646927,0.4133177548646927,13.0,5.311132907867432
1578,fumiture,1,0.4133333265781402,0.4133333265781402,16.0,3.296901226043701
1579,fund,1,0.4111111164093017,0.4111111164093017,14.0,4.673706531524658
1580,funding,1,0.5866666436195374,0.5866666436195374,19.0,8.003180503845215
1581,funds,1,0.4251968562602997,0.4251968562602997,13.0,3.621170997619629
1582,funeral,2,0.7292629480361938,0.7292629480361938,23.5,3.9028000831604
1583,funeral cremation,1,0.4841269850730896,0.4841269850730896,15.0,7.173020839691162
1584,funeral pyre,1,0.6880000233650208,0.6880000233650208,21.0,3.1873931884765625
1585,funnel  neck,1,0.3580785989761352,0.3580785989761352,11.0,5.825109004974365
1586,funny,3,0.49180327852567035,0.4754098355770111,15.333333333333334,10.10828685760498
1587,fuse,1,0.6666666865348816,0.6666666865348816,22.0,2.863328218460083
1588,future,1,0.470085471868515,0.470085471868515,15.0,3.453418016433716
1589,galaxy,1,0.7517730593681335,0.7517730593681335,25.0,7.257784843444824
1590,galvanometer,1,0.7039999961853027,0.7039999961853027,22.0,14.822426795959473
1591,games,1,0.7460317611694336,0.7460317611694336,27.0,3.878919839859009
1592,gamma ray,1,0.6936936974525452,0.6936936974525452,23.0,5.839280605316162
1593,ganapathi,1,0.4666666686534881,0.4666666686534881,15.0,2.1919422149658203
1594,gandhinagar,1,0.5,0.5,16.0,2.8428587913513184
1595,gang box,1,0.5422885417938232,0.5422885417938232,17.0,4.068146228790283
1596,gangtok,1,0.4444444477558136,0.4444444477558136,13.0,2.949104070663452
1597,garage,1,0.5629629492759705,0.5629629492759705,18.0,2.620431900024414
1598,garage door opener,1,0.7416666746139526,0.7416666746139526,23.0,4.1781744956970215
1599,garden,2,0.3905945420265198,0.3905945420265198,12.5,3.847180366516113
1600,gardener,2,0.5756140351295471,0.5756140351295471,19.5,8.486616134643555
1601,garib rath express,1,0.4166666567325592,0.4166666567325592,14.0,5.442066192626953
1602,garlic,2,0.5175806432962418,0.5175806432962418,16.5,5.646281719207764
1603,gas,1,0.678260862827301,0.678260862827301,25.0,5.2060546875
1604,gas equation,1,0.9457364082336426,0.9457364082336426,30.0,8.960774421691895
1605,gas lighter,1,0.3391304314136505,0.3391304314136505,10.0,6.624110698699951
1606,gas pipe,1,0.8282208442687988,0.8282208442687988,26.0,9.326467514038086
1607,gas stove,4,0.505972221493721,0.5174999833106995,16.0,7.499143600463867
1608,gas tractor,1,0.659217894077301,0.659217894077301,21.0,6.092590808868408
1609,gate,3,0.4942680795987447,0.4888888895511627,16.666666666666668,3.9543299674987793
1610,gazette,1,0.5703703761100769,0.5703703761100769,18.0,7.506326675415039
1611,general,1,0.6000000238418579,0.6000000238418579,19.0,5.559809684753418
1612,general ladger,1,0.4250000119209289,0.4250000119209289,14.0,4.988729953765869
1613,general secretary,1,0.4199999868869781,0.4199999868869781,14.0,5.049914836883545
1614,generator,2,0.5183434784412384,0.5183434784412384,17.0,5.138256549835205
1615,genius,1,0.6000000238418579,0.6000000238418579,19.0,6.132905960083008
1616,genuine,2,0.32564103603363037,0.32564103603363037,10.5,3.26877760887146
1617,geodetic survey,1,0.8086419701576233,0.8086419701576233,26.0,5.701668739318848
1618,geodetic surveying,1,0.817365288734436,0.817365288734436,26.0,5.390594959259033
1619,geography,2,0.6388198733329773,0.6388198733329773,20.5,4.757333755493164
1620,geometry,1,0.5113636255264282,0.5113636255264282,16.0,4.8470377922058105
1621,georgia,1,0.574999988079071,0.574999988079071,18.0,7.349358558654785
1622,geothermal energy,1,0.8510638475418091,0.8510638475418091,29.0,6.39589786529541
1623,german measles rubella,1,0.6140350699424744,0.6140350699424744,19.0,4.94317626953125
1624,germany,2,0.4452921003103256,0.4452921003103256,14.5,6.520177364349365
1625,germination,1,0.7558528184890747,0.7558528184890747,24.0,5.0434675216674805
1626,get,1,0.3499999940395355,0.3499999940395355,11.0,2.2380294799804688
1627,get up,1,0.6153846383094788,0.6153846383094788,19.0,6.56687068939209
1628,geyser,1,0.7952755689620972,0.7952755689620972,27.0,6.4501142501831055
1629,ghana,1,0.5675675868988037,0.5675675868988037,17.0,6.229942798614502
1630,ghee,1,0.6507936716079712,0.6507936716079712,23.0,4.606348991394043
1631,ghost,1,0.3174603283405304,0.3174603283405304,10.0,4.590561866760254
1632,gift,1,0.449999988079071,0.449999988079071,15.0,3.269998788833618
1633,giga byte,1,0.5064102411270142,0.5064102411270142,15.0,7.324696540832519
1634,ginger,3,0.4948032697041829,0.4455445408821106,16.0,5.69984769821167
1635,gionee,1,0.3650793731212616,0.3650793731212616,11.0,2.9951272010803223
1636,giraffe,2,0.4799999892711639,0.4799999892711639,16.5,4.680363655090332
1637,girl,3,0.6376376450061798,0.7111111283302307,20.666666666666668,5.686260223388672
1638,girlfriend,1,0.5,0.5,16.0,4.715453624725342
1639,give,1,0.2539682686328888,0.2539682686328888,9.0,5.345468044281006
1640,glass,4,0.4977014437317848,0.5047619193792343,15.5,6.223671913146973
1641,glass block,1,0.6150234937667847,0.6150234937667847,20.0,4.915521144866943
1642,glass bod,1,0.8160919547080994,0.8160919547080994,26.0,7.601834774017334
1643,glass cutter,1,0.7956656217575073,0.7956656217575073,25.0,4.369378089904785
1644,glass stab,1,0.852173924446106,0.852173924446106,27.0,12.66096305847168
1645,globe,1,0.8383838534355164,0.8383838534355164,28.0,10.660667419433594
1646,gloves,4,0.5091666728258133,0.49666666984558105,16.25,7.314377784729004
1647,glue,1,0.4473684132099151,0.4473684132099151,14.0,2.993821382522583
1648,glue gun,1,0.6943699717521667,0.6943699717521667,21.0,5.249532699584961
1649,go,2,0.47858230769634247,0.47858230769634247,16.0,7.873556137084961
1650,go air,1,0.375,0.375,12.0,2.6334779262542725
1651,goa,3,0.4776936074097951,0.5151515007019043,15.666666666666666,5.232603549957275
1652,goal,2,0.6086691170930862,0.6086691170930862,20.0,4.299424171447754
1653,goat,6,0.5111047625541687,0.6000000238418579,16.0,5.111453533172607
1654,god,1,0.5079365372657776,0.5079365372657776,16.0,4.570588111877441
1655,godet,1,0.247023805975914,0.247023805975914,8.0,5.567656993865967
1656,gold,4,0.5610200613737106,0.4831501990556717,18.25,8.936788558959961
1657,golden temple,1,0.6194690465927124,0.6194690465927124,20.0,3.40095591545105
1658,goldfish,1,0.5384615659713745,0.5384615659713745,17.0,5.556647777557373
1659,golf,1,0.4322033822536468,0.4322033822536468,13.0,5.963566303253174
1660,good,6,0.515321726600329,0.5369731783866882,16.333333333333332,8.532151222229004
1661,good afternoon,1,0.5487805008888245,0.5487805008888245,18.0,2.804329872131348
1662,good morning,1,0.4945054948329925,0.4945054948329925,15.0,3.231673002243042
1663,good night,1,0.6578947305679321,0.6578947305679321,21.0,7.000192642211914
1664,goodbye,1,0.4444444477558136,0.4444444477558136,14.0,2.353302478790283
1665,goods,1,0.3722222149372101,0.3722222149372101,13.0,4.974868774414063
1666,goods retumed,1,0.6095238327980042,0.6095238327980042,21.0,5.890353202819824
1667,google chat,1,0.6474820375442505,0.6474820375442505,20.0,3.395249605178833
1668,google map,1,0.4147465527057647,0.4147465527057647,13.0,4.382287979125977
1669,google pay,1,0.7341772317886353,0.7341772317886353,23.0,4.876642227172852
1670,gossip,1,0.5555555820465088,0.5555555820465088,18.0,4.637427806854248
1671,government,2,0.7508163452148438,0.7508163452148438,24.0,4.807496070861816
1672,gprs,1,0.5121951103210449,0.5121951103210449,15.0,4.70836067199707
1673,graders,1,0.939393937587738,0.939393937587738,30.0,4.424787521362305
1674,graft,1,0.4666666686534881,0.4666666686534881,15.0,5.843635082244873
1675,grain,1,0.6984127163887024,0.6984127163887024,24.0,7.095276832580566
1676,gram,3,0.39283375938733417,0.3866666555404663,12.666666666666666,9.780282974243164
1677,grammar,1,0.4083333313465118,0.4083333313465118,13.0,3.673713445663452
1678,granddaughter,3,0.5978836019833883,0.6611111164093018,19.333333333333332,5.431899547576904
1679,grandfather,3,0.6024143000443777,0.6303030252456665,19.333333333333332,7.544569969177246
1680,grandmother,2,0.6145237982273102,0.6145237982273102,19.5,3.377716541290283
1681,grandson,1,0.8363636136054993,0.8363636136054993,27.0,4.195555210113525
1682,grapes,1,0.4888888895511627,0.4888888895511627,16.0,2.8099284172058105
1683,graphics,1,0.3230769336223602,0.3230769336223602,10.0,5.120967864990234
1684,grass,3,0.5828019380569458,0.6133333444595337,19.333333333333332,6.297460556030273
1685,gravity,1,0.7655172348022461,0.7655172348022461,25.0,9.783123970031738
1686,greedy,1,0.5348837375640869,0.5348837375640869,17.0,8.375102996826172
1687,green,4,0.4159787520766258,0.4141414165496826,14.0,7.770489692687988
1688,green bean,1,0.6066666841506958,0.6066666841506958,19.0,11.335845947265623
1689,green hand,1,0.7563451528549194,0.7563451528549194,24.0,11.014114379882812
1690,grenade,1,0.6086956262588501,0.6086956262588501,19.0,6.258054733276367
1691,grey,3,0.5466666718324026,0.4666666686534881,17.333333333333332,4.078186511993408
1692,grill,1,0.699999988079071,0.699999988079071,23.0,5.191492557525635
1693,grind,1,0.523809552192688,0.523809552192688,16.0,5.393740653991699
1694,grommets,1,0.5605536103248596,0.5605536103248596,18.0,9.306262016296388
1695,ground water,1,0.8167939186096191,0.8167939186096191,26.0,4.802883148193359
1696,groundnut,1,0.60317462682724,0.60317462682724,20.0,3.727828025817871
1697,group,3,0.5453117688496908,0.5555555820465088,17.666666666666668,6.449198722839356
1698,grow,6,0.585603877902031,0.6171945929527283,19.166666666666668,10.125225067138672
1699,growth,1,0.3499999940395355,0.3499999940395355,14.0,2.447007894515991
1700,grudge,1,0.3472222089767456,0.3472222089767456,11.0,3.64141845703125
1701,guard,1,0.6477272510528564,0.6477272510528564,20.0,7.246140480041504
1702,guava,1,0.4651162922382355,0.4651162922382355,15.0,4.223084449768066
1703,guess,1,0.3898304998874664,0.3898304998874664,13.0,2.9964988231658936
1704,guide,1,0.7421875,0.7421875,23.0,5.632282733917236
1705,guilt,1,0.2416666597127914,0.2416666597127914,8.0,2.173780679702759
1706,guilty,3,0.4216931263605754,0.4555555582046509,14.0,14.693853378295898
1707,guinea,1,0.4302325546741485,0.4302325546741485,13.0,6.642691612243652
1708,guitar,1,0.6206896305084229,0.6206896305084229,20.0,5.553884983062744
1709,gujarat,5,0.4448887586593627,0.414893627166748,14.6,8.050864219665527
1710,gujarati,2,0.5327957272529602,0.5327957272529602,17.5,4.521446228027344
1711,gulab jamun,1,0.4907407462596893,0.4907407462596893,16.0,6.6057634353637695
1712,gun,3,0.522857149442037,0.5428571701049805,16.0,4.15284538269043
1713,guru nanak,1,0.5309734344482422,0.5309734344482422,16.0,5.188916206359863
1714,gurudwara,2,0.5285281538963318,0.5285281538963318,17.0,5.736591339111328
1715,gurunanak jayanthi,1,0.6363636255264282,0.6363636255264282,20.0,4.785654544830322
1716,gutka,1,0.7428571581840515,0.7428571581840515,24.0,4.641811847686768
1717,guwahati,1,0.5799999833106995,0.5799999833106995,19.0,2.3280086517333984
1718,habit,1,0.39449542760849,0.39449542760849,13.0,3.188958168029785
1719,hack saw blade,1,0.5159235596656799,0.5159235596656799,16.0,8.555788040161133
1720,hack saw frame,1,0.5233160853385925,0.5233160853385925,17.0,6.661623001098633
1721,hacksaw,1,0.4121212065219879,0.4121212065219879,13.0,9.172420501708984
1722,hail,1,0.4024390280246734,0.4024390280246734,14.0,4.924782752990723
1723,hair,3,0.6103703578313192,0.5866666436195374,20.0,4.337137699127197
1724,hair clip,1,0.4516128897666931,0.4516128897666931,14.0,3.1885645389556885
1725,hair dryer,2,0.6911704838275909,0.6911704838275909,21.5,5.239290237426758
1726,hairdresser,1,0.8840579986572266,0.8840579986572266,28.0,4.73189640045166
1727,haji ali dargah,1,0.6778523325920105,0.6778523325920105,21.0,7.775337696075439
1728,half,2,0.4833333343267441,0.4833333343267441,16.0,6.530689239501953
1729,halter top,1,0.3913043439388275,0.3913043439388275,12.0,4.674728870391846
1730,halting allowance,1,0.3259259164333343,0.3259259164333343,10.0,9.530007362365724
1731,hammer,1,0.5079365372657776,0.5079365372657776,17.0,4.487067699432373
1732,hand,1,0.7333333492279053,0.7333333492279053,24.0,6.141479969024658
1733,hand rail,1,0.6938775777816772,0.6938775777816772,22.0,5.644915580749512
1734,hand sanitizer,1,0.8055555820465088,0.8055555820465088,25.0,6.99185037612915
1735,handcuffs,1,0.5423728823661804,0.5423728823661804,16.0,7.4836649894714355
1736,handicapped,1,0.4659090936183929,0.4659090936183929,14.0,2.9881558418273926
1737,handkerchief,3,0.6081045866012573,0.6399999856948853,19.333333333333332,4.303579807281494
1738,handle,1,0.6926605701446533,0.6926605701446533,21.0,4.505312442779541
1739,handpump water,1,0.6239316463470459,0.6239316463470459,18.0,9.062350273132324
1740,hands,1,0.5192307829856873,0.5192307829856873,16.0,3.993903398513794
1741,hang,2,0.492063507437706,0.492063507437706,17.0,4.570671081542969
1742,hanuman,4,0.531204916536808,0.55158731341362,16.75,5.837315082550049
1743,happen,1,0.450549453496933,0.450549453496933,14.0,3.9416913986206055
1744,happy,3,0.412454217672348,0.4476190507411957,13.666666666666666,5.6497344970703125
1745,harass,1,0.489130437374115,0.489130437374115,16.0,4.103166580200195
1746,hard,5,0.5843140780925751,0.6315789222717285,18.0,6.59453010559082
1747,hard drive,2,0.49966877698898315,0.49966877698898315,16.0,6.138181209564209
1748,hard of hearing,1,0.4642857015132904,0.4642857015132904,14.0,5.759418964385986
1749,hardware,1,0.5660377144813538,0.5660377144813538,18.0,11.616415023803713
1750,hardworking,4,0.6550595462322235,0.6386905014514923,20.5,5.282710075378418
1751,hariyana,1,0.4666666686534881,0.4666666686534881,16.0,2.9944515228271484
1752,harmonium,2,0.597710132598877,0.597710132598877,19.0,5.241572380065918
1753,harvest,1,0.523809552192688,0.523809552192688,17.0,8.318843841552734
1754,haryana,1,0.4074074029922485,0.4074074029922485,13.0,5.104904651641846
1755,hashtag,1,0.6000000238418579,0.6000000238418579,19.0,4.329530239105225
1756,hat,1,0.591549277305603,0.591549277305603,19.0,6.832913875579834
1757,hatchet,1,0.5889328122138977,0.5889328122138977,19.0,3.743105888366699
1758,hate,3,0.7379445334275564,0.8799999952316284,23.666666666666668,6.799203395843506
1759,have,1,0.6623376607894897,0.6623376607894897,21.0,4.695799350738525
1760,hawker,2,0.7943478226661682,0.7943478226661682,25.5,4.428025245666504
1761,hdfc  bank,1,0.5939849615097046,0.5939849615097046,19.0,4.913080215454102
1762,he,2,0.4697481691837311,0.4697481691837311,14.5,3.674303293228149
1763,head,2,0.5876190513372421,0.5876190513372421,19.0,3.464945077896118
1764,head of income,1,0.985185205936432,0.985185205936432,32.0,5.129802703857422
1765,head office,1,0.9428571462631226,0.9428571462631226,32.0,12.46475315093994
1766,head pan,1,0.6463414430618286,0.6463414430618286,23.0,4.407015323638916
1767,headache,1,0.584269642829895,0.584269642829895,18.0,2.696220636367798
1768,health,1,0.6000000238418579,0.6000000238418579,19.0,4.370307445526123
1769,hear,2,0.6083333492279053,0.6083333492279053,20.0,3.4719057083129883
1770,hearing,2,0.41149425506591797,0.41149425506591797,13.0,3.601121187210083
1771,hearing aid,2,0.6929545402526855,0.6929545402526855,23.5,3.1229305267333984
1772,hearsay,1,0.9247910976409912,0.9247910976409912,29.0,14.19244384765625
1773,heart,2,0.6571428775787354,0.6571428775787354,20.5,5.336855888366699
1774,heat,1,0.8589743375778198,0.8589743375778198,29.0,14.855125427246094
1775,heat engine,1,0.6947368383407593,0.6947368383407593,27.0,11.867053031921388
1776,heavier,1,0.4625000059604645,0.4625000059604645,17.0,3.827509880065918
1777,heavy,1,0.4266666769981384,0.4266666769981384,13.0,6.398585796356201
1778,heifer calf,1,0.7364621162414551,0.7364621162414551,23.0,4.003976821899414
1779,heir,1,0.925000011920929,0.925000011920929,32.0,2.571929454803467
1780,helicopter,1,0.6299999952316284,0.6299999952316284,20.0,4.791347980499268
1781,help,2,0.5944444537162781,0.5944444537162781,19.0,22.521408081054688
1782,hemophilia,1,0.7816091775894165,0.7816091775894165,25.0,7.283235549926758
1783,hen,2,0.6933333277702332,0.6933333277702332,21.5,6.259744644165039
1784,her,1,0.6190476417541504,0.6190476417541504,20.0,1.9957491159439087
1785,here,1,0.3333333432674408,0.3333333432674408,11.0,4.633182048797607
1786,herniated intervertebral,1,0.7964601516723633,0.7964601516723633,26.0,3.5013363361358643
1787,herpes,1,0.9096774458885192,0.9096774458885192,29.0,8.700566291809082
1788,herps virus,1,0.962616801261902,0.962616801261902,32.0,6.054916858673096
1789,hers,1,0.5066666603088379,0.5066666603088379,16.0,3.7882180213928223
1790,herself,1,0.5600000023841858,0.5600000023841858,18.0,7.83785343170166
1791,hexadecimal,1,0.9833333492279052,0.9833333492279052,31.0,7.74622106552124
1792,hidden file,3,0.848552405834198,0.8333333134651184,26.666666666666668,5.767969131469727
1793,hide,1,0.380952388048172,0.380952388048172,12.0,2.745905876159668
1794,high,1,0.5199999809265137,0.5199999809265137,17.0,5.00799036026001
1795,high court,1,0.8503937125205994,0.8503937125205994,28.0,9.273653030395508
1796,high resistance,1,0.9515151381492616,0.9515151381492616,31.0,10.417192459106444
1797,hill,2,0.3899999856948852,0.3899999856948852,12.0,2.736802339553833
1798,hill garden,1,0.8571428656578064,0.8571428656578064,27.0,6.252650737762451
1799,him,1,0.6000000238418579,0.6000000238418579,19.0,4.803124904632568
1800,himachal pradesh,1,0.4318181872367859,0.4318181872367859,13.0,4.034533977508545
1801,himself,1,0.5199999809265137,0.5199999809265137,16.0,8.457558631896973
1802,hindi,1,0.5066666603088379,0.5066666603088379,16.0,5.119887351989746
1803,hindu,2,0.4126984179019928,0.4126984179019928,12.5,6.48488187789917
1804,hindu undivided family,1,0.9866666793823242,0.9866666793823242,32.0,6.770002365112305
1805,hip,2,0.6044444441795349,0.6044444441795349,19.5,7.393309593200684
1806,hip hugger,1,0.9920634627342224,0.9920634627342224,32.0,13.474808692932127
1807,hippo,2,0.5111111104488373,0.5111111104488373,16.5,5.1961774826049805
1808,hire charges,1,0.800000011920929,0.800000011920929,27.0,4.339103221893311
1809,hire purchase,1,0.7933333516120911,0.7933333516120911,27.0,3.513789653778076
1810,his,1,0.5333333611488342,0.5333333611488342,18.0,5.203042030334473
1811,history,1,0.4933333396911621,0.4933333396911621,16.0,3.0028507709503174
1812,hoarding,1,0.9212121367454528,0.9212121367454528,30.0,6.001197338104248
1813,hockey,1,0.6666666865348816,0.6666666865348816,22.0,5.112350463867188
1814,hoe,1,0.7397260069847107,0.7397260069847107,24.0,5.143707752227783
1815,hold,1,0.9066666960716248,0.9066666960716248,30.0,4.058955192565918
1816,holder,1,0.6399999856948853,0.6399999856948853,20.0,3.327033519744873
1817,hole,2,0.486666664481163,0.486666664481163,16.0,3.587322950363159
1818,holi,1,0.4933333396911621,0.4933333396911621,15.0,7.405802726745605
1819,hollow,1,0.523809552192688,0.523809552192688,17.0,5.677250862121582
1820,hollow blocks,1,0.8634361028671265,0.8634361028671265,28.0,5.344805240631104
1821,holy,1,0.4886363744735718,0.4886363744735718,15.0,4.425354957580566
1822,home,1,0.449999988079071,0.449999988079071,15.0,3.5232162475585938
1823,home gardens,1,0.8838951587677002,0.8838951587677002,27.0,18.265853881835938
1824,homicide,1,0.8190184235572815,0.8190184235572815,26.0,4.870112895965576
1825,honey,1,0.557692289352417,0.557692289352417,17.0,4.239269733428955
1826,honorarium,1,0.9833333492279052,0.9833333492279052,32.0,5.118590354919434
1827,hook and eye,1,0.3235294222831726,0.3235294222831726,10.0,9.953784942626951
1828,hook worm disease,1,0.875,0.875,28.0,4.287892818450928
1829,hop,1,0.460317462682724,0.460317462682724,15.0,4.203535556793213
1830,hope,2,0.6611111164093018,0.6611111164093018,20.5,3.351686954498291
1831,horizontal,1,0.8695651888847351,0.8695651888847351,29.0,10.430764198303224
1832,horizontal line,1,0.7368420958518982,0.7368420958518982,23.0,3.1134541034698486
1833,horizontal surface,1,0.8208954930305481,0.8208954930305481,26.0,5.588152885437012
1834,horns,2,0.4000000059604645,0.4000000059604645,13.0,8.970404624938965
1835,horse,2,0.4888889044523239,0.4888889044523239,15.0,4.317191123962402
1836,horse cart,1,0.7599999904632568,0.7599999904632568,24.0,5.076086044311523
1837,hospital,1,0.6190476417541504,0.6190476417541504,21.0,3.727059364318848
1838,hosticide,1,0.8249258399009705,0.8249258399009705,26.0,10.264205932617188
1839,hot,6,0.513496533036232,0.4647761732339859,16.5,8.343331336975098
1840,hot air balloon,2,0.6339139342308044,0.6339139342308044,20.0,6.788591384887695
1841,hot to feel,1,0.5199999809265137,0.5199999809265137,16.0,3.4015350341796875
1842,hotel,3,0.6127149860064188,0.6415094137191772,20.0,10.575778007507324
1843,hour,2,0.7483581900596619,0.7483581900596619,25.0,4.6701273918151855
1844,hours,2,0.5333333313465118,0.5333333313465118,17.0,7.546392440795898
1845,house,2,0.48000000417232513,0.48000000417232513,15.5,11.470605850219728
1846,housefly,3,0.6611111164093018,0.6000000238418579,22.666666666666668,5.899528503417969
1847,housing,1,0.6027397513389587,0.6027397513389587,19.0,5.991911888122559
1848,housing loan,1,0.9333333373069764,0.9333333373069764,30.0,3.3303911685943604
1849,how,1,0.3492063581943512,0.3492063581943512,11.0,3.587564468383789
1850,how big,1,0.5066666603088379,0.5066666603088379,17.0,5.54496955871582
1851,how many,2,0.5801033675670624,0.5801033675670624,18.0,8.499615669250488
1852,how much,1,0.4920634925365448,0.4920634925365448,15.0,6.468448638916016
1853,hsbc bank,1,0.684684693813324,0.684684693813324,22.0,5.657077789306641
1854,htc mobile,1,0.3819444477558136,0.3819444477558136,12.0,4.952661037445068
1855,html,1,0.6011080145835876,0.6011080145835876,18.0,3.826864004135132
1856,html tag,1,0.6012461185455322,0.6012461185455322,19.0,4.259048938751221
1857,huawei mobile,1,0.4285714328289032,0.4285714328289032,14.0,3.6127524375915527
1858,hug,2,0.46179234981536865,0.46179234981536865,14.5,4.193140029907227
1859,huge,1,0.488095223903656,0.488095223903656,17.0,4.005021095275879
1860,humble,1,0.3186813294887543,0.3186813294887543,10.0,2.243716239929199
1861,humid,2,0.7554551661014557,0.7554551661014557,24.5,4.302169799804688
1862,humidity,1,0.6081871390342712,0.6081871390342712,22.0,6.350665092468262
1863,humped,1,0.7925072312355042,0.7925072312355042,25.0,5.814026832580566
1864,hundred,1,0.4343434274196625,0.4343434274196625,14.0,6.323057174682617
1865,hungary,1,0.5633803009986877,0.5633803009986877,18.0,5.380895614624023
1866,hungry,2,0.4174358993768692,0.4174358993768692,13.5,4.019615173339844
1867,hurdle race,1,0.6428571343421936,0.6428571343421936,20.0,4.105593204498291
1868,hurt,1,0.3799999952316284,0.3799999952316284,12.0,6.5446648597717285
1869,husband,4,0.6369877010583878,0.6406420767307281,20.75,5.525547027587891
1870,hut,1,0.6133333444595337,0.6133333444595337,19.0,4.534280300140381
1871,hydathodes,1,0.7539682388305664,0.7539682388305664,24.0,10.490434646606444
1872,hyderabad,2,0.4840102642774582,0.4840102642774582,15.0,4.537050724029541
1873,hydraulic sprayer,1,0.6545454263687134,0.6545454263687134,20.0,5.905252933502197
1874,hydrautic brake,1,0.4270833432674408,0.4270833432674408,15.0,3.1095521450042725
1875,hydrautic lift,1,0.5815602540969849,0.5815602540969849,19.0,7.320773601531982
1876,hydrautic press,1,0.5480769276618958,0.5480769276618958,18.0,4.729405879974365
1877,hydro electricity,1,0.6528925895690918,0.6528925895690918,21.0,3.3854167461395264
1878,hydro energy,1,0.7052631378173828,0.7052631378173828,25.0,2.1352763175964355
1879,hydrology,1,0.7662337422370911,0.7662337422370911,24.0,6.457112312316895
1880,hydropneumatic sprayer,1,0.9908536672592164,0.9908536672592164,31.0,4.64542818069458
1881,hygiene,3,0.5281337598959605,0.427419364452362,16.666666666666668,6.662160873413086
1882,hypotension,1,0.7517730593681335,0.7517730593681335,24.0,3.684972524642944
1883,hypothecated,1,0.9888888597488404,0.9888888597488404,32.0,5.179503917694092
1884,hypoxia,1,0.6763485670089722,0.6763485670089722,21.0,5.471756458282471
1885,i,1,0.460317462682724,0.460317462682724,15.0,4.110957145690918
1886,i don't know,1,0.4893617033958435,0.4893617033958435,15.0,2.0796945095062256
1887,i understand,1,0.4660194218158722,0.4660194218158722,15.0,5.250068187713623
1888,iball mobile,1,0.338345855474472,0.338345855474472,10.0,2.1292617321014404
1889,ice cream,2,0.6040924191474915,0.6040924191474915,19.5,11.080251693725586
1890,ice hockey,1,0.6571428775787354,0.6571428775787354,21.0,3.4058351516723637
1891,iceland,1,0.4693877696990967,0.4693877696990967,14.0,1.9742076396942136
1892,icici bank,1,0.574999988079071,0.574999988079071,18.0,5.485196113586426
1893,idbi bank,1,0.5507246255874634,0.5507246255874634,17.0,4.196597099304199
1894,idd,1,0.5454545617103577,0.5454545617103577,17.0,7.500043869018555
1895,idea,1,0.4851485192775726,0.4851485192775726,16.0,2.5138051509857178
1896,identical,1,0.5268816947937012,0.5268816947937012,17.0,3.157374620437622
1897,identification,1,0.6952381134033203,0.6952381134033203,25.0,4.050820350646973
1898,identity,1,0.4819277226924896,0.4819277226924896,15.0,2.964343309402466
1899,identity card,1,0.5769230723381042,0.5769230723381042,18.0,2.807248830795288
1900,idfc bank,1,0.632478654384613,0.632478654384613,21.0,8.41321086883545
1901,idle talk,2,0.6295068114995956,0.6295068114995956,19.5,6.246076583862305
1902,ifsc,1,0.7543859481811523,0.7543859481811523,24.0,6.667659759521484
1903,illegal,2,0.6714285761117935,0.6714285761117935,22.0,5.767752647399902
1904,illiterate,1,0.7599999904632568,0.7599999904632568,25.0,2.3017795085906982
1905,immediate,1,0.8380952477455139,0.8380952477455139,30.0,3.2277636528015137
1906,immiscibility,1,0.550000011920929,0.550000011920929,19.0,3.421456813812256
1907,immovable property,1,0.8571428656578064,0.8571428656578064,29.0,4.294809341430664
1908,implementation,1,0.9111111164093018,0.9111111164093018,31.0,3.3190877437591557
1909,import,1,0.9111111164093018,0.9111111164093018,28.0,10.14642333984375
1910,important,1,0.5520833134651184,0.5520833134651184,18.0,4.485791206359863
1911,improve,1,0.5799999833106995,0.5799999833106995,21.0,4.774802207946777
1912,improvement,1,0.8135592937469482,0.8135592937469482,27.0,5.384009838104248
1913,impure,1,0.530434787273407,0.530434787273407,17.0,6.873524188995361
1914,in,2,0.4777265638113022,0.4777265638113022,14.5,4.706964015960693
1915,in advance,1,0.5111111402511597,0.5111111402511597,17.0,2.91483211517334
1916,in front of,1,0.6190476417541504,0.6190476417541504,21.0,4.425179958343506
1917,in lieu of,1,0.6379310488700867,0.6379310488700867,20.0,5.324637413024902
1918,in multiples of,1,0.6666666865348816,0.6666666865348816,22.0,4.995791912078857
1919,in the middle,1,0.5121951103210449,0.5121951103210449,16.0,5.190994739532471
1920,inactive,1,0.6299999952316284,0.6299999952316284,20.0,11.097784042358398
1921,inauguaration,1,0.6666666865348816,0.6666666865348816,22.0,4.74965763092041
1922,inauguration,1,0.5,0.5,16.0,5.210891246795654
1923,incentive,1,0.7166666388511658,0.7166666388511658,23.0,3.3414316177368164
1924,inch,1,0.4533333480358124,0.4533333480358124,14.0,5.471968650817871
1925,incharge,1,0.9925925731658936,0.9925925731658936,32.0,4.2854108810424805
1926,include,1,0.4956521689891815,0.4956521689891815,15.0,4.706518650054932
1927,income,1,0.5428571701049805,0.5428571701049805,18.0,3.847720861434937
1928,income tax,1,0.8857142925262451,0.8857142925262451,30.0,4.780344486236572
1929,incompetence,1,0.8095238208770752,0.8095238208770752,27.0,3.54201078414917
1930,increase,7,0.5694455887590136,0.5267857313156128,18.571428571428573,11.529531478881836
1931,indent,1,0.8591065406799316,0.8591065406799316,27.0,18.08473777770996
1932,independence day,1,0.6465517282485962,0.6465517282485962,21.0,2.8272576332092285
1933,independent,2,0.5693247020244598,0.5693247020244598,18.5,3.4151816368103027
1934,index,1,0.8416666388511658,0.8416666388511658,27.0,5.426017284393311
1935,india,7,0.513198720557349,0.5376344323158264,16.285714285714285,6.517216205596924
1936,india gate,1,0.6124030947685242,0.6124030947685242,20.0,4.870003700256348
1937,indian national congress,1,0.5625,0.5625,17.0,4.086102485656738
1938,indian sign language interpreters association,1,0.47826087474823,0.47826087474823,15.0,5.365295886993408
1939,indian sign language research and training centre,1,0.2905983030796051,0.2905983030796051,9.0,3.072146415710449
1940,indian sign language teachers  association,1,0.5873016119003296,0.5873016119003296,19.0,9.466747283935549
1941,indicator,1,0.8263305425643921,0.8263305425643921,26.0,5.894406795501709
1942,indigo,2,0.5956666469573975,0.5956666469573975,18.5,6.694232940673828
1943,indira gandhi,1,0.6489361524581909,0.6489361524581909,21.0,6.591630458831787
1944,individual,3,0.34868239363034564,0.3285714387893677,11.666666666666666,3.7850284576416016
1945,indonesia,1,0.4680851101875305,0.4680851101875305,14.0,2.82841420173645
1946,indoor gardening,1,0.8377358317375183,0.8377358317375183,26.0,6.367959022521973
1947,inductor,1,0.8692307472229004,0.8692307472229004,29.0,7.378995895385742
1948,industrial building,1,0.8489583134651184,0.8489583134651184,27.0,4.3299174308776855
1949,industry,2,0.7231481373310089,0.7231481373310089,22.5,6.503354549407959
1950,inefficient,1,0.8571428656578064,0.8571428656578064,27.0,5.312019348144531
1951,inelastic,1,0.8314606547355652,0.8314606547355652,27.0,8.882556915283203
1952,infanticide,1,0.6200000047683716,0.6200000047683716,21.0,6.1254072189331055
1953,infection,1,0.8059298992156982,0.8059298992156982,25.0,5.580710411071777
1954,infinity,1,1.0,1.0,32.0,9.361021041870115
1955,inflammatory bowel disease,1,0.8705036044120789,0.8705036044120789,27.0,7.565790176391602
1956,influence,2,0.5026424527168274,0.5026424527168274,16.0,9.403751373291016
1957,influenza flu,1,0.868852436542511,0.868852436542511,27.0,6.074113845825195
1958,informal,1,0.4678899049758911,0.4678899049758911,15.0,4.4560160636901855
1959,information,2,0.39619047939777374,0.39619047939777374,12.5,8.905196189880371
1960,infrared ray,1,0.8188405632972717,0.8188405632972717,27.0,6.9812846183776855
1961,infrasonic,1,0.8522727489471436,0.8522727489471436,28.0,4.584377765655518
1962,ingadulicis,1,0.8479729890823364,0.8479729890823364,26.0,8.846993446350098
1963,inheritance,1,0.610223650932312,0.610223650932312,20.0,4.001953601837158
1964,initial,2,0.5035360753536224,0.5035360753536224,16.5,3.875943183898926
1965,initials,1,0.4952380955219269,0.4952380955219269,16.0,6.627882957458496
1966,initiative,2,0.54347825050354,0.54347825050354,17.5,5.6710381507873535
1967,injection,1,0.4000000059604645,0.4000000059604645,12.0,2.068240165710449
1968,injury,1,0.3521126806735992,0.3521126806735992,11.0,1.92879581451416
1969,inner shell membrane,1,0.7987616062164307,0.7987616062164307,25.0,3.836283445358277
1970,innovate,1,0.3977272808551788,0.3977272808551788,13.0,3.1145882606506348
1971,input,2,0.6736558973789215,0.6736558973789215,21.5,5.188863754272461
1972,insect,3,0.5009083052476248,0.5270270109176636,16.666666666666668,7.697780609130859
1973,insects,1,0.7254902124404907,0.7254902124404907,23.0,3.646116018295288
1974,inspection,1,0.8285714387893677,0.8285714387893677,28.0,2.93988037109375
1975,inspire,1,0.5669642686843872,0.5669642686843872,17.0,5.017875671386719
1976,instagram,2,0.8194637298583984,0.8194637298583984,27.5,6.5063157081604
1977,installation,1,0.800000011920929,0.800000011920929,27.0,6.44024658203125
1978,instalment,1,0.7916666865348816,0.7916666865348816,25.0,5.169557571411133
1979,instigate,2,0.4285714328289032,0.4285714328289032,13.5,4.713310241699219
1980,institute,1,0.9444444179534912,0.9444444179534912,30.0,3.4695985317230225
1981,institution,1,0.2545454502105713,0.2545454502105713,8.0,4.623795509338379
1982,instruction,1,0.9111111164093018,0.9111111164093018,32.0,2.1430702209472656
1983,instrument,2,0.6564814746379852,0.6564814746379852,22.0,7.416234016418457
1984,instument,1,0.5799999833106995,0.5799999833106995,21.0,5.626475811004639
1985,insult,4,0.4848874881863594,0.510000005364418,16.0,6.331739902496338
1986,insurance,2,0.7047619074583054,0.7047619074583054,23.0,2.613725423812866
1987,integrated chip,1,0.9333333373069764,0.9333333373069764,30.0,6.650542736053467
1988,intensity,1,0.729411780834198,0.729411780834198,24.0,5.31973934173584
1989,intensive,1,1.0,1.0,32.0,4.256344795227051
1990,inter branch transaction,1,0.8971428275108337,0.8971428275108337,30.0,11.791163444519045
1991,interest,10,0.6455955028533935,0.6114695370197296,20.9,9.403741836547852
1992,interest on savings account,1,0.432098776102066,0.432098776102066,14.0,7.559350967407227
1993,interfere,1,0.4126984179019928,0.4126984179019928,13.0,3.3059747219085693
1994,interference,1,0.7894737124443054,0.7894737124443054,24.0,4.5702409744262695
1995,interim,1,0.9111111164093018,0.9111111164093018,31.0,4.545181751251221
1996,intermal combustion engine,1,0.8333333134651184,0.8333333134651184,29.0,4.777838706970215
1997,intermediate,1,0.6238532066345215,0.6238532066345215,20.0,4.157011032104492
1998,internal,1,0.9809523820877076,0.9809523820877076,32.0,8.98221492767334
1999,international,2,0.4725868701934814,0.4725868701934814,15.0,5.691492080688477
2000,internet,1,0.4772727191448211,0.4772727191448211,15.0,4.671616554260254
2001,internet disconnection,1,0.568965494632721,0.568965494632721,18.0,3.3176424503326416
2002,interpret,1,0.6666666865348816,0.6666666865348816,20.0,10.48887062072754
2003,interpreter,1,0.5,0.5,16.0,4.901662349700928
2004,interrogation,1,0.8388888835906982,0.8388888835906982,28.0,5.708827972412109
2005,interruption,1,0.5617977380752563,0.5617977380752563,18.0,4.0295233726501465
2006,interval,1,0.2818181812763214,0.2818181812763214,9.0,2.060657501220703
2007,interview,2,0.7356060743331909,0.7356060743331909,24.0,9.810821533203123
2008,intestate,1,0.8012422323226929,0.8012422323226929,26.0,8.749434471130371
2009,introduce,2,0.5005673766136169,0.5005673766136169,16.5,5.427827835083008
2010,introduction,1,0.6166666746139526,0.6166666746139526,20.0,4.5654401779174805
2011,invalid,1,0.8285714387893677,0.8285714387893677,27.0,5.928847789764404
2012,invent,2,0.612062394618988,0.612062394618988,19.5,2.475414752960205
2013,inverse,1,0.3592233061790466,0.3592233061790466,13.0,10.887772560119627
2014,inverter,1,0.5303030014038086,0.5303030014038086,17.0,6.086884498596191
2015,invite,1,0.3980582654476166,0.3980582654476166,13.0,6.029057025909424
2016,iphone,1,0.3761467933654785,0.3761467933654785,12.0,3.7205147743225098
2017,iran,1,0.4938271641731262,0.4938271641731262,16.0,4.944051265716553
2018,iraq,1,0.4935064911842346,0.4935064911842346,16.0,2.066625595092773
2019,ireland,1,0.5185185074806213,0.5185185074806213,16.0,1.9966751337051392
2020,iron,7,0.5102287062576839,0.5131579041481018,16.0,8.38792610168457
2021,irregular,1,0.7733333110809326,0.7733333110809326,26.0,4.627925872802734
2022,irregular vibration,1,0.6528925895690918,0.6528925895690918,21.0,8.04846477508545
2023,irreversible,1,0.5111111402511597,0.5111111402511597,20.0,5.908424377441406
2024,irrevocable,1,0.5939394235610962,0.5939394235610962,20.0,4.653714656829834
2025,isl,2,0.5687272846698761,0.5687272846698761,18.0,4.935871124267578
2026,island,3,0.6570833524068197,0.6700000166893005,20.0,5.0102362632751465
2027,israel,1,0.4655172526836395,0.4655172526836395,15.0,11.321255683898926
2028,isreal,1,0.4533333480358124,0.4533333480358124,14.0,2.45745849609375
2029,it,2,0.4866666793823242,0.4866666793823242,16.0,5.7533860206604
2030,it's raining cats and dogs,1,0.5652173757553101,0.5652173757553101,20.0,7.557412624359131
2031,italy,1,0.577464759349823,0.577464759349823,19.0,5.110569477081299
2032,item,1,0.8999999761581421,0.8999999761581421,30.0,3.7762160301208496
2033,its,1,0.4285714328289032,0.4285714328289032,13.0,2.397308588027954
2034,itself,1,0.6428571343421936,0.6428571343421936,21.0,3.903693675994873
2035,j k bank,1,0.5299145579338074,0.5299145579338074,16.0,5.309657096862793
2036,jabot,1,0.5042017102241516,0.5042017102241516,15.0,4.080054759979248
2037,jack plane,1,0.8222222328186035,0.8222222328186035,27.0,4.784255027770996
2038,jacket,1,0.3908045887947082,0.3908045887947082,12.0,1.9810630083084104
2039,jackfrui,1,0.6296296119689941,0.6296296119689941,21.0,4.326449871063232
2040,jackfruit,2,0.6382089555263519,0.6382089555263519,20.5,13.75175952911377
2041,jagannath ratha yatra,1,0.7259259223937988,0.7259259223937988,23.0,4.803791046142578
2042,jail,2,0.639971137046814,0.639971137046814,20.0,10.242572784423828
2043,jailor,1,0.6136363744735718,0.6136363744735718,20.0,6.48435115814209
2044,jain,1,0.380952388048172,0.380952388048172,12.0,2.1444599628448486
2045,jainism,1,0.472972959280014,0.472972959280014,15.0,6.402156829833984
2046,jaipur,2,0.3500254899263382,0.3500254899263382,11.0,5.608894348144531
2047,jal mahal,1,0.7925925850868225,0.7925925850868225,25.0,3.920413017272949
2048,jalebi,1,0.3055555522441864,0.3055555522441864,9.0,4.443822383880615
2049,jalpur,1,0.5079365372657776,0.5079365372657776,16.0,3.1146068572998047
2050,jam,2,0.6429166495800018,0.6429166495800018,20.5,7.193525314331055
2051,jama masjid,1,0.6380952596664429,0.6380952596664429,20.0,4.3748064041137695
2052,jamaica,1,0.591549277305603,0.591549277305603,19.0,5.018702507019043
2053,jammu & kashmir,1,0.6018518805503845,0.6018518805503845,19.0,5.670049667358398
2054,jams,1,1.0,1.0,32.0,7.106061458587647
2055,jamun,1,0.5478261113166809,0.5478261113166809,17.0,3.4075396060943604
2056,janitor,1,0.5757575631141663,0.5757575631141663,18.0,5.129097938537598
2057,janmashtami,2,0.5896396338939667,0.5896396338939667,18.5,5.60993242263794
2058,jantar mantar,1,0.7272727489471436,0.7272727489471436,23.0,4.039744853973389
2059,january,5,0.583392882347107,0.5866666436195374,18.6,5.688060760498047
2060,jasmine,1,0.6694214940071106,0.6694214940071106,21.0,4.754444122314453
2061,jasminum sambac,1,0.7824074029922485,0.7824074029922485,24.0,8.238428115844727
2062,jaundice,3,0.6194444497426351,0.6666666865348816,19.333333333333332,5.549487113952637
2063,javelin throw,1,0.557692289352417,0.557692289352417,18.0,5.151000022888184
2064,jawaharlal nehru,2,0.5532976984977722,0.5532976984977722,18.0,3.280081033706665
2065,jd u,1,0.6526315808296204,0.6526315808296204,21.0,5.117161273956299
2066,jealous,1,0.4933333396911621,0.4933333396911621,16.0,2.846033096313477
2067,jeep,1,0.5714285969734192,0.5714285969734192,18.0,5.580388069152832
2068,jellyfish,1,0.682692289352417,0.682692289352417,22.0,5.291910648345947
2069,jesus,1,0.3174603283405304,0.3174603283405304,10.0,4.412602424621582
2070,jet airways,1,0.4318181872367859,0.4318181872367859,14.0,3.3882205486297607
2071,jew,2,0.40716132521629333,0.40716132521629333,13.0,3.277299404144287
2072,jewel neckline`,1,0.6695652008056641,0.6695652008056641,22.0,2.389302492141724
2073,jewelery,1,0.817460298538208,0.817460298538208,27.0,7.384690284729004
2074,jeweller,1,0.6459627151489258,0.6459627151489258,20.0,6.303191661834717
2075,jharkhand,1,0.4403669834136963,0.4403669834136963,14.0,4.260410308837891
2076,job,3,0.5416229466597239,0.4365079402923584,17.0,8.365726470947266
2077,job consciousness,1,0.8733333349227905,0.8733333349227905,31.0,6.291007041931152
2078,jodhpur pants,1,0.429824560880661,0.429824560880661,14.0,5.253319263458252
2079,join,1,0.5666666626930237,0.5666666626930237,18.0,3.909393548965454
2080,jointing,1,0.9114285707473756,0.9114285707473756,28.0,4.947029113769531
2081,joke,1,0.4705882370471954,0.4705882370471954,15.0,3.6066794395446777
2082,jordan,1,0.5352112650871277,0.5352112650871277,17.0,2.4096059799194336
2083,joule,1,0.4660194218158722,0.4660194218158722,16.0,5.676535606384277
2084,joumal,1,0.9888888597488404,0.9888888597488404,31.0,12.581088066101074
2085,joumal entry,1,0.5777778029441833,0.5777778029441833,18.0,3.4570908546447754
2086,judaism,1,0.5333333611488342,0.5333333611488342,17.0,4.55424165725708
2087,judge,2,0.7213541865348816,0.7213541865348816,22.5,5.124732971191406
2088,judgement,2,0.7271794974803925,0.7271794974803925,26.0,5.3876543045043945
2089,judicial,1,0.8333333134651184,0.8333333134651184,26.0,3.3895342350006104
2090,juhu beach,1,0.4468085169792175,0.4468085169792175,14.0,5.269365310668945
2091,juice,2,0.5816507935523987,0.5816507935523987,19.5,10.346445083618164
2092,juliet sleeve,1,0.3786982297897339,0.3786982297897339,12.0,5.1473541259765625
2093,july,3,0.5508972903092703,0.6000000238418579,19.666666666666668,6.878359794616699
2094,jump,2,0.4624413102865219,0.4624413102865219,15.0,9.975156784057615
2095,june,3,0.6046215693155924,0.5760869383811951,19.333333333333332,7.482744216918945
2096,junior,1,0.6962962746620178,0.6962962746620178,23.0,6.178913593292236
2097,jupiter,1,0.8173912763595581,0.8173912763595581,26.0,5.446525573730469
2098,justice,1,0.682539701461792,0.682539701461792,22.0,4.491868495941162
2099,kajal,1,0.4623655974864959,0.4623655974864959,15.0,10.075461387634276
2100,kaleidoscope,1,0.7761194109916687,0.7761194109916687,25.0,5.5549798011779785
2101,kali mata,2,0.6573010683059692,0.6573010683059692,20.5,4.570272445678711
2102,kamataka,1,0.2533333301544189,0.2533333301544189,8.0,2.763927698135376
2103,kangaroo,2,0.38888889551162714,0.38888889551162714,13.5,14.69089126586914
2104,kangaroo pocket,1,0.3431952595710754,0.3431952595710754,11.0,7.173232078552246
2105,kannada,3,0.4108293950557709,0.4010416567325592,13.0,6.79303503036499
2106,kanpur,1,0.3866666555404663,0.3866666555404663,12.0,2.017024040222168
2107,kaposi sarcoma,1,0.8658536672592163,0.8658536672592163,27.0,4.079539775848389
2108,karate,1,0.6231883764266968,0.6231883764266968,20.0,4.9618072509765625
2109,karnataka,1,0.3333333432674408,0.3333333432674408,9.0,2.705287218093872
2110,karnataka bank,1,0.4485981166362762,0.4485981166362762,14.0,5.125243186950684
2111,kathakali,1,0.6834532618522644,0.6834532618522644,21.0,2.6471850872039795
2112,kazakhstan,1,0.5,0.5,15.0,4.603031635284424
2113,keep,1,0.6399999856948853,0.6399999856948853,22.0,4.227680683135986
2114,keeper,1,0.7481481432914734,0.7481481432914734,23.0,5.589173793792725
2115,kelvin,1,0.9444444179534912,0.9444444179534912,30.0,4.262411594390869
2116,kenya,1,0.6714285612106323,0.6714285612106323,21.0,1.9414629936218264
2117,kerala,3,0.528408408164978,0.5199999809265137,16.666666666666668,4.790693759918213
2118,kerning,1,0.947169840335846,0.947169840335846,29.0,4.607021331787109
2119,key,4,0.5053551644086838,0.523809552192688,16.25,29.521766662597656
2120,keyboard,1,0.4107883870601654,0.4107883870601654,13.0,4.473276138305664
2121,keyhole,1,0.5544041395187378,0.5544041395187378,17.0,5.786169052124023
2122,keying,1,0.8317460417747498,0.8317460417747498,26.0,3.351147413253784
2123,kick,2,0.49230770766735077,0.49230770766735077,16.0,3.4708240032196045
2124,kick out,1,0.2872340381145477,0.2872340381145477,9.0,4.051827907562256
2125,kidnap,1,0.747474730014801,0.747474730014801,24.0,4.628947734832764
2126,kidnapping & abducting,1,0.6284584999084473,0.6284584999084473,20.0,10.593169212341309
2127,kidney beans,2,0.47317250072956085,0.47317250072956085,14.5,4.188338756561279
2128,kidney cancer renal cell,1,0.6808510422706604,0.6808510422706604,22.0,5.613063812255859
2129,kidney disease,1,0.6307692527770996,0.6307692527770996,22.0,5.845141887664795
2130,kill,2,0.380952388048172,0.380952388048172,12.5,4.508745193481445
2131,kilogram,3,0.5481594403584799,0.4462365508079529,18.333333333333332,15.1636381149292
2132,kilometer,1,0.746666669845581,0.746666669845581,24.0,4.861654281616211
2133,kilometre,1,0.4761904776096344,0.4761904776096344,15.0,3.8688931465148926
2134,kind,2,0.6000000238418579,0.6000000238418579,20.0,4.724942684173584
2135,kindhearted,1,0.358208954334259,0.358208954334259,11.0,3.383193016052246
2136,kinds of germination,1,0.6733333468437195,0.6733333468437195,22.0,5.7243852615356445
2137,kinds of honey bee found in india,1,0.6164383292198181,0.6164383292198181,19.0,6.005753040313721
2138,kinetic energy,1,0.6397058963775635,0.6397058963775635,21.0,10.68065071105957
2139,king,3,0.6531687180201212,0.6266666650772095,21.333333333333332,3.514029026031494
2140,kiss,2,0.3912483900785446,0.3912483900785446,12.5,4.959727764129639
2141,kitchen,5,0.5743492543697357,0.5916666388511658,18.6,5.516460418701172
2142,kite,2,0.4878663122653961,0.4878663122653961,15.0,3.59726619720459
2143,knee,1,0.7111111283302307,0.7111111283302307,22.0,7.721415042877197
2144,knife,5,0.5021506369113922,0.515625,15.6,6.729286193847656
2145,knit,1,0.6931818127632141,0.6931818127632141,22.0,5.285557270050049
2146,knock,1,0.5833333134651184,0.5833333134651184,19.0,2.996072769165039
2147,know,2,0.44507576525211334,0.44507576525211334,14.0,6.949944496154785
2148,know your customer kyc form,1,0.2880434691905975,0.2880434691905975,9.0,4.7613725662231445
2149,knowledge,2,0.4534785598516464,0.4534785598516464,15.0,4.453526973724365
2150,knowledge working,1,0.7222222089767456,0.7222222089767456,24.0,5.57839822769165
2151,knowledgeable,1,0.4285714328289032,0.4285714328289032,14.0,5.032811641693115
2152,known loss,1,0.9142857193946838,0.9142857193946838,30.0,3.959703683853149
2153,knurling,1,0.5,0.5,16.0,4.218750476837158
2154,kochi,1,0.4615384638309479,0.4615384638309479,15.0,9.358336448669434
2155,kohima,1,0.4594594538211822,0.4594594538211822,14.0,3.396754741668701
2156,kolkata calcutta,1,0.3425925970077514,0.3425925970077514,12.0,3.8689780235290527
2157,konark sun temple,1,0.7904191613197327,0.7904191613197327,24.0,3.858144760131836
2158,korea,1,0.4714285731315613,0.4714285731315613,15.0,1.9828367233276367
2159,kotak mahindra bank,1,0.5982906222343445,0.5982906222343445,19.0,5.877305030822754
2160,krishna,2,0.411666676402092,0.411666676402092,12.5,3.920664072036743
2161,kumbh mela,2,0.6435439586639404,0.6435439586639404,20.5,4.875675201416016
2162,kurta,4,0.5855555683374405,0.5736508071422577,19.0,7.009518623352051
2163,kuwait,1,0.4375,0.4375,14.0,3.351210832595825
2164,l square,1,0.488095223903656,0.488095223903656,16.0,2.642876386642456
2165,l.e.d,1,0.9816513657569884,0.9816513657569884,32.0,5.729877948760986
2166,label,2,0.5257028341293335,0.5257028341293335,16.5,4.841073036193848
2167,laboratary,1,0.7159090638160706,0.7159090638160706,22.0,26.56426239013672
2168,labour,1,0.7400000095367432,0.7400000095367432,25.0,4.499078750610352
2169,labourer,1,0.7749999761581421,0.7749999761581421,24.0,5.386911392211914
2170,lace edge binding,1,0.6018518805503845,0.6018518805503845,19.0,4.960001468658447
2171,lacing,1,0.6071428656578064,0.6071428656578064,19.0,6.731556415557861
2172,ladder,4,0.5103091523051262,0.5175798982381821,16.0,11.206747055053713
2173,laddu,1,0.8730158805847168,0.8730158805847168,28.0,5.493802547454834
2174,lady,1,0.5205479264259338,0.5205479264259338,16.0,1.9181580543518064
2175,ladyfinger,1,0.4555555582046509,0.4555555582046509,16.0,2.013824224472046
2176,lake,3,0.4081348280111949,0.4239999949932098,13.333333333333334,7.312428474426269
2177,lame,1,0.5199999809265137,0.5199999809265137,16.0,4.160029411315918
2178,lamp,1,0.4958677589893341,0.4958677589893341,16.0,2.720510721206665
2179,land,6,0.47145594159762066,0.4682224988937378,15.333333333333334,18.369861602783203
2180,land acquisition,1,0.7226890921592712,0.7226890921592712,23.0,4.093623161315918
2181,land cess,1,0.8296296000480652,0.8296296000480652,29.0,4.8907470703125
2182,land holding,1,0.8592592477798462,0.8592592477798462,29.0,4.632215023040772
2183,land improvement reform,1,0.7333333492279053,0.7333333492279053,27.0,5.07355260848999
2184,land revenue,1,0.8444444537162781,0.8444444537162781,28.0,5.529079437255859
2185,landlord,1,0.699999988079071,0.699999988079071,24.0,3.997358083724976
2186,language,1,0.5522388219833374,0.5522388219833374,18.0,6.324736595153809
2187,lantana camera,1,0.8554913401603699,0.8554913401603699,27.0,7.295027732849121
2188,laos,1,0.640625,0.640625,21.0,3.490546703338623
2189,lapel,1,0.6324110627174377,0.6324110627174377,19.0,2.6583290100097656
2190,lapse,1,0.8866666555404663,0.8866666555404663,29.0,5.956920623779297
2191,laptop,2,0.5350350439548492,0.5350350439548492,16.5,5.157361030578613
2192,large,1,0.4523809552192688,0.4523809552192688,16.0,3.314560890197754
2193,lassi,3,0.7820952335993449,0.7279999852180481,26.333333333333332,9.273432731628418
2194,last,1,0.2599999904632568,0.2599999904632568,8.0,8.710978507995605
2195,last month,1,0.4594594538211822,0.4594594538211822,14.0,2.6576428413391118
2196,last pay certificate,1,0.9407407641410828,0.9407407641410828,31.0,5.282690525054932
2197,last week,1,0.5445544719696045,0.5445544719696045,17.0,4.039072513580322
2198,last year,1,0.550561785697937,0.550561785697937,17.0,6.174674034118652
2199,late,3,0.6498168706893921,0.6888889074325562,21.0,4.971460342407227
2200,lathe,1,0.5625,0.5625,18.0,5.452195167541504
2201,latitude,1,0.7200000286102295,0.7200000286102295,23.0,6.884337425231934
2202,laugh,1,0.8133333325386047,0.8133333325386047,26.0,5.238389015197754
2203,lauki,1,0.5480769276618958,0.5480769276618958,17.0,6.056861877441406
2204,law,3,0.6462036073207855,0.6800000071525574,21.0,4.920886993408203
2205,lawn,1,0.7675675749778748,0.7675675749778748,24.0,6.122501373291016
2206,lawyer,3,0.5283507307370504,0.4949494898319244,18.333333333333332,4.899736404418945
2207,lay off,1,0.9333333373069764,0.9333333373069764,31.0,5.8304314613342285
2208,lay out,1,0.8533333539962769,0.8533333539962769,30.0,3.646628379821777
2209,layered skirt,1,1.0,1.0,32.0,5.914710998535156
2210,laying,1,0.9058171510696412,0.9058171510696412,28.0,10.657760620117188
2211,lazy,2,0.5714285969734192,0.5714285969734192,18.0,5.604493141174316
2212,lc,1,0.9714285731315612,0.9714285731315612,31.0,5.821274757385254
2213,ldli,1,0.4761904776096344,0.4761904776096344,16.0,7.225243091583252
2214,lead,2,0.5359450131654739,0.5359450131654739,17.0,5.912831783294678
2215,leader,1,0.8266666531562805,0.8266666531562805,29.0,3.556025505065918
2216,leaders,1,0.882539689540863,0.882539689540863,28.0,4.258467197418213
2217,leaf,6,0.5981520513693491,0.5997701287269592,18.833333333333332,5.961581707000732
2218,leaf spring,1,0.8723404407501221,0.8723404407501221,27.0,10.41482925415039
2219,leafy vegetables,1,0.5340909361839294,0.5340909361839294,17.0,8.179391860961914
2220,leak,1,0.7045454382896423,0.7045454382896423,24.0,5.367581844329834
2221,learn,4,0.45659419894218445,0.44536231458187103,14.25,7.420567512512207
2222,least count,1,0.8924731016159058,0.8924731016159058,28.0,7.491669178009033
2223,leather,2,0.5541666746139526,0.5541666746139526,17.5,5.067405700683594
2224,leave,3,0.6123142639795939,0.653333306312561,19.333333333333332,8.075136184692383
2225,leave compensatory,1,0.8888888955116272,0.8888888955116272,29.0,9.381036758422852
2226,leave duty,1,0.7749999761581421,0.7749999761581421,26.0,5.280985355377197
2227,leave earned,1,0.8814814686775208,0.8814814686775208,27.0,5.45017147064209
2228,leave extraordinary,1,0.7523809671401978,0.7523809671401978,24.0,2.9583654403686523
2229,leave medical,1,0.875,0.875,27.0,4.164330005645752
2230,leave preparatory to retirement,1,0.9151515364646912,0.9151515364646912,31.0,6.8281450271606445
2231,leave study,1,0.7809523940086365,0.7809523940086365,25.0,5.06544828414917
2232,lebanon,1,0.4597701132297516,0.4597701132297516,14.0,5.689067363739014
2233,lecture,1,0.6282051205635071,0.6282051205635071,20.0,3.864924192428589
2234,lecturer,2,0.4212121367454529,0.4212121367454529,14.0,5.058167457580566
2235,ledger,1,0.8733333349227905,0.8733333349227905,29.0,3.67151141166687
2236,ledger balance,1,0.8799999952316284,0.8799999952316284,28.0,10.141316413879396
2237,left,1,0.3440860211849212,0.3440860211849212,12.0,2.3357675075531006
2238,left demrocatic front,1,0.4285714328289032,0.4285714328289032,13.0,3.1191115379333496
2239,left indent,1,0.75789475440979,0.75789475440979,23.0,5.123582363128662
2240,leg,1,0.449999988079071,0.449999988079071,14.0,2.8146631717681885
2241,leg mutton sleeve,1,0.4481327831745147,0.4481327831745147,14.0,3.792156219482422
2242,legal,2,0.6076754480600357,0.6076754480600357,19.5,3.0600740909576416
2243,legal advisor,1,0.8916666507720947,0.8916666507720947,29.0,5.8129563331604
2244,legal claim,1,0.8370370268821716,0.8370370268821716,27.0,3.743302345275879
2245,legalese,1,0.8101983070373535,0.8101983070373535,26.0,9.506170272827148
2246,legally protected,1,0.7200000286102295,0.7200000286102295,23.0,3.736572742462158
2247,legged robots,1,0.934482753276825,0.934482753276825,29.0,5.551262855529785
2248,lemon,2,0.43012821674346924,0.43012821674346924,13.0,5.966726303100586
2249,lend,1,0.2399999946355819,0.2399999946355819,9.0,4.261940002441406
2250,lenovo,1,0.3402777910232544,0.3402777910232544,11.0,3.255675792694092
2251,lens,1,0.5393258333206177,0.5393258333206177,19.0,4.918814659118652
2252,leprosy,2,0.5388889014720917,0.5388889014720917,17.0,3.598654270172119
2253,less,1,0.380952388048172,0.380952388048172,12.0,7.624702453613281
2254,letter,2,0.4070579558610916,0.4070579558610916,13.5,7.407346725463867
2255,letter of authority,1,0.9555555582046508,0.9555555582046508,32.0,3.309486150741577
2256,level,3,0.5920634965101877,0.5,19.333333333333332,5.385737419128418
2257,level rate,1,0.8727272748947144,0.8727272748947144,28.0,4.400428771972656
2258,lfc,1,0.9629629850387572,0.9629629850387572,31.0,5.513720512390137
2259,lg mobile,1,0.4462809860706329,0.4462809860706329,14.0,2.661984443664551
2260,lgnore,1,0.4126984179019928,0.4126984179019928,14.0,3.7304527759552
2261,liberia,1,0.5974025726318359,0.5974025726318359,19.0,5.639744281768799
2262,librarian,1,0.5517241358757019,0.5517241358757019,17.0,7.012547492980957
2263,library,2,0.6539086103439331,0.6539086103439331,20.5,6.465315341949463
2264,libya,1,0.4545454680919647,0.4545454680919647,15.0,2.3984220027923584
2265,lic,1,0.7722222208976746,0.7722222208976746,26.0,2.99277400970459
2266,licence,2,0.7938572764396667,0.7938572764396667,26.5,8.709555625915527
2267,license,3,0.5361593763033549,0.593406617641449,16.666666666666668,5.107043266296387
2268,lick,1,0.5568181872367859,0.5568181872367859,18.0,3.0139827728271484
2269,lie,5,0.5494406163692475,0.5444444417953491,17.6,5.673511505126953
2270,life,1,0.3333333432674408,0.3333333432674408,11.0,10.62144660949707
2271,life jacket,1,0.8265306353569031,0.8265306353569031,26.0,7.882053375244141
2272,lift,2,0.5021644979715347,0.5021644979715347,16.0,2.482187509536743
2273,light,7,0.5265076458454132,0.5555555820465088,17.285714285714285,7.910097122192383
2274,light fixture,1,0.916167676448822,0.916167676448822,28.0,5.631718158721924
2275,light year,1,0.7010309100151062,0.7010309100151062,23.0,3.88560938835144
2276,lighthouse,2,0.6121212244033813,0.6121212244033813,18.5,4.812066555023193
2277,lightning,2,0.3751044422388077,0.3751044422388077,12.5,8.100494384765625
2278,like,2,0.7001834809780121,0.7001834809780121,23.0,4.642750263214111
2279,like social media,2,0.6092437207698822,0.6092437207698822,19.0,4.523035049438477
2280,lime paste,1,0.494047611951828,0.494047611951828,15.0,2.4980344772338867
2281,limit,1,0.7272727489471436,0.7272727489471436,24.0,3.465932846069336
2282,limitless,1,0.6399999856948853,0.6399999856948853,20.0,5.184901714324951
2283,line,1,0.4149659872055053,0.4149659872055053,13.0,4.513957500457764
2284,lines and pins,1,0.954674243927002,0.954674243927002,30.0,5.158772945404053
2285,link,1,0.5,0.5,15.0,3.1804473400115967
2286,lion,3,0.3977777858575185,0.4111111164093017,14.0,8.066027641296387
2287,lips,2,0.5028571486473083,0.5028571486473083,15.5,3.4719858169555664
2288,lipstick,2,0.6534090936183929,0.6534090936183929,21.5,7.153304576873779
2289,liquid,2,0.46482379734516144,0.46482379734516144,16.0,12.071630477905272
2290,liquid fuels,1,0.9779411554336548,0.9779411554336548,31.0,18.803468704223636
2291,liquidation,1,0.7904762029647827,0.7904762029647827,24.0,5.748936653137207
2292,liquor,1,0.5396825671195984,0.5396825671195984,18.0,4.339227676391602
2293,list,3,0.5130014220873514,0.5066666603088379,16.0,6.108992576599121
2294,listen,3,0.5270745158195496,0.5154638886451721,16.666666666666668,5.675833702087402
2295,litre,3,0.48461703459421795,0.4271844625473022,17.0,4.948149681091309
2296,little,1,0.4285714328289032,0.4285714328289032,13.0,7.392695903778076
2297,live,1,0.3513513505458832,0.3513513505458832,11.0,6.226229190826416
2298,livelihood,3,0.5266993443171183,0.4949494898319244,16.333333333333332,6.043549537658691
2299,lizard,2,0.42666666209697723,0.42666666209697723,13.5,5.799869537353516
2300,lnaugurate,1,0.4666666686534881,0.4666666686534881,15.0,3.1709115505218506
2301,loan,2,0.611111119389534,0.611111119389534,19.5,3.554594039916992
2302,loan terminable,1,0.75,0.75,24.0,5.607610702514648
2303,local,2,0.6366006582975388,0.6366006582975388,21.0,6.8556060791015625
2304,local train,1,0.6526315808296204,0.6526315808296204,20.0,3.67733097076416
2305,lock,3,0.6337301731109619,0.625,20.0,6.480283260345459
2306,locker,1,0.8592592477798462,0.8592592477798462,27.0,4.006492614746094
2307,log off,1,0.3160919547080993,0.3160919547080993,10.0,3.1167266368865967
2308,login,1,0.2847222089767456,0.2847222089767456,9.0,3.7803292274475098
2309,lok janshakti party,1,0.5977011322975159,0.5977011322975159,19.0,6.954159259796143
2310,lollipop,1,0.6271186470985413,0.6271186470985413,20.0,5.942758560180664
2311,lonely,1,0.6326530575752258,0.6326530575752258,20.0,4.196881294250488
2312,long day plant,1,0.8063583970069885,0.8063583970069885,25.0,4.855210781097412
2313,long jump,1,0.5199999809265137,0.5199999809265137,16.0,5.048651218414307
2314,long term,1,0.4597701132297516,0.4597701132297516,14.0,2.971139430999756
2315,longitude,1,0.8395061492919922,0.8395061492919922,27.0,5.723987579345703
2316,longitudinal wave,1,0.7352941036224365,0.7352941036224365,24.0,9.250391006469728
2317,loose,1,0.4000000059604645,0.4000000059604645,12.0,4.537691593170166
2318,loose leaf binder,1,0.7878788113594055,0.7878788113594055,26.0,3.7429518699646
2319,lorry,3,0.708994726339976,0.7301587462425232,24.0,4.223140716552734
2320,lose,2,0.42451298236846924,0.42451298236846924,13.5,6.016109943389893
2321,losses due to exessive water,1,0.5957446694374084,0.5957446694374084,19.0,4.712708473205566
2322,lotus,2,0.7888889014720917,0.7888889014720917,24.5,4.710417747497559
2323,loud speaker,1,0.6442307829856873,0.6442307829856873,22.0,9.223283767700195
2324,love,2,0.658787876367569,0.658787876367569,22.0,5.916101455688477
2325,love marriage,1,0.8584070801734924,0.8584070801734924,27.0,4.6931328773498535
2326,low,1,0.2666666805744171,0.2666666805744171,8.0,4.888779640197754
2327,low lying area,1,0.6146789193153381,0.6146789193153381,19.0,5.377390861511231
2328,lower court,1,0.8638888597488403,0.8638888597488403,27.0,6.241551399230957
2329,lower division clerk,1,0.489130437374115,0.489130437374115,16.0,4.774029731750488
2330,lubrication oil,1,0.5222222208976746,0.5222222208976746,19.0,6.133396148681641
2331,luck,1,0.7011494040489197,0.7011494040489197,22.0,3.523630142211914
2332,lucknow,1,0.3333333432674408,0.3333333432674408,10.0,3.09122371673584
2333,lucky,1,0.7200000286102295,0.7200000286102295,23.0,11.199030876159668
2334,lumberjack,1,0.4166666567325592,0.4166666567325592,13.0,3.3286352157592773
2335,lumpsum,1,0.8500000238418579,0.8500000238418579,27.0,3.693259477615357
2336,lunacy,1,0.6074073910713196,0.6074073910713196,20.0,3.8500263690948486
2337,lunar eclipse,1,0.798561155796051,0.798561155796051,26.0,4.725091457366943
2338,lunch,2,0.7277777791023254,0.7277777791023254,24.5,4.435070037841797
2339,luster,1,0.4629629552364349,0.4629629552364349,15.0,4.028492450714111
2340,macau,1,0.5714285969734192,0.5714285969734192,18.0,6.073793888092041
2341,machine,1,0.460317462682724,0.460317462682724,16.0,3.9326493740081783
2342,machine water pump,1,0.8267326951026917,0.8267326951026917,25.0,5.728528022766113
2343,machines,1,0.2738095223903656,0.2738095223903656,11.0,3.441761016845703
2344,madagascar,1,0.5138888955116272,0.5138888955116272,16.0,4.988100528717041
2345,madhya pradesh,2,0.45373375713825226,0.45373375713825226,14.5,12.628344535827637
2346,magic,4,0.4646962210536003,0.4365079402923584,15.5,6.79227352142334
2347,magician,1,0.4631578922271728,0.4631578922271728,14.0,4.643317222595215
2348,magnet,4,0.47380953282117844,0.46666666865348816,14.75,10.13790225982666
2349,magnetic ink character recognition,1,0.875,0.875,29.0,5.41515064239502
2350,magnetism,1,0.7472527623176575,0.7472527623176575,23.0,5.282727241516113
2351,magnification,1,0.729411780834198,0.729411780834198,24.0,8.82694149017334
2352,maha shivaratri,3,0.5515669782956442,0.5555555820465088,17.666666666666668,3.81485366821289
2353,maharashtra,1,0.4285714328289032,0.4285714328289032,13.0,4.725757598876953
2354,maharastra,1,0.5454545617103577,0.5454545617103577,17.0,2.723764181137085
2355,mahatma gandhi,1,0.4672897160053253,0.4672897160053253,14.0,4.017977714538574
2356,mahavir,1,0.4155844151973724,0.4155844151973724,13.0,4.524415016174316
2357,mahavir jayanthi,1,0.5454545617103577,0.5454545617103577,17.0,3.856804370880127
2358,mahavir jayanti,2,0.6168384850025177,0.6168384850025177,19.5,5.551674842834473
2359,mail,1,0.6333333253860474,0.6333333253860474,21.0,4.984087944030762
2360,mail transfer,1,0.574999988079071,0.574999988079071,20.0,3.4123694896698
2361,main,1,0.5037037134170532,0.5037037134170532,17.0,2.352365255355835
2362,main scale,1,0.3300000131130218,0.3300000131130218,9.0,3.7871267795562735
2363,mainsworn,1,0.862162172794342,0.862162172794342,27.0,5.606061935424805
2364,maintenance allowance,1,0.6296296119689941,0.6296296119689941,20.0,3.2117061614990234
2365,major,1,0.5407407283782959,0.5407407283782959,17.0,3.549944877624512
2366,majority,1,0.753333330154419,0.753333330154419,26.0,2.8818325996398926
2367,make,2,0.398737832903862,0.398737832903862,12.5,6.549640655517578
2368,make a long story short,3,0.6024796962738037,0.5714285969734192,19.0,11.798540115356444
2369,malawi,1,0.5633803009986877,0.5633803009986877,17.0,6.343319892883301
2370,malayalam,2,0.5451515167951584,0.5451515167951584,17.0,5.633958339691162
2371,malaysia,1,0.5454545617103577,0.5454545617103577,18.0,5.2005815505981445
2372,mali,1,0.6071428656578064,0.6071428656578064,20.0,3.027446746826172
2373,mall,1,0.75,0.75,24.0,4.328445911407471
2374,mallet,1,0.5357142686843872,0.5357142686843872,16.0,5.501560211181641
2375,man,3,0.662111888329188,0.7400000095367432,20.666666666666668,4.978011608123779
2376,manage,2,0.6204844117164612,0.6204844117164612,19.5,2.2846462726593018
2377,management,1,0.4833333194255829,0.4833333194255829,16.0,6.693960189819336
2378,manager,1,0.3819444477558136,0.3819444477558136,12.0,2.4447741508483887
2379,mandatory,1,0.4000000059604645,0.4000000059604645,12.0,3.278428077697754
2380,mango,2,0.46796537935733795,0.46796537935733795,14.5,4.028520584106445
2381,manipur,3,0.6021475394566854,0.5764706134796143,19.666666666666668,7.841474533081055
2382,manjira,1,0.5615384578704834,0.5615384578704834,17.0,4.464669227600098
2383,manner,1,0.2719298303127289,0.2719298303127289,10.0,6.755153656005859
2384,manual of instruction,1,0.6000000238418579,0.6000000238418579,18.0,3.359363317489624
2385,manufacture,1,0.6111111044883728,0.6111111044883728,19.0,4.541390895843506
2386,manure,1,0.6285714507102966,0.6285714507102966,21.0,2.9684269428253174
2387,map,1,0.75,0.75,24.0,4.608193397521973
2388,marathi,1,0.5333333611488342,0.5333333611488342,16.0,3.1112468242645264
2389,march,1,0.6555555462837219,0.6555555462837219,21.0,4.708551406860352
2390,margin,1,0.75,0.75,24.0,6.928626537322998
2391,marigold,1,0.64462810754776,0.64462810754776,20.0,7.155796527862549
2392,mark,1,0.8416666388511658,0.8416666388511658,28.0,4.53219747543335
2393,market,1,0.682539701461792,0.682539701461792,22.0,7.138629913330078
2394,marketing of vegetables,1,0.6701388955116272,0.6701388955116272,21.0,5.889451026916504
2395,marking table,1,0.7932011485099792,0.7932011485099792,25.0,6.603379249572754
2396,marry,1,0.4117647111415863,0.4117647111415863,13.0,3.2282140254974365
2397,marth,1,0.6555555462837219,0.6555555462837219,21.0,6.436667442321777
2398,maruti car,1,0.5249999761581421,0.5249999761581421,17.0,13.470495223999023
2399,mary,1,0.4399999976158142,0.4399999976158142,13.0,4.506742477416992
2400,masculine,1,0.726190447807312,0.726190447807312,23.0,3.039066791534424
2401,mason,2,0.635185182094574,0.635185182094574,20.5,5.551312446594238
2402,mason square,1,0.935606062412262,0.935606062412262,29.0,5.105578422546387
2403,masonry bit,1,0.5186246633529663,0.5186246633529663,17.0,3.678262948989868
2404,masquito,1,0.4799999892711639,0.4799999892711639,18.0,6.101747989654541
2405,mass,1,0.3600000143051147,0.3600000143051147,11.0,3.682784557342529
2406,mat,2,0.523809552192688,0.523809552192688,18.0,4.921622276306152
2407,match,1,0.5802469253540039,0.5802469253540039,18.0,12.469157218933104
2408,matchbox,2,0.5055555552244186,0.5055555552244186,16.0,6.0395050048828125
2409,material,2,0.43175916373729706,0.43175916373729706,15.0,6.018187999725342
2410,maternal aunt,1,0.3478260934352875,0.3478260934352875,11.0,2.2356560230255127
2411,mathematical,1,0.3655914068222046,0.3655914068222046,12.0,10.658598899841309
2412,mathematics,1,0.4266666769981384,0.4266666769981384,13.0,8.286897659301758
2413,maths,1,0.6712328791618347,0.6712328791618347,22.0,7.010112285614014
2414,mating method of poultry,1,0.613772451877594,0.613772451877594,19.0,4.267169952392578
2415,matrimonial home,1,0.8192771077156067,0.8192771077156067,26.0,3.735055446624756
2416,mature,1,0.8914473652839661,0.8914473652839661,28.0,5.1455793380737305
2417,maturity,1,0.8962963223457336,0.8962963223457336,29.0,5.940515041351318
2418,mauritius,1,0.6410256624221802,0.6410256624221802,20.0,3.968631267547608
2419,maximum,3,0.5684891243775686,0.604938268661499,19.666666666666668,7.047077178955078
2420,may,2,0.4814679026603699,0.4814679026603699,16.5,4.020768642425537
2421,maybe,1,0.640625,0.640625,20.0,4.792778968811035
2422,mazdoor,1,0.6774193644523621,0.6774193644523621,22.0,4.451516151428223
2423,me,1,0.523809552192688,0.523809552192688,16.0,2.5457441806793213
2424,meager,1,0.5730336904525757,0.5730336904525757,18.0,3.7233381271362314
2425,mean,2,0.510309249162674,0.510309249162674,16.0,7.535667896270752
2426,measles,2,0.6777777969837189,0.6777777969837189,21.5,4.1688642501831055
2427,measure,3,0.46326663096745807,0.4126984179019928,14.666666666666666,8.365445137023926
2428,measurement,2,0.773333340883255,0.773333340883255,25.0,16.137815475463867
2429,measuring tape,1,0.3245614171028137,0.3245614171028137,11.0,4.443737030029297
2430,meat,3,0.450961301724116,0.4563106894493103,14.333333333333334,6.0389251708984375
2431,mechanic,4,0.61851567029953,0.627136766910553,20.0,5.471447944641113
2432,mechanics,1,0.5052631497383118,0.5052631497383118,17.0,5.845931053161621
2433,medal,1,0.5247524976730347,0.5247524976730347,17.0,4.432921409606934
2434,medicine,1,0.4772727191448211,0.4772727191448211,15.0,4.703398704528809
2435,mediocre,1,0.5783132314682007,0.5783132314682007,18.0,4.32135009765625
2436,meditate,1,0.4743589758872986,0.4743589758872986,14.0,8.123271942138672
2437,medium shrubs,1,0.8883248567581177,0.8883248567581177,28.0,6.438903331756592
2438,meet,2,0.5051997750997543,0.5051997750997543,16.0,9.127645492553713
2439,meeting,2,0.6879940629005432,0.6879940629005432,21.5,4.359530925750732
2440,meghalaya,2,0.4791666716337204,0.4791666716337204,15.0,4.20326042175293
2441,melt,4,0.6776514649391174,0.6762239634990692,22.25,5.544714450836182
2442,melting point,1,0.8867924809455872,0.8867924809455872,29.0,6.497304916381836
2443,memo,1,0.6333333253860474,0.6333333253860474,21.0,5.078202247619629
2444,memorize,1,0.4399999976158142,0.4399999976158142,14.0,2.5100626945495605
2445,memory card,1,0.3627451062202453,0.3627451062202453,11.0,4.834713935852051
2446,memory unit,1,0.698060929775238,0.698060929775238,22.0,3.1551826000213623
2447,menu,1,0.6916666626930237,0.6916666626930237,22.0,6.720168590545654
2448,merchant,1,0.4916666746139526,0.4916666746139526,16.0,5.1398234367370605
2449,mercury,1,0.7021276354789734,0.7021276354789734,22.0,4.861443996429443
2450,merge,1,0.31496062874794,0.31496062874794,10.0,4.420381546020508
2451,merger,1,0.6083333492279053,0.6083333492279053,20.0,3.800838232040405
2452,merit and demerits,1,0.7904762029647827,0.7904762029647827,26.0,5.096375942230225
2453,message,3,0.6746415793895721,0.5483871102333069,22.0,4.724226474761963
2454,message video,1,0.3928571343421936,0.3928571343421936,13.0,3.5156397819519043
2455,messages videos,1,0.4285714328289032,0.4285714328289032,14.0,4.78815221786499
2456,messenger,1,0.4444444477558136,0.4444444477558136,15.0,5.777885913848877
2457,metal,2,0.44069579243659973,0.44069579243659973,15.0,4.702006816864014
2458,meter,1,0.7200000286102295,0.7200000286102295,23.0,6.595434665679932
2459,method,1,0.6176470518112183,0.6176470518112183,19.0,4.961809158325195
2460,method of accounting,1,0.6333333253860474,0.6333333253860474,21.0,8.083700180053711
2461,methods of drainage,1,0.6714975833892822,0.6714975833892822,21.0,4.769830226898193
2462,metre,2,0.7023081183433533,0.7023081183433533,23.0,6.699656486511231
2463,metro,1,0.3894736766815185,0.3894736766815185,12.0,4.316717624664307
2464,mexico,1,0.5522388219833374,0.5522388219833374,17.0,3.2008540630340576
2465,mho,1,0.4150943458080292,0.4150943458080292,15.0,4.361046314239502
2466,mi xiaomi,1,0.4160000085830688,0.4160000085830688,13.0,2.646515369415283
2467,micromax mobile,1,0.3863636255264282,0.3863636255264282,12.0,3.874192714691162
2468,microphone,1,0.6019417643547058,0.6019417643547058,19.0,2.871766328811645
2469,microwave,1,0.7333333492279053,0.7333333492279053,24.0,5.685244560241699
2470,middle,2,0.48604539036750793,0.48604539036750793,14.5,5.146905899047852
2471,might,1,0.5142857432365417,0.5142857432365417,17.0,7.059275150299072
2472,milad un nabi,1,0.746835470199585,0.746835470199585,24.0,7.079336166381836
2473,mild steel rod,1,0.4078212380409241,0.4078212380409241,12.0,16.557273864746094
2474,mile,3,0.5974283814430237,0.6100628972053528,19.333333333333332,4.54831600189209
2475,milk,2,0.7534331977367401,0.7534331977367401,25.5,11.689635276794434
2476,milk adultration,1,0.6328502297401428,0.6328502297401428,20.0,4.167579174041748
2477,milk bottle,1,0.5762711763381958,0.5762711763381958,18.0,9.758333206176758
2478,milk powder,1,0.4697986543178558,0.4697986543178558,15.0,5.552901268005371
2479,milkman,2,0.5686363577842712,0.5686363577842712,18.0,5.354275703430176
2480,milli litre,1,0.4666666686534881,0.4666666686534881,15.0,3.8273580074310303
2481,milligram,1,0.6238532066345215,0.6238532066345215,22.0,3.3928699493408203
2482,millilitre,2,0.7116271257400513,0.7116271257400513,23.5,5.798447132110596
2483,millimetre,1,0.7938144207000732,0.7938144207000732,27.0,6.347567558288574
2484,milling cutter angle,1,0.5509259104728699,0.5509259104728699,17.0,5.129908084869385
2485,milling cutter concave,1,0.5833333134651184,0.5833333134651184,18.0,5.78552770614624
2486,milling cutter convex,1,0.6442952752113342,0.6442952752113342,20.0,5.178447246551514
2487,millionaire,1,0.6756756901741028,0.6756756901741028,21.0,4.164274215698242
2488,milter hat,1,0.5111111402511597,0.5111111402511597,16.0,4.524562835693359
2489,milter stripes,1,0.4377880096435547,0.4377880096435547,13.0,3.895879030227661
2490,mime,1,0.3333333432674408,0.3333333432674408,10.0,4.39409065246582
2491,mineral matter,1,0.8080000281333923,0.8080000281333923,26.0,6.765723705291748
2492,minimize,1,0.6882715821266174,0.6882715821266174,21.0,5.045440673828125
2493,minimum,3,0.7135213414827982,0.644444465637207,23.0,10.158037185668944
2494,minister,2,0.7641496658325195,0.7641496658325195,25.5,5.137358665466309
2495,ministry of social justice and empowerment,2,0.6613873243331909,0.6613873243331909,20.5,8.246326446533203
2496,minor,2,0.7998711168766022,0.7998711168766022,26.5,4.57421875
2497,minority,2,0.4381188154220581,0.4381188154220581,14.0,3.634758949279785
2498,minute,2,0.8135504126548767,0.8135504126548767,26.5,5.068855285644531
2499,minutes,2,0.550000011920929,0.550000011920929,17.5,5.799234390258789
2500,mirror,3,0.5747779409090678,0.5714285969734192,18.333333333333332,4.998382568359375
2501,misappropriation,1,0.5400000214576721,0.5400000214576721,17.0,3.3933024406433105
2502,misbehaviour,1,0.824999988079071,0.824999988079071,27.0,7.399988174438477
2503,miss,2,0.3418750017881393,0.3418750017881393,12.0,6.424160480499268
2504,missing,1,0.3904761970043182,0.3904761970043182,13.0,3.910295009613037
2505,mistake,4,0.4345466196537018,0.4190932363271713,13.75,4.194393634796143
2506,misunderstand,1,0.7654321193695068,0.7654321193695068,26.0,3.298008680343628
2507,mitsubishi motors,1,0.5083333253860474,0.5083333253860474,16.0,4.6238932609558105
2508,mix,2,0.5565258264541626,0.5565258264541626,18.0,6.279810905456543
2509,mixer,4,0.7116666734218597,0.7166666686534882,22.0,6.572615146636963
2510,mizoram,3,0.5056277215480804,0.5363636612892151,16.333333333333332,7.84100866317749
2511,mobile,3,0.42737722396850586,0.4252873659133911,13.333333333333334,3.778939247131348
2512,mobilisation deposit,1,0.5185185074806213,0.5185185074806213,18.0,5.686554908752441
2513,model,2,0.6599999964237213,0.6599999964237213,22.0,8.33720588684082
2514,modern,2,0.5622109770774841,0.5622109770774841,18.5,5.980287075042725
2515,modern roof,1,0.5028571486473083,0.5028571486473083,17.0,8.52835750579834
2516,modification,1,0.5799999833106995,0.5799999833106995,19.0,4.33772087097168
2517,mogra,2,0.9111111164093018,0.9111111164093018,29.5,6.135932922363281
2518,molecuiar motion,1,0.6514285802841187,0.6514285802841187,22.0,6.3744306564331055
2519,molecule,1,0.5,0.5,17.0,6.966312408447266
2520,monday,13,0.45858532648820144,0.4666666686534881,15.076923076923077,7.705270767211914
2521,monetary,1,0.4666666686534881,0.4666666686534881,16.0,4.460716247558594
2522,money,1,0.3492063581943512,0.3492063581943512,11.0,3.4053471088409424
2523,money order,1,0.5799999833106995,0.5799999833106995,19.0,4.123692512512207
2524,moneylender,1,0.9333333373069764,0.9333333373069764,30.0,8.471500396728516
2525,mongolia,1,0.534246563911438,0.534246563911438,17.0,3.0331270694732666
2526,monitoring,1,0.4666666686534881,0.4666666686534881,15.0,2.3787505626678467
2527,monkey,4,0.4878780469298363,0.4466666728258133,15.75,9.681984901428224
2528,monocotyledonae,1,0.8253968358039856,0.8253968358039856,26.0,6.172186851501465
2529,monsoon,1,0.6436781883239746,0.6436781883239746,20.0,3.781606674194336
2530,monster truck,1,0.8333333134651184,0.8333333134651184,26.0,4.872971057891846
2531,month,6,0.44396978120009106,0.39499999582767487,15.333333333333334,7.120916843414307
2532,monthly return,1,0.5703703761100769,0.5703703761100769,19.0,7.697091579437256
2533,monthly statement,1,0.875,0.875,28.0,5.266934394836426
2534,moon,2,0.699999988079071,0.699999988079071,23.0,11.185144424438477
2535,moral,1,0.9733333587646484,0.9733333587646484,32.0,7.764040946960449
2536,more,2,0.4964422732591629,0.4964422732591629,16.0,4.745239734649658
2537,morning,4,0.5472222417593002,0.5444444715976715,17.25,6.951917171478272
2538,mortgage,1,0.8999999761581421,0.8999999761581421,30.0,4.756961822509766
2539,mosque,1,0.4933333396911621,0.4933333396911621,16.0,4.076510429382324
2540,mosquito,1,0.54666668176651,0.54666668176651,19.0,4.034208297729492
2541,mother,8,0.66206144541502,0.6708333492279053,21.25,6.08266544342041
2542,mother in law,1,1.0,1.0,32.0,4.64911413192749
2543,mother tongue,1,0.6315789222717285,0.6315789222717285,20.0,6.115208148956299
2544,motherboard,1,0.681034505367279,0.681034505367279,22.0,6.448690891265869
2545,motion,1,0.3855421543121338,0.3855421543121338,16.0,2.500897169113159
2546,motivate,1,0.7708333134651184,0.7708333134651184,24.0,5.434754848480225
2547,motor,2,0.4843073636293411,0.4843073636293411,16.5,4.065437316894531
2548,motorcycle,3,0.46957671642303467,0.4722222089767456,15.333333333333334,6.672626495361328
2549,motorcycle air filter,1,0.8931750655174255,0.8931750655174255,28.0,5.68613862991333
2550,motorola,1,0.4629629552364349,0.4629629552364349,15.0,5.379014015197754
2551,mountain,3,0.3762963016827901,0.3799999952316284,12.333333333333334,7.385672569274902
2552,mouse,1,0.6517857313156128,0.6517857313156128,21.0,6.140860080718994
2553,mouse click,1,0.5714285969734192,0.5714285969734192,18.0,3.592050075531006
2554,mouse pad,1,0.5886792540550232,0.5886792540550232,19.0,4.2863874435424805
2555,mouth,3,0.5537484784921011,0.5307692289352417,19.0,2.9899399280548096
2556,mouth organ,1,0.5762711763381958,0.5762711763381958,18.0,6.340646266937256
2557,mouth parts,1,0.8838028311729431,0.8838028311729431,27.0,4.776885509490967
2558,mouth spray,1,0.4883720874786377,0.4883720874786377,16.0,2.1251449584960938
2559,mouthwash,1,0.389380544424057,0.389380544424057,12.0,4.3611907958984375
2560,movable property,1,0.7111111283302307,0.7111111283302307,23.0,3.960622787475586
2561,move,2,0.5370851308107376,0.5370851308107376,18.0,6.963459968566895
2562,movement,1,0.6612903475761414,0.6612903475761414,21.0,8.2084379196167
2563,movie,1,0.6382978558540344,0.6382978558540344,20.0,5.089133739471436
2564,ms excel,1,0.4166666567325592,0.4166666567325592,13.0,4.893523693084717
2565,ms powerpoint,1,0.3240740597248077,0.3240740597248077,11.0,7.989743232727051
2566,ms windows,1,0.4666666686534881,0.4666666686534881,15.0,5.110687732696533
2567,ms word,1,0.2708333432674408,0.2708333432674408,8.0,4.397555828094482
2568,mtl,1,0.7799999713897705,0.7799999713897705,25.0,5.500204086303711
2569,mtnl,1,0.5740740895271301,0.5740740895271301,18.0,3.42703914642334
2570,mucosal disease,1,0.7152777910232544,0.7152777910232544,22.0,4.149392127990723
2571,mud,2,0.4911504238843918,0.4911504238843918,15.5,4.597776889801025
2572,muffler,1,0.5512195229530334,0.5512195229530334,17.0,3.689982652664185
2573,mug,2,0.6666666567325592,0.6666666567325592,21.0,7.072788238525391
2574,mugshot,1,0.8154362440109253,0.8154362440109253,26.0,4.559471607208252
2575,muharram,2,0.5380952656269073,0.5380952656269073,18.0,8.675436973571777
2576,muitimeter,1,0.9836065769195556,0.9836065769195556,32.0,8.165426254272461
2577,multi storey building,1,0.8291139006614685,0.8291139006614685,27.0,5.940824508666992
2578,multiple,1,0.5232558250427246,0.5232558250427246,16.0,6.671102046966553
2579,multiply,1,0.4133333265781402,0.4133333265781402,13.0,2.2523250579833984
2580,mumbai,2,0.39949965476989746,0.39949965476989746,13.0,6.548333168029785
2581,mumps,2,0.7611111104488373,0.7611111104488373,25.5,4.932507514953613
2582,murder,3,0.6106138130029043,0.4705882370471954,19.666666666666668,8.010129928588867
2583,murraya exotica,1,0.7675158977508545,0.7675158977508545,25.0,5.198609828948975
2584,museum,1,0.6984127163887024,0.6984127163887024,23.0,7.691056251525879
2585,mushroom,2,0.5233516544103622,0.5233516544103622,16.0,5.395188808441162
2586,mushroom harvesting,1,0.8820512890815735,0.8820512890815735,28.0,12.702378273010254
2587,mushroom pleating,1,0.3725490272045135,0.3725490272045135,12.0,3.4223873615264893
2588,mushroom production,1,0.748344361782074,0.748344361782074,23.0,10.30015468597412
2589,mushroom storage,1,0.7717041969299316,0.7717041969299316,25.0,5.895196914672852
2590,music,2,0.6420454680919647,0.6420454680919647,21.0,10.45757007598877
2591,musician,2,0.6531994640827179,0.6531994640827179,21.0,3.98715090751648
2592,muslim,3,0.4325377245744069,0.4342105388641357,13.666666666666666,5.20206356048584
2593,mute,1,0.4533333480358124,0.4533333480358124,15.0,2.6148152351379395
2594,mutual agreement,1,0.5583333373069763,0.5583333373069763,19.0,5.155702590942383
2595,my,2,0.45103825628757477,0.45103825628757477,14.0,3.49885368347168
2596,my name is,1,0.569767415523529,0.569767415523529,18.0,3.3715085983276367
2597,myanmar,1,0.6027397513389587,0.6027397513389587,19.0,10.974533081054688
2598,myself,2,0.4506140351295471,0.4506140351295471,14.5,3.2764875888824463
2599,mysore,1,0.3866666555404663,0.3866666555404663,12.0,3.0856614112854004
2600,mysuru,1,0.4492753744125366,0.4492753744125366,14.0,4.230440616607666
2601,nagaland,1,0.7179487347602844,0.7179487347602844,22.0,5.818258285522461
2602,nagpur,1,0.6134454011917114,0.6134454011917114,19.0,2.913216114044189
2603,nail,2,0.529285728931427,0.529285728931427,16.5,4.223776340484619
2604,nail cutter,1,0.6293103694915771,0.6293103694915771,19.0,2.6311638355255127
2605,nail polish,2,0.653333306312561,0.653333306312561,20.0,4.705672264099121
2606,namaste,1,0.4675324559211731,0.4675324559211731,15.0,6.745091438293457
2607,name,7,0.5413394442626408,0.5671641826629639,17.428571428571427,7.3958740234375
2608,namibia,1,0.6216216087341309,0.6216216087341309,20.0,3.29089903831482
2609,nap fabrick,1,0.4195121824741363,0.4195121824741363,13.0,4.646369457244873
2610,nappy,1,0.6666666865348816,0.6666666865348816,21.0,4.129740238189697
2611,narrow,2,0.4933783859014511,0.4933783859014511,15.5,5.2872514724731445
2612,national,2,0.6260626316070557,0.6260626316070557,20.0,4.280826091766357
2613,national anthem,3,0.6512923439343771,0.6470588445663452,20.666666666666668,4.968205451965332
2614,national association of the deaf,1,0.5820895433425903,0.5820895433425903,18.0,5.405141830444336
2615,national capital region,1,0.5,0.5,16.0,5.154335021972656
2616,nationalisation,1,0.8242424130439758,0.8242424130439758,26.0,5.469775676727295
2617,nationalist congress party,1,0.5882353186607361,0.5882353186607361,18.0,4.961465358734131
2618,natural,2,0.5153223127126694,0.5153223127126694,17.5,10.433338165283203
2619,natural gas,1,0.9193548560142516,0.9193548560142516,31.0,5.05429220199585
2620,natural gaurdian,1,0.8888888955116272,0.8888888955116272,31.0,2.592597007751465
2621,natural numbers,1,0.4722222089767456,0.4722222089767456,15.0,2.867823362350464
2622,nature,1,0.4529914557933807,0.4529914557933807,14.0,6.548453330993652
2623,ncp,1,0.8095238208770752,0.8095238208770752,26.0,9.7049560546875
2624,near,1,0.5873016119003296,0.5873016119003296,20.0,8.084624290466309
2625,nearby,1,0.3684210479259491,0.3684210479259491,12.0,4.550305843353272
2626,nearly,1,0.4912280738353729,0.4912280738353729,15.0,2.046571731567383
2627,neat,1,0.6931818127632141,0.6931818127632141,22.0,8.210741996765137
2628,necessary,1,0.380952388048172,0.380952388048172,12.0,4.297515392303467
2629,neck,3,0.5807359417279562,0.6022727489471436,18.333333333333332,8.14768123626709
2630,neck band,1,0.4469696879386902,0.4469696879386902,14.0,3.1334352493286133
2631,necklace,3,0.4611111283302307,0.5333333611488342,14.666666666666666,4.70921802520752
2632,nect tie,2,0.5600000023841858,0.5600000023841858,18.0,5.168298244476318
2633,need,1,0.7200000286102295,0.7200000286102295,23.0,5.261061668395996
2634,needle,2,0.5608642101287842,0.5608642101287842,18.0,12.783818244934082
2635,negative,2,0.7443181872367859,0.7443181872367859,23.5,13.423384666442873
2636,negative error,1,0.9896907210350036,0.9896907210350036,32.0,7.221584320068359
2637,negligence,1,0.5333333611488342,0.5333333611488342,18.0,3.455342054367065
2638,negligent,1,0.3829787373542785,0.3829787373542785,12.0,3.285982370376587
2639,negligible,1,0.9253731369972228,0.9253731369972228,29.0,12.132134437561035
2640,negogiable instrumemts,1,0.8962963223457336,0.8962963223457336,30.0,4.6737165451049805
2641,nehru collar,1,0.4023668766021728,0.4023668766021728,13.0,2.716784715652466
2642,neighbour,3,0.5563064714272817,0.5,18.333333333333332,13.710864067077637
2643,nematode control,1,0.8519552946090698,0.8519552946090698,26.0,6.295393943786621
2644,nematology,1,0.9016393423080444,0.9016393423080444,29.0,6.7292094230651855
2645,nepal,3,0.4605364004770915,0.4482758641242981,15.0,5.192348003387451
2646,nephew,1,0.7962962985038757,0.7962962985038757,28.0,4.677762031555176
2647,neptune,1,0.8305084705352783,0.8305084705352783,26.0,9.6590576171875
2648,nervous,4,0.5687945634126663,0.5767292380332947,18.5,5.93198299407959
2649,nest,2,0.6944444477558136,0.6944444477558136,21.5,9.076828002929688
2650,net profit,1,0.9833333492279052,0.9833333492279052,32.0,4.1868977546691895
2651,netaji subhas chandra bose,1,0.3714285790920257,0.3714285790920257,12.0,4.345406532287598
2652,netflix,1,0.5595238208770752,0.5595238208770752,18.0,4.242867469787598
2653,netherlands,1,0.5205479264259338,0.5205479264259338,17.0,8.450435638427734
2654,network,2,0.5008417516946793,0.5008417516946793,16.0,6.282548904418945
2655,neutral,1,0.9586206674575806,0.9586206674575806,31.0,6.1251540184021
2656,neutron,1,0.7881355881690979,0.7881355881690979,25.0,7.726640701293945
2657,never,2,0.41003237664699554,0.41003237664699554,13.0,5.9320902824401855
2658,new,2,0.43434344232082367,0.43434344232082367,13.5,3.466724157333374
2659,new delhi,1,0.4144144058227539,0.4144144058227539,14.0,4.281910419464111
2660,new moon day,1,0.7168141603469849,0.7168141603469849,23.0,4.460110664367676
2661,new zealand,1,0.6891891956329346,0.6891891956329346,21.0,3.723597526550293
2662,newly married,1,0.8647686839103699,0.8647686839103699,27.0,9.885552406311035
2663,newly weds,1,0.4166666567325592,0.4166666567325592,13.0,3.253352642059326
2664,news,1,0.6410256624221802,0.6410256624221802,20.0,2.8464291095733643
2665,newspaper,2,0.5952381193637848,0.5952381193637848,18.5,5.590182304382324
2666,newsreader,1,0.5497382283210754,0.5497382283210754,17.0,10.835405349731444
2667,newton,1,0.8641975522041321,0.8641975522041321,28.0,4.22139310836792
2668,next,5,0.47025601863861083,0.4473684132099151,15.0,4.926781177520752
2669,next month,1,0.4767441749572754,0.4767441749572754,15.0,3.471321582794189
2670,next week,1,0.5714285969734192,0.5714285969734192,18.0,4.045349597930908
2671,next year,1,0.5730336904525757,0.5730336904525757,18.0,7.063870906829834
2672,nice,2,0.5209314376115799,0.5209314376115799,17.0,5.895596981048584
2673,nice to meet you,1,0.5421686768531799,0.5421686768531799,17.0,3.37496280670166
2674,niece,1,0.5227272510528564,0.5227272510528564,17.0,4.595837593078613
2675,niger,1,0.5,0.5,16.0,3.327922821044922
2676,nigeria,1,0.5180723071098328,0.5180723071098328,17.0,3.6415278911590576
2677,night,4,0.5048611238598824,0.5166666805744171,16.25,8.382368087768555
2678,nine,1,0.4947368502616882,0.4947368502616882,16.0,5.366873264312744
2679,nineteen,1,0.4895833432674408,0.4895833432674408,16.0,6.3278584480285645
2680,ninth,1,0.6778523325920105,0.6778523325920105,21.0,3.7481865882873535
2681,no,2,0.4621794819831848,0.4621794819831848,14.5,3.153811454772949
2682,no due certificate,1,1.0,1.0,32.0,8.145617485046387
2683,noc,1,1.0,1.0,32.0,4.321054935455322
2684,noise,2,0.5478235930204391,0.5478235930204391,18.0,7.823667526245117
2685,noise pollution,2,0.6682581007480621,0.6682581007480621,22.0,12.939114570617676
2686,nokia mobile,1,0.3333333432674408,0.3333333432674408,10.0,1.5650490522384644
2687,nominal value,1,0.9714285731315612,0.9714285731315612,32.0,3.377391815185547
2688,nominate,1,0.8761904835700989,0.8761904835700989,29.0,4.201026916503906
2689,nominee,1,0.3664596378803253,0.3664596378803253,12.0,6.281487941741943
2690,nomographer,1,0.6538461446762085,0.6538461446762085,21.0,4.6492414474487305
2691,non,2,0.6900469660758972,0.6900469660758972,23.0,9.233716011047363
2692,non access,1,0.7072463631629944,0.7072463631629944,22.0,3.32889986038208
2693,non infectious disease,1,0.8427299857139587,0.8427299857139587,26.0,8.015366554260254
2694,non legal,1,0.4833333194255829,0.4833333194255829,16.0,3.7194478511810303
2695,non payment,1,0.4916666746139526,0.4916666746139526,16.0,8.376524925231934
2696,non vegetarian,1,0.5874125957489014,0.5874125957489014,18.0,4.050271511077881
2697,noon,3,0.5328042407830557,0.5428571701049805,16.333333333333332,3.056769609451294
2698,norfolk jacket,1,0.4377880096435547,0.4377880096435547,13.0,2.327224969863892
2699,north,3,0.4631565312544505,0.5,15.0,10.520096778869627
2700,north america,1,0.5113636255264282,0.5113636255264282,17.0,7.25684928894043
2701,north korea,1,0.6707317233085632,0.6707317233085632,21.0,3.801513910293579
2702,north pole,3,0.7112877567609152,0.738095223903656,23.0,6.912753582000732
2703,north-east,1,0.5428571701049805,0.5428571701049805,17.0,4.462230682373047
2704,norway,1,0.5,0.5,17.0,3.0047526359558105
2705,nose,3,0.6287362774213155,0.7142857313156128,20.333333333333332,4.596035480499268
2706,nose stud,2,0.5396825671195984,0.5396825671195984,17.0,5.543287754058838
2707,not,1,0.5,0.5,15.0,6.82904863357544
2708,not negotiable,1,0.7083333134651184,0.7083333134651184,22.0,4.98026180267334
2709,notary public,1,0.8814814686775208,0.8814814686775208,29.0,3.76898193359375
2710,notch collar,1,0.3333333432674408,0.3333333432674408,10.0,2.036406993865967
2711,note,1,0.4000000059604645,0.4000000059604645,12.0,7.198123455047607
2712,note book,1,0.5040000081062317,0.5040000081062317,16.0,3.062775135040283
2713,notesheet,1,0.6000000238418579,0.6000000238418579,20.0,3.018724203109741
2714,nothing,3,0.4764309724171956,0.5,15.333333333333334,5.457437038421631
2715,notice,1,0.7058823704719543,0.7058823704719543,22.0,6.766297340393066
2716,notice board,1,0.8333333134651184,0.8333333134651184,26.0,7.474279403686523
2717,notification,2,0.6916666626930237,0.6916666626930237,22.0,5.795659065246582
2718,notify,3,0.49716850121816,0.5373134613037109,16.666666666666668,6.520073413848877
2719,noun,2,0.49123358726501465,0.49123358726501465,15.5,4.495181560516357
2720,november,3,0.5640840927759806,0.5600000023841858,18.333333333333332,5.983111381530762
2721,nri,1,0.6303030252456665,0.6303030252456665,21.0,5.317769527435303
2722,nuclear energy,1,0.568965494632721,0.568965494632721,18.0,4.865947246551514
2723,nuclear reactor,1,0.7124999761581421,0.7124999761581421,25.0,7.088113307952881
2724,nucleus,1,0.5322580933570862,0.5322580933570862,18.0,2.427245855331421
2725,number system,1,0.97183096408844,0.97183096408844,31.0,8.41946792602539
2726,numerical control,1,0.6973684430122375,0.6973684430122375,22.0,6.485496997833252
2727,numerous,1,0.6385542154312134,0.6385542154312134,21.0,4.694377899169922
2728,numpad,1,0.6166666746139526,0.6166666746139526,19.0,3.8823280334472656
2729,nuncupative will,1,0.8655462265014648,0.8655462265014648,28.0,4.802553653717041
2730,nurse,2,0.581250011920929,0.581250011920929,18.0,6.641892433166504
2731,nut,2,0.5433333218097687,0.5433333218097687,17.0,4.146890163421631
2732,nutrition,1,0.8225806355476379,0.8225806355476379,26.0,5.449937343597412
2733,oath,3,0.5904762049516042,0.5714285969734192,19.0,4.207158088684082
2734,obedience,1,0.7444444298744202,0.7444444298744202,26.0,2.732466459274292
2735,obey,2,0.543493464589119,0.543493464589119,17.0,5.08414888381958
2736,object,1,0.4285714328289032,0.4285714328289032,14.0,3.2646095752716064
2737,objection,1,0.8666666746139526,0.8666666746139526,29.0,4.025853157043457
2738,obligate saprophyte,1,0.9513677954673768,0.9513677954673768,30.0,6.36139726638794
2739,observation,1,0.3736263811588287,0.3736263811588287,14.0,11.197245597839355
2740,occupation,1,0.800000011920929,0.800000011920929,26.0,4.250669479370117
2741,octal,1,0.9746835231781006,0.9746835231781006,32.0,8.581395149230957
2742,october,4,0.5493364185094833,0.5236111134290695,17.75,5.097835063934326
2743,octopus,1,0.642276406288147,0.642276406288147,20.0,3.610442638397217
2744,of,1,0.4126984179019928,0.4126984179019928,13.0,4.901783466339111
2745,off season,1,0.625,0.625,21.0,4.325817108154297
2746,off shore banking,1,0.946666657924652,0.946666657924652,32.0,4.350587368011475
2747,offence,1,0.5666666626930237,0.5666666626930237,19.0,3.9653759002685542
2748,office,3,0.47337964177131653,0.53125,16.0,7.463394641876221
2749,office bearer,1,0.9416666626930236,0.9416666626930236,31.0,8.022757530212402
2750,office branch,1,0.6178343892097473,0.6178343892097473,19.0,10.189001083374023
2751,office hours,1,0.9916666746139526,0.9916666746139526,32.0,5.5210862159729
2752,officer,1,0.4133333265781402,0.4133333265781402,15.0,5.7214555740356445
2753,officer in charge of jail,1,0.496666669845581,0.496666669845581,18.0,4.815165519714356
2754,official,4,0.546457827091217,0.3969697058200836,17.75,4.560410022735596
2755,officiating,1,0.7222222089767456,0.7222222089767456,24.0,7.925238609313965
2756,offline editing,1,0.7980769276618958,0.7980769276618958,25.0,12.10909938812256
2757,often,2,0.535897433757782,0.535897433757782,17.5,7.393900871276855
2758,ogle from head to toe,1,0.7217391133308411,0.7217391133308411,22.0,7.852454662322998
2759,ohm,1,0.7230769395828247,0.7230769395828247,25.0,4.418960094451904
2760,oil,2,0.6315476298332214,0.6315476298332214,21.5,4.900494575500488
2761,okay,2,0.5320479422807693,0.5320479422807693,16.5,5.893167495727539
2762,old,4,0.48181405663490295,0.48968255519866943,16.0,9.947375297546388
2763,older sister,1,0.5890411138534546,0.5890411138534546,20.0,2.5424821376800537
2764,olericulture,1,0.8399999737739563,0.8399999737739563,27.0,6.777238845825195
2765,olympics,1,0.5714285969734192,0.5714285969734192,20.0,7.712490558624268
2766,omission,1,0.5454545617103577,0.5454545617103577,18.0,5.084235668182373
2767,omit,1,0.5866666436195374,0.5866666436195374,19.0,3.781476020812988
2768,on,2,0.4568674713373184,0.4568674713373184,14.5,6.150963306427002
2769,on cloud nine,1,0.7594594359397888,0.7594594359397888,25.0,4.868901252746582
2770,on demand,1,0.8592592477798462,0.8592592477798462,28.0,4.702508926391602
2771,on probation,1,0.6666666865348816,0.6666666865348816,22.0,7.997167587280273
2772,on the basis of life cycle,1,0.807692289352417,0.807692289352417,25.0,9.823394775390623
2773,on the basis of major causal agents,1,0.904891312122345,0.904891312122345,28.0,8.207649230957031
2774,on the basis of propagation,1,0.8291316628456116,0.8291316628456116,25.0,7.42943811416626
2775,on the basis of use of pond,1,0.8291316628456116,0.8291316628456116,26.0,7.302684783935547
2776,once,1,0.621052622795105,0.621052622795105,19.0,4.205896377563477
2777,one,1,0.3375000059604645,0.3375000059604645,11.0,2.4928224086761475
2778,one and a half hours,1,0.75,0.75,24.0,3.9730241298675537
2779,one crore,1,0.429824560880661,0.429824560880661,14.0,2.49501895904541
2780,one lakh,1,0.3931623995304107,0.3931623995304107,13.0,3.844260454177856
2781,oneplus mobile,1,0.4742268025875091,0.4742268025875091,15.0,2.743246555328369
2782,onion,3,0.4225037693977356,0.4285714328289032,13.333333333333334,3.8294506072998047
2783,online,4,0.3881334811449051,0.3779534697532654,12.25,4.493913650512695
2784,online banking,1,0.5454545617103577,0.5454545617103577,18.0,4.637537479400635
2785,online editing,1,0.9014084339141846,0.9014084339141846,28.0,4.81574010848999
2786,online shopping,1,0.449999988079071,0.449999988079071,14.0,7.482644557952881
2787,only,1,0.380952388048172,0.380952388048172,12.0,3.191659450531006
2788,ooty,2,0.3992857187986374,0.3992857187986374,12.5,4.458214282989502
2789,opaque,1,0.5340909361839294,0.5340909361839294,16.0,4.632274150848389
2790,open,3,0.5521178046862284,0.5396825671195984,18.0,5.048457145690918
2791,open belt drive,1,0.3499999940395355,0.3499999940395355,11.0,3.3594212532043457
2792,open circuit,1,0.7386363744735718,0.7386363744735718,23.0,8.988282203674316
2793,open dated,1,0.6962962746620178,0.6962962746620178,21.0,4.160675525665283
2794,opening balance,1,0.574999988079071,0.574999988079071,20.0,4.611339569091797
2795,operate an account,1,0.9575757384300232,0.9575757384300232,31.0,5.2334699630737305
2796,operation,2,0.6090407371520996,0.6090407371520996,19.0,5.437351703643799
2797,opinion,2,0.8027186691761017,0.8027186691761017,26.0,7.577652931213379
2798,oppo mobile,1,0.3636363744735718,0.3636363744735718,11.0,2.9518609046936035
2799,opportunity,1,0.4042553305625915,0.4042553305625915,13.0,3.297005414962769
2800,opposite,1,0.3604651093482971,0.3604651093482971,11.0,4.94743013381958
2801,opposition,2,0.46153847873210907,0.46153847873210907,15.0,5.095844268798828
2802,optical character recognition,1,0.9217081665992736,0.9217081665992736,29.0,12.404818534851074
2803,optical fiber cable,1,0.8045112490653992,0.8045112490653992,26.0,5.932895660400391
2804,option,1,0.5925925970077515,0.5925925970077515,20.0,6.157532691955566
2805,opuntia,1,0.8978873491287231,0.8978873491287231,28.0,5.930249214172363
2806,orange,5,0.5233055055141449,0.5379310250282288,16.4,8.078712463378906
2807,orbit,1,0.7345678806304932,0.7345678806304932,24.0,16.139673233032227
2808,order,5,0.512874311208725,0.4347825944423675,16.8,13.639464378356934
2809,order standing,1,0.8181818127632141,0.8181818127632141,27.0,4.705348491668701
2810,organization,1,0.6627907156944275,0.6627907156944275,22.0,5.506507396697998
2811,oriental bank of commerce,1,0.5666666626930237,0.5666666626930237,17.0,4.476097583770752
2812,original,3,0.6292137702306112,0.6022727489471436,20.333333333333332,4.279321193695068
2813,orissa,1,0.4646464586257934,0.4646464586257934,14.0,3.57753324508667
2814,oriya,3,0.4077957073847453,0.4256756901741028,12.666666666666666,3.8784377574920654
2815,ornaments,1,0.6704545617103577,0.6704545617103577,22.0,6.282679080963135
2816,ornithology,1,0.6122449040412903,0.6122449040412903,19.0,5.7534284591674805
2817,oscillation,1,0.8759124279022217,0.8759124279022217,28.0,7.4297566413879395
2818,oscillator,1,0.9491525292396544,0.9491525292396544,31.0,4.908789157867432
2819,osclllatory motion,1,0.6933333277702332,0.6933333277702332,24.0,4.650064468383789
2820,osmosis,1,0.699999988079071,0.699999988079071,23.0,7.13409948348999
2821,ostrich,1,0.6478873491287231,0.6478873491287231,21.0,4.385048389434815
2822,our,2,0.7023307383060455,0.7023307383060455,22.5,4.327789306640625
2823,ourselves,1,0.6133333444595337,0.6133333444595337,24.0,3.803331851959229
2824,out,1,0.4761904776096344,0.4761904776096344,15.0,4.905984878540039
2825,out of print,1,0.9833333492279052,0.9833333492279052,32.0,5.992097854614258
2826,out of work,1,0.5510203838348389,0.5510203838348389,17.0,11.978543281555176
2827,outdated,1,0.5714285969734192,0.5714285969734192,18.0,2.8696129322052
2828,outdo,1,0.4639175236225128,0.4639175236225128,15.0,3.573453903198242
2829,outer shell,1,0.5785953402519226,0.5785953402519226,19.0,3.4382400512695312
2830,output,2,0.6883333325386047,0.6883333325386047,24.5,8.347982406616211
2831,outside,1,0.4705882370471954,0.4705882370471954,16.0,4.05029296875
2832,outstanding,1,0.5629629492759705,0.5629629492759705,19.0,5.656291484832764
2833,outstanding cheque,1,0.9916666746139526,0.9916666746139526,32.0,3.873356103897095
2834,outstanding report,1,0.7481481432914734,0.7481481432914734,23.0,6.486800670623779
2835,over,3,0.32759809494018555,0.3252032399177551,11.0,5.835561752319336
2836,over and over again,1,0.5,0.5,16.0,4.564854145050049
2837,over head projector,1,0.7840909361839294,0.7840909361839294,27.0,6.556271076202393
2838,over valuation,1,0.8592592477798462,0.8592592477798462,28.0,4.825633525848389
2839,over writing,1,0.800000011920929,0.800000011920929,26.0,4.894055843353272
2840,overall,1,0.4476190507411957,0.4476190507411957,14.0,3.6315526962280273
2841,overcharge,1,0.9142857193946838,0.9142857193946838,31.0,7.730781555175781
2842,overdraft,1,0.4476190507411957,0.4476190507411957,15.0,4.157180309295654
2843,overdue,1,0.8833333253860474,0.8833333253860474,30.0,7.194189071655273
2844,overleaf,1,0.875,0.875,30.0,5.141772270202637
2845,overseas,1,0.7555555701255798,0.7555555701255798,24.0,9.983015060424805
2846,overtime allowance,1,0.4749999940395355,0.4749999940395355,16.0,4.452462673187256
2847,ovi viviparous,1,0.8609625697135925,0.8609625697135925,27.0,6.356349945068359
2848,oviparous,1,0.8584905862808228,0.8584905862808228,27.0,5.314123630523682
2849,owe,1,0.7599999904632568,0.7599999904632568,27.0,4.347336292266846
2850,owl,3,0.5100217858950297,0.5444444417953491,16.333333333333332,6.089799404144287
2851,own,1,0.517241358757019,0.517241358757019,16.0,1.651911377906799
2852,owner,2,0.5378588885068893,0.5378588885068893,17.5,5.302455425262451
2853,owner cultivated,1,0.9925925731658936,0.9925925731658936,31.0,2.964895248413086
2854,ox,1,0.3473684191703796,0.3473684191703796,13.0,2.748754501342773
2855,paan,1,0.8399999737739563,0.8399999737739563,30.0,6.759753704071045
2856,pacing,1,0.8338108658790588,0.8338108658790588,26.0,6.879003524780273
2857,packing credit,1,0.7333333492279053,0.7333333492279053,24.0,2.0326895713806152
2858,page,1,0.4444444477558136,0.4444444477558136,14.0,3.44120454788208
2859,page layout,1,0.7909091114997864,0.7909091114997864,25.0,5.613112926483154
2860,paid up capital,1,0.614814817905426,0.614814817905426,20.0,5.649991989135742
2861,pain,5,0.6094876825809479,0.6101694703102112,19.2,7.487611293792725
2862,paint,4,0.40147095173597336,0.3662752509117126,13.0,4.721220016479492
2863,pair,2,0.47253789007663727,0.47253789007663727,15.5,7.251393795013428
2864,paise,1,0.380952388048172,0.380952388048172,13.0,3.1357595920562744
2865,pakistan,4,0.4838433489203453,0.47737373411655426,15.5,8.915447235107422
2866,palazo pants,1,1.0,1.0,32.0,5.471651554107666
2867,palm tree,1,0.484375,0.484375,16.0,2.6880290508270264
2868,pamphlet,2,0.5760620981454849,0.5760620981454849,18.5,3.9426252841949454
2869,pan,2,0.6635452508926392,0.6635452508926392,21.5,5.875932216644287
2870,panaji,2,0.4076087027788162,0.4076087027788162,12.5,4.2870402336120605
2871,panama,1,0.5901639461517334,0.5901639461517334,19.0,3.155157327651977
2872,panasonic mobile,1,0.3484848439693451,0.3484848439693451,11.0,2.7082090377807617
2873,paneer,1,0.7234042286872864,0.7234042286872864,23.0,8.161928176879883
2874,panel door,1,0.9365853667259216,0.9365853667259216,30.0,4.908449172973633
2875,pani puri,1,0.5833333134651184,0.5833333134651184,18.0,3.543286800384521
2876,panic,1,0.3606557250022888,0.3606557250022888,11.0,3.301069498062134
2877,pant,2,0.460317462682724,0.460317462682724,14.0,5.913481712341309
2878,papaya,3,0.5658730268478394,0.5833333134651184,18.333333333333332,8.965448379516602
2879,paper,2,0.5473856329917908,0.5473856329917908,17.5,8.576044082641602
2880,paper clip,2,0.5078078210353851,0.5078078210353851,16.0,7.143744945526123
2881,pappad,1,0.5714285969734192,0.5714285969734192,20.0,4.365001678466797
2882,par - above,1,0.6538461446762085,0.6538461446762085,21.0,6.072534561157227
2883,par - at,1,0.699999988079071,0.699999988079071,22.0,4.897305488586426
2884,par - below,1,0.5481481552124023,0.5481481552124023,18.0,9.70016384124756
2885,parachute,1,0.4689655303955078,0.4689655303955078,17.0,2.244895696640014
2886,parade,1,0.756302535533905,0.756302535533905,24.0,5.356273651123047
2887,paragraph,3,0.5707456568876902,0.4785714149475097,18.0,6.690661430358887
2888,paraguay,1,0.59375,0.59375,18.0,5.393545150756836
2889,parallel,1,0.4468085169792175,0.4468085169792175,14.0,3.2521982192993164
2890,parallel circuit,1,0.8971428275108337,0.8971428275108337,30.0,8.426848411560059
2891,paramedic,1,0.8026315569877625,0.8026315569877625,25.0,7.087618350982666
2892,parameter,1,0.5885416865348816,0.5885416865348816,18.0,4.082430839538574
2893,parapet,1,0.6511628031730652,0.6511628031730652,20.0,5.787585258483887
2894,paratha,1,0.4915254116058349,0.4915254116058349,15.0,5.657151222229004
2895,parcel,1,0.6195651888847351,0.6195651888847351,20.0,5.924051284790039
2896,parent,1,0.6399999856948853,0.6399999856948853,20.0,3.941887617111206
2897,parent branch,1,0.7166666388511658,0.7166666388511658,25.0,3.3938941955566406
2898,parental,1,0.5533333420753479,0.5533333420753479,18.0,6.10516881942749
2899,parents,2,0.6791666746139526,0.6791666746139526,22.0,3.966083526611328
2900,parking,2,0.5468487441539764,0.5468487441539764,16.5,6.877831935882568
2901,parkinsonia aculeata,1,0.91576087474823,0.91576087474823,29.0,7.254420280456543
2902,parliament,3,0.6650746663411459,0.6666666865348816,21.666666666666668,5.340814590454102
2903,parricide,1,0.6623376607894897,0.6623376607894897,21.0,6.297906398773193
2904,parrot,3,0.5695895949999491,0.5677965879440308,18.0,4.485232353210449
2905,parsi,1,0.3650793731212616,0.3650793731212616,12.0,3.403691053390503
2906,part,1,0.4342105388641357,0.4342105388641357,14.0,4.913794994354248
2907,part time,1,0.4666666686534881,0.4666666686534881,15.0,9.963006019592283
2908,participation,1,0.4285714328289032,0.4285714328289032,15.0,4.633181571960449
2909,particular,1,0.4117647111415863,0.4117647111415863,16.0,14.549812316894531
2910,particulars,1,0.5757575631141663,0.5757575631141663,18.0,9.095911026000977
2911,partly paid,1,0.8799999952316284,0.8799999952316284,29.0,4.136018753051758
2912,partnership,1,0.6200000047683716,0.6200000047683716,20.0,4.11616325378418
2913,partnership deed,1,0.8814814686775208,0.8814814686775208,28.0,3.3554370403289795
2914,parts,1,0.671875,0.671875,21.0,6.351719379425049
2915,party,1,0.7011494040489197,0.7011494040489197,23.0,4.969635963439941
2916,pass,4,0.584393098950386,0.5487861782312393,18.0,6.661521434783936
2917,pass book,1,0.5809524059295654,0.5809524059295654,21.0,3.2242112159729004
2918,pass to,1,0.4285714328289032,0.4285714328289032,13.0,4.538278102874756
2919,passbook bank,1,0.6078431606292725,0.6078431606292725,19.0,3.2754814624786377
2920,passbook printing machine,1,0.5967742204666138,0.5967742204666138,18.0,4.466892719268799
2921,passing official,1,0.6000000238418579,0.6000000238418579,20.0,3.918818473815918
2922,passion,1,0.4728682041168213,0.4728682041168213,14.0,8.22189998626709
2923,passive debt,1,0.3666666746139526,0.3666666746139526,13.0,4.452754020690918
2924,password,1,0.6296296119689941,0.6296296119689941,20.0,4.301186561584473
2925,past,1,0.5588235259056091,0.5588235259056091,18.0,3.7040956020355225
2926,paste,1,0.3495934903621673,0.3495934903621673,11.0,3.6679749488830566
2927,pastry,1,0.5614035129547119,0.5614035129547119,18.0,4.054003715515137
2928,patience,3,0.6152207255363464,0.5777778029441833,19.333333333333332,6.361070156097412
2929,patna,2,0.4860694855451584,0.4860694855451584,15.5,3.975607633590698
2930,patriotic,1,0.7572254538536072,0.7572254538536072,24.0,6.917634963989258
2931,pause,3,0.46183626850446063,0.4492753744125366,14.333333333333334,4.121342658996582
2932,paw,1,0.6555555462837219,0.6555555462837219,21.0,6.424230098724365
2933,paws,1,0.4111111164093017,0.4111111164093017,13.0,6.400012493133545
2934,pay,2,0.4365079551935196,0.4365079551935196,14.5,5.377926349639893
2935,pay in installment,2,0.7947649359703064,0.7947649359703064,26.0,4.901612758636475
2936,payee,1,0.3407407402992248,0.3407407402992248,11.0,1.8913670778274536
2937,paying slip,1,0.3166666626930237,0.3166666626930237,11.0,2.9079413414001465
2938,paytm,2,0.6022301614284515,0.6022301614284515,19.0,8.090051651000977
2939,paytm payments bank,1,0.579365074634552,0.579365074634552,18.0,5.969528198242188
2940,pdp,1,0.6982758641242981,0.6982758641242981,23.0,3.9022488594055176
2941,peacock,4,0.4963541701436043,0.4427083432674408,16.0,6.286245346069336
2942,peak,2,0.7400000095367432,0.7400000095367432,23.5,5.15818977355957
2943,peanut,1,0.316546767950058,0.316546767950058,10.0,3.682648897171021
2944,pear,1,0.532608687877655,0.532608687877655,16.0,4.215386867523193
2945,peas,3,0.5008948544661204,0.5066666603088379,15.666666666666666,4.403162002563477
2946,peep,1,0.4761904776096344,0.4761904776096344,16.0,2.66619610786438
2947,pen,5,0.48396673798561096,0.5111111402511597,15.0,5.126884937286377
2948,pen drive,2,0.3672727197408676,0.3672727197408676,12.5,20.67935562133789
2949,penal interest,1,0.4749999940395355,0.4749999940395355,16.0,6.313430309295654
2950,penality,1,0.4266666769981384,0.4266666769981384,14.0,10.042614936828612
2951,pencil,9,0.5322075155046251,0.5256410241127014,16.666666666666668,6.227910041809082
2952,pencil box,1,0.7822580933570862,0.7822580933570862,24.0,5.483846664428711
2953,pendulum,1,0.8266666531562805,0.8266666531562805,26.0,9.62189483642578
2954,penguin,1,0.5799999833106995,0.5799999833106995,19.0,4.131553649902344
2955,pentode,1,0.9444444179534912,0.9444444179534912,31.0,10.135196685791016
2956,peon,4,0.47165572270751,0.3797553479671478,14.75,6.54270601272583
2957,people,1,0.3012820482254028,0.3012820482254028,10.0,4.97891902923584
2958,pepper,1,0.6349206566810608,0.6349206566810608,21.0,13.378236770629885
2959,per pro,1,0.4857142865657806,0.4857142865657806,14.0,5.12712287902832
2960,percentage,3,0.48444443941116333,0.4380952417850494,15.333333333333334,6.173017978668213
2961,perfect,3,0.5440235634644827,0.5972222089767456,18.333333333333332,4.889135837554932
2962,perform,1,0.3455882370471954,0.3455882370471954,11.0,3.79441237449646
2963,peril,1,0.4606741666793823,0.4606741666793823,15.0,4.544322490692139
2964,period,1,0.3703703582286834,0.3703703582286834,13.0,2.5380401611328125
2965,period time,1,0.4272727370262146,0.4272727370262146,13.0,5.657598495483398
2966,periods,1,0.52173912525177,0.52173912525177,16.0,4.143210887908936
2967,periscope,1,0.6424242258071899,0.6424242258071899,21.0,2.759836435317993
2968,permanent,4,0.5419186428189278,0.5811818838119507,17.0,5.017031669616699
2969,permission,1,0.5789473652839661,0.5789473652839661,18.0,5.1796417236328125
2970,permit,1,0.6585366129875183,0.6585366129875183,21.0,6.271131038665772
2971,perpendicular,1,0.6373626589775085,0.6373626589775085,20.0,7.039398670196533
2972,person,3,0.4550376733144124,0.4250000119209289,15.333333333333334,4.342195987701416
2973,personal,2,0.4923444986343384,0.4923444986343384,15.5,4.681514739990234
2974,personality,1,0.7406143546104431,0.7406143546104431,25.0,4.080434322357178
2975,peru,1,0.5064935088157654,0.5064935088157654,17.0,4.807185173034668
2976,peter pan collar,1,0.52073734998703,0.52073734998703,16.0,6.284941673278809
2977,peteti,1,0.5795454382896423,0.5795454382896423,18.0,3.535457134246826
2978,petrol,1,0.7395833134651184,0.7395833134651184,24.0,4.796840190887451
2979,pf,1,0.3888888955116272,0.3888888955116272,12.0,2.18255352973938
2980,pharmacist,1,0.4585365951061249,0.4585365951061249,16.0,4.475058078765869
2981,phone,1,0.2857142984867096,0.2857142984867096,9.0,2.0927131175994877
2982,photo,1,0.420560747385025,0.420560747385025,13.0,3.936140298843384
2983,photocopy,1,0.3365384638309479,0.3365384638309479,11.0,4.827300071716309
2984,photograph,3,0.5278560419877371,0.6285714507102966,16.666666666666668,5.968978404998779
2985,photographer,1,0.5798319578170776,0.5798319578170776,19.0,2.536775588989258
2986,photographic camera,1,0.5569620132446289,0.5569620132446289,19.0,7.218559265136719
2987,photographic plate,1,0.6170212626457214,0.6170212626457214,20.0,7.368541717529297
2988,photoperiodism,1,0.697604775428772,0.697604775428772,22.0,8.966485977172852
2989,photosynthesis,1,0.8159509301185608,0.8159509301185608,25.0,5.940377712249756
2990,photosynthesis process,1,0.9052631855010986,0.9052631855010986,29.0,9.912978172302246
2991,physical balance,1,0.3969465792179107,0.3969465792179107,13.0,3.207813262939453
2992,physical training,1,0.5340909361839294,0.5340909361839294,18.0,4.551614284515381
2993,physics,2,0.4872983396053314,0.4872983396053314,16.0,3.676755905151367
2994,piano,1,0.7062146663665771,0.7062146663665771,22.0,5.535323143005371
2995,pick,3,0.6803686618804932,0.6666666865348816,21.666666666666668,8.300630569458008
2996,pick axe,1,0.6734693646430969,0.6734693646430969,23.0,5.261343002319336
2997,pick stitch,1,0.4452830255031585,0.4452830255031585,14.0,2.512817859649658
2998,pickle,2,0.5438492149114609,0.5438492149114609,17.5,8.069561004638672
2999,pickpocket,1,0.8349514603614807,0.8349514603614807,26.0,8.353832244873047
3000,picture,2,0.6361203491687775,0.6361203491687775,20.5,4.531520843505859
3001,piece,2,0.4795398414134979,0.4795398414134979,14.5,6.201921463012695
3002,pig,4,0.6119047850370407,0.6095238327980042,19.25,8.564482688903809
3003,pigments,1,0.7628865838050842,0.7628865838050842,24.0,3.487755060195923
3004,pillow,4,0.6619610786437988,0.6708333492279053,21.25,13.444701194763184
3005,pilot,2,0.6027892529964447,0.6027892529964447,20.0,5.307321548461914
3006,pin,1,0.8349514603614807,0.8349514603614807,27.0,7.298642158508301
3007,pineapple,1,0.4018691480159759,0.4018691480159759,12.0,3.007407188415528
3008,pink,3,0.451974759499232,0.3007518649101257,15.333333333333334,6.549361228942871
3009,pinking shears,1,0.5185185074806213,0.5185185074806213,16.0,3.069643259048462
3010,piping,1,0.6215277910232544,0.6215277910232544,19.0,8.467679023742676
3011,pisciculture,1,0.8266666531562805,0.8266666531562805,26.0,5.574761390686035
3012,pista,1,0.7395833134651184,0.7395833134651184,23.0,3.9633634090423584
3013,piston,1,0.5849056839942932,0.5849056839942932,20.0,2.158998727798462
3014,pizza,2,0.39444445073604584,0.39444445073604584,13.0,4.03069543838501
3015,place,1,0.7307692170143127,0.7307692170143127,23.0,12.427630424499512
3016,plain cement concrete,1,0.8169934749603271,0.8169934749603271,25.0,5.566195487976074
3017,plan,2,0.7282167971134186,0.7282167971134186,23.5,10.21908950805664
3018,plane,1,0.5520833134651184,0.5520833134651184,19.0,4.588611602783203
3019,plane concave lens,1,0.8307692408561707,0.8307692408561707,27.0,6.544389247894287
3020,plane convex lens,1,0.859649121761322,0.859649121761322,27.0,8.424047470092773
3021,plane mirror,1,0.8414633870124817,0.8414633870124817,27.0,4.144182205200195
3022,planet,3,0.6440375645955404,0.5400000214576721,20.333333333333332,6.921292304992676
3023,plant,1,0.6000000238418579,0.6000000238418579,19.0,5.510748386383057
3024,plant physiology,1,0.8857938647270203,0.8857938647270203,27.0,4.456067085266113
3025,plant water relation,1,0.8837209343910217,0.8837209343910217,27.0,7.406042575836182
3026,plastering,1,0.9591078162193298,0.9591078162193298,30.0,4.659836769104004
3027,plastic,2,0.5476190745830536,0.5476190745830536,18.0,7.741089344024658
3028,plate,4,0.50334582477808,0.47484640777111053,16.5,9.100486755371094
3029,play,2,0.6704545617103577,0.6704545617103577,22.0,5.0624189376831055
3030,please,3,0.5762731830279032,0.5595238208770752,18.333333333333332,4.369746685028076
3031,pledge,1,0.5,0.5,17.0,6.824615478515625
3032,plenty,2,0.37622232735157013,0.37622232735157013,12.0,5.150155067443848
3033,plough,1,0.653333306312561,0.653333306312561,23.0,5.329904556274414
3034,plug,1,0.3733333349227905,0.3733333349227905,13.0,8.712553024291992
3035,plug point,1,0.6716417670249939,0.6716417670249939,21.0,4.228549957275391
3036,plum,1,0.5483871102333069,0.5483871102333069,17.0,3.876594066619873
3037,plumb bob and line,1,0.9135802388191224,0.9135802388191224,30.0,6.019211769104004
3038,plumber,2,0.49379846453666687,0.49379846453666687,17.0,6.382199764251709
3039,plumbing,1,0.7362637519836426,0.7362637519836426,23.0,7.997488021850586
3040,plunger,1,0.4458598792552948,0.4458598792552948,15.0,2.9725704193115234
3041,pluto,1,0.8103448152542114,0.8103448152542114,25.0,5.350552082061768
3042,podium,2,0.6139311045408249,0.6139311045408249,19.5,5.4561767578125
3043,point,2,0.45535714924335474,0.45535714924335474,14.0,5.918364524841309
3044,points,1,0.410526305437088,0.410526305437088,12.0,2.766056776046753
3045,poision,4,0.6055555641651154,0.5777778029441833,19.0,7.902053356170654
3046,poison,2,0.43514488637447357,0.43514488637447357,14.0,4.234875202178955
3047,poland,1,0.5344827771186829,0.5344827771186829,18.0,3.762866497039795
3048,pole,2,0.8217357397079468,0.8217357397079468,27.0,4.652655601501465
3049,pole vault,1,0.7272727489471436,0.7272727489471436,23.0,4.693512916564941
3050,police,3,0.46536829074223834,0.449438214302063,15.0,7.294390678405762
3051,police car,1,0.7468879818916321,0.7468879818916321,23.0,4.030195236206055
3052,police station,1,0.6190476417541504,0.6190476417541504,20.0,7.893294334411621
3053,policeman,2,0.27268518507480616,0.27268518507480616,8.5,2.855315685272217
3054,policy,3,0.3557692269484202,0.3557692170143127,11.333333333333334,6.311454772949219
3055,polish,1,0.7333333492279053,0.7333333492279053,24.0,4.721630096435547
3056,polisher,1,0.913294792175293,0.913294792175293,28.0,10.676541328430176
3057,polite,1,0.4833333194255829,0.4833333194255829,15.0,3.186516284942627
3058,politician,1,0.6195651888847351,0.6195651888847351,21.0,5.526101112365723
3059,politics,1,0.6326530575752258,0.6326530575752258,21.0,3.5276522636413574
3060,pollution,2,0.5030742138624191,0.5030742138624191,17.5,5.499320030212402
3061,polo shrit,1,0.4027777910232544,0.4027777910232544,13.0,5.247255325317383
3062,polygon tool,1,0.9112903475761414,0.9112903475761414,29.0,5.887933731079102
3063,polygraph,1,0.850931704044342,0.850931704044342,27.0,4.117393493652344
3064,pomegranate,1,0.4214875996112823,0.4214875996112823,14.0,4.473000526428223
3065,pond,2,0.6500000059604645,0.6500000059604645,20.5,8.616059303283691
3066,pond on the basis of situation,1,0.9110429286956788,0.9110429286956788,28.0,17.668989181518555
3067,pongal,1,0.4799999892711639,0.4799999892711639,15.0,2.126316785812378
3068,poor,2,0.5533333271741867,0.5533333271741867,19.5,6.879795551300049
3069,popcorn,1,0.4406779706478119,0.4406779706478119,14.0,5.570313453674316
3070,ports tab,1,0.8367347121238708,0.8367347121238708,26.0,5.068324089050293
3071,portugal,1,0.6724137663841248,0.6724137663841248,22.0,4.216251373291016
3072,positive,2,0.5586419701576233,0.5586419701576233,17.0,4.683270454406738
3073,positive error,1,0.8916666507720947,0.8916666507720947,29.0,9.048994064331056
3074,possess,1,0.4285714328289032,0.4285714328289032,14.0,2.859591484069824
3075,possible,2,0.48469971120357513,0.48469971120357513,15.5,6.106842517852783
3076,post,2,0.4892290234565735,0.4892290234565735,15.5,6.065043449401856
3077,post card,1,0.5227272510528564,0.5227272510528564,18.0,3.5982062816619877
3078,post dated,1,0.4333333373069763,0.4333333373069763,14.0,6.297216415405273
3079,post office,2,0.4369696974754333,0.4369696974754333,14.5,7.009793758392334
3080,posting,1,0.3555555641651153,0.3555555641651153,12.0,4.366127967834473
3081,postman,2,0.4531024545431137,0.4531024545431137,14.5,7.216153621673584
3082,postpone,1,0.5733333230018616,0.5733333230018616,18.0,6.440393924713135
3083,potato,3,0.5347679257392883,0.5443037748336792,17.0,4.685833930969238
3084,potential,1,0.5685483813285828,0.5685483813285828,18.0,4.494668006896973
3085,potential energy,1,0.5806451439857483,0.5806451439857483,18.0,3.45139741897583
3086,potentiality,1,0.3333333432674408,0.3333333432674408,11.0,5.446338176727295
3087,potentiometer,1,0.8053097128868103,0.8053097128868103,26.0,7.934268951416016
3088,potty,1,0.3855421543121338,0.3855421543121338,14.0,4.878164768218994
3089,poultry feeds,1,0.7692307829856873,0.7692307829856873,24.0,7.692804336547852
3090,poultry mash,1,0.4534161388874054,0.4534161388874054,14.0,7.476126194000244
3091,poultry production,1,0.700507640838623,0.700507640838623,22.0,5.740781307220459
3092,poultry science,1,0.7075812220573425,0.7075812220573425,22.0,5.634507179260254
3093,pour,1,0.841269850730896,0.841269850730896,29.0,5.077090740203857
3094,powder,1,0.523809552192688,0.523809552192688,16.0,6.749662399291992
3095,power,3,0.5855291187763214,0.653333306312561,18.666666666666668,8.560432434082031
3096,power duster,1,0.79666668176651,0.79666668176651,26.0,4.901524066925049
3097,power hacksaw,1,0.6228070259094238,0.6228070259094238,20.0,5.319746017456055
3098,power sockets,1,0.6040268540382385,0.6040268540382385,18.0,3.2267677783966064
3099,powerlines,1,0.5352697372436523,0.5352697372436523,18.0,5.733379364013672
3100,practice,2,0.6225137710571289,0.6225137710571289,20.0,5.597517490386963
3101,practise,2,0.6885606050491333,0.6885606050491333,22.5,4.195557594299316
3102,praise,5,0.5719684064388275,0.5631067752838135,18.2,6.418551921844482
3103,pram,1,0.6440678238868713,0.6440678238868713,20.0,8.741121292114258
3104,pray,3,0.5901544193426768,0.6363636255264282,18.333333333333332,8.357514381408691
3105,pre paid,1,0.644444465637207,0.644444465637207,22.0,5.213983058929443
3106,precaution,1,0.7555555701255798,0.7555555701255798,23.0,2.3296337127685547
3107,predecessor,1,0.7481481432914734,0.7481481432914734,23.0,3.6647794246673584
3108,predict,1,0.5813953280448914,0.5813953280448914,20.0,5.481287479400635
3109,prefer,2,0.3528904318809509,0.3528904318809509,11.0,3.672578811645508
3110,prejudice,1,0.4912280738353729,0.4912280738353729,15.0,4.365817070007324
3111,preliminary,1,0.2583333253860473,0.2583333253860473,9.0,2.454618453979492
3112,premature,1,0.3185185194015503,0.3185185194015503,11.0,3.3300423622131348
3113,premises,1,0.5333333611488342,0.5333333611488342,16.0,3.705809593200684
3114,premium,1,0.3619047701358795,0.3619047701358795,11.0,4.161074638366699
3115,preposition,1,0.7469135522842407,0.7469135522842407,24.0,5.440011501312256
3116,prescribe,1,0.6857143044471741,0.6857143044471741,22.0,6.163552284240723
3117,prescription,3,0.6099408666292826,0.6159999966621399,18.666666666666668,5.0299577713012695
3118,present,2,0.34769231081008906,0.34769231081008906,11.0,4.473483562469482
3119,president,1,0.6739130616188049,0.6739130616188049,21.0,6.340036869049072
3120,press,1,0.6266666650772095,0.6266666650772095,24.0,9.16670036315918
3121,pressure,1,0.4047619104385376,0.4047619104385376,14.0,2.792256593704224
3122,pressure cooker,1,0.40625,0.40625,13.0,4.380976676940918
3123,pressure foot,1,0.53125,0.53125,17.0,5.066086769104004
3124,pretend,2,0.7000000178813934,0.7000000178813934,24.5,4.6281585693359375
3125,prevent,1,0.7695035338401794,0.7695035338401794,24.0,5.692819118499756
3126,preventive measures,1,0.4333333373069763,0.4333333373069763,14.0,5.31475830078125
3127,previous,1,0.4555555582046509,0.4555555582046509,14.0,3.0259933471679688
3128,price,2,0.3577083349227905,0.3577083349227905,11.5,5.342935562133789
3129,priest,2,0.39333333075046534,0.39333333075046534,12.5,8.145702362060547
3130,primary,1,0.3619047701358795,0.3619047701358795,12.0,25.80640411376953
3131,prime location,1,0.7735849022865295,0.7735849022865295,25.0,6.566306591033936
3132,prime minister,2,0.8053608238697052,0.8053608238697052,26.5,4.763467788696289
3133,principal,3,0.6710227330525717,0.6818181872367859,20.666666666666668,4.588098049163818
3134,print,1,0.6100000143051147,0.6100000143051147,19.0,5.279631614685059
3135,printed circuit board,1,0.8888888955116272,0.8888888955116272,31.0,6.445797920227051
3136,printer,1,0.5315315127372742,0.5315315127372742,17.0,5.828157424926758
3137,priority,1,0.4111111164093017,0.4111111164093017,13.0,2.345956802368164
3138,prism,1,0.7900000214576721,0.7900000214576721,25.0,8.320149421691895
3139,private,1,0.6372548937797546,0.6372548937797546,20.0,3.81313705444336
3140,private gardens,1,0.8757225275039673,0.8757225275039673,27.0,4.39656400680542
3141,private secretaryps,1,0.8165137767791748,0.8165137767791748,26.0,4.501131534576416
3142,prize,2,0.6232178509235382,0.6232178509235382,19.5,5.11893892288208
3143,pro circle,1,0.7284946441650391,0.7284946441650391,23.0,6.819026470184326
3144,probing,1,0.3833333253860473,0.3833333253860473,12.0,1.967072367668152
3145,problem,1,0.6385542154312134,0.6385542154312134,20.0,3.672119140625
3146,procedure,1,0.5888888835906982,0.5888888835906982,19.0,3.659186601638794
3147,proceeding,1,0.4000000059604645,0.4000000059604645,12.0,4.776906967163086
3148,process,4,0.6050373390316963,0.614168256521225,20.5,4.6782050132751465
3149,produce,1,0.5600000023841858,0.5600000023841858,19.0,2.307120084762573
3150,product,1,0.2666666805744171,0.2666666805744171,10.0,5.369533538818359
3151,profession,3,0.5088719427585602,0.4732824563980102,16.333333333333332,16.154977798461914
3152,professional,1,0.5728155374526978,0.5728155374526978,18.0,3.4178690910339355
3153,professor,1,0.4166666567325592,0.4166666567325592,13.0,2.9513087272644043
3154,profile levelling,1,0.853210985660553,0.853210985660553,27.0,6.843281269073486
3155,profit,4,0.5034248679876328,0.5026356428861618,16.0,5.199018955230713
3156,proforma,1,0.3714285790920257,0.3714285790920257,12.0,4.569104671478272
3157,program,1,0.5833333134651184,0.5833333134651184,18.0,2.466066360473633
3158,programme,3,0.5068191389242808,0.5,15.333333333333334,7.061039447784424
3159,progress,1,0.5333333611488342,0.5333333611488342,17.0,4.666110038757324
3160,project,1,0.3666666746139526,0.3666666746139526,12.0,3.4725961685180664
3161,projectile motion,1,0.8016529083251953,0.8016529083251953,28.0,4.859167575836182
3162,projector,5,0.4602990925312042,0.4315789341926574,15.2,7.991335868835449
3163,promise,4,0.49869047850370407,0.5030952394008636,16.5,5.546706199645996
3164,promisory note,1,0.4083333313465118,0.4083333313465118,13.0,6.984793186187744
3165,promote,2,0.5621651411056519,0.5621651411056519,17.5,4.281171798706055
3166,promotion,5,0.541121107339859,0.5555555820465088,16.8,7.612723350524902
3167,prompt action,1,0.5888888835906982,0.5888888835906982,19.0,5.525875568389893
3168,pronoun,1,0.3759999871253967,0.3759999871253967,11.0,5.023459434509277
3169,proof,3,0.5562183956305186,0.5897436141967773,17.666666666666668,3.254589080810547
3170,propeller pump,1,0.8825215101242065,0.8825215101242065,27.0,4.861699104309082
3171,property,2,0.5968614518642426,0.5968614518642426,20.0,9.217809677124023
3172,property landed,1,0.8181818127632141,0.8181818127632141,28.0,7.557435512542725
3173,property public,1,0.7151514887809753,0.7151514887809753,25.0,5.042512893676758
3174,property tax,1,0.6206896305084229,0.6206896305084229,22.0,8.1287841796875
3175,proprietory,1,0.4555555582046509,0.4555555582046509,14.0,6.534329414367676
3176,prosecution,1,0.3199999928474426,0.3199999928474426,10.0,3.742349147796631
3177,prospectus,1,0.3956044018268585,0.3956044018268585,13.0,5.305029392242432
3178,protect,2,0.42764662206172943,0.42764662206172943,14.0,5.162215232849121
3179,protest,1,0.4933333396911621,0.4933333396911621,16.0,5.182034969329834
3180,proton,1,0.6666666865348816,0.6666666865348816,23.0,9.12294101715088
3181,proud,3,0.5934714476267496,0.644444465637207,18.666666666666668,8.33423900604248
3182,prove,2,0.6190476417541504,0.6190476417541504,20.0,3.3999860286712646
3183,provision,1,0.3904761970043182,0.3904761970043182,13.0,3.434983015060425
3184,psychology,1,0.5384615659713745,0.5384615659713745,17.0,2.983825445175171
3185,public,2,0.4348979592323303,0.4348979592323303,14.5,9.466285705566406
3186,public gardens,1,0.7887324094772339,0.7887324094772339,24.0,5.806535243988037
3187,publication,1,0.4777777791023254,0.4777777791023254,16.0,5.040137767791748
3188,publicity material,1,0.3407407402992248,0.3407407402992248,11.0,3.6325223445892334
3189,publish,1,0.46875,0.46875,15.0,6.72698450088501
3190,puducherry,1,0.4470588266849518,0.4470588266849518,14.0,2.722154378890991
3191,puja,1,0.4533333480358124,0.4533333480358124,14.0,3.8687644004821777
3192,pull,1,0.4399999976158142,0.4399999976158142,16.0,4.2522687911987305
3193,pull someone's leg,1,0.5972222089767456,0.5972222089767456,19.0,4.284724235534668
3194,pullet,1,0.5991735458374023,0.5991735458374023,18.0,4.80327844619751
3195,pulley,1,0.5555555820465088,0.5555555820465088,18.0,4.967566013336182
3196,pump,1,0.2142857164144516,0.2142857164144516,9.0,2.096422910690308
3197,pumpkin,2,0.47179488837718964,0.47179488837718964,16.0,7.80717134475708
3198,punctual,3,0.4981859624385834,0.523809552192688,16.0,8.602859497070312
3199,pune,2,0.4812925308942795,0.4812925308942795,15.5,3.91764235496521
3200,punish,2,0.5437072515487671,0.5437072515487671,17.0,13.176114082336426
3201,punishment,1,0.4444444477558136,0.4444444477558136,15.0,9.66873836517334
3202,punjab,3,0.49022090435028076,0.5,16.0,6.569875717163086
3203,punjab national bank,1,0.5321100950241089,0.5321100950241089,16.0,4.079092979431152
3204,punjabi,3,0.5326711634794871,0.54666668176651,17.0,7.478468894958496
3205,puppet,1,0.6158192157745361,0.6158192157745361,19.0,4.150306224822998
3206,puppet show,1,0.4444444477558136,0.4444444477558136,14.0,7.911001682281494
3207,purchase,2,0.39126984775066376,0.39126984775066376,13.0,4.782261371612549
3208,purchase retum,1,0.2249999940395355,0.2249999940395355,9.0,4.029862880706787
3209,pure,2,0.5088249444961548,0.5088249444961548,16.5,10.529208183288574
3210,puri,1,0.6666666865348816,0.6666666865348816,21.0,6.609840393066406
3211,purple flowered plants,1,0.8537549376487732,0.8537549376487732,26.0,4.914928436279297
3212,purpose,1,0.5733333230018616,0.5733333230018616,18.0,6.4325480461120605
3213,put,4,0.47733353078365326,0.4575925916433334,15.25,9.73245906829834
3214,put up,1,0.5517241358757019,0.5517241358757019,19.0,3.8516881465911865
3215,puzzle,1,0.5277777910232544,0.5277777910232544,17.0,4.461982727050781
3216,pyjama,3,0.5495717922846476,0.5795454382896423,17.0,5.68402624130249
3217,pyramid,1,0.692307710647583,0.692307710647583,22.0,4.393679618835449
3218,python,1,0.5733333230018616,0.5733333230018616,18.0,4.396126747131348
3219,quadrupedal robot,1,0.8918032646179199,0.8918032646179199,28.0,6.783061027526856
3220,qualification,3,0.5765300393104553,0.6219512224197388,18.666666666666668,4.393709659576416
3221,qualification essential,1,0.4666666686534881,0.4666666686534881,15.0,5.166431427001953
3222,qualified,1,0.3629629611968994,0.3629629611968994,13.0,3.6236472129821777
3223,quality,1,0.4444444477558136,0.4444444477558136,15.0,5.292190074920654
3224,quantity,4,0.6016876697540283,0.49781978130340576,19.75,14.982603073120115
3225,quarrel,1,0.4805194735527038,0.4805194735527038,16.0,2.0503363609313965
3226,quarter,1,0.8487972617149353,0.8487972617149353,27.0,5.478465080261231
3227,queen,3,0.7625589370727539,0.8533333539962769,24.333333333333332,3.1799395084381104
3228,query,2,0.3359649181365967,0.3359649181365967,11.5,4.537942409515381
3229,question,2,0.3776653259992599,0.3776653259992599,12.0,5.946737766265869
3230,questionnaire,1,0.4888888895511627,0.4888888895511627,16.0,6.440448760986328
3231,questions,1,0.4444444477558136,0.4444444477558136,14.0,10.178110122680664
3232,queue,1,0.5571428537368774,0.5571428537368774,17.0,2.679484367370605
3233,quick,1,0.4126984179019928,0.4126984179019928,13.0,4.86414098739624
3234,quickly,2,0.4270435571670532,0.4270435571670532,14.5,3.687652111053467
3235,quiet,1,0.5925925970077515,0.5925925970077515,19.0,2.78430724143982
3236,quit,1,0.5199999809265137,0.5199999809265137,18.0,10.063148498535156
3237,quota,1,0.644444465637207,0.644444465637207,20.0,6.36044454574585
3238,quotation,1,0.5523809790611267,0.5523809790611267,18.0,5.14796781539917
3239,quote,1,0.5714285969734192,0.5714285969734192,19.0,6.146941661834717
3240,quran,1,0.4399999976158142,0.4399999976158142,14.0,3.141791343688965
3241,rabbit,2,0.6333333253860474,0.6333333253860474,19.5,7.303491592407227
3242,rabindranath tagore,1,0.4468085169792175,0.4468085169792175,14.0,4.357934951782227
3243,race,1,0.7142857313156128,0.7142857313156128,24.0,7.861480712890625
3244,racism,1,0.532608687877655,0.532608687877655,16.0,4.1051926612854
3245,raddish,1,0.4533333480358124,0.4533333480358124,17.0,2.2000248432159424
3246,radiation,1,0.8947368264198303,0.8947368264198303,30.0,5.504389762878418
3247,radio,4,0.549182802438736,0.4982715994119644,18.0,8.791108131408691
3248,radio wave,1,0.8531468510627747,0.8531468510627747,27.0,5.074477672576904
3249,radish,1,0.4473684132099151,0.4473684132099151,14.0,3.516193389892578
3250,rafter,1,0.8950437307357788,0.8950437307357788,28.0,6.8596038818359375
3251,raid,1,0.4111111164093017,0.4111111164093017,15.0,4.327906608581543
3252,rail road switch,1,0.7594936490058899,0.7594936490058899,24.0,6.306887626647949
3253,rail section,1,0.8403361439704895,0.8403361439704895,26.0,5.028668880462647
3254,railway hedges,1,0.924731194972992,0.924731194972992,29.0,7.862144947052002
3255,railway station,2,0.6626392006874084,0.6626392006874084,23.0,4.518886089324951
3256,railway track,1,0.6554622054100037,0.6554622054100037,21.0,4.538127899169922
3257,rain,1,0.5384615659713745,0.5384615659713745,17.0,7.442615985870361
3258,rainbow,3,0.597869873046875,0.5412843823432922,19.333333333333332,8.054220199584961
3259,rainy season vegetables,1,0.7442747950553894,0.7442747950553894,23.0,8.574564933776855
3260,raipur,1,0.3695652186870575,0.3695652186870575,11.0,4.4001569747924805
3261,raise,2,0.35227271914482117,0.35227271914482117,11.0,3.110949993133545
3262,rajasthan,3,0.4596303204695384,0.4545454680919647,15.0,7.6235127449035645
3263,rajdhani train,2,0.607836902141571,0.607836902141571,19.5,6.412265777587891
3264,rally,1,0.5669291615486145,0.5669291615486145,17.0,7.578043460845947
3265,ram,1,0.5079365372657776,0.5079365372657776,16.0,3.846544027328491
3266,ram navami,1,0.5540540814399719,0.5540540814399719,17.0,4.600373268127441
3267,rama,1,0.5925925970077515,0.5925925970077515,18.0,6.562666893005371
3268,ramzan,1,0.6100000143051147,0.6100000143051147,19.0,3.8263769149780273
3269,ranchi,1,0.4387755095958709,0.4387755095958709,14.0,6.173031806945801
3270,random,1,1.0,1.0,32.0,10.16529941558838
3271,random motion,1,0.7410072088241577,0.7410072088241577,24.0,4.49867057800293
3272,range,2,0.47120538353919983,0.47120538353919983,16.0,7.301239490509033
3273,rani of jhansi,1,0.5918367505073547,0.5918367505073547,21.0,3.809908866882324
3274,rank,2,0.4863743633031845,0.4863743633031845,15.5,7.373441696166992
3275,ranveer singh,1,0.4333333373069763,0.4333333373069763,14.0,4.281658172607422
3276,rapidly,1,0.3409090936183929,0.3409090936183929,11.0,3.614346265792847
3277,rare,1,0.5544554591178894,0.5544554591178894,18.0,8.192425727844238
3278,rarely,1,0.6470588445663452,0.6470588445663452,20.0,4.06676197052002
3279,rasgulla,1,0.5379310250282288,0.5379310250282288,17.0,10.24363136291504
3280,raster graphics,1,0.8690807819366455,0.8690807819366455,27.0,4.993200778961182
3281,rat,3,0.5096296469370524,0.4533333480358124,16.333333333333332,4.443514347076416
3282,rate,2,0.5204620510339737,0.5204620510339737,17.0,13.893962860107422
3283,rate concessional,1,0.4444444477558136,0.4444444477558136,15.0,8.483217239379883
3284,rate differential,1,0.375,0.375,12.0,6.535457134246826
3285,ratification,1,0.4444444477558136,0.4444444477558136,15.0,5.745023727416992
3286,ratio,2,0.7168458849191666,0.7168458849191666,23.0,7.587193489074707
3287,rationale,1,0.6321839094161987,0.6321839094161987,20.0,4.1229658126831055
3288,re acceptable,1,0.4555555582046509,0.4555555582046509,16.0,8.665487289428711
3289,re employment,1,0.6222222447395325,0.6222222447395325,22.0,5.256492614746094
3290,re endorsed,1,0.8190476298332214,0.8190476298332214,28.0,4.858304500579834
3291,re examine,1,0.5809524059295654,0.5809524059295654,21.0,3.5299434661865234
3292,re issue,1,0.4952380955219269,0.4952380955219269,17.0,4.811686038970947
3293,re pledge,1,0.653333306312561,0.653333306312561,23.0,5.158871173858643
3294,re sale,1,0.4666666686534881,0.4666666686534881,15.0,5.393331527709961
3295,reach,2,0.5608414262533188,0.5608414262533188,17.5,6.795521259307861
3296,reaction,1,0.5,0.5,16.0,2.3786017894744877
3297,read,2,0.48196078836917877,0.48196078836917877,15.5,6.114810466766357
3298,ready,1,0.529411792755127,0.529411792755127,17.0,3.5160131454467773
3299,real,1,0.4533333480358124,0.4533333480358124,14.0,6.494184970855713
3300,real estate agent,1,0.5511810779571533,0.5511810779571533,17.0,6.805454730987549
3301,real image,1,0.7692307829856873,0.7692307829856873,24.0,4.364325046539307
3302,reaper bainder,1,0.8403361439704895,0.8403361439704895,26.0,4.598169326782227
3303,reason,2,0.5523943603038788,0.5523943603038788,17.5,4.74699592590332
3304,reasonable notice,1,0.4571428596973419,0.4571428596973419,15.0,4.333105564117432
3305,rebate,1,0.4266666769981384,0.4266666769981384,14.0,3.2568302154541016
3306,receipt,2,0.39083969593048096,0.39083969593048096,13.5,10.292179107666016
3307,receive,2,0.6029629707336426,0.6029629707336426,19.5,4.550848484039307
3308,receiver,1,0.653333306312561,0.653333306312561,22.0,6.471208572387695
3309,recent,1,0.396039605140686,0.396039605140686,12.0,2.856917381286621
3310,recently,1,0.4423076808452606,0.4423076808452606,14.0,2.3997323513031006
3311,reception,4,0.48956889659166336,0.3743542730808258,15.25,5.130862236022949
3312,recharge,1,0.4890511035919189,0.4890511035919189,16.0,5.146381855010986
3313,recognise,1,0.7599999904632568,0.7599999904632568,25.0,8.039185523986816
3314,recognised,1,0.4777777791023254,0.4777777791023254,15.0,5.396694183349609
3315,recognize,1,0.375,0.375,12.0,2.827659845352173
3316,recommendation,1,0.5199999809265137,0.5199999809265137,17.0,3.750250577926636
3317,reconciliation,1,0.5,0.5,16.0,6.172016620635986
3318,reconsider,1,0.5222222208976746,0.5222222208976746,17.0,4.5975341796875
3319,record,4,0.6352557763457298,0.6721484661102295,20.0,6.242109298706055
3320,record video,2,0.5929008722305298,0.5929008722305298,18.0,6.073965549468994
3321,recover,1,0.5888888835906982,0.5888888835906982,20.0,4.792101860046387
3322,recruitment,1,0.6333333253860474,0.6333333253860474,23.0,4.776145935058594
3323,rectangle,3,0.49450000127156574,0.4959999918937683,15.666666666666666,4.141414165496826
3324,rectification,1,0.5142857432365417,0.5142857432365417,21.0,5.854180335998535
3325,rectifier,1,0.949999988079071,0.949999988079071,31.0,5.576562404632568
3326,recurring,1,0.5888888835906982,0.5888888835906982,23.0,9.743124961853027
3327,recurring deposit,1,0.4444444477558136,0.4444444477558136,14.0,4.57009220123291
3328,red,4,0.4794868975877762,0.5382274985313416,15.5,6.392559051513672
3329,red flowered plants,1,0.9402390718460084,0.9402390718460084,30.0,5.270795822143555
3330,red rot of sugarcane,1,0.9218106865882874,0.9218106865882874,29.0,3.1244091987609863
3331,reduce,4,0.4627436101436615,0.40948721766471863,15.25,6.8071608543396
3332,refer to drawer,1,0.5,0.5,18.0,5.092913627624512
3333,refinance,1,0.5777778029441833,0.5777778029441833,19.0,3.8862245082855225
3334,reflection,1,0.7333333492279053,0.7333333492279053,25.0,7.282345771789551
3335,reform,1,0.6727272868156433,0.6727272868156433,21.0,4.695268630981445
3336,refraction,1,0.7452830076217651,0.7452830076217651,24.0,11.109136581420898
3337,refractive index,1,0.7398374080657959,0.7398374080657959,23.0,7.716800689697266
3338,refresher course,1,0.5555555820465088,0.5555555820465088,17.0,24.030988693237305
3339,refrigerater,1,0.7444444298744202,0.7444444298744202,23.0,11.825575828552246
3340,refrigerator,2,0.7435093522071838,0.7435093522071838,25.5,12.400755882263184
3341,refund,1,0.54666668176651,0.54666668176651,19.0,3.9307122230529785
3342,refusal,1,0.5199999809265137,0.5199999809265137,16.0,7.733443260192871
3343,region,1,0.4399999976158142,0.4399999976158142,14.0,2.691772937774658
3344,register,1,0.4000000059604645,0.4000000059604645,13.0,3.920586347579956
3345,registered,1,0.3904761970043182,0.3904761970043182,12.0,7.8671793937683105
3346,registered letter,1,0.5,0.5,17.0,5.447818756103516
3347,registrar,1,0.4666666686534881,0.4666666686534881,17.0,8.515775680541992
3348,regret,2,0.5764409303665161,0.5764409303665161,20.0,3.691457509994507
3349,regular,2,0.3791120946407318,0.3791120946407318,13.0,5.181787490844727
3350,regular vibration,1,0.6666666865348816,0.6666666865348816,22.0,7.996408462524414
3351,regularisation,1,0.4380952417850494,0.4380952417850494,14.0,4.286464214324951
3352,regulation,1,0.5222222208976746,0.5222222208976746,19.0,3.017167806625366
3353,regulator,1,0.32231405377388,0.32231405377388,11.0,1.789892554283142
3354,rehabilitation,2,0.5743243396282196,0.5743243396282196,18.0,14.474799156188965
3355,reinforced cement concrete,1,0.8644578456878662,0.8644578456878662,27.0,10.892833709716797
3356,reject,1,0.5600000023841858,0.5600000023841858,17.0,5.373529434204102
3357,rejoinder,1,0.3833333253860473,0.3833333253860473,15.0,7.250678539276123
3358,relative,3,0.617262989282608,0.6936936974525452,19.666666666666668,4.817229747772217
3359,relay race,2,0.4420311748981476,0.4420311748981476,14.0,4.477590560913086
3360,release,2,0.43306559324264526,0.43306559324264526,15.0,5.905263423919678
3361,reliance mobile,1,0.4444444477558136,0.4444444477558136,14.0,3.870086193084717
3362,relief,1,0.5199999809265137,0.5199999809265137,17.0,11.789413452148438
3363,religion,2,0.6749649345874786,0.6749649345874786,21.5,10.306720733642578
3364,remember,3,0.7589141329129537,0.7733333110809326,25.0,8.59283447265625
3365,remind,1,0.7599999904632568,0.7599999904632568,26.0,4.224626064300537
3366,reminder,1,0.4476190507411957,0.4476190507411957,16.0,5.548372745513916
3367,remittance,1,0.4952380955219269,0.4952380955219269,16.0,4.971355438232422
3368,remove,4,0.5488470196723938,0.57833331823349,17.5,4.7191243171691895
3369,renewal,1,0.3777777850627899,0.3777777850627899,15.0,6.573190212249756
3370,renovation,1,0.934426248073578,0.934426248073578,29.0,4.523138046264648
3371,rent,2,0.5144144296646118,0.5144144296646118,16.5,2.966756820678711
3372,repair,4,0.6068983674049377,0.5808602273464203,19.0,6.290873527526856
3373,repairer,1,0.5222222208976746,0.5222222208976746,17.0,4.5803422927856445
3374,repay,1,0.4444444477558136,0.4444444477558136,14.0,4.5638837814331055
3375,repeat,1,0.5,0.5,16.0,3.144479274749756
3376,reply,2,0.6688888967037201,0.6688888967037201,22.0,11.001456260681152
3377,report,1,0.7323943376541138,0.7323943376541138,24.0,6.061656951904297
3378,reporter,3,0.6088447968165079,0.6034482717514038,19.333333333333332,5.946658611297607
3379,reproduction,1,0.9541284441947936,0.9541284441947936,30.0,6.562775135040283
3380,republic day,1,0.6754385828971863,0.6754385828971863,21.0,4.501858711242676
3381,repulsive force,1,0.579365074634552,0.579365074634552,18.0,5.657915115356445
3382,repurchase,1,0.54666668176651,0.54666668176651,19.0,6.916877746582031
3383,request,1,0.5058823823928833,0.5058823823928833,17.0,3.05398941040039
3384,requirement,2,0.28285714983940125,0.28285714983940125,9.5,2.597174644470215
3385,requisite,1,0.3600000143051147,0.3600000143051147,11.0,5.955174922943115
3386,res,1,0.7371794581413269,0.7371794581413269,23.0,12.052142143249512
3387,research,1,0.529411792755127,0.529411792755127,20.0,4.486748218536377
3388,research farm,1,0.8150943517684937,0.8150943517684937,26.0,6.205343246459961
3389,researcher,1,0.3712121248245239,0.3712121248245239,12.0,5.889705181121826
3390,reservation,6,0.525574674208959,0.43913042545318604,16.666666666666668,8.671611785888672
3391,reserve fund,1,0.523809552192688,0.523809552192688,17.0,9.385907173156738
3392,residence,1,0.3524590134620666,0.3524590134620666,12.0,3.774450063705444
3393,residential building,1,0.8799999952316284,0.8799999952316284,28.0,4.0222249031066895
3394,resign,2,0.35347986221313477,0.35347986221313477,12.5,6.961577892303467
3395,resignation,1,0.4285714328289032,0.4285714328289032,13.0,2.973245620727539
3396,resistor,2,0.8850703537464142,0.8850703537464142,28.0,11.282751083374023
3397,resolution,1,0.3333333432674408,0.3333333432674408,11.0,4.760030269622803
3398,resolve,1,0.3846153914928436,0.3846153914928436,15.0,4.2981486320495605
3399,resonance,1,0.8527131676673889,0.8527131676673889,27.0,10.563651084899902
3400,resources,1,0.4592592716217041,0.4592592716217041,16.0,3.732732534408569
3401,respect,2,0.5021853297948837,0.5021853297948837,16.5,18.395835876464844
3402,responsibility,1,0.4000000059604645,0.4000000059604645,12.0,2.948650360107422
3403,responsible,1,0.5066666603088379,0.5066666603088379,16.0,3.5738742351531982
3404,rest,3,0.48959605892499286,0.410256415605545,17.0,6.209854602813721
3405,restart,1,0.4513888955116272,0.4513888955116272,14.0,5.641433238983154
3406,restaurant,2,0.7438596487045288,0.7438596487045288,24.5,11.386356353759766
3407,restore,1,0.3714285790920257,0.3714285790920257,11.0,11.500133514404297
3408,restrained,1,0.3918918967247009,0.3918918967247009,12.0,3.777586936950684
3409,restricted,1,0.4777777791023254,0.4777777791023254,15.0,6.8985981941223145
3410,result,4,0.5840752273797989,0.5721187144517899,18.25,5.563409805297852
3411,resume,1,0.4666666686534881,0.4666666686534881,14.0,8.22892951965332
3412,retail,1,0.3878787755966186,0.3878787755966186,13.0,3.3659512996673584
3413,retain,1,0.3833333253860473,0.3833333253860473,13.0,4.882415294647217
3414,retention of moisture,1,0.9222221970558168,0.9222221970558168,28.0,5.429082870483398
3415,retire,2,0.4595441669225693,0.4595441669225693,15.5,4.434226989746094
3416,retum inward,1,0.7555555701255798,0.7555555701255798,24.0,5.124584674835205
3417,retum outward,1,0.5703703761100769,0.5703703761100769,18.0,4.164214134216309
3418,return,3,0.40945931275685626,0.3793103396892547,13.0,9.291056632995604
3419,revalidation,1,0.7454545497894287,0.7454545497894287,28.0,4.221571922302246
3420,revenue,1,0.5030303001403809,0.5030303001403809,15.0,3.936277389526367
3421,reverse,2,0.5826007276773453,0.5826007276773453,18.5,3.992889165878296
3422,reversible,1,0.4558823406696319,0.4558823406696319,19.0,5.600449562072754
3423,review,1,0.3696969747543335,0.3696969747543335,13.0,4.735927581787109
3424,revise,1,0.8511326909065247,0.8511326909065247,27.0,5.724305629730225
3425,revised,1,0.380952388048172,0.380952388048172,12.0,2.544930458068848
3426,revolution,1,0.7535211443901062,0.7535211443901062,25.0,18.698657989501957
3427,revolve,1,0.5795454382896423,0.5795454382896423,19.0,8.633611679077148
3428,revolving chair,1,0.5865384340286255,0.5865384340286255,21.0,5.965041160583496
3429,reward,3,0.5048433045546213,0.4888888895511627,16.333333333333332,9.887859344482422
3430,rf osciilator,1,0.9685039520263672,0.9685039520263672,32.0,3.315018892288208
3431,rhino,1,0.8133333325386047,0.8133333325386047,29.0,15.165063858032228
3432,rhinoceros,1,0.3627451062202453,0.3627451062202453,12.0,3.9260504245758057
3433,rhinocerous,1,0.746666669845581,0.746666669845581,26.0,11.366687774658203
3434,rhythmic,1,0.7348484992980957,0.7348484992980957,24.0,5.5069756507873535
3435,rice,3,0.5764083564281464,0.5396825671195984,19.0,5.357308864593506
3436,rich,2,0.6138461530208588,0.6138461530208588,22.0,5.708648204803467
3437,ride,1,0.7159090638160706,0.7159090638160706,23.0,8.22883129119873
3438,ridge board,1,0.7884057760238647,0.7884057760238647,25.0,2.5427746772766118
3439,ridicule,1,0.6575342416763306,0.6575342416763306,21.0,2.170386791229248
3440,right,5,0.5635677993297576,0.5666666626930237,18.2,6.705616474151611
3441,right indent,1,0.7551724314689636,0.7551724314689636,23.0,11.961790084838867
3442,right now,1,0.3799999952316284,0.3799999952316284,12.0,3.6211018562316895
3443,rigid,1,0.5483871102333069,0.5483871102333069,19.0,1.941624402999878
3444,rinderpest,1,0.7400000095367432,0.7400000095367432,23.0,4.862384796142578
3445,ring,2,0.6349206566810608,0.6349206566810608,20.0,6.199306488037109
3446,ring spanner,1,0.6679841876029968,0.6679841876029968,20.0,6.12214469909668
3447,riots,1,0.7599999904632568,0.7599999904632568,28.0,4.569852828979492
3448,rip out,1,0.5589519739151001,0.5589519739151001,18.0,2.8206489086151123
3449,ripe,1,0.4495412707328796,0.4495412707328796,15.0,3.1713290214538574
3450,risk,1,0.4533333480358124,0.4533333480358124,17.0,7.647266864776611
3451,river,2,0.6650000214576721,0.6650000214576721,22.0,5.087072849273682
3452,riverine,1,0.8057971000671387,0.8057971000671387,25.0,9.13251781463623
3453,rjd,3,0.6751646995544434,0.6974790096282959,21.333333333333332,8.60763168334961
3454,road,1,0.6835442781448364,0.6835442781448364,22.0,4.512643814086914
3455,road separator,1,0.7368420958518982,0.7368420958518982,23.0,3.251037120819092
3456,roam,1,0.7066666483879089,0.7066666483879089,23.0,13.725475311279297
3457,roar,2,0.4583333283662796,0.4583333283662796,15.0,5.65798282623291
3458,roasters,1,0.8229166865348816,0.8229166865348816,26.0,3.5647048950195312
3459,rock,3,0.43174992005030316,0.3863636255264282,14.0,6.166107654571533
3460,rock climbing gujarat,1,0.8110598921775818,0.8110598921775818,26.0,6.366322040557861
3461,rock drill machine,1,0.9438202381134032,0.9438202381134032,29.0,6.403449058532715
3462,rock gardening,1,0.9712643623352052,0.9712643623352052,30.0,12.63645076751709
3463,rockery plants,1,0.9449275135993958,0.9449275135993958,30.0,13.57345962524414
3464,rocket,1,0.3166666626930237,0.3166666626930237,10.0,2.147063732147217
3465,rocking chair,1,0.5916666388511658,0.5916666388511658,21.0,5.038211822509766
3466,role,2,0.4946220815181732,0.4946220815181732,16.5,4.419833660125732
3467,roll,2,0.5903488993644714,0.5903488993644714,19.0,4.147689342498779
3468,rollerpaint,1,0.4870466291904449,0.4870466291904449,15.0,6.466830253601074
3469,rolls royce,1,0.4814814925193786,0.4814814925193786,15.0,4.514786720275879
3470,roof,2,0.5579365193843842,0.5579365193843842,17.5,4.807767868041992
3471,roof garden,1,0.8432432413101196,0.8432432413101196,27.0,5.780694484710693
3472,roof griders,1,0.6837944388389587,0.6837944388389587,21.0,5.477461338043213
3473,roofing tiles,1,0.9032257795333862,0.9032257795333862,29.0,4.591376304626465
3474,room,3,0.5666666527589163,0.6499999761581421,18.0,4.065579891204834
3475,rose,2,0.7222222089767456,0.7222222089767456,23.5,4.2766594886779785
3476,rotate,1,0.6399999856948853,0.6399999856948853,20.0,5.920624732971191
3477,rotating tool,1,0.7773584723472595,0.7773584723472595,26.0,7.815117835998535
3478,rotational,1,0.6483516693115234,0.6483516693115234,22.0,7.213924407958984
3479,rotational motion,1,0.5899280309677124,0.5899280309677124,20.0,5.124948024749756
3480,roti,1,0.5142857432365417,0.5142857432365417,16.0,7.311379909515381
3481,rotten,1,0.5066666603088379,0.5066666603088379,16.0,9.504610061645508
3482,rough,2,0.46238088607788086,0.46238088607788086,15.0,6.55344820022583
3483,rough cut,1,0.8009708523750305,0.8009708523750305,25.0,3.601081609725952
3484,roughages,1,0.8820960521697998,0.8820960521697998,28.0,3.6906659603118896
3485,round,4,0.592740535736084,0.6063144207000732,19.25,7.060547351837158
3486,route,2,0.6221527755260468,0.6221527755260468,19.5,3.880782604217529
3487,routine,1,0.3583333194255829,0.3583333194255829,12.0,2.292043685913086
3488,row house,1,0.8328173160552979,0.8328173160552979,26.0,4.389456272125244
3489,rowdy,1,0.5079365372657776,0.5079365372657776,16.0,4.610195159912109
3490,royal enfield,1,0.5185185074806213,0.5185185074806213,16.0,5.688534736633301
3491,rubber,7,0.5810545853206089,0.6095238327980042,18.857142857142858,5.406181335449219
3492,rubber boots,1,0.8745980858802795,0.8745980858802795,28.0,4.914995670318604
3493,rubber stamp,1,0.4666666686534881,0.4666666686534881,15.0,4.226751327514648
3494,rude,2,0.63483227789402,0.63483227789402,20.5,7.757551670074463
3495,rule,2,0.5428571701049805,0.5428571701049805,17.0,7.260222434997559
3496,ruler,2,0.43348073959350586,0.43348073959350586,13.5,6.294521808624268
3497,rum,1,0.6404494643211365,0.6404494643211365,21.0,3.8309969902038574
3498,run,4,0.6195055022835732,0.5461538732051849,21.0,7.123188018798828
3499,runner,1,0.617511510848999,0.617511510848999,20.0,4.030858516693115
3500,running account,1,0.3777777850627899,0.3777777850627899,13.0,3.905438184738159
3501,runs,1,0.5227272510528564,0.5227272510528564,17.0,7.96865177154541
3502,rupee,1,0.4903846085071563,0.4903846085071563,15.0,2.42598295211792
3503,rural development,1,0.4388489127159118,0.4388489127159118,15.0,8.350159645080566
3504,russia,3,0.45744572083155316,0.3888888955116272,15.0,5.5235795974731445
3505,ruthless,2,0.33193960785865784,0.33193960785865784,10.0,6.07185697555542
3506,rwanda,1,0.5890411138534546,0.5890411138534546,19.0,4.80314302444458
3507,s.i unit,1,0.7333333492279053,0.7333333492279053,24.0,14.070295333862305
3508,sacrifice,1,0.3469387888908386,0.3469387888908386,11.0,2.305233955383301
3509,sad,2,0.5277777761220932,0.5277777761220932,16.5,2.9412527084350586
3510,safe,2,0.5441327393054962,0.5441327393054962,17.5,5.499114036560059
3511,safe guard,1,0.2888889014720917,0.2888889014720917,9.0,5.519659519195557
3512,safety goggle,1,0.6405529975891113,0.6405529975891113,21.0,4.86522912979126
3513,safety helmet,1,0.8426395654678345,0.8426395654678345,27.0,5.770113945007324
3514,sai baba,1,0.6538461446762085,0.6538461446762085,20.0,3.557234525680542
3515,sailboat,1,0.868686854839325,0.868686854839325,28.0,5.2140069007873535
3516,sailor,2,0.4583333283662796,0.4583333283662796,14.5,14.14317512512207
3517,sailor collar,1,0.3944444358348846,0.3944444358348846,13.0,4.1619415283203125
3518,sailor pants,1,1.0,1.0,32.0,4.437542915344238
3519,saina nehwal,1,0.617977499961853,0.617977499961853,19.0,5.521880626678467
3520,salary,2,0.5602150708436966,0.5602150708436966,17.5,2.581228733062744
3521,sales retum,1,0.375,0.375,15.0,4.153957843780518
3522,salesman,1,0.7366666793823242,0.7366666793823242,23.0,5.664167404174805
3523,salman khan,1,0.410256415605545,0.410256415605545,12.0,2.3407211303710938
3524,saloon,1,0.6133333444595337,0.6133333444595337,20.0,4.929078102111816
3525,salt,2,0.5196078568696976,0.5196078568696976,17.0,5.689912796020508
3526,salwar kameez,2,0.6136363446712494,0.6136363446712494,19.0,4.5513014793396
3527,salyx tetra sperma,1,0.919003129005432,0.919003129005432,29.0,10.540834426879885
3528,same,5,0.44113104939460757,0.4470588266849518,13.8,4.421825885772705
3529,samosa,1,0.4000000059604645,0.4000000059604645,12.0,3.961583852767944
3530,sample,1,0.2881355881690979,0.2881355881690979,10.0,5.499632358551025
3531,samsung,1,0.4583333432674408,0.4583333432674408,14.0,10.397594451904297
3532,samsung mobile,1,0.4132231473922729,0.4132231473922729,13.0,5.987150192260742
3533,san serif,1,0.8736461997032166,0.8736461997032166,27.0,9.598187446594238
3534,sanction,1,0.2933333218097687,0.2933333218097687,10.0,2.6836955547332764
3535,sand,3,0.57453453540802,0.5699999928474426,18.333333333333332,6.887172222137451
3536,sand paper,1,0.5358166098594666,0.5358166098594666,16.0,5.311367988586426
3537,sandwich,4,0.5857181996107101,0.601565808057785,18.25,7.657009601593018
3538,sandwitch,1,0.7777777910232544,0.7777777910232544,28.0,4.840272426605225
3539,sanitary pad,2,0.5851111114025116,0.5851111114025116,18.5,6.512310981750488
3540,sanjay dutt,1,0.5,0.5,17.0,4.777907371520996
3541,saprophyte of plants,1,0.8485804200172424,0.8485804200172424,27.0,3.858799934387207
3542,saraswati,1,0.5686274766921997,0.5686274766921997,18.0,4.999798774719238
3543,sari,4,0.4029788002371788,0.3935632258653641,13.25,4.578567028045654
3544,sarong skirt,1,0.4088397920131683,0.4088397920131683,12.0,2.964111566543579
3545,sarvepalli radhakrishnan,1,0.5660377144813538,0.5660377144813538,18.0,3.1532230377197266
3546,satellites,1,0.8159509301185608,0.8159509301185608,26.0,6.830645561218262
3547,satisfactory,1,0.233333334326744,0.233333334326744,10.0,2.7010703086853027
3548,satisfied,2,0.4197159558534622,0.4197159558534622,12.5,2.227308988571167
3549,saturday,6,0.4760331412156423,0.4666666686534881,15.833333333333334,4.988394260406494
3550,sauce,1,0.6222222447395325,0.6222222447395325,20.0,5.322117328643799
3551,saudi arabia,1,0.4736842215061188,0.4736842215061188,15.0,3.821425676345825
3552,save,1,0.3617021143436432,0.3617021143436432,11.0,4.088474273681641
3553,saw,1,0.4533333480358124,0.4533333480358124,16.0,6.574862003326416
3554,sc,1,0.9200000166893004,0.9200000166893004,31.0,13.682884216308594
3555,scales of pay,1,0.8095238208770752,0.8095238208770752,25.0,9.006189346313477
3556,scalpel,1,0.6426593065261841,0.6426593065261841,21.0,4.140714645385742
3557,scan,1,0.4622641503810882,0.4622641503810882,14.0,6.589319229125977
3558,scared,1,0.489130437374115,0.489130437374115,16.0,4.033716201782227
3559,scent,3,0.5679012537002563,0.5555555820465088,17.333333333333332,4.83547306060791
3560,schedule,1,0.4313725531101227,0.4313725531101227,13.0,5.786061763763428
3561,schematic,1,0.9878787994384766,0.9878787994384766,32.0,7.213239669799805
3562,school,2,0.6112820506095886,0.6112820506095886,19.5,4.87473201751709
3563,school bag,2,0.4781746119260788,0.4781746119260788,15.0,2.225813388824463
3564,school bus,1,0.3733333349227905,0.3733333349227905,13.0,4.524035930633545
3565,school uniform,1,0.6265060305595398,0.6265060305595398,21.0,4.038243293762207
3566,science,2,0.47910112142562866,0.47910112142562866,15.0,6.927281379699707
3567,scientist,1,0.4230769276618957,0.4230769276618957,14.0,5.693200588226318
3568,scissors,2,0.4029761999845505,0.4029761999845505,13.0,3.282052755355835
3569,scold,2,0.6014285683631897,0.6014285683631897,18.5,7.343935966491699
3570,scooter,1,0.6511628031730652,0.6511628031730652,20.0,4.101933002471924
3571,scope,1,0.4933333396911621,0.4933333396911621,18.0,7.742469787597656
3572,score,1,0.761904776096344,0.761904776096344,24.0,5.522018432617188
3573,scorpion,1,0.4226804077625274,0.4226804077625274,14.0,5.745748996734619
3574,scotland,1,0.5882353186607361,0.5882353186607361,19.0,1.924585223197937
3575,scraping,1,0.4736842215061188,0.4736842215061188,15.0,5.158143997192383
3576,scratch,4,0.5773222893476486,0.5549901127815247,18.5,4.373308181762695
3577,scream,1,0.3360655605792999,0.3360655605792999,11.0,3.3539059162139893
3578,screen,1,0.5243055820465088,0.5243055820465088,16.0,3.1622238159179688
3579,screw driver,1,0.4583333432674408,0.4583333432674408,15.0,5.400717258453369
3580,screw guage,1,0.5161290168762207,0.5161290168762207,16.0,13.317233085632324
3581,scribe,1,0.770370364189148,0.770370364189148,25.0,4.428781032562256
3582,script,1,0.9333333373069764,0.9333333373069764,30.0,5.3749308586120605
3583,sculptor,2,0.6048206984996796,0.6048206984996796,19.5,17.35835838317871
3584,sculpture,1,0.3492063581943512,0.3492063581943512,11.0,3.3886427879333496
3585,sea,3,0.43088096380233765,0.4300000071525574,14.333333333333334,8.04642105102539
3586,seal,1,0.6833333373069763,0.6833333373069763,25.0,18.68182373046875
3587,seam allowance,1,0.4624505937099457,0.4624505937099457,14.0,3.755967855453491
3588,seam ripper,1,0.3863636255264282,0.3863636255264282,12.0,4.2112531661987305
3589,seamline pocket,1,1.0,1.0,32.0,7.6600518226623535
3590,search,2,0.7156100571155548,0.7156100571155548,23.5,4.104126453399658
3591,season,2,0.5775438696146011,0.5775438696146011,18.5,4.605103969573975
3592,second,2,0.7215896844863892,0.7215896844863892,23.0,6.326271057128906
3593,secondary,1,0.8333333134651184,0.8333333134651184,28.0,7.164321422576904
3594,secondary tillage,1,0.8948948979377747,0.8948948979377747,28.0,5.814184665679932
3595,seconds,1,0.5,0.5,15.0,11.320512771606444
3596,secret,3,0.4915403028329213,0.5247524976730347,16.0,3.573726177215576
3597,secretary,1,0.375,0.375,12.0,3.710855484008789
3598,section,1,0.4358974397182464,0.4358974397182464,13.0,8.099830627441406
3599,section  admin,1,0.8964143395423889,0.8964143395423889,28.0,7.397948265075684
3600,sector,1,0.6222222447395325,0.6222222447395325,22.0,6.252425670623779
3601,security,1,0.9666666388511658,0.9666666388511658,31.0,20.213668823242188
3602,security continuing,1,0.4848484992980957,0.4848484992980957,16.0,7.154355525970459
3603,security convertible,1,0.6571428775787354,0.6571428775787354,21.0,7.820641994476318
3604,security deposit,1,0.5079365372657776,0.5079365372657776,16.0,7.488907814025879
3605,security guard,1,0.6184210777282715,0.6184210777282715,19.0,2.829387664794922
3606,see,4,0.5969780310988426,0.6500000059604645,19.75,5.415197849273682
3607,see you tomorrow,1,0.4395604431629181,0.4395604431629181,14.0,3.3433175086975098
3608,seed,4,0.5511019453406334,0.5288048684597015,18.5,7.093079566955566
3609,seizure,1,0.4727272689342499,0.4727272689342499,17.0,5.610306262969971
3610,select,2,0.3503916710615158,0.3503916710615158,11.0,4.7765421867370605
3611,selection grade,1,0.675000011920929,0.675000011920929,24.0,5.830463409423828
3612,selective,1,0.7200000286102295,0.7200000286102295,25.0,4.542204856872559
3613,self,2,0.5150000005960464,0.5150000005960464,16.5,4.341403484344482
3614,self balancing,2,0.6370370388031006,0.6370370388031006,21.5,6.156408309936523
3615,self employed,1,0.6857143044471741,0.6857143044471741,24.0,3.227055072784424
3616,self explanatory,1,0.6583333611488342,0.6583333611488342,22.0,5.162344455718994
3617,self-reflect,1,0.355932205915451,0.355932205915451,11.0,5.64877462387085
3618,selfish,2,0.5536231994628906,0.5536231994628906,17.5,7.6583251953125
3619,sell,2,0.48349568247795105,0.48349568247795105,15.5,10.258333206176758
3620,semi aniline skin,1,0.5745614171028137,0.5745614171028137,18.0,4.295020580291748
3621,semi solid,1,0.3000000119209289,0.3000000119209289,13.0,4.526439666748047
3622,semi urban,1,0.4606060683727264,0.4606060683727264,16.0,8.887502670288086
3623,semicircle,1,0.4642857015132904,0.4642857015132904,15.0,4.430510520935059
3624,seminar,1,0.7916666865348816,0.7916666865348816,25.0,8.850394248962402
3625,send,2,0.5533333271741867,0.5533333271741867,18.0,16.37282371520996
3626,seniority,1,0.3166666626930237,0.3166666626930237,11.0,4.033918857574463
3627,sentence,2,0.502083346247673,0.502083346247673,16.0,5.770381927490234
3628,separate,3,0.4690269927183787,0.4915254116058349,15.666666666666666,4.5252532958984375
3629,september,5,0.5646693527698516,0.5600000023841858,19.4,15.231274604797363
3630,sequential,2,0.6592592597007751,0.6592592597007751,21.0,17.517261505126953
3631,serial killer,1,0.630081295967102,0.630081295967102,20.0,3.506911277770996
3632,serial tv,2,0.6499609351158142,0.6499609351158142,20.5,5.19949197769165
3633,servant,2,0.6015151590108871,0.6015151590108871,19.0,5.631636619567871
3634,serve,1,0.4920634925365448,0.4920634925365448,16.0,7.325693130493164
3635,service,2,0.5130174160003662,0.5130174160003662,15.5,4.443412780761719
3636,sesbenia aegyptiaca,1,0.8821548819541931,0.8821548819541931,28.0,7.907776355743408
3637,set,1,0.3802816867828369,0.3802816867828369,12.0,2.802079439163208
3638,setting of cement,1,0.8852459192276001,0.8852459192276001,27.0,4.829072952270508
3639,settle,1,0.5142857432365417,0.5142857432365417,18.0,17.919965744018555
3640,seven,1,0.5308641791343689,0.5308641791343689,16.0,1.9739696979522705
3641,seventeen,1,0.52173912525177,0.52173912525177,16.0,2.554021120071411
3642,seventh,1,0.5244755148887634,0.5244755148887634,16.0,5.494977474212647
3643,seventy,1,0.4020618498325348,0.4020618498325348,12.0,2.148327350616455
3644,sever,1,0.3238095343112945,0.3238095343112945,10.0,7.593725204467773
3645,severally,2,0.47058825194835663,0.47058825194835663,16.0,5.788942337036133
3646,sewing machine,1,0.5866666436195374,0.5866666436195374,19.0,5.1809611320495605
3647,sex,1,0.3653846085071563,0.3653846085071563,12.0,2.460165500640869
3648,sexual reproduction,1,0.911764681339264,0.911764681339264,29.0,5.711894989013672
3649,seychelles,1,0.5555555820465088,0.5555555820465088,17.0,3.3934006690979004
3650,shade,1,0.7065868377685547,0.7065868377685547,22.0,4.933807849884033
3651,shaft,1,0.8171206116676331,0.8171206116676331,28.0,12.245257377624512
3652,shake,1,0.380952388048172,0.380952388048172,14.0,4.929244995117188
3653,shallow,2,0.5423070788383484,0.5423070788383484,17.5,10.114312171936035
3654,shank button,1,0.6411960124969482,0.6411960124969482,20.0,6.499931335449219
3655,shape,2,0.6636764705181122,0.6636764705181122,21.5,9.432894706726074
3656,sharbat,1,0.6349206566810608,0.6349206566810608,23.0,5.467432975769043
3657,share,4,0.5710204541683197,0.5873059332370758,18.25,6.763944625854492
3658,share capital,1,0.7333333492279053,0.7333333492279053,24.0,9.421744346618652
3659,share equity,1,0.3948718011379242,0.3948718011379242,14.0,4.809279918670654
3660,share holder,1,0.5249999761581421,0.5249999761581421,18.0,5.872596263885498
3661,share market,2,0.5261290371417999,0.5261290371417999,17.0,8.420244216918945
3662,share preference,1,0.4416666626930237,0.4416666626930237,14.0,4.079461097717285
3663,shares redeemable,1,0.5333333611488342,0.5333333611488342,16.0,4.446344375610352
3664,shark,1,0.5220588445663452,0.5220588445663452,15.0,5.111873626708984
3665,sharp,1,0.3984375,0.3984375,12.0,8.907310485839844
3666,sharpener,2,0.458874449133873,0.458874449133873,14.5,5.29197883605957
3667,sharpening stone,1,0.7351778745651245,0.7351778745651245,23.0,7.647221088409424
3668,shatabdi express,1,0.5199999809265137,0.5199999809265137,16.0,3.826552391052246
3669,shave,1,0.3866666555404663,0.3866666555404663,12.0,2.0455851554870605
3670,shaving blade,1,0.5909090638160706,0.5909090638160706,18.0,4.442681312561035
3671,shaving brush,1,0.6931818127632141,0.6931818127632141,22.0,3.500474452972412
3672,shaving razor,2,0.6959438025951385,0.6959438025951385,21.5,5.054455280303955
3673,shaving trimmer,1,0.5759999752044678,0.5759999752044678,18.0,6.055508136749268
3674,shawl,4,0.6391369253396988,0.6648900806903839,20.5,4.917264461517334
3675,she,2,0.4617283940315246,0.4617283940315246,14.5,2.782039165496826
3676,shearling,1,0.6197916865348816,0.6197916865348816,19.0,3.34053373336792
3677,shears,1,0.4970414340496063,0.4970414340496063,15.0,5.039064407348633
3678,sheep,4,0.5887489765882492,0.6163868308067322,19.0,9.85858917236328
3679,sheet charge,1,0.3933333456516266,0.3933333456516266,13.0,4.282525062561035
3680,shell top,1,0.5166666507720947,0.5166666507720947,16.0,3.037625312805176
3681,shield,1,0.2905983030796051,0.2905983030796051,9.0,3.0688939094543457
3682,shift,2,0.37888889014720917,0.37888889014720917,13.0,6.0477070808410645
3683,shillong,1,0.4489795863628387,0.4489795863628387,14.0,2.0660762786865234
3684,shimla,2,0.5245565176010132,0.5245565176010132,16.5,8.098657608032227
3685,shine,4,0.44583334028720856,0.44833333790302277,14.25,4.60761833190918
3686,ship,1,0.6964285969734192,0.6964285969734192,22.0,7.853142738342285
3687,shipment,1,0.4296296238899231,0.4296296238899231,14.0,4.338160991668701
3688,shipping freight,1,0.4148148000240326,0.4148148000240326,13.0,2.714463472366333
3689,shipping order,1,0.4666666686534881,0.4666666686534881,16.0,5.66957426071167
3690,shirt,2,0.5733333230018616,0.5733333230018616,18.0,3.090381622314453
3691,shiv sena,1,0.6229507923126221,0.6229507923126221,19.0,2.8881239891052246
3692,shiva,1,0.460317462682724,0.460317462682724,14.0,5.330789089202881
3693,shock,2,0.4668930321931839,0.4668930321931839,15.0,4.736769676208496
3694,shocked,1,0.6027397513389587,0.6027397513389587,19.0,3.676381826400757
3695,shoe,2,0.5965909063816071,0.5965909063816071,19.5,4.823877334594727
3696,shoes,1,0.4931506812572479,0.4931506812572479,17.0,5.009370803833008
3697,shoot,3,0.6240150729815165,0.6022727489471436,20.0,4.432775497436523
3698,shooting,2,0.8307458460330963,0.8307458460330963,27.0,9.871869087219238
3699,shop,3,0.5644444525241852,0.5733333230018616,18.666666666666668,5.100197792053223
3700,shopkeeper,2,0.5333333313465118,0.5333333313465118,16.5,9.17885398864746
3701,short,2,0.4968840628862381,0.4968840628862381,16.5,3.922396898269653
3702,short term,1,0.4888888895511627,0.4888888895511627,16.0,4.820758819580078
3703,shortage,1,0.4266666769981384,0.4266666769981384,14.0,3.2095415592193604
3704,should,2,0.573095828294754,0.573095828294754,18.5,6.326982975006104
3705,shoulder,3,0.47435255845387775,0.4761904776096344,15.333333333333334,4.784214973449707
3706,shoulder pads,1,0.5076923370361328,0.5076923370361328,16.0,6.319293975830078
3707,show,2,0.45874999463558197,0.45874999463558197,14.5,4.865532875061035
3708,show cause,1,0.4000000059604645,0.4000000059604645,14.0,6.188810348510742
3709,shower,1,0.6213592290878296,0.6213592290878296,20.0,3.5465240478515625
3710,shrubs,1,0.9184290170669556,0.9184290170669556,29.0,6.292022705078125
3711,shutdown,1,0.324999988079071,0.324999988079071,10.0,7.048291206359863
3712,shy,3,0.5382478733857473,0.5897436141967773,17.666666666666668,4.233008861541748
3713,si,1,0.5555555820465088,0.5555555820465088,17.0,5.160421371459961
3714,sibling,1,0.5795454382896423,0.5795454382896423,18.0,2.1982338428497314
3715,sick,6,0.6232820252577463,0.6626984179019928,20.0,4.583045482635498
3716,sick unit,1,0.5277777910232544,0.5277777910232544,17.0,5.960737705230713
3717,side,1,0.3111111223697662,0.3111111223697662,10.0,4.500711441040039
3718,side mirror,1,0.7686567306518555,0.7686567306518555,25.0,4.317221641540527
3719,sight bill,1,0.5809524059295654,0.5809524059295654,19.0,4.202537059783936
3720,sightseeing,1,0.5602836608886719,0.5602836608886719,17.0,6.511654853820801
3721,sign,2,0.4166666716337204,0.4166666716337204,13.0,6.21709680557251
3722,sign language,1,0.5696202516555786,0.5696202516555786,19.0,5.479128360748291
3723,signal,1,0.6190476417541504,0.6190476417541504,20.0,4.024746894836426
3724,signatory,1,0.380952388048172,0.380952388048172,12.0,2.258157253265381
3725,signature,1,0.3111111223697662,0.3111111223697662,10.0,2.5876245498657227
3726,sikh,2,0.47682540118694305,0.47682540118694305,15.5,2.6690244674682617
3727,sikhism,2,0.5576941967010498,0.5576941967010498,17.5,5.6450042724609375
3728,sikkim,1,0.4736842215061188,0.4736842215061188,15.0,3.426210403442383
3729,silk,4,0.4130952470004558,0.3761904835700989,13.0,3.7048087120056152
3730,silver,4,0.5604607164859772,0.5722222328186035,17.75,5.480752944946289
3731,sim card,1,0.6200000047683716,0.6200000047683716,19.0,7.546779155731201
3732,similar,4,0.4583701640367508,0.4476190507411957,14.0,4.076995849609375
3733,simple  microscope,1,0.6666666865348816,0.6666666865348816,23.0,6.296971321105957
3734,simultaneous,2,0.684684693813324,0.684684693813324,23.0,8.024940490722656
3735,since,1,0.2888889014720917,0.2888889014720917,9.0,4.624307155609131
3736,sing,2,0.4396825432777405,0.4396825432777405,14.0,3.46718978881836
3737,singapore,3,0.41197530428568524,0.4259259402751922,13.333333333333334,4.1991729736328125
3738,singer,1,0.5148515105247498,0.5148515105247498,16.0,10.921879768371582
3739,single entry,1,0.6166666746139526,0.6166666746139526,19.0,4.937874794006348
3740,single owner,1,0.2380952388048172,0.2380952388048172,9.0,4.469966888427734
3741,sink,2,0.4320833384990692,0.4320833384990692,14.5,6.675036430358887
3742,sister,3,0.6601010163625082,0.678787887096405,21.333333333333332,4.241817474365234
3743,sit,4,0.48037414997816086,0.503333330154419,15.25,3.607308864593506
3744,sitar,1,0.5066666603088379,0.5066666603088379,16.0,3.0108964443206787
3745,site,1,0.3833333253860473,0.3833333253860473,13.0,4.032557487487793
3746,situation,1,0.5824176073074341,0.5824176073074341,18.0,4.721966743469238
3747,six,2,0.43518517911434174,0.43518517911434174,13.5,5.392554759979248
3748,six monthly,1,0.4083333313465118,0.4083333313465118,13.0,3.0619935989379883
3749,sixteen,1,0.4565217494964599,0.4565217494964599,15.0,4.71639347076416
3750,sixty,1,0.5462185144424438,0.5462185144424438,18.0,5.797152042388916
3751,size,2,0.6730392128229141,0.6730392128229141,22.0,37.85246276855469
3752,size of seed,1,0.8062499761581421,0.8062499761581421,25.0,5.30049467086792
3753,skating,1,0.6666666865348816,0.6666666865348816,20.0,8.031259536743164
3754,skiing,1,0.7076923251152039,0.7076923251152039,24.0,4.87605619430542
3755,skilled labour,1,0.4666666686534881,0.4666666686534881,14.0,3.806218147277832
3756,skin,3,0.6329912543296814,0.675000011920929,20.0,7.445296287536621
3757,skip,1,0.4666666686534881,0.4666666686534881,15.0,4.60494327545166
3758,skirt,3,0.6184615393479665,0.6800000071525574,19.333333333333332,7.205478191375732
3759,sky,2,0.550496444106102,0.550496444106102,17.0,5.457699775695801
3760,slap,2,0.45048077404499054,0.45048077404499054,14.5,3.989673137664795
3761,sleep,3,0.6122265259424845,0.6095238327980042,19.0,4.73982048034668
3762,sleepwalker,1,0.8614457845687866,0.8614457845687866,27.0,10.877582550048828
3763,sleeve band,1,0.4625000059604645,0.4625000059604645,14.0,3.599058151245117
3764,sleeve board,1,0.5260416865348816,0.5260416865348816,16.0,3.6066641807556152
3765,slim,1,0.5733333230018616,0.5733333230018616,19.0,7.614972114562988
3766,sling bag,1,0.3884297609329223,0.3884297609329223,13.0,6.5035600662231445
3767,slip,2,0.46091268956661224,0.46091268956661224,14.5,5.252635002136231
3768,slippers,1,0.6623376607894897,0.6623376607894897,21.0,6.549454212188721
3769,slope,1,0.5887096524238586,0.5887096524238586,19.0,3.436567783355713
3770,sloped roof,1,0.6495726704597473,0.6495726704597473,20.0,4.1011505126953125
3771,slovakia,1,0.5060241222381592,0.5060241222381592,16.0,5.409483432769775
3772,slow,2,0.5497159063816071,0.5497159063816071,17.0,6.79132890701294
3773,slow passenger train,1,0.568965494632721,0.568965494632721,18.0,5.385692596435547
3774,slower,1,1.0,1.0,32.0,18.512914657592773
3775,sly,2,0.5722222328186035,0.5722222328186035,17.5,5.376084804534912
3776,small,2,0.42476190626621246,0.42476190626621246,14.0,3.299011468887329
3777,small coin depot,1,0.3666666746139526,0.3666666746139526,12.0,4.9057230949401855
3778,small enterprise,1,0.4444444477558136,0.4444444477558136,14.0,7.654600143432617
3779,small farmer,1,0.614814817905426,0.614814817905426,20.0,6.805315017700195
3780,small pox,2,0.6777777671813965,0.6777777671813965,22.0,3.958303928375244
3781,small savings scheme,1,0.8296296000480652,0.8296296000480652,25.0,5.365371227264404
3782,smallpox,1,0.5175438523292542,0.5175438523292542,16.0,4.017319202423096
3783,smart,1,0.561904788017273,0.561904788017273,17.0,2.543581247329712
3784,smell,4,0.4874183014035225,0.489215686917305,15.5,5.617920398712158
3785,smile,2,0.5658228099346161,0.5658228099346161,19.0,3.765899658203125
3786,smog,1,0.8273972868919373,0.8273972868919373,26.0,5.81754732131958
3787,smoke,1,0.4523809552192688,0.4523809552192688,14.0,3.134819746017456
3788,smooth,1,0.5113636255264282,0.5113636255264282,16.0,7.360263824462891
3789,sms notification,1,0.8717948794364929,0.8717948794364929,27.0,3.765244007110596
3790,snail,2,0.6973220407962799,0.6973220407962799,22.0,4.0071868896484375
3791,snake,2,0.3801465183496475,0.3801465183496475,12.0,4.543510437011719
3792,snakes,1,0.54666668176651,0.54666668176651,20.0,4.30440092086792
3793,snip,1,0.4952380955219269,0.4952380955219269,15.0,4.920684337615967
3794,snow,3,0.5886754989624023,0.5378151535987854,18.666666666666668,9.752531051635742
3795,soap,2,0.592695027589798,0.592695027589798,18.5,6.813575744628906
3796,sob,1,0.4947368502616882,0.4947368502616882,16.0,2.058158159255981
3797,social,2,0.5174323320388794,0.5174323320388794,16.5,6.744963645935059
3798,social society,1,0.4444444477558136,0.4444444477558136,14.0,5.515490531921387
3799,society,1,0.4596774280071258,0.4596774280071258,15.0,4.737772941589356
3800,society co,1,0.4166666567325592,0.4166666567325592,13.0,4.347171783447266
3801,society marketing,1,0.644444465637207,0.644444465637207,22.0,5.531620025634766
3802,socket,1,0.5185185074806213,0.5185185074806213,16.0,3.434544801712036
3803,socks,5,0.4556712329387665,0.4399999976158142,14.4,8.010470390319824
3804,sofa,3,0.5510582129160563,0.5809524059295654,18.0,8.440080642700195
3805,soft,2,0.5759349763393402,0.5759349763393402,18.0,7.411149501800537
3806,software developer,1,0.6742424368858337,0.6742424368858337,21.0,3.907270669937134
3807,soil,1,0.451127827167511,0.451127827167511,14.0,17.589311599731445
3808,soil borne disease,1,0.9183098673820496,0.9183098673820496,29.0,4.946937084197998
3809,soil physics,1,0.7432432174682617,0.7432432174682617,23.0,6.497313499450684
3810,soil survey,1,0.7599999904632568,0.7599999904632568,23.0,6.78781795501709
3811,soiled note,1,0.5333333611488342,0.5333333611488342,17.0,3.7428369522094727
3812,solar eclipse,1,0.6037735939025879,0.6037735939025879,20.0,3.2617218494415283
3813,solar energy,1,0.9909090995788574,0.9909090995788574,32.0,8.240745544433594
3814,solar system,1,0.8148148059844971,0.8148148059844971,28.0,6.78531551361084
3815,soldering flux,1,0.9047619104385376,0.9047619104385376,31.0,8.091458320617676
3816,soldering iron,1,0.9589040875434875,0.9589040875434875,31.0,8.720041275024414
3817,soldering lead,1,0.9803921580314636,0.9803921580314636,32.0,9.228754997253418
3818,soldier,2,0.35880933701992035,0.35880933701992035,11.0,4.262745380401611
3819,solicitor,1,0.4740740656852722,0.4740740656852722,17.0,3.551492691040039
3820,solid,2,0.569655179977417,0.569655179977417,18.0,6.795929431915283
3821,solld fueis,1,0.9444444179534912,0.9444444179534912,32.0,4.671295642852783
3822,solo,1,0.6455696225166321,0.6455696225166321,21.0,4.554169654846191
3823,solve,2,0.598333328962326,0.598333328962326,20.0,3.871096134185791
3824,some,2,0.43568629026412964,0.43568629026412964,14.0,6.361196041107178
3825,something,1,0.3723404109477997,0.3723404109477997,12.0,4.296231269836426
3826,sometimes,3,0.528349886337916,0.5052631497383118,16.333333333333332,5.333083629608154
3827,son,3,0.7183838287989298,0.7151514887809753,21.666666666666668,5.039925575256348
3828,sony mobile,1,0.4907407462596893,0.4907407462596893,16.0,6.220595836639404
3829,soon,1,0.6666666865348816,0.6666666865348816,21.0,4.51167106628418
3830,sorry,4,0.6053956896066666,0.6234499216079712,19.25,4.423692226409912
3831,sotar,1,0.9082568883895874,0.9082568883895874,30.0,9.377835273742676
3832,soul,1,0.380952388048172,0.380952388048172,13.0,4.107499122619629
3833,sound,2,0.681827962398529,0.681827962398529,22.5,3.661301851272583
3834,soup,2,0.4612814486026764,0.4612814486026764,14.5,5.02944278717041
3835,source,1,0.4888888895511627,0.4888888895511627,15.0,5.048419952392578
3836,south,2,0.5155193358659744,0.5155193358659744,17.5,4.958350658416748
3837,south africa,1,0.6024096608161926,0.6024096608161926,20.0,4.595325469970703
3838,south america,2,0.564393937587738,0.564393937587738,17.0,5.331571578979492
3839,south indian bank,1,0.5740740895271301,0.5740740895271301,18.0,4.802334785461426
3840,south korea,1,0.6707317233085632,0.6707317233085632,21.0,3.802659749984741
3841,south poie,1,0.8086956739425659,0.8086956739425659,25.0,6.424094676971436
3842,south pole,1,0.8194444179534912,0.8194444179534912,27.0,6.02181339263916
3843,southern hemisphere,1,0.8756476640701294,0.8756476640701294,28.0,5.327340126037598
3844,sow,1,0.4266666769981384,0.4266666769981384,15.0,5.22043514251709
3845,sp,1,0.5975610017776489,0.5975610017776489,19.0,5.02111291885376
3846,space,1,0.7388888597488403,0.7388888597488403,24.0,6.531956672668457
3847,spain,1,0.6785714030265808,0.6785714030265808,22.0,3.86616849899292
3848,spanner,2,0.4941176623106003,0.4941176623106003,16.0,5.483307361602783
3849,sparrow,2,0.8005952537059784,0.8005952537059784,25.5,15.727557182312012
3850,spastic,1,0.54666668176651,0.54666668176651,17.0,4.136932849884033
3851,speak,1,0.5909090638160706,0.5909090638160706,19.0,4.052833557128906
3852,special,3,0.462193230787913,0.4533333480358124,15.333333333333334,4.517381191253662
3853,specialist,1,0.3949579894542694,0.3949579894542694,12.0,4.353244781494141
3854,specific,1,0.5384615659713745,0.5384615659713745,20.0,8.487180709838867
3855,specimen,1,0.3185185194015503,0.3185185194015503,11.0,4.110226631164551
3856,specimen signature,1,0.4399999976158142,0.4399999976158142,14.0,7.617604732513428
3857,speclfic heat,1,0.9375,0.9375,31.0,6.387281894683838
3858,spectacles,1,0.5151515007019043,0.5151515007019043,16.0,2.0565903186798096
3859,spectrometer,1,0.7793103456497192,0.7793103456497192,25.0,7.135846614837647
3860,spectrum,1,0.8041236996650696,0.8041236996650696,26.0,4.67824649810791
3861,speech,1,0.4431818127632141,0.4431818127632141,14.0,4.877775192260742
3862,speech therapist,2,0.4844791740179062,0.4844791740179062,15.5,8.566309928894043
3863,speed,1,1.0,1.0,32.0,7.322642803192139
3864,spend,1,0.5733333230018616,0.5733333230018616,19.0,3.512200832366944
3865,spendthrift,1,0.6266666650772095,0.6266666650772095,20.0,3.9168543815612793
3866,sperm,1,0.4130434691905975,0.4130434691905975,13.0,1.873348355293274
3867,sphere,4,0.5195628926157951,0.49726739525794983,17.25,7.5267333984375
3868,spherical mirror,1,0.7745097875595093,0.7745097875595093,24.0,5.2147216796875
3869,spherical structure,1,0.7873563170433044,0.7873563170433044,25.0,6.176202297210693
3870,spice jet,1,0.5069444179534912,0.5069444179534912,16.0,3.995351552963257
3871,spider,2,0.5999999940395355,0.5999999940395355,21.0,6.157267093658447
3872,spill,1,0.5079365372657776,0.5079365372657776,16.0,6.845504283905029
3873,spilt,1,0.2666666805744171,0.2666666805744171,10.0,3.920573711395264
3874,spiral,1,0.5306122303009033,0.5306122303009033,17.0,11.075655937194824
3875,split,1,0.6458333134651184,0.6458333134651184,21.0,5.383265018463135
3876,split pulley,1,0.841176450252533,0.841176450252533,25.0,5.292041301727295
3877,spoil,2,0.45269840955734253,0.45269840955734253,14.5,6.750426769256592
3878,spoken,1,0.5185185074806213,0.5185185074806213,17.0,3.232015371322632
3879,spoon,2,0.4820261597633362,0.4820261597633362,16.5,4.643529891967773
3880,sports,1,0.6507936716079712,0.6507936716079712,22.0,2.7594518661499023
3881,spot,1,0.4266666769981384,0.4266666769981384,14.0,7.111790180206299
3882,spot and forward,1,0.4370370507240295,0.4370370507240295,15.0,2.7548718452453613
3883,spot exchange,1,0.5916666388511658,0.5916666388511658,18.0,5.35416316986084
3884,spot price,1,0.5083333253860474,0.5083333253860474,17.0,11.335314750671388
3885,spring,1,0.7559055089950562,0.7559055089950562,24.0,4.793869972229004
3886,spring washer,1,0.7298850417137146,0.7298850417137146,23.0,3.676263093948364
3887,spur,1,0.3000000119209289,0.3000000119209289,9.0,1.9880590438842771
3888,square,3,0.3592592676480611,0.3222222328186035,11.0,10.128524780273438
3889,squeeze,1,0.625,0.625,19.0,3.393594264984131
3890,squirrel,2,0.5492883920669556,0.5492883920669556,17.5,7.659812450408935
3891,squrriel,1,0.4380952417850494,0.4380952417850494,15.0,6.082764625549316
3892,sri lanka,1,0.4285714328289032,0.4285714328289032,13.0,5.651740074157715
3893,st,1,0.6592592597007751,0.6592592597007751,22.0,3.938368558883667
3894,stabilisation,1,0.2962962985038757,0.2962962985038757,10.0,5.141647815704346
3895,staff,1,0.6944444179534912,0.6944444179534912,22.0,2.4282543659210205
3896,stage,1,0.5733333230018616,0.5733333230018616,20.0,5.286368846893311
3897,stags,1,0.8506944179534912,0.8506944179534912,27.0,4.937427043914795
3898,stair tread,1,0.7683615684509277,0.7683615684509277,24.0,8.216499328613281
3899,stairs,1,0.4526315927505493,0.4526315927505493,14.0,3.818254232406616
3900,stamp,1,0.4133333265781402,0.4133333265781402,14.0,4.357773303985596
3901,stand,2,0.75,0.75,23.5,7.02147388458252
3902,standard,2,0.34907408058643336,0.34907408058643336,11.5,7.848385810852051
3903,standardization,1,0.4396551847457886,0.4396551847457886,14.0,6.037359714508057
3904,stapler,1,0.4835164844989776,0.4835164844989776,15.0,5.726097583770752
3905,stapoo,1,0.6713286638259888,0.6713286638259888,21.0,5.468352317810059
3906,star,3,0.4757325947284698,0.4807692170143127,15.0,3.959383964538574
3907,stare,1,0.6640625,0.6640625,21.0,3.696757316589356
3908,starfish,1,0.7115384340286255,0.7115384340286255,22.0,5.450078010559082
3909,stars,2,0.5133333206176758,0.5133333206176758,16.5,4.996996879577637
3910,start,4,0.38438402116298676,0.380952388048172,12.5,10.851638793945312
3911,startle,1,0.682170569896698,0.682170569896698,23.0,3.922218561172485
3912,starve,1,0.6187499761581421,0.6187499761581421,20.0,8.332549095153809
3913,state,2,0.4573412835597992,0.4573412835597992,14.5,6.5135698318481445
3914,state bank of india,1,0.5317460298538208,0.5317460298538208,16.0,8.907444953918457
3915,statement,1,0.5,0.5,17.0,5.115976333618164
3916,statement of account,1,0.5925925970077515,0.5925925970077515,19.0,6.7792792320251465
3917,statement of liquidation,1,0.3600000143051147,0.3600000143051147,12.0,4.076576232910156
3918,states,1,0.6774193644523621,0.6774193644523621,21.0,5.616952896118164
3919,static electricity,1,0.6322580575942993,0.6322580575942993,20.0,5.122740745544434
3920,stationary work,1,0.8233532905578613,0.8233532905578613,26.0,11.187581062316896
3921,stationery,2,0.5559346675872803,0.5559346675872803,18.0,12.92186450958252
3922,statistics,2,0.4918110817670822,0.4918110817670822,15.5,4.215638637542725
3923,statlonary wave,1,0.7068965435028076,0.7068965435028076,23.0,6.451028347015381
3924,stay,2,0.5178030431270599,0.5178030431270599,16.5,4.699047088623047
3925,std,1,0.6899999976158142,0.6899999976158142,22.0,4.165887832641602
3926,steady current,1,0.7765362858772278,0.7765362858772278,24.0,4.170682430267334
3927,steam tractor,1,0.7715133428573608,0.7715133428573608,24.0,11.12799835205078
3928,stearn engine,1,0.5616438388824463,0.5616438388824463,21.0,9.717679977416992
3929,steel,3,0.6894557873407999,0.6833333373069763,22.0,5.183541297912598
3930,steel rack,1,0.7020407915115356,0.7020407915115356,22.0,6.019366264343262
3931,steering wheel,1,0.7058823704719543,0.7058823704719543,22.0,7.539525985717773
3932,stepdown transformer,1,0.7771739363670349,0.7771739363670349,24.0,4.771371364593506
3933,stepup transformer,1,0.7908496856689453,0.7908496856689453,26.0,5.150485992431641
3934,stick,1,0.6666666865348816,0.6666666865348816,22.0,11.002205848693848
3935,still,1,0.4875000119209289,0.4875000119209289,16.0,7.344922065734863
3936,stingy,1,0.5866666436195374,0.5866666436195374,18.0,6.864941120147705
3937,stink,1,0.4141414165496826,0.4141414165496826,13.0,4.433440208435059
3938,stir,1,0.5733333230018616,0.5733333230018616,18.0,5.927460193634033
3939,stir up,1,0.5765765905380249,0.5765765905380249,20.0,5.7804365158081055
3940,stitch,1,0.4799999892711639,0.4799999892711639,15.0,8.576295852661133
3941,stock,1,0.4000000059604645,0.4000000059604645,13.0,4.870614528656006
3942,stock book,1,0.3696969747543335,0.3696969747543335,12.0,3.0833425521850586
3943,stock chart,1,0.8936781883239746,0.8936781883239746,28.0,4.985369682312012
3944,stock closing,1,0.3866666555404663,0.3866666555404663,12.0,2.870741605758667
3945,stock in hand,1,0.4916666746139526,0.4916666746139526,17.0,12.604314804077148
3946,stock opening,1,0.4250000119209289,0.4250000119209289,14.0,3.4225308895111084
3947,stomach,1,0.4352941215038299,0.4352941215038299,13.0,3.74445366859436
3948,stone,3,0.5043706198533376,0.5113636255264282,16.0,8.449797630310059
3949,stone masonry,1,0.738095223903656,0.738095223903656,23.0,4.395811080932617
3950,stop,3,0.42298950751622516,0.4285714328289032,13.666666666666666,5.100949287414551
3951,stop gap,1,0.5777778029441833,0.5777778029441833,20.0,3.399110078811645
3952,storage,1,0.644444465637207,0.644444465637207,21.0,6.260159969329834
3953,store,2,0.4776190519332886,0.4776190519332886,15.0,5.940300941467285
3954,storey skyscraper,2,0.8750349581241608,0.8750349581241608,27.5,6.480100631713867
3955,storm,1,0.4411764740943908,0.4411764740943908,14.0,4.605459213256836
3956,story,2,0.526666671037674,0.526666671037674,17.0,9.197064399719238
3957,stove,2,0.6238095462322235,0.6238095462322235,20.5,5.46689510345459
3958,straight,3,0.6033549904823303,0.5714285969734192,19.666666666666668,3.528501510620117
3959,straight forward,1,0.6704545617103577,0.6704545617103577,22.0,5.622081756591797
3960,strain,1,0.5657894611358643,0.5657894611358643,18.0,9.909052848815918
3961,strange,1,0.5346534848213196,0.5346534848213196,16.0,3.578108310699463
3962,streaming,1,0.9673590660095216,0.9673590660095216,30.0,5.159666538238525
3963,strength,2,0.4121428579092026,0.4121428579092026,14.0,4.655454635620117
3964,stress,1,0.3942307829856872,0.3942307829856872,13.0,3.500699996948242
3965,stressed,1,0.7307692170143127,0.7307692170143127,24.0,3.797811508178711
3966,stretch,1,0.6700000166893005,0.6700000166893005,24.0,4.022127151489258
3967,strict,2,0.6139650046825409,0.6139650046825409,19.5,4.214183330535889
3968,strike,1,0.7333333492279053,0.7333333492279053,24.0,2.1081905364990234
3969,strong,3,0.43515151739120483,0.4399999976158142,14.0,4.493697166442871
3970,strong room,1,0.4740740656852722,0.4740740656852722,15.0,3.662130832672119
3971,stubborn,1,0.682539701461792,0.682539701461792,24.0,2.576169490814209
3972,stuck,1,0.3846153914928436,0.3846153914928436,12.0,2.61340856552124
3973,student,2,0.5468926578760147,0.5468926578760147,18.0,5.716365814208984
3974,study,2,0.48451612889766693,0.48451612889766693,15.0,7.68149471282959
3975,stumps,1,0.7096773982048035,0.7096773982048035,23.0,9.4384765625
3976,stupid,2,0.4582107961177826,0.4582107961177826,15.0,4.364216327667236
3977,style,1,0.5090909004211426,0.5090909004211426,17.0,2.477888822555542
3978,sub directory,1,0.8347457647323608,0.8347457647323608,26.0,4.675070762634277
3979,sub division,1,0.3939394056797027,0.3939394056797027,12.0,3.146239995956421
3980,sub head,1,0.4296296238899231,0.4296296238899231,14.0,6.115644931793213
3981,sub lease,1,0.4285714328289032,0.4285714328289032,14.0,3.2946274280548096
3982,subdivision,1,0.5213675498962402,0.5213675498962402,18.0,4.9332275390625
3983,subhas chandra bose,1,0.6000000238418579,0.6000000238418579,19.0,2.923671245574951
3984,subject matter,1,0.4740740656852722,0.4740740656852722,15.0,4.232574462890625
3985,submerged weeds,1,0.8463768362998962,0.8463768362998962,27.0,5.006874561309815
3986,submersible pump,1,0.8153846263885498,0.8153846263885498,25.0,3.9002881050109854
3987,submission,1,0.3733333349227905,0.3733333349227905,12.0,6.034658432006836
3988,subordinate,1,0.5583333373069763,0.5583333373069763,18.0,13.07724952697754
3989,subscription,1,0.449999988079071,0.449999988079071,14.0,9.359956741333008
3990,subsidy,1,0.9523809552192688,0.9523809552192688,31.0,3.7151882648468018
3991,subtract,2,0.4993121027946472,0.4993121027946472,15.5,4.920004844665527
3992,subway,1,0.440559446811676,0.440559446811676,14.0,6.578582286834717
3993,success,1,0.4767441749572754,0.4767441749572754,15.0,2.220393657684326
3994,succession,1,0.8600000143051147,0.8600000143051147,26.0,5.112278461456299
3995,sudan,1,0.5753424763679504,0.5753424763679504,19.0,3.5178301334381104
3996,sudden,1,0.3380281627178192,0.3380281627178192,11.0,3.281447410583496
3997,sue,1,0.5666666626930237,0.5666666626930237,18.0,4.672633647918701
3998,suffer,1,0.5714285969734192,0.5714285969734192,18.0,4.340847492218018
3999,sufficient,1,0.8074073791503906,0.8074073791503906,27.0,3.655559778213501
4000,sugar,3,0.5038029253482819,0.523809552192688,17.0,5.1823015213012695
4001,sugarcane,1,0.5600000023841858,0.5600000023841858,18.0,4.699792861938477
4002,suggest,1,0.6891891956329346,0.6891891956329346,25.0,4.098872184753418
4003,sum,1,0.7916666865348816,0.7916666865348816,25.0,3.1344523429870605
4004,summary,2,0.41475751996040344,0.41475751996040344,13.5,4.493000984191895
4005,summer,1,0.3448275923728943,0.3448275923728943,11.0,7.882215976715088
4006,summon,1,0.7655677795410156,0.7655677795410156,24.0,4.036273002624512
4007,summons,1,0.8148148059844971,0.8148148059844971,25.0,2.512359142303467
4008,sun,3,0.35500000913937885,0.3066666722297668,11.0,5.383641242980957
4009,sunday,7,0.4809316652161734,0.4666666686534881,17.714285714285715,7.8371500968933105
4010,sundry,1,0.9142857193946838,0.9142857193946838,30.0,3.939377784729004
4011,sundry creditors,1,0.6399999856948853,0.6399999856948853,20.0,6.70557165145874
4012,sundry debtors,1,0.7833333611488342,0.7833333611488342,25.0,5.565422058105469
4013,sunflower,3,0.6371008853117625,0.699999988079071,20.0,5.892789840698242
4014,sunlight,1,0.886956512928009,0.886956512928009,30.0,9.52406120300293
4015,sunny,1,0.4301075339317322,0.4301075339317322,14.0,2.1423065662384038
4016,sunrise,3,0.4451689024766286,0.5227272510528564,15.0,4.819150447845459
4017,sunset,3,0.6514102617899576,0.7733333110809326,21.0,5.083421230316162
4018,super,1,0.7444444298744202,0.7444444298744202,23.0,3.735020399093628
4019,super computer,1,0.3333333432674408,0.3333333432674408,10.0,6.28795337677002
4020,superfast express,1,0.5138888955116272,0.5138888955116272,16.0,5.648329257965088
4021,superficial,2,0.5216295272111893,0.5216295272111893,15.5,5.438267707824707
4022,superman,1,0.6938775777816772,0.6938775777816772,22.0,7.319442749023437
4023,superposltion,1,0.6764705777168274,0.6764705777168274,22.0,9.118258476257324
4024,supersession,1,0.7749999761581421,0.7749999761581421,26.0,2.8886067867279053
4025,superstition,1,0.4705882370471954,0.4705882370471954,15.0,4.451171875
4026,supervise,1,0.6129032373428345,0.6129032373428345,20.0,2.3420143127441406
4027,supervision,1,0.8833333253860474,0.8833333253860474,29.0,2.9757511615753174
4028,supervisor,1,0.4692307710647583,0.4692307710647583,15.0,7.02056360244751
4029,supplementary,1,0.5833333134651184,0.5833333134651184,20.0,2.9329543113708496
4030,supply,1,0.5396825671195984,0.5396825671195984,17.0,6.451420307159424
4031,support,2,0.40653845667839045,0.40653845667839045,13.0,4.0580244064331055
4032,suppress,1,0.5744680762290955,0.5744680762290955,18.0,2.671672105789185
4033,supreme court,1,0.8727272748947144,0.8727272748947144,28.0,5.939646244049072
4034,surat,2,0.4535147398710251,0.4535147398710251,14.5,4.846829891204834
4035,surcharge,1,0.699999988079071,0.699999988079071,24.0,2.370203256607056
4036,surface erosion,1,0.8518518805503845,0.8518518805503845,27.0,5.718617916107178
4037,surface runoff,1,0.7524116039276123,0.7524116039276123,23.0,5.339398384094238
4038,surface water,1,0.8615384697914124,0.8615384697914124,26.0,6.894376754760742
4039,surgeon,2,0.6039316356182098,0.6039316356182098,19.0,4.159924030303955
4040,surname,2,0.6900937259197235,0.6900937259197235,22.0,4.123010158538818
4041,surprise,2,0.5460317581892014,0.5460317581892014,17.0,4.534750938415527
4042,surprised,1,0.6202531456947327,0.6202531456947327,20.0,4.858119964599609
4043,surrender,1,0.7583333253860474,0.7583333253860474,27.0,3.112267017364502
4044,surrounding,1,0.4390243887901306,0.4390243887901306,16.0,4.74439811706543
4045,survey,1,0.5703703761100769,0.5703703761100769,18.0,3.9533190727233887
4046,survivorship,1,0.9333333373069764,0.9333333373069764,31.0,3.3880295753479004
4047,suspect,4,0.6131755039095879,0.6192129552364349,19.0,7.428564548492432
4048,suspend,1,0.6266666650772095,0.6266666650772095,22.0,6.213901042938232
4049,suspend payment,1,0.9025641083717346,0.9025641083717346,31.0,2.9209110736846924
4050,suzuki car,1,0.5123966932296753,0.5123966932296753,16.0,3.9606683254241934
4051,swallow,4,0.5687499940395355,0.5583333224058151,18.25,5.277495384216309
4052,swap,1,0.4861111044883728,0.4861111044883728,16.0,4.164043426513672
4053,swaziland,1,0.6315789222717285,0.6315789222717285,19.0,5.419029235839844
4054,swear,1,0.7682926654815674,0.7682926654815674,24.0,5.722855091094971
4055,sweat,3,0.6617284019788107,0.761904776096344,21.0,5.785797119140625
4056,sweater,4,0.4720527678728103,0.471590906381607,15.0,6.698042869567871
4057,sweden,1,0.6774193644523621,0.6774193644523621,22.0,5.505075454711914
4058,sweep,2,0.7153916954994202,0.7153916954994202,22.0,5.857542037963867
4059,sweet,3,0.435905118783315,0.4266666769981384,13.666666666666666,5.847458362579346
4060,sweet lime,2,0.4869290888309479,0.4869290888309479,15.0,4.556807518005371
4061,sweetlime,1,0.5333333611488342,0.5333333611488342,18.0,5.552836418151856
4062,sweets,1,0.4761904776096344,0.4761904776096344,17.0,7.193427085876465
4063,swift,1,0.4081632792949676,0.4081632792949676,13.0,3.9587111473083496
4064,swim,2,0.5605128258466721,0.5605128258466721,18.5,5.913383960723877
4065,swimming,1,0.4491525292396545,0.4491525292396545,16.0,5.947216510772705
4066,swine farming,1,0.7190082669258118,0.7190082669258118,23.0,3.681809663772583
4067,swing,3,0.5156371494134268,0.5340909361839294,17.333333333333332,12.087947845458984
4068,switch,3,0.6052536567052206,0.5894736647605896,19.666666666666668,6.055656433105469
4069,switch box,1,0.8320610523223877,0.8320610523223877,27.0,6.887382507324219
4070,switzerland,1,0.6029411554336548,0.6029411554336548,20.0,2.0567359924316406
4071,symbol,1,0.9407407641410828,0.9407407641410828,30.0,3.398932218551636
4072,sympathy,1,0.6323529481887817,0.6323529481887817,20.0,3.732568264007568
4073,symptoms of nematode diseases of plants,1,0.8841807842254639,0.8841807842254639,27.0,3.7454442977905273
4074,syndication,1,0.770370364189148,0.770370364189148,25.0,2.82336688041687
4075,syria,1,0.5068492889404297,0.5068492889404297,16.0,3.473179578781128
4076,system,2,0.596808522939682,0.596808522939682,19.5,6.622966289520264
4077,system of feeding poultry,1,0.846905529499054,0.846905529499054,27.0,15.458856582641602
4078,systemic disease,1,0.8882352709770203,0.8882352709770203,27.0,6.8513031005859375
4079,tabala,1,0.4285714328289032,0.4285714328289032,14.0,4.968069553375244
4080,tabernaemontana coronaria,1,0.8587360382080078,0.8587360382080078,27.0,7.612865924835205
4081,table,2,0.38052505254745483,0.38052505254745483,12.0,7.927544593811035
4082,table tennis,2,0.5653235763311386,0.5653235763311386,18.5,5.474010467529297
4083,tablet,1,0.3866666555404663,0.3866666555404663,12.0,3.6889257431030273
4084,tagetus,1,0.8588235378265381,0.8588235378265381,26.0,4.6069159507751465
4085,tail,2,0.3722222298383713,0.3722222298383713,13.5,4.583381175994873
4086,tailer,1,0.5600000023841858,0.5600000023841858,17.0,4.750235557556152
4087,tailor,2,0.527777761220932,0.527777761220932,16.0,5.7277140617370605
4088,taiwan,1,0.7397260069847107,0.7397260069847107,24.0,2.748901844024658
4089,taj hotel,1,0.6962025165557861,0.6962025165557861,22.0,4.537238597869873
4090,taj mahal,1,0.5913978219032288,0.5913978219032288,18.0,4.263731002807617
4091,take,2,0.406525582075119,0.406525582075119,13.0,6.051307678222656
4092,take a bath,1,0.5081967115402222,0.5081967115402222,16.0,4.072299003601074
4093,take a photo,1,0.3481481373310089,0.3481481373310089,11.0,2.866826295852661
4094,take home pay,1,0.7030302882194519,0.7030302882194519,23.0,3.9557344913482666
4095,take hours at something,1,0.4554455578327179,0.4554455578327179,14.0,7.824015140533447
4096,take over,1,0.7666666507720947,0.7666666507720947,27.0,5.969353199005127
4097,talk,3,0.6877663234869639,0.8066666722297668,22.0,4.902432918548584
4098,tall,5,0.5383485853672028,0.5555555820465088,17.4,9.67555809020996
4099,tall ornamental hedges,1,0.8942307829856873,0.8942307829856873,28.0,5.241084098815918
4100,tall protective hedges,1,0.9262820482254028,0.9262820482254028,29.0,5.033398151397705
4101,tall shrubs,1,0.7770270109176636,0.7770270109176636,25.0,4.637540340423584
4102,tally,2,0.617958664894104,0.617958664894104,19.5,4.645620822906494
4103,taluk,1,0.5113636255264282,0.5113636255264282,16.0,8.533770561218262
4104,tamarix gallica,1,0.9006410241127014,0.9006410241127014,28.0,7.170073509216309
4105,tamil,3,0.41116294264793396,0.4000000059604645,12.333333333333334,5.741682529449463
4106,tamil nadu,2,0.4242105185985565,0.4242105185985565,14.0,4.4446306228637695
4107,tanzania,1,0.488095223903656,0.488095223903656,15.0,2.880695581436157
4108,tap,2,0.49418017268180847,0.49418017268180847,15.0,6.417174816131592
4109,tape,1,0.4074074029922485,0.4074074029922485,13.0,5.673985004425049
4110,target,2,0.5326100140810013,0.5326100140810013,16.5,3.696745157241821
4111,tariff,1,0.7047619223594666,0.7047619223594666,25.0,2.085705518722534
4112,task force,1,0.7916666865348816,0.7916666865348816,25.0,2.9156382083892822
4113,task wage,1,0.6133333444595337,0.6133333444595337,20.0,4.597038269042969
4114,taste,4,0.6306940317153931,0.6381410360336304,19.75,6.496481895446777
4115,tata car,1,0.5048543810844421,0.5048543810844421,16.0,3.7111759185791016
4116,tata mobile,1,0.4416666626930237,0.4416666626930237,14.0,4.683866024017334
4117,tattoo,1,0.7289719581604004,0.7289719581604004,23.0,4.037304878234863
4118,tax,2,0.5036564618349075,0.5036564618349075,16.0,7.491598606109619
4119,tax exemption,1,0.6484848260879517,0.6484848260879517,20.0,3.090907335281372
4120,tax profession,1,0.7259259223937988,0.7259259223937988,23.0,6.129368305206299
4121,tax property,1,0.5272727012634277,0.5272727012634277,17.0,8.895574569702148
4122,taxable,1,0.4503816664218902,0.4503816664218902,14.0,3.803466320037842
4123,taxi,2,0.4970238208770752,0.4970238208770752,15.5,6.263410568237305
4124,tea,2,0.648895800113678,0.648895800113678,23.5,7.556342124938965
4125,teach,3,0.5094948212305704,0.5205479264259338,16.333333333333332,6.088830471038818
4126,teacher,2,0.36982570588588715,0.36982570588588715,11.5,7.123165607452393
4127,team,2,0.5106399357318878,0.5106399357318878,16.0,4.98545503616333
4128,tear sheet,1,0.5416666865348816,0.5416666865348816,17.0,5.920984268188477
4129,tease,1,0.3866666555404663,0.3866666555404663,12.0,9.364235877990724
4130,teaser bull,1,0.7611940503120422,0.7611940503120422,23.0,3.689761161804199
4131,technician,2,0.7044907808303833,0.7044907808303833,22.5,5.198422908782959
4132,technoiogy,1,0.4799999892711639,0.4799999892711639,15.0,4.349512100219727
4133,technology,1,0.5333333611488342,0.5333333611488342,17.0,4.7642364501953125
4134,tecoma stans,1,0.8500000238418579,0.8500000238418579,26.0,5.555465698242188
4135,teeth,2,0.7444444596767426,0.7444444596767426,23.5,8.585126876831055
4136,telangana,2,0.40366300940513605,0.40366300940513605,13.0,4.647743225097656
4137,telegram,1,0.4933333396911621,0.4933333396911621,16.0,5.83151388168335
4138,telephone,2,0.42972972989082336,0.42972972989082336,14.0,2.3361544609069824
4139,telescope,1,0.6052631735801697,0.6052631735801697,19.0,4.226924419403076
4140,television,3,0.6563131312529246,0.6022727489471436,21.333333333333332,4.580190181732178
4141,tell,2,0.5285714566707611,0.5285714566707611,16.5,6.435802936553955
4142,teller,1,0.4148148000240326,0.4148148000240326,13.0,2.9907023906707764
4143,telugu,2,0.5449999868869781,0.5449999868869781,17.0,10.962990760803224
4144,temperate fruits,1,0.7491638660430908,0.7491638660430908,24.0,16.1280574798584
4145,temperature,4,0.7564212530851364,0.721800833940506,24.0,9.979515075683594
4146,temple,2,0.49580246210098267,0.49580246210098267,15.0,7.754642486572266
4147,temporary,3,0.50715371966362,0.5068492889404297,16.666666666666668,6.89384651184082
4148,ten,1,0.5199999809265137,0.5199999809265137,17.0,2.4654204845428467
4149,ten thousand,1,0.4326241016387939,0.4326241016387939,13.0,2.599201440811157
4150,tenancy,1,0.5833333134651184,0.5833333134651184,19.0,9.533669471740724
4151,tender,1,0.4611110985279083,0.4611110985279083,15.0,3.175423383712769
4152,tennis,2,0.5201923251152039,0.5201923251152039,18.5,6.176656246185303
4153,tension,1,0.654321014881134,0.654321014881134,21.0,2.3585336208343506
4154,term of office,1,0.539393961429596,0.539393961429596,18.0,3.8785669803619385
4155,term technical,1,0.5481481552124023,0.5481481552124023,18.0,7.361507892608643
4156,terminate,1,0.3714285790920257,0.3714285790920257,12.0,5.426816940307617
4157,terms of service,1,0.449999988079071,0.449999988079071,14.0,4.555046558380127
4158,terrace,2,0.8259259164333344,0.8259259164333344,26.5,6.709414482116699
4159,territorial,1,0.5133333206176758,0.5133333206176758,16.0,11.863051414489746
4160,terrorist,1,0.8545454740524292,0.8545454740524292,28.0,14.101102828979492
4161,test,1,0.410526305437088,0.410526305437088,13.0,3.051547050476074
4162,testament,1,0.3818181753158569,0.3818181753158569,12.0,3.7571208477020255
4163,testify,2,0.5937134325504303,0.5937134325504303,19.0,13.616704940795898
4164,thailand,1,0.5652173757553101,0.5652173757553101,18.0,3.8590922355651855
4165,thank you,6,0.4915717492500941,0.48725491762161255,16.0,9.649794578552246
4166,that,2,0.3791666626930237,0.3791666626930237,12.0,4.544182777404785
4167,thatched roof,1,0.8146341443061829,0.8146341443061829,26.0,4.677437782287598
4168,theatre,1,0.563829779624939,0.563829779624939,18.0,3.779355764389038
4169,their,1,0.4761904776096344,0.4761904776096344,16.0,3.225317478179932
4170,theirs,1,0.5699999928474426,0.5699999928474426,18.0,4.782285213470459
4171,them,1,0.4285714328289032,0.4285714328289032,14.0,5.824429035186768
4172,themselves,2,0.6351911127567291,0.6351911127567291,22.0,3.859943866729736
4173,then,2,0.4047619104385376,0.4047619104385376,13.0,4.36522912979126
4174,therapist,1,0.8897637724876404,0.8897637724876404,29.0,4.993197917938232
4175,there,2,0.3628985434770584,0.3628985434770584,11.5,3.8108701705932617
4176,thermal,1,0.9753086566925048,0.9753086566925048,32.0,7.954631805419922
4177,thermal energy,1,0.9655172228813172,0.9655172228813172,32.0,10.67098617553711
4178,thermometer,4,0.595383882522583,0.5074458867311478,19.5,4.604393005371094
4179,thermostat,1,0.6632652878761292,0.6632652878761292,22.0,4.856830596923828
4180,these,1,0.6399999856948853,0.6399999856948853,20.0,5.955421447753906
4181,thevetia neriefolia,1,0.9040247797966005,0.9040247797966005,28.0,6.260512828826904
4182,they,2,0.47902438044548035,0.47902438044548035,16.0,4.834203720092773
4183,thick,1,0.4533333480358124,0.4533333480358124,15.0,8.270951271057129
4184,thief,2,0.3000000044703483,0.3000000044703483,10.0,4.388582229614258
4185,thigh,1,0.6571428775787354,0.6571428775787354,20.0,4.241559505462647
4186,thin,2,0.29265305399894714,0.29265305399894714,9.5,5.090123176574707
4187,things,3,0.4697892467180888,0.5138121843338013,15.0,11.05832862854004
4188,think,3,0.5732792317867279,0.6111111044883728,18.666666666666668,6.087903499603272
4189,third,1,0.4649122953414917,0.4649122953414917,15.0,2.5061163902282715
4190,third party,1,0.5259259343147278,0.5259259343147278,17.0,3.955711603164673
4191,thirsty,1,0.5454545617103577,0.5454545617103577,19.0,7.572582244873047
4192,thirteen,1,0.4761904776096344,0.4761904776096344,15.0,2.905079126358032
4193,thirty,1,0.4462809860706329,0.4462809860706329,14.0,2.4635188579559326
4194,thiruvananthapuram,1,0.5064935088157654,0.5064935088157654,16.0,4.057439804077148
4195,this,3,0.38619881868362427,0.3552631437778473,12.333333333333334,4.162022113800049
4196,thorn,2,0.5933333337306976,0.5933333337306976,18.5,11.10211181640625
4197,those,1,0.460317462682724,0.460317462682724,15.0,4.237494945526123
4198,thousand,1,0.2820512950420379,0.2820512950420379,9.0,4.210060119628906
4199,thread,1,0.7700534462928772,0.7700534462928772,24.0,7.84645938873291
4200,thread gauge,1,0.715133547782898,0.715133547782898,22.0,4.497416019439697
4201,threading,1,0.573913037776947,0.573913037776947,18.0,12.77480697631836
4202,three,1,0.4000000059604645,0.4000000059604645,12.0,3.452427864074707
4203,three days after,1,0.3255814015865326,0.3255814015865326,11.0,10.211660385131836
4204,three days before,1,0.53125,0.53125,16.0,2.9627327919006348
4205,thrice,2,0.46052631735801697,0.46052631735801697,14.5,5.081603050231934
4206,thriff,1,0.4190476238727569,0.4190476238727569,14.0,5.864784240722656
4207,throat,3,0.624716560045878,0.6666666865348816,21.0,5.2209978103637695
4208,throat plate,1,0.5737179517745972,0.5737179517745972,18.0,4.758479595184326
4209,through,1,0.6600000262260437,0.6600000262260437,21.0,5.542181968688965
4210,throw,2,0.41460783779621124,0.41460783779621124,14.5,4.164919853210449
4211,thumb impression,1,0.3272727131843567,0.3272727131843567,11.0,4.368157863616943
4212,thumb lunula,1,0.7944444417953491,0.7944444417953491,25.0,7.826085090637207
4213,thunder,1,0.5243902206420898,0.5243902206420898,17.0,3.560790538787842
4214,thursday,11,0.4775231805714694,0.5066666603088379,15.909090909090908,8.602121353149414
4215,ticket,1,0.5041322112083435,0.5041322112083435,16.0,2.4954934120178223
4216,ticket checker,1,0.6931818127632141,0.6931818127632141,21.0,5.608402252197266
4217,tie,2,0.6363636255264282,0.6363636255264282,21.0,8.217618942260742
4218,tiffin,1,0.4482758641242981,0.4482758641242981,15.0,2.3177452087402344
4219,tiffin box,1,0.4533333480358124,0.4533333480358124,14.0,3.760200500488281
4220,tiger,2,0.49444445967674255,0.49444445967674255,16.0,6.3877363204956055
4221,tight,3,0.412346492211024,0.3829787373542785,13.333333333333334,4.225878715515137
4222,tight money  market,1,0.6303030252456665,0.6303030252456665,19.0,7.184799671173096
4223,tight tracking,1,0.8619528412818909,0.8619528412818909,26.0,8.410635948181152
4224,tiles cutter,1,0.906593382358551,0.906593382358551,28.0,4.920066356658936
4225,tiller,1,0.4370370507240295,0.4370370507240295,13.0,3.57956862449646
4226,tilts,1,0.9333333373069764,0.9333333373069764,29.0,4.781771183013916
4227,time,3,0.6422222256660461,0.6666666865348816,20.333333333333332,12.523674011230469
4228,time bound,1,0.5407407283782959,0.5407407283782959,17.0,5.46387243270874
4229,time limit,1,0.5272727012634277,0.5272727012634277,16.0,3.674666404724121
4230,time table,2,0.4803921580314636,0.4803921580314636,16.0,6.73231315612793
4231,timid,1,0.5784313678741455,0.5784313678741455,18.0,5.484098434448242
4232,tinda,2,0.625854879617691,0.625854879617691,19.5,5.033496856689453
4233,tipped tool,1,0.8010899424552917,0.8010899424552917,25.0,9.470545768737791
4234,tired,2,0.4490950256586075,0.4490950256586075,14.0,5.337833881378174
4235,title,1,0.7090908885002136,0.7090908885002136,22.0,5.40764045715332
4236,title bar,1,0.5527777671813965,0.5527777671813965,17.0,6.30002498626709
4237,tldal energy,1,0.7431192398071289,0.7431192398071289,27.0,2.571972370147705
4238,to,1,0.3600000143051147,0.3600000143051147,11.0,6.676887512207031
4239,to consumers,1,0.7668711543083191,0.7668711543083191,24.0,8.777663230895996
4240,to retailers,1,0.882758617401123,0.882758617401123,27.0,6.077824592590332
4241,toast,1,0.8095238208770752,0.8095238208770752,29.0,6.312705993652344
4242,toaster,1,0.6065573692321777,0.6065573692321777,19.0,6.16307544708252
4243,today,3,0.4770609438419342,0.5333333611488342,15.0,9.27750301361084
4244,toenail,1,0.753731369972229,0.753731369972229,25.0,3.760244607925415
4245,toes,2,0.3791666626930237,0.3791666626930237,12.0,14.029288291931152
4246,toffee,1,0.3968254029750824,0.3968254029750824,12.0,10.230775833129885
4247,together,2,0.42645201086997986,0.42645201086997986,14.0,5.796910762786865
4248,toggle button,1,0.5909090638160706,0.5909090638160706,18.0,4.089434146881104
4249,toilet,2,0.5000000149011612,0.5000000149011612,16.0,4.985321521759033
4250,tolerate,2,0.4783980995416641,0.4783980995416641,15.0,4.556988716125488
4251,tom and jerry,1,0.4459459483623504,0.4459459483623504,13.0,4.920307159423828
4252,tomato,1,0.4659090936183929,0.4659090936183929,18.0,4.891736030578613
4253,tomorrow,3,0.5143915315469106,0.4920634925365448,17.0,3.381282329559326
4254,tongs,3,0.6647844513257345,0.6666666865348816,20.666666666666668,4.01241397857666
4255,tongue,3,0.5685823957125345,0.6000000238418579,19.0,3.9560866355896
4256,tonic,3,0.6438608864943186,0.675000011920929,20.0,8.081050872802734
4257,tonight,1,0.3586956560611725,0.3586956560611725,13.0,4.090998649597168
4258,tool,2,0.45664599537849426,0.45664599537849426,15.0,4.746549606323242
4259,tool belt,1,0.7015384435653687,0.7015384435653687,22.0,4.207967758178711
4260,tool box,1,0.6313363909721375,0.6313363909721375,20.0,8.032522201538086
4261,tooth,1,0.4155844151973724,0.4155844151973724,13.0,3.413989305496216
4262,toothbrush,3,0.6453529000282288,0.6888889074325562,20.333333333333332,4.971798896789551
4263,toothpaste,2,0.5321391522884369,0.5321391522884369,17.5,6.020139217376709
4264,toothpick,1,0.5256410241127014,0.5256410241127014,17.0,2.131133556365967
4265,top,2,0.4446525126695633,0.4446525126695633,14.0,20.75475311279297
4266,top management,1,0.8606060743331909,0.8606060743331909,27.0,5.322967529296875
4267,topic,1,0.5487805008888245,0.5487805008888245,17.0,2.645117282867432
4268,torch,3,0.5715797444184622,0.5555555820465088,18.333333333333332,4.462249755859375
4269,tornado,1,0.4677419364452362,0.4677419364452362,15.0,6.073188781738281
4270,tortoise,5,0.5722425639629364,0.5555555820465088,19.8,10.687602996826172
4271,total,2,0.6925256252288818,0.6925256252288818,25.0,3.830871343612671
4272,total energy,1,0.9230769276618958,0.9230769276618958,29.0,10.34288215637207
4273,touch,2,0.4165057986974716,0.4165057986974716,13.5,5.302666187286377
4274,touchscreen,1,0.4639175236225128,0.4639175236225128,14.0,5.211787223815918
4275,tour,1,0.9083333611488342,0.9083333611488342,30.0,4.264975547790527
4276,towards,1,0.5555555820465088,0.5555555820465088,18.0,3.1113719940185547
4277,towel,2,0.6035897582769394,0.6035897582769394,19.0,10.73557472229004
4278,town,3,0.5275106132030487,0.550000011920929,17.333333333333332,6.678051948547363
4279,toy,1,0.5882353186607361,0.5882353186607361,18.0,5.499745845794678
4280,toyota,1,0.5185185074806213,0.5185185074806213,16.0,4.757905006408691
4281,track,1,0.6931818127632141,0.6931818127632141,22.0,3.952658414840698
4282,track ball,1,0.3867924511432647,0.3867924511432647,12.0,10.189910888671877
4283,tractive work,1,0.7904191613197327,0.7904191613197327,25.0,4.545783042907715
4284,tractor,3,0.6151503721872965,0.6133333444595337,19.666666666666668,5.544896125793457
4285,trade,2,0.7000000178813934,0.7000000178813934,24.0,5.063389778137207
4286,trade discount,1,0.3703703582286834,0.3703703582286834,13.0,5.8378520011901855
4287,trader,1,0.4761904776096344,0.4761904776096344,15.0,10.725740432739258
4288,traditional,1,0.3879310488700866,0.3879310488700866,14.0,5.025415420532227
4289,traffic,1,0.6554622054100037,0.6554622054100037,21.0,4.29404354095459
4290,traffic lights,1,0.5149253606796265,0.5149253606796265,16.0,3.7003283500671382
4291,train,4,0.5089804083108902,0.4770084470510483,16.75,3.947003602981568
4292,training,1,0.6200000047683716,0.6200000047683716,19.0,5.463192939758301
4293,transaction,1,0.925000011920929,0.925000011920929,30.0,5.877485752105713
4294,transcription,1,0.4095238149166107,0.4095238149166107,13.0,4.89307165145874
4295,transfer,1,0.3466666638851166,0.3466666638851166,12.0,5.679800987243652
4296,transfer fee,1,0.699999988079071,0.699999988079071,22.0,5.88206672668457
4297,transformation of energy,1,0.4563106894493103,0.4563106894493103,18.0,6.323425769805908
4298,transformer,1,0.8310810923576355,0.8310810923576355,27.0,4.903862476348877
4299,transgender,1,0.3076923191547394,0.3076923191547394,10.0,5.974337577819824
4300,transistor,1,0.8452380895614624,0.8452380895614624,29.0,4.372962951660156
4301,translate,2,0.5152941197156906,0.5152941197156906,16.0,5.6593546867370605
4302,translation of motion,1,0.2983871102333069,0.2983871102333069,11.0,3.883779525756836
4303,translator,1,0.540229856967926,0.540229856967926,17.0,9.134910583496094
4304,transparent,3,0.5665498276551565,0.6124030947685242,18.333333333333332,6.477054119110107
4305,transport,1,0.4333333373069763,0.4333333373069763,14.0,3.803531646728516
4306,transverse wave,1,0.8205128312110901,0.8205128312110901,26.0,3.720022439956665
4307,travel,3,0.5037803252538046,0.4933333396911621,16.666666666666668,4.603515148162842
4308,treasury,1,0.4190476238727569,0.4190476238727569,15.0,4.229657173156738
4309,tree,4,0.4977625235915184,0.4964912235736847,16.75,4.996269702911377
4310,tri square,1,0.7361111044883728,0.7361111044883728,24.0,5.25029993057251
4311,triangle,5,0.4528439998626709,0.5240963697433472,14.8,10.812954902648926
4312,tribal,1,0.5142857432365417,0.5142857432365417,16.0,3.5594558715820312
4313,tribunal,1,0.5,0.5,15.0,3.563215732574463
4314,triode,1,0.8897058963775635,0.8897058963775635,29.0,9.919758796691896
4315,trip,1,0.3636363744735718,0.3636363744735718,12.0,6.994141101837158
4316,triple,2,0.31972789764404297,0.31972789764404297,10.5,5.406385898590088
4317,tripura,4,0.5379059910774231,0.5364077687263489,16.75,5.948575973510742
4318,trivendrum,1,0.3492063581943512,0.3492063581943512,11.0,2.1850271224975586
4319,trophy,1,0.8253968358039856,0.8253968358039856,28.0,6.074814796447754
4320,trouble,4,0.49416666477918625,0.5,16.0,5.710718154907227
4321,troughs,1,0.7719298005104065,0.7719298005104065,27.0,3.4802839756011963
4322,truck,2,0.6258805990219116,0.6258805990219116,20.5,6.371283054351807
4323,true,4,0.5481584668159485,0.5434640645980835,18.0,6.049040794372559
4324,true copy,1,0.4761904776096344,0.4761904776096344,15.0,7.80952262878418
4325,trunk,4,0.45726076513528824,0.45341040194034576,14.75,8.015763282775879
4326,trust,4,0.46388889849185944,0.5,15.75,8.025589942932129
4327,trust deed,1,0.5192307829856873,0.5192307829856873,16.0,4.667438983917236
4328,trustee,1,0.4095238149166107,0.4095238149166107,14.0,2.167099952697754
4329,trustworthiness,1,0.4888888895511627,0.4888888895511627,16.0,5.110630512237549
4330,try,4,0.5399682074785233,0.5540540516376495,18.0,4.91248893737793
4331,tube well,1,0.75,0.75,23.0,5.209233283996582
4332,tubelight,3,0.6108527382214864,0.6325581669807434,19.666666666666668,10.909695625305176
4333,tuberculosis,3,0.732183575630188,0.7777777910232544,23.0,7.5828752517700195
4334,tuesday,8,0.49609852209687233,0.49551282823085785,15.875,9.063114166259766
4335,tug of war haryana,1,0.8849999904632568,0.8849999904632568,28.0,8.462251663208008
4336,tulip sleeve,1,0.502439022064209,0.502439022064209,16.0,3.4881432056427
4337,tum over,1,0.8583333492279053,0.8583333492279053,30.0,3.928555727005005
4338,tunic,1,0.2663755416870117,0.2663755416870117,8.0,9.69410514831543
4339,tuning fork,1,0.6666666865348816,0.6666666865348816,22.0,7.499184131622314
4340,tunisia,1,0.5357142686843872,0.5357142686843872,17.0,4.027708530426025
4341,turkey,2,0.6352359056472778,0.6352359056472778,20.0,6.050961971282959
4342,turn,2,0.41846154630184174,0.41846154630184174,13.5,6.301473140716553
4343,turnout,1,0.6666666865348816,0.6666666865348816,21.0,6.271210670471191
4344,tusks,2,0.34666667878627777,0.34666667878627777,11.0,5.333200454711914
4345,tvs bike,1,0.5619834661483765,0.5619834661483765,17.0,10.186773300170898
4346,twelve,1,0.3928571343421936,0.3928571343421936,13.0,2.9375805854797363
4347,twenty,1,0.3684210479259491,0.3684210479259491,11.0,2.622711420059204
4348,twenty one,1,0.4579439163208008,0.4579439163208008,15.0,3.4671285152435303
4349,twin,2,0.4154195785522461,0.4154195785522461,13.0,7.575625419616699
4350,twins,2,0.7819444537162781,0.7819444537162781,25.0,9.112164497375488
4351,twitter,2,0.5289413183927536,0.5289413183927536,17.0,7.431024551391602
4352,two,1,0.5740740895271301,0.5740740895271301,18.0,2.627847194671631
4353,two days after,1,0.4852941036224365,0.4852941036224365,16.0,4.818456172943115
4354,two days before,1,0.5147058963775635,0.5147058963775635,16.0,3.55014705657959
4355,two thousand,1,0.3603603541851043,0.3603603541851043,12.0,3.185403823852539
4356,types of farm planning,1,0.8952702879905701,0.8952702879905701,28.0,8.770648956298828
4357,types of vegetable gardening,1,0.8395522236824036,0.8395522236824036,27.0,5.338744640350342
4358,types of water garden,1,0.9067164063453674,0.9067164063453674,28.0,10.700820922851562
4359,typist,2,0.4942592680454254,0.4942592680454254,15.5,5.454925060272217
4360,typographical error,1,0.8128491640090942,0.8128491640090942,25.0,6.014950752258301
4361,u neck,1,0.4654377996921539,0.4654377996921539,15.0,3.621654748916626
4362,uco bank,1,0.5083333253860474,0.5083333253860474,17.0,3.5578017234802246
4363,uganda,1,0.5308641791343689,0.5308641791343689,17.0,3.942331075668335
4364,ugly,1,0.5064935088157654,0.5064935088157654,17.0,7.031704902648926
4365,uitrasonic,1,0.767241358757019,0.767241358757019,25.0,2.935702085494995
4366,uitraviolet ray,1,0.6929824352264404,0.6929824352264404,25.0,3.0282135009765625
4367,ukraine,1,0.6111111044883728,0.6111111044883728,20.0,3.274475336074829
4368,ultraviolet ray glass,1,0.8012422323226929,0.8012422323226929,25.0,5.588347434997559
4369,umaid bhawan palace,1,0.6352941393852234,0.6352941393852234,20.0,5.7011308670043945
4370,umbrella,4,0.534330390393734,0.5511904954910278,16.75,13.938409805297852
4371,umpire,1,0.3963963985443115,0.3963963985443115,12.0,2.9917025566101074
4372,unanimous,1,0.8833333253860474,0.8833333253860474,30.0,4.410923480987549
4373,unauthorised,1,0.9333333373069764,0.9333333373069764,31.0,4.041240692138672
4374,unavoidable,1,0.7749999761581421,0.7749999761581421,28.0,5.09455680847168
4375,unbalance,1,0.9333333373069764,0.9333333373069764,30.0,4.973533153533936
4376,uncalled,1,0.8166666626930237,0.8166666626930237,29.0,3.1672370433807373
4377,uncertainity,1,0.8666666746139526,0.8666666746139526,27.0,3.853936195373535
4378,unclaimed,1,0.5933333039283752,0.5933333039283752,19.0,4.883939743041992
4379,uncle,1,0.6944444179534912,0.6944444179534912,22.0,3.4141998291015625
4380,uncomfortable,1,0.4553571343421936,0.4553571343421936,15.0,4.210731506347656
4381,unconditional,1,0.800000011920929,0.800000011920929,28.0,3.2322773933410645
4382,uncovered,1,0.7777777910232544,0.7777777910232544,30.0,10.796428680419922
4383,under,2,0.4558064490556717,0.4558064490556717,14.5,5.395263671875
4384,under consideration,1,0.8333333134651184,0.8333333134651184,29.0,4.019979953765869
4385,under developed,1,0.92380952835083,0.92380952835083,31.0,6.2717814445495605
4386,under mentioned,1,0.8984771370887756,0.8984771370887756,30.0,5.328222274780273
4387,under review,1,0.8999999761581421,0.8999999761581421,30.0,4.525955677032471
4388,under stitch,1,0.5415282249450684,0.5415282249450684,16.0,8.767971992492676
4389,under subscribed,1,0.8777777552604675,0.8777777552604675,28.0,5.9094557762146
4390,under the weather,1,0.7344827651977539,0.7344827651977539,24.0,8.901874542236328
4391,under valuation,1,0.6888889074325562,0.6888889074325562,22.0,3.297750473022461
4392,underground symptoms,1,0.8661971688270569,0.8661971688270569,27.0,4.683150768280029
4393,underhand,1,0.7196652889251709,0.7196652889251709,22.0,4.656320571899414
4394,understand,5,0.5910269021987915,0.6349206566810608,19.6,5.870686531066895
4395,undertaking,1,0.6388888955116272,0.6388888955116272,21.0,4.083554267883301
4396,underwriter,1,0.7851851582527161,0.7851851582527161,26.0,11.234811782836914
4397,unearned,1,0.7666666507720947,0.7666666507720947,26.0,4.164567470550537
4398,unemployed,2,0.5014844238758087,0.5014844238758087,15.5,4.582996368408203
4399,unemployment,1,0.6380952596664429,0.6380952596664429,22.0,4.527987003326416
4400,unencumbered,1,0.7767857313156128,0.7767857313156128,27.0,5.347131729125977
4401,unfair dismissal,3,0.6587464412053426,0.8063380122184753,20.666666666666668,10.123479843139648
4402,unfit,1,0.7416666746139526,0.7416666746139526,25.0,10.9725341796875
4403,uniform,2,0.7666666805744171,0.7666666805744171,25.0,7.76448917388916
4404,uniform motion,1,0.8247422575950623,0.8247422575950623,28.0,4.280379295349121
4405,union,1,0.5666666626930237,0.5666666626930237,18.0,2.5587215423583984
4406,union bank of india,1,0.4955752193927765,0.4955752193927765,15.0,3.0091493129730225
4407,unit,2,0.604895830154419,0.604895830154419,19.5,4.324026107788086
4408,unite,2,0.5602409541606903,0.5602409541606903,17.5,4.274869441986084
4409,united arab emirates,1,0.5268816947937012,0.5268816947937012,17.0,3.690713405609131
4410,united kingdom,1,0.5970149040222168,0.5970149040222168,19.0,4.101368427276611
4411,united nations,1,0.4017857015132904,0.4017857015132904,13.0,4.256010055541992
4412,united nations convention on the rights of persons with disabilities uncrpd,2,0.46446630358695984,0.46446630358695984,14.5,6.419055461883545
4413,united states of america,2,0.5072727352380753,0.5072727352380753,16.0,6.422955989837647
4414,universe,1,0.7866666913032532,0.7866666913032532,24.0,17.193199157714844
4415,university,2,0.5855779945850372,0.5855779945850372,18.5,13.856249809265137
4416,unix,1,0.5161290168762207,0.5161290168762207,17.0,3.277298212051392
4417,unlawful,2,0.6096418797969818,0.6096418797969818,21.0,5.089879989624023
4418,unlimited,2,0.5327272713184357,0.5327272713184357,18.0,4.933844089508057
4419,unlucky,1,0.5733333230018616,0.5733333230018616,20.0,7.050390720367432
4420,unofficial,1,0.5333333611488342,0.5333333611488342,17.0,3.994185447692871
4421,unpaid,1,0.3888888955116272,0.3888888955116272,14.0,5.008872985839844
4422,unregistered,1,0.5916666388511658,0.5916666388511658,21.0,4.202267646789551
4423,until,2,0.6222222149372101,0.6222222149372101,20.5,18.93887710571289
4424,up,2,0.46833331882953644,0.46833331882953644,15.0,3.3607892990112305
4425,upper age limit,1,0.7083333134651184,0.7083333134651184,24.0,4.952425479888916
4426,upper division clerk,1,0.5806451439857483,0.5806451439857483,18.0,6.618739604949951
4427,upset,2,0.6813973188400269,0.6813973188400269,22.5,1.996990442276001
4428,upward,1,0.4868420958518982,0.4868420958518982,21.0,2.85588812828064
4429,uranus,1,0.7457627058029175,0.7457627058029175,23.0,7.0430402755737305
4430,urdu,2,0.4892676919698715,0.4892676919698715,15.5,4.350242137908936
4431,urgent,1,0.6571428775787354,0.6571428775787354,22.0,5.204843521118164
4432,uruguay,1,0.574999988079071,0.574999988079071,18.0,2.64013934135437
4433,us,1,0.8799999952316284,0.8799999952316284,29.0,2.7962143421173096
4434,utility of mushroom,1,0.6726190447807312,0.6726190447807312,21.0,6.67913818359375
4435,uttar pradesh,2,0.47285714745521545,0.47285714745521545,15.0,5.696908950805664
4436,uttarakhand,1,0.488095223903656,0.488095223903656,15.0,2.9790477752685547
4437,uzbekistan,1,0.6097561120986938,0.6097561120986938,20.0,2.978675603866577
4438,v neck,1,0.492682933807373,0.492682933807373,15.0,4.895322322845459
4439,vacancy,1,0.6952381134033203,0.6952381134033203,21.0,4.466222286224365
4440,vacation,2,0.5659552812576294,0.5659552812576294,18.5,8.402528762817383
4441,vaccum,1,0.4814814925193786,0.4814814925193786,15.0,3.995934009552002
4442,vada,1,0.4533333480358124,0.4533333480358124,15.0,4.550941467285156
4443,vadodara,2,0.43412698805332184,0.43412698805332184,14.5,3.9843907356262207
4444,vaishno devi,1,0.6766917109489441,0.6766917109489441,21.0,3.941011428833008
4445,valid,1,0.422222226858139,0.422222226858139,13.0,3.7396998405456543
4446,valley,3,0.5062573055426279,0.5087719559669495,16.666666666666668,17.849523544311523
4447,valuable consideration,1,0.6285714507102966,0.6285714507102966,20.0,3.5612778663635254
4448,value,1,0.5714285969734192,0.5714285969734192,18.0,5.401714324951172
4449,value scale,1,0.6986899375915527,0.6986899375915527,21.0,4.607875823974609
4450,van,1,0.6000000238418579,0.6000000238418579,18.0,3.834095478057861
4451,vapour,1,0.4666666686534881,0.4666666686534881,15.0,4.179780006408691
4452,varanasi,2,0.501035213470459,0.501035213470459,16.5,3.837794303894043
4453,variable,3,0.535785436630249,0.4078947305679321,18.0,10.194931983947754
4454,varieties of mushroom,1,0.8644067645072937,0.8644067645072937,27.0,7.673137187957764
4455,variety,1,0.5888888835906982,0.5888888835906982,19.0,5.784723281860352
4456,vault,1,0.5600000023841858,0.5600000023841858,18.0,5.924776554107666
4457,vault safe deposit,1,0.675000011920929,0.675000011920929,22.0,3.854259014129639
4458,vector graphics,1,0.8729282021522522,0.8729282021522522,28.0,5.174728870391846
4459,vegetable preservation,1,0.837837815284729,0.837837815284729,26.0,5.68871545791626
4460,vegetables,1,0.4699999988079071,0.4699999988079071,15.0,5.610186576843262
4461,vegetarian,1,0.7599999904632568,0.7599999904632568,26.0,3.94918441772461
4462,vehicle,1,0.6491228342056274,0.6491228342056274,20.0,5.522382736206055
4463,vehicles,2,0.6213333308696747,0.6213333308696747,19.5,8.317198753356934
4464,velcro,1,0.4666666686534881,0.4666666686534881,14.0,5.36616325378418
4465,velocity,1,0.3846153914928436,0.3846153914928436,14.0,5.291953086853027
4466,vendee,1,0.6777777671813965,0.6777777671813965,22.0,4.180755138397217
4467,vendor,1,0.6333333253860474,0.6333333253860474,20.0,9.550357818603516
4468,venezuela,1,0.4938271641731262,0.4938271641731262,15.0,3.3492143154144287
4469,vent,1,0.6075471639633179,0.6075471639633179,19.0,4.5544047355651855
4470,venus,1,0.5762711763381958,0.5762711763381958,18.0,3.545574903488159
4471,verb,1,0.5487805008888245,0.5487805008888245,17.0,8.248430252075195
4472,verdict,1,0.7222222089767456,0.7222222089767456,23.0,4.372610569000244
4473,verification,2,0.5607142895460129,0.5607142895460129,18.5,6.759253025054932
4474,vernier caliper,1,0.7321428656578064,0.7321428656578064,24.0,5.2634148597717285
4475,versus,1,0.3142857253551483,0.3142857253551483,10.0,4.367591857910156
4476,vertical,1,0.6804123520851135,0.6804123520851135,22.0,1.9870200157165527
4477,vertical scroll bar,1,0.5718849897384644,0.5718849897384644,18.0,4.313430309295654
4478,very,1,0.4000000059604645,0.4000000059604645,13.0,5.360838890075684
4479,very hot,2,0.5849650502204895,0.5849650502204895,18.5,4.438121318817139
4480,very wealthy person,1,0.6538461446762085,0.6538461446762085,21.0,6.802042484283447
4481,vessel,3,0.48602012793223065,0.5222222208976746,16.666666666666668,12.400795936584473
4482,veteran,1,0.8263665437698364,0.8263665437698364,26.0,8.776853561401367
4483,veterinarian,1,0.7883597612380981,0.7883597612380981,25.0,4.637291431427002
4484,vibrant image,1,0.7142857313156128,0.7142857313156128,22.0,5.122731685638428
4485,vibration,1,0.8360655903816223,0.8360655903816223,28.0,9.948604583740234
4486,vice president,1,0.554347813129425,0.554347813129425,18.0,3.615964412689209
4487,victory,2,0.5162337720394135,0.5162337720394135,16.5,5.730547904968262
4488,vide,1,0.3733333349227905,0.3733333349227905,12.0,2.31511664390564
4489,video,2,0.6059587895870209,0.6059587895870209,20.0,3.4863829612731934
4490,video call,1,0.4351851940155029,0.4351851940155029,14.0,3.3110902309417725
4491,video camera,2,0.8079178929328918,0.8079178929328918,26.5,10.07431411743164
4492,video card,1,0.8512110710144043,0.8512110710144043,27.0,7.894393920898437
4493,video cassette recorder,1,0.7300000190734863,0.7300000190734863,24.0,4.217119693756104
4494,video relay service,1,0.4347825944423675,0.4347825944423675,14.0,4.863901138305664
4495,videographer,1,0.6829268336296082,0.6829268336296082,22.0,6.124294281005859
4496,vietnam,2,0.5713478028774261,0.5713478028774261,18.0,5.598726272583008
4497,view,3,0.45108188192049664,0.550561785697937,14.0,5.702859401702881
4498,vigilance,1,0.5809524059295654,0.5809524059295654,18.0,3.9644854068756095
4499,vijaya bank,1,0.6240000128746033,0.6240000128746033,20.0,4.881503582000732
4500,village,3,0.5762801965077718,0.5866666436195374,18.333333333333332,7.299354553222656
4501,violet,1,0.6147540807723999,0.6147540807723999,20.0,6.582939624786377
4502,violin,1,0.6666666865348816,0.6666666865348816,20.0,3.960977554321289
4503,viral diseases animals,1,0.7599999904632568,0.7599999904632568,24.0,7.788456439971924
4504,virat kohli,1,0.4193548262119293,0.4193548262119293,13.0,5.4960808753967285
4505,virtual image,1,0.7900000214576721,0.7900000214576721,25.0,9.493301391601562
4506,virus,3,0.522202730178833,0.4554455578327179,16.333333333333332,7.374893188476562
4507,visa,3,0.5789393981297811,0.5681818127632141,18.333333333333332,7.501646041870117
4508,vishnu,1,0.5742574334144592,0.5742574334144592,18.0,7.889108180999756
4509,visible ray,1,0.6987951993942261,0.6987951993942261,24.0,7.0103068351745605
4510,vision,3,0.582452247540156,0.5617977380752563,19.0,4.9201741218566895
4511,visit,1,0.4444444477558136,0.4444444477558136,15.0,2.321740865707397
4512,visitor,1,0.5066666603088379,0.5066666603088379,17.0,2.579163074493408
4513,visual,1,0.5357142686843872,0.5357142686843872,17.0,5.21012020111084
4514,visual aid,1,0.5333333611488342,0.5333333611488342,17.0,4.094600677490234
4515,vital,1,0.4888888895511627,0.4888888895511627,16.0,5.327652454376221
4516,vivekananda rock memorial,1,0.6967741847038269,0.6967741847038269,23.0,5.835031986236572
4517,vocabulary,1,0.6774193644523621,0.6774193644523621,23.0,2.5898404121398926
4518,vocation,1,0.4905660450458526,0.4905660450458526,15.0,8.703163146972656
4519,vodafone,1,0.3981481492519378,0.3981481492519378,12.0,2.666095972061157
4520,vodka,2,0.6883116960525513,0.6883116960525513,22.5,3.60124945640564
4521,voice,1,0.4683544337749481,0.4683544337749481,18.0,2.2839038372039795
4522,voit,1,0.8518518805503845,0.8518518805503845,30.0,5.043802261352539
4523,volcano,5,0.5327258229255676,0.5340909361839294,16.4,8.307145118713379
4524,volkswagen,2,0.46064814925193787,0.46064814925193787,14.5,4.104139804840088
4525,volley ball,1,0.841269850730896,0.841269850730896,29.0,6.446778297424316
4526,volleyball,1,0.4322033822536468,0.4322033822536468,13.0,8.133434295654297
4527,voltmeter,2,0.7263150811195374,0.7263150811195374,23.0,20.278125762939453
4528,volume,2,0.5855555534362793,0.5855555534362793,18.5,3.116605758666992
4529,voluntarily,1,0.4761904776096344,0.4761904776096344,15.0,1.9451907873153689
4530,vomit,1,0.25,0.25,8.0,4.50118350982666
4531,vote,2,0.5249032974243164,0.5249032974243164,17.0,6.4348907470703125
4532,voucher,1,0.5111111402511597,0.5111111402511597,16.0,8.62269401550293
4533,wage,1,0.6476190686225891,0.6476190686225891,20.0,4.975353240966797
4534,wait,4,0.466718889772892,0.4751044362783432,15.25,7.64847993850708
4535,waiting list,1,0.5933333039283752,0.5933333039283752,18.0,5.720212459564209
4536,waiting room,1,0.8080357313156128,0.8080357313156128,25.0,7.636722087860107
4537,waive,1,0.2666666805744171,0.2666666805744171,9.0,2.0691137313842773
4538,wake,1,0.4900000095367431,0.4900000095367431,16.0,3.661209583282471
4539,wales,1,0.5074626803398132,0.5074626803398132,16.0,3.020960807800293
4540,walk,3,0.7309523820877075,0.7333333492279053,23.0,10.56460666656494
4541,wall,1,0.5080645084381104,0.5080645084381104,16.0,6.362391471862793
4542,wall garden,1,0.953296720981598,0.953296720981598,30.0,6.104033946990967
4543,wallet,1,0.3925233781337738,0.3925233781337738,14.0,4.932866096496582
4544,want,2,0.5390476286411285,0.5390476286411285,17.5,4.602858543395996
4545,war,2,0.6821178197860718,0.6821178197860718,21.5,4.267117977142334
4546,warehouse,1,0.5111111402511597,0.5111111402511597,17.0,2.62107515335083
4547,warm,3,0.7216888467470804,0.6971830725669861,22.666666666666668,9.01406192779541
4548,warn,2,0.5002335160970688,0.5002335160970688,15.5,2.380056619644165
4549,warning,1,0.523809552192688,0.523809552192688,17.0,3.3045811653137207
4550,wash,7,0.572451331785747,0.5490196347236633,17.857142857142858,7.726796150207519
4551,washbasin,1,0.66796875,0.66796875,21.0,5.409753322601318
4552,washerman,1,0.5731707215309143,0.5731707215309143,19.0,4.7001051902771
4553,washing machine,1,0.5185185074806213,0.5185185074806213,17.0,5.588239669799805
4554,washroom,1,0.5740740895271301,0.5740740895271301,18.0,4.808149337768555
4555,wastage,1,0.5066666603088379,0.5066666603088379,16.0,4.791900634765625
4556,waste,2,0.3333333432674408,0.3333333432674408,11.5,4.057114601135254
4557,watch,4,0.6602706909179688,0.6696529686450958,21.0,5.706363201141357
4558,water,4,0.509976901113987,0.5141316950321198,16.25,6.261103630065918
4559,water bottle,1,0.5079365372657776,0.5079365372657776,16.0,2.628760576248169
4560,water erosion,1,0.8989899158477783,0.8989899158477783,28.0,4.755772590637207
4561,water filter,1,0.6542056202888489,0.6542056202888489,20.0,7.540575981140137
4562,water lifting equipments,1,0.8100000023841858,0.8100000023841858,25.0,5.784718036651611
4563,water logged hedges,1,0.912162184715271,0.912162184715271,30.0,4.698246955871582
4564,water motor,1,0.6504854559898376,0.6504854559898376,21.0,6.065424919128418
4565,water pipe,1,0.8288288116455078,0.8288288116455078,26.0,4.10955286026001
4566,water pollution,1,0.6666666865348816,0.6666666865348816,21.0,5.716928482055664
4567,water pump,1,0.7788461446762085,0.7788461446762085,24.0,12.046862602233888
4568,waterfall,4,0.5436117798089981,0.5535933524370193,17.5,7.011570930480957
4569,watermelon,2,0.5566666573286057,0.5566666573286057,18.5,6.420915603637695
4570,watt,1,0.9457364082336426,0.9457364082336426,32.0,4.570492267608643
4571,wattmeter,1,0.7863247990608215,0.7863247990608215,25.0,8.576427459716797
4572,wave,3,0.7209840218226115,0.7575757503509521,23.0,7.938394546508789
4573,wave length,1,0.7599999904632568,0.7599999904632568,25.0,7.909787178039551
4574,waveform,1,0.6741573214530945,0.6741573214530945,21.0,6.468428134918213
4575,wavegraph,1,0.8160919547080994,0.8160919547080994,26.0,3.8758161067962646
4576,wavemotion,1,0.7664233446121216,0.7664233446121216,27.0,5.591588497161865
4577,waves,2,0.5625,0.5625,19.0,8.285871505737305
4578,wavy hair,1,0.4035087823867798,0.4035087823867798,12.0,3.0899224281311035
4579,wax,1,0.6875,0.6875,24.0,9.83842945098877
4580,waxing,1,0.75,0.75,23.0,8.065773963928223
4581,way,3,0.47305549184481305,0.4675324559211731,15.333333333333334,8.722514152526855
4582,ways,1,0.534246563911438,0.534246563911438,17.0,7.070962905883789
4583,we,2,0.5438095331192017,0.5438095331192017,18.5,5.629678726196289
4584,weak,4,0.5501914992928505,0.5569230914115906,17.75,4.862453937530518
4585,wealth,1,0.5400000214576721,0.5400000214576721,17.0,6.403445243835449
4586,wealthy,1,0.5733333230018616,0.5733333230018616,18.0,6.240406036376953
4587,weapon,1,0.6208791136741638,0.6208791136741638,20.0,5.102595329284668
4588,wear,1,0.4399999976158142,0.4399999976158142,15.0,9.6177978515625
4589,weather,1,0.5515151619911194,0.5515151619911194,17.0,4.7215070724487305
4590,weave,1,0.6600000262260437,0.6600000262260437,22.0,7.585711479187012
4591,weaver,2,0.7481847405433655,0.7481847405433655,23.5,5.6376543045043945
4592,web camera,1,0.6836158037185669,0.6836158037185669,22.0,4.514909267425537
4593,website,3,0.5771428743998209,0.5714285969734192,18.333333333333332,4.877956390380859
4594,wedding,4,0.5205911472439766,0.5376108586788177,16.25,4.188567161560059
4595,wedding reception,3,0.5759144822756449,0.5,18.0,4.628486156463623
4596,wedge,1,0.8590604066848755,0.8590604066848755,28.0,3.917800664901733
4597,wednesday,7,0.48153439589909147,0.4533333480358124,15.857142857142858,6.071956634521484
4598,weeds near to pond margin,1,0.8768328428268433,0.8768328428268433,27.0,5.247386932373047
4599,week,6,0.38493868211905163,0.3733333349227905,12.333333333333334,6.774389743804932
4600,weekly,2,0.6340539008378983,0.6340539008378983,20.0,5.555525779724121
4601,weekly return,1,0.9066666960716248,0.9066666960716248,29.0,5.80928373336792
4602,weigh,1,0.2933333218097687,0.2933333218097687,11.0,4.243513107299805
4603,weight,4,0.47308485954999924,0.4484536051750183,14.75,8.067742347717285
4604,weightlifting,1,0.591549277305603,0.591549277305603,19.0,5.180399894714356
4605,weird,2,0.3882594406604767,0.3882594406604767,12.5,4.981510162353516
4606,welcome,1,0.5,0.5,16.0,4.000062942504883
4607,welder,4,0.5821560919284821,0.5575000047683716,18.75,7.215569972991943
4608,welding hand screen,1,0.4689655303955078,0.4689655303955078,14.0,3.3720812797546387
4609,well,1,0.5514018535614014,0.5514018535614014,17.0,4.054556369781494
4610,west,2,0.5698412954807281,0.5698412954807281,18.0,5.512895584106445
4611,west bengal,2,0.41126692295074463,0.41126692295074463,13.5,5.11832332611084
4612,west indies,3,0.4755387206872304,0.5066666603088379,15.666666666666666,3.717568874359131
4613,wet,2,0.5188492089509964,0.5188492089509964,16.0,4.071862697601318
4614,whale,2,0.7184523940086365,0.7184523940086365,22.5,6.776195526123047
4615,what,2,0.3909645974636078,0.3909645974636078,12.5,5.655421257019043
4616,what happened,1,0.4588235318660736,0.4588235318660736,15.0,5.635520935058594
4617,what is your name,1,0.6363636255264282,0.6363636255264282,20.0,4.377834796905518
4618,what time,2,0.5763125866651535,0.5763125866651535,17.5,6.448426723480225
4619,whatever,1,0.5,0.5,15.0,6.095125675201416
4620,whatsapp,1,0.2783505022525787,0.2783505022525787,9.0,2.480852603912353
4621,wheat,2,0.7539682686328888,0.7539682686328888,26.0,5.808820724487305
4622,wheat rust,1,0.9101123809814452,0.9101123809814452,29.0,4.483015537261963
4623,wheeled robots,1,0.7716535329818726,0.7716535329818726,24.0,5.26549768447876
4624,when,1,0.6470588445663452,0.6470588445663452,21.0,3.4067084789276123
4625,where,2,0.4864516258239746,0.4864516258239746,15.5,5.579728126525879
4626,which,2,0.6080827116966248,0.6080827116966248,22.0,4.733436107635498
4627,while,1,0.4848484992980957,0.4848484992980957,15.0,4.90571928024292
4628,whistle,2,0.38974688947200775,0.38974688947200775,12.0,4.419157028198242
4629,white,3,0.5154761970043182,0.5714285969734192,16.333333333333332,4.426384449005127
4630,white collar job,1,0.5703703761100769,0.5703703761100769,18.0,3.684714555740357
4631,whiteboard,1,0.5098039507865906,0.5098039507865906,16.0,4.82737922668457
4632,who,2,0.5020512938499451,0.5020512938499451,15.5,7.36895751953125
4633,wholesale,1,0.4749999940395355,0.4749999940395355,15.0,8.798871040344238
4634,wholesale merchants,1,0.875,0.875,27.0,12.17015552520752
4635,whose,1,0.4000000059604645,0.4000000059604645,13.0,4.287617206573486
4636,why,4,0.49033433198928833,0.43612612783908844,15.25,8.162283897399902
4637,wicket,1,0.5510203838348389,0.5510203838348389,17.0,9.851454734802246
4638,wicketkeeper,1,0.4489795863628387,0.4489795863628387,14.0,4.879631519317627
4639,wide,1,0.4533333480358124,0.4533333480358124,14.0,4.163554668426514
4640,wife,4,0.6393762230873108,0.6611111164093018,20.5,5.818982124328613
4641,wifi,3,0.5803380211194357,0.5555555820465088,19.0,5.104835033416748
4642,wikipedia,1,0.5089285969734192,0.5089285969734192,16.0,3.504155397415161
4643,wild swine,1,0.7743055820465088,0.7743055820465088,24.0,4.947041034698486
4644,will,1,0.5333333611488342,0.5333333611488342,17.0,7.935123443603516
4645,win,2,0.390350878238678,0.390350878238678,12.0,5.133947372436523
4646,wind,3,0.5406298637390137,0.5595238208770752,17.333333333333332,6.128520965576172
4647,wind borne disease,1,0.8954423666000366,0.8954423666000366,28.0,6.801760673522949
4648,wind energy,1,0.4848484992980957,0.4848484992980957,18.0,4.569169998168945
4649,wind erosion,1,0.9341317415237428,0.9341317415237428,31.0,5.662605285644531
4650,winding up,1,0.3619047701358795,0.3619047701358795,11.0,4.222599983215332
4651,window,3,0.6884920795758566,0.6952381134033203,21.666666666666668,6.143689155578613
4652,window dressing,1,0.5166666507720947,0.5166666507720947,15.0,7.326362133026123
4653,window garden,1,0.8760683536529541,0.8760683536529541,27.0,6.625179767608643
4654,wine,2,0.6491737067699432,0.6491737067699432,22.5,4.19066047668457
4655,winner,2,0.5630879700183868,0.5630879700183868,18.0,6.663959980010986
4656,winter,1,0.2872340381145477,0.2872340381145477,9.0,3.161439180374145
4657,wipe,1,0.6266666650772095,0.6266666650772095,23.0,3.997794151306152
4658,wire man,1,0.8426395654678345,0.8426395654678345,27.0,5.2640533447265625
4659,wire stripper,1,0.6016949415206909,0.6016949415206909,19.0,5.384245872497559
4660,wiring,2,0.8553280830383301,0.8553280830383301,27.0,4.459012508392334
4661,wise,2,0.4634353667497635,0.4634353667497635,14.5,2.8373725414276123
4662,wish,1,0.6266666650772095,0.6266666650772095,20.0,2.9749345779418945
4663,with,1,0.3731343150138855,0.3731343150138855,11.0,5.227001667022705
4664,withdraw money from bank,1,0.7304964661598206,0.7304964661598206,23.0,6.7935333251953125
4665,withdrawal slip,1,0.4952380955219269,0.4952380955219269,15.0,4.919601917266846
4666,withhold,1,0.5666666626930237,0.5666666626930237,18.0,6.389265060424805
4667,without,3,0.4145913024743398,0.4018691480159759,13.0,4.728231430053711
4668,without prejudice,1,0.6666666865348816,0.6666666865348816,22.0,5.384824275970459
4669,witness,1,0.4761904776096344,0.4761904776096344,15.0,2.8263001441955566
4670,wolf,3,0.7175661325454712,0.7333333492279053,24.666666666666668,4.1527204513549805
4671,woman,3,0.6783873438835144,0.6866666674613953,21.333333333333332,6.448871612548828
4672,women jail,1,0.8544474244117737,0.8544474244117737,27.0,5.982645988464356
4673,wood,5,0.5011791408061981,0.5,16.0,4.716961860656738
4674,wood plane,1,0.8318583965301514,0.8318583965301514,26.0,3.401439666748047
4675,woodpecker,1,0.4740740656852722,0.4740740656852722,15.0,5.775856971740723
4676,wool,3,0.5626543263594309,0.6083333492279053,17.333333333333332,7.196013927459717
4677,word,2,0.45356298983097076,0.45356298983097076,16.0,4.736320018768311
4678,word pad,1,0.7942583560943604,0.7942583560943604,24.0,4.087859630584717
4679,words and figures,1,0.7142857313156128,0.7142857313156128,24.0,4.322904586791992
4680,work,5,0.5587532162666321,0.6133333444595337,18.4,7.666815280914307
4681,working capital,1,0.6916666626930237,0.6916666626930237,24.0,5.593478202819824
4682,working hours,1,0.644444465637207,0.644444465637207,20.0,4.6647138595581055
4683,workshop,1,0.2897196114063263,0.2897196114063263,9.0,5.915767669677734
4684,world,2,0.6611111164093018,0.6611111164093018,20.5,6.459070205688477
4685,world association of sign language interpreters,1,0.4946236610412597,0.4946236610412597,15.0,7.240007400512695
4686,world federation of the deaf,1,0.4767441749572754,0.4767441749572754,15.0,2.7494046688079834
4687,world federation of the deaf youth section,1,0.5955055952072144,0.5955055952072144,19.0,4.680781841278076
4688,worry,2,0.6844444572925568,0.6844444572925568,22.0,6.311196327209473
4689,worth,1,0.4333333373069763,0.4333333373069763,14.0,4.862613677978516
4690,wound,3,0.5448653300603231,0.6666666865348816,17.333333333333332,5.060919761657715
4691,woven,1,0.7553957104682922,0.7553957104682922,24.0,3.797832489013672
4692,wrench,1,0.7983871102333069,0.7983871102333069,25.0,5.974798202514648
4693,wrestling,3,0.5416834155718485,0.5375000238418579,18.0,5.814309120178223
4694,writ,1,0.7333333492279053,0.7333333492279053,25.0,3.58308482170105
4695,write,2,0.5362121313810349,0.5362121313810349,17.5,7.655623435974121
4696,writer,1,0.7230769395828247,0.7230769395828247,22.0,5.900599956512451
4697,written down value,1,0.6848484873771667,0.6848484873771667,21.0,3.263944149017334
4698,wrong,3,0.41610487302144367,0.422222226858139,13.333333333333334,6.108067989349365
4699,x ray,1,0.699999988079071,0.699999988079071,23.0,4.059135913848877
4700,x-ray,1,0.4799999892711639,0.4799999892711639,15.0,4.4488844871521
4701,xbox,1,0.4912280738353729,0.4912280738353729,15.0,3.4363677501678467
4702,xylophone,1,0.6000000238418579,0.6000000238418579,19.0,6.086587429046631
4703,yahoo,1,0.9375,0.9375,32.0,6.208774089813232
4704,yak,2,0.5154698640108109,0.5154698640108109,16.5,5.928443908691406
4705,yamaha bike,1,0.4536082446575165,0.4536082446575165,14.0,6.2970781326293945
4706,yardstick,1,0.4300518035888672,0.4300518035888672,14.0,2.462129592895508
4707,year,5,0.5539254724979401,0.449999988079071,18.2,6.666593551635742
4708,year book,1,0.7333333492279053,0.7333333492279053,23.0,3.719197988510132
4709,year calender,1,0.5249999761581421,0.5249999761581421,19.0,3.639359474182129
4710,year financial,1,0.6555555462837219,0.6555555462837219,21.0,3.749609470367432
4711,year of harvest,1,0.6952381134033203,0.6952381134033203,21.0,11.060206413269045
4712,year to year,1,0.675000011920929,0.675000011920929,22.0,3.341838359832764
4713,year under report,1,0.7916666865348816,0.7916666865348816,25.0,5.486040592193604
4714,yearly,1,0.574999988079071,0.574999988079071,18.0,5.480393886566162
4715,yellow,8,0.540862437337637,0.5166666507720947,17.5,4.924110889434815
4716,yellow flowered plants,1,0.9160000085830688,0.9160000085830688,28.0,7.553325653076172
4717,yes,2,0.4243389666080475,0.4243389666080475,15.0,2.027003765106201
4718,yesterday,3,0.5230324069658915,0.5444444417953491,16.333333333333332,6.9427809715271
4719,yoga,1,0.6236559152603149,0.6236559152603149,20.0,5.783854007720947
4720,yoke,1,0.5245097875595093,0.5245097875595093,17.0,2.46989107131958
4721,yolk,1,0.6531791687011719,0.6531791687011719,20.0,5.686756610870361
4722,you,3,0.4639869232972463,0.4852941036224365,14.666666666666666,4.915985584259033
4723,young,2,0.5086021572351456,0.5086021572351456,15.5,7.916337013244629
4724,younger,1,0.4099999964237213,0.4099999964237213,12.0,2.482236385345459
4725,younger brother,1,0.6486486196517944,0.6486486196517944,21.0,5.529572010040283
4726,younger sister,1,0.5822784900665283,0.5822784900665283,18.0,2.685596704483032
4727,your,3,0.48454545934995014,0.5066666603088379,15.333333333333334,5.587839603424072
4728,yourself,2,0.4602777659893036,0.4602777659893036,14.5,5.695814609527588
4729,youth,1,0.3063063025474548,0.3063063025474548,10.0,5.437794208526611
4730,youth association of the deaf india,2,0.5676972270011902,0.5676972270011902,17.5,4.407869338989258
4731,youtube,1,0.3157894611358642,0.3157894611358642,10.0,3.4070346355438232
4732,zambia,1,0.4421052634716034,0.4421052634716034,13.0,3.065927743911743
4733,zebra,3,0.5201821625232697,0.4933333396911621,17.333333333333332,3.853849887847901
4734,zebra crossing,2,0.7206714749336243,0.7206714749336243,23.5,5.756317615509033
4735,zero,1,0.5,0.5,17.0,1.855597972869873
4736,zero correction,1,0.594059407711029,0.594059407711029,20.0,4.32251501083374
4737,zero error,1,0.8571428656578064,0.8571428656578064,29.0,10.375078201293944
4738,zigzag,1,0.7589743733406067,0.7589743733406067,24.0,4.0850372314453125
4739,zimbabwe,1,0.4356435537338257,0.4356435537338257,13.0,8.344789505004883
4740,zinc sheet,1,0.8529411554336548,0.8529411554336548,27.0,3.83290433883667
4741,zip,2,0.4981146305799484,0.4981146305799484,16.0,6.623905658721924
4742,zipper,1,0.3931034505367279,0.3931034505367279,12.0,5.9983110427856445
4743,zipper foot,1,0.53125,0.53125,16.0,7.015900611877441
4744,zonal,1,0.625,0.625,21.0,5.889361381530762
4745,zone,1,0.6857143044471741,0.6857143044471741,21.0,3.9993138313293457
4746,zoo,4,0.5979682877659798,0.5765873193740845,19.0,6.7435736656188965
4747,zoom,1,0.5445544719696045,0.5445544719696045,17.0,5.19526481628418
