test_uid,true_class,rank,top1,top5,recall10,reciprocal_rank
-NIz596Y27Q_1,severally,13,0,0,0,0.07692307692307693
06tYXs9inPk_1,branch,1,1,1,1,1.0
0i1qCUd3BdM_1,increase,1795,0,0,0,0.0005571030640668524
0p_iET-2TRw,pencil,1,1,1,1,1.0
0q7mwfrGneM_1,monday,12,0,0,0,0.08333333333333333
10KuxOH6cYM_1,interest,1277,0,0,0,0.0007830853563038371
1DMSk1W0LSY_1,amritsar,808,0,0,0,0.0012376237623762376
1KCDw7XLgU0,mahavir jayanti,1,1,1,1,1.0
1NqEYBhtmZE,sign,2380,0,0,0,0.0004201680672268908
1XFe7SCIQKw,anonymous,1419,0,0,0,0.0007047216349541931
1pTz3GSNi6w_1,elbow,1,1,1,1,1.0
2DAexoF0SsA_1,thief,20,0,0,0,0.05
2EgTWnIIS3Q_1,matchbox,2,0,1,1,0.5
2JY-9q3ehfY,ladder,2,0,1,1,0.5
2MvrW4Vw7ZU,indigo,4418,0,0,0,0.00022634676324128565
2cDgDbxkXFE,parents,1896,0,0,0,0.0005274261603375527
2vUvW-0XfUE,bharatiya janata party,3292,0,0,0,0.00030376670716889426
34WMjwYFdsI,dissent,365,0,0,0,0.0027397260273972603
38_FvLAz4Lo_1,police,5,0,1,1,0.2
38hLbeCJAtA_1,decrease,289,0,0,0,0.0034602076124567475
3DeQ1zZ5pjo_1,delhi,2723,0,0,0,0.0003672420124862284
3R3KvYV43nQ_1,shop,5,0,1,1,0.2
3Sct_ii1-yQ_1,drawer,480,0,0,0,0.0020833333333333333
3bV2PgWlc7M,peas,21,0,0,0,0.047619047619047616
3nnG7x_qkck_1,night,242,0,0,0,0.004132231404958678
3t63THdE5wM,each,13,0,0,0,0.07692307692307693
42WTTq2hqh8_1,bill,1,1,1,1,1.0
42axCoiER4s,similar,9,0,0,1,0.1111111111111111
4Q0ANLHhzwk_1,sun,4167,0,0,0,0.00023998080153587713
4SlMtTeUkEE_1,monday,21,0,0,0,0.047619047619047616
4Vj5NM9KRzY,tuberculosis,2253,0,0,0,0.0004438526409232135
4aB00bo7A5M_2,diesel,2700,0,0,0,0.00037037037037037035
4bzRDATIEGY,ladder,929,0,0,0,0.001076426264800861
4fOrzw3MpL4_1,reservation,2446,0,0,0,0.0004088307440719542
52TTzIUKAAI,monday,4261,0,0,0,0.0002346866932644919
543L-qWLyCY_1,slip,3123,0,0,0,0.0003202049311559398
5Dmdenxy5PQ_1,triangle,3160,0,0,0,0.00031645569620253165
5IDn1RRczUo_1,computer,583,0,0,0,0.0017152658662092624
5Joy5x30t6E,deer,2846,0,0,0,0.00035137034434293746
5PHRpx9Lqzc,tongs,2838,0,0,0,0.00035236081747709656
5TdjY77NHDE_1,funny,345,0,0,0,0.002898550724637681
5Zpf5yMNgc0_1,hot,259,0,0,0,0.003861003861003861
5abyQsJRQIY,kidney beans,1373,0,0,0,0.0007283321194464676
5ketMObfFu8_1,torch,1,1,1,1,1.0
5mRd9gulCKs,rubber,4418,0,0,0,0.00022634676324128565
5ov1E2nBePg_1,office,2484,0,0,0,0.00040257648953301127
5pYCIsZH-H4,pencil,2,0,1,1,0.5
5rku2NSGq94,bathroom,3293,0,0,0,0.0003036744609778318
5sQnSTQKZgw_1,bill,2,0,1,1,0.5
5zUlp2QmgiA_1,pyjama,1,1,1,1,1.0
63BPw0sMbtQ_1,calculator,3663,0,0,0,0.000273000273000273
672SUsSwn10,day,3570,0,0,0,0.00028011204481792715
6D-tRJn3T6E,day after,2685,0,0,0,0.00037243947858472997
6MpvtbLWDbo,permanent,574,0,0,0,0.0017421602787456446
6O_VhGkView_1,lie,19,0,0,0,0.05263157894736842
6RFwCF9xelU_1,thursday,18,0,0,0,0.05555555555555555
6_vArDwgWLI_1,reservation,4044,0,0,0,0.0002472799208704253
6al4AYYeD6A,cobbler,2666,0,0,0,0.00037509377344336085
6gXuMMAxOm0,interest,3292,0,0,0,0.00030376670716889426
6oKB5PY2M64,swim,2710,0,0,0,0.00036900369003690036
6rTPgPHDnGU,attitude,1,1,1,1,1.0
6x41e1s898c_1,group,1,1,1,1,1.0
6zIJ0xpo2xM_1,grass,3933,0,0,0,0.0002542588354945334
6zvOKDKmWRc_1,blouse,1554,0,0,0,0.0006435006435006435
7-U7JLrcGHo,aeroplane,3829,0,0,0,0.00026116479498563595
71MQl0F0_No,letter,3198,0,0,0,0.00031269543464665416
76nlaB0l3kk,december,4341,0,0,0,0.000230361667818475
7DFNLpdTyc8_1,praise,612,0,0,0,0.0016339869281045752
7JdpsRQl8eY,bharatiya janata party,3810,0,0,0,0.00026246719160104987
7MN-nFtrnjs_1,bill,5,0,1,1,0.2
7Rq6uvvCPd0,september,4222,0,0,0,0.00023685457129322596
7S1IJ8OrInU,escape,1392,0,0,0,0.0007183908045977011
7WLX7jxH84k_1,tuesday,1977,0,0,0,0.0005058168942842691
7YQ0D3swwMk,profession,4182,0,0,0,0.00023912003825920613
7j8hKnkT0yw_1,face,25,0,0,0,0.04
7kEbmn2BWIA,india,3337,0,0,0,0.00029967036260113877
7kHhJbwb-xg,interest,3464,0,0,0,0.0002886836027713626
7ktA4sMqKSo_1,grow,3240,0,0,0,0.00030864197530864197
7zKiKasH-ec_2,pink,1279,0,0,0,0.0007818608287724785
8FU08s4mBkI_1,iron,3518,0,0,0,0.0002842524161455372
8G5NgkTRK8s,capital,1170,0,0,0,0.0008547008547008547
8L3-sQV1BmU,divide,8,0,0,1,0.125
8TXKaIN4emc_1,yellow,4418,0,0,0,0.00022634676324128565
8ZD3FvK3NYY_1,yesterday,1490,0,0,0,0.0006711409395973154
8axJ8fy9vI4_1,hate,2,0,1,1,0.5
8gAE5cho4ck,office,1,1,1,1,1.0
8gdHlsqexzI_1,insect,2250,0,0,0,0.00044444444444444447
8pLSdUH-S5U,amritsar,1,1,1,1,1.0
9200bHjUzac_1,germany,3221,0,0,0,0.0003104625892579944
93GUaFv2z84_1,bury,1,1,1,1,1.0
95KlTHhKlmk,weekly,106,0,0,0,0.009433962264150943
96JTPuAvmno,hard,1,1,1,1,1.0
98wq5RZYq90_1,age,2171,0,0,0,0.00046061722708429296
9LXAp02OXko_1,pilot,2739,0,0,0,0.0003650967506389193
9RdiJAmwOtw_1,age,2099,0,0,0,0.0004764173415912339
9WpI_sLgb00,christmas,56,0,0,0,0.017857142857142856
9e62cz2TIdo_1,angry,3,0,1,1,0.3333333333333333
9e7G2jc3tso_1,christmas,1727,0,0,0,0.0005790387955993051
9gZg_sd9G88,sheep,2136,0,0,0,0.00046816479400749064
9nYAc6GEbNo_1,oath,23,0,0,0,0.043478260869565216
9qLTvYXHLdU,amount,4418,0,0,0,0.00022634676324128565
9uSE_BJx1Po,bad,4365,0,0,0,0.0002290950744558992
9y_XoHypC2Q_1,coat,1844,0,0,0,0.0005422993492407809
A7GtKqvxPNA,can,2812,0,0,0,0.00035561877667140827
A8fPXgxSQ-k,aeroplane,3834,0,0,0,0.0002608242044861763
AD8RcVimCyw_1,distribute,4418,0,0,0,0.00022634676324128565
AGADAbFPPH4_1,shoulder,3,0,1,1,0.3333333333333333
AW-lxiaveRY,sand,3458,0,0,0,0.0002891844997108155
AXkvz_N39pg,wifi,8,0,0,1,0.125
AfgaiVsTy_k,reporter,204,0,0,0,0.004901960784313725
AjSoS7r4qJI_1,hard,2537,0,0,0,0.00039416633819471815
AmPGr5AueGI_1,dress,1009,0,0,0,0.0009910802775024777
Azhplpvwi6Q,calculator,1,1,1,1,1.0
B1plqHKGoW4_1,deer,1,1,1,1,1.0
B2JFlPUsxQY,form,3689,0,0,0,0.0002710761724044456
BDyD3b5IvEA_1,tusks,4018,0,0,0,0.00024888003982080636
BGjmN9lRDH0,legal,2905,0,0,0,0.00034423407917383823
BNNY7s6UnX4_1,india,191,0,0,0,0.005235602094240838
BUdAJ_WWdxo_1,foot,1,1,1,1,1.0
BaXoF_r5D4w,pain,519,0,0,0,0.0019267822736030828
Bc5uO2zRNJA,throat,3061,0,0,0,0.0003266906239790918
BlV_8p_hgLA_1,horns,1793,0,0,0,0.0005577244841048522
Bmq6b73OAQ4_1,watermelon,2058,0,0,0,0.00048590864917395527
BrDv3nkZnCE_1,full,1971,0,0,0,0.0005073566717402334
BvOKe8KiGPU,tall,7,0,0,1,0.14285714285714285
C0znUIY2osY,east,3571,0,0,0,0.0002800336040324839
C39QX6etLxw_1,business,755,0,0,0,0.0013245033112582781
C6Lf2U0ZDmQ_1,angry,1,1,1,1,1.0
C7zW-Cuv3tU_1,parrot,2191,0,0,0,0.00045641259698767686
C8NKSCbnodM_1,sea,15,0,0,0,0.06666666666666667
CEHCaHC8hK0,sit,3465,0,0,0,0.0002886002886002886
CELYbb3X9fk,mechanic,893,0,0,0,0.0011198208286674132
CSY_YI5A3uw_1,september,915,0,0,0,0.001092896174863388
C_7MNhDkut4,tripura,402,0,0,0,0.0024875621890547263
ClwPsyQ5iKQ_1,late,726,0,0,0,0.0013774104683195593
CoxdEUEw9Lw,wolf,3914,0,0,0,0.0002554931016862545
Csudbq04CV0,cook,3086,0,0,0,0.0003240440699935191
Cw13fIyVSNA,take,4409,0,0,0,0.00022680880018144704
Cz3KCbolavI,camel,2386,0,0,0,0.00041911148365465214
D-6KziM3_ac,monkey,3079,0,0,0,0.0003247807729782397
D1NuUfSrJq8_1,yellow,4418,0,0,0,0.00022634676324128565
DA0Ma_9R3HU,pick,2826,0,0,0,0.00035385704175513094
DAgfV9RRVsw_1,umbrella,1299,0,0,0,0.0007698229407236335
DAkf0SjQpuk_1,alive,1629,0,0,0,0.0006138735420503376
DBUTlAHjWlI,fine,985,0,0,0,0.0010152284263959391
DCwA5BuGHa8_1,they,3359,0,0,0,0.00029770765108663293
DDusbrXIyaA,tailor,694,0,0,0,0.001440922190201729
DHihi8AG0ck_1,cancel,3633,0,0,0,0.0002752546105147261
Dbt8wFNY5RI_1,straight,4418,0,0,0,0.00022634676324128565
DfohDPZVlrA_1,mother,4,0,1,1,0.25
Dgq7SU6Khls_1,tomorrow,2434,0,0,0,0.0004108463434675431
Dh69YPn9pzU,tractor,3749,0,0,0,0.00026673779674579886
DlTdx-rVtfo,unfair dismissal,1,1,1,1,1.0
Dywl939W0wU,introduce,3555,0,0,0,0.00028129395218002813
Dz9dFM4Pg3g,allow,2625,0,0,0,0.00038095238095238096
E1bMcpst-p8_1,flood,1,1,1,1,1.0
E4rnCudFi8c,disappear,4389,0,0,0,0.000227842333105491
ED7sE5v2jKE,solve,2449,0,0,0,0.0004083299305839118
EDDN3o-FX9Q,manipur,1971,0,0,0,0.0005073566717402334
EDEbbnnbHeo_1,july,4108,0,0,0,0.00024342745861733204
EE1cuwsn1IY,hate,2959,0,0,0,0.0003379520108144643
EFd9_rQVW6k,pizza,1,1,1,1,1.0
EFuaKRVN4Yw,week,3510,0,0,0,0.0002849002849002849
EKr1gGcQlXk_1,kerala,69,0,0,0,0.014492753623188406
ELX_Ak3IKgE_1,north pole,537,0,0,0,0.00186219739292365
EPIpofZRHBY_1,purchase,1,1,1,1,1.0
EQpjjm6rZTw,peon,3607,0,0,0,0.0002772387025228722
EUJyZCB8UoE,skin,3319,0,0,0,0.00030129557095510696
Eakrhy1WezE,share,3037,0,0,0,0.00032927230819888045
Eb1zmjEoyGQ,oriya,4263,0,0,0,0.0002345765892563922
EbmFC4EitxU,pencil,961,0,0,0,0.001040582726326743
EdGBkBi0xQ4,cold,2527,0,0,0,0.0003957261574990107
Eg7eVi4c11k,grow,2417,0,0,0,0.0004137360364087712
Eic6GMcQ9Tc,sing,2969,0,0,0,0.0003368137420006736
EilGxC4fZ4g_1,plate,1,1,1,1,1.0
Ejk3rD52uc0_1,tonic,2677,0,0,0,0.00037355248412401944
Eni6gYBX_-g,saturday,3699,0,0,0,0.0002703433360367667
F7wUQReGNEw,earth,3617,0,0,0,0.0002764722145424385
F8ZmweysvHM,deaf,3010,0,0,0,0.0003322259136212625
FCHXqa0qVDo,mile,4418,0,0,0,0.00022634676324128565
FD8LpV-MqEM,deadline,1528,0,0,0,0.0006544502617801048
FG0lFws-PWo_1,brown,1449,0,0,0,0.0006901311249137336
FHwjyQeLNuY,stop,4388,0,0,0,0.00022789425706472196
FLG6F5h_LiY_1,tuesday,1553,0,0,0,0.000643915003219575
FP83TXugYq4_1,shooting,532,0,0,0,0.0018796992481203006
FQYd1BVpZ54,sit,3420,0,0,0,0.00029239766081871346
FR_SoS24QTs_1,clever,2540,0,0,0,0.0003937007874015748
FSKTNkpTx5Q_1,october,2954,0,0,0,0.00033852403520649965
FTNGNvDqp-g,hair,3043,0,0,0,0.00032862306933946765
FXDVdq4xfbw_1,nervous,1106,0,0,0,0.0009041591320072332
FYU1yAIBMKk,teach,1,1,1,1,1.0
FathKZe6_LI,key,3496,0,0,0,0.0002860411899313501
FdxGN0ru6F8,india,3587,0,0,0,0.00027878449958182325
FfuRz0AuxMs,pay,3617,0,0,0,0.0002764722145424385
FgId5lNxRyM_1,magnet,4418,0,0,0,0.00022634676324128565
FmDMlXXPl9c_1,want,104,0,0,0,0.009615384615384616
Fu11XkNRBis,simultaneous,4418,0,0,0,0.00022634676324128565
G-xw6dwoiBc,balance,3688,0,0,0,0.00027114967462039046
G0Ii_arG_iA_1,rule,3501,0,0,0,0.00028563267637817766
G1kA8fiQM3Q,cartoon,60,0,0,0,0.016666666666666666
G7LqVtoayeo,brain,3449,0,0,0,0.00028993911278631486
G9MUHd-IjF4_1,election,2801,0,0,0,0.0003570153516601214
GAP_IrJE0F0_1,before,1996,0,0,0,0.000501002004008016
GFWW1CO5rf0_1,selfish,754,0,0,0,0.001326259946949602
GGbmYniJ_EM,principal,2332,0,0,0,0.0004288164665523156
GIoPLi8lba4,name,1764,0,0,0,0.0005668934240362812
GQaw-x-oXM0,pencil,81,0,0,0,0.012345679012345678
GSeKuIBIGWs_1,concentrate,1,1,1,1,1.0
GWE16XtuLOE_2,wind,314,0,0,0,0.0031847133757961785
GWn73nB7NsA,reservation,4,0,1,1,0.25
GXpfHLOLU_4,meghalaya,39,0,0,0,0.02564102564102564
GYVZ3VpzJRI,banana,1313,0,0,0,0.0007616146230007616
GZq28EIBmQs,good,4389,0,0,0,0.000227842333105491
GcR4QYxAdmY,enemy,3064,0,0,0,0.00032637075718015666
Gch0TZZQ_90_1,public,3715,0,0,0,0.00026917900403768504
Ge1eIkRgtJk,gold,2465,0,0,0,0.00040567951318458417
GeVnlqGHpEA,surat,2992,0,0,0,0.00033422459893048126
Gf-58Ft9qEA_1,butter,2955,0,0,0,0.00033840947546531303
GkpQNio4dSE,shy,101,0,0,0,0.009900990099009901
Gl6b4xJGc5k_1,friday,4373,0,0,0,0.000228675966155957
GleVWSS5dmo,pen drive,2231,0,0,0,0.00044822949350067237
Gpjn1Iun6CI,warm,27,0,0,0,0.037037037037037035
GqCMtSaTMwQ_1,november,2103,0,0,0,0.00047551117451260106
GrNwG3wnIsI_1,capital,1775,0,0,0,0.0005633802816901409
Gu2kSZvVPUs_1,mason,1493,0,0,0,0.0006697923643670462
Gv8Q72yX4Yk,environment,63,0,0,0,0.015873015873015872
GxrEeXKP7mQ_2,input,1625,0,0,0,0.0006153846153846154
GyQ1wh7tiaU_1,bear,1,1,1,1,1.0
H-CvK4W6-SM,week,8,0,0,1,0.125
H-PnLVGWrto_1,shy,902,0,0,0,0.0011086474501108647
H-ZAN_q1XtI_1,lose,2013,0,0,0,0.0004967709885742673
H0k_c6twr-Y_1,date,4355,0,0,0,0.0002296211251435132
H4pn0Iqrg8A,notify,1970,0,0,0,0.0005076142131979696
H5ta0C2Sz2I,baby,2,0,1,1,0.5
H84q83Jmhhk,return,2,0,1,1,0.5
H90EE4ZyShY,arunachal pradesh,1211,0,0,0,0.0008257638315441783
H9nx2rpmH04,straight,4418,0,0,0,0.00022634676324128565
HG8PkQFk6po_1,cut,4107,0,0,0,0.00024348672997321646
HK6mbwMGSew,insult,4408,0,0,0,0.00022686025408348456
HKlXMGJXHZs,triangle,3313,0,0,0,0.00030184123151222455
HLLUUMdZkFk_1,sweep,4342,0,0,0,0.00023030861354214648
HRUodmwylRw_1,sunflower,44,0,0,0,0.022727272727272728
HTy7MUaROK8,january,2927,0,0,0,0.00034164673727365904
Hbj74PbhIzc,hygiene,277,0,0,0,0.0036101083032490976
Hdt6acHjd3I_1,meet,3164,0,0,0,0.0003160556257901391
Hdvjnsplcx8_1,knife,4338,0,0,0,0.0002305209774089442
HiKegjOx1kw,friend,1,1,1,1,1.0
Hkv0JPEwiEE,explain,4418,0,0,0,0.00022634676324128565
HnmjmqSfmPs,make a long story short,9,0,0,1,0.1111111111111111
HnydoJ4McR8,litre,2712,0,0,0,0.0003687315634218289
Ho8vUmQ7Y1s_1,receipt,3035,0,0,0,0.00032948929159802305
HqEam06JRKo,aeroplane,3831,0,0,0,0.00026102845210127906
HufgJPpb1kQ,bus,3270,0,0,0,0.0003058103975535168
HyqvSSccYGM,things,2456,0,0,0,0.00040716612377850165
I3haAOluERo,wait,2648,0,0,0,0.00037764350453172205
I5IcpZp0BfE,mean,736,0,0,0,0.001358695652173913
I9OiCuVT6TQ,bus,3423,0,0,0,0.00029214139643587495
IAd2idq-iPI_1,coin,751,0,0,0,0.0013315579227696406
IBYqJ-C2FsA,nurse,3,0,1,1,0.3333333333333333
ICiBChM7NL0_1,sweet,831,0,0,0,0.0012033694344163659
IE_CEe3ZkCI_1,tonic,2793,0,0,0,0.00035803795202291446
IGR8WsvfoXs,tap,24,0,0,0,0.041666666666666664
IGogDBcwAnU_1,clever,2321,0,0,0,0.00043084877208099956
IMZb4D-ulNs,percentage,12,0,0,0,0.08333333333333333
INdSYgk8Ed0_1,island,1,1,1,1,1.0
IOS2_Xy4yg0,friday,4369,0,0,0,0.00022888532845044633
IOUl-SHyP4Y_1,testify,620,0,0,0,0.0016129032258064516
IOaZtwg1czk_1,interest,4,0,1,1,0.25
IPUJ9bHGQgM,waterfall,4366,0,0,0,0.00022904260192395785
IRT4-x0KYrI_1,tree,208,0,0,0,0.004807692307692308
IRmlHHtW_Q0_1,thank you,1513,0,0,0,0.0006609385327164573
ITnvvRnzDsI_1,self,2023,0,0,0,0.0004943153732081067
IYf_zhHRbWw_1,eat,2045,0,0,0,0.0004889975550122249
I_TQyqgYvoA,area,4418,0,0,0,0.00022634676324128565
IdF3Z-HI8QY_1,on,2068,0,0,0,0.00048355899419729207
IfL2BoxCI_U_1,remember,22,0,0,0,0.045454545454545456
IgilYoGrZlg,repair,167,0,0,0,0.005988023952095809
IhUPDOGqMaw,true,9,0,0,1,0.1111111111111111
Iji2l3tYxHc,today,2208,0,0,0,0.0004528985507246377
IjyH501MJjY_1,agra,3790,0,0,0,0.0002638522427440633
Ika-iBJ4-Ns,wash,2584,0,0,0,0.0003869969040247678
Il9Z5pMnfDo,cheque,19,0,0,0,0.05263157894736842
IlFz5jLv0HA,christian,1,1,1,1,1.0
IlO3fdD1Ytk,shoulder,3168,0,0,0,0.0003156565656565657
IljBrnpRkLI,over,3203,0,0,0,0.00031220730565095225
Iqjt_znBgeE,gas stove,3448,0,0,0,0.0002900232018561485
Ir-Qe2kkROw,wifi,3,0,1,1,0.3333333333333333
Iu0WhShkyw0,pause,111,0,0,0,0.009009009009009009
IuIV6N8k4Ik_1,thursday,1,1,1,1,1.0
Iz9sVAKjbMU_1,iron,3466,0,0,0,0.00028851702250432774
J0vgYiSZ0Zk_1,profit,31,0,0,0,0.03225806451612903
J36iHjTW6Jo,reward,8,0,0,1,0.125
J4G3ltp807A,notify,2477,0,0,0,0.0004037141703673799
J6YkOCzKPpA_1,coconut,3551,0,0,0,0.000281610813855252
J84aAikfD88,sweater,882,0,0,0,0.0011337868480725624
JD1NFsUtYrg_1,pan,7,0,0,1,0.14285714285714285
JFrHbTIRXp0_1,hard,2479,0,0,0,0.0004033884630899556
JGDj06htv-A_1,few,2815,0,0,0,0.00035523978685612787
JGiAZZ8byeU_1,forget,2633,0,0,0,0.00037979491074819596
JJ2y6sfvlUA_1,tongs,19,0,0,0,0.05263157894736842
JJ4iKa2vdoM_1,floor,1,1,1,1,1.0
JJamPbb5o_A,same,13,0,0,0,0.07692307692307693
JSf7HjXTT78_1,yellow,4418,0,0,0,0.00022634676324128565
JSgfX7o3cCI_1,cow,1,1,1,1,1.0
JTfbRXxg4mU_1,false,1,1,1,1,1.0
JXkN1Nb0WmI_1,gloves,1821,0,0,0,0.0005491488193300384
JZLbNmS3Lu4_1,duck,77,0,0,0,0.012987012987012988
JjQDPdI82Tw_1,twins,29,0,0,0,0.034482758620689655
Jn9jwPcSKag,plate,3479,0,0,0,0.0002874389192296637
JqUNaUjxigE,job,1819,0,0,0,0.0005497526113249038
JwvgzR8JBQw,leaf,3,0,1,1,0.3333333333333333
K3pj5alsYHc,valley,4220,0,0,0,0.00023696682464454977
K4bb2bBt1uY,same,2,0,1,1,0.5
K5qR4GaiYqc,form,3780,0,0,0,0.00026455026455026457
K9BFoOaBA18_1,body,2430,0,0,0,0.00041152263374485596
KAyF64u5G0w,english,764,0,0,0,0.0013089005235602095
KDUJ4CR6_dE,panaji,5,0,1,1,0.2
KEa28LtX2W4_1,mixer,36,0,0,0,0.027777777777777776
KEcsIGtSp88_1,chennai,1921,0,0,0,0.0005205622071837585
KG_OHYYtnoQ_1,red,1,1,1,1,1.0
KHbIUov_fKY,noun,1701,0,0,0,0.0005878894767783657
KLpXMM5NiYQ,triangle,1792,0,0,0,0.0005580357142857143
KMB0F5vWexE_1,during,959,0,0,0,0.0010427528675703858
KP83EtWUOqQ_2,minimum,652,0,0,0,0.0015337423312883436
KPIxtz5y-AQ,paytm,3067,0,0,0,0.00032605151613955004
KVIEAqtUyxE_1,soldier,2071,0,0,0,0.0004828585224529213
KVe4agrfeOA_1,fingers,1,1,1,1,1.0
KVxHxFu6C1U,relay race,1857,0,0,0,0.0005385029617662897
KXnSguJGdN8,sorry,5,0,1,1,0.2
KXzzVhXY0F4_1,light,1001,0,0,0,0.000999000999000999
KYU0N1_c7so_1,cremate,2,0,1,1,0.5
K_d8eu4SgG0_1,explain,4418,0,0,0,0.00022634676324128565
Kb_ozOWxAfQ_1,my,1503,0,0,0,0.0006653359946773121
KbmqszvRUmQ,policy,1,1,1,1,1.0
KjuOnxtgNrs_1,touch,2020,0,0,0,0.0004950495049504951
KqdHyxm3XDA,amazon,8,0,0,1,0.125
KtYQWbd8c2c,weak,2688,0,0,0,0.0003720238095238095
KtjbWweEkKE,paragraph,104,0,0,0,0.009615384615384616
Kxj8mG2kNCc,mother,2324,0,0,0,0.0004302925989672978
L-u8WLA5E18_1,decide,1,1,1,1,1.0
L3zllm-N0pA_1,amount,4418,0,0,0,0.00022634676324128565
L42e09-GlGE_1,australia,2751,0,0,0,0.0003635041802980734
L5N6iSUREkg_1,point,1,1,1,1,1.0
LBjLmVz_ae0_1,telephone,497,0,0,0,0.002012072434607646
LFFS1Hdq7cA_1,lunch,3528,0,0,0,0.0002834467120181406
LJErvGH5rVU_1,bug,11,0,0,0,0.09090909090909091
LJZaMf1NGs0,snake,3800,0,0,0,0.0002631578947368421
LKNKVzQj9S4_1,rubber,4418,0,0,0,0.00022634676324128565
LLRVhSkiGkc,judge,2563,0,0,0,0.0003901677721420211
LRAKP8hKHTs_1,snow,449,0,0,0,0.0022271714922048997
LSrto7ULuac,trust,4351,0,0,0,0.00022983222247759135
LSysLOgMsG8_1,search,932,0,0,0,0.001072961373390558
LYQL5Is2IP0,without,1,1,1,1,1.0
LYRpKbuXtw8,drug,196,0,0,0,0.00510204081632653
LZNIKt_FVwI_1,earn,746,0,0,0,0.0013404825737265416
LcIgsxb9F1Y_1,birth,2,0,1,1,0.5
Ld5T9glcT2k_1,things,2214,0,0,0,0.00045167118337850043
LdB-xdR0WlM_2,cold,709,0,0,0,0.0014104372355430183
LfeTLkxBG30,skirt,1735,0,0,0,0.0005763688760806917
LfpizDfWhns_1,query,3411,0,0,0,0.0002931691586045148
LjoBu4KD33Y,complain,2740,0,0,0,0.000364963503649635
LjwZPYHjqds,tripura,1532,0,0,0,0.0006527415143603133
Lkztp3ZDShA,view,2,0,1,1,0.5
LmFIEd0Ejq8,process,50,0,0,0,0.02
Lngoh_uQHzw_1,month,30,0,0,0,0.03333333333333333
LqLnP37No_Y,switch,4212,0,0,0,0.00023741690408357076
Lu0AwKQ33Sw,concrete,1,1,1,1,1.0
Lv_-f-V3ylE,slap,2196,0,0,0,0.0004553734061930783
LwD7BG_zdXM,reporter,230,0,0,0,0.004347826086956522
Lypi1wvlQ5s_1,socks,2519,0,0,0,0.0003969829297340214
M24VjuHEfgo,wait,2560,0,0,0,0.000390625
M5ML0oF4VzU,can,2680,0,0,0,0.00037313432835820896
M5d-xq3xJi4,manner,492,0,0,0,0.0020325203252032522
M84ritBmcTE,egypt,1,1,1,1,1.0
M9A3PKPxbdY_1,door,1822,0,0,0,0.0005488474204171241
MAZVS8doD6E,learn,2499,0,0,0,0.00040016006402561027
MBpTWWSc1JE_1,science,1419,0,0,0,0.0007047216349541931
ME7pnv4k_l0_1,good,40,0,0,0,0.025
MF1FXsA8yXw,hot,2103,0,0,0,0.00047551117451260106
MFWHZG1Xnr4,livelihood,1,1,1,1,1.0
MJTOje2ViH4,our,2588,0,0,0,0.0003863987635239567
MKirgaLINXQ_1,trouble,23,0,0,0,0.043478260869565216
MLAL7ASrh5s,pure,2677,0,0,0,0.00037355248412401944
MMHxvuN8Z_0_1,job,1520,0,0,0,0.0006578947368421052
MMrUJwt_8oQ,orange,3165,0,0,0,0.000315955766192733
MMzsqe-mNmc,qualification,1,1,1,1,1.0
MNCeezFR_YI,bread,2799,0,0,0,0.0003572704537334762
MONtOZhRgek_2,positive,1338,0,0,0,0.0007473841554559044
MTAoneZNzeQ,allow,2738,0,0,0,0.0003652300949598247
MVggQBRCOIw_1,september,21,0,0,0,0.047619047619047616
MWnrLOwPLqQ_1,kitchen,2169,0,0,0,0.0004610419548178884
MXmTYGHWvvE,yes,683,0,0,0,0.0014641288433382138
MYfR4Ec-zU0_1,association,2185,0,0,0,0.0004576659038901602
M_F0YMifj5g_1,zebra crossing,1702,0,0,0,0.0005875440658049354
MeJB3ZRQQcY,hygiene,17,0,0,0,0.058823529411764705
MlZ9Hx3mkBk_1,onion,1369,0,0,0,0.0007304601899196494
Mo-VXbTe0bs_1,january,3233,0,0,0,0.0003093102381688834
MpOh9MQvWbY,belt,2087,0,0,0,0.0004791566842357451
Mq1c27rJxqY_1,mirror,2119,0,0,0,0.00047192071731949034
Mxlci8amm_0_1,necklace,2312,0,0,0,0.00043252595155709344
N0OMPBVVK3o,praise,1266,0,0,0,0.0007898894154818325
N0Tgyn59Erw_1,waterfall,1,1,1,1,1.0
N0bpk_dzCuk,bite,3687,0,0,0,0.00027122321670735016
N4NevefkpsQ,cycle,3510,0,0,0,0.0002849002849002849
N51UnxHrRZg,process,212,0,0,0,0.0047169811320754715
N9JQMzE7_DI,england,839,0,0,0,0.0011918951132300357
N9XgekP7Qtg,hidden file,1,1,1,1,1.0
NATVmGM4bpQ_1,year,161,0,0,0,0.006211180124223602
NAiENsui-oc_1,lie,4409,0,0,0,0.00022680880018144704
NBEVpBk-9VI,soft,4223,0,0,0,0.00023679848448969926
NC0iEaE7Ba4,tuesday,2014,0,0,0,0.0004965243296921549
NCRLLU_dxcM_1,sparrow,2,0,1,1,0.5
NGfUhD-kG1M,change,4148,0,0,0,0.00024108003857280618
NJZoju_a6Ig_1,hang,21,0,0,0,0.047619047619047616
NKaU1IK6k94_1,august,4331,0,0,0,0.00023089355806972986
NLy90nqeNko_1,singapore,3991,0,0,0,0.00025056376847907793
NMajC62MvaQ_1,work,1637,0,0,0,0.0006108735491753207
NPrAFhC6vWk_1,body,2428,0,0,0,0.00041186161449752884
NPxCD7p6M80_1,small pox,2,0,1,1,0.5
NROeKyImRuI_1,food,2089,0,0,0,0.0004786979415988511
NSERnk7V4ZA_1,careful,59,0,0,0,0.01694915254237288
NSwtAmwDTZE_1,sand,1,1,1,1,1.0
NUKt0kkYSg4,sick,2434,0,0,0,0.0004108463434675431
NWx2vBB9F7g_1,pig,1,1,1,1,1.0
NXEPPzd8AXk_1,freeze,1233,0,0,0,0.0008110300081103001
NZ2sunnoc7k,torch,3248,0,0,0,0.0003078817733990148
Nb8uJ822Tig,tinda,1,1,1,1,1.0
Ncynk9HDp3c_1,swallow,3585,0,0,0,0.0002789400278940028
NeXKnG1-7cU_1,false,4369,0,0,0,0.00022888532845044633
Nfxj5lRpg2o_1,pakistan,422,0,0,0,0.002369668246445498
NhVVvn7cwd4,russia,4407,0,0,0,0.0002269117313365101
Ni3iHE6bas8,unite,1,1,1,1,1.0
Ni5kmFuBXzI,wednesday,4388,0,0,0,0.00022789425706472196
NiIyd5WjjFg,put,2747,0,0,0,0.00036403349108117945
NmPpZgrECW0,police,3115,0,0,0,0.00032102728731942215
NmmgvY4gy40_1,cheque,1433,0,0,0,0.0006978367062107466
NuTEITSEAUA,papaya,2509,0,0,0,0.00039856516540454366
Nud7Ld9x7Z4,perfect,4418,0,0,0,0.00022634676324128565
NvxJw6Zi6UA_1,toothbrush,3,0,1,1,0.3333333333333333
NxxURb8wKd0,punjabi,2586,0,0,0,0.0003866976024748647
NypNRzPI2Hg,punjab,1,1,1,1,1.0
O-H9plmvvoE,prime minister,2689,0,0,0,0.0003718854592785422
O2_3lA8kVVE,brain,3109,0,0,0,0.000321646831778707
O3SeL_0pvTs_1,sunday,13,0,0,0,0.07692307692307693
O4sOntiraJc,punish,1,1,1,1,1.0
O9Dk6KdQ4to_1,transparent,1880,0,0,0,0.0005319148936170213
O9ZwfYTIETI,together,1192,0,0,0,0.0008389261744966443
O9pRqLLFUEE_1,happy,1,1,1,1,1.0
OB6FvmCHsDg,invent,2650,0,0,0,0.0003773584905660377
OBRmS71p6TU_1,stars,4362,0,0,0,0.00022925263640531865
OCcDnB5VdgU_1,window,3274,0,0,0,0.00030543677458766036
ODFZJd2f9X8,amazon,204,0,0,0,0.004901960784313725
OELaDZo5R7I,brain,3217,0,0,0,0.00031084861672365556
OF-9aiQTAfM,hanuman,3176,0,0,0,0.00031486146095717883
OHFdjCUkpME_1,elephant,2388,0,0,0,0.0004187604690117253
OL_k_mBRxbA,pyjama,1967,0,0,0,0.0005083884087442806
ON8Ou8j8BjY,principal,2658,0,0,0,0.0003762227238525207
OP1V4l-DdcA_1,hope,3,0,1,1,0.3333333333333333
OPfZfLKxZTU_1,instigate,18,0,0,0,0.05555555555555555
OSxSHGU_WOo_1,false,4360,0,0,0,0.00022935779816513763
OUQa0HC_ORM_1,understand,979,0,0,0,0.0010214504596527069
OWya5pey33I,read,2991,0,0,0,0.00033433634236041456
OYQVWFoke9E,pick,3093,0,0,0,0.00032331070158422246
Oaqk8I-2-IE,tool,18,0,0,0,0.05555555555555555
ObrkXqrK96M,peon,3718,0,0,0,0.00026896180742334586
OcSgDKInrg8,hot,2686,0,0,0,0.00037230081906180194
OeV_XZBC3VA_1,separate,2647,0,0,0,0.00037778617302606723
OfCw-0gAd6E,order,3955,0,0,0,0.00025284450063211124
OfGHhLbHWq4_1,spoil,1,1,1,1,1.0
Ohcc1XNi-s4,meeting,127,0,0,0,0.007874015748031496
Oi__gIjhBk0_1,engineer,2840,0,0,0,0.00035211267605633805
OjJ2Vu0k5d8,animals,2103,0,0,0,0.00047551117451260106
OjPz3neEd7U_1,measure,3,0,1,1,0.3333333333333333
OjYou9zLuDM_1,daughter,1,1,1,1,1.0
OkC4seOp-00,wash,1683,0,0,0,0.0005941770647653001
OoFz4JC0sjU_1,cover,298,0,0,0,0.003355704697986577
OuOKDmE7q2c_1,parliament,3667,0,0,0,0.0002727024815925825
OwI1yeom0EM,surname,3470,0,0,0,0.00028818443804034583
Oy09VfmP5sQ,action,4418,0,0,0,0.00022634676324128565
P-35FnAOLeo_1,walk,1,1,1,1,1.0
P1r-uVbFZ00_1,cold,817,0,0,0,0.0012239902080783353
P2OKqOpct8s,grey,4418,0,0,0,0.00022634676324128565
P2YHoSAHJUg_1,train,1955,0,0,0,0.0005115089514066496
P58pF-HenyU,pause,2536,0,0,0,0.0003943217665615142
P8q4ktLxy-A_1,pain,1336,0,0,0,0.0007485029940119761
P9GAmYhGhJ0,janmashtami,873,0,0,0,0.001145475372279496
PFH8OX7kSEA,online,4328,0,0,0,0.0002310536044362292
PI6SVXN35Rg,praise,1023,0,0,0,0.0009775171065493646
PKyGYvB0Mf0,tripura,5,0,1,1,0.2
PODw7DyLs64_1,play,3467,0,0,0,0.00028843380444188056
PQ5BHjzvK5A_1,zebra,2878,0,0,0,0.00034746351633078526
PQBIO5wAinc_1,copper,15,0,0,0,0.06666666666666667
PU5hB6j8ivk,unfair dismissal,1,1,1,1,1.0
PUtHYOs4aXQ,summary,2270,0,0,0,0.0004405286343612335
PUwW0NPqTh0_1,force,2710,0,0,0,0.00036900369003690036
PaFoWYRBizg,abdicate,121,0,0,0,0.008264462809917356
Pb7q2FmzWS8_1,mat,2,0,1,1,0.5
PeH-ArgS-fw_1,brown,1481,0,0,0,0.0006752194463200541
PemmRc-BA94,kerala,3617,0,0,0,0.0002764722145424385
Pgm4Qs_l-EE_1,buffalo,282,0,0,0,0.0035460992907801418
PhkRGU9K9ZY_1,light,958,0,0,0,0.0010438413361169101
PlitAZnyimo_1,noon,1635,0,0,0,0.0006116207951070336
PpE3Mdz1Z4w,seed,3224,0,0,0,0.00031017369727047146
Pq-OLkv13Bw,light,2386,0,0,0,0.00041911148365465214
Pq7GkdMqan8,rough,2890,0,0,0,0.00034602076124567473
PqOEUuH2gj4,try,1421,0,0,0,0.0007037297677691766
Pqm1i-zg24o_1,eagle,12,0,0,0,0.08333333333333333
PsdIuGsFt9c_1,remove,1240,0,0,0,0.0008064516129032258
Pu9zSjEsqnk,bell,2543,0,0,0,0.00039323633503735744
PvzM89FGSp0,advertisement,3194,0,0,0,0.00031308703819661864
Py2RBS-e9Xg,tree,6,0,0,1,0.16666666666666666
Q0SJzhLv0SQ_1,kind,1,1,1,1,1.0
Q1FtAjA_raE,walk,3192,0,0,0,0.0003132832080200501
Q25uAMfX5Fc,remember,2512,0,0,0,0.0003980891719745223
Q9w0G35HNLw,anti corruption law,8,0,0,1,0.125
QEKQr_KeKe4,easy,2784,0,0,0,0.00035919540229885057
QF_QXmNelLk,tall,3,0,1,1,0.3333333333333333
QGozGZ4rg9c_1,biscuit,1334,0,0,0,0.0007496251874062968
QM3TDqfMMWY_1,process,3147,0,0,0,0.00031776294884016526
QPHySC61DCY_1,bud,1,1,1,1,1.0
QRTZR4dcC6k_2,black,83,0,0,0,0.012048192771084338
QTyJEcqXDTg_1,duck,2,0,1,1,0.5
QYaPv88J2iE,kitchen,1955,0,0,0,0.0005115089514066496
QYkPPw0ePck,seed,6,0,0,1,0.16666666666666666
Qhvb075HF_Y,clock,3759,0,0,0,0.00026602819898909286
QlEKJLgEWMg,quantity,63,0,0,0,0.015873015873015872
QlqLuC-1u1U_1,mother,616,0,0,0,0.0016233766233766235
QlxwXFyAhOw_1,gardener,1653,0,0,0,0.0006049606775559589
Qo2EdbZg68A,onion,2658,0,0,0,0.0003762227238525207
QpcvD-hUihA_1,rank,2030,0,0,0,0.0004926108374384236
QqCdT8DJ2r0_1,window,3574,0,0,0,0.0002797985450475658
QsQkRAFAKWM,delegate,4192,0,0,0,0.00023854961832061068
QsgOFiTSpa8_1,school bag,3826,0,0,0,0.00026136957658128593
Qy_q0sAucuw,teacher,2401,0,0,0,0.00041649312786339027
QzVK5LtCZkw_1,trouble,29,0,0,0,0.034482758620689655
R07yPaWBR8g,operation,3038,0,0,0,0.0003291639236339697
R0JV03iiFtU,promotion,126,0,0,0,0.007936507936507936
R1jaD2vHFNY_1,monday,3594,0,0,0,0.0002782415136338342
R3jedCIQWrE,star,433,0,0,0,0.0023094688221709007
R6KdIjSPkvo,vision,1608,0,0,0,0.0006218905472636816
RAvAYYM05v4,shimla,2655,0,0,0,0.0003766478342749529
RDrpOAnwThg_1,iron,3458,0,0,0,0.0002891844997108155
RIWIAARKqCo,africa,37,0,0,0,0.02702702702702703
RIo6nyBv2oY_1,table tennis,928,0,0,0,0.0010775862068965517
RLYcKEP4af0,rjd,3669,0,0,0,0.0002725538293813028
RMFMc1KxwPM_1,why,3236,0,0,0,0.00030902348578491963
RMo1aaidZJo_1,august,14,0,0,0,0.07142857142857142
ROF9TjG0q34_1,tamil,2979,0,0,0,0.0003356831151393085
RUKgTVVuVcg,increase,333,0,0,0,0.003003003003003003
RX34_NaukPo_1,tortoise,3633,0,0,0,0.0002752546105147261
RYeWs0MPMEA_1,terrace,1,1,1,1,1.0
RZo8XEvx1G8,confirm,1,1,1,1,1.0
RaT4rhSnixI_1,friday,93,0,0,0,0.010752688172043012
Rc_b4h5nFqo,bottle,2426,0,0,0,0.00041220115416323167
RdySS4hQE0s,division,1055,0,0,0,0.0009478672985781991
RfTlPy0yoLg,beer,2,0,1,1,0.5
RhEpVt-AEK8,lion,3219,0,0,0,0.00031065548306927616
RhzIqPFf72k_1,mountain,2,0,1,1,0.5
RjDvvpbDcHk,bihar,3669,0,0,0,0.0002725538293813028
RkMTKS4AjQU_1,bite,1,1,1,1,1.0
RlC8ZTPuOBU_1,interest,932,0,0,0,0.001072961373390558
Roh9CQ2tF3Y,watch,3386,0,0,0,0.00029533372711163615
RpLX2iGqahI,pair,3763,0,0,0,0.00026574541589157585
RqddJENqoOY,go,1865,0,0,0,0.0005361930294906167
Rs5qSbsnJKs_1,roar,11,0,0,0,0.09090909090909091
Rv-ass03RkM_1,original,4418,0,0,0,0.00022634676324128565
RwdFk6p7tyo,very hot,3,0,1,1,0.3333333333333333
RyuTiOy4BBI,steel,3884,0,0,0,0.00025746652935118434
S0eE3CkrjZU_1,fox,3582,0,0,0,0.00027917364600781687
S0nGLXH4H5Y,tennis,2245,0,0,0,0.00044543429844097997
SAPfIHh1BPg_1,cat,900,0,0,0,0.0011111111111111111
SB50UhgrFMY,muslim,167,0,0,0,0.005988023952095809
SDQ1doHsLn0,superficial,95,0,0,0,0.010526315789473684
SEVIbuIk3AU_2,sphere,102,0,0,0,0.00980392156862745
SEVkZ5qhIC0_1,swallow,3584,0,0,0,0.00027901785714285713
SFD6zesDMMY,pray,1,1,1,1,1.0
SFP1Y49gip0_1,friday,4333,0,0,0,0.00023078698361412417
SGLYqU0p4X4,south,4418,0,0,0,0.00022634676324128565
SJaqmqaD77k,website,145,0,0,0,0.006896551724137931
SJxqZH9B3zw,jaundice,1913,0,0,0,0.0005227391531625719
SOMg4XV_dEY,diwali,4,0,1,1,0.25
SPF11a6Uwy4_1,chennai,1069,0,0,0,0.0009354536950420954
SSkoetdv7G4,sculptor,2349,0,0,0,0.0004257130693912303
SUBSvmdSrXc_1,saturday,317,0,0,0,0.0031545741324921135
SUGgjeP54CQ,car,2615,0,0,0,0.0003824091778202677
SULzv6BHjHs_1,monday,4175,0,0,0,0.00023952095808383233
SVxNsaZs3dI_1,full,3251,0,0,0,0.00030759766225776686
SWi723tppLE_1,weak,177,0,0,0,0.005649717514124294
SWq-SiX-v20_1,sunset,1790,0,0,0,0.0005586592178770949
SYrln3Ug1Lk,radio,4418,0,0,0,0.00022634676324128565
SaqUZcI2zDA,post,1536,0,0,0,0.0006510416666666666
SccmMdkBiAU_1,chat,2,0,1,1,0.5
ScoqXyTkXp8_1,wrong,3,0,1,1,0.3333333333333333
SdsEu8iuUpE,christmas,899,0,0,0,0.0011123470522803114
SewBqDY49qs,eclipse,4366,0,0,0,0.00022904260192395785
Sh5c_9ADHFs,paper clip,1,1,1,1,1.0
SjfLsGRnuGo,name,15,0,0,0,0.06666666666666667
SlORjr0kUM4,water,3627,0,0,0,0.00027570995312930797
Sm7Cei87rg4_1,hardworking,5,0,1,1,0.2
SnUlY4XhAG0,profit,2796,0,0,0,0.000357653791130186
SojDDNUsSew_1,monday,3862,0,0,0,0.0002589331952356292
SqXx7G7FX5A,singapore,4290,0,0,0,0.0002331002331002331
Ssub7QHvQIA,shoot,1591,0,0,0,0.0006285355122564425
SvabwOUNAEE,august,4335,0,0,0,0.0002306805074971165
Svm8Kk4Vr2Q_1,stand,1,1,1,1,1.0
Sx34-t7A_xM_1,mumps,1,1,1,1,1.0
SyZFNqdlRmc_1,breathe,1,1,1,1,1.0
T3DNMjNynU0_1,school,728,0,0,0,0.0013736263736263737
T4-Q9pABqYs,waterfall,4364,0,0,0,0.00022914757103574703
T41OsrviQCY,birthday,4251,0,0,0,0.0002352387673488591
T4ySB6yP-m0_1,fire,1,1,1,1,1.0
T5JAHMxSu2w_1,right,2333,0,0,0,0.0004286326618088298
T7RBzS7EJ6A_1,husband,5,0,1,1,0.2
T7RIPkBR3ik_1,woman,4241,0,0,0,0.0002357934449422306
T7v9JbH90I0_1,confident,2,0,1,1,0.5
T9GMyhxIv5k_1,iron,3397,0,0,0,0.00029437739181630853
T9eBnmIRtqg,like,2967,0,0,0,0.0003370407819346141
T9nijwnbCqw,rajasthan,3634,0,0,0,0.000275178866263071
TCGWpLngbVA_1,prove,1640,0,0,0,0.0006097560975609756
TEkWFmWdQ8Q_1,donkey,2879,0,0,0,0.0003473428273706148
TJeHXGVDCms,temperature,2702,0,0,0,0.0003700962250185048
TMANBpLx6s0_1,tomorrow,2376,0,0,0,0.00042087542087542086
TPdAyuJYQtE,bill,3445,0,0,0,0.00029027576197387516
TQpNNdkU0ZI_1,jaundice,3,0,1,1,0.3333333333333333
TR_tbUxLUco,it,2934,0,0,0,0.00034083162917518747
TRgM0lzJs-4,best,164,0,0,0,0.006097560975609756
TSTGnppZmfA_1,address,830,0,0,0,0.0012048192771084338
TVfeNBBdWpQ_1,skirt,12,0,0,0,0.08333333333333333
TXA5pIG0jEM,expensive,2826,0,0,0,0.00035385704175513094
TcjKtM3VKj4,speech therapist,3501,0,0,0,0.00028563267637817766
TdbUnoeHXcE_1,gujarat,1560,0,0,0,0.000641025641025641
Teyhg_5_rdw_1,brick,1049,0,0,0,0.0009532888465204957
Tf97LjJhrMU,below,2560,0,0,0,0.000390625
Tfxp43vVHpY,listen,55,0,0,0,0.01818181818181818
TiPPYhh323E,sorry,1674,0,0,0,0.0005973715651135006
TickiRU7XxU,bulb,4418,0,0,0,0.00022634676324128565
TjSYqjfk-lc,temperature,2739,0,0,0,0.0003650967506389193
TkZ8qS_TIXk,cell,2939,0,0,0,0.0003402517863218782
Tm_V8zmIsCA_1,buffalo,206,0,0,0,0.0048543689320388345
TmsgikIaXu4,understand,1041,0,0,0,0.0009606147934678194
TrDii_6LlNg,gujarat,5,0,1,1,0.2
TtNpydFV6rI,behind,14,0,0,0,0.07142857142857142
TuH0o_tiW3o,august,4333,0,0,0,0.00023078698361412417
Tv1bOlYSqYI,website,1597,0,0,0,0.0006261740763932373
TwRRZw_m1Po_1,rubber,4418,0,0,0,0.00022634676324128565
U--0FZU2bDg,house,3042,0,0,0,0.0003287310979618672
U-DAmE4tzo4,wise,1,1,1,1,1.0
U-dEobzY4o4,village,3320,0,0,0,0.00030120481927710846
U18qbyFJKnA,toothbrush,2236,0,0,0,0.0004472271914132379
U1WpPYHOp84_1,message,1658,0,0,0,0.0006031363088057901
U2DPGFl5JFA_1,kitchen,2303,0,0,0,0.0004342162396873643
U2UQ6QHvt_s_1,eclipse,4322,0,0,0,0.00023137436372049977
U45soEQ1V4o_1,handkerchief,1144,0,0,0,0.0008741258741258741
U45t3T05qRk_1,cock,2765,0,0,0,0.0003616636528028933
U46jloztxAQ,coimbatore,3642,0,0,0,0.0002745744096650192
U5KcZNFATFM,garden,1,1,1,1,1.0
U7Y3GocRUak_1,october,2099,0,0,0,0.0004764173415912339
U8aIoaNXadQ,change,4034,0,0,0,0.00024789291026276647
UCd4aYE00KM_1,without,2046,0,0,0,0.0004887585532746823
UFePdoNR_KM,write,2132,0,0,0,0.00046904315196998124
UIZbKwFr9ck_1,saturday,253,0,0,0,0.003952569169960474
UJyI-681CrM,scratch,12,0,0,0,0.08333333333333333
UK-aS_5scz4_1,monday,3892,0,0,0,0.00025693730729701953
ULXqpYB1yYw,support,1,1,1,1,1.0
UMS2IJZt6To,free,3492,0,0,0,0.000286368843069874
UOCJkoSjr9w,finish,3579,0,0,0,0.0002794076557697681
UORRNKMTusE,twitter,2678,0,0,0,0.0003734129947722181
UPTSoIuNOIw_1,egg,4,0,1,1,0.25
UQnQ_sw1fHA_1,neck,2064,0,0,0,0.00048449612403100775
UQogb-cniR4_1,cockroach,14,0,0,0,0.07142857142857142
URA2L-D-MAQ,city,2298,0,0,0,0.0004351610095735422
UUYEkCl4HvI,snail,109,0,0,0,0.009174311926605505
UWzrvtCcWDA,run,3200,0,0,0,0.0003125
UXoDCHd7VuQ_1,monday,2275,0,0,0,0.00043956043956043956
U_I4IzFnhdw,scratch,1037,0,0,0,0.0009643201542912247
UbLgHH4sOtA_1,mother,6,0,0,1,0.16666666666666666
UcEpOfJMly4_1,magic,1,1,1,1,1.0
UevozhypOqs_1,necklace,2312,0,0,0,0.00043252595155709344
UgLgrXYY9Es,shine,24,0,0,0,0.041666666666666664
UgR3sxHLsDg,view,1,1,1,1,1.0
UhOwvFFtKVs_1,lotus,4,0,1,1,0.25
Ukr__1TiaOo_1,wait,2,0,1,1,0.5
UlQ5cTjCqT8_1,tuesday,1660,0,0,0,0.0006024096385542169
UnOmbIQFwOE_1,until,2,0,1,1,0.5
Unvi9R9Qg8w,similar,397,0,0,0,0.0025188916876574307
UoONuBxuPLg_1,cold,404,0,0,0,0.0024752475247524753
UodmDnAnLmg_1,cabbage,2536,0,0,0,0.0003943217665615142
UpTUXgf7Wck,sanitary pad,1,1,1,1,1.0
UvsWlQg31Ts,pain,684,0,0,0,0.0014619883040935672
Uwz4-pLZMC8,punctual,2486,0,0,0,0.00040225261464199515
UxfnLulLdVQ,suspect,1233,0,0,0,0.0008110300081103001
UyIz1DzGwQQ_1,explain,4418,0,0,0,0.00022634676324128565
UzpCuTtVV9Y_1,understand,1356,0,0,0,0.0007374631268436578
V-BQYv-0PKs,podium,3,0,1,1,0.3333333333333333
V279MbdgsSY_1,hair,1,1,1,1,1.0
V29VnUcT42Q,wiring,1,1,1,1,1.0
V63xT_OqUOw_1,yellow,4418,0,0,0,0.00022634676324128565
V9YCBo53D94_1,bedroom,5,0,1,1,0.2
VAhELbOjQFc,india,3665,0,0,0,0.00027285129604365623
VAiekrFaH-A_2,noise pollution,2042,0,0,0,0.0004897159647404506
VBx8a9gFcQI_1,cinema,3355,0,0,0,0.00029806259314456036
VCDSOi8Hix0,distance,4418,0,0,0,0.00022634676324128565
VCRZM4u-FYs,power,4418,0,0,0,0.00022634676324128565
VC_lTWT1HXU,right,920,0,0,0,0.0010869565217391304
VEALNsI7Ijg,silk,3444,0,0,0,0.00029036004645760743
VEppUiloi6c_1,blood pressure,2781,0,0,0,0.0003595828838547285
VFLmd-lcwZw_1,praise,481,0,0,0,0.002079002079002079
VI6RwfsB3Tc_1,hippo,461,0,0,0,0.0021691973969631237
VIDtd_VYM2Y,copy,2641,0,0,0,0.0003786444528587656
VJNSZFoRLzE,follow,3689,0,0,0,0.0002710761724044456
VJlRCE_Tw3A_1,silver,3531,0,0,0,0.0002832058906825262
VLeir-T0xmU,magnet,4418,0,0,0,0.00022634676324128565
VMsWda7pWZA,black,2993,0,0,0,0.0003341129301703976
VN0pOHZP1KQ,leave,1516,0,0,0,0.0006596306068601583
VORmSzXh6YU,funny,2627,0,0,0,0.00038066235249333843
VPU-Gw_h9ko,debit card,1,1,1,1,1.0
VPiwsR-P4Tc_1,skin,1,1,1,1,1.0
VPja-SPBsSk_1,rice,6,0,0,1,0.16666666666666666
VS_ZuiQIJx0,no,1994,0,0,0,0.0005015045135406219
VSvlO0WM5fg_1,november,1427,0,0,0,0.000700770847932726
VT9WJZKrys8_1,true,3376,0,0,0,0.0002962085308056872
VTDRIXo-Bpg_1,kurta,51,0,0,0,0.0196078431372549
VV3za4vmTTs,vessel,3395,0,0,0,0.0002945508100147275
VV7wIkRKbf0_1,form,1,1,1,1,1.0
VaXddHdk-K0_1,pillow,16,0,0,0,0.0625
VdR3IR0wqDY,air,4390,0,0,0,0.00022779043280182233
VfN66I8-KEk,war,1134,0,0,0,0.0008818342151675485
VhiPxEZMhus_1,monday,2,0,1,1,0.5
VhyiA9MZWZw,half,3680,0,0,0,0.0002717391304347826
VkHrewA9bJI_1,trust,4340,0,0,0,0.0002304147465437788
VkrF0Q4fWRo,group,3121,0,0,0,0.0003204101249599487
VqaaRKqS4tw_1,poor,36,0,0,0,0.027777777777777776
VqekGul5Xb0_1,mother,13,0,0,0,0.07692307692307693
VvIaOziZ0ac_1,minutes,4,0,1,1,0.25
Vxw3BnPmi3s_1,college,953,0,0,0,0.001049317943336831
VyDyh75isWg,form,3834,0,0,0,0.0002608242044861763
W0VSNIUgNVw,endure,2,0,1,1,0.5
W3kbYwydKm4_1,sari,1319,0,0,0,0.000758150113722517
W4cePmQ87gw,narrow,2681,0,0,0,0.0003729951510630362
W62nMzY2gT4_1,earthquake,14,0,0,0,0.07142857142857142
W7fDu4rueCg_1,follow,3019,0,0,0,0.0003312355084465055
WAWc1DosGJM_1,cave,1,1,1,1,1.0
WBHJgw_7yEg,mix,3628,0,0,0,0.0002756339581036384
WBIjeM1OYEQ_1,monday,4219,0,0,0,0.00023702299123014932
WDlqCvrPrAE_1,elephant,2570,0,0,0,0.0003891050583657588
WEnejEf0veY,close,4031,0,0,0,0.00024807740014884643
WFrPLJ77amU,like social media,4,0,1,1,0.25
WGwhxNQtfbE_1,where,1159,0,0,0,0.0008628127696289905
WKPkIP9yP4s_2,millilitre,2073,0,0,0,0.000482392667631452
WLBjunNqebs_1,hen,1,1,1,1,1.0
WOUQtem-BE0,bengali,2249,0,0,0,0.00044464206313917296
WP5T6GzCCy4,june,4298,0,0,0,0.00023266635644485808
WPgq1Rr9M9s_2,resistor,4418,0,0,0,0.00022634676324128565
WSEFp-h4Vk0,blood pressure,31,0,0,0,0.03225806451612903
WV786dTqOyQ,sandwich,2217,0,0,0,0.0004510599909788002
WW5m7jWsHFA_1,comfortable,1814,0,0,0,0.0005512679162072767
WX8QEtaZ8Qs_1,level,1627,0,0,0,0.0006146281499692685
WZNbLu4g4IA,backdate,3,0,1,1,0.3333333333333333
W_qFjH-GKzA_1,thank you,1498,0,0,0,0.0006675567423230974
WdBygG07nkU,knife,1413,0,0,0,0.0007077140835102619
WdE0jsfQVhw_1,blue,4418,0,0,0,0.00022634676324128565
WdZpExRajmQ_1,thursday,1191,0,0,0,0.0008396305625524769
Web5iasWBo8,programme,4035,0,0,0,0.00024783147459727387
Wj8Inf10Cds,donkey,1414,0,0,0,0.0007072135785007072
WlHa4foZbc0,queen,2799,0,0,0,0.0003572704537334762
WlhFpHM7lYY,see,3010,0,0,0,0.0003322259136212625
WoNO_8tWHBQ,young,2768,0,0,0,0.000361271676300578
Wp4jKO4IYgU_1,wednesday,4380,0,0,0,0.00022831050228310502
WpleZf7o6Gc_1,welcome,4332,0,0,0,0.00023084025854108956
WrkOKBm3ALI_1,china,4314,0,0,0,0.0002318034306907742
WuKSQ-_M1aI,rat,3851,0,0,0,0.00025967281225655674
WwL2FQcTAlg_1,kitchen,2427,0,0,0,0.00041203131437989287
WxIEetxTkzk,urdu,2674,0,0,0,0.00037397157816005983
WzjR1buH7o8,learn,2610,0,0,0,0.0003831417624521073
X-yEakgxzbs,kali mata,1,1,1,1,1.0
X0wavLbnBUU_1,sunset,1718,0,0,0,0.0005820721769499418
X2PsOJ4GaNY,next,1783,0,0,0,0.0005608524957936063
X2zPMYXfVkI_1,bright,1258,0,0,0,0.000794912559618442
X3SkopKJi5M_1,gujarat,1837,0,0,0,0.0005443658138268917
X5CuJTOY2g0,way,3771,0,0,0,0.00026518164942985947
X6ZfXYmVdZY,train,1806,0,0,0,0.0005537098560354374
X8_WnuAdIoE_1,bread,24,0,0,0,0.041666666666666664
X9PzLJ-yL6s_1,september,318,0,0,0,0.0031446540880503146
XBDWMGgWI04_1,aluminium,6,0,0,1,0.16666666666666666
XCsc6GXwslU_1,april,245,0,0,0,0.004081632653061225
XDNgMT4swe4,grow,1587,0,0,0,0.000630119722747322
XEKKQz2x4DE,dubai,1,1,1,1,1.0
XFG6tJjEar8,lie,4409,0,0,0,0.00022680880018144704
XRo4L75knlY,postman,3306,0,0,0,0.00030248033877797946
XSg7UigBYwY_1,bus conductor,3736,0,0,0,0.0002676659528907923
XUmgkiZM4JI_1,earth,1271,0,0,0,0.0007867820613690008
XVoGUfRZqHo,electrician,3199,0,0,0,0.00031259768677711783
XYVygMJqlTQ,suspect,1,1,1,1,1.0
XYfVG8GNe4E_1,funeral,1,1,1,1,1.0
XYyZ0xYVA6I,pakistan,4264,0,0,0,0.00023452157598499062
X_tu5xG4icY_1,lighthouse,355,0,0,0,0.0028169014084507044
XcQTq6tBNeE_1,communicate,1468,0,0,0,0.0006811989100817438
Xca-yzLOWRU,close,4063,0,0,0,0.0002461235540241201
XdNhZENdMvM,shoot,298,0,0,0,0.003355704697986577
XdhGx06dlAI,relative,54,0,0,0,0.018518518518518517
XeV_Qqks978,unlawful,3802,0,0,0,0.0002630194634402946
XfXW-x1C4Es_1,hip,1,1,1,1,1.0
XggUmMB_05c_1,arm,1,1,1,1,1.0
XirShDs3mK8_1,punjab,1423,0,0,0,0.0007027406886858749
XjXXmj-9kFE,virus,2004,0,0,0,0.000499001996007984
Xl-YVIaxrFE_2,vacation,1968,0,0,0,0.0005081300813008131
XpQ4QGeNsGM_1,angry,2,0,1,1,0.5
Xr1SEUip10E,reception,1263,0,0,0,0.000791765637371338
Xu7Bjpz-ZRs,receive,2557,0,0,0,0.00039108330074305825
Xu87pjWy-zY_1,varanasi,2259,0,0,0,0.0004426737494466578
XunH_PEln9Y,piece,1,1,1,1,1.0
XvUEpKDeies,owner,2756,0,0,0,0.000362844702467344
XvtQ_hOFO8E_1,dream,2201,0,0,0,0.00045433893684688776
XxRvBiQEf1s,arunachal pradesh,1308,0,0,0,0.0007645259938837921
XzUB9q5Buyw_1,sick,40,0,0,0,0.025
Y0-DjFLQcLw,jam,2658,0,0,0,0.0003762227238525207
Y0ObDf8ZmJ0,enjoy,2209,0,0,0,0.0004526935264825713
Y638xpGVl88_1,copy,72,0,0,0,0.013888888888888888
Y6FhOnbO6UI_1,thursday,10,0,0,1,0.1
Y8X09M_jMsI,sunrise,1774,0,0,0,0.0005636978579481398
YF6c_Lb35ng_1,housefly,2772,0,0,0,0.00036075036075036075
YF72FhOc8B8_1,tall,1899,0,0,0,0.000526592943654555
YFFVY9bYiW8,mizoram,16,0,0,0,0.0625
YFl0dGwRwYo,property,3469,0,0,0,0.0002882675122513693
YGPgejLrILM,date,4380,0,0,0,0.00022831050228310502
YGog5xq4SiQ_1,corruption,1,1,1,1,1.0
YHd3THK5M-w,paint,2461,0,0,0,0.0004063388866314506
YKFHr8y6YRI,metal,4418,0,0,0,0.00022634676324128565
YKnnyhESBww_1,kurta,1,1,1,1,1.0
YL4WDUU1nNU_1,nepal,30,0,0,0,0.03333333333333333
YMsS8QIdWM0,tuesday,34,0,0,0,0.029411764705882353
YP8kV_QxB5k_1,hyderabad,3301,0,0,0,0.0003029385034837928
YQONdUfXS78_1,local,2210,0,0,0,0.00045248868778280545
YQcpKDKzhIQ_1,bad,1,1,1,1,1.0
YQd_WV8xzI4_1,minor,2754,0,0,0,0.00036310820624546115
YRCrJpcwteg_1,january,2463,0,0,0,0.0004060089321965083
YT73Lh88yeE,waste,2888,0,0,0,0.00034626038781163435
YVKW4zFBxRs_1,wednesday,4366,0,0,0,0.00022904260192395785
YVRYl6f1f_0_1,experiment,1234,0,0,0,0.0008103727714748784
YXM8FEEsI_A,conference,1085,0,0,0,0.0009216589861751152
YYMy75KpmJk,sweat,3502,0,0,0,0.00028555111364934324
YbaTI-fVR9c,salary,4232,0,0,0,0.00023629489603024575
Yc0Mx7DJ_Io,your,2227,0,0,0,0.000449034575662326
Yf38Dy5zOF4,coconut,218,0,0,0,0.0045871559633027525
YfCkx2qZd10_1,bake,853,0,0,0,0.0011723329425556857
Ygj0IRouWKg,wash,2678,0,0,0,0.0003734129947722181
YhVonZ8wM4s,reservation,256,0,0,0,0.00390625
Yic2UpwFlV0_1,maximum,3085,0,0,0,0.00032414910858995135
Yiu0Yd9fSk8_1,boy,4,0,1,1,0.25
Yk2bJx0XDKk,corn,467,0,0,0,0.0021413276231263384
YkB8oNd9yWk_1,insult,1,1,1,1,1.0
YkczyHs5RyA,deer,3012,0,0,0,0.00033200531208499334
Ykt6OXbw1q0,blue,4418,0,0,0,0.00022634676324128565
YnAajpsmDmk_1,cloth,1,1,1,1,1.0
YnZWnAEfIPw,round,3878,0,0,0,0.00025786487880350697
YnmUSF3cQCA_1,minister,2782,0,0,0,0.0003594536304816679
Ypycm97DvfI,paragraph,566,0,0,0,0.0017667844522968198
YsHiDhGbv0Q,nepal,3588,0,0,0,0.0002787068004459309
YtiMW5yuGp0,pass,4155,0,0,0,0.00024067388688327315
YuqMoY_OqRg,printer,2053,0,0,0,0.0004870920603994155
Yv8NF6YIl10_1,stone,7,0,0,1,0.14285714285714285
YwR00ZeFcQY_1,mother,3,0,1,1,0.3333333333333333
Yws2a_L3P5k,top,775,0,0,0,0.0012903225806451613
Yympd7Zsia4,visa,1,1,1,1,1.0
Yz4vZ5ALDfw,thank you,4,0,1,1,0.25
Yz6em7jgxK0,weak,2903,0,0,0,0.0003444712366517396
YzFnEXBbgqk_1,railway station,2,0,1,1,0.5
Z1QjMt7Nv8g_1,neighbour,2886,0,0,0,0.0003465003465003465
Z6JNDTUxfUc,grey,4418,0,0,0,0.00022634676324128565
Z7IcqSuMStI_1,silver,3294,0,0,0,0.00030358227079538557
Z7eSedTdh8o_1,lock,1,1,1,1,1.0
Z8s8vMx7whQ_1,andhra pradesh,1875,0,0,0,0.0005333333333333334
Z9fW5tpQOYY,lake,4373,0,0,0,0.000228675966155957
ZA9VMWZGtLw_1,socks,1989,0,0,0,0.0005027652086475615
ZAVbHxqvcZM,projector,2012,0,0,0,0.0004970178926441351
ZAXYZbQjJd8,official,2642,0,0,0,0.0003785011355034065
ZBUU3_QSSZ0,ant,15,0,0,0,0.06666666666666667
ZBUU3_QSSZ0_1,ant,11,0,0,0,0.09090909090909091
ZEOITP9Urts,goat,2416,0,0,0,0.0004139072847682119
ZHBeAUvAWFw_1,gram,4418,0,0,0,0.00022634676324128565
ZIKWlQUff9c,there,3038,0,0,0,0.0003291639236339697
ZLBwSYUFhqk,resign,1,1,1,1,1.0
ZRmC8bZ5OgY_1,notification,2986,0,0,0,0.0003348961821835231
ZSOCalqaCTw_1,east,1116,0,0,0,0.0008960573476702509
ZT1KeYVFU3s,over,3159,0,0,0,0.00031655587211142766
ZThUGVQhL08,umbrella,634,0,0,0,0.0015772870662460567
ZW9M04OzRVU_1,owl,1505,0,0,0,0.000664451827242525
ZY-WTPLbMZc,yourself,2756,0,0,0,0.000362844702467344
ZZAKxP9xMSE_1,plastic,8,0,0,1,0.125
Z_M-x3Xb-7c_1,enemy,1,1,1,1,1.0
Z_aF7Dndg5o,wrestling,1940,0,0,0,0.0005154639175257732
ZanVx78hi-g_1,water,286,0,0,0,0.0034965034965034965
Zbzwv7UaDLE_1,cholera,3,0,1,1,0.3333333333333333
ZcVzjZeVwj0,lock,3400,0,0,0,0.0002941176470588235
ZePqDGIfLng_1,goat,2,0,1,1,0.5
ZfEb14w8ZMk_1,housefly,2543,0,0,0,0.00039323633503735744
Zgmvl6IgXuY,amazon,53,0,0,0,0.018867924528301886
ZhM0Ej44-3A_1,poision,16,0,0,0,0.0625
ZhZN3BiLEqg_1,student,1499,0,0,0,0.00066711140760507
ZjgpWHd9cyc_1,blue,4418,0,0,0,0.00022634676324128565
ZlECIvK4NRU,name,1794,0,0,0,0.0005574136008918618
ZmPkrJiAoGU,shock,1038,0,0,0,0.0009633911368015414
ZmQb16XR9Uk,themselves,1884,0,0,0,0.0005307855626326964
ZolqmXUbwIw_1,kangaroo,2,0,1,1,0.5
ZrPL-xKnDfk,degree,1396,0,0,0,0.0007163323782234957
ZrRMVnEBilo_1,magnet,4418,0,0,0,0.00022634676324128565
Zs0aCR0psKg_1,maximum,2846,0,0,0,0.00035137034434293746
ZsQKzWzog3w,cylinder,4418,0,0,0,0.00022634676324128565
ZuEwvrlmnyw_1,thursday,30,0,0,0,0.03333333333333333
ZwVF0XfVD7I,bath,2888,0,0,0,0.00034626038781163435
ZxL9a3whvvo,tubelight,3224,0,0,0,0.00031017369727047146
ZytQJwYWKuM_1,africa,1440,0,0,0,0.0006944444444444445
ZzvSRtMXoSA_1,garlic,3352,0,0,0,0.0002983293556085919
_1V-RYndk_o_1,bark,4,0,1,1,0.25
_2S9CpnbPLk_1,volcano,4418,0,0,0,0.00022634676324128565
_45PKVEtIUE_1,clown,1936,0,0,0,0.0005165289256198347
_5ISkq46e4U,volkswagen,4,0,1,1,0.25
_5yHq8UYB-8_1,throat,4,0,1,1,0.25
_BPtLQumNF4_1,radio,4418,0,0,0,0.00022634676324128565
_C-VYAN3NP0_1,sly,1,1,1,1,1.0
_DzQr-7t3Wo,why,1970,0,0,0,0.0005076142131979696
_I7a-SaQTbQ_1,wound,2526,0,0,0,0.000395882818685669
_MfSh3vAg-8_1,trunk,1873,0,0,0,0.0005339028296849973
_NCg6SOF43E,august,4338,0,0,0,0.0002305209774089442
_O0kLRn736A_1,belt,1,1,1,1,1.0
_OCCVPF3icI,buffalo,919,0,0,0,0.001088139281828074
_OVPsuqM4WA,axe,2914,0,0,0,0.00034317089910775565
_PagRKs0NVw_1,cosmetics,1,1,1,1,1.0
_VEDOuAOkwY_1,sweater,724,0,0,0,0.0013812154696132596
_VfAEWS3NIs_1,nose,1,1,1,1,1.0
_XNGzuCEq_k_1,certificate,5,0,1,1,0.2
_ZQRTRss6sY,parliament,1567,0,0,0,0.0006381620931716656
_Zqd_PC4zYs,order,3778,0,0,0,0.00026469031233456857
_a81r3Cftzk,can,3104,0,0,0,0.00032216494845360824
_buJuYv17y0_1,cupboard,2,0,1,1,0.5
_deTkHwvwhc,best,791,0,0,0,0.0012642225031605564
_idIz52QU2Y_1,country,1834,0,0,0,0.0005452562704471102
_k5G74jDhCE_1,present,2381,0,0,0,0.00041999160016799666
_kI81r19zgI_1,hindu,173,0,0,0,0.005780346820809248
_lArEvKP43c,original,4418,0,0,0,0.00022634676324128565
_mRzTYgtxCU_1,quantity,2305,0,0,0,0.0004338394793926247
_ok_Ke5qnV8_2,temperature,865,0,0,0,0.0011560693641618498
_p5nn1S8iRE_1,blouse,1473,0,0,0,0.0006788866259334691
_prgaw9obbQ,wash,1729,0,0,0,0.000578368999421631
_pzmJOER_y8,ooty,2840,0,0,0,0.00035211267605633805
_qWORH98SLc,person,3351,0,0,0,0.0002984183825723665
_rEVVtT1I44,she,2507,0,0,0,0.00039888312724371757
_rHStCQCPno,wedding,3759,0,0,0,0.00026602819898909286
_rguUTHtPkg,next,1598,0,0,0,0.0006257822277847309
_sL5FydI-Is,slow,3163,0,0,0,0.0003161555485298767
_tx2iiQNlZs,earthquake,3859,0,0,0,0.0002591344908007256
_u5BpyWgd2k,promote,92,0,0,0,0.010869565217391304
_z-Ry3er2_k,blood,3259,0,0,0,0.0003068425897514575
a1T4s6FhcSE,clear,18,0,0,0,0.05555555555555555
a1Zz3eyS0yE_1,start,1038,0,0,0,0.0009633911368015414
a2YWHdD5gKk_1,big,1076,0,0,0,0.0009293680297397769
a7gXYwtf0aM,rainbow,272,0,0,0,0.003676470588235294
a8cDfDvCcxw,cockroach,3510,0,0,0,0.0002849002849002849
a8g9AMsHvlI_1,friday,4353,0,0,0,0.00022972662531587412
a8w3qeRPwp8_1,yesterday,1149,0,0,0,0.0008703220191470844
a8wk12Rfkac_1,west indies,1981,0,0,0,0.0005047955577990914
aCaG3G4PAkQ,bedroom,3502,0,0,0,0.00028555111364934324
aD03ngrTQoI_1,goat,27,0,0,0,0.037037037037037035
aECrxESTDUM_1,percentage,3497,0,0,0,0.00028595939376608524
aF7X0ClwZVg,diet,173,0,0,0,0.005780346820809248
aFGQehtPlPc,disease,1553,0,0,0,0.000643915003219575
aFbn0Bm9MCQ_1,special,1762,0,0,0,0.0005675368898978433
aFelqRyZOM4,sphere,3822,0,0,0,0.00026164311878597594
aGRreliJps4_1,pillow,2,0,1,1,0.5
aH6ce_mquBY_1,advance,2145,0,0,0,0.0004662004662004662
aI58FdiAz7Y_1,travel,2407,0,0,0,0.0004154549231408392
aIYmSF72Yk4,mistake,4132,0,0,0,0.0002420135527589545
aJI0l51wGGM_1,dubai,1366,0,0,0,0.0007320644216691069
aJvkIV-8Q9A,promise,3794,0,0,0,0.0002635740643120717
aKd7QTNB4IU_1,wife,8,0,0,1,0.125
aMQeupEDGOw_1,repair,2233,0,0,0,0.0004478280340349306
aO7Pmus6yEE,month,4396,0,0,0,0.00022747952684258417
aQEJlg8RhXQ,good,4387,0,0,0,0.00022794620469569182
aQHSHQkL47I_1,sunday,279,0,0,0,0.0035842293906810036
aQT4jI0jMWc,separate,2,0,1,1,0.5
aQpVV49PF98_1,catch,1037,0,0,0,0.0009643201542912247
aRGwbWv6law_1,neighbour,3163,0,0,0,0.0003161555485298767
aTbpGKnMdv8,reduce,504,0,0,0,0.001984126984126984
aWlh04N3DzA_1,handkerchief,1038,0,0,0,0.0009633911368015414
aXX2ysgHZTA,east,3647,0,0,0,0.00027419797093501506
aYpR1Gsa0_U,christmas,36,0,0,0,0.027777777777777776
a_5rkFrzauo_1,examination,133,0,0,0,0.007518796992481203
abmY621VQCw_1,smell,3101,0,0,0,0.0003224766204450177
aj736kmw3Pw_1,escape,1877,0,0,0,0.0005327650506126798
akYhM0X2Udc_1,start,4129,0,0,0,0.0002421893921046258
alvjMQjm1pM,personal,1211,0,0,0,0.0008257638315441783
amBz3VzA608_1,cheque,1301,0,0,0,0.0007686395080707148
amQEVitOUn4_1,right,2377,0,0,0,0.00042069835927639884
amhLPtOfjgw_1,sari,1295,0,0,0,0.0007722007722007722
apdZVZdwz54,ban,41,0,0,0,0.024390243902439025
at2bDwxeV3c,tight,2624,0,0,0,0.00038109756097560977
aunVG5Ddwrc_1,sink,3370,0,0,0,0.0002967359050445104
autuHm9_jWo,throw,2757,0,0,0,0.0003627130939426913
avpSF2ZHlc0_1,wolf,6,0,0,1,0.16666666666666666
ax5vPQQRVRE_1,cancer,1,1,1,1,1.0
b-Oi5Oa5TIA,message,1,1,1,1,1.0
b0-O_EoAR7c_1,order,1,1,1,1,1.0
b2hjMDOnYnw_1,hardworking,4,0,1,1,0.25
b5R9Ubu8bw4,sunflower,3150,0,0,0,0.00031746031746031746
b7Y145D3Gi4_1,trunk,1,1,1,1,1.0
b8uuqEIu8Ag,pencil,237,0,0,0,0.004219409282700422
b9W1y77hDSc,way,3828,0,0,0,0.00026123301985370953
bC9ZZ5izJPk,agra,1,1,1,1,1.0
bCXEgYMuyQU_1,banian,1,1,1,1,1.0
bCm6R9JGBvA_1,motor,750,0,0,0,0.0013333333333333333
bD4GIT0wuRE_1,dhothi,1,1,1,1,1.0
bDA6y9S2bb4,hard,24,0,0,0,0.041666666666666664
bGGgKRLRngQ,aam aadmi party,1004,0,0,0,0.00099601593625498
bGRAQ9ORnm0,national,5,0,1,1,0.2
bHcewri1380_1,afternoon,2,0,1,1,0.5
bI019MZru3U,tight,2546,0,0,0,0.00039277297721916735
bJiwFIbDGRQ_1,christmas,2045,0,0,0,0.0004889975550122249
bK2UmfKfoPw_1,punctual,1,1,1,1,1.0
bL8PcxnwN74,same,2,0,1,1,0.5
bMZuO_mR3e4_1,hole,10,0,0,1,0.1
bNwhA4fMWCI,seed,3136,0,0,0,0.00031887755102040814
bP0ibVNj7TU,sailor,3603,0,0,0,0.0002775464890369137
bRAauK4qEf0_1,morning,2,0,1,1,0.5
bRT1xm32nIA,network,86,0,0,0,0.011627906976744186
bTfZoLcLD1s,drug,15,0,0,0,0.06666666666666667
bWRmIDKlKo0_1,work,1259,0,0,0,0.0007942811755361397
b_lBAwm-AC4_1,friday,4364,0,0,0,0.00022914757103574703
bbWDUkaUXLE,lightning,4312,0,0,0,0.00023191094619666049
bewlQQs7I0k_2,perfect,4418,0,0,0,0.00022634676324128565
bfWmhebPLIs_1,square,1,1,1,1,1.0
bgNFqlUDCMw_1,proof,2123,0,0,0,0.0004710315591144607
bgwSjzhyPs8,full stomach,19,0,0,0,0.05263157894736842
bh3kxVL3EWA,volcano,4418,0,0,0,0.00022634676324128565
bhpHRwqACLY,colour palette,635,0,0,0,0.0015748031496062992
bmMd8l2xZaE,official,459,0,0,0,0.002178649237472767
bmQ6EhxdBuw_1,buddha purnima,3935,0,0,0,0.00025412960609911054
bouFPfGo6UI,dissent,971,0,0,0,0.0010298661174047373
bp9mzPexxVY,carpenter,1,1,1,1,1.0
bqZZkH8aoC8_1,nose stud,1,1,1,1,1.0
bv9giU_G_Mc,online,4323,0,0,0,0.0002313208420078649
bvRVxOWJdMw_1,guilty,6,0,0,1,0.16666666666666666
bwM7NUs3TFc_1,good,1,1,1,1,1.0
bzfDfBXrsTA_1,bill,3,0,1,1,0.3333333333333333
c-5Km1sqJOA_1,coconut,3751,0,0,0,0.00026659557451346307
c-A3wFtFlEM_1,common,1796,0,0,0,0.0005567928730512249
c-n55nBWOIc_1,interest,78,0,0,0,0.01282051282051282
c0Mr2g3NjFE_1,profession,3652,0,0,0,0.0002738225629791895
c0YAVT3cqwI_1,pond,1,1,1,1,1.0
c3ekz0r_Xwg_1,busy,1533,0,0,0,0.0006523157208088715
c3l-zz-FQ9I_1,mouth,11,0,0,0,0.09090909090909091
c4HojUA2FGE,appointment,1,1,1,1,1.0
c4Nn0I-C4gY,blackboard duster,2,0,1,1,0.5
c4_wAHzGCiw,deadline,1,1,1,1,1.0
c6-NB5Yrrdo,arm,3188,0,0,0,0.0003136762860727729
c7P3OaUt-LA,owner,1743,0,0,0,0.0005737234652897303
c8QdJkQk-S4,absent,1,1,1,1,1.0
c9D91JO8O0w,manage,36,0,0,0,0.027777777777777776
cA1B3PFfvjM_1,photograph,3764,0,0,0,0.00026567481402763017
cApvRkBL8e0,hard drive,1156,0,0,0,0.0008650519031141869
cC0E_KK9FBs_1,variable,1685,0,0,0,0.0005934718100890207
cDV-k7lXo7w,south america,4269,0,0,0,0.00023424689622862497
cGIpxkvYfys,whistle,2567,0,0,0,0.00038955979742890534
cHzy7fieqXU_1,stationery,1253,0,0,0,0.0007980845969672786
cItWv5VCy8w_1,black,1,1,1,1,1.0
cKTC0499dBc,prescription,2517,0,0,0,0.0003972983710766786
cM_xDZOtPsc,paint,1748,0,0,0,0.0005720823798627002
cP9CvXcgOs8_1,famous,20,0,0,0,0.05
cPtb9OMfZ0w,sometimes,1024,0,0,0,0.0009765625
cPzYNzLFQo0_1,orange,768,0,0,0,0.0013020833333333333
cW1Vl1AqGzI,video,608,0,0,0,0.001644736842105263
ca4NtqH_cx0_1,thursday,131,0,0,0,0.007633587786259542
cfZzelNoOtA,profit,3149,0,0,0,0.00031756113051762465
chPdC6gwibQ,kumbh mela,11,0,0,0,0.09090909090909091
ciBV8fax0EQ_1,whale,2,0,1,1,0.5
cigrNp7NbVY,bury,2384,0,0,0,0.00041946308724832214
cj4nM0IFGYQ,maha shivaratri,1715,0,0,0,0.0005830903790087463
cj56UIvObV8,back,3349,0,0,0,0.00029859659599880563
cjb9U7rI-pk,special,35,0,0,0,0.02857142857142857
ckDEZnw3PHE_1,ring,1,1,1,1,1.0
cmlToISecIA,adult,9,0,0,1,0.1111111111111111
cqpttv1IB28_1,wood,21,0,0,0,0.047619047619047616
cuouiP_uipw_1,official,3958,0,0,0,0.00025265285497726126
cvBDFoHc-SI_1,goat,4,0,1,1,0.25
cwDfYuPi02Y_1,socks,2202,0,0,0,0.00045413260672116256
cyyBiFbtefI,sikhism,36,0,0,0,0.027777777777777776
cyz7f5C8VWc_1,pretend,1,1,1,1,1.0
d0SGtxOqFpU,arrest,2624,0,0,0,0.00038109756097560977
d3Mz6l_VYic_1,call,1376,0,0,0,0.0007267441860465116
d3i2EjGoA2k_1,come,1598,0,0,0,0.0006257822277847309
d4nkMcBvUZM_1,eat,1893,0,0,0,0.0005282620179609086
d5SYjSyZLZI,cobbler,2691,0,0,0,0.0003716090672612412
d9fEfBJmy0Y_1,help,11,0,0,0,0.09090909090909091
dAFLzjA5FtQ_1,pickle,1696,0,0,0,0.0005896226415094339
dBQHt6OHvi8_1,squirrel,14,0,0,0,0.07142857142857142
dELRdOxwEQY_1,pumpkin,4129,0,0,0,0.0002421893921046258
dGUBX9_VN7U_1,august,4296,0,0,0,0.00023277467411545624
dIH705Z6Wkk,mistake,743,0,0,0,0.0013458950201884253
dJtS0RP9YyM_1,pen,1119,0,0,0,0.0008936550491510277
dNZ0oK9jvZs,nothing,6,0,0,1,0.16666666666666666
dOPSYCZ4mfU,dustbin,1,1,1,1,1.0
dOZOALFxyNw_1,meat,4233,0,0,0,0.00023623907394283014
dPSB-HxRET4,understand,829,0,0,0,0.0012062726176115801
dPnP2JZGAks_1,lead,1729,0,0,0,0.000578368999421631
dQ30qulPHvE_2,brown,2311,0,0,0,0.00043271311120726956
dQABEhftkDY,zoo,1090,0,0,0,0.0009174311926605505
dQMbnTMaARA,hawker,212,0,0,0,0.0047169811320754715
dQd7vQzxfJE,vadodara,2527,0,0,0,0.0003957261574990107
dRhS2U_Bl5w_1,result,115,0,0,0,0.008695652173913044
dSF64aB7oIs,juice,2451,0,0,0,0.0004079967360261118
dSGNGtAprtE_1,west indies,1927,0,0,0,0.0005189413596263622
dT4Y_R7jVIE_1,try,884,0,0,0,0.0011312217194570137
dVHZX2-cexY,sunday,3946,0,0,0,0.00025342118601115053
dWeSkZ2K4TA,wrestling,2234,0,0,0,0.0004476275738585497
d_0HZMA0Ml0,order,3775,0,0,0,0.00026490066225165563
daRWg-gnW7M,chalk,1072,0,0,0,0.0009328358208955224
ddPCGaifqHg_1,back,1,1,1,1,1.0
deXIYwtAoUw,system,4021,0,0,0,0.0002486943546381497
dggsuMZSGAc_1,week,408,0,0,0,0.0024509803921568627
dgpwdJ7NHJQ_1,planet,1,1,1,1,1.0
djeFrqW7rPE_1,jump,2700,0,0,0,0.00037037037037037035
dkAI5hTKrJA,law,45,0,0,0,0.022222222222222223
dkEWduuC67E_1,permanent,682,0,0,0,0.001466275659824047
dkwDWRmVwUc,india,3480,0,0,0,0.00028735632183908046
dl6mqYVOS18_1,name,2635,0,0,0,0.0003795066413662239
dnZlTBG5Taw,nose,3485,0,0,0,0.00028694404591104734
doW1fga72Kk,yellow,4418,0,0,0,0.00022634676324128565
doWXendPFc0,bowl,2528,0,0,0,0.00039556962025316455
dp8CmTJwz6g_1,air,1,1,1,1,1.0
dqD5vrJHfQM,rectangle,3505,0,0,0,0.0002853067047075606
ds5AgTizcgg,sofa,3781,0,0,0,0.0002644802962179318
ds5lPKnltQc,rice,2313,0,0,0,0.00043233895373973193
dtlqOoeeqDU_1,hill,1,1,1,1,1.0
dv1x5AQM0E8_1,table,1702,0,0,0,0.0005875440658049354
dzKpkPSr6Ko_1,owl,1696,0,0,0,0.0005896226415094339
e-oFpEWqbFI,husband,3315,0,0,0,0.00030165912518853697
e07tkwowhvQ,respect,2208,0,0,0,0.0004528985507246377
e0RfjsPH0yU_1,curds,6,0,0,1,0.16666666666666666
e0d5YxnIU3Y_1,morning,10,0,0,1,0.1
e1GC3zNkWpQ_1,cut,3444,0,0,0,0.00029036004645760743
e3OA2Ag2N8I_1,dog,2996,0,0,0,0.0003337783711615487
e3c5fUAhX2Y,jaipur,2,0,1,1,0.5
e4iQ8x7UgQo_1,cream,1,1,1,1,1.0
e6Mi_ArdxVo,silver,784,0,0,0,0.0012755102040816326
e7LFVgiUCr8,gloves,1786,0,0,0,0.0005599104143337066
e7lQ3oflGyw_1,sweater,639,0,0,0,0.001564945226917058
e86DlT0gzqI_1,krishna,2345,0,0,0,0.00042643923240938164
eCHra4gvq2A,result,2036,0,0,0,0.0004911591355599214
eDr6D34kmcU,vote,2964,0,0,0,0.00033738191632928474
eEoggrLYiEs_2,direct current,4418,0,0,0,0.00022634676324128565
eGo9ontddG8_1,cheat,2,0,1,1,0.5
eI4NQgjp5l0,company,3906,0,0,0,0.0002560163850486431
eIzOqdVJ2F8_1,frog,11,0,0,0,0.09090909090909091
eJ5kLxC1ViY,air,4400,0,0,0,0.00022727272727272727
eKlUw_m_ijA_1,mug,17,0,0,0,0.058823529411764705
eO-TvyY-J_o,wood,3410,0,0,0,0.0002932551319648094
eRceNyZCsU4,secret,1030,0,0,0,0.000970873786407767
eSD8MwwgEhw_1,discount,3363,0,0,0,0.0002973535533749628
eU9MyI-p_pA,biased,1193,0,0,0,0.0008382229673093043
eWPCSqa31HI_1,wool,1,1,1,1,1.0
eZ1NWsWssI0,wash,2617,0,0,0,0.00038211692777990065
eZg439hkK5I_1,address,1,1,1,1,1.0
eh1UqHy5R8Y_1,bad,1,1,1,1,1.0
eiJTiYxjgHk_1,automatic,2643,0,0,0,0.00037835792659856227
ejiaz09X2eE_1,pant,1,1,1,1,1.0
ekGqhBY4SZE,regret,1419,0,0,0,0.0007047216349541931
emLsUwqTcMU,what time,2810,0,0,0,0.00035587188612099647
eoAWbfQWN7Q_1,absent,3685,0,0,0,0.000271370420624152
eoIofO9ALwg_1,same,3358,0,0,0,0.0002977963073257892
eoYHSxd5nWY,record,4331,0,0,0,0.00023089355806972986
etpYZfoTkBE_1,grow,3522,0,0,0,0.00028392958546280523
evfYXabdfZQ_1,poision,7,0,0,1,0.14285714285714285
ewTBgnZ0sDk_1,interview,2320,0,0,0,0.0004310344827586207
ez4pS4IS6N8,short,3017,0,0,0,0.00033145508783559825
ezucq9E_nvs,idle talk,414,0,0,0,0.0024154589371980675
f-buhqEDiZ0,director,1654,0,0,0,0.0006045949214026602
f-uyGiFPPTo,electrician,3238,0,0,0,0.00030883261272390367
f0-kfiwqKL4_1,wound,2431,0,0,0,0.00041135335252982314
f0EqkYZvyIQ,start,8,0,0,1,0.125
f0qHlVNwotw_1,wedding,93,0,0,0,0.010752688172043012
f0vvft8hF_c_1,refrigerator,3488,0,0,0,0.00028669724770642203
f1U4dYb9r0A,listen,37,0,0,0,0.02702702702702703
f4i8gexc2N4_1,silk,31,0,0,0,0.03225806451612903
f5uvvlfPawU,swing,8,0,0,1,0.125
f6ncKQ2HlJs,anonymous,1,1,1,1,1.0
f7KtY9x961I,christmas,1218,0,0,0,0.0008210180623973727
f7XWdoOSSNw_1,me,1797,0,0,0,0.0005564830272676684
fAa6GQuNoYM_1,build,2473,0,0,0,0.0004043671653861706
fAjax7qngzk,allow,2991,0,0,0,0.00033433634236041456
fAujasBRvD4,paint,2263,0,0,0,0.0004418912947414936
fBaO_PkHBdw,air matress,40,0,0,0,0.025
fC-PT3F6GFo,win,2740,0,0,0,0.000364963503649635
fCJA3uu02WA,melt,170,0,0,0,0.0058823529411764705
fDYfrgAPig8_1,reason,1614,0,0,0,0.0006195786864931846
fEpU1eisCoc_1,assembly,6,0,0,1,0.16666666666666666
fFrKd1qI9ZM,address,2928,0,0,0,0.00034153005464480874
fGtUUD9Hyvc_1,oil,2263,0,0,0,0.0004418912947414936
fHWXXTb9FLc_1,list,2982,0,0,0,0.00033534540576794097
fI7cp68IaQU,engine,4418,0,0,0,0.00022634676324128565
fJyBgRTcBhA,tall,4,0,1,1,0.25
fNAwhyttX0Y,hour,4418,0,0,0,0.00022634676324128565
fR8uxOsE2Nw,jawaharlal nehru,2549,0,0,0,0.00039231071008238524
fSdet-nqdsA_1,saturday,14,0,0,0,0.07142857142857142
fT5IRf73MYo_1,heart,1,1,1,1,1.0
fU3FLT8aa_A,october,3,0,1,1,0.3333333333333333
fUfGwnc4Hmo,australia,286,0,0,0,0.0034965034965034965
fVKjue-fAkk,ruler,2707,0,0,0,0.0003694126339120798
fVnCA91Bvwo,dog,75,0,0,0,0.013333333333333334
fbjvZ8VrmUg_1,lipstick,1,1,1,1,1.0
fcSg4Zg7lbE_1,release,2738,0,0,0,0.0003652300949598247
fcuSg0jzcwI_1,mango,1362,0,0,0,0.0007342143906020558
ffJgebjRuvo,similar,385,0,0,0,0.0025974025974025974
fggt2fOzJsk_1,pain,1370,0,0,0,0.00072992700729927
fh41xuYjbco_1,lazy,4,0,1,1,0.25
fiTyNgucpYM,do,4358,0,0,0,0.0002294630564479119
fjD41-Frk_k_1,reply,4,0,1,1,0.25
fmW1matLfhk,barber,2228,0,0,0,0.0004488330341113106
frOqpGZrIH8_1,madhya pradesh,2963,0,0,0,0.0003374957813027337
fs99SCAQCxU_1,cinema,2629,0,0,0,0.0003803727653100038
fwjl-PITW-A_1,monday,3265,0,0,0,0.00030627871362940275
fxWTlUwF1O4,protect,495,0,0,0,0.00202020202020202
g1xpvj7Xu3A,confused,1,1,1,1,1.0
g3I84gVyO9E,plate,3510,0,0,0,0.0002849002849002849
g5Dg60713kw,guilty,43,0,0,0,0.023255813953488372
g9AslMiIVTE_1,call,3354,0,0,0,0.0002981514609421586
g9R8d7G2MuY,adult,724,0,0,0,0.0013812154696132596
gCc-L7xN82s,obey,650,0,0,0,0.0015384615384615385
gJfBm3-gjws_1,sphere,2,0,1,1,0.5
gMsJGGpMWJs_1,distance,4418,0,0,0,0.00022634676324128565
gOHt4silLhA,india,3746,0,0,0,0.00026695141484249865
gUOHhoQ9jRM,format,75,0,0,0,0.013333333333333334
gZeBXbzKTnY,club,1,1,1,1,1.0
ga47ieQeEpg_1,visa,3148,0,0,0,0.0003176620076238882
gcvA1iHN8RU,trunk,2949,0,0,0,0.00033909799932180403
gdk1_A6_e80_1,suspect,2721,0,0,0,0.0003675119441381845
geAcMUXIAv8,nothing,178,0,0,0,0.0056179775280898875
gfTQT5gzASQ_1,name,2753,0,0,0,0.0003632401017072285
giANZjR3m2c_1,promotion,2050,0,0,0,0.0004878048780487805
glwqA5VEbBs_1,balcony,1,1,1,1,1.0
go4BoZ5lX1s,ice cream,2860,0,0,0,0.00034965034965034965
guKx7gevhGo,milk,2650,0,0,0,0.0003773584905660377
gvz1mZnNRJw,north,4418,0,0,0,0.00022634676324128565
gyOoK92JltU,engagement,1553,0,0,0,0.000643915003219575
gz02l8wMzKk_1,girl,5,0,1,1,0.2
gz3bQ5GGfUQ,sit,3,0,1,1,0.3333333333333333
gzjPlKC1r-w_1,pencil,1874,0,0,0,0.0005336179295624333
gzlymlA-sW8,around,2878,0,0,0,0.00034746351633078526
h01yeVZv5zo,size,4418,0,0,0,0.00022634676324128565
h0IHd58MBEA,date,603,0,0,0,0.001658374792703151
h0J-0nV_CoA_1,that,1343,0,0,0,0.0007446016381236039
h1oFiJchfh0,man,2097,0,0,0,0.0004768717215069146
h58uVxY-2uE,we,2859,0,0,0,0.0003497726477789437
h5N2nXbDBm0,reservation,6,0,0,1,0.16666666666666666
h6hwyEN0Jwk,cam,1,1,1,1,1.0
h8PX8tmC6D0,cave,3396,0,0,0,0.0002944640753828033
h8cX3gzzey8,mobile,1,1,1,1,1.0
hAiUOOeVyRg_1,person,5,0,1,1,0.2
hCyqeJeKGyI,vodka,1,1,1,1,1.0
hDVU5-mq6H8_1,noon,1656,0,0,0,0.0006038647342995169
hFbU0wq1A6Y_1,send,2859,0,0,0,0.0003497726477789437
hGJ3qOLO2ek_1,north,4418,0,0,0,0.00022634676324128565
hH2jM_bJyAc_1,sometimes,3218,0,0,0,0.00031075201988812925
hL5w2l57g9k,annual,6,0,0,1,0.16666666666666666
hLzEs4ZdXg4,policeman,135,0,0,0,0.007407407407407408
hMBo35nYkJ8_1,curtain,3,0,1,1,0.3333333333333333
hMHTMJFYAaI_1,fine,2546,0,0,0,0.00039277297721916735
hR03PpsD4O8_1,monkey,1,1,1,1,1.0
hUlyxPexDU0,wash,2369,0,0,0,0.00042211903756859433
hVx3X80m2rk,sequential,1,1,1,1,1.0
hVzB0xxqRiQ_1,share market,3597,0,0,0,0.00027800945232137893
hZ1IkPKvjS4_1,uttar pradesh,1587,0,0,0,0.000630119722747322
h_Ja2phijtY,scold,2818,0,0,0,0.00035486160397445
ha9bN_xLWhU_1,rest,4418,0,0,0,0.00022634676324128565
hb8P_6PksSI,tree,1173,0,0,0,0.0008525149190110827
hdLBSjdqvIg,sheep,217,0,0,0,0.004608294930875576
hdedMoAlUx0,pillow,4,0,1,1,0.25
heZkGdeEaPE_1,pray,2379,0,0,0,0.0004203446826397646
hf9_mHO_dPg_1,potato,1137,0,0,0,0.0008795074758135445
hfmljrmlZ6k,diabetes,2309,0,0,0,0.00043308791684711995
hgscVnEa9Jg_1,waves,293,0,0,0,0.0034129692832764505
hk2A1bKpvo4_1,drop,10,0,0,1,0.1
hmPvK4_rpYQ_1,restaurant,2424,0,0,0,0.00041254125412541255
hnIlCRz665c,this,2877,0,0,0,0.0003475842891901286
hnwJMWsU8tg,emergency,3713,0,0,0,0.00026932399676811203
hpY4EHeLGz0,result,1539,0,0,0,0.000649772579597141
hurQiZ-f8WI,soap,2722,0,0,0,0.0003673769287288758
hvNcv6oLpaY,noise,2762,0,0,0,0.0003620564808110065
hx3Ig7Z6Fjs,tortoise,3806,0,0,0,0.0002627430373095113
hz69XeQ-OZU,door,1777,0,0,0,0.0005627462014631402
i-W0fIeF-Fs_1,think,2,0,1,1,0.5
i-W0qokTIeM,mechanic,1424,0,0,0,0.0007022471910112359
i-pOirIukIg_1,size,4418,0,0,0,0.00022634676324128565
i089w0q0af8_1,angry,1,1,1,1,1.0
i0RaT2MIuvY_1,courier,4193,0,0,0,0.00023849272597185786
i0mxg-Ww97Q_1,wheat,19,0,0,0,0.05263157894736842
i11LzPy5OPQ,room,3640,0,0,0,0.0002747252747252747
i2Uc1LRiYbs_1,queen,1,1,1,1,1.0
i4SXWG5euBE_1,camel,3,0,1,1,0.3333333333333333
i4YK5ssItV4,size,4418,0,0,0,0.00022634676324128565
i51r2vobqyY,promotion,601,0,0,0,0.0016638935108153079
i5FfdjLi5IQ,magic,3265,0,0,0,0.00030627871362940275
i63RdVVp__E_1,alive,1455,0,0,0,0.0006872852233676976
i98p9BicOgI_1,lorry,1,1,1,1,1.0
i9_iDJ7f6oU_1,enjoy,3333,0,0,0,0.00030003000300030005
iAflHa-dXY8_1,relative,1653,0,0,0,0.0006049606775559589
iChCDbeSSy8_1,then,2,0,1,1,0.5
iEN8nrcP1y8_1,butterfly,1,1,1,1,1.0
iEoyPLi9Lys,plumber,2879,0,0,0,0.0003473428273706148
iG5hfz3BeJE_1,brass,8,0,0,1,0.125
iKNbZ_6pB5c,thursday,3234,0,0,0,0.00030921459492888067
iLrSnUDmfC4,kite,2867,0,0,0,0.0003487966515521451
iNldnD33t8M_2,month,4407,0,0,0,0.0002269117313365101
iSjUgwEuBLg_1,chappels,1,1,1,1,1.0
iURwZntu130_1,increase,3709,0,0,0,0.00026961445133459155
iXunNKio1wU_1,bed,3,0,1,1,0.3333333333333333
iZgNcu2HzzE,factory,2393,0,0,0,0.0004178854993731718
i_zyHcuPs6s,light,2561,0,0,0,0.0003904724716907458
iaF0G6EmWk8_1,hanuman,563,0,0,0,0.0017761989342806395
iayx3bt-0Rg,open,4309,0,0,0,0.00023207240659085636
icjDmpATHwE,draw,3456,0,0,0,0.00028935185185185184
icl2XFweTwc_1,photograph,3851,0,0,0,0.00025967281225655674
idmU_oI_TPs_1,king,2,0,1,1,0.5
ids6uU-p-lk_1,television,768,0,0,0,0.0013020833333333333
ie88hOTzHTk,technician,1139,0,0,0,0.000877963125548727
if8EmpcZpQo_1,move,3841,0,0,0,0.0002603488674824265
ifC99YlyRZE_1,poision,19,0,0,0,0.05263157894736842
igW552_dD_o_1,next,1157,0,0,0,0.000864304235090752
ijKFau9K4Rw,proof,11,0,0,0,0.09090909090909091
ijNQOg31iaI,adult,703,0,0,0,0.001422475106685633
ijcihspmP_A_1,rat,5,0,1,1,0.2
ik8ITcJ1pTQ_1,hardworking,13,0,0,0,0.07692307692307693
inBVDyEiUDk,west,4418,0,0,0,0.00022634676324128565
inCpeFUzkNw,manipur,2070,0,0,0,0.0004830917874396135
inqCbpEQ4LM_1,fear,4176,0,0,0,0.00023946360153256704
ioph9CGaf2k,model,2606,0,0,0,0.0003837298541826554
iqPMR6iPPmU_1,swing,1140,0,0,0,0.0008771929824561404
is0vnifQmQE,alarm,2,0,1,1,0.5
iuFcgfnMyC0_1,surgeon,1900,0,0,0,0.0005263157894736842
iuYObHCPlVA_1,zoo,1991,0,0,0,0.0005022601707684581
iwMNKUoHKgY_1,corn,825,0,0,0,0.0012121212121212121
iwNBFzTrAjk,shop,3095,0,0,0,0.00032310177705977385
iyN0Qrmy8F8_1,gold,2086,0,0,0,0.00047938638542665386
j-e06h5DMW4,name,77,0,0,0,0.012987012987012988
j1LtQ6CcA_4_1,family,1,1,1,1,1.0
j256ZJRmdrk_1,nest,1,1,1,1,1.0
j2M1Yp100ek,share,2959,0,0,0,0.0003379520108144643
j3DMG50QBRw_1,reduce,1752,0,0,0,0.0005707762557077625
j3XAVjxZDUA_1,coat,1514,0,0,0,0.0006605019815059445
j3tuj3W7MFk_1,bathroom,8,0,0,1,0.125
j3zfVQG0Z_o_1,lorry,1,1,1,1,1.0
jD6niHPDzhQ_1,wood,9,0,0,1,0.1111111111111111
jGIwLZTt9ZI,accompany,1,1,1,1,1.0
jHyubnv9xFk,national anthem,2638,0,0,0,0.0003790750568612585
jIc74bWBwpw_1,tubelight,1,1,1,1,1.0
jKRoVBBlVDc_1,your,2,0,1,1,0.5
jLV6SCP_7tA,january,3,0,1,1,0.3333333333333333
jLr6GA-anhg,bone,3587,0,0,0,0.00027878449958182325
jMWvOjMUjYk_1,interest,1473,0,0,0,0.0006788866259334691
jNkdn-cMgAw_1,nail polish,1,1,1,1,1.0
jR_zotBN7O0_1,donkey,3015,0,0,0,0.0003316749585406302
jTBahbE4_OY,know,2169,0,0,0,0.0004610419548178884
jTfsjVTVmKg_1,evening,2,0,1,1,0.5
jTiYeNeaS-s,youth association of the deaf india,3,0,1,1,0.3333333333333333
jTkey-Xi7Zc_1,sad,2,0,1,1,0.5
jU4EzkHyLHA_1,land,3842,0,0,0,0.0002602811035918792
jWWLAybE8C8_1,sister,2210,0,0,0,0.00045248868778280545
jXFwSjb4-KU,safe,55,0,0,0,0.01818181818181818
jXIz2WBz-V8,practice,1927,0,0,0,0.0005189413596263622
jY2sv02MLIs_1,umbrella,1479,0,0,0,0.000676132521974307
jZ46cqBrg3s,granddaughter,2176,0,0,0,0.00045955882352941176
jZ4oX1mcxCs_1,self balancing,1,1,1,1,1.0
jZgU5rsfZ4c,university,2336,0,0,0,0.0004280821917808219
j_ERp4-Cqbg_1,friday,4334,0,0,0,0.00023073373327180433
j_aqqdcJKls_1,who,1438,0,0,0,0.0006954102920723226
jaGiqrGr1y0_1,desert,1,1,1,1,1.0
jbQ45t-svIc_1,goal,3411,0,0,0,0.0002931691586045148
jcvnsL69MMo,range,1,1,1,1,1.0
jd3nIcR1SAk_1,smile,2685,0,0,0,0.00037243947858472997
jeTLFZIvM10_1,wet,2920,0,0,0,0.00034246575342465754
jfjL9Too_gA,patience,4275,0,0,0,0.00023391812865497077
jhJGHoYO_T4,banner,960,0,0,0,0.0010416666666666667
jhh83Fo3Hp8_1,instrument,1000,0,0,0,0.001
jiGFdH-Yz4E_1,mechanic,3119,0,0,0,0.0003206155819172812
jk4ehSo6dXQ_1,lassi,4297,0,0,0,0.00023272050267628578
jkEN0PmkrDE_1,spanner,1338,0,0,0,0.0007473841554559044
jkSBzJW8eFI_1,melt,3654,0,0,0,0.0002736726874657909
jltBhjuviLI_1,hours,2,0,1,1,0.5
jn-vHteHdA0,thrice,11,0,0,0,0.09090909090909091
jrpS8BdYE2g_1,july,4256,0,0,0,0.00023496240601503758
jrqLjBjjrHA_1,tuesday,1408,0,0,0,0.0007102272727272727
jsM5s7HUAhQ,serial tv,1,1,1,1,1.0
jsuUHXDlVa0_1,late,741,0,0,0,0.001349527665317139
jvqLDP06WII,put,1946,0,0,0,0.0005138746145940391
jxApN53iXO0,pollution,4418,0,0,0,0.00022634676324128565
k0pUR0HlaNw,small,2944,0,0,0,0.00033967391304347825
k2aBFQ5mXrE_1,old,1617,0,0,0,0.0006184291898577613
k3gjXKD3_XU,drive,4221,0,0,0,0.00023691068467187872
k5dRhEhUEQ0,turkey,3044,0,0,0,0.000328515111695138
k6iqdvYEj4k,lawyer,374,0,0,0,0.00267379679144385
k6lRQrt3WKo_1,jew,2069,0,0,0,0.0004833252779120348
k8MRVadUMt4_1,volcano,4418,0,0,0,0.00022634676324128565
k9C_uq11Ja0,increase,694,0,0,0,0.001440922190201729
kA8JbsFi4dI,embarrass,2437,0,0,0,0.0004103405826836274
kAIC79Ubl_g,bill,3690,0,0,0,0.00027100271002710027
kBGA6N3xhBo_1,cock,3260,0,0,0,0.00030674846625766873
kCPRwLk0iDk_1,smell,3145,0,0,0,0.0003179650238473768
kCcBWqGQAJk_1,animals,3203,0,0,0,0.00031220730565095225
kEMFrD53l6E,king,2909,0,0,0,0.00034376074252320387
kGNjIYbroko_1,taste,3969,0,0,0,0.0002519526329050139
kHGkRSDn6q8,land,1941,0,0,0,0.0005151983513652757
kKCEuKZ3lV0,list,1538,0,0,0,0.0006501950585175553
kKwNheqJZ9M_1,brain,3,0,1,1,0.3333333333333333
kNozCUWm_iA_2,angle of refraction,4418,0,0,0,0.00022634676324128565
kPx4MXMIFZI,white,3176,0,0,0,0.00031486146095717883
kU3ISrjeygE,elephant,1,1,1,1,1.0
kXVms85vYqo_1,promise,3550,0,0,0,0.00028169014084507044
kYNeJvZntNM_1,sofa,2,0,1,1,0.5
kYgE3-7DngE_1,coal,9,0,0,1,0.1111111111111111
kYwtY_FCM1c,finish,3843,0,0,0,0.00026021337496747333
kZ6gCAbcJOA_1,tax,4195,0,0,0,0.00023837902264600716
kZneFf1ONo8,melt,40,0,0,0,0.025
kZnl4XgNVgU,increase,1380,0,0,0,0.0007246376811594203
k_cERknXVoc_1,uniform,4418,0,0,0,0.00022634676324128565
kadMX531Q2A,prefer,576,0,0,0,0.001736111111111111
kcHPJA0kPtg,stone,4368,0,0,0,0.00022893772893772894
keuFgJr0Bbc_1,knife,1624,0,0,0,0.0006157635467980296
kgvFkAx0xbE,stupid,1932,0,0,0,0.0005175983436853002
khVBhrXBIEY_1,shirt,1,1,1,1,1.0
khitZin7NWE_1,strong,2837,0,0,0,0.00035248501938667606
kionVevx1ns,repair,620,0,0,0,0.0016129032258064516
kjF2AUzUKO0,capsicum,2021,0,0,0,0.0004948045522018803
kjbYH9I5O4U,how many,2482,0,0,0,0.00040290088638195
kl6t309RsBY,already,2,0,1,1,0.5
kmxkFZgrfuY,address,3186,0,0,0,0.00031387319522912746
knDXwoLESEc,sugar,2479,0,0,0,0.0004033884630899556
knmmNX9unM0_1,chew,1,1,1,1,1.0
ko_3tCyv_Dg,europe,4184,0,0,0,0.0002390057361376673
kqc7eglNJvE,team,963,0,0,0,0.0010384215991692627
kur_a7Q3Abg_1,die,2781,0,0,0,0.0003595828838547285
kv9Mw_tuoF0,role,443,0,0,0,0.002257336343115124
kvs0joxjS98,share,2791,0,0,0,0.00035829451809387314
kxpgbuVTGlE,should,1680,0,0,0,0.0005952380952380953
kzVZwbq6m2Y_1,travel,3025,0,0,0,0.00033057851239669424
l0XFIBGJR_g_1,priest,43,0,0,0,0.023255813953488372
l19j_Mrajdc_1,store,2190,0,0,0,0.00045662100456621003
l2ytof4d1r0_1,book,1541,0,0,0,0.0006489292667099286
l3VvC6z1I4U_1,husband,15,0,0,0,0.06666666666666667
l3fZdrppyaI,shawl,1427,0,0,0,0.000700770847932726
l4jwOKcXm4I,new,3099,0,0,0,0.00032268473701193933
l4sZF-4-a3A,proud,4261,0,0,0,0.0002346866932644919
l55s_LMAces_1,hearing,1496,0,0,0,0.0006684491978609625
l59aZl_Jrto,secret,1591,0,0,0,0.0006285355122564425
l6tVKGOn5JU_1,day before,9,0,0,1,0.1111111111111111
l74MrarGqOk,time table,421,0,0,0,0.0023752969121140144
l7GQ-fR-DsA,tea,3029,0,0,0,0.0003301419610432486
l88Gk4kRlBE,reception,140,0,0,0,0.007142857142857143
l8lwU4wIOz4,bad,4368,0,0,0,0.00022893772893772894
l97vwBQOu94_1,kick,1531,0,0,0,0.0006531678641410843
lALvNHxvGDE_1,liquid,4418,0,0,0,0.00022634676324128565
lDO3r1artKs,weight,4114,0,0,0,0.00024307243558580456
lDeEBmTDzIY_1,gun,3328,0,0,0,0.00030048076923076925
lEVfZdtEMkU_1,antartica,2839,0,0,0,0.0003522367030644593
lF9KfGNnrdU_1,scent,1990,0,0,0,0.0005025125628140704
lFY9NjDYAwg,lassi,1,1,1,1,1.0
lFyE0xYWW7I,drug,700,0,0,0,0.0014285714285714286
lGjAsZhyyKc_1,exercise,579,0,0,0,0.0017271157167530224
lH8ozqCOz_w_1,clerk,13,0,0,0,0.07692307692307693
lKFWhABVO30_1,picture,1470,0,0,0,0.0006802721088435374
lLd__AgPs98,he,2708,0,0,0,0.00036927621861152144
lMQiMzxO_IU,sharpener,2896,0,0,0,0.0003453038674033149
lOvFBGpn0bQ,district,3723,0,0,0,0.00026860059092130003
lQOdXN62MXo_1,in,2407,0,0,0,0.0004154549231408392
lQyrTnOO4XE,instagram,702,0,0,0,0.0014245014245014246
lR_1-a9k6wM,papaya,2749,0,0,0,0.0003637686431429611
lSPMq5Pdb6I_1,green,4418,0,0,0,0.00022634676324128565
lSy4VDcINoY_1,trouble,30,0,0,0,0.03333333333333333
lV1k10LuRGk,knowledge,2594,0,0,0,0.00038550501156515033
lW8hheG6HgY,from,2813,0,0,0,0.00035549235691432633
lWnmHMNS06E,more,3127,0,0,0,0.0003197953309881676
lY5wzI7a5CE,welder,402,0,0,0,0.0024875621890547263
lYS6WVGPAWo,calendar,1,1,1,1,1.0
lZ0zU9cHrbM_1,angle,1,1,1,1,1.0
lZFvkSf9kS8_1,pamphlet,3056,0,0,0,0.0003272251308900524
lZi4g6ZWBro,yak,221,0,0,0,0.004524886877828055
lZnF8-wpBKg_1,fish,3,0,1,1,0.3333333333333333
lZt6lnBA9Gc,level,31,0,0,0,0.03225806451612903
l_iVlaZg-so,glass,3314,0,0,0,0.00030175015087507544
l_yU-eg4lHM_1,measles,3,0,1,1,0.3333333333333333
ldU7z0-dE4k_1,judgement,3446,0,0,0,0.0002901915264074289
ldZ8V0CmBu4_1,hotel,2018,0,0,0,0.0004955401387512388
ldoR2f3W4co,motorcycle,180,0,0,0,0.005555555555555556
lkC12LzjKzU_1,area,4418,0,0,0,0.00022634676324128565
lo-tct1Ryrc,smell,51,0,0,0,0.0196078431372549
lpFt9c1GueI,gold,160,0,0,0,0.00625
lr-4dzTcjB8,engine,4418,0,0,0,0.00022634676324128565
lt-sitx_nUU_1,ant,2,0,1,1,0.5
ltKW64fB3VU_1,cat,924,0,0,0,0.0010822510822510823
ltR5hdlEzjQ_1,animals,3344,0,0,0,0.0002990430622009569
ltVnbI_MWDg,ministry of social justice and empowerment,1,1,1,1,1.0
lto2iIwYuOw,clever,3,0,1,1,0.3333333333333333
m105B5k5IYY_1,kannada,674,0,0,0,0.001483679525222552
m1LyTLlhmvA,tease,1997,0,0,0,0.000500751126690035
m40rLzSro7M_1,annual,3490,0,0,0,0.00028653295128939826
m4NUhzj-l70,parrot,620,0,0,0,0.0016129032258064516
m4UTGWK32d4,next,1829,0,0,0,0.0005467468562055768
m4fQZijBvjo,why,1,1,1,1,1.0
m5IBE8Ozm_0_1,flower,3,0,1,1,0.3333333333333333
m6Uby73Tg3s,six,173,0,0,0,0.005780346820809248
m7cfsP8_omM_1,mother,10,0,0,1,0.1
m7q4oQRNQPQ_1,stove,77,0,0,0,0.012987012987012988
m7zujfKvM9Y,pen,1,1,1,1,1.0
m9lpyg8UEMU,telangana,446,0,0,0,0.002242152466367713
mEKieyopxsc,stay,2515,0,0,0,0.00039761431411530816
mEhGf6FP0Jo,russia,4409,0,0,0,0.00022680880018144704
mFfYVeyQOWA_2,verification,2909,0,0,0,0.00034376074252320387
mHIxXjMGN8c_1,blood pressure,2394,0,0,0,0.0004177109440267335
mJz4mKTtt64,cheap,2632,0,0,0,0.00037993920972644377
mKjjkYe1ZSg_1,tortoise,3559,0,0,0,0.0002809778027535825
mKxgmzevEio,birds,2287,0,0,0,0.00043725404459991256
mL4_qchOSsM_1,gas stove,11,0,0,0,0.09090909090909091
mP9BH-ZabQk_1,gujarati,2037,0,0,0,0.0004909180166912126
mPyRIGEieXo_1,some,2001,0,0,0,0.0004997501249375312
mRmOZEKXSFQ_1,jackfruit,3153,0,0,0,0.0003171582619727244
mUes7TvTZ0Y,catch,1,1,1,1,1.0
mZPhzM2sh0E_1,faith,1,1,1,1,1.0
m_jv0J-ORnQ_1,sunday,9,0,0,1,0.1111111111111111
maf-Qj8EavI_1,agenda,3620,0,0,0,0.00027624309392265195
mdghSfzgn_w,okay,17,0,0,0,0.058823529411764705
mdv4f8f7JpQ_2,hot,193,0,0,0,0.0051813471502590676
meGXyGsCWhs,season,2938,0,0,0,0.0003403675970047651
mfoG6eiYkuA_1,busy,1801,0,0,0,0.000555247084952804
mgVaDE2i02s_1,engine,4418,0,0,0,0.00022634676324128565
migHEZ8zuh0_1,candle,1516,0,0,0,0.0006596306068601583
mjwekhNRLbY,shaving razor,118,0,0,0,0.00847457627118644
mkXoxeaRCRc,triple,3,0,1,1,0.3333333333333333
mmXQw0IktO0_1,good,4372,0,0,0,0.00022872827081427266
mn1F8ifBfE8_1,cap,1,1,1,1,1.0
mnZrhrQqNQk,peacock,1212,0,0,0,0.0008250825082508251
mnswyczu_t4_1,easter,70,0,0,0,0.014285714285714285
mny-_WVQmTM_1,newspaper,1,1,1,1,1.0
mpugTirtE4Q_1,exercise,461,0,0,0,0.0021691973969631237
muFgzetIJP4,sea,4359,0,0,0,0.00022941041523285156
mw6GHL7CsJw_1,son,790,0,0,0,0.0012658227848101266
mwUQPlBBZgE,stop,4389,0,0,0,0.000227842333105491
myELYk-m-cI_1,toes,1,1,1,1,1.0
n-1noAwKg1w,economics,1498,0,0,0,0.0006675567423230974
n-oYLZ4V2ZY_1,possible,864,0,0,0,0.0011574074074074073
n0NXSLz7Skk,wrong,3913,0,0,0,0.0002555583950932788
n0ixnjHqfAU,accept,3434,0,0,0,0.00029120559114735004
n2Yyy3BkMjk,ginger,2121,0,0,0,0.0004714757190004715
n7Ikc1zpm-o,cylinder,4418,0,0,0,0.00022634676324128565
n8CdU-tQIX4,roof,3042,0,0,0,0.0003287310979618672
n9F3-JF1Dug,blouse,127,0,0,0,0.007874015748031496
nBXHnSz4pYc_1,compass,4418,0,0,0,0.00022634676324128565
nBnJhuCSZxY,compare,3978,0,0,0,0.00025138260432378077
nC0-4IBpIe0_1,mirror,2221,0,0,0,0.00045024763619990995
nDjjCfmeT28_1,put,3823,0,0,0,0.0002615746795710175
nEoBtV3LSLw,shallow,18,0,0,0,0.05555555555555555
nGYNwYqr4iM_1,extra,2599,0,0,0,0.00038476337052712584
nGk01dUfQo0,buffalo,178,0,0,0,0.0056179775280898875
nH3nl9uTYc8_1,expensive,1,1,1,1,1.0
nHdz1IK9ydw,weak,2730,0,0,0,0.0003663003663003663
nIBj-sIAi3s,sleep,3053,0,0,0,0.00032754667540124465
nIYd_DTmgOA,diabetes,2390,0,0,0,0.00041841004184100416
nLRgpHuC0fQ_1,cholera,1,1,1,1,1.0
nOfYw4qFT98_1,calm,1542,0,0,0,0.0006485084306095979
nOqqumlcVYU_1,shine,3166,0,0,0,0.0003158559696778269
nPejilWVcLU,state,3672,0,0,0,0.0002723311546840959
nR0rTKA9Ldo_1,action,4418,0,0,0,0.00022634676324128565
nReXFWHGPdg,soup,6,0,0,1,0.16666666666666666
nS1xo_n5_sQ_1,you,1865,0,0,0,0.0005361930294906167
nS5mLcPFpnk_1,strong,2667,0,0,0,0.0003749531308586427
nT_QwhsDXR0,prescription,2807,0,0,0,0.0003562522265764161
nVGUO-aBw6o,remove,1200,0,0,0,0.0008333333333333334
nX8FJ8qjPuQ_1,candle,1452,0,0,0,0.0006887052341597796
nYQJc4FIONc_1,patience,4219,0,0,0,0.00023702299123014932
nYq64foD8OE_1,scent,2043,0,0,0,0.0004894762604013706
nZPix7hmbDc_1,chest,920,0,0,0,0.0010869565217391304
nZQgs84-71M_1,sunday,263,0,0,0,0.0038022813688212928
nZXIuMlpqs8_1,temporary,760,0,0,0,0.0013157894736842105
n_ZH6USjaMM_1,unlimited,2093,0,0,0,0.00047778308647873863
na-Lq61BD80_1,agree,2125,0,0,0,0.00047058823529411766
nbGClOPWFAs,label,1,1,1,1,1.0
nbJBh7lzl30,taxi,2867,0,0,0,0.0003487966515521451
nbVI64uJFks,kannada,1,1,1,1,1.0
ncRjrgTmEho_1,trade,862,0,0,0,0.001160092807424594
ne5dJi6f9aQ,permanent,1,1,1,1,1.0
nhLcG0rMU7c_1,lawyer,1344,0,0,0,0.000744047619047619
nkox-ajvLnc,lift,10,0,0,1,0.1
npkVQCEbeeM_1,kill,43,0,0,0,0.023255813953488372
nqH15OqXPnI,winner,211,0,0,0,0.004739336492890996
nsIYX21oO_M_1,divide,881,0,0,0,0.0011350737797956867
ntsopMo8ABU,battered child syndrome,1,1,1,1,1.0
nuVE-pwIDNM,time,1965,0,0,0,0.0005089058524173028
nuYcIMq8e5U,apple,3042,0,0,0,0.0003287310979618672
nvofZFSfV1w_1,table,1717,0,0,0,0.0005824111822947001
o1T_M9vuDr8_1,gloves,1821,0,0,0,0.0005491488193300384
o1TtSAj8-oc_1,balloon,3698,0,0,0,0.00027041644131963225
o34Uvfsrpy0,servant,3142,0,0,0,0.00031826861871419476
o3ThFwDDdso,neck,1,1,1,1,1.0
o3Yqyk3bfXE,snow,13,0,0,0,0.07692307692307693
o4AfySvjYxo_1,kurta,56,0,0,0,0.017857142857142856
o6HO3Gv3-HI_1,year,1,1,1,1,1.0
o81WOSZDrs4_1,tortoise,3769,0,0,0,0.0002653223666755107
oA3QZPn2m1k,duck,3004,0,0,0,0.00033288948069241014
oBQfG6EUQEM_1,watch,2,0,1,1,0.5
oCv7HT967Zc,air matress,70,0,0,0,0.014285714285714285
oH1yvkXOQ6w,gram,4418,0,0,0,0.00022634676324128565
oJUjrqXkdjs,add,4191,0,0,0,0.00023860653781913624
oMptigXjs8w,year,3960,0,0,0,0.0002525252525252525
oMrL9S8VGJ0_1,frog,91,0,0,0,0.01098901098901099
oNLS4rBETd8,bharatiya janata party,2534,0,0,0,0.0003946329913180742
oNnwv2EUUOQ,pakistan,4241,0,0,0,0.0002357934449422306
oPV8jV_SqGM_1,scissors,1859,0,0,0,0.0005379236148466917
oPedYyqevCM,natural,4418,0,0,0,0.00022634676324128565
oQ5MXCEEm7M_1,glass,3,0,1,1,0.3333333333333333
oROlXdZN6pA_1,feather,1,1,1,1,1.0
oRbyb-naKkE_1,far,1,1,1,1,1.0
oSXFhrjLVAI,quickly,762,0,0,0,0.0013123359580052493
oUGGkzVjF3A_1,bath,464,0,0,0,0.0021551724137931034
oUq6eVq85sU_1,kilogram,2339,0,0,0,0.00042753313381787086
oX-Mo3au4eY,international,161,0,0,0,0.006211180124223602
oXDA73D5WAM,try,1713,0,0,0,0.0005837711617046118
oYwBPKBX2kE,mouth,3338,0,0,0,0.0002995805871779509
oZ6x75IBNj8,programme,3935,0,0,0,0.00025412960609911054
oa5xViQgdGc_1,sick,1,1,1,1,1.0
ocJHUZkUA1E_2,degree,366,0,0,0,0.00273224043715847
odwu59KYHWk_1,thermometer,3356,0,0,0,0.0002979737783075089
oeH2BtfiHVI,fruits,3012,0,0,0,0.00033200531208499334
ogoYx2zZE7E,needle,2321,0,0,0,0.00043084877208099956
oh90rIHoAuQ_1,morning,18,0,0,0,0.05555555555555555
ok8DLBVJmKU_1,chief minister,1147,0,0,0,0.0008718395815170009
onUK6-vwi1s_1,doubt,2759,0,0,0,0.0003624501631025734
oo5qLRI1lmM_1,mumbai,1565,0,0,0,0.0006389776357827476
ooGQLLL-8RQ,experiment,13,0,0,0,0.07692307692307693
oqQZVkOsNh8,metre,2815,0,0,0,0.00035523978685612787
oqq2I0ePK3Y,initiative,1,1,1,1,1.0
osLBI6ox7EE,nervous,359,0,0,0,0.002785515320334262
otXF356rVzQ,bell,2793,0,0,0,0.00035803795202291446
oumchDY1yqs_1,post office,3525,0,0,0,0.00028368794326241134
p-TiL6oWEbA_1,often,1575,0,0,0,0.0006349206349206349
p0IHOoCCGNU,carpenter,13,0,0,0,0.07692307692307693
p10Dt-78muM_1,energetic,1631,0,0,0,0.0006131207847946045
p6Br14ZTsZI,cream,2083,0,0,0,0.00048007681228996637
p7L6g9YzTVU,thermometer,3591,0,0,0,0.000278473962684489
p8-zJttOAKc_1,toilet,41,0,0,0,0.024390243902439025
p8R2zU16-xI_1,thursday,268,0,0,0,0.0037313432835820895
p8ccKTtbyaQ,duck,2994,0,0,0,0.00033400133600534405
p9SdpeHMkZ0,happy,4383,0,0,0,0.00022815423226100844
p9bBKmmXvkY,calculator,2562,0,0,0,0.00039032006245121
pBeRmN-a5lU,shawl,5,0,1,1,0.2
pC0Qg1SBVs4_1,unit,4418,0,0,0,0.00022634676324128565
pCBCoT-2Bb4,murder,1,1,1,1,1.0
pD08WIZUULQ_1,chappels,6,0,0,1,0.16666666666666666
pDANep6oMko_1,sugar,12,0,0,0,0.08333333333333333
pDoqBNI1OyY,hidden file,786,0,0,0,0.001272264631043257
pFUbKCb5m0I,nice,1870,0,0,0,0.0005347593582887701
pFhX9i2XDVY_1,trust,4342,0,0,0,0.00023030861354214648
pFwwq-q_VTk,make a long story short,866,0,0,0,0.0011547344110854503
pIdeeOdo8pw_1,cook,477,0,0,0,0.0020964360587002098
pJpVzk9brGM,rude,1787,0,0,0,0.0005595970900951316
pKXztoHJJLg_1,thorn,148,0,0,0,0.006756756756756757
pMUP28lpEtI,grow,2029,0,0,0,0.0004928536224741252
pNIc3-tZCr8,this,2659,0,0,0,0.000376081233546446
pOrhwbKtrns,policy,1,1,1,1,1.0
pPNhLjhDOcs_1,night,96,0,0,0,0.010416666666666666
pRJFwOmmjPE,mushroom,1,1,1,1,1.0
pTbDCcIMvpM,record video,18,0,0,0,0.05555555555555555
pU-6WzNOsuc,tolerate,2,0,1,1,0.5
pUe8744GO0Y_1,licence,2215,0,0,0,0.0004514672686230248
pWdhIAVSNh4_1,pig,4,0,1,1,0.25
pYCXAIysO5Y,record,4347,0,0,0,0.00023004370830457787
pYNE4dYeRKk_1,yellow,4418,0,0,0,0.00022634676324128565
p_jV4LqTBws,taste,2432,0,0,0,0.00041118421052631577
p_jiAp79UAM_1,silk,4,0,1,1,0.25
pcL8I0LkHiI_1,oriya,4303,0,0,0,0.00023239600278875203
pcMAg0w93W0,mobile,1,1,1,1,1.0
pcz5j3TcyEs_1,brother,891,0,0,0,0.001122334455667789
pdCmQ4U7C7c,wedding reception,619,0,0,0,0.0016155088852988692
phWVA0eK_x8_1,now,1,1,1,1,1.0
pi57mKwYBNQ,make,10,0,0,1,0.1
pjwWOqfb8JQ_1,practise,298,0,0,0,0.003355704697986577
pkfSN1ufC0c_1,appointment,1949,0,0,0,0.000513083632632119
pmZTgjnADhQ,peon,3687,0,0,0,0.00027122321670735016
poWZ8sd_wfk_1,grass,3952,0,0,0,0.00025303643724696357
pobP84igDt4,fresh,3908,0,0,0,0.00025588536335721597
podfgBVY9ak,wife,2914,0,0,0,0.00034317089910775565
prejlBZJFWo,typist,3356,0,0,0,0.0002979737783075089
przV2cLTG_4,conference,35,0,0,0,0.02857142857142857
pu9ff2Xvfy4,dhobi,4015,0,0,0,0.00024906600249066
pwh-LfRLloM_1,feel,4028,0,0,0,0.00024826216484607745
pwmFabvAS3k,before,2010,0,0,0,0.0004975124378109452
pxDoKJd--Wk_1,drawer,2,0,1,1,0.5
pxP6gH5pazw,beautiful,1823,0,0,0,0.0005485463521667581
pxjiTt5uiQo,twin,227,0,0,0,0.004405286343612335
q0FzWxQ3D8k_1,rock,1525,0,0,0,0.0006557377049180328
q0tH9vIYWNU,poison,13,0,0,0,0.07692307692307693
q3r_Y_arWCY_1,sentence,1713,0,0,0,0.0005837711617046118
q4UZa51yFUA_1,sister,2014,0,0,0,0.0004965243296921549
q4cpBqay1qI_1,advantage,2285,0,0,0,0.000437636761487965
q97fAwh2-aM,rate,4364,0,0,0,0.00022914757103574703
qFfaDK70Jvc,decide,3241,0,0,0,0.000308546744831842
qIEr10Hg_Hw_1,bad,5,0,1,1,0.2
qIRaIAMh3Nk_1,peas,2965,0,0,0,0.0003372681281618887
qKEIXeVwCB4_1,west bengal,2444,0,0,0,0.0004091653027823241
qL6nqL53Z0g,autocracy,142,0,0,0,0.007042253521126761
qMD3sfogugU,unemployed,1975,0,0,0,0.0005063291139240507
qMGPlkkXdek_1,angry,1,1,1,1,1.0
qNWz7DPyrnU,select,2274,0,0,0,0.00043975373790677223
qTqWjy6FgNE_1,white,778,0,0,0,0.0012853470437017994
q_0AgxMXZkU_1,area,4418,0,0,0,0.00022634676324128565
q_HxcWofEZU,allergy,2471,0,0,0,0.0004046944556859571
qbITjeyEq14,national anthem,2616,0,0,0,0.00038226299694189603
qiK-4WwmTNg,island,3000,0,0,0,0.0003333333333333333
qjgThWSsOVk_1,monday,10,0,0,1,0.1
qjnZDMjWiuk,weight,4037,0,0,0,0.00024770869457517957
qkl0Ad2_chc_1,ant,20,0,0,0,0.05
qlTFEkGXr7Q_1,anklets,1,1,1,1,1.0
qm7nogtX_GY,zip,1,1,1,1,1.0
qmOaTqw3WQY,projector,72,0,0,0,0.013888888888888888
qoGtYKREfLY,maha shivaratri,5,0,1,1,0.2
qoMWB2o9jfE,hair dryer,967,0,0,0,0.001034126163391934
qoU45G2WmsE,wear,2613,0,0,0,0.0003827018752391887
qpNvq1zrIuc,transparent,1,1,1,1,1.0
qpeSv7MX-z0_1,pass,3563,0,0,0,0.000280662363177098
qr6GWRK8STs_1,information,724,0,0,0,0.0013812154696132596
qriQ0SvqUq0,volcano,4418,0,0,0,0.00022634676324128565
qu0RevE96ac,remove,1,1,1,1,1.0
qw9d-nRDzKM_1,tuesday,1996,0,0,0,0.000501002004008016
r2cxiOVBhpE_1,belief,1,1,1,1,1.0
r3EgB2AGF3s_1,yellow,4418,0,0,0,0.00022634676324128565
r4n7uVq_LzU,ladder,622,0,0,0,0.001607717041800643
r5N3Xy-KNAU,music,4418,0,0,0,0.00022634676324128565
r607N-5gkHs,iron,1664,0,0,0,0.0006009615384615385
r644w1okl48_1,mile,4418,0,0,0,0.00022634676324128565
r7VLa40tjvM,area,4418,0,0,0,0.00022634676324128565
r8-q53AmmMg,extinct,2063,0,0,0,0.0004847309743092584
r8ySf1Ql93Q_1,ask,67,0,0,0,0.014925373134328358
r99WfHTRr2A,think,3623,0,0,0,0.0002760143527463428
r9DiSHym81k,tired,2390,0,0,0,0.00041841004184100416
r9QQ0jQ64IQ_1,dog,3188,0,0,0,0.0003136762860727729
rAUcd8-2e3Y,temple,2108,0,0,0,0.0004743833017077799
rBD74wqvKeI_1,chalk,2817,0,0,0,0.0003549875754348598
rBRJw6gUMHM_1,circle,2,0,1,1,0.5
rCfYRtWfYVA,wine,118,0,0,0,0.00847457627118644
rFC_zjBmNw8_1,statistics,1325,0,0,0,0.0007547169811320754
rFlXpH9WCf8_1,expiry,3460,0,0,0,0.00028901734104046245
rGn67Xxthrk_1,lemon,3111,0,0,0,0.0003214400514304082
rGwK-HsdDk0_1,leaf,1881,0,0,0,0.000531632110579479
rJOGOpWkH6U_1,socks,2169,0,0,0,0.0004610419548178884
rJbc69qxPDA,colour,1063,0,0,0,0.0009407337723424271
rK412FrGOxY,network,1254,0,0,0,0.0007974481658692185
rKDZTG2rFPs,capital,586,0,0,0,0.0017064846416382253
rLgfWU1DpbY_1,day after,48,0,0,0,0.020833333333333332
rNvWUflStQQ,retire,4223,0,0,0,0.00023679848448969926
rOcFkQzLhLQ_1,brother,6,0,0,1,0.16666666666666666
rQ4mnndh8wk_1,beautiful,1671,0,0,0,0.0005984440454817474
rRVnNmQOR-I,calendar,1,1,1,1,1.0
rU5LeIE7tmM_1,leprosy,1,1,1,1,1.0
rWM6kOxTTIo,social,629,0,0,0,0.001589825119236884
rY6VvljDcc0,scratch,10,0,0,1,0.1
rYTt2LuzVhw_1,man,2136,0,0,0,0.00046816479400749064
rYwhWesDH9k_1,cone,4418,0,0,0,0.00022634676324128565
r_xF77i3RGw,victory,10,0,0,1,0.1
rayOhAZhd2k,night,1864,0,0,0,0.000536480686695279
rbu6XJFG-uI,livelihood,2,0,1,1,0.5
rbw7n0D0KGE_1,comb,1877,0,0,0,0.0005327650506126798
rd2t-M0o7Ds_1,crayons,1,1,1,1,1.0
rduuYRHkDtw_2,second,146,0,0,0,0.00684931506849315
rgk8cmr4El4_1,tongue,3,0,1,1,0.3333333333333333
ri8j2L0zG9c,bolt,2733,0,0,0,0.00036589828027808267
rihHzABTIPg,drawer,3160,0,0,0,0.00031645569620253165
rlMareW0lTU,projector,1,1,1,1,1.0
rn-sFXA7utE,sandwich,1899,0,0,0,0.000526592943654555
rn4NJPtL1m8,up,2867,0,0,0,0.0003487966515521451
rpMNq0nFlUQ,approve,2,0,1,1,0.5
rsDIotNeFsM_1,spoon,35,0,0,0,0.02857142857142857
rsKBWd7j4n4_1,rose,13,0,0,0,0.07692307692307693
ruGnpxVL54k_1,right,3437,0,0,0,0.0002909514111143439
ruOCbes6zaM,minute,4418,0,0,0,0.00022634676324128565
rufhjKU3UII,chandigarh,2973,0,0,0,0.0003363605785401951
rvjY9vlX_H4,afternoon,2169,0,0,0,0.0004610419548178884
rwhRNPCPp34,nut,3055,0,0,0,0.0003273322422258593
rxzyWCTxCbg_1,advertisement,41,0,0,0,0.024390243902439025
rztToJBqL3k_1,wednesday,2,0,1,1,0.5
s-570A5kLxo,goat,2478,0,0,0,0.0004035512510088781
s0HIntkDTew_1,lake,1,1,1,1,1.0
s0WQZn1xjxo_1,tail,1,1,1,1,1.0
s1K-Mqzy9Bo,boil,2893,0,0,0,0.0003456619426201175
s57mcqROvtA,capital,868,0,0,0,0.001152073732718894
s5AMrNjoP0Q,boxing,2764,0,0,0,0.000361794500723589
s5cimY-et2g,price,4195,0,0,0,0.00023837902264600716
s67I8VUigAU,monkey,3050,0,0,0,0.0003278688524590164
s7Rg0qiQ1Fs,tongue,3592,0,0,0,0.00027839643652561246
s7U2zrpRFD0,welder,131,0,0,0,0.007633587786259542
sDvfKoCt0nI,rehabilitation,4,0,1,1,0.25
sEu_kUiVDho_1,telugu,2324,0,0,0,0.0004302925989672978
sIRKe3QdsJ8,reduce,150,0,0,0,0.006666666666666667
sJ6Zv0fi1xM,weight,4224,0,0,0,0.00023674242424242425
sJF8p7K6dwk_2,expansion,894,0,0,0,0.0011185682326621924
sKiDLFiFALs,abusive language,1401,0,0,0,0.0007137758743754461
sLLQkt04ZiQ,drive,4232,0,0,0,0.00023629489603024575
sM0iALMvEmk,february,4258,0,0,0,0.00023485204321277596
sNWCdBEIWa8_1,qualification,3426,0,0,0,0.0002918855808523059
sNYOD_Qd7Mw,week,3462,0,0,0,0.00028885037550548814
sOSo5pep4dg_1,patna,4316,0,0,0,0.00023169601482854495
sOhE4j6NGm0_1,tiger,2,0,1,1,0.5
sPzCUfCMJH4,april,3496,0,0,0,0.0002860411899313501
sSvBHFI6AOk,date,4376,0,0,0,0.00022851919561243144
sTrWqNmE5HA,village,3344,0,0,0,0.0002990430622009569
sUBUK2M2nAY_1,tamil nadu,1744,0,0,0,0.0005733944954128441
sUjhP9obOxY,bike suspension,117,0,0,0,0.008547008547008548
sWKP1r9ykRQ,head,3119,0,0,0,0.0003206155819172812
sY360i7TkCA_1,zebra,2697,0,0,0,0.0003707823507601038
sYoLxEMCh9E_1,demand draft,2697,0,0,0,0.0003707823507601038
sZXEa_h85YQ,regular,15,0,0,0,0.06666666666666667
s_VX_84e7iM_1,full moon day,4402,0,0,0,0.00022716946842344388
sbcGX30IGvI,electrode,2947,0,0,0,0.00033932813030200206
sblmoDlSQ7U,bold,4329,0,0,0,0.000231000231000231
sbyKhp04Wdw_1,proud,4141,0,0,0,0.0002414875633904854
setzKjXP4MM_1,peacock,1899,0,0,0,0.000526592943654555
sfOCOxSfs10_1,warn,4148,0,0,0,0.00024108003857280618
sfpvbKAz4Oo,iron,5,0,1,1,0.2
sh5goqn8bGI,question,540,0,0,0,0.001851851851851852
sj8kYLtXNZU,bowl,2522,0,0,0,0.0003965107057890563
sjpTILsokjg_1,thursday,8,0,0,1,0.125
sjpdu42KxwI,meat,49,0,0,0,0.02040816326530612
smKYyxd26GY_1,under,2041,0,0,0,0.0004899559039686428
sn0j9u42p5Q,mistake,2222,0,0,0,0.00045004500450045
soEw9PTY8Yw_1,bowl,10,0,0,1,0.1
src6zFQawX0_1,leaf,1744,0,0,0,0.0005733944954128441
suvKXxPyaWM_1,promise,2984,0,0,0,0.0003351206434316354
svQ3jUcN4f8,goa,3,0,1,1,0.3333333333333333
sverVWEAPD8_1,never,1482,0,0,0,0.0006747638326585695
sy0W-04L9Gk_1,jail,2600,0,0,0,0.0003846153846153846
syK7APT1R4w,interest,3517,0,0,0,0.0002843332385555871
t1ElZ8Bbzyg,online,54,0,0,0,0.018518518518518517
t1XvJu6yRk8_1,clean,825,0,0,0,0.0012121212121212121
t33d8E-JtV0_1,rock,1445,0,0,0,0.0006920415224913495
t39zwxTZXXk_1,vessel,1,1,1,1,1.0
t3XnfkCsUiY_1,cone,4418,0,0,0,0.00022634676324128565
t454iG2RVJg_1,word,2858,0,0,0,0.0003498950314905528
t6qqXzf4tq8,edit,1,1,1,1,1.0
t70Wrphzj2w_1,chappels,4,0,1,1,0.25
t7BWrIChL1Y,comfortable,1,1,1,1,1.0
t7t7Jioxeu8,diwali,872,0,0,0,0.0011467889908256881
t8sdmhD1yCc_1,cholera,129,0,0,0,0.007751937984496124
t8z3PzQKmwg,gas stove,3517,0,0,0,0.0002843332385555871
t9b5K6YsBk8,gun,31,0,0,0,0.03225806451612903
t9pvXOgaJe8,work,2219,0,0,0,0.0004506534474988734
tEJlKXA7Lkg,united nations convention on the rights of persons with disabilities uncrpd,17,0,0,0,0.058823529411764705
tHMs61ZefE8,embroidery,512,0,0,0,0.001953125
tHW-NM2H3f8_1,teeth,1498,0,0,0,0.0006675567423230974
tJXSJJCLffU_1,creeper,1,1,1,1,1.0
tKOaMOhEaX4_1,oath,574,0,0,0,0.0017421602787456446
tLOTRTxqIS4_1,sick,9,0,0,1,0.1111111111111111
tMYNBmb808w,prize,1251,0,0,0,0.0007993605115907274
tOHjjyuut4A_1,bell,128,0,0,0,0.0078125
tOrStACTZII_1,opinion,2220,0,0,0,0.00045045045045045046
tRNnbHdT9Ms_1,old,3380,0,0,0,0.0002958579881656805
tS7NrrYnx_E_1,son,985,0,0,0,0.0010152284263959391
tShdaK0wAgk_1,chair,7,0,0,1,0.14285714285714285
tTjQsNGEeZ0_1,after,2035,0,0,0,0.0004914004914004914
tUV7RnfFTa4,christmas,1108,0,0,0,0.0009025270758122744
tYDAioUJUPQ_1,sunday,3,0,1,1,0.3333333333333333
tZ28xXARcyk_1,duck,322,0,0,0,0.003105590062111801
ta7_tTeIt6c_1,cough,1,1,1,1,1.0
td1WlMO5Frw_1,bold,1,1,1,1,1.0
tg9QaW7Pvm8,leaf,1099,0,0,0,0.0009099181073703367
tgJL-RUAvO8,weird,1,1,1,1,1.0
tjA2aFyBuY4,adult,654,0,0,0,0.0015290519877675841
tkO1_qURjXM,volume,3138,0,0,0,0.00031867431485022306
tmVG2vu0ZGA,mizoram,1790,0,0,0,0.0005586592178770949
tnMi73_WfPg,middle,533,0,0,0,0.001876172607879925
tol7I8LtJK0,bonus,28,0,0,0,0.03571428571428571
top7pkA_DgY_1,individual,2359,0,0,0,0.000423908435777872
tplh8l5q74U,loan,3550,0,0,0,0.00028169014084507044
tq8jQqoHYFA,isl,3,0,1,1,0.3333333333333333
tquKNwZ2GmA_1,sweet,1478,0,0,0,0.0006765899864682003
tuw6tMLjHwQ_1,magic,307,0,0,0,0.003257328990228013
tx2Z3baCxLA_1,interest,861,0,0,0,0.0011614401858304297
tyLcsnN8-v4,shape,587,0,0,0,0.0017035775127768314
u-vcH9n4_P0_1,carpenter,901,0,0,0,0.0011098779134295228
u0VMIS7wC-Q,vietnam,7,0,0,1,0.14285714285714285
u1yq_lnEwGI_2,capacitor,4418,0,0,0,0.00022634676324128565
u219wF2P_0Y_1,die,2265,0,0,0,0.0004415011037527594
u3NRv46oJVQ_1,pig,26,0,0,0,0.038461538461538464
u5PdOyHh8Yg,red,3646,0,0,0,0.00027427317608337906
u62ZlNmTpj4_1,cure,2,0,1,1,0.5
u6hpIkJUQXE,ruthless,2278,0,0,0,0.0004389815627743635
u6x6Qk463V4,leaf,2,0,1,1,0.5
u7Nv4whZa_0_1,shine,2752,0,0,0,0.0003633720930232558
u9397Rd5v7U_2,sound,2438,0,0,0,0.00041017227235438887
uA9K19APeNo_1,gate,2508,0,0,0,0.00039872408293460925
uBi-YX42NwI,application,4418,0,0,0,0.00022634676324128565
uCsgmqdwe4A,storey skyscraper,526,0,0,0,0.0019011406844106464
uCxNvB_ULoA_2,filament,4418,0,0,0,0.00022634676324128565
uF5-SHyMOwg,assam,222,0,0,0,0.0045045045045045045
uF8zIar63bQ,punjabi,2927,0,0,0,0.00034164673727365904
uGjEbNgtauE,open,4312,0,0,0,0.00023191094619666049
uHAhEiTlj_M,knife,2203,0,0,0,0.00045392646391284613
uL1_UYVYkfg_1,flute,2654,0,0,0,0.00037678975131876413
uLSHBm4_kaw,gujarat,2,0,1,1,0.5
uNZ-A9bIT2c,vehicles,2602,0,0,0,0.0003843197540353574
uOs0878HhR4,license,2103,0,0,0,0.00047551117451260106
uOsiUhQwVC8_1,bucket,595,0,0,0,0.0016806722689075631
uRJUiALx54w,virus,1881,0,0,0,0.000531632110579479
uSz2hrQZr3o,around,2890,0,0,0,0.00034602076124567473
uT8WGjPj-V8_1,discuss,1770,0,0,0,0.0005649717514124294
uTLMV91lB10_1,assam,1440,0,0,0,0.0006944444444444445
uTZVPZYcdw8_1,accident,2519,0,0,0,0.0003969829297340214
uWVB0KovDB0_1,moon,1,1,1,1,1.0
uYfcQkRSvAY,china,4329,0,0,0,0.000231000231000231
uaaq6GQck4s_1,never,1298,0,0,0,0.0007704160246533128
ubQczV3pKWs,assassination,307,0,0,0,0.003257328990228013
ubUFV8ypTlU_1,return,866,0,0,0,0.0011547344110854503
ubkSJRDhK7E_1,genuine,3419,0,0,0,0.0002924831822170225
uf4A34QWFGw_1,rabbit,7,0,0,1,0.14285714285714285
ug0cTrsjK50,route,518,0,0,0,0.0019305019305019305
uhJRFZWXPEo,warm,2415,0,0,0,0.00041407867494824016
ujw1Z5DK0r4_1,art,2191,0,0,0,0.00045641259698767686
ulHF3SltKW0_1,malayalam,1532,0,0,0,0.0006527415143603133
um4s1H6JPJg,call,682,0,0,0,0.001466275659824047
up_LofohcV4_1,control,3815,0,0,0,0.0002621231979030144
upaDJQnr9nw,independent,4418,0,0,0,0.00022634676324128565
uptCGl-HvV0_1,bulb,4418,0,0,0,0.00022634676324128565
urMRtuI8AmE_1,spider,102,0,0,0,0.00980392156862745
uu9Qo9_Mbh4_1,round,38,0,0,0,0.02631578947368421
uuUInBI_oZM_1,fan,1,1,1,1,1.0
uulY6vsvNQA_1,leave,1809,0,0,0,0.000552791597567717
uuzch67c-xE,thermometer,3484,0,0,0,0.0002870264064293915
uwYdH7GuSBg_1,bangles,1,1,1,1,1.0
uwZ5UsyXbzg_1,mud,1,1,1,1,1.0
v-Mcteg34pI_1,hot,212,0,0,0,0.0047169811320754715
v-jfNqYzfO8_1,june,61,0,0,0,0.01639344262295082
v0cK8a9s14I_1,evening,500,0,0,0,0.002
v1c0FpBhESQ_1,chart,1418,0,0,0,0.0007052186177715092
v1hh4hSEhzs,tally,4418,0,0,0,0.00022634676324128565
v1rzpB-cgGY_1,goa,4043,0,0,0,0.0002473410833539451
v2YS_BfBifc_1,key,3,0,1,1,0.3333333333333333
v2_Ta5XdknA_1,giraffe,1,1,1,1,1.0
v3hY00Fy7rE,library,3052,0,0,0,0.000327653997378768
v41B1GR3prg_1,crocodile,4257,0,0,0,0.0002349072116513977
v6KlD6e05Fc,reverse,6,0,0,1,0.16666666666666666
v7--O9C9ZH4,muharram,1,1,1,1,1.0
v74BqLpCYnY_1,bedsheet,5,0,1,1,0.2
v7LOMsrEiVI_1,sorry,1061,0,0,0,0.000942507068803016
v8NufYf6_Ik_1,room,2,0,1,1,0.5
vAW9QDnXLrE,please,1,1,1,1,1.0
vAXHFqBV6H8_1,muslim,1382,0,0,0,0.000723589001447178
vB-4jZVx0yU,solid,3371,0,0,0,0.0002966478789676654
vB72KncjZis,evening,2081,0,0,0,0.0004805382027871216
vBJxSJ5_mvw_1,learn,278,0,0,0,0.0035971223021582736
vDKcRElYodA,musician,519,0,0,0,0.0019267822736030828
vEGYAfMU3tc_1,power,4418,0,0,0,0.00022634676324128565
vEq2LWgecfA_1,wife,7,0,0,1,0.14285714285714285
vFAuNQe7ng8_1,saturday,10,0,0,1,0.1
vFnoqnWWGok_1,story,3966,0,0,0,0.0002521432173474534
vITeIiXX1xE,subtract,10,0,0,1,0.1
vJy28p55lkQ,temporary,58,0,0,0,0.017241379310344827
vKabvg9GjnY_1,behind,637,0,0,0,0.0015698587127158557
vLfbnZZBph0_1,you,1738,0,0,0,0.0005753739930955121
vLk7S0mnUms,pay in installment,351,0,0,0,0.002849002849002849
vMbLDoCayk8,please,267,0,0,0,0.003745318352059925
vOkUq_SPrjs_1,valley,1077,0,0,0,0.0009285051067780873
vPAwEcpbWqo,enough,1102,0,0,0,0.0009074410163339383
vRs1P7sa3F4_1,today,2,0,1,1,0.5
vSfRkcjelhw_1,wedding,5,0,1,1,0.2
vT49kp3azYg_1,total,3238,0,0,0,0.00030883261272390367
vTrtUfPI0RY,rest,4418,0,0,0,0.00022634676324128565
vWkwy9ebsQg_1,water,265,0,0,0,0.0037735849056603774
vX0J0TVfQgk_1,salt,4306,0,0,0,0.00023223409196470042
vXchKE88TDI_1,time,2,0,1,1,0.5
vXg5mjo2Lpc,any,2440,0,0,0,0.0004098360655737705
vYM_64Gc77o,town,2363,0,0,0,0.00042319085907744394
vYPkgKmRa6k,talk,3109,0,0,0,0.000321646831778707
vYzp_d3T9Ok_1,wednesday,4381,0,0,0,0.00022825838849577722
vZBu2SG35ec,competition,3312,0,0,0,0.00030193236714975844
v_HmgeH-ABo,day,3509,0,0,0,0.00028498147620404675
vaDXdxLlUwk_1,world,95,0,0,0,0.010526315789473684
vamyn1qDCdg_1,carrom,1390,0,0,0,0.0007194244604316547
vfrntxijZAA_1,horse,2,0,1,1,0.5
vnOgaQ_eFNs,see,3116,0,0,0,0.00032092426187419767
voRQqu3By8I_1,talk,7,0,0,1,0.14285714285714285
vqkqbOdwbSc_1,pune,2072,0,0,0,0.00048262548262548264
vt86EMAaXHM,business,313,0,0,0,0.003194888178913738
vu__40Wbws4_1,mixer,1,1,1,1,1.0
vvyGWPvy1cc,town,2468,0,0,0,0.0004051863857374392
vzR3201tHPY,translate,15,0,0,0,0.06666666666666667
vzzmwuU-sMg,sad,3837,0,0,0,0.00026062027625749283
w-f7sV2B7Tc_1,true,3220,0,0,0,0.00031055900621118014
w0Z2yfGcCW8,eye,4407,0,0,0,0.0002269117313365101
w163zAc0RYM,cough,2392,0,0,0,0.0004180602006688963
w3iXbhc5vsM_1,thursday,343,0,0,0,0.0029154518950437317
w88o1TXwwJg_1,pen,1449,0,0,0,0.0006901311249137336
w8RSWGCRPDg,sell,3251,0,0,0,0.00030759766225776686
w9VefdfpI0I_1,grandfather,9,0,0,1,0.1111111111111111
wAEJEtDB20g,land,1,1,1,1,1.0
wBCqfnnNfSo,weaver,2714,0,0,0,0.00036845983787767134
wClUzDG34wQ,religion,564,0,0,0,0.0017730496453900709
wDXqSeOQQy4_1,run,5,0,1,1,0.2
wDy5hBdrwoc,train,2032,0,0,0,0.0004921259842519685
wEd93OlB_ZI_1,what,2363,0,0,0,0.00042319085907744394
wFVLswbyZOc,insurance,3455,0,0,0,0.0002894356005788712
wGWFAPl8EXs_1,river,369,0,0,0,0.0027100271002710027
wIEYdZjvXJo,driver,943,0,0,0,0.0010604453870625664
wIVO3x0WAfk_1,paper,1396,0,0,0,0.0007163323782234957
wIi5NVKOOfM,strict,1,1,1,1,1.0
wK63rmj8--U,sky,2358,0,0,0,0.00042408821034775233
wK8amEJAK1Y,thank you,25,0,0,0,0.04
wLSWjMuhJww_1,which,1453,0,0,0,0.0006882312456985547
wMlY1TQZA2A,tamil,1516,0,0,0,0.0006596306068601583
wMm24t1NrcM,worry,2501,0,0,0,0.00039984006397441024
wPTa0UQJY_w,measure,3292,0,0,0,0.00030376670716889426
wPofP8PotLg_1,cat,981,0,0,0,0.0010193679918450561
wPsIxhPHXBo,blouse,1,1,1,1,1.0
wTP-Qjl_mSM_1,film,4418,0,0,0,0.00022634676324128565
wVgslraD204,cap,2362,0,0,0,0.0004233700254022015
wWlOXeR9qnc_1,rubber,4418,0,0,0,0.00022634676324128565
wWzqyc2x0GI,miss,3840,0,0,0,0.00026041666666666666
wXEnqj_rf4Q_1,sunrise,1,1,1,1,1.0
wYeLqdSCZR8,hungry,3014,0,0,0,0.00033178500331785003
w_FY56WkUPM,shawl,2622,0,0,0,0.00038138825324180017
weWGeNNGQSM_1,industry,7,0,0,1,0.14285714285714285
wedIVeQMY1k,girl,1336,0,0,0,0.0007485029940119761
wf7d8Ok1PvA_1,united states of america,3525,0,0,0,0.00028368794326241134
wfHGKTc0WuY,wool,3541,0,0,0,0.0002824060999717594
wgrN2DNXukc,sandwich,2119,0,0,0,0.00047192071731949034
wgvsWR2YWxo,plenty,1,1,1,1,1.0
wh_GS78OuYQ,milkman,2409,0,0,0,0.00041511000415110004
whmbYHrlP-A_1,tell,1,1,1,1,1.0
whvKyzLJ6Mc_1,lion,267,0,0,0,0.003745318352059925
wiemsBV5e08,sweet lime,2553,0,0,0,0.0003916960438699569
wkdHGN4OO-I,raise,215,0,0,0,0.004651162790697674
woo5-4amwJ0,rjd,84,0,0,0,0.011904761904761904
wpUgLTxBXns,lecturer,3082,0,0,0,0.0003244646333549643
wqFLr0dsRTA_1,toothpaste,583,0,0,0,0.0017152658662092624
wqrZVsLOR_A_2,anticlockwise,4418,0,0,0,0.00022634676324128565
ws_qjks_TFo,zoo,4,0,1,1,0.25
wsxvzzgBO1M_1,harmonium,797,0,0,0,0.0012547051442910915
wtN-hVs7sYw_1,myself,2283,0,0,0,0.0004380201489268506
wtaxFUrko34,parking,4,0,1,1,0.25
wtr_LSVYecQ_1,teach,4044,0,0,0,0.0002472799208704253
wubfL2VbBLY,cat,34,0,0,0,0.029411764705882353
wwGDiruyGH8_1,mogra,5,0,1,1,0.2
wx8pMHRIYho,motorcycle,1,1,1,1,1.0
wxZHsP8osZo_1,orange,1,1,1,1,1.0
wzz6Gt0EotA,balloon,1,1,1,1,1.0
x-K2eMJl34k_1,clock,5,0,1,1,0.2
x-uAyPToZMs,license,1555,0,0,0,0.0006430868167202572
x0JU-zUFnS4_1,grandmother,499,0,0,0,0.002004008016032064
x1Abu6sfP5A,rajdhani train,6,0,0,1,0.16666666666666666
x1PWeacqP-w_1,dasara,39,0,0,0,0.02564102564102564
x1S_tnc_djk,distribute,4418,0,0,0,0.00022634676324128565
x5VIvDZhXNg,angry,4348,0,0,0,0.00022999080036798528
x5dEKDXkXQY_1,welder,2011,0,0,0,0.0004972650422675286
x6O_GrimQMw,chennai,78,0,0,0,0.01282051282051282
x7CtEdG8eAY_1,hear,1,1,1,1,1.0
x7SV2p_-rPE,brain,3032,0,0,0,0.00032981530343007914
x7TnEHc0viU,tractor,1,1,1,1,1.0
xA8hTvpWbh0_1,month,4388,0,0,0,0.00022789425706472196
xAwnTMH15-s_1,sleep,1,1,1,1,1.0
xEp-ufgrq-g,swallow,1,1,1,1,1.0
xGkS3isNXXc,modern,1,1,1,1,1.0
xIOA0k1ZLMk,hot air balloon,1241,0,0,0,0.0008058017727639
xIh1wMuXgJs_1,wood,4,0,1,1,0.25
xJMONi1L3S8_1,peak,1,1,1,1,1.0
xKRO8sRM6yQ_1,government,2879,0,0,0,0.0003473428273706148
xLArhlTY728_1,day,788,0,0,0,0.0012690355329949238
xMaMOHTmML4,turn,2628,0,0,0,0.000380517503805175
xPY0EW3HkQU_1,shoe,1,1,1,1,1.0
xR3xDmZZCCI,city,2386,0,0,0,0.00041911148365465214
xSDCy2uCWSs_1,rubber,4418,0,0,0,0.00022634676324128565
xTirP9sB_SY_1,education,4004,0,0,0,0.00024975024975024975
xVOUQdl7ejY_1,beak,1,1,1,1,1.0
xXykGIC9Yfg,reception,74,0,0,0,0.013513513513513514
xY-hLKnjahw,calculator,1,1,1,1,1.0
xY5tQfR7BiI_1,video camera,2850,0,0,0,0.0003508771929824561
xYne01OLqHU_1,tuberculosis,1,1,1,1,1.0
xfqgrQ_r3Tw_1,frog,82,0,0,0,0.012195121951219513
xgQSpL99krE_1,ginger,1877,0,0,0,0.0005327650506126798
xgU5S08eD90,approximate,1,1,1,1,1.0
xghJ6vKFuKQ,bad language,1,1,1,1,1.0
xiX4tAUoNXs_1,lie,4,0,1,1,0.25
xlX3VgcSz_o_1,pencil,2129,0,0,0,0.0004697040864255519
xm2Vju9w0-I,hotel,498,0,0,0,0.002008032128514056
xnQ61pjVinc_1,applicant,2910,0,0,0,0.0003436426116838488
xnZNmESjKrQ,shopkeeper,2953,0,0,0,0.0003386386725364037
xqWx6o5iue4,express,1,1,1,1,1.0
xqvVfaJrM0A,nail,2364,0,0,0,0.00042301184433164127
xu3e-IU_xRM,expensive,2710,0,0,0,0.00036900369003690036
xuOaEQ2bdb0_1,wednesday,4385,0,0,0,0.00022805017103762827
xvZaGiHtuz0_1,insult,1,1,1,1,1.0
xwAdIP51jIs,separate,309,0,0,0,0.003236245954692557
xwgkeViNOwI,bell,2731,0,0,0,0.0003661662394727206
xx3nZjHHL3s,minimum,3640,0,0,0,0.0002747252747252747
xxTBbeG-pKY_1,mixer,78,0,0,0,0.01282051282051282
y1XgtWNM-OM_1,december,4334,0,0,0,0.00023073373327180433
y3ck7KPhSug,tie,2203,0,0,0,0.00045392646391284613
y57kJAluXeM_1,again,2469,0,0,0,0.0004050222762251924
y5IlRJzz8w8_1,comb,2023,0,0,0,0.0004943153732081067
y5LmYGbr428,dry,3634,0,0,0,0.000275178866263071
y5RdDOf_lRw_1,target,3150,0,0,0,0.00031746031746031746
y6iDMOz13sI_1,father-in-law,1,1,1,1,1.0
y6xu7EyX0yU_1,month,28,0,0,0,0.03571428571428571
y707Jq7ORR4,voltmeter,4418,0,0,0,0.00022634676324128565
y7FUr6B4Uh4,influence,1323,0,0,0,0.0007558578987150416
y7z1pnJea4s_1,bucket,1506,0,0,0,0.0006640106241699867
yB2sJTE2Mek,insect,2054,0,0,0,0.0004868549172346641
yFMHg6sTd6Y,clever,5,0,1,1,0.2
yGWvP26FbEo,date,4349,0,0,0,0.00022993791676247414
yGWvP26FbEo_1,date,30,0,0,0,0.03333333333333333
yItSQyTpwtQ_1,gate,1744,0,0,0,0.0005733944954128441
yMqhsoFHB_Q_1,brother,2871,0,0,0,0.00034831069313827936
yMs5B2DUJ_0,land,2324,0,0,0,0.0004302925989672978
yN2a6Q27DX8_1,bone,2,0,1,1,0.5
yNv7aFGlGFA,towel,2038,0,0,0,0.0004906771344455348
yQ7kMY9kDlM,rent,4266,0,0,0,0.00023441162681669012
yQXFOVuS7r8,green,4418,0,0,0,0.00022634676324128565
yRHS5fY6bVQ_1,shift,3582,0,0,0,0.00027917364600781687
yS482mzgCwo,pass,4096,0,0,0,0.000244140625
yT93i9RcLFk,nervous,44,0,0,0,0.022727272727272728
yWRsnrs4C5w,standard,4093,0,0,0,0.0002443195699975568
yXkOz_A01t0_1,may,3005,0,0,0,0.00033277870216306157
yXtu327tJ28,peacock,923,0,0,0,0.0010834236186348862
yY9c0CnaXgA_1,thank you,1397,0,0,0,0.0007158196134574087
yZK6l1dikVk_1,reach,3670,0,0,0,0.00027247956403269756
yZlMisXPUms,humid,368,0,0,0,0.002717391304347826
yapwq7Lkgxw_1,toilet,14,0,0,0,0.07142857142857142
ybwfsqkf8Sw_1,nect tie,1,1,1,1,1.0
yeOgJ3nK-pM_1,salwar kameez,1,1,1,1,1.0
yebEzbBOQl4,encourage,4289,0,0,0,0.00023315458148752622
yhCvtSaTMvg_1,thin,2254,0,0,0,0.00044365572315882877
yi--S0oh64s,careful,3223,0,0,0,0.00031026993484331366
yjI4oup9SFU,watch,3285,0,0,0,0.00030441400304414006
yjnm43fEimY,ball,2655,0,0,0,0.0003766478342749529
yk1x10hOd1M,pen,3,0,1,1,0.3333333333333333
yk4B-asWh0I_1,asia,1918,0,0,0,0.0005213764337851929
ykCLJ3U0Ir4_1,dirty,207,0,0,0,0.004830917874396135
ymvaZ1cxW2s,gurudwara,1,1,1,1,1.0
ynqXIbWTRp4_1,wind,1023,0,0,0,0.0009775171065493646
ynvL576W11k,pink,1,1,1,1,1.0
ypvx1Fn3_GE_1,cunning,6,0,0,1,0.16666666666666666
yqRuuOhG1Cs,bag,1,1,1,1,1.0
ysoReRp9l9A_1,surprise,1528,0,0,0,0.0006544502617801048
yuo_oeBoTKk,upset,1,1,1,1,1.0
yzXgc9ZNbFI,float,3861,0,0,0,0.000259000259000259
z-gika19BqU,old,571,0,0,0,0.0017513134851138354
z1VPeFV_ew4,pencil,491,0,0,0,0.002036659877800407
z2B7VrBSA5c,friend,3317,0,0,0,0.00030147723846849563
z2ETf2ExVsU_1,father,6,0,0,1,0.16666666666666666
z3C2pnumALw,grandfather,1668,0,0,0,0.0005995203836930455
z4AQcUmPyxg,drug,589,0,0,0,0.001697792869269949
z4D6TU11HbE,rubber,4418,0,0,0,0.00022634676324128565
z4vokrd75OM,rich,2230,0,0,0,0.0004484304932735426
z5T2c_s6kwI,mountain,4338,0,0,0,0.0002305209774089442
z5mb_lff0uI_1,show,2392,0,0,0,0.0004180602006688963
z66yE3ILKuw,potato,3,0,1,1,0.3333333333333333
z672iUJ0b98,file,4259,0,0,0,0.00023479690068091102
z6_hXXO4vw8_1,taste,3824,0,0,0,0.0002615062761506276
z7fqi4_fZvI,material,4418,0,0,0,0.00022634676324128565
z9Bb0RtVstk_1,kiss,2378,0,0,0,0.00042052144659377626
zBvs_GPf6Y8_1,granddaughter,6,0,0,1,0.16666666666666666
zCv73SvXmk8_1,leather,1,1,1,1,1.0
zEth840lEVE,sari,2272,0,0,0,0.00044014084507042255
zF0-lsUa_RA_1,cat,729,0,0,0,0.0013717421124828531
zGhfj0f_3bI_1,see,1,1,1,1,1.0
zHSDpV4Ok2Q,behind,1655,0,0,0,0.0006042296072507553
zIEMNYyHXHs,murder,1642,0,0,0,0.0006090133982947625
zI_8os97Bkc_1,run,858,0,0,0,0.0011655011655011655
zJmlqjm_b5g,woman,4302,0,0,0,0.00023245002324500232
zOpA9-geIxA,minority,399,0,0,0,0.002506265664160401
zPpdozLG2wU_1,study,434,0,0,0,0.002304147465437788
zRnkG-1N3jY_1,diwali,2413,0,0,0,0.0004144218814753419
zSGR1KaSZV4,hanuman,3282,0,0,0,0.0003046922608165753
zSJ-3q6P4lQ,bluetooth,1469,0,0,0,0.0006807351940095302
zSst5y5j_fI,lips,4379,0,0,0,0.00022836263987211693
zSwPgYew9xY_1,evening,310,0,0,0,0.0032258064516129032
zUtEmpaF7kM,plan,1176,0,0,0,0.0008503401360544217
zXpbs2ztV4k_1,hearing aid,44,0,0,0,0.022727272727272728
zYWxTgBpp5o_1,allergy,11,0,0,0,0.09090909090909091
zZRHcEnMUnw_1,lizard,4,0,1,1,0.25
zZVuyuVTFW0,promotion,661,0,0,0,0.0015128593040847202
zZkjoooQRXk_1,sikh,4040,0,0,0,0.00024752475247524753
zZs0BXEssdQ,wave,1,1,1,1,1.0
z_Tnhup1J5I,satisfied,4326,0,0,0,0.0002311604253351826
z_WykkCqulk,sick,2516,0,0,0,0.000397456279809221
z_kjd4rGuag,hug,1401,0,0,0,0.0007137758743754461
zaCXh7eQO2Y,cash,3509,0,0,0,0.00028498147620404675
zaGjEBwl--8,ethics,1,1,1,1,1.0
zbxW8XnyziA,airport,3409,0,0,0,0.0002933411557641537
zcKPzJMDkRw,roll,2858,0,0,0,0.0003498950314905528
zdVCE0zgZ64_1,steel,7,0,0,1,0.14285714285714285
zeLeGWdpYiE_1,guilty,2,0,1,1,0.5
zeRihgKBfB0,anti virus,1,1,1,1,1.0
zfvnGrqiLMQ_1,australia,1686,0,0,0,0.0005931198102016608
zhKQnsHLNeA,truck,1,1,1,1,1.0
zi11969STzc_1,sheep,144,0,0,0,0.006944444444444444
zkOqvdkGpS4,laptop,754,0,0,0,0.001326259946949602
zkQeGg5DkVc,rajasthan,3299,0,0,0,0.0003031221582297666
zmcws5FplEc_1,friday,16,0,0,0,0.0625
zobbHZq0U4w,come,13,0,0,0,0.07692307692307693
zpDZzjRrUmk,france,3953,0,0,0,0.00025297242600556537
zqoQST3Oap8_1,first floor,96,0,0,0,0.010416666666666666
zsfMMuKrUUg,wedding reception,107,0,0,0,0.009345794392523364
ztOfNdPNwAU_1,carrot,2492,0,0,0,0.0004012841091492777
zuOOzSoUPcU_1,week,3,0,1,1,0.3333333333333333
zw53Xl_e9QA,ant,3827,0,0,0,0.0002613012803762738
zxd2fClLdu0_1,sweat,1,1,1,1,1.0
zyUvGZAlkOs_1,land,3895,0,0,0,0.00025673940949935817
zyvgHgT6d7c,love,2855,0,0,0,0.0003502626970227671
