test_uid,true_class,rank,top1,top5,recall10,reciprocal_rank
-NIz596Y27Q_1,severally,13,0,0,0,0.07692307692307693
06tYXs9inPk_1,branch,1,1,1,1,1.0
0i1qCUd3BdM_1,increase,1813,0,0,0,0.0005515719801434088
0p_iET-2TRw,pencil,1,1,1,1,1.0
0q7mwfrGneM_1,monday,15,0,0,0,0.06666666666666667
10KuxOH6cYM_1,interest,1495,0,0,0,0.0006688963210702341
1DMSk1W0LSY_1,amritsar,595,0,0,0,0.0016806722689075631
1KCDw7XLgU0,mahavir jayanti,1,1,1,1,1.0
1NqEYBhtmZE,sign,2238,0,0,0,0.00044682752457551384
1XFe7SCIQKw,anonymous,1263,0,0,0,0.000791765637371338
1pTz3GSNi6w_1,elbow,1,1,1,1,1.0
2DAexoF0SsA_1,thief,18,0,0,0,0.05555555555555555
2EgTWnIIS3Q_1,matchbox,2,0,1,1,0.5
2JY-9q3ehfY,ladder,5,0,1,1,0.2
2MvrW4Vw7ZU,indigo,4418,0,0,0,0.00022634676324128565
2cDgDbxkXFE,parents,2257,0,0,0,0.00044306601683650863
2vUvW-0XfUE,bharatiya janata party,3880,0,0,0,0.0002577319587628866
34WMjwYFdsI,dissent,825,0,0,0,0.0012121212121212121
38_FvLAz4Lo_1,police,10,0,0,1,0.1
38hLbeCJAtA_1,decrease,259,0,0,0,0.003861003861003861
3DeQ1zZ5pjo_1,delhi,2842,0,0,0,0.0003518648838845883
3R3KvYV43nQ_1,shop,10,0,0,1,0.1
3Sct_ii1-yQ_1,drawer,534,0,0,0,0.0018726591760299626
3bV2PgWlc7M,peas,5,0,1,1,0.2
3nnG7x_qkck_1,night,257,0,0,0,0.0038910505836575876
3t63THdE5wM,each,1,1,1,1,1.0
42WTTq2hqh8_1,bill,1,1,1,1,1.0
42axCoiER4s,similar,180,0,0,0,0.005555555555555556
4Q0ANLHhzwk_1,sun,3975,0,0,0,0.00025157232704402514
4SlMtTeUkEE_1,monday,25,0,0,0,0.04
4Vj5NM9KRzY,tuberculosis,2148,0,0,0,0.0004655493482309125
4aB00bo7A5M_2,diesel,1213,0,0,0,0.0008244023083264633
4bzRDATIEGY,ladder,1099,0,0,0,0.0009099181073703367
4fOrzw3MpL4_1,reservation,2526,0,0,0,0.000395882818685669
52TTzIUKAAI,monday,4254,0,0,0,0.00023507287259050304
543L-qWLyCY_1,slip,1776,0,0,0,0.0005630630630630631
5Dmdenxy5PQ_1,triangle,3376,0,0,0,0.0002962085308056872
5IDn1RRczUo_1,computer,824,0,0,0,0.0012135922330097086
5Joy5x30t6E,deer,2919,0,0,0,0.00034258307639602604
5PHRpx9Lqzc,tongs,2792,0,0,0,0.00035816618911174784
5TdjY77NHDE_1,funny,349,0,0,0,0.0028653295128939827
5Zpf5yMNgc0_1,hot,259,0,0,0,0.003861003861003861
5abyQsJRQIY,kidney beans,1732,0,0,0,0.0005773672055427252
5ketMObfFu8_1,torch,1,1,1,1,1.0
5mRd9gulCKs,rubber,4418,0,0,0,0.00022634676324128565
5ov1E2nBePg_1,office,1568,0,0,0,0.0006377551020408163
5pYCIsZH-H4,pencil,1,1,1,1,1.0
5rku2NSGq94,bathroom,3292,0,0,0,0.00030376670716889426
5sQnSTQKZgw_1,bill,2,0,1,1,0.5
5zUlp2QmgiA_1,pyjama,1,1,1,1,1.0
63BPw0sMbtQ_1,calculator,3222,0,0,0,0.00031036623215394165
672SUsSwn10,day,3447,0,0,0,0.0002901073397156948
6D-tRJn3T6E,day after,2620,0,0,0,0.0003816793893129771
6MpvtbLWDbo,permanent,588,0,0,0,0.0017006802721088435
6O_VhGkView_1,lie,22,0,0,0,0.045454545454545456
6RFwCF9xelU_1,thursday,19,0,0,0,0.05263157894736842
6_vArDwgWLI_1,reservation,3486,0,0,0,0.00028686173264486515
6al4AYYeD6A,cobbler,2760,0,0,0,0.00036231884057971015
6gXuMMAxOm0,interest,3280,0,0,0,0.0003048780487804878
6oKB5PY2M64,swim,2728,0,0,0,0.00036656891495601173
6rTPgPHDnGU,attitude,53,0,0,0,0.018867924528301886
6x41e1s898c_1,group,1,1,1,1,1.0
6zIJ0xpo2xM_1,grass,4024,0,0,0,0.00024850894632206757
6zvOKDKmWRc_1,blouse,885,0,0,0,0.0011299435028248588
7-U7JLrcGHo,aeroplane,3814,0,0,0,0.00026219192448872575
71MQl0F0_No,letter,3480,0,0,0,0.00028735632183908046
76nlaB0l3kk,december,4343,0,0,0,0.00023025558369790466
7DFNLpdTyc8_1,praise,592,0,0,0,0.0016891891891891893
7JdpsRQl8eY,bharatiya janata party,4076,0,0,0,0.0002453385672227674
7MN-nFtrnjs_1,bill,5,0,1,1,0.2
7Rq6uvvCPd0,september,4202,0,0,0,0.00023798191337458352
7S1IJ8OrInU,escape,1591,0,0,0,0.0006285355122564425
7WLX7jxH84k_1,tuesday,2042,0,0,0,0.0004897159647404506
7YQ0D3swwMk,profession,4182,0,0,0,0.00023912003825920613
7j8hKnkT0yw_1,face,24,0,0,0,0.041666666666666664
7kEbmn2BWIA,india,3627,0,0,0,0.00027570995312930797
7kHhJbwb-xg,interest,3489,0,0,0,0.00028661507595299513
7ktA4sMqKSo_1,grow,3583,0,0,0,0.00027909572983533354
7zKiKasH-ec_2,pink,1895,0,0,0,0.0005277044854881266
8FU08s4mBkI_1,iron,2709,0,0,0,0.00036913990402362494
8G5NgkTRK8s,capital,431,0,0,0,0.002320185614849188
8L3-sQV1BmU,divide,12,0,0,0,0.08333333333333333
8TXKaIN4emc_1,yellow,4418,0,0,0,0.00022634676324128565
8ZD3FvK3NYY_1,yesterday,1849,0,0,0,0.0005408328826392645
8axJ8fy9vI4_1,hate,2,0,1,1,0.5
8gAE5cho4ck,office,1,1,1,1,1.0
8gdHlsqexzI_1,insect,1289,0,0,0,0.0007757951900698216
8pLSdUH-S5U,amritsar,1,1,1,1,1.0
9200bHjUzac_1,germany,3170,0,0,0,0.0003154574132492114
93GUaFv2z84_1,bury,1,1,1,1,1.0
95KlTHhKlmk,weekly,334,0,0,0,0.0029940119760479044
96JTPuAvmno,hard,1,1,1,1,1.0
98wq5RZYq90_1,age,1621,0,0,0,0.0006169031462060457
9LXAp02OXko_1,pilot,2296,0,0,0,0.00043554006968641115
9RdiJAmwOtw_1,age,1487,0,0,0,0.0006724949562878278
9WpI_sLgb00,christmas,62,0,0,0,0.016129032258064516
9e62cz2TIdo_1,angry,25,0,0,0,0.04
9e7G2jc3tso_1,christmas,1885,0,0,0,0.0005305039787798408
9gZg_sd9G88,sheep,2004,0,0,0,0.000499001996007984
9nYAc6GEbNo_1,oath,23,0,0,0,0.043478260869565216
9qLTvYXHLdU,amount,4418,0,0,0,0.00022634676324128565
9uSE_BJx1Po,bad,4353,0,0,0,0.00022972662531587412
9y_XoHypC2Q_1,coat,1384,0,0,0,0.000722543352601156
A7GtKqvxPNA,can,2846,0,0,0,0.00035137034434293746
A8fPXgxSQ-k,aeroplane,3793,0,0,0,0.0002636435539151068
AD8RcVimCyw_1,distribute,4418,0,0,0,0.00022634676324128565
AGADAbFPPH4_1,shoulder,3,0,1,1,0.3333333333333333
AW-lxiaveRY,sand,3408,0,0,0,0.00029342723004694836
AXkvz_N39pg,wifi,3,0,1,1,0.3333333333333333
AfgaiVsTy_k,reporter,604,0,0,0,0.0016556291390728477
AjSoS7r4qJI_1,hard,2076,0,0,0,0.0004816955684007707
AmPGr5AueGI_1,dress,1044,0,0,0,0.0009578544061302681
Azhplpvwi6Q,calculator,1,1,1,1,1.0
B1plqHKGoW4_1,deer,1,1,1,1,1.0
B2JFlPUsxQY,form,3701,0,0,0,0.0002701972439881113
BDyD3b5IvEA_1,tusks,3946,0,0,0,0.00025342118601115053
BGjmN9lRDH0,legal,2949,0,0,0,0.00033909799932180403
BNNY7s6UnX4_1,india,246,0,0,0,0.0040650406504065045
BUdAJ_WWdxo_1,foot,1,1,1,1,1.0
BaXoF_r5D4w,pain,346,0,0,0,0.002890173410404624
Bc5uO2zRNJA,throat,3050,0,0,0,0.0003278688524590164
BlV_8p_hgLA_1,horns,1435,0,0,0,0.0006968641114982578
Bmq6b73OAQ4_1,watermelon,1982,0,0,0,0.0005045408678102926
BrDv3nkZnCE_1,full,3214,0,0,0,0.00031113876789047915
BvOKe8KiGPU,tall,297,0,0,0,0.003367003367003367
C0znUIY2osY,east,3729,0,0,0,0.0002681684097613301
C39QX6etLxw_1,business,690,0,0,0,0.0014492753623188406
C6Lf2U0ZDmQ_1,angry,15,0,0,0,0.06666666666666667
C7zW-Cuv3tU_1,parrot,2818,0,0,0,0.00035486160397445
C8NKSCbnodM_1,sea,4,0,1,1,0.25
CEHCaHC8hK0,sit,3259,0,0,0,0.0003068425897514575
CELYbb3X9fk,mechanic,1255,0,0,0,0.0007968127490039841
CSY_YI5A3uw_1,september,880,0,0,0,0.0011363636363636363
C_7MNhDkut4,tripura,737,0,0,0,0.0013568521031207597
ClwPsyQ5iKQ_1,late,750,0,0,0,0.0013333333333333333
CoxdEUEw9Lw,wolf,3716,0,0,0,0.00026910656620021526
Csudbq04CV0,cook,3103,0,0,0,0.0003222687721559781
Cw13fIyVSNA,take,4400,0,0,0,0.00022727272727272727
Cz3KCbolavI,camel,2286,0,0,0,0.0004374453193350831
D-6KziM3_ac,monkey,2962,0,0,0,0.00033760972316002703
D1NuUfSrJq8_1,yellow,4418,0,0,0,0.00022634676324128565
DA0Ma_9R3HU,pick,2880,0,0,0,0.00034722222222222224
DAgfV9RRVsw_1,umbrella,1358,0,0,0,0.0007363770250368188
DAkf0SjQpuk_1,alive,1533,0,0,0,0.0006523157208088715
DBUTlAHjWlI,fine,88,0,0,0,0.011363636363636364
DCwA5BuGHa8_1,they,2244,0,0,0,0.000445632798573975
DDusbrXIyaA,tailor,67,0,0,0,0.014925373134328358
DHihi8AG0ck_1,cancel,2591,0,0,0,0.00038595137012736397
Dbt8wFNY5RI_1,straight,4418,0,0,0,0.00022634676324128565
DfohDPZVlrA_1,mother,4,0,1,1,0.25
Dgq7SU6Khls_1,tomorrow,2534,0,0,0,0.0003946329913180742
Dh69YPn9pzU,tractor,3942,0,0,0,0.0002536783358701167
DlTdx-rVtfo,unfair dismissal,1,1,1,1,1.0
Dywl939W0wU,introduce,3502,0,0,0,0.00028555111364934324
Dz9dFM4Pg3g,allow,2716,0,0,0,0.0003681885125184094
E1bMcpst-p8_1,flood,1,1,1,1,1.0
E4rnCudFi8c,disappear,4395,0,0,0,0.00022753128555176336
ED7sE5v2jKE,solve,2293,0,0,0,0.0004361098996947231
EDDN3o-FX9Q,manipur,2007,0,0,0,0.0004982561036372695
EDEbbnnbHeo_1,july,3983,0,0,0,0.00025106703489831785
EE1cuwsn1IY,hate,2974,0,0,0,0.0003362474781439139
EFd9_rQVW6k,pizza,1,1,1,1,1.0
EFuaKRVN4Yw,week,3426,0,0,0,0.0002918855808523059
EKr1gGcQlXk_1,kerala,69,0,0,0,0.014492753623188406
ELX_Ak3IKgE_1,north pole,540,0,0,0,0.001851851851851852
EPIpofZRHBY_1,purchase,1,1,1,1,1.0
EQpjjm6rZTw,peon,3622,0,0,0,0.0002760905577029266
EUJyZCB8UoE,skin,3337,0,0,0,0.00029967036260113877
Eakrhy1WezE,share,3017,0,0,0,0.00033145508783559825
Eb1zmjEoyGQ,oriya,3400,0,0,0,0.0002941176470588235
EbmFC4EitxU,pencil,226,0,0,0,0.004424778761061947
EdGBkBi0xQ4,cold,2617,0,0,0,0.00038211692777990065
Eg7eVi4c11k,grow,2566,0,0,0,0.0003897116134060795
Eic6GMcQ9Tc,sing,2925,0,0,0,0.0003418803418803419
EilGxC4fZ4g_1,plate,1,1,1,1,1.0
Ejk3rD52uc0_1,tonic,1310,0,0,0,0.0007633587786259542
Eni6gYBX_-g,saturday,3559,0,0,0,0.0002809778027535825
F7wUQReGNEw,earth,3611,0,0,0,0.00027693159789531985
F8ZmweysvHM,deaf,2852,0,0,0,0.0003506311360448808
FCHXqa0qVDo,mile,4418,0,0,0,0.00022634676324128565
FD8LpV-MqEM,deadline,1004,0,0,0,0.00099601593625498
FG0lFws-PWo_1,brown,1987,0,0,0,0.0005032712632108706
FHwjyQeLNuY,stop,4394,0,0,0,0.0002275830678197542
FLG6F5h_LiY_1,tuesday,2686,0,0,0,0.00037230081906180194
FP83TXugYq4_1,shooting,776,0,0,0,0.001288659793814433
FQYd1BVpZ54,sit,3208,0,0,0,0.0003117206982543641
FR_SoS24QTs_1,clever,1165,0,0,0,0.0008583690987124463
FSKTNkpTx5Q_1,october,2494,0,0,0,0.00040096230954290296
FTNGNvDqp-g,hair,3050,0,0,0,0.0003278688524590164
FXDVdq4xfbw_1,nervous,1302,0,0,0,0.0007680491551459293
FYU1yAIBMKk,teach,1,1,1,1,1.0
FathKZe6_LI,key,3426,0,0,0,0.0002918855808523059
FdxGN0ru6F8,india,3764,0,0,0,0.00026567481402763017
FfuRz0AuxMs,pay,3582,0,0,0,0.00027917364600781687
FgId5lNxRyM_1,magnet,4418,0,0,0,0.00022634676324128565
FmDMlXXPl9c_1,want,104,0,0,0,0.009615384615384616
Fu11XkNRBis,simultaneous,4418,0,0,0,0.00022634676324128565
G-xw6dwoiBc,balance,3896,0,0,0,0.0002566735112936345
G0Ii_arG_iA_1,rule,1948,0,0,0,0.000513347022587269
G1kA8fiQM3Q,cartoon,50,0,0,0,0.02
G7LqVtoayeo,brain,3319,0,0,0,0.00030129557095510696
G9MUHd-IjF4_1,election,1635,0,0,0,0.0006116207951070336
GAP_IrJE0F0_1,before,1905,0,0,0,0.0005249343832020997
GFWW1CO5rf0_1,selfish,592,0,0,0,0.0016891891891891893
GGbmYniJ_EM,principal,2681,0,0,0,0.0003729951510630362
GIoPLi8lba4,name,1981,0,0,0,0.0005047955577990914
GQaw-x-oXM0,pencil,6,0,0,1,0.16666666666666666
GSeKuIBIGWs_1,concentrate,1,1,1,1,1.0
GWE16XtuLOE_2,wind,388,0,0,0,0.002577319587628866
GWn73nB7NsA,reservation,1,1,1,1,1.0
GXpfHLOLU_4,meghalaya,72,0,0,0,0.013888888888888888
GYVZ3VpzJRI,banana,1251,0,0,0,0.0007993605115907274
GZq28EIBmQs,good,4402,0,0,0,0.00022716946842344388
GcR4QYxAdmY,enemy,3674,0,0,0,0.00027218290691344586
Gch0TZZQ_90_1,public,2271,0,0,0,0.00044033465433729633
Ge1eIkRgtJk,gold,1895,0,0,0,0.0005277044854881266
GeVnlqGHpEA,surat,2985,0,0,0,0.00033500837520938025
Gf-58Ft9qEA_1,butter,3145,0,0,0,0.0003179650238473768
GkpQNio4dSE,shy,73,0,0,0,0.0136986301369863
Gl6b4xJGc5k_1,friday,4375,0,0,0,0.00022857142857142857
GleVWSS5dmo,pen drive,1875,0,0,0,0.0005333333333333334
Gpjn1Iun6CI,warm,27,0,0,0,0.037037037037037035
GqCMtSaTMwQ_1,november,2091,0,0,0,0.00047824007651841227
GrNwG3wnIsI_1,capital,1236,0,0,0,0.0008090614886731392
Gu2kSZvVPUs_1,mason,2701,0,0,0,0.00037023324694557573
Gv8Q72yX4Yk,environment,9,0,0,1,0.1111111111111111
GxrEeXKP7mQ_2,input,2445,0,0,0,0.00040899795501022495
GyQ1wh7tiaU_1,bear,1,1,1,1,1.0
H-CvK4W6-SM,week,8,0,0,1,0.125
H-PnLVGWrto_1,shy,1000,0,0,0,0.001
H-ZAN_q1XtI_1,lose,1743,0,0,0,0.0005737234652897303
H0k_c6twr-Y_1,date,4366,0,0,0,0.00022904260192395785
H4pn0Iqrg8A,notify,1510,0,0,0,0.0006622516556291391
H5ta0C2Sz2I,baby,2,0,1,1,0.5
H84q83Jmhhk,return,6,0,0,1,0.16666666666666666
H90EE4ZyShY,arunachal pradesh,1272,0,0,0,0.0007861635220125787
H9nx2rpmH04,straight,4418,0,0,0,0.00022634676324128565
HG8PkQFk6po_1,cut,3877,0,0,0,0.00025793139025019347
HK6mbwMGSew,insult,4408,0,0,0,0.00022686025408348456
HKlXMGJXHZs,triangle,3493,0,0,0,0.000286286859433152
HLLUUMdZkFk_1,sweep,4359,0,0,0,0.00022941041523285156
HRUodmwylRw_1,sunflower,44,0,0,0,0.022727272727272728
HTy7MUaROK8,january,3019,0,0,0,0.0003312355084465055
Hbj74PbhIzc,hygiene,398,0,0,0,0.002512562814070352
Hdt6acHjd3I_1,meet,3116,0,0,0,0.00032092426187419767
Hdvjnsplcx8_1,knife,4371,0,0,0,0.00022878059940517045
HiKegjOx1kw,friend,1,1,1,1,1.0
Hkv0JPEwiEE,explain,4418,0,0,0,0.00022634676324128565
HnmjmqSfmPs,make a long story short,4,0,1,1,0.25
HnydoJ4McR8,litre,2603,0,0,0,0.000384172109104879
Ho8vUmQ7Y1s_1,receipt,2227,0,0,0,0.000449034575662326
HqEam06JRKo,aeroplane,3879,0,0,0,0.0002577984016499098
HufgJPpb1kQ,bus,3305,0,0,0,0.000302571860816944
HyqvSSccYGM,things,1695,0,0,0,0.0005899705014749262
I3haAOluERo,wait,2617,0,0,0,0.00038211692777990065
I5IcpZp0BfE,mean,681,0,0,0,0.0014684287812041115
I9OiCuVT6TQ,bus,3311,0,0,0,0.0003020235578375113
IAd2idq-iPI_1,coin,788,0,0,0,0.0012690355329949238
IBYqJ-C2FsA,nurse,1,1,1,1,1.0
ICiBChM7NL0_1,sweet,800,0,0,0,0.00125
IE_CEe3ZkCI_1,tonic,1288,0,0,0,0.0007763975155279503
IGR8WsvfoXs,tap,83,0,0,0,0.012048192771084338
IGogDBcwAnU_1,clever,1062,0,0,0,0.0009416195856873823
IMZb4D-ulNs,percentage,135,0,0,0,0.007407407407407408
INdSYgk8Ed0_1,island,1,1,1,1,1.0
IOS2_Xy4yg0,friday,4368,0,0,0,0.00022893772893772894
IOUl-SHyP4Y_1,testify,367,0,0,0,0.0027247956403269754
IOaZtwg1czk_1,interest,1,1,1,1,1.0
IPUJ9bHGQgM,waterfall,4361,0,0,0,0.00022930520522815867
IRT4-x0KYrI_1,tree,601,0,0,0,0.0016638935108153079
IRmlHHtW_Q0_1,thank you,1174,0,0,0,0.0008517887563884157
ITnvvRnzDsI_1,self,2929,0,0,0,0.0003414134516899966
IYf_zhHRbWw_1,eat,2272,0,0,0,0.00044014084507042255
I_TQyqgYvoA,area,4418,0,0,0,0.00022634676324128565
IdF3Z-HI8QY_1,on,2882,0,0,0,0.00034698126301179735
IfL2BoxCI_U_1,remember,22,0,0,0,0.045454545454545456
IgilYoGrZlg,repair,263,0,0,0,0.0038022813688212928
IhUPDOGqMaw,true,1,1,1,1,1.0
Iji2l3tYxHc,today,2403,0,0,0,0.0004161464835622139
IjyH501MJjY_1,agra,3514,0,0,0,0.0002845759817871372
Ika-iBJ4-Ns,wash,2538,0,0,0,0.0003940110323089047
Il9Z5pMnfDo,cheque,6,0,0,1,0.16666666666666666
IlFz5jLv0HA,christian,1,1,1,1,1.0
IlO3fdD1Ytk,shoulder,3050,0,0,0,0.0003278688524590164
IljBrnpRkLI,over,3109,0,0,0,0.000321646831778707
Iqjt_znBgeE,gas stove,3529,0,0,0,0.00028336639274582036
Ir-Qe2kkROw,wifi,6,0,0,1,0.16666666666666666
Iu0WhShkyw0,pause,223,0,0,0,0.004484304932735426
IuIV6N8k4Ik_1,thursday,1,1,1,1,1.0
Iz9sVAKjbMU_1,iron,2692,0,0,0,0.0003714710252600297
J0vgYiSZ0Zk_1,profit,38,0,0,0,0.02631578947368421
J36iHjTW6Jo,reward,31,0,0,0,0.03225806451612903
J4G3ltp807A,notify,2928,0,0,0,0.00034153005464480874
J6YkOCzKPpA_1,coconut,3343,0,0,0,0.0002991325157044571
J84aAikfD88,sweater,1072,0,0,0,0.0009328358208955224
JD1NFsUtYrg_1,pan,7,0,0,1,0.14285714285714285
JFrHbTIRXp0_1,hard,3235,0,0,0,0.0003091190108191654
JGDj06htv-A_1,few,3001,0,0,0,0.0003332222592469177
JGiAZZ8byeU_1,forget,2605,0,0,0,0.00038387715930902113
JJ2y6sfvlUA_1,tongs,18,0,0,0,0.05555555555555555
JJ4iKa2vdoM_1,floor,1,1,1,1,1.0
JJamPbb5o_A,same,2,0,1,1,0.5
JSf7HjXTT78_1,yellow,4418,0,0,0,0.00022634676324128565
JSgfX7o3cCI_1,cow,1,1,1,1,1.0
JTfbRXxg4mU_1,false,1,1,1,1,1.0
JXkN1Nb0WmI_1,gloves,3140,0,0,0,0.0003184713375796178
JZLbNmS3Lu4_1,duck,77,0,0,0,0.012987012987012988
JjQDPdI82Tw_1,twins,29,0,0,0,0.034482758620689655
Jn9jwPcSKag,plate,3493,0,0,0,0.000286286859433152
JqUNaUjxigE,job,2119,0,0,0,0.00047192071731949034
JwvgzR8JBQw,leaf,1,1,1,1,1.0
K3pj5alsYHc,valley,4221,0,0,0,0.00023691068467187872
K4bb2bBt1uY,same,7,0,0,1,0.14285714285714285
K5qR4GaiYqc,form,3741,0,0,0,0.0002673082063619353
K9BFoOaBA18_1,body,1937,0,0,0,0.0005162622612287042
KAyF64u5G0w,english,754,0,0,0,0.001326259946949602
KDUJ4CR6_dE,panaji,5,0,1,1,0.2
KEa28LtX2W4_1,mixer,36,0,0,0,0.027777777777777776
KEcsIGtSp88_1,chennai,2096,0,0,0,0.00047709923664122136
KG_OHYYtnoQ_1,red,1,1,1,1,1.0
KHbIUov_fKY,noun,2000,0,0,0,0.0005
KLpXMM5NiYQ,triangle,597,0,0,0,0.0016750418760469012
KMB0F5vWexE_1,during,988,0,0,0,0.0010121457489878543
KP83EtWUOqQ_2,minimum,565,0,0,0,0.0017699115044247787
KPIxtz5y-AQ,paytm,3031,0,0,0,0.0003299241174529858
KVIEAqtUyxE_1,soldier,1882,0,0,0,0.0005313496280552603
KVe4agrfeOA_1,fingers,1,1,1,1,1.0
KVxHxFu6C1U,relay race,1900,0,0,0,0.0005263157894736842
KXnSguJGdN8,sorry,11,0,0,0,0.09090909090909091
KXzzVhXY0F4_1,light,1017,0,0,0,0.0009832841691248771
KYU0N1_c7so_1,cremate,2,0,1,1,0.5
K_d8eu4SgG0_1,explain,4418,0,0,0,0.00022634676324128565
Kb_ozOWxAfQ_1,my,912,0,0,0,0.0010964912280701754
KbmqszvRUmQ,policy,1,1,1,1,1.0
KjuOnxtgNrs_1,touch,2649,0,0,0,0.00037750094375235937
KqdHyxm3XDA,amazon,2,0,1,1,0.5
KtYQWbd8c2c,weak,2685,0,0,0,0.00037243947858472997
KtjbWweEkKE,paragraph,116,0,0,0,0.008620689655172414
Kxj8mG2kNCc,mother,2354,0,0,0,0.0004248088360237893
L-u8WLA5E18_1,decide,1,1,1,1,1.0
L3zllm-N0pA_1,amount,4418,0,0,0,0.00022634676324128565
L42e09-GlGE_1,australia,2555,0,0,0,0.0003913894324853229
L5N6iSUREkg_1,point,1,1,1,1,1.0
LBjLmVz_ae0_1,telephone,496,0,0,0,0.0020161290322580645
LFFS1Hdq7cA_1,lunch,3084,0,0,0,0.00032425421530479895
LJErvGH5rVU_1,bug,11,0,0,0,0.09090909090909091
LJZaMf1NGs0,snake,3639,0,0,0,0.0002748007694421544
LKNKVzQj9S4_1,rubber,4418,0,0,0,0.00022634676324128565
LLRVhSkiGkc,judge,2576,0,0,0,0.00038819875776397513
LRAKP8hKHTs_1,snow,302,0,0,0,0.0033112582781456954
LSrto7ULuac,trust,4351,0,0,0,0.00022983222247759135
LSysLOgMsG8_1,search,639,0,0,0,0.001564945226917058
LYQL5Is2IP0,without,1,1,1,1,1.0
LYRpKbuXtw8,drug,403,0,0,0,0.0024813895781637717
LZNIKt_FVwI_1,earn,557,0,0,0,0.0017953321364452424
LcIgsxb9F1Y_1,birth,2,0,1,1,0.5
Ld5T9glcT2k_1,things,1631,0,0,0,0.0006131207847946045
LdB-xdR0WlM_2,cold,1071,0,0,0,0.0009337068160597573
LfeTLkxBG30,skirt,1953,0,0,0,0.0005120327700972862
LfpizDfWhns_1,query,3682,0,0,0,0.00027159152634437803
LjoBu4KD33Y,complain,2700,0,0,0,0.00037037037037037035
LjwZPYHjqds,tripura,1670,0,0,0,0.0005988023952095808
Lkztp3ZDShA,view,4,0,1,1,0.25
LmFIEd0Ejq8,process,62,0,0,0,0.016129032258064516
Lngoh_uQHzw_1,month,40,0,0,0,0.025
LqLnP37No_Y,switch,4134,0,0,0,0.00024189646831156264
Lu0AwKQ33Sw,concrete,1,1,1,1,1.0
Lv_-f-V3ylE,slap,2367,0,0,0,0.0004224757076468103
LwD7BG_zdXM,reporter,466,0,0,0,0.002145922746781116
Lypi1wvlQ5s_1,socks,1716,0,0,0,0.0005827505827505828
M24VjuHEfgo,wait,2606,0,0,0,0.0003837298541826554
M5ML0oF4VzU,can,2740,0,0,0,0.000364963503649635
M5d-xq3xJi4,manner,1126,0,0,0,0.0008880994671403197
M84ritBmcTE,egypt,3,0,1,1,0.3333333333333333
M9A3PKPxbdY_1,door,2260,0,0,0,0.0004424778761061947
MAZVS8doD6E,learn,2486,0,0,0,0.00040225261464199515
MBpTWWSc1JE_1,science,1326,0,0,0,0.0007541478129713424
ME7pnv4k_l0_1,good,33,0,0,0,0.030303030303030304
MF1FXsA8yXw,hot,2148,0,0,0,0.0004655493482309125
MFWHZG1Xnr4,livelihood,1,1,1,1,1.0
MJTOje2ViH4,our,2695,0,0,0,0.00037105751391465676
MKirgaLINXQ_1,trouble,19,0,0,0,0.05263157894736842
MLAL7ASrh5s,pure,2564,0,0,0,0.000390015600624025
MMHxvuN8Z_0_1,job,2697,0,0,0,0.0003707823507601038
MMrUJwt_8oQ,orange,3210,0,0,0,0.00031152647975077883
MMzsqe-mNmc,qualification,1,1,1,1,1.0
MNCeezFR_YI,bread,2727,0,0,0,0.0003667033370003667
MONtOZhRgek_2,positive,627,0,0,0,0.001594896331738437
MTAoneZNzeQ,allow,2724,0,0,0,0.0003671071953010279
MVggQBRCOIw_1,september,42,0,0,0,0.023809523809523808
MWnrLOwPLqQ_1,kitchen,1284,0,0,0,0.000778816199376947
MXmTYGHWvvE,yes,417,0,0,0,0.002398081534772182
MYfR4Ec-zU0_1,association,1715,0,0,0,0.0005830903790087463
M_F0YMifj5g_1,zebra crossing,1989,0,0,0,0.0005027652086475615
MeJB3ZRQQcY,hygiene,1,1,1,1,1.0
MlZ9Hx3mkBk_1,onion,1325,0,0,0,0.0007547169811320754
Mo-VXbTe0bs_1,january,3448,0,0,0,0.0002900232018561485
MpOh9MQvWbY,belt,2310,0,0,0,0.0004329004329004329
Mq1c27rJxqY_1,mirror,2053,0,0,0,0.0004870920603994155
Mxlci8amm_0_1,necklace,1692,0,0,0,0.000591016548463357
N0OMPBVVK3o,praise,1083,0,0,0,0.0009233610341643582
N0Tgyn59Erw_1,waterfall,2,0,1,1,0.5
N0bpk_dzCuk,bite,3727,0,0,0,0.00026831231553528306
N4NevefkpsQ,cycle,3349,0,0,0,0.00029859659599880563
N51UnxHrRZg,process,157,0,0,0,0.006369426751592357
N9JQMzE7_DI,england,1154,0,0,0,0.0008665511265164644
N9XgekP7Qtg,hidden file,1,1,1,1,1.0
NATVmGM4bpQ_1,year,155,0,0,0,0.0064516129032258064
NAiENsui-oc_1,lie,4412,0,0,0,0.00022665457842248413
NBEVpBk-9VI,soft,4229,0,0,0,0.00023646252069047056
NC0iEaE7Ba4,tuesday,2534,0,0,0,0.0003946329913180742
NCRLLU_dxcM_1,sparrow,2,0,1,1,0.5
NGfUhD-kG1M,change,4141,0,0,0,0.0002414875633904854
NJZoju_a6Ig_1,hang,26,0,0,0,0.038461538461538464
NKaU1IK6k94_1,august,4339,0,0,0,0.00023046784973496196
NLy90nqeNko_1,singapore,4024,0,0,0,0.00024850894632206757
NMajC62MvaQ_1,work,1518,0,0,0,0.0006587615283267457
NPrAFhC6vWk_1,body,1757,0,0,0,0.0005691519635742744
NPxCD7p6M80_1,small pox,2,0,1,1,0.5
NROeKyImRuI_1,food,3003,0,0,0,0.000333000333000333
NSERnk7V4ZA_1,careful,76,0,0,0,0.013157894736842105
NSwtAmwDTZE_1,sand,1,1,1,1,1.0
NUKt0kkYSg4,sick,2380,0,0,0,0.0004201680672268908
NWx2vBB9F7g_1,pig,1,1,1,1,1.0
NXEPPzd8AXk_1,freeze,884,0,0,0,0.0011312217194570137
NZ2sunnoc7k,torch,3365,0,0,0,0.00029717682020802375
Nb8uJ822Tig,tinda,1,1,1,1,1.0
Ncynk9HDp3c_1,swallow,2728,0,0,0,0.00036656891495601173
NeXKnG1-7cU_1,false,4368,0,0,0,0.00022893772893772894
Nfxj5lRpg2o_1,pakistan,390,0,0,0,0.002564102564102564
NhVVvn7cwd4,russia,4415,0,0,0,0.00022650056625141563
Ni3iHE6bas8,unite,2,0,1,1,0.5
Ni5kmFuBXzI,wednesday,4381,0,0,0,0.00022825838849577722
NiIyd5WjjFg,put,2808,0,0,0,0.00035612535612535614
NmPpZgrECW0,police,3299,0,0,0,0.0003031221582297666
NmmgvY4gy40_1,cheque,1282,0,0,0,0.00078003120124805
NuTEITSEAUA,papaya,2252,0,0,0,0.0004440497335701599
Nud7Ld9x7Z4,perfect,4418,0,0,0,0.00022634676324128565
NvxJw6Zi6UA_1,toothbrush,3,0,1,1,0.3333333333333333
NxxURb8wKd0,punjabi,2654,0,0,0,0.00037678975131876413
NypNRzPI2Hg,punjab,5,0,1,1,0.2
O-H9plmvvoE,prime minister,2710,0,0,0,0.00036900369003690036
O2_3lA8kVVE,brain,3119,0,0,0,0.0003206155819172812
O3SeL_0pvTs_1,sunday,13,0,0,0,0.07692307692307693
O4sOntiraJc,punish,1,1,1,1,1.0
O9Dk6KdQ4to_1,transparent,2334,0,0,0,0.0004284490145672665
O9ZwfYTIETI,together,1213,0,0,0,0.0008244023083264633
O9pRqLLFUEE_1,happy,1,1,1,1,1.0
OB6FvmCHsDg,invent,2573,0,0,0,0.000388651379712398
OBRmS71p6TU_1,stars,4356,0,0,0,0.0002295684113865932
OCcDnB5VdgU_1,window,3358,0,0,0,0.0002977963073257892
ODFZJd2f9X8,amazon,3,0,1,1,0.3333333333333333
OELaDZo5R7I,brain,2872,0,0,0,0.00034818941504178273
OF-9aiQTAfM,hanuman,3344,0,0,0,0.0002990430622009569
OHFdjCUkpME_1,elephant,2271,0,0,0,0.00044033465433729633
OL_k_mBRxbA,pyjama,2440,0,0,0,0.0004098360655737705
ON8Ou8j8BjY,principal,2604,0,0,0,0.00038402457757296467
OP1V4l-DdcA_1,hope,3,0,1,1,0.3333333333333333
OPfZfLKxZTU_1,instigate,17,0,0,0,0.058823529411764705
OSxSHGU_WOo_1,false,4362,0,0,0,0.00022925263640531865
OUQa0HC_ORM_1,understand,1101,0,0,0,0.0009082652134423251
OWya5pey33I,read,2959,0,0,0,0.0003379520108144643
OYQVWFoke9E,pick,2942,0,0,0,0.0003399048266485384
Oaqk8I-2-IE,tool,229,0,0,0,0.004366812227074236
ObrkXqrK96M,peon,3660,0,0,0,0.000273224043715847
OcSgDKInrg8,hot,2437,0,0,0,0.0004103405826836274
OeV_XZBC3VA_1,separate,2594,0,0,0,0.00038550501156515033
OfCw-0gAd6E,order,3947,0,0,0,0.0002533569799847986
OfGHhLbHWq4_1,spoil,1,1,1,1,1.0
Ohcc1XNi-s4,meeting,141,0,0,0,0.0070921985815602835
Oi__gIjhBk0_1,engineer,3484,0,0,0,0.0002870264064293915
OjJ2Vu0k5d8,animals,2063,0,0,0,0.0004847309743092584
OjPz3neEd7U_1,measure,2,0,1,1,0.5
OjYou9zLuDM_1,daughter,1,1,1,1,1.0
OkC4seOp-00,wash,1986,0,0,0,0.0005035246727089627
OoFz4JC0sjU_1,cover,271,0,0,0,0.0036900369003690036
OuOKDmE7q2c_1,parliament,3396,0,0,0,0.0002944640753828033
OwI1yeom0EM,surname,3336,0,0,0,0.00029976019184652276
Oy09VfmP5sQ,action,4418,0,0,0,0.00022634676324128565
P-35FnAOLeo_1,walk,1,1,1,1,1.0
P1r-uVbFZ00_1,cold,927,0,0,0,0.0010787486515641855
P2OKqOpct8s,grey,4418,0,0,0,0.00022634676324128565
P2YHoSAHJUg_1,train,2320,0,0,0,0.0004310344827586207
P58pF-HenyU,pause,2223,0,0,0,0.000449842555105713
P8q4ktLxy-A_1,pain,1074,0,0,0,0.000931098696461825
P9GAmYhGhJ0,janmashtami,934,0,0,0,0.0010706638115631692
PFH8OX7kSEA,online,4333,0,0,0,0.00023078698361412417
PI6SVXN35Rg,praise,836,0,0,0,0.0011961722488038277
PKyGYvB0Mf0,tripura,13,0,0,0,0.07692307692307693
PODw7DyLs64_1,play,3593,0,0,0,0.00027831895352073476
PQ5BHjzvK5A_1,zebra,3040,0,0,0,0.0003289473684210526
PQBIO5wAinc_1,copper,15,0,0,0,0.06666666666666667
PU5hB6j8ivk,unfair dismissal,1,1,1,1,1.0
PUtHYOs4aXQ,summary,2313,0,0,0,0.00043233895373973193
PUwW0NPqTh0_1,force,3370,0,0,0,0.0002967359050445104
PaFoWYRBizg,abdicate,23,0,0,0,0.043478260869565216
Pb7q2FmzWS8_1,mat,2,0,1,1,0.5
PeH-ArgS-fw_1,brown,1976,0,0,0,0.0005060728744939271
PemmRc-BA94,kerala,3521,0,0,0,0.00028401022436807724
Pgm4Qs_l-EE_1,buffalo,502,0,0,0,0.00199203187250996
PhkRGU9K9ZY_1,light,959,0,0,0,0.0010427528675703858
PlitAZnyimo_1,noon,1051,0,0,0,0.0009514747859181732
PpE3Mdz1Z4w,seed,3151,0,0,0,0.00031735956839098697
Pq-OLkv13Bw,light,2447,0,0,0,0.0004086636697997548
Pq7GkdMqan8,rough,2982,0,0,0,0.00033534540576794097
PqOEUuH2gj4,try,2390,0,0,0,0.00041841004184100416
Pqm1i-zg24o_1,eagle,13,0,0,0,0.07692307692307693
PsdIuGsFt9c_1,remove,942,0,0,0,0.0010615711252653928
Pu9zSjEsqnk,bell,2440,0,0,0,0.0004098360655737705
PvzM89FGSp0,advertisement,3365,0,0,0,0.00029717682020802375
Py2RBS-e9Xg,tree,23,0,0,0,0.043478260869565216
Q0SJzhLv0SQ_1,kind,1,1,1,1,1.0
Q1FtAjA_raE,walk,3251,0,0,0,0.00030759766225776686
Q25uAMfX5Fc,remember,2542,0,0,0,0.0003933910306845004
Q9w0G35HNLw,anti corruption law,35,0,0,0,0.02857142857142857
QEKQr_KeKe4,easy,2625,0,0,0,0.00038095238095238096
QF_QXmNelLk,tall,12,0,0,0,0.08333333333333333
QGozGZ4rg9c_1,biscuit,1672,0,0,0,0.0005980861244019139
QM3TDqfMMWY_1,process,3930,0,0,0,0.0002544529262086514
QPHySC61DCY_1,bud,1,1,1,1,1.0
QRTZR4dcC6k_2,black,90,0,0,0,0.011111111111111112
QTyJEcqXDTg_1,duck,2,0,1,1,0.5
QYaPv88J2iE,kitchen,535,0,0,0,0.001869158878504673
QYkPPw0ePck,seed,6,0,0,1,0.16666666666666666
Qhvb075HF_Y,clock,3591,0,0,0,0.000278473962684489
QlEKJLgEWMg,quantity,124,0,0,0,0.008064516129032258
QlqLuC-1u1U_1,mother,612,0,0,0,0.0016339869281045752
QlxwXFyAhOw_1,gardener,2005,0,0,0,0.0004987531172069825
Qo2EdbZg68A,onion,2668,0,0,0,0.0003748125937031484
QpcvD-hUihA_1,rank,1979,0,0,0,0.0005053057099545225
QqCdT8DJ2r0_1,window,3602,0,0,0,0.000277623542476402
QsQkRAFAKWM,delegate,4157,0,0,0,0.00024055809477988935
QsgOFiTSpa8_1,school bag,3213,0,0,0,0.0003112356053532524
Qy_q0sAucuw,teacher,2585,0,0,0,0.00038684719535783365
QzVK5LtCZkw_1,trouble,26,0,0,0,0.038461538461538464
R07yPaWBR8g,operation,3087,0,0,0,0.00032393909944930353
R0JV03iiFtU,promotion,161,0,0,0,0.006211180124223602
R1jaD2vHFNY_1,monday,3652,0,0,0,0.0002738225629791895
R3jedCIQWrE,star,510,0,0,0,0.00196078431372549
R6KdIjSPkvo,vision,1430,0,0,0,0.0006993006993006993
RAvAYYM05v4,shimla,2563,0,0,0,0.0003901677721420211
RDrpOAnwThg_1,iron,3253,0,0,0,0.0003074085459575776
RIWIAARKqCo,africa,27,0,0,0,0.037037037037037035
RIo6nyBv2oY_1,table tennis,828,0,0,0,0.0012077294685990338
RLYcKEP4af0,rjd,3315,0,0,0,0.00030165912518853697
RMFMc1KxwPM_1,why,3172,0,0,0,0.00031525851197982345
RMo1aaidZJo_1,august,1,1,1,1,1.0
ROF9TjG0q34_1,tamil,2875,0,0,0,0.00034782608695652176
RUKgTVVuVcg,increase,438,0,0,0,0.00228310502283105
RX34_NaukPo_1,tortoise,3416,0,0,0,0.0002927400468384075
RYeWs0MPMEA_1,terrace,1,1,1,1,1.0
RZo8XEvx1G8,confirm,1,1,1,1,1.0
RaT4rhSnixI_1,friday,79,0,0,0,0.012658227848101266
Rc_b4h5nFqo,bottle,2404,0,0,0,0.00041597337770382697
RdySS4hQE0s,division,1144,0,0,0,0.0008741258741258741
RfTlPy0yoLg,beer,5,0,1,1,0.2
RhEpVt-AEK8,lion,3270,0,0,0,0.0003058103975535168
RhzIqPFf72k_1,mountain,4,0,1,1,0.25
RjDvvpbDcHk,bihar,3620,0,0,0,0.00027624309392265195
RkMTKS4AjQU_1,bite,1,1,1,1,1.0
RlC8ZTPuOBU_1,interest,967,0,0,0,0.001034126163391934
Roh9CQ2tF3Y,watch,3270,0,0,0,0.0003058103975535168
RpLX2iGqahI,pair,1702,0,0,0,0.0005875440658049354
RqddJENqoOY,go,2197,0,0,0,0.0004551661356395084
Rs5qSbsnJKs_1,roar,11,0,0,0,0.09090909090909091
Rv-ass03RkM_1,original,4418,0,0,0,0.00022634676324128565
RwdFk6p7tyo,very hot,2,0,1,1,0.5
RyuTiOy4BBI,steel,3807,0,0,0,0.0002626740215392698
S0eE3CkrjZU_1,fox,2427,0,0,0,0.00041203131437989287
S0nGLXH4H5Y,tennis,2410,0,0,0,0.0004149377593360996
SAPfIHh1BPg_1,cat,840,0,0,0,0.0011904761904761906
SB50UhgrFMY,muslim,116,0,0,0,0.008620689655172414
SDQ1doHsLn0,superficial,45,0,0,0,0.022222222222222223
SEVIbuIk3AU_2,sphere,108,0,0,0,0.009259259259259259
SEVkZ5qhIC0_1,swallow,2682,0,0,0,0.0003728560775540641
SFD6zesDMMY,pray,2,0,1,1,0.5
SFP1Y49gip0_1,friday,4336,0,0,0,0.00023062730627306272
SGLYqU0p4X4,south,4418,0,0,0,0.00022634676324128565
SJaqmqaD77k,website,180,0,0,0,0.005555555555555556
SJxqZH9B3zw,jaundice,2132,0,0,0,0.00046904315196998124
SOMg4XV_dEY,diwali,7,0,0,1,0.14285714285714285
SPF11a6Uwy4_1,chennai,1217,0,0,0,0.0008216926869350862
SSkoetdv7G4,sculptor,1223,0,0,0,0.0008176614881439084
SUBSvmdSrXc_1,saturday,303,0,0,0,0.0033003300330033004
SUGgjeP54CQ,car,2632,0,0,0,0.00037993920972644377
SULzv6BHjHs_1,monday,4186,0,0,0,0.00023889154323936931
SVxNsaZs3dI_1,full,3642,0,0,0,0.0002745744096650192
SWi723tppLE_1,weak,176,0,0,0,0.005681818181818182
SWq-SiX-v20_1,sunset,2575,0,0,0,0.0003883495145631068
SYrln3Ug1Lk,radio,4418,0,0,0,0.00022634676324128565
SaqUZcI2zDA,post,1124,0,0,0,0.0008896797153024911
SccmMdkBiAU_1,chat,2,0,1,1,0.5
ScoqXyTkXp8_1,wrong,3,0,1,1,0.3333333333333333
SdsEu8iuUpE,christmas,1618,0,0,0,0.0006180469715698393
SewBqDY49qs,eclipse,4376,0,0,0,0.00022851919561243144
Sh5c_9ADHFs,paper clip,1,1,1,1,1.0
SjfLsGRnuGo,name,14,0,0,0,0.07142857142857142
SlORjr0kUM4,water,3186,0,0,0,0.00031387319522912746
Sm7Cei87rg4_1,hardworking,5,0,1,1,0.2
SnUlY4XhAG0,profit,2824,0,0,0,0.0003541076487252125
SojDDNUsSew_1,monday,3902,0,0,0,0.00025627883136852895
SqXx7G7FX5A,singapore,4290,0,0,0,0.0002331002331002331
Ssub7QHvQIA,shoot,1887,0,0,0,0.0005299417064122947
SvabwOUNAEE,august,4347,0,0,0,0.00023004370830457787
Svm8Kk4Vr2Q_1,stand,1,1,1,1,1.0
Sx34-t7A_xM_1,mumps,1,1,1,1,1.0
SyZFNqdlRmc_1,breathe,1,1,1,1,1.0
T3DNMjNynU0_1,school,1000,0,0,0,0.001
T4-Q9pABqYs,waterfall,4367,0,0,0,0.0002289901534234028
T41OsrviQCY,birthday,4252,0,0,0,0.00023518344308560678
T4ySB6yP-m0_1,fire,1,1,1,1,1.0
T5JAHMxSu2w_1,right,2810,0,0,0,0.00035587188612099647
T7RBzS7EJ6A_1,husband,5,0,1,1,0.2
T7RIPkBR3ik_1,woman,4231,0,0,0,0.0002363507445048452
T7v9JbH90I0_1,confident,2,0,1,1,0.5
T9GMyhxIv5k_1,iron,2637,0,0,0,0.0003792188092529389
T9eBnmIRtqg,like,2957,0,0,0,0.00033818058843422386
T9nijwnbCqw,rajasthan,3582,0,0,0,0.00027917364600781687
TCGWpLngbVA_1,prove,1061,0,0,0,0.000942507068803016
TEkWFmWdQ8Q_1,donkey,2226,0,0,0,0.0004492362982929021
TJeHXGVDCms,temperature,2703,0,0,0,0.0003699593044765076
TMANBpLx6s0_1,tomorrow,2487,0,0,0,0.0004020908725371934
TPdAyuJYQtE,bill,3178,0,0,0,0.00031466331025802394
TQpNNdkU0ZI_1,jaundice,3,0,1,1,0.3333333333333333
TR_tbUxLUco,it,2933,0,0,0,0.00034094783498124785
TRgM0lzJs-4,best,21,0,0,0,0.047619047619047616
TSTGnppZmfA_1,address,798,0,0,0,0.0012531328320802004
TVfeNBBdWpQ_1,skirt,13,0,0,0,0.07692307692307693
TXA5pIG0jEM,expensive,2854,0,0,0,0.000350385423966363
TcjKtM3VKj4,speech therapist,3691,0,0,0,0.000270929287455974
TdbUnoeHXcE_1,gujarat,1471,0,0,0,0.0006798096532970768
Teyhg_5_rdw_1,brick,1092,0,0,0,0.0009157509157509158
Tf97LjJhrMU,below,2444,0,0,0,0.0004091653027823241
Tfxp43vVHpY,listen,105,0,0,0,0.009523809523809525
TiPPYhh323E,sorry,871,0,0,0,0.001148105625717566
TickiRU7XxU,bulb,4418,0,0,0,0.00022634676324128565
TjSYqjfk-lc,temperature,2802,0,0,0,0.00035688793718772306
TkZ8qS_TIXk,cell,2513,0,0,0,0.0003979307600477517
Tm_V8zmIsCA_1,buffalo,330,0,0,0,0.0030303030303030303
TmsgikIaXu4,understand,1447,0,0,0,0.000691085003455425
TrDii_6LlNg,gujarat,6,0,0,1,0.16666666666666666
TtNpydFV6rI,behind,15,0,0,0,0.06666666666666667
TuH0o_tiW3o,august,4348,0,0,0,0.00022999080036798528
Tv1bOlYSqYI,website,1433,0,0,0,0.0006978367062107466
TwRRZw_m1Po_1,rubber,4418,0,0,0,0.00022634676324128565
U--0FZU2bDg,house,2819,0,0,0,0.000354735721887194
U-DAmE4tzo4,wise,1,1,1,1,1.0
U-dEobzY4o4,village,3343,0,0,0,0.0002991325157044571
U18qbyFJKnA,toothbrush,1979,0,0,0,0.0005053057099545225
U1WpPYHOp84_1,message,1229,0,0,0,0.0008136696501220504
U2DPGFl5JFA_1,kitchen,1790,0,0,0,0.0005586592178770949
U2UQ6QHvt_s_1,eclipse,4321,0,0,0,0.00023142791020597085
U45soEQ1V4o_1,handkerchief,538,0,0,0,0.0018587360594795538
U45t3T05qRk_1,cock,2781,0,0,0,0.0003595828838547285
U46jloztxAQ,coimbatore,3392,0,0,0,0.00029481132075471697
U5KcZNFATFM,garden,1,1,1,1,1.0
U7Y3GocRUak_1,october,1637,0,0,0,0.0006108735491753207
U8aIoaNXadQ,change,4088,0,0,0,0.0002446183953033268
UCd4aYE00KM_1,without,2663,0,0,0,0.0003755163349605708
UFePdoNR_KM,write,2322,0,0,0,0.0004306632213608958
UIZbKwFr9ck_1,saturday,253,0,0,0,0.003952569169960474
UJyI-681CrM,scratch,11,0,0,0,0.09090909090909091
UK-aS_5scz4_1,monday,3746,0,0,0,0.00026695141484249865
ULXqpYB1yYw,support,10,0,0,1,0.1
UMS2IJZt6To,free,3485,0,0,0,0.00028694404591104734
UOCJkoSjr9w,finish,3883,0,0,0,0.0002575328354365182
UORRNKMTusE,twitter,2648,0,0,0,0.00037764350453172205
UPTSoIuNOIw_1,egg,4,0,1,1,0.25
UQnQ_sw1fHA_1,neck,2316,0,0,0,0.0004317789291882556
UQogb-cniR4_1,cockroach,14,0,0,0,0.07142857142857142
URA2L-D-MAQ,city,2437,0,0,0,0.0004103405826836274
UUYEkCl4HvI,snail,87,0,0,0,0.011494252873563218
UWzrvtCcWDA,run,3267,0,0,0,0.00030609121518212427
UXoDCHd7VuQ_1,monday,2149,0,0,0,0.00046533271288971617
U_I4IzFnhdw,scratch,1034,0,0,0,0.0009671179883945841
UbLgHH4sOtA_1,mother,6,0,0,1,0.16666666666666666
UcEpOfJMly4_1,magic,1,1,1,1,1.0
UevozhypOqs_1,necklace,1692,0,0,0,0.000591016548463357
UgLgrXYY9Es,shine,9,0,0,1,0.1111111111111111
UgR3sxHLsDg,view,1,1,1,1,1.0
UhOwvFFtKVs_1,lotus,4,0,1,1,0.25
Ukr__1TiaOo_1,wait,2,0,1,1,0.5
UlQ5cTjCqT8_1,tuesday,2821,0,0,0,0.0003544842254519674
UnOmbIQFwOE_1,until,2,0,1,1,0.5
Unvi9R9Qg8w,similar,675,0,0,0,0.0014814814814814814
UoONuBxuPLg_1,cold,409,0,0,0,0.0024449877750611247
UodmDnAnLmg_1,cabbage,2888,0,0,0,0.00034626038781163435
UpTUXgf7Wck,sanitary pad,136,0,0,0,0.007352941176470588
UvsWlQg31Ts,pain,161,0,0,0,0.006211180124223602
Uwz4-pLZMC8,punctual,2388,0,0,0,0.0004187604690117253
UxfnLulLdVQ,suspect,1540,0,0,0,0.0006493506493506494
UyIz1DzGwQQ_1,explain,4418,0,0,0,0.00022634676324128565
UzpCuTtVV9Y_1,understand,1520,0,0,0,0.0006578947368421052
V-BQYv-0PKs,podium,59,0,0,0,0.01694915254237288
V279MbdgsSY_1,hair,1,1,1,1,1.0
V29VnUcT42Q,wiring,1,1,1,1,1.0
V63xT_OqUOw_1,yellow,4418,0,0,0,0.00022634676324128565
V9YCBo53D94_1,bedroom,5,0,1,1,0.2
VAhELbOjQFc,india,3897,0,0,0,0.00025660764690787786
VAiekrFaH-A_2,noise pollution,3410,0,0,0,0.0002932551319648094
VBx8a9gFcQI_1,cinema,3199,0,0,0,0.00031259768677711783
VCDSOi8Hix0,distance,4418,0,0,0,0.00022634676324128565
VCRZM4u-FYs,power,4418,0,0,0,0.00022634676324128565
VC_lTWT1HXU,right,826,0,0,0,0.0012106537530266344
VEALNsI7Ijg,silk,3437,0,0,0,0.0002909514111143439
VEppUiloi6c_1,blood pressure,2664,0,0,0,0.00037537537537537537
VFLmd-lcwZw_1,praise,550,0,0,0,0.0018181818181818182
VI6RwfsB3Tc_1,hippo,452,0,0,0,0.0022123893805309734
VIDtd_VYM2Y,copy,2730,0,0,0,0.0003663003663003663
VJNSZFoRLzE,follow,3722,0,0,0,0.00026867275658248256
VJlRCE_Tw3A_1,silver,3680,0,0,0,0.0002717391304347826
VLeir-T0xmU,magnet,4418,0,0,0,0.00022634676324128565
VMsWda7pWZA,black,2984,0,0,0,0.0003351206434316354
VN0pOHZP1KQ,leave,1909,0,0,0,0.0005238344683080147
VORmSzXh6YU,funny,2894,0,0,0,0.0003455425017277125
VPU-Gw_h9ko,debit card,1,1,1,1,1.0
VPiwsR-P4Tc_1,skin,1,1,1,1,1.0
VPja-SPBsSk_1,rice,6,0,0,1,0.16666666666666666
VS_ZuiQIJx0,no,1930,0,0,0,0.0005181347150259067
VSvlO0WM5fg_1,november,1696,0,0,0,0.0005896226415094339
VT9WJZKrys8_1,true,4048,0,0,0,0.00024703557312252963
VTDRIXo-Bpg_1,kurta,52,0,0,0,0.019230769230769232
VV3za4vmTTs,vessel,3360,0,0,0,0.00029761904761904765
VV7wIkRKbf0_1,form,1,1,1,1,1.0
VaXddHdk-K0_1,pillow,16,0,0,0,0.0625
VdR3IR0wqDY,air,4407,0,0,0,0.0002269117313365101
VfN66I8-KEk,war,2342,0,0,0,0.0004269854824935952
VhiPxEZMhus_1,monday,1,1,1,1,1.0
VhyiA9MZWZw,half,3866,0,0,0,0.0002586652871184687
VkHrewA9bJI_1,trust,4349,0,0,0,0.00022993791676247414
VkrF0Q4fWRo,group,3086,0,0,0,0.0003240440699935191
VqaaRKqS4tw_1,poor,36,0,0,0,0.027777777777777776
VqekGul5Xb0_1,mother,13,0,0,0,0.07692307692307693
VvIaOziZ0ac_1,minutes,4,0,1,1,0.25
Vxw3BnPmi3s_1,college,807,0,0,0,0.0012391573729863693
VyDyh75isWg,form,3759,0,0,0,0.00026602819898909286
W0VSNIUgNVw,endure,2,0,1,1,0.5
W3kbYwydKm4_1,sari,2016,0,0,0,0.000496031746031746
W4cePmQ87gw,narrow,2830,0,0,0,0.00035335689045936394
W62nMzY2gT4_1,earthquake,14,0,0,0,0.07142857142857142
W7fDu4rueCg_1,follow,3348,0,0,0,0.0002986857825567503
WAWc1DosGJM_1,cave,1,1,1,1,1.0
WBHJgw_7yEg,mix,3508,0,0,0,0.00028506271379703536
WBIjeM1OYEQ_1,monday,4191,0,0,0,0.00023860653781913624
WDlqCvrPrAE_1,elephant,2402,0,0,0,0.00041631973355537054
WEnejEf0veY,close,4003,0,0,0,0.0002498126405196103
WFrPLJ77amU,like social media,3,0,1,1,0.3333333333333333
WGwhxNQtfbE_1,where,975,0,0,0,0.0010256410256410256
WKPkIP9yP4s_2,millilitre,2549,0,0,0,0.00039231071008238524
WLBjunNqebs_1,hen,1,1,1,1,1.0
WOUQtem-BE0,bengali,2119,0,0,0,0.00047192071731949034
WP5T6GzCCy4,june,4296,0,0,0,0.00023277467411545624
WPgq1Rr9M9s_2,resistor,4418,0,0,0,0.00022634676324128565
WSEFp-h4Vk0,blood pressure,9,0,0,1,0.1111111111111111
WV786dTqOyQ,sandwich,1975,0,0,0,0.0005063291139240507
WW5m7jWsHFA_1,comfortable,2314,0,0,0,0.000432152117545376
WX8QEtaZ8Qs_1,level,434,0,0,0,0.002304147465437788
WZNbLu4g4IA,backdate,6,0,0,1,0.16666666666666666
W_qFjH-GKzA_1,thank you,1475,0,0,0,0.0006779661016949153
WdBygG07nkU,knife,1630,0,0,0,0.0006134969325153375
WdE0jsfQVhw_1,blue,4418,0,0,0,0.00022634676324128565
WdZpExRajmQ_1,thursday,1197,0,0,0,0.000835421888053467
Web5iasWBo8,programme,4045,0,0,0,0.00024721878862793575
Wj8Inf10Cds,donkey,949,0,0,0,0.001053740779768177
WlHa4foZbc0,queen,2860,0,0,0,0.00034965034965034965
WlhFpHM7lYY,see,2692,0,0,0,0.0003714710252600297
WoNO_8tWHBQ,young,2471,0,0,0,0.0004046944556859571
Wp4jKO4IYgU_1,wednesday,4375,0,0,0,0.00022857142857142857
WpleZf7o6Gc_1,welcome,4357,0,0,0,0.00022951572182694515
WrkOKBm3ALI_1,china,3871,0,0,0,0.0002583311805734952
WuKSQ-_M1aI,rat,3861,0,0,0,0.000259000259000259
WwL2FQcTAlg_1,kitchen,1459,0,0,0,0.0006854009595613434
WxIEetxTkzk,urdu,2607,0,0,0,0.0003835826620636747
WzjR1buH7o8,learn,2561,0,0,0,0.0003904724716907458
X-yEakgxzbs,kali mata,1,1,1,1,1.0
X0wavLbnBUU_1,sunset,2480,0,0,0,0.0004032258064516129
X2PsOJ4GaNY,next,2106,0,0,0,0.0004748338081671415
X2zPMYXfVkI_1,bright,941,0,0,0,0.0010626992561105207
X3SkopKJi5M_1,gujarat,1803,0,0,0,0.0005546311702717693
X5CuJTOY2g0,way,3716,0,0,0,0.00026910656620021526
X6ZfXYmVdZY,train,2046,0,0,0,0.0004887585532746823
X8_WnuAdIoE_1,bread,24,0,0,0,0.041666666666666664
X9PzLJ-yL6s_1,september,307,0,0,0,0.003257328990228013
XBDWMGgWI04_1,aluminium,6,0,0,1,0.16666666666666666
XCsc6GXwslU_1,april,255,0,0,0,0.00392156862745098
XDNgMT4swe4,grow,2079,0,0,0,0.000481000481000481
XEKKQz2x4DE,dubai,1,1,1,1,1.0
XFG6tJjEar8,lie,4411,0,0,0,0.00022670596236681024
XRo4L75knlY,postman,3223,0,0,0,0.00031026993484331366
XSg7UigBYwY_1,bus conductor,2916,0,0,0,0.0003429355281207133
XUmgkiZM4JI_1,earth,1340,0,0,0,0.0007462686567164179
XVoGUfRZqHo,electrician,3444,0,0,0,0.00029036004645760743
XYVygMJqlTQ,suspect,1,1,1,1,1.0
XYfVG8GNe4E_1,funeral,1,1,1,1,1.0
XYyZ0xYVA6I,pakistan,3313,0,0,0,0.00030184123151222455
X_tu5xG4icY_1,lighthouse,266,0,0,0,0.0037593984962406013
XcQTq6tBNeE_1,communicate,1591,0,0,0,0.0006285355122564425
Xca-yzLOWRU,close,3945,0,0,0,0.00025348542458808617
XdNhZENdMvM,shoot,693,0,0,0,0.001443001443001443
XdhGx06dlAI,relative,54,0,0,0,0.018518518518518517
XeV_Qqks978,unlawful,3738,0,0,0,0.00026752273943285177
XfXW-x1C4Es_1,hip,1,1,1,1,1.0
XggUmMB_05c_1,arm,1,1,1,1,1.0
XirShDs3mK8_1,punjab,1538,0,0,0,0.0006501950585175553
XjXXmj-9kFE,virus,2145,0,0,0,0.0004662004662004662
Xl-YVIaxrFE_2,vacation,1324,0,0,0,0.0007552870090634441
XpQ4QGeNsGM_1,angry,6,0,0,1,0.16666666666666666
Xr1SEUip10E,reception,556,0,0,0,0.0017985611510791368
Xu7Bjpz-ZRs,receive,2755,0,0,0,0.0003629764065335753
Xu87pjWy-zY_1,varanasi,2003,0,0,0,0.0004992511233150275
XunH_PEln9Y,piece,3,0,1,1,0.3333333333333333
XvUEpKDeies,owner,1774,0,0,0,0.0005636978579481398
XvtQ_hOFO8E_1,dream,2837,0,0,0,0.00035248501938667606
XxRvBiQEf1s,arunachal pradesh,1165,0,0,0,0.0008583690987124463
XzUB9q5Buyw_1,sick,41,0,0,0,0.024390243902439025
Y0-DjFLQcLw,jam,2324,0,0,0,0.0004302925989672978
Y0ObDf8ZmJ0,enjoy,1863,0,0,0,0.0005367686527106817
Y638xpGVl88_1,copy,73,0,0,0,0.0136986301369863
Y6FhOnbO6UI_1,thursday,10,0,0,1,0.1
Y8X09M_jMsI,sunrise,2022,0,0,0,0.0004945598417408506
YF6c_Lb35ng_1,housefly,3188,0,0,0,0.0003136762860727729
YF72FhOc8B8_1,tall,1735,0,0,0,0.0005763688760806917
YFFVY9bYiW8,mizoram,14,0,0,0,0.07142857142857142
YFl0dGwRwYo,property,3311,0,0,0,0.0003020235578375113
YGPgejLrILM,date,4382,0,0,0,0.00022820629849383843
YGog5xq4SiQ_1,corruption,1,1,1,1,1.0
YHd3THK5M-w,paint,2350,0,0,0,0.000425531914893617
YKFHr8y6YRI,metal,4418,0,0,0,0.00022634676324128565
YKnnyhESBww_1,kurta,1,1,1,1,1.0
YL4WDUU1nNU_1,nepal,30,0,0,0,0.03333333333333333
YMsS8QIdWM0,tuesday,32,0,0,0,0.03125
YP8kV_QxB5k_1,hyderabad,3381,0,0,0,0.0002957704821058858
YQONdUfXS78_1,local,1952,0,0,0,0.0005122950819672131
YQcpKDKzhIQ_1,bad,1,1,1,1,1.0
YQd_WV8xzI4_1,minor,2933,0,0,0,0.00034094783498124785
YRCrJpcwteg_1,january,2680,0,0,0,0.00037313432835820896
YT73Lh88yeE,waste,2901,0,0,0,0.0003447087211306446
YVKW4zFBxRs_1,wednesday,4355,0,0,0,0.0002296211251435132
YVRYl6f1f_0_1,experiment,1836,0,0,0,0.0005446623093681918
YXM8FEEsI_A,conference,1167,0,0,0,0.000856898029134533
YYMy75KpmJk,sweat,3499,0,0,0,0.0002857959416976279
YbaTI-fVR9c,salary,4224,0,0,0,0.00023674242424242425
Yc0Mx7DJ_Io,your,2428,0,0,0,0.00041186161449752884
Yf38Dy5zOF4,coconut,418,0,0,0,0.0023923444976076554
YfCkx2qZd10_1,bake,1033,0,0,0,0.000968054211035818
Ygj0IRouWKg,wash,2661,0,0,0,0.0003757985719654265
YhVonZ8wM4s,reservation,509,0,0,0,0.0019646365422396855
Yic2UpwFlV0_1,maximum,3325,0,0,0,0.0003007518796992481
Yiu0Yd9fSk8_1,boy,5,0,1,1,0.2
Yk2bJx0XDKk,corn,800,0,0,0,0.00125
YkB8oNd9yWk_1,insult,1,1,1,1,1.0
YkczyHs5RyA,deer,3032,0,0,0,0.00032981530343007914
Ykt6OXbw1q0,blue,4418,0,0,0,0.00022634676324128565
YnAajpsmDmk_1,cloth,1,1,1,1,1.0
YnZWnAEfIPw,round,3764,0,0,0,0.00026567481402763017
YnmUSF3cQCA_1,minister,2990,0,0,0,0.00033444816053511704
Ypycm97DvfI,paragraph,871,0,0,0,0.001148105625717566
YsHiDhGbv0Q,nepal,3651,0,0,0,0.0002738975623116954
YtiMW5yuGp0,pass,4168,0,0,0,0.0002399232245681382
YuqMoY_OqRg,printer,2018,0,0,0,0.0004955401387512388
Yv8NF6YIl10_1,stone,2,0,1,1,0.5
YwR00ZeFcQY_1,mother,3,0,1,1,0.3333333333333333
Yws2a_L3P5k,top,463,0,0,0,0.0021598272138228943
Yympd7Zsia4,visa,1,1,1,1,1.0
Yz4vZ5ALDfw,thank you,1,1,1,1,1.0
Yz6em7jgxK0,weak,2866,0,0,0,0.0003489183531053733
YzFnEXBbgqk_1,railway station,1,1,1,1,1.0
Z1QjMt7Nv8g_1,neighbour,3604,0,0,0,0.0002774694783573807
Z6JNDTUxfUc,grey,4418,0,0,0,0.00022634676324128565
Z7IcqSuMStI_1,silver,3556,0,0,0,0.00028121484814398203
Z7eSedTdh8o_1,lock,1,1,1,1,1.0
Z8s8vMx7whQ_1,andhra pradesh,1815,0,0,0,0.0005509641873278236
Z9fW5tpQOYY,lake,4355,0,0,0,0.0002296211251435132
ZA9VMWZGtLw_1,socks,1292,0,0,0,0.0007739938080495357
ZAVbHxqvcZM,projector,2073,0,0,0,0.000482392667631452
ZAXYZbQjJd8,official,2618,0,0,0,0.0003819709702062643
ZBUU3_QSSZ0,ant,16,0,0,0,0.0625
ZBUU3_QSSZ0_1,ant,12,0,0,0,0.08333333333333333
ZEOITP9Urts,goat,2414,0,0,0,0.00041425020712510354
ZHBeAUvAWFw_1,gram,4418,0,0,0,0.00022634676324128565
ZIKWlQUff9c,there,3018,0,0,0,0.0003313452617627568
ZLBwSYUFhqk,resign,2,0,1,1,0.5
ZRmC8bZ5OgY_1,notification,3200,0,0,0,0.0003125
ZSOCalqaCTw_1,east,1370,0,0,0,0.00072992700729927
ZT1KeYVFU3s,over,3120,0,0,0,0.0003205128205128205
ZThUGVQhL08,umbrella,780,0,0,0,0.001282051282051282
ZW9M04OzRVU_1,owl,1549,0,0,0,0.0006455777921239509
ZY-WTPLbMZc,yourself,2609,0,0,0,0.0003832886163280951
ZZAKxP9xMSE_1,plastic,8,0,0,1,0.125
Z_M-x3Xb-7c_1,enemy,1,1,1,1,1.0
Z_aF7Dndg5o,wrestling,1785,0,0,0,0.0005602240896358543
ZanVx78hi-g_1,water,667,0,0,0,0.0014992503748125937
Zbzwv7UaDLE_1,cholera,3,0,1,1,0.3333333333333333
ZcVzjZeVwj0,lock,3483,0,0,0,0.0002871088142405972
ZePqDGIfLng_1,goat,2,0,1,1,0.5
ZfEb14w8ZMk_1,housefly,2725,0,0,0,0.0003669724770642202
Zgmvl6IgXuY,amazon,69,0,0,0,0.014492753623188406
ZhM0Ej44-3A_1,poision,16,0,0,0,0.0625
ZhZN3BiLEqg_1,student,2099,0,0,0,0.0004764173415912339
ZjgpWHd9cyc_1,blue,4418,0,0,0,0.00022634676324128565
ZlECIvK4NRU,name,2053,0,0,0,0.0004870920603994155
ZmPkrJiAoGU,shock,1022,0,0,0,0.0009784735812133072
ZmQb16XR9Uk,themselves,1380,0,0,0,0.0007246376811594203
ZolqmXUbwIw_1,kangaroo,1,1,1,1,1.0
ZrPL-xKnDfk,degree,1145,0,0,0,0.0008733624454148472
ZrRMVnEBilo_1,magnet,4418,0,0,0,0.00022634676324128565
Zs0aCR0psKg_1,maximum,3397,0,0,0,0.00029437739181630853
ZsQKzWzog3w,cylinder,4418,0,0,0,0.00022634676324128565
ZuEwvrlmnyw_1,thursday,31,0,0,0,0.03225806451612903
ZwVF0XfVD7I,bath,2808,0,0,0,0.00035612535612535614
ZxL9a3whvvo,tubelight,3180,0,0,0,0.00031446540880503143
ZytQJwYWKuM_1,africa,1558,0,0,0,0.0006418485237483953
ZzvSRtMXoSA_1,garlic,3510,0,0,0,0.0002849002849002849
_1V-RYndk_o_1,bark,4,0,1,1,0.25
_2S9CpnbPLk_1,volcano,4418,0,0,0,0.00022634676324128565
_45PKVEtIUE_1,clown,1141,0,0,0,0.0008764241893076249
_5ISkq46e4U,volkswagen,3,0,1,1,0.3333333333333333
_5yHq8UYB-8_1,throat,4,0,1,1,0.25
_BPtLQumNF4_1,radio,4418,0,0,0,0.00022634676324128565
_C-VYAN3NP0_1,sly,1,1,1,1,1.0
_DzQr-7t3Wo,why,2330,0,0,0,0.00042918454935622315
_I7a-SaQTbQ_1,wound,1149,0,0,0,0.0008703220191470844
_MfSh3vAg-8_1,trunk,2797,0,0,0,0.0003575259206292456
_NCg6SOF43E,august,4342,0,0,0,0.00023030861354214648
_O0kLRn736A_1,belt,1,1,1,1,1.0
_OCCVPF3icI,buffalo,638,0,0,0,0.001567398119122257
_OVPsuqM4WA,axe,2890,0,0,0,0.00034602076124567473
_PagRKs0NVw_1,cosmetics,1,1,1,1,1.0
_VEDOuAOkwY_1,sweater,556,0,0,0,0.0017985611510791368
_VfAEWS3NIs_1,nose,1,1,1,1,1.0
_XNGzuCEq_k_1,certificate,5,0,1,1,0.2
_ZQRTRss6sY,parliament,1241,0,0,0,0.0008058017727639
_Zqd_PC4zYs,order,3659,0,0,0,0.00027329871549603714
_a81r3Cftzk,can,2860,0,0,0,0.00034965034965034965
_buJuYv17y0_1,cupboard,2,0,1,1,0.5
_deTkHwvwhc,best,1024,0,0,0,0.0009765625
_idIz52QU2Y_1,country,2425,0,0,0,0.0004123711340206186
_k5G74jDhCE_1,present,2121,0,0,0,0.0004714757190004715
_kI81r19zgI_1,hindu,235,0,0,0,0.00425531914893617
_lArEvKP43c,original,4418,0,0,0,0.00022634676324128565
_mRzTYgtxCU_1,quantity,2868,0,0,0,0.0003486750348675035
_ok_Ke5qnV8_2,temperature,524,0,0,0,0.0019083969465648854
_p5nn1S8iRE_1,blouse,877,0,0,0,0.0011402508551881414
_prgaw9obbQ,wash,1548,0,0,0,0.0006459948320413437
_pzmJOER_y8,ooty,2603,0,0,0,0.000384172109104879
_qWORH98SLc,person,3255,0,0,0,0.00030721966205837174
_rEVVtT1I44,she,2313,0,0,0,0.00043233895373973193
_rHStCQCPno,wedding,3693,0,0,0,0.00027078256160303275
_rguUTHtPkg,next,1625,0,0,0,0.0006153846153846154
_sL5FydI-Is,slow,3061,0,0,0,0.0003266906239790918
_tx2iiQNlZs,earthquake,3848,0,0,0,0.0002598752598752599
_u5BpyWgd2k,promote,189,0,0,0,0.005291005291005291
_z-Ry3er2_k,blood,3277,0,0,0,0.0003051571559353067
a1T4s6FhcSE,clear,24,0,0,0,0.041666666666666664
a1Zz3eyS0yE_1,start,997,0,0,0,0.0010030090270812437
a2YWHdD5gKk_1,big,1102,0,0,0,0.0009074410163339383
a7gXYwtf0aM,rainbow,178,0,0,0,0.0056179775280898875
a8cDfDvCcxw,cockroach,3474,0,0,0,0.0002878526194588371
a8g9AMsHvlI_1,friday,4352,0,0,0,0.00022977941176470588
a8w3qeRPwp8_1,yesterday,1479,0,0,0,0.000676132521974307
a8wk12Rfkac_1,west indies,2756,0,0,0,0.000362844702467344
aCaG3G4PAkQ,bedroom,3395,0,0,0,0.0002945508100147275
aD03ngrTQoI_1,goat,27,0,0,0,0.037037037037037035
aECrxESTDUM_1,percentage,2687,0,0,0,0.0003721622627465575
aF7X0ClwZVg,diet,56,0,0,0,0.017857142857142856
aFGQehtPlPc,disease,443,0,0,0,0.002257336343115124
aFbn0Bm9MCQ_1,special,2037,0,0,0,0.0004909180166912126
aFelqRyZOM4,sphere,3498,0,0,0,0.0002858776443682104
aGRreliJps4_1,pillow,2,0,1,1,0.5
aH6ce_mquBY_1,advance,3007,0,0,0,0.0003325573661456601
aI58FdiAz7Y_1,travel,3563,0,0,0,0.000280662363177098
aIYmSF72Yk4,mistake,4028,0,0,0,0.00024826216484607745
aJI0l51wGGM_1,dubai,1260,0,0,0,0.0007936507936507937
aJvkIV-8Q9A,promise,3335,0,0,0,0.0002998500749625187
aKd7QTNB4IU_1,wife,8,0,0,1,0.125
aMQeupEDGOw_1,repair,1808,0,0,0,0.0005530973451327434
aO7Pmus6yEE,month,4408,0,0,0,0.00022686025408348456
aQEJlg8RhXQ,good,4391,0,0,0,0.0002277385561375541
aQHSHQkL47I_1,sunday,251,0,0,0,0.00398406374501992
aQT4jI0jMWc,separate,4,0,1,1,0.25
aQpVV49PF98_1,catch,994,0,0,0,0.001006036217303823
aRGwbWv6law_1,neighbour,3083,0,0,0,0.0003243593902043464
aTbpGKnMdv8,reduce,151,0,0,0,0.006622516556291391
aWlh04N3DzA_1,handkerchief,432,0,0,0,0.0023148148148148147
aXX2ysgHZTA,east,3262,0,0,0,0.00030656039239730225
aYpR1Gsa0_U,christmas,714,0,0,0,0.0014005602240896359
a_5rkFrzauo_1,examination,134,0,0,0,0.007462686567164179
abmY621VQCw_1,smell,2301,0,0,0,0.000434593654932638
aj736kmw3Pw_1,escape,2135,0,0,0,0.000468384074941452
akYhM0X2Udc_1,start,3092,0,0,0,0.0003234152652005175
alvjMQjm1pM,personal,1195,0,0,0,0.0008368200836820083
amBz3VzA608_1,cheque,1131,0,0,0,0.0008841732979664014
amQEVitOUn4_1,right,2997,0,0,0,0.000333667000333667
amhLPtOfjgw_1,sari,2034,0,0,0,0.0004916420845624386
apdZVZdwz54,ban,29,0,0,0,0.034482758620689655
at2bDwxeV3c,tight,2581,0,0,0,0.0003874467260751647
aunVG5Ddwrc_1,sink,3544,0,0,0,0.0002821670428893905
autuHm9_jWo,throw,2770,0,0,0,0.00036101083032490973
avpSF2ZHlc0_1,wolf,6,0,0,1,0.16666666666666666
ax5vPQQRVRE_1,cancer,1,1,1,1,1.0
b-Oi5Oa5TIA,message,1,1,1,1,1.0
b0-O_EoAR7c_1,order,1,1,1,1,1.0
b2hjMDOnYnw_1,hardworking,4,0,1,1,0.25
b5R9Ubu8bw4,sunflower,3367,0,0,0,0.000297000297000297
b7Y145D3Gi4_1,trunk,2,0,1,1,0.5
b8uuqEIu8Ag,pencil,16,0,0,0,0.0625
b9W1y77hDSc,way,3860,0,0,0,0.00025906735751295336
bC9ZZ5izJPk,agra,1,1,1,1,1.0
bCXEgYMuyQU_1,banian,1,1,1,1,1.0
bCm6R9JGBvA_1,motor,747,0,0,0,0.0013386880856760374
bD4GIT0wuRE_1,dhothi,1,1,1,1,1.0
bDA6y9S2bb4,hard,18,0,0,0,0.05555555555555555
bGGgKRLRngQ,aam aadmi party,1298,0,0,0,0.0007704160246533128
bGRAQ9ORnm0,national,5,0,1,1,0.2
bHcewri1380_1,afternoon,2,0,1,1,0.5
bI019MZru3U,tight,2638,0,0,0,0.0003790750568612585
bJiwFIbDGRQ_1,christmas,1711,0,0,0,0.0005844535359438924
bK2UmfKfoPw_1,punctual,1,1,1,1,1.0
bL8PcxnwN74,same,5,0,1,1,0.2
bMZuO_mR3e4_1,hole,10,0,0,1,0.1
bNwhA4fMWCI,seed,3047,0,0,0,0.0003281916639317361
bP0ibVNj7TU,sailor,3734,0,0,0,0.0002678093197643278
bRAauK4qEf0_1,morning,2,0,1,1,0.5
bRT1xm32nIA,network,22,0,0,0,0.045454545454545456
bTfZoLcLD1s,drug,39,0,0,0,0.02564102564102564
bWRmIDKlKo0_1,work,1207,0,0,0,0.0008285004142502071
b_lBAwm-AC4_1,friday,4370,0,0,0,0.0002288329519450801
bbWDUkaUXLE,lightning,4306,0,0,0,0.00023223409196470042
bewlQQs7I0k_2,perfect,4418,0,0,0,0.00022634676324128565
bfWmhebPLIs_1,square,1,1,1,1,1.0
bgNFqlUDCMw_1,proof,2664,0,0,0,0.00037537537537537537
bgwSjzhyPs8,full stomach,4,0,1,1,0.25
bh3kxVL3EWA,volcano,4418,0,0,0,0.00022634676324128565
bhpHRwqACLY,colour palette,734,0,0,0,0.0013623978201634877
bmMd8l2xZaE,official,347,0,0,0,0.002881844380403458
bmQ6EhxdBuw_1,buddha purnima,4068,0,0,0,0.0002458210422812193
bouFPfGo6UI,dissent,990,0,0,0,0.00101010101010101
bp9mzPexxVY,carpenter,1,1,1,1,1.0
bqZZkH8aoC8_1,nose stud,1,1,1,1,1.0
bv9giU_G_Mc,online,4328,0,0,0,0.0002310536044362292
bvRVxOWJdMw_1,guilty,6,0,0,1,0.16666666666666666
bwM7NUs3TFc_1,good,1,1,1,1,1.0
bzfDfBXrsTA_1,bill,3,0,1,1,0.3333333333333333
c-5Km1sqJOA_1,coconut,3604,0,0,0,0.0002774694783573807
c-A3wFtFlEM_1,common,1247,0,0,0,0.0008019246190858059
c-n55nBWOIc_1,interest,88,0,0,0,0.011363636363636364
c0Mr2g3NjFE_1,profession,3554,0,0,0,0.0002813731007315701
c0YAVT3cqwI_1,pond,1,1,1,1,1.0
c3ekz0r_Xwg_1,busy,1481,0,0,0,0.0006752194463200541
c3l-zz-FQ9I_1,mouth,11,0,0,0,0.09090909090909091
c4HojUA2FGE,appointment,1,1,1,1,1.0
c4Nn0I-C4gY,blackboard duster,1,1,1,1,1.0
c4_wAHzGCiw,deadline,1,1,1,1,1.0
c6-NB5Yrrdo,arm,3132,0,0,0,0.00031928480204342275
c7P3OaUt-LA,owner,1555,0,0,0,0.0006430868167202572
c8QdJkQk-S4,absent,2,0,1,1,0.5
c9D91JO8O0w,manage,43,0,0,0,0.023255813953488372
cA1B3PFfvjM_1,photograph,3455,0,0,0,0.0002894356005788712
cApvRkBL8e0,hard drive,368,0,0,0,0.002717391304347826
cC0E_KK9FBs_1,variable,2110,0,0,0,0.00047393364928909954
cDV-k7lXo7w,south america,4294,0,0,0,0.0002328830926874709
cGIpxkvYfys,whistle,2816,0,0,0,0.0003551136363636364
cHzy7fieqXU_1,stationery,3159,0,0,0,0.00031655587211142766
cItWv5VCy8w_1,black,1,1,1,1,1.0
cKTC0499dBc,prescription,2587,0,0,0,0.00038654812524159255
cM_xDZOtPsc,paint,2194,0,0,0,0.00045578851412944393
cP9CvXcgOs8_1,famous,20,0,0,0,0.05
cPtb9OMfZ0w,sometimes,847,0,0,0,0.0011806375442739079
cPzYNzLFQo0_1,orange,778,0,0,0,0.0012853470437017994
cW1Vl1AqGzI,video,470,0,0,0,0.002127659574468085
ca4NtqH_cx0_1,thursday,133,0,0,0,0.007518796992481203
cfZzelNoOtA,profit,3064,0,0,0,0.00032637075718015666
chPdC6gwibQ,kumbh mela,8,0,0,1,0.125
ciBV8fax0EQ_1,whale,2,0,1,1,0.5
cigrNp7NbVY,bury,2361,0,0,0,0.00042354934349851756
cj4nM0IFGYQ,maha shivaratri,2142,0,0,0,0.00046685340802987864
cj56UIvObV8,back,3128,0,0,0,0.00031969309462915604
cjb9U7rI-pk,special,162,0,0,0,0.006172839506172839
ckDEZnw3PHE_1,ring,1,1,1,1,1.0
cmlToISecIA,adult,6,0,0,1,0.16666666666666666
cqpttv1IB28_1,wood,21,0,0,0,0.047619047619047616
cuouiP_uipw_1,official,3535,0,0,0,0.0002828854314002829
cvBDFoHc-SI_1,goat,4,0,1,1,0.25
cwDfYuPi02Y_1,socks,1295,0,0,0,0.0007722007722007722
cyyBiFbtefI,sikhism,19,0,0,0,0.05263157894736842
cyz7f5C8VWc_1,pretend,1,1,1,1,1.0
d0SGtxOqFpU,arrest,2576,0,0,0,0.00038819875776397513
d3Mz6l_VYic_1,call,1954,0,0,0,0.0005117707267144319
d3i2EjGoA2k_1,come,1369,0,0,0,0.0007304601899196494
d4nkMcBvUZM_1,eat,1979,0,0,0,0.0005053057099545225
d5SYjSyZLZI,cobbler,2814,0,0,0,0.00035536602700781805
d9fEfBJmy0Y_1,help,1,1,1,1,1.0
dAFLzjA5FtQ_1,pickle,1607,0,0,0,0.0006222775357809583
dBQHt6OHvi8_1,squirrel,14,0,0,0,0.07142857142857142
dELRdOxwEQY_1,pumpkin,4041,0,0,0,0.00024746349913387774
dGUBX9_VN7U_1,august,4306,0,0,0,0.00023223409196470042
dIH705Z6Wkk,mistake,790,0,0,0,0.0012658227848101266
dJtS0RP9YyM_1,pen,1051,0,0,0,0.0009514747859181732
dNZ0oK9jvZs,nothing,113,0,0,0,0.008849557522123894
dOPSYCZ4mfU,dustbin,1,1,1,1,1.0
dOZOALFxyNw_1,meat,4240,0,0,0,0.0002358490566037736
dPSB-HxRET4,understand,1366,0,0,0,0.0007320644216691069
dPnP2JZGAks_1,lead,1420,0,0,0,0.0007042253521126761
dQ30qulPHvE_2,brown,3336,0,0,0,0.00029976019184652276
dQABEhftkDY,zoo,1296,0,0,0,0.0007716049382716049
dQMbnTMaARA,hawker,77,0,0,0,0.012987012987012988
dQd7vQzxfJE,vadodara,2489,0,0,0,0.0004017677782241864
dRhS2U_Bl5w_1,result,113,0,0,0,0.008849557522123894
dSF64aB7oIs,juice,2598,0,0,0,0.00038491147036181676
dSGNGtAprtE_1,west indies,2822,0,0,0,0.00035435861091424523
dT4Y_R7jVIE_1,try,597,0,0,0,0.0016750418760469012
dVHZX2-cexY,sunday,3890,0,0,0,0.0002570694087403599
dWeSkZ2K4TA,wrestling,2179,0,0,0,0.0004589261128958238
d_0HZMA0Ml0,order,3766,0,0,0,0.0002655337227827934
daRWg-gnW7M,chalk,948,0,0,0,0.0010548523206751054
ddPCGaifqHg_1,back,1,1,1,1,1.0
deXIYwtAoUw,system,4153,0,0,0,0.00024078979051288225
dggsuMZSGAc_1,week,379,0,0,0,0.002638522427440633
dgpwdJ7NHJQ_1,planet,1,1,1,1,1.0
djeFrqW7rPE_1,jump,2576,0,0,0,0.00038819875776397513
dkAI5hTKrJA,law,16,0,0,0,0.0625
dkEWduuC67E_1,permanent,613,0,0,0,0.0016313213703099511
dkwDWRmVwUc,india,3617,0,0,0,0.0002764722145424385
dl6mqYVOS18_1,name,2298,0,0,0,0.0004351610095735422
dnZlTBG5Taw,nose,3172,0,0,0,0.00031525851197982345
doW1fga72Kk,yellow,4418,0,0,0,0.00022634676324128565
doWXendPFc0,bowl,2492,0,0,0,0.0004012841091492777
dp8CmTJwz6g_1,air,1,1,1,1,1.0
dqD5vrJHfQM,rectangle,3393,0,0,0,0.0002947244326554671
ds5AgTizcgg,sofa,3778,0,0,0,0.00026469031233456857
ds5lPKnltQc,rice,2322,0,0,0,0.0004306632213608958
dtlqOoeeqDU_1,hill,1,1,1,1,1.0
dv1x5AQM0E8_1,table,1806,0,0,0,0.0005537098560354374
dzKpkPSr6Ko_1,owl,1740,0,0,0,0.0005747126436781609
e-oFpEWqbFI,husband,3077,0,0,0,0.00032499187520311994
e07tkwowhvQ,respect,2103,0,0,0,0.00047551117451260106
e0RfjsPH0yU_1,curds,6,0,0,1,0.16666666666666666
e0d5YxnIU3Y_1,morning,10,0,0,1,0.1
e1GC3zNkWpQ_1,cut,3441,0,0,0,0.0002906131938390003
e3OA2Ag2N8I_1,dog,3286,0,0,0,0.00030432136335970786
e3c5fUAhX2Y,jaipur,3,0,1,1,0.3333333333333333
e4iQ8x7UgQo_1,cream,1,1,1,1,1.0
e6Mi_ArdxVo,silver,1199,0,0,0,0.0008340283569641367
e7LFVgiUCr8,gloves,2023,0,0,0,0.0004943153732081067
e7lQ3oflGyw_1,sweater,533,0,0,0,0.001876172607879925
e86DlT0gzqI_1,krishna,2412,0,0,0,0.00041459369817578774
eCHra4gvq2A,result,2090,0,0,0,0.0004784688995215311
eDr6D34kmcU,vote,3018,0,0,0,0.0003313452617627568
eEoggrLYiEs_2,direct current,4418,0,0,0,0.00022634676324128565
eGo9ontddG8_1,cheat,3,0,1,1,0.3333333333333333
eI4NQgjp5l0,company,3920,0,0,0,0.00025510204081632655
eIzOqdVJ2F8_1,frog,11,0,0,0,0.09090909090909091
eJ5kLxC1ViY,air,4402,0,0,0,0.00022716946842344388
eKlUw_m_ijA_1,mug,16,0,0,0,0.0625
eO-TvyY-J_o,wood,3366,0,0,0,0.00029708853238265005
eRceNyZCsU4,secret,892,0,0,0,0.0011210762331838565
eSD8MwwgEhw_1,discount,4137,0,0,0,0.00024172105390379503
eU9MyI-p_pA,biased,995,0,0,0,0.0010050251256281408
eWPCSqa31HI_1,wool,1,1,1,1,1.0
eZ1NWsWssI0,wash,2660,0,0,0,0.00037593984962406017
eZg439hkK5I_1,address,1,1,1,1,1.0
eh1UqHy5R8Y_1,bad,1,1,1,1,1.0
eiJTiYxjgHk_1,automatic,3088,0,0,0,0.0003238341968911917
ejiaz09X2eE_1,pant,1,1,1,1,1.0
ekGqhBY4SZE,regret,2645,0,0,0,0.0003780718336483932
emLsUwqTcMU,what time,2841,0,0,0,0.00035198873636043646
eoAWbfQWN7Q_1,absent,3353,0,0,0,0.00029824038174768865
eoIofO9ALwg_1,same,2778,0,0,0,0.0003599712023038157
eoYHSxd5nWY,record,4330,0,0,0,0.00023094688221709007
etpYZfoTkBE_1,grow,3702,0,0,0,0.0002701242571582928
evfYXabdfZQ_1,poision,7,0,0,1,0.14285714285714285
ewTBgnZ0sDk_1,interview,2140,0,0,0,0.00046728971962616824
ez4pS4IS6N8,short,3002,0,0,0,0.00033311125916055963
ezucq9E_nvs,idle talk,391,0,0,0,0.0025575447570332483
f-buhqEDiZ0,director,2233,0,0,0,0.0004478280340349306
f-uyGiFPPTo,electrician,3372,0,0,0,0.0002965599051008304
f0-kfiwqKL4_1,wound,1040,0,0,0,0.0009615384615384616
f0EqkYZvyIQ,start,4,0,1,1,0.25
f0qHlVNwotw_1,wedding,93,0,0,0,0.010752688172043012
f0vvft8hF_c_1,refrigerator,3886,0,0,0,0.0002573340195573855
f1U4dYb9r0A,listen,40,0,0,0,0.025
f4i8gexc2N4_1,silk,31,0,0,0,0.03225806451612903
f5uvvlfPawU,swing,5,0,1,1,0.2
f6ncKQ2HlJs,anonymous,1,1,1,1,1.0
f7KtY9x961I,christmas,416,0,0,0,0.002403846153846154
f7XWdoOSSNw_1,me,1501,0,0,0,0.0006662225183211193
fAa6GQuNoYM_1,build,2391,0,0,0,0.0004182350480970305
fAjax7qngzk,allow,2839,0,0,0,0.0003522367030644593
fAujasBRvD4,paint,2373,0,0,0,0.00042140750105351877
fBaO_PkHBdw,air matress,3,0,1,1,0.3333333333333333
fC-PT3F6GFo,win,2329,0,0,0,0.00042936882782310007
fCJA3uu02WA,melt,4,0,1,1,0.25
fDYfrgAPig8_1,reason,1578,0,0,0,0.0006337135614702154
fEpU1eisCoc_1,assembly,6,0,0,1,0.16666666666666666
fFrKd1qI9ZM,address,2882,0,0,0,0.00034698126301179735
fGtUUD9Hyvc_1,oil,1805,0,0,0,0.000554016620498615
fHWXXTb9FLc_1,list,4233,0,0,0,0.00023623907394283014
fI7cp68IaQU,engine,4418,0,0,0,0.00022634676324128565
fJyBgRTcBhA,tall,4,0,1,1,0.25
fNAwhyttX0Y,hour,4418,0,0,0,0.00022634676324128565
fR8uxOsE2Nw,jawaharlal nehru,1268,0,0,0,0.0007886435331230284
fSdet-nqdsA_1,saturday,14,0,0,0,0.07142857142857142
fT5IRf73MYo_1,heart,1,1,1,1,1.0
fU3FLT8aa_A,october,1,1,1,1,1.0
fUfGwnc4Hmo,australia,351,0,0,0,0.002849002849002849
fVKjue-fAkk,ruler,2673,0,0,0,0.0003741114852225963
fVnCA91Bvwo,dog,52,0,0,0,0.019230769230769232
fbjvZ8VrmUg_1,lipstick,1,1,1,1,1.0
fcSg4Zg7lbE_1,release,2023,0,0,0,0.0004943153732081067
fcuSg0jzcwI_1,mango,1281,0,0,0,0.00078064012490242
ffJgebjRuvo,similar,784,0,0,0,0.0012755102040816326
fggt2fOzJsk_1,pain,1167,0,0,0,0.000856898029134533
fh41xuYjbco_1,lazy,4,0,1,1,0.25
fiTyNgucpYM,do,4364,0,0,0,0.00022914757103574703
fjD41-Frk_k_1,reply,4,0,1,1,0.25
fmW1matLfhk,barber,2140,0,0,0,0.00046728971962616824
frOqpGZrIH8_1,madhya pradesh,2529,0,0,0,0.00039541320680110717
fs99SCAQCxU_1,cinema,2362,0,0,0,0.0004233700254022015
fwjl-PITW-A_1,monday,3513,0,0,0,0.0002846569883290635
fxWTlUwF1O4,protect,1012,0,0,0,0.0009881422924901185
g1xpvj7Xu3A,confused,1,1,1,1,1.0
g3I84gVyO9E,plate,3520,0,0,0,0.0002840909090909091
g5Dg60713kw,guilty,43,0,0,0,0.023255813953488372
g9AslMiIVTE_1,call,1826,0,0,0,0.000547645125958379
g9R8d7G2MuY,adult,572,0,0,0,0.0017482517482517483
gCc-L7xN82s,obey,506,0,0,0,0.001976284584980237
gJfBm3-gjws_1,sphere,2,0,1,1,0.5
gMsJGGpMWJs_1,distance,4418,0,0,0,0.00022634676324128565
gOHt4silLhA,india,3729,0,0,0,0.0002681684097613301
gUOHhoQ9jRM,format,180,0,0,0,0.005555555555555556
gZeBXbzKTnY,club,1,1,1,1,1.0
ga47ieQeEpg_1,visa,3171,0,0,0,0.000315357931251971
gcvA1iHN8RU,trunk,3702,0,0,0,0.0002701242571582928
gdk1_A6_e80_1,suspect,2557,0,0,0,0.00039108330074305825
geAcMUXIAv8,nothing,138,0,0,0,0.007246376811594203
gfTQT5gzASQ_1,name,2542,0,0,0,0.0003933910306845004
giANZjR3m2c_1,promotion,1997,0,0,0,0.000500751126690035
glwqA5VEbBs_1,balcony,1,1,1,1,1.0
go4BoZ5lX1s,ice cream,2842,0,0,0,0.0003518648838845883
guKx7gevhGo,milk,2668,0,0,0,0.0003748125937031484
gvz1mZnNRJw,north,4418,0,0,0,0.00022634676324128565
gyOoK92JltU,engagement,1557,0,0,0,0.0006422607578676942
gz02l8wMzKk_1,girl,5,0,1,1,0.2
gz3bQ5GGfUQ,sit,3,0,1,1,0.3333333333333333
gzjPlKC1r-w_1,pencil,897,0,0,0,0.0011148272017837235
gzlymlA-sW8,around,2896,0,0,0,0.0003453038674033149
h01yeVZv5zo,size,4418,0,0,0,0.00022634676324128565
h0IHd58MBEA,date,470,0,0,0,0.002127659574468085
h0J-0nV_CoA_1,that,1185,0,0,0,0.0008438818565400844
h1oFiJchfh0,man,1675,0,0,0,0.0005970149253731343
h58uVxY-2uE,we,2872,0,0,0,0.00034818941504178273
h5N2nXbDBm0,reservation,234,0,0,0,0.004273504273504274
h6hwyEN0Jwk,cam,1,1,1,1,1.0
h8PX8tmC6D0,cave,3401,0,0,0,0.00029403116730373417
h8cX3gzzey8,mobile,4,0,1,1,0.25
hAiUOOeVyRg_1,person,28,0,0,0,0.03571428571428571
hCyqeJeKGyI,vodka,1,1,1,1,1.0
hDVU5-mq6H8_1,noon,1048,0,0,0,0.0009541984732824427
hFbU0wq1A6Y_1,send,2671,0,0,0,0.00037439161362785476
hGJ3qOLO2ek_1,north,4418,0,0,0,0.00022634676324128565
hH2jM_bJyAc_1,sometimes,2487,0,0,0,0.0004020908725371934
hL5w2l57g9k,annual,70,0,0,0,0.014285714285714285
hLzEs4ZdXg4,policeman,7,0,0,1,0.14285714285714285
hMBo35nYkJ8_1,curtain,3,0,1,1,0.3333333333333333
hMHTMJFYAaI_1,fine,2442,0,0,0,0.0004095004095004095
hR03PpsD4O8_1,monkey,1,1,1,1,1.0
hUlyxPexDU0,wash,2293,0,0,0,0.0004361098996947231
hVx3X80m2rk,sequential,1,1,1,1,1.0
hVzB0xxqRiQ_1,share market,3238,0,0,0,0.00030883261272390367
hZ1IkPKvjS4_1,uttar pradesh,1423,0,0,0,0.0007027406886858749
h_Ja2phijtY,scold,2822,0,0,0,0.00035435861091424523
ha9bN_xLWhU_1,rest,4418,0,0,0,0.00022634676324128565
hb8P_6PksSI,tree,924,0,0,0,0.0010822510822510823
hdLBSjdqvIg,sheep,192,0,0,0,0.005208333333333333
hdedMoAlUx0,pillow,4,0,1,1,0.25
heZkGdeEaPE_1,pray,3061,0,0,0,0.0003266906239790918
hf9_mHO_dPg_1,potato,1100,0,0,0,0.0009090909090909091
hfmljrmlZ6k,diabetes,2440,0,0,0,0.0004098360655737705
hgscVnEa9Jg_1,waves,304,0,0,0,0.003289473684210526
hk2A1bKpvo4_1,drop,10,0,0,1,0.1
hmPvK4_rpYQ_1,restaurant,3297,0,0,0,0.00030330603579011223
hnIlCRz665c,this,2822,0,0,0,0.00035435861091424523
hnwJMWsU8tg,emergency,3835,0,0,0,0.0002607561929595828
hpY4EHeLGz0,result,1242,0,0,0,0.0008051529790660225
hurQiZ-f8WI,soap,2917,0,0,0,0.00034281796366129587
hvNcv6oLpaY,noise,2904,0,0,0,0.0003443526170798898
hx3Ig7Z6Fjs,tortoise,3616,0,0,0,0.0002765486725663717
hz69XeQ-OZU,door,2231,0,0,0,0.00044822949350067237
i-W0fIeF-Fs_1,think,2,0,1,1,0.5
i-W0qokTIeM,mechanic,1161,0,0,0,0.0008613264427217916
i-pOirIukIg_1,size,4418,0,0,0,0.00022634676324128565
i089w0q0af8_1,angry,1,1,1,1,1.0
i0RaT2MIuvY_1,courier,4211,0,0,0,0.00023747328425552126
i0mxg-Ww97Q_1,wheat,19,0,0,0,0.05263157894736842
i11LzPy5OPQ,room,3478,0,0,0,0.0002875215641173088
i2Uc1LRiYbs_1,queen,1,1,1,1,1.0
i4SXWG5euBE_1,camel,3,0,1,1,0.3333333333333333
i4YK5ssItV4,size,4418,0,0,0,0.00022634676324128565
i51r2vobqyY,promotion,633,0,0,0,0.001579778830963665
i5FfdjLi5IQ,magic,3204,0,0,0,0.00031210986267166043
i63RdVVp__E_1,alive,1542,0,0,0,0.0006485084306095979
i98p9BicOgI_1,lorry,1,1,1,1,1.0
i9_iDJ7f6oU_1,enjoy,3086,0,0,0,0.0003240440699935191
iAflHa-dXY8_1,relative,1697,0,0,0,0.0005892751915144372
iChCDbeSSy8_1,then,2,0,1,1,0.5
iEN8nrcP1y8_1,butterfly,1,1,1,1,1.0
iEoyPLi9Lys,plumber,2893,0,0,0,0.0003456619426201175
iG5hfz3BeJE_1,brass,8,0,0,1,0.125
iKNbZ_6pB5c,thursday,3240,0,0,0,0.00030864197530864197
iLrSnUDmfC4,kite,2883,0,0,0,0.000346860908775581
iNldnD33t8M_2,month,4412,0,0,0,0.00022665457842248413
iSjUgwEuBLg_1,chappels,1,1,1,1,1.0
iURwZntu130_1,increase,3759,0,0,0,0.00026602819898909286
iXunNKio1wU_1,bed,3,0,1,1,0.3333333333333333
iZgNcu2HzzE,factory,2268,0,0,0,0.0004409171075837742
i_zyHcuPs6s,light,2507,0,0,0,0.00039888312724371757
iaF0G6EmWk8_1,hanuman,499,0,0,0,0.002004008016032064
iayx3bt-0Rg,open,4309,0,0,0,0.00023207240659085636
icjDmpATHwE,draw,3468,0,0,0,0.0002883506343713956
icl2XFweTwc_1,photograph,3536,0,0,0,0.0002828054298642534
idmU_oI_TPs_1,king,2,0,1,1,0.5
ids6uU-p-lk_1,television,1204,0,0,0,0.0008305647840531562
ie88hOTzHTk,technician,195,0,0,0,0.005128205128205128
if8EmpcZpQo_1,move,3674,0,0,0,0.00027218290691344586
ifC99YlyRZE_1,poision,18,0,0,0,0.05555555555555555
igW552_dD_o_1,next,812,0,0,0,0.0012315270935960591
ijKFau9K4Rw,proof,16,0,0,0,0.0625
ijNQOg31iaI,adult,805,0,0,0,0.0012422360248447205
ijcihspmP_A_1,rat,5,0,1,1,0.2
ik8ITcJ1pTQ_1,hardworking,13,0,0,0,0.07692307692307693
inBVDyEiUDk,west,4418,0,0,0,0.00022634676324128565
inCpeFUzkNw,manipur,2122,0,0,0,0.000471253534401508
inqCbpEQ4LM_1,fear,4270,0,0,0,0.000234192037470726
ioph9CGaf2k,model,2538,0,0,0,0.0003940110323089047
iqPMR6iPPmU_1,swing,696,0,0,0,0.0014367816091954023
is0vnifQmQE,alarm,1,1,1,1,1.0
iuFcgfnMyC0_1,surgeon,2468,0,0,0,0.0004051863857374392
iuYObHCPlVA_1,zoo,1544,0,0,0,0.0006476683937823834
iwMNKUoHKgY_1,corn,958,0,0,0,0.0010438413361169101
iwNBFzTrAjk,shop,3387,0,0,0,0.0002952465308532625
iyN0Qrmy8F8_1,gold,1968,0,0,0,0.0005081300813008131
j-e06h5DMW4,name,21,0,0,0,0.047619047619047616
j1LtQ6CcA_4_1,family,1,1,1,1,1.0
j256ZJRmdrk_1,nest,1,1,1,1,1.0
j2M1Yp100ek,share,2948,0,0,0,0.00033921302578018993
j3DMG50QBRw_1,reduce,1587,0,0,0,0.000630119722747322
j3XAVjxZDUA_1,coat,1096,0,0,0,0.0009124087591240876
j3tuj3W7MFk_1,bathroom,8,0,0,1,0.125
j3zfVQG0Z_o_1,lorry,1,1,1,1,1.0
jD6niHPDzhQ_1,wood,9,0,0,1,0.1111111111111111
jGIwLZTt9ZI,accompany,1,1,1,1,1.0
jHyubnv9xFk,national anthem,2760,0,0,0,0.00036231884057971015
jIc74bWBwpw_1,tubelight,1,1,1,1,1.0
jKRoVBBlVDc_1,your,2,0,1,1,0.5
jLV6SCP_7tA,january,5,0,1,1,0.2
jLr6GA-anhg,bone,3583,0,0,0,0.00027909572983533354
jMWvOjMUjYk_1,interest,1806,0,0,0,0.0005537098560354374
jNkdn-cMgAw_1,nail polish,1,1,1,1,1.0
jR_zotBN7O0_1,donkey,2363,0,0,0,0.00042319085907744394
jTBahbE4_OY,know,2195,0,0,0,0.00045558086560364467
jTfsjVTVmKg_1,evening,2,0,1,1,0.5
jTiYeNeaS-s,youth association of the deaf india,20,0,0,0,0.05
jTkey-Xi7Zc_1,sad,2,0,1,1,0.5
jU4EzkHyLHA_1,land,3357,0,0,0,0.0002978850163836759
jWWLAybE8C8_1,sister,2451,0,0,0,0.0004079967360261118
jXFwSjb4-KU,safe,31,0,0,0,0.03225806451612903
jXIz2WBz-V8,practice,1731,0,0,0,0.0005777007510109763
jY2sv02MLIs_1,umbrella,1673,0,0,0,0.0005977286312014345
jZ46cqBrg3s,granddaughter,2210,0,0,0,0.00045248868778280545
jZ4oX1mcxCs_1,self balancing,1,1,1,1,1.0
jZgU5rsfZ4c,university,2262,0,0,0,0.0004420866489832007
j_ERp4-Cqbg_1,friday,4340,0,0,0,0.0002304147465437788
j_aqqdcJKls_1,who,1654,0,0,0,0.0006045949214026602
jaGiqrGr1y0_1,desert,1,1,1,1,1.0
jbQ45t-svIc_1,goal,3073,0,0,0,0.0003254149040026033
jcvnsL69MMo,range,1,1,1,1,1.0
jd3nIcR1SAk_1,smile,2862,0,0,0,0.00034940600978336826
jeTLFZIvM10_1,wet,2811,0,0,0,0.0003557452863749555
jfjL9Too_gA,patience,4284,0,0,0,0.00023342670401493932
jhJGHoYO_T4,banner,559,0,0,0,0.0017889087656529517
jhh83Fo3Hp8_1,instrument,1284,0,0,0,0.000778816199376947
jiGFdH-Yz4E_1,mechanic,2626,0,0,0,0.0003808073115003808
jk4ehSo6dXQ_1,lassi,4338,0,0,0,0.0002305209774089442
jkEN0PmkrDE_1,spanner,1215,0,0,0,0.0008230452674897119
jkSBzJW8eFI_1,melt,3122,0,0,0,0.00032030749519538755
jltBhjuviLI_1,hours,2,0,1,1,0.5
jn-vHteHdA0,thrice,7,0,0,1,0.14285714285714285
jrpS8BdYE2g_1,july,4227,0,0,0,0.0002365744026496333
jrqLjBjjrHA_1,tuesday,2154,0,0,0,0.00046425255338904364
jsM5s7HUAhQ,serial tv,1,1,1,1,1.0
jsuUHXDlVa0_1,late,751,0,0,0,0.0013315579227696406
jvqLDP06WII,put,2242,0,0,0,0.00044603033006244426
jxApN53iXO0,pollution,4418,0,0,0,0.00022634676324128565
k0pUR0HlaNw,small,2890,0,0,0,0.00034602076124567473
k2aBFQ5mXrE_1,old,1007,0,0,0,0.0009930486593843098
k3gjXKD3_XU,drive,4255,0,0,0,0.00023501762632197415
k5dRhEhUEQ0,turkey,2998,0,0,0,0.000333555703802535
k6iqdvYEj4k,lawyer,1249,0,0,0,0.0008006405124099279
k6lRQrt3WKo_1,jew,1783,0,0,0,0.0005608524957936063
k8MRVadUMt4_1,volcano,4418,0,0,0,0.00022634676324128565
k9C_uq11Ja0,increase,498,0,0,0,0.002008032128514056
kA8JbsFi4dI,embarrass,1971,0,0,0,0.0005073566717402334
kAIC79Ubl_g,bill,3415,0,0,0,0.00029282576866764275
kBGA6N3xhBo_1,cock,3173,0,0,0,0.0003151591553734636
kCPRwLk0iDk_1,smell,2421,0,0,0,0.0004130524576621231
kCcBWqGQAJk_1,animals,3114,0,0,0,0.0003211303789338471
kEMFrD53l6E,king,2850,0,0,0,0.0003508771929824561
kGNjIYbroko_1,taste,4094,0,0,0,0.0002442598925256473
kHGkRSDn6q8,land,963,0,0,0,0.0010384215991692627
kKCEuKZ3lV0,list,2018,0,0,0,0.0004955401387512388
kKwNheqJZ9M_1,brain,3,0,1,1,0.3333333333333333
kNozCUWm_iA_2,angle of refraction,4418,0,0,0,0.00022634676324128565
kPx4MXMIFZI,white,3126,0,0,0,0.0003198976327575176
kU3ISrjeygE,elephant,1,1,1,1,1.0
kXVms85vYqo_1,promise,3643,0,0,0,0.0002744990392533626
kYNeJvZntNM_1,sofa,2,0,1,1,0.5
kYgE3-7DngE_1,coal,9,0,0,1,0.1111111111111111
kYwtY_FCM1c,finish,3936,0,0,0,0.00025406504065040653
kZ6gCAbcJOA_1,tax,4084,0,0,0,0.0002448579823702253
kZneFf1ONo8,melt,5,0,1,1,0.2
kZnl4XgNVgU,increase,1117,0,0,0,0.0008952551477170994
k_cERknXVoc_1,uniform,4418,0,0,0,0.00022634676324128565
kadMX531Q2A,prefer,513,0,0,0,0.001949317738791423
kcHPJA0kPtg,stone,4386,0,0,0,0.00022799817601459188
keuFgJr0Bbc_1,knife,2804,0,0,0,0.0003566333808844508
kgvFkAx0xbE,stupid,1586,0,0,0,0.0006305170239596469
khVBhrXBIEY_1,shirt,1,1,1,1,1.0
khitZin7NWE_1,strong,3019,0,0,0,0.0003312355084465055
kionVevx1ns,repair,476,0,0,0,0.0021008403361344537
kjF2AUzUKO0,capsicum,2234,0,0,0,0.0004476275738585497
kjbYH9I5O4U,how many,2560,0,0,0,0.000390625
kl6t309RsBY,already,1,1,1,1,1.0
kmxkFZgrfuY,address,3242,0,0,0,0.00030845157310302283
knDXwoLESEc,sugar,2640,0,0,0,0.0003787878787878788
knmmNX9unM0_1,chew,1,1,1,1,1.0
ko_3tCyv_Dg,europe,4211,0,0,0,0.00023747328425552126
kqc7eglNJvE,team,1276,0,0,0,0.0007836990595611285
kur_a7Q3Abg_1,die,2543,0,0,0,0.00039323633503735744
kv9Mw_tuoF0,role,497,0,0,0,0.002012072434607646
kvs0joxjS98,share,2702,0,0,0,0.0003700962250185048
kxpgbuVTGlE,should,2379,0,0,0,0.0004203446826397646
kzVZwbq6m2Y_1,travel,4062,0,0,0,0.0002461841457410143
l0XFIBGJR_g_1,priest,33,0,0,0,0.030303030303030304
l19j_Mrajdc_1,store,2891,0,0,0,0.0003459010722933241
l2ytof4d1r0_1,book,1704,0,0,0,0.0005868544600938967
l3VvC6z1I4U_1,husband,15,0,0,0,0.06666666666666667
l3fZdrppyaI,shawl,1231,0,0,0,0.0008123476848090983
l4jwOKcXm4I,new,3231,0,0,0,0.00030950170225936243
l4sZF-4-a3A,proud,4254,0,0,0,0.00023507287259050304
l55s_LMAces_1,hearing,1887,0,0,0,0.0005299417064122947
l59aZl_Jrto,secret,1954,0,0,0,0.0005117707267144319
l6tVKGOn5JU_1,day before,9,0,0,1,0.1111111111111111
l74MrarGqOk,time table,17,0,0,0,0.058823529411764705
l7GQ-fR-DsA,tea,3236,0,0,0,0.00030902348578491963
l88Gk4kRlBE,reception,234,0,0,0,0.004273504273504274
l8lwU4wIOz4,bad,4347,0,0,0,0.00023004370830457787
l97vwBQOu94_1,kick,1103,0,0,0,0.0009066183136899365
lALvNHxvGDE_1,liquid,4418,0,0,0,0.00022634676324128565
lDO3r1artKs,weight,3933,0,0,0,0.0002542588354945334
lDeEBmTDzIY_1,gun,3557,0,0,0,0.000281135788585887
lEVfZdtEMkU_1,antartica,2814,0,0,0,0.00035536602700781805
lF9KfGNnrdU_1,scent,1517,0,0,0,0.0006591957811470006
lFY9NjDYAwg,lassi,1,1,1,1,1.0
lFyE0xYWW7I,drug,727,0,0,0,0.001375515818431912
lGjAsZhyyKc_1,exercise,1091,0,0,0,0.0009165902841429881
lH8ozqCOz_w_1,clerk,12,0,0,0,0.08333333333333333
lKFWhABVO30_1,picture,1085,0,0,0,0.0009216589861751152
lLd__AgPs98,he,2755,0,0,0,0.0003629764065335753
lMQiMzxO_IU,sharpener,2983,0,0,0,0.00033523298692591353
lOvFBGpn0bQ,district,3600,0,0,0,0.0002777777777777778
lQOdXN62MXo_1,in,3046,0,0,0,0.00032829940906106366
lQyrTnOO4XE,instagram,523,0,0,0,0.0019120458891013384
lR_1-a9k6wM,papaya,2683,0,0,0,0.0003727171077152441
lSPMq5Pdb6I_1,green,4418,0,0,0,0.00022634676324128565
lSy4VDcINoY_1,trouble,25,0,0,0,0.04
lV1k10LuRGk,knowledge,2552,0,0,0,0.00039184952978056425
lW8hheG6HgY,from,2857,0,0,0,0.00035001750087504374
lWnmHMNS06E,more,3313,0,0,0,0.00030184123151222455
lY5wzI7a5CE,welder,1358,0,0,0,0.0007363770250368188
lYS6WVGPAWo,calendar,1,1,1,1,1.0
lZ0zU9cHrbM_1,angle,1,1,1,1,1.0
lZFvkSf9kS8_1,pamphlet,2650,0,0,0,0.0003773584905660377
lZi4g6ZWBro,yak,342,0,0,0,0.0029239766081871343
lZnF8-wpBKg_1,fish,3,0,1,1,0.3333333333333333
lZt6lnBA9Gc,level,18,0,0,0,0.05555555555555555
l_iVlaZg-so,glass,3281,0,0,0,0.00030478512648582747
l_yU-eg4lHM_1,measles,3,0,1,1,0.3333333333333333
ldU7z0-dE4k_1,judgement,3233,0,0,0,0.0003093102381688834
ldZ8V0CmBu4_1,hotel,1958,0,0,0,0.0005107252298263534
ldoR2f3W4co,motorcycle,123,0,0,0,0.008130081300813009
lkC12LzjKzU_1,area,4418,0,0,0,0.00022634676324128565
lo-tct1Ryrc,smell,1,1,1,1,1.0
lpFt9c1GueI,gold,197,0,0,0,0.005076142131979695
lr-4dzTcjB8,engine,4418,0,0,0,0.00022634676324128565
lt-sitx_nUU_1,ant,2,0,1,1,0.5
ltKW64fB3VU_1,cat,931,0,0,0,0.0010741138560687433
ltR5hdlEzjQ_1,animals,3354,0,0,0,0.0002981514609421586
ltVnbI_MWDg,ministry of social justice and empowerment,1,1,1,1,1.0
lto2iIwYuOw,clever,24,0,0,0,0.041666666666666664
m105B5k5IYY_1,kannada,582,0,0,0,0.001718213058419244
m1LyTLlhmvA,tease,2549,0,0,0,0.00039231071008238524
m40rLzSro7M_1,annual,3761,0,0,0,0.00026588673225206064
m4NUhzj-l70,parrot,684,0,0,0,0.0014619883040935672
m4UTGWK32d4,next,2141,0,0,0,0.00046707146193367583
m4fQZijBvjo,why,1,1,1,1,1.0
m5IBE8Ozm_0_1,flower,3,0,1,1,0.3333333333333333
m6Uby73Tg3s,six,459,0,0,0,0.002178649237472767
m7cfsP8_omM_1,mother,10,0,0,1,0.1
m7q4oQRNQPQ_1,stove,77,0,0,0,0.012987012987012988
m7zujfKvM9Y,pen,1,1,1,1,1.0
m9lpyg8UEMU,telangana,762,0,0,0,0.0013123359580052493
mEKieyopxsc,stay,2335,0,0,0,0.00042826552462526765
mEhGf6FP0Jo,russia,4415,0,0,0,0.00022650056625141563
mFfYVeyQOWA_2,verification,2898,0,0,0,0.0003450655624568668
mHIxXjMGN8c_1,blood pressure,2049,0,0,0,0.0004880429477794046
mJz4mKTtt64,cheap,2577,0,0,0,0.00038804811796662784
mKjjkYe1ZSg_1,tortoise,2707,0,0,0,0.0003694126339120798
mKxgmzevEio,birds,2186,0,0,0,0.0004574565416285453
mL4_qchOSsM_1,gas stove,11,0,0,0,0.09090909090909091
mP9BH-ZabQk_1,gujarati,1997,0,0,0,0.000500751126690035
mPyRIGEieXo_1,some,1983,0,0,0,0.0005042864346949068
mRmOZEKXSFQ_1,jackfruit,2409,0,0,0,0.00041511000415110004
mUes7TvTZ0Y,catch,3,0,1,1,0.3333333333333333
mZPhzM2sh0E_1,faith,1,1,1,1,1.0
m_jv0J-ORnQ_1,sunday,9,0,0,1,0.1111111111111111
maf-Qj8EavI_1,agenda,2769,0,0,0,0.00036114120621162876
mdghSfzgn_w,okay,44,0,0,0,0.022727272727272728
mdv4f8f7JpQ_2,hot,174,0,0,0,0.005747126436781609
meGXyGsCWhs,season,2913,0,0,0,0.00034328870580157915
mfoG6eiYkuA_1,busy,1796,0,0,0,0.0005567928730512249
mgVaDE2i02s_1,engine,4418,0,0,0,0.00022634676324128565
migHEZ8zuh0_1,candle,1590,0,0,0,0.0006289308176100629
mjwekhNRLbY,shaving razor,328,0,0,0,0.003048780487804878
mkXoxeaRCRc,triple,5,0,1,1,0.2
mmXQw0IktO0_1,good,4377,0,0,0,0.0002284669865204478
mn1F8ifBfE8_1,cap,1,1,1,1,1.0
mnZrhrQqNQk,peacock,870,0,0,0,0.0011494252873563218
mnswyczu_t4_1,easter,70,0,0,0,0.014285714285714285
mny-_WVQmTM_1,newspaper,1,1,1,1,1.0
mpugTirtE4Q_1,exercise,934,0,0,0,0.0010706638115631692
muFgzetIJP4,sea,4357,0,0,0,0.00022951572182694515
mw6GHL7CsJw_1,son,1162,0,0,0,0.0008605851979345956
mwUQPlBBZgE,stop,4394,0,0,0,0.0002275830678197542
myELYk-m-cI_1,toes,1,1,1,1,1.0
n-1noAwKg1w,economics,1640,0,0,0,0.0006097560975609756
n-oYLZ4V2ZY_1,possible,599,0,0,0,0.001669449081803005
n0NXSLz7Skk,wrong,3831,0,0,0,0.00026102845210127906
n0ixnjHqfAU,accept,3495,0,0,0,0.0002861230329041488
n2Yyy3BkMjk,ginger,2472,0,0,0,0.0004045307443365696
n7Ikc1zpm-o,cylinder,4418,0,0,0,0.00022634676324128565
n8CdU-tQIX4,roof,2813,0,0,0,0.00035549235691432633
n9F3-JF1Dug,blouse,31,0,0,0,0.03225806451612903
nBXHnSz4pYc_1,compass,4418,0,0,0,0.00022634676324128565
nBnJhuCSZxY,compare,3959,0,0,0,0.00025258903763576663
nC0-4IBpIe0_1,mirror,2024,0,0,0,0.0004940711462450593
nDjjCfmeT28_1,put,3566,0,0,0,0.00028042624789680314
nEoBtV3LSLw,shallow,12,0,0,0,0.08333333333333333
nGYNwYqr4iM_1,extra,1935,0,0,0,0.0005167958656330749
nGk01dUfQo0,buffalo,325,0,0,0,0.003076923076923077
nH3nl9uTYc8_1,expensive,1,1,1,1,1.0
nHdz1IK9ydw,weak,2727,0,0,0,0.0003667033370003667
nIBj-sIAi3s,sleep,2852,0,0,0,0.0003506311360448808
nIYd_DTmgOA,diabetes,2467,0,0,0,0.00040535062829347385
nLRgpHuC0fQ_1,cholera,1,1,1,1,1.0
nOfYw4qFT98_1,calm,1752,0,0,0,0.0005707762557077625
nOqqumlcVYU_1,shine,3682,0,0,0,0.00027159152634437803
nPejilWVcLU,state,3346,0,0,0,0.00029886431560071725
nR0rTKA9Ldo_1,action,4418,0,0,0,0.00022634676324128565
nReXFWHGPdg,soup,5,0,1,1,0.2
nS1xo_n5_sQ_1,you,1846,0,0,0,0.0005417118093174431
nS5mLcPFpnk_1,strong,2744,0,0,0,0.00036443148688046647
nT_QwhsDXR0,prescription,2821,0,0,0,0.0003544842254519674
nVGUO-aBw6o,remove,938,0,0,0,0.0010660980810234541
nX8FJ8qjPuQ_1,candle,1551,0,0,0,0.0006447453255963894
nYQJc4FIONc_1,patience,4250,0,0,0,0.00023529411764705883
nYq64foD8OE_1,scent,1601,0,0,0,0.0006246096189881324
nZPix7hmbDc_1,chest,899,0,0,0,0.0011123470522803114
nZQgs84-71M_1,sunday,241,0,0,0,0.004149377593360996
nZXIuMlpqs8_1,temporary,885,0,0,0,0.0011299435028248588
n_ZH6USjaMM_1,unlimited,2402,0,0,0,0.00041631973355537054
na-Lq61BD80_1,agree,2582,0,0,0,0.0003872966692486445
nbGClOPWFAs,label,1,1,1,1,1.0
nbJBh7lzl30,taxi,2785,0,0,0,0.0003590664272890485
nbVI64uJFks,kannada,1,1,1,1,1.0
ncRjrgTmEho_1,trade,608,0,0,0,0.001644736842105263
ne5dJi6f9aQ,permanent,1,1,1,1,1.0
nhLcG0rMU7c_1,lawyer,1968,0,0,0,0.0005081300813008131
nkox-ajvLnc,lift,29,0,0,0,0.034482758620689655
npkVQCEbeeM_1,kill,43,0,0,0,0.023255813953488372
nqH15OqXPnI,winner,218,0,0,0,0.0045871559633027525
nsIYX21oO_M_1,divide,1903,0,0,0,0.0005254860746190226
ntsopMo8ABU,battered child syndrome,1,1,1,1,1.0
nuVE-pwIDNM,time,1793,0,0,0,0.0005577244841048522
nuYcIMq8e5U,apple,2983,0,0,0,0.00033523298692591353
nvofZFSfV1w_1,table,1905,0,0,0,0.0005249343832020997
o1T_M9vuDr8_1,gloves,3140,0,0,0,0.0003184713375796178
o1TtSAj8-oc_1,balloon,3193,0,0,0,0.00031318509238960227
o34Uvfsrpy0,servant,3795,0,0,0,0.00026350461133069827
o3ThFwDDdso,neck,1,1,1,1,1.0
o3Yqyk3bfXE,snow,4,0,1,1,0.25
o4AfySvjYxo_1,kurta,57,0,0,0,0.017543859649122806
o6HO3Gv3-HI_1,year,1,1,1,1,1.0
o81WOSZDrs4_1,tortoise,3729,0,0,0,0.0002681684097613301
oA3QZPn2m1k,duck,2791,0,0,0,0.00035829451809387314
oBQfG6EUQEM_1,watch,2,0,1,1,0.5
oCv7HT967Zc,air matress,127,0,0,0,0.007874015748031496
oH1yvkXOQ6w,gram,4418,0,0,0,0.00022634676324128565
oJUjrqXkdjs,add,4170,0,0,0,0.00023980815347721823
oMptigXjs8w,year,3893,0,0,0,0.00025687130747495504
oMrL9S8VGJ0_1,frog,91,0,0,0,0.01098901098901099
oNLS4rBETd8,bharatiya janata party,2793,0,0,0,0.00035803795202291446
oNnwv2EUUOQ,pakistan,1351,0,0,0,0.0007401924500370096
oPV8jV_SqGM_1,scissors,2614,0,0,0,0.00038255547054322876
oPedYyqevCM,natural,4418,0,0,0,0.00022634676324128565
oQ5MXCEEm7M_1,glass,3,0,1,1,0.3333333333333333
oROlXdZN6pA_1,feather,1,1,1,1,1.0
oRbyb-naKkE_1,far,1,1,1,1,1.0
oSXFhrjLVAI,quickly,1125,0,0,0,0.0008888888888888889
oUGGkzVjF3A_1,bath,468,0,0,0,0.002136752136752137
oUq6eVq85sU_1,kilogram,2300,0,0,0,0.0004347826086956522
oX-Mo3au4eY,international,223,0,0,0,0.004484304932735426
oXDA73D5WAM,try,2219,0,0,0,0.0004506534474988734
oYwBPKBX2kE,mouth,3203,0,0,0,0.00031220730565095225
oZ6x75IBNj8,programme,3922,0,0,0,0.00025497195308516065
oa5xViQgdGc_1,sick,1,1,1,1,1.0
ocJHUZkUA1E_2,degree,395,0,0,0,0.002531645569620253
odwu59KYHWk_1,thermometer,2844,0,0,0,0.00035161744022503517
oeH2BtfiHVI,fruits,2994,0,0,0,0.00033400133600534405
ogoYx2zZE7E,needle,2418,0,0,0,0.00041356492969396195
oh90rIHoAuQ_1,morning,18,0,0,0,0.05555555555555555
ok8DLBVJmKU_1,chief minister,1294,0,0,0,0.0007727975270479134
onUK6-vwi1s_1,doubt,2499,0,0,0,0.00040016006402561027
oo5qLRI1lmM_1,mumbai,1827,0,0,0,0.0005473453749315818
ooGQLLL-8RQ,experiment,4,0,1,1,0.25
oqQZVkOsNh8,metre,2980,0,0,0,0.0003355704697986577
oqq2I0ePK3Y,initiative,1,1,1,1,1.0
osLBI6ox7EE,nervous,436,0,0,0,0.0022935779816513763
otXF356rVzQ,bell,2725,0,0,0,0.0003669724770642202
oumchDY1yqs_1,post office,3304,0,0,0,0.0003026634382566586
p-TiL6oWEbA_1,often,936,0,0,0,0.0010683760683760685
p0IHOoCCGNU,carpenter,32,0,0,0,0.03125
p10Dt-78muM_1,energetic,1537,0,0,0,0.0006506180871828237
p6Br14ZTsZI,cream,2292,0,0,0,0.0004363001745200698
p7L6g9YzTVU,thermometer,3217,0,0,0,0.00031084861672365556
p8-zJttOAKc_1,toilet,41,0,0,0,0.024390243902439025
p8R2zU16-xI_1,thursday,273,0,0,0,0.003663003663003663
p8ccKTtbyaQ,duck,3027,0,0,0,0.0003303600925008259
p9SdpeHMkZ0,happy,4386,0,0,0,0.00022799817601459188
p9bBKmmXvkY,calculator,2549,0,0,0,0.00039231071008238524
pBeRmN-a5lU,shawl,2,0,1,1,0.5
pC0Qg1SBVs4_1,unit,4418,0,0,0,0.00022634676324128565
pCBCoT-2Bb4,murder,1,1,1,1,1.0
pD08WIZUULQ_1,chappels,6,0,0,1,0.16666666666666666
pDANep6oMko_1,sugar,12,0,0,0,0.08333333333333333
pDoqBNI1OyY,hidden file,1156,0,0,0,0.0008650519031141869
pFUbKCb5m0I,nice,2306,0,0,0,0.0004336513443191674
pFhX9i2XDVY_1,trust,4348,0,0,0,0.00022999080036798528
pFwwq-q_VTk,make a long story short,827,0,0,0,0.0012091898428053204
pIdeeOdo8pw_1,cook,493,0,0,0,0.002028397565922921
pJpVzk9brGM,rude,2558,0,0,0,0.00039093041438623924
pKXztoHJJLg_1,thorn,146,0,0,0,0.00684931506849315
pMUP28lpEtI,grow,1816,0,0,0,0.0005506607929515419
pNIc3-tZCr8,this,2739,0,0,0,0.0003650967506389193
pOrhwbKtrns,policy,1,1,1,1,1.0
pPNhLjhDOcs_1,night,95,0,0,0,0.010526315789473684
pRJFwOmmjPE,mushroom,1,1,1,1,1.0
pTbDCcIMvpM,record video,50,0,0,0,0.02
pU-6WzNOsuc,tolerate,2,0,1,1,0.5
pUe8744GO0Y_1,licence,2321,0,0,0,0.00043084877208099956
pWdhIAVSNh4_1,pig,4,0,1,1,0.25
pYCXAIysO5Y,record,4344,0,0,0,0.00023020257826887662
pYNE4dYeRKk_1,yellow,4418,0,0,0,0.00022634676324128565
p_jV4LqTBws,taste,1522,0,0,0,0.000657030223390276
p_jiAp79UAM_1,silk,4,0,1,1,0.25
pcL8I0LkHiI_1,oriya,4255,0,0,0,0.00023501762632197415
pcMAg0w93W0,mobile,1,1,1,1,1.0
pcz5j3TcyEs_1,brother,908,0,0,0,0.0011013215859030838
pdCmQ4U7C7c,wedding reception,300,0,0,0,0.0033333333333333335
phWVA0eK_x8_1,now,1,1,1,1,1.0
pi57mKwYBNQ,make,9,0,0,1,0.1111111111111111
pjwWOqfb8JQ_1,practise,298,0,0,0,0.003355704697986577
pkfSN1ufC0c_1,appointment,1043,0,0,0,0.0009587727708533077
pmZTgjnADhQ,peon,3681,0,0,0,0.00027166530834012495
poWZ8sd_wfk_1,grass,4085,0,0,0,0.0002447980416156671
pobP84igDt4,fresh,3980,0,0,0,0.0002512562814070352
podfgBVY9ak,wife,2899,0,0,0,0.00034494653328734045
prejlBZJFWo,typist,3538,0,0,0,0.0002826455624646693
przV2cLTG_4,conference,18,0,0,0,0.05555555555555555
pu9ff2Xvfy4,dhobi,4028,0,0,0,0.00024826216484607745
pwh-LfRLloM_1,feel,4118,0,0,0,0.00024283632831471587
pwmFabvAS3k,before,1895,0,0,0,0.0005277044854881266
pxDoKJd--Wk_1,drawer,2,0,1,1,0.5
pxP6gH5pazw,beautiful,2161,0,0,0,0.00046274872744099955
pxjiTt5uiQo,twin,166,0,0,0,0.006024096385542169
q0FzWxQ3D8k_1,rock,1517,0,0,0,0.0006591957811470006
q0tH9vIYWNU,poison,4,0,1,1,0.25
q3r_Y_arWCY_1,sentence,1578,0,0,0,0.0006337135614702154
q4UZa51yFUA_1,sister,2204,0,0,0,0.00045372050816696913
q4cpBqay1qI_1,advantage,2098,0,0,0,0.00047664442326024784
q97fAwh2-aM,rate,4369,0,0,0,0.00022888532845044633
qFfaDK70Jvc,decide,3310,0,0,0,0.00030211480362537764
qIEr10Hg_Hw_1,bad,10,0,0,1,0.1
qIRaIAMh3Nk_1,peas,2348,0,0,0,0.00042589437819420784
qKEIXeVwCB4_1,west bengal,2594,0,0,0,0.00038550501156515033
qL6nqL53Z0g,autocracy,370,0,0,0,0.002702702702702703
qMD3sfogugU,unemployed,996,0,0,0,0.001004016064257028
qMGPlkkXdek_1,angry,1,1,1,1,1.0
qNWz7DPyrnU,select,1886,0,0,0,0.0005302226935312832
qTqWjy6FgNE_1,white,782,0,0,0,0.0012787723785166241
q_0AgxMXZkU_1,area,4418,0,0,0,0.00022634676324128565
q_HxcWofEZU,allergy,2380,0,0,0,0.0004201680672268908
qbITjeyEq14,national anthem,2685,0,0,0,0.00037243947858472997
qiK-4WwmTNg,island,3092,0,0,0,0.0003234152652005175
qjgThWSsOVk_1,monday,17,0,0,0,0.058823529411764705
qjnZDMjWiuk,weight,3460,0,0,0,0.00028901734104046245
qkl0Ad2_chc_1,ant,20,0,0,0,0.05
qlTFEkGXr7Q_1,anklets,1,1,1,1,1.0
qm7nogtX_GY,zip,1,1,1,1,1.0
qmOaTqw3WQY,projector,147,0,0,0,0.006802721088435374
qoGtYKREfLY,maha shivaratri,1,1,1,1,1.0
qoMWB2o9jfE,hair dryer,1089,0,0,0,0.0009182736455463728
qoU45G2WmsE,wear,2530,0,0,0,0.0003952569169960474
qpNvq1zrIuc,transparent,1,1,1,1,1.0
qpeSv7MX-z0_1,pass,3616,0,0,0,0.0002765486725663717
qr6GWRK8STs_1,information,673,0,0,0,0.0014858841010401188
qriQ0SvqUq0,volcano,4418,0,0,0,0.00022634676324128565
qu0RevE96ac,remove,1,1,1,1,1.0
qw9d-nRDzKM_1,tuesday,2180,0,0,0,0.00045871559633027525
r2cxiOVBhpE_1,belief,1,1,1,1,1.0
r3EgB2AGF3s_1,yellow,4418,0,0,0,0.00022634676324128565
r4n7uVq_LzU,ladder,1169,0,0,0,0.000855431993156544
r5N3Xy-KNAU,music,4418,0,0,0,0.00022634676324128565
r607N-5gkHs,iron,2556,0,0,0,0.0003912363067292645
r644w1okl48_1,mile,4418,0,0,0,0.00022634676324128565
r7VLa40tjvM,area,4418,0,0,0,0.00022634676324128565
r8-q53AmmMg,extinct,1980,0,0,0,0.000505050505050505
r8ySf1Ql93Q_1,ask,67,0,0,0,0.014925373134328358
r99WfHTRr2A,think,3437,0,0,0,0.0002909514111143439
r9DiSHym81k,tired,2328,0,0,0,0.000429553264604811
r9QQ0jQ64IQ_1,dog,3403,0,0,0,0.0002938583602703497
rAUcd8-2e3Y,temple,1324,0,0,0,0.0007552870090634441
rBD74wqvKeI_1,chalk,2931,0,0,0,0.000341180484476288
rBRJw6gUMHM_1,circle,2,0,1,1,0.5
rCfYRtWfYVA,wine,10,0,0,1,0.1
rFC_zjBmNw8_1,statistics,1091,0,0,0,0.0009165902841429881
rFlXpH9WCf8_1,expiry,2882,0,0,0,0.00034698126301179735
rGn67Xxthrk_1,lemon,2295,0,0,0,0.00043572984749455336
rGwK-HsdDk0_1,leaf,2997,0,0,0,0.000333667000333667
rJOGOpWkH6U_1,socks,1463,0,0,0,0.000683526999316473
rJbc69qxPDA,colour,1439,0,0,0,0.0006949270326615705
rK412FrGOxY,network,1228,0,0,0,0.0008143322475570033
rKDZTG2rFPs,capital,318,0,0,0,0.0031446540880503146
rLgfWU1DpbY_1,day after,54,0,0,0,0.018518518518518517
rNvWUflStQQ,retire,4231,0,0,0,0.0002363507445048452
rOcFkQzLhLQ_1,brother,6,0,0,1,0.16666666666666666
rQ4mnndh8wk_1,beautiful,1821,0,0,0,0.0005491488193300384
rRVnNmQOR-I,calendar,1,1,1,1,1.0
rU5LeIE7tmM_1,leprosy,1,1,1,1,1.0
rWM6kOxTTIo,social,213,0,0,0,0.004694835680751174
rY6VvljDcc0,scratch,5,0,1,1,0.2
rYTt2LuzVhw_1,man,1801,0,0,0,0.000555247084952804
rYwhWesDH9k_1,cone,4418,0,0,0,0.00022634676324128565
r_xF77i3RGw,victory,1,1,1,1,1.0
rayOhAZhd2k,night,1742,0,0,0,0.000574052812858783
rbu6XJFG-uI,livelihood,30,0,0,0,0.03333333333333333
rbw7n0D0KGE_1,comb,1536,0,0,0,0.0006510416666666666
rd2t-M0o7Ds_1,crayons,1,1,1,1,1.0
rduuYRHkDtw_2,second,156,0,0,0,0.00641025641025641
rgk8cmr4El4_1,tongue,3,0,1,1,0.3333333333333333
ri8j2L0zG9c,bolt,2861,0,0,0,0.0003495281370150297
rihHzABTIPg,drawer,3329,0,0,0,0.00030039050765995795
rlMareW0lTU,projector,1,1,1,1,1.0
rn-sFXA7utE,sandwich,1575,0,0,0,0.0006349206349206349
rn4NJPtL1m8,up,2962,0,0,0,0.00033760972316002703
rpMNq0nFlUQ,approve,8,0,0,1,0.125
rsDIotNeFsM_1,spoon,47,0,0,0,0.02127659574468085
rsKBWd7j4n4_1,rose,13,0,0,0,0.07692307692307693
ruGnpxVL54k_1,right,3497,0,0,0,0.00028595939376608524
ruOCbes6zaM,minute,4418,0,0,0,0.00022634676324128565
rufhjKU3UII,chandigarh,2914,0,0,0,0.00034317089910775565
rvjY9vlX_H4,afternoon,2296,0,0,0,0.00043554006968641115
rwhRNPCPp34,nut,3212,0,0,0,0.00031133250311332503
rxzyWCTxCbg_1,advertisement,36,0,0,0,0.027777777777777776
rztToJBqL3k_1,wednesday,1,1,1,1,1.0
s-570A5kLxo,goat,2458,0,0,0,0.0004068348250610252
s0HIntkDTew_1,lake,1,1,1,1,1.0
s0WQZn1xjxo_1,tail,1,1,1,1,1.0
s1K-Mqzy9Bo,boil,3005,0,0,0,0.00033277870216306157
s57mcqROvtA,capital,521,0,0,0,0.0019193857965451055
s5AMrNjoP0Q,boxing,2640,0,0,0,0.0003787878787878788
s5cimY-et2g,price,4180,0,0,0,0.00023923444976076556
s67I8VUigAU,monkey,3161,0,0,0,0.00031635558367605187
s7Rg0qiQ1Fs,tongue,3449,0,0,0,0.00028993911278631486
s7U2zrpRFD0,welder,107,0,0,0,0.009345794392523364
sDvfKoCt0nI,rehabilitation,7,0,0,1,0.14285714285714285
sEu_kUiVDho_1,telugu,1834,0,0,0,0.0005452562704471102
sIRKe3QdsJ8,reduce,68,0,0,0,0.014705882352941176
sJ6Zv0fi1xM,weight,4169,0,0,0,0.00023986567522187575
sJF8p7K6dwk_2,expansion,706,0,0,0,0.00141643059490085
sKiDLFiFALs,abusive language,742,0,0,0,0.0013477088948787063
sLLQkt04ZiQ,drive,4261,0,0,0,0.0002346866932644919
sM0iALMvEmk,february,4278,0,0,0,0.0002337540906965872
sNWCdBEIWa8_1,qualification,3545,0,0,0,0.00028208744710860365
sNYOD_Qd7Mw,week,3517,0,0,0,0.0002843332385555871
sOSo5pep4dg_1,patna,4324,0,0,0,0.00023126734505087883
sOhE4j6NGm0_1,tiger,2,0,1,1,0.5
sPzCUfCMJH4,april,3527,0,0,0,0.0002835270768358378
sSvBHFI6AOk,date,4380,0,0,0,0.00022831050228310502
sTrWqNmE5HA,village,3351,0,0,0,0.0002984183825723665
sUBUK2M2nAY_1,tamil nadu,2064,0,0,0,0.00048449612403100775
sUjhP9obOxY,bike suspension,2,0,1,1,0.5
sWKP1r9ykRQ,head,2987,0,0,0,0.00033478406427854036
sY360i7TkCA_1,zebra,2900,0,0,0,0.0003448275862068965
sYoLxEMCh9E_1,demand draft,2079,0,0,0,0.000481000481000481
sZXEa_h85YQ,regular,10,0,0,1,0.1
s_VX_84e7iM_1,full moon day,4408,0,0,0,0.00022686025408348456
sbcGX30IGvI,electrode,2631,0,0,0,0.0003800836183960471
sblmoDlSQ7U,bold,4345,0,0,0,0.00023014959723820482
sbyKhp04Wdw_1,proud,3919,0,0,0,0.00025516713447307985
setzKjXP4MM_1,peacock,1809,0,0,0,0.000552791597567717
sfOCOxSfs10_1,warn,3864,0,0,0,0.0002587991718426501
sfpvbKAz4Oo,iron,3,0,1,1,0.3333333333333333
sh5goqn8bGI,question,383,0,0,0,0.0026109660574412533
sj8kYLtXNZU,bowl,2394,0,0,0,0.0004177109440267335
sjpTILsokjg_1,thursday,8,0,0,1,0.125
sjpdu42KxwI,meat,7,0,0,1,0.14285714285714285
smKYyxd26GY_1,under,1760,0,0,0,0.0005681818181818182
sn0j9u42p5Q,mistake,2263,0,0,0,0.0004418912947414936
soEw9PTY8Yw_1,bowl,10,0,0,1,0.1
src6zFQawX0_1,leaf,2851,0,0,0,0.00035075412136092597
suvKXxPyaWM_1,promise,3299,0,0,0,0.0003031221582297666
svQ3jUcN4f8,goa,1,1,1,1,1.0
sverVWEAPD8_1,never,1198,0,0,0,0.0008347245409015025
sy0W-04L9Gk_1,jail,3007,0,0,0,0.0003325573661456601
syK7APT1R4w,interest,3480,0,0,0,0.00028735632183908046
t1ElZ8Bbzyg,online,4284,0,0,0,0.00023342670401493932
t1XvJu6yRk8_1,clean,1388,0,0,0,0.0007204610951008645
t33d8E-JtV0_1,rock,1432,0,0,0,0.0006983240223463687
t39zwxTZXXk_1,vessel,1,1,1,1,1.0
t3XnfkCsUiY_1,cone,4418,0,0,0,0.00022634676324128565
t454iG2RVJg_1,word,2081,0,0,0,0.0004805382027871216
t6qqXzf4tq8,edit,1,1,1,1,1.0
t70Wrphzj2w_1,chappels,4,0,1,1,0.25
t7BWrIChL1Y,comfortable,3,0,1,1,0.3333333333333333
t7t7Jioxeu8,diwali,1050,0,0,0,0.0009523809523809524
t8sdmhD1yCc_1,cholera,127,0,0,0,0.007874015748031496
t8z3PzQKmwg,gas stove,3537,0,0,0,0.0002827254735651682
t9b5K6YsBk8,gun,49,0,0,0,0.02040816326530612
t9pvXOgaJe8,work,1878,0,0,0,0.0005324813631522897
tEJlKXA7Lkg,united nations convention on the rights of persons with disabilities uncrpd,48,0,0,0,0.020833333333333332
tHMs61ZefE8,embroidery,526,0,0,0,0.0019011406844106464
tHW-NM2H3f8_1,teeth,1327,0,0,0,0.0007535795026375283
tJXSJJCLffU_1,creeper,1,1,1,1,1.0
tKOaMOhEaX4_1,oath,573,0,0,0,0.0017452006980802793
tLOTRTxqIS4_1,sick,9,0,0,1,0.1111111111111111
tMYNBmb808w,prize,1060,0,0,0,0.0009433962264150943
tOHjjyuut4A_1,bell,128,0,0,0,0.0078125
tOrStACTZII_1,opinion,2559,0,0,0,0.00039077764751856197
tRNnbHdT9Ms_1,old,3397,0,0,0,0.00029437739181630853
tS7NrrYnx_E_1,son,1332,0,0,0,0.0007507507507507507
tShdaK0wAgk_1,chair,7,0,0,1,0.14285714285714285
tTjQsNGEeZ0_1,after,1569,0,0,0,0.0006373486297004461
tUV7RnfFTa4,christmas,1725,0,0,0,0.0005797101449275362
tYDAioUJUPQ_1,sunday,4,0,1,1,0.25
tZ28xXARcyk_1,duck,321,0,0,0,0.003115264797507788
ta7_tTeIt6c_1,cough,1,1,1,1,1.0
td1WlMO5Frw_1,bold,1,1,1,1,1.0
tg9QaW7Pvm8,leaf,1584,0,0,0,0.0006313131313131314
tgJL-RUAvO8,weird,2,0,1,1,0.5
tjA2aFyBuY4,adult,643,0,0,0,0.0015552099533437014
tkO1_qURjXM,volume,3062,0,0,0,0.00032658393207054214
tmVG2vu0ZGA,mizoram,1611,0,0,0,0.0006207324643078833
tnMi73_WfPg,middle,408,0,0,0,0.0024509803921568627
tol7I8LtJK0,bonus,279,0,0,0,0.0035842293906810036
top7pkA_DgY_1,individual,2535,0,0,0,0.0003944773175542406
tplh8l5q74U,loan,3316,0,0,0,0.00030156815440289503
tq8jQqoHYFA,isl,2,0,1,1,0.5
tquKNwZ2GmA_1,sweet,1403,0,0,0,0.0007127583749109052
tuw6tMLjHwQ_1,magic,308,0,0,0,0.003246753246753247
tx2Z3baCxLA_1,interest,892,0,0,0,0.0011210762331838565
tyLcsnN8-v4,shape,880,0,0,0,0.0011363636363636363
u-vcH9n4_P0_1,carpenter,1483,0,0,0,0.0006743088334457181
u0VMIS7wC-Q,vietnam,14,0,0,0,0.07142857142857142
u1yq_lnEwGI_2,capacitor,4418,0,0,0,0.00022634676324128565
u219wF2P_0Y_1,die,1828,0,0,0,0.0005470459518599562
u3NRv46oJVQ_1,pig,26,0,0,0,0.038461538461538464
u5PdOyHh8Yg,red,3596,0,0,0,0.00027808676307007786
u62ZlNmTpj4_1,cure,2,0,1,1,0.5
u6hpIkJUQXE,ruthless,1420,0,0,0,0.0007042253521126761
u6x6Qk463V4,leaf,2,0,1,1,0.5
u7Nv4whZa_0_1,shine,2609,0,0,0,0.0003832886163280951
u9397Rd5v7U_2,sound,2537,0,0,0,0.00039416633819471815
uA9K19APeNo_1,gate,1866,0,0,0,0.0005359056806002144
uBi-YX42NwI,application,4418,0,0,0,0.00022634676324128565
uCsgmqdwe4A,storey skyscraper,614,0,0,0,0.0016286644951140066
uCxNvB_ULoA_2,filament,4418,0,0,0,0.00022634676324128565
uF5-SHyMOwg,assam,126,0,0,0,0.007936507936507936
uF8zIar63bQ,punjabi,2795,0,0,0,0.00035778175313059033
uGjEbNgtauE,open,4308,0,0,0,0.00023212627669452182
uHAhEiTlj_M,knife,2545,0,0,0,0.0003929273084479371
uL1_UYVYkfg_1,flute,4069,0,0,0,0.0002457606291472106
uLSHBm4_kaw,gujarat,3,0,1,1,0.3333333333333333
uNZ-A9bIT2c,vehicles,2540,0,0,0,0.0003937007874015748
uOs0878HhR4,license,2411,0,0,0,0.00041476565740356696
uOsiUhQwVC8_1,bucket,782,0,0,0,0.0012787723785166241
uRJUiALx54w,virus,1103,0,0,0,0.0009066183136899365
uSz2hrQZr3o,around,2913,0,0,0,0.00034328870580157915
uT8WGjPj-V8_1,discuss,1639,0,0,0,0.0006101281269066504
uTLMV91lB10_1,assam,1233,0,0,0,0.0008110300081103001
uTZVPZYcdw8_1,accident,2643,0,0,0,0.00037835792659856227
uWVB0KovDB0_1,moon,1,1,1,1,1.0
uYfcQkRSvAY,china,4272,0,0,0,0.00023408239700374532
uaaq6GQck4s_1,never,1132,0,0,0,0.0008833922261484099
ubQczV3pKWs,assassination,249,0,0,0,0.004016064257028112
ubUFV8ypTlU_1,return,761,0,0,0,0.001314060446780552
ubkSJRDhK7E_1,genuine,3884,0,0,0,0.00025746652935118434
uf4A34QWFGw_1,rabbit,7,0,0,1,0.14285714285714285
ug0cTrsjK50,route,607,0,0,0,0.0016474464579901153
uhJRFZWXPEo,warm,2453,0,0,0,0.00040766408479412964
ujw1Z5DK0r4_1,art,2272,0,0,0,0.00044014084507042255
ulHF3SltKW0_1,malayalam,987,0,0,0,0.0010131712259371835
um4s1H6JPJg,call,5,0,1,1,0.2
up_LofohcV4_1,control,3172,0,0,0,0.00031525851197982345
upaDJQnr9nw,independent,4418,0,0,0,0.00022634676324128565
uptCGl-HvV0_1,bulb,4418,0,0,0,0.00022634676324128565
urMRtuI8AmE_1,spider,75,0,0,0,0.013333333333333334
uu9Qo9_Mbh4_1,round,38,0,0,0,0.02631578947368421
uuUInBI_oZM_1,fan,1,1,1,1,1.0
uulY6vsvNQA_1,leave,2328,0,0,0,0.000429553264604811
uuzch67c-xE,thermometer,3150,0,0,0,0.00031746031746031746
uwYdH7GuSBg_1,bangles,1,1,1,1,1.0
uwZ5UsyXbzg_1,mud,1,1,1,1,1.0
v-Mcteg34pI_1,hot,212,0,0,0,0.0047169811320754715
v-jfNqYzfO8_1,june,60,0,0,0,0.016666666666666666
v0cK8a9s14I_1,evening,543,0,0,0,0.001841620626151013
v1c0FpBhESQ_1,chart,1395,0,0,0,0.0007168458781362007
v1hh4hSEhzs,tally,4418,0,0,0,0.00022634676324128565
v1rzpB-cgGY_1,goa,4057,0,0,0,0.00024648755237860487
v2YS_BfBifc_1,key,3,0,1,1,0.3333333333333333
v2_Ta5XdknA_1,giraffe,1,1,1,1,1.0
v3hY00Fy7rE,library,2954,0,0,0,0.00033852403520649965
v41B1GR3prg_1,crocodile,4274,0,0,0,0.0002339728591483388
v6KlD6e05Fc,reverse,6,0,0,1,0.16666666666666666
v7--O9C9ZH4,muharram,1,1,1,1,1.0
v74BqLpCYnY_1,bedsheet,5,0,1,1,0.2
v7LOMsrEiVI_1,sorry,765,0,0,0,0.00130718954248366
v8NufYf6_Ik_1,room,2,0,1,1,0.5
vAW9QDnXLrE,please,1,1,1,1,1.0
vAXHFqBV6H8_1,muslim,1473,0,0,0,0.0006788866259334691
vB-4jZVx0yU,solid,3316,0,0,0,0.00030156815440289503
vB72KncjZis,evening,2395,0,0,0,0.0004175365344467641
vBJxSJ5_mvw_1,learn,299,0,0,0,0.0033444816053511705
vDKcRElYodA,musician,381,0,0,0,0.0026246719160104987
vEGYAfMU3tc_1,power,4418,0,0,0,0.00022634676324128565
vEq2LWgecfA_1,wife,7,0,0,1,0.14285714285714285
vFAuNQe7ng8_1,saturday,10,0,0,1,0.1
vFnoqnWWGok_1,story,4197,0,0,0,0.0002382654276864427
vITeIiXX1xE,subtract,10,0,0,1,0.1
vJy28p55lkQ,temporary,2,0,1,1,0.5
vKabvg9GjnY_1,behind,621,0,0,0,0.001610305958132045
vLfbnZZBph0_1,you,1299,0,0,0,0.0007698229407236335
vLk7S0mnUms,pay in installment,56,0,0,0,0.017857142857142856
vMbLDoCayk8,please,423,0,0,0,0.002364066193853428
vOkUq_SPrjs_1,valley,1230,0,0,0,0.0008130081300813008
vPAwEcpbWqo,enough,1145,0,0,0,0.0008733624454148472
vRs1P7sa3F4_1,today,2,0,1,1,0.5
vSfRkcjelhw_1,wedding,5,0,1,1,0.2
vT49kp3azYg_1,total,3107,0,0,0,0.000321853878339234
vTrtUfPI0RY,rest,4418,0,0,0,0.00022634676324128565
vWkwy9ebsQg_1,water,553,0,0,0,0.0018083182640144665
vX0J0TVfQgk_1,salt,4307,0,0,0,0.00023218017181332715
vXchKE88TDI_1,time,2,0,1,1,0.5
vXg5mjo2Lpc,any,2448,0,0,0,0.0004084967320261438
vYM_64Gc77o,town,2384,0,0,0,0.00041946308724832214
vYPkgKmRa6k,talk,3191,0,0,0,0.00031338138514572234
vYzp_d3T9Ok_1,wednesday,4372,0,0,0,0.00022872827081427266
vZBu2SG35ec,competition,3512,0,0,0,0.0002847380410022779
v_HmgeH-ABo,day,3538,0,0,0,0.0002826455624646693
vaDXdxLlUwk_1,world,115,0,0,0,0.008695652173913044
vamyn1qDCdg_1,carrom,1407,0,0,0,0.0007107320540156361
vfrntxijZAA_1,horse,2,0,1,1,0.5
vnOgaQ_eFNs,see,2868,0,0,0,0.0003486750348675035
voRQqu3By8I_1,talk,7,0,0,1,0.14285714285714285
vqkqbOdwbSc_1,pune,1367,0,0,0,0.000731528895391368
vt86EMAaXHM,business,293,0,0,0,0.0034129692832764505
vu__40Wbws4_1,mixer,1,1,1,1,1.0
vvyGWPvy1cc,town,2491,0,0,0,0.0004014452027298274
vzR3201tHPY,translate,156,0,0,0,0.00641025641025641
vzzmwuU-sMg,sad,3720,0,0,0,0.00026881720430107527
w-f7sV2B7Tc_1,true,4036,0,0,0,0.0002477700693756194
w0Z2yfGcCW8,eye,4370,0,0,0,0.0002288329519450801
w163zAc0RYM,cough,2413,0,0,0,0.0004144218814753419
w3iXbhc5vsM_1,thursday,346,0,0,0,0.002890173410404624
w88o1TXwwJg_1,pen,1260,0,0,0,0.0007936507936507937
w8RSWGCRPDg,sell,3261,0,0,0,0.00030665440049064706
w9VefdfpI0I_1,grandfather,9,0,0,1,0.1111111111111111
wAEJEtDB20g,land,1,1,1,1,1.0
wBCqfnnNfSo,weaver,2797,0,0,0,0.0003575259206292456
wClUzDG34wQ,religion,510,0,0,0,0.00196078431372549
wDXqSeOQQy4_1,run,5,0,1,1,0.2
wDy5hBdrwoc,train,2482,0,0,0,0.00040290088638195
wEd93OlB_ZI_1,what,2157,0,0,0,0.0004636068613815484
wFVLswbyZOc,insurance,3714,0,0,0,0.00026925148088314486
wGWFAPl8EXs_1,river,239,0,0,0,0.0041841004184100415
wIEYdZjvXJo,driver,843,0,0,0,0.0011862396204033216
wIVO3x0WAfk_1,paper,1422,0,0,0,0.0007032348804500703
wIi5NVKOOfM,strict,1,1,1,1,1.0
wK63rmj8--U,sky,2224,0,0,0,0.0004496402877697842
wK8amEJAK1Y,thank you,11,0,0,0,0.09090909090909091
wLSWjMuhJww_1,which,1467,0,0,0,0.0006816632583503749
wMlY1TQZA2A,tamil,1463,0,0,0,0.000683526999316473
wMm24t1NrcM,worry,2596,0,0,0,0.0003852080123266564
wPTa0UQJY_w,measure,3299,0,0,0,0.0003031221582297666
wPofP8PotLg_1,cat,986,0,0,0,0.0010141987829614604
wPsIxhPHXBo,blouse,1,1,1,1,1.0
wTP-Qjl_mSM_1,film,4418,0,0,0,0.00022634676324128565
wVgslraD204,cap,2429,0,0,0,0.0004116920543433512
wWlOXeR9qnc_1,rubber,4418,0,0,0,0.00022634676324128565
wWzqyc2x0GI,miss,3673,0,0,0,0.0002722570106180234
wXEnqj_rf4Q_1,sunrise,1,1,1,1,1.0
wYeLqdSCZR8,hungry,2777,0,0,0,0.00036010082823190496
w_FY56WkUPM,shawl,2476,0,0,0,0.0004038772213247173
weWGeNNGQSM_1,industry,3,0,1,1,0.3333333333333333
wedIVeQMY1k,girl,1703,0,0,0,0.0005871990604815032
wf7d8Ok1PvA_1,united states of america,3727,0,0,0,0.00026831231553528306
wfHGKTc0WuY,wool,3486,0,0,0,0.00028686173264486515
wgrN2DNXukc,sandwich,1882,0,0,0,0.0005313496280552603
wgvsWR2YWxo,plenty,2,0,1,1,0.5
wh_GS78OuYQ,milkman,2493,0,0,0,0.00040112314480545525
whmbYHrlP-A_1,tell,1,1,1,1,1.0
whvKyzLJ6Mc_1,lion,238,0,0,0,0.004201680672268907
wiemsBV5e08,sweet lime,2575,0,0,0,0.0003883495145631068
wkdHGN4OO-I,raise,295,0,0,0,0.003389830508474576
woo5-4amwJ0,rjd,163,0,0,0,0.006134969325153374
wpUgLTxBXns,lecturer,3292,0,0,0,0.00030376670716889426
wqFLr0dsRTA_1,toothpaste,509,0,0,0,0.0019646365422396855
wqrZVsLOR_A_2,anticlockwise,4418,0,0,0,0.00022634676324128565
ws_qjks_TFo,zoo,2,0,1,1,0.5
wsxvzzgBO1M_1,harmonium,697,0,0,0,0.0014347202295552368
wtN-hVs7sYw_1,myself,3096,0,0,0,0.00032299741602067185
wtaxFUrko34,parking,7,0,0,1,0.14285714285714285
wtr_LSVYecQ_1,teach,4136,0,0,0,0.00024177949709864604
wubfL2VbBLY,cat,49,0,0,0,0.02040816326530612
wwGDiruyGH8_1,mogra,5,0,1,1,0.2
wx8pMHRIYho,motorcycle,2,0,1,1,0.5
wxZHsP8osZo_1,orange,1,1,1,1,1.0
wzz6Gt0EotA,balloon,1,1,1,1,1.0
x-K2eMJl34k_1,clock,5,0,1,1,0.2
x-uAyPToZMs,license,1993,0,0,0,0.0005017561465127947
x0JU-zUFnS4_1,grandmother,357,0,0,0,0.0028011204481792717
x1Abu6sfP5A,rajdhani train,5,0,1,1,0.2
x1PWeacqP-w_1,dasara,39,0,0,0,0.02564102564102564
x1S_tnc_djk,distribute,4418,0,0,0,0.00022634676324128565
x5VIvDZhXNg,angry,4340,0,0,0,0.0002304147465437788
x5dEKDXkXQY_1,welder,3264,0,0,0,0.00030637254901960784
x6O_GrimQMw,chennai,179,0,0,0,0.00558659217877095
x7CtEdG8eAY_1,hear,1,1,1,1,1.0
x7SV2p_-rPE,brain,2863,0,0,0,0.00034928396786587494
x7TnEHc0viU,tractor,1,1,1,1,1.0
xA8hTvpWbh0_1,month,4401,0,0,0,0.00022722108611679165
xAwnTMH15-s_1,sleep,1,1,1,1,1.0
xEp-ufgrq-g,swallow,1,1,1,1,1.0
xGkS3isNXXc,modern,2,0,1,1,0.5
xIOA0k1ZLMk,hot air balloon,932,0,0,0,0.001072961373390558
xIh1wMuXgJs_1,wood,4,0,1,1,0.25
xJMONi1L3S8_1,peak,1,1,1,1,1.0
xKRO8sRM6yQ_1,government,2868,0,0,0,0.0003486750348675035
xLArhlTY728_1,day,1513,0,0,0,0.0006609385327164573
xMaMOHTmML4,turn,2600,0,0,0,0.0003846153846153846
xPY0EW3HkQU_1,shoe,1,1,1,1,1.0
xR3xDmZZCCI,city,2507,0,0,0,0.00039888312724371757
xSDCy2uCWSs_1,rubber,4418,0,0,0,0.00022634676324128565
xTirP9sB_SY_1,education,3917,0,0,0,0.0002552974214960429
xVOUQdl7ejY_1,beak,1,1,1,1,1.0
xXykGIC9Yfg,reception,145,0,0,0,0.006896551724137931
xY-hLKnjahw,calculator,1,1,1,1,1.0
xY5tQfR7BiI_1,video camera,3610,0,0,0,0.0002770083102493075
xYne01OLqHU_1,tuberculosis,1,1,1,1,1.0
xfqgrQ_r3Tw_1,frog,82,0,0,0,0.012195121951219513
xgQSpL99krE_1,ginger,2596,0,0,0,0.0003852080123266564
xgU5S08eD90,approximate,1,1,1,1,1.0
xghJ6vKFuKQ,bad language,1,1,1,1,1.0
xiX4tAUoNXs_1,lie,2,0,1,1,0.5
xlX3VgcSz_o_1,pencil,1096,0,0,0,0.0009124087591240876
xm2Vju9w0-I,hotel,155,0,0,0,0.0064516129032258064
xnQ61pjVinc_1,applicant,3132,0,0,0,0.00031928480204342275
xnZNmESjKrQ,shopkeeper,3110,0,0,0,0.0003215434083601286
xqWx6o5iue4,express,1,1,1,1,1.0
xqvVfaJrM0A,nail,2422,0,0,0,0.00041288191577208916
xu3e-IU_xRM,expensive,2704,0,0,0,0.0003698224852071006
xuOaEQ2bdb0_1,wednesday,4368,0,0,0,0.00022893772893772894
xvZaGiHtuz0_1,insult,1,1,1,1,1.0
xwAdIP51jIs,separate,320,0,0,0,0.003125
xwgkeViNOwI,bell,2760,0,0,0,0.00036231884057971015
xx3nZjHHL3s,minimum,3860,0,0,0,0.00025906735751295336
xxTBbeG-pKY_1,mixer,78,0,0,0,0.01282051282051282
y1XgtWNM-OM_1,december,4339,0,0,0,0.00023046784973496196
y3ck7KPhSug,tie,2366,0,0,0,0.00042265426880811494
y57kJAluXeM_1,again,1884,0,0,0,0.0005307855626326964
y5IlRJzz8w8_1,comb,1597,0,0,0,0.0006261740763932373
y5LmYGbr428,dry,3753,0,0,0,0.0002664535038635758
y5RdDOf_lRw_1,target,2666,0,0,0,0.00037509377344336085
y6iDMOz13sI_1,father-in-law,1,1,1,1,1.0
y6xu7EyX0yU_1,month,25,0,0,0,0.04
y707Jq7ORR4,voltmeter,4418,0,0,0,0.00022634676324128565
y7FUr6B4Uh4,influence,1342,0,0,0,0.0007451564828614009
y7z1pnJea4s_1,bucket,2038,0,0,0,0.0004906771344455348
yB2sJTE2Mek,insect,2233,0,0,0,0.0004478280340349306
yFMHg6sTd6Y,clever,19,0,0,0,0.05263157894736842
yGWvP26FbEo,date,4365,0,0,0,0.0002290950744558992
yGWvP26FbEo_1,date,26,0,0,0,0.038461538461538464
yItSQyTpwtQ_1,gate,1488,0,0,0,0.0006720430107526882
yMqhsoFHB_Q_1,brother,3246,0,0,0,0.00030807147258163895
yMs5B2DUJ_0,land,1741,0,0,0,0.0005743825387708214
yN2a6Q27DX8_1,bone,2,0,1,1,0.5
yNv7aFGlGFA,towel,1878,0,0,0,0.0005324813631522897
yQ7kMY9kDlM,rent,4273,0,0,0,0.0002340276152586005
yQXFOVuS7r8,green,4418,0,0,0,0.00022634676324128565
yRHS5fY6bVQ_1,shift,2889,0,0,0,0.00034614053305642093
yS482mzgCwo,pass,4120,0,0,0,0.00024271844660194174
yT93i9RcLFk,nervous,13,0,0,0,0.07692307692307693
yWRsnrs4C5w,standard,4119,0,0,0,0.00024277737314882253
yXkOz_A01t0_1,may,2589,0,0,0,0.0003862495171881035
yXtu327tJ28,peacock,689,0,0,0,0.001451378809869376
yY9c0CnaXgA_1,thank you,1324,0,0,0,0.0007552870090634441
yZK6l1dikVk_1,reach,2900,0,0,0,0.0003448275862068965
yZlMisXPUms,humid,461,0,0,0,0.0021691973969631237
yapwq7Lkgxw_1,toilet,14,0,0,0,0.07142857142857142
ybwfsqkf8Sw_1,nect tie,1,1,1,1,1.0
yeOgJ3nK-pM_1,salwar kameez,1,1,1,1,1.0
yebEzbBOQl4,encourage,4290,0,0,0,0.0002331002331002331
yhCvtSaTMvg_1,thin,2846,0,0,0,0.00035137034434293746
yi--S0oh64s,careful,3155,0,0,0,0.0003169572107765452
yjI4oup9SFU,watch,3296,0,0,0,0.00030339805825242716
yjnm43fEimY,ball,2654,0,0,0,0.00037678975131876413
yk1x10hOd1M,pen,17,0,0,0,0.058823529411764705
yk4B-asWh0I_1,asia,1934,0,0,0,0.000517063081695967
ykCLJ3U0Ir4_1,dirty,208,0,0,0,0.004807692307692308
ymvaZ1cxW2s,gurudwara,1,1,1,1,1.0
ynqXIbWTRp4_1,wind,728,0,0,0,0.0013736263736263737
ynvL576W11k,pink,1,1,1,1,1.0
ypvx1Fn3_GE_1,cunning,6,0,0,1,0.16666666666666666
yqRuuOhG1Cs,bag,2,0,1,1,0.5
ysoReRp9l9A_1,surprise,1730,0,0,0,0.0005780346820809249
yuo_oeBoTKk,upset,32,0,0,0,0.03125
yzXgc9ZNbFI,float,3775,0,0,0,0.00026490066225165563
z-gika19BqU,old,1506,0,0,0,0.0006640106241699867
z1VPeFV_ew4,pencil,28,0,0,0,0.03571428571428571
z2B7VrBSA5c,friend,3212,0,0,0,0.00031133250311332503
z2ETf2ExVsU_1,father,6,0,0,1,0.16666666666666666
z3C2pnumALw,grandfather,2008,0,0,0,0.00049800796812749
z4AQcUmPyxg,drug,1202,0,0,0,0.0008319467554076539
z4D6TU11HbE,rubber,4418,0,0,0,0.00022634676324128565
z4vokrd75OM,rich,2191,0,0,0,0.00045641259698767686
z5T2c_s6kwI,mountain,4340,0,0,0,0.0002304147465437788
z5mb_lff0uI_1,show,2009,0,0,0,0.0004977600796416127
z66yE3ILKuw,potato,8,0,0,1,0.125
z672iUJ0b98,file,4267,0,0,0,0.00023435669088352472
z6_hXXO4vw8_1,taste,4000,0,0,0,0.00025
z7fqi4_fZvI,material,4418,0,0,0,0.00022634676324128565
z9Bb0RtVstk_1,kiss,2277,0,0,0,0.0004391743522178305
zBvs_GPf6Y8_1,granddaughter,6,0,0,1,0.16666666666666666
zCv73SvXmk8_1,leather,1,1,1,1,1.0
zEth840lEVE,sari,2334,0,0,0,0.0004284490145672665
zF0-lsUa_RA_1,cat,561,0,0,0,0.0017825311942959
zGhfj0f_3bI_1,see,1,1,1,1,1.0
zHSDpV4Ok2Q,behind,665,0,0,0,0.0015037593984962407
zIEMNYyHXHs,murder,2119,0,0,0,0.00047192071731949034
zI_8os97Bkc_1,run,907,0,0,0,0.0011025358324145535
zJmlqjm_b5g,woman,4290,0,0,0,0.0002331002331002331
zOpA9-geIxA,minority,112,0,0,0,0.008928571428571428
zPpdozLG2wU_1,study,558,0,0,0,0.0017921146953405018
zRnkG-1N3jY_1,diwali,3176,0,0,0,0.00031486146095717883
zSGR1KaSZV4,hanuman,3344,0,0,0,0.0002990430622009569
zSJ-3q6P4lQ,bluetooth,1276,0,0,0,0.0007836990595611285
zSst5y5j_fI,lips,4375,0,0,0,0.00022857142857142857
zSwPgYew9xY_1,evening,308,0,0,0,0.003246753246753247
zUtEmpaF7kM,plan,1527,0,0,0,0.0006548788474132286
zXpbs2ztV4k_1,hearing aid,45,0,0,0,0.022222222222222223
zYWxTgBpp5o_1,allergy,11,0,0,0,0.09090909090909091
zZRHcEnMUnw_1,lizard,6,0,0,1,0.16666666666666666
zZVuyuVTFW0,promotion,762,0,0,0,0.0013123359580052493
zZkjoooQRXk_1,sikh,4080,0,0,0,0.00024509803921568627
zZs0BXEssdQ,wave,2,0,1,1,0.5
z_Tnhup1J5I,satisfied,4321,0,0,0,0.00023142791020597085
z_WykkCqulk,sick,2535,0,0,0,0.0003944773175542406
z_kjd4rGuag,hug,610,0,0,0,0.001639344262295082
zaCXh7eQO2Y,cash,3771,0,0,0,0.00026518164942985947
zaGjEBwl--8,ethics,1,1,1,1,1.0
zbxW8XnyziA,airport,3317,0,0,0,0.00030147723846849563
zcKPzJMDkRw,roll,2649,0,0,0,0.00037750094375235937
zdVCE0zgZ64_1,steel,7,0,0,1,0.14285714285714285
zeLeGWdpYiE_1,guilty,2,0,1,1,0.5
zeRihgKBfB0,anti virus,1,1,1,1,1.0
zfvnGrqiLMQ_1,australia,1933,0,0,0,0.0005173305742369374
zhKQnsHLNeA,truck,1,1,1,1,1.0
zi11969STzc_1,sheep,181,0,0,0,0.0055248618784530384
zkOqvdkGpS4,laptop,1500,0,0,0,0.0006666666666666666
zkQeGg5DkVc,rajasthan,3204,0,0,0,0.00031210986267166043
zmcws5FplEc_1,friday,14,0,0,0,0.07142857142857142
zobbHZq0U4w,come,3,0,1,1,0.3333333333333333
zpDZzjRrUmk,france,3983,0,0,0,0.00025106703489831785
zqoQST3Oap8_1,first floor,96,0,0,0,0.010416666666666666
zsfMMuKrUUg,wedding reception,160,0,0,0,0.00625
ztOfNdPNwAU_1,carrot,2420,0,0,0,0.00041322314049586776
zuOOzSoUPcU_1,week,4,0,1,1,0.25
zw53Xl_e9QA,ant,3795,0,0,0,0.00026350461133069827
zxd2fClLdu0_1,sweat,1,1,1,1,1.0
zyUvGZAlkOs_1,land,3509,0,0,0,0.00028498147620404675
zyvgHgT6d7c,love,2750,0,0,0,0.0003636363636363636
