uid,gloss,valid_shape,finite,original_detection_rate,repaired_detection_rate,sampled_detection_rate,scale_repairs,max_abs_feature,trainable
--7-rCNOiK0_1,branch,True,True,0.9666666388511658,0.9777777791023254,0.96875,8,12.163167953491211,True
-02y2VaVBmw,divorce petition,True,True,0.8214285969734192,0.8214285969734192,0.78125,9,20.52433204650879,True
-03Dju3yPHE,air conditioner,True,True,0.5277777910232544,0.5462962985038757,0.5625,1,5.827398777008057,True
-0Oo1kPonYQ,stapoo,True,True,0.6713286638259888,0.6713286638259888,0.65625,3,5.468352317810059,True
-0XujLX2_9I_2,application,True,True,0.4137931168079376,0.4137931168079376,0.4375,1,6.554190158843994,True
-0gxfDidW6U,purple flowered plants,True,True,0.8537549376487732,0.8537549376487732,0.8125,7,4.914928436279297,True
-1AseGWh7vU,school uniform,True,True,0.6265060305595398,0.6626505851745605,0.65625,1,4.038243293762207,True
-1aXmLMzHUI_1,squeeze,True,True,0.625,0.6363636255264282,0.59375,2,3.393594264984131,True
-2_NUxX4PVA_2,electrical energy,True,True,0.7850467562675476,0.822429895401001,0.8125,0,1.9716367721557617,True
-2iGhOnza38_1,raid,True,True,0.41111111640930176,0.4555555582046509,0.46875,1,4.327906608581543,True
-37kn1vV9gc_1,defend,True,True,0.5400000214576721,0.5400000214576721,0.53125,0,4.9819135665893555,True
-3db5Hhn4mI_1,win,True,True,0.3333333432674408,0.3333333432674408,0.3125,0,5.133947372436523,True
-4MbWP5T-cU,thank you,True,True,0.6399999856948853,0.6800000071525574,0.6875,0,4.002356052398682,True
-5QTvDlGTcs_1,preliminary,True,True,0.25833332538604736,0.2750000059604645,0.28125,1,2.454618453979492,True
-5lgXJQG0EM_1,doctor,True,True,0.625,0.625,0.59375,0,4.3818464279174805,True
-5p4hn8J87A_2,hour,True,True,0.8399999737739563,0.9200000166893005,0.90625,0,4.041889667510986,True
-65ryXubYjo,testify,True,True,0.8040935397148132,0.8040935397148132,0.78125,11,13.616704940795898,True
-7IkPH6iIQA,uncle,True,True,0.6944444179534912,0.6944444179534912,0.6875,0,3.4141998291015625,True
-8CjLUfRlbw_1,pig,True,True,0.6476190686225891,0.6666666865348816,0.625,2,2.072702169418335,True
-A1P5WbuNo8,ladder,True,True,0.568493127822876,0.568493127822876,0.5625,0,11.206747055053711,True
-AvE2V_2a-c_1,cup,True,True,0.6133333444595337,0.6399999856948853,0.625,0,4.642435073852539,True
-C18cQCkCcw,pencil,True,True,0.5443037748336792,0.5443037748336792,0.53125,1,3.9423792362213135,True
-DDBcacIfeA_1,cosmetics,True,True,0.6704545617103577,0.7045454382896423,0.6875,1,5.328937530517578,True
-DHtnmdlaGk,agra,True,True,0.4601770043373108,0.4690265357494354,0.5,0,2.756425380706787,True
-DsyH0Vd_7E,halter top,True,True,0.3913043439388275,0.4071146249771118,0.375,0,4.674728870391846,True
-E1n5hTjako_1,compact disc,True,True,0.625,0.6477272510528564,0.65625,6,6.624088764190674,True
-EGNTwA_sEE_1,land acquisition,True,True,0.7226890921592712,0.756302535533905,0.71875,0,4.093623161315918,True
-Em79Yvwac4_1,think,True,True,0.6263736486434937,0.6483516693115234,0.65625,0,6.0879034996032715,True
-F7HjAaemJU,sexual reproduction,True,True,0.9117646813392639,0.9117646813392639,0.90625,8,5.711894989013672,True
-HOXFEzH00I_1,circus,True,True,0.4444444477558136,0.4444444477558136,0.4375,3,6.998392105102539,True
-H_VzAnfyKk,coconut,True,True,0.33695653080940247,0.33695653080940247,0.3125,4,4.603344440460205,True
-I0sjwzg0tY_2,amplitude,True,True,0.8510638475418091,0.8670212626457214,0.84375,3,9.526227951049805,True
-IInvCVJXas,mushroom production,True,True,0.748344361782074,0.748344361782074,0.71875,4,10.300154685974121,True
-IKgn_mGZrw_2,immiscibility,True,True,0.550000011920929,0.6200000047683716,0.59375,0,3.421456813812256,True
-It9bwqowig,twitter,True,True,0.7215189933776855,0.7215189933776855,0.71875,2,7.431024551391602,True
-JYukZxN6wQ_1,ugly,True,True,0.5064935088157654,0.5454545617103577,0.53125,2,7.031704902648926,True
-JcpfOHc0nE,blood pressure,True,True,0.42424243688583374,0.42424243688583374,0.40625,2,5.64155912399292,True
-Jr9EZz7Epo_1,eclipse,True,True,0.41333332657814026,0.41333332657814026,0.40625,0,4.335888385772705,True
-Lnou_Pop1o,reservation,True,True,0.8297213912010193,0.8359133005142212,0.78125,7,8.671611785888672,True
-MS1EdYqs48,gujarat,True,True,0.40566039085388184,0.4150943458080292,0.40625,0,4.645256996154785,True
-MjxNEvHUFw,rollerpaint,True,True,0.48704662919044495,0.49740931391716003,0.46875,2,6.466830253601074,True
-N-gNuk_5PQ_1,unencumbered,True,True,0.7767857313156128,0.8571428656578064,0.84375,0,5.347131729125977,True
-NAB02gnpgo,polo shrit,True,True,0.4027777910232544,0.4027777910232544,0.40625,1,5.247255325317383,True
-NCwiz-skM0_1,lame,True,True,0.5199999809265137,0.5199999809265137,0.5,0,4.160029411315918,True
-NIz596Y27Q,severally,True,True,0.6078431606292725,0.6666666865348816,0.65625,5,5.788942337036133,True
-NIz596Y27Q_1,severally,True,True,0.3333333432674408,0.35555556416511536,0.34375,2,4.646483898162842,True
-NQKa7Pmhx4,nine,True,True,0.49473685026168823,0.49473685026168823,0.5,0,5.366873264312744,True
-NXGOOSb2sk,increase,True,True,0.5267857313156128,0.5267857313156128,0.53125,2,4.687498569488525,True
-NpA8OS_Oj0_1,tennis,True,True,0.6153846383094788,0.692307710647583,0.71875,3,6.176656246185303,True
-Oq_e89164c_1,deer,True,True,0.3777777850627899,0.4000000059604645,0.375,0,4.192626476287842,True
-PFwmd8NQgI_1,fixed rate,True,True,0.4476190507411957,0.4571428596973419,0.4375,1,4.774972438812256,True
-PGXFLhDfS0_1,teacher,True,True,0.3970588147640228,0.3970588147640228,0.375,4,4.132737636566162,True
-QF3_AuexYY,yolk,True,True,0.6531791687011719,0.6531791687011719,0.625,2,5.686756610870361,True
-R02rqkyxHc_1,can,True,True,0.3968254029750824,0.4444444477558136,0.4375,0,3.9243221282958984,True
-RTVD5tM__A_1,hot,True,True,0.4126984179019928,0.4126984179019928,0.40625,0,8.245434761047363,True
-SVSp2VtfRw_1,tired,True,True,0.5256410241127014,0.5256410241127014,0.5,1,4.081552982330322,True
-Sbg5dqo9cQ_1,undertaking,True,True,0.6388888955116272,0.6527777910232544,0.65625,0,4.083554267883301,True
-Tfg5XTzi0c_1,complaint,True,True,1.0,1.0,1.0,0,2.632040023803711,True
-UjDGBnJuQE,basic,True,True,0.5,0.5096153616905212,0.5,2,6.7971906661987305,True
-V3IfRctpxQ_1,kilometer,True,True,0.746666669845581,0.746666669845581,0.75,1,4.861654281616211,True
-VvuJx-TroA_1,day after,True,True,0.3444444537162781,0.3444444537162781,0.34375,0,5.973888874053955,True
-W13ICFg13E,calendar year,True,True,0.8521126508712769,0.8591549396514893,0.8125,7,4.757342338562012,True
-WuiIyEI6JU_1,prospectus,True,True,0.3956044018268585,0.4175824224948883,0.40625,4,5.305029392242432,True
-XHIq_olkt0,ripe,True,True,0.44954127073287964,0.44954127073287964,0.46875,2,3.1713290214538574,True
-ZJNHmctH-g_2,neutral,True,True,0.9586206674575806,0.9724137783050537,0.96875,7,6.1251540184021,True
-_axtLgdFao_1,diaeases,True,True,0.6833333373069763,0.6916666626930237,0.65625,3,4.871957778930664,True
-_ecaCc5kEM_1,par - above,True,True,0.6538461446762085,0.6730769276618958,0.65625,1,6.072534561157227,True
-_ozohdfbV0,arrest,True,True,0.5438596606254578,0.5614035129547119,0.53125,2,7.470912933349609,True
-ayQ9-eEVPk,rafter,True,True,0.8950437307357788,0.8979591727256775,0.875,3,6.8596038818359375,True
-bUi5WuO58M_1,negligence,True,True,0.5333333611488342,0.5666666626930237,0.5625,0,3.4553420543670654,True
-cw3ySwZG-0_1,trouble,True,True,0.4099999964237213,0.4099999964237213,0.40625,4,5.710718154907227,True
-erR2LqPMDo_1,insects,True,True,0.7254902124404907,0.7450980544090271,0.71875,3,3.646116018295288,True
-i21y0g32n8,family tree,True,True,0.804804801940918,0.8198198080062866,0.78125,7,5.639529705047607,True
-i5XH3VNyZc_1,cobbler,True,True,0.5,0.5227272510528564,0.5,1,6.15668249130249,True
-j9UB4-TMdw,blouse,True,True,0.8225806355476379,0.8225806355476379,0.78125,1,4.250912189483643,True
-js9xT4ze2M_1,difference,True,True,0.4571428596973419,0.4952380955219269,0.5,2,4.999113082885742,True
-kAnMQUsNqY,cancel,True,True,0.2777777910232544,0.3333333432674408,0.34375,1,3.9134011268615723,True
-kNkN1zSAfc,sometimes,True,True,0.5052631497383118,0.5052631497383118,0.5,0,4.201134204864502,True
-mGXVBz8pfs_1,criticize,True,True,0.25333333015441895,0.3466666638851166,0.34375,2,11.822566986083984,True
-nITY8LhYgc,iron,True,True,0.4545454680919647,0.4545454680919647,0.4375,1,4.924218654632568,True
-ntsKq84BZI_2,statlonary wave,True,True,0.7068965435028076,0.75,0.71875,0,6.451028347015381,True
-oJL0D3n2e0,best,True,True,0.4000000059604645,0.4000000059604645,0.40625,0,2.4241955280303955,True
-oLpcbfuNIc_2,speclfic heat,True,True,0.9375,0.9895833134651184,0.96875,0,6.387281894683838,True
-oy6L89CeWU_1,cry,True,True,0.653333306312561,0.6666666865348816,0.65625,1,2.1802752017974854,True
-p-Uj-p_Gso,see you tomorrow,True,True,0.4395604431629181,0.4395604431629181,0.4375,0,3.3433175086975098,True
-pH80nLq8FY,table tennis,True,True,0.38461539149284363,0.38461539149284363,0.375,5,5.438607692718506,True
-pOaEEbLhEY_1,invent,True,True,0.8630136847496033,0.8630136847496033,0.875,2,2.475414752960205,True
-pc9BOR8QtA,panaji,True,True,0.44565218687057495,0.45652174949645996,0.4375,0,2.8817574977874756,True
-qAGBp1JAh4_1,ruler,True,True,0.3731343150138855,0.3731343150138855,0.34375,1,3.5133562088012695,True
-qEvxlqG6xs_1,taxable,True,True,0.45038166642189026,0.45038166642189026,0.4375,1,3.803466320037842,True
-qhN2FaYkUc,anonymous,True,True,0.4939759075641632,0.4939759075641632,0.5,0,2.9836976528167725,True
-qzWfnV26kw_1,with,True,True,0.3731343150138855,0.3731343150138855,0.34375,1,5.227001667022705,True
-rahbCV2Pp4,understand,True,True,0.7228915691375732,0.7469879388809204,0.75,0,2.054797410964966,True
-rwYVwVdHns_1,trust deed,True,True,0.5192307829856873,0.5192307829856873,0.5,2,4.667438983917236,True
-s7h4Re7Atk_1,residence,True,True,0.35245901346206665,0.37704917788505554,0.375,0,3.7744500637054443,True
-syzD8b7Uog,fork,True,True,0.38679245114326477,0.38679245114326477,0.375,0,3.385493278503418,True
-tXNpnzr08M,hack saw blade,True,True,0.5159235596656799,0.5159235596656799,0.5,4,8.555788040161133,True
-vcgtHff_po,motivate,True,True,0.7708333134651184,0.7708333134651184,0.75,0,5.434754848480225,True
-wpVNpcGvFk,yellow flowered plants,True,True,0.9160000085830688,0.9160000085830688,0.875,10,7.553325653076172,True
-x6DzWY7lmk,united nations,True,True,0.4017857015132904,0.4017857015132904,0.40625,0,4.256010055541992,True
-x6oHEcUExQ,subtract,True,True,0.3469387888908386,0.3469387888908386,0.34375,1,3.7708845138549805,True
-xNmG6y1-9E,air vistara,True,True,0.3958333432674408,0.3958333432674408,0.40625,1,3.6975998878479004,True
-y-dWznF2js_1,rough,True,True,0.4303797483444214,0.4303797483444214,0.4375,0,4.567326068878174,True
0-pxIcGvk3w,brown,True,True,0.29447853565216064,0.29447853565216064,0.28125,2,5.423145294189453,True
01THMylW6Mw,lok janshakti party,True,True,0.5977011322975159,0.5977011322975159,0.59375,3,6.954159259796143,True
01UZKDp47Ao_1,boil,True,True,0.5714285969734192,0.5714285969734192,0.5625,1,7.455600738525391,True
039-5dIML0I_2,depth,True,True,1.0,1.0,1.0,2,5.900235176086426,True
03N4I9dc3RQ_1,spendthrift,True,True,0.6266666650772095,0.653333306312561,0.625,0,3.9168543815612793,True
03UqtTd9opc,pani puri,True,True,0.5833333134651184,0.5833333134651184,0.5625,1,3.5432868003845215,True
04qLwQo-2MM,what is your name,True,True,0.6363636255264282,0.6363636255264282,0.625,1,4.377834796905518,True
06C4S0EBhBg_1,average,True,True,0.6518518328666687,0.6592592597007751,0.65625,2,4.99540901184082,True
06FBQEEqthQ_1,seizure,True,True,0.4727272689342499,0.5151515007019043,0.53125,1,5.610306262969971,True
06lnhzFJMgo,idle talk,True,True,0.4536082446575165,0.4536082446575165,0.4375,0,5.5317888259887695,True
06tYXs9inPk_1,branch,True,True,0.6111111044883728,0.644444465637207,0.65625,6,7.726314067840576,True
07jCt4FqQxY,method,True,True,0.6176470518112183,0.6176470518112183,0.59375,1,4.961809158325195,True
08E4Dr0zyKk_2,difference,True,True,0.95652174949646,0.9710144996643066,0.96875,2,14.791544914245605,True
08z_-ESgSP0,bucket,True,True,0.5377358198165894,0.5377358198165894,0.53125,1,4.351834297180176,True
09G-3IZyKrI_1,judge,True,True,0.6666666865348816,0.6666666865348816,0.65625,3,5.124732971191406,True
09qovLrSjow_1,whale,True,True,0.675000011920929,0.675000011920929,0.65625,1,6.776195526123047,True
0AH93vop9YA_1,frock,True,True,0.6399999856948853,0.6399999856948853,0.625,4,9.71212100982666,True
0AUmueBrflo,notesheet,True,True,0.6000000238418579,0.6454545259475708,0.625,0,3.018724203109741,True
0AW9acHJhNI,bharatiya janata party,True,True,0.5,0.5,0.5,3,5.253599643707275,True
0BC8wWXW_wc,driver,True,True,0.5137614607810974,0.5137614607810974,0.5,1,1.9809366464614868,True
0BOyMqB1KUQ_1,accommodation,True,True,0.5600000023841858,0.5600000023841858,0.53125,0,4.311034202575684,True
0C-nMsdpftw,designer,True,True,0.6814814805984497,0.699999988079071,0.71875,5,10.615428924560547,True
0CUyYc1R3OA,colombia,True,True,0.5,0.511904776096344,0.5,0,2.1921136379241943,True
0CvaaVM5mNs,leaders,True,True,0.882539689540863,0.882539689540863,0.875,12,4.258467197418213,True
0DYb-qL1t0A,tomorrow,True,True,0.4920634925365448,0.4920634925365448,0.5,1,3.381282329559326,True
0DYcaZmhlkY,weather,True,True,0.5515151619911194,0.5515151619911194,0.53125,0,4.7215070724487305,True
0E2yd3OjjsU,movie,True,True,0.6382978558540344,0.6702127456665039,0.625,0,5.0891337394714355,True
0EQEGldp9YA_1,footpath,True,True,0.8068181872367859,0.8409090638160706,0.84375,3,4.730799674987793,True
0ETSwMTLaac_2,attractive force,True,True,0.6391752362251282,0.6391752362251282,0.65625,0,6.433331489562988,True
0F7sYNf4uxU,put,True,True,0.675000011920929,0.675000011920929,0.65625,2,9.73245906829834,True
0FHckg-WrEo,diving,True,True,0.626086950302124,0.626086950302124,0.625,1,6.211531639099121,True
0F_szwrQs1g_2,artificial,True,True,0.6202531456947327,0.6202531456947327,0.625,0,3.3045713901519775,True
0G7Xo4NN4fk,polisher,True,True,0.913294792175293,0.913294792175293,0.875,23,10.676541328430176,True
0GYeM3IGjn8_1,school bus,True,True,0.3733333349227905,0.3733333349227905,0.40625,1,4.524035930633545,True
0HNvZZloffc_1,light,True,True,0.5555555820465088,0.60317462682724,0.59375,3,4.991642475128174,True
0IF3Nx6idPQ_1,zonal,True,True,0.625,0.6499999761581421,0.65625,1,5.889361381530762,True
0IQ02IKMzUk_1,torch,True,True,0.48571428656578064,0.4952380955219269,0.5,0,4.462249755859375,True
0IhvPwnhGOg,national capital region,True,True,0.5,0.5,0.5,4,5.154335021972656,True
0JIsxA88oss_2,grey,True,True,0.7400000095367432,0.7900000214576721,0.78125,1,3.225907325744629,True
0Kcn-1OPd84,reverse,True,True,0.48571428656578064,0.48571428656578064,0.46875,3,3.992889165878296,True
0KeSJQiRAgo_1,coolie,True,True,0.60317462682724,0.6190476417541504,0.625,0,3.699287176132202,True
0LXJqXx8dVU,sari,True,True,0.4137931168079376,0.4137931168079376,0.40625,1,4.578567028045654,True
0N47JPzl2Ow_1,adjustment,True,True,0.6399999856948853,0.7133333086967468,0.6875,1,6.1500020027160645,True
0NMbSbEZ7G8_1,disappear,True,True,0.2800000011920929,0.3400000035762787,0.34375,0,6.371150970458984,True
0NPpa4rNMoI_1,input,True,True,0.7666666507720947,0.7916666865348816,0.78125,1,3.7559123039245605,True
0NUyw07V03g,promotion,True,True,0.6703296899795532,0.692307710647583,0.65625,1,4.224536418914795,True
0O7xxbvMct0,institution,True,True,0.2545454502105713,0.260606050491333,0.25,0,4.623795509338379,True
0OMlCdUKFSg,backdoor,True,True,0.5,0.5,0.5,0,5.678879737854004,True
0OxY1muGJhc,godet,True,True,0.247023805975914,0.2589285671710968,0.25,1,5.567656993865967,True
0PKQWh0-C8o,slip,True,True,0.5249999761581421,0.5249999761581421,0.5,4,5.2526350021362305,True
0PQM_cS1Jyg_1,funny,True,True,0.5600000023841858,0.5600000023841858,0.5625,0,10.10828685760498,True
0PwKF0pTwpg,receipt,True,True,0.38167938590049744,0.3893129825592041,0.40625,2,4.4836320877075195,True
0QITb6bNnHc,hearing,True,True,0.3563218414783478,0.3563218414783478,0.34375,0,3.387662887573242,True
0Qk8-_ZEmHM_2,precaution,True,True,0.7555555701255798,0.7666666507720947,0.71875,2,2.3296337127685547,True
0R6qq874H4c,propeller pump,True,True,0.8825215101242065,0.8911174535751343,0.84375,12,4.861699104309082,True
0REGTy6eqSc,team,True,True,0.49425286054611206,0.49425286054611206,0.46875,1,4.98545503616333,True
0RIpHMSqV4c,bank of maharashtra,True,True,0.6091954112052917,0.6091954112052917,0.59375,2,8.592484474182129,True
0RiCicL3Zg8_1,interest,True,True,0.7599999904632568,0.8066666722297668,0.78125,1,6.718263149261475,True
0RlsG9iQ6rk_1,window dressing,True,True,0.5166666507720947,0.5166666507720947,0.46875,0,7.326362133026123,True
0TGJCFJv2iU,mahavir jayanti,True,True,0.6666666865348816,0.6666666865348816,0.65625,0,4.885599613189697,True
0ThvAhpHsDM,squirrel,True,True,0.47191011905670166,0.47191011905670166,0.46875,0,7.6598124504089355,True
0UyMbBSxbM4,minority,True,True,0.5,0.5,0.5,1,3.634758949279785,True
0VSRJo2xZfI,breeds of poultry,True,True,0.7258687019348145,0.7258687019348145,0.6875,2,11.282364845275879,True
0VvmrIYSsR0_1,marth,True,True,0.6555555462837219,0.6777777671813965,0.65625,0,6.436667442321777,True
0Xhmme0IrvU,mature,True,True,0.8914473652839661,0.9013158082962036,0.875,14,5.1455793380737305,True
0YIk1iTjDVY_1,monday,True,True,0.46666666865348816,0.46666666865348816,0.46875,0,3.9874517917633057,True
0ZMXZUybS9M_1,until,True,True,0.6555555462837219,0.7111111283302307,0.6875,2,18.93887710571289,True
0_3gIUNTp8U,translate,True,True,0.5600000023841858,0.5600000023841858,0.53125,0,3.2462074756622314,True
0_aBnLgwYuk,backdate,True,True,0.5694444179534912,0.5694444179534912,0.5625,1,2.397310733795166,True
0_dU4pT_Ch4,conference,True,True,0.5648148059844971,0.5648148059844971,0.5625,1,5.252678871154785,True
0cLdo9cL7y4,full stomach,True,True,0.47663551568984985,0.47663551568984985,0.46875,0,5.311132907867432,True
0dz5Em9gsjk,sacrifice,True,True,0.3469387888908386,0.3469387888908386,0.34375,1,2.305233955383301,True
0eCFVHc06YA_1,bell,True,True,0.4285714328289032,0.4285714328289032,0.4375,0,4.062556266784668,True
0eNooDbmED4,oviparous,True,True,0.8584905862808228,0.8710691928863525,0.84375,10,5.314123630523682,True
0egx6MUyz0w,exporting graphics,True,True,0.8914285898208618,0.8914285898208618,0.875,21,5.347801208496094,True
0fKqgIRvg-8,jharkhand,True,True,0.4403669834136963,0.4403669834136963,0.4375,2,4.260410308837891,True
0fO9xNyE9eU_1,obedience,True,True,0.7444444298744202,0.800000011920929,0.8125,0,2.732466459274292,True
0fdRLmUIlZE_2,indigo,True,True,0.6079999804496765,0.6159999966621399,0.59375,1,3.1436188220977783,True
0ggPraT35p0,ranveer singh,True,True,0.4333333373069763,0.4444444477558136,0.4375,1,4.281658172607422,True
0hEQ8ufcIQU,amritsar,True,True,0.4444444477558136,0.46464645862579346,0.46875,0,3.5908308029174805,True
0hZluINun1Y,paraguay,True,True,0.59375,0.59375,0.5625,1,5.393545150756836,True
0hhs7A5uf3E,vision,True,True,0.5617977380752563,0.5617977380752563,0.5625,0,4.681325912475586,True
0hkuayZghpM_1,circle,True,True,0.2969697117805481,0.30909091234207153,0.3125,0,5.556410789489746,True
0i1qCUd3BdM_1,increase,True,True,0.800000011920929,0.8814814686775208,0.875,2,3.6058056354522705,True
0ijcVXYEvY8_2,tldal energy,True,True,0.7431192398071289,0.8348624110221863,0.84375,1,2.571972370147705,True
0klM2u7dV9M,aam aadmi party,True,True,0.7042253613471985,0.7042253613471985,0.6875,0,5.95212459564209,True
0kr-oJWV_wI_2,circular motion,True,True,0.7829457521438599,0.8294573426246643,0.8125,1,4.856900215148926,True
0lrX7s_3ScY,bowled out,True,True,0.41558441519737244,0.41558441519737244,0.40625,0,4.82883358001709,True
0ly7tC51g_o_1,sundry debtors,True,True,0.7833333611488342,0.7833333611488342,0.78125,3,5.565422058105469,True
0msmxYxchSc,meditate,True,True,0.4743589758872986,0.4743589758872986,0.4375,1,8.123271942138672,True
0nJrw8f2FLs_1,scold,True,True,0.5600000023841858,0.5733333230018616,0.53125,1,7.343935966491699,True
0nVI2GBhbUQ_1,particulars,True,True,0.5757575631141663,0.5939394235610962,0.5625,2,9.095911026000977,True
0n_FeKAXjUI,manage,True,True,0.6547619104385376,0.6547619104385376,0.625,0,2.2312164306640625,True
0oJ_jMGRJCE,roof garden,True,True,0.8432432413101196,0.8702702522277832,0.84375,4,5.780694484710693,True
0oWHR36xnT8_1,this,True,True,0.5199999809265137,0.5400000214576721,0.53125,0,3.790239095687866,True
0p_iET-2TRw,pencil,True,True,0.5666666626930237,0.5666666626930237,0.5625,1,4.651965618133545,True
0q7mwfrGneM_1,monday,True,True,0.5666666626930237,0.6000000238418579,0.59375,3,5.190835475921631,True
0qDR-9wAiXk,diesel,True,True,0.43410852551460266,0.43410852551460266,0.40625,1,3.7774546146392822,True
0rN_yoKLCRw_1,vault,True,True,0.5600000023841858,0.5600000023841858,0.5625,3,5.924776554107666,True
0sE5EMDNsDo,sorry,True,True,0.6351351141929626,0.6351351141929626,0.625,3,4.423692226409912,True
0t5NaJwemgI_1,mother,True,True,0.6583333611488342,0.6916666626930237,0.6875,0,4.864527702331543,True
0tUzIPQ31n8_1,drop,True,True,0.7460317611694336,0.7936508059501648,0.78125,4,11.265037536621094,True
0uvuluJqqAM,listen,True,True,0.5555555820465088,0.5555555820465088,0.5625,0,5.675833702087402,True
0vbtRdb9zTI_2,telephone,True,True,0.45945945382118225,0.4864864945411682,0.46875,0,2.3345119953155518,True
0vx6xWIEP_0_1,night,True,True,0.5,0.5,0.5,1,5.951118469238281,True
0wB165T8JuA,dirndl  skirt,True,True,0.9907692074775696,1.0,1.0,4,6.713525772094727,True
0wY8TKOu5z0_1,audiologist,True,True,0.3636363744735718,0.39772728085517883,0.34375,2,7.059399604797363,True
0xVWH6F3Fz0,lose,True,True,0.4204545319080353,0.4204545319080353,0.40625,2,4.305449962615967,True
0xrgLBuhXG0,milter hat,True,True,0.5111111402511597,0.5166666507720947,0.5,1,4.524562835693359,True
0xxg0V8sb3w_1,audit,True,True,0.5629629492759705,0.5629629492759705,0.5625,1,2.209326982498169,True
0ykPPmSC3Wk,box pleats,True,True,0.6594203114509583,0.6811594367027283,0.625,0,3.38800311088562,True
0zTZkTkBAoU,world federation of the deaf youth section,True,True,0.5955055952072144,0.6292135119438171,0.59375,5,4.680781841278076,True
0zqOg8HwQiM,ball bearing,True,True,0.6383647918701172,0.6383647918701172,0.625,2,6.001253128051758,True
1-Zz07NcsKM,eleven,True,True,0.3764705955982208,0.3764705955982208,0.375,0,2.507260799407959,True
1-wpwyfm1Mg_1,angry,True,True,0.5333333611488342,0.5444444417953491,0.5625,0,5.461598873138428,True
10KuxOH6cYM_1,interest,True,True,0.5444444417953491,0.5444444417953491,0.53125,0,4.353155136108398,True
11derBixy2I_1,day,True,True,0.4000000059604645,0.41333332657814026,0.40625,0,1.830726146697998,True
12zIYqZt4m8_1,person,True,True,0.5333333611488342,0.5666666626930237,0.5625,0,3.9802052974700928,True
14AboByr9GE_1,kind,True,True,0.6000000238418579,0.6285714507102966,0.625,2,4.391534805297852,True
14yNmnzY7X0_1,legal,True,True,0.7416666746139526,0.7666666507720947,0.75,1,3.0600740909576416,True
16P4ngMXeLM,4g,True,True,0.534246563911438,0.534246563911438,0.53125,3,4.102634906768799,True
17ar03dZ7bQ_1,security,True,True,0.9666666388511658,0.9916666746139526,0.96875,9,20.213668823242188,True
17sdVu62Og4,cut  line,True,True,0.6736111044883728,0.6840277910232544,0.6875,8,7.992945194244385,True
181pBJw-eWg,july,True,True,0.6082473993301392,0.6082473993301392,0.59375,3,5.2440290451049805,True
18NS94mBGS4,grow,True,True,0.5882353186607361,0.5882353186607361,0.59375,1,4.214348793029785,True
18Os6IiQRes_2,metre,True,True,0.8965517282485962,0.931034505367279,0.9375,0,6.6996564865112305,True
18Wi03A6brU,national,True,True,0.6483516693115234,0.6483516693115234,0.65625,3,3.641177177429199,True
18bO_HQbsF4_1,hurt,True,True,0.3799999952316284,0.3799999952316284,0.375,1,6.5446648597717285,True
18f9RKQp4zw,resign,True,True,0.39743590354919434,0.4615384638309479,0.46875,0,5.326090335845947,True
18hKLmAVIMg_1,june,True,True,0.5444444417953491,0.5777778029441833,0.53125,1,4.210206031799316,True
1AId61ylQL0,v neck,True,True,0.49268293380737305,0.49268293380737305,0.46875,2,4.895322322845459,True
1B-XlHxT32g_1,parents,True,True,0.7333333492279053,0.7555555701255798,0.75,1,3.966083526611328,True
1B3HK-qQTHI_1,share,True,True,0.6266666650772095,0.6666666865348816,0.65625,3,6.763944625854492,True
1B_wGNSS-uY,pink,True,True,0.30075186491012573,0.30075186491012573,0.28125,0,2.8876583576202393,True
1CVlY8md0JI_1,hire charges,True,True,0.800000011920929,0.8592592477798462,0.84375,1,4.3391032218933105,True
1DMSk1W0LSY_1,amritsar,True,True,0.4126984179019928,0.4126984179019928,0.40625,0,2.2010698318481445,True
1EoEG8Pvc8Q,wifi,True,True,0.49473685026168823,0.5052631497383118,0.5,0,4.202796936035156,True
1F-Blrvtuos_2,south pole,True,True,0.8194444179534912,0.8263888955116272,0.84375,0,6.02181339263916,True
1FXtTMWGzMY_1,matchbox,True,True,0.5444444417953491,0.5444444417953491,0.53125,2,6.0395050048828125,True
1FirQ_71-j0,ellipse tool,True,True,0.8362832069396973,0.8451327681541443,0.84375,10,14.690925598144531,True
1FnNbApsiHg,poultry science,True,True,0.7075812220573425,0.7075812220573425,0.6875,4,5.634507179260254,True
1G3VZ_HWTWI,expertise,True,True,0.4375,0.4749999940395355,0.46875,0,4.950870037078857,True
1GJkBoBf-S0_1,stand,True,True,0.7555555701255798,0.7666666507720947,0.75,5,5.057060718536377,True
1HI4TKdLMOw,sign,True,True,0.4714285731315613,0.4714285731315613,0.46875,0,6.21709680557251,True
1IQ2ygYhtG0_1,pure,True,True,0.4431818127632141,0.4431818127632141,0.4375,0,5.910592079162598,True
1IZPvJn7an0,discuss,True,True,0.5631067752838135,0.582524299621582,0.59375,0,3.536044120788574,True
1Ih8aIET1t8,air deccan,True,True,0.5277777910232544,0.5370370149612427,0.53125,0,4.8782501220703125,True
1KCDw7XLgU0,mahavir jayanti,True,True,0.5670102834701538,0.5670102834701538,0.5625,2,5.551674842834473,True
1L1W-NyiguQ_1,mouth,True,True,0.6571428775787354,0.7333333492279053,0.75,1,2.858825445175171,True
1MKJ9LGRot8_1,race,True,True,0.7142857313156128,0.7460317611694336,0.75,1,7.861480712890625,True
1MPaj2JcH1c,kotak mahindra bank,True,True,0.5982906222343445,0.5982906222343445,0.59375,1,5.877305030822754,True
1Mh8DMTca88,tap,True,True,0.42105263471603394,0.42105263471603394,0.40625,0,1.765206217765808,True
1N2-vwG1gMs_1,elbow,True,True,0.6666666865348816,0.6761904954910278,0.65625,4,7.109858512878418,True
1NNgGxZWunM_2,semi solid,True,True,0.30000001192092896,0.3888888955116272,0.40625,1,4.526439666748047,True
1NcamL3P63A,safe,True,True,0.5945945978164673,0.6351351141929626,0.59375,1,4.621087074279785,True
1NqEYBhtmZE,sign,True,True,0.3619047701358795,0.3619047701358795,0.34375,0,2.6785213947296143,True
1O3tCXovrw8,humid,True,True,0.8118811845779419,0.8217821717262268,0.8125,1,3.085291624069214,True
1O9PueJaMDw_1,dhothi,True,True,0.4545454680919647,0.4545454680919647,0.4375,1,3.0530014038085938,True
1OGWcDShnx4_1,lorry,True,True,0.60317462682724,0.6666666865348816,0.65625,2,4.223140716552734,True
1OPTSnDAImg,private,True,True,0.6372548937797546,0.6372548937797546,0.625,0,3.8131370544433594,True
1OZTqBF7fFg,deposit slip,True,True,0.4566473960876465,0.4624277353286743,0.4375,1,5.68592643737793,True
1PVMa5B3rMs,soup,True,True,0.4433962404727936,0.4528301954269409,0.4375,2,2.6841089725494385,True
1QOS_slPJS4,device setting,True,True,0.9378238320350647,0.9430052042007446,0.90625,4,3.403470516204834,True
1R3n6vTHqzs_1,it,True,True,0.54666668176651,0.6399999856948853,0.59375,1,2.6013312339782715,True
1Rdm3h9voMQ_1,nepal,True,True,0.4399999976158142,0.46666666865348816,0.46875,1,2.8139536380767822,True
1RxiKpQqaJM,online banking,True,True,0.5454545617103577,0.5545454621315002,0.5625,0,4.637537479400635,True
1SPhtgudjI4_1,year of harvest,True,True,0.6952381134033203,0.6952381134033203,0.65625,3,11.060206413269043,True
1STccvjvCKQ,selfish,True,True,0.5072463750839233,0.5072463750839233,0.5,0,7.6583251953125,True
1SWHwkSeN5M,assume,True,True,0.689393937587738,0.6969696879386902,0.6875,1,3.3755221366882324,True
1SkZMNfDITQ,hard drive,True,True,0.3963963985443115,0.3963963985443115,0.375,1,4.175278186798096,True
1T-rlcPbebo,hygiene,True,True,0.38260868191719055,0.40869563817977905,0.375,3,6.662160873413086,True
1TZXeenr980_1,hope,True,True,0.6555555462837219,0.6555555462837219,0.625,2,2.815263032913208,True
1TiirpYN_W8,line,True,True,0.41496598720550537,0.41496598720550537,0.40625,0,4.513957500457764,True
1ULJICYKp4E,grammar,True,True,0.40833333134651184,0.40833333134651184,0.40625,1,3.673713445663452,True
1VHhWnMU21Y,ninth,True,True,0.6778523325920105,0.6778523325920105,0.65625,1,3.7481865882873535,True
1VMQKUMCDqc,yoke,True,True,0.5245097875595093,0.5490196347236633,0.53125,2,2.46989107131958,True
1VYE8MAF6yY_1,hanuman,True,True,0.60317462682724,0.60317462682724,0.59375,1,4.1614089012146,True
1XEZmymH4e4,pisciculture,True,True,0.8266666531562805,0.8333333134651184,0.8125,8,5.574761390686035,True
1XFe7SCIQKw,anonymous,True,True,0.8370786309242249,0.8370786309242249,0.8125,13,4.027531623840332,True
1XGaQTl0iQs_1,draftsmen,True,True,0.3333333432674408,0.3866666555404663,0.375,2,9.009750366210938,True
1XLi2MXWjGc_1,today,True,True,0.5333333611488342,0.54666668176651,0.53125,1,9.27750301361084,True
1Xr-mIMAgvY,ground water,True,True,0.8167939186096191,0.8167939186096191,0.8125,6,4.802883148193359,True
1Zy29R7mOcM,suffer,True,True,0.5714285969734192,0.5714285969734192,0.5625,0,4.340847492218018,True
1_PI2OxnryQ_1,gas stove,True,True,0.3888888955116272,0.3888888955116272,0.375,0,3.072824478149414,True
1aZYCh3HDZY,before,True,True,0.49425286054611206,0.5057471394538879,0.5,0,3.200974941253662,True
1d0uOp_sG00,kidney cancer renal cell,True,True,0.6808510422706604,0.7021276354789734,0.6875,2,5.613063812255859,True
1d6PKNBVh04,sample,True,True,0.2881355881690979,0.3050847351551056,0.3125,1,5.499632358551025,True
1dsbO78Qh5I,ready,True,True,0.529411792755127,0.529411792755127,0.53125,2,3.5160131454467773,True
1dzqHHOtvXI,vietnam,True,True,0.5820895433425903,0.5820895433425903,0.5625,0,2.279615640640259,True
1eodwdZ3isc,deadline,True,True,0.6756756901741028,0.6756756901741028,0.65625,0,2.450824022293091,True
1f6OchgCQrE,me,True,True,0.24166665971279144,0.24166665971279144,0.21875,0,1.9943323135375977,True
1gZ9QlblgGs_1,syndication,True,True,0.770370364189148,0.800000011920929,0.78125,1,2.82336688041687,True
1h164VbpnFo_1,pay,True,True,0.3333333432674408,0.3866666555404663,0.375,0,5.377926349639893,True
1hBXvK7TuNo_1,prime minister,True,True,0.9200000166893005,1.0,1.0,1,3.743722915649414,True
1hghU7py9HI_1,corruption,True,True,0.5,0.5111111402511597,0.5,0,4.886727333068848,True
1hobNL7ofvg_2,resonance,True,True,0.8527131676673889,0.8527131676673889,0.84375,2,10.563651084899902,True
1hzdxU-RztQ_1,mountain,True,True,0.3799999952316284,0.4000000059604645,0.40625,1,6.161539554595947,True
1iCtgbRsFnE,popcorn,True,True,0.4406779706478119,0.4406779706478119,0.4375,5,5.570313453674316,True
1iZij0vXGiQ_1,client,True,True,0.8533333539962769,0.8577777743339539,0.8125,0,4.453861713409424,True
1iqG_Rkp7f0,volkswagen,True,True,0.4583333432674408,0.4583333432674408,0.4375,0,3.9269094467163086,True
1js4OwpNYrc,attitude,True,True,0.4482758641242981,0.4597701132297516,0.4375,0,3.8549444675445557,True
1kJrmgJ0EMs,all india foundation of deaf women,True,True,0.5353535413742065,0.5454545617103577,0.53125,1,7.884121894836426,True
1kRjJqOY1q0_1,double entry,True,True,0.5733333230018616,0.5733333230018616,0.5625,1,3.802485466003418,True
1kasuHeFIuw,language,True,True,0.5522388219833374,0.5671641826629639,0.5625,3,6.324736595153809,True
1lGwbhBsuu4,backache,True,True,0.621761679649353,0.6632124185562134,0.65625,2,4.986811637878418,True
1leH92mkoBI_1,snakes,True,True,0.54666668176651,0.6266666650772095,0.625,0,4.30440092086792,True
1mWlliCFyxM,escape,True,True,0.3804347813129425,0.3804347813129425,0.34375,0,2.2429630756378174,True
1nnXT-QVPpI_1,wrestling,True,True,0.5333333611488342,0.54666668176651,0.53125,1,5.814309120178223,True
1ocgYJL04To_1,skirt,True,True,0.6800000071525574,0.6800000071525574,0.65625,2,7.205478191375732,True
1p0Yw8NfadM_1,balance,True,True,0.4476190507411957,0.46666666865348816,0.46875,0,4.986898422241211,True
1pTz3GSNi6w_1,elbow,True,True,0.7142857313156128,0.7428571581840515,0.75,2,3.832470178604126,True
1qV27cyAjEY,insect,True,True,0.4137931168079376,0.4137931168079376,0.4375,7,5.425626754760742,True
1rPm_3Csg8M_1,stock closing,True,True,0.3866666555404663,0.41333332657814026,0.375,0,2.870741605758667,True
1rjhkQSKHSI,gold,True,True,0.4470588266849518,0.4470588266849518,0.4375,1,3.311192750930786,True
1s1-9Ve6LN8_1,thief,True,True,0.36000001430511475,0.3733333349227905,0.375,0,4.388582229614258,True
1s1kck3BMLM,gulab jamun,True,True,0.49074074625968933,0.49074074625968933,0.5,0,6.6057634353637695,True
1sZ4BSOC8nc,grandmother,True,True,0.5357142686843872,0.5357142686843872,0.53125,0,2.116196632385254,True
1tA9YYn3oys,e office portal,True,True,0.7910447716712952,0.8258706331253052,0.8125,4,5.537805080413818,True
1tIRnOnG1LI_1,tuberculosis,True,True,0.7777777910232544,0.7851851582527161,0.78125,1,6.572030067443848,True
1tRmBdfaCwQ,reward,True,True,0.4743589758872986,0.4743589758872986,0.46875,0,9.887859344482422,True
1tst7-aazJo,warn,True,True,0.6027397513389587,0.6027397513389587,0.59375,1,2.380056619644165,True
1tyx9hWefCk,similar,True,True,0.42574256658554077,0.42574256658554077,0.40625,0,3.816878080368042,True
1uQyCwx-fEE_1,announce,True,True,0.6666666865348816,0.7777777910232544,0.78125,2,2.4753987789154053,True
1uiUwkOZyis,milk bottle,True,True,0.5762711763381958,0.5762711763381958,0.5625,1,9.758333206176758,True
1vIbJ1xeH6c_1,berth,True,True,0.4545454680919647,0.47727271914482117,0.4375,2,4.9562907218933105,True
1vPiHLNlbBw,engineer,True,True,0.4017094075679779,0.4017094075679779,0.375,3,4.236788272857666,True
1vj0PwGPGss,death certificate,True,True,0.699999988079071,0.699999988079071,0.6875,1,3.9985852241516113,True
1vjgq4r7OQs,lacing,True,True,0.6071428656578064,0.6071428656578064,0.59375,1,6.731556415557861,True
1vpIZUFKZpQ,lunch,True,True,0.6142857074737549,0.6285714507102966,0.59375,0,4.435070037841797,True
1wTikbR4vsE,scared,True,True,0.489130437374115,0.489130437374115,0.5,0,4.033716201782227,True
1wVR6wsoIfw_2,complete,True,True,0.2874999940395355,0.2874999940395355,0.25,1,1.8566392660140991,True
1w_bYsmoFKA,email,True,True,0.5408163070678711,0.5408163070678711,0.53125,0,3.7325689792633057,True
1wmnjSPpUHs,calculator,True,True,0.7129629850387573,0.7129629850387573,0.71875,2,13.39643383026123,True
1x9a9JTehm8,dissent,True,True,0.5964912176132202,0.5964912176132202,0.59375,0,4.487384796142578,True
1xOrQM7AP9g,vector graphics,True,True,0.8729282021522522,0.8784530162811279,0.875,5,5.174728870391846,True
1xTATM3v8k4,umbrella,True,True,0.6481481194496155,0.6481481194496155,0.625,1,4.077106952667236,True
1yVn9e5zDKU,isl,True,True,0.5454545617103577,0.5454545617103577,0.5625,2,4.935871124267578,True
1yd6Uo25Ge0_1,hate,True,True,0.9659090638160706,0.9886363744735718,0.96875,2,4.615355491638184,True
1yd8COXSRrg_2,simultaneous,True,True,0.7027027010917664,0.8198198080062866,0.78125,7,8.024940490722656,True
1z5RuDOokzk,guilt,True,True,0.24166665971279144,0.24166665971279144,0.25,0,2.173780679702759,True
1zOTclxTpZ0_1,drive,True,True,0.47999998927116394,0.47999998927116394,0.46875,3,7.288671970367432,True
2-0sLH5bX0k,oriya,True,True,0.4256756901741028,0.4256756901741028,0.40625,5,3.220743417739868,True
2-6FnMinc3U,knife,True,True,0.36538460850715637,0.36538460850715637,0.34375,0,3.3215038776397705,True
2-VcJVXUBKw_1,leave compensatory,True,True,0.8888888955116272,0.9185185432434082,0.90625,4,9.381036758422852,True
2-YiNRKp7xI,legged robots,True,True,0.934482753276825,0.934482753276825,0.90625,15,5.551262855529785,True
2-oX2aeeV9M,welding hand screen,True,True,0.4689655303955078,0.4689655303955078,0.4375,0,3.3720812797546387,True
203WGsHFjhI,divorce,True,True,0.6171875,0.6171875,0.625,2,5.956953525543213,True
20ZBNdEFT6c_1,police,True,True,0.4266666769981384,0.4266666769981384,0.4375,0,7.294390678405762,True
21Y0f3QHoKo,rupee,True,True,0.49038460850715637,0.49038460850715637,0.46875,0,2.42598295211792,True
23L4Zan3GuY,shaving razor,True,True,0.6262626051902771,0.6262626051902771,0.59375,2,5.042142868041992,True
23kjqyecBwE,fine,True,True,0.726190447807312,0.738095223903656,0.75,2,3.6357882022857666,True
25Ju8FP3zV8,parliament,True,True,0.6666666865348816,0.6761904954910278,0.65625,1,5.340814590454102,True
267RgFdcIM8_2,mho,True,True,0.4150943458080292,0.49056604504585266,0.46875,0,4.361046314239502,True
26vEFQYbzvc,krishna,True,True,0.49000000953674316,0.49000000953674316,0.46875,0,3.920664072036743,True
27q3W_M38Ts_1,flood,True,True,0.6000000238418579,0.6100000143051147,0.625,0,8.403932571411133,True
299nspHeeag_2,colllsion,True,True,0.49425286054611206,0.5862069129943848,0.5625,1,2.453312397003174,True
2AGfP7x3obk_1,sit,True,True,0.5,0.5,0.5,0,2.209099054336548,True
2BI51rfBot0_1,decrease,True,True,0.6666666865348816,0.7083333134651184,0.71875,2,4.163715362548828,True
2CbOSGxS80s,video relay service,True,True,0.43478259444236755,0.43478259444236755,0.4375,1,4.863901138305664,True
2Cf1btUy1NI,nephew,True,True,0.7962962985038757,0.8796296119689941,0.875,2,4.677762031555176,True
2CjHiFW898s,jasminum sambac,True,True,0.7824074029922485,0.7824074029922485,0.75,9,8.238428115844727,True
2CrAogKMFeo_1,balcony,True,True,0.7185184955596924,0.7259259223937988,0.71875,3,4.388160228729248,True
2DAexoF0SsA_1,thief,True,True,0.23999999463558197,0.25333333015441895,0.25,1,3.9010684490203857,True
2DspG3QZfrU,taste,True,True,0.6762820482254028,0.6762820482254028,0.65625,5,6.496481895446777,True
2EgTWnIIS3Q_1,matchbox,True,True,0.46666666865348816,0.46666666865348816,0.46875,1,5.958089828491211,True
2GL0HkOQVmA,shy,True,True,0.5897436141967773,0.6025640964508057,0.5625,0,1.930033802986145,True
2GS4eJRYIi8,get up,True,True,0.6153846383094788,0.6153846383094788,0.59375,2,6.56687068939209,True
2GYl9B7mF4A_2,straight,True,True,0.7386363744735718,0.7727272510528564,0.78125,0,3.5197465419769287,True
2HZkAQx4QXg_1,laboratary,True,True,0.7159090638160706,0.7272727489471436,0.6875,7,26.56426239013672,True
2Hp-Yy2Qwn0_1,suspend,True,True,0.6266666650772095,0.6666666865348816,0.6875,2,6.213901042938232,True
2JY-9q3ehfY,ladder,True,True,0.6176470518112183,0.625,0.625,1,5.2623372077941895,True
2KrNWzeY_dU,paytm payments bank,True,True,0.579365074634552,0.5873016119003296,0.5625,6,5.9695281982421875,True
2LLe-kRAu0o,inauguration,True,True,0.5,0.5,0.5,2,5.210891246795654,True
2L_H8HYM5hE,accounts,True,True,0.5567010045051575,0.5567010045051575,0.53125,5,19.88275909423828,True
2MlaLGpWk74,keying,True,True,0.8317460417747498,0.8349206447601318,0.8125,9,3.351147413253784,True
2MvrW4Vw7ZU,indigo,True,True,0.5833333134651184,0.5833333134651184,0.5625,4,6.694232940673828,True
2NNiSDCb0ek_1,deaf,True,True,0.4399999976158142,0.4399999976158142,0.40625,0,2.9710021018981934,True
2OZj2Tt8dAA_1,sugar,True,True,0.5396825671195984,0.60317462682724,0.59375,0,5.1823015213012695,True
2Os6w6jmxIg,scissors,True,True,0.42500001192092896,0.42500001192092896,0.40625,0,3.282052755355835,True
2PcBSQ4A8XM,parrot,True,True,0.5677965879440308,0.5677965879440308,0.5625,2,4.202261924743652,True
2QrMULTorPY,meghalaya,True,True,0.5104166865348816,0.5104166865348816,0.5,3,3.724808692932129,True
2R_HbT1AO0c,flush door,True,True,0.8842975497245789,0.8842975497245789,0.84375,1,6.839982986450195,True
2SBugE72qbg_1,nose,True,True,0.7200000286102295,0.746666669845581,0.75,3,4.596035480499268,True
2U643_QFXA8_2,engine,True,True,0.2680412232875824,0.41237112879753113,0.4375,0,4.2468767166137695,True
2UL2iPLFUTE,rank,True,True,0.5346534848213196,0.5445544719696045,0.53125,1,7.373441696166992,True
2VUCXrEllWo_1,ghee,True,True,0.6507936716079712,0.6984127163887024,0.71875,0,4.606348991394043,True
2VssiV_sEIo,burden,True,True,0.6317204236984253,0.6317204236984253,0.625,9,5.932509422302246,True
2WBsjTVGFDw_1,thursday,True,True,0.36000001430511475,0.3733333349227905,0.34375,2,7.38184118270874,True
2WzVp7AncT4_2,coherent,True,True,0.6282051205635071,0.6666666865348816,0.65625,1,11.382892608642578,True
2XXjH0ZsdTg_1,heavy,True,True,0.4266666769981384,0.4266666769981384,0.40625,3,6.398585796356201,True
2XbRuRKOfRE,kuwait,True,True,0.4375,0.4375,0.4375,3,3.351210832595825,True
2ZARB_EzwH4_1,term of office,True,True,0.539393961429596,0.539393961429596,0.5625,1,3.8785669803619385,True
2ZMZ0wFUmdI_1,toothbrush,True,True,0.699999988079071,0.7111111283302307,0.6875,1,4.971798896789551,True
2bDOqi4YXtI,paragraph,True,True,0.380952388048172,0.3928571343421936,0.375,1,2.1160149574279785,True
2bxNtdmwWmo_1,salary,True,True,0.4000000059604645,0.4000000059604645,0.375,0,2.581228733062744,True
2c8it0IZnyw_1,miss,True,True,0.4399999976158142,0.47999998927116394,0.5,0,2.392219066619873,True
2cCGTlNYZCQ,manipur,True,True,0.6823529601097107,0.6941176652908325,0.6875,2,2.879376173019409,True
2cDgDbxkXFE,parents,True,True,0.625,0.625,0.625,1,2.7940001487731934,True
2cNWWG800gc_1,memo,True,True,0.6333333253860474,0.6777777671813965,0.65625,0,5.078202247619629,True
2cW9Z4UPvgA_1,bill,True,True,0.5333333611488342,0.5333333611488342,0.5,1,3.273592233657837,True
2dd7JFwQPh0,permanent,True,True,0.6385542154312134,0.650602400302887,0.625,2,3.9382059574127197,True
2e5SUxTjVvI,delhi,True,True,0.3636363744735718,0.3636363744735718,0.375,0,3.5752196311950684,True
2gAXTX3_db8_1,servant,True,True,0.46666666865348816,0.46666666865348816,0.46875,1,5.631636619567871,True
2iB4Rwtng94,albania,True,True,0.5333333611488342,0.5333333611488342,0.53125,4,5.984525203704834,True
2iWRUv6eMls,twenty,True,True,0.3684210479259491,0.378947377204895,0.34375,0,2.622711420059204,True
2ieSeOjAJZE,dustbin,True,True,0.45192307233810425,0.4711538553237915,0.46875,1,6.119635581970215,True
2kHyMlPqHpg_1,majority,True,True,0.753333330154419,0.7866666913032532,0.8125,0,2.8818325996398926,True
2kg98yjEHcE,summon,True,True,0.7655677795410156,0.791208803653717,0.75,4,4.036273002624512,True
2kiOvqNPlEE,soldier,True,True,0.3539822995662689,0.3539822995662689,0.34375,1,4.262745380401611,True
2lPUKkvlZvE,mean,True,True,0.5051546096801758,0.5051546096801758,0.5,0,2.381613254547119,True
2lX7iTDBWP8_1,april,True,True,0.42222222685813904,0.4444444477558136,0.375,1,4.685854434967041,True
2mKv8y9bYI0,powerlines,True,True,0.5352697372436523,0.5394191145896912,0.5625,4,5.733379364013672,True
2mZBDcRjP-Q_1,weaver,True,True,0.682539701461792,0.682539701461792,0.6875,5,5.6376543045043945,True
2nQwUc_jbRY_1,stars,True,True,0.3866666555404663,0.3866666555404663,0.40625,0,2.6613428592681885,True
2oHjc0njDdo,election,True,True,0.38235294818878174,0.38235294818878174,0.375,1,4.408782958984375,True
2oYEEIt4HFs,each,True,True,0.3199999928474426,0.3199999928474426,0.3125,1,1.7743024826049805,True
2p00fwBvXEs_1,state,True,True,0.5396825671195984,0.5396825671195984,0.53125,0,6.5135698318481445,True
2pjUxRe91qU_1,teeth,True,True,0.7333333492279053,0.7666666507720947,0.75,3,2.9660661220550537,True
2praG1zS_-c_1,breathe,True,True,0.4749999940395355,0.4749999940395355,0.46875,0,4.0835795402526855,True
2qRR4hQZAdA_1,change,True,True,0.3947368562221527,0.3947368562221527,0.40625,1,5.233792781829834,True
2qV_PsuKKvE_1,peteti,True,True,0.5795454382896423,0.5795454382896423,0.5625,1,3.535457134246826,True
2tX3eQTM1Lc_2,colour filter,True,True,0.6879432797431946,0.7092198729515076,0.71875,5,6.184085369110107,True
2tawxaYAZcA,panama,True,True,0.5901639461517334,0.5901639461517334,0.59375,0,3.1551573276519775,True
2tp3AspW6TA,karnataka,True,True,0.3333333432674408,0.3444444537162781,0.28125,0,2.705287218093872,True
2u2aH81FDWM,preposition,True,True,0.7469135522842407,0.7592592835426331,0.75,2,5.440011501312256,True
2uRtqd5Mxmc,riverine,True,True,0.8057971000671387,0.8086956739425659,0.78125,20,9.13251781463623,True
2vUvW-0XfUE,bharatiya janata party,True,True,0.6666666865348816,0.6666666865348816,0.65625,1,4.861604690551758,True
2vdw_PjA8FE,role,True,True,0.512499988079071,0.512499988079071,0.5,0,4.419833660125732,True
2vfL9h_KiJE_1,peon,True,True,0.23863635957241058,0.2613636255264282,0.25,1,5.409003257751465,True
2w6c7g7ZPKo_1,labourer,True,True,0.7749999761581421,0.7749999761581421,0.75,0,5.386911392211914,True
2wA4J_9FFIc_1,foot,True,True,0.5555555820465088,0.5555555820465088,0.53125,1,4.547125816345215,True
2yARXoO8Nrg_2,amount,True,True,0.23076923191547394,0.24175824224948883,0.21875,1,2.0516910552978516,True
2yDcFJQ3t8Y,zebra crossing,True,True,0.6546762585639954,0.6690647602081299,0.65625,1,5.2456440925598145,True
2yJXBFhvqk0_1,shop,True,True,0.4533333480358124,0.4933333396911621,0.46875,2,5.100197792053223,True
2yqiuXXxZ3Y_1,cheque postdated,True,True,0.5636363625526428,0.5878787636756897,0.5625,2,4.662217617034912,True
2zv3MpREUNA,private secretaryps,True,True,0.8165137767791748,0.819571852684021,0.8125,16,4.501131534576416,True
3-JaJnYcae8_1,durga,True,True,0.3650793731212616,0.3650793731212616,0.34375,1,6.994909286499023,True
30OIyeGhcQM,swallow,True,True,0.726190447807312,0.738095223903656,0.71875,5,4.639894962310791,True
31IAr_rm054_1,face,True,True,0.523809552192688,0.5904762148857117,0.59375,3,4.359292984008789,True
31l98A8z-h4,sikhism,True,True,0.47191011905670166,0.47191011905670166,0.46875,0,3.635366439819336,True
32OshNWYUgE_1,evening,True,True,0.5444444417953491,0.5555555820465088,0.53125,0,3.7032535076141357,True
32SWjSJrL0s_1,spot exchange,True,True,0.5916666388511658,0.6000000238418579,0.5625,1,5.35416316986084,True
33mc9fTI8tE_1,goods,True,True,0.3722222149372101,0.41111111640930176,0.40625,3,4.9748687744140625,True
33nznChivz8_1,hang,True,True,0.523809552192688,0.5714285969734192,0.5625,0,3.800292730331421,True
34UjBeye-E0_1,advertisement,True,True,0.3866666555404663,0.4399999976158142,0.4375,2,5.270380973815918,True
34WMjwYFdsI,dissent,True,True,0.4563106894493103,0.4563106894493103,0.4375,2,5.486228942871094,True
36-jdo8Gt4o,sun,True,True,0.4583333432674408,0.4583333432674408,0.4375,0,5.383641242980957,True
37KfHOkm_mM_1,lnaugurate,True,True,0.46666666865348816,0.46666666865348816,0.46875,2,3.1709115505218506,True
37bLyyxKZKs,punish,True,True,0.569767415523529,0.5930232405662537,0.5625,1,13.176114082336426,True
37i_Xt_w0Rs,capable,True,True,0.3650793731212616,0.3650793731212616,0.375,2,3.7684202194213867,True
37z5dnLqYms,ovi viviparous,True,True,0.8609625697135925,0.8770053386688232,0.84375,18,6.356349945068359,True
380a54uCumQ,bike suspension,True,True,0.43809524178504944,0.46190476417541504,0.4375,1,4.179925918579102,True
38_FvLAz4Lo_1,police,True,True,0.5199999809265137,0.54666668176651,0.53125,3,5.6045942306518555,True
38hLbeCJAtA_1,decrease,True,True,0.5396825671195984,0.5396825671195984,0.53125,0,4.320117950439453,True
39tZrKjvdQM,hard,True,True,0.6960784196853638,0.7058823704719543,0.6875,0,6.59453010559082,True
3Azhh428me8,october,True,True,0.5583333373069763,0.5666666626930237,0.5625,0,3.916736125946045,True
3BJDzOlCGcc_1,down,True,True,0.47999998927116394,0.47999998927116394,0.46875,2,5.5616960525512695,True
3DOyNnKRg0c_1,tribal,True,True,0.5142857432365417,0.523809552192688,0.5,1,3.5594558715820312,True
3DSsRKPkiGI,nappy,True,True,0.6666666865348816,0.6739130616188049,0.65625,2,4.129740238189697,True
3DVy0Znsfj0_1,title,True,True,0.7090908885002136,0.7272727489471436,0.6875,2,5.40764045715332,True
3DeQ1zZ5pjo_1,delhi,True,True,0.3333333432674408,0.3333333432674408,0.34375,0,3.709815502166748,True
3ETJPlFTcwk_1,spilt,True,True,0.2666666805744171,0.29523810744285583,0.3125,0,3.9205737113952637,True
3EU1DcenjJw,tripura,True,True,0.5728155374526978,0.582524299621582,0.5625,0,2.7321693897247314,True
3Eq8FeSFJpY,scan,True,True,0.46226415038108826,0.46226415038108826,0.4375,6,6.589319229125977,True
3FY7bYQBJ8M,alcohol,True,True,0.5869565010070801,0.5869565010070801,0.5625,0,2.5369157791137695,True
3FhNDV9UDzc,ruthless,True,True,0.3142857253551483,0.3142857253551483,0.3125,2,4.536903381347656,True
3FlXNEmG6h0,lemon,True,True,0.32692307233810425,0.32692307233810425,0.3125,1,5.068293571472168,True
3GbJlbAKUy8_2,erect,True,True,0.6470588445663452,0.7058823704719543,0.71875,0,2.366405963897705,True
3GlZqV3RSp0,jump,True,True,0.591549277305603,0.591549277305603,0.59375,2,9.975156784057617,True
3HMUM-9pQj0,archery,True,True,0.5625,0.5625,0.5625,3,2.6814541816711426,True
3I1fwIgGXv8,name,True,True,0.5671641826629639,0.5671641826629639,0.5625,0,2.038221597671509,True
3I2-zG4Ymb4,force,True,True,0.5858585834503174,0.6161616444587708,0.59375,0,1.960798978805542,True
3IHHaKspcfA,pole vault,True,True,0.7272727489471436,0.7272727489471436,0.71875,3,4.693512916564941,True
3KS9SiHwRVI,africa,True,True,0.5465116500854492,0.6162790656089783,0.59375,1,4.025045394897461,True
3L80qKk4daI_2,printed circuit board,True,True,0.8888888955116272,0.9444444179534912,0.96875,1,6.445797920227051,True
3MeFx_eYZK0_1,under subscribed,True,True,0.8777777552604675,0.8888888955116272,0.875,0,5.9094557762146,True
3MoTC6iB3xQ,organization,True,True,0.6627907156944275,0.6744186282157898,0.6875,2,5.506507396697998,True
3MxE482U2Ns,pull someone's leg,True,True,0.5972222089767456,0.5972222089767456,0.59375,1,4.284724235534668,True
3NIFg2ExoMs,scratch,True,True,0.530434787273407,0.530434787273407,0.53125,2,4.065325736999512,True
3NPxIy6OXzg_1,drawer,True,True,0.375,0.38333332538604736,0.375,0,4.729756832122803,True
3NUcsb2W1OQ_1,tusks,True,True,0.3333333432674408,0.3466666638851166,0.34375,0,3.5452327728271484,True
3OHkLPutuYM,legalese,True,True,0.8101983070373535,0.8356940746307373,0.8125,21,9.506170272827148,True
3R3KvYV43nQ_1,shop,True,True,0.6666666865348816,0.7142857313156128,0.6875,0,4.342352390289307,True
3RKj4XQRxkc_2,metal,True,True,0.3980582654476166,0.4660194218158722,0.4375,0,4.702006816864014,True
3Rn7sqmjgWo_2,osmosis,True,True,0.699999988079071,0.7200000286102295,0.71875,0,7.13409948348999,True
3S1RLtVj7PE,sweater,True,True,0.5555555820465088,0.5555555820465088,0.5625,3,4.670398235321045,True
3SBcHgw6wRM,minor,True,True,0.8247422575950623,0.8298969268798828,0.8125,2,4.57421875,True
3SIXJfwYlFw,anniversary,True,True,0.5906976461410522,0.5953488349914551,0.625,3,7.1794586181640625,True
3SRihi99gjc_1,home,True,True,0.44999998807907104,0.4749999940395355,0.46875,1,3.5232162475585938,True
3SRqBpgSrqI_1,week,True,True,0.3466666638851166,0.36000001430511475,0.3125,0,4.709141731262207,True
3SS49K8MK1w,belt loops,True,True,0.6449704170227051,0.6449704170227051,0.625,1,11.387811660766602,True
3Sct_ii1-yQ_1,drawer,True,True,0.43030303716659546,0.4363636374473572,0.46875,2,4.347598552703857,True
3T5RJ1_NFrM_1,milk,True,True,0.8888888955116272,0.9523809552192688,0.96875,1,7.658207893371582,True
3TNpBwr-Cxo_2,transformation of energy,True,True,0.4563106894493103,0.5922330021858215,0.5625,1,6.323425769805908,True
3TSVb2e1zJw_1,saturday,True,True,0.46666666865348816,0.54666668176651,0.53125,1,4.731046676635742,True
3UYC9939yQw_1,improve,True,True,0.5799999833106995,0.6600000262260437,0.65625,0,4.774802207946777,True
3VP2rlxefJI,magnetic ink character recognition,True,True,0.875,0.8839285969734192,0.90625,12,5.4151506423950195,True
3VSNwJnUmdA,adobe acrobat reader,True,True,0.5742574334144592,0.5742574334144592,0.5625,1,3.582813024520874,True
3WEkK4AaiV4,kidney beans,True,True,0.4305555522441864,0.4305555522441864,0.40625,0,2.764695644378662,True
3X2TOqyDgv8,peas,True,True,0.5204081535339355,0.5204081535339355,0.5,0,3.308109760284424,True
3X7DZIiH2ZQ,uzbekistan,True,True,0.6097561120986938,0.6219512224197388,0.625,0,2.978675603866577,True
3XCX0YETmuk_1,sunday,True,True,0.41333332657814026,0.4266666769981384,0.40625,0,2.0724074840545654,True
3Y7KPnUv9kA,animals,True,True,0.6279069781303406,0.6279069781303406,0.59375,5,9.844877243041992,True
3aJtWIMsFx8,cpi,True,True,0.6913580298423767,0.6913580298423767,0.6875,0,6.05429220199585,True
3bAW9KtLSXk,gardener,True,True,0.6578947305679321,0.6842105388641357,0.6875,7,8.486616134643555,True
3bV2PgWlc7M,peas,True,True,0.47560974955558777,0.47560974955558777,0.46875,0,4.041816711425781,True
3cluYDK8u08_1,acting,True,True,0.46666666865348816,0.47999998927116394,0.46875,2,3.4728658199310303,True
3cp85oNRRj8_1,tongs,True,True,0.6555555462837219,0.6555555462837219,0.65625,0,4.01241397857666,True
3dJCO6ExmY0,real estate agent,True,True,0.5511810779571533,0.5511810779571533,0.53125,2,6.805454730987549,True
3e4K5QbywVc,ports tab,True,True,0.8367347121238708,0.8367347121238708,0.8125,1,5.068324089050293,True
3fG2P5D8Jm0_1,open,True,True,0.5396825671195984,0.5396825671195984,0.53125,2,5.048457145690918,True
3fKtgE9aQso,yesterday,True,True,0.546875,0.546875,0.53125,0,6.9427809715271,True
3g-VyVR_iyU,nervous,True,True,0.5340909361839294,0.5340909361839294,0.53125,0,4.264309883117676,True
3gymi4f7hps_1,lay off,True,True,0.9333333373069763,0.9666666388511658,0.96875,1,5.8304314613342285,True
3h4uBHZ4J2Q_1,december,True,True,0.47999998927116394,0.4933333396911621,0.46875,0,3.480057954788208,True
3hIkQEZ923Q_1,joumal entry,True,True,0.5777778029441833,0.5777778029441833,0.5625,0,3.4570908546447754,True
3hTK036o_F4_1,group,True,True,0.5555555820465088,0.5703703761100769,0.5625,3,6.4491987228393555,True
3ir8Rnwx8TY,potato,True,True,0.5443037748336792,0.5443037748336792,0.5,1,4.092781066894531,True
3jg1TpRzkGs,ear,True,True,0.4433962404727936,0.4433962404727936,0.4375,0,2.023688793182373,True
3kNaobravCU,office,True,True,0.5396825671195984,0.5873016119003296,0.59375,1,7.463394641876221,True
3kbyPG13anw_1,tell,True,True,0.5333333611488342,0.5333333611488342,0.53125,2,5.911096572875977,True
3lMNHGXNQ3Q,uganda,True,True,0.5308641791343689,0.5308641791343689,0.53125,0,3.942331075668335,True
3muHDD0neyo,warm,True,True,0.6756756901741028,0.6756756901741028,0.65625,0,3.7022714614868164,True
3n8cKQOSZfM,semicircle,True,True,0.4642857015132904,0.4642857015132904,0.46875,2,4.430510520935059,True
3ncXcBiwveA,magician,True,True,0.46315789222717285,0.46315789222717285,0.4375,0,4.643317222595215,True
3nnG7x_qkck_1,night,True,True,0.5555555820465088,0.5555555820465088,0.5625,1,4.504720687866211,True
3pZp4IFQCuA,parts,True,True,0.671875,0.671875,0.65625,0,6.351719379425049,True
3ppf7DdzKvA,search,True,True,0.5789473652839661,0.5921052694320679,0.59375,2,2.6017239093780518,True
3pqDm0UKO14,first coat,True,True,0.8777292370796204,0.8864628672599792,0.84375,6,4.702674865722656,True
3qKiJRMOzsc,watermelon,True,True,0.46000000834465027,0.47999998927116394,0.46875,2,4.596315383911133,True
3sX8OzIgyIc_2,capacity,True,True,0.5307692289352417,0.5923076868057251,0.59375,0,5.981564044952393,True
3snObAxKXOQ,dress,True,True,0.40909090638160706,0.40909090638160706,0.40625,0,3.762557029724121,True
3t63THdE5wM,each,True,True,0.4067796468734741,0.4067796468734741,0.40625,0,3.1300361156463623,True
3tFefLfXIn4_1,september,True,True,0.5600000023841858,0.6933333277702332,0.6875,1,5.8221282958984375,True
3uHfsQnqReY_1,bathroom,True,True,0.746666669845581,0.753333330154419,0.71875,5,4.084827423095703,True
3uW2Y--Yd9U,sand paper,True,True,0.5358166098594666,0.5358166098594666,0.5,11,5.311367988586426,True
3uyNF9yZCCw_1,sand,True,True,0.550000011920929,0.5600000023841858,0.53125,0,6.658095359802246,True
3v5Id7dDttk,buddha purnima,True,True,0.5205479264259338,0.5205479264259338,0.5,1,6.701698303222656,True
3vAxsFOJdVo,germany,True,True,0.4639175236225128,0.4639175236225128,0.46875,0,3.0863215923309326,True
3vXJ605MFbU,maybe,True,True,0.640625,0.640625,0.625,3,4.792778968811035,True
3wKsYea6rfs_1,wood,True,True,0.4761904776096344,0.4761904776096344,0.4375,1,3.8141937255859375,True
3wgPDtFtXWE_1,waive,True,True,0.2666666805744171,0.2666666805744171,0.28125,0,2.0691137313842773,True
3xKJDf869EY,value,True,True,0.5714285969734192,0.5857142806053162,0.5625,0,5.401714324951172,True
3y-nQO6e5iQ,go air,True,True,0.375,0.375,0.375,0,2.6334779262542725,True
3y4vcRJBNs0,restart,True,True,0.4513888955116272,0.4513888955116272,0.4375,2,5.641433238983154,True
3yRZjuvtEd0_1,arm,True,True,0.5904762148857117,0.6000000238418579,0.59375,0,4.330166816711426,True
3ymIgijDrC0,owl,True,True,0.44117647409439087,0.46078431606292725,0.4375,2,4.105474472045898,True
3zXseLcBn4A_1,entertainment,True,True,0.460317462682724,0.460317462682724,0.46875,0,4.556003093719482,True
3zbf5Y2id1U_2,universe,True,True,0.7866666913032532,0.800000011920929,0.75,3,17.193199157714844,True
4--6iRQ6-7A,amazon,True,True,0.4678899049758911,0.4678899049758911,0.4375,0,2.3048527240753174,True
4-LrYNRVVZk_1,delete,True,True,0.375,0.38333332538604736,0.34375,0,3.4370245933532715,True
4-d6EGJjZNk,travel,True,True,0.540229856967926,0.540229856967926,0.53125,1,4.603515148162842,True
40AA6WkT-Ys_2,centrifugal,True,True,0.7307692170143127,0.7362637519836426,0.71875,1,2.981898307800293,True
413unEDKRXQ,dwarf,True,True,0.7555555701255798,0.7555555701255798,0.71875,2,3.4203991889953613,True
41OGaqeAUMg,glass block,True,True,0.6150234937667847,0.6150234937667847,0.625,8,4.915521144866943,True
42CmhRt0ANs_2,electric charge,True,True,0.6808510422706604,0.7340425252914429,0.6875,1,8.421257972717285,True
42WTTq2hqh8_1,bill,True,True,0.574999988079071,0.5833333134651184,0.5625,3,3.452249765396118,True
42axCoiER4s,similar,True,True,0.46666666865348816,0.46666666865348816,0.4375,1,3.681312322616577,True
42cPzLjkVEs_1,statement of account,True,True,0.5925925970077515,0.6000000238418579,0.59375,0,6.7792792320251465,True
44mCQaeKBVw,last month,True,True,0.45945945382118225,0.45945945382118225,0.4375,1,2.6576428413391113,True
44ueVmAA5W4,acceptance letter,True,True,0.43609023094177246,0.43609023094177246,0.40625,2,4.704154014587402,True
46-lhzhJf78,praise,True,True,0.48275861144065857,0.48275861144065857,0.46875,1,3.9259750843048096,True
461WaV7kRxw_1,sky,True,True,0.6399999856948853,0.6399999856948853,0.625,2,4.732743263244629,True
46EMlBxuYAU,tailor,True,True,0.5370370149612427,0.5370370149612427,0.5,3,5.7277140617370605,True
46eCCVvkyIc,jawaharlal nehru,True,True,0.42424243688583374,0.42424243688583374,0.40625,0,1.8323653936386108,True
46tD7Du6BNs,measuring tape,True,True,0.3245614171028137,0.3333333432674408,0.34375,0,4.443737030029297,True
48ODiLP2VgA,summary,True,True,0.3391304314136505,0.3391304314136505,0.34375,0,4.4930009841918945,True
49bdeG9jPdM,nematode control,True,True,0.8519552946090698,0.8659217953681946,0.8125,15,6.295393943786621,True
49c0qMhaE20,hydraulic sprayer,True,True,0.6545454263687134,0.6590909361839294,0.625,3,5.905252933502197,True
4AMULo6htKw,disconnect,True,True,0.3030303120613098,0.3030303120613098,0.3125,0,3.9984493255615234,True
4ANEdd5HfAs,withdraw money from bank,True,True,0.7304964661598206,0.7304964661598206,0.71875,7,6.7935333251953125,True
4BBTQpBwAXw_1,rectification,True,True,0.5142857432365417,0.6571428775787354,0.65625,1,5.854180335998535,True
4BNqHj-lQaE,list,True,True,0.4954954981803894,0.4954954981803894,0.46875,2,5.351772785186768,True
4C5snSNt79Q_1,hours,True,True,0.5444444417953491,0.5444444417953491,0.53125,5,6.818565368652344,True
4CrR5m-eSIs,ring spanner,True,True,0.6679841876029968,0.6679841876029968,0.625,2,6.12214469909668,True
4EihrPe_PfY,recent,True,True,0.39603960514068604,0.39603960514068604,0.375,0,2.856917381286621,True
4FQuX9bwT2I,flower for medical importance,True,True,0.8220338821411133,0.8220338821411133,0.8125,13,13.331366539001465,True
4FldxWjLykY,arunachal pradesh,True,True,0.6288659572601318,0.6288659572601318,0.625,2,5.63088321685791,True
4GH0wBiRfX4_1,security continuing,True,True,0.4848484992980957,0.4848484992980957,0.5,1,7.154355525970459,True
4HMKoVmJQ0E_1,key,True,True,0.5333333611488342,0.5714285969734192,0.53125,1,5.700379371643066,True
4I-jm9Ng7YU_1,minimum,True,True,0.644444465637207,0.644444465637207,0.65625,7,5.930440425872803,True
4ILXbXTUUp4,periods,True,True,0.52173912525177,0.52173912525177,0.5,3,4.1432108879089355,True
4IR40ptGTIU_1,rat,True,True,0.7200000286102295,0.7733333110809326,0.75,0,2.521045684814453,True
4Irn82ukR2M_1,post card,True,True,0.5227272510528564,0.5681818127632141,0.5625,1,3.5982062816619873,True
4J5r3KmJCPU_1,follow,True,True,0.4749999940395355,0.49166667461395264,0.4375,0,2.6902434825897217,True
4JLkY7vGCHM_1,typist,True,True,0.3866666555404663,0.3866666555404663,0.375,4,4.3056182861328125,True
4JPQ0EUdcbg,repair,True,True,0.5483871102333069,0.5483871102333069,0.53125,1,6.2908735275268555,True
4K-4FU5l7cY_1,time,True,True,0.6666666865348816,0.6666666865348816,0.65625,2,3.4572558403015137,True
4KOdh-2oe8Y,cop,True,True,0.37037035822868347,0.37037035822868347,0.34375,1,3.0007779598236084,True
4KjtR4PwJVM_1,differential rate of interest,True,True,0.4848484992980957,0.4848484992980957,0.4375,4,5.243399143218994,True
4KttVgLezuY_1,mysore,True,True,0.3866666555404663,0.3866666555404663,0.375,0,3.0856614112854004,True
4LM1k8KifiY,situation,True,True,0.5824176073074341,0.5824176073074341,0.5625,2,4.721966743469238,True
4LndvMQ2dO0,weightlifting,True,True,0.591549277305603,0.6056337952613831,0.59375,0,5.1803998947143555,True
4MB7jUMQvac,autumn,True,True,0.6060606241226196,0.6406926512718201,0.625,7,4.346907615661621,True
4MDuw5Pj-94_1,balance closing,True,True,0.5333333611488342,0.5333333611488342,0.53125,0,6.0586676597595215,True
4NzoLuGTigs,electric bus,True,True,0.8006430864334106,0.8006430864334106,0.78125,11,5.713800430297852,True
4OMY6uJx-O4_1,fresh,True,True,0.5400000214576721,0.5400000214576721,0.53125,0,3.6829614639282227,True
4Os2Hh06GPc_1,earth,True,True,0.75,0.75,0.75,2,3.8859329223632812,True
4P7EFM3C4MM,smog,True,True,0.8273972868919373,0.8328767418861389,0.8125,8,5.81754732131958,True
4Q0ANLHhzwk_1,sun,True,True,0.30666667222976685,0.30666667222976685,0.28125,0,2.2372913360595703,True
4QdYqEbZu8Q,recently,True,True,0.4423076808452606,0.4423076808452606,0.4375,1,2.3997323513031006,True
4QkxfvOC3go_1,how much,True,True,0.4920634925365448,0.4920634925365448,0.46875,1,6.468448638916016,True
4Qm7AgT_VKg_1,income tax,True,True,0.8857142925262451,0.9428571462631226,0.9375,0,4.780344486236572,True
4RBAWNsG8Hk_1,geometry,True,True,0.5113636255264282,0.5113636255264282,0.5,2,4.8470377922058105,True
4RNnYGS3E34_1,feather,True,True,0.6222222447395325,0.6222222447395325,0.59375,0,5.450733661651611,True
4RTN56hfFTM_2,nuclear reactor,True,True,0.7124999761581421,0.7749999761581421,0.78125,1,7.088113307952881,True
4Ruem9NXrqw_1,std,True,True,0.6899999976158142,0.6899999976158142,0.6875,2,4.165887832641602,True
4SRWa0Z5c8Q,hollow blocks,True,True,0.8634361028671265,0.8810572624206543,0.875,9,5.3448052406311035,True
4SlMtTeUkEE_1,monday,True,True,0.3466666638851166,0.3733333349227905,0.34375,1,7.705270767211914,True
4TLvls1tSgA_1,company,True,True,0.6814814805984497,0.6888889074325562,0.6875,0,2.312739610671997,True
4TXbOxz60R4,online,True,True,0.4047619104385376,0.4047619104385376,0.40625,0,3.1614058017730713,True
4TubhVVN1ds_1,father-in-law,True,True,0.6800000071525574,0.7066666483879089,0.6875,2,7.657384395599365,True
4TymgqvinvY,socks,True,True,0.4383561611175537,0.4383561611175537,0.4375,1,5.384490966796875,True
4UMMRCc0Iak,addendum,True,True,0.7534246444702148,0.7602739930152893,0.75,2,4.831034183502197,True
4UvD29cSe1U_1,duration,True,True,0.6933333277702332,0.7266666889190674,0.71875,1,16.693201065063477,True
4Vj5NM9KRzY,tuberculosis,True,True,0.5604395866394043,0.5604395866394043,0.53125,3,4.882390975952148,True
4WDhqg6s8lw_1,take,True,True,0.380952388048172,0.380952388048172,0.375,2,6.051307678222656,True
4WuV_HD-hZ0_1,vegetarian,True,True,0.7599999904632568,0.8266666531562805,0.8125,1,3.9491844177246094,True
4XFgnsejElI,photocopy,True,True,0.3365384638309479,0.3365384638309479,0.34375,3,4.827300071716309,True
4XYSXKlhpE0_1,suspend payment,True,True,0.9025641083717346,0.9435897469520569,0.96875,3,2.9209110736846924,True
4ZGhwybcIc0,separate,True,True,0.20000000298023224,0.22499999403953552,0.21875,0,2.5101656913757324,True
4ZJOFmnUXOI_1,acknowledgement,True,True,0.6717948913574219,0.6717948913574219,0.625,1,9.834763526916504,True
4ZhRcyVJKu4_1,way,True,True,0.42222222685813904,0.46666666865348816,0.4375,3,6.434474945068359,True
4aB00bo7A5M_2,diesel,True,True,0.8317757248878479,0.8878504633903503,0.90625,1,20.528011322021484,True
4accXsYqRnA,what,True,True,0.3692307770252228,0.3692307770252228,0.375,0,5.655421257019043,True
4aqQ1oxaHVU_1,measure,True,True,0.4126984179019928,0.4126984179019928,0.40625,0,3.1041557788848877,True
4bEmX9n5WqQ,aunt,True,True,0.45205479860305786,0.45205479860305786,0.46875,0,2.6129140853881836,True
4bUNNgy6hOg_1,air,True,True,0.5333333611488342,0.5333333611488342,0.53125,1,4.495718955993652,True
4bjLAMYZciw,strange,True,True,0.5346534848213196,0.5346534848213196,0.5,0,3.578108310699463,True
4bzRDATIEGY,ladder,True,True,0.46666666865348816,0.47179487347602844,0.4375,1,4.626875400543213,True
4ee_deI0hZA_1,olympics,True,True,0.5714285969734192,0.6190476417541504,0.625,2,7.712490558624268,True
4epyVRUXIWA,computer,True,True,0.5268816947937012,0.5268816947937012,0.53125,1,3.94683575630188,True
4f7OqHEUjDs,elevation,True,True,0.9180327653884888,0.9289617538452148,0.90625,12,6.772332191467285,True
4fOrzw3MpL4_1,reservation,True,True,0.653333306312561,0.653333306312561,0.65625,1,3.8689799308776855,True
4fPciu-8Bmw_1,sing,True,True,0.4126984179019928,0.4126984179019928,0.40625,0,2.082995891571045,True
4g99hQUlSd4_1,climb down,True,True,0.54666668176651,0.54666668176651,0.53125,1,7.119349479675293,True
4gyV6cLT2o4_1,form,True,True,0.44999998807907104,0.4583333432674408,0.5,1,4.001914978027344,True
4gzoWw7xiig,date of retirement,True,True,0.9090909361839294,0.9090909361839294,0.875,11,6.173529624938965,True
4hI14OUpXoc,reaper bainder,True,True,0.8403361439704895,0.8403361439704895,0.8125,12,4.598169326782227,True
4i5RCrOMoZk_1,kerala,True,True,0.5199999809265137,0.5333333611488342,0.53125,2,4.724447250366211,True
4iLJjksh3C8,smoke,True,True,0.4523809552192688,0.4523809552192688,0.4375,1,3.134819746017456,True
4imVoSmU5vc,mauritius,True,True,0.6410256624221802,0.6410256624221802,0.625,1,3.9686312675476074,True
4iyCzQFjHV4,construction,True,True,0.5714285969734192,0.5904762148857117,0.59375,4,9.372116088867188,True
4jSr_zyFag0_2,radiation,True,True,0.8947368264198303,0.9385964870452881,0.9375,3,5.504389762878418,True
4joUJiIztMI_1,bad,True,True,0.4000000059604645,0.4571428596973419,0.4375,0,1.9634896516799927,True
4kKAKsQ5mGU_2,force,True,True,0.41726619005203247,0.42446044087409973,0.4375,1,3.5954151153564453,True
4lQ5qbaS0Gg_1,cupboard,True,True,0.6416666507720947,0.6416666507720947,0.65625,2,4.5918169021606445,True
4m7m4ClAPJA,unfair dismissal,True,True,0.8063380122184753,0.8133803009986877,0.78125,11,5.203941822052002,True
4mBsmsNlAco,classification of fungus,True,True,0.853210985660553,0.853210985660553,0.875,8,4.135824203491211,True
4mzBkoNvj34,queue,True,True,0.5571428537368774,0.5571428537368774,0.53125,0,2.6794843673706055,True
4nHooc3YAYI_1,india,True,True,0.5568181872367859,0.5681818127632141,0.53125,1,3.9041402339935303,True
4oJ4RzPUxyQ_1,city,True,True,0.4126984179019928,0.4126984179019928,0.40625,1,13.011514663696289,True
4oV0XT2-nKE_2,solld fueis,True,True,0.9444444179534912,1.0,1.0,3,4.671295642852783,True
4onhprzwUMw,everyday,True,True,0.3571428656578064,0.4693877696990967,0.46875,0,2.3705806732177734,True
4pCZtQ36l1k,informal,True,True,0.4678899049758911,0.4862385392189026,0.46875,1,4.4560160636901855,True
4qH-OH2VhXk,appliances control,True,True,0.7777777910232544,0.7777777910232544,0.75,18,5.8689799308776855,True
4rK-NM-p-Fw_2,pump,True,True,0.2142857164144516,0.2976190447807312,0.28125,0,2.0964229106903076,True
4rworePKeMo,wavy hair,True,True,0.4035087823867798,0.41228070855140686,0.375,0,3.0899224281311035,True
4tKpSwmWzRc,ten thousand,True,True,0.43262410163879395,0.43262410163879395,0.40625,0,2.5992014408111572,True
4uvlneM9L7I,blue flowered plants,True,True,0.7072243094444275,0.7148289084434509,0.6875,10,7.2751617431640625,True
4w17tl-wULc_1,resignation,True,True,0.4285714328289032,0.4285714328289032,0.40625,0,2.973245620727539,True
4w6FgMm-XfU_1,remember,True,True,0.7733333110809326,0.7733333110809326,0.75,0,2.374516010284424,True
4wFoBAr9SJk,mating method of poultry,True,True,0.613772451877594,0.613772451877594,0.59375,4,4.267169952392578,True
4xXU89_oMx0,sub directory,True,True,0.8347457647323608,0.8347457647323608,0.8125,6,4.675070762634277,True
4xoxfnCknFc,advantages of drainage,True,True,0.6739130616188049,0.6739130616188049,0.65625,1,4.132807731628418,True
4xykTArwSSg,air india,True,True,0.4305555522441864,0.4305555522441864,0.40625,3,5.545860767364502,True
4yEYl3wJ-2g_1,mandatory,True,True,0.4000000059604645,0.4000000059604645,0.375,1,3.278428077697754,True
4yJrFqyUKuA,asystole,True,True,0.75,0.75,0.75,1,4.425021171569824,True
4yr92W_JhD0_2,microwave,True,True,0.7333333492279053,0.7888888716697693,0.75,0,5.685244560241699,True
4zUppDrDP-Q_1,officer,True,True,0.41333332657814026,0.4399999976158142,0.46875,2,5.7214555740356445,True
5-DDBSyDDqM_1,bedsheet,True,True,0.5629629492759705,0.5629629492759705,0.53125,3,8.637950897216797,True
5-Twa3eHlf4,slap,True,True,0.3384615480899811,0.35384616255760193,0.34375,0,2.4701876640319824,True
5-YpUXKTx2Q_1,grandson,True,True,0.8363636136054993,0.8666666746139526,0.84375,0,4.195555210113525,True
5-vEsZ3vXPs,like social media,True,True,0.5714285969734192,0.5714285969734192,0.5625,1,2.9692156314849854,True
5-z6W_-oGLA,htc mobile,True,True,0.3819444477558136,0.3888888955116272,0.375,1,4.952661037445068,True
50A9vnIaQNE,biscuit,True,True,0.5441176295280457,0.5441176295280457,0.53125,0,1.9732083082199097,True
50Age2AKB6g,infection,True,True,0.8059298992156982,0.8113207817077637,0.78125,10,5.580710411071777,True
50ifEC4lOTQ,funeral pyre,True,True,0.6880000233650208,0.6880000233650208,0.65625,0,3.1873931884765625,True
50jD8JNDy1s,already,True,True,0.47457626461982727,0.47457626461982727,0.46875,0,4.9060163497924805,True
50rdgc3m1wM_1,lotus,True,True,0.7777777910232544,0.7777777910232544,0.75,1,3.2371983528137207,True
51zM9pARAnY_1,blood,True,True,0.6857143044471741,0.6952381134033203,0.6875,2,9.761222839355469,True
52KfVYsiiXw,shooting,True,True,0.7183098793029785,0.7183098793029785,0.71875,1,9.871869087219238,True
52PLBwiKgNs_1,irrevocable,True,True,0.5939394235610962,0.6060606241226196,0.625,1,4.653714656829834,True
52TTzIUKAAI,monday,True,True,0.4482758641242981,0.4482758641242981,0.4375,1,5.653265953063965,True
52a1sCV-74w_1,do,True,True,0.4285714328289032,0.4285714328289032,0.40625,0,3.519601345062256,True
53Srb_Pjvt0_1,pyjama,True,True,0.5795454382896423,0.5795454382896423,0.5625,2,5.68402624130249,True
53i9PPrlt6o_1,narrow,True,True,0.47999998927116394,0.47999998927116394,0.46875,0,5.2872514724731445,True
543L-qWLyCY_1,slip,True,True,0.3968254029750824,0.3968254029750824,0.40625,1,4.5081586837768555,True
54Y12afDi_M_2,potentiometer,True,True,0.8053097128868103,0.8141592741012573,0.8125,2,7.934268951416016,True
55QkR-ok9Wg_2,alternate current,True,True,0.9425287246704102,0.954023003578186,0.96875,1,4.989748477935791,True
56068bo3XzU_2,acceleration,True,True,0.4266666769981384,0.4533333480358124,0.46875,1,3.347792863845825,True
562GxmYvvsg_1,guwahati,True,True,0.5799999833106995,0.5799999833106995,0.59375,1,2.3280086517333984,True
56AJoGhwvLI_1,retail,True,True,0.38787877559661865,0.4060606062412262,0.40625,4,3.3659512996673584,True
56SnemyXYDM_1,monetary,True,True,0.46666666865348816,0.4833333194255829,0.5,0,4.460716247558594,True
575bTm_lAtE,hsbc bank,True,True,0.684684693813324,0.684684693813324,0.6875,6,5.657077789306641,True
57wK5eB74gw,consultant,True,True,0.5460993051528931,0.5460993051528931,0.53125,2,5.301177501678467,True
58CE934Cxk0_1,ride,True,True,0.7159090638160706,0.7386363744735718,0.71875,1,8.22883129119873,True
59fqI8xBVzw_1,allow,True,True,0.6349206566810608,0.6984127163887024,0.6875,2,3.963496685028076,True
59i-nVlaygI,triangle,True,True,0.5833333134651184,0.5833333134651184,0.59375,0,4.628641605377197,True
5AqV_omHThc_1,rate,True,True,0.46666666865348816,0.46666666865348816,0.4375,0,13.893962860107422,True
5B0lLJXGREY_1,calcutta,True,True,0.1428571492433548,0.190476194024086,0.1875,0,7.036403656005859,False
5BpSu2_wXqs_1,smooth,True,True,0.5113636255264282,0.5113636255264282,0.5,3,7.360263824462891,True
5BwB9bxmvGY_1,account day,True,True,0.8666666746139526,0.9428571462631226,0.9375,1,4.943594932556152,True
5C7Uj6oTrCI_2,coordinate,True,True,0.7160493731498718,0.7407407164573669,0.71875,0,4.942100524902344,True
5DK7JulpR9g_1,duster,True,True,0.523809552192688,0.523809552192688,0.53125,1,2.4985039234161377,True
5DjHf74Wzyk,late,True,True,0.5494505763053894,0.5494505763053894,0.53125,2,4.971460342407227,True
5Dmdenxy5PQ_1,triangle,True,True,0.273333340883255,0.273333340883255,0.28125,1,5.484433650970459,True
5FInx5vD418,musician,True,True,0.7284768223762512,0.7417218685150146,0.71875,3,3.388176918029785,True
5FSC6Og1RBQ_2,water,True,True,0.44871795177459717,0.4615384638309479,0.46875,1,6.057637691497803,True
5G6-x1aI0yI_1,nominate,True,True,0.8761904835700989,0.9238095283508301,0.90625,0,4.201026916503906,True
5GWUar402WQ,paytm,True,True,0.37288135290145874,0.37288135290145874,0.34375,0,3.9091286659240723,True
5GbIspbaNZA_2,rubber,True,True,0.49473685026168823,0.49473685026168823,0.5,0,2.395963430404663,True
5HcRMHu5vNM,rotating tool,True,True,0.7773584723472595,0.7886792421340942,0.8125,16,7.815117835998535,True
5IDn1RRczUo_1,computer,True,True,0.6363636255264282,0.6477272510528564,0.625,2,3.95758056640625,True
5ISUVe2dXX8_1,agriculture,True,True,0.5259259343147278,0.5259259343147278,0.5,5,3.923473834991455,True
5J8efbi3d6A,bobbinet,True,True,0.6173469424247742,0.6275510191917419,0.625,4,7.048984527587891,True
5Joy5x30t6E,deer,True,True,0.48351648449897766,0.48351648449897766,0.5,3,4.149787425994873,True
5Jr5AHU6DQI_1,throat,True,True,0.6666666865348816,0.7333333492279053,0.71875,4,4.932162284851074,True
5JrVqdElpw4,cabbage,True,True,0.3305785059928894,0.3388429880142212,0.34375,0,2.8415141105651855,True
5MpBZLk82m8_1,litre,True,True,0.3733333349227905,0.3733333349227905,0.375,0,4.8586931228637695,True
5MtZYbYZhIo,astronaut,True,True,0.5677419304847717,0.57419353723526,0.5625,2,7.38692569732666,True
5NZ2WDtePsU_1,goat,True,True,0.6000000238418579,0.6000000238418579,0.59375,0,2.0999817848205566,True
5NwQvEmIQdY,manner,True,True,0.09890110045671463,0.12087912112474442,0.15625,0,2.7515552043914795,False
5NyBQ0If_iA,environment,True,True,0.44736841320991516,0.44736841320991516,0.4375,0,3.9128189086914062,True
5PHRpx9Lqzc,tongs,True,True,0.6721311211585999,0.6721311211585999,0.65625,1,3.4405157566070557,True
5PLTkywHZ50,red flowered plants,True,True,0.9402390718460083,0.9402390718460083,0.9375,12,5.270795822143555,True
5QEBvIx9U0w,gun,True,True,0.5428571701049805,0.5428571701049805,0.53125,1,4.15284538269043,True
5QIrV6DdCG0,co accused,True,True,0.8235294222831726,0.8323529362678528,0.8125,13,14.490679740905762,True
5QOHsTpMPlM_1,fire,True,True,0.6600000262260437,0.6600000262260437,0.65625,2,4.694707870483398,True
5QnbWBcMSSA_2,independent,True,True,0.4375,0.4553571343421936,0.46875,0,2.0919604301452637,True
5Qu6asXdlFs,interview,True,True,0.6212121248245239,0.6363636255264282,0.625,1,9.810821533203125,True
5RD0XpWkclQ,kilometre,True,True,0.4761904776096344,0.49047619104385376,0.46875,1,3.8688931465148926,True
5SkNxNsxu_E_1,date,True,True,0.4000000059604645,0.46666666865348816,0.46875,1,12.28738784790039,True
5T4-x5twTKo_2,distribute,True,True,0.5394737124443054,0.6052631735801697,0.59375,1,7.45289945602417,True
5TJpvP7Ksbk,indoor gardening,True,True,0.8377358317375183,0.852830171585083,0.8125,14,6.367959022521973,True
5TWOGQz75xc,paan,True,True,0.8399999737739563,0.9359999895095825,0.9375,4,6.759753704071045,True
5TdjY77NHDE_1,funny,True,True,0.4399999976158142,0.4399999976158142,0.40625,1,1.7792842388153076,True
5ToU3NVFX_Q,weekly,True,True,0.8065693378448486,0.8175182342529297,0.78125,10,5.4786553382873535,True
5U9kzmEMhoA,soil physics,True,True,0.7432432174682617,0.745945930480957,0.71875,11,6.497313499450684,True
5Vs-9iTD6nA,ingadulicis,True,True,0.8479729890823364,0.8479729890823364,0.8125,13,8.846993446350098,True
5WFDWbMDynQ,vodka,True,True,0.7272727489471436,0.7662337422370911,0.75,0,3.6012494564056396,True
5WjkSj17yjE_1,wait,True,True,0.5396825671195984,0.60317462682724,0.59375,0,5.238236427307129,True
5YO6JToom0U,public,True,True,0.4897959232330322,0.4897959232330322,0.5,1,9.466285705566406,True
5YiMdn9qyYw,seam ripper,True,True,0.3863636255264282,0.3863636255264282,0.375,4,4.2112531661987305,True
5Yw2lTDlGnY_1,wednesday,True,True,0.3777777850627899,0.3777777850627899,0.375,2,2.4450459480285645,True
5ZQ26qxo_qY_1,fall,True,True,0.4126984179019928,0.4444444477558136,0.4375,0,5.091205596923828,True
5Z_Rm0W-HgE,indian sign language research and training centre,True,True,0.2905983030796051,0.2905983030796051,0.28125,0,3.072146415710449,True
5Zpf5yMNgc0_1,hot,True,True,0.380952388048172,0.380952388048172,0.375,0,4.093608379364014,True
5_XwDbt8TGc,grass,True,True,0.52173912525177,0.52173912525177,0.5,1,4.429311752319336,True
5abyQsJRQIY,kidney beans,True,True,0.5157894492149353,0.5263158082962036,0.5,4,4.188338756561279,True
5anbkZmuIaQ,age,True,True,0.49425286054611206,0.5057471394538879,0.5,0,2.6360976696014404,True
5at6UD4G24k_1,valid,True,True,0.42222222685813904,0.42222222685813904,0.40625,1,3.7396998405456543,True
5b-82ujbB1g,glass cutter,True,True,0.7956656217575073,0.7956656217575073,0.78125,5,4.369378089904785,True
5buFHMBPDy4,wound,True,True,0.2929292917251587,0.2929292917251587,0.28125,0,5.060919761657715,True
5bwdijeaEjE_1,fear,True,True,0.4888888895511627,0.5,0.5,1,5.5594801902771,True
5c0M_nkTsmg,knock,True,True,0.5833333134651184,0.5972222089767456,0.59375,2,2.996072769165039,True
5cNi4x3S8RA,reporter,True,True,0.5454545617103577,0.6136363744735718,0.5625,0,2.8374135494232178,True
5cQsAM_VpBw,beam,True,True,0.8433734774589539,0.8554216623306274,0.8125,1,3.338777780532837,True
5dKLdjBujo4_1,scope,True,True,0.4933333396911621,0.5933333039283752,0.5625,0,7.742469787597656,True
5dPJr4Pent8,peacock,True,True,0.4583333432674408,0.46875,0.46875,0,3.3814406394958496,True
5dvE8jj59zQ_1,account charges,True,True,0.538095235824585,0.5476190447807312,0.5,4,7.260239601135254,True
5fAIyKZuqjs_1,puja,True,True,0.4533333480358124,0.4533333480358124,0.4375,0,3.8687644004821777,True
5gyfQ4lGoao_1,page,True,True,0.4444444477558136,0.4444444477558136,0.4375,0,3.44120454788208,True
5j6Yr6SF5fE_1,wolf,True,True,0.8399999737739563,0.9733333587646484,0.96875,0,3.771151065826416,True
5jDsH5VpFBo,play,True,True,0.6590909361839294,0.6590909361839294,0.65625,0,4.50400447845459,True
5johRx7KP7k,stone masonry,True,True,0.738095223903656,0.738095223903656,0.71875,2,4.395811080932617,True
5js6qwxEL3Y,on the basis of major causal agents,True,True,0.904891312122345,0.904891312122345,0.875,18,8.207649230957031,True
5ketMObfFu8_1,torch,True,True,0.5555555820465088,0.5555555820465088,0.53125,0,3.600248098373413,True
5kpV_69sODk_1,lightning,True,True,0.2539682686328888,0.2698412835597992,0.28125,1,8.100494384765625,True
5lUAbnLn8YU_2,thermal energy,True,True,0.9655172228813171,1.0,1.0,0,10.67098617553711,True
5luUUDnqHL0,guava,True,True,0.4651162922382355,0.4651162922382355,0.46875,1,4.223084449768066,True
5mMQLQbzvuU_1,national anthem,True,True,0.7613636255264282,0.8068181872367859,0.78125,0,4.186008930206299,True
5mRd9gulCKs,rubber,True,True,0.40366971492767334,0.40366971492767334,0.40625,0,4.957661151885986,True
5n-rJGblvPA,abscond,True,True,0.4375,0.44999998807907104,0.4375,0,5.247018337249756,True
5nM7nJBkrvA_2,stearn engine,True,True,0.5616438388824463,0.6164383292198181,0.65625,0,9.717679977416992,True
5naqubp3l2I_1,games,True,True,0.7460317611694336,0.8253968358039856,0.84375,1,3.878919839859009,True
5nlcoXAOqFQ,return,True,True,0.3717948794364929,0.42307692766189575,0.40625,0,3.4038760662078857,True
5oIuAvPIeUc_1,christian,True,True,0.4285714328289032,0.4285714328289032,0.40625,0,7.381178379058838,True
5oJk09B7YN4_2,upward,True,True,0.4868420958518982,0.6578947305679321,0.65625,0,2.8558881282806396,True
5ov1E2nBePg_1,office,True,True,0.3492063581943512,0.3492063581943512,0.375,0,2.9313912391662598,True
5oxAsvVFIqs,banner,True,True,0.7972972989082336,0.7972972989082336,0.78125,3,5.009503364562988,True
5p0_OOFy_NY,indonesia,True,True,0.4680851101875305,0.478723406791687,0.4375,0,2.82841420173645,True
5p6D25oVSyI_1,knowledge working,True,True,0.7222222089767456,0.7722222208976746,0.75,0,5.57839822769165,True
5pRxQFocP7I,yak,True,True,0.3196721374988556,0.32786884903907776,0.3125,0,4.86194372177124,True
5pVbyAyMows_2,power,True,True,0.4117647111415863,0.4117647111415863,0.4375,0,2.0349411964416504,True
5pXM8FVyL7Y_2,chain reaction,True,True,0.4587155878543854,0.4587155878543854,0.46875,2,7.835208892822266,True
5pYCIsZH-H4,pencil,True,True,0.5164835453033447,0.5164835453033447,0.5,1,3.736825704574585,True
5rAIznB2Sg0,range,True,True,0.4653465449810028,0.5346534848213196,0.5,2,3.541351795196533,True
5reXwGDh438,seventy,True,True,0.4020618498325348,0.4020618498325348,0.375,0,2.148327350616455,True
5rku2NSGq94,bathroom,True,True,0.5568181872367859,0.5568181872367859,0.53125,1,4.394153594970703,True
5sQnSTQKZgw_1,bill,True,True,0.574999988079071,0.5833333134651184,0.5625,0,3.4869019985198975,True
5sfiu9fyEt8,lady,True,True,0.5205479264259338,0.5205479264259338,0.5,1,1.9181580543518066,True
5smQtXAYAKM,thrice,True,True,0.5175438523292542,0.5350877046585083,0.5,1,5.081603050231934,True
5uBzL7htLvA_1,oath,True,True,0.5714285969734192,0.5873016119003296,0.59375,0,3.963791608810425,True
5udtEzoi0Lo,niger,True,True,0.5,0.5151515007019043,0.5,0,3.327922821044922,True
5ul1ArPWA-U_1,lic,True,True,0.7722222208976746,0.800000011920929,0.8125,1,2.99277400970459,True
5uzypvZIzOI,jaipur,True,True,0.3055555522441864,0.31481480598449707,0.3125,3,5.0089640617370605,True
5vSILe--brU_2,mile,True,True,0.7555555701255798,0.800000011920929,0.78125,3,4.54831600189209,True
5vj022EoOLA,outdo,True,True,0.4639175236225128,0.4639175236225128,0.46875,0,3.573453903198242,True
5vyTHPBq4Sg_1,badminton,True,True,0.5199999809265137,0.5199999809265137,0.5,3,4.030435562133789,True
5xLVmxL3p0k,muslim,True,True,0.43421053886413574,0.44736841320991516,0.4375,0,5.20206356048584,True
5xmJG9zQ9jw,alive,True,True,0.6373626589775085,0.6373626589775085,0.625,0,3.6417605876922607,True
5xpCpxYgLGg,accompany,True,True,0.6399999856948853,0.6399999856948853,0.625,2,9.901785850524902,True
5y3eMNykOsA,apartment,True,True,0.5368421077728271,0.6105263233184814,0.59375,0,4.79908561706543,True
5y87G_irytQ,unite,True,True,0.5301204919815063,0.5301204919815063,0.53125,2,3.6069891452789307,True
5yEAIUigL8o_2,cohesive,True,True,0.5268816947937012,0.5698924660682678,0.59375,1,3.752176523208618,True
5ye1yjh3Z20,make a long story short,True,True,0.4431818127632141,0.4431818127632141,0.4375,1,3.3551619052886963,True
5yfuRyFh-qs_1,embroidery,True,True,0.5199999809265137,0.5199999809265137,0.5,0,3.44045352935791,True
5zBLuemgyH8,individual,True,True,0.41747573018074036,0.446601927280426,0.4375,1,3.7850284576416016,True
5zGzPqCNdn0_1,surat,True,True,0.3968254029750824,0.3968254029750824,0.40625,1,2.5227699279785156,True
5zUlp2QmgiA_1,pyjama,True,True,0.5909090638160706,0.5909090638160706,0.5625,4,4.047281265258789,True
6-puAJsTDRQ,england,True,True,0.4017094075679779,0.4017094075679779,0.40625,0,3.751210927963257,True
60gcpXhOpxg,pen,True,True,0.5454545617103577,0.5454545617103577,0.53125,3,5.126884937286377,True
614YmkupYl0_1,lie,True,True,0.5333333611488342,0.5333333611488342,0.53125,0,5.075357437133789,True
622-g3xXvgw_1,mug,True,True,0.6777777671813965,0.6777777671813965,0.65625,1,7.072788238525391,True
63BPw0sMbtQ_1,calculator,True,True,0.5066666603088379,0.5199999809265137,0.5,1,4.570558547973633,True
63LBwsyLl5s,tall,True,True,0.4845360815525055,0.49484536051750183,0.5,0,4.280625343322754,True
63NSXGtnLNQ,science,True,True,0.43820226192474365,0.449438214302063,0.4375,1,6.927281379699707,True
63ziYT2F6ps,jasmine,True,True,0.6694214940071106,0.6694214940071106,0.65625,4,4.754444122314453,True
64Cdgzetaxs,capital,True,True,0.43119266629219055,0.43119266629219055,0.40625,1,4.118860244750977,True
64cEWCYIWDo,cereal disease,True,True,0.8805309534072876,0.8805309534072876,0.84375,14,5.8478193283081055,True
655X55UP2HM_1,vote,True,True,0.6136363744735718,0.6477272510528564,0.625,0,6.4348907470703125,True
65N0VvcXr_Y,parricide,True,True,0.6623376607894897,0.6623376607894897,0.65625,8,6.297906398773193,True
65whLEBzOCw,e-book,True,True,0.4886363744735718,0.4886363744735718,0.46875,1,4.272594928741455,True
66XVsuuo9BA,researcher,True,True,0.3712121248245239,0.3863636255264282,0.375,0,5.889705181121826,True
672SUsSwn10,day,True,True,0.378947377204895,0.38947367668151855,0.375,1,5.74573278427124,True
67RFKb9R-Rs,potential,True,True,0.5685483813285828,0.5887096524238586,0.5625,1,4.494668006896973,True
67rzuuIBt2A,architect,True,True,0.8153846263885498,0.8215384483337402,0.8125,4,3.624441623687744,True
690vMI8P9Zc_1,management,True,True,0.4833333194255829,0.5,0.5,0,6.693960189819336,True
696laBQvzaA_2,volcano,True,True,0.6842105388641357,0.6842105388641357,0.6875,0,5.5637288093566895,True
6AZvFIaf6UU_1,restore,True,True,0.37142857909202576,0.37142857909202576,0.34375,0,11.500133514404297,True
6BHgvzr83E8,toothpick,True,True,0.5256410241127014,0.5384615659713745,0.53125,0,2.131133556365967,True
6BxN42ZQweM,newsreader,True,True,0.5497382283210754,0.5497382283210754,0.53125,6,10.835405349731445,True
6CF-GjN1qCs,noun,True,True,0.5421686768531799,0.5421686768531799,0.53125,1,4.495181560516357,True
6D-tRJn3T6E,day after,True,True,0.7142857313156128,0.723809540271759,0.71875,5,5.754363059997559,True
6Dzj5-OjQzU,rock drill machine,True,True,0.9438202381134033,0.9438202381134033,0.90625,2,6.403449058532715,True
6E8c6WGZH_8_1,hollow,True,True,0.523809552192688,0.523809552192688,0.53125,1,5.677250862121582,True
6EeXmMuxrQc_1,silk,True,True,0.23333333432674408,0.23333333432674408,0.25,0,3.13874888420105,True
6GToY6IT_Pg_1,confident,True,True,0.5444444417953491,0.5444444417953491,0.53125,1,3.9994654655456543,True
6J46Gkv1CzI,column,True,True,0.7371794581413269,0.7596153616905212,0.75,2,3.1488099098205566,True
6JEcTQfX4yI_1,belief,True,True,0.5444444417953491,0.5666666626930237,0.53125,1,7.261934280395508,True
6Jc3GEN51ks,visa,True,True,0.5681818127632141,0.5681818127632141,0.5625,3,7.501646041870117,True
6KSKyvfyJGs,full,True,True,0.38461539149284363,0.38461539149284363,0.375,0,4.355712890625,True
6M1rP2r672o_1,aeroplane,True,True,0.5340909361839294,0.5909090638160706,0.59375,0,3.109422206878662,True
6MpvtbLWDbo,permanent,True,True,0.3467741906642914,0.3467741906642914,0.34375,1,5.017031669616699,True
6MxUXd3IEfM_1,pond,True,True,0.6399999856948853,0.6399999856948853,0.625,3,8.616059303283691,True
6N1X5V0C5d8,doe,True,True,0.6883116960525513,0.6926407217979431,0.6875,6,4.627674102783203,True
6NiPfrusu8E_1,unregistered,True,True,0.5916666388511658,0.6833333373069763,0.65625,0,4.202267646789551,True
6OIXmWk9mhY_1,groundnut,True,True,0.60317462682724,0.6349206566810608,0.625,2,3.727828025817871,True
6O_VhGkView_1,lie,True,True,0.6399999856948853,0.6399999856948853,0.625,0,5.673511505126953,True
6P3Z2nkQD3c,gutka,True,True,0.7428571581840515,0.7857142686843872,0.75,1,4.641811847686768,True
6QAnPWF0rLk_2,infrasonic,True,True,0.8522727489471436,0.8863636255264282,0.875,2,4.584377765655518,True
6RB0s_hkY_o_1,repurchase,True,True,0.54666668176651,0.6133333444595337,0.59375,0,6.916877746582031,True
6RFwCF9xelU_1,thursday,True,True,0.41111111640930176,0.4333333373069763,0.4375,6,6.5529375076293945,True
6SG2o63BKdM_1,stock in hand,True,True,0.49166667461395264,0.5249999761581421,0.53125,0,12.604314804077148,True
6SgubmEkZQM_1,wash,True,True,0.46666666865348816,0.47999998927116394,0.46875,1,5.304223537445068,True
6T7sRjrH2hU,same,True,True,0.4470588266849518,0.4470588266849518,0.4375,1,4.421825885772705,True
6UUmcqXYDLA_1,brinjal,True,True,0.5333333611488342,0.5333333611488342,0.53125,2,4.46033239364624,True
6UkQusxL7SI_1,know,True,True,0.4318181872367859,0.4431818127632141,0.4375,0,2.2270596027374268,True
6X8mSzwuKWw_1,drink,True,True,0.4920634925365448,0.5079365372657776,0.53125,2,4.71457576751709,True
6Xyl6CNQ_f4,one crore,True,True,0.429824560880661,0.429824560880661,0.4375,0,2.49501895904541,True
6YLxdNCHGpg,determined,True,True,0.6894198060035706,0.723549485206604,0.6875,4,4.656940937042236,True
6YdDaQpd7-E_1,bangalore,True,True,0.3650793731212616,0.3650793731212616,0.34375,0,8.872092247009277,True
6ZWrFKv-PrI,noon,True,True,0.4888888895511627,0.4888888895511627,0.46875,1,2.549561023712158,True
6ZaYY0vo6pk_1,train,True,True,0.653333306312561,0.6933333277702332,0.6875,2,3.87357759475708,True
6_vArDwgWLI_1,reservation,True,True,0.4095238149166107,0.4476190507411957,0.4375,1,3.954779624938965,True
6adOKxf2hJY_2,vibration,True,True,0.8360655903816223,0.8852459192276001,0.875,2,9.948604583740234,True
6al4AYYeD6A,cobbler,True,True,0.6388888955116272,0.6388888955116272,0.625,2,7.174509048461914,True
6ao-N2yvDYc_1,letter,True,True,0.5113636255264282,0.5340909361839294,0.53125,3,7.407346725463867,True
6aqON2kGdHA_1,swim,True,True,0.47999998927116394,0.4933333396911621,0.5,6,5.206053256988525,True
6bb5IDbiyzw,rehabilitation,True,True,0.5675675868988037,0.5675675868988037,0.5625,1,14.474799156188965,True
6bhBP3kbyds,war,True,True,0.7903226017951965,0.8387096524238586,0.8125,4,4.267117977142334,True
6buysVt7T14,bertha,True,True,0.8151658773422241,0.8151658773422241,0.75,1,5.735575199127197,True
6c8Zy5HvpQQ,fog,True,True,0.4749999940395355,0.4749999940395355,0.46875,0,4.200372219085693,True
6d6qF1tF1yk,bushes,True,True,0.8478260636329651,0.85326087474823,0.8125,2,6.538573265075684,True
6e0T9ObBi14_1,overcharge,True,True,0.9142857193946838,0.961904764175415,0.96875,0,7.730781555175781,True
6eCbHVCJ9N0,lead,True,True,0.6185566782951355,0.6185566782951355,0.59375,0,3.8728857040405273,True
6f0v-e468AI,community,True,True,0.30327868461608887,0.3196721374988556,0.3125,1,6.937441825866699,True
6f5kXjfqcU0_1,avoid,True,True,0.7400000095367432,0.8799999952316284,0.875,1,4.11459493637085,True
6gXuMMAxOm0,interest,True,True,0.5,0.5,0.46875,5,6.9418511390686035,True
6iHv9-pIldQ,sailor pants,True,True,1.0,1.0,1.0,0,4.437542915344238,True
6ij6_5cxcfk,trip,True,True,0.3636363744735718,0.37272727489471436,0.375,1,6.994141101837158,True
6ivNgy-ppH8_1,year financial,True,True,0.6555555462837219,0.6555555462837219,0.65625,0,3.7496094703674316,True
6jQ0I8KDlHg_2,slower,True,True,1.0,1.0,1.0,0,18.512914657592773,True
6kVsL2YCP7I,grapes,True,True,0.4888888895511627,0.5111111402511597,0.5,1,2.8099284172058105,True
6l6GxuCUthA_2,conductor,True,True,0.7183098793029785,0.7183098793029785,0.71875,7,10.084392547607422,True
6l8NQiTrf_M_1,chat,True,True,0.675000011920929,0.7083333134651184,0.6875,0,4.937540054321289,True
6lJS7YqGLVU,service,True,True,0.4852941036224365,0.4852941036224365,0.46875,0,3.191861867904663,True
6m-jzzkuyGM,politics,True,True,0.6326530575752258,0.6428571343421936,0.65625,3,3.5276522636413574,True
6mdmCIxWWfo_1,pf,True,True,0.3888888955116272,0.3888888955116272,0.375,1,2.18255352973938,True
6nKQbhX9QHo,strong,True,True,0.3199999928474426,0.328000009059906,0.3125,1,3.908154249191284,True
6nV_USsOh4w_2,mathematical,True,True,0.3655914068222046,0.3655914068222046,0.375,1,10.658598899841309,True
6oKB5PY2M64,swim,True,True,0.6410256624221802,0.6666666865348816,0.65625,0,5.913383960723877,True
6oic47Y6lcc_1,si,True,True,0.5555555820465088,0.5555555820465088,0.53125,2,5.160421371459961,True
6pGyXMLfphA_1,lucky,True,True,0.7200000286102295,0.746666669845581,0.71875,0,11.199030876159668,True
6q-qrk-VdXw_1,valley,True,True,0.47999998927116394,0.5400000214576721,0.53125,1,8.793624877929688,True
6r8MMPO3o9w_1,deposit,True,True,0.6296296119689941,0.6296296119689941,0.625,1,5.495707035064697,True
6rTPgPHDnGU,attitude,True,True,0.48148149251937866,0.48148149251937866,0.46875,0,1.9523379802703857,True
6rot7kh6uZ8_1,warehouse,True,True,0.5111111402511597,0.5555555820465088,0.53125,2,2.62107515335083,True
6s4UdZ5D58o,january,True,True,0.6764705777168274,0.6764705777168274,0.65625,0,5.688060760498047,True
6sMzCN4STPU_1,loose leaf binder,True,True,0.7878788113594055,0.800000011920929,0.8125,4,3.7429518699645996,True
6sQeR9LXn-U_2,yellow,True,True,0.7731958627700806,0.7731958627700806,0.75,0,4.9241108894348145,True
6t3agerx9rQ_2,oscillation,True,True,0.8759124279022217,0.8832116723060608,0.875,0,7.4297566413879395,True
6tAfiAYopfo_1,share holder,True,True,0.5249999761581421,0.5833333134651184,0.5625,0,5.872596263885498,True
6u077PZEv0Y_1,bottle,True,True,0.7333333492279053,0.746666669845581,0.71875,0,7.862880706787109,True
6uCWIe3S0tI,backup,True,True,0.5492957830429077,0.5492957830429077,0.53125,3,4.159304141998291,True
6vWqgLivxJg_2,rest,True,True,0.3125,0.3125,0.3125,2,4.504026412963867,True
6wOOntcIJjE,rum,True,True,0.6404494643211365,0.6629213690757751,0.65625,1,3.8309969902038574,True
6wXGUZtHp5w,twenty one,True,True,0.4579439163208008,0.4672897160053253,0.46875,1,3.4671285152435303,True
6x41e1s898c_1,group,True,True,0.6499999761581421,0.675000011920929,0.65625,6,6.306755542755127,True
6xUFRFEzi4Y_2,compass,True,True,0.7437185645103455,0.7537688612937927,0.6875,5,9.779273986816406,True
6y6ylBP0yc8,cheque,True,True,0.4883720874786377,0.4961240291595459,0.5,6,7.8689141273498535,True
6zIJ0xpo2xM_1,grass,True,True,0.6133333444595337,0.6266666650772095,0.625,4,5.048285961151123,True
6zvOKDKmWRc_1,blouse,True,True,0.6933333277702332,0.6933333277702332,0.6875,0,5.1392822265625,True
7-U7JLrcGHo,aeroplane,True,True,0.6951219439506531,0.707317054271698,0.6875,1,5.73301362991333,True
7-b8CgRyOtY_1,profession,True,True,0.3333333432674408,0.3333333432674408,0.3125,0,9.279452323913574,True
70EhU8eg6hQ,ammeter,True,True,0.5652173757553101,0.5652173757553101,0.53125,1,3.9821724891662598,True
70hVqYWQIpc_1,waves,True,True,0.5454545617103577,0.5795454382896423,0.5625,1,7.126029968261719,True
70wTMPGmS-U,secret,True,True,0.540229856967926,0.5517241358757019,0.5625,0,3.573726177215576,True
71MQl0F0_No,letter,True,True,0.302752286195755,0.302752286195755,0.3125,3,4.943202495574951,True
71ZZmuGbkO8_1,unbalance,True,True,0.9333333373069763,0.949999988079071,0.9375,0,4.9735331535339355,True
71zRPKBG0Sw,sloped roof,True,True,0.6495726704597473,0.6495726704597473,0.625,5,4.1011505126953125,True
748qVYC4N1s,chennai,True,True,0.4871794879436493,0.4871794879436493,0.5,1,2.3136775493621826,True
74CMVSgSmuQ_1,registrar,True,True,0.46666666865348816,0.5047619342803955,0.53125,0,8.515775680541992,True
76BfFrybs0c,back date,True,True,0.8235294222831726,0.8235294222831726,0.78125,10,4.8060150146484375,True
76nlaB0l3kk,december,True,True,0.5099999904632568,0.5099999904632568,0.5,1,4.196402072906494,True
779eNGeW_Fo,draft,True,True,0.5974025726318359,0.5974025726318359,0.5625,1,4.7234206199646,True
77A4jL_zT1I,view,True,True,0.2347826063632965,0.24347825348377228,0.25,1,5.080886363983154,True
77Mi-wPnSZQ,typographical error,True,True,0.8128491640090942,0.8128491640090942,0.78125,25,6.014950752258301,True
780_wVKvhts_1,sunflower,True,True,0.7888888716697693,0.800000011920929,0.78125,3,5.892789840698242,True
78YXhG9tLvk_1,orange,True,True,0.6083333492279053,0.6083333492279053,0.59375,1,5.750978469848633,True
78hb7LPYmDU,divide,True,True,0.6494845151901245,0.6701030731201172,0.65625,3,4.341066360473633,True
7AvSjQ7GV3c_1,sphere,True,True,0.45185184478759766,0.45185184478759766,0.4375,1,7.5267333984375,True
7BK0J1hZ7_Q,vacation,True,True,0.39024388790130615,0.39024388790130615,0.375,3,8.402528762817383,True
7BS16GXaOrY_2,pole,True,True,0.8089887499809265,0.8370786309242249,0.84375,1,4.652655601501465,True
7ChtWi4wz8E_1,friday,True,True,0.5199999809265137,0.5333333611488342,0.53125,0,5.353140830993652,True
7D-_Ilut5Ns,union bank of india,True,True,0.4955752193927765,0.4955752193927765,0.46875,1,3.0091493129730225,True
7DFNLpdTyc8_1,praise,True,True,0.6399999856948853,0.6933333277702332,0.65625,0,2.9726109504699707,True
7EAhIFjcLPw_1,post dated,True,True,0.4333333373069763,0.4333333373069763,0.4375,3,6.297216415405273,True
7EWF3Rsjn6Y,salt,True,True,0.42016807198524475,0.42016807198524475,0.40625,0,1.9486461877822876,True
7Ef8k8x0ESQ_1,bud,True,True,0.6666666865348816,0.6800000071525574,0.65625,1,9.064648628234863,True
7EmJ9RQmT_w_1,bury,True,True,0.675000011920929,0.7333333492279053,0.71875,4,5.98252010345459,True
7F5-fio5ipg,beading needles,True,True,0.7701149582862854,0.7701149582862854,0.75,8,6.7800798416137695,True
7FcFS0hXehs,hundred,True,True,0.4343434274196625,0.4343434274196625,0.4375,0,6.323057174682617,True
7Fi1Cawh4YY_2,radio,True,True,0.7894737124443054,0.8552631735801697,0.875,4,7.885432720184326,True
7FmS5KzjtL0_1,account closed,True,True,0.8307692408561707,0.892307698726654,0.90625,1,4.839098930358887,True
7FspuW_vgNc,cowl  sleeve,True,True,0.4399999976158142,0.4399999976158142,0.4375,1,4.402862548828125,True
7HFTUAIevO8,percentage,True,True,0.4285714328289032,0.4285714328289032,0.40625,1,3.5424318313598633,True
7HfVuSW5Alw_1,guilty,True,True,0.34285715222358704,0.37142857909202576,0.34375,1,2.3642685413360596,True
7Hpx20l91V8,stationary work,True,True,0.8233532905578613,0.8233532905578613,0.8125,13,11.187581062316895,True
7I3kECWTA4w,coat,True,True,0.44117647409439087,0.44117647409439087,0.4375,0,2.045095682144165,True
7JXTpPBaS8I,owner,True,True,0.7395833134651184,0.78125,0.75,0,5.302455425262451,True
7JdpsRQl8eY,bharatiya janata party,True,True,0.6266666650772095,0.6266666650772095,0.625,1,4.5978851318359375,True
7KWNMKoNe8g,bicycle shorts,True,True,0.6439628601074219,0.6501547694206238,0.625,7,6.447612285614014,True
7LIiVsJI6W8_1,over head projector,True,True,0.7840909361839294,0.8636363744735718,0.84375,1,6.556271076202393,True
7LIrmOTBAok_1,finish,True,True,0.41999998688697815,0.4399999976158142,0.4375,0,4.4526519775390625,True
7LMLwdCweAs,agave fillifera,True,True,0.8853503465652466,0.8885350227355957,0.875,11,6.527965545654297,True
7LWzbtBSOi0_2,machines,True,True,0.2738095223903656,0.3214285671710968,0.34375,1,3.441761016845703,True
7LXVtTEP_IU_1,sea,True,True,0.5680000185966492,0.6000000238418579,0.5625,1,8.04642105102539,True
7Le7IfihZ0g,shock,True,True,0.35483869910240173,0.35483869910240173,0.34375,0,3.927042245864868,True
7MBisqj8VbE,sheep,True,True,0.508474588394165,0.508474588394165,0.5,3,3.4925785064697266,True
7MItzb6gz2c_1,deputation,True,True,0.5111111402511597,0.5111111402511597,0.5,3,5.548480987548828,True
7MN-nFtrnjs_1,bill,True,True,0.5555555820465088,0.5555555820465088,0.5625,2,7.3309102058410645,True
7O43NW_PICc,dog,True,True,0.36666667461395264,0.3777777850627899,0.375,0,3.1396689414978027,True
7OMdIhQ7zzM_1,loan,True,True,0.8222222328186035,0.8222222328186035,0.8125,1,3.554594039916992,True
7OSI0FK-ka8_1,enemy,True,True,0.675000011920929,0.7083333134651184,0.71875,1,6.485212326049805,True
7P34KxZ_KLE_1,territorial,True,True,0.5133333206176758,0.5199999809265137,0.5,2,11.863051414489746,True
7P9YL1tEnVs,bright,True,True,0.6144578456878662,0.6144578456878662,0.59375,2,2.886042833328247,True
7PKlEo-ZLME,example,True,True,0.6288659572601318,0.6288659572601318,0.625,0,2.5812149047851562,True
7R_b_tfp5lM,tuesday,True,True,0.6164383292198181,0.6164383292198181,0.59375,0,4.124502658843994,True
7RjhIe4sKm0,washerman,True,True,0.5731707215309143,0.5914633870124817,0.59375,3,4.7001051902771,True
7Rl3OaaGNkY,necklace,True,True,0.3166666626930237,0.3166666626930237,0.3125,1,4.7092180252075195,True
7Rq6uvvCPd0,september,True,True,0.6144578456878662,0.6144578456878662,0.59375,2,2.910754442214966,True
7S1IJ8OrInU,escape,True,True,0.6477272510528564,0.6477272510528564,0.625,1,3.2908973693847656,True
7SZTGACgaMk_1,vada,True,True,0.4533333480358124,0.5066666603088379,0.46875,0,4.550941467285156,True
7TAkooD4Lyc,might,True,True,0.5142857432365417,0.5285714268684387,0.53125,2,7.059275150299072,True
7VB_sLH5j4Q_1,there,True,True,0.3199999928474426,0.3199999928474426,0.3125,0,3.0109777450561523,True
7ViTNBqzX6o_2,frictional force,True,True,0.5675675868988037,0.6756756901741028,0.65625,2,3.2052271366119385,True
7Vn056hXh9U_1,red,True,True,0.5407407283782959,0.5407407283782959,0.53125,1,5.110854148864746,True
7Vn_Dto8Vq4_1,famous,True,True,0.653333306312561,0.653333306312561,0.65625,3,4.839580059051514,True
7W6zp8la1G4,energy meter,True,True,0.4333333373069763,0.4333333373069763,0.40625,1,3.3681952953338623,True
7WLX7jxH84k_1,tuesday,True,True,0.4266666769981384,0.4266666769981384,0.40625,2,9.063114166259766,True
7YQ0D3swwMk,profession,True,True,0.47328245639801025,0.47328245639801025,0.46875,0,16.154977798461914,True
7ZQ4WwqhthM,nap fabrick,True,True,0.41951218247413635,0.4292683005332947,0.40625,2,4.646369457244873,True
7_VrNljOvzI_1,real,True,True,0.4533333480358124,0.4533333480358124,0.4375,1,6.494184970855713,True
7aIfkOrtlBM_1,video cassette recorder,True,True,0.7300000190734863,0.7900000214576721,0.75,3,4.2171196937561035,True
7al_t9swbtA,snail,True,True,0.6976743936538696,0.6976743936538696,0.6875,0,2.1560511589050293,True
7bb5Lg8QKIs_1,hair,True,True,0.5866666436195374,0.6066666841506958,0.59375,1,3.951772689819336,True
7bqtiz4KRnE,why,True,True,0.4189189076423645,0.4189189076423645,0.40625,1,5.977358341217041,True
7c7A8VNHDg0,burundi,True,True,0.5890411138534546,0.6027397513389587,0.59375,1,2.9680233001708984,True
7ehztIhH_uA_2,gas,True,True,0.678260862827301,0.782608687877655,0.78125,1,5.2060546875,True
7fO_vanzHOw_1,priest,True,True,0.47999998927116394,0.47999998927116394,0.46875,3,8.145702362060547,True
7fdPaEyfc9Y_1,your,True,True,0.5066666603088379,0.5066666603088379,0.5,0,5.587839603424072,True
7gX_v77CcuU_1,press,True,True,0.6266666650772095,0.746666669845581,0.75,3,9.16670036315918,True
7ghzTv4t-MU_1,papaya,True,True,0.6000000238418579,0.6133333444595337,0.625,1,5.847374439239502,True
7gjYUfW4BEs_1,semi urban,True,True,0.46060606837272644,0.5090909004211426,0.5,0,8.887502670288086,True
7h45o7GDrlo,juhu beach,True,True,0.44680851697921753,0.44680851697921753,0.4375,3,5.269365310668945,True
7hICMJlI2hQ_2,resistor,True,True,0.8897058963775635,0.904411792755127,0.875,3,11.282751083374023,True
7hQwjcb-qlU,natural numbers,True,True,0.4722222089767456,0.47685185074806213,0.46875,2,2.867823362350464,True
7iPa6A1bwuE,asymmetrical design,True,True,0.7514792680740356,0.7692307829856873,0.75,3,4.824306011199951,True
7j8hKnkT0yw_1,face,True,True,0.29629629850387573,0.32592591643333435,0.28125,2,2.9388208389282227,True
7kEbmn2BWIA,india,True,True,0.39814814925193787,0.40740740299224854,0.40625,0,6.109215259552002,True
7kHYT1bESao,external parasite,True,True,0.8705882430076599,0.8823529481887817,0.84375,15,7.82737922668457,True
7kHhJbwb-xg,interest,True,True,0.6451612710952759,0.6693548560142517,0.65625,5,9.403741836547852,True
7kqD46WoJWQ_1,brave,True,True,0.04444444552063942,0.0555555559694767,0.03125,0,1.0581755638122559,False
7ktA4sMqKSo_1,grow,True,True,0.4333333373069763,0.46666666865348816,0.46875,0,6.395350456237793,True
7n50MsM5c7A,bugle,True,True,0.5040000081062317,0.5040000081062317,0.5,2,6.856103420257568,True
7nOhCp26zqo,netherlands,True,True,0.5205479264259338,0.5205479264259338,0.53125,0,8.450435638427734,True
7nTC398KiPM,therapist,True,True,0.8897637724876404,0.913385808467865,0.90625,11,4.993197917938232,True
7ob8md8RHzg_1,hop,True,True,0.460317462682724,0.460317462682724,0.46875,1,4.203535556793213,True
7poFsrrVPVk,commerce,True,True,0.3235294222831726,0.3333333432674408,0.3125,2,4.5164794921875,True
7qLPwuH3tVw,they,True,True,0.37804877758026123,0.37804877758026123,0.375,1,3.7842750549316406,True
7r-E5BNnbZU,shocked,True,True,0.6027397513389587,0.6027397513389587,0.59375,1,3.676381826400757,True
7rmoeayLR8Y_1,steel,True,True,0.7523809671401978,0.7714285850524902,0.75,5,3.5220165252685547,True
7rvnsRkA5WU_2,area,True,True,0.5785123705863953,0.702479362487793,0.6875,1,4.041858673095703,True
7s75Cr5aSJI,shutdown,True,True,0.32499998807907104,0.32499998807907104,0.3125,3,7.048291206359863,True
7sR29KFzUog,touch,True,True,0.5472972989082336,0.5810810923576355,0.5625,0,5.302666187286377,True
7spvXhsm6k0,proof,True,True,0.6122449040412903,0.6428571343421936,0.625,0,3.16707706451416,True
7swvJrXBA3I_1,family,True,True,0.6296296119689941,0.6518518328666687,0.65625,6,8.180938720703125,True
7tUKe_6Lxpk,baton,True,True,0.70703125,0.7265625,0.6875,11,9.767461776733398,True
7u54vvW1UKQ,rajdhani train,True,True,0.6575342416763306,0.6575342416763306,0.65625,0,6.412265777587891,True
7usxzuFAysI_1,year,True,True,0.44999998807907104,0.46666666865348816,0.46875,0,6.666593551635742,True
7vVeFsNN7uA,mason,True,True,0.5370370149612427,0.5370370149612427,0.53125,0,3.4686763286590576,True
7veKecqLRlM_1,stove,True,True,0.7047619223594666,0.7428571581840515,0.75,3,5.46689510345459,True
7w2Aev6pww0,rule,True,True,0.5777778029441833,0.5777778029441833,0.5625,1,7.260222434997559,True
7xLp4cKj5eo_2,spherical mirror,True,True,0.7745097875595093,0.7745097875595093,0.75,1,5.2147216796875,True
7xT3gRg4lpk_1,wealth,True,True,0.5400000214576721,0.5533333420753479,0.53125,2,6.403445243835449,True
7zKiKasH-ec_2,pink,True,True,0.7724137902259827,0.8689655065536499,0.875,3,4.376515865325928,True
7zYJmIUn870_1,earn,True,True,0.40833333134651184,0.4166666567325592,0.40625,0,6.795073986053467,True
8-KFF8qu6IY_1,vadodara,True,True,0.4126984179019928,0.4285714328289032,0.4375,0,2.152097225189209,True
8-ifVHALpCw_1,endorsement,True,True,0.6074073910713196,0.644444465637207,0.65625,0,2.314901351928711,True
816BojVf1nk,tata mobile,True,True,0.4416666626930237,0.4416666626930237,0.4375,1,4.683866024017334,True
81n3FI_Di84_1,interrogation,True,True,0.8388888835906982,0.8777777552604675,0.875,0,5.708827972412109,True
82w5E_szSfs_2,cylinder,True,True,0.801369845867157,0.8219178318977356,0.78125,3,12.41502857208252,True
83gKsBHpPOM,aspiration,True,True,0.3799999952316284,0.38999998569488525,0.375,0,4.806632041931152,True
83vmd1I6Q4U,carcinoid tumor,True,True,0.7422680258750916,0.7474226951599121,0.71875,9,10.941287994384766,True
83zhg0Uf5jE,ceiling,True,True,0.7641196250915527,0.7707641124725342,0.75,12,5.54892635345459,True
84G6by8Z7Ak,surface water,True,True,0.8615384697914124,0.8615384697914124,0.8125,17,6.894376754760742,True
870f18p-XdE,save,True,True,0.3617021143436432,0.3617021143436432,0.34375,3,4.088474273681641,True
88Uj27nX_f4_1,bad debts,True,True,0.5,0.5416666865348816,0.53125,0,3.578151226043701,True
88cVTMvw2fw,garden,True,True,0.3552631437778473,0.3552631437778473,0.34375,1,3.265254259109497,True
890291gO6Io_1,debt doubtful,True,True,0.644444465637207,0.6666666865348816,0.625,1,5.346266746520996,True
8A3qKZoz1ik,degree,True,True,0.4166666567325592,0.4166666567325592,0.40625,1,5.867766380310059,True
8AKc3tUUqso,sweet,True,True,0.49438202381134033,0.49438202381134033,0.46875,1,5.847458362579346,True
8CfsiPsHoQs_1,hearing aid,True,True,0.7159090638160706,0.7954545617103577,0.75,0,2.499157667160034,True
8CsqDF-3gGA,suppress,True,True,0.5744680762290955,0.5744680762290955,0.5625,2,2.6716721057891846,True
8D3_VYGa8Zk_1,terrace,True,True,0.8666666746139526,0.875,0.875,1,6.709414482116699,True
8DJVQADbpd0_1,cook,True,True,0.5079365372657776,0.5714285969734192,0.5625,1,4.9947590827941895,True
8Dx2cvy46lU,yardstick,True,True,0.4300518035888672,0.44041451811790466,0.4375,2,2.462129592895508,True
8EF9j5VqHzw,calendar,True,True,0.6499999761581421,0.6499999761581421,0.625,2,4.596587657928467,True
8FU08s4mBkI_1,iron,True,True,0.5523809790611267,0.5523809790611267,0.5625,1,8.38792610168457,True
8FkwA1OENww_1,cold,True,True,0.3650793731212616,0.3650793731212616,0.34375,0,3.1046814918518066,True
8FuV0BKlSrc_1,punctual,True,True,0.523809552192688,0.523809552192688,0.5,2,4.430322170257568,True
8G5NgkTRK8s,capital,True,True,0.637499988079071,0.637499988079071,0.625,0,2.7953038215637207,True
8HEymPeiThc,network,True,True,0.1944444477558136,0.21296297013759613,0.1875,0,2.96250057220459,False
8I__oqg4_eE,total,True,True,0.7088607549667358,0.797468364238739,0.84375,0,3.29036545753479,True
8JwPiK_tqTA,jet airways,True,True,0.4318181872367859,0.4469696879386902,0.4375,0,3.3882205486297607,True
8K2LbLuX1_s_2,noise,True,True,0.6111111044883728,0.6203703880310059,0.625,4,7.823667526245117,True
8KHW8o8XZb0_1,drama,True,True,0.380952388048172,0.380952388048172,0.375,0,5.761817932128906,True
8L3-sQV1BmU,divide,True,True,0.5980392098426819,0.5980392098426819,0.5625,1,7.372563362121582,True
8NUflCsxZS0_1,frank,True,True,0.4399999976158142,0.47999998927116394,0.46875,1,4.2538251876831055,True
8NqmODtSLgI_2,red,True,True,0.5357142686843872,0.6071428656578064,0.59375,1,2.43168568611145,True
8O-mQYCFWoA,pakistan,True,True,0.4747474789619446,0.4747474789619446,0.46875,0,2.8375773429870605,True
8ODE1njkZv0,committee,True,True,0.4166666567325592,0.4166666567325592,0.40625,1,6.604807376861572,True
8OS9z5a2VfI_1,depreciation,True,True,0.34074074029922485,0.34074074029922485,0.34375,0,3.000387668609619,True
8PEVM1nTgqg_1,respect,True,True,0.46590909361839294,0.5,0.5,1,5.940944194793701,True
8TKDYaZqEFA,puppet,True,True,0.6158192157745361,0.6158192157745361,0.59375,1,4.150306224822998,True
8TXKaIN4emc_1,yellow,True,True,0.6499999761581421,0.6666666865348816,0.65625,0,3.4084975719451904,True
8Tsv4klWWuY,mechanic,True,True,0.6642335653305054,0.6642335653305054,0.65625,6,3.766331434249878,True
8UMcB8ZkgTk_1,payee,True,True,0.34074074029922485,0.35555556416511536,0.34375,0,1.8913670778274536,True
8VeV3_Y6Olw_1,fax,True,True,0.3636363744735718,0.4431818127632141,0.40625,1,5.087662696838379,True
8W0rN_UGUDM,positive,True,True,0.6172839403152466,0.6172839403152466,0.59375,1,4.683270454406738,True
8WAJ_vejYOo,vegetables,True,True,0.4699999988079071,0.4699999988079071,0.46875,2,5.610186576843262,True
8WNV-TgaJTs_1,revenue,True,True,0.5030303001403809,0.5090909004211426,0.46875,0,3.936277389526367,True
8WOkDhrU_Rg,sleeve band,True,True,0.4625000059604645,0.4625000059604645,0.4375,5,3.599058151245117,True
8ZD3FvK3NYY_1,yesterday,True,True,0.5444444417953491,0.5444444417953491,0.53125,0,4.031274318695068,True
8Z_T-zrBEr8,royal enfield,True,True,0.5185185074806213,0.5185185074806213,0.5,2,5.688534736633301,True
8Zq6uAa16MQ_1,daughter,True,True,0.7866666913032532,0.8266666531562805,0.8125,4,4.663847923278809,True
8_1PBGMAj9w_1,giraffe,True,True,0.47999998927116394,0.5600000023841858,0.5625,3,4.680363655090332,True
8aKZBVKWE5g_2,orbit,True,True,0.7345678806304932,0.7469135522842407,0.75,1,16.139673233032227,True
8arkJfd_jyQ,writer,True,True,0.7230769395828247,0.7230769395828247,0.6875,0,5.900599956512451,True
8axJ8fy9vI4_1,hate,True,True,0.8799999952316284,0.8933333158493042,0.90625,2,3.454380512237549,True
8bC_BlQw_eQ_1,earthquake,True,True,0.06666667014360428,0.06666667014360428,0.0625,0,2.580561637878418,False
8biyNZmIKsk,limit,True,True,0.7272727489471436,0.75,0.75,1,3.465932846069336,True
8c6jcLTId-8_1,hire purchase,True,True,0.7933333516120911,0.8666666746139526,0.84375,1,3.513789653778076,True
8cHmxgUpFyM_2,inelastic,True,True,0.8314606547355652,0.8651685118675232,0.84375,2,8.882556915283203,True
8cz9vIAyOPE,period time,True,True,0.4272727370262146,0.4272727370262146,0.40625,5,5.657598495483398,True
8eae5jZQ1zo,clever,True,True,0.41904762387275696,0.41904762387275696,0.40625,1,4.450621604919434,True
8edWFVV1lo4,projector,True,True,0.5243902206420898,0.5609756112098694,0.53125,0,3.936690092086792,True
8fqQ2nm3B4Q,stare,True,True,0.6640625,0.6640625,0.65625,4,3.6967573165893555,True
8fuKz0wYhWw_1,uncertainity,True,True,0.8666666746139526,0.875,0.84375,1,3.853936195373535,True
8gAE5cho4ck,office,True,True,0.53125,0.53125,0.53125,1,2.6720376014709473,True
8gOeGenGvfg_1,card,True,True,0.4000000059604645,0.4000000059604645,0.40625,2,9.891448020935059,True
8gULClzsbQE,video card,True,True,0.8512110710144043,0.8512110710144043,0.84375,16,7.8943939208984375,True
8gdHlsqexzI_1,insect,True,True,0.561904788017273,0.5714285969734192,0.5625,7,7.697780609130859,True
8gg1c5ZzWQc_1,toilet,True,True,0.18888889253139496,0.18888889253139496,0.15625,0,3.4545388221740723,False
8gs46_Woylk_1,monkey,True,True,0.4399999976158142,0.4399999976158142,0.4375,2,5.111992359161377,True
8hLvImVhOJM_1,fingers,True,True,0.6333333253860474,0.6416666507720947,0.625,3,5.6616291999816895,True
8hPNnF65IMg,good afternoon,True,True,0.5487805008888245,0.5487805008888245,0.5625,0,2.8043298721313477,True
8iMs1y81En0_1,temperature,True,True,0.6133333444595337,0.6133333444595337,0.59375,4,4.334379196166992,True
8j0lxGLcgRo_2,property,True,True,0.5833333134651184,0.6083333492279053,0.59375,2,9.217809677124023,True
8jmBwGIKPmg_1,lfc,True,True,0.9629629850387573,0.9629629850387573,0.96875,0,5.513720512390137,True
8lbfynog1yQ_1,annual report,True,True,0.723809540271759,0.7428571581840515,0.6875,6,8.354876518249512,True
8m3p1BEhCUw,virus,True,True,0.4554455578327179,0.4554455578327179,0.4375,5,4.916123390197754,True
8mXwd_VuW1k_1,our,True,True,0.8730158805847168,0.8888888955116272,0.875,2,4.260671138763428,True
8m_WUuSGZHg,pencil leg,True,True,0.2118055522441864,0.2118055522441864,0.21875,0,2.4860215187072754,True
8m_cHzTpmeY_1,satisfactory,True,True,0.23333333432674408,0.30000001192092896,0.3125,0,2.7010703086853027,True
8mb_jgrFdeE_1,crayons,True,True,0.5933333039283752,0.6399999856948853,0.625,1,5.208510875701904,True
8pLSdUH-S5U,amritsar,True,True,0.4157303273677826,0.4606741666793823,0.4375,1,4.016256332397461,True
8pXV8kLacAI_2,interval,True,True,0.2818181812763214,0.2818181812763214,0.28125,0,2.060657501220703,True
8pfW3gmsue8,away,True,True,0.3222222328186035,0.3333333432674408,0.34375,1,3.8245067596435547,True
8r5QmLFv9Jc,bath tub,True,True,0.5185185074806213,0.5185185074806213,0.53125,1,4.796082496643066,True
8rbvjjFfIPQ_2,gamma ray,True,True,0.6936936974525452,0.7207207083702087,0.71875,3,5.839280605316162,True
8snFGrMOv8c_2,reversible,True,True,0.45588234066963196,0.5735294222831726,0.59375,0,5.600449562072754,True
8tC5fhomuPw,row house,True,True,0.8328173160552979,0.8359133005142212,0.8125,10,4.389456272125244,True
8tF644BWKNo_1,ganapathi,True,True,0.46666666865348816,0.47999998927116394,0.46875,1,2.1919422149658203,True
8tgBgXrOn6Y_1,rice,True,True,0.5396825671195984,0.5555555820465088,0.5625,2,5.357308864593506,True
8ucWkX-wRrk,pilot,True,True,0.6033057570457458,0.6115702390670776,0.59375,0,3.2780444622039795,True
8vtQX3cugYc_1,proceeding,True,True,0.4000000059604645,0.4000000059604645,0.375,0,4.776906967163086,True
8w-jGg00BJ4_1,necessary,True,True,0.380952388048172,0.380952388048172,0.375,2,4.297515392303467,True
8wI11m_OvYo,business,True,True,0.36274510622024536,0.36274510622024536,0.375,1,4.655590534210205,True
8wgrPnyzpMw,where,True,True,0.6129032373428345,0.6129032373428345,0.625,1,5.579728126525879,True
8xNtPv0InYE,mild steel rod,True,True,0.4078212380409241,0.4078212380409241,0.375,3,16.557273864746094,True
8yWcdPX31pM_1,village,True,True,0.5866666436195374,0.5866666436195374,0.59375,3,4.407592296600342,True
8z04XWMENWY,secretary,True,True,0.375,0.375,0.375,1,3.710855484008789,True
8z32TzNwU7U_1,proud,True,True,0.644444465637207,0.644444465637207,0.625,3,8.33423900604248,True
8zNQTYikGX0_1,him,True,True,0.6000000238418579,0.6000000238418579,0.59375,0,4.803124904632568,True
8zVGtdn_NLc,cropping tool,True,True,0.8359788656234741,0.8730158805847168,0.8125,5,6.072258949279785,True
8zg5kbu8ZMA_1,pant,True,True,0.460317462682724,0.460317462682724,0.4375,3,5.913481712341309,True
91WkA3SEDpM,noise pollution,True,True,0.6328125,0.6328125,0.625,1,12.939114570617676,True
9200bHjUzac_1,germany,True,True,0.4266666769981384,0.4399999976158142,0.4375,1,6.520177364349365,True
922S3GXI7eI,meet,True,True,0.5977011322975159,0.5977011322975159,0.59375,0,3.997257709503174,True
92HuQ3Vr13Q_1,curved,True,True,0.5873016119003296,0.6190476417541504,0.59375,1,4.495789527893066,True
933fIHNLS9s,nurse,True,True,0.5625,0.5763888955116272,0.5625,7,6.641892433166504,True
93GUaFv2z84_1,bury,True,True,0.6583333611488342,0.7083333134651184,0.6875,2,4.7692952156066895,True
945eoq95GKM,rhinoceros,True,True,0.36274510622024536,0.36274510622024536,0.375,1,3.9260504245758057,True
94KSlCCbBf0_1,dollar,True,True,0.2698412835597992,0.2698412835597992,0.28125,4,8.482218742370605,True
94r3k7n7oTs,prove,True,True,0.5714285969734192,0.5714285969734192,0.5625,0,3.3999860286712646,True
94yey9jGdsE_1,dish,True,True,0.6399999856948853,0.6800000071525574,0.65625,1,7.997640132904053,True
95KlTHhKlmk,weekly,True,True,0.4615384638309479,0.4615384638309479,0.46875,0,5.555525779724121,True
96JTPuAvmno,hard,True,True,0.6315789222717285,0.6315789222717285,0.59375,3,4.332789897918701,True
977nahhu-Zk,socket,True,True,0.5185185074806213,0.5185185074806213,0.5,1,3.434544801712036,True
97UeCMhqWxw,top,True,True,0.37078651785850525,0.37078651785850525,0.34375,12,20.75475311279297,True
98QpyN3f8ZU,jackfrui,True,True,0.6296296119689941,0.6740740537643433,0.65625,0,4.326449871063232,True
98UHa9YGWMg_1,confirmed member,True,True,0.46060606837272644,0.46060606837272644,0.4375,0,3.8777639865875244,True
98wq5RZYq90_1,age,True,True,0.6666666865348816,0.699999988079071,0.6875,2,9.761836051940918,True
99N6O7wQL6o,online editing,True,True,0.9014084339141846,0.9014084339141846,0.875,9,4.81574010848999,True
9A6I1vyyc4s,summer,True,True,0.3448275923728943,0.3448275923728943,0.34375,0,7.882215976715088,True
9AR3EYXYTNk_1,valuable consideration,True,True,0.6285714507102966,0.6476190686225891,0.625,3,3.5612778663635254,True
9B91YNQuBTg_1,purchase,True,True,0.3444444537162781,0.36666667461395264,0.34375,0,4.782261371612549,True
9BJ5ZQixW34,die,True,True,0.5483871102333069,0.5483871102333069,0.53125,0,2.2010891437530518,True
9BMHwqCSjag,georgia,True,True,0.574999988079071,0.574999988079071,0.5625,0,7.349358558654785,True
9BvwAQ7c9-c,cd,True,True,0.5795454382896423,0.5795454382896423,0.5625,1,4.529309272766113,True
9D6zt9-uP88_1,flexible,True,True,0.41333332657814026,0.41333332657814026,0.40625,1,4.02140474319458,True
9E_Rr4c5UUc_1,island,True,True,0.6700000166893005,0.6800000071525574,0.625,2,4.249083995819092,True
9FCa_zHS4-k,recognize,True,True,0.375,0.375,0.375,1,2.827659845352173,True
9GJUdPIquG4,newly married,True,True,0.8647686839103699,0.8683273792266846,0.84375,19,9.885552406311035,True
9Gb8falrx1Q,adoptive parent,True,True,0.9026845693588257,0.9026845693588257,0.875,2,7.202421188354492,True
9Gl6dhM-XAY,law,True,True,0.6800000071525574,0.6800000071525574,0.6875,2,4.920886993408203,True
9GqUoFtKfNE,title bar,True,True,0.5527777671813965,0.5583333373069763,0.53125,6,6.30002498626709,True
9HSEWDsdxgI_1,chair,True,True,0.4933333396911621,0.4933333396911621,0.5,0,3.76393723487854,True
9HpOx_E5Q9Q_1,cough,True,True,0.6222222447395325,0.6222222447395325,0.625,0,2.7460265159606934,True
9IFKjY7Uuw0_1,museum,True,True,0.6984127163887024,0.7142857313156128,0.71875,3,7.691056251525879,True
9Iq8DWRoeJA_2,gram,True,True,0.25287356972694397,0.3103448152542114,0.28125,0,3.2321789264678955,True
9JgVee1UGmI,on the basis of propagation,True,True,0.8291316628456116,0.8291316628456116,0.78125,7,7.42943811416626,True
9KMPc_T4bU8,guess,True,True,0.38983049988746643,0.38983049988746643,0.40625,2,2.9964988231658936,True
9KZbTecPlh0_1,singapore,True,True,0.2800000011920929,0.30666667222976685,0.3125,0,4.019859313964844,True
9LDQGtFRVhI,christmas,True,True,0.5494505763053894,0.5494505763053894,0.53125,2,3.0530166625976562,True
9LMQNfNdfRQ,high court,True,True,0.8503937125205994,0.874015748500824,0.875,10,9.273653030395508,True
9LWMsCmHhaQ,piece,True,True,0.4654088020324707,0.4654088020324707,0.4375,3,6.201921463012695,True
9LXAp02OXko_1,pilot,True,True,0.6022727489471436,0.6704545617103577,0.65625,0,5.307321548461914,True
9LjYLI7ma7Y_1,retire,True,True,0.3037036955356598,0.34074074029922485,0.34375,1,2.585230588912964,True
9MUevtG3yYc_2,optical fiber cable,True,True,0.8045112490653992,0.8045112490653992,0.8125,1,5.932895660400391,True
9NyNlhJnyng,tortoise,True,True,0.49504950642585754,0.5049505233764648,0.5,2,5.880437850952148,True
9OWi_u40bd4_1,paws,True,True,0.41111111640930176,0.41111111640930176,0.40625,1,6.400012493133545,True
9QPvSQjo2oQ_1,cash book,True,True,0.746666669845581,0.7799999713897705,0.75,0,4.207952976226807,True
9QYn422W2pU_1,tax profession,True,True,0.7259259223937988,0.7259259223937988,0.71875,2,6.129368305206299,True
9R8mO744RdM,cell,True,True,0.6898148059844971,0.7129629850387573,0.71875,5,4.849849700927734,True
9RdiJAmwOtw_1,age,True,True,0.675000011920929,0.675000011920929,0.65625,3,16.3145751953125,True
9TAdXqb-qcs_2,year under report,True,True,0.7916666865348816,0.8166666626930237,0.78125,2,5.4860405921936035,True
9TcOdm_p8dc,during,True,True,0.4453125,0.453125,0.46875,0,4.902483940124512,True
9TzR_2DZEKk,muffler,True,True,0.5512195229530334,0.5512195229530334,0.53125,5,3.6899826526641846,True
9VYxltnFK9k,hemophilia,True,True,0.7816091775894165,0.7816091775894165,0.78125,7,7.283235549926758,True
9VvSEg2LUHw_1,rent,True,True,0.36666667461395264,0.3777777850627899,0.375,0,1.81992769241333,True
9WpI_sLgb00,christmas,True,True,0.6904761791229248,0.6904761791229248,0.65625,0,2.973804473876953,True
9ZFVsuD_DOA_1,month,True,True,0.3733333349227905,0.4000000059604645,0.375,1,4.289951324462891,True
9ZaH5h9D4yI,auger,True,True,0.7861271500587463,0.7861271500587463,0.75,3,3.2601869106292725,True
9_PxbDV7BcU_1,camel,True,True,0.6399999856948853,0.6399999856948853,0.65625,0,4.08354377746582,True
9bDbETVM0r4,offline editing,True,True,0.7980769276618958,0.7980769276618958,0.78125,0,12.109099388122559,True
9bU0eltCrYQ,world association of sign language interpreters,True,True,0.49462366104125977,0.49462366104125977,0.46875,3,7.240007400512695,True
9bwbusx_8ik_1,square,True,True,0.3222222328186035,0.3333333432674408,0.28125,0,10.128524780273438,True
9cFEgJEFFB8_1,horns,True,True,0.3888888955116272,0.42222222685813904,0.40625,1,8.970404624938965,True
9cRQJXVdE3I_1,instigate,True,True,0.4285714328289032,0.4476190507411957,0.375,1,4.713310241699219,True
9c_bONRs12w,geography,True,True,0.44285714626312256,0.4571428596973419,0.46875,3,4.757333755493164,True
9e62cz2TIdo_1,angry,True,True,0.4333333373069763,0.4333333373069763,0.40625,0,4.568455696105957,True
9e7G2jc3tso_1,christmas,True,True,0.6477272510528564,0.6477272510528564,0.625,5,6.277395248413086,True
9gARyCGe8sY_1,cow,True,True,0.699999988079071,0.7111111283302307,0.6875,2,9.037713050842285,True
9gZg_sd9G88,sheep,True,True,0.3888888955116272,0.4126984179019928,0.40625,2,3.19331693649292,True
9h1DKNgyPZM,cuffs,True,True,0.7154150009155273,0.731225311756134,0.71875,4,3.4372670650482178,True
9hfrwKx2js8_1,concentrate,True,True,0.7047619223594666,0.723809540271759,0.71875,2,6.30070686340332,True
9hyc0l2c7I4,complainant and complaint,True,True,0.8690476417541504,0.8690476417541504,0.875,3,11.189539909362793,True
9in2Hz7k60U_1,house,True,True,0.5,0.5416666865348816,0.5,0,11.470605850219727,True
9j49KqnHN3s,blindness and low vision,True,True,0.671875,0.671875,0.65625,2,3.8994710445404053,True
9jIu7tBsX70,herps virus,True,True,0.9626168012619019,1.0,1.0,3,6.054916858673096,True
9jYJjEHnKTw,bank of baroda,True,True,0.5980392098426819,0.5980392098426819,0.5625,2,4.157657146453857,True
9lETXfWFER8_1,shoulder,True,True,0.4761904776096344,0.523809552192688,0.46875,0,4.784214973449707,True
9l_mPRyG3Lw_2,wave length,True,True,0.7599999904632568,0.7933333516120911,0.78125,5,7.909787178039551,True
9nYAc6GEbNo_1,oath,True,True,0.4444444477558136,0.4444444477558136,0.4375,0,4.207158088684082,True
9odwds_amPo_1,medicine,True,True,0.47727271914482117,0.4886363744735718,0.46875,2,4.703398704528809,True
9oigD1xSV-g_1,warning,True,True,0.523809552192688,0.523809552192688,0.53125,0,3.3045811653137207,True
9oo3hDRFIhM_1,brain,True,True,0.6333333253860474,0.6416666507720947,0.65625,6,6.250609397888184,True
9pEAebpmkS0,carpet,True,True,0.290076345205307,0.290076345205307,0.28125,1,3.895994186401367,True
9pRb9SzUagk,curing,True,True,0.9810126423835754,0.9810126423835754,0.96875,12,6.468855381011963,True
9qIeBRYxhjI_1,partnership deed,True,True,0.8814814686775208,0.8888888955116272,0.875,0,3.3554370403289795,True
9qLTvYXHLdU,amount,True,True,0.5765765905380249,0.5765765905380249,0.5625,1,4.547929763793945,True
9qhBPFXW-b0,cross belt drive,True,True,0.8971962332725525,0.8971962332725525,0.875,3,4.526721954345703,True
9qlCI50wdzY_1,unlucky,True,True,0.5733333230018616,0.6399999856948853,0.625,1,7.050390720367432,True
9r4aaMyWBvo_1,teller,True,True,0.4148148000240326,0.42222222685813904,0.40625,0,2.9907023906707764,True
9r5BkbHQKg4,sailboat,True,True,0.868686854839325,0.8888888955116272,0.875,3,5.2140069007873535,True
9rOnDWXhyaU,should,True,True,0.4189189076423645,0.4189189076423645,0.4375,0,2.2773098945617676,True
9sK2PFaxoHw,upset,True,True,0.7037037014961243,0.7283950448036194,0.71875,0,1.996990442276001,True
9tcU1uGTnFo,composition of milk,True,True,0.5590550899505615,0.5590550899505615,0.53125,4,9.60465145111084,True
9tph00_pAf4,winner,True,True,0.38749998807907104,0.38749998807907104,0.375,1,2.0632433891296387,True
9uNB69GAxtk_1,plumber,True,True,0.6000000238418579,0.6666666865348816,0.65625,2,3.93424916267395,True
9uSE_BJx1Po,bad,True,True,0.44117647409439087,0.44117647409439087,0.4375,0,1.8073370456695557,True
9vvemJ0nr-E,without,True,True,0.40186914801597595,0.40186914801597595,0.375,0,4.728231430053711,True
9wsyF_yvjfQ,nematology,True,True,0.9016393423080444,0.9016393423080444,0.90625,11,6.7292094230651855,True
9xgeOH9Jl9U,wake,True,True,0.49000000953674316,0.5,0.5,1,3.6612095832824707,True
9y_XoHypC2Q_1,coat,True,True,0.46666666865348816,0.46666666865348816,0.4375,0,5.401256084442139,True
9yuJzZDgPRw_1,birth,True,True,0.644444465637207,0.7037037014961243,0.6875,2,5.356818675994873,True
9zh_TIspgro_1,seconds,True,True,0.5,0.5,0.46875,1,11.320512771606445,True
A-DmE3OOAfU,electricity,True,True,0.3658536672592163,0.3658536672592163,0.375,0,3.7584102153778076,True
A-OYsPfNlNA_2,horizontal,True,True,0.8695651888847351,0.9275362491607666,0.90625,0,10.430764198303223,True
A-XKL0nXLoA_2,explain,True,True,0.35164836049079895,0.3956044018268585,0.375,1,4.248384475708008,True
A0JzS62h92w_1,butterfly,True,True,0.8666666746139526,0.9555555582046509,0.9375,0,3.669121026992798,True
A0fQyTZj4Mk_2,electromagnetic wave,True,True,0.8472222089767456,0.9166666865348816,0.90625,4,7.799142360687256,True
A131AL5rAPU_2,reflection,True,True,0.7333333492279053,0.8111110925674438,0.78125,0,7.282345771789551,True
A2flwWtlgdQ,politician,True,True,0.6195651888847351,0.695652186870575,0.65625,3,5.526101112365723,True
A2t3ucbTnzg_1,debit advice,True,True,0.5600000023841858,0.5600000023841858,0.53125,1,3.6968021392822266,True
A3E7kL78NRs_1,shiva,True,True,0.460317462682724,0.460317462682724,0.4375,1,5.330789089202881,True
A3QOVwivz4Q_1,foreign,True,True,0.25833332538604736,0.28333333134651184,0.25,1,4.042921543121338,True
A3v05__5wIs,types of farm planning,True,True,0.8952702879905701,0.8952702879905701,0.875,8,8.770648956298828,True
A3vRjp3UwrE_1,legal claim,True,True,0.8370370268821716,0.8444444537162781,0.84375,1,3.743302345275879,True
A4RELg59BW8,butter,True,True,0.578125,0.578125,0.5625,1,7.620090961456299,True
A4WC9h-V7gg_2,cone,True,True,0.5034482479095459,0.5448275804519653,0.5625,2,5.591712474822998,True
A4s4g4tpDwQ_2,electrode,True,True,0.6293103694915771,0.6551724076271057,0.625,0,27.362621307373047,True
A6OkMmLkj50_1,tear sheet,True,True,0.5416666865348816,0.5416666865348816,0.53125,4,5.920984268188477,True
A6f3QRzvHV0,next year,True,True,0.5730336904525757,0.5730336904525757,0.5625,1,7.063870906829834,True
A7GtKqvxPNA,can,True,True,0.6045627593994141,0.6045627593994141,0.59375,3,4.524562358856201,True
A7Z8eaNDLGg,director,True,True,0.4140625,0.4140625,0.40625,1,15.099531173706055,True
A8fPXgxSQ-k,aeroplane,True,True,0.6097561120986938,0.6097561120986938,0.59375,1,4.693491458892822,True
AApcKicSfHU,haji ali dargah,True,True,0.6778523325920105,0.6778523325920105,0.65625,9,7.7753376960754395,True
ABHbs7wII44,security guard,True,True,0.6184210777282715,0.6184210777282715,0.59375,0,2.829387664794922,True
ABSyPhV0SCw,thread gauge,True,True,0.715133547782898,0.718100905418396,0.6875,3,4.497416019439697,True
ACJG5VeKrvQ,dust,True,True,0.5985401272773743,0.5985401272773743,0.59375,1,4.230106830596924,True
AD8RcVimCyw_1,distribute,True,True,0.36000001430511475,0.36000001430511475,0.34375,0,7.68186616897583,True
ADOlYPfw_T8,funds,True,True,0.4251968562602997,0.4251968562602997,0.40625,1,3.621170997619629,True
ADgKP4UpMkg,raster graphics,True,True,0.8690807819366455,0.8690807819366455,0.84375,10,4.993200778961182,True
ADtWeEnpLfY,wind,True,True,0.34645670652389526,0.34645670652389526,0.34375,0,4.8356614112854,True
AEfFAtmkt6o,that,True,True,0.3583333194255829,0.3583333194255829,0.34375,1,2.071415424346924,True
AEjUapb4Iwc,assam,True,True,0.4699999988079071,0.4699999988079071,0.46875,0,7.1312665939331055,True
AF8n5CAR0m0_1,hole,True,True,0.5066666603088379,0.5066666603088379,0.5,0,3.587322950363159,True
AFV4rZ8HFUI_2,electronics,True,True,1.0,1.0,1.0,6,11.380561828613281,True
AGADAbFPPH4_1,shoulder,True,True,0.5047619342803955,0.5523809790611267,0.53125,0,2.85856556892395,True
AGSQnRV3FY8_1,full moon day,True,True,0.6017699241638184,0.6194690465927124,0.59375,4,6.312076568603516,True
AHrIksqU13s,earth rammer,True,True,0.8937197923660278,0.9033816456794739,0.90625,7,3.3609461784362793,True
AJ0UWA48X-g,abdicate,True,True,0.869918704032898,0.8753387331962585,0.84375,16,6.3561692237854,True
AJ0hvy4jJXY_1,duck,True,True,0.5523809790611267,0.5523809790611267,0.5625,2,6.766308784484863,True
AJyoUbv1lzs,bilingual,True,True,0.699999988079071,0.7111111283302307,0.6875,7,5.421993255615234,True
AKpYk0-0v8s_1,drawing,True,True,0.20000000298023224,0.24444444477558136,0.28125,0,2.6418707370758057,True
ALdikJXEJtc,club,True,True,0.5510203838348389,0.5510203838348389,0.53125,4,4.117301940917969,True
ALw4b7WFOR4_1,waste,True,True,0.3333333432674408,0.380952388048172,0.375,0,3.8338232040405273,True
AMSxEvyhESk,professor,True,True,0.4166666567325592,0.4166666567325592,0.40625,0,2.9513087272644043,True
ANfL9O6wy4Y,two days after,True,True,0.4852941036224365,0.4852941036224365,0.5,2,4.818456172943115,True
ANgOOb951fE_1,words and figures,True,True,0.7142857313156128,0.7333333492279053,0.75,2,4.322904586791992,True
ANxPvptCW6w_1,punjabi,True,True,0.47727271914482117,0.4886363744735718,0.46875,3,3.397467613220215,True
AO9vAsL-gXg,masonry bit,True,True,0.5186246633529663,0.5186246633529663,0.53125,6,3.678262948989868,True
AQ_ba6r2-YM,carpenter,True,True,0.5154638886451721,0.5154638886451721,0.53125,0,3.3974058628082275,True
ARS_u1Op3gw,types of water garden,True,True,0.9067164063453674,0.9067164063453674,0.875,11,10.700820922851562,True
ARSm5la19W4_1,maharastra,True,True,0.5454545617103577,0.5568181872367859,0.53125,1,2.723764181137085,True
AUnzt1FRoRk,qualification,True,True,0.6219512224197388,0.6219512224197388,0.59375,0,3.289527654647827,True
AUqBZl760Lg_1,principal,True,True,0.6818181872367859,0.6818181872367859,0.65625,1,4.588098049163818,True
AV6KYwLsbfY,infanticide,True,True,0.6200000047683716,0.6633333563804626,0.65625,2,6.1254072189331055,True
AVjyszuck8E,freeze,True,True,0.5633803009986877,0.5633803009986877,0.5625,0,3.730752944946289,True
AW-lxiaveRY,sand,True,True,0.6036036014556885,0.6216216087341309,0.625,0,6.887172222137451,True
AWMcypBB9WY_1,ring,True,True,0.6349206566810608,0.6349206566810608,0.625,0,5.327965259552002,True
AX7RoHSCLPk_1,jesus,True,True,0.3174603283405304,0.3174603283405304,0.3125,1,4.412602424621582,True
AXkvz_N39pg,wifi,True,True,0.5555555820465088,0.5555555820465088,0.5625,1,5.104835033416748,True
AXzNbOMMZ6Y,bodice,True,True,0.7116564512252808,0.7116564512252808,0.6875,2,4.313818454742432,True
AY5ZDfd57vc,pen drive,True,True,0.3545454442501068,0.3545454442501068,0.34375,0,20.67935562133789,True
AYTEzWH7BYY,assistant professor,True,True,0.43801653385162354,0.43801653385162354,0.4375,0,2.1108901500701904,True
AZ71WPBDNuM,format,True,True,0.9498525261878967,0.9528023600578308,0.9375,10,8.726243019104004,True
AZBsekRB7zY_1,track,True,True,0.6931818127632141,0.7272727489471436,0.6875,0,3.9526584148406982,True
A_ghucv_daw,panic,True,True,0.3606557250022888,0.3606557250022888,0.34375,1,3.301069498062134,True
Aa8BKFLPRYs_1,bite,True,True,0.6777777671813965,0.6777777671813965,0.65625,3,6.575863838195801,True
AaHFB_q7AO0,headache,True,True,0.584269642829895,0.584269642829895,0.5625,1,2.696220636367798,True
AaHmdX-mi5s,costa rica,True,True,0.4588235318660736,0.4588235318660736,0.46875,2,8.915550231933594,True
Aahly6_Ya3w_1,in front of,True,True,0.6190476417541504,0.6507936716079712,0.65625,0,4.425179958343506,True
AbYawF3ki0k_1,discover,True,True,0.6283186078071594,0.6460176706314087,0.65625,0,7.7862420082092285,True
AcAbORUCKbM,lines and pins,True,True,0.954674243927002,0.954674243927002,0.9375,4,5.158772945404053,True
AclEDgleQ6M,variable,True,True,0.8105726838111877,0.8149779438972473,0.78125,5,3.240854263305664,True
AdV7Zn6p0yg_1,snake,True,True,0.3866666555404663,0.4000000059604645,0.375,1,2.107619524002075,True
Adn8_szuH5A,select,True,True,0.37755101919174194,0.37755101919174194,0.375,0,3.025161027908325,True
AectM0u3HLI_1,ahemedabad,True,True,0.380952388048172,0.380952388048172,0.34375,1,3.885848045349121,True
Aeq2jo3tSdA,topic,True,True,0.5487805008888245,0.5487805008888245,0.53125,2,2.6451172828674316,True
AfgaiVsTy_k,reporter,True,True,0.6034482717514038,0.6034482717514038,0.59375,1,5.946658611297607,True
AfzXlh8OgnI,promote,True,True,0.5963302850723267,0.5963302850723267,0.5625,0,4.281171798706055,True
AgAIB4T8Z04,tiles cutter,True,True,0.906593382358551,0.906593382358551,0.875,12,4.9200663566589355,True
AgB-ICcX7Fg,egypt,True,True,0.5405405163764954,0.5810810923576355,0.59375,0,3.0633935928344727,True
Ah8zB8BQYek,take a bath,True,True,0.5081967115402222,0.5163934230804443,0.5,1,4.072299003601074,True
AhDjpH0xZAU,nineteen,True,True,0.4895833432674408,0.4895833432674408,0.5,1,6.3278584480285645,True
Ai8GHDxnOzE_2,clinical thermometer,True,True,0.6694915294647217,0.7457627058029175,0.75,0,6.711190223693848,True
AjSoS7r4qJI_1,hard,True,True,0.47999998927116394,0.47999998927116394,0.4375,3,4.99208402633667,True
AjWZkexuKVI_2,action,True,True,0.5,0.5568181872367859,0.53125,2,7.267524719238281,True
AkDOjtOtGGA_1,holi,True,True,0.4933333396911621,0.4933333396911621,0.46875,2,7.4058027267456055,True
AkY2zmS18v0,kidney disease,True,True,0.6307692527770996,0.699999988079071,0.6875,5,5.845141887664795,True
AmPGr5AueGI_1,dress,True,True,0.30666667222976685,0.3199999928474426,0.3125,0,4.470090866088867,True
AmbZ5vym81g_1,blow,True,True,0.36000001430511475,0.4399999976158142,0.4375,0,5.0898942947387695,True
AnzLnEIXCI4_1,lake,True,True,0.42399999499320984,0.4480000138282776,0.4375,0,4.212500095367432,True
Ap36VoRZatU,neck band,True,True,0.4469696879386902,0.4469696879386902,0.4375,2,3.1334352493286133,True
ApkQwiV28bY,cajanus inducus,True,True,0.8470588326454163,0.8470588326454163,0.8125,5,4.51956844329834,True
Aq_A-TmNfwk,delegation,True,True,0.8910890817642212,0.8976897597312927,0.875,9,6.1329240798950195,True
ArXzUJR5Vic,salyx tetra sperma,True,True,0.9190031290054321,0.9283488988876343,0.90625,13,10.540834426879883,True
ArcfZOVJyc4,carrom,True,True,0.4647887349128723,0.4647887349128723,0.46875,0,7.320823669433594,True
ArrUPiaqzHA,license,True,True,0.603960394859314,0.603960394859314,0.59375,0,3.984393358230591,True
AuCxXmjvztU,drug abuse and addiction,True,True,0.8598130941390991,0.8598130941390991,0.84375,2,4.244833469390869,True
AuTgOkqjmKs,pick axe,True,True,0.6734693646430969,0.7346938848495483,0.71875,4,5.261343002319336,True
Aup_XGd3EqQ,roofing tiles,True,True,0.9032257795333862,0.9354838728904724,0.90625,5,4.591376304626465,True
AwsLVn18lwo_2,least count,True,True,0.8924731016159058,0.8924731016159058,0.875,2,7.491669178009033,True
AygZ8ATgf_c,vaishno devi,True,True,0.6766917109489441,0.6766917109489441,0.65625,1,3.941011428833008,True
AzOpSq_iZCo_1,complain,True,True,0.5714285969734192,0.5714285969734192,0.5625,1,3.3065619468688965,True
AzVqMQPhOWI_1,we,True,True,0.7142857313156128,0.761904776096344,0.78125,0,5.629678726196289,True
Azhplpvwi6Q,calculator,True,True,0.6700000166893005,0.6700000166893005,0.65625,6,5.179709434509277,True
B0JKoyG_q0g,eyebrow,True,True,0.3689320385456085,0.3689320385456085,0.34375,0,2.090686559677124,True
B0eoeNCs3RI_1,add,True,True,0.4000000059604645,0.4000000059604645,0.40625,1,3.848363161087036,True
B0wM7GT2PKU_2,formula,True,True,1.0,1.0,1.0,1,5.754269123077393,True
B1plqHKGoW4_1,deer,True,True,0.47999998927116394,0.5066666603088379,0.46875,3,7.737727165222168,True
B2JFlPUsxQY,form,True,True,0.4277777671813965,0.4277777671813965,0.40625,2,3.192441701889038,True
B2eH7OwcKQ0,relay race,True,True,0.4017094075679779,0.4017094075679779,0.375,1,4.477590560913086,True
B34E37rWGWA_1,term technical,True,True,0.5481481552124023,0.5481481552124023,0.5625,0,7.361507892608643,True
B34fwmoOvvI_1,false,True,True,0.30000001192092896,0.30000001192092896,0.28125,2,3.12119197845459,True
B3ViGdozfp4,kidnap,True,True,0.747474730014801,0.747474730014801,0.75,0,4.628947734832764,True
B4Anc1i1S1E,software developer,True,True,0.6742424368858337,0.6742424368858337,0.65625,5,3.907270669937134,True
B4_sWGyQgrA,maths,True,True,0.6712328791618347,0.6849315166473389,0.6875,1,7.010112285614014,True
B5Qtp_-1gmo_1,liquor,True,True,0.5396825671195984,0.5555555820465088,0.5625,1,4.339227676391602,True
B6UQh9WuYAY,once,True,True,0.621052622795105,0.621052622795105,0.59375,1,4.205896377563477,True
B6XbxlOZXm4_1,discharge,True,True,0.4148148000240326,0.4148148000240326,0.40625,2,4.67107629776001,True
B6dVHrpiFws,onion,True,True,0.4444444477558136,0.4555555582046509,0.4375,0,2.2228481769561768,True
B71wV1k7n4M,pain,True,True,0.5116279125213623,0.5116279125213623,0.5,2,3.7690913677215576,True
B9gcbXjMQwg_1,small coin depot,True,True,0.36666667461395264,0.39444443583488464,0.375,1,4.9057230949401855,True
BAuCEJ4uKgE,together,True,True,0.3737373650074005,0.39393940567970276,0.40625,1,3.6040055751800537,True
BCVSsSZSqm4,australia,True,True,0.47826087474823,0.47826087474823,0.46875,1,6.751044273376465,True
BD-PPGZahtU_1,loose,True,True,0.4000000059604645,0.4000000059604645,0.375,0,4.537691593170166,True
BD6ADUnsyio_1,clock,True,True,0.6190476417541504,0.6571428775787354,0.625,2,11.537158966064453,True
BDSIilJRj-4,passbook printing machine,True,True,0.5967742204666138,0.5967742204666138,0.5625,4,4.466892719268799,True
BDyD3b5IvEA_1,tusks,True,True,0.36000001430511475,0.3733333349227905,0.34375,0,5.333200454711914,True
BEBfzPkE3EY,tree,True,True,0.359649121761322,0.3947368562221527,0.40625,1,4.062707901000977,True
BEEOC2ZXhsg,not,True,True,0.5,0.5,0.46875,0,6.8290486335754395,True
BFYTOi2N1w8,big,True,True,0.44285714626312256,0.4571428596973419,0.4375,1,3.0831353664398193,True
BGIG-XfX4BI,niece,True,True,0.5227272510528564,0.5795454382896423,0.53125,0,4.595837593078613,True
BGfcBh4woVU_1,fight,True,True,0.60317462682724,0.682539701461792,0.65625,1,2.9845616817474365,True
BGjmN9lRDH0,legal,True,True,0.4736842215061188,0.4736842215061188,0.46875,0,2.8795032501220703,True
BI1IkyUrBT0,possible,True,True,0.5567010045051575,0.5567010045051575,0.5625,5,5.998630523681641,True
BI57SSk_cGU,cartoon,True,True,0.4886363744735718,0.4886363744735718,0.46875,1,8.798995971679688,True
BIO33uNK_pY_1,bus stand,True,True,0.9365079402923584,0.9841269850730896,0.96875,0,6.779879570007324,True
BJ_XRbrwsk0_1,bear,True,True,0.6888889074325562,0.7333333492279053,0.6875,3,3.934903860092163,True
BJgvTIe5avM,shaving trimmer,True,True,0.5759999752044678,0.5759999752044678,0.5625,3,6.055508136749268,True
BLazXqvPnKk,in,True,True,0.5268816947937012,0.5268816947937012,0.5,0,3.7924787998199463,True
BMKm42g0s08_2,mechanics,True,True,0.5052631497383118,0.5368421077728271,0.53125,4,5.845931053161621,True
BMsUiLpUFQQ_1,repairer,True,True,0.5222222208976746,0.5555555820465088,0.53125,2,4.5803422927856445,True
BMzjPIvzVfU,answer,True,True,0.534246563911438,0.534246563911438,0.5,0,2.521700859069824,True
BN8N3UwtL00,exclude,True,True,0.4245283007621765,0.4245283007621765,0.4375,0,7.71994686126709,True
BNNY7s6UnX4_1,india,True,True,0.47999998927116394,0.47999998927116394,0.46875,0,4.807513236999512,True
BNnUgdUKtf0,nagaland,True,True,0.7179487347602844,0.7179487347602844,0.6875,1,5.818258285522461,True
BPC5XCxTQDE_1,cremate,True,True,0.8166666626930237,0.8388888835906982,0.8125,8,5.01768159866333,True
BPWGQ-KcisU_1,library,True,True,0.6704545617103577,0.6704545617103577,0.65625,6,5.255136013031006,True
BPXMuyXJai8_2,energy,True,True,0.3145161271095276,0.3306451737880707,0.3125,0,2.124908685684204,True
BQU7PK2GEw8,afghanistan,True,True,0.2857142984867096,0.2857142984867096,0.28125,0,4.528212547302246,True
BSJyINZgfWY,ball cricket,True,True,0.38596490025520325,0.38596490025520325,0.375,0,3.779052734375,True
BS_TcCb8q0s_1,bengali,True,True,0.54666668176651,0.54666668176651,0.53125,1,4.8239216804504395,True
BSezNX5k4dA_2,law,True,True,0.9701492786407471,1.0,1.0,2,4.639445781707764,True
BSztT4FmVvg,button down,True,True,0.7017543911933899,0.7017543911933899,0.6875,3,6.213426113128662,True
BT9rDLe3e_8,shears,True,True,0.4970414340496063,0.4970414340496063,0.46875,2,5.039064407348633,True
BTWoG55D4ns_2,fluid pressure,True,True,0.3272727131843567,0.33636364340782166,0.375,0,3.8717193603515625,True
BU67b7LtyE0,gujarati,True,True,0.5322580933570862,0.5483871102333069,0.5625,0,3.7273950576782227,True
BUOXpYbLzTI_1,wide,True,True,0.4533333480358124,0.4533333480358124,0.4375,2,4.163554668426514,True
BUdAJ_WWdxo_1,foot,True,True,0.5444444417953491,0.5444444417953491,0.53125,1,5.369650840759277,True
BUt4lIrC0E8_1,slow,True,True,0.4431818127632141,0.4431818127632141,0.4375,1,2.3135452270507812,True
BUv48pwD90o,exam,True,True,0.49264705181121826,0.49264705181121826,0.46875,0,3.573000907897949,True
BVtBleg0HgA,message video,True,True,0.3928571343421936,0.4017857015132904,0.40625,2,3.5156397819519043,True
BVyAGCPGC9I,bacteria,True,True,0.561904788017273,0.561904788017273,0.5625,3,6.660847187042236,True
BWKieNmLY2c,beer,True,True,0.7472527623176575,0.7692307829856873,0.78125,1,6.383662700653076,True
BWWtThOnwkE,interest on savings account,True,True,0.43209877610206604,0.4382716119289398,0.4375,1,7.559350967407227,True
BX15HPM6TzE,interpret,True,True,0.6666666865348816,0.6666666865348816,0.625,0,10.488870620727539,True
BXw0xmFB8pQ_1,she,True,True,0.46666666865348816,0.46666666865348816,0.46875,2,2.782039165496826,True
BYY1nIP7J-E,kali mata,True,True,0.5754716992378235,0.5754716992378235,0.5625,2,3.110163927078247,True
BYnUpQfk3Ts,five,True,True,0.4455445408821106,0.4455445408821106,0.4375,0,3.307143449783325,True
BaDaIkw-dmQ,appearance,True,True,0.5827067494392395,0.5827067494392395,0.5625,3,5.305142879486084,True
BaXoF_r5D4w,pain,True,True,0.4923076927661896,0.4923076927661896,0.46875,0,3.6497561931610107,True
BauK2i6mmK4,younger sister,True,True,0.5822784900665283,0.5822784900665283,0.5625,0,2.6855967044830322,True
Bc5uO2zRNJA,throat,True,True,0.5408163070678711,0.5408163070678711,0.53125,1,5.2209978103637695,True
Bc_Km33uz74,level,True,True,0.5,0.5111111402511597,0.5,2,3.062563419342041,True
BdQCN4niLds,cooker,True,True,0.38260868191719055,0.38260868191719055,0.375,2,7.561700820922852,True
BdxydPFxfAA,storm,True,True,0.44117647409439087,0.44117647409439087,0.4375,1,4.605459213256836,True
Bf2FG9YBics_1,mogra,True,True,0.8888888955116272,0.9111111164093018,0.90625,1,6.135932922363281,True
Bh9e-exemes_1,class room,True,True,0.6133333444595337,0.6133333444595337,0.625,2,5.684340000152588,True
BiqToLUGbec_2,spiral,True,True,0.5306122303009033,0.5442177057266235,0.53125,0,11.075655937194824,True
Bir6ea5EZ1c,association of sign language interpreters,True,True,0.49425286054611206,0.49425286054611206,0.5,1,3.2961790561676025,True
BkPmz2DBMEo,underground symptoms,True,True,0.8661971688270569,0.8697183132171631,0.84375,5,4.683150768280029,True
BlV_8p_hgLA_1,horns,True,True,0.41111111640930176,0.42222222685813904,0.40625,0,6.841458320617676,True
Bl_SheTtSt0,body,True,True,0.20000000298023224,0.20000000298023224,0.21875,0,4.199077129364014,True
BmNYiO_-qFU_1,mat,True,True,0.5428571701049805,0.5714285969734192,0.5625,1,4.251011371612549,True
Bmq6b73OAQ4_1,watermelon,True,True,0.653333306312561,0.6800000071525574,0.6875,3,6.420915603637695,True
BnIXdnAD2EA_2,bimetallic,True,True,0.5977011322975159,0.6551724076271057,0.65625,0,3.391514301300049,True
BnRQjGF_dIc_1,those,True,True,0.460317462682724,0.460317462682724,0.46875,0,4.237494945526123,True
BnTXPFA6gHA_1,small pox,True,True,0.6777777671813965,0.6888889074325562,0.6875,1,3.958303928375244,True
Bo35LBOce64,wine,True,True,0.6527777910232544,0.7222222089767456,0.6875,0,4.19066047668457,True
BoTn3ZPqyjk_1,switch,True,True,0.5555555820465088,0.6190476417541504,0.59375,0,5.763641357421875,True
BpDvz3q-6pU_1,learn,True,True,0.5066666603088379,0.5066666603088379,0.5,2,6.113603591918945,True
Bpg2wRBxGPI_1,terms of service,True,True,0.44999998807907104,0.44999998807907104,0.4375,6,4.555046558380127,True
BpheOwGP6ZE_2,east,True,True,0.261904776096344,0.2857142984867096,0.28125,0,2.22767972946167,True
BqgTzj7IeZ0,bhubaneswar,True,True,0.4545454680919647,0.4545454680919647,0.4375,2,5.684131145477295,True
Bqq4Ir8T9Og_1,ratio,True,True,0.4444444477558136,0.4555555582046509,0.4375,1,6.6498284339904785,True
Br0rMI_5PzA_2,film,True,True,0.6565656661987305,0.6868686676025391,0.6875,1,2.5855374336242676,True
BrDv3nkZnCE_1,full,True,True,0.4285714328289032,0.4285714328289032,0.40625,1,8.948287963867188,True
Brqv7-rpdTQ,teach,True,True,0.5205479264259338,0.5205479264259338,0.5,1,2.6376137733459473,True
BtseOFOQ9j8,carnivorus fishes,True,True,0.826714813709259,0.826714813709259,0.8125,10,5.341320991516113,True
BvOKe8KiGPU,tall,True,True,0.5679012537002563,0.5679012537002563,0.53125,0,5.056094169616699,True
Bw8_jmAk28w_1,soft,True,True,0.4933333396911621,0.4933333396911621,0.46875,2,4.87465238571167,True
BxxS_OuUUv4_1,vault safe deposit,True,True,0.675000011920929,0.6916666626930237,0.6875,3,3.8542590141296387,True
BzQFZNqQVsc_1,flag,True,True,0.8533333539962769,0.9066666960716248,0.90625,1,13.192086219787598,True
BzgPNh4W3GI_1,pillow,True,True,0.6666666865348816,0.6666666865348816,0.6875,2,11.967028617858887,True
C-rIgD-yIvg,busy,True,True,0.4000000059604645,0.4000000059604645,0.375,3,5.465200901031494,True
C0UywICFPWw_1,wedding,True,True,0.4571428596973419,0.46666666865348816,0.46875,3,3.9158358573913574,True
C0znUIY2osY,east,True,True,0.6666666865348816,0.6666666865348816,0.65625,2,4.674001216888428,True
C15CAFPqP9g_1,cockroach,True,True,0.8444444537162781,0.9555555582046509,0.96875,1,5.492578506469727,True
C201-UUFUDg,nationalist congress party,True,True,0.5882353186607361,0.5882353186607361,0.5625,0,4.961465358734131,True
C2FMG7QWfCo,avalanche,True,True,0.7142857313156128,0.7267080545425415,0.71875,5,4.837777137756348,True
C34PxLKD8OM_1,toes,True,True,0.38333332538604736,0.40833333134651184,0.375,0,14.029288291931152,True
C39QX6etLxw_1,business,True,True,0.47999998927116394,0.47999998927116394,0.46875,1,5.704464435577393,True
C4B6Nezrmxw_2,original,True,True,0.5742574334144592,0.6138613820075989,0.625,1,3.684347629547119,True
C5DI23vAhYo_1,lion,True,True,0.41111111640930176,0.4888888895511627,0.5,0,3.160127639770508,True
C5lKWeivlFY,youth association of the deaf india,True,True,0.6428571343421936,0.6428571343421936,0.625,3,4.292769432067871,True
C6Lf2U0ZDmQ_1,angry,True,True,0.4333333373069763,0.4333333373069763,0.4375,0,4.840392589569092,True
C6NYbD05HIo,bank branch name,True,True,0.5107913613319397,0.5107913613319397,0.5,0,9.497491836547852,True
C7tQarNFXJo_1,voluntarily,True,True,0.4761904776096344,0.48571428656578064,0.46875,0,1.9451907873153687,True
C7zW-Cuv3tU_1,parrot,True,True,0.5888888835906982,0.6000000238418579,0.59375,1,4.485232353210449,True
C8NKSCbnodM_1,sea,True,True,0.4300000071525574,0.5,0.5,0,4.123414039611816,True
C9ZLmgNDV_Y,salman khan,True,True,0.41025641560554504,0.41025641560554504,0.375,0,2.3407211303710938,True
CAKl640s6UE,reason,True,True,0.4647887349128723,0.47887325286865234,0.46875,0,3.8383913040161133,True
CBXCId8jHAA,teaser bull,True,True,0.7611940503120422,0.7611940503120422,0.71875,7,3.689761161804199,True
CBdApLFUzYs_1,far,True,True,0.47999998927116394,0.47999998927116394,0.46875,0,4.316967487335205,True
CBgYsD9T-uI_1,watch,True,True,0.6952381134033203,0.7523809671401978,0.71875,2,5.148618698120117,True
CCLHQe8fETs_2,projectile motion,True,True,0.8016529083251953,0.8760330677032471,0.875,2,4.859167575836182,True
CD7q4E7thng,true,True,True,0.5945945978164673,0.5945945978164673,0.5625,0,3.3284921646118164,True
CDd6olbtjWE,local,True,True,0.3465346395969391,0.41584157943725586,0.375,0,3.821077823638916,True
CEHCaHC8hK0,sit,True,True,0.5066666603088379,0.5066666603088379,0.5,0,3.607308864593506,True
CELYbb3X9fk,mechanic,True,True,0.6388888955116272,0.6527777910232544,0.625,6,4.037934303283691,True
CEiO3djH-zg_2,superposltion,True,True,0.6764705777168274,0.7058823704719543,0.6875,1,9.118258476257324,True
CEsvPmZQ7c4_1,slim,True,True,0.5733333230018616,0.6000000238418579,0.59375,0,7.614972114562988,True
CGNDUJWk96I_2,positive error,True,True,0.8916666507720947,0.9166666865348816,0.90625,3,9.048994064331055,True
CGWUtV3bpgc_1,kanpur,True,True,0.3866666555404663,0.3866666555404663,0.375,0,2.017024040222168,True
CH_cyrmtUd0_1,mixer,True,True,0.8133333325386047,0.8133333325386047,0.78125,3,6.572615146636963,True
CHt94rpZVOI,vodafone,True,True,0.39814814925193787,0.39814814925193787,0.375,1,2.6660959720611572,True
CKCqZpXdLU4_1,bridge,True,True,0.746666669845581,0.7599999904632568,0.78125,1,9.808544158935547,True
CKRWnL9qBDo_1,hide,True,True,0.380952388048172,0.380952388048172,0.375,0,2.745905876159668,True
CKkHv_YeHWU,corn,True,True,0.4830508530139923,0.49152541160583496,0.5,1,2.525289535522461,True
CLjivq1wW6E,bile duct cancer,True,True,0.8399999737739563,0.8399999737739563,0.8125,3,9.143829345703125,True
CLxxQFQiTic,zip,True,True,0.5256410241127014,0.5256410241127014,0.53125,0,2.2189347743988037,True
CNIlm20ulSs_1,expensive,True,True,0.4545454680919647,0.4545454680919647,0.4375,0,3.8455188274383545,True
CNL5igD7Z9U_1,twins,True,True,0.8083333373069763,0.8083333373069763,0.8125,2,8.68867015838623,True
CNfxuVjZuh4_1,inch,True,True,0.4533333480358124,0.4533333480358124,0.4375,0,5.471968650817871,True
CNnZQINfB8E,college,True,True,0.30000001192092896,0.30000001192092896,0.28125,0,6.339517593383789,True
CO-YipjVoj4_1,certificate,True,True,0.36000001430511475,0.36000001430511475,0.34375,1,4.91549825668335,True
COAl-bQOrFU_2,refractive index,True,True,0.7398374080657959,0.7398374080657959,0.71875,1,7.716800689697266,True
CPPp4bkc2M0,classification of hedges,True,True,0.8754863739013672,0.8754863739013672,0.84375,6,7.310131549835205,True
CPitVthnjH4,love marriage,True,True,0.8584070801734924,0.8643068075180054,0.84375,7,4.6931328773498535,True
CPzNAqruek8,post office,True,True,0.39393940567970276,0.39393940567970276,0.375,6,7.009793758392334,True
CR2NKbXEI-A,rail road switch,True,True,0.7594936490058899,0.7594936490058899,0.75,7,6.306887626647949,True
CRdSfDtdSj8_2,pole,True,True,0.834482729434967,0.8620689511299133,0.84375,4,3.9630229473114014,True
CSY_YI5A3uw_1,september,True,True,0.5600000023841858,0.5866666436195374,0.59375,3,15.231274604797363,True
CTZLTOTcRtg_2,velocity,True,True,0.38461539149284363,0.42307692766189575,0.4375,0,5.291953086853027,True
CU60FAVcxnc_1,solicitor,True,True,0.4740740656852722,0.5555555820465088,0.53125,0,3.551492691040039,True
CUNH7UOyYGI_1,spider,True,True,0.5199999809265137,0.5600000023841858,0.53125,2,6.157267093658447,True
CXEDTo1PXCg,no,True,True,0.4743589758872986,0.4743589758872986,0.46875,1,3.153811454772949,True
CXLZ3svHfGc,lace edge binding,True,True,0.6018518805503845,0.6064814925193787,0.59375,1,4.960001468658447,True
CXOPG4pJxDI_1,hear,True,True,0.550000011920929,0.574999988079071,0.5625,0,1.7835452556610107,True
CX_0sOJ8AiI_1,bus,True,True,0.761904776096344,0.841269850730896,0.84375,4,4.932974338531494,True
CXzmFPBwjzs_2,north pole,True,True,0.8275862336158752,0.8620689511299133,0.8125,0,3.391601085662842,True
CYE_fagx7yo_2,liquid fuels,True,True,0.9779411554336548,0.9852941036224365,0.96875,5,18.803468704223633,True
C_7MNhDkut4,tripura,True,True,0.48076921701431274,0.48076921701431274,0.46875,0,4.5102314949035645,True
C_H7DeMnOQ8,abuttal,True,True,0.7878788113594055,0.7929292917251587,0.78125,5,5.7515950202941895,True
C_HK0uWAt8I,november,True,True,0.5855855941772461,0.5855855941772461,0.5625,1,5.983111381530762,True
C_VE9wu76So,potty,True,True,0.3855421543121338,0.4337349534034729,0.4375,1,4.878164768218994,True
C_VIItfSFdU,ewe,True,True,0.7625570893287659,0.767123281955719,0.71875,1,5.474231719970703,True
C_pnntfY2qw,l square,True,True,0.488095223903656,0.488095223903656,0.5,1,2.642876386642456,True
CbscRBBGtT8,tractor,True,True,0.5869565010070801,0.5869565010070801,0.59375,0,3.4070985317230225,True
Cc7VwcMMTqk,gas tractor,True,True,0.659217894077301,0.659217894077301,0.65625,2,6.092590808868408,True
CcX4eD-UArI_2,circle,True,True,0.606249988079071,0.637499988079071,0.625,1,3.279658079147339,True
CcsJ-D4YAMI_1,morning,True,True,0.5333333611488342,0.5333333611488342,0.5,2,6.9519171714782715,True
Cd0f7fvtGTg,absent,True,True,0.6481481194496155,0.6481481194496155,0.625,2,6.116134166717529,True
Cdb8BFpFWqo,division,True,True,0.3285714387893677,0.3285714387893677,0.34375,0,4.3209943771362305,True
CeGVf78K8jg,anorak,True,True,0.75,0.7666666507720947,0.75,3,3.5732288360595703,True
CfFtNMRV6Y8_1,cap,True,True,0.4920634925365448,0.5079365372657776,0.5,3,5.233879089355469,True
CfNlpbflIQU,court hall,True,True,0.767123281955719,0.77625572681427,0.71875,6,5.913546085357666,True
CfRFZ0IFp3Y_2,thermometer,True,True,0.9270833134651184,0.9583333134651184,0.96875,0,4.060620307922363,True
CgJ5_Y60Uu0_2,piston,True,True,0.5849056839942932,0.6415094137191772,0.625,0,2.158998727798462,True
CggX-rNVSxc_1,omit,True,True,0.5866666436195374,0.6000000238418579,0.59375,1,3.7814760208129883,True
Cgk-fX-KFhw,livelihood,True,True,0.48514851927757263,0.48514851927757263,0.46875,1,5.061675548553467,True
Cgs1MibMXJ0,eat,True,True,0.4204545319080353,0.4204545319080353,0.40625,1,2.387638568878174,True
Ci-i1-FzGTU,superfast express,True,True,0.5138888955116272,0.5277777910232544,0.5,7,5.648329257965088,True
CjL55F1EpNk,contractual,True,True,0.26923078298568726,0.30000001192092896,0.28125,0,3.408306360244751,True
CjZKfMv3QsA_2,increase,True,True,0.5882353186607361,0.6078431606292725,0.625,2,5.799276351928711,True
ClLC-JSUEq4,coloured follage shrubs,True,True,0.8854625821113586,0.8898678421974182,0.875,10,4.324645519256592,True
ClwPsyQ5iKQ_1,late,True,True,0.7111111283302307,0.7333333492279053,0.75,1,2.976482629776001,True
ClxK5dEsoZk_1,abeyance,True,True,0.8666666746139526,0.8952381014823914,0.875,0,3.376993417739868,True
CmAtK2kV6GY,pray,True,True,0.6363636255264282,0.6363636255264282,0.625,2,5.422548770904541,True
Cn1Q6q6XtMI,skiing,True,True,0.7076923251152039,0.7692307829856873,0.75,1,4.87605619430542,True
CoA255C3aAU_2,inverse,True,True,0.35922330617904663,0.3980582654476166,0.40625,0,10.887772560119629,True
CoKtBDPhPbg,self-reflect,True,True,0.35593220591545105,0.35593220591545105,0.34375,2,5.64877462387085,True
CoMoRzQiKm8_1,coin,True,True,0.6583333611488342,0.7250000238418579,0.71875,0,5.165948867797852,True
Codai31kUpE_1,give,True,True,0.2539682686328888,0.2857142984867096,0.28125,0,5.345468044281006,True
CowXY9IdbxA_2,uniform,True,True,1.0,1.0,1.0,1,6.747430801391602,True
CoxdEUEw9Lw,wolf,True,True,0.579365074634552,0.579365074634552,0.5625,1,4.1527204513549805,True
CpYIKn7qaIY,left,True,True,0.34408602118492126,0.35483869910240173,0.375,0,2.3357675075531006,True
CpbiUt_BR3U,process,True,True,0.529411792755127,0.529411792755127,0.53125,0,4.239527225494385,True
CqOegR2Dg14,dwarf ornamental hedges,True,True,0.9193083643913269,0.9250720739364624,0.875,6,6.925076961517334,True
CqbFltbrM-s_1,lock,True,True,0.6761904954910278,0.6857143044471741,0.65625,0,4.9119873046875,True
CqilPDcjxRc,fly,True,True,0.41025641560554504,0.42307692766189575,0.40625,0,2.5990874767303467,True
Cqtgx6BSkRk,umpire,True,True,0.3963963985443115,0.3963963985443115,0.375,1,2.9917025566101074,True
CrKUKDtOtSw,foundation,True,True,0.8931623697280884,0.9188033938407898,0.875,18,6.259458541870117,True
CsVqdOkFe4Y_1,pick,True,True,0.6666666865348816,0.6800000071525574,0.65625,1,8.300630569458008,True
Csudbq04CV0,cook,True,True,0.32258063554763794,0.33870968222618103,0.34375,1,5.494355201721191,True
CtWGmhj6scQ_1,vehicles,True,True,0.5066666603088379,0.5066666603088379,0.5,3,3.1810708045959473,True
Ctij9uzbRTU,younger,True,True,0.4099999964237213,0.4099999964237213,0.375,0,2.482236385345459,True
Ctsn9y9OSCk,stationery,True,True,0.6377952694892883,0.6377952694892883,0.625,4,12.92186450958252,True
CuOhMZjaUS8_2,magnet,True,True,0.48571428656578064,0.4952380955219269,0.46875,0,4.58978271484375,True
CujxTrMxQEw_1,declaration,True,True,0.5743589997291565,0.5794872045516968,0.5625,1,3.818310260772705,True
CvB9G9rAoNY,stuck,True,True,0.38461539149284363,0.38461539149284363,0.375,1,2.6134085655212402,True
CveKv8LNSOI_1,insult,True,True,0.5666666626930237,0.6000000238418579,0.59375,0,5.234013557434082,True
CvkYlSWEfL4_2,simple  microscope,True,True,0.6666666865348816,0.7111111283302307,0.71875,2,6.296971321105957,True
CvppYfpiXyM,wood plane,True,True,0.8318583965301514,0.8362832069396973,0.8125,2,3.401439666748047,True
Cw13fIyVSNA,take,True,True,0.43209877610206604,0.43209877610206604,0.4375,0,3.531846046447754,True
CwdQO_zlNyE,side mirror,True,True,0.7686567306518555,0.7835820913314819,0.78125,0,4.317221641540527,True
CyV5-k-6JFk,mizoram,True,True,0.40909090638160706,0.40909090638160706,0.40625,1,3.179751396179199,True
CyY-qOh0k4U_1,account closing,True,True,0.800000011920929,0.8142856955528259,0.78125,2,6.88262414932251,True
Cyn1WPoqLHM_1,town,True,True,0.4285714328289032,0.4444444477558136,0.4375,0,4.409457683563232,True
Cz3KCbolavI,camel,True,True,0.5882353186607361,0.5882353186607361,0.5625,0,2.461632490158081,True
D-6BxGJ0ru8_1,wish,True,True,0.6266666650772095,0.6399999856948853,0.625,0,2.9749345779418945,True
D-6KziM3_ac,monkey,True,True,0.3179190754890442,0.3179190754890442,0.3125,0,5.415709972381592,True
D-DoLPV-QRg_1,unlawful,True,True,0.5333333611488342,0.5888888835906982,0.59375,1,4.526347637176514,True
D12hlBiVjck,opposite,True,True,0.3604651093482971,0.3604651093482971,0.34375,0,4.94743013381958,True
D19X5MhzZcE,english,True,True,0.5483871102333069,0.5645161271095276,0.5625,0,5.260537624359131,True
D1NuUfSrJq8_1,yellow,True,True,0.6416666507720947,0.6666666865348816,0.65625,3,3.6438350677490234,True
D2Ayu0l7M78,tonic,True,True,0.4470588266849518,0.4470588266849518,0.4375,3,8.081050872802734,True
D2r4zIgoqkg,andhra pradesh,True,True,0.40816327929496765,0.40816327929496765,0.40625,0,3.4340081214904785,True
D2w1j6MXK-s_2,hydrautic lift,True,True,0.5815602540969849,0.609929084777832,0.59375,2,7.320773601531982,True
D3-jY-B3kFo,unix,True,True,0.5161290168762207,0.522580623626709,0.53125,3,3.2772982120513916,True
D38jZfxOtFs_1,europe,True,True,0.5795454382896423,0.5795454382896423,0.5625,0,6.417113304138184,True
D3MeXacclFw,breathalyzer test,True,True,0.8518518805503845,0.8518518805503845,0.84375,6,4.712697982788086,True
D3USBJo5zLA_1,introduce,True,True,0.4266666769981384,0.4266666769981384,0.40625,0,5.427827835083008,True
D4mWoGRHBYc_1,disapproval,True,True,0.5833333134651184,0.5916666388511658,0.59375,2,4.987135887145996,True
D5jXj8nf-Sg_1,spoil,True,True,0.41333332657814026,0.41333332657814026,0.40625,1,6.750426769256592,True
D5ynpqL8HC4_1,multiply,True,True,0.41333332657814026,0.4399999976158142,0.40625,0,2.2523250579833984,True
D6MP5temHtg_1,chocolate,True,True,0.6190476417541504,0.682539701461792,0.6875,2,5.289100170135498,True
D6jjiguTEmI_1,account profit and loss,True,True,0.6476190686225891,0.6809523701667786,0.65625,1,4.012946128845215,True
D7hi8QdSnq8,middle,True,True,0.5684210658073425,0.5684210658073425,0.53125,0,5.045530319213867,True
D9ihUabRKIQ_2,green,True,True,0.4141414165496826,0.4545454680919647,0.46875,0,7.770489692687988,True
D9jI_HByl1Q,united arab emirates,True,True,0.5268816947937012,0.5268816947937012,0.53125,0,3.690713405609131,True
DA0Ma_9R3HU,pick,True,True,0.5820895433425903,0.611940324306488,0.59375,0,2.59879732131958,True
DAgfV9RRVsw_1,umbrella,True,True,0.550000011920929,0.5666666626930237,0.5625,1,13.938409805297852,True
DAhaM4E1wSM,candle,True,True,0.41129031777381897,0.41129031777381897,0.40625,2,3.295872688293457,True
DAkf0SjQpuk_1,alive,True,True,0.7333333492279053,0.7333333492279053,0.71875,4,4.208156108856201,True
DBMZ92qq6fY_1,bible,True,True,0.47999998927116394,0.4933333396911621,0.5,3,4.127941131591797,True
DBUTlAHjWlI,fine,True,True,0.7204301357269287,0.7311828136444092,0.71875,0,6.371752738952637,True
DCH3d-S6BlI,endure,True,True,0.5,0.5,0.46875,2,3.7818055152893066,True
DCRybq5sYAA_1,winding up,True,True,0.3619047701358795,0.3619047701358795,0.34375,0,4.222599983215332,True
DCjd5dJLuF4,zebra,True,True,0.46721312403678894,0.4754098355770111,0.46875,0,3.4229626655578613,True
DCwA5BuGHa8_1,they,True,True,0.5799999833106995,0.6399999856948853,0.625,0,4.834203720092773,True
DD9K1ojKj_k,taj hotel,True,True,0.6962025165557861,0.6962025165557861,0.6875,4,4.537238597869873,True
DDusbrXIyaA,tailor,True,True,0.5185185074806213,0.5185185074806213,0.5,1,4.830477714538574,True
DF_pD6nnqRk,monocotyledonae,True,True,0.8253968358039856,0.829365074634552,0.8125,3,6.172186851501465,True
DG2hfDpWdMQ_1,good,True,True,0.5222222208976746,0.5222222208976746,0.5,0,3.0379130840301514,True
DHihi8AG0ck_1,cancel,True,True,0.46666666865348816,0.5666666626930237,0.53125,0,7.677606582641602,True
DHr0LlZd0cs_2,attraction,True,True,0.5609756112098694,0.5609756112098694,0.5625,0,3.270998001098633,True
DJzxcG2JLTA,experiment,True,True,0.3185185194015503,0.3185185194015503,0.3125,2,3.897998094558716,True
DKuMCtyj8ik_2,infinity,True,True,1.0,1.0,1.0,2,9.361021041870117,True
DMDAXFRPJBs_1,rose,True,True,0.6555555462837219,0.6555555462837219,0.65625,1,4.2766594886779785,True
DM_xL10khbo_1,skin,True,True,0.675000011920929,0.675000011920929,0.6875,2,4.350900650024414,True
DMaN0jUw3pU,pickle,True,True,0.675000011920929,0.6812499761581421,0.65625,6,8.069561004638672,True
DMxZHUZ7u88_1,seat,True,True,0.2133333384990692,0.2133333384990692,0.21875,0,2.3038291931152344,True
DNF5QY7x2Lc_1,hardworking,True,True,0.7523809671401978,0.7523809671401978,0.71875,1,4.075493812561035,True
DNP9-5px_mA,hook worm disease,True,True,0.875,0.875,0.875,1,4.287892818450928,True
DNVOzTx47ew,gas lighter,True,True,0.3391304314136505,0.3391304314136505,0.3125,5,6.624110698699951,True
DNk0c1RwBJ0_1,solve,True,True,0.6133333444595337,0.6800000071525574,0.65625,0,3.460224151611328,True
DOHpEalcflo,podium,True,True,0.7348066568374634,0.7458563446998596,0.71875,3,3.6601743698120117,True
DPFh6Vtj8nY,indian sign language interpreters association,True,True,0.47826087474823,0.47826087474823,0.46875,3,5.365295886993408,True
DPQ-TcGykDw_1,baby,True,True,0.6166666746139526,0.6499999761581421,0.65625,2,4.528968811035156,True
DPb0Ariw5Ic,event,True,True,0.46078431606292725,0.46078431606292725,0.46875,3,5.958054065704346,True
DQZ8UEoRnUs_1,fool,True,True,0.682539701461792,0.7142857313156128,0.6875,2,6.582835674285889,True
DQg2gfZHQ_0,subdivision,True,True,0.5213675498962402,0.5726495981216431,0.5625,0,4.9332275390625,True
DQstNLzwuNg,concealment of identity,True,True,0.7800586223602295,0.7800586223602295,0.75,13,4.93254280090332,True
DRvjyDqrHq4_1,floor,True,True,0.2750000059604645,0.28333333134651184,0.25,2,5.017196178436279,True
DSL5R_AGIiU,computing,True,True,0.8108108043670654,0.8108108043670654,0.78125,13,5.806714057922363,True
DSpymhe73eM_1,seed,True,True,0.47777777910232544,0.5222222208976746,0.53125,2,3.120393753051758,True
DSr0qd_JY8w,india gate,True,True,0.6124030947685242,0.6124030947685242,0.625,2,4.870003700256348,True
DTOsm_OuWLM,kindhearted,True,True,0.35820895433425903,0.35820895433425903,0.34375,1,3.383193016052246,True
DTWS5Oy3kcY,maharashtra,True,True,0.4285714328289032,0.4285714328289032,0.40625,0,4.725757598876953,True
DU-O8ssmBHg_2,diagonal,True,True,0.4793388545513153,0.4958677589893341,0.46875,1,7.403514862060547,True
DU-odPNLPio_1,attachment of property,True,True,0.7055555582046509,0.7444444298744202,0.71875,5,7.287572383880615,True
DV2QK-flhpc,absolve,True,True,0.7804054021835327,0.7804054021835327,0.75,14,6.633884429931641,True
DVe5knz8gh8,triple,True,True,0.3333333432674408,0.36666667461395264,0.34375,2,5.406385898590088,True
DXj1A4BNsQg,traffic,True,True,0.6554622054100037,0.6722689270973206,0.65625,6,4.29404354095459,True
DY9ZAVPwT8o,stumps,True,True,0.7096773982048035,0.7096773982048035,0.71875,5,9.4384765625,True
DZ55uUFJfTA_2,lunar eclipse,True,True,0.798561155796051,0.8129496574401855,0.8125,3,4.725091457366943,True
DZ6eHdrXGC8,green hand,True,True,0.7563451528549194,0.7766497731208801,0.75,3,11.014114379882812,True
DbQXU9hA1AA_1,mix,True,True,0.4933333396911621,0.5066666603088379,0.5,1,4.463164806365967,True
DbWWsUmMXUA_1,banana,True,True,0.6136363744735718,0.6363636255264282,0.625,3,7.6189141273498535,True
DbfHSSkk3Ss,nail cutter,True,True,0.6293103694915771,0.6293103694915771,0.59375,0,2.6311638355255127,True
Dbt8wFNY5RI_1,straight,True,True,0.5714285969734192,0.5714285969734192,0.5625,0,3.528501510620117,True
Dbz-hAaPPvg,chain surveying,True,True,0.7699530720710754,0.7699530720710754,0.75,7,7.696313858032227,True
DcEY17TDRIw_1,aluminium,True,True,0.3523809611797333,0.37142857909202576,0.375,0,5.565567493438721,True
DcJKQkC-JjY_1,transport,True,True,0.4333333373069763,0.4333333373069763,0.4375,1,3.8035316467285156,True
DcRRjyNfFJs_1,destroy,True,True,0.5555555820465088,0.60317462682724,0.59375,0,4.226126194000244,True
DdEgmEhWnRA,parkinsonia aculeata,True,True,0.91576087474823,0.91576087474823,0.90625,9,7.254420280456543,True
DfohDPZVlrA_1,mother,True,True,0.6833333373069763,0.6916666626930237,0.6875,0,3.2736408710479736,True
Dg1FJhcTg2E_2,east,True,True,0.6823529601097107,0.7176470756530762,0.75,0,2.3772237300872803,True
Dg95uOLJogg_1,copper,True,True,0.574999988079071,0.6083333492279053,0.59375,1,11.869755744934082,True
DgF0m14DBG0,to retailers,True,True,0.882758617401123,0.8896551728248596,0.84375,13,6.077824592590332,True
Dgq7SU6Khls_1,tomorrow,True,True,0.47777777910232544,0.5,0.46875,0,3.275242328643799,True
Dh69YPn9pzU,tractor,True,True,0.6133333444595337,0.6133333444595337,0.59375,4,3.3855865001678467,True
Dhg5hNpQxQU,tube well,True,True,0.75,0.7540983557701111,0.71875,5,5.209233283996582,True
DhydZXrTFJ4_2,pentode,True,True,0.9444444179534912,0.976190447807312,0.96875,2,10.135196685791016,True
DjEe79bR1M4,sunset,True,True,0.39423078298568726,0.39423078298568726,0.40625,1,5.083421230316162,True
DkjjHEZzsHE_1,husband,True,True,0.6740740537643433,0.6814814805984497,0.65625,1,4.359519004821777,True
DlLsAg0WL68_1,careful,True,True,0.3636363744735718,0.4318181872367859,0.40625,0,3.935256004333496,True
DlTdx-rVtfo,unfair dismissal,True,True,0.359375,0.359375,0.375,0,3.2781224250793457,True
DlyWuMwYeVc_2,orange,True,True,0.5379310250282288,0.5517241358757019,0.53125,0,2.393747329711914,True
Dom49pxvY-M_2,translation of motion,True,True,0.2983871102333069,0.3467741906642914,0.34375,0,3.883779525756836,True
DpoUiyIlk2k,forget,True,True,0.617977499961853,0.617977499961853,0.59375,0,4.247707366943359,True
DqnTDIwMoFc,system of feeding poultry,True,True,0.846905529499054,0.846905529499054,0.84375,9,15.458856582641602,True
Dr99eNeltzU,3g,True,True,0.5555555820465088,0.5555555820465088,0.53125,0,4.657151699066162,True
Ds0rhfDqBrM_1,profit,True,True,0.6190476417541504,0.6190476417541504,0.625,3,3.2775485515594482,True
DsIehsrzx7o,pizza,True,True,0.41111111640930176,0.42222222685813904,0.40625,0,4.03069543838501,True
DtVx1FUTYaA_2,sink,True,True,0.4375,0.5,0.5,0,6.675036430358887,True
DtZFOZG8tTQ,stair tread,True,True,0.7683615684509277,0.7740113139152527,0.75,9,8.216499328613281,True
DtdeOvkYLo4_1,egg,True,True,0.5111111402511597,0.5333333611488342,0.53125,1,4.095804691314697,True
Dteba6UR1uY,plastering,True,True,0.9591078162193298,0.9665427803993225,0.9375,8,4.659836769104004,True
Dvpc0R8CfI0,quantity,True,True,0.4375,0.46875,0.46875,0,5.377521514892578,True
DwUajipOhHY,motor,True,True,0.49242424964904785,0.49242424964904785,0.5,1,3.5214972496032715,True
DwrOgyG1P7E_2,carburetor,True,True,0.9591836929321289,1.0,1.0,0,5.1828508377075195,True
DxotcbkEnMY,general secretary,True,True,0.41999998688697815,0.4399999976158142,0.4375,3,5.049914836883545,True
Dy9J-D3RVDw_1,coimbatore,True,True,0.380952388048172,0.380952388048172,0.375,1,8.376554489135742,True
DyoiyeHahko_1,small farmer,True,True,0.614814817905426,0.6370370388031006,0.625,1,6.805315017700195,True
Dywl939W0wU,introduce,True,True,0.5744680762290955,0.6382978558540344,0.625,0,3.9690136909484863,True
Dz2avlvSTYQ_1,read,True,True,0.4933333396911621,0.5066666603088379,0.5,2,3.4696404933929443,True
Dz9dFM4Pg3g,allow,True,True,0.4583333432674408,0.4583333432674408,0.46875,2,4.810288429260254,True
DzL4k1Vy3gc,sandwich,True,True,0.6436781883239746,0.6436781883239746,0.625,1,7.657009601593018,True
DzyfpdJYBwg,profile levelling,True,True,0.853210985660553,0.856269121170044,0.84375,5,6.843281269073486,True
E1bMcpst-p8_1,flood,True,True,0.6100000143051147,0.6200000047683716,0.625,1,8.01227855682373,True
E1g2vckJJek_1,wheat,True,True,0.6666666865348816,0.682539701461792,0.6875,1,5.808820724487305,True
E2-FY4q-Kbg,debate,True,True,0.39830508828163147,0.4237288236618042,0.40625,0,3.2087438106536865,True
E2FirzckC_U_1,weak,True,True,0.5600000023841858,0.5600000023841858,0.5625,0,3.880378246307373,True
E2GOvDBZhdI_1,resume,True,True,0.46666666865348816,0.4749999940395355,0.4375,2,8.22892951965332,True
E2SKFVvnt0s,veteran,True,True,0.8263665437698364,0.8360128402709961,0.8125,17,8.776853561401367,True
E3CEiwzCU94_1,conciliation,True,True,0.5939394235610962,0.6363636255264282,0.625,0,5.384345054626465,True
E3IAqXfMjWA,lassi,True,True,0.7279999852180481,0.7599999904632568,0.75,2,9.273432731628418,True
E4A1ApJjUkE_1,main,True,True,0.5037037134170532,0.5333333611488342,0.53125,0,2.352365255355835,True
E4Kp5d5orgA_1,land improvement reform,True,True,0.7333333492279053,0.8148148059844971,0.84375,0,5.07355260848999,True
E4_sAfIiflQ,demand draft,True,True,0.3700787425041199,0.3700787425041199,0.375,0,4.235010147094727,True
E4hL5jUFwCk,gloves,True,True,0.5,0.5,0.5,1,3.6421027183532715,True
E4rnCudFi8c,disappear,True,True,0.2777777910232544,0.2777777910232544,0.28125,5,4.173783302307129,True
E5mWb7nGYmQ,vishnu,True,True,0.5742574334144592,0.5742574334144592,0.5625,4,7.889108180999756,True
E5teJWyr2rA,coach,True,True,0.5454545617103577,0.560606062412262,0.5625,2,8.535304069519043,True
E6-Q2xXxUmc,varieties of mushroom,True,True,0.8644067645072937,0.8686440587043762,0.84375,9,7.673137187957764,True
E6XeodyBzYs_1,deed of sale,True,True,0.7151514887809753,0.7151514887809753,0.71875,5,3.1859498023986816,True
E6yxMBZEYhs,notify,True,True,0.5373134613037109,0.5970149040222168,0.59375,1,6.520073413848877,True
E7ASHBd0kDs,canada,True,True,0.5657894611358643,0.5657894611358643,0.5625,0,3.195314407348633,True
E7okhzFRINQ_1,plate,True,True,0.6190476417541504,0.6190476417541504,0.625,1,3.2388408184051514,True
E7upPuPpLIY_1,poor,True,True,0.4533333480358124,0.47999998927116394,0.46875,0,4.105650901794434,True
E8uf2VM3KCo,get,True,True,0.3499999940395355,0.3499999940395355,0.34375,0,2.2380294799804688,True
E91cfQBn8_4_1,help,True,True,0.5888888835906982,0.6000000238418579,0.59375,4,22.521408081054688,True
E93MkvU8Hs8,balcony garden,True,True,0.8678160905838013,0.8793103694915771,0.84375,8,7.958431720733643,True
E99L8qeeuVk_1,bench,True,True,0.380952388048172,0.460317462682724,0.4375,1,11.282870292663574,True
EBdRrVvw25g_2,liquid,True,True,0.5169491767883301,0.6016949415206909,0.59375,2,12.071630477905273,True
ED7sE5v2jKE,solve,True,True,0.5833333134651184,0.6071428656578064,0.59375,0,3.871096134185791,True
EDDN3o-FX9Q,manipur,True,True,0.5476190447807312,0.6190476417541504,0.59375,1,7.841474533081055,True
EDEbbnnbHeo_1,july,True,True,0.4444444477558136,0.5444444417953491,0.53125,3,6.878359794616699,True
EDW7RoRvZOg_2,minute,True,True,0.8235294222831726,0.9058823585510254,0.875,3,5.068855285644531,True
EDX7B93iM9k_1,hip,True,True,0.5555555820465088,0.5555555820465088,0.5625,1,5.670495510101318,True
ED_25-_F0MI,bookshelf,True,True,0.6592592597007751,0.6592592597007751,0.625,7,4.471763610839844,True
EDxRoZlrq5A_1,measles,True,True,0.6666666865348816,0.6777777671813965,0.6875,1,4.1688642501831055,True
EE1cuwsn1IY,hate,True,True,0.3679245412349701,0.37735849618911743,0.34375,1,6.799203395843506,True
EE_BDdMNWTI_1,sector,True,True,0.6222222447395325,0.7259259223937988,0.6875,1,6.252425670623779,True
EEn5WhsNLfA,minister,True,True,0.581632673740387,0.5918367505073547,0.59375,0,2.87839412689209,True
EF3PXbHGGUM_1,yearly,True,True,0.574999988079071,0.574999988079071,0.5625,1,5.480393886566162,True
EFBQAgXgXEk_1,sheet charge,True,True,0.3933333456516266,0.3933333456516266,0.40625,1,4.282525062561035,True
EFPl9sfDRkM,prefer,True,True,0.44262295961380005,0.44262295961380005,0.4375,0,3.4567437171936035,True
EFd9_rQVW6k,pizza,True,True,0.3777777850627899,0.4000000059604645,0.40625,0,3.9637081623077393,True
EFuaKRVN4Yw,week,True,True,0.3466666638851166,0.3466666638851166,0.34375,0,3.167452335357666,True
EGt1EA-YBNw,conclude,True,True,0.4436090290546417,0.4436090290546417,0.4375,2,3.6828668117523193,True
EHWONrQWsVE,baldness,True,True,0.5520833134651184,0.5572916865348816,0.53125,1,3.1142725944519043,True
EI3Z7yP6_JQ,my,True,True,0.4754098355770111,0.4754098355770111,0.46875,0,1.6725966930389404,True
EI4ConsbYws_2,geography,True,True,0.834782600402832,0.834782600402832,0.8125,4,4.038447380065918,True
EIS2HUEopZM_1,sweets,True,True,0.4761904776096344,0.523809552192688,0.53125,5,7.193427085876465,True
EI_dA2lZLds_1,reasonable notice,True,True,0.4571428596973419,0.4571428596973419,0.46875,0,4.333105564117432,True
EJ0UG10b714,wise,True,True,0.43877550959587097,0.43877550959587097,0.4375,0,2.6492629051208496,True
EJF-HPyHiYE,post,True,True,0.6111111044883728,0.6111111044883728,0.59375,0,4.60066556930542,True
EJo7NBj1Qx4,serial killer,True,True,0.630081295967102,0.6382113695144653,0.625,5,3.506911277770996,True
EK6tORg211g_1,devil,True,True,0.4126984179019928,0.4126984179019928,0.40625,1,5.792670249938965,True
EKWgFRGdMwU,antartica,True,True,0.7196261882781982,0.7570093274116516,0.71875,5,11.800383567810059,True
EKZWNoQFQuw,palm tree,True,True,0.484375,0.5078125,0.5,3,2.6880290508270264,True
EKp6wIukZRc,kilogram,True,True,0.4462365508079529,0.4462365508079529,0.4375,4,4.105584621429443,True
EKr1gGcQlXk_1,kerala,True,True,0.5066666603088379,0.5066666603088379,0.46875,2,4.790693759918213,True
EL4UAMc2Kmc_2,circuit,True,True,0.9122806787490845,0.9824561476707458,0.96875,6,8.548745155334473,True
ELCvZrWheyk,initiative,True,True,0.5,0.5,0.5,3,4.793734073638916,True
ELX_Ak3IKgE_1,north pole,True,True,0.5681818127632141,0.6363636255264282,0.625,4,5.856642723083496,True
ENY1YTTzKao_1,pepper,True,True,0.6349206566810608,0.6507936716079712,0.65625,1,13.378236770629883,True
EPIpofZRHBY_1,purchase,True,True,0.43809524178504944,0.48571428656578064,0.46875,0,4.641703128814697,True
EQ1yzB0YoPY,delegate west bengal,True,True,0.6857143044471741,0.6857143044471741,0.6875,2,4.026700019836426,True
EQMR3agty8g_1,bearer,True,True,0.6592592597007751,0.6888889074325562,0.6875,2,5.745755195617676,True
EQpjjm6rZTw,peon,True,True,0.8884758353233337,0.8959107995033264,0.875,6,6.54270601272583,True
EQwPLL2v2bU,neck,True,True,0.6022727489471436,0.6022727489471436,0.59375,3,8.14768123626709,True
ERX99VRsSPA_1,walk,True,True,0.7333333492279053,0.7333333492279053,0.71875,1,10.564606666564941,True
EUJyZCB8UoE,skin,True,True,0.5287356376647949,0.5287356376647949,0.5,2,7.445296287536621,True
EVLxRwi3cNY_2,technoiogy,True,True,0.47999998927116394,0.49000000953674316,0.46875,0,4.349512100219727,True
EVNgPUE-tys_1,milkman,True,True,0.4933333396911621,0.5333333611488342,0.5,1,5.354275703430176,True
EVs45zQ6mTQ,on the basis of use of pond,True,True,0.8291316628456116,0.8291316628456116,0.8125,11,7.302684783935547,True
EW6ZzbkYD9g_1,penal interest,True,True,0.4749999940395355,0.49166667461395264,0.5,1,6.313430309295654,True
EWDMPkRnEHI,radish,True,True,0.44736841320991516,0.44736841320991516,0.4375,0,3.516193389892578,True
EWPzum2d02w_1,curtain,True,True,0.6583333611488342,0.6666666865348816,0.65625,6,6.770944595336914,True
EWUNJsze6aE,housefly,True,True,0.5833333134651184,0.5833333134651184,0.5625,2,4.464870929718018,True
EXEEDnScQ8g_1,shares redeemable,True,True,0.5333333611488342,0.5407407283782959,0.5,3,4.446344375610352,True
EXJmDDFi-5g,door,True,True,0.47777777910232544,0.4888888895511627,0.46875,2,4.218602657318115,True
EXSLF0azSNs_2,number system,True,True,0.9718309640884399,0.9788732528686523,0.96875,2,8.41946792602539,True
EXdh8IAeyUk_2,rotational motion,True,True,0.5899280309677124,0.6546762585639954,0.625,1,5.124948024749756,True
EXoZ4SeF5as_1,then,True,True,0.4095238149166107,0.41904762387275696,0.40625,0,4.36522912979126,True
EYWI_5mkrbc_1,free,True,True,0.3523809611797333,0.37142857909202576,0.375,1,3.770878314971924,True
EYcuu4ETc4Y,herpes,True,True,0.9096774458885193,0.948387086391449,0.90625,2,8.700566291809082,True
EYhsfoO3_ME_1,shirt,True,True,0.5733333230018616,0.5866666436195374,0.5625,0,3.090381622314453,True
EZ9S6g3CBzM,sweep,True,True,0.9907833933830261,0.9907833933830261,0.96875,1,5.472751617431641,True
EZpZvb2wicY,okay,True,True,0.5789473652839661,0.5789473652839661,0.5625,0,5.893167495727539,True
EZtR1UdIiBE,peru,True,True,0.5064935088157654,0.5324675440788269,0.53125,0,4.807185173034668,True
E_bwQ8SGo8w,foundation organization,True,True,0.24242424964904785,0.260606050491333,0.25,0,4.038014888763428,True
Eakl221Gpsg,floppy disk,True,True,0.3986014127731323,0.3986014127731323,0.40625,0,2.4326672554016113,True
Eakrhy1WezE,share,True,True,0.6860465407371521,0.6860465407371521,0.6875,5,4.436717987060547,True
Eb1zmjEoyGQ,oriya,True,True,0.29104477167129517,0.29104477167129517,0.28125,2,3.8784377574920654,True
EbmFC4EitxU,pencil,True,True,0.7966101765632629,0.8135592937469482,0.8125,2,6.227910041809082,True
EcCzQVbFiwE,support,True,True,0.42307692766189575,0.42307692766189575,0.40625,2,3.788102149963379,True
EdGBkBi0xQ4,cold,True,True,0.3932584226131439,0.3932584226131439,0.375,1,2.1763064861297607,True
EdGYkgo-nX0_1,authorised signature,True,True,0.41333332657814026,0.4466666579246521,0.40625,1,5.423743724822998,True
EekMLY_SxPo_1,in advance,True,True,0.5111111402511597,0.5259259343147278,0.53125,0,2.91483211517334,True
EfIcGuRmc84,footage,True,True,0.8132780194282532,0.817427396774292,0.8125,9,5.042689323425293,True
Eg7eVi4c11k,grow,True,True,0.6461538672447205,0.6615384817123413,0.65625,0,4.937596321105957,True
EgYYB3nHbyU_1,sum,True,True,0.7916666865348816,0.7916666865348816,0.78125,2,3.1344523429870605,True
EgeA95Yf9IQ,soil,True,True,0.451127827167511,0.451127827167511,0.4375,2,17.589311599731445,True
EgeuAsy-wmc_1,leak,True,True,0.7045454382896423,0.7386363744735718,0.75,2,5.367581844329834,True
EgnE1hPwGRs,manjira,True,True,0.5615384578704834,0.5615384578704834,0.53125,7,4.464669227600098,True
EhE2_Jd7F-o_2,weekly return,True,True,0.9066666960716248,0.9066666960716248,0.90625,5,5.80928373336792,True
EhErcUPHNgg_1,questions,True,True,0.4444444477558136,0.4444444477558136,0.4375,1,10.178110122680664,True
Ehm9mwSc-JU_2,direction,True,True,0.5038759708404541,0.6899224519729614,0.6875,0,25.112586975097656,True
Eic6GMcQ9Tc,sing,True,True,0.46666666865348816,0.46666666865348816,0.46875,0,3.4671897888183594,True
EilGxC4fZ4g_1,plate,True,True,0.7333333492279053,0.7777777910232544,0.78125,1,9.100486755371094,True
Ejk3rD52uc0_1,tonic,True,True,0.675000011920929,0.6833333373069763,0.65625,0,4.675107955932617,True
EkK_DEi9vog,mobile,True,True,0.4545454680919647,0.4545454680919647,0.4375,0,1.8462116718292236,True
EkaFWDZrh2E,spur,True,True,0.30000001192092896,0.3083333373069763,0.28125,2,1.9880590438842773,True
EkfwGwI4c6E,fast growing temporary hedges,True,True,0.8835616707801819,0.8835616707801819,0.84375,9,8.572423934936523,True
Ekmr93MXzCE,portugal,True,True,0.6724137663841248,0.6896551847457886,0.6875,1,4.216251373291016,True
EktuCHkw7Ss,shoot,True,True,0.692307710647583,0.7307692170143127,0.71875,0,4.432775497436523,True
ElXP4DjT3H8_1,friend,True,True,0.6000000238418579,0.6296296119689941,0.59375,1,7.686863899230957,True
EmUsRBX9664_2,day,True,True,0.6404494643211365,0.6741573214530945,0.6875,0,13.003265380859375,True
En8MHpUgipg_1,recurring,True,True,0.5888888835906982,0.7222222089767456,0.71875,1,9.743124961853027,True
EnH0HaNPtsc_1,horse cart,True,True,0.7599999904632568,0.7599999904632568,0.75,2,5.076086044311523,True
EnILR2WEkzc,shoulder pads,True,True,0.5076923370361328,0.5169230699539185,0.5,1,6.319293975830078,True
EnNw43_8YjY_1,argue,True,True,0.7301587462425232,0.7301587462425232,0.75,1,4.046578884124756,True
Eni6gYBX_-g,saturday,True,True,0.6184210777282715,0.6184210777282715,0.59375,0,3.6829214096069336,True
EnyO2ToSA20_1,bat,True,True,0.4920634925365448,0.5873016119003296,0.59375,2,5.704850673675537,True
EopinjD2-4I_1,knowledge,True,True,0.4920634925365448,0.4920634925365448,0.5,0,2.6039092540740967,True
Eoz8FUQDCKY_2,repulsive force,True,True,0.579365074634552,0.5952380895614624,0.5625,1,5.657915115356445,True
Ep_W1M6FWe0_1,active,True,True,0.5600000023841858,0.5733333230018616,0.5625,6,7.346340656280518,True
EpxAKEtJbdI,itself,True,True,0.6428571343421936,0.6428571343421936,0.65625,2,3.903693675994873,True
EqGyUaKwRjg,virat kohli,True,True,0.4193548262119293,0.4193548262119293,0.40625,4,5.4960808753967285,True
EsvQpLP_28E,steel rack,True,True,0.7020407915115356,0.7061224579811096,0.6875,13,6.019366264343262,True
EuU5L4V0jsA,flower for recreation,True,True,0.8727272748947144,0.8727272748947144,0.84375,10,8.649043083190918,True
EvZvymz1nRo,karate,True,True,0.6231883764266968,0.6231883764266968,0.625,0,4.9618072509765625,True
Evw-przGUxo_2,s.i unit,True,True,0.7333333492279053,0.7916666865348816,0.75,4,14.070295333862305,True
EvwF_HCmPxY,lg mobile,True,True,0.44628098607063293,0.44628098607063293,0.4375,1,2.661984443664551,True
EwbZoVWQ6II,religion,True,True,0.8064516186714172,0.8064516186714172,0.8125,1,2.977876901626587,True
EwcX2aXTmUQ,tulip sleeve,True,True,0.502439022064209,0.502439022064209,0.5,1,3.4881432056427,True
ExEPNAW_Zk4,swimming,True,True,0.44915252923965454,0.4830508530139923,0.5,4,5.947216510772705,True
Ey1sb2Mq-00_1,belt,True,True,0.36000001430511475,0.3733333349227905,0.375,0,4.460821151733398,True
EyHkbtQEH4w_2,west,True,True,0.6000000238418579,0.6000000238418579,0.59375,0,5.512895584106445,True
EzA7vpG_mnw,kitchen,True,True,0.4930555522441864,0.4930555522441864,0.5,2,5.392549991607666,True
F-NlKJvZ17E_1,cover,True,True,0.1587301641702652,0.1746031790971756,0.15625,0,3.2932026386260986,False
F-aZRY9C6HY_2,osclllatory motion,True,True,0.6933333277702332,0.846666693687439,0.75,3,4.650064468383789,True
F-nZwpViPqM,perform,True,True,0.34558823704719543,0.34558823704719543,0.34375,1,3.79441237449646,True
F0Yx7_4Ox0c,shine,True,True,0.4699999988079071,0.4699999988079071,0.46875,0,3.4446449279785156,True
F1AvK4jxMuA,nearly,True,True,0.4912280738353729,0.4912280738353729,0.46875,1,2.046571731567383,True
F2SfSlbRkj0,sympathy,True,True,0.6323529481887817,0.6617646813392639,0.625,2,3.7325682640075684,True
F2oFyH9CkpI,psychology,True,True,0.5384615659713745,0.5384615659713745,0.53125,0,2.983825445175171,True
F2qZXlYNo38_1,white collar job,True,True,0.5703703761100769,0.5703703761100769,0.5625,1,3.6847145557403564,True
F3qQXP8EtRs,basic pay,True,True,0.9336493015289307,0.9336493015289307,0.90625,12,4.907993316650391,True
F6sn_h1Xea0,nice to meet you,True,True,0.5421686768531799,0.5421686768531799,0.53125,2,3.37496280670166,True
F7s5GtLbtGE,tinda,True,True,0.5636363625526428,0.5636363625526428,0.5625,1,5.033496856689453,True
F7wUQReGNEw,earth,True,True,0.6629213690757751,0.6629213690757751,0.65625,1,3.023193597793579,True
F8ZmweysvHM,deaf,True,True,0.47058823704719543,0.47058823704719543,0.46875,0,2.932380199432373,True
F9JOa0fXPI4,few,True,True,0.6153846383094788,0.6153846383094788,0.59375,1,4.861985683441162,True
F9qYkNV06NE,fir,True,True,0.0555555559694767,0.1388888955116272,0.125,0,1.8071918487548828,False
F9v9eNr0daA_1,vendor,True,True,0.6333333253860474,0.644444465637207,0.625,1,9.550357818603516,True
F9xcw575Q-A,zoo,True,True,0.7730496525764465,0.7730496525764465,0.75,6,6.7435736656188965,True
FAOHczmX7Kc,rolls royce,True,True,0.48148149251937866,0.48148149251937866,0.46875,0,4.514786720275879,True
FCHXqa0qVDo,mile,True,True,0.6100628972053528,0.6352201104164124,0.625,4,3.201324224472046,True
FCMh8YKvD-8_1,like,True,True,0.9599999785423279,1.0,1.0,1,4.642750263214111,True
FCNV_86edvI_1,alone,True,True,0.47999998927116394,0.47999998927116394,0.46875,2,3.418945074081421,True
FD8LpV-MqEM,deadline,True,True,0.3839285671710968,0.3839285671710968,0.375,1,5.206819534301758,True
FDV5iLDQiFs_1,bolt,True,True,0.4761904776096344,0.523809552192688,0.5,1,3.7351317405700684,True
FDpm4DIIUqI,cut,True,True,0.6857143044471741,0.6857143044471741,0.6875,0,5.736598014831543,True
FEGl-ICREeE_1,newspaper,True,True,0.5714285969734192,0.5714285969734192,0.53125,4,5.153019905090332,True
FEi50jcTxxI_1,stop,True,True,0.4285714328289032,0.460317462682724,0.46875,2,5.100949287414551,True
FFAd29BYBxs,self,True,True,0.550000011920929,0.550000011920929,0.53125,2,4.341403484344482,True
FG0lFws-PWo_1,brown,True,True,0.5583333373069763,0.5583333373069763,0.53125,0,4.577291965484619,True
FGFEkUDv0Xs,policy,True,True,0.3461538553237915,0.3461538553237915,0.34375,0,6.311454772949219,True
FHJGiOwpmJ8_1,surname,True,True,0.7777777910232544,0.7777777910232544,0.78125,2,4.123010158538818,True
FHwjyQeLNuY,stop,True,True,0.40740740299224854,0.40740740299224854,0.40625,0,2.244774103164673,True
FIUecHseRiA,light fixture,True,True,0.916167676448822,0.916167676448822,0.875,8,5.631718158721924,True
FIYZhJAQ3Qo,passbook bank,True,True,0.6078431606292725,0.6078431606292725,0.59375,0,3.2754814624786377,True
FIj5kYw23Og,sikkim,True,True,0.4736842215061188,0.4736842215061188,0.46875,0,3.426210403442383,True
FKzGaTqUqGY_1,prosecution,True,True,0.3199999928474426,0.3333333432674408,0.3125,1,3.742349147796631,True
FLG6F5h_LiY_1,tuesday,True,True,0.5166666507720947,0.5666666626930237,0.5625,1,3.7503623962402344,True
FMNrbQN6pX0_1,boxing,True,True,0.5396825671195984,0.60317462682724,0.625,0,4.986583709716797,True
FNM7gqdOCzQ_1,russia,True,True,0.3799999952316284,0.3799999952316284,0.375,1,5.5235795974731445,True
FNwSw0aI6yk,success,True,True,0.4767441749572754,0.4767441749572754,0.46875,1,2.220393657684326,True
FOXxYHFHzto_2,material,True,True,0.34285715222358704,0.41428571939468384,0.40625,0,3.5438506603240967,True
FP83TXugYq4_1,shooting,True,True,0.9431818127632141,0.9545454382896423,0.96875,3,7.5052995681762695,True
FPuKLNX3uKI,star,True,True,0.48076921701431274,0.49038460850715637,0.46875,0,3.959383964538574,True
FQYd1BVpZ54,sit,True,True,0.5066666603088379,0.5066666603088379,0.5,0,2.365840196609497,True
FR_SoS24QTs_1,clever,True,True,0.6190476417541504,0.6285714507102966,0.5625,3,3.033231019973755,True
FSKTNkpTx5Q_1,october,True,True,0.4888888895511627,0.4888888895511627,0.46875,1,4.543787002563477,True
FTNGNvDqp-g,hair,True,True,0.5,0.521276593208313,0.53125,0,2.622332811355591,True
FWGaBkksG7c,submerged weeds,True,True,0.8463768362998962,0.8492753505706787,0.84375,14,5.0068745613098145,True
FX4qWqaO0aE_2,bolling point,True,True,0.824999988079071,0.8916666507720947,0.875,0,5.123735427856445,True
FXDVdq4xfbw_1,nervous,True,True,0.5795454382896423,0.625,0.625,0,3.9276809692382812,True
FXkWue_0HsY_1,push,True,True,0.1587301641702652,0.190476194024086,0.15625,0,3.744960069656372,False
FYU1yAIBMKk,teach,True,True,0.4523809552192688,0.4523809552192688,0.4375,1,2.452465295791626,True
FYxrZhkb5Zc_2,bread board,True,True,0.8803418874740601,0.9059829115867615,0.90625,3,9.396889686584473,True
FZ5a1t1hKpw_1,ticket checker,True,True,0.6931818127632141,0.6931818127632141,0.65625,1,5.608402252197266,True
FZFeKGTeQ5k_1,owe,True,True,0.7599999904632568,0.8266666531562805,0.84375,0,4.347336292266846,True
FZrTVPMOSTk_1,august,True,True,0.7200000286102295,0.7866666913032532,0.75,4,3.9480137825012207,True
F_Bi2czPDcc,greedy,True,True,0.5348837375640869,0.5465116500854492,0.53125,1,8.375102996826172,True
F_es2B9Sgo0,things,True,True,0.3733333349227905,0.3866666555404663,0.375,1,11.058328628540039,True
F_ssKRakSBs,goal,True,True,0.4871794879436493,0.4871794879436493,0.46875,1,4.299424171447754,True
F_zWSg0n04A_2,uitraviolet ray,True,True,0.6929824352264404,0.780701756477356,0.78125,2,3.0282135009765625,True
FathKZe6_LI,key,True,True,0.42307692766189575,0.42307692766189575,0.40625,0,2.0443966388702393,True
FdxGN0ru6F8,india,True,True,0.6352941393852234,0.6352941393852234,0.625,1,6.517216205596924,True
FeI5iTWw_6w_2,refraction,True,True,0.7452830076217651,0.7452830076217651,0.75,0,11.109136581420898,True
Fep0HNXm84k_1,grandfather,True,True,0.6933333277702332,0.7200000286102295,0.6875,0,4.443765640258789,True
FfuRz0AuxMs,pay,True,True,0.5396825671195984,0.5396825671195984,0.53125,1,4.156733512878418,True
FgId5lNxRyM_1,magnet,True,True,0.3619047701358795,0.37142857909202576,0.34375,1,10.13790225982666,True
Fgkks8MEUi8_1,wool,True,True,0.6166666746139526,0.6166666746139526,0.5625,2,7.196013927459717,True
FhgAT_pNTIE,meat,True,True,0.4563106894493103,0.4563106894493103,0.4375,1,5.820586681365967,True
FhsR37rUlRo_1,easter,True,True,0.6363636255264282,0.6363636255264282,0.625,1,6.929396629333496,True
FiEj2MNIRAs_1,fill,True,True,0.6349206566810608,0.6666666865348816,0.6875,2,3.872948408126831,True
Fjx9s0fJjEA_1,want,True,True,0.5066666603088379,0.5333333611488342,0.5,0,3.7871475219726562,True
FkCaUqcqwpA,drug,True,True,0.5972222089767456,0.6111111044883728,0.625,7,16.29460334777832,True
FkJ_uBF9n88_2,water pollution,True,True,0.6666666865348816,0.6881720423698425,0.65625,0,5.716928482055664,True
FlB4FQhBm5M,silver,True,True,0.6707317233085632,0.6707317233085632,0.65625,5,5.480752944946289,True
FlZ8Xekr-JA,work,True,True,0.4838709533214569,0.4838709533214569,0.5,1,7.666815280914307,True
FlaNoLJsw-s,remove,True,True,0.5733333230018616,0.6000000238418579,0.59375,1,4.041929721832275,True
Fls8pLxuhZs,confirm,True,True,0.2719298303127289,0.2719298303127289,0.28125,3,4.896778583526611,True
FmDMlXXPl9c_1,want,True,True,0.5714285969734192,0.5873016119003296,0.59375,2,4.602858543395996,True
FmR82ugp5Ug_1,shimla,True,True,0.5079365372657776,0.5079365372657776,0.5,1,4.8458356857299805,True
FnSIbbCAQ3s,sculptor,True,True,0.6628788113594055,0.6704545617103577,0.65625,11,17.35835838317871,True
FnTehW6ik-Y_2,altitude,True,True,0.39743590354919434,0.4615384638309479,0.5,1,1.9410135746002197,True
FogwGS1HzIQ,fat test of milk,True,True,0.8581560254096985,0.8581560254096985,0.84375,17,5.810601711273193,True
Fq1Pqke8_pE,floppy drive,True,True,0.5253164768218994,0.5253164768218994,0.5,1,2.712611675262451,True
FqtbCwFHFrw_1,fraud,True,True,0.20000000298023224,0.2800000011920929,0.3125,0,3.433312177658081,True
FrcAMp9yi1k_1,urgent,True,True,0.6571428775787354,0.7047619223594666,0.6875,1,5.204843521118164,True
Fty9TY6f37g_1,sweat,True,True,0.761904776096344,0.7809523940086365,0.75,1,3.482978105545044,True
Fu11XkNRBis,simultaneous,True,True,0.6666666865348816,0.6666666865348816,0.65625,4,3.4757094383239746,True
Fu6JYe2kAkg_1,pass,True,True,0.4533333480358124,0.4533333480358124,0.40625,4,6.6615214347839355,True
FuP3ROsNQoU,grommets,True,True,0.5605536103248596,0.5605536103248596,0.5625,1,9.306262016296387,True
FuoBm8C2wRg_2,interruption,True,True,0.5617977380752563,0.584269642829895,0.5625,0,4.0295233726501465,True
Fw0sNnw7Jd8,bigamy,True,True,0.8836363554000854,0.8872727155685425,0.875,3,7.171626091003418,True
FxpR_7U84nQ,ally,True,True,0.8126801252365112,0.8126801252365112,0.8125,11,9.992757797241211,True
G-5rBFFWEIk_1,herself,True,True,0.5600000023841858,0.5600000023841858,0.5625,3,7.83785343170166,True
G-MJMctXHkY,peter pan collar,True,True,0.52073734998703,0.52073734998703,0.5,0,6.284941673278809,True
G-xw6dwoiBc,balance,True,True,0.6122449040412903,0.6122449040412903,0.625,0,6.753559589385986,True
G-zchviTHUI_1,cricket,True,True,0.4920634925365448,0.5714285969734192,0.59375,1,3.9677419662475586,True
G0Ii_arG_iA_1,rule,True,True,0.5079365372657776,0.5079365372657776,0.5,0,4.662277698516846,True
G1M2g_Bp2iM,roughages,True,True,0.8820960521697998,0.8820960521697998,0.875,3,3.6906659603118896,True
G1kA8fiQM3Q,cartoon,True,True,0.8485915660858154,0.8626760840415955,0.8125,13,4.909390449523926,True
G1v0EK67zuc_1,hot to feel,True,True,0.5199999809265137,0.5199999809265137,0.5,0,3.4015350341796875,True
G2Lhs-1HRys,uncomfortable,True,True,0.4553571343421936,0.4553571343421936,0.46875,1,4.210731506347656,True
G3noibPzJ1w_1,fish,True,True,0.46666666865348816,0.46666666865348816,0.46875,0,3.1865265369415283,True
G4VFlxK9srU,kinds of germination,True,True,0.6733333468437195,0.6733333468437195,0.6875,5,5.7243852615356445,True
G6aKn9zvQ8g,cheque drop box,True,True,0.45652174949645996,0.46195653080940247,0.4375,6,4.939438819885254,True
G7LqVtoayeo,brain,True,True,0.863095223903656,0.8809523582458496,0.84375,1,3.5109431743621826,True
G9ClKgFVe4U,mumbai,True,True,0.4021739065647125,0.41304346919059753,0.40625,0,4.1805925369262695,True
G9MUHd-IjF4_1,election,True,True,0.6704545617103577,0.7272727489471436,0.71875,0,8.24377155303955,True
GA00BzF9EpE_2,photographic plate,True,True,0.6170212626457214,0.6382978558540344,0.625,1,7.368541717529297,True
GAP_IrJE0F0_1,before,True,True,0.4126984179019928,0.4126984179019928,0.40625,0,3.561171531677246,True
GBvOlmOfz7s,photoperiodism,True,True,0.697604775428772,0.703592836856842,0.6875,12,8.966485977172852,True
GDbeg02GKjA_2,latitude,True,True,0.7200000286102295,0.7257142663002014,0.71875,4,6.884337425231934,True
GE77ptzmP6g,duffle,True,True,0.45622119307518005,0.45622119307518005,0.46875,0,4.975439071655273,True
GES06kpvMl4_1,account current,True,True,0.550000011920929,0.5916666388511658,0.59375,1,2.838026762008667,True
GFWW1CO5rf0_1,selfish,True,True,0.6000000238418579,0.6000000238418579,0.59375,6,6.632551193237305,True
GGBp_AxOgjE_2,average,True,True,0.2688172161579132,0.29032257199287415,0.28125,0,9.769247055053711,True
GGK97cywvBc,bag,True,True,0.41237112879753113,0.41237112879753113,0.40625,1,5.114860534667969,True
GGV55DgjlHM,nokia mobile,True,True,0.3333333432674408,0.3333333432674408,0.3125,0,1.5650490522384644,True
GGbmYniJ_EM,principal,True,True,0.612500011920929,0.612500011920929,0.59375,3,4.363882064819336,True
GH5LgcALHiM,tooth,True,True,0.41558441519737244,0.41558441519737244,0.40625,0,3.413989305496216,True
GHDSqpqhyUo,budget,True,True,0.5510203838348389,0.6020408272743225,0.59375,0,5.017021179199219,True
GHEnNurHKWk_1,leave medical,True,True,0.875,0.875,0.84375,0,4.164330005645752,True
GHp2q1IoF6I,seventeen,True,True,0.52173912525177,0.52173912525177,0.5,1,2.554021120071411,True
GIoPLi8lba4,name,True,True,0.3947368562221527,0.3947368562221527,0.40625,0,2.3053951263427734,True
GK1Zc8T40Yo,pan,True,True,0.6889952421188354,0.6985645890235901,0.71875,3,5.875932216644287,True
GKyaVPkBIvU,stapler,True,True,0.48351648449897766,0.48351648449897766,0.46875,1,5.726097583770752,True
GLLwgmHVTGM_1,over,True,True,0.3466666638851166,0.4000000059604645,0.40625,0,2.3790547847747803,True
GM5YzHlNbtQ_1,cloth,True,True,0.6399999856948853,0.6399999856948853,0.625,0,16.258129119873047,True
GMAuU7yQo1k_1,cucumber,True,True,0.6000000238418579,0.6000000238418579,0.59375,4,14.713170051574707,True
GN8ge3CZFWE_2,molecuiar motion,True,True,0.6514285802841187,0.7314285635948181,0.6875,0,6.3744306564331055,True
GN8sm5YR2kg,subway,True,True,0.440559446811676,0.440559446811676,0.4375,1,6.578582286834717,True
GNOV9MdthUU_1,tomato,True,True,0.46590909361839294,0.5568181872367859,0.5625,1,4.891736030578613,True
GNULrNz8c64,scraping,True,True,0.4736842215061188,0.4736842215061188,0.46875,3,5.158143997192383,True
GOwke9T4QOU,verb,True,True,0.5487805008888245,0.5487805008888245,0.53125,2,8.248430252075195,True
GOxL9etVT9c_1,under developed,True,True,0.9238095283508301,0.961904764175415,0.96875,0,6.2717814445495605,True
GPDJy25-tN8_2,audio frequency,True,True,0.684684693813324,0.684684693813324,0.65625,2,5.5318989753723145,True
GPntxbUpP8E,full frame,True,True,0.9037901163101196,0.9067055583000183,0.875,7,5.043341159820557,True
GQaw-x-oXM0,pencil,True,True,0.5465116500854492,0.5465116500854492,0.53125,1,2.017862319946289,True
GRvD6_yvvdc_2,prism,True,True,0.7900000214576721,0.7900000214576721,0.78125,2,8.320149421691895,True
GSMQDwI83aI,hair clip,True,True,0.4516128897666931,0.46236559748649597,0.4375,0,3.1885645389556885,True
GSeKuIBIGWs_1,concentrate,True,True,0.6499999761581421,0.7166666388511658,0.71875,2,5.410362720489502,True
GTNV1gmJDSk,climb,True,True,0.5964912176132202,0.5964912176132202,0.59375,3,9.912395477294922,True
GUA7UJE53Qc,concrete,True,True,0.8936170339584351,0.914893627166748,0.90625,7,6.162031650543213,True
GWE16XtuLOE_2,wind,True,True,0.5595238208770752,0.5595238208770752,0.5625,0,4.464132308959961,True
GWPzuYBtXA4_1,unauthorised,True,True,0.9333333373069763,0.9523809552192688,0.96875,3,4.041240692138672,True
GWQ3h3xY7os,pressure cooker,True,True,0.40625,0.4270833432674408,0.40625,4,4.380976676940918,True
GWXw1ra-nu0_1,leave extraordinary,True,True,0.7523809671401978,0.7904762029647827,0.75,0,2.9583654403686523,True
GWn73nB7NsA,reservation,True,True,0.46086955070495605,0.469565212726593,0.46875,0,3.9417459964752197,True
GXhOBQRBsb4,instagram,True,True,0.9016393423080444,1.0,1.0,4,6.5063157081604,True
GXpfHLOLU_4,meghalaya,True,True,0.4479166567325592,0.4479166567325592,0.4375,3,4.20326042175293,True
GYVZ3VpzJRI,banana,True,True,0.5357142686843872,0.5357142686843872,0.53125,3,4.809210777282715,True
GZSpfYjY3lM,pause,True,True,0.5566037893295288,0.5566037893295288,0.53125,1,2.7016897201538086,True
GZTuJ6NMvbw,piano,True,True,0.7062146663665771,0.7118644118309021,0.6875,5,5.535323143005371,True
GZagTSm_qhM,shade,True,True,0.7065868377685547,0.7245509028434753,0.6875,0,4.933807849884033,True
GZq28EIBmQs,good,True,True,0.34020617604255676,0.34020617604255676,0.34375,0,1.8924912214279175,True
GcR4QYxAdmY,enemy,True,True,0.42465752363204956,0.4383561611175537,0.4375,2,4.444835662841797,True
Gch0TZZQ_90_1,public,True,True,0.3799999952316284,0.3799999952316284,0.40625,0,3.921827554702759,True
Ge1eIkRgtJk,gold,True,True,0.4615384638309479,0.4711538553237915,0.46875,2,8.936788558959961,True
GeVnlqGHpEA,surat,True,True,0.5102040767669678,0.5102040767669678,0.5,2,4.846829891204834,True
GeeCVBhDSKs,own,True,True,0.517241358757019,0.517241358757019,0.5,0,1.6519113779067993,True
Gf-58Ft9qEA_1,butter,True,True,0.60317462682724,0.6666666865348816,0.65625,1,4.021821975708008,True
Gf4_V9dRgZk_1,diabeletes,True,True,0.8285714387893677,0.8380952477455139,0.8125,2,2.9847543239593506,True
Gfmu5xPqDlI_1,versus,True,True,0.3142857253551483,0.3142857253551483,0.3125,1,4.367591857910156,True
GgsIWmqqgoU,janitor,True,True,0.5757575631141663,0.5833333134651184,0.5625,3,5.129097938537598,True
Gh-mMyOy1UY,on,True,True,0.4337349534034729,0.4337349534034729,0.4375,3,6.150963306427002,True
GhK-KsZ6mlo,bull,True,True,0.5371900796890259,0.5619834661483765,0.5625,4,4.67151403427124,True
GhYMzZZMMJw_1,hand,True,True,0.7333333492279053,0.7666666507720947,0.75,0,6.141479969024658,True
GiOVSFEP2UQ,call,True,True,0.37037035822868347,0.37037035822868347,0.375,0,3.4603898525238037,True
GjOTwnRW2RM,foolish,True,True,0.5069444179534912,0.5069444179534912,0.5,4,3.7076897621154785,True
GjY2iudi9lM,association,True,True,0.4642857015132904,0.4642857015132904,0.46875,0,4.40973424911499,True
GjqR1Zt5Yjw,pune,True,True,0.581632673740387,0.581632673740387,0.59375,3,3.91764235496521,True
GkpQNio4dSE,shy,True,True,0.625,0.6666666865348816,0.65625,0,2.029668092727661,True
GktQpaPsNAk_2,main scale,True,True,0.33000001311302185,0.33000001311302185,0.28125,0,3.7871267795562744,True
Gl6b4xJGc5k_1,friday,True,True,0.4833333194255829,0.5333333611488342,0.53125,0,4.538127422332764,True
GleVWSS5dmo,pen drive,True,True,0.3799999952316284,0.46000000834465027,0.4375,1,6.6832380294799805,True
GlsK0Ejjyhg,blackboard duster,True,True,0.5745856165885925,0.5745856165885925,0.5625,4,4.2292160987854,True
Gm2HCSz7Jqg_1,father,True,True,0.6000000238418579,0.6222222447395325,0.625,2,3.783890724182129,True
GoDqsUZU5yk_1,woman,True,True,0.770370364189148,0.770370364189148,0.75,2,6.448871612548828,True
GoO-VsRxG18,losses due to exessive water,True,True,0.5957446694374084,0.5957446694374084,0.59375,3,4.712708473205566,True
GogzZTi_jfM_1,reform,True,True,0.6727272868156433,0.678787887096405,0.65625,0,4.695268630981445,True
Gpjn1Iun6CI,warm,True,True,0.7922077775001526,0.7922077775001526,0.78125,8,9.01406192779541,True
GppkFygxOyQ_1,dislike,True,True,0.7599999904632568,0.7599999904632568,0.75,2,4.162500858306885,True
GqCMtSaTMwQ_1,november,True,True,0.5600000023841858,0.5866666436195374,0.59375,2,4.530898094177246,True
GrNwG3wnIsI_1,capital,True,True,0.7840909361839294,0.7954545617103577,0.8125,1,3.313040256500244,True
GsXkUJU2csA,methods of drainage,True,True,0.6714975833892822,0.6714975833892822,0.65625,10,4.769830226898193,True
Gsl-Lhf3-PQ_1,year book,True,True,0.7333333492279053,0.7333333492279053,0.71875,4,3.719197988510132,True
Gt1EHmS3kN0,kerning,True,True,0.947169840335846,0.947169840335846,0.90625,15,4.607021331787109,True
GtNAGLonyLA_2,nucleus,True,True,0.5322580933570862,0.5483871102333069,0.5625,0,2.427245855331421,True
GtaZHYq-u_M_1,dig,True,True,0.5396825671195984,0.5396825671195984,0.53125,5,4.805238723754883,True
Gu2kSZvVPUs_1,mason,True,True,0.7333333492279053,0.7866666913032532,0.75,2,5.551312446594238,True
Gv8Q72yX4Yk,environment,True,True,0.5833333134651184,0.5833333134651184,0.5625,0,3.9233381748199463,True
GvXNaIt8FiA_1,idd,True,True,0.5454545617103577,0.5454545617103577,0.53125,0,7.500043869018555,True
GvfT7dP2zhk_2,sunlight,True,True,0.886956512928009,0.9304347634315491,0.9375,3,9.52406120300293,True
Gvg-342aMWE_1,finance,True,True,0.6095238327980042,0.6380952596664429,0.625,0,5.899405479431152,True
Gw8cGxVbFZY_1,head,True,True,0.6952381134033203,0.7333333492279053,0.71875,1,3.464945077896118,True
GxT75TdGS5E_1,strong room,True,True,0.4740740656852722,0.4888888895511627,0.46875,4,3.662130832672119,True
GxrEeXKP7mQ_2,input,True,True,0.5806451439857483,0.5913978219032288,0.5625,0,5.188863754272461,True
Gy0xJk_gGZ8_1,operation,True,True,0.5079365372657776,0.5079365372657776,0.5,0,2.2100634574890137,True
GyQ1wh7tiaU_1,bear,True,True,0.699999988079071,0.7666666507720947,0.75,2,3.129657745361328,True
GybjWmdp4jM,suzuki car,True,True,0.5123966932296753,0.5123966932296753,0.5,4,3.9606683254241943,True
GyhrF2L7s74,vocation,True,True,0.49056604504585266,0.49056604504585266,0.46875,1,8.703163146972656,True
GzUACVmJWyc,misunderstand,True,True,0.7654321193695068,0.8024691343307495,0.8125,0,3.298008680343628,True
H-CvK4W6-SM,week,True,True,0.3439490497112274,0.40764331817626953,0.40625,0,4.790791034698486,True
H-PnLVGWrto_1,shy,True,True,0.4000000059604645,0.4533333480358124,0.4375,0,4.233008861541748,True
H-QyPKHdBpo_1,examination,True,True,0.4000000059604645,0.41333332657814026,0.40625,0,4.937014579772949,True
H-ZAN_q1XtI_1,lose,True,True,0.4285714328289032,0.4285714328289032,0.4375,0,6.016109943389893,True
H0G_jCcuCWU,which,True,True,0.6447368264198303,0.6578947305679321,0.6875,0,4.733436107635498,True
H0k_c6twr-Y_1,date,True,True,0.4000000059604645,0.4000000059604645,0.40625,1,5.569799900054932,True
H1BtHoJ_5gs_1,reply,True,True,0.5600000023841858,0.5866666436195374,0.5625,1,11.001456260681152,True
H1Zt1GDnh-8,startle,True,True,0.682170569896698,0.7054263353347778,0.71875,1,3.9222185611724854,True
H2RHQ43Nly4_1,fat,True,True,0.54666668176651,0.5733333230018616,0.5625,3,4.562530517578125,True
H4L55c2xeMI_1,plough,True,True,0.653333306312561,0.6933333277702332,0.71875,0,5.329904556274414,True
H4pn0Iqrg8A,notify,True,True,0.4051724076271057,0.4051724076271057,0.40625,0,4.625319480895996,True
H4ymr2I-3P4_1,level rate,True,True,0.8727272748947144,0.8909090757369995,0.875,1,4.400428771972656,True
H5ta0C2Sz2I,baby,True,True,0.6693877577781677,0.6979591846466064,0.65625,3,4.139091491699219,True
H5vUC_UZZfQ_1,cancer,True,True,0.6916666626930237,0.6916666626930237,0.6875,0,3.9578802585601807,True
H6hAtqg32n8_2,speed,True,True,1.0,1.0,1.0,0,7.322642803192139,True
H6zu3PFDwnc_1,mumps,True,True,0.800000011920929,0.800000011920929,0.78125,0,4.932507514953613,True
H84q83Jmhhk,return,True,True,0.37931033968925476,0.37931033968925476,0.375,3,5.104062557220459,True
H90EE4ZyShY,arunachal pradesh,True,True,0.38999998569488525,0.38999998569488525,0.375,2,3.7797353267669678,True
H9nx2rpmH04,straight,True,True,0.5,0.5,0.5,1,2.7589545249938965,True
HB3JdzM5I8g_1,disolution,True,True,0.3629629611968994,0.37037035822868347,0.375,0,4.685395240783691,True
HBz_sjo1RHM,decide,True,True,0.5199999809265137,0.5450000166893005,0.53125,1,4.667346477508545,True
HCLav_Tthvk,tamil,True,True,0.28125,0.28125,0.25,0,3.980705738067627,True
HCpfu2Ud4GE,supreme court,True,True,0.8727272748947144,0.8799999952316284,0.875,11,5.939646244049072,True
HDx7Jb5t5L0,swine farming,True,True,0.7190082669258118,0.7190082669258118,0.71875,1,3.681809663772583,True
HE1mqIDP_Ik,punjab national bank,True,True,0.5321100950241089,0.5321100950241089,0.5,2,4.079092979431152,True
HE7cOw_O6cA,century,True,True,0.8265682458877563,0.8339483141899109,0.78125,3,7.611643314361572,True
HG8PkQFk6po_1,cut,True,True,0.5873016119003296,0.5873016119003296,0.5625,0,3.127955675125122,True
HIZYnYZpipc,split,True,True,0.6458333134651184,0.6666666865348816,0.65625,0,5.383265018463135,True
HJLgJ0K4-pk,reduce,True,True,0.3861386179924011,0.39603960514068604,0.375,1,2.5297865867614746,True
HJVvCxf2J4Y,west indies,True,True,0.5222222208976746,0.5222222208976746,0.53125,0,3.2073402404785156,True
HK6mbwMGSew,insult,True,True,0.3417721390724182,0.3417721390724182,0.34375,2,6.331739902496338,True
HKlXMGJXHZs,triangle,True,True,0.27586206793785095,0.28352490067481995,0.28125,1,10.812954902648926,True
HLCUp2wfqLg_1,joumal,True,True,0.9888888597488403,0.9888888597488403,0.96875,1,12.581088066101074,True
HLHBZen5qdE,font weight,True,True,0.8427672982215881,0.8427672982215881,0.84375,1,5.231762886047363,True
HLJXFFx-auI,stressed,True,True,0.7307692170143127,0.7564102411270142,0.75,1,3.797811508178711,True
HLLUUMdZkFk_1,sweep,True,True,0.4399999976158142,0.4399999976158142,0.40625,1,5.857542037963867,True
HLngaK2mDAo,bosnia-herzegovina,True,True,0.516853928565979,0.5280898809432983,0.53125,3,4.484177589416504,True
HMR5t5IGwCQ,epistaxis,True,True,0.5657894611358643,0.5833333134651184,0.5625,5,5.0777082443237305,True
HMd3blEQ8g4,namibia,True,True,0.6216216087341309,0.6216216087341309,0.625,1,3.2908990383148193,True
HNF-z7j8p0A,repeat,True,True,0.5,0.5,0.5,3,3.144479274749756,True
HN_Fa-Ow650_1,sc,True,True,0.9200000166893005,0.9733333587646484,0.96875,7,13.682884216308594,True
HPhGTpO7cvc_1,bowl,True,True,0.5600000023841858,0.5600000023841858,0.5625,0,4.891202926635742,True
HRUodmwylRw_1,sunflower,True,True,0.699999988079071,0.7111111283302307,0.6875,2,4.976073741912842,True
HSEV-Y2g3A8,come,True,True,0.3787878751754761,0.3787878751754761,0.34375,2,6.108985900878906,True
HSL4JTtYSXk_2,size,True,True,0.929411768913269,0.9411764740943909,0.9375,4,37.85246276855469,True
HSVMcyMhWvI_2,heat engine,True,True,0.6947368383407593,0.821052610874176,0.84375,0,11.867053031921387,True
HSxlr1h3TyM,pamphlet,True,True,0.4632352888584137,0.4632352888584137,0.46875,4,3.007336139678955,True
HTLUdvrsUTU,to consumers,True,True,0.7668711543083191,0.7730061411857605,0.75,2,8.777663230895996,True
HT_22dYhzpI_1,shoe,True,True,0.6022727489471436,0.6136363744735718,0.625,4,4.382119655609131,True
HToUF5z-YGw_1,urdu,True,True,0.5340909361839294,0.5454545617103577,0.53125,1,4.3502421379089355,True
HTy7MUaROK8,january,True,True,0.5555555820465088,0.6081871390342712,0.5625,4,5.5185136795043945,True
HUax1aYesBo,nothing,True,True,0.5,0.5,0.5,1,2.6252222061157227,True
HV7L78k5KeE,seventh,True,True,0.5244755148887634,0.5244755148887634,0.5,2,5.4949774742126465,True
HWCGrOC9jmo_2,revolution,True,True,0.7535211443901062,0.8028169274330139,0.78125,3,18.698657989501953,True
HWsnuUvNGuM_1,immediate,True,True,0.8380952477455139,0.9333333373069763,0.9375,0,3.2277636528015137,True
HYVbXUFLsno_1,milli litre,True,True,0.46666666865348816,0.46666666865348816,0.46875,0,3.8273580074310303,True
HZDbJEL4RA4_1,parental,True,True,0.5533333420753479,0.5600000023841858,0.5625,2,6.10516881942749,True
HZJbA05pxEg_1,ooty,True,True,0.4533333480358124,0.4533333480358124,0.4375,3,4.458214282989502,True
HZKmJZ3VpIg,style,True,True,0.5090909004211426,0.5272727012634277,0.53125,0,2.477888822555542,True
HZkFyzvt5LA,power hacksaw,True,True,0.6228070259094238,0.6228070259094238,0.625,1,5.319746017456055,True
HaYoTqtme1k_1,designing,True,True,0.4126984179019928,0.4126984179019928,0.40625,0,5.654514789581299,True
HahAjlg8Uxc_2,destroy,True,True,0.529411792755127,0.5882353186607361,0.59375,0,3.206382989883423,True
HbU2GkRlLb0,ball pein hammer,True,True,0.7611111402511597,0.7611111402511597,0.75,3,3.858290195465088,True
HbZjNSy4OHE_1,waterfall,True,True,0.7159090638160706,0.7386363744735718,0.75,1,5.199325084686279,True
Hbj74PbhIzc,hygiene,True,True,0.7743732333183289,0.796657383441925,0.78125,8,4.797784328460693,True
Hcp9WsOvexQ,jack plane,True,True,0.8222222328186035,0.855555534362793,0.84375,2,4.784255027770996,True
Hdt6acHjd3I_1,meet,True,True,0.4126984179019928,0.4126984179019928,0.40625,0,9.127645492553711,True
HdtJulX0Koo_2,direct current,True,True,0.6106194853782654,0.6194690465927124,0.59375,2,4.413117408752441,True
Hdvjnsplcx8_1,knife,True,True,0.5666666626930237,0.5666666626930237,0.5625,1,6.729286193847656,True
Hg3An9HPABQ,milter stripes,True,True,0.4377880096435547,0.4377880096435547,0.40625,0,3.895879030227661,True
Hgv4G60B5Fc_2,development,True,True,0.44329896569252014,0.44329896569252014,0.46875,2,15.599723815917969,True
Hh69480i03w,transgender,True,True,0.3076923191547394,0.3076923191547394,0.3125,0,5.974337577819824,True
Hh7uTyKr5ck_1,office hours,True,True,0.9916666746139526,1.0,1.0,0,5.5210862159729,True
Hi65fS8-pjc,html,True,True,0.6011080145835876,0.6011080145835876,0.5625,2,3.826864004135132,True
HiKegjOx1kw,friend,True,True,0.5743944644927979,0.5951557159423828,0.625,2,5.362861156463623,True
His11C0YFps,picture,True,True,0.7325581312179565,0.7441860437393188,0.75,0,4.156885623931885,True
Hj28Cttz1Rs,recurring deposit,True,True,0.4444444477558136,0.4444444477558136,0.4375,1,4.57009220123291,True
Hj4QeQhtsdQ,tubelight,True,True,0.6325581669807434,0.6325581669807434,0.59375,7,10.909695625305176,True
HjBMp6eChiY,allergy,True,True,0.6494845151901245,0.6907216310501099,0.6875,1,6.24763298034668,True
HjQ5ftX3H1c,theirs,True,True,0.5699999928474426,0.5699999928474426,0.5625,1,4.782285213470459,True
Hk0qqXk8-nU,wales,True,True,0.5074626803398132,0.5223880410194397,0.5,0,3.020960807800293,True
HkPXGBLKhKM,mouth organ,True,True,0.5762711763381958,0.5762711763381958,0.5625,0,6.340646266937256,True
Hkv0JPEwiEE,explain,True,True,0.5897436141967773,0.5897436141967773,0.59375,2,7.136866092681885,True
HlY4I1V3Wn8,railway hedges,True,True,0.9247311949729919,0.9247311949729919,0.90625,28,7.862144947052002,True
HnVaM3dWOO4_1,chandigarh,True,True,0.4126984179019928,0.4126984179019928,0.40625,0,3.854740619659424,True
HnmeVz4t4Xk,supervisor,True,True,0.4692307710647583,0.48461538553237915,0.46875,0,7.02056360244751,True
HnmjmqSfmPs,make a long story short,True,True,0.7928286790847778,0.7928286790847778,0.78125,11,5.526161193847656,True
HnydoJ4McR8,litre,True,True,0.42718446254730225,0.42718446254730225,0.4375,0,3.268662214279175,True
Ho8vUmQ7Y1s_1,receipt,True,True,0.4000000059604645,0.46666666865348816,0.4375,1,10.292179107666016,True
Homd_Xpbpac_1,initial,True,True,0.5714285969734192,0.5714285969734192,0.5625,2,3.7158761024475098,True
Hoyh1m0u62U,ball point needle,True,True,0.7846890091896057,0.7846890091896057,0.78125,12,6.452270030975342,True
HpwU9tXDfpM,inheritance,True,True,0.610223650932312,0.6166134476661682,0.625,5,4.001953601837158,True
HqCWS-Gh9zY,shank button,True,True,0.6411960124969482,0.6478405594825745,0.625,1,6.499931335449219,True
HqEam06JRKo,aeroplane,True,True,0.6585366129875183,0.6585366129875183,0.625,1,4.170869827270508,True
HqsZI1n6pGU,handkerchief,True,True,0.5176470875740051,0.5529412031173706,0.53125,1,4.303579807281494,True
HrYfUg6i8DY_2,distance,True,True,0.4395604431629181,0.450549453496933,0.4375,2,6.549871444702148,True
HsgYLaLxP5o_1,knit,True,True,0.6931818127632141,0.6931818127632141,0.6875,0,5.285557270050049,True
Ht6fXw6roFc,four cricket,True,True,0.4137931168079376,0.4137931168079376,0.40625,1,8.142193794250488,True
HtG9j-D3n8c,varanasi,True,True,0.47826087474823,0.47826087474823,0.46875,2,3.613769769668579,True
HuPD22JS5QA,diet,True,True,0.5367646813392639,0.5588235259056091,0.53125,2,5.958880424499512,True
HufgJPpb1kQ,bus,True,True,0.5299999713897705,0.5299999713897705,0.53125,1,4.853007793426514,True
Hv3CUeYzFGk,one and a half hours,True,True,0.75,0.75,0.75,2,3.9730241298675537,True
HvwdD5t8Llo_2,pressure,True,True,0.4047619104385376,0.4404761791229248,0.4375,0,2.7922565937042236,True
HwgChfSHtlI,a lot,True,True,0.369047611951828,0.4047619104385376,0.40625,1,3.913031578063965,True
HyYH_y65nQs_1,not negotiable,True,True,0.7083333134651184,0.7083333134651184,0.6875,1,4.98026180267334,True
HymdtSakcww,label,True,True,0.5180723071098328,0.5301204919815063,0.53125,1,4.4436259269714355,True
HyqvSSccYGM,things,True,True,0.5138121843338013,0.5138121843338013,0.5,0,4.037993907928467,True
Hz77BEDzZ-E_1,cutout,True,True,0.5681818127632141,0.6818181872367859,0.6875,1,7.008650302886963,True
I1i5r5rd7vI_1,camera,True,True,0.8799999952316284,0.9466666579246521,0.9375,1,3.1955039501190186,True
I1pC7URd7qM_1,tease,True,True,0.3866666555404663,0.3866666555404663,0.375,3,9.364235877990723,True
I2q6piLBbPo_1,priority,True,True,0.41111111640930176,0.41111111640930176,0.40625,1,2.345956802368164,True
I2xOiEMrgM0_2,chemical energy,True,True,0.5698924660682678,0.6451612710952759,0.625,0,15.117497444152832,True
I3_S8sTuQT0,deputy director,True,True,0.24576270580291748,0.24576270580291748,0.25,1,3.624788284301758,True
I3haAOluERo,wait,True,True,0.3611111044883728,0.3611111044883728,0.34375,0,2.103128433227539,True
I4ZsuU5C6aw,right now,True,True,0.3799999952316284,0.3799999952316284,0.375,0,3.6211018562316895,True
I4pibKfr0jU,buffalo,True,True,0.5206611752510071,0.5371900796890259,0.53125,1,4.98093843460083,True
I5A2blkb1T8_1,cycle,True,True,0.6666666865348816,0.6984127163887024,0.6875,1,11.587248802185059,True
I5GA0QFoDos_1,copy,True,True,0.6000000238418579,0.6666666865348816,0.65625,1,5.519099712371826,True
I5IcpZp0BfE,mean,True,True,0.5154638886451721,0.5154638886451721,0.5,2,7.535667896270752,True
I5Nw8MVpZt8,mirror,True,True,0.4862385392189026,0.4954128563404083,0.5,0,3.3993561267852783,True
I6kZM0sKraQ,score,True,True,0.761904776096344,0.7678571343421936,0.75,6,5.5220184326171875,True
I77KHj-yyWQ,debit card,True,True,0.6329113841056824,0.6329113841056824,0.625,0,3.1528496742248535,True
I8TH3Ef1yls_1,allah,True,True,0.4920634925365448,0.4920634925365448,0.5,1,2.6435792446136475,True
I9OiCuVT6TQ,bus,True,True,0.4300000071525574,0.4300000071525574,0.40625,1,3.293761968612671,True
IA-RnnxesfI,button hole,True,True,0.6931818127632141,0.6988636255264282,0.65625,1,4.468056678771973,True
IATnhKazi7g,technology,True,True,0.5333333611488342,0.5333333611488342,0.53125,1,4.7642364501953125,True
IAd2idq-iPI_1,coin,True,True,0.380952388048172,0.380952388048172,0.375,0,2.2865352630615234,True
IAqSm0HcDDI_2,electron,True,True,0.5492957830429077,0.5563380122184753,0.5,9,4.177521228790283,True
IB4I1T_sQxo,ifsc,True,True,0.7543859481811523,0.7631579041481018,0.75,3,6.667659759521484,True
IBYqJ-C2FsA,nurse,True,True,0.6000000238418579,0.6000000238418579,0.5625,2,5.869410991668701,True
ICWffEGAP5Q,drug overdose,True,True,0.7514124512672424,0.7740113139152527,0.75,7,5.135278224945068,True
ICiBChM7NL0_1,sweet,True,True,0.4266666769981384,0.4266666769981384,0.4375,1,2.755490303039551,True
IER9rPq_O8o_1,source,True,True,0.4888888895511627,0.5,0.46875,0,5.048419952392578,True
IE_CEe3ZkCI_1,tonic,True,True,0.8095238208770752,0.8190476298332214,0.78125,2,5.814089775085449,True
IGNLe81lZ-M,seamline pocket,True,True,1.0,1.0,1.0,4,7.6600518226623535,True
IGR8WsvfoXs,tap,True,True,0.567307710647583,0.567307710647583,0.53125,0,6.417174816131592,True
IGogDBcwAnU_1,clever,True,True,0.6095238327980042,0.6666666865348816,0.65625,3,2.563025712966919,True
IGsDuTIs2ZU,quickly,True,True,0.529411792755127,0.529411792755127,0.53125,0,3.687652111053467,True
IGuFuS-aMpo,sharp,True,True,0.3984375,0.3984375,0.375,0,8.907310485839844,True
IH3kcXKQgt4,barricade,True,True,0.7339449524879456,0.7339449524879456,0.71875,1,4.59119176864624,True
IIeXWQPIlqA_2,spectrometer,True,True,0.7793103456497192,0.7793103456497192,0.78125,4,7.1358466148376465,True
IIkkBf5KDmg,fast track court,True,True,0.8461538553237915,0.8491124510765076,0.8125,10,4.925605297088623,True
IItJ7hdAf_g,company secretary,True,True,0.6111111044883728,0.6319444179534912,0.65625,1,8.030868530273438,True
IL9zmsdJg5g,cervical cancer,True,True,0.8515284061431885,0.864628791809082,0.84375,3,3.437617301940918,True
ILXJO86NsG8,reliance mobile,True,True,0.4444444477558136,0.4444444477558136,0.4375,1,3.870086193084717,True
ILinyrxnsEs,sixty,True,True,0.5462185144424438,0.5966386795043945,0.5625,0,5.797152042388916,True
ILv9XMPLqoo,very wealthy person,True,True,0.6538461446762085,0.6730769276618958,0.65625,3,6.802042484283447,True
IMZb4D-ulNs,percentage,True,True,0.43809524178504944,0.4476190507411957,0.4375,2,4.588554382324219,True
IMlXe5o44pc_1,address,True,True,0.675000011920929,0.699999988079071,0.71875,2,3.9487740993499756,True
IMzhNeb2ziQ_1,juice,True,True,0.5873016119003296,0.6666666865348816,0.65625,1,4.484303951263428,True
INYvz3YRvT4,wedding reception,True,True,0.8227847814559937,0.8291139006614685,0.8125,7,4.628486156463623,True
INdSYgk8Ed0_1,island,True,True,0.6700000166893005,0.6800000071525574,0.625,2,4.249083995819092,True
IO-b4Lt249Y,suspect,True,True,0.5925925970077515,0.5925925970077515,0.5625,0,2.154326915740967,True
IO0nQfhpxh8,education,True,True,0.7333333492279053,0.7333333492279053,0.71875,0,3.7367026805877686,True
IOS2_Xy4yg0,friday,True,True,0.4521739184856415,0.4521739184856415,0.4375,4,4.535806655883789,True
IOUl-SHyP4Y_1,testify,True,True,0.38333332538604736,0.40833333134651184,0.40625,1,4.321976184844971,True
IOaZtwg1czk_1,interest,True,True,0.7333333492279053,0.7589743733406067,0.78125,4,4.276394844055176,True
IOcKAmXpVUA,gionee,True,True,0.3650793731212616,0.3650793731212616,0.34375,1,2.9951272010803223,True
IOp7Ml6b4sk,right,True,True,0.6849315166473389,0.767123281955719,0.75,0,5.323758125305176,True
IOz0Yx8IpHU_1,across,True,True,0.5396825671195984,0.5555555820465088,0.5625,1,5.059664726257324,True
IP9M9Q_sJlU_1,six monthly,True,True,0.40833333134651184,0.40833333134651184,0.40625,1,3.0619935989379883,True
IPRNWTt4NDY_1,objection,True,True,0.8666666746139526,0.9222221970558167,0.90625,1,4.025853157043457,True
IPUJ9bHGQgM,waterfall,True,True,0.45945945382118225,0.45945945382118225,0.4375,1,7.011570930480957,True
IQS9ORLYumE_1,additional,True,True,0.4761904776096344,0.4761904776096344,0.46875,1,4.946229457855225,True
IQdo3niLRus_1,bug,True,True,0.8133333325386047,0.8266666531562805,0.8125,1,19.456756591796875,True
IRT4-x0KYrI_1,tree,True,True,0.7111111283302307,0.7222222089767456,0.71875,3,4.654085636138916,True
IRUYQfpLjhY,tornado,True,True,0.4677419364452362,0.4677419364452362,0.46875,4,6.073188781738281,True
IRmlHHtW_Q0_1,thank you,True,True,0.5333333611488342,0.5333333611488342,0.53125,0,9.649794578552246,True
IRpEcHFlSk0_1,stay,True,True,0.6022727489471436,0.6363636255264282,0.59375,0,4.040661811828613,True
ITV9-ymtK_M_1,exchange,True,True,0.380952388048172,0.4126984179019928,0.40625,3,7.389504432678223,True
ITnvvRnzDsI_1,self,True,True,0.47999998927116394,0.5066666603088379,0.5,1,3.0422637462615967,True
ITtZaBbXqyE_1,farm,True,True,0.5714285969734192,0.6000000238418579,0.59375,0,3.288294792175293,True
IUj1aN_hzQ8_1,birthday,True,True,0.36666667461395264,0.42222222685813904,0.4375,0,5.146278381347656,True
IUxURsL66jY,huge,True,True,0.488095223903656,0.511904776096344,0.53125,0,4.005021095275879,True
IVY4EYIVHMI,food,True,True,0.5,0.5,0.5,0,2.136368989944458,True
IWBVW-QyFEw,fox,True,True,0.4931506812572479,0.4931506812572479,0.46875,1,5.91074800491333,True
IWCiPFCUzI0,janmashtami,True,True,0.5666666626930237,0.574999988079071,0.5625,1,3.592385768890381,True
IWWZql-w610,leave,True,True,0.3246753215789795,0.3246753215789795,0.3125,2,3.935170888900757,True
IWxnrliK3Mk_1,bath,True,True,0.5396825671195984,0.5555555820465088,0.53125,0,3.4905307292938232,True
IYf_zhHRbWw_1,eat,True,True,0.6555555462837219,0.6666666865348816,0.65625,0,3.4183313846588135,True
IZ5P9dAvZ5A_1,default,True,True,0.7277777791023254,0.7444444298744202,0.75,2,7.734992027282715,True
I_TQyqgYvoA,area,True,True,0.5520833134651184,0.6145833134651184,0.59375,1,8.051579475402832,True
Ic7hCwzP2PI_1,irregular,True,True,0.7733333110809326,0.8333333134651184,0.8125,0,4.627925872802734,True
IctKxBrrjJI,interpreter,True,True,0.5,0.5,0.5,3,4.901662349700928,True
IdF3Z-HI8QY_1,on,True,True,0.47999998927116394,0.47999998927116394,0.46875,2,4.867018699645996,True
IdTIbvWgePA,muharram,True,True,0.523809552192688,0.5428571701049805,0.53125,0,2.1511030197143555,True
Idb2wQQ85ho,brahma,True,True,0.5700934529304504,0.5700934529304504,0.53125,1,5.770391464233398,True
Idc4ADhTayI,leaf,True,True,0.5862069129943848,0.5862069129943848,0.5625,1,5.165606498718262,True
Idq3nOcunPw,deepika padukone,True,True,0.4868420958518982,0.4868420958518982,0.5,0,4.93017578125,True
IdrYzD-b0MU_1,march,True,True,0.6555555462837219,0.6777777671813965,0.65625,1,4.708551406860352,True
IeGTCdw-lFQ_1,account commission,True,True,0.5333333611488342,0.5416666865348816,0.53125,1,4.457154273986816,True
IfL2BoxCI_U_1,remember,True,True,0.7159090638160706,0.7613636255264282,0.78125,5,8.113998413085938,True
IghFboP-goM,slovakia,True,True,0.5060241222381592,0.5180723071098328,0.5,2,5.409483432769775,True
IgilYoGrZlg,repair,True,True,0.488095223903656,0.488095223903656,0.46875,3,4.788258075714111,True
IhUPDOGqMaw,true,True,True,0.5647059082984924,0.6235294342041016,0.625,1,3.4096782207489014,True
IhaMUrrY6yw_2,physics,True,True,0.5872092843055725,0.6104651093482971,0.59375,1,3.676755905151367,True
IhoXleQ5yy8_1,point,True,True,0.48571428656578064,0.48571428656578064,0.46875,0,5.105839252471924,True
Ii2bgYmdoQo,vegetable preservation,True,True,0.837837815284729,0.8486486673355103,0.8125,11,5.68871545791626,True
IiAx8ef2Rwo,hidden file,True,True,0.8333333134651184,0.8333333134651184,0.8125,3,4.440469264984131,True
IihwJw1jkfA_1,allotment,True,True,0.6933333277702332,0.6933333277702332,0.6875,3,4.971517086029053,True
IijA65GKXKc,surgeon,True,True,0.5811966061592102,0.5811966061592102,0.53125,0,4.159924030303955,True
IioAwnwu91s,mali,True,True,0.6071428656578064,0.6071428656578064,0.625,0,3.027446746826172,True
Iiz4Zy_pAGA_2,voltmeter,True,True,0.8260869383811951,0.852173924446106,0.84375,1,20.278125762939453,True
IjJkyhtkX58,numpad,True,True,0.6166666746139526,0.6166666746139526,0.59375,7,3.8823280334472656,True
Iji2l3tYxHc,today,True,True,0.5645161271095276,0.5645161271095276,0.5625,0,1.9644484519958496,True
IjyH501MJjY_1,agra,True,True,0.4920634925365448,0.4920634925365448,0.46875,0,5.2560577392578125,True
IkEVVymlfjk,non access,True,True,0.7072463631629944,0.7246376872062683,0.6875,11,3.32889986038208,True
Ika-iBJ4-Ns,wash,True,True,0.4555555582046509,0.4555555582046509,0.4375,1,5.400137424468994,True
IkmV2lTGHL8_1,under review,True,True,0.8999999761581421,0.9111111164093018,0.9375,2,4.525955677032471,True
Il9Z5pMnfDo,cheque,True,True,0.42500001192092896,0.42500001192092896,0.4375,1,5.043176651000977,True
IlFz5jLv0HA,christian,True,True,0.5407407283782959,0.5407407283782959,0.53125,3,5.702183246612549,True
IlO3fdD1Ytk,shoulder,True,True,0.4421052634716034,0.4421052634716034,0.4375,0,4.299140930175781,True
IljBrnpRkLI,over,True,True,0.3252032399177551,0.3252032399177551,0.3125,1,4.63535213470459,True
IommKlI9JqQ_1,feel,True,True,0.5079365372657776,0.5079365372657776,0.5,0,4.498946189880371,True
IphLasWnRHk_1,bank,True,True,0.6349206566810608,0.6507936716079712,0.65625,0,5.229846954345703,True
Iplh792WyLM,flower for beautification,True,True,0.8716577291488647,0.8716577291488647,0.875,1,5.219859600067139,True
Ipvw2kyzr_w_1,final accounts,True,True,0.3400000035762787,0.36666667461395264,0.375,3,5.854445934295654,True
IqAQQves3xE,essel world,True,True,0.5981308221817017,0.5981308221817017,0.5625,6,4.6331305503845215,True
IqVx7zjG9s0_1,hill,True,True,0.38999998569488525,0.4000000059604645,0.375,2,2.736802339553833,True
Iqjt_znBgeE,gas stove,True,True,0.5099999904632568,0.5099999904632568,0.5,9,7.499143600463867,True
Ir-Qe2kkROw,wifi,True,True,0.6907216310501099,0.7216494679450989,0.71875,0,4.500131607055664,True
IsvFw88fne8,shillong,True,True,0.44897958636283875,0.44897958636283875,0.4375,0,2.0660762786865234,True
ItV99Fhz1X8_1,merger,True,True,0.6083333492279053,0.6333333253860474,0.625,1,3.8008382320404053,True
ItvaPW9FnxE,algeria,True,True,0.35555556416511536,0.35555556416511536,0.34375,0,5.698378562927246,True
Iu0WhShkyw0,pause,True,True,0.4492753744125366,0.4492753744125366,0.4375,1,4.121342658996582,True
Iu1aKegaeek,funeral,True,True,0.7029703259468079,0.7227723002433777,0.71875,1,3.3438382148742676,True
IuIV6N8k4Ik_1,thursday,True,True,0.5333333611488342,0.54666668176651,0.53125,1,4.339658737182617,True
Iub1Yb-tOAI,video,True,True,0.6527777910232544,0.6805555820465088,0.6875,1,3.4863829612731934,True
IvHyCTGWTOc,biased,True,True,0.7794871926307678,0.7794871926307678,0.75,9,5.660242080688477,True
IvWnYjnrMZg_1,himachal pradesh,True,True,0.4318181872367859,0.4318181872367859,0.40625,0,4.034533977508545,True
IwjaiMCqRSk,cinema,True,True,0.42268040776252747,0.4329896867275238,0.4375,0,7.446023464202881,True
IxDZyvc3cRM,president,True,True,0.6739130616188049,0.6739130616188049,0.65625,1,6.340036869049072,True
IylKyQ_81Zo,licence,True,True,0.8617886304855347,0.869918704032898,0.84375,6,8.709555625915527,True
Iz9sVAKjbMU_1,iron,True,True,0.5047619342803955,0.5047619342803955,0.5,1,2.298051595687866,True
IzIT4zP2sTU,parameter,True,True,0.5885416865348816,0.5885416865348816,0.5625,3,4.082430839538574,True
J06ynDbTJDY,mtnl,True,True,0.5740740895271301,0.5740740895271301,0.5625,1,3.42703914642334,True
J0D4SC4WJQQ_1,institute,True,True,0.9444444179534912,0.9555555582046509,0.9375,0,3.4695985317230225,True
J0Jx4BIuGn0,television,True,True,0.3777777850627899,0.3888888955116272,0.375,0,3.736098289489746,True
J0OaU0o7cL8,pond on the basis of situation,True,True,0.9110429286956787,0.9110429286956787,0.875,18,17.668989181518555,True
J0vgYiSZ0Zk_1,profit,True,True,0.5866666436195374,0.5866666436195374,0.5625,0,5.199018955230713,True
J36iHjTW6Jo,reward,True,True,0.5512820482254028,0.5769230723381042,0.5625,0,4.5546488761901855,True
J3BJa0TWc8U_1,incompetence,True,True,0.8095238208770752,0.8380952477455139,0.84375,2,3.54201078414917,True
J4G3ltp807A,notify,True,True,0.5490196347236633,0.5490196347236633,0.5625,1,3.4475276470184326,True
J6YkOCzKPpA_1,coconut,True,True,0.5340909361839294,0.5340909361839294,0.53125,1,4.275545120239258,True
J79s05Z0NZ8,whatever,True,True,0.5,0.5,0.46875,3,6.095125675201416,True
J7Bq-xjpcvs_1,leader,True,True,0.8266666531562805,0.9066666960716248,0.90625,1,3.556025505065918,True
J81k9pkL1tg,tvs bike,True,True,0.5619834661483765,0.5619834661483765,0.53125,0,10.186773300170898,True
J84aAikfD88,sweater,True,True,0.38947367668151855,0.38947367668151855,0.40625,2,3.032266139984131,True
J9ZYf-S-gNI,wall garden,True,True,0.9532967209815979,0.9532967209815979,0.9375,8,6.104033946990967,True
J9rhbSDTm4w_1,black,True,True,0.5916666388511658,0.5916666388511658,0.59375,2,5.270686149597168,True
JAoQ3a0DIXQ,spanner,True,True,0.5882353186607361,0.5882353186607361,0.59375,6,4.149672985076904,True
JAvrviPNIOI_1,illiterate,True,True,0.7599999904632568,0.7733333110809326,0.78125,0,2.3017795085906982,True
JBO4vOeqQxs_1,parent,True,True,0.6399999856948853,0.6600000262260437,0.625,1,3.941887617111206,True
JC80hJOObmg,mango,True,True,0.4025973975658417,0.4025973975658417,0.375,0,4.028520584106445,True
JD1NFsUtYrg_1,pan,True,True,0.6380952596664429,0.6476190686225891,0.625,1,5.43220329284668,True
JDFAUSbxIhk_2,compare,True,True,0.4523809552192688,0.4523809552192688,0.40625,0,2.7115402221679688,True
JDvfWq3CAAU_1,kangaroo,True,True,0.41111111640930176,0.4555555582046509,0.46875,1,11.584298133850098,True
JE_6hkeERgY,donkey,True,True,0.3980582654476166,0.3980582654476166,0.40625,0,2.1378049850463867,True
JFVB97UDh6o,category,True,True,0.6315789222717285,0.6315789222717285,0.625,1,9.13399887084961,True
JFrHbTIRXp0_1,hard,True,True,0.4399999976158142,0.4533333480358124,0.4375,0,3.505892276763916,True
JG9WnZMN5ZA_1,account suit filed,True,True,0.8606060743331909,0.8848484754562378,0.875,2,5.656256198883057,True
JGDj06htv-A_1,few,True,True,0.3968254029750824,0.3968254029750824,0.40625,2,6.063739776611328,True
JGiAZZ8byeU_1,forget,True,True,0.653333306312561,0.6666666865348816,0.65625,0,3.3478941917419434,True
JGmPOUUxRzE,stairs,True,True,0.4526315927505493,0.46315789222717285,0.4375,0,3.818254232406616,True
JHK7flaSzzM,applause,True,True,0.5529412031173706,0.5764706134796143,0.5625,1,3.1783084869384766,True
JHh44ooGaY4,school bag,True,True,0.4166666567325592,0.4166666567325592,0.40625,0,2.148690938949585,True
JHyzbf0wbL0,youtube,True,True,0.31578946113586426,0.31578946113586426,0.3125,0,3.4070346355438232,True
JIm7aysFevs_1,order,True,True,0.41333332657814026,0.4399999976158142,0.4375,1,2.521944522857666,True
JJ2y6sfvlUA_1,tongs,True,True,0.6666666865348816,0.6666666865348816,0.625,3,3.68522572517395,True
JJ4iKa2vdoM_1,floor,True,True,0.3166666626930237,0.3166666626930237,0.25,0,4.748048782348633,True
JJamPbb5o_A,same,True,True,0.5128205418586731,0.5128205418586731,0.5,0,3.933152198791504,True
JKKejwob7W8_1,eye,True,True,0.699999988079071,0.699999988079071,0.6875,0,2.4811606407165527,True
JLwyU0Pd35Y,tolerate,True,True,0.4392523467540741,0.4392523467540741,0.4375,0,4.556988716125488,True
JMafDHZmr8s_1,recruitment,True,True,0.6333333253860474,0.7111111283302307,0.71875,0,4.776145935058594,True
JN0xDQF2NWs,tunic,True,True,0.2663755416870117,0.27074235677719116,0.25,1,9.69410514831543,True
JO6xA9yQgUA,track ball,True,True,0.38679245114326477,0.38679245114326477,0.375,14,10.189910888671875,True
JPGOxP4NRRw_1,stitch,True,True,0.47999998927116394,0.47999998927116394,0.46875,1,8.576295852661133,True
JPvEO-Q1N08,personal,True,True,0.621052622795105,0.6315789222717285,0.59375,0,3.8345084190368652,True
JQ0W7D0nvlY,starve,True,True,0.6187499761581421,0.637499988079071,0.625,3,8.332549095153809,True
JRE6SRmb_yI_2,clockwise,True,True,0.5789473652839661,0.6015037298202515,0.59375,0,7.489874362945557,True
JSEGoqKaQM0,job,True,True,0.39669421315193176,0.39669421315193176,0.375,1,6.724137783050537,True
JSf7HjXTT78_1,yellow,True,True,0.5133333206176758,0.5333333611488342,0.53125,0,3.8744759559631348,True
JSgfX7o3cCI_1,cow,True,True,0.6888889074325562,0.6888889074325562,0.65625,1,11.892053604125977,True
JTfbRXxg4mU_1,false,True,True,0.3222222328186035,0.3222222328186035,0.3125,0,2.8829474449157715,True
JUMBB2W1Q94,glue,True,True,0.44736841320991516,0.44736841320991516,0.4375,0,2.993821382522583,True
JVplYs4HTtE,piping,True,True,0.6215277910232544,0.6215277910232544,0.59375,2,8.467679023742676,True
JW9yPJ2REK0_1,difficult,True,True,0.3968254029750824,0.3968254029750824,0.40625,1,2.122905969619751,True
JWG3G2AfAO4_1,cement,True,True,0.5600000023841858,0.5866666436195374,0.59375,4,9.598014831542969,True
JWbMe5M36V8,aquatic plants of various colour,True,True,0.8059210777282715,0.8059210777282715,0.78125,12,4.792640686035156,True
JWsKWK1W9q4_1,regret,True,True,0.6477272510528564,0.7272727489471436,0.71875,0,2.7562203407287598,True
JXkN1Nb0WmI_1,gloves,True,True,0.4933333396911621,0.4933333396911621,0.5,0,3.1346919536590576,True
JXtbhw70wpY_1,credit,True,True,0.5,0.5199999809265137,0.5,0,4.140705585479736,True
JYvB-eiJP-I,catch,True,True,0.5844155550003052,0.5974025726318359,0.59375,0,4.044536113739014,True
JZLbNmS3Lu4_1,duck,True,True,0.7222222089767456,0.7222222089767456,0.6875,1,4.306962490081787,True
JZRAOigBYnM,personality,True,True,0.7406143546104431,0.7849829196929932,0.78125,8,4.080434322357178,True
JZtlpCJqR-M_1,delegate,True,True,0.7629629373550415,0.8518518805503845,0.84375,0,2.9142274856567383,True
J_iH6uAoAJM,orissa,True,True,0.46464645862579346,0.4747474789619446,0.4375,1,3.57753324508667,True
JabTaO_zQ-M_2,key,True,True,0.5507246255874634,0.5507246255874634,0.5625,1,3.4068422317504883,True
Jarh1WMa868_1,happy,True,True,0.46666666865348816,0.46666666865348816,0.4375,2,5.6497344970703125,True
Jaw_nTMEwzY_1,gossip,True,True,0.5555555820465088,0.5555555820465088,0.5625,2,4.637427806854248,True
JbG_KfmEYm4_1,script,True,True,0.9333333373069763,0.949999988079071,0.9375,2,5.3749308586120605,True
JckFhrO4KD0_1,ramzan,True,True,0.6100000143051147,0.6100000143051147,0.59375,0,3.8263769149780273,True
Jd-pxhXGefA_1,stop gap,True,True,0.5777778029441833,0.6333333253860474,0.625,1,3.3991100788116455,True
Jd3to2MXy6s,medal,True,True,0.5247524976730347,0.5445544719696045,0.53125,0,4.432921409606934,True
Je-ZDJTfVsw_1,promise,True,True,0.3619047701358795,0.4000000059604645,0.40625,2,3.177039861679077,True
JeJLv2tM3nY_1,breakfast,True,True,0.6133333444595337,0.653333306312561,0.65625,0,7.779801368713379,True
Jedn1-9fyXw,bridegroom,True,True,0.7004608511924744,0.7142857313156128,0.6875,5,3.745039701461792,True
Jh4PPOr7tjo,annual plants,True,True,0.8636363744735718,0.8636363744735718,0.84375,12,4.915717124938965,True
JiPwL-4i6Uo_1,establishment,True,True,0.43703705072402954,0.5111111402511597,0.5,0,9.4186372756958,True
JjDVZDpPjbc,store,True,True,0.5952380895614624,0.6071428656578064,0.59375,3,4.455530643463135,True
JjQDPdI82Tw_1,twins,True,True,0.7555555701255798,0.7629629373550415,0.75,1,9.112164497375488,True
Jm23ZwhmPlQ,clumsy,True,True,0.7560137510299683,0.769759476184845,0.71875,8,8.051176071166992,True
Jm2j6rZhGXo,delicious,True,True,0.32258063554763794,0.32258063554763794,0.3125,0,5.08426570892334,True
Jm8OXSwWnCY,audi,True,True,0.4305555522441864,0.4375,0.40625,2,4.240760326385498,True
JmBmx8jNivk,classification of vegetables,True,True,0.6555023789405823,0.679425835609436,0.6875,3,5.911863803863525,True
JmPgvxIFzGE,oriental bank of commerce,True,True,0.5666666626930237,0.5666666626930237,0.53125,3,4.476097583770752,True
JmsjCb19HB4_1,coffee,True,True,0.761904776096344,0.8730158805847168,0.875,5,4.259355545043945,True
Jn9jwPcSKag,plate,True,True,0.3306451737880707,0.3306451737880707,0.3125,1,6.282255172729492,True
JqBJjFOxuLk,dithering,True,True,0.6800000071525574,0.6800000071525574,0.65625,5,5.47140645980835,True
JqPK7r2pB_8_2,south,True,True,0.5753424763679504,0.6438356041908264,0.65625,2,4.958350658416748,True
JqUNaUjxigE,job,True,True,0.4365079402923584,0.4365079402923584,0.40625,1,8.365726470947266,True
JqZFdQuy3QU,false flooring,True,True,0.8585366010665894,0.8634146451950073,0.875,2,3.4972357749938965,True
JqwXMlzSPoM,poultry feeds,True,True,0.7692307829856873,0.7692307829856873,0.75,18,7.692804336547852,True
JsdNgRcC4wU_1,bring,True,True,0.5396825671195984,0.5396825671195984,0.53125,1,8.156250953674316,True
JtWmt2W6g-4_1,immovable property,True,True,0.8571428656578064,0.8952381014823914,0.90625,0,4.294809341430664,True
Jtk0QePDuds_1,sofa,True,True,0.5809524059295654,0.5904762148857117,0.59375,1,7.122032165527344,True
JtykP_hFReg,message,True,True,0.5483871102333069,0.5483871102333069,0.5625,1,4.304564952850342,True
JumxHKPgPsw,shark,True,True,0.5220588445663452,0.5220588445663452,0.46875,2,5.111873626708984,True
JvZwKXBG8sQ_1,predecessor,True,True,0.7481481432914734,0.7481481432914734,0.71875,2,3.6647794246673584,True
JwE82vJ5lF4,sweet lime,True,True,0.540229856967926,0.540229856967926,0.53125,1,4.556807518005371,True
JwvgzR8JBQw,leaf,True,True,0.5555555820465088,0.5555555820465088,0.53125,2,5.357588768005371,True
JxEGnvLxNu4_2,contraction,True,True,0.6464646458625793,0.6464646458625793,0.625,1,2.3077802658081055,True
JxiY9s8T8eg,drainage,True,True,0.9200000166893005,0.9200000166893005,0.90625,9,4.951935291290283,True
JyAbrgrmXFQ,drip irrigation,True,True,0.8674699068069458,0.8674699068069458,0.84375,11,7.621591091156006,True
JybAScc2Ppo_1,speech therapist,True,True,0.4533333480358124,0.5199999809265137,0.5,0,2.1105401515960693,True
JzyZDgP62tM_1,refrigerater,True,True,0.7444444298744202,0.7444444298744202,0.71875,1,11.825575828552246,True
K-cAmlbGqqE_1,direct appointment,True,True,0.5523809790611267,0.5714285969734192,0.5625,0,2.8779172897338867,True
K0EyqFbG2N0_1,charge sheet,True,True,0.6933333277702332,0.6933333277702332,0.6875,3,4.519075393676758,True
K0VsSQMEtMU,west bengal,True,True,0.43617022037506104,0.43617022037506104,0.40625,5,5.11832332611084,True
K1N6oh0nYvo_1,faith,True,True,0.5111111402511597,0.5111111402511597,0.5,0,1.8924833536148071,True
K3pj5alsYHc,valley,True,True,0.5087719559669495,0.5263158082962036,0.5625,3,4.6446075439453125,True
K4bb2bBt1uY,same,True,True,0.4375,0.4375,0.4375,1,2.4419631958007812,True
K5K6_yItMbc,hill garden,True,True,0.8571428656578064,0.8571428656578064,0.84375,6,6.252650737762451,True
K5qR4GaiYqc,form,True,True,0.3614457845687866,0.3614457845687866,0.34375,0,4.275074005126953,True
K5xvRicYsgQ,agricultural robot,True,True,0.8779761791229248,0.886904776096344,0.84375,18,12.58352279663086,True
K6ef6wLNV6A_2,negative error,True,True,0.9896907210350037,1.0,1.0,0,7.221584320068359,True
K8Se1Eiyqq8_2,vaccum,True,True,0.48148149251937866,0.48148149251937866,0.46875,0,3.995934009552002,True
K9BFoOaBA18_1,body,True,True,0.2933333218097687,0.2933333218097687,0.28125,1,2.569519519805908,True
KAkggm-5ApA_2,merchant,True,True,0.49166667461395264,0.5083333253860474,0.5,2,5.1398234367370605,True
KAsaLUHY0y4,former,True,True,0.31092438101768494,0.32773110270500183,0.3125,0,1.9981579780578613,True
KAyF64u5G0w,english,True,True,0.550561785697937,0.550561785697937,0.53125,1,1.4368696212768555,True
KB2cTekqy38,flower for controlling soil erosion,True,True,0.9692307710647583,0.9730769395828247,0.96875,8,8.258329391479492,True
KBfrB3Kx5Kw_1,always,True,True,0.41333332657814026,0.41333332657814026,0.375,0,3.374929428100586,True
KCFYiQAly-Q_1,fare,True,True,0.4416666626930237,0.4416666626930237,0.40625,1,2.2282652854919434,True
KDUJ4CR6_dE,panaji,True,True,0.3695652186870575,0.3695652186870575,0.34375,0,4.2870402336120605,True
KD_mAE7nypI,manager,True,True,0.3819444477558136,0.3819444477558136,0.375,0,2.4447741508483887,True
KEa28LtX2W4_1,mixer,True,True,0.699999988079071,0.699999988079071,0.6875,2,3.934342622756958,True
KEcsIGtSp88_1,chennai,True,True,0.4126984179019928,0.4126984179019928,0.40625,0,8.696781158447266,True
KEhIkzsFVhk_2,eletronegative force,True,True,0.702479362487793,0.702479362487793,0.6875,2,3.792497396469116,True
KF_6TkQc5Ag_2,beaker,True,True,0.7058823704719543,0.7176470756530762,0.71875,3,6.553205966949463,True
KG_OHYYtnoQ_1,red,True,True,0.5407407283782959,0.5407407283782959,0.5,0,6.392559051513672,True
KGd-YJ5cDTM,paper,True,True,0.5392156839370728,0.5392156839370728,0.53125,3,8.576044082641602,True
KHbIUov_fKY,noun,True,True,0.44029849767684937,0.44029849767684937,0.4375,2,4.269155979156494,True
KIoc3qEV7No_1,outstanding,True,True,0.5629629492759705,0.5777778029441833,0.59375,1,5.656291484832764,True
KJl7MI-S9ag_1,verification,True,True,0.7047619223594666,0.7047619223594666,0.6875,1,4.78689432144165,True
KKOqbdFgAgo,nutrition,True,True,0.8225806355476379,0.8290322422981262,0.8125,11,5.449937343597412,True
KKPPaj3WuIM_1,sitar,True,True,0.5066666603088379,0.5066666603088379,0.5,0,3.0108964443206787,True
KKXbxgBsRoQ_1,mistake,True,True,0.6333333253860474,0.644444465637207,0.65625,0,2.139678716659546,True
KKfE1JlLal8_1,basketball,True,True,0.6349206566810608,0.6507936716079712,0.65625,2,7.703240871429443,True
KLWmJJC8WvA,millionaire,True,True,0.6756756901741028,0.6891891956329346,0.65625,3,4.164274215698242,True
KLpXMM5NiYQ,triangle,True,True,0.607594907283783,0.607594907283783,0.625,2,7.10648250579834,True
KMAl51jbqD8_1,nose stud,True,True,0.5396825671195984,0.5396825671195984,0.53125,0,5.543287754058838,True
KMB0F5vWexE_1,during,True,True,0.460317462682724,0.460317462682724,0.4375,1,4.480685710906982,True
KN6wMRGjxGk,government,True,True,0.581632673740387,0.581632673740387,0.5625,0,4.807496070861816,True
KNYxG5Owm6Y_1,unclaimed,True,True,0.5933333039283752,0.6000000238418579,0.59375,0,4.883939743041992,True
KNZbdGWxDfw,outside,True,True,0.47058823704719543,0.5147058963775635,0.5,1,4.05029296875,True
KNepaNAPVHM,apiculture bee keeping,True,True,0.9025787711143494,0.9025787711143494,0.84375,14,18.414865493774414,True
KNshT57aEW8_1,spill,True,True,0.5079365372657776,0.5079365372657776,0.5,1,6.845504283905029,True
KO4tS6VabH0_1,lazy,True,True,0.5714285969734192,0.5809524059295654,0.5625,0,5.604493141174316,True
KOn9NUTFkp8_1,glass,True,True,0.5142857432365417,0.5142857432365417,0.5,1,4.427884101867676,True
KP83EtWUOqQ_2,minimum,True,True,0.98591548204422,1.0,1.0,0,10.158037185668945,True
KPIxtz5y-AQ,paytm,True,True,0.8315789699554443,0.8631578683853149,0.84375,2,8.090051651000977,True
KRiQ8XKAhxY_1,bone,True,True,0.6952381134033203,0.6952381134033203,0.65625,5,6.729609489440918,True
KRnfvBZ_V14,doubt,True,True,0.6043956279754639,0.6043956279754639,0.59375,2,2.8296847343444824,True
KT6xge7oPak_2,distribution,True,True,0.7687074542045593,0.7891156673431396,0.78125,1,21.6456298828125,True
KTCV2tyighk_1,toast,True,True,0.8095238208770752,0.8730158805847168,0.90625,1,6.312705993652344,True
KTNP8wR6a_I,sharpening stone,True,True,0.7351778745651245,0.739130437374115,0.71875,5,7.647221088409424,True
KU3jXLCl5ng,snow,True,True,0.4848484992980957,0.4848484992980957,0.46875,2,5.223382949829102,True
KVIEAqtUyxE_1,soldier,True,True,0.3636363744735718,0.3636363744735718,0.34375,0,4.073922157287598,True
KVe4agrfeOA_1,fingers,True,True,0.6066666841506958,0.6266666650772095,0.65625,3,12.4429349899292,True
KVhmMplAyTE_1,ghost,True,True,0.3174603283405304,0.3174603283405304,0.3125,0,4.590561866760254,True
KVnMqcijBkQ_1,pretend,True,True,0.6666666865348816,0.7333333492279053,0.71875,5,2.658079147338867,True
KVxHxFu6C1U,relay race,True,True,0.48235294222831726,0.4941176474094391,0.5,1,3.469071388244629,True
KXNl6DtK84A,jamun,True,True,0.5478261113166809,0.5478261113166809,0.53125,1,3.4075396060943604,True
KXnSguJGdN8,sorry,True,True,0.6117647290229797,0.6117647290229797,0.59375,1,2.458437919616699,True
KXzzVhXY0F4_1,light,True,True,0.5888888835906982,0.6333333253860474,0.625,5,4.733840465545654,True
KYU0N1_c7so_1,cremate,True,True,0.8606060743331909,0.8666666746139526,0.84375,3,6.219674110412598,True
KYWyFwglnCE,mouthwash,True,True,0.389380544424057,0.39823007583618164,0.375,0,4.3611907958984375,True
KYknqu3Sq8o,bump cutter,True,True,0.9102563858032227,0.9316239356994629,0.90625,15,4.877167701721191,True
KYqKLRfxPQs_1,sunrise,True,True,0.5227272510528564,0.5568181872367859,0.53125,0,3.0894389152526855,True
KZkI_RcaNjI_1,rajasthan,True,True,0.4545454680919647,0.46590909361839294,0.46875,0,5.133647441864014,True
K_d8eu4SgG0_1,explain,True,True,0.4399999976158142,0.4533333480358124,0.46875,1,4.841196060180664,True
K_lfla-AAV4,compass surveying,True,True,0.8600000143051147,0.8600000143051147,0.84375,16,15.73366641998291,True
KbF95Py-dZI,crawler loader,True,True,0.761904776096344,0.7698412537574768,0.75,3,4.748082160949707,True
Kb_ozOWxAfQ_1,my,True,True,0.4266666769981384,0.4266666769981384,0.40625,2,3.4988536834716797,True
KbmqszvRUmQ,policy,True,True,0.35576921701431274,0.35576921701431274,0.375,0,3.2764761447906494,True
KcJguZ4bFWU_1,what time,True,True,0.460317462682724,0.460317462682724,0.4375,3,6.352500915527344,True
KcNbuobK5GI,skating,True,True,0.6666666865348816,0.6666666865348816,0.625,4,8.031259536743164,True
KcxcXM11Lmo,mushroom,True,True,0.5595238208770752,0.5595238208770752,0.53125,0,5.395188808441162,True
KeXpYtzYCGo_2,random,True,True,1.0,1.0,1.0,4,10.165299415588379,True
KfY5FcxSBFk_2,globe,True,True,0.8383838534355164,0.8787878751754761,0.875,3,10.660667419433594,True
KfqRU_5sing,guinea,True,True,0.43023255467414856,0.43023255467414856,0.40625,1,6.642691612243652,True
Kh30NOSJmBc,fornication,True,True,0.8490028381347656,0.8490028381347656,0.8125,16,5.8207902908325195,True
KhHs-1AePDw,bless,True,True,0.4749999940395355,0.4749999940395355,0.46875,0,5.689548969268799,True
KicAz88jtLU_1,tariff,True,True,0.7047619223594666,0.7809523940086365,0.78125,0,2.085705518722534,True
KicV8fyFj2U_2,voit,True,True,0.8518518805503845,0.9506173133850098,0.9375,1,5.043802261352539,True
KjuOnxtgNrs_1,touch,True,True,0.2857142984867096,0.2857142984867096,0.28125,0,5.1511077880859375,True
KkLXMOjfW1M_1,bihar,True,True,0.4533333480358124,0.4533333480358124,0.4375,3,4.74995231628418,True
KlLTWfYX95g,milling cutter convex,True,True,0.6442952752113342,0.6442952752113342,0.625,3,5.178447246551514,True
Km1_9ZLW-w0,query,True,True,0.3052631616592407,0.3052631616592407,0.3125,2,3.078660488128662,True
Km4I-9zMWD4,soil survey,True,True,0.7599999904632568,0.7636363506317139,0.71875,13,6.78781795501709,True
KmAO72itjok_1,crow,True,True,0.8190476298332214,0.8666666746139526,0.84375,5,5.91202449798584,True
KnE_y9wziOc,cherry,True,True,0.7977527976036072,0.7977527976036072,0.78125,1,4.035680294036865,True
Ko2hEXvMWB4_1,jaundice,True,True,0.6666666865348816,0.6666666865348816,0.65625,0,4.928699493408203,True
KoMeOserJ2M,burn,True,True,0.4019607901573181,0.4019607901573181,0.375,6,4.573166847229004,True
KoixXkIyiUM_2,bulb,True,True,0.5393258333206177,0.5393258333206177,0.53125,0,2.1619293689727783,True
KotGJithHPs,asphyxia,True,True,0.727554202079773,0.7492260336875916,0.71875,0,5.82451868057251,True
KqdHyxm3XDA,amazon,True,True,0.5980392098426819,0.5980392098426819,0.5625,0,4.585084915161133,True
Ks0qQY_4_zo_1,vigilance,True,True,0.5809524059295654,0.5809524059295654,0.5625,0,3.9644854068756104,True
KsNrhfiqWHc,weave,True,True,0.6600000262260437,0.6899999976158142,0.6875,5,7.585711479187012,True
KsbMoTA5Rvk,comfortable,True,True,0.4444444477558136,0.46296295523643494,0.46875,2,2.9151997566223145,True
Ksqo7pUZGnM_1,trust,True,True,0.3444444537162781,0.3444444537162781,0.34375,0,1.854293942451477,True
Kt4-ijSTM58,chart,True,True,0.36000001430511475,0.37599998712539673,0.375,1,2.092339515686035,True
KtYQWbd8c2c,weak,True,True,0.5538461804389954,0.5538461804389954,0.5625,2,4.177029609680176,True
KtjbWweEkKE,paragraph,True,True,0.8527131676673889,0.8604651093482971,0.84375,3,4.7287702560424805,True
Ku52vuQCoak_2,echo,True,True,0.7727272510528564,0.7954545617103577,0.78125,2,4.624608516693115,True
KuG1qosmz1w,on cloud nine,True,True,0.7594594359397888,0.7648648619651794,0.78125,8,4.868901252746582,True
KuwgdEpM9Bw_1,electrician,True,True,0.6000000238418579,0.6399999856948853,0.625,3,6.314672470092773,True
Kx46yWsDfrU,build,True,True,0.42105263471603394,0.42105263471603394,0.40625,1,3.360952138900757,True
Kxj8mG2kNCc,mother,True,True,0.5492957830429077,0.577464759349823,0.5625,0,6.08266544342041,True
Ky8LfzgWGDU,very hot,True,True,0.6153846383094788,0.6153846383094788,0.625,0,4.438121318817139,True
KzcNcvmdfUc_1,classification,True,True,0.6727272868156433,0.7090908885002136,0.6875,0,3.512432098388672,True
L-u8WLA5E18_1,decide,True,True,0.6555555462837219,0.6777777671813965,0.65625,0,6.679439544677734,True
L0C9pyt3Iv0_1,chickoo,True,True,0.5600000023841858,0.5733333230018616,0.5625,3,4.908517837524414,True
L0J8OikrRXQ_1,competition,True,True,0.5,0.5166666507720947,0.53125,0,4.0538554191589355,True
L0dm0QB0XNc_1,receive,True,True,0.6133333444595337,0.6266666650772095,0.625,0,3.94661545753479,True
L1n0OnAH5YU,samsung mobile,True,True,0.41322314739227295,0.41322314739227295,0.40625,1,5.987150192260742,True
L2Kvwf8SEvE,transparent,True,True,0.6739130616188049,0.70652174949646,0.6875,0,2.7618980407714844,True
L2skBcrtvU4_1,sikh,True,True,0.460317462682724,0.460317462682724,0.46875,0,2.083613634109497,True
L37McuHckSI,good morning,True,True,0.49450549483299255,0.49450549483299255,0.46875,0,3.231673002243042,True
L3YJkEmPbaY_1,sparrow,True,True,0.8095238208770752,0.8190476298332214,0.8125,1,6.319561958312988,True
L3zllm-N0pA_1,amount,True,True,0.675000011920929,0.6916666626930237,0.6875,1,4.60737943649292,True
L42e09-GlGE_1,australia,True,True,0.47999998927116394,0.47999998927116394,0.46875,0,2.0185959339141846,True
L4iyGvSJbBU,arm hole,True,True,0.8628158569335938,0.8808664083480835,0.84375,3,5.821539878845215,True
L4q4_7OOznw,goa,True,True,0.38383838534355164,0.4444444477558136,0.4375,0,3.2364954948425293,True
L5LPezmVNTY,honey,True,True,0.557692289352417,0.557692289352417,0.53125,1,4.239269733428955,True
L5N6iSUREkg_1,point,True,True,0.42500001192092896,0.42500001192092896,0.40625,0,5.918364524841309,True
L6opOP8-MB4_1,account,True,True,0.47333332896232605,0.47999998927116394,0.46875,1,4.100757122039795,True
L77Jvnk92gI,reception,True,True,0.8728323578834534,0.8757225275039673,0.84375,11,5.130862236022949,True
L8RxN_IwuxU,marigold,True,True,0.64462810754776,0.64462810754776,0.625,4,7.155796527862549,True
L8btjcJoJMQ_1,time limit,True,True,0.5272727012634277,0.5333333611488342,0.5,0,3.674666404724121,True
L9tJKkCTWfs_1,another,True,True,0.4444444477558136,0.460317462682724,0.4375,2,4.403393268585205,True
L9zst1EDfWQ,report,True,True,0.7323943376541138,0.7746478915214539,0.75,4,6.061656951904297,True
LAMyZKIAF9c,millilitre,True,True,0.5681818127632141,0.5681818127632141,0.53125,0,5.798447132110596,True
LAT-u9Ww5ZU,yes,True,True,0.4651162922382355,0.4651162922382355,0.4375,0,1.8000887632369995,True
LAxFz0h8jVA,asia,True,True,0.48275861144065857,0.48275861144065857,0.46875,0,5.919608116149902,True
LBDJe5RV0Is_2,society marketing,True,True,0.644444465637207,0.6814814805984497,0.6875,0,5.531620025634766,True
LBHkQz5_AX8_1,top management,True,True,0.8606060743331909,0.8666666746139526,0.84375,0,5.322967529296875,True
LBjLmVz_ae0_1,telephone,True,True,0.4000000059604645,0.41333332657814026,0.40625,0,2.3361544609069824,True
LCM-nxFhJA8,actuary,True,True,0.40425533056259155,0.40425533056259155,0.40625,4,5.442253112792969,True
LCT8D8alG48_1,credit voucher,True,True,0.6611111164093018,0.6611111164093018,0.625,2,4.553671360015869,True
LEU5wPrJOEE_2,virtual image,True,True,0.7900000214576721,0.7900000214576721,0.78125,1,9.493301391601562,True
LEkQofDsLww_1,lend,True,True,0.23999999463558197,0.2800000011920929,0.28125,2,4.261940002441406,True
LEqwMyWAVG0_1,computerisation,True,True,0.9809523820877075,1.0,1.0,3,6.880284786224365,True
LFAMKxEzB_g,hot air balloon,True,True,0.5963302850723267,0.5963302850723267,0.59375,4,6.788591384887695,True
LFFS1Hdq7cA_1,lunch,True,True,0.841269850730896,0.9365079402923584,0.9375,0,2.8802480697631836,True
LFzg2ex5OPs_2,perfect,True,True,0.4166666567325592,0.5,0.5,1,4.842164993286133,True
LG9lvVHK-xA,target,True,True,0.4556961953639984,0.4556961953639984,0.4375,0,3.4304590225219727,True
LGWGD0eoxFg,chickenpox,True,True,0.6666666865348816,0.6785714030265808,0.65625,0,3.2717490196228027,True
LH_-eRo-vYw,points,True,True,0.410526305437088,0.410526305437088,0.375,1,2.766056776046753,True
LIZdSKzcc7c_2,electromagnet,True,True,0.8068181872367859,0.8181818127632141,0.78125,0,12.728358268737793,True
LJDiOMjjmgQ_1,inefficient,True,True,0.8571428656578064,0.8571428656578064,0.84375,0,5.312019348144531,True
LJErvGH5rVU_1,bug,True,True,0.8133333325386047,0.8933333158493042,0.90625,1,3.361835479736328,True
LJZaMf1NGs0,snake,True,True,0.37362638115882874,0.37362638115882874,0.375,0,4.543510437011719,True
LKNKVzQj9S4_1,rubber,True,True,0.644444465637207,0.644444465637207,0.625,0,4.522931098937988,True
LLRVhSkiGkc,judge,True,True,0.7760416865348816,0.8020833134651184,0.75,9,4.2846879959106445,True
LLZBIVJyAW8_1,open dated,True,True,0.6962962746620178,0.7259259223937988,0.65625,0,4.160675525665283,True
LMiCwHGzWWY,multi storey building,True,True,0.8291139006614685,0.8797468543052673,0.84375,5,5.940824508666992,True
LNGTLVpK9pY,family court,True,True,0.8640226721763611,0.8725212216377258,0.875,14,5.521206855773926,True
LNVUK4DX5GA,wave,True,True,0.7575757503509521,0.7696969509124756,0.75,2,3.320822238922119,True
LNeQmfpFxKw,lauki,True,True,0.5480769276618958,0.557692289352417,0.53125,1,6.056861877441406,True
LOHFGeu_YVo_1,quote,True,True,0.5714285969734192,0.5873016119003296,0.59375,2,6.146941661834717,True
LOJcAGPKq50,thirty,True,True,0.44628098607063293,0.44628098607063293,0.4375,0,2.4635188579559326,True
LPASkvwrEhg_1,emoluments,True,True,0.34166666865348816,0.375,0.375,1,4.566997051239014,True
LRAKP8hKHTs_1,snow,True,True,0.7433628439903259,0.752212405204773,0.75,3,5.34844446182251,True
LRgu4y1wgyM_1,sculpture,True,True,0.3492063581943512,0.3492063581943512,0.34375,0,3.3886427879333496,True
LSrto7ULuac,trust,True,True,0.5,0.5384615659713745,0.53125,0,6.339634895324707,True
LSysLOgMsG8_1,search,True,True,0.8522727489471436,0.8863636255264282,0.875,1,4.104126453399658,True
LUZ-fo_p2eM,kiss,True,True,0.30630630254745483,0.30630630254745483,0.3125,1,4.017369270324707,True
LUwTvq8IlG8_1,wrong,True,True,0.42222222685813904,0.42222222685813904,0.40625,0,6.108067989349365,True
LVelMSPoeIk_2,stepup transformer,True,True,0.7908496856689453,0.8366013169288635,0.8125,4,5.150485992431641,True
LVoWdSuY_DA,broom,True,True,0.48543688654899597,0.48543688654899597,0.46875,1,6.420635223388672,True
LVqnqzIAFGg,jammu & kashmir,True,True,0.6018518805503845,0.6018518805503845,0.59375,1,5.670049667358398,True
LVx3EA_f0yo_1,shave,True,True,0.3866666555404663,0.3866666555404663,0.375,0,2.0455851554870605,True
LWiXmjFqjIU_1,bread,True,True,0.523809552192688,0.5396825671195984,0.53125,0,2.7592520713806152,True
LY35ZmX5ZKA_1,nest,True,True,0.699999988079071,0.699999988079071,0.6875,1,9.076828002929688,True
LY6maLw5JZg,bajaj bike,True,True,0.42592594027519226,0.42592594027519226,0.40625,4,4.713837146759033,True
LYQL5Is2IP0,without,True,True,0.3619047701358795,0.3619047701358795,0.375,0,2.9367146492004395,True
LYRpKbuXtw8,drug,True,True,0.6103895902633667,0.6103895902633667,0.625,1,2.402362585067749,True
LYaC4yU2_AE,online shopping,True,True,0.44999998807907104,0.44999998807907104,0.4375,1,7.482644557952881,True
LYfzb9LaUHw_2,earth,True,True,0.9450549483299255,0.9450549483299255,0.9375,0,7.093997478485107,True
LYrq1Zc046M_2,tuning fork,True,True,0.6666666865348816,0.7070707082748413,0.6875,1,7.4991841316223145,True
LZNIKt_FVwI_1,earn,True,True,0.4266666769981384,0.4266666769981384,0.40625,2,4.6891937255859375,True
LZXA3I9E1gM,tool,True,True,0.5083333253860474,0.5333333611488342,0.53125,2,2.997861385345459,True
LZheGIIbAGs_2,final,True,True,0.6891891956329346,0.7297297120094299,0.71875,3,5.321263313293457,True
LZreqlssnWQ_1,love,True,True,0.8933333158493042,0.9466666579246521,0.9375,2,2.6768507957458496,True
LashuTkELEo_2,alternate current,True,True,0.7356321811676025,0.7586206793785095,0.75,2,3.87573504447937,True
LbxSV8unB9M_1,afternoon,True,True,0.7733333110809326,0.7733333110809326,0.78125,0,2.889529228210449,True
LcIgsxb9F1Y_1,birth,True,True,0.6666666865348816,0.7250000238418579,0.6875,3,5.14283561706543,True
Ld5T9glcT2k_1,things,True,True,0.5222222208976746,0.5333333611488342,0.53125,1,4.443957328796387,True
Ld9qDys95es,jellyfish,True,True,0.682692289352417,0.692307710647583,0.6875,0,5.291910648345947,True
LdB-xdR0WlM_2,cold,True,True,0.8194444179534912,0.9305555820465088,0.9375,2,8.736496925354004,True
LdEwOck6U_w_2,thermal,True,True,0.9753086566925049,1.0,1.0,2,7.954631805419922,True
LdYbstdYCR8,bmw,True,True,0.5041322112083435,0.5041322112083435,0.46875,2,4.813255786895752,True
LdhMy2tqQB4_2,in lieu of,True,True,0.6379310488700867,0.6379310488700867,0.625,1,5.324637413024902,True
LeIkWWTH__A_1,quotation,True,True,0.5523809790611267,0.5714285969734192,0.5625,1,5.14796781539917,True
LeRzzzBBsmU,graft,True,True,0.46666666865348816,0.4761904776096344,0.46875,0,5.843635082244873,True
LfNnApnUb0k,yamaha bike,True,True,0.4536082446575165,0.4536082446575165,0.4375,4,6.2970781326293945,True
LfYldiPt7Uw_1,holy,True,True,0.4886363744735718,0.5,0.46875,1,4.425354957580566,True
LfeTLkxBG30,skirt,True,True,0.4153846204280853,0.4153846204280853,0.40625,0,4.6985602378845215,True
LfpizDfWhns_1,query,True,True,0.36666667461395264,0.4000000059604645,0.40625,2,4.537942409515381,True
Lh8YfU2MNWc_1,experience,True,True,0.6399999856948853,0.6399999856948853,0.625,1,4.264798164367676,True
LiMHHFhjutc,son,True,True,0.653333306312561,0.653333306312561,0.625,1,5.039925575256348,True
LipF082b75I,pinking shears,True,True,0.5185185074806213,0.5185185074806213,0.5,0,3.069643259048462,True
Lj9L7fUElLE,match,True,True,0.5802469253540039,0.5802469253540039,0.5625,0,12.469157218933105,True
LjoBu4KD33Y,complain,True,True,0.4747474789619446,0.4747474789619446,0.46875,0,4.009140491485596,True
LjwZPYHjqds,tripura,True,True,0.5980392098426819,0.5980392098426819,0.59375,0,2.9690704345703125,True
LjxomDXWlSU_1,hindu undivided family,True,True,0.9866666793823242,0.9866666793823242,1.0,1,6.770002365112305,True
LkAdSi8XMnA_1,map,True,True,0.75,0.75,0.75,6,4.608193397521973,True
Lkztp3ZDShA,view,True,True,0.550561785697937,0.550561785697937,0.53125,1,5.702859401702881,True
Ll1sRFunlD8,anti corruption law,True,True,0.630630612373352,0.630630612373352,0.625,4,4.212855339050293,True
LlpSiou4X7w,elephant,True,True,0.25999999046325684,0.27000001072883606,0.25,1,4.840302467346191,True
LmFIEd0Ejq8,process,True,True,0.698924720287323,0.7634408473968506,0.75,0,3.687001943588257,True
Lngoh_uQHzw_1,month,True,True,0.4166666567325592,0.4333333373069763,0.40625,0,4.316470146179199,True
LoDs7v25rTw,civil engineering,True,True,0.7752808928489685,0.7752808928489685,0.75,2,6.277588367462158,True
LpK4vi7gyoU,dubai,True,True,0.38260868191719055,0.3913043439388275,0.375,0,2.8229470252990723,True
Lq13Nl5Ps58,abacus,True,True,0.6441717743873596,0.650306761264801,0.625,1,5.162731647491455,True
LqLnP37No_Y,switch,True,True,0.5894736647605896,0.5894736647605896,0.5625,1,2.8876280784606934,True
Lr1RBzRU5IY,prevent,True,True,0.7695035338401794,0.7730496525764465,0.75,12,5.692819118499756,True
LtKLGzkfK7k,semi aniline skin,True,True,0.5745614171028137,0.5789473652839661,0.5625,8,4.295020580291748,True
Lu0AwKQ33Sw,concrete,True,True,0.9078013896942139,0.9290780425071716,0.9375,3,5.080328464508057,True
Lu_R01JQky8_1,apple,True,True,0.47727271914482117,0.4886363744735718,0.5,2,2.5694580078125,True
Lv_-f-V3ylE,slap,True,True,0.5625,0.574999988079071,0.5625,0,3.989673137664795,True
LwD7BG_zdXM,reporter,True,True,0.6776315569877625,0.6776315569877625,0.65625,3,5.682248115539551,True
LyZNz7OHiBc,clear,True,True,0.48148149251937866,0.48148149251937866,0.5,2,5.210122585296631,True
Lypi1wvlQ5s_1,socks,True,True,0.4266666769981384,0.4266666769981384,0.40625,1,3.3230319023132324,True
LzD3My7FOzI,professional,True,True,0.5728155374526978,0.5728155374526978,0.5625,0,3.4178690910339355,True
M-0j7OCBolw_1,brass,True,True,0.5083333253860474,0.5416666865348816,0.5625,2,5.25718879699707,True
M-aaJfrtvaA,weapon,True,True,0.6208791136741638,0.6483516693115234,0.625,4,5.102595329284668,True
M-sKe4o73uE,i don't know,True,True,0.4893617033958435,0.4893617033958435,0.46875,0,2.0796945095062256,True
M0bcUWG8vrg,hyderabad,True,True,0.6029411554336548,0.6029411554336548,0.5625,3,4.2662553787231445,True
M1qOXnG0A6s,lower court,True,True,0.8638888597488403,0.8666666746139526,0.84375,6,6.241551399230957,True
M24VjuHEfgo,wait,True,True,0.410526305437088,0.410526305437088,0.40625,0,2.72763729095459,True
M4-wk97gffk_1,debt,True,True,0.43703705072402954,0.45185184478759766,0.46875,1,5.5560479164123535,True
M5ML0oF4VzU,can,True,True,0.4275362193584442,0.4275362193584442,0.40625,2,19.401660919189453,True
M5d-xq3xJi4,manner,True,True,0.2719298303127289,0.34210526943206787,0.3125,1,6.755153656005859,True
M7-RJmu46Fs_1,fumiture,True,True,0.41333332657814026,0.5,0.5,1,3.296901226043701,True
M7fd9b-5J64_1,blind,True,True,0.4126984179019928,0.4285714328289032,0.4375,0,1.8969141244888306,True
M84ritBmcTE,egypt,True,True,0.5925925970077515,0.604938268661499,0.59375,0,2.820608377456665,True
M9A3PKPxbdY_1,door,True,True,0.6952381134033203,0.6952381134033203,0.6875,3,5.510748386383057,True
M9dzu-DC9Yg,judaism,True,True,0.5333333611488342,0.5333333611488342,0.53125,1,4.55424165725708,True
MAZVS8doD6E,learn,True,True,0.36231884360313416,0.37681159377098083,0.34375,0,2.2435801029205322,True
MB7HhOsEvxk,expiry,True,True,0.34645670652389526,0.34645670652389526,0.34375,0,4.925063133239746,True
MBJe-opDrVg,banker,True,True,0.375,0.380952388048172,0.375,0,4.975412845611572,True
MBQiG5ZQFQM_1,angle,True,True,0.6399999856948853,0.6399999856948853,0.625,0,4.648484230041504,True
MBpTWWSc1JE_1,science,True,True,0.5199999809265137,0.5199999809265137,0.5,2,5.673943519592285,True
MDshuUzuAQQ_1,drown,True,True,0.5714285969734192,0.5714285969734192,0.5625,0,3.4660463333129883,True
ME7pnv4k_l0_1,good,True,True,0.5777778029441833,0.5777778029441833,0.59375,0,8.532151222229004,True
MF1FXsA8yXw,hot,True,True,0.37068966031074524,0.37068966031074524,0.34375,1,2.683907985687256,True
MFNsb1cUbDc,automatic,True,True,0.6344085931777954,0.6344085931777954,0.625,2,9.131616592407227,True
MFWHZG1Xnr4,livelihood,True,True,0.6000000238418579,0.6000000238418579,0.59375,0,3.2957518100738525,True
MGPdiPWgglk_1,lgnore,True,True,0.4126984179019928,0.4444444477558136,0.4375,0,3.7304527759552,True
MGrjrGgjADY,rich,True,True,0.5866666436195374,0.6800000071525574,0.6875,1,3.5061557292938232,True
MH1cXARmtE0,sequential,True,True,0.7185184955596924,0.7185184955596924,0.71875,4,17.517261505126953,True
MH7f6cug0zU_1,re pledge,True,True,0.653333306312561,0.746666669845581,0.71875,0,5.158871173858643,True
MHcb7CiK_IA_1,accessories,True,True,0.5133333206176758,0.5266666412353516,0.53125,1,3.911977767944336,True
MI2Jae1agR4,news,True,True,0.6410256624221802,0.6410256624221802,0.625,1,2.8464291095733643,True
MIal50cVwM0_1,x-ray,True,True,0.47999998927116394,0.47999998927116394,0.46875,1,4.4488844871521,True
MJTOje2ViH4,our,True,True,0.5316455960273743,0.5316455960273743,0.53125,0,4.327789306640625,True
MJelSVaA5KY_1,roar,True,True,0.5166666507720947,0.5166666507720947,0.53125,4,5.65798282623291,True
MKSKluySI3E,timid,True,True,0.5784313678741455,0.5784313678741455,0.5625,1,5.484098434448242,True
MKbBSGnFUPY,fluted  pleats,True,True,0.449404776096344,0.449404776096344,0.4375,8,3.5924558639526367,True
MKirgaLINXQ_1,trouble,True,True,0.5666666626930237,0.5666666626930237,0.5625,1,3.523818016052246,True
MLAL7ASrh5s,pure,True,True,0.5744680762290955,0.5957446694374084,0.59375,2,10.529208183288574,True
MMHxvuN8Z_0_1,job,True,True,0.7916666865348816,0.8416666388511658,0.8125,0,4.547377109527588,True
MMrUJwt_8oQ,orange,True,True,0.3552631437778473,0.3552631437778473,0.34375,0,3.586087942123413,True
MMzsqe-mNmc,qualification,True,True,0.71875,0.71875,0.71875,0,4.393709659576416,True
MN2qjSNQdMg,steering wheel,True,True,0.7058823704719543,0.7058823704719543,0.6875,3,7.539525985717773,True
MNCeezFR_YI,bread,True,True,0.5106382966041565,0.5106382966041565,0.5,1,7.618549823760986,True
MONtOZhRgek_2,positive,True,True,0.5,0.5,0.46875,0,4.307931900024414,True
MOW2rm7IXxg_1,solid,True,True,0.4266666769981384,0.4266666769981384,0.40625,0,6.795929431915283,True
MOu0z-QaJww_1,lay out,True,True,0.8533333539962769,0.9266666769981384,0.9375,3,3.6466283798217773,True
MOy1x8EroPs,bandit munger,True,True,0.4507042169570923,0.5352112650871277,0.5,0,2.0567989349365234,True
MPCAeXe2E0c,three days after,True,True,0.3255814015865326,0.3255814015865326,0.34375,3,10.211660385131836,True
MRcVRxcFrVE,glue gun,True,True,0.6943699717521667,0.6997318863868713,0.65625,4,5.249532699584961,True
MRf9vcls4eQ,restaurant,True,True,0.821052610874176,0.8631578683853149,0.84375,0,11.386356353759766,True
MT8KL4XePl8_1,year calender,True,True,0.5249999761581421,0.6083333492279053,0.59375,3,3.639359474182129,True
MTAoneZNzeQ,allow,True,True,0.4285714328289032,0.4285714328289032,0.40625,0,5.235140800476074,True
MUALhjDPcdE,bank account number,True,True,0.7303370833396912,0.7303370833396912,0.71875,1,3.992100477218628,True
MUWVSQ7vqGE_1,supersession,True,True,0.7749999761581421,0.8166666626930237,0.8125,1,2.8886067867279053,True
MVggQBRCOIw_1,september,True,True,0.6666666865348816,0.7333333492279053,0.6875,1,4.7789716720581055,True
MWnrLOwPLqQ_1,kitchen,True,True,0.5916666388511658,0.6083333492279053,0.59375,2,5.516460418701172,True
MXNChZEW6yI,denmark,True,True,0.5270270109176636,0.5540540814399719,0.53125,2,4.689088344573975,True
MXmTYGHWvvE,yes,True,True,0.3835616409778595,0.4794520437717438,0.5,0,2.027003765106201,True
MY-9YI3Slvg_1,posting,True,True,0.35555556416511536,0.3777777850627899,0.375,3,4.366127967834473,True
MYVwYIX47wQ,never,True,True,0.553398072719574,0.5728155374526978,0.5625,2,5.430299282073975,True
MYfR4Ec-zU0_1,association,True,True,0.5083333253860474,0.5083333253860474,0.5,1,2.972677707672119,True
MYjYOTXhiZs,residential building,True,True,0.8799999952316284,0.8880000114440918,0.875,4,4.0222249031066895,True
MZBRGZovo8A_1,punishment,True,True,0.4444444477558136,0.4761904776096344,0.46875,8,9.66873836517334,True
MZZ52lsCfSw,seven,True,True,0.5308641791343689,0.5308641791343689,0.5,0,1.9739696979522705,True
MZsQzU7tOfs,ban,True,True,0.4545454680919647,0.4545454680919647,0.46875,1,5.37033224105835,True
M_F0YMifj5g_1,zebra crossing,True,True,0.7866666913032532,0.800000011920929,0.8125,3,5.756317615509033,True
MbKRtuwkHPM,wild swine,True,True,0.7743055820465088,0.7743055820465088,0.75,4,4.947041034698486,True
MbUT3Kfq4Dc_1,beat,True,True,0.5873016119003296,0.6666666865348816,0.6875,1,5.365197658538818,True
Mbu8042cTuA_1,back,True,True,0.4285714328289032,0.5333333611488342,0.53125,0,7.494481086730957,True
McHijMoln7U,knowledgeable,True,True,0.4285714328289032,0.4591836631298065,0.4375,2,5.032811641693115,True
MeJB3ZRQQcY,hygiene,True,True,0.42741936445236206,0.42741936445236206,0.40625,2,5.827267646789551,True
MeKJPAuFOgk_1,bhopal,True,True,0.3968254029750824,0.3968254029750824,0.40625,0,3.411612033843994,True
MeoJV0K0uTg_1,pass book,True,True,0.5809524059295654,0.6285714507102966,0.65625,1,3.2242112159729004,True
MflJey4lrQk,hair dryer,True,True,0.6390977501869202,0.6390977501869202,0.625,1,4.684569358825684,True
MhHOduyqKv4,two,True,True,0.5740740895271301,0.5740740895271301,0.5625,0,2.627847194671631,True
MhUpw_qPCHU_2,ammeter,True,True,0.7682926654815674,0.8048780560493469,0.8125,2,13.506739616394043,True
MhZrm3H1aBE,join,True,True,0.5666666626930237,0.5666666626930237,0.5625,1,3.909393548965454,True
Mhwfin8V4sQ_1,round,True,True,0.6333333253860474,0.699999988079071,0.65625,4,7.060547351837158,True
MiGluii6UII,maruti car,True,True,0.5249999761581421,0.5249999761581421,0.53125,4,13.470495223999023,True
Miw0xZr0diU,roti,True,True,0.5142857432365417,0.523809552192688,0.5,2,7.311379909515381,True
MjRPq3GCSZk,weird,True,True,0.39080458879470825,0.39080458879470825,0.40625,1,3.6567347049713135,True
MlZ9Hx3mkBk_1,onion,True,True,0.4285714328289032,0.4444444477558136,0.4375,0,3.8294506072998047,True
MlfKy5CzqVg_1,withhold,True,True,0.5666666626930237,0.5777778029441833,0.5625,2,6.389265060424805,True
MmeNMGTN-aY_1,hippo,True,True,0.5,0.5555555820465088,0.53125,2,5.1961774826049805,True
MmrdlTXfNco,uttar pradesh,True,True,0.4523809552192688,0.4523809552192688,0.4375,3,5.696908950805664,True
MnSaW7AFr1w_1,weigh,True,True,0.2933333218097687,0.3199999928474426,0.34375,1,4.243513107299805,True
Mo-VXbTe0bs_1,january,True,True,0.4933333396911621,0.4933333396911621,0.46875,0,3.8382530212402344,True
Moi8EgQo6rE_2,atom,True,True,0.650943398475647,0.6886792182922363,0.6875,0,6.3151164054870605,True
MpOh9MQvWbY,belt,True,True,0.3333333432674408,0.3333333432674408,0.34375,1,11.08555793762207,True
Mq1c27rJxqY_1,mirror,True,True,0.5714285969734192,0.5714285969734192,0.5625,0,3.1908209323883057,True
Mq8cmp7QjOY,mason square,True,True,0.935606062412262,0.939393937587738,0.90625,3,5.105578422546387,True
Mqa0sDOMArQ,exercise,True,True,0.5308641791343689,0.5432098507881165,0.53125,0,2.2009212970733643,True
Mr30rM7vf4Q,dizzy,True,True,0.48739495873451233,0.48739495873451233,0.46875,1,4.411962509155273,True
MrP80GmJveQ_2,spectrum,True,True,0.8041236996650696,0.8041236996650696,0.8125,1,4.67824649810791,True
MsWnmwlUBik_2,angular velocity,True,True,0.617977499961853,0.6516854166984558,0.65625,1,4.679609298706055,True
MsxYYS8q9Hw_1,result,True,True,0.4920634925365448,0.4920634925365448,0.46875,0,3.776808738708496,True
Mtm4Xg52b9c_1,subscription,True,True,0.44999998807907104,0.44999998807907104,0.4375,5,9.359956741333008,True
MtnBSpuX1IA,value scale,True,True,0.6986899375915527,0.6986899375915527,0.65625,0,4.607875823974609,True
MtnXC9CWB6I_1,horse,True,True,0.4444444477558136,0.4444444477558136,0.4375,2,2.9137558937072754,True
MwHD6LxnfXo,website,True,True,0.5714285969734192,0.5714285969734192,0.5625,0,4.353828430175781,True
Mx_mNhBhWx0,toy,True,True,0.5882353186607361,0.5947712659835815,0.5625,6,5.499745845794678,True
Mxlci8amm_0_1,necklace,True,True,0.5333333611488342,0.5333333611488342,0.53125,0,3.468205690383911,True
My4hzshl_RY_1,us,True,True,0.8799999952316284,0.8999999761581421,0.90625,1,2.7962143421173096,True
MyFCxLg44HY_2,capillary tube,True,True,0.8111110925674438,0.8888888955116272,0.90625,0,5.4649834632873535,True
MzwOHZTi4OU,shaving brush,True,True,0.6931818127632141,0.6931818127632141,0.6875,0,3.500474452972412,True
N0-cIcGCH3A,kazakhstan,True,True,0.5,0.5,0.46875,0,4.603031635284424,True
N05i2V0_8kI,malaysia,True,True,0.5454545617103577,0.5714285969734192,0.5625,0,5.2005815505981445,True
N0HOc0gJyRs_1,laugh,True,True,0.8133333325386047,0.8399999737739563,0.8125,1,5.238389015197754,True
N0OMPBVVK3o,praise,True,True,0.6184210777282715,0.6315789222717285,0.625,3,6.418551921844482,True
N0QNiLrVGl4,casio,True,True,0.6578947305679321,0.6666666865348816,0.65625,5,7.313119888305664,True
N0Tgyn59Erw_1,waterfall,True,True,0.6477272510528564,0.6704545617103577,0.65625,2,4.696162223815918,True
N0bpk_dzCuk,bite,True,True,0.625,0.625,0.59375,4,4.084518909454346,True
N0lQZi87koY,meeting,True,True,0.72826087474823,0.72826087474823,0.71875,3,4.359530925750732,True
N13nVxyNA2Q,setting of cement,True,True,0.8852459192276001,0.8852459192276001,0.84375,2,4.829072952270508,True
N1J4iPzvFDY_2,apparatus,True,True,0.36936935782432556,0.477477490901947,0.4375,1,4.586362838745117,True
N1sRspbhlk8_2,geothermal energy,True,True,0.8510638475418091,0.914893627166748,0.90625,4,6.39589786529541,True
N2GsWA1smG8,amazed,True,True,0.6629213690757751,0.6741573214530945,0.65625,1,8.724139213562012,True
N4NevefkpsQ,cycle,True,True,0.6464646458625793,0.6464646458625793,0.625,1,4.468728065490723,True
N4a_K3p9KG8,tractive work,True,True,0.7904191613197327,0.7904191613197327,0.78125,11,4.545783042907715,True
N4rsVFJsb1Y_1,accumulated,True,True,0.6388888955116272,0.644444465637207,0.59375,1,4.96626615524292,True
N51UnxHrRZg,process,True,True,0.7473683953285217,0.800000011920929,0.78125,0,3.622762680053711,True
N53qGezr7MU,woodpecker,True,True,0.4740740656852722,0.4740740656852722,0.46875,3,5.775856971740723,True
N62iv94HI18,thailand,True,True,0.5652173757553101,0.5652173757553101,0.5625,0,3.8590922355651855,True
N6DxyKcaZVs,lighthouse,True,True,0.6242424249649048,0.6242424249649048,0.59375,2,4.687925338745117,True
N6zCu36_1xI_2,blue,True,True,0.5,0.5595238208770752,0.53125,2,3.4040937423706055,True
N7q37KQfzhk_1,sufficient,True,True,0.8074073791503906,0.8370370268821716,0.84375,1,3.655559778213501,True
N9JQMzE7_DI,england,True,True,0.5970149040222168,0.5970149040222168,0.59375,0,4.3279876708984375,True
N9XgekP7Qtg,hidden file,True,True,0.824999988079071,0.8333333134651184,0.8125,3,3.7491989135742188,True
NA5iMrff4Cs,elastic,True,True,0.371841162443161,0.371841162443161,0.34375,1,6.827233791351318,True
NATVmGM4bpQ_1,year,True,True,0.5523809790611267,0.561904788017273,0.5625,5,5.530999183654785,True
NAiENsui-oc_1,lie,True,True,0.54666668176651,0.5733333230018616,0.5625,0,2.936359167098999,True
NAkU6Uj85R8,zipper foot,True,True,0.53125,0.53125,0.5,4,7.015900611877441,True
NBEVpBk-9VI,soft,True,True,0.6585366129875183,0.6585366129875183,0.65625,0,7.411149501800537,True
NC0iEaE7Ba4,tuesday,True,True,0.42465752363204956,0.42465752363204956,0.4375,2,7.547584056854248,True
NCRLLU_dxcM_1,sparrow,True,True,0.7916666865348816,0.7916666865348816,0.78125,6,15.727557182312012,True
ND1WM_XYP4Q,numerical control,True,True,0.6973684430122375,0.7105262875556946,0.6875,8,6.485496997833252,True
ND4_C6fI-BU,society,True,True,0.45967742800712585,0.45967742800712585,0.46875,2,4.7377729415893555,True
NFHHa94P-k8,concrete mixture,True,True,0.8779527544975281,0.8779527544975281,0.84375,4,13.766046524047852,True
NFnBaFx_SWI,annual for foliage beauty,True,True,0.8892215490341187,0.8952096104621887,0.875,8,4.238706588745117,True
NGJkhj4AWbA_1,sick,True,True,0.7066666483879089,0.7200000286102295,0.71875,0,4.559751987457275,True
NGRn28khiEY,rainy season vegetables,True,True,0.7442747950553894,0.7442747950553894,0.71875,14,8.574564933776855,True
NGfUhD-kG1M,change,True,True,0.6043956279754639,0.6043956279754639,0.59375,1,5.181337356567383,True
NJWphYVdS5I_1,justice,True,True,0.682539701461792,0.6984127163887024,0.6875,2,4.491868495941162,True
NJZoju_a6Ig_1,hang,True,True,0.460317462682724,0.5079365372657776,0.5,3,4.570671081542969,True
NJuhUVHvXi4_2,created,True,True,0.47058823704719543,0.4941176474094391,0.46875,0,2.7774736881256104,True
NKaU1IK6k94_1,august,True,True,0.5600000023841858,0.5733333230018616,0.5625,2,5.951319694519043,True
NLEkfw25jWU_2,focal length,True,True,0.837837815284729,0.837837815284729,0.8125,0,3.782588481903076,True
NLlTJ8yeeYM_1,honorarium,True,True,0.9833333492279053,1.0,1.0,2,5.118590354919434,True
NLy90nqeNko_1,singapore,True,True,0.5299999713897705,0.5299999713897705,0.53125,1,4.1991729736328125,True
NMajC62MvaQ_1,work,True,True,0.653333306312561,0.6666666865348816,0.65625,1,3.118995428085327,True
NMnARovUYLw_1,vomit,True,True,0.25,0.2613636255264282,0.25,0,4.50118350982666,True
NMwrtYskaeU,leaf spring,True,True,0.8723404407501221,0.8784194588661194,0.84375,7,10.41482925415039,True
NNiFl_dTBk0_1,throw,True,True,0.3733333349227905,0.4000000059604645,0.40625,0,3.6906991004943848,True
NPrAFhC6vWk_1,body,True,True,0.2777777910232544,0.2777777910232544,0.21875,0,5.87380313873291,True
NPxCD7p6M80_1,small pox,True,True,0.6777777671813965,0.6888889074325562,0.6875,1,2.370778799057007,True
NQ7Gnl9nRuY,window,True,True,0.761904776096344,0.7777777910232544,0.75,2,6.143689155578613,True
NQTfv_uhpfg,winter,True,True,0.28723403811454773,0.28723403811454773,0.28125,0,3.1614391803741455,True
NROeKyImRuI_1,food,True,True,0.6507936716079712,0.7142857313156128,0.71875,0,2.4189884662628174,True
NS7WrHCEPVk_1,penality,True,True,0.4266666769981384,0.4399999976158142,0.4375,1,10.042614936828613,True
NSERnk7V4ZA_1,careful,True,True,0.4266666769981384,0.4266666769981384,0.40625,0,5.578212261199951,True
NSM4xH0MhHY,benign,True,True,0.6602563858032227,0.6602563858032227,0.65625,3,6.084652900695801,True
NSwtAmwDTZE_1,sand,True,True,0.5699999928474426,0.5799999833106995,0.5625,2,6.568760871887207,True
NT-LpmJHMcw,mediocre,True,True,0.5783132314682007,0.5783132314682007,0.5625,2,4.32135009765625,True
NTNbTr_PLqU_1,participation,True,True,0.4285714328289032,0.4285714328289032,0.46875,2,4.633181571960449,True
NUKt0kkYSg4,sick,True,True,0.48148149251937866,0.48148149251937866,0.46875,0,3.826744794845581,True
NUn7Lyw4H9U,wheeled robots,True,True,0.7716535329818726,0.7716535329818726,0.75,5,5.26549768447876,True
NVNirvNgU9g,pledge,True,True,0.5,0.5232558250427246,0.53125,2,6.824615478515625,True
NW-BP9pf4JI_1,girl,True,True,0.7111111283302307,0.7259259223937988,0.71875,0,3.1548919677734375,True
NWx2vBB9F7g_1,pig,True,True,0.6380952596664429,0.6476190686225891,0.625,3,4.494109153747559,True
NXEPPzd8AXk_1,freeze,True,True,0.8253968358039856,0.8571428656578064,0.875,0,2.4478676319122314,True
NXjRJs0Wxkg,wedge,True,True,0.8590604066848755,0.8791946172714233,0.875,14,3.9178006649017334,True
NY2fpEI5uDY_1,world,True,True,0.6666666865348816,0.6666666865348816,0.65625,4,6.459070205688477,True
NY7NZeZ-ufw,research farm,True,True,0.8150943517684937,0.8150943517684937,0.8125,5,6.205343246459961,True
NYWcVvZIlwY_2,external,True,True,0.3297872245311737,0.39361703395843506,0.375,0,2.6533281803131104,True
NYbiMxMfp3A,brown sport of rice,True,True,0.8878205418586731,0.8878205418586731,0.875,6,8.899829864501953,True
NZ2sunnoc7k,torch,True,True,0.6734693646430969,0.6836734414100647,0.6875,0,3.132676601409912,True
NZ3PZzNJ2hs_1,magic,True,True,0.3968254029750824,0.3968254029750824,0.40625,1,3.4425511360168457,True
NZXhDTubUiI,videographer,True,True,0.6829268336296082,0.6829268336296082,0.6875,1,6.124294281005859,True
NZZkWB8jtls_2,adjustable screw,True,True,0.6804123520851135,0.7628865838050842,0.78125,3,4.964112758636475,True
NZn29gNlDio,stress,True,True,0.39423078298568726,0.39423078298568726,0.40625,1,3.500699996948242,True
NZoSVSZeP7s_1,prohibit,True,True,0.17499999701976776,0.17499999701976776,0.1875,0,3.429304838180542,False
NZwNyVXvpTo_1,money,True,True,0.3492063581943512,0.3492063581943512,0.34375,0,3.4053471088409424,True
NaiHTSSvCuE_2,telescope,True,True,0.6052631735801697,0.6228070259094238,0.59375,0,4.226924419403076,True
Nb7os_UNC0o_1,hen,True,True,0.6933333277702332,0.6933333277702332,0.6875,0,6.259744644165039,True
Nb8uJ822Tig,tinda,True,True,0.6880733966827393,0.6880733966827393,0.65625,4,4.045133590698242,True
NbG_5zEsSoE,express,True,True,0.7204301357269287,0.7204301357269287,0.71875,3,6.40783166885376,True
NbO2R-jwElw_1,moneylender,True,True,0.9333333373069763,0.961904764175415,0.9375,1,8.471500396728516,True
Ncpxyoe9VTE_1,crime,True,True,0.3650793731212616,0.3650793731212616,0.34375,0,6.911604881286621,True
NcqHqk2ybW4_2,parallel,True,True,0.44680851697921753,0.44680851697921753,0.4375,1,3.2521982192993164,True
Ncynk9HDp3c_1,swallow,True,True,0.3583333194255829,0.3583333194255829,0.34375,0,5.16525936126709,True
NeEUjskiXkY,layered skirt,True,True,1.0,1.0,1.0,4,5.914710998535156,True
NeXKnG1-7cU_1,false,True,True,0.653333306312561,0.653333306312561,0.65625,0,4.2933173179626465,True
Ned2R4FgR7Y_1,calculation,True,True,0.6583333611488342,0.6833333373069763,0.6875,1,6.658980846405029,True
NfOadhavWHs_1,demand,True,True,0.34285715222358704,0.37142857909202576,0.34375,0,2.5682334899902344,True
Nfxj5lRpg2o_1,pakistan,True,True,0.47999998927116394,0.47999998927116394,0.5,1,2.8774209022521973,True
Ng4xJEF8wEg,mucosal disease,True,True,0.7152777910232544,0.7152777910232544,0.6875,1,4.149392127990723,True
Ngrila2aXJg_1,conveyance allowance,True,True,0.7583333253860474,0.7666666507720947,0.75,0,4.870999336242676,True
NhCDD4ktBjY_2,loud speaker,True,True,0.6442307829856873,0.7019230723381042,0.6875,1,9.223283767700195,True
NhFLlpEnqK8,punjab,True,True,0.4177215099334717,0.4303797483444214,0.4375,0,4.85466194152832,True
NhVVvn7cwd4,russia,True,True,0.6034482717514038,0.6551724076271057,0.65625,0,3.8897488117218018,True
Ni3iHE6bas8,unite,True,True,0.5903614163398743,0.5903614163398743,0.5625,1,4.274869441986084,True
Ni5kmFuBXzI,wednesday,True,True,0.6296296119689941,0.6296296119689941,0.625,0,3.0703160762786865,True
NiE43suq2F4_1,patience,True,True,0.5555555820465088,0.5555555820465088,0.53125,3,4.53786563873291,True
NiIyd5WjjFg,put,True,True,0.3191489279270172,0.3191489279270172,0.3125,1,4.521906852722168,True
NiXOVcIQU7g_2,static electricity,True,True,0.6322580575942993,0.6387096643447876,0.625,2,5.122740745544434,True
NjT3zasZLP0,harmonium,True,True,0.6557376980781555,0.6557376980781555,0.65625,5,5.241572380065918,True
NjjNU4VrO00_1,stage,True,True,0.5733333230018616,0.6399999856948853,0.625,3,5.2863688468933105,True
NjzsZG20E7U,strength,True,True,0.4642857015132904,0.4642857015132904,0.4375,0,1.9895761013031006,True
NkFzajnrYkA_1,method of accounting,True,True,0.6333333253860474,0.6466666460037231,0.65625,2,8.083700180053711,True
NkQLCSHvZcY_1,field,True,True,0.46666666865348816,0.4833333194255829,0.46875,3,4.9079179763793945,True
NmPpZgrECW0,police,True,True,0.449438214302063,0.449438214302063,0.4375,0,3.6436514854431152,True
NmTBx9PgX-I_1,quality,True,True,0.4444444477558136,0.46666666865348816,0.46875,0,5.292190074920654,True
NmmgvY4gy40_1,cheque,True,True,0.23999999463558197,0.23999999463558197,0.21875,0,2.8910844326019287,True
Nn3ooGh1n7w,rude,True,True,0.9670329689979553,0.9697802066802979,0.96875,32,7.757551670074463,True
NnETy9fmveQ_1,small enterprise,True,True,0.4444444477558136,0.45185184478759766,0.4375,4,7.654600143432617,True
NnGjm_iFM1s,vent,True,True,0.6075471639633179,0.6075471639633179,0.59375,4,4.5544047355651855,True
NnUnWcgPFC4,digging bar,True,True,0.787401556968689,0.8425197005271912,0.8125,1,3.503202438354492,True
No2J7utvqrg,ballon pump,True,True,0.5912408828735352,0.5912408828735352,0.5625,1,4.473528861999512,True
NoKq5zdDsQk,smile,True,True,0.5316455960273743,0.5316455960273743,0.53125,2,3.3726444244384766,True
Non0cu5dbSs,party,True,True,0.7011494040489197,0.7241379022598267,0.71875,0,4.969635963439941,True
NpQQCK0Yk_g_1,taluk,True,True,0.5113636255264282,0.5113636255264282,0.5,1,8.533770561218262,True
NpTKGzsDGoQ_1,par - at,True,True,0.699999988079071,0.7166666388511658,0.6875,2,4.897305488586426,True
Nqh6_B0gfec,adopt,True,True,0.5,0.5,0.5,1,5.14107084274292,True
NqnV9iNS62M,reproduction,True,True,0.9541284441947937,0.9571865200996399,0.9375,9,6.562775135040283,True
NqtEH9nZexY,water logged hedges,True,True,0.912162184715271,0.9391891956329346,0.9375,10,4.698246955871582,True
Nr80alTAMrw,baseball jacket,True,True,0.6076388955116272,0.6111111044883728,0.625,7,6.136001110076904,True
NrQ-7PGyl70_1,output,True,True,0.8833333253860474,0.925000011920929,0.9375,1,4.87064266204834,True
Ns3lBPP73Jk_1,taxi,True,True,0.6190476417541504,0.6190476417541504,0.59375,1,6.263410568237305,True
NsQZ8by-g_k,sibling,True,True,0.5795454382896423,0.5795454382896423,0.5625,0,2.1982338428497314,True
Nt5QgTWqBcU,olericulture,True,True,0.8399999737739563,0.8545454740524292,0.84375,10,6.777238845825195,True
NtnfUEDzoPo,telangana,True,True,0.43589743971824646,0.43589743971824646,0.4375,1,4.647743225097656,True
NuTEITSEAUA,papaya,True,True,0.5142857432365417,0.5142857432365417,0.5,2,8.965448379516602,True
Nud7Ld9x7Z4,perfect,True,True,0.6181818246841431,0.6363636255264282,0.625,1,3.753427743911743,True
Nus1qk-Khiw,north-east,True,True,0.5428571701049805,0.5428571701049805,0.53125,0,4.462230682373047,True
NvxJw6Zi6UA_1,toothbrush,True,True,0.6888889074325562,0.6888889074325562,0.65625,3,4.625782012939453,True
NxxURb8wKd0,punjabi,True,True,0.54666668176651,0.54666668176651,0.53125,4,4.904892444610596,True
NypNRzPI2Hg,punjab,True,True,0.5529412031173706,0.5529412031173706,0.53125,4,6.569875717163086,True
O-H9plmvvoE,prime minister,True,True,0.6907216310501099,0.6907216310501099,0.65625,1,4.763467788696289,True
O-o5XXFpqEY_2,heavier,True,True,0.4625000059604645,0.512499988079071,0.53125,0,3.827509880065918,True
O1DOtxdULkQ_1,misbehaviour,True,True,0.824999988079071,0.824999988079071,0.84375,1,7.399988174438477,True
O1HMV7OKCZs_1,cheque gift,True,True,0.7555555701255798,0.7851851582527161,0.78125,4,7.987059116363525,True
O2_3lA8kVVE,brain,True,True,0.4722222089767456,0.5277777910232544,0.5,1,3.079960823059082,True
O2_ZeoKvo5I_1,queen,True,True,0.8888888955116272,0.9047619104385376,0.90625,1,2.0203726291656494,True
O3SeL_0pvTs_1,sunday,True,True,0.46666666865348816,0.5733333230018616,0.5625,0,4.107741832733154,True
O4CkLiyI2a4,shearling,True,True,0.6197916865348816,0.640625,0.59375,1,3.34053373336792,True
O4sOntiraJc,punish,True,True,0.5176470875740051,0.5176470875740051,0.5,1,6.548057556152344,True
O6YJgD20e2g,goodbye,True,True,0.4444444477558136,0.4444444477558136,0.4375,2,2.353302478790283,True
O8jMsqDMiRE,who,True,True,0.5641025900840759,0.5641025900840759,0.53125,0,7.36895751953125,True
O9Dk6KdQ4to_1,transparent,True,True,0.41333332657814026,0.41333332657814026,0.40625,2,6.477054119110107,True
O9ZwfYTIETI,together,True,True,0.4791666567325592,0.4791666567325592,0.46875,3,5.796910762786865,True
O9pRqLLFUEE_1,happy,True,True,0.4476190507411957,0.46666666865348816,0.46875,0,3.3626699447631836,True
OB6FvmCHsDg,invent,True,True,0.3611111044883728,0.3611111044883728,0.34375,0,2.2280426025390625,True
OBHeVltjXT0_1,young,True,True,0.5333333611488342,0.5333333611488342,0.5,1,6.192082405090332,True
OBPTV3YthOw_1,out,True,True,0.4761904776096344,0.4761904776096344,0.46875,0,4.905984878540039,True
OBRmS71p6TU_1,stars,True,True,0.6399999856948853,0.6399999856948853,0.625,0,4.996996879577637,True
OC3FU_0GKBE,astigmatism,True,True,0.7916666865348816,0.7916666865348816,0.75,6,4.190991401672363,True
OC4C5-lLWxc,float,True,True,0.5038167834281921,0.5267175436019897,0.5,1,6.404958724975586,True
OC7HHIF25ik,box,True,True,0.38983049988746643,0.38983049988746643,0.375,0,7.2319135665893555,True
OCDSqlCaWlA_2,refrigerator,True,True,0.7425742745399475,0.8613861203193665,0.84375,4,12.400755882263184,True
OCcDnB5VdgU_1,window,True,True,0.6952381134033203,0.6952381134033203,0.6875,1,3.7887649536132812,True
ODFZJd2f9X8,amazon,True,True,0.4895833432674408,0.4895833432674408,0.46875,1,3.5852675437927246,True
ODNZ6nd7uls,actress,True,True,0.6458333134651184,0.6517857313156128,0.65625,6,6.107438087463379,True
ODRI_ATiWnM,jagannath ratha yatra,True,True,0.7259259223937988,0.7259259223937988,0.71875,0,4.803791046142578,True
OE5sct8DJxM,cock,True,True,0.7107843160629272,0.7107843160629272,0.6875,3,5.238938331604004,True
OELaDZo5R7I,brain,True,True,0.4444444477558136,0.4888888895511627,0.46875,1,2.2346673011779785,True
OEZKlgaRH4o,alarm,True,True,0.5604395866394043,0.5604395866394043,0.5625,1,3.0604233741760254,True
OEm1Uov-v9o_1,training,True,True,0.6200000047683716,0.6200000047683716,0.59375,0,5.463192939758301,True
OF-9aiQTAfM,hanuman,True,True,0.5,0.5,0.5,1,3.311056613922119,True
OGO8HQ6ZYUg_1,overtime allowance,True,True,0.4749999940395355,0.4749999940395355,0.5,0,4.452462673187256,True
OHFdjCUkpME_1,elephant,True,True,0.4000000059604645,0.4444444477558136,0.40625,1,3.7883172035217285,True
OJqZgTGpghQ,deal,True,True,0.3801652789115906,0.3801652789115906,0.375,1,2.850123882293701,True
OL-CqbpYr8w,quiet,True,True,0.5925925970077515,0.5925925970077515,0.59375,0,2.7843072414398193,True
OL_k_mBRxbA,pyjama,True,True,0.47826087474823,0.47826087474823,0.46875,0,3.191494941711426,True
OM_yE9ewbcM,digital electronics,True,True,0.6481481194496155,0.654321014881134,0.65625,8,4.575505256652832,True
ON8Ou8j8BjY,principal,True,True,0.71875,0.71875,0.6875,0,3.4419443607330322,True
ONhI6iem9kg,hat,True,True,0.591549277305603,0.591549277305603,0.59375,1,6.832913875579834,True
OP1V4l-DdcA_1,hope,True,True,0.6666666865348816,0.6666666865348816,0.65625,0,3.351686954498291,True
OP_7FlLGoAY_1,premium,True,True,0.3619047701358795,0.37142857909202576,0.34375,2,4.161074638366699,True
OPfZfLKxZTU_1,instigate,True,True,0.4285714328289032,0.5047619342803955,0.46875,0,4.301727771759033,True
OQ1e6lpNybo,maha shivaratri,True,True,0.5555555820465088,0.5656565427780151,0.53125,1,3.8148536682128906,True
ORU-AfSTIwI,rip out,True,True,0.5589519739151001,0.567685604095459,0.5625,1,2.8206489086151123,True
ORwg4bg9aeU,rock gardening,True,True,0.9712643623352051,0.9712643623352051,0.9375,12,12.63645076751709,True
OSRpGh3d0cI,long term,True,True,0.4597701132297516,0.4597701132297516,0.4375,0,2.971139430999756,True
OSxSHGU_WOo_1,false,True,True,0.5555555820465088,0.6000000238418579,0.59375,1,3.9881062507629395,True
OTUecrbGM7E,roof griders,True,True,0.6837944388389587,0.6837944388389587,0.65625,2,5.477461338043213,True
OTfPJGdUm50,nature,True,True,0.45299145579338074,0.45299145579338074,0.4375,1,6.548453330993652,True
OTtrGki5gQg_1,angel,True,True,0.5873016119003296,0.5873016119003296,0.5625,0,3.893212080001831,True
OU-XIIEFnw4,garage,True,True,0.5629629492759705,0.5629629492759705,0.5625,2,2.620431900024414,True
OUQa0HC_ORM_1,understand,True,True,0.682539701461792,0.7301587462425232,0.75,0,2.067394495010376,True
OUVv-5cwFaE_1,dosa,True,True,0.6666666865348816,0.7333333492279053,0.75,2,7.922352313995361,True
OUr2XSyxfsY,seminar,True,True,0.7916666865348816,0.8166666626930237,0.78125,9,8.850394248962402,True
OWya5pey33I,read,True,True,0.47058823704719543,0.4803921580314636,0.46875,0,6.114810466766357,True
OX23xzI_GhY,land,True,True,0.4639175236225128,0.4639175236225128,0.46875,4,6.587310791015625,True
OXmN5c7MCUk,kumbh mela,True,True,0.6263736486434937,0.6373626589775085,0.625,0,4.326735496520996,True
OYENl3VfTb4,south indian bank,True,True,0.5740740895271301,0.5740740895271301,0.5625,4,4.802334785461426,True
OYQVWFoke9E,pick,True,True,0.7923497557640076,0.7923497557640076,0.78125,4,4.711503982543945,True
OZ2IdcRTgrs_1,insurance,True,True,0.9333333373069763,0.9714285731315613,0.96875,0,2.1449761390686035,True
OZp4PyHgUC8,public gardens,True,True,0.7887324094772339,0.7887324094772339,0.75,13,5.806535243988037,True
OaQqutxOEAE_1,eagle,True,True,0.5666666626930237,0.6166666746139526,0.65625,1,3.342247247695923,True
Oamv71HbOMA,apex court,True,True,0.5208333134651184,0.5333333611488342,0.53125,4,6.740463733673096,True
Oaqk8I-2-IE,tool,True,True,0.40495866537094116,0.42975205183029175,0.40625,2,4.746549606323242,True
ObJnMFN4KQg_1,company joint stock,True,True,0.800000011920929,0.8121212124824524,0.78125,3,7.408771514892578,True
ObVcGiVYofE_1,forged,True,True,0.38333332538604736,0.38333332538604736,0.375,1,3.2369651794433594,True
ObrkXqrK96M,peon,True,True,0.4128440320491791,0.4128440320491791,0.375,2,5.680399417877197,True
ObwZnI075E8,melt,True,True,0.673202633857727,0.673202633857727,0.6875,1,3.2898192405700684,True
Oc7vrILPpCQ_1,first charge,True,True,0.4476190507411957,0.46666666865348816,0.40625,0,3.957465648651123,True
OcBBb1cbZqc_2,natural,True,True,0.6276595592498779,0.6595744490623474,0.6875,1,3.8646345138549805,True
OcSgDKInrg8,hot,True,True,0.516853928565979,0.516853928565979,0.5,0,5.288118839263916,True
OchKEyyyoF0_1,money order,True,True,0.5799999833106995,0.5799999833106995,0.59375,4,4.123692512512207,True
OeV_XZBC3VA_1,separate,True,True,0.6266666650772095,0.653333306312561,0.65625,3,3.4841418266296387,True
OelZVA_CCzo,superficial,True,True,0.44186046719551086,0.44186046719551086,0.40625,3,3.5942471027374268,True
OfCw-0gAd6E,order,True,True,0.8623595237731934,0.8904494643211365,0.875,19,13.639464378356934,True
OfGHhLbHWq4_1,spoil,True,True,0.4920634925365448,0.4920634925365448,0.5,2,3.507162094116211,True
OfGkvEa9C-A_2,object,True,True,0.4285714328289032,0.4285714328289032,0.4375,1,3.2646095752716064,True
OhE6VRcxlKA,disc brake master cylinder,True,True,0.7544910311698914,0.7544910311698914,0.71875,8,7.9590277671813965,True
OhHLtn0U6K0_1,initials,True,True,0.4952380955219269,0.5523809790611267,0.5,2,6.627882957458496,True
Ohcc1XNi-s4,meeting,True,True,0.6477272510528564,0.6477272510528564,0.625,1,2.3373661041259766,True
Oi__gIjhBk0_1,engineer,True,True,0.5600000023841858,0.5866666436195374,0.5625,2,3.6054117679595947,True
Oiewyo7WQ4w,netflix,True,True,0.5595238208770752,0.5595238208770752,0.5625,2,4.242867469787598,True
Oittiy14URk,left indent,True,True,0.75789475440979,0.7684210538864136,0.71875,5,5.123582363128662,True
OjJ2Vu0k5d8,animals,True,True,0.5864661931991577,0.6090225577354431,0.59375,4,5.162073612213135,True
OjPz3neEd7U_1,measure,True,True,0.3466666638851166,0.3466666638851166,0.34375,1,4.892971992492676,True
OjYou9zLuDM_1,daughter,True,True,0.8666666746139526,0.8666666746139526,0.84375,3,4.003653049468994,True
Ok6fbvE1cu0_1,alarm system,True,True,0.6333333253860474,0.6666666865348816,0.65625,2,3.813429594039917,True
OkC4seOp-00,wash,True,True,0.5490196347236633,0.5588235259056091,0.53125,4,6.331800937652588,True
OkHQG79PRCk,classification based on the transplanting capacity,True,True,0.8972809910774231,0.9003021121025085,0.875,12,5.8831377029418945,True
OnqiVVsNE8I_1,locker,True,True,0.8592592477798462,0.8592592477798462,0.84375,0,4.006492614746094,True
OoFz4JC0sjU_1,cover,True,True,0.3492063581943512,0.3492063581943512,0.34375,0,4.614773273468018,True
Op97JG5142c,kinds of honey bee found in india,True,True,0.6164383292198181,0.6164383292198181,0.59375,6,6.005753040313721,True
Oql_D1R8kVE,building structure,True,True,0.4580152630805969,0.4580152630805969,0.46875,2,2.457681655883789,True
OqzxnQ6fGIw_1,out of print,True,True,0.9833333492279053,1.0,1.0,0,5.992097854614258,True
OrOlKiBzVAY_2,molecule,True,True,0.5,0.5303030014038086,0.53125,1,6.966312408447266,True
OrlYpvp8gnI_2,condition,True,True,0.36986300349235535,0.36986300349235535,0.375,0,2.6248457431793213,True
OrrlfNA40zg_2,perpendicular,True,True,0.6373626589775085,0.6593406796455383,0.625,3,7.039398670196533,True
OsRTZjf3msw_1,disbursement,True,True,0.5185185074806213,0.5185185074806213,0.5,2,3.541984796524048,True
Ot-XctUkMY8,buddhist,True,True,0.4065934121608734,0.4065934121608734,0.40625,1,2.9911575317382812,True
OuOKDmE7q2c_1,parliament,True,True,0.8068181872367859,0.8068181872367859,0.8125,2,3.61883807182312,True
Ov-hdZ4oacg,marry,True,True,0.4117647111415863,0.4117647111415863,0.40625,0,3.2282140254974365,True
OvDIlDiFmnU,school,True,True,0.5692307949066162,0.5692307949066162,0.5625,0,3.9310011863708496,True
OwI1yeom0EM,surname,True,True,0.6024096608161926,0.6024096608161926,0.59375,1,2.649548053741455,True
Owp1cwVnCok,question,True,True,0.39743590354919434,0.39743590354919434,0.40625,2,5.946737766265869,True
Oy09VfmP5sQ,action,True,True,0.6582278609275818,0.6582278609275818,0.65625,1,6.425436019897461,True
Oz4iaojP1LQ,retention of moisture,True,True,0.9222221970558167,0.925000011920929,0.875,16,5.429082870483398,True
P-0wocPMVyQ,tagetus,True,True,0.8588235378265381,0.8588235378265381,0.8125,9,4.6069159507751465,True
P-35FnAOLeo_1,walk,True,True,0.7333333492279053,0.7333333492279053,0.71875,1,4.764379024505615,True
P-k3HOBisv8_1,i,True,True,0.460317462682724,0.4761904776096344,0.46875,0,4.110957145690918,True
P18HvmCotMU_1,information,True,True,0.41904762387275696,0.41904762387275696,0.40625,0,8.905196189880371,True
P1WDAwasyoI,safety goggle,True,True,0.6405529975891113,0.6497696042060852,0.65625,5,4.86522912979126,True
P1r-uVbFZ00_1,cold,True,True,0.6666666865348816,0.6777777671813965,0.6875,1,4.280071258544922,True
P29jupnZniw,close up,True,True,0.868852436542511,0.874316930770874,0.875,5,3.4623594284057617,True
P2If73nwzYs,tabernaemontana coronaria,True,True,0.8587360382080078,0.8587360382080078,0.84375,7,7.612865924835205,True
P2OKqOpct8s,grey,True,True,0.46666666865348816,0.46666666865348816,0.4375,2,4.078186511993408,True
P2YHoSAHJUg_1,train,True,True,0.4285714328289032,0.4920634925365448,0.5,0,3.3208255767822266,True
P2abspkSU_s,able,True,True,0.762499988079071,0.78125,0.75,4,4.8515496253967285,True
P3LobzeDo9E_1,sad,True,True,0.4888888895511627,0.5111111402511597,0.5,0,2.582943916320801,True
P3LqZYt2U30_1,economic,True,True,0.3400000035762787,0.46000000834465027,0.5,0,4.517735004425049,True
P3MpvLubTKw,sms notification,True,True,0.8717948794364929,0.8717948794364929,0.84375,10,3.7652440071105957,True
P3pALl9igN8,flatfoot,True,True,0.7698113322257996,0.7773584723472595,0.75,4,5.3408122062683105,True
P4bcxgldVSQ_1,benefit,True,True,0.3777777850627899,0.42222222685813904,0.40625,0,10.00937557220459,True
P58pF-HenyU,pause,True,True,0.37962964177131653,0.3888888955116272,0.375,2,3.4860992431640625,True
P5CapJo7Oe8_1,overseas,True,True,0.7555555701255798,0.7666666507720947,0.75,1,9.983015060424805,True
P5Dty8Ecdek,nuncupative will,True,True,0.8655462265014648,0.8739495873451233,0.875,7,4.802553653717041,True
P6e7z3qKweg_2,fossll fueis,True,True,0.9658119678497314,0.9743589758872986,0.96875,3,3.3647449016571045,True
P7aSfqQTkTk_1,yourself,True,True,0.5733333230018616,0.5866666436195374,0.59375,2,5.695814609527588,True
P8c9TRiU7HI,invite,True,True,0.3980582654476166,0.3980582654476166,0.40625,1,6.029057025909424,True
P8nCFvhToww_1,remind,True,True,0.7599999904632568,0.7866666913032532,0.8125,0,4.224626064300537,True
P8q4ktLxy-A_1,pain,True,True,0.7111111283302307,0.7444444298744202,0.71875,3,7.487611293792725,True
P91b_WSLDa8_1,system,True,True,0.800000011920929,0.8166666626930237,0.8125,1,6.071320056915283,True
P9GAmYhGhJ0,janmashtami,True,True,0.6126126050949097,0.6126126050949097,0.59375,3,5.6099324226379395,True
PAkQhoRDVMQ,debug,True,True,0.6060606241226196,0.6136363744735718,0.59375,2,3.698333501815796,True
PB7rn__dcKg_1,fan,True,True,0.5666666626930237,0.5777778029441833,0.5625,1,5.69879150390625,True
PBPb-_V8A_U,mouse,True,True,0.6517857313156128,0.6517857313156128,0.65625,2,6.140860080718994,True
PFALmbyUi5A,microphone,True,True,0.6019417643547058,0.6019417643547058,0.59375,3,2.8717663288116455,True
PFH8OX7kSEA,online,True,True,0.3452380895614624,0.3511904776096344,0.34375,2,3.185117721557617,True
PGYE6puPzKU_1,chappels,True,True,0.4399999976158142,0.4399999976158142,0.40625,0,4.015859603881836,True
PGbVUlqDu1A,hawker,True,True,0.9420289993286133,0.9444444179534912,0.9375,11,4.393054962158203,True
PGdVl8-IzJA,mother tongue,True,True,0.6315789222717285,0.6315789222717285,0.625,2,6.115208148956299,True
PGrGJBQGm3E_1,sales retum,True,True,0.375,0.46666666865348816,0.46875,1,4.153957843780518,True
PGzUbRs5KcE_1,stone,True,True,0.5113636255264282,0.5568181872367859,0.53125,1,8.449797630310059,True
PI1wVAKM9t0_1,true copy,True,True,0.4761904776096344,0.4761904776096344,0.46875,1,7.80952262878418,True
PI6SVXN35Rg,praise,True,True,0.5631067752838135,0.5728155374526978,0.5625,2,4.978590965270996,True
PI8mabNvaE0,netaji subhas chandra bose,True,True,0.37142857909202576,0.37142857909202576,0.375,0,4.345406532287598,True
PJtAsebnGrM,convertible  collar,True,True,0.375,0.375,0.375,2,3.2448956966400146,True
PK4bvgOLUWs,try,True,True,0.5,0.5681818127632141,0.5625,1,2.319711208343506,True
PKLiUylI7jY,beetroot,True,True,0.5629629492759705,0.5629629492759705,0.53125,3,17.1461181640625,True
PKi9kC2RNzo_1,fluctuation,True,True,0.5333333611488342,0.5555555820465088,0.53125,1,5.951178550720215,True
PKyGYvB0Mf0,tripura,True,True,0.5,0.5,0.46875,1,5.948575973510742,True
PLF4Zs0Q80Q,ball room,True,True,0.7309237122535706,0.7349397540092468,0.71875,12,5.0185627937316895,True
PLtRFkjPkxo_1,genius,True,True,0.6000000238418579,0.6000000238418579,0.59375,1,6.132905960083008,True
PMUPf08r0Jo,tecoma stans,True,True,0.8500000238418579,0.8500000238418579,0.8125,4,5.5554656982421875,True
PMYXK-B1Few,hypoxia,True,True,0.6763485670089722,0.6763485670089722,0.65625,2,5.471756458282471,True
PMv7R76mAZA,rowdy,True,True,0.5079365372657776,0.5079365372657776,0.5,4,4.610195159912109,True
PODw7DyLs64_1,play,True,True,0.6818181872367859,0.7272727489471436,0.71875,4,5.0624189376831055,True
POwFUYdLjX8_1,sailor,True,True,0.5,0.5099999904632568,0.46875,2,14.14317512512207,True
PP3bE6cjRdQ,mouth spray,True,True,0.4883720874786377,0.4883720874786377,0.5,0,2.1251449584960938,True
PQ5BHjzvK5A_1,zebra,True,True,0.6000000238418579,0.6666666865348816,0.625,2,3.8538498878479004,True
PQBIO5wAinc_1,copper,True,True,0.5916666388511658,0.6416666507720947,0.625,0,5.157413005828857,True
PQoocuBF2f8_1,go,True,True,0.5873016119003296,0.5873016119003296,0.59375,1,7.873556137084961,True
PRDX6PAOvF0_1,rhinocerous,True,True,0.746666669845581,0.8399999737739563,0.8125,6,11.366687774658203,True
PSB4z3DAScs_1,volley ball,True,True,0.841269850730896,0.9047619104385376,0.90625,5,6.446778297424316,True
PTv4C3vii08_1,surcharge,True,True,0.699999988079071,0.7583333253860474,0.75,1,2.3702032566070557,True
PU5hB6j8ivk,unfair dismissal,True,True,0.8105263113975525,0.8105263113975525,0.78125,9,10.123479843139648,True
PUDnvoajVUk,office branch,True,True,0.6178343892097473,0.6305732727050781,0.59375,5,10.189001083374023,True
PUtHYOs4aXQ,summary,True,True,0.49038460850715637,0.49038460850715637,0.5,1,4.089328289031982,True
PUwW0NPqTh0_1,force,True,True,0.2857142984867096,0.3333333432674408,0.34375,0,3.030257225036621,True
PVdmrokA81k,record video,True,True,0.557894766330719,0.557894766330719,0.53125,0,6.073965549468994,True
PVhCsYKStLI_2,put up,True,True,0.5517241358757019,0.5977011322975159,0.59375,2,3.8516881465911865,True
PWHh7NmzzV4,special,True,True,0.4533333480358124,0.4933333396911621,0.5,0,3.927011728286743,True
PWLWkd68QIA,notch collar,True,True,0.3333333432674408,0.3333333432674408,0.3125,0,2.036406993865967,True
PWWRIQ49qHs_2,tally,True,True,0.8914728760719299,0.9147287011146545,0.875,2,4.645620822906494,True
PWi1hx2Omgo,jewelery,True,True,0.817460298538208,0.841269850730896,0.84375,4,7.384690284729004,True
PWuJv2FHsvA_1,bed,True,True,0.5,0.5083333253860474,0.5,0,4.0447916984558105,True
PX-5cHBSak0_2,uranus,True,True,0.7457627058029175,0.7457627058029175,0.71875,1,7.0430402755737305,True
PXEWAfcfs_A_2,appreciation,True,True,0.8380952477455139,0.8571428656578064,0.84375,2,4.73776388168335,True
PY11Ny4fz3A_1,paid up capital,True,True,0.614814817905426,0.6370370388031006,0.625,1,5.649991989135742,True
PZONaOEO8AQ_1,small,True,True,0.5066666603088379,0.5333333611488342,0.53125,0,3.299011468887329,True
P_o20L8zhHU,themselves,True,True,0.5044247508049011,0.5309734344482422,0.53125,0,3.1702651977539062,True
PaFoWYRBizg,abdicate,True,True,0.6901408433914185,0.7147887349128723,0.71875,3,6.431022644042969,True
PaOVb_cMohw_1,hindu,True,True,0.4285714328289032,0.4285714328289032,0.40625,2,2.8803470134735107,True
PaXZzVi_OsY_1,region,True,True,0.4399999976158142,0.4533333480358124,0.4375,2,2.691772937774658,True
Pb7q2FmzWS8_1,mat,True,True,0.5047619342803955,0.5714285969734192,0.5625,0,4.921622276306152,True
Pbf2EXs2e4k,catch  stitch,True,True,0.9157509207725525,0.9157509207725525,0.90625,1,3.702909231185913,True
PbfCur5zsw8,poison,True,True,0.5951219797134399,0.5951219797134399,0.59375,2,4.234875202178955,True
PeH-ArgS-fw_1,brown,True,True,0.5249999761581421,0.5249999761581421,0.5,0,3.304506540298462,True
PemmRc-BA94,kerala,True,True,0.5585585832595825,0.5585585832595825,0.5625,0,3.131833553314209,True
PerHf9tanw0_2,anticlockwise,True,True,0.6276595592498779,0.6702127456665039,0.65625,0,15.84946060180664,True
Pf8tWovZQ2U,baluster,True,True,0.7599999904632568,0.800000011920929,0.78125,7,7.000643730163574,True
PffO6Uac1uY,permission,True,True,0.5789473652839661,0.5789473652839661,0.5625,1,5.1796417236328125,True
Pgm4Qs_l-EE_1,buffalo,True,True,0.6952381134033203,0.6952381134033203,0.65625,1,4.25137186050415,True
PhkRGU9K9ZY_1,light,True,True,0.5555555820465088,0.5666666626930237,0.53125,2,7.910097122192383,True
PiSY8MIVoMs_1,ice cream,True,True,0.6933333277702332,0.7200000286102295,0.71875,0,10.472823143005371,True
PijCNItuc1E_1,site,True,True,0.38333332538604736,0.40833333134651184,0.40625,1,4.032557487487793,True
Pj0MkbEahC8,toothpaste,True,True,0.5420560836791992,0.5794392228126526,0.5625,1,2.3771512508392334,True
Pl5J3391Pao_1,cash remmitance,True,True,0.5333333611488342,0.585185170173645,0.5625,0,3.628864288330078,True
Pl5cCJ2SVN8_1,junior,True,True,0.6962962746620178,0.7037037014961243,0.71875,2,6.178913593292236,True
PlEUE-SExy8,canara bank,True,True,0.6694915294647217,0.6694915294647217,0.65625,3,5.412949085235596,True
PlYZEnLNpdQ_1,shipping freight,True,True,0.4148148000240326,0.42222222685813904,0.40625,1,2.714463472366333,True
PlitAZnyimo_1,noon,True,True,0.5428571701049805,0.5428571701049805,0.5,2,2.5360665321350098,True
PnAOEoaN0tU_1,rotate,True,True,0.6399999856948853,0.6399999856948853,0.625,1,5.920624732971191,True
PnwR2TZB_9w,pickpocket,True,True,0.8349514603614807,0.8414239287376404,0.8125,10,8.353832244873047,True
PpE3Mdz1Z4w,seed,True,True,0.5798319578170776,0.5798319578170776,0.5625,1,4.601718425750732,True
Ppbq_RDljyA_1,france,True,True,0.25333333015441895,0.2800000011920929,0.28125,1,11.775663375854492,True
Pq-OLkv13Bw,light,True,True,0.31707316637039185,0.3414634168148041,0.34375,1,2.720602035522461,True
Pq7GkdMqan8,rough,True,True,0.49438202381134033,0.5056179761886597,0.5,1,6.55344820022583,True
PqOEUuH2gj4,try,True,True,0.6081081032752991,0.6486486196517944,0.65625,1,4.91248893737793,True
PqftjzLnMEM_1,stock,True,True,0.4000000059604645,0.4000000059604645,0.40625,0,4.870614528656006,True
Pqm1i-zg24o_1,eagle,True,True,0.824999988079071,0.8416666388511658,0.84375,1,5.711375713348389,True
Pro1Tbg-LE8,swap,True,True,0.4861111044883728,0.5,0.5,0,4.164043426513672,True
Ps4VoPyMAb8,baseball,True,True,0.4757281541824341,0.5242718458175659,0.53125,2,3.329577922821045,True
Psd08qZsYnQ,word pad,True,True,0.7942583560943604,0.7942583560943604,0.75,8,4.087859630584717,True
PsdIuGsFt9c_1,remove,True,True,0.5866666436195374,0.5866666436195374,0.59375,1,4.7191243171691895,True
Psk7z4TM-yM,wiring,True,True,0.8566879034042358,0.8662420511245728,0.84375,12,4.002357006072998,True
Pu9zSjEsqnk,bell,True,True,0.6901408433914185,0.6901408433914185,0.65625,1,4.054596900939941,True
PvzM89FGSp0,advertisement,True,True,0.4157303273677826,0.4157303273677826,0.40625,6,6.523189544677734,True
PxXzMm43V0U_1,accuse,True,True,0.3333333432674408,0.380952388048172,0.375,0,8.800532341003418,True
Py0R_2XywOQ,capsicum,True,True,0.5491803288459778,0.5491803288459778,0.5625,1,7.69917106628418,True
Py2RBS-e9Xg,tree,True,True,0.2869565188884735,0.321739137172699,0.3125,2,4.996269702911377,True
PyQVgJzE2-Y,electric car,True,True,0.7316017150878906,0.7316017150878906,0.71875,4,6.519610404968262,True
PzT1paHu8C4_2,photographic camera,True,True,0.5569620132446289,0.5822784900665283,0.59375,4,7.218559265136719,True
Q-S63Q62ZiU,venezuela,True,True,0.4938271641731262,0.4938271641731262,0.46875,0,3.3492143154144287,True
Q-Sg1afVMsE,flowers for pot,True,True,0.7684210538864136,0.7947368621826172,0.78125,9,5.7815752029418945,True
Q-jSZX4uAjY_1,coal,True,True,0.6666666865348816,0.6916666626930237,0.6875,0,6.374279022216797,True
Q0HKbrbAj0A_1,chief,True,True,0.4399999976158142,0.4399999976158142,0.4375,0,5.073331832885742,True
Q0SJzhLv0SQ_1,kind,True,True,0.6000000238418579,0.6285714507102966,0.625,0,4.724942684173584,True
Q1FtAjA_raE,walk,True,True,0.726190447807312,0.726190447807312,0.71875,3,5.848272323608398,True
Q1zbpcSoTws,cataract,True,True,0.5588235259056091,0.5588235259056091,0.5625,0,1.8768768310546875,True
Q25uAMfX5Fc,remember,True,True,0.7875000238418579,0.8125,0.8125,1,8.59283447265625,True
Q2gjYvb7fcE,birth defect,True,True,0.6875,0.6875,0.6875,9,10.369626998901367,True
Q3oaDDt1Yc8_1,record,True,True,0.4571428596973419,0.4571428596973419,0.4375,0,4.617234706878662,True
Q4JcKkId3Aw_2,kilogram,True,True,0.7582417726516724,0.8571428656578064,0.84375,0,15.1636381149292,True
Q4WiRFOlOu0_1,easy,True,True,0.30158731341362,0.30158731341362,0.28125,0,5.364553451538086,True
Q5uGiH8-uQk_1,paint,True,True,0.5866666436195374,0.6000000238418579,0.59375,1,3.750261068344116,True
Q65na_iR_HQ,messages videos,True,True,0.4285714328289032,0.4285714328289032,0.4375,1,4.78815221786499,True
Q7Ggc0qz3Jo,ridge board,True,True,0.7884057760238647,0.7971014380455017,0.78125,1,2.5427746772766113,True
Q7rYOmLAa2o,nigeria,True,True,0.5180723071098328,0.5301204919815063,0.53125,0,3.6415278911590576,True
Q7wCb9WlhA0,counsel,True,True,0.447761207818985,0.447761207818985,0.4375,2,2.3566155433654785,True
Q9w0G35HNLw,anti corruption law,True,True,0.8724279999732971,0.8724279999732971,0.875,9,6.50859260559082,True
QBbAwvlhH0o_1,below,True,True,0.4920634925365448,0.4920634925365448,0.46875,0,5.33018159866333,True
QBg2Y55juuY_1,football,True,True,0.6000000238418579,0.6800000071525574,0.65625,0,9.996882438659668,True
QBjMKvsK1sk_1,black board,True,True,0.7333333492279053,0.7333333492279053,0.71875,3,5.986354827880859,True
QE4UkDB3MyE,you,True,True,0.4852941036224365,0.4852941036224365,0.5,0,2.279073476791382,True
QEKQr_KeKe4,easy,True,True,0.3360655605792999,0.3360655605792999,0.34375,0,6.8464765548706055,True
QF-_qNWaBaU_1,voucher,True,True,0.5111111402511597,0.5111111402511597,0.5,1,8.62269401550293,True
QF_QXmNelLk,tall,True,True,0.5555555820465088,0.5679012537002563,0.5625,1,9.675558090209961,True
QGozGZ4rg9c_1,biscuit,True,True,0.6507936716079712,0.7301587462425232,0.71875,0,2.181966781616211,True
QHpNcX0Ugsc,mongolia,True,True,0.534246563911438,0.534246563911438,0.53125,0,3.0331270694732666,True
QIL8ey6N_vs,red rot of sugarcane,True,True,0.9218106865882874,0.9218106865882874,0.90625,2,3.1244091987609863,True
QIXGt2ddetI_1,bedroom,True,True,0.753333330154419,0.7599999904632568,0.75,8,5.106599807739258,True
QIaK1zBDLkE,cambodia,True,True,0.4054054021835327,0.4189189076423645,0.40625,2,14.23607063293457,True
QJDAMIo3A6Y,diwali,True,True,0.5333333611488342,0.5333333611488342,0.5,3,8.381256103515625,True
QJDOHjM9eb8,beautiful,True,True,0.5076923370361328,0.5076923370361328,0.5,0,3.309683084487915,True
QKEuQ32GLNc_2,electrical tester,True,True,0.7428571581840515,0.761904776096344,0.75,2,2.016763210296631,True
QLWJMrs77Kc,electrical burns,True,True,0.7303921580314636,0.7450980544090271,0.71875,2,5.466555118560791,True
QLx1uWXhB1g,abstention,True,True,0.6349206566810608,0.6388888955116272,0.625,5,4.5423736572265625,True
QM3TDqfMMWY_1,process,True,True,0.4444444477558136,0.5,0.5,0,4.6782050132751465,True
QMEYstHkpA0_2,light,True,True,0.6538461446762085,0.6794871687889099,0.65625,1,2.9364945888519287,True
QMFllz8bqbI,zipper,True,True,0.3931034505367279,0.3931034505367279,0.375,2,5.9983110427856445,True
QNqJ9kQ5xT4,norfolk jacket,True,True,0.4377880096435547,0.4377880096435547,0.40625,0,2.3272249698638916,True
QOXSBvW5Pds_2,zero error,True,True,0.8571428656578064,0.9166666865348816,0.90625,1,10.375078201293945,True
QPHySC61DCY_1,bud,True,True,0.6266666650772095,0.6266666650772095,0.625,0,7.12656307220459,True
QQJQeK3IU4o_2,round,True,True,0.625,0.6499999761581421,0.625,3,5.249214172363281,True
QRTBO6eAlFY,adult,True,True,0.5555555820465088,0.5555555820465088,0.53125,1,7.1743574142456055,True
QRTZR4dcC6k_2,black,True,True,0.7157894968986511,0.7684210538864136,0.75,0,3.46832537651062,True
QRtqJ1CnS0U_1,cave,True,True,0.6017699241638184,0.6194690465927124,0.59375,4,6.111231327056885,True
QSdgD2M4Xdw,word,True,True,0.44680851697921753,0.44680851697921753,0.4375,0,2.008222818374634,True
QSg-1wqJezg_1,ask,True,True,0.4533333480358124,0.5199999809265137,0.5,1,8.130081176757812,True
QT4Su3HeNoE_1,under valuation,True,True,0.6888889074325562,0.7055555582046509,0.6875,3,3.297750473022461,True
QTSZAgSMfio_2,division,True,True,0.47999998927116394,0.5600000023841858,0.53125,0,6.479696750640869,True
QTyJEcqXDTg_1,duck,True,True,0.6555555462837219,0.6555555462837219,0.65625,2,3.6688485145568848,True
QU-ZlgFpBVw_2,compression,True,True,0.5274725556373596,0.5714285969734192,0.5625,1,4.335419178009033,True
QVZZq9BDyhA_2,interference,True,True,0.7894737124443054,0.7894737124443054,0.75,1,4.5702409744262695,True
QVrRwXgj7GU_1,worth,True,True,0.4333333373069763,0.4333333373069763,0.4375,0,4.862613677978516,True
QWN6Q7XTChg_2,rhythmic,True,True,0.7348484992980957,0.75,0.75,1,5.5069756507873535,True
QWrJAZS_jNk_2,quota,True,True,0.644444465637207,0.6555555462837219,0.625,6,6.36044454574585,True
QX2YCbSelwo,rjd,True,True,0.6974790096282959,0.7058823704719543,0.6875,1,8.60763168334961,True
QXQ8ILhehkI,thirteen,True,True,0.4761904776096344,0.4761904776096344,0.46875,0,2.9050791263580322,True
QXRCiVRaHsI_1,these,True,True,0.6399999856948853,0.6399999856948853,0.625,1,5.955421447753906,True
QYaPv88J2iE,kitchen,True,True,0.5314685106277466,0.559440553188324,0.5625,1,4.670748233795166,True
QYkPPw0ePck,seed,True,True,0.6896551847457886,0.7413793206214905,0.75,2,7.093079566955566,True
QYnm3ITnMb4_1,product,True,True,0.2666666805744171,0.3142857253551483,0.3125,0,5.369533538818359,True
Q_wBjlTT4GY_1,dim,True,True,0.6477272510528564,0.6477272510528564,0.65625,0,3.847855567932129,True
QaB25cChRXc_1,courier,True,True,0.40666666626930237,0.41333332657814026,0.40625,0,3.8762989044189453,True
Qb3nTAfOz2Q,country,True,True,0.41721853613853455,0.42384105920791626,0.40625,4,8.84730339050293,True
Qc72veU0a6g_1,ball,True,True,0.6800000071525574,0.7799999713897705,0.8125,2,4.752534866333008,True
QcQGHMntX5c_1,signature,True,True,0.31111112236976624,0.31111112236976624,0.3125,0,2.5876245498657227,True
QdOmsCK3gHg_1,jam,True,True,0.6399999856948853,0.6800000071525574,0.65625,4,6.525698184967041,True
QeNE9BjginQ_1,specimen,True,True,0.3185185194015503,0.32592591643333435,0.34375,2,4.110226631164551,True
QfGq9Md-D2o_1,cash receipt,True,True,0.6666666865348816,0.6666666865348816,0.65625,0,3.9110682010650635,True
QhgyOz4p-iM_2,stepdown transformer,True,True,0.7771739363670349,0.7880434989929199,0.75,1,4.771371364593506,True
QhhIAUupAeo_1,nut,True,True,0.5866666436195374,0.6000000238418579,0.5625,2,3.0662975311279297,True
Qhvb075HF_Y,clock,True,True,0.5436893105506897,0.5436893105506897,0.53125,3,4.6118855476379395,True
QiHtCEo3nEk,paper clip,True,True,0.5045045018196106,0.5045045018196106,0.5,0,5.36807918548584,True
QiX_rb7Lm3I,close friend,True,True,0.3933333456516266,0.3933333456516266,0.375,0,3.1627628803253174,True
Qiit5KIeWFw_2,music,True,True,0.7272727489471436,0.7676767706871033,0.75,6,10.45757007598877,True
QkHS0W8x2M4,bellboy jacket,True,True,0.5446428656578064,0.5446428656578064,0.53125,0,2.233070135116577,True
QkIAlWUDxPo_1,account head,True,True,0.6944444179534912,0.699999988079071,0.6875,0,8.322456359863281,True
QlEKJLgEWMg,quantity,True,True,0.5581395626068115,0.604651153087616,0.59375,2,3.6917591094970703,True
QlqLuC-1u1U_1,mother,True,True,0.7481481432914734,0.7555555701255798,0.75,3,4.010896682739258,True
QlvGeWOzc-0_1,south america,True,True,0.5454545617103577,0.5454545617103577,0.5,1,5.331571578979492,True
QlxwXFyAhOw_1,gardener,True,True,0.4933333396911621,0.5600000023841858,0.53125,3,5.649714469909668,True
QmCEr-G9Nug,bus conductor,True,True,0.46666666865348816,0.46666666865348816,0.46875,0,3.7617416381835938,True
QmWhfW8wyMs,start,True,True,0.31313130259513855,0.31313130259513855,0.3125,2,5.172752857208252,True
QmxDpQ8YY9k_2,refusal,True,True,0.5199999809265137,0.5199999809265137,0.5,0,7.733443260192871,True
Qn3Yf2GDWn8,states,True,True,0.6774193644523621,0.6935483813285828,0.65625,4,5.616952896118164,True
Qo2EdbZg68A,onion,True,True,0.39449542760849,0.39449542760849,0.375,1,2.6854653358459473,True
Qom3R9ndKoc,regulator,True,True,0.32231405377388,0.3388429880142212,0.34375,0,1.789892554283142,True
QowRgF354O8,quarter,True,True,0.8487972617149353,0.869415819644928,0.84375,6,5.4784650802612305,True
QpcvD-hUihA_1,rank,True,True,0.43809524178504944,0.4571428596973419,0.4375,2,4.087198257446289,True
QqBeIG-uvM8,camouflage,True,True,0.9212962985038757,0.9444444179534912,0.9375,1,5.357305526733398,True
QqCdT8DJ2r0_1,window,True,True,0.6083333492279053,0.6083333492279053,0.59375,2,3.630520820617676,True
Qs2XJTA7LWU_2,potential energy,True,True,0.5806451439857483,0.6048387289047241,0.5625,1,3.45139741897583,True
QsQkRAFAKWM,delegate,True,True,0.695652186870575,0.695652186870575,0.6875,3,7.87078332901001,True
QsgOFiTSpa8_1,school bag,True,True,0.5396825671195984,0.5396825671195984,0.53125,0,2.225813388824463,True
Qt7PxYKRi7c_1,write,True,True,0.41333332657814026,0.46666666865348816,0.46875,2,6.00583028793335,True
QtR5-M2w3RQ,consent,True,True,0.5496183037757874,0.5496183037757874,0.5625,0,3.3628640174865723,True
Qu5KH6X5dd8_1,he,True,True,0.5340909361839294,0.5340909361839294,0.53125,1,3.6743032932281494,True
QvOMfMtfb7k_1,rate concessional,True,True,0.4444444477558136,0.4555555582046509,0.46875,0,8.483217239379883,True
QvuS8pyY2a0_2,decimal,True,True,0.5283018946647644,0.5471698045730591,0.5625,0,9.275629997253418,True
Qwa5c4aDFaY_1,heart,True,True,0.6571428775787354,0.6571428775787354,0.625,0,4.572572708129883,True
QxTqhAxngF0_1,sub head,True,True,0.4296296238899231,0.4592592716217041,0.4375,3,6.115644931793213,True
Qy07r-5SdkA_1,little,True,True,0.4285714328289032,0.4285714328289032,0.40625,1,7.392695903778076,True
QyL43-YjgK8,nice,True,True,0.7051281929016113,0.7435897588729858,0.71875,0,5.895596981048584,True
Qy_q0sAucuw,teacher,True,True,0.34259259700775146,0.34259259700775146,0.34375,1,7.123165607452393,True
QyxD5H8-cHE,slow passenger train,True,True,0.568965494632721,0.568965494632721,0.5625,1,5.385692596435547,True
QzFmQvfUaa0_1,self balancing,True,True,0.6518518328666687,0.7037037014961243,0.6875,2,5.252694606781006,True
QzVK5LtCZkw_1,trouble,True,True,0.5444444417953491,0.5555555820465088,0.5625,1,2.8401811122894287,True
R-IpftpYr2g,bored,True,True,0.3761467933654785,0.39449542760849,0.375,0,2.2996139526367188,True
R-fKz1aaXRI_2,random motion,True,True,0.7410072088241577,0.7769784331321716,0.75,2,4.49867057800293,True
R07yPaWBR8g,operation,True,True,0.7101449370384216,0.7101449370384216,0.6875,2,5.437351703643799,True
R0JV03iiFtU,promotion,True,True,0.5555555820465088,0.5555555820465088,0.53125,0,4.28786039352417,True
R1jaD2vHFNY_1,monday,True,True,0.5,0.5166666507720947,0.5,0,2.748856782913208,True
R1moiZ5YFMw_2,wave,True,True,0.8387096524238586,0.8709677457809448,0.84375,0,2.907681703567505,True
R22GF3-wqUY,traditional,True,True,0.38793104887008667,0.43103447556495667,0.4375,1,5.025415420532227,True
R3jDoLjKAa0,bias cowl dress,True,True,0.8067632913589478,0.8115941882133484,0.78125,10,3.116415500640869,True
R3jedCIQWrE,star,True,True,0.45192307233810425,0.45192307233810425,0.4375,1,2.735438346862793,True
R3s7Vetdseg_2,wind energy,True,True,0.4848484992980957,0.5656565427780151,0.5625,0,4.569169998168945,True
R4uJr2ys09Y_1,affidavit,True,True,0.7266666889190674,0.7266666889190674,0.75,2,5.252685546875,True
R5k5q5laIfk_2,calorie,True,True,0.6016949415206909,0.6694915294647217,0.625,0,5.58217716217041,True
R5lzZf3MVaY_1,sanction,True,True,0.2933333218097687,0.2933333218097687,0.3125,0,2.6836955547332764,True
R6ILTJGPlUo,goldfish,True,True,0.5384615659713745,0.5384615659713745,0.53125,2,5.556647777557373,True
R6KdIjSPkvo,vision,True,True,0.4464285671710968,0.4464285671710968,0.4375,0,3.4688432216644287,True
R7P29MkehIM_1,plastic,True,True,0.5047619342803955,0.5047619342803955,0.5,3,7.741089344024658,True
R7lhpy6_niU_2,angle of refraction,True,True,0.8715596199035645,0.8715596199035645,0.84375,0,5.896581649780273,True
RAvAYYM05v4,shimla,True,True,0.5411764979362488,0.5411764979362488,0.53125,1,8.098657608032227,True
RCd8Aat8xa4_1,hockey,True,True,0.6666666865348816,0.682539701461792,0.6875,0,5.1123504638671875,True
RCdDeF6erqo,chamber,True,True,0.9226519465446472,0.9226519465446472,0.875,7,6.446066379547119,True
RDrpOAnwThg_1,iron,True,True,0.5444444417953491,0.5555555820465088,0.5625,0,2.4444751739501953,True
REPEztEF060_1,envelope,True,True,0.3333333432674408,0.3333333432674408,0.3125,0,3.0520007610321045,True
RGDTXsCvZBQ,thousand,True,True,0.28205129504203796,0.28205129504203796,0.28125,0,4.210060119628906,True
RHetQGTr7nU_1,continue,True,True,0.4920634925365448,0.4920634925365448,0.5,1,3.731882095336914,True
RIWIAARKqCo,africa,True,True,0.6627907156944275,0.6627907156944275,0.65625,0,2.652238368988037,True
RIo6nyBv2oY_1,table tennis,True,True,0.7460317611694336,0.7936508059501648,0.78125,0,5.474010467529297,True
RJ2_mx6DsmA_1,brush,True,True,0.5714285969734192,0.5714285969734192,0.5625,4,15.966723442077637,True
RJVa8OUU9pA_1,close,True,True,0.6800000071525574,0.6800000071525574,0.65625,1,8.29727840423584,True
RKMKhsFem98,jd u,True,True,0.6526315808296204,0.6526315808296204,0.65625,2,5.117161273956299,True
RLYcKEP4af0,rjd,True,True,0.7011494040489197,0.7011494040489197,0.6875,5,7.103816032409668,True
RMFMc1KxwPM_1,why,True,True,0.2857142984867096,0.2857142984867096,0.28125,0,2.311434030532837,True
RMo1aaidZJo_1,august,True,True,0.8666666746139526,0.8933333158493042,0.875,1,3.757397413253784,True
RN3kLXQdNcc,paramedic,True,True,0.8026315569877625,0.8026315569877625,0.78125,10,7.087618350982666,True
ROF9TjG0q34_1,tamil,True,True,0.4000000059604645,0.4000000059604645,0.375,0,5.741682529449463,True
RPzCiRXVcr8,meager,True,True,0.5730336904525757,0.584269642829895,0.5625,1,3.7233381271362305,True
RQ02eJz61lk_1,mosque,True,True,0.4933333396911621,0.4933333396911621,0.5,2,4.076510429382324,True
RQEHiQQ25bY_1,ambulance,True,True,0.6818181872367859,0.7159090638160706,0.6875,4,4.405684947967529,True
RRX3vZmNyw4_1,sound,True,True,0.5733333230018616,0.5733333230018616,0.59375,2,3.661301851272583,True
RTvZD8AZs64,large,True,True,0.4523809552192688,0.5,0.5,2,3.314560890197754,True
RUKgTVVuVcg,increase,True,True,0.48695650696754456,0.48695650696754456,0.46875,0,5.7651567459106445,True
RVKZfvYZHks_1,cheat,True,True,0.47999998927116394,0.5733333230018616,0.5625,1,3.6150102615356445,True
RX34_NaukPo_1,tortoise,True,True,0.5866666436195374,0.6666666865348816,0.65625,0,5.374373912811279,True
RYeWs0MPMEA_1,terrace,True,True,0.7851851582527161,0.7925925850868225,0.78125,3,5.963820934295654,True
RZo8XEvx1G8,confirm,True,True,0.21311475336551666,0.21311475336551666,0.21875,1,2.218353033065796,True
RZymw-Gk26s_1,denomination,True,True,0.5277777910232544,0.5277777910232544,0.53125,0,5.988020420074463,True
R_6XeLEZzu0_1,proforma,True,True,0.37142857909202576,0.380952388048172,0.375,0,4.5691046714782715,True
R_GaklgD4bY=-,nan,True,True,0.4714285731315613,0.5285714268684387,0.53125,2,2.330490827560425,True
Ra22ZVhrcxw,revise,True,True,0.8511326909065247,0.8673139214515686,0.84375,5,5.724305629730225,True
RaT4rhSnixI_1,friday,True,True,0.46666666865348816,0.46666666865348816,0.4375,1,4.104306697845459,True
RaTUMGgYYTY,pdp,True,True,0.6982758641242981,0.7068965435028076,0.71875,4,3.9022488594055176,True
Rah844Dfxf8,water lifting equipments,True,True,0.8100000023841858,0.8100000023841858,0.78125,8,5.784718036651611,True
RbTU0PE3ebM,notification,True,True,0.574999988079071,0.574999988079071,0.5625,0,3.1648337841033936,True
Rc4vFhGRgIs,cat,True,True,0.7291666865348816,0.7291666865348816,0.71875,2,5.945315361022949,True
RcWDXAwySlM,power sockets,True,True,0.6040268540382385,0.6040268540382385,0.5625,0,3.2267677783966064,True
RcZ64U1ydeg,clown,True,True,0.38311687111854553,0.4350649416446686,0.4375,2,9.744260787963867,True
Rc_b4h5nFqo,bottle,True,True,0.4615384638309479,0.4615384638309479,0.46875,3,4.442583084106445,True
Rd6B7wNJ2wQ,pair,True,True,0.34090909361839294,0.34090909361839294,0.34375,2,7.251393795013428,True
RdhTo_18rQg,sightseeing,True,True,0.5602836608886719,0.5602836608886719,0.53125,3,6.511654853820801,True
RdySS4hQE0s,division,True,True,0.7393767833709717,0.7393767833709717,0.71875,8,6.878473281860352,True
ReA3MBOOJZU_1,secondary,True,True,0.8333333134651184,0.8916666507720947,0.875,1,7.164321422576904,True
ReGozpDkRcc,dream,True,True,0.5833333134651184,0.5833333134651184,0.5625,0,3.8719215393066406,True
RfTlPy0yoLg,beer,True,True,0.6710526347160339,0.6973684430122375,0.6875,0,5.6648993492126465,True
RfhBkV1VBNo_1,tribunal,True,True,0.5,0.5,0.46875,0,3.563215732574463,True
RhEpVt-AEK8,lion,True,True,0.4266666769981384,0.4266666769981384,0.40625,4,8.066027641296387,True
RhS6nAUP3C4,united kingdom,True,True,0.5970149040222168,0.5970149040222168,0.59375,0,4.101368427276611,True
RhzIqPFf72k_1,mountain,True,True,0.36000001430511475,0.3799999952316284,0.375,1,7.385672569274902,True
RiAJCOudSjM_1,interim,True,True,0.9111111164093018,0.9555555582046509,0.96875,1,4.545181751251221,True
RiyB_IpLUoA,chamfering,True,True,0.42603549361228943,0.42603549361228943,0.40625,0,2.7099947929382324,True
Rj6pX9wzxqA_1,sister,True,True,0.6166666746139526,0.6333333253860474,0.625,1,4.241817474365234,True
RjDvvpbDcHk,bihar,True,True,0.39393940567970276,0.4040403962135315,0.375,3,6.69956111907959,True
RjI4uWN3FXg_1,potentiality,True,True,0.3333333432674408,0.3444444537162781,0.34375,0,5.446338176727295,True
RjlLl95EtCQ_1,half,True,True,0.46666666865348816,0.5249999761581421,0.53125,0,3.0213661193847656,True
Rjv2fm62JAY_1,claim,True,True,0.550000011920929,0.574999988079071,0.5625,0,6.760213375091553,True
RkMTKS4AjQU_1,bite,True,True,0.5714285969734192,0.5714285969734192,0.5625,0,6.905001163482666,True
RlC8ZTPuOBU_1,interest,True,True,0.5047619342803955,0.6000000238418579,0.59375,1,3.989609718322754,True
RlIkYzzsHpg_1,at,True,True,0.4920634925365448,0.4920634925365448,0.46875,0,3.2966036796569824,True
Rloiqc9KybA,brick,True,True,0.42105263471603394,0.42105263471603394,0.40625,1,8.196345329284668,True
Rmwh_Cfw9GE,draughtsman,True,True,0.726190447807312,0.7321428656578064,0.71875,0,6.6780571937561035,True
RmxC2ESB77I,milk adultration,True,True,0.6328502297401428,0.6328502297401428,0.625,2,4.167579174041748,True
RnbKUzEYGq8_1,reconsider,True,True,0.5222222208976746,0.5222222208976746,0.53125,2,4.5975341796875,True
RnqeyToK1I8,drizzle,True,True,0.7378048896789551,0.7439024448394775,0.71875,4,5.379505157470703,True
Ro2y0_fypc4_1,signal,True,True,0.6190476417541504,0.6190476417541504,0.625,0,4.024746894836426,True
Roe3st2xwgQ,disability,True,True,0.625,0.625,0.59375,0,4.131558418273926,True
Roh9CQ2tF3Y,watch,True,True,0.5970149040222168,0.5970149040222168,0.59375,0,3.981442451477051,True
RorIn-P_3DI,have,True,True,0.6623376607894897,0.6753246784210205,0.65625,0,4.695799350738525,True
RpLX2iGqahI,pair,True,True,0.6041666865348816,0.6145833134651184,0.625,1,5.329686164855957,True
RpZGZHEgtYI,bake,True,True,0.6899999976158142,0.6899999976158142,0.65625,3,7.642491817474365,True
RpoDGwIp43s,hotel,True,True,0.47663551568984985,0.47663551568984985,0.46875,5,5.006241798400879,True
RqddJENqoOY,go,True,True,0.36986300349235535,0.3835616409778595,0.40625,1,3.1079905033111572,True
RrtHIJ1gjL0,dicoty ledoneae,True,True,0.8153846263885498,0.8230769038200378,0.8125,3,5.176241874694824,True
RryRyaLEaeM,arc welding,True,True,0.5940860509872437,0.5994623899459839,0.59375,5,3.7129433155059814,True
Rs0EKMMQqPI,kenya,True,True,0.6714285612106323,0.6857143044471741,0.65625,1,1.9414629936218262,True
Rs5qSbsnJKs_1,roar,True,True,0.4000000059604645,0.42222222685813904,0.40625,1,5.356706619262695,True
RsVR6VKYIbw,section  admin,True,True,0.8964143395423889,0.9003984332084656,0.875,7,7.397948265075684,True
RtOOeGlFdh4_1,head office,True,True,0.9428571462631226,1.0,1.0,0,12.464753150939941,True
Rty4lN6R8LY_1,car,True,True,0.6349206566810608,0.6666666865348816,0.65625,1,6.890521049499512,True
Rv-ass03RkM_1,original,True,True,0.7111111283302307,0.7111111283302307,0.6875,0,3.314586877822876,True
Rv7YAemJwp8,revolving chair,True,True,0.5865384340286255,0.6634615659713745,0.65625,1,5.965041160583496,True
RwIFUiFGMGw,luck,True,True,0.7011494040489197,0.7011494040489197,0.6875,0,3.523630142211914,True
RwdFk6p7tyo,very hot,True,True,0.5545454621315002,0.5545454621315002,0.53125,3,3.143075942993164,True
Rwtcr4Lp9TQ_2,irreversible,True,True,0.5111111402511597,0.6222222447395325,0.625,0,5.908424377441406,True
Rxj7JFcWujk_1,van,True,True,0.6000000238418579,0.6000000238418579,0.5625,1,3.8340954780578613,True
RxqkJA2EG0s,identity card,True,True,0.5769230723381042,0.5769230723381042,0.5625,0,2.807248830795288,True
RyuTiOy4BBI,steel,True,True,0.6326530575752258,0.6326530575752258,0.625,1,5.183541297912598,True
S-BjndLCySU,plum,True,True,0.5483871102333069,0.5483871102333069,0.53125,1,3.876594066619873,True
S-v0z93Qc6I_1,roll,True,True,0.7159090638160706,0.7272727489471436,0.71875,2,4.147689342498779,True
S06jHWa7Brk_1,whistle,True,True,0.3650793731212616,0.3650793731212616,0.34375,3,4.419157028198242,True
S0eE3CkrjZU_1,fox,True,True,0.5066666603088379,0.5199999809265137,0.53125,0,9.66758918762207,True
S0nGLXH4H5Y,tennis,True,True,0.42500001192092896,0.4333333373069763,0.4375,5,6.0952606201171875,True
S1eFafNFNOE,switzerland,True,True,0.6029411554336548,0.6176470518112183,0.625,0,2.0567359924316406,True
S21lcUrY_pM,approximate,True,True,0.5164835453033447,0.5494505763053894,0.53125,0,2.463517665863037,True
S23VB6dVnw8_1,introduction,True,True,0.6166666746139526,0.6416666507720947,0.625,0,4.5654401779174805,True
S3pN7MBKPU0,smell,True,True,0.4117647111415863,0.4117647111415863,0.40625,0,2.790121555328369,True
S4GZ0J3GZvQ,sweden,True,True,0.6774193644523621,0.6774193644523621,0.6875,2,5.505075454711914,True
S4Ygl6RqD98,idfc bank,True,True,0.632478654384613,0.6495726704597473,0.65625,3,8.41321086883545,True
S5iQxTVeKNE_2,dry cell,True,True,0.7045454382896423,0.7045454382896423,0.6875,1,6.296646595001221,True
S9wg2vb8-Aw,bandage,True,True,0.649350643157959,0.649350643157959,0.65625,6,4.727175712585449,True
SAPfIHh1BPg_1,cat,True,True,0.5904762148857117,0.6000000238418579,0.59375,3,3.9178810119628906,True
SB50UhgrFMY,muslim,True,True,0.4507042169570923,0.4507042169570923,0.4375,1,3.07413387298584,True
SBeMy0KGdEw_1,refresher course,True,True,0.5555555820465088,0.5666666626930237,0.53125,2,24.030988693237305,True
SCNfdbheXqo_1,succession,True,True,0.8600000143051147,0.8600000143051147,0.8125,1,5.112278461456299,True
SCd7SRCOr9o_1,first floor,True,True,0.7333333492279053,0.8095238208770752,0.78125,2,11.254121780395508,True
SDQ1doHsLn0,superficial,True,True,0.6013985872268677,0.6013985872268677,0.5625,1,5.438267707824707,True
SEVIbuIk3AU_2,sphere,True,True,0.6637167930603027,0.7079645991325378,0.71875,0,6.413967132568359,True
SEVkZ5qhIC0_1,swallow,True,True,0.39047619700431824,0.4000000059604645,0.40625,0,5.277495384216309,True
SEYjG-0Mi3U,death row,True,True,0.8795180916786194,0.8795180916786194,0.84375,7,4.8878278732299805,True
SEmdCAG7t24_1,regulation,True,True,0.5222222208976746,0.5777778029441833,0.59375,1,3.017167806625366,True
SEuUIH_SeVc_1,balance sheet,True,True,0.54666668176651,0.5533333420753479,0.53125,3,8.118382453918457,True
SF7r2SG-fck,desktop cleanup wizard,True,True,0.8277778029441833,0.8333333134651184,0.8125,2,6.507032871246338,True
SFD6zesDMMY,pray,True,True,0.6896551847457886,0.6896551847457886,0.65625,0,2.8454906940460205,True
SFP1Y49gip0_1,friday,True,True,0.46666666865348816,0.46666666865348816,0.5,0,4.553199291229248,True
SG-B3o7bMAc,since,True,True,0.2888889014720917,0.30000001192092896,0.28125,0,4.624307155609131,True
SGLYqU0p4X4,south,True,True,0.4556961953639984,0.4556961953639984,0.4375,1,4.008716583251953,True
SGsTDG4Awfk_1,fast,True,True,0.36000001430511475,0.36000001430511475,0.34375,1,5.776950836181641,True
SHPaqAaE29Q_1,re issue,True,True,0.4952380955219269,0.5333333611488342,0.53125,3,4.811686038970947,True
SHsq8VSKV_M,korea,True,True,0.4714285731315613,0.4714285731315613,0.46875,0,1.9828367233276367,True
SINe8jrjQfA_1,needle,True,True,0.5600000023841858,0.5866666436195374,0.5625,6,12.783818244934082,True
SIR3vIJJECY,disease,True,True,0.8412017226219177,0.8412017226219177,0.8125,6,4.8493123054504395,True
SInKhy-06qA,sign language,True,True,0.5696202516555786,0.607594907283783,0.59375,4,5.479128360748291,True
SIqQlHOR0JM,industrial building,True,True,0.8489583134651184,0.859375,0.84375,3,4.3299174308776855,True
SJJSpU8MFDs_2,unit,True,True,0.703125,0.703125,0.6875,0,4.324026107788086,True
SJaqmqaD77k,website,True,True,0.6666666865348816,0.6666666865348816,0.65625,4,4.040290355682373,True
SJrFnoOcTcI,spherical structure,True,True,0.7873563170433044,0.7931034564971924,0.78125,8,6.176202297210693,True
SJxqZH9B3zw,jaundice,True,True,0.5,0.5,0.46875,3,3.611722469329834,True
SKlTYkUBVvQ_1,boy,True,True,0.7037037014961243,0.7037037014961243,0.6875,2,6.304424285888672,True
SKzJwTW4NQ8,dairy science,True,True,0.6836734414100647,0.6836734414100647,0.65625,4,3.9911584854125977,True
SMEVutE0yBw,excuse me,True,True,0.35555556416511536,0.35555556416511536,0.34375,0,2.2924015522003174,True
SOMg4XV_dEY,diwali,True,True,0.41999998688697815,0.41999998688697815,0.40625,5,5.6759514808654785,True
SOkA4zA7ahE_1,jeep,True,True,0.5714285969734192,0.5714285969734192,0.5625,1,5.580388069152832,True
SPF11a6Uwy4_1,chennai,True,True,0.5714285969734192,0.5714285969734192,0.59375,0,5.334396839141846,True
SPVkNI9K4wA_1,calm,True,True,0.5568181872367859,0.5795454382896423,0.53125,2,4.636383533477783,True
SP_OSl0wle0_2,initial,True,True,0.4356435537338257,0.4554455578327179,0.46875,1,3.875943183898926,True
SPqwUnfpXvg_2,octal,True,True,0.9746835231781006,1.0,1.0,0,8.581395149230957,True
SQ6O9z7AJpM,hydropneumatic sprayer,True,True,0.9908536672592163,0.9969512224197388,0.96875,5,4.64542818069458,True
SQXRw3c2dYw,utility of mushroom,True,True,0.6726190447807312,0.6845238208770752,0.65625,6,6.67913818359375,True
SQZyez6oDKg,plenty,True,True,0.3731343150138855,0.3805970251560211,0.375,0,4.0983734130859375,True
SQsT1oeLr4g,cotter ring,True,True,0.8121387362480164,0.8121387362480164,0.78125,6,6.10856819152832,True
SQymUlHks-I,pram,True,True,0.6440678238868713,0.6440678238868713,0.625,4,8.741121292114258,True
SREF6XRNv0w,plumb bob and line,True,True,0.9135802388191223,0.9259259104728699,0.9375,10,6.019211769104004,True
SSkoetdv7G4,sculptor,True,True,0.5467625856399536,0.5611510872840881,0.5625,1,4.965358257293701,True
STJ38FSDE8w,part,True,True,0.43421053886413574,0.43421053886413574,0.4375,1,4.913794994354248,True
STNM0hUpfhQ,long day plant,True,True,0.8063583970069885,0.8121387362480164,0.78125,8,4.855210781097412,True
STXgnu97Y6Y_1,kurta,True,True,0.5600000023841858,0.5600000023841858,0.53125,0,3.2474026679992676,True
STdeLMDk8Sc,jacket,True,True,0.39080458879470825,0.39080458879470825,0.375,0,1.9810630083084106,True
STn1cOJ8Pms,boring machine,True,True,0.375,0.375,0.375,3,3.466747760772705,True
SUBSvmdSrXc_1,saturday,True,True,0.41333332657814026,0.41333332657814026,0.40625,1,4.135611534118652,True
SUGgjeP54CQ,car,True,True,0.612500011920929,0.612500011920929,0.625,1,5.5298542976379395,True
SULzv6BHjHs_1,monday,True,True,0.46666666865348816,0.46666666865348816,0.46875,1,4.5629496574401855,True
SVIuCiTrn_8_2,observation,True,True,0.37362638115882874,0.49450549483299255,0.4375,0,11.197245597839355,True
SVxNsaZs3dI_1,full,True,True,0.30158731341362,0.30158731341362,0.28125,1,3.9428584575653076,True
SWWKwdMT9qQ,close relation,True,True,0.43689319491386414,0.43689319491386414,0.4375,1,3.6111080646514893,True
SWi723tppLE_1,weak,True,True,0.46666666865348816,0.46666666865348816,0.46875,1,4.862453937530518,True
SWq-SiX-v20_1,sunset,True,True,0.7866666913032532,0.7866666913032532,0.78125,0,4.948818683624268,True
SYNNpD0n0U0_2,binary,True,True,0.417391300201416,0.426086962223053,0.40625,0,5.174188613891602,True
SYlMAasD3Aw,extra,True,True,0.48076921701431274,0.48076921701431274,0.5,1,4.428110599517822,True
SYrln3Ug1Lk,radio,True,True,0.4107142984867096,0.4107142984867096,0.375,3,8.791108131408691,True
SZeSrHZy0dM_1,parsi,True,True,0.3650793731212616,0.3650793731212616,0.375,0,3.403691053390503,True
SaqUZcI2zDA,post,True,True,0.36734694242477417,0.3741496503353119,0.375,2,6.0650434494018555,True
Sb7r4EnLG-A_2,transformer,True,True,0.8310810923576355,0.837837815284729,0.84375,3,4.903862476348877,True
SbYK9K-klAw,double click,True,True,0.4166666567325592,0.4166666567325592,0.40625,1,5.585875034332275,True
SccmMdkBiAU_1,chat,True,True,0.7083333134651184,0.7666666507720947,0.75,3,9.653823852539062,True
ScoqXyTkXp8_1,wrong,True,True,0.47777777910232544,0.5,0.5,0,4.876071453094482,True
ScstGTIjdOY_2,security convertible,True,True,0.6571428775787354,0.6571428775787354,0.65625,3,7.820641994476318,True
Sd07nnmlTAE_2,wavemotion,True,True,0.7664233446121216,0.8394160866737366,0.84375,2,5.591588497161865,True
Sd7e5qVlMB8,photograph,True,True,0.31690141558647156,0.3239436745643616,0.3125,1,3.8483943939208984,True
SdBirBu-dak,cause of action,True,True,0.8689655065536499,0.8689655065536499,0.84375,6,5.409187316894531,True
SdsEu8iuUpE,christmas,True,True,0.8026315569877625,0.8157894611358643,0.78125,0,2.0378103256225586,True
SewBqDY49qs,eclipse,True,True,0.429824560880661,0.429824560880661,0.40625,0,6.120078086853027,True
Sh3P9rHIKOM,three,True,True,0.4000000059604645,0.4000000059604645,0.375,0,3.452427864074707,True
Sh5c_9ADHFs,paper clip,True,True,0.5111111402511597,0.5111111402511597,0.5,0,7.143744945526123,True
ShXISzBU1Ug_2,gas equation,True,True,0.9457364082336426,0.9534883499145508,0.9375,1,8.960774421691895,True
SiP1g7kh1nE,ms windows,True,True,0.46666666865348816,0.46666666865348816,0.46875,0,5.110687732696533,True
SiRYkIO7AmQ_2,video camera,True,True,0.6612903475761414,0.6774193644523621,0.65625,0,2.837799072265625,True
SifysRkEATg_1,sly,True,True,0.5666666626930237,0.5666666626930237,0.53125,3,5.376084804534912,True
SjfLsGRnuGo,name,True,True,0.5671641826629639,0.5671641826629639,0.5625,0,3.9745442867279053,True
SknrxI_nq64_1,postman,True,True,0.4920634925365448,0.5079365372657776,0.5,0,4.0202226638793945,True
SlORjr0kUM4,water,True,True,0.43209877610206604,0.43209877610206604,0.4375,0,6.261103630065918,True
Sm7Cei87rg4_1,hardworking,True,True,0.5904762148857117,0.6000000238418579,0.59375,1,4.064566612243652,True
SmgLg_SSvZg_1,supply,True,True,0.5396825671195984,0.5396825671195984,0.53125,2,6.451420307159424,True
SnUlY4XhAG0,profit,True,True,0.389380544424057,0.389380544424057,0.375,1,4.438717842102051,True
SojDDNUsSew_1,monday,True,True,0.4266666769981384,0.4399999976158142,0.4375,2,3.0477747917175293,True
SoxMQgRbBsA,brothel,True,True,0.800000011920929,0.8235294222831726,0.8125,9,6.097280979156494,True
SqIhCix7O9I,gas pipe,True,True,0.8282208442687988,0.8343558311462402,0.8125,9,9.326467514038086,True
SqN3GrAvif8,construction contract,True,True,0.8579387068748474,0.8830083608627319,0.875,5,3.1711785793304443,True
SqXx7G7FX5A,singapore,True,True,0.42592594027519226,0.42592594027519226,0.40625,3,2.9886152744293213,True
SqjG2lMm-NU_1,god,True,True,0.5079365372657776,0.5079365372657776,0.5,1,4.570588111877441,True
SqoYBOJfc9w_1,job consciousness,True,True,0.8733333349227905,0.9333333373069763,0.96875,2,6.291007041931152,True
Srl_Gk0vjLE,tattoo,True,True,0.7289719581604004,0.7289719581604004,0.71875,0,4.037304878234863,True
SsDjl4tijyg_1,paying slip,True,True,0.3166666626930237,0.34166666865348816,0.34375,1,2.9079413414001465,True
Ssub7QHvQIA,shoot,True,True,0.577464759349823,0.577464759349823,0.5625,1,2.931072950363159,True
Sv-nLK45XFA_1,dasara,True,True,0.6666666865348816,0.6666666865348816,0.65625,2,12.152491569519043,True
SvabwOUNAEE,august,True,True,0.3804347813129425,0.3804347813129425,0.34375,0,3.1458606719970703,True
Svm8Kk4Vr2Q_1,stand,True,True,0.7444444298744202,0.7444444298744202,0.71875,0,7.0214738845825195,True
SwLX5yOifFI,saina nehwal,True,True,0.617977499961853,0.6292135119438171,0.59375,3,5.521880626678467,True
SwLs3Kowas8_1,charge,True,True,0.4962962865829468,0.4962962865829468,0.46875,0,4.401013374328613,True
Swad8O2a5Qc_1,equator,True,True,0.6704545617103577,0.6818181872367859,0.65625,3,9.505555152893066,True
Swny54RpOVw_1,interfere,True,True,0.4126984179019928,0.4126984179019928,0.40625,0,3.3059747219085693,True
SwtT_BdLe3A_1,bitter,True,True,0.6190476417541504,0.6984127163887024,0.71875,0,3.131981611251831,True
Sx34-t7A_xM_1,mumps,True,True,0.7222222089767456,0.8111110925674438,0.8125,1,3.1047511100769043,True
SxLd_Jwhy80,micromax mobile,True,True,0.3863636255264282,0.3863636255264282,0.375,1,3.874192714691162,True
SyRmYT523cU,sob,True,True,0.49473685026168823,0.5157894492149353,0.5,0,2.0581581592559814,True
SyZFNqdlRmc_1,breathe,True,True,0.4749999940395355,0.4749999940395355,0.4375,0,3.2277090549468994,True
Sz-NQ2ENlqA_1,cauliflower,True,True,0.47727271914482117,0.5113636255264282,0.5,1,4.151616096496582,True
T--ANw8Oxkk,uttarakhand,True,True,0.488095223903656,0.5,0.46875,0,2.9790477752685547,True
T1M8kXkQJAY,pullet,True,True,0.5991735458374023,0.5991735458374023,0.5625,1,4.80327844619751,True
T3DNMjNynU0_1,school,True,True,0.653333306312561,0.6666666865348816,0.65625,3,4.87473201751709,True
T3wOnHCetE0_1,daily list,True,True,0.5600000023841858,0.5799999833106995,0.5625,0,2.3414385318756104,True
T4-Q9pABqYs,waterfall,True,True,0.3513513505458832,0.3513513505458832,0.34375,0,3.4725685119628906,True
T41OsrviQCY,birthday,True,True,0.5416666865348816,0.5416666865348816,0.53125,1,7.041463851928711,True
T45Hsn9ABV4,jordan,True,True,0.5352112650871277,0.5352112650871277,0.53125,0,2.4096059799194336,True
T4BQsAvPno8_1,leave preparatory to retirement,True,True,0.9151515364646912,0.9757575988769531,0.96875,3,6.8281450271606445,True
T4VLu2P-X9s_1,staff,True,True,0.6944444179534912,0.6944444179534912,0.6875,0,2.4282543659210205,True
T4ySB6yP-m0_1,fire,True,True,0.6600000262260437,0.6600000262260437,0.65625,2,4.287602424621582,True
T5JAHMxSu2w_1,right,True,True,0.5888888835906982,0.5888888835906982,0.5625,2,5.055640697479248,True
T6vd9Criu48,six,True,True,0.5,0.5121951103210449,0.5,1,5.392554759979248,True
T7RBzS7EJ6A_1,husband,True,True,0.6583333611488342,0.6833333373069763,0.6875,4,4.452622890472412,True
T7RIPkBR3ik_1,woman,True,True,0.6866666674613953,0.6866666674613953,0.6875,0,5.135644435882568,True
T7afcYzRNU0_2,wattmeter,True,True,0.7863247990608215,0.811965823173523,0.78125,2,8.576427459716797,True
T7b0UnZEOvM_1,minutes,True,True,0.5,0.5,0.5,0,4.301975250244141,True
T7v9JbH90I0_1,confident,True,True,0.46666666865348816,0.46666666865348816,0.46875,3,5.067001819610596,True
T8I_n42FuBc,plant physiology,True,True,0.8857938647270203,0.8857938647270203,0.84375,11,4.456067085266113,True
T8g7H3Ie5YU,boyfriend,True,True,0.5,0.5,0.5,3,2.390517473220825,True
T976ElYJ-qY,enjoy,True,True,0.699999988079071,0.699999988079071,0.6875,0,4.059019565582275,True
T9GMyhxIv5k_1,iron,True,True,0.5666666626930237,0.5666666626930237,0.53125,0,3.462344169616699,True
T9eBnmIRtqg,like,True,True,0.4403669834136963,0.4403669834136963,0.4375,2,2.7440669536590576,True
T9nijwnbCqw,rajasthan,True,True,0.5102040767669678,0.5102040767669678,0.53125,1,7.6235127449035645,True
TBZtRv2owM8,bacterial diseases animals,True,True,0.7319884896278381,0.7319884896278381,0.71875,6,7.008429050445557,True
TCGWpLngbVA_1,prove,True,True,0.6666666865348816,0.6666666865348816,0.6875,1,2.978260040283203,True
TCHTGgRtZeI_1,tender,True,True,0.4611110985279083,0.4611110985279083,0.46875,1,3.1754233837127686,True
TDbdRtOwX10,ballast device,True,True,0.7368420958518982,0.7368420958518982,0.71875,6,3.413121223449707,True
TDdKRcFO4k8,fingerspell,True,True,0.6511628031730652,0.6627907156944275,0.625,2,4.648295879364014,True
TDlj5kHwiTk,behind,True,True,0.43283581733703613,0.447761207818985,0.4375,0,3.4579367637634277,True
TEkWFmWdQ8Q_1,donkey,True,True,0.5333333611488342,0.5333333611488342,0.53125,0,5.805708885192871,True
TGckzkVJiio_1,seniority,True,True,0.3166666626930237,0.34166666865348816,0.34375,0,4.033918857574463,True
THp4JJ3PWvo_1,dam,True,True,0.5568181872367859,0.5795454382896423,0.53125,0,3.986192464828491,True
TING64HUZ2k_2,ernission,True,True,0.7752808928489685,0.8314606547355652,0.84375,0,32.01213073730469,True
TIlcuqK-fr8_1,delivery,True,True,0.4749999940395355,0.4833333194255829,0.5,0,4.903207778930664,True
TIr35oN6iSE,wallet,True,True,0.3925233781337738,0.420560747385025,0.4375,0,4.932866096496582,True
TIzjrc3-71E,apiculturist,True,True,0.8477508425712585,0.8477508425712585,0.8125,14,6.5580735206604,True
TJJHfurpn-I,runs,True,True,0.5227272510528564,0.5340909361839294,0.53125,3,7.96865177154541,True
TJQdtS0Dkyw,section,True,True,0.43589743971824646,0.43589743971824646,0.40625,1,8.099830627441406,True
TJeHXGVDCms,temperature,True,True,0.6710526347160339,0.6710526347160339,0.65625,8,6.309363842010498,True
TK3H8rmoV1Q,burger,True,True,0.4296296238899231,0.4296296238899231,0.40625,1,4.801201820373535,True
TKsGy30vLtI,environmental pollution,True,True,0.6820809245109558,0.6878612637519836,0.65625,2,6.5026326179504395,True
TL4iZGEw9CY,neat,True,True,0.6931818127632141,0.6931818127632141,0.6875,0,8.210741996765137,True
TLN5DkTzcX8,quarrel,True,True,0.48051947355270386,0.48051947355270386,0.5,0,2.0503363609313965,True
TLXAEKQwcBY,spain,True,True,0.6785714030265808,0.6785714030265808,0.6875,0,3.86616849899292,True
TLf8Uvxntpg_2,x ray,True,True,0.699999988079071,0.7090908885002136,0.71875,0,4.059135913848877,True
TMANBpLx6s0_1,tomorrow,True,True,0.5733333230018616,0.6000000238418579,0.625,1,3.316040515899658,True
TN5HogAE-fs,water pump,True,True,0.7788461446762085,0.7884615659713745,0.75,1,12.046862602233887,True
TNNoq5pS-WQ_1,volume,True,True,0.5600000023841858,0.5733333230018616,0.53125,0,3.116605758666992,True
TNODnmQ9R1M_1,spot and forward,True,True,0.43703705072402954,0.4740740656852722,0.46875,2,2.7548718452453613,True
TOK4IBhtuYI,giga byte,True,True,0.5064102411270142,0.5096153616905212,0.46875,2,7.3246965408325195,True
TPCuCv8TjE8_1,cheque stale,True,True,0.8833333253860474,0.8833333253860474,0.875,6,6.781033992767334,True
TPdAyuJYQtE,bill,True,True,0.7234042286872864,0.7234042286872864,0.71875,2,7.507033348083496,True
TPwPNPP1rpI,social,True,True,0.5566037893295288,0.5566037893295288,0.5625,4,4.927898406982422,True
TQeI5Uixibg,pomegranate,True,True,0.42148759961128235,0.42148759961128235,0.4375,2,4.473000526428223,True
TQpNNdkU0ZI_1,jaundice,True,True,0.6916666626930237,0.6916666626930237,0.6875,0,5.549487113952637,True
TR30xmE3v0s,battered child syndrome,True,True,0.8125,0.8458333611488342,0.84375,8,5.955248832702637,True
TRIMTrqzSOc_1,zone,True,True,0.6857143044471741,0.6857143044471741,0.65625,2,3.9993138313293457,True
TR_tbUxLUco,it,True,True,0.4266666769981384,0.4266666769981384,0.40625,0,5.7533860206604,True
TRgM0lzJs-4,best,True,True,0.353658527135849,0.353658527135849,0.34375,0,2.1313607692718506,True
TSBR8lkAmaQ,bike silencer pipe,True,True,0.6242774724960327,0.6242774724960327,0.59375,2,8.482111930847168,True
TSTGnppZmfA_1,address,True,True,0.9555555582046509,1.0,1.0,0,3.9629385471343994,True
TSoaGw5OEb0_1,injection,True,True,0.4000000059604645,0.4000000059604645,0.375,0,2.068240165710449,True
TVfeNBBdWpQ_1,skirt,True,True,0.7599999904632568,0.7599999904632568,0.75,3,5.30503511428833,True
TW2KbOGRx2I,sex,True,True,0.36538460850715637,0.36538460850715637,0.375,1,2.460165500640869,True
TXA5pIG0jEM,expensive,True,True,0.6551724076271057,0.6551724076271057,0.65625,3,4.605291366577148,True
TXe-rPMd1q4_1,cheap,True,True,0.41333332657814026,0.41333332657814026,0.40625,2,4.078591346740723,True
TXtLoo3D-xQ,wikipedia,True,True,0.5089285969734192,0.5089285969734192,0.5,0,3.504155397415161,True
TYiNnkTwP0w,agenda,True,True,0.6906474828720093,0.6906474828720093,0.65625,3,10.260011672973633,True
TZEYZ0PggwY_1,vide,True,True,0.3733333349227905,0.3733333349227905,0.375,0,2.3151166439056396,True
TZkleWcH-wU_2,gravity,True,True,0.7655172348022461,0.7862069010734558,0.78125,2,9.783123970031738,True
TZqRg598wGQ,shower,True,True,0.6213592290878296,0.6407766938209534,0.625,3,3.5465240478515625,True
TcjKtM3VKj4,speech therapist,True,True,0.515625,0.515625,0.46875,5,8.566309928894043,True
TdbUnoeHXcE_1,gujarat,True,True,0.39772728085517883,0.4318181872367859,0.40625,4,8.050864219665527,True
TdwAJ3968lM,xbox,True,True,0.4912280738353729,0.49561402201652527,0.46875,3,3.4363677501678467,True
Te9AcG7ugOc,present,True,True,0.28205129504203796,0.28205129504203796,0.28125,3,2.979095697402954,True
TelHvRCbKco_1,account currency,True,True,0.6153846383094788,0.6512820720672607,0.625,2,4.628551959991455,True
Teyhg_5_rdw_1,brick,True,True,0.6399999856948853,0.6666666865348816,0.625,1,3.9174752235412598,True
Tf97LjJhrMU,below,True,True,0.3391304314136505,0.3391304314136505,0.34375,1,2.7271108627319336,True
TftELGOtnLM_2,millimetre,True,True,0.7938144207000732,0.8556700944900513,0.84375,1,6.347567558288574,True
Tfxp43vVHpY,listen,True,True,0.5102040767669678,0.5102040767669678,0.5,3,3.8474690914154053,True
ThLhLlan5Yo_1,bird,True,True,0.6888889074325562,0.6888889074325562,0.65625,3,5.6357502937316895,True
Ti-7CP2GtaI_1,leafy vegetables,True,True,0.5340909361839294,0.5454545617103577,0.53125,3,8.179391860961914,True
TiPPYhh323E,sorry,True,True,0.6860465407371521,0.6860465407371521,0.6875,0,3.951554536819458,True
TickiRU7XxU,bulb,True,True,0.5392156839370728,0.5392156839370728,0.53125,1,5.309548854827881,True
TihAh8jvRTs_2,exhaust pump,True,True,0.3814432919025421,0.4845360815525055,0.4375,0,4.250421524047852,True
TirzXnBaSt0,italy,True,True,0.577464759349823,0.577464759349823,0.59375,0,5.110569477081299,True
Tj5FRh9ASMU,sanitary pad,True,True,0.6480000019073486,0.6480000019073486,0.625,5,6.512310981750488,True
TjSYqjfk-lc,temperature,True,True,0.772549033164978,0.7843137383460999,0.75,6,4.388350486755371,True
TkREyqdJoCI,discipline,True,True,0.6559139490127563,0.6559139490127563,0.65625,2,7.4500932693481445,True
TkWzFh1m6KU_1,run,True,True,0.5428571701049805,0.5714285969734192,0.5625,0,4.34599494934082,True
TkZ8qS_TIXk,cell,True,True,0.5232558250427246,0.5232558250427246,0.5,1,4.21435022354126,True
TlGf_1YuYyE_1,pass to,True,True,0.4285714328289032,0.43809524178504944,0.40625,1,4.538278102874756,True
Tm_V8zmIsCA_1,buffalo,True,True,0.7047619223594666,0.7142857313156128,0.6875,4,4.521312713623047,True
TmsgikIaXu4,understand,True,True,0.43478259444236755,0.4637681245803833,0.46875,0,5.8706865310668945,True
TnGCg69kb1s_1,sports,True,True,0.6507936716079712,0.6666666865348816,0.6875,2,2.7594518661499023,True
Tp0lrE7068E,matrimonial home,True,True,0.8192771077156067,0.8473895788192749,0.8125,3,3.735055446624756,True
Tpyp71m96Nk_1,clouds,True,True,0.6136363744735718,0.6363636255264282,0.625,2,6.400819301605225,True
TqSyQEAlkU8_2,centigram,True,True,0.8358209133148193,0.9402984976768494,0.90625,4,6.990960597991943,True
TrCMG8Jm2_c,bamboo,True,True,0.577464759349823,0.6126760840415955,0.625,0,7.116274356842041,True
TrDii_6LlNg,gujarat,True,True,0.41489362716674805,0.42553192377090454,0.4375,1,6.664417266845703,True
TrGBcTGTlhI,plunger,True,True,0.4458598792552948,0.4585987329483032,0.46875,0,2.9725704193115234,True
TspS8Y62sXs,pick stitch,True,True,0.44528302550315857,0.44528302550315857,0.4375,1,2.512817859649658,True
TtNpydFV6rI,behind,True,True,0.2857142984867096,0.2976190447807312,0.3125,1,2.5603842735290527,True
TuH0o_tiW3o,august,True,True,0.3854166567325592,0.3958333432674408,0.375,0,5.530820369720459,True
Tuq_-EuFAhI,bonafide,True,True,0.8565737009048462,0.8565737009048462,0.84375,7,5.729603290557861,True
Tv1bOlYSqYI,website,True,True,0.4933333396911621,0.4933333396911621,0.5,0,4.877956390380859,True
Tw2qPxlzf6Q,power duster,True,True,0.79666668176651,0.8066666722297668,0.8125,16,4.901524066925049,True
Tw8BsgjnKIg,mitsubishi motors,True,True,0.5083333253860474,0.5083333253860474,0.5,2,4.6238932609558105,True
TwD2W_F22dE_2,calorimeter,True,True,0.9919999837875366,1.0,1.0,5,6.072630405426025,True
TwRRZw_m1Po_1,rubber,True,True,0.561904788017273,0.561904788017273,0.59375,0,4.00324010848999,True
Ty8eDa-6gQ0,water pipe,True,True,0.8288288116455078,0.8288288116455078,0.8125,4,4.10955286026001,True
Tyn9hWjEn5A_1,how many,True,True,0.5555555820465088,0.5555555820465088,0.53125,1,4.607750415802002,True
TziAcjoELVE_1,subject matter,True,True,0.4740740656852722,0.4740740656852722,0.46875,4,4.232574462890625,True
U--0FZU2bDg,house,True,True,0.46000000834465027,0.46000000834465027,0.46875,0,4.557281494140625,True
U-3Gvctw8Do_1,access,True,True,0.40740740299224854,0.40740740299224854,0.40625,0,4.854855060577393,True
U-DAmE4tzo4,wise,True,True,0.488095223903656,0.488095223903656,0.46875,0,2.8373725414276123,True
U-MdJz1XGpg_1,paw,True,True,0.6555555462837219,0.6888889074325562,0.65625,1,6.424230098724365,True
U-dEobzY4o4,village,True,True,0.49000000953674316,0.49000000953674316,0.46875,1,7.299354553222656,True
U18qbyFJKnA,toothbrush,True,True,0.5471698045730591,0.5566037893295288,0.5625,1,4.616685390472412,True
U1TZROWBuoo,confused,True,True,0.3937007784843445,0.3937007784843445,0.375,0,2.680990219116211,True
U1WpPYHOp84_1,message,True,True,0.9916666746139526,1.0,1.0,2,4.661732196807861,True
U1jYplNZtN0_1,draw,True,True,0.460317462682724,0.4761904776096344,0.46875,1,2.7899928092956543,True
U2DPGFl5JFA_1,kitchen,True,True,0.6222222447395325,0.644444465637207,0.625,1,4.425095081329346,True
U2UQ6QHvt_s_1,eclipse,True,True,0.5066666603088379,0.5333333611488342,0.53125,0,5.788933753967285,True
U2W9kUCDsgU_1,university,True,True,0.5909090638160706,0.5909090638160706,0.59375,0,6.181267738342285,True
U3w2AbN_8Og_1,safe guard,True,True,0.2888889014720917,0.2888889014720917,0.28125,0,5.519659519195557,True
U45soEQ1V4o_1,handkerchief,True,True,0.6666666865348816,0.6933333277702332,0.65625,1,3.184889554977417,True
U45t3T05qRk_1,cock,True,True,0.6952381134033203,0.6952381134033203,0.6875,0,3.3976404666900635,True
U46jloztxAQ,coimbatore,True,True,0.33734938502311707,0.33734938502311707,0.34375,0,4.112470626831055,True
U4dnLRpeTN8,twelve,True,True,0.3928571343421936,0.3928571343421936,0.40625,0,2.9375805854797363,True
U4zeXOlfF2c,gift,True,True,0.44999998807907104,0.44999998807907104,0.46875,0,3.269998788833618,True
U5KcZNFATFM,garden,True,True,0.42592594027519226,0.45370370149612427,0.4375,2,3.8471803665161133,True
U5lSxZnyve4_1,diabetes,True,True,0.800000011920929,0.800000011920929,0.78125,3,5.436519622802734,True
U7Y3GocRUak_1,october,True,True,0.6933333277702332,0.7333333492279053,0.71875,0,4.745604515075684,True
U8-__KRMRSM,photosynthesis,True,True,0.8159509301185608,0.8220859169960022,0.78125,11,5.940377712249756,True
U8TyoD2LxLU,dictionary,True,True,0.6170212626457214,0.6170212626457214,0.625,1,4.910231113433838,True
U8aIoaNXadQ,change,True,True,0.2647058963775635,0.27450981736183167,0.28125,1,5.774714469909668,True
U9WAeaZQgtE_2,soldering iron,True,True,0.9589040875434875,0.9863013625144958,0.96875,1,8.720041275024414,True
UAHpTtftpWE_1,any,True,True,0.3650793731212616,0.3650793731212616,0.34375,0,4.772541522979736,True
UB4Z8Wzkj5g,fixed deposit,True,True,0.40243902802467346,0.40243902802467346,0.40625,1,3.1751439571380615,True
UCd4aYE00KM_1,without,True,True,0.47999998927116394,0.47999998927116394,0.46875,0,4.428816318511963,True
UD02Bmbm1kk,pro circle,True,True,0.7284946441650391,0.7338709831237793,0.71875,5,6.819026470184326,True
UDCvZbi5eMw_2,humidity,True,True,0.6081871390342712,0.7017543911933899,0.6875,3,6.350665092468262,True
UDcg2skGRXM_1,brother,True,True,0.7272727489471436,0.739393949508667,0.71875,0,2.826589584350586,True
UE2dRDkXVOw_1,stabilisation,True,True,0.29629629850387573,0.31111112236976624,0.3125,2,5.141647815704346,True
UFePdoNR_KM,write,True,True,0.6590909361839294,0.6590909361839294,0.625,4,7.655623435974121,True
UGFkd_LTNW0_2,thermostat,True,True,0.6632652878761292,0.7142857313156128,0.6875,0,4.856830596923828,True
UGMQBqwFQzg_1,empty,True,True,0.4000000059604645,0.4000000059604645,0.40625,1,5.9681782722473145,True
UGX6actjbuM,dairy farm record,True,True,0.7397260069847107,0.7397260069847107,0.71875,4,5.0709333419799805,True
UIZbKwFr9ck_1,saturday,True,True,0.41333332657814026,0.4533333480358124,0.4375,2,4.1114301681518555,True
UJHjwQ7yclM,welcome,True,True,0.5,0.5,0.5,0,4.000062942504883,True
UJe2UCSOExA,bone cancer osteosarcoma and malignant fibrous histiocytoma,True,True,0.7477477192878723,0.7567567825317383,0.75,7,9.002056121826172,True
UJyI-681CrM,scratch,True,True,0.6688741445541382,0.6688741445541382,0.6875,6,4.373308181762695,True
UK-aS_5scz4_1,monday,True,True,0.4266666769981384,0.4533333480358124,0.4375,1,5.275447845458984,True
UK3lCFwSt7A,chilli,True,True,0.6226415038108826,0.6226415038108826,0.625,1,4.394976615905762,True
ULLLdCsmxDU_1,lumpsum,True,True,0.8500000238418579,0.8583333492279053,0.84375,0,3.6932594776153564,True
ULXqpYB1yYw,support,True,True,0.38999998569488525,0.4000000059604645,0.40625,1,4.0580244064331055,True
UMGZsGFUVcA_1,see,True,True,0.675000011920929,0.7250000238418579,0.75,1,5.415197849273682,True
UMMYGhp1SD4,carrot,True,True,0.39393940567970276,0.39393940567970276,0.375,0,2.929083824157715,True
UMS2IJZt6To,free,True,True,0.6236559152603149,0.6236559152603149,0.59375,0,4.508612632751465,True
UNNkbxYzexA,taiwan,True,True,0.7397260069847107,0.767123281955719,0.75,0,2.748901844024658,True
UOCJkoSjr9w,finish,True,True,0.6106870174407959,0.6335877776145935,0.625,5,4.23171329498291,True
UOF_LN4gRRw_1,hindi,True,True,0.5066666603088379,0.5066666603088379,0.5,0,5.119887351989746,True
UOFozu6HCwg_1,cross,True,True,0.4444444477558136,0.4444444477558136,0.4375,1,4.955813884735107,True
UORRNKMTusE,twitter,True,True,0.33636364340782166,0.33636364340782166,0.34375,0,4.966430187225342,True
UOktZawGna4,band-aid,True,True,0.43589743971824646,0.43589743971824646,0.40625,7,4.787045001983643,True
UPBonZ_8HIM,life,True,True,0.3333333432674408,0.342342346906662,0.34375,0,10.62144660949707,True
UPTSoIuNOIw_1,egg,True,True,0.5444444417953491,0.5666666626930237,0.5625,1,4.18985652923584,True
UPh2mJTMLIQ,lollipop,True,True,0.6271186470985413,0.6271186470985413,0.625,2,5.942758560180664,True
UQh8UwdcnBI_1,reminder,True,True,0.4476190507411957,0.48571428656578064,0.5,1,5.548372745513916,True
UQnQ_sw1fHA_1,neck,True,True,0.6285714507102966,0.6380952596664429,0.625,1,3.334210157394409,True
UQogb-cniR4_1,cockroach,True,True,0.8111110925674438,0.8444444537162781,0.8125,2,3.969475746154785,True
URA2L-D-MAQ,city,True,True,0.44954127073287964,0.44954127073287964,0.4375,4,7.758039951324463,True
URJUqJrqo_8,wire stripper,True,True,0.6016949415206909,0.6059321761131287,0.59375,3,5.384245872497559,True
URTZQEPHVxk,wholesale merchants,True,True,0.875,0.8830645084381104,0.84375,14,12.17015552520752,True
US1v85XAz0c,ram navami,True,True,0.5540540814399719,0.5540540814399719,0.53125,3,4.600373268127441,True
USyI1R3TCr4,runner,True,True,0.617511510848999,0.6221198439598083,0.625,3,4.030858516693115,True
UTkhiWX3IBk,wheat rust,True,True,0.9101123809814453,0.9101123809814453,0.90625,14,4.483015537261963,True
UUYEkCl4HvI,snail,True,True,0.6969696879386902,0.6969696879386902,0.6875,0,4.0071868896484375,True
UWWGrijcLSs,criminal court,True,True,0.5872092843055725,0.5930232405662537,0.5625,3,4.67575216293335,True
UWzrvtCcWDA,run,True,True,0.5494505763053894,0.5494505763053894,0.53125,1,3.7543153762817383,True
UXoDCHd7VuQ_1,monday,True,True,0.46666666865348816,0.5066666603088379,0.5,1,5.384871959686279,True
UXoVPWIYL4k_2,uniform motion,True,True,0.8247422575950623,0.876288652420044,0.875,4,4.280379295349121,True
UY6S37YeDTE_1,cash,True,True,0.6333333253860474,0.6499999761581421,0.625,0,4.326664447784424,True
UYS5jKTw0Ik_1,clerk,True,True,0.4266666769981384,0.4399999976158142,0.4375,2,3.1222569942474365,True
UYYmJtinmNg,toffee,True,True,0.3968254029750824,0.3968254029750824,0.375,3,10.230775833129883,True
U_I4IzFnhdw,scratch,True,True,0.5795454382896423,0.5795454382896423,0.5625,0,4.314032077789307,True
Ua00PZ_-QKE_1,center,True,True,0.5555555820465088,0.5555555820465088,0.5625,2,4.288431167602539,True
Ua8OAMfzWAQ_1,pre paid,True,True,0.644444465637207,0.7111111283302307,0.6875,0,5.213983058929443,True
UbEMzE9pxXU,absorption of water,True,True,0.8592592477798462,0.8629629611968994,0.84375,13,7.135758876800537,True
UbLgHH4sOtA_1,mother,True,True,0.5799999833106995,0.5799999833106995,0.5625,1,4.381035804748535,True
UbQHwZHQSRM,alternative,True,True,0.6578947305679321,0.6578947305679321,0.65625,2,10.209909439086914,True
UbZzQI8wKY8_2,regular vibration,True,True,0.6666666865348816,0.6875,0.6875,2,7.996408462524414,True
Ubg4ASlf83o_1,cream,True,True,0.5873016119003296,0.5873016119003296,0.59375,0,3.5193681716918945,True
Ubkc3VIH4QY,side,True,True,0.31111112236976624,0.31111112236976624,0.3125,0,4.500711441040039,True
UcEpOfJMly4_1,magic,True,True,0.3650793731212616,0.3650793731212616,0.375,0,3.641968250274658,True
UceHJJVBBzU,grudge,True,True,0.3472222089767456,0.3472222089767456,0.34375,0,3.64141845703125,True
Uctb3c7u__M_1,mobilisation deposit,True,True,0.5185185074806213,0.5185185074806213,0.5625,1,5.686554908752441,True
UdD80Owt1n8_1,kite,True,True,0.523809552192688,0.523809552192688,0.5,2,3.59726619720459,True
UevozhypOqs_1,necklace,True,True,0.5333333611488342,0.5333333611488342,0.53125,0,3.468205690383911,True
Uf6P20S4HbI_1,register,True,True,0.4000000059604645,0.4000000059604645,0.40625,1,3.920586347579956,True
UfA1NhqdyRQ_1,weight,True,True,0.4126984179019928,0.4126984179019928,0.40625,2,6.962977409362793,True
UfJyWbJ_RpQ_2,error of omission,True,True,0.7752808928489685,0.8314606547355652,0.84375,0,32.01213073730469,True
UfYeaYNJV8E_1,from,True,True,0.5199999809265137,0.5199999809265137,0.5,0,4.806273460388184,True
UfZyeijqQeY_1,allowance,True,True,0.6222222447395325,0.6592592597007751,0.59375,0,13.65543270111084,True
UgLgrXYY9Es,shine,True,True,0.5400000214576721,0.5400000214576721,0.53125,2,4.60761833190918,True
UgR3sxHLsDg,view,True,True,0.5679012537002563,0.5679012537002563,0.53125,0,3.084857225418091,True
UhOwvFFtKVs_1,lotus,True,True,0.800000011920929,0.800000011920929,0.78125,0,4.710417747497559,True
UhtjXl2_OcA_1,bangladesh,True,True,0.4000000059604645,0.4000000059604645,0.375,1,6.387643814086914,True
UivWWBHOnAc,child prostitution,True,True,0.8594249486923218,0.8626198172569275,0.84375,4,6.434014320373535,True
UjkcbDkHvxY,touchscreen,True,True,0.4639175236225128,0.4639175236225128,0.4375,0,5.211787223815918,True
Ujw6xa-mmZM,temporary,True,True,0.5068492889404297,0.5068492889404297,0.5,0,3.9651076793670654,True
Uk2g1CB1O2s_1,buyer,True,True,0.25555557012557983,0.2777777910232544,0.28125,1,5.281591892242432,True
Ukr__1TiaOo_1,wait,True,True,0.5555555820465088,0.5555555820465088,0.5625,1,7.64847993850708,True
UksWdbYQW2k_2,natural gas,True,True,0.9193548560142517,0.9596773982048035,0.96875,1,5.05429220199585,True
UlQ5cTjCqT8_1,tuesday,True,True,0.4266666769981384,0.4266666769981384,0.40625,0,4.076185703277588,True
UmIy-iRAW48,shaft,True,True,0.8171206116676331,0.844357967376709,0.875,10,12.245257377624512,True
UnOmbIQFwOE_1,until,True,True,0.5888888835906982,0.5888888835906982,0.59375,0,5.068385124206543,True
Unvi9R9Qg8w,similar,True,True,0.512499988079071,0.512499988079071,0.5,0,3.884880542755127,True
UoBpthYc-HE,u neck,True,True,0.46543779969215393,0.46543779969215393,0.46875,3,3.621654748916626,True
UoONuBxuPLg_1,cold,True,True,0.6777777671813965,0.6777777671813965,0.65625,3,4.135410785675049,True
UodmDnAnLmg_1,cabbage,True,True,0.5600000023841858,0.5866666436195374,0.5625,0,5.50501823425293,True
UpDvz4TFXuY,garlic,True,True,0.39516130089759827,0.39516130089759827,0.40625,1,5.646281719207764,True
UpTUXgf7Wck,sanitary pad,True,True,0.5222222208976746,0.5333333611488342,0.53125,2,4.834841251373291,True
UrDzxGca4Vg,jal mahal,True,True,0.7925925850868225,0.800000011920929,0.78125,3,3.920413017272949,True
Us3qUIzVN30_1,outstanding cheque,True,True,0.9916666746139526,1.0,1.0,5,3.8733561038970947,True
UsfdUqWfoko_1,tum over,True,True,0.8583333492279053,0.925000011920929,0.9375,2,3.928555727005005,True
UtDbK5h2P5s,advocate general,True,True,0.9115646481513977,0.9523809552192688,0.9375,4,4.653640270233154,True
UtIn2Jira9w,builder,True,True,0.5,0.5,0.46875,4,3.911379098892212,True
UuYeKt00J9s_2,battery,True,True,0.7179487347602844,0.7435897588729858,0.71875,2,6.694746971130371,True
UvsWlQg31Ts,pain,True,True,0.6101694703102112,0.6271186470985413,0.625,0,4.61353874206543,True
UwWaRajzxt0,regular,True,True,0.32258063554763794,0.37634408473968506,0.375,1,5.181787490844727,True
UwjyKkkLN7o_1,remittance,True,True,0.4952380955219269,0.5142857432365417,0.5,0,4.971355438232422,True
Uwz4-pLZMC8,punctual,True,True,0.4183673560619354,0.4183673560619354,0.40625,0,4.565613269805908,True
UxC_mC9iK-I,eraser,True,True,0.4264705777168274,0.4264705777168274,0.4375,2,6.6055073738098145,True
UxfnLulLdVQ,suspect,True,True,0.7609427571296692,0.7609427571296692,0.75,3,7.428564548492432,True
UyIz1DzGwQQ_1,explain,True,True,0.8533333539962769,0.9066666960716248,0.90625,3,6.570446014404297,True
UyOvMtr_ZOE_1,lc,True,True,0.9714285731315613,0.9809523820877075,0.96875,0,5.821274757385254,True
UyuuFpV2QCg,extend,True,True,0.45192307233810425,0.4615384638309479,0.4375,0,4.472467422485352,True
Uyx_b73fxUc,hearsay,True,True,0.9247910976409912,0.9247910976409912,0.90625,20,14.19244384765625,True
Uz_wWiAtIUY,thread,True,True,0.7700534462928772,0.7754010558128357,0.75,4,7.84645938873291,True
UzpCuTtVV9Y_1,understand,True,True,0.6349206566810608,0.6507936716079712,0.625,2,5.277093887329102,True
V-BQYv-0PKs,podium,True,True,0.4930555522441864,0.5069444179534912,0.5,3,5.4561767578125,True
V-YrxoE9qBE,publish,True,True,0.46875,0.4895833432674408,0.46875,3,6.72698450088501,True
V0VRDcoop14_1,duplicate,True,True,0.6000000238418579,0.6000000238418579,0.625,3,4.744609355926514,True
V1-w01T8L84_1,folio,True,True,0.6000000238418579,0.6296296119689941,0.59375,2,5.375409126281738,True
V1dlIBcgvjo,inner shell membrane,True,True,0.7987616062164307,0.7987616062164307,0.78125,7,3.8362834453582764,True
V279MbdgsSY_1,hair,True,True,0.7444444298744202,0.7666666507720947,0.75,1,4.337137699127197,True
V29VnUcT42Q,wiring,True,True,0.8539682626724243,0.8539682626724243,0.84375,4,4.459012508392334,True
V2MPSLmneX0,colour palette,True,True,0.8407079577445984,0.8628318309783936,0.8125,3,6.271876811981201,True
V2xejNSSroM,upper division clerk,True,True,0.5806451439857483,0.5806451439857483,0.5625,0,6.618739604949951,True
V3YYjAXQwmI_2,rectifier,True,True,0.949999988079071,0.9666666388511658,0.96875,3,5.576562404632568,True
V3bwmMHBHzE,engineering compass,True,True,0.6577380895614624,0.6696428656578064,0.65625,4,4.928647518157959,True
V3nAp-Rq1W0_1,mtl,True,True,0.7799999713897705,0.7933333516120911,0.78125,2,5.500204086303711,True
V3vmgiymarA,route,True,True,0.6784141063690186,0.7092511057853699,0.6875,4,3.406421661376953,True
V41e4s7n5jY_1,cure,True,True,0.6095238327980042,0.6190476417541504,0.625,0,3.406810760498047,True
V4nZC24tRJ4_2,solar system,True,True,0.8148148059844971,0.8796296119689941,0.875,0,6.78531551361084,True
V5ZoFg0ZI08_1,noc,True,True,1.0,1.0,1.0,2,4.321054935455322,True
V5ays4bEcFE,brandishing of a weapon,True,True,0.846441924571991,0.846441924571991,0.84375,11,4.654477119445801,True
V5pMbP6wR8k,corel draw,True,True,0.6100628972053528,0.6163522005081177,0.625,5,5.9620747566223145,True
V63xT_OqUOw_1,yellow,True,True,0.4000000059604645,0.4296296238899231,0.40625,0,4.905394077301025,True
V6STX-F9V8o_1,overdue,True,True,0.8833333253860474,0.925000011920929,0.9375,1,7.194189071655273,True
V762TGrdsYI,establish,True,True,0.5474452376365662,0.55474454164505,0.53125,0,3.691314220428467,True
V94cJaXyYpY,obey,True,True,0.609375,0.609375,0.59375,0,2.477023124694824,True
V9YCBo53D94_1,bedroom,True,True,0.7333333492279053,0.746666669845581,0.71875,1,3.5311896800994873,True
VA6jHsfpa4g,acacia modesta,True,True,0.7696969509124756,0.7696969509124756,0.75,4,4.862910747528076,True
VAGtePDt80E_1,bark,True,True,0.46666666865348816,0.46666666865348816,0.46875,1,5.06886625289917,True
VAhELbOjQFc,india,True,True,0.6511628031730652,0.6511628031730652,0.65625,1,5.723297595977783,True
VAiekrFaH-A_2,noise pollution,True,True,0.7037037014961243,0.7654321193695068,0.75,2,3.731309175491333,True
VBM4ss11k-k,anxious,True,True,0.6547619104385376,0.6904761791229248,0.65625,0,5.776446342468262,True
VBX7WykbnZM,python,True,True,0.5733333230018616,0.5799999833106995,0.5625,4,4.396126747131348,True
VBdO8sQJM1s_1,vessel,True,True,0.30000001192092896,0.31111112236976624,0.375,2,12.400795936584473,True
VBnTbBdLA1M_2,direct,True,True,0.4545454680919647,0.46464645862579346,0.46875,0,2.862403154373169,True
VBvgxVhTCU4,cultivators,True,True,0.4968944191932678,0.4968944191932678,0.46875,2,12.67416000366211,True
VBx8a9gFcQI_1,cinema,True,True,0.380952388048172,0.380952388048172,0.375,0,19.733591079711914,True
VCAyZMacKXM,inverter,True,True,0.5303030014038086,0.5378788113594055,0.53125,3,6.086884498596191,True
VCDSOi8Hix0,distance,True,True,0.3571428656578064,0.3571428656578064,0.34375,2,4.013599395751953,True
VCOeuYSrcMI_1,puppet show,True,True,0.4444444477558136,0.4444444477558136,0.4375,0,7.911001682281494,True
VCRZM4u-FYs,power,True,True,0.6914893388748169,0.6914893388748169,0.65625,0,3.99666428565979,True
VC_lTWT1HXU,right,True,True,0.5487805008888245,0.5487805008888245,0.53125,0,6.705616474151611,True
VCjWwq5ww18_1,granddaughter,True,True,0.6611111164093018,0.6666666865348816,0.6875,2,5.188363552093506,True
VDET3icqk6A,wrench,True,True,0.7983871102333069,0.8037634491920471,0.78125,10,5.974798202514648,True
VDbvWI5QT70,neighbour,True,True,0.49484536051750183,0.49484536051750183,0.46875,1,9.770147323608398,True
VEALNsI7Ijg,silk,True,True,0.6666666865348816,0.6666666865348816,0.625,0,3.7048087120056152,True
VEppUiloi6c_1,blood pressure,True,True,0.6416666507720947,0.6416666507720947,0.625,0,4.034815311431885,True
VFLmd-lcwZw_1,praise,True,True,0.5555555820465088,0.5555555820465088,0.53125,0,3.0074117183685303,True
VGY3MIoFFoU_2,procedure,True,True,0.5888888835906982,0.6111111044883728,0.59375,0,3.659186601638794,True
VGa4oRGUQ-w,exchange positions,True,True,0.5051546096801758,0.5463917255401611,0.5,3,4.719174385070801,True
VH9BKxQgE4I,veterinarian,True,True,0.7883597612380981,0.7936508059501648,0.78125,8,4.637291431427002,True
VHEz_cYLDe8,puducherry,True,True,0.4470588266849518,0.4470588266849518,0.4375,0,2.722154378890991,True
VHdpLk4GK08_2,convex mirror,True,True,0.8317757248878479,0.84112149477005,0.84375,3,2.928802490234375,True
VI6RwfsB3Tc_1,hippo,True,True,0.5222222208976746,0.5333333611488342,0.5,1,4.2200541496276855,True
VIDtd_VYM2Y,copy,True,True,0.33888888359069824,0.33888888359069824,0.34375,4,5.033726692199707,True
VJNSZFoRLzE,follow,True,True,0.593406617641449,0.593406617641449,0.59375,0,4.344404220581055,True
VJlRCE_Tw3A_1,silver,True,True,0.5666666626930237,0.5666666626930237,0.5625,2,3.679767370223999,True
VKeDxmyvczg_1,account govemment,True,True,0.6888889074325562,0.7277777791023254,0.71875,2,6.566536903381348,True
VL83qtgsLCk,printer,True,True,0.22522522509098053,0.22522522509098053,0.21875,0,3.0989255905151367,True
VLeir-T0xmU,magnet,True,True,0.6000000238418579,0.6000000238418579,0.5625,3,9.217531204223633,True
VMI2RvR_tNA,demarcation west bengal,True,True,0.7161017060279846,0.7161017060279846,0.71875,5,6.932681560516357,True
VMsWda7pWZA,black,True,True,0.4166666567325592,0.4166666567325592,0.40625,1,2.074364423751831,True
VN0pOHZP1KQ,leave,True,True,0.8589341640472412,0.8620689511299133,0.84375,10,8.075136184692383,True
VO1Wuqwc4wg,memory unit,True,True,0.698060929775238,0.7036011219024658,0.6875,4,3.1551826000213623,True
VOEpCw8MRuo,factorisation,True,True,0.6577380895614624,0.6607142686843872,0.625,8,4.202838897705078,True
VORmSzXh6YU,funny,True,True,0.4754098355770111,0.4754098355770111,0.46875,2,5.994358539581299,True
VPB0XOlm-qE,counter sinking,True,True,0.4722222089767456,0.4722222089767456,0.46875,0,2.084322452545166,True
VPU-Gw_h9ko,debit card,True,True,0.6458333134651184,0.6458333134651184,0.625,3,6.314432621002197,True
VPiwsR-P4Tc_1,skin,True,True,0.6952381134033203,0.6952381134033203,0.6875,0,5.791214942932129,True
VPja-SPBsSk_1,rice,True,True,0.7777777910232544,0.8253968358039856,0.8125,1,4.503845691680908,True
VRTBNXGQAVY,applique,True,True,0.6791666746139526,0.6958333253860474,0.6875,7,3.7440836429595947,True
VRhdtFEOlXs,man,True,True,0.47422680258750916,0.47422680258750916,0.46875,0,3.3731727600097656,True
VS_ZuiQIJx0,no,True,True,0.44999998807907104,0.44999998807907104,0.4375,0,2.9763548374176025,True
VSvlO0WM5fg_1,november,True,True,0.54666668176651,0.5733333230018616,0.5625,2,4.527328968048096,True
VT9WJZKrys8_1,true,True,True,0.5111111402511597,0.5222222208976746,0.53125,1,2.197268009185791,True
VTDRIXo-Bpg_1,kurta,True,True,0.5873016119003296,0.6349206566810608,0.625,2,5.136374473571777,True
VV3za4vmTTs,vessel,True,True,0.6358381509780884,0.6358381509780884,0.625,5,4.083227157592773,True
VV7wIkRKbf0_1,form,True,True,0.4888888895511627,0.5444444417953491,0.53125,1,5.138337135314941,True
VWNsruK2Yk0_1,programme,True,True,0.5,0.5,0.46875,1,2.3041090965270996,True
VX-0YdOVhIE,hashtag,True,True,0.6000000238418579,0.6000000238418579,0.59375,1,4.329530239105225,True
VYVrUCzDt_w_1,uncovered,True,True,0.7777777910232544,0.8999999761581421,0.9375,2,10.796428680419922,True
V_NJjyZpYY4,indicator,True,True,0.8263305425643921,0.8263305425643921,0.8125,3,5.894406795501709,True
VaWad6GHjNM_1,lips,True,True,0.6190476417541504,0.6190476417541504,0.59375,0,3.4719858169555664,True
VaXddHdk-K0_1,pillow,True,True,0.699999988079071,0.7333333492279053,0.71875,3,13.444701194763184,True
Va_b6_X-wOs,fishing for games,True,True,0.8559321761131287,0.8644067645072937,0.84375,1,8.171730041503906,True
VbRmhM7sUGo,wet,True,True,0.7361111044883728,0.7361111044883728,0.71875,0,4.071862697601318,True
VbiFEC7SKhg_2,instrument,True,True,0.34259259700775146,0.39814814925193787,0.40625,0,2.6386337280273438,True
Vc0YkcqRNAM,kohima,True,True,0.45945945382118225,0.45945945382118225,0.4375,0,3.396754741668701,True
Vc81XotPSFs,madagascar,True,True,0.5138888955116272,0.5138888955116272,0.5,3,4.988100528717041,True
VcOM49u8maQ,share market,True,True,0.5322580933570862,0.5322580933570862,0.53125,2,8.420244216918945,True
VdG0pGDoCzM,ethics,True,True,0.6224489808082581,0.6224489808082581,0.625,1,9.418648719787598,True
VdR3IR0wqDY,air,True,True,0.5362318754196167,0.5362318754196167,0.53125,0,4.442046165466309,True
VdaOSlNkCEY,print,True,True,0.6100000143051147,0.6100000143051147,0.59375,2,5.279631614685059,True
VfKd7mog6AA,tug of war haryana,True,True,0.8849999904632568,0.8899999856948853,0.875,0,8.462251663208008,True
VfN66I8-KEk,war,True,True,0.573913037776947,0.573913037776947,0.53125,2,3.798044204711914,True
VfQpOfUkVg8,my name is,True,True,0.569767415523529,0.569767415523529,0.5625,1,3.3715085983276367,True
Vft0oixnLPs,mushroom pleating,True,True,0.37254902720451355,0.37254902720451355,0.375,0,3.4223873615264893,True
VgrQMDa1vlI,hand sanitizer,True,True,0.8055555820465088,0.8055555820465088,0.78125,11,6.99185037612915,True
VhB51KKUi10,air pollution,True,True,0.7372881174087524,0.7372881174087524,0.71875,2,3.808643102645874,True
VhiPxEZMhus_1,monday,True,True,0.5333333611488342,0.54666668176651,0.5625,1,2.3396055698394775,True
VhpYWt3XsNk,caftan,True,True,0.42222222685813904,0.43888887763023376,0.4375,0,4.618223190307617,True
VhsF-apA_D8_1,barber,True,True,0.4266666769981384,0.4266666769981384,0.40625,0,4.665006637573242,True
VhyiA9MZWZw,half,True,True,0.5,0.5,0.46875,4,6.530689239501953,True
VigebdpoRlI,chief justice,True,True,0.7516340017318726,0.7810457348823547,0.75,10,5.375256061553955,True
VjjImnuWU2A_2,variable,True,True,0.40789473056793213,0.5263158082962036,0.53125,0,7.796869277954102,True
VkHrewA9bJI_1,trust,True,True,0.5111111402511597,0.5555555820465088,0.53125,1,8.025589942932129,True
VkrF0Q4fWRo,group,True,True,0.4303797483444214,0.4303797483444214,0.4375,0,4.827826976776123,True
Vl5pPd0iGy8_2,integrated chip,True,True,0.9333333373069763,0.9416666626930237,0.9375,2,6.650542736053467,True
VoGbGa9k9K8_1,requisite,True,True,0.36000001430511475,0.36000001430511475,0.34375,0,5.955174922943115,True
VqF3Q_7eQDc_1,china,True,True,0.5733333230018616,0.5733333230018616,0.5625,1,8.438916206359863,True
VqIMqvX3c20,advance,True,True,0.8656716346740723,0.8656716346740723,0.84375,0,3.9068732261657715,True
VqaaRKqS4tw_1,poor,True,True,0.653333306312561,0.7599999904632568,0.75,3,6.879795551300049,True
VqeazWZzEp4,disobey,True,True,0.25925925374031067,0.25925925374031067,0.25,0,3.864482879638672,True
VqekGul5Xb0_1,mother,True,True,0.699999988079071,0.7083333134651184,0.6875,0,2.4610743522644043,True
VsCf7FnMXn0_1,cholera,True,True,0.5666666626930237,0.5666666626930237,0.53125,2,6.885012149810791,True
VsZTOd6ZyJ4_1,how big,True,True,0.5066666603088379,0.5199999809265137,0.53125,1,5.54496955871582,True
VvCX63OKLoA_1,responsibility,True,True,0.4000000059604645,0.4000000059604645,0.375,1,2.948650360107422,True
VvIaOziZ0ac_1,minutes,True,True,0.6000000238418579,0.6000000238418579,0.59375,1,5.799234390258789,True
VvT_rRyfhYs,google chat,True,True,0.6474820375442505,0.6474820375442505,0.625,2,3.395249605178833,True
VvrNTIzW2g8_1,testament,True,True,0.38181817531585693,0.4060606062412262,0.375,3,3.7571208477020264,True
VvsXemECtHM_1,high,True,True,0.5199999809265137,0.5199999809265137,0.53125,0,5.00799036026001,True
Vxw3BnPmi3s_1,college,True,True,0.5066666603088379,0.5066666603088379,0.46875,1,4.4356513023376465,True
VyDyh75isWg,form,True,True,0.2666666805744171,0.2666666805744171,0.25,1,4.864989757537842,True
VyjKJB6Koyk,laying,True,True,0.9058171510696411,0.9085872769355774,0.875,10,10.657760620117188,True
VylWxxPSBOo,croatia,True,True,0.4722222089767456,0.4722222089767456,0.46875,1,3.321587562561035,True
Vym9FKyQnLQ_1,landlord,True,True,0.699999988079071,0.7200000286102295,0.75,2,3.9973580837249756,True
W0VSNIUgNVw,endure,True,True,0.42168673872947693,0.45783132314682007,0.4375,1,5.358500003814697,True
W1JjuXkqfyA,canteen,True,True,0.3541666567325592,0.3541666567325592,0.34375,0,5.675883769989014,True
W2MiLfsDFyU,wind erosion,True,True,0.9341317415237427,0.946107804775238,0.96875,16,5.662605285644531,True
W2nI_GK8rY4_1,district,True,True,0.682539701461792,0.7301587462425232,0.71875,4,5.661855220794678,True
W3kbYwydKm4_1,sari,True,True,0.3733333349227905,0.3866666555404663,0.40625,0,2.7936975955963135,True
W3mz1IrwitA,hypotension,True,True,0.7517730593681335,0.7517730593681335,0.75,3,3.6849725246429443,True
W45SsK9W5qc_1,trophy,True,True,0.8253968358039856,0.8730158805847168,0.875,1,6.074814796447754,True
W4DGPU0uPEw_1,manure,True,True,0.6285714507102966,0.6571428775787354,0.65625,0,2.9684269428253174,True
W4I02aYytbg,pencil box,True,True,0.7822580933570862,0.7822580933570862,0.75,7,5.483846664428711,True
W4cePmQ87gw,narrow,True,True,0.5067567825317383,0.5067567825317383,0.5,3,4.9603590965271,True
W5EDhJ6YeyE,drug addiction,True,True,0.8219584822654724,0.8397626280784607,0.8125,9,9.509820938110352,True
W5RDOklZQxc,empowerment,True,True,0.6800000071525574,0.6899999976158142,0.65625,2,4.13265323638916,True
W5yf-VHdSsg_2,change in state,True,True,0.9259259104728699,0.9629629850387573,0.96875,6,7.317807674407959,True
W62nMzY2gT4_1,earthquake,True,True,0.4399999976158142,0.4533333480358124,0.4375,1,6.758623123168945,True
W6k4SdELuOA,bib,True,True,0.7479674816131592,0.7479674816131592,0.71875,3,6.562008380889893,True
W7fDu4rueCg_1,follow,True,True,0.5199999809265137,0.5199999809265137,0.53125,0,4.224198818206787,True
W8978OLdbx0,left demrocatic front,True,True,0.4285714328289032,0.4285714328289032,0.40625,0,3.1191115379333496,True
W8DhdsaqA1A,hdfc  bank,True,True,0.5939849615097046,0.5939849615097046,0.59375,4,4.913080215454102,True
W96HGg5hT2Y_1,previous,True,True,0.4555555582046509,0.4555555582046509,0.4375,1,3.0259933471679688,True
W98Zz8BTu7A_1,through,True,True,0.6600000262260437,0.6600000262260437,0.65625,1,5.542181968688965,True
W9OUQR3I6nU_2,magnetism,True,True,0.7472527623176575,0.7472527623176575,0.71875,1,5.282727241516113,True
WA9_DgdTz7M_1,department,True,True,0.5933333039283752,0.5933333039283752,0.59375,1,4.436317443847656,True
WAJPb-9uOMI,electrical engineering,True,True,0.6530612111091614,0.6530612111091614,0.65625,2,5.109124660491943,True
WAWc1DosGJM_1,cave,True,True,0.5929203629493713,0.5929203629493713,0.5625,5,3.5593557357788086,True
WBHJgw_7yEg,mix,True,True,0.6197183132171631,0.6338028311729431,0.625,2,6.279810905456543,True
WBIjeM1OYEQ_1,monday,True,True,0.5,0.5,0.46875,1,5.0166497230529785,True
WBM9qyakPIo_1,trunk,True,True,0.5600000023841858,0.5600000023841858,0.53125,3,8.015763282775879,True
WBcTr4MBhHY_1,progress,True,True,0.5333333611488342,0.5333333611488342,0.53125,3,4.666110038757324,True
WDHSvLNLkdM,body piercing,True,True,0.6770186424255371,0.6770186424255371,0.65625,2,3.815805196762085,True
WDlqCvrPrAE_1,elephant,True,True,0.3888888955116272,0.41111111640930176,0.375,0,4.006026744842529,True
WERWKq12o8g,sunny,True,True,0.4301075339317322,0.4516128897666931,0.4375,2,2.1423065662384033,True
WEnejEf0veY,close,True,True,0.4137931168079376,0.4137931168079376,0.40625,2,4.032586574554443,True
WFrPLJ77amU,like social media,True,True,0.6470588445663452,0.6470588445663452,0.625,0,4.523035049438477,True
WGdXSExEco8,classification of shrubs,True,True,0.8638497591018677,0.8826290965080261,0.875,8,4.247366428375244,True
WGp_XsdMsp8,5g,True,True,0.625,0.625,0.625,0,3.6952733993530273,True
WGvrtl9p1eY,shiv sena,True,True,0.6229507923126221,0.6229507923126221,0.59375,0,2.8881239891052246,True
WGwhxNQtfbE_1,where,True,True,0.36000001430511475,0.36000001430511475,0.34375,2,3.9237747192382812,True
WHhRVTU1Lcs_2,decrease,True,True,0.9772727489471436,1.0,1.0,0,8.803950309753418,True
WHmrq95mmOw,bolero jacket,True,True,0.5,0.5061728358268738,0.5,0,7.86490535736084,True
WISR3HEeKgU,hard of hearing,True,True,0.4642857015132904,0.4642857015132904,0.4375,0,5.759418964385986,True
WKPkIP9yP4s_2,millilitre,True,True,0.8550724387168884,0.9420289993286133,0.9375,1,4.815043926239014,True
WKgIi8YdHtI,local train,True,True,0.6526315808296204,0.6526315808296204,0.625,0,3.67733097076416,True
WLBjunNqebs_1,hen,True,True,0.6933333277702332,0.6933333277702332,0.65625,0,4.689638137817383,True
WMZ6Yh1FSP4_1,skilled labour,True,True,0.46666666865348816,0.48148149251937866,0.4375,2,3.806218147277832,True
WNcSoq9M-FU,maximum,True,True,0.604938268661499,0.604938268661499,0.59375,0,2.136688470840454,True
WNeSwJJ4J7o,deceased,True,True,0.4356435537338257,0.4356435537338257,0.4375,2,2.056868553161621,True
WOUQtem-BE0,bengali,True,True,0.3644859790802002,0.37383177876472473,0.34375,3,6.317598819732666,True
WP5T6GzCCy4,june,True,True,0.5760869383811951,0.5760869383811951,0.5625,4,3.881359100341797,True
WPckRR8epk8_1,purchase retum,True,True,0.22499999403953552,0.23333333432674408,0.28125,0,4.029862880706787,True
WPgq1Rr9M9s_2,resistor,True,True,0.8804348111152649,0.8913043737411499,0.875,0,6.480104446411133,True
WQpetmGGa2Y,classification of poultry feeds,True,True,0.8472622632980347,0.8472622632980347,0.8125,10,18.553653717041016,True
WQtuFPPXrts_1,occupation,True,True,0.800000011920929,0.8133333325386047,0.8125,0,4.250669479370117,True
WSEFp-h4Vk0,blood pressure,True,True,0.3396226465702057,0.3396226465702057,0.3125,0,3.9395065307617188,True
WUH-YL4puUI_1,confidential report,True,True,0.8962963223457336,0.9555555582046509,0.96875,0,5.329989433288574,True
WUTYbHOHrnM,hand rail,True,True,0.6938775777816772,0.6938775777816772,0.6875,1,5.644915580749512,True
WV786dTqOyQ,sandwich,True,True,0.4960629940032959,0.4960629940032959,0.46875,0,4.860373497009277,True
WVaqG1MJyr4_1,face value,True,True,0.4095238149166107,0.46666666865348816,0.46875,3,2.699648380279541,True
WW5m7jWsHFA_1,comfortable,True,True,0.4399999976158142,0.4399999976158142,0.4375,2,6.207512378692627,True
WWSODzzlgO8_2,eclipse,True,True,0.49000000953674316,0.5600000023841858,0.5625,2,2.652134418487549,True
WX8QEtaZ8Qs_1,level,True,True,0.8761904835700989,0.9428571462631226,0.9375,0,5.385737419128418,True
WXDDCUpUoUo,guru nanak,True,True,0.5309734344482422,0.5309734344482422,0.5,0,5.188916206359863,True
WYEvZx_EaEo,akshay kumar,True,True,0.3658536672592163,0.3658536672592163,0.34375,0,5.505714416503906,True
WYav7_mmBHc_1,intensive,True,True,1.0,1.0,1.0,0,4.256344795227051,True
WYgbIDwh3pQ_1,attendant,True,True,0.4769230782985687,0.528205156326294,0.53125,1,5.739075660705566,True
WYoKVNCSH30_1,witness,True,True,0.4761904776096344,0.4761904776096344,0.46875,0,2.8263001441955566,True
WZNbLu4g4IA,backdate,True,True,0.6697247624397278,0.6788991093635559,0.6875,7,10.672196388244629,True
W_qFjH-GKzA_1,thank you,True,True,0.4333333373069763,0.4333333373069763,0.4375,1,3.4011600017547607,True
WaTcrOr3-gk,international,True,True,0.45945945382118225,0.45945945382118225,0.46875,2,5.691492080688477,True
WaYyPwTPsY4,hug,True,True,0.5463917255401611,0.5463917255401611,0.53125,0,4.193140029907227,True
Wasx0HPXASQ,move,True,True,0.7090908885002136,0.7090908885002136,0.71875,2,6.9634599685668945,True
WcmCeaR7Kk4,monsoon,True,True,0.6436781883239746,0.6494252681732178,0.625,3,3.781606674194336,True
WdBygG07nkU,knife,True,True,0.515625,0.515625,0.53125,0,4.14961576461792,True
WdE0jsfQVhw_1,blue,True,True,0.3185185194015503,0.37037035822868347,0.34375,2,5.1538496017456055,True
WdZpExRajmQ_1,thursday,True,True,0.5066666603088379,0.5600000023841858,0.5625,0,5.085883140563965,True
Web5iasWBo8,programme,True,True,0.6753246784210205,0.6796537041664124,0.65625,3,4.960765838623047,True
WegWM9MfmYo,official,True,True,0.4000000059604645,0.4000000059604645,0.40625,0,3.598827600479126,True
Wi0iDXiVO3Q,allahabad bank,True,True,0.5046728849411011,0.5046728849411011,0.5,3,3.5609612464904785,True
WiOoeG7LL6I,clean,True,True,0.5,0.5,0.5,3,4.8207478523254395,True
WihSOQ3tQkw_1,gazette,True,True,0.5703703761100769,0.5925925970077515,0.5625,5,7.506326675415039,True
Wj8Inf10Cds,donkey,True,True,0.6619718074798584,0.6619718074798584,0.65625,2,3.2725045680999756,True
WjM69tcGYT4,next,True,True,0.44736841320991516,0.45614033937454224,0.4375,0,3.4149022102355957,True
WjikjzSwWqo_1,mail,True,True,0.6333333253860474,0.6333333253860474,0.65625,0,4.984087944030762,True
WlHa4foZbc0,queen,True,True,0.5454545617103577,0.5454545617103577,0.53125,0,2.7638907432556152,True
WlhFpHM7lYY,see,True,True,0.692307710647583,0.692307710647583,0.6875,0,3.401986598968506,True
Wli68zezuKs_1,sight bill,True,True,0.5809524059295654,0.6095238327980042,0.59375,3,4.2025370597839355,True
WnMFiznX8XY_1,registered,True,True,0.39047619700431824,0.39047619700431824,0.375,4,7.8671793937683105,True
WoCa7_MyCog_2,melting point,True,True,0.8867924809455872,0.8962264060974121,0.90625,3,6.497304916381836,True
WoNO_8tWHBQ,young,True,True,0.4838709533214569,0.4838709533214569,0.46875,1,7.916337013244629,True
Wp4jKO4IYgU_1,wednesday,True,True,0.4533333480358124,0.4933333396911621,0.5,1,5.415299892425537,True
WpleZf7o6Gc_1,welcome,True,True,0.2222222238779068,0.2222222238779068,0.21875,0,5.146655082702637,True
WqC9XaIJz8w_1,tabala,True,True,0.4285714328289032,0.460317462682724,0.4375,3,4.968069553375244,True
WqPLcJouptA_2,longitudinal wave,True,True,0.7352941036224365,0.7426470518112183,0.75,3,9.250391006469727,True
WqWsOMVE56M_1,relative,True,True,0.4533333480358124,0.47999998927116394,0.46875,0,4.817229747772217,True
WrkOKBm3ALI_1,china,True,True,0.46666666865348816,0.46666666865348816,0.46875,3,3.4022748470306396,True
Wro4Idj6K5s,crow bar,True,True,0.904347836971283,0.904347836971283,0.875,4,6.367429733276367,True
WuGMN12WHWc_1,negogiable instrumemts,True,True,0.8962963223457336,0.9629629850387573,0.9375,5,4.6737165451049805,True
WuKSQ-_M1aI,rat,True,True,0.35555556416511536,0.35555556416511536,0.34375,2,4.443514347076416,True
WuoR5g21H1Q,kannada,True,True,0.4010416567325592,0.40625,0.40625,4,4.082253932952881,True
Wv59G4v5X2Y,colour,True,True,0.695652186870575,0.739130437374115,0.71875,0,3.2705533504486084,True
WviZ3J-pPPI_1,working capital,True,True,0.6916666626930237,0.7416666746139526,0.75,1,5.593478202819824,True
WwD4gB4M3XA_2,real image,True,True,0.7692307829856873,0.791208803653717,0.75,1,4.364325046539307,True
WwL2FQcTAlg_1,kitchen,True,True,0.6333333253860474,0.6333333253860474,0.625,0,4.56227970123291,True
WwlvxaeHNGI,video call,True,True,0.43518519401550293,0.43518519401550293,0.4375,2,3.3110902309417725,True
WxIEetxTkzk,urdu,True,True,0.4444444477558136,0.4444444477558136,0.4375,0,4.205888748168945,True
WzQaqtHXGOc,waveform,True,True,0.6741573214530945,0.6741573214530945,0.65625,3,6.468428134918213,True
WzjR1buH7o8,learn,True,True,0.3840579688549042,0.39855071902275085,0.375,1,3.4591424465179443,True
X-yEakgxzbs,kali mata,True,True,0.739130437374115,0.739130437374115,0.71875,1,4.570272445678711,True
X0wavLbnBUU_1,sunset,True,True,0.7733333110809326,0.8133333325386047,0.78125,0,3.341127395629883,True
X1g2HV45ghU,fish as a human food,True,True,0.7836538553237915,0.7980769276618958,0.78125,16,8.742226600646973,True
X2LpR5Hc7YE,air matress,True,True,0.6285714507102966,0.6399999856948853,0.625,7,6.441339015960693,True
X2PsOJ4GaNY,next,True,True,0.34375,0.34375,0.3125,1,2.9113948345184326,True
X2zPMYXfVkI_1,bright,True,True,0.5227272510528564,0.5227272510528564,0.5,3,5.082448959350586,True
X3SkopKJi5M_1,gujarat,True,True,0.523809552192688,0.523809552192688,0.53125,4,5.76155424118042,True
X3YXNM8tpD8,fryers,True,True,0.7310924530029297,0.7310924530029297,0.71875,2,3.4999923706054688,True
X4AM6n6lNhw_1,password,True,True,0.6296296119689941,0.6370370388031006,0.625,1,4.301186561584473,True
X4Vs1TVkNss,yahoo,True,True,0.9375,1.0,1.0,4,6.208774089813232,True
X5CuJTOY2g0,way,True,True,0.529411792755127,0.529411792755127,0.53125,6,6.812888145446777,True
X6SdTvnlu94_1,soiled note,True,True,0.5333333611488342,0.5333333611488342,0.53125,2,3.7428369522094727,True
X6V6ixAK0bI,inflammatory bowel disease,True,True,0.8705036044120789,0.8776978254318237,0.84375,2,7.565790176391602,True
X6ZfXYmVdZY,train,True,True,0.47727271914482117,0.47727271914482117,0.46875,4,3.9470036029815674,True
X7cTwzYjoko,vertical scroll bar,True,True,0.5718849897384644,0.5718849897384644,0.5625,5,4.313430309295654,True
X7vnmMCdV48,hurdle race,True,True,0.6428571343421936,0.6428571343421936,0.625,0,4.105593204498291,True
X8RjdHHXbCY_2,soldering flux,True,True,0.9047619104385376,0.9428571462631226,0.96875,0,8.091458320617676,True
X8_WnuAdIoE_1,bread,True,True,0.6800000071525574,0.7066666483879089,0.71875,0,5.848880767822266,True
X9PzLJ-yL6s_1,september,True,True,0.42222222685813904,0.4888888895511627,0.46875,0,4.436388969421387,True
X9wanmhpROw_1,maturity,True,True,0.8962963223457336,0.8962963223457336,0.90625,2,5.940515041351318,True
XAvOgSgdGDA,motorcycle,True,True,0.5,0.5,0.46875,2,6.672626495361328,True
XBDWMGgWI04_1,aluminium,True,True,0.4000000059604645,0.4285714328289032,0.40625,0,4.676361083984375,True
XCPgFzW3yUE_1,withdrawal slip,True,True,0.4952380955219269,0.4952380955219269,0.46875,0,4.919601917266846,True
XCYJTR2fzss_1,assembly,True,True,0.7840909361839294,0.8181818127632141,0.8125,2,3.886164426803589,True
XCsc6GXwslU_1,april,True,True,0.46666666865348816,0.5111111402511597,0.5,3,3.5894956588745117,True
XDNgMT4swe4,grow,True,True,0.7159090638160706,0.7159090638160706,0.71875,2,10.125225067138672,True
XDO5mNV8P8o,abusive language,True,True,0.8228346705436707,0.8385826945304871,0.84375,6,7.8613786697387695,True
XDSaCZLa0o0,express train,True,True,0.4027777910232544,0.4097222089767456,0.40625,3,2.9164910316467285,True
XE2bfzfoTro,golf,True,True,0.43220338225364685,0.43220338225364685,0.40625,1,5.963566303253174,True
XECPEZiJD4E_2,eliminate,True,True,0.1875,0.21875,0.1875,1,5.743679046630859,False
XEKKQz2x4DE,dubai,True,True,0.347457617521286,0.35593220591545105,0.34375,1,2.737672805786133,True
XEQsvpY65LY_1,ratification,True,True,0.4444444477558136,0.46666666865348816,0.46875,1,5.745023727416992,True
XFDOnLG4P7Y,shatabdi express,True,True,0.5199999809265137,0.5299999713897705,0.5,0,3.826552391052246,True
XFG6tJjEar8,lie,True,True,0.48275861144065857,0.48275861144065857,0.46875,0,2.4890871047973633,True
XHJhdPI69bU_1,bend,True,True,0.6190476417541504,0.6666666865348816,0.65625,1,4.227229118347168,True
XI4MKE3j4no,communicate,True,True,0.5632184147834778,0.5632184147834778,0.53125,0,8.721702575683594,True
XIKz5RlhRZU,button placket,True,True,0.7166666388511658,0.7416666746139526,0.75,2,6.553866386413574,True
XJlP6BgrAow,san serif,True,True,0.8736461997032166,0.8736461997032166,0.84375,10,9.598187446594238,True
XJmhK6SxaMQ,mugshot,True,True,0.8154362440109253,0.8221476674079895,0.8125,4,4.559471607208252,True
XMtMf2GRxxk,translator,True,True,0.540229856967926,0.540229856967926,0.53125,1,9.134910583496094,True
XNwWFLtgL8I,singer,True,True,0.5148515105247498,0.5148515105247498,0.5,1,10.921879768371582,True
XNzRI_vkkxM_1,banian,True,True,0.5866666436195374,0.5866666436195374,0.5625,0,3.995821475982666,True
XOHJjemMcW8_2,rapidly,True,True,0.34090909361839294,0.35227271914482117,0.34375,0,3.6143462657928467,True
XOqFl-yg95M_2,white,True,True,0.5714285969734192,0.593406617641449,0.5625,0,4.041311264038086,True
XP1X2toQb3s,common,True,True,0.44859811663627625,0.4672897160053253,0.4375,2,4.5054707527160645,True
XQgxYpjO6jU_2,muitimeter,True,True,0.9836065769195557,1.0,1.0,2,8.165426254272461,True
XR2EElHLeWE_2,heat,True,True,0.8589743375778198,0.9230769276618958,0.90625,1,14.855125427246094,True
XR_LQZfd3F8,bishop sleeve,True,True,0.6529411673545837,0.6529411673545837,0.65625,0,6.031848907470703,True
XRo4L75knlY,postman,True,True,0.4141414165496826,0.4141414165496826,0.40625,2,7.216153621673584,True
XSg7UigBYwY_1,bus conductor,True,True,0.3863636255264282,0.39772728085517883,0.375,0,4.466939449310303,True
XSz3T7I9Fbg_1,leave study,True,True,0.7809523940086365,0.8095238208770752,0.78125,1,5.06544828414917,True
XT42tl2wl_4,general,True,True,0.6000000238418579,0.6117647290229797,0.59375,0,5.559809684753418,True
XT4QvSmPJRQ_1,unearned,True,True,0.7666666507720947,0.8166666626930237,0.8125,3,4.164567470550537,True
XTZcfTHZlW0,haryana,True,True,0.40740740299224854,0.40740740299224854,0.40625,2,5.104904651641846,True
XUmgkiZM4JI_1,earth,True,True,0.7386363744735718,0.7386363744735718,0.71875,1,4.106120586395264,True
XV9orqztWis,bank branch code,True,True,0.6506849527359009,0.6575342416763306,0.65625,3,5.670239448547363,True
XVlUiV0aFOM_1,inspection,True,True,0.8285714387893677,0.8761904835700989,0.875,0,2.93988037109375,True
XVoGUfRZqHo,electrician,True,True,0.48148149251937866,0.48148149251937866,0.46875,1,2.120368242263794,True
XVyV9wkauSw_1,outstanding report,True,True,0.7481481432914734,0.7555555701255798,0.71875,3,6.486800670623779,True
XWvuOZR3KRY_1,unavoidable,True,True,0.7749999761581421,0.8416666388511658,0.875,1,5.09455680847168,True
XWwz6oS8uz8,diarrhea,True,True,0.6796116232872009,0.7475728392601013,0.75,1,6.505927562713623,True
XYVygMJqlTQ,suspect,True,True,0.6458333134651184,0.6458333134651184,0.625,0,2.7800650596618652,True
XYfVG8GNe4E_1,funeral,True,True,0.7555555701255798,0.7629629373550415,0.75,2,3.9028000831604004,True
XYyZ0xYVA6I,pakistan,True,True,0.6363636255264282,0.6666666865348816,0.625,2,5.540544509887695,True
X_tu5xG4icY_1,lighthouse,True,True,0.6000000238418579,0.6000000238418579,0.5625,2,4.812066555023193,True
XaifQVBtgpw_1,axe,True,True,0.5333333611488342,0.54666668176651,0.53125,2,5.730493545532227,True
XalS8Nhpxy8,sim card,True,True,0.6200000047683716,0.6200000047683716,0.59375,1,7.546779155731201,True
XbKXIrsb2Sw,boolean,True,True,0.7048611044883728,0.7048611044883728,0.6875,7,7.3073248863220215,True
XbKePH5Af7I_1,court,True,True,0.6507936716079712,0.6666666865348816,0.625,1,5.971661567687988,True
Xbglx4_9h88,iceland,True,True,0.4693877696990967,0.4693877696990967,0.4375,0,1.9742076396942139,True
Xbumrid_U8k_1,routine,True,True,0.3583333194255829,0.3583333194255829,0.375,0,2.292043685913086,True
XcQTq6tBNeE_1,communicate,True,True,0.7333333492279053,0.8533333539962769,0.84375,2,3.4381051063537598,True
Xca-yzLOWRU,close,True,True,0.6762820482254028,0.6794871687889099,0.65625,6,10.000420570373535,True
XclyR8ijJbo_1,running account,True,True,0.3777777850627899,0.39259257912635803,0.40625,2,3.905438184738159,True
XdGYd0-mOy8,unlimited,True,True,0.5454545617103577,0.5454545617103577,0.53125,1,4.933844089508057,True
XdNhZENdMvM,shoot,True,True,0.6022727489471436,0.6022727489471436,0.59375,2,3.355374574661255,True
XdhGx06dlAI,relative,True,True,0.6936936974525452,0.6936936974525452,0.6875,0,4.62666654586792,True
Xds_c4kK0UQ_2,pollution,True,True,0.4202898442745209,0.4492753744125366,0.5,0,4.989154815673828,True
XeV_Qqks978,unlawful,True,True,0.6859503984451294,0.71074378490448,0.71875,3,5.089879989624023,True
Xf0NPEArdgY,equal,True,True,0.602150559425354,0.6236559152603149,0.625,1,5.202144145965576,True
XfXW-x1C4Es_1,hip,True,True,0.653333306312561,0.653333306312561,0.65625,0,7.393309593200684,True
XgbPX-5ddNM,surprised,True,True,0.6202531456947327,0.6202531456947327,0.625,1,4.858119964599609,True
XggUmMB_05c_1,arm,True,True,0.5904762148857117,0.6000000238418579,0.5625,1,4.273934364318848,True
XgnLpUYDvoE,geodetic surveying,True,True,0.817365288734436,0.817365288734436,0.8125,2,5.390594959259033,True
XhewfEcC070,innovate,True,True,0.39772728085517883,0.39772728085517883,0.40625,2,3.1145882606506348,True
XhiIueAytF4,stomach,True,True,0.43529412150382996,0.43529412150382996,0.40625,0,3.7444536685943604,True
XhxvdfUYX1E_1,last pay certificate,True,True,0.9407407641410828,0.9555555582046509,0.96875,1,5.282690525054932,True
XirShDs3mK8_1,punjab,True,True,0.5,0.5454545617103577,0.53125,1,5.448697566986084,True
Xj4aXWm1Ivk,hack saw frame,True,True,0.5233160853385925,0.5233160853385925,0.53125,3,6.661623001098633,True
XjXXmj-9kFE,virus,True,True,0.7551020383834839,0.7551020383834839,0.71875,1,4.96187686920166,True
Xjnz65u4rsc_1,cash credit key,True,True,0.4399999976158142,0.4399999976158142,0.40625,0,5.676072597503662,True
Xl-YVIaxrFE_2,vacation,True,True,0.7416666746139526,0.7749999761581421,0.78125,0,6.04201078414917,True
XlHIH3wgbr4_1,thorn,True,True,0.653333306312561,0.653333306312561,0.625,2,11.10211181640625,True
Xlo5HX0NVO0,tool box,True,True,0.6313363909721375,0.6405529975891113,0.625,7,8.032522201538086,True
Xlq9pRiAwLA_1,towards,True,True,0.5555555820465088,0.5555555820465088,0.5625,0,3.1113719940185547,True
XnTZYBLuwos,classification according to parts used for crop,True,True,0.9457994699478149,0.9728997349739075,0.96875,14,6.587289810180664,True
XnkB49W7JEI,humble,True,True,0.3186813294887543,0.3186813294887543,0.3125,0,2.243716239929199,True
XpQ4QGeNsGM_1,angry,True,True,0.5111111402511597,0.5333333611488342,0.53125,0,5.986788749694824,True
XpYDSeC0hTA_1,poision,True,True,0.5066666603088379,0.5066666603088379,0.5,1,2.318714141845703,True
XqH46D16YDI_1,tea,True,True,0.5079365372657776,0.5873016119003296,0.59375,2,4.1122612953186035,True
XqcaXXg2ncs,flatulence,True,True,0.8166666626930237,0.8291666507720947,0.78125,9,5.588272571563721,True
XqqYCaMA1oM,damp proofing material,True,True,0.9453924894332886,0.9556313753128052,0.9375,7,6.687968730926514,True
Xqqb4UhRPMI_1,underwriter,True,True,0.7851851582527161,0.8222222328186035,0.8125,2,11.234811782836914,True
Xr1SEUip10E,reception,True,True,0.3465346395969391,0.3465346395969391,0.3125,0,4.787694454193115,True
Xt6ujzVtikU_2,change in temperature,True,True,0.9375,1.0,1.0,0,9.81400203704834,True
Xu7Bjpz-ZRs,receive,True,True,0.5925925970077515,0.5925925970077515,0.59375,3,4.550848484039307,True
Xu87pjWy-zY_1,varanasi,True,True,0.523809552192688,0.5555555820465088,0.5625,2,3.837794303894043,True
XunH_PEln9Y,piece,True,True,0.49367088079452515,0.49367088079452515,0.46875,4,4.531682014465332,True
XvUEpKDeies,owner,True,True,0.3361344635486603,0.3361344635486603,0.34375,0,2.053431987762451,True
XvtQ_hOFO8E_1,dream,True,True,0.7142857313156128,0.761904776096344,0.75,2,5.815468788146973,True
Xvw_2UBBL30_2,known loss,True,True,0.9142857193946838,0.9523809552192688,0.9375,2,3.9597036838531494,True
Xw90mtR4Z7c_2,capacitor,True,True,0.8705882430076599,0.9058823585510254,0.90625,6,15.226672172546387,True
XwQxJ5FXoQ8,may,True,True,0.5229358077049255,0.5229358077049255,0.53125,1,4.020768642425537,True
XxRvBiQEf1s,arunachal pradesh,True,True,0.5454545617103577,0.5454545617103577,0.53125,0,3.4946837425231934,True
XyDptoi7dw4,flower for exhibition,True,True,0.90625,0.9166666865348816,0.90625,9,6.77577018737793,True
XzFGTYxVrW0_2,extermal combustion engine,True,True,0.8260869383811951,0.9304347634315491,0.9375,0,3.6499011516571045,True
XzRvTWXXufk,vivekananda rock memorial,True,True,0.6967741847038269,0.7225806713104248,0.71875,2,5.835031986236572,True
XzUB9q5Buyw_1,sick,True,True,0.6476190686225891,0.6666666865348816,0.6875,0,4.0430378913879395,True
Y0-DjFLQcLw,jam,True,True,0.6458333134651184,0.6458333134651184,0.625,6,7.193525314331055,True
Y0G5Sqs-lYw,librarian,True,True,0.5517241358757019,0.5517241358757019,0.53125,1,7.012547492980957,True
Y0JhQ12-JVE,negligent,True,True,0.38297873735427856,0.38297873735427856,0.375,1,3.285982370376587,True
Y0ObDf8ZmJ0,enjoy,True,True,0.3858267664909363,0.3858267664909363,0.375,0,3.2482359409332275,True
Y1KyjzkkP4E_1,of,True,True,0.4126984179019928,0.4126984179019928,0.40625,2,4.901783466339111,True
Y1_xQfLPThU_1,provision,True,True,0.39047619700431824,0.41904762387275696,0.40625,0,3.434983015060425,True
Y1qTt6mL5ck,world federation of the deaf,True,True,0.4767441749572754,0.4767441749572754,0.46875,0,2.7494046688079834,True
Y1sJK9C1Y14,change of venue,True,True,0.8764940500259399,0.8844621777534485,0.875,7,5.534716606140137,True
Y2uzoxP4eZc,central processing unit,True,True,0.501960813999176,0.501960813999176,0.5,4,3.965120315551758,True
Y638xpGVl88_1,copy,True,True,0.523809552192688,0.5873016119003296,0.5625,1,3.841458320617676,True
Y66DFt19PyE,student,True,True,0.6271186470985413,0.6271186470985413,0.59375,2,4.144826412200928,True
Y6FhOnbO6UI_1,thursday,True,True,0.5199999809265137,0.5600000023841858,0.5625,3,3.8744843006134033,True
Y7Smdq0HgqY,choking,True,True,0.7701149582862854,0.7758620977401733,0.75,19,5.4869608879089355,True
Y7eYIdnqRSU,pumpkin,True,True,0.41025641560554504,0.42307692766189575,0.4375,1,5.548916339874268,True
Y8X09M_jMsI,sunrise,True,True,0.2786885201931,0.28688523173332214,0.28125,0,3.644227981567383,True
Y9MkvKtXngo,decade,True,True,0.48076921701431274,0.48076921701431274,0.46875,2,5.401854038238525,True
YAn2NmtqmkU_1,climb up,True,True,0.5714285969734192,0.5714285969734192,0.5625,2,5.149715900421143,True
YCnpEJTrtb4,older sister,True,True,0.5890411138534546,0.6301369667053223,0.625,0,2.5424821376800537,True
YCunYHD0SVY,lawyer,True,True,0.49494948983192444,0.5252525210380554,0.5625,2,4.899736404418945,True
YCuxJLH5fK0_2,refinance,True,True,0.5777778029441833,0.5888888835906982,0.59375,4,3.8862245082855225,True
YDCikAndHLU_1,wife,True,True,0.770370364189148,0.7851851582527161,0.78125,1,2.840087890625,True
YEHQWC5VjX4_2,light,True,True,0.6000000238418579,0.6352941393852234,0.625,1,5.43406867980957,True
YELxiOno-Q4_1,income,True,True,0.5428571701049805,0.5714285969734192,0.5625,1,3.8477208614349365,True
YF6c_Lb35ng_1,housefly,True,True,0.800000011920929,0.8933333158493042,0.875,1,4.974506855010986,True
YF72FhOc8B8_1,tall,True,True,0.5733333230018616,0.6000000238418579,0.59375,2,3.4707906246185303,True
YFFVY9bYiW8,mizoram,True,True,0.5363636612892151,0.5636363625526428,0.5625,4,7.84100866317749,True
YFl0dGwRwYo,property,True,True,0.6103895902633667,0.6558441519737244,0.65625,2,5.5191330909729,True
YFrtVUeFoe4,peril,True,True,0.4606741666793823,0.4606741666793823,0.46875,1,4.544322490692139,True
YGISt7qQBCw,catalogue,True,True,0.7363636493682861,0.7409090995788574,0.71875,11,6.147867202758789,True
YGPgejLrILM,date,True,True,0.5357142686843872,0.5357142686843872,0.5,2,3.3311574459075928,True
YGog5xq4SiQ_1,corruption,True,True,0.5333333611488342,0.5555555820465088,0.5625,0,4.110691070556641,True
YHRvUilX5yc_1,incharge,True,True,0.9925925731658936,1.0,1.0,0,4.2854108810424805,True
YHd3THK5M-w,paint,True,True,0.2866666615009308,0.2866666615009308,0.28125,1,4.721220016479492,True
YHl7zDSdzVE,javelin throw,True,True,0.557692289352417,0.557692289352417,0.5625,0,5.151000022888184,True
YIns3vxfhnk,masculine,True,True,0.726190447807312,0.726190447807312,0.71875,1,3.039066791534424,True
YJTInZmt8eE,brick masonry,True,True,0.8414633870124817,0.8597561120986938,0.84375,1,4.934841632843018,True
YKFHr8y6YRI,metal,True,True,0.4833333194255829,0.5166666507720947,0.5,0,4.021172523498535,True
YKeS_ZBqjUs,lantana camera,True,True,0.8554913401603699,0.8554913401603699,0.84375,4,7.295027732849121,True
YKnnyhESBww_1,kurta,True,True,0.5600000023841858,0.5600000023841858,0.5625,0,2.9660394191741943,True
YL4WDUU1nNU_1,nepal,True,True,0.4933333396911621,0.5066666603088379,0.5,0,2.147956371307373,True
YMao9qfTNDs,herniated intervertebral,True,True,0.7964601516723633,0.7994100451469421,0.8125,3,3.5013363361358643,True
YMsS8QIdWM0,tuesday,True,True,0.5076923370361328,0.5076923370361328,0.5,0,2.608778238296509,True
YMuk_8H4EWM,madhya pradesh,True,True,0.4642857015132904,0.4642857015132904,0.46875,1,4.35687255859375,True
YMzAv4AKiZI_1,responsible,True,True,0.5066666603088379,0.5199999809265137,0.5,0,3.5738742351531982,True
YOouxgzRLPY_1,ant,True,True,0.8399999737739563,0.8399999737739563,0.84375,0,3.7628159523010254,True
YP8kV_QxB5k_1,hyderabad,True,True,0.3650793731212616,0.3650793731212616,0.375,0,4.537050724029541,True
YPnTIhCizr0,rainbow,True,True,0.5412843823432922,0.5412843823432922,0.53125,2,4.226325511932373,True
YQONdUfXS78_1,local,True,True,0.9266666769981384,0.9666666388511658,0.9375,1,6.8556060791015625,True
YQcpKDKzhIQ_1,bad,True,True,0.4095238149166107,0.46666666865348816,0.46875,0,4.995926380157471,True
YQd_WV8xzI4_1,minor,True,True,0.7749999761581421,0.8416666388511658,0.84375,0,4.090391159057617,True
YQflbkaOx2g,table,True,True,0.5054945349693298,0.5054945349693298,0.46875,0,7.927544593811035,True
YRCrJpcwteg_1,january,True,True,0.5866666436195374,0.6800000071525574,0.65625,0,3.1894354820251465,True
YRc3fxOAnOg,hungary,True,True,0.5633803009986877,0.5633803009986877,0.5625,0,5.380895614624023,True
YRlUUOC7_-0_1,partnership,True,True,0.6200000047683716,0.6200000047683716,0.625,0,4.11616325378418,True
YSKXGgR-m4Y_1,visit,True,True,0.4444444477558136,0.4444444477558136,0.46875,0,2.3217408657073975,True
YSgIm4RE1E4_1,soap,True,True,0.7066666483879089,0.7066666483879089,0.6875,5,6.813575744628906,True
YT1x1wgyjLQ_1,tiffin box,True,True,0.4533333480358124,0.4533333480358124,0.4375,1,3.7602005004882812,True
YT3NbB5D_AU_1,sue,True,True,0.5666666626930237,0.5799999833106995,0.5625,0,4.672633647918701,True
YT73Lh88yeE,waste,True,True,0.3333333432674408,0.3636363744735718,0.34375,0,4.057114601135254,True
YVKW4zFBxRs_1,wednesday,True,True,0.550000011920929,0.5833333134651184,0.5625,0,5.776737689971924,True
YVRYl6f1f_0_1,experiment,True,True,0.46666666865348816,0.47999998927116394,0.46875,0,7.902579307556152,True
YW5naaaX4ag_1,tight,True,True,0.3492063581943512,0.3650793731212616,0.34375,1,2.7675929069519043,True
YXM8FEEsI_A,conference,True,True,0.3488371968269348,0.356589138507843,0.34375,2,5.154806137084961,True
YYJ96CO6dt0,slippers,True,True,0.6623376607894897,0.6623376607894897,0.65625,2,6.549454212188721,True
YYMy75KpmJk,sweat,True,True,0.45185184478759766,0.45185184478759766,0.4375,0,4.845159530639648,True
YZNxu9uehxA_1,land revenue,True,True,0.8444444537162781,0.8814814686775208,0.875,1,5.529079437255859,True
Y_T9AimBaqk_1,wastage,True,True,0.5066666603088379,0.5199999809265137,0.5,2,4.791900634765625,True
YbaTI-fVR9c,salary,True,True,0.7204301357269287,0.7204301357269287,0.71875,1,2.4495861530303955,True
Yc0Mx7DJ_Io,your,True,True,0.3333333432674408,0.3333333432674408,0.3125,0,3.057837724685669,True
YcSno6m_WPQ_1,inauguaration,True,True,0.6666666865348816,0.699999988079071,0.6875,1,4.74965763092041,True
YcTowX_Es6E,banana tree,True,True,0.6573426723480225,0.6993007063865662,0.6875,5,9.681883811950684,True
YewyTxkCShU,lawn,True,True,0.7675675749778748,0.7891891598701477,0.75,14,6.122501373291016,True
Yf38Dy5zOF4,coconut,True,True,0.4523809552192688,0.4523809552192688,0.4375,2,5.124989986419678,True
YfCkx2qZd10_1,bake,True,True,0.5866666436195374,0.5866666436195374,0.59375,0,4.237804412841797,True
YfPizjRLLBk_1,nail polish,True,True,0.653333306312561,0.653333306312561,0.625,1,4.49254846572876,True
YfbeV360wAA,kajal,True,True,0.46236559748649597,0.46236559748649597,0.46875,4,10.075461387634277,True
YgZcsvejUF0,sixteen,True,True,0.45652174949645996,0.45652174949645996,0.46875,0,4.71639347076416,True
Ygj0IRouWKg,wash,True,True,0.6379310488700867,0.6379310488700867,0.625,2,7.7267961502075195,True
YhHAI3h-Pno,phone,True,True,0.2857142984867096,0.2857142984867096,0.28125,1,2.0927131175994873,True
YhVonZ8wM4s,reservation,True,True,0.38260868191719055,0.38260868191719055,0.375,0,3.4775803089141846,True
Yic2UpwFlV0_1,maximum,True,True,0.7481481432914734,0.8370370268821716,0.84375,3,7.047077178955078,True
Yipdqci-cG4,speak,True,True,0.5909090638160706,0.5909090638160706,0.59375,0,4.052833557128906,True
Yiu0Yd9fSk8_1,boy,True,True,0.8476190567016602,0.8476190567016602,0.84375,0,7.112227916717529,True
YjFFLGIxdsw,indian national congress,True,True,0.5625,0.5625,0.53125,1,4.086102485656738,True
Yk2bJx0XDKk,corn,True,True,0.7388724088668823,0.7388724088668823,0.71875,9,5.528623580932617,True
YkB8oNd9yWk_1,insult,True,True,0.4533333480358124,0.4933333396911621,0.46875,0,3.738748073577881,True
YkczyHs5RyA,deer,True,True,0.8831169009208679,0.8831169009208679,0.875,6,6.706535339355469,True
YkjhmBTDRSE,surface erosion,True,True,0.8518518805503845,0.8518518805503845,0.84375,4,5.718617916107178,True
Ykt6OXbw1q0,blue,True,True,0.3712121248245239,0.3712121248245239,0.375,0,2.9714486598968506,True
Ykv_2L4-7RY,accident,True,True,0.6057692170143127,0.6153846383094788,0.625,1,3.4124913215637207,True
YlpdAUskBYI,protect,True,True,0.31683167815208435,0.31683167815208435,0.3125,1,5.162215232849121,True
YnAajpsmDmk_1,cloth,True,True,0.6499999761581421,0.6499999761581421,0.625,2,4.412132740020752,True
YnKRMSyKkJk_1,chapathi,True,True,0.5199999809265137,0.5333333611488342,0.53125,0,4.758581161499023,True
YnZWnAEfIPw,round,True,True,0.5876288414001465,0.6288659572601318,0.59375,1,5.163915157318115,True
YnmUSF3cQCA_1,minister,True,True,0.9466666579246521,1.0,1.0,0,5.137358665466309,True
YoqthDSpmXU,show,True,True,0.4375,0.4375,0.4375,0,4.865532875061035,True
Yp-T6g3cBAU_1,rectangle,True,True,0.30000001192092896,0.30000001192092896,0.3125,1,3.1143221855163574,True
Ypycm97DvfI,paragraph,True,True,0.47857141494750977,0.47857141494750977,0.46875,0,6.690661430358887,True
Yrzxd9xMdf4_1,manual of instruction,True,True,0.6000000238418579,0.6000000238418579,0.5625,0,3.359363317489624,True
YsHiDhGbv0Q,nepal,True,True,0.4482758641242981,0.4568965435028076,0.4375,1,5.192348003387451,True
YscdSP4txHA,gang box,True,True,0.5422885417938232,0.5422885417938232,0.53125,2,4.068146228790283,True
Ystk7l_FXfM,specialist,True,True,0.3949579894542694,0.3949579894542694,0.375,2,4.353244781494141,True
YtiMW5yuGp0,pass,True,True,0.6269841194152832,0.6269841194152832,0.59375,0,3.1778104305267334,True
YtxxtvSqLN0,button loop,True,True,0.8744939565658569,0.8744939565658569,0.84375,2,2.8689465522766113,True
Yu6K4sXguXs_1,fruits,True,True,0.47727271914482117,0.5,0.5,1,9.444268226623535,True
YufUJ48avIM,all india federation of the deaf,True,True,0.5161290168762207,0.5161290168762207,0.5,1,4.245644569396973,True
YuqMoY_OqRg,printer,True,True,0.5315315127372742,0.5405405163764954,0.53125,2,5.828157424926758,True
Yv8NF6YIl10_1,stone,True,True,0.5113636255264282,0.5113636255264282,0.5,3,4.458337306976318,True
YwFKOE6S4C0_1,bogie,True,True,0.7699999809265137,0.7699999809265137,0.75,5,5.725989818572998,True
YwR00ZeFcQY_1,mother,True,True,0.7523809671401978,0.7809523940086365,0.75,0,3.173449754714966,True
Yws2a_L3P5k,top,True,True,0.5185185074806213,0.5185185074806213,0.53125,2,2.183938980102539,True
Ywv9sPO2h8U_1,shipping order,True,True,0.46666666865348816,0.4962962865829468,0.5,2,5.66957426071167,True
Yx69VxUEjg4_1,expansion,True,True,0.375,0.375,0.375,0,4.851716041564941,True
Yympd7Zsia4,visa,True,True,0.4886363744735718,0.4886363744735718,0.46875,0,3.6116132736206055,True
Yz4vZ5ALDfw,thank you,True,True,0.44117647409439087,0.44117647409439087,0.4375,0,2.965203285217285,True
Yz6em7jgxK0,weak,True,True,0.18292683362960815,0.18292683362960815,0.1875,1,2.8743982315063477,False
YzE81xCkrbs_1,premature,True,True,0.3185185194015503,0.32592591643333435,0.34375,4,3.3300423622131348,True
YzFnEXBbgqk,railway station,True,True,0.6268656849861145,0.6791045069694519,0.6875,0,3.917665719985962,True
YzFnEXBbgqk_1,railway station,True,True,0.6984127163887024,0.7460317611694336,0.75,0,4.518886089324951,True
YzMaVzYqmoI,cutlery,True,True,0.5802469253540039,0.5864197611808777,0.5625,5,7.239825248718262,True
Z-WSsu6coz0_1,specimen signature,True,True,0.4399999976158142,0.4533333480358124,0.4375,3,7.617604732513428,True
Z-eYQ41xjss_1,auditorium,True,True,0.6133333444595337,0.746666669845581,0.71875,3,3.791762590408325,True
Z1QjMt7Nv8g_1,neighbour,True,True,0.5,0.5533333420753479,0.5625,0,6.501375198364258,True
Z1du80pIIo0,brochure,True,True,0.7745097875595093,0.7745097875595093,0.75,4,5.146349906921387,True
Z1rwaj311WE_1,need,True,True,0.7200000286102295,0.7333333492279053,0.71875,0,5.261061668395996,True
Z3CJVJpzaio_1,keeper,True,True,0.7481481432914734,0.7851851582527161,0.71875,3,5.589173793792725,True
Z3vKfnZktzo,parking,True,True,0.5642856955528259,0.5642856955528259,0.53125,4,6.877831935882568,True
Z40K5gHMTUI_1,transfer,True,True,0.3466666638851166,0.3466666638851166,0.375,1,5.679800987243652,True
Z45tFt5f02s_1,more,True,True,0.3492063581943512,0.3650793731212616,0.375,1,4.745239734649658,True
Z57OPDQI-AM_2,transverse wave,True,True,0.8205128312110901,0.8547008633613586,0.8125,2,3.720022439956665,True
Z6JNDTUxfUc,grey,True,True,0.4333333373069763,0.4333333373069763,0.40625,1,3.6859278678894043,True
Z6tnoY_mWJI,ahmedabad,True,True,0.3790322542190552,0.3790322542190552,0.375,2,3.5684163570404053,True
Z7IcqSuMStI_1,silver,True,True,0.5777778029441833,0.5777778029441833,0.5625,1,3.33613920211792,True
Z7SDxmGugRY_2,stretch,True,True,0.6700000166893005,0.7200000286102295,0.75,1,4.022127151489258,True
Z7eSedTdh8o_1,lock,True,True,0.625,0.625,0.65625,2,5.095955848693848,True
Z7rp2PsMEnM_1,flat,True,True,0.3968254029750824,0.4444444477558136,0.4375,1,5.849109172821045,True
Z8s8vMx7whQ_1,andhra pradesh,True,True,0.5600000023841858,0.5600000023841858,0.5625,0,3.3874006271362305,True
Z90_kV0h1d8_1,re sale,True,True,0.46666666865348816,0.5222222208976746,0.46875,1,5.393331527709961,True
Z9fW5tpQOYY,lake,True,True,0.3764044940471649,0.3988763988018036,0.375,3,7.3124284744262695,True
ZA9VMWZGtLw_1,socks,True,True,0.4933333396911621,0.5066666603088379,0.5,4,8.010470390319824,True
ZAVbHxqvcZM,projector,True,True,0.375,0.375,0.34375,0,2.7405688762664795,True
ZAXYZbQjJd8,official,True,True,0.3918918967247009,0.3918918967247009,0.40625,1,4.560410022735596,True
ZBUU3_QSSZ0,ant,True,True,0.7727272510528564,0.8571428656578064,0.84375,0,4.946925163269043,True
ZBUU3_QSSZ0_1,ant,True,True,0.9066666960716248,1.0,1.0,0,2.7129909992218018,True
ZD4iPTVebqg,flowering hedges,True,True,0.8908296823501587,0.8908296823501587,0.875,2,6.781120777130127,True
ZE26UZXyMDs_1,laddu,True,True,0.8730158805847168,0.8888888955116272,0.875,0,5.493802547454834,True
ZEGaQMAZwgE_2,vision,True,True,0.739130437374115,0.782608687877655,0.78125,1,4.9201741218566895,True
ZEOITP9Urts,goat,True,True,0.30434781312942505,0.30434781312942505,0.28125,0,5.111453533172607,True
ZES6f5bu19M,jantar mantar,True,True,0.7272727489471436,0.7272727489471436,0.71875,1,4.039744853973389,True
ZGH9wRwlXSA_1,leg,True,True,0.44999998807907104,0.46666666865348816,0.4375,2,2.8146631717681885,True
ZGZMh2l-Kro_1,upper age limit,True,True,0.7083333134651184,0.7583333253860474,0.75,1,4.952425479888916,True
ZH6w06bHVJs,center  back,True,True,0.7772925496101379,0.7903929948806763,0.78125,2,4.136462211608887,True
ZHBeAUvAWFw_1,gram,True,True,0.3866666555404663,0.3866666555404663,0.375,0,3.0206429958343506,True
ZHn-DlqMC3c_1,deposit short,True,True,0.5166666507720947,0.5333333611488342,0.53125,4,6.409070014953613,True
ZIKWlQUff9c,there,True,True,0.4057970941066742,0.4057970941066742,0.40625,0,3.8108701705932617,True
ZKrESO7NJkw,electrical leakage,True,True,0.8606557250022888,0.8606557250022888,0.84375,3,4.780471324920654,True
ZLBwSYUFhqk,resign,True,True,0.3095238208770752,0.3095238208770752,0.3125,0,6.961577892303467,True
ZLMSgBfkRgc,lebanon,True,True,0.4597701132297516,0.4597701132297516,0.4375,0,5.689067363739014,True
ZLj7E6Q5ZUg_1,year to year,True,True,0.675000011920929,0.7166666388511658,0.6875,1,3.3418383598327637,True
ZM0n1zjza48,trader,True,True,0.4761904776096344,0.5059523582458496,0.46875,2,10.725740432739258,True
ZM95iphl6eM,chile,True,True,0.6129032373428345,0.6129032373428345,0.625,2,5.508356094360352,True
ZQXv3lFCkp8_2,equation,True,True,0.9318181872367859,1.0,1.0,1,6.017704010009766,True
ZQzqGalXdEU_1,raddish,True,True,0.4533333480358124,0.54666668176651,0.53125,0,2.2000248432159424,True
ZRb_4bhHAus_1,lunacy,True,True,0.6074073910713196,0.6370370388031006,0.625,1,3.8500263690948486,True
ZRmC8bZ5OgY_1,notification,True,True,0.8083333373069763,0.8083333373069763,0.8125,2,5.795659065246582,True
ZSOCalqaCTw_1,east,True,True,0.3174603283405304,0.3174603283405304,0.3125,0,7.642447471618652,True
ZT-CEOMhqAI_1,planet,True,True,0.5400000214576721,0.5400000214576721,0.53125,1,5.743267059326172,True
ZT1KeYVFU3s,over,True,True,0.31092438101768494,0.31092438101768494,0.3125,3,5.835561752319336,True
ZTdHkUXOcHU_2,visible ray,True,True,0.6987951993942261,0.759036123752594,0.75,2,7.0103068351745605,True
ZThUGVQhL08,umbrella,True,True,0.38679245114326477,0.38679245114326477,0.375,0,3.284175395965576,True
ZTyOfVeFBgA_2,sotar,True,True,0.9082568883895874,0.9266055226325989,0.9375,3,9.377835273742676,True
ZU74gADGVD4,practice,True,True,0.6168224215507507,0.6168224215507507,0.625,3,5.597517490386963,True
ZUL1-j2VL6w,technician,True,True,0.5813953280448914,0.5813953280448914,0.5625,0,4.9834442138671875,True
ZW9M04OzRVU_1,owl,True,True,0.5444444417953491,0.5444444417953491,0.53125,3,4.973353385925293,True
ZWdAqWE-J3k,polite,True,True,0.4833333194255829,0.4833333194255829,0.46875,2,3.186516284942627,True
ZY-WTPLbMZc,yourself,True,True,0.3472222089767456,0.3472222089767456,0.3125,1,5.1082353591918945,True
ZYzl-LchceU_1,lucknow,True,True,0.3333333432674408,0.3333333432674408,0.3125,0,3.09122371673584,True
ZZAKxP9xMSE_1,plastic,True,True,0.5904762148857117,0.6380952596664429,0.625,2,4.388617515563965,True
ZZtr21utYZU,cartidge,True,True,0.4764542877674103,0.4764542877674103,0.46875,5,4.530238628387451,True
Z_LPvE-ICAw_1,near,True,True,0.5873016119003296,0.6190476417541504,0.625,2,8.084624290466309,True
Z_M-x3Xb-7c_1,enemy,True,True,0.8148148059844971,0.8296296000480652,0.84375,1,7.916358947753906,True
Z_aF7Dndg5o,wrestling,True,True,0.5542168617248535,0.5783132314682007,0.5625,0,4.69647741317749,True
Za7gQoC8eaA_1,hospital,True,True,0.6190476417541504,0.6507936716079712,0.65625,1,3.7270593643188477,True
ZaBfhzfL_II,long jump,True,True,0.5199999809265137,0.5199999809265137,0.5,0,5.048651218414307,True
ZaNS5RUpBAM_1,jain,True,True,0.380952388048172,0.380952388048172,0.375,1,2.1444599628448486,True
ZanVx78hi-g_1,water,True,True,0.5795454382896423,0.5795454382896423,0.5625,1,6.058472156524658,True
Zb_TG66NcQM,libya,True,True,0.4545454680919647,0.4545454680919647,0.46875,0,2.3984220027923584,True
Zbzwv7UaDLE_1,cholera,True,True,0.6399999856948853,0.6399999856948853,0.625,1,5.623827934265137,True
Zc9o_U0ilpU,discount,True,True,0.4892086386680603,0.4892086386680603,0.46875,1,3.2653541564941406,True
ZcKsHron__8,graders,True,True,0.939393937587738,0.9523809552192688,0.9375,10,4.424787521362305,True
ZcVzjZeVwj0,lock,True,True,0.6000000238418579,0.6000000238418579,0.5625,0,6.480283260345459,True
ZcxtRrRVHFE,request,True,True,0.5058823823928833,0.5411764979362488,0.53125,2,3.0539894104003906,True
ZePqDGIfLng_1,goat,True,True,0.6222222447395325,0.6222222447395325,0.625,0,2.2064685821533203,True
ZfEb14w8ZMk_1,housefly,True,True,0.6000000238418579,0.6666666865348816,0.6875,0,5.899528503417969,True
ZfvUujCbJR0,motorola,True,True,0.46296295523643494,0.46296295523643494,0.46875,7,5.379014015197754,True
Zgmvl6IgXuY,amazon,True,True,0.692307710647583,0.692307710647583,0.6875,3,3.883542060852051,True
Zgt1aed1imY,buddhism,True,True,0.489130437374115,0.489130437374115,0.46875,0,3.8985159397125244,True
ZhM0Ej44-3A_1,poision,True,True,0.7599999904632568,0.7599999904632568,0.75,0,4.586411952972412,True
ZhZN3BiLEqg_1,student,True,True,0.46666666865348816,0.54666668176651,0.53125,3,5.716365814208984,True
Zj_vIX40c4U,internet,True,True,0.47727271914482117,0.47727271914482117,0.46875,0,4.671616554260254,True
ZjgpWHd9cyc_1,blue,True,True,0.4333333373069763,0.5,0.5,2,4.593388080596924,True
ZkswCQRgxvQ_1,tongue,True,True,0.6000000238418579,0.6000000238418579,0.59375,0,3.9560866355895996,True
ZlECIvK4NRU,name,True,True,0.529411792755127,0.529411792755127,0.53125,0,7.003870487213135,True
ZlEsSpNpRWc_1,tiger,True,True,0.5333333611488342,0.5333333611488342,0.53125,1,5.439033508300781,True
ZlHosNYMQwE,christianity,True,True,0.644444465637207,0.644444465637207,0.625,1,3.2942585945129395,True
ZmPkrJiAoGU,shock,True,True,0.5789473652839661,0.5921052694320679,0.59375,1,4.736769676208496,True
ZmQb16XR9Uk,themselves,True,True,0.7659574747085571,0.8404255509376526,0.84375,0,3.8599438667297363,True
ZmwQgw19ceU,lime paste,True,True,0.494047611951828,0.494047611951828,0.46875,4,2.4980344772338867,True
Zn0fVlU7o9Y_1,note,True,True,0.4000000059604645,0.4000000059604645,0.375,1,7.198123455047607,True
ZolqmXUbwIw_1,kangaroo,True,True,0.36666667461395264,0.4000000059604645,0.375,0,14.69089126586914,True
Zr3LQ0FwcUM,victory,True,True,0.5324675440788269,0.5324675440788269,0.53125,0,4.771799087524414,True
ZrPL-xKnDfk,degree,True,True,0.4256756901741028,0.4256756901741028,0.40625,2,5.155939102172852,True
ZrRMVnEBilo_1,magnet,True,True,0.4476190507411957,0.4761904776096344,0.46875,0,7.479946613311768,True
Zrcq4sIJPH0_1,transaction,True,True,0.925000011920929,0.925000011920929,0.9375,3,5.877485752105713,True
ZrzSxs277R8,bronchial tumors,True,True,0.8326359987258911,0.8326359987258911,0.8125,6,5.245629787445068,True
Zs0aCR0psKg_1,maximum,True,True,0.3523809611797333,0.39047619700431824,0.40625,0,5.1418046951293945,True
ZsQKzWzog3w,cylinder,True,True,0.586776852607727,0.6033057570457458,0.59375,1,5.519437313079834,True
ZsQM3Ip3WP4,oneplus mobile,True,True,0.47422680258750916,0.47422680258750916,0.46875,0,2.743246555328369,True
ZtAKgVo5KFQ_2,property tax,True,True,0.6206896305084229,0.6896551847457886,0.6875,5,8.1287841796875,True
ZuEwvrlmnyw_1,thursday,True,True,0.54666668176651,0.6000000238418579,0.59375,3,4.7011237144470215,True
ZuMVWIDZEQI_1,incentive,True,True,0.7166666388511658,0.7166666388511658,0.71875,0,3.3414316177368164,True
ZuVsJQ_IKxc_1,balance outstanding,True,True,0.5733333230018616,0.6000000238418579,0.59375,6,5.389688968658447,True
ZwVF0XfVD7I,bath,True,True,0.4356435537338257,0.4455445408821106,0.4375,2,3.4434943199157715,True
ZxL9a3whvvo,tubelight,True,True,0.5523809790611267,0.6285714507102966,0.625,4,6.0555243492126465,True
ZytQJwYWKuM_1,africa,True,True,0.3636363744735718,0.40909090638160706,0.40625,2,5.937047958374023,True
ZzvSRtMXoSA_1,garlic,True,True,0.6399999856948853,0.653333306312561,0.625,1,5.253533363342285,True
_-U30DSj-t0_2,plane,True,True,0.5520833134651184,0.5520833134651184,0.59375,1,4.588611602783203,True
_16L9IQXOm8_1,around,True,True,0.6190476417541504,0.6190476417541504,0.625,1,5.948005676269531,True
_1V-RYndk_o_1,bark,True,True,0.4933333396911621,0.4933333396911621,0.46875,2,5.134546756744385,True
_1vtXVjFtg0_1,brittle,True,True,0.46666666865348816,0.46666666865348816,0.4375,1,6.027395725250244,True
_2S9CpnbPLk_1,volcano,True,True,0.5340909361839294,0.5340909361839294,0.53125,0,5.133440971374512,True
_2TlWc7fctg,donald duck,True,True,0.5049505233764648,0.5049505233764648,0.5,2,8.567619323730469,True
_45PKVEtIUE_1,clown,True,True,0.5066666603088379,0.5066666603088379,0.46875,0,3.1567163467407227,True
_4oE2cTO6V4,blind stitch,True,True,0.7121211886405945,0.7121211886405945,0.6875,6,4.634653568267822,True
_5-p1Ci-LQI,norway,True,True,0.5,0.5121951103210449,0.53125,2,3.0047526359558105,True
_5ISkq46e4U,volkswagen,True,True,0.46296295523643494,0.46296295523643494,0.46875,0,4.104139804840088,True
_5yHq8UYB-8_1,throat,True,True,0.6666666865348816,0.7333333492279053,0.71875,0,4.634959697723389,True
_7E0eolOh4c,elevator,True,True,0.7594936490058899,0.7848101258277893,0.75,2,6.440814971923828,True
_7G2Uzs6TTE_1,prescription,True,True,0.6266666650772095,0.6266666650772095,0.59375,3,4.097043037414551,True
_8BciHWrpOA,genuine,True,True,0.38461539149284363,0.38461539149284363,0.375,1,3.009862184524536,True
_8bxz4NREvk,prime location,True,True,0.7735849022865295,0.7735849022865295,0.78125,5,6.5663065910339355,True
_9JUz_eRGKk_1,arrears,True,True,0.6000000238418579,0.6000000238418579,0.5625,3,15.188665390014648,True
_9fyR8lD1Uo_2,zero correction,True,True,0.594059407711029,0.6435643434524536,0.625,1,4.32251501083374,True
_BPtLQumNF4_1,radio,True,True,0.4533333480358124,0.4533333480358124,0.4375,1,5.802163600921631,True
_C-VYAN3NP0_1,sly,True,True,0.5777778029441833,0.6000000238418579,0.5625,0,5.309520721435547,True
_CKSfuSN8qY,test,True,True,0.410526305437088,0.410526305437088,0.40625,0,3.051547050476074,True
_DzQr-7t3Wo,why,True,True,0.8033707737922668,0.8146067261695862,0.78125,4,7.060731410980225,True
_Dzn4G-zY6Y,opuntia,True,True,0.8978873491287231,0.9014084339141846,0.875,10,5.930249214172363,True
_FpLmutBgNQ_2,curvature,True,True,0.4821428656578064,0.4910714328289032,0.5,1,6.3974995613098145,True
_GG3jvZWj_4,chikoo,True,True,0.5,0.5,0.5,4,5.078407287597656,True
_HPV8-2Xdx8,distance learning,True,True,0.3309352397918701,0.3381294906139374,0.3125,1,3.2140274047851562,True
_I7a-SaQTbQ_1,wound,True,True,0.675000011920929,0.6916666626930237,0.6875,2,4.472476482391357,True
_J3ub2IKdWM,clauses,True,True,0.8530259132385254,0.8530259132385254,0.84375,21,7.125901222229004,True
_JhAFFdTuQk,time table,True,True,0.4803921580314636,0.5196078419685364,0.5,0,6.73231315612793,True
_K6fZSaEvfY,idbi bank,True,True,0.5507246255874634,0.5507246255874634,0.53125,1,4.196597099304199,True
_KD_lxiKv6o_1,overleaf,True,True,0.875,0.9333333373069763,0.9375,1,5.141772270202637,True
_KNZJg6KmXo_1,sharpener,True,True,0.4126984179019928,0.4126984179019928,0.40625,0,4.170360565185547,True
_MQLjVv71vA_2,convex,True,True,0.8199999928474426,0.8333333134651184,0.8125,4,4.512294292449951,True
_MfSh3vAg-8_1,trunk,True,True,0.3222222328186035,0.35555556416511536,0.34375,1,6.1475324630737305,True
_NCg6SOF43E,august,True,True,0.5344827771186829,0.5344827771186829,0.53125,1,3.1427104473114014,True
_NQG94L6Ook,some,True,True,0.5647059082984924,0.5647059082984924,0.5625,3,6.361196041107178,True
_O0kLRn736A_1,belt,True,True,0.3733333349227905,0.3733333349227905,0.375,3,3.745358943939209,True
_OCCVPF3icI,buffalo,True,True,0.7083333134651184,0.7395833134651184,0.71875,3,4.998312950134277,True
_OVPsuqM4WA,axe,True,True,0.47058823704719543,0.48235294222831726,0.46875,1,5.381096363067627,True
_P4bfLS4TnU,influenza flu,True,True,0.868852436542511,0.868852436542511,0.84375,6,6.074113845825195,True
_PagRKs0NVw_1,cosmetics,True,True,0.6818181872367859,0.7159090638160706,0.6875,6,7.230551719665527,True
_QKUHg7BOt0_1,model,True,True,0.653333306312561,0.7200000286102295,0.71875,4,3.7038583755493164,True
_QuzEYjeK5o_1,task force,True,True,0.7916666865348816,0.7916666865348816,0.78125,1,2.9156382083892822,True
_RUSSzoAwkI_1,grind,True,True,0.523809552192688,0.523809552192688,0.5,1,5.393740653991699,True
_SL5nKedSfM,defraud,True,True,0.808080792427063,0.808080792427063,0.78125,3,7.921902656555176,True
_UPbbNrJVTI,outer shell,True,True,0.5785953402519226,0.5819398164749146,0.59375,8,3.4382400512695312,True
_VEDOuAOkwY_1,sweater,True,True,0.47727271914482117,0.47727271914482117,0.4375,1,4.026456356048584,True
_VfAEWS3NIs_1,nose,True,True,0.7142857313156128,0.7428571581840515,0.71875,0,3.6713385581970215,True
_VoVLROfTak_1,cash certificates,True,True,0.5407407283782959,0.5481481552124023,0.5625,2,5.099526405334473,True
_WJFCAKQNOk_2,particular,True,True,0.4117647111415863,0.4771241843700409,0.5,1,14.549812316894531,True
_XNGzuCEq_k_1,certificate,True,True,0.7200000286102295,0.746666669845581,0.71875,7,9.554162979125977,True
_YZmHbnrcmM_2,air pollution,True,True,0.5793103575706482,0.7034482955932617,0.6875,4,4.369772434234619,True
_ZQRTRss6sY,parliament,True,True,0.52173912525177,0.554347813129425,0.5625,0,4.5163068771362305,True
_Zk6T8osdEc,xylophone,True,True,0.6000000238418579,0.626086950302124,0.59375,4,6.086587429046631,True
_Zqd_PC4zYs,order,True,True,0.43478259444236755,0.43478259444236755,0.4375,0,2.536911964416504,True
__Rz2PaTB1c,malayalam,True,True,0.4636363685131073,0.4727272689342499,0.46875,1,2.30996036529541,True
__cUle3-80c_2,copper wire,True,True,0.7857142686843872,0.7857142686843872,0.78125,2,5.086422920227051,True
_a81r3Cftzk,can,True,True,0.3661971688270569,0.3661971688270569,0.375,0,5.895270824432373,True
_buJuYv17y0_1,cupboard,True,True,0.6499999761581421,0.6499999761581421,0.625,2,17.190277099609375,True
_deTkHwvwhc,best,True,True,0.42352941632270813,0.42352941632270813,0.40625,0,3.965348720550537,True
_eYKufKYrnM,lumberjack,True,True,0.4166666567325592,0.4166666567325592,0.40625,1,3.3286352157592773,True
_erfAmrdyIM,take a photo,True,True,0.3481481373310089,0.3481481373310089,0.34375,0,2.866826295852661,True
_g40sO4Upvg,iraq,True,True,0.4935064911842346,0.4935064911842346,0.5,0,2.0666255950927734,True
_g4EWTEciww,milling cutter concave,True,True,0.5833333134651184,0.5833333134651184,0.5625,1,5.78552770614624,True
_gSbFjpWY5c_1,serve,True,True,0.4920634925365448,0.4920634925365448,0.5,1,7.325693130493164,True
_gdCYZeEcTY,in the middle,True,True,0.5121951103210449,0.5365853905677795,0.5,2,5.190994739532471,True
_guaVXmbJsE,bell sleeve,True,True,0.6449999809265137,0.6449999809265137,0.625,5,6.717756748199463,True
_hrzFsvu4iI_2,plane convex lens,True,True,0.859649121761322,0.8771929740905762,0.84375,4,8.424047470092773,True
_idIz52QU2Y_1,country,True,True,0.47999998927116394,0.47999998927116394,0.5,1,3.8759572505950928,True
_jbbOFSVFyY,basil,True,True,0.4861111044883728,0.4861111044883728,0.46875,0,4.129519462585449,True
_k5G74jDhCE_1,present,True,True,0.41333332657814026,0.41333332657814026,0.40625,1,4.473483562469482,True
_kI81r19zgI_1,hindu,True,True,0.3968254029750824,0.3968254029750824,0.375,0,6.48488187789917,True
_l5aWVYPWik_1,stock book,True,True,0.3696969747543335,0.4000000059604645,0.375,0,3.0833425521850586,True
_lArEvKP43c,original,True,True,0.6022727489471436,0.6022727489471436,0.59375,1,4.279321193695068,True
_lF0BZafFlw,belgium,True,True,0.5522388219833374,0.5522388219833374,0.5625,0,6.456333637237549,True
_mAt07ZKGeg,kolkata calcutta,True,True,0.34259259700775146,0.37962964177131653,0.375,1,3.8689780235290527,True
_mRzTYgtxCU_1,quantity,True,True,0.41111111640930176,0.42222222685813904,0.40625,0,3.226151943206787,True
_mmkfKN0-dg,chipping,True,True,0.7840909361839294,0.7840909361839294,0.75,1,5.129786014556885,True
_n7v_yu-uiY_1,rotten,True,True,0.5066666603088379,0.5066666603088379,0.5,2,9.504610061645508,True
_ok_Ke5qnV8_2,temperature,True,True,0.96875,1.0,1.0,1,9.979515075683594,True
_otCOj9YmMs,drunk driving law,True,True,0.7245762944221497,0.7457627058029175,0.75,9,6.873724937438965,True
_p5nn1S8iRE_1,blouse,True,True,0.6933333277702332,0.6933333277702332,0.6875,0,8.615918159484863,True
_pDr9N-HtgQ_1,monthly return,True,True,0.5703703761100769,0.5703703761100769,0.59375,2,7.697091579437256,True
_prgaw9obbQ,wash,True,True,0.5060241222381592,0.5060241222381592,0.5,0,4.517605781555176,True
_pzmJOER_y8,ooty,True,True,0.3452380895614624,0.3452380895614624,0.34375,1,3.1912169456481934,True
_qABLoRjm18_1,survey,True,True,0.5703703761100769,0.5777778029441833,0.5625,0,3.9533190727233887,True
_qWORH98SLc,person,True,True,0.4067796468734741,0.4576271176338196,0.4375,0,4.342195987701416,True
_rEVVtT1I44,she,True,True,0.45679011940956116,0.45679011940956116,0.4375,0,2.635100841522217,True
_rHStCQCPno,wedding,True,True,0.5492957830429077,0.5492957830429077,0.53125,2,4.188567161560059,True
_rguUTHtPkg,next,True,True,0.5438596606254578,0.5438596606254578,0.53125,2,3.9726929664611816,True
_sBMoMv15aQ_1,mortgage,True,True,0.8999999761581421,0.9399999976158142,0.9375,0,4.756961822509766,True
_sL5FydI-Is,slow,True,True,0.65625,0.65625,0.625,2,6.7913289070129395,True
_tx2iiQNlZs,earthquake,True,True,0.5280898809432983,0.5280898809432983,0.5,1,6.1119890213012695,True
_u5BpyWgd2k,promote,True,True,0.527999997138977,0.527999997138977,0.53125,1,2.6639833450317383,True
_uvEsXwbAKw_2,biomass,True,True,0.7790697813034058,0.8720930218696594,0.875,3,4.411554336547852,True
_v0ZCfpOs8c,crops,True,True,0.8563380241394043,0.8873239159584045,0.875,11,8.162749290466309,True
_vlN9I_YSG8,united nations convention on the rights of persons with disabilities uncrpd,True,True,0.3979591727256775,0.3979591727256775,0.375,0,4.579427719116211,True
_vpJKqAQ_u8_2,geyser,True,True,0.7952755689620972,0.8661417365074158,0.84375,3,6.4501142501831055,True
_wR2epuH6m8_1,reconciliation,True,True,0.5,0.5111111402511597,0.5,2,6.172016620635986,True
_yuawBKn9O0_1,february,True,True,0.5333333611488342,0.6000000238418579,0.59375,2,6.016453266143799,True
_z-Ry3er2_k,blood,True,True,0.4406779706478119,0.4406779706478119,0.4375,0,10.274673461914062,True
_zIhoXYpQfQ,folder,True,True,0.6477272510528564,0.6477272510528564,0.625,8,3.044346570968628,True
a1Nj8ScIhho,rani of jhansi,True,True,0.5918367505073547,0.6428571343421936,0.65625,2,3.809908866882324,True
a1T4s6FhcSE,clear,True,True,0.3611111044883728,0.3611111044883728,0.34375,2,5.0429840087890625,True
a1Zz3eyS0yE_1,start,True,True,0.3492063581943512,0.3650793731212616,0.375,1,10.851638793945312,True
a2YWHdD5gKk_1,big,True,True,0.6190476417541504,0.6507936716079712,0.625,4,6.754421710968018,True
a3ZwnyHdlGI,cage,True,True,0.8515625,0.8515625,0.8125,5,8.825933456420898,True
a3qDF39okh0,citrus vulgaris,True,True,0.9118643999099731,0.9118643999099731,0.875,8,6.596348762512207,True
a4PC3Klb_OA_1,jalpur,True,True,0.5079365372657776,0.5079365372657776,0.5,1,3.1146068572998047,True
a5kEZgbaT7w,i understand,True,True,0.4660194218158722,0.4660194218158722,0.46875,0,5.250068187713623,True
a6CyJGTNsG8,duronto express,True,True,0.38333332538604736,0.38333332538604736,0.375,2,3.895514488220215,True
a7LNu3_mPAo,sarong skirt,True,True,0.40883979201316833,0.40883979201316833,0.375,1,2.964111566543579,True
a7gXYwtf0aM,rainbow,True,True,0.5070422291755676,0.5070422291755676,0.5,3,8.054220199584961,True
a7hNqWODhnU,fingerprints,True,True,0.9274193644523621,0.9274193644523621,0.90625,3,4.7721076011657715,True
a7kvbMiKkuQ_1,strike,True,True,0.7333333492279053,0.746666669845581,0.75,2,2.1081905364990234,True
a8cDfDvCcxw,cockroach,True,True,0.3733333349227905,0.3733333349227905,0.375,0,5.064186096191406,True
a8g9AMsHvlI_1,friday,True,True,0.4399999976158142,0.47999998927116394,0.46875,0,4.47633171081543,True
a8w3qeRPwp8_1,yesterday,True,True,0.47777777910232544,0.5,0.46875,0,2.277499198913574,True
a8wk12Rfkac_1,west indies,True,True,0.5066666603088379,0.5066666603088379,0.5,0,3.717568874359131,True
a9th81iiE2M_2,year,True,True,0.9100000262260437,0.9599999785423279,0.96875,1,5.283500671386719,True
a9xB9EN33FY,mineral matter,True,True,0.8080000281333923,0.8199999928474426,0.8125,7,6.765723705291748,True
aAOnQ9s6SlM_1,financial year,True,True,0.47777777910232544,0.5277777910232544,0.53125,2,4.573864459991455,True
aBFl_E3z3m0,flounce  hem,True,True,0.4819944500923157,0.4819944500923157,0.4375,3,4.7757158279418945,True
aBWOTIxuGus,mysuru,True,True,0.4492753744125366,0.4492753744125366,0.4375,0,4.230440616607666,True
aCSZ-jr5Y_o,shallow,True,True,0.4385964870452881,0.4385964870452881,0.4375,1,3.492554187774658,True
aCaG3G4PAkQ,bedroom,True,True,0.5121951103210449,0.5121951103210449,0.5,1,4.312524318695068,True
aD03ngrTQoI_1,goat,True,True,0.6000000238418579,0.6111111044883728,0.59375,1,3.1534149646759033,True
aECrxESTDUM_1,percentage,True,True,0.5866666436195374,0.6000000238418579,0.59375,3,6.173017978668213,True
aF30g7ajjas_1,turn,True,True,0.4266666769981384,0.4266666769981384,0.40625,0,6.301473140716553,True
aF7X0ClwZVg,diet,True,True,0.7318007946014404,0.7471264600753784,0.71875,5,6.45808744430542,True
aFGQehtPlPc,disease,True,True,0.5723270177841187,0.5723270177841187,0.5625,2,7.165404319763184,True
aFOyoIR4gqw,split pulley,True,True,0.841176450252533,0.841176450252533,0.78125,17,5.292041301727295,True
aFbn0Bm9MCQ_1,special,True,True,0.4126984179019928,0.4126984179019928,0.40625,0,4.25478458404541,True
aFelqRyZOM4,sphere,True,True,0.542682945728302,0.542682945728302,0.53125,4,5.752732753753662,True
aGRreliJps4_1,pillow,True,True,0.675000011920929,0.675000011920929,0.65625,2,10.163772583007812,True
aH6ce_mquBY_1,advance,True,True,0.6133333444595337,0.6333333253860474,0.65625,5,6.703147888183594,True
aHhWeircCv4,thiruvananthapuram,True,True,0.5064935088157654,0.5194805264472961,0.5,2,4.057439804077148,True
aHmj7r_Ts70_1,crocodile,True,True,0.6666666865348816,0.7333333492279053,0.71875,1,8.628979682922363,True
aI58FdiAz7Y_1,travel,True,True,0.4933333396911621,0.5066666603088379,0.5,6,3.9550857543945312,True
aIJKbhWx3So,under the weather,True,True,0.7344827651977539,0.751724123954773,0.75,6,8.901874542236328,True
aIYmSF72Yk4,mistake,True,True,0.5344827771186829,0.5344827771186829,0.53125,0,4.194393634796143,True
aJI0l51wGGM_1,dubai,True,True,0.5714285969734192,0.5873016119003296,0.59375,2,4.6807942390441895,True
aJeKWqpMr7Y_2,glass stab,True,True,0.852173924446106,0.8695651888847351,0.84375,2,12.66096305847168,True
aJkcfI5vUd4_1,parent branch,True,True,0.7166666388511658,0.75,0.78125,1,3.3938941955566406,True
aJvkIV-8Q9A,promise,True,True,0.3928571343421936,0.3928571343421936,0.375,2,4.591931343078613,True
aKKqKv1FFrU_1,expert,True,True,0.4833333194255829,0.4833333194255829,0.5,2,5.2226972579956055,True
aK_immPV5TM,statistics,True,True,0.5688073635101318,0.5688073635101318,0.5625,0,3.362417697906494,True
aKd7QTNB4IU_1,wife,True,True,0.6222222447395325,0.6518518328666687,0.65625,0,4.211965560913086,True
aLFLtt_Hy5Q_2,parallel circuit,True,True,0.8971428275108337,0.9257143139839172,0.9375,5,8.426848411560059,True
aL_AGq7MxBk_1,visual aid,True,True,0.5333333611488342,0.5333333611488342,0.53125,1,4.094600677490234,True
aMQeupEDGOw_1,repair,True,True,0.6133333444595337,0.6133333444595337,0.59375,3,3.4354584217071533,True
aMs5U3qDEJ4_1,towel,True,True,0.7200000286102295,0.7200000286102295,0.71875,6,10.735574722290039,True
aNthcGq-FqI_1,vacancy,True,True,0.6952381134033203,0.6952381134033203,0.65625,1,4.466222286224365,True
aO1B2sAfigI,again,True,True,0.6100000143051147,0.6100000143051147,0.59375,1,5.012331008911133,True
aO7Pmus6yEE,month,True,True,0.4553571343421936,0.4553571343421936,0.4375,3,7.120916843414307,True
aOR-2KDf9pA_2,concave,True,True,0.846666693687439,0.8799999952316284,0.875,5,10.579000473022461,True
aQ6GM2E-3-k,internet disconnection,True,True,0.568965494632721,0.568965494632721,0.5625,1,3.3176424503326416,True
aQEJlg8RhXQ,good,True,True,0.5517241358757019,0.5517241358757019,0.53125,0,3.0606963634490967,True
aQHSHQkL47I_1,sunday,True,True,0.5833333134651184,0.7166666388511658,0.71875,0,7.661556243896484,True
aQT4jI0jMWc,separate,True,True,0.2888889014720917,0.30000001192092896,0.3125,1,3.1059682369232178,True
aQpVV49PF98_1,catch,True,True,0.3174603283405304,0.3174603283405304,0.3125,1,6.036624431610107,True
aRGwbWv6law_1,neighbour,True,True,0.6740740537643433,0.7111111283302307,0.6875,9,13.710864067077637,True
aRMlrpN0MzU_1,up,True,True,0.5199999809265137,0.5199999809265137,0.53125,0,3.3607892990112305,True
aS2e07FE2uw,jew,True,True,0.4651162922382355,0.4651162922382355,0.46875,2,3.277299404144287,True
aSHLJIU6ZeE_1,sandwitch,True,True,0.7777777910232544,0.9047619104385376,0.875,0,4.840272426605225,True
aTHCIoGVi0k,judgement,True,True,0.6410256624221802,0.7649572491645813,0.75,2,4.504826545715332,True
aTbpGKnMdv8,reduce,True,True,0.35199999809265137,0.35199999809265137,0.375,0,6.8071608543396,True
aTk3A6yTmIA_2,quantity,True,True,1.0,1.0,1.0,1,14.982603073120117,True
aTp3Y4ABxB4,sling bag,True,True,0.38842976093292236,0.38842976093292236,0.40625,1,6.5035600662231445,True
aVXHUzd1cW4,while,True,True,0.4848484992980957,0.4848484992980957,0.46875,4,4.90571928024292,True
aVxK8yw7z7I,paste,True,True,0.34959349036216736,0.34959349036216736,0.34375,0,3.6679749488830566,True
aW1uRjayEEQ_1,amendments,True,True,0.6583333611488342,0.6583333611488342,0.65625,1,5.869180679321289,True
aW8jBRmN24M_1,tour,True,True,0.9083333611488342,0.9416666626930237,0.9375,0,4.264975547790527,True
aWlh04N3DzA_1,handkerchief,True,True,0.6399999856948853,0.6399999856948853,0.625,2,2.958153247833252,True
aXHoCMyVez8,juliet sleeve,True,True,0.3786982297897339,0.38461539149284363,0.375,1,5.1473541259765625,True
aXX2ysgHZTA,east,True,True,0.40909090638160706,0.40909090638160706,0.40625,2,3.0550167560577393,True
aXvpcfjK7Sg,officer in charge of jail,True,True,0.49666666984558105,0.5400000214576721,0.5625,3,4.8151655197143555,True
aYQ97trsr6k_1,celebrate,True,True,0.6399999856948853,0.746666669845581,0.75,0,4.870670795440674,True
aYbsN9GG3kY_1,actor,True,True,0.5795454382896423,0.625,0.59375,2,4.274460792541504,True
aYjNOmE73zE,flat gardens,True,True,0.7946767807006836,0.8098859190940857,0.78125,12,6.433994770050049,True
aYpR1Gsa0_U,christmas,True,True,0.8305084705352783,0.8474576473236084,0.84375,0,2.9454827308654785,True
a_5rkFrzauo_1,examination,True,True,0.6800000071525574,0.7200000286102295,0.71875,0,4.749283313751221,True
a_yFlzuJ7oY_1,sundry,True,True,0.9142857193946838,0.9428571462631226,0.9375,2,3.939377784729004,True
aawUzeSXJpU,handle,True,True,0.6926605701446533,0.6926605701446533,0.65625,7,4.505312442779541,True
abmY621VQCw_1,smell,True,True,0.5666666626930237,0.5888888835906982,0.5625,0,5.201521396636963,True
abz1iHHIktI_1,ledger balance,True,True,0.8799999952316284,0.8866666555404663,0.875,3,10.141316413879395,True
acdKVU7bbhw,appointment,True,True,0.540229856967926,0.540229856967926,0.53125,3,2.833852529525757,True
ae55QOIEGEk_1,operate an account,True,True,0.9575757384300232,0.9757575988769531,0.96875,1,5.2334699630737305,True
ae7r5dnrG34,austria,True,True,0.611940324306488,0.611940324306488,0.625,0,3.7830028533935547,True
aeJSYb8CmS8_2,troughs,True,True,0.7719298005104065,0.8421052694320679,0.84375,0,3.4802839756011963,True
aePcBtCpcPA,road separator,True,True,0.7368420958518982,0.7543859481811523,0.71875,4,3.251037120819092,True
aeaHJYnML2E_1,corresponding branch,True,True,0.5533333420753479,0.5533333420753479,0.53125,0,5.5330281257629395,True
afB8ioKoVh8_1,shortage,True,True,0.4266666769981384,0.46000000834465027,0.4375,1,3.2095415592193604,True
afZNvfwjxEA_1,vendee,True,True,0.6777777671813965,0.699999988079071,0.6875,3,4.180755138397217,True
ag8J-3yc7PE,engineering scale,True,True,0.7015384435653687,0.7046154141426086,0.65625,5,6.959776878356934,True
ahUSb4o3pKw,culottes,True,True,1.0,1.0,1.0,8,4.744304180145264,True
aj736kmw3Pw_1,escape,True,True,0.4761904776096344,0.4761904776096344,0.46875,0,3.74796724319458,True
ajczOXxcx_s,mouth parts,True,True,0.8838028311729431,0.8908450603485107,0.84375,9,4.776885509490967,True
ak5WS3_FBv8_1,fisher man,True,True,0.5866666436195374,0.6133333444595337,0.59375,0,5.1808013916015625,True
akYhM0X2Udc_1,start,True,True,0.4126984179019928,0.4126984179019928,0.40625,0,5.724286079406738,True
alvjMQjm1pM,personal,True,True,0.3636363744735718,0.3636363744735718,0.375,0,4.681514739990234,True
alyadcV43G8_1,item,True,True,0.8999999761581421,0.9066666960716248,0.9375,1,3.7762160301208496,True
amB7PkF8fWQ,serial tv,True,True,0.5871559381484985,0.5871559381484985,0.5625,0,5.045493125915527,True
amBz3VzA608_1,cheque,True,True,0.36000001430511475,0.3866666555404663,0.375,0,3.9393019676208496,True
amQEVitOUn4_1,right,True,True,0.5666666626930237,0.5666666626930237,0.5625,1,5.501233100891113,True
amb6frWEiDU,ministry of social justice and empowerment,True,True,0.5813953280448914,0.5813953280448914,0.5625,2,8.246326446533203,True
amhLPtOfjgw_1,sari,True,True,0.36000001430511475,0.3733333349227905,0.375,2,4.1706461906433105,True
aodgodCQNX8,palazo pants,True,True,1.0,1.0,1.0,3,5.471651554107666,True
aoicBWQGk0Y,claw hammer,True,True,0.475862056016922,0.475862056016922,0.46875,2,3.579921245574951,True
ap3r07toNRc_1,count,True,True,0.3466666638851166,0.3466666638851166,0.34375,1,2.018911838531494,True
apPABUUQDLA_1,leave earned,True,True,0.8814814686775208,0.8814814686775208,0.84375,0,5.45017147064209,True
apdZVZdwz54,ban,True,True,0.4761904776096344,0.488095223903656,0.46875,6,6.304755687713623,True
aqym4tojhqQ_1,dividend,True,True,0.550000011920929,0.550000011920929,0.46875,0,5.798859596252441,True
araXKMU7R4g,cif number,True,True,0.42391303181648254,0.42934781312942505,0.40625,3,4.621376037597656,True
at2bDwxeV3c,tight,True,True,0.5048543810844421,0.5048543810844421,0.46875,1,4.225878715515137,True
atIObXII22k,opposition,True,True,0.5714285969734192,0.5714285969734192,0.5625,0,5.095844268798828,True
atyCov9u9no,jail,True,True,0.6767676472663879,0.6767676472663879,0.65625,1,10.242572784423828,True
aunVG5Ddwrc_1,sink,True,True,0.4266666769981384,0.4266666769981384,0.40625,0,3.096693277359009,True
autuHm9_jWo,throw,True,True,0.45588234066963196,0.4852941036224365,0.5,0,4.164919853210449,True
ava3Ux-MDDE_1,encashment,True,True,0.5575757622718811,0.5696969628334045,0.5625,1,5.7012224197387695,True
avpSF2ZHlc0_1,wolf,True,True,0.7333333492279053,0.7599999904632568,0.78125,2,3.5852835178375244,True
avuibTenovU_2,equator,True,True,0.8307692408561707,0.8384615182876587,0.84375,1,6.371075630187988,True
ax5vPQQRVRE_1,cancer,True,True,0.7083333134651184,0.7166666388511658,0.6875,2,2.651495933532715,True
axEFBCXFyt8_1,paise,True,True,0.380952388048172,0.3968254029750824,0.40625,1,3.1357595920562744,True
ay7OzoG5fk8,tax,True,True,0.44897958636283875,0.44897958636283875,0.4375,1,7.491598606109619,True
ay96dkDBYMs,ms excel,True,True,0.4166666567325592,0.4166666567325592,0.40625,6,4.893523693084717,True
azP0G1dB1KY_1,roof,True,True,0.5523809790611267,0.5714285969734192,0.53125,0,4.807767868041992,True
b-Oi5Oa5TIA,message,True,True,0.4838709533214569,0.4838709533214569,0.5,2,4.724226474761963,True
b0-O_EoAR7c_1,order,True,True,0.2857142984867096,0.30158731341362,0.3125,0,2.6191415786743164,True
b00DR5Ly-Y0_1,head of income,True,True,0.9851852059364319,1.0,1.0,0,5.129802703857422,True
b00epXFNL5U,atm,True,True,0.5888888835906982,0.5888888835906982,0.59375,2,3.927175283432007,True
b03dkzGkDV4_1,whose,True,True,0.4000000059604645,0.4000000059604645,0.40625,2,4.287617206573486,True
b0zVJUx-H0Y_1,curds,True,True,0.6349206566810608,0.8571428656578064,0.84375,1,4.7097086906433105,True
b1Cbwx9LrQM_1,short,True,True,0.6133333444595337,0.6133333444595337,0.625,0,3.9223968982696533,True
b1kVeCRjm1M,patna,True,True,0.559440553188324,0.559440553188324,0.5625,0,3.9756076335906982,True
b23vl51AH4U,tamarix gallica,True,True,0.9006410241127014,0.9006410241127014,0.875,13,7.170073509216309,True
b2hjMDOnYnw_1,hardworking,True,True,0.6583333611488342,0.6583333611488342,0.65625,1,5.282710075378418,True
b4ki5taIk0s_1,wipe,True,True,0.6266666650772095,0.6933333277702332,0.71875,0,3.9977941513061523,True
b4ywpRBTw4o,log off,True,True,0.31609195470809937,0.31609195470809937,0.3125,1,3.1167266368865967,True
b5R9Ubu8bw4,sunflower,True,True,0.42241379618644714,0.42241379618644714,0.40625,1,3.9390087127685547,True
b5pF8YU_ILs,policeman,True,True,0.25833332538604736,0.25833332538604736,0.25,0,2.3098440170288086,True
b67oA7lAXi0_2,soldering lead,True,True,0.9803921580314636,1.0,1.0,2,9.228754997253418,True
b6mge7fT8p4_1,worry,True,True,0.6800000071525574,0.7200000286102295,0.71875,0,3.300912618637085,True
b7EQniqN7rs_1,now,True,True,0.21111111342906952,0.21111111342906952,0.21875,0,12.023233413696289,True
b7U7TWlmbOs_1,trustee,True,True,0.4095238149166107,0.4476190507411957,0.4375,0,2.167099952697754,True
b7Y145D3Gi4_1,trunk,True,True,0.6000000238418579,0.6000000238418579,0.59375,2,4.28432559967041,True
b8BlqEQCtiY_2,notice,True,True,0.7058823704719543,0.7058823704719543,0.6875,1,6.766297340393066,True
b8ZOlo8oXbQ_2,joule,True,True,0.4660194218158722,0.48543688654899597,0.5,0,5.676535606384277,True
b8uuqEIu8Ag,pencil,True,True,0.5256410241127014,0.5256410241127014,0.5,0,4.275385856628418,True
b8z6CTJw-TI,contest,True,True,0.38793104887008667,0.4051724076271057,0.40625,3,4.8575897216796875,True
b9Ad8smAqhs,zigzag,True,True,0.7589743733406067,0.7589743733406067,0.75,2,4.0850372314453125,True
b9W1y77hDSc,way,True,True,0.4675324559211731,0.4675324559211731,0.46875,1,8.722514152526855,True
b9_2HxUsi0s,super computer,True,True,0.3333333432674408,0.3333333432674408,0.3125,7,6.2879533767700195,True
bA7mLrTdy60,district court,True,True,0.8152866363525391,0.8152866363525391,0.8125,7,4.754661560058594,True
bBzWwcYyMK8_2,filter pump,True,True,0.5230769515037537,0.5923076868057251,0.59375,0,3.2276968955993652,True
bC7wNuiLgHI_1,machine,True,True,0.460317462682724,0.4920634925365448,0.5,0,3.9326493740081787,True
bC9ZZ5izJPk,agra,True,True,0.530434787273407,0.530434787273407,0.53125,2,2.796799421310425,True
bCXEgYMuyQU_1,banian,True,True,0.6133333444595337,0.6399999856948853,0.625,1,3.87678599357605,True
bCm6R9JGBvA_1,motor,True,True,0.4761904776096344,0.523809552192688,0.53125,1,4.065437316894531,True
bD4GIT0wuRE_1,dhothi,True,True,0.47727271914482117,0.47727271914482117,0.46875,1,2.732703924179077,True
bDA6y9S2bb4,hard,True,True,0.6739130616188049,0.6739130616188049,0.65625,0,2.3274459838867188,True
bDOUOr8c5EM_1,account suspence,True,True,0.7888888716697693,0.7888888716697693,0.78125,0,5.113717079162598,True
bEe0Ch0biSU_2,litre,True,True,0.653333306312561,0.7733333110809326,0.78125,0,4.948149681091309,True
bEgGF4YuHm0,theatre,True,True,0.563829779624939,0.5744680762290955,0.5625,5,3.779355764389038,True
bEmiFY64B3c_2,ohm,True,True,0.7230769395828247,0.807692289352417,0.78125,0,4.418960094451904,True
bFEz8r3xfMI,chalk,True,True,0.6037735939025879,0.6037735939025879,0.59375,2,4.335312366485596,True
bF_5-TAoxTo,wind borne disease,True,True,0.8954423666000366,0.8981233239173889,0.875,17,6.801760673522949,True
bGGgKRLRngQ,aam aadmi party,True,True,0.7483870983123779,0.7483870983123779,0.6875,3,9.015233993530273,True
bGRAQ9ORnm0,national,True,True,0.6037735939025879,0.6226415038108826,0.59375,1,4.280826091766357,True
bGzdNLa1O9o,plan,True,True,0.7475728392601013,0.7475728392601013,0.75,6,10.21908950805664,True
bH3KEeVn-rU_1,bandh,True,True,0.7066666483879089,0.7066666483879089,0.71875,1,4.243326187133789,True
bHcewri1380_1,afternoon,True,True,0.6555555462837219,0.6555555462837219,0.625,1,4.521801948547363,True
bI019MZru3U,tight,True,True,0.38297873735427856,0.41489362716674805,0.4375,2,3.863611936569214,True
bIha_uKKc-U,water filter,True,True,0.6542056202888489,0.6542056202888489,0.625,1,7.540575981140137,True
bJ1Nsi71fnE_2,rf osciilator,True,True,0.9685039520263672,1.0,1.0,0,3.315018892288208,True
bJiwFIbDGRQ_1,christmas,True,True,0.5568181872367859,0.5568181872367859,0.53125,0,7.824975490570068,True
bK2UmfKfoPw_1,punctual,True,True,0.5523809790611267,0.6190476417541504,0.59375,0,8.602859497070312,True
bKliVu0i0SI,chimney,True,True,0.8459214568138123,0.8640483617782593,0.84375,6,4.66685676574707,True
bL8PcxnwN74,same,True,True,0.4482758641242981,0.4482758641242981,0.4375,0,3.7233095169067383,True
bMY7k6ug38E,emphasize,True,True,0.6969696879386902,0.6969696879386902,0.6875,6,4.442583084106445,True
bMZuO_mR3e4_1,hole,True,True,0.46666666865348816,0.5,0.5,0,3.0316519737243652,True
bNPBUXiWYYI,plain cement concrete,True,True,0.8169934749603271,0.8235294222831726,0.78125,4,5.566195487976074,True
bNwhA4fMWCI,seed,True,True,0.4571428596973419,0.4571428596973419,0.46875,0,4.919314384460449,True
bOqgzRbAuqg_1,fishing net,True,True,0.6800000071525574,0.6933333277702332,0.6875,5,6.512646675109863,True
bP0ibVNj7TU,sailor,True,True,0.4166666567325592,0.4362744987010956,0.4375,1,5.633479118347168,True
bR89wUFYe8I_1,wear,True,True,0.4399999976158142,0.47999998927116394,0.46875,1,9.6177978515625,True
bRAauK4qEf0_1,morning,True,True,0.5666666626930237,0.5888888835906982,0.59375,0,2.125734329223633,True
bRG0I-FNuII_1,account discount,True,True,0.6545454263687134,0.678787887096405,0.6875,5,7.575767993927002,True
bRT1xm32nIA,network,True,True,0.42592594027519226,0.43518519401550293,0.4375,1,4.8866167068481445,True
bS8Bh2t9PSA,hip hugger,True,True,0.9920634627342224,1.0,1.0,3,13.474808692932129,True
bTfZoLcLD1s,drug,True,True,0.6538461446762085,0.7564102411270142,0.75,2,6.656082630157471,True
bUybAkPWQH0_2,screw guage,True,True,0.5161290168762207,0.5161290168762207,0.5,1,13.317233085632324,True
bWRmIDKlKo0_1,work,True,True,0.6133333444595337,0.6133333444595337,0.625,1,3.174560546875,True
bYZKoGWvfyM_1,police station,True,True,0.6190476417541504,0.6190476417541504,0.625,1,7.893294334411621,True
bYyLAeq4yNY_2,hydrology,True,True,0.7662337422370911,0.7662337422370911,0.75,0,6.4571123123168945,True
bZLyr43R2t4_1,will,True,True,0.5333333611488342,0.5333333611488342,0.53125,3,7.935123443603516,True
bZnTQsP8FCY_1,trade,True,True,0.523809552192688,0.5714285969734192,0.5625,0,3.223019599914551,True
b_TvDsf97GY,two thousand,True,True,0.36036035418510437,0.36036035418510437,0.375,2,3.185403823852539,True
b_cuB9Hjx34,peanut,True,True,0.316546767950058,0.316546767950058,0.3125,2,3.6826488971710205,True
b_lBAwm-AC4_1,friday,True,True,0.5066666603088379,0.5066666603088379,0.5,1,6.274832725524902,True
bacheB1uzFE,alphabet,True,True,0.7526881694793701,0.7526881694793701,0.75,2,5.924552917480469,True
baqITtRxH5U_1,appear,True,True,0.4920634925365448,0.4920634925365448,0.46875,2,2.8763256072998047,True
bbWDUkaUXLE,lightning,True,True,0.49624061584472656,0.49624061584472656,0.5,1,3.2522170543670654,True
bbWGXTXiw4k,cute,True,True,0.48235294222831726,0.48235294222831726,0.46875,0,2.753007411956787,True
bdn3KzMo_rM_2,diode,True,True,1.0,1.0,1.0,3,9.96451187133789,True
bdoKiu3zEjs_2,service,True,True,0.5407407283782959,0.5407407283782959,0.5,2,4.443412780761719,True
benrZFXwf4g_1,river,True,True,0.6600000262260437,0.699999988079071,0.6875,1,4.69085693359375,True
bewlQQs7I0k_2,perfect,True,True,0.5972222089767456,0.5972222089767456,0.59375,0,4.889135837554932,True
bfWmhebPLIs_1,square,True,True,0.25555557012557983,0.25555557012557983,0.25,3,4.3370161056518555,True
bfc3A5WT7O0,athlete's foot,True,True,0.6962025165557861,0.700421929359436,0.65625,8,4.947298526763916,True
bgNFqlUDCMw_1,proof,True,True,0.46666666865348816,0.46666666865348816,0.46875,0,2.890854597091675,True
bgwSjzhyPs8,full stomach,True,True,0.3499999940395355,0.3499999940395355,0.34375,0,3.59597110748291,True
bh3kxVL3EWA,volcano,True,True,0.4893617033958435,0.4893617033958435,0.46875,1,8.307145118713379,True
bhMRCTyJyNI_1,without prejudice,True,True,0.6666666865348816,0.675000011920929,0.6875,3,5.384824275970459,True
bhPu5UgetR8,zinc sheet,True,True,0.8529411554336548,0.8602941036224365,0.84375,3,3.83290433883667,True
bhY9tXL3Z0w_1,mail transfer,True,True,0.574999988079071,0.625,0.625,0,3.4123694896698,True
bhpHRwqACLY,colour palette,True,True,0.9057750701904297,0.9057750701904297,0.875,16,5.59109354019165,True
bi4xQMdEcVo_1,requirement,True,True,0.2857142984867096,0.29523810744285583,0.28125,0,2.597174644470215,True
biAm9EJuH8w_2,oil,True,True,0.6916666626930237,0.7083333134651184,0.71875,0,4.5439133644104,True
biSlYwhDtc4,flute,True,True,0.6158940196037292,0.6225165724754333,0.625,0,4.063074588775635,True
bjJtF35pjhI,throat plate,True,True,0.5737179517745972,0.5737179517745972,0.5625,5,4.758479595184326,True
bkJI2VTpAwA,keyboard,True,True,0.4107883870601654,0.4107883870601654,0.40625,4,4.473276138305664,True
bmMd8l2xZaE,official,True,True,0.39393940567970276,0.39393940567970276,0.40625,1,3.443307638168335,True
bmQ6EhxdBuw_1,buddha purnima,True,True,0.5799999833106995,0.5799999833106995,0.5625,1,4.5090532302856445,True
bmnbIMDM4MY_1,compound interest,True,True,0.8370370268821716,0.8444444537162781,0.8125,1,6.005057334899902,True
boWOpxe2CRY,national association of the deaf,True,True,0.5820895433425903,0.5820895433425903,0.5625,2,5.405141830444336,True
bouFPfGo6UI,dissent,True,True,0.5048543810844421,0.5048543810844421,0.5,0,2.8841936588287354,True
bp32ckPVj6s_1,company partnership,True,True,0.7833333611488342,0.7944444417953491,0.78125,3,5.200412273406982,True
bp9mzPexxVY,carpenter,True,True,0.5196078419685364,0.5196078419685364,0.53125,0,3.1131644248962402,True
bpK_n3OqDDw,hairdresser,True,True,0.8840579986572266,0.8840579986572266,0.875,6,4.73189640045166,True
bq0BIQJzsbY_2,physical balance,True,True,0.39694657921791077,0.4351145029067993,0.40625,2,3.207813262939453,True
bq2QpJpjWUs,embarrass,True,True,0.4861111044883728,0.4861111044883728,0.46875,3,4.87688684463501,True
bqTLB7fccW8_1,nri,True,True,0.6303030252456665,0.6545454263687134,0.65625,3,5.317769527435303,True
bqZZkH8aoC8_1,nose stud,True,True,0.5396825671195984,0.5396825671195984,0.53125,0,4.03563117980957,True
bsDAoxpr8Sc_1,halting allowance,True,True,0.32592591643333435,0.34074074029922485,0.3125,0,9.530007362365723,True
buBZGkwchow,release,True,True,0.42168673872947693,0.45783132314682007,0.46875,2,5.905263423919678,True
bubXTcY0A2E_2,dispersion,True,True,0.9117646813392639,1.0,1.0,3,6.456765174865723,True
bv9giU_G_Mc,online,True,True,0.4513888955116272,0.4513888955116272,0.4375,4,4.493913650512695,True
bvRVxOWJdMw_1,guilty,True,True,0.46666666865348816,0.5,0.46875,0,5.674381732940674,True
bwM7NUs3TFc_1,good,True,True,0.5222222208976746,0.5222222208976746,0.53125,0,4.049474716186523,True
bwrBPuatbGQ_1,bank nationalised,True,True,0.6666666865348816,0.6833333373069763,0.65625,4,6.146807670593262,True
bxQU88YWOhg,seychelles,True,True,0.5555555820465088,0.5555555820465088,0.53125,1,3.3934006690979004,True
by5LPvJU5OY_1,all,True,True,0.47999998927116394,0.4933333396911621,0.46875,0,5.806447982788086,True
bz6nldNgnjU,blackberry,True,True,0.5370370149612427,0.5370370149612427,0.53125,0,2.149806261062622,True
bz7Stt4IzGc,bully calf,True,True,0.6131687164306641,0.6255143880844116,0.59375,3,4.542569160461426,True
bzfDfBXrsTA_1,bill,True,True,0.5666666626930237,0.5666666626930237,0.5625,1,3.4898884296417236,True
c-5Km1sqJOA_1,coconut,True,True,0.5568181872367859,0.5909090638160706,0.5625,2,5.531849384307861,True
c-A3wFtFlEM_1,common,True,True,0.4285714328289032,0.4444444477558136,0.4375,1,5.724609851837158,True
c-iylYqUcUw,bench mark,True,True,0.8853868246078491,0.8911174535751343,0.875,4,4.816954612731934,True
c-n55nBWOIc_1,interest,True,True,1.0,1.0,1.0,1,4.158629894256592,True
c02rBJWw1fo,cargo  pocket,True,True,1.0,1.0,1.0,2,8.572901725769043,True
c05vX2BcjUs_2,absorption,True,True,0.8387096524238586,0.9193548560142517,0.90625,1,5.575159072875977,True
c0Mr2g3NjFE_1,profession,True,True,0.7200000286102295,0.7200000286102295,0.75,0,4.3102030754089355,True
c0YAVT3cqwI_1,pond,True,True,0.6600000262260437,0.6600000262260437,0.65625,1,5.884747505187988,True
c26UiFPMTcw,annual,True,True,0.5948275923728943,0.5948275923728943,0.59375,4,4.047083854675293,True
c3ekz0r_Xwg_1,busy,True,True,0.5866666436195374,0.6000000238418579,0.5625,1,3.928058624267578,True
c3l-zz-FQ9I_1,mouth,True,True,0.47333332896232605,0.5266666412353516,0.53125,0,2.464651584625244,True
c4HojUA2FGE,appointment,True,True,0.5903614163398743,0.5903614163398743,0.5625,1,6.5405144691467285,True
c4Nn0I-C4gY,blackboard duster,True,True,0.6166666746139526,0.6166666746139526,0.59375,8,7.743621349334717,True
c4_wAHzGCiw,deadline,True,True,0.607594907283783,0.607594907283783,0.59375,2,7.035192489624023,True
c5txohM_Pv8,body parts,True,True,0.6818181872367859,0.6818181872367859,0.6875,2,3.9757797718048096,True
c6-NB5Yrrdo,arm,True,True,0.47413793206214905,0.47413793206214905,0.4375,2,19.222332000732422,True
c6lgZeRgbuM_1,continent,True,True,0.5454545617103577,0.5454545617103577,0.53125,3,5.497897624969482,True
c7P3OaUt-LA,owner,True,True,0.19658119976520538,0.19658119976520538,0.1875,0,2.138434886932373,False
c8QdJkQk-S4,absent,True,True,0.5918367505073547,0.5918367505073547,0.5625,2,7.371684551239014,True
c8cBnLAFa40,blight,True,True,0.9174041152000427,0.9203540086746216,0.90625,2,4.344217300415039,True
c8vOZMKsBC8_2,north,True,True,0.5243902206420898,0.5487805008888245,0.5625,0,2.1782736778259277,True
c9D91JO8O0w,manage,True,True,0.5862069129943848,0.5862069129943848,0.59375,0,2.2846462726593018,True
c9Kcl0vkQh4,arrogate,True,True,0.8607242107391357,0.8830083608627319,0.90625,7,3.8367905616760254,True
c9hrMSMJFgw,congratulations,True,True,0.4421052634716034,0.4421052634716034,0.4375,0,3.9599361419677734,True
cA1B3PFfvjM_1,photograph,True,True,0.6285714507102966,0.6285714507102966,0.625,0,5.968978404998779,True
cApvRkBL8e0,hard drive,True,True,0.6029411554336548,0.625,0.625,3,6.138181209564209,True
cBtN1DlLXAs,different,True,True,0.2666666805744171,0.2666666805744171,0.25,0,4.843539237976074,True
cC0E_KK9FBs_1,variable,True,True,0.3888888955116272,0.4000000059604645,0.375,1,10.194931983947754,True
cDV-k7lXo7w,south america,True,True,0.5833333134651184,0.5833333134651184,0.5625,3,4.521865367889404,True
cEclg4wFkQY,bank branch address,True,True,0.5728155374526978,0.582524299621582,0.5625,1,5.438924312591553,True
cFdYCBpZGEw_1,only,True,True,0.380952388048172,0.380952388048172,0.375,0,3.191659450531006,True
cGIpxkvYfys,whistle,True,True,0.4144144058227539,0.4144144058227539,0.40625,1,3.5601654052734375,True
cHTrAwUZtNY,ginger,True,True,0.42553192377090454,0.42553192377090454,0.4375,2,4.797552585601807,True
cHzy7fieqXU_1,stationery,True,True,0.4740740656852722,0.5037037134170532,0.5,2,8.045865058898926,True
cIPxnJAUd74,newly weds,True,True,0.4166666567325592,0.4166666567325592,0.40625,2,3.253352642059326,True
cItWv5VCy8w_1,black,True,True,0.574999988079071,0.6000000238418579,0.59375,2,3.2465569972991943,True
cIyDQeSqcnk,reinforced cement concrete,True,True,0.8644578456878662,0.8885542154312134,0.84375,30,10.892833709716797,True
cKTC0499dBc,prescription,True,True,0.6159999966621399,0.6159999966621399,0.59375,5,5.0299577713012695,True
cKkCZ_GYpkk,scream,True,True,0.3360655605792999,0.3360655605792999,0.34375,3,3.3539059162139893,True
cMIJrgJVkzc_1,order standing,True,True,0.8181818127632141,0.8666666746139526,0.84375,1,4.705348491668701,True
cM_xDZOtPsc,paint,True,True,0.41911765933036804,0.41911765933036804,0.4375,2,2.778468370437622,True
cMeg0EWN2mY_1,season,True,True,0.4533333480358124,0.4533333480358124,0.4375,0,4.605103969573975,True
cMm2cWGKt6Q,murraya exotica,True,True,0.7675158977508545,0.7770700454711914,0.78125,9,5.198609828948975,True
cN4cdQ7Uvhw_1,storage,True,True,0.644444465637207,0.6740740537643433,0.65625,1,6.260159969329834,True
cNL6z2IayOU,bandra to worli sea link,True,True,0.44545453786849976,0.44545453786849976,0.4375,2,2.870443820953369,True
cP9CvXcgOs8_1,famous,True,True,0.5866666436195374,0.5866666436195374,0.59375,3,2.732635974884033,True
cPSQyj-JTpM,compositing,True,True,0.8203592896461487,0.8203592896461487,0.8125,4,8.922532081604004,True
cPtb9OMfZ0w,sometimes,True,True,0.6194690465927124,0.6548672318458557,0.59375,2,2.8821797370910645,True
cPzYNzLFQo0_1,orange,True,True,0.5066666603088379,0.5066666603088379,0.5,2,4.599477291107178,True
cSyNdG5W6i0_2,parachute,True,True,0.4689655303955078,0.5241379141807556,0.53125,1,2.2448956966400146,True
cTLsY2Pa848_1,land holding,True,True,0.8592592477798462,0.8962963223457336,0.90625,3,4.6322150230407715,True
cW1M5CUdCmk,mother in law,True,True,1.0,1.0,1.0,4,4.64911413192749,True
cW1Vl1AqGzI,video,True,True,0.5591397881507874,0.5591397881507874,0.5625,1,1.9048070907592773,True
cWsTOcbwNJg_1,nect tie,True,True,0.5600000023841858,0.5733333230018616,0.5625,0,5.168298244476318,True
cXKAkxMNEYI,grenade,True,True,0.6086956262588501,0.6159420013427734,0.59375,6,6.258054733276367,True
cXX9Fqj1fuE,well,True,True,0.5514018535614014,0.5514018535614014,0.53125,6,4.054556369781494,True
cZ4RwsITk3c_2,diffraction,True,True,0.6875,0.7678571343421936,0.75,1,4.6390886306762695,True
cZBoXXZqXT0_2,calculation,True,True,0.7190082669258118,0.7851239442825317,0.75,1,5.907314777374268,True
c_CVbagPDA8_1,physical training,True,True,0.5340909361839294,0.5568181872367859,0.5625,3,4.551614284515381,True
c_N193NzE94_1,credit purchase,True,True,0.7428571581840515,0.7428571581840515,0.71875,1,4.884821891784668,True
c_i7AAEhy3E_1,super,True,True,0.7444444298744202,0.7722222208976746,0.71875,0,3.735020399093628,True
ca4NtqH_cx0_1,thursday,True,True,0.46666666865348816,0.5066666603088379,0.5,0,2.2810587882995605,True
caIqDNu--II,compaction,True,True,0.8838174343109131,0.9004149436950684,0.875,7,4.43637752532959,True
cclXS3qW2bI,black market,True,True,0.8428571224212646,0.8666666746139526,0.84375,10,4.297491073608398,True
cdg2loc35vs,agree,True,True,0.5530303120613098,0.5530303120613098,0.53125,0,3.856462240219116,True
cfAXWBaT88Y_1,jealous,True,True,0.4933333396911621,0.4933333396911621,0.5,0,2.8460330963134766,True
cfPvMQAbTy8,engagement,True,True,0.6344085931777954,0.6344085931777954,0.625,0,5.322976112365723,True
cfZzelNoOtA,profit,True,True,0.41860464215278625,0.41860464215278625,0.4375,1,2.5052614212036133,True
cfiEadKO-jY,machine water pump,True,True,0.8267326951026917,0.8267326951026917,0.78125,7,5.728528022766113,True
cg4E83GKGJk_1,tail,True,True,0.4333333373069763,0.46666666865348816,0.4375,0,2.467851161956787,True
cg9Qwgaezdg,download,True,True,0.4055555462837219,0.4055555462837219,0.40625,1,2.832674741744995,True
chPdC6gwibQ,kumbh mela,True,True,0.6607142686843872,0.6607142686843872,0.65625,2,4.875675201416016,True
ciBV8fax0EQ_1,whale,True,True,0.761904776096344,0.761904776096344,0.75,0,5.454507350921631,True
cigrNp7NbVY,bury,True,True,0.40666666626930237,0.41999998688697815,0.40625,3,5.9480462074279785,True
cj4nM0IFGYQ,maha shivaratri,True,True,0.5777778029441833,0.6000000238418579,0.59375,0,1.9767217636108398,True
cj56UIvObV8,back,True,True,0.4576271176338196,0.47457626461982727,0.46875,0,9.445511817932129,True
cjb9U7rI-pk,special,True,True,0.5205479264259338,0.5479452013969421,0.53125,1,4.517381191253662,True
cjlXzFSoIco_1,squrriel,True,True,0.43809524178504944,0.4571428596973419,0.46875,3,6.082764625549316,True
ckDEZnw3PHE_1,ring,True,True,0.6349206566810608,0.6349206566810608,0.625,0,6.199306488037109,True
clwF6d-MIBw_2,bad conductor,True,True,0.8478260636329651,0.8840579986572266,0.875,10,6.845197677612305,True
clxS63kY4zs_1,accured,True,True,0.5833333134651184,0.5833333134651184,0.5625,2,5.341954231262207,True
cmFVOsYv2Nk,argentina,True,True,0.5428571701049805,0.5428571701049805,0.53125,0,3.3711795806884766,True
cmlToISecIA,adult,True,True,0.3017241358757019,0.3017241358757019,0.3125,0,3.6304543018341064,True
cpbTXmt7XwA_1,quick,True,True,0.4126984179019928,0.4126984179019928,0.40625,0,4.86414098739624,True
cqpttv1IB28_1,wood,True,True,0.6095238327980042,0.6095238327980042,0.59375,0,2.4714865684509277,True
crOKuw1QwVk,pulley,True,True,0.5555555820465088,0.5555555820465088,0.5625,3,4.967566013336182,True
cuouiP_uipw_1,official,True,True,1.0,1.0,1.0,0,2.505125045776367,True
cuv95axJkJg,motorcycle air filter,True,True,0.8931750655174255,0.8991097807884216,0.875,6,5.68613862991333,True
cvBDFoHc-SI_1,goat,True,True,0.6111111044883728,0.6111111044883728,0.59375,1,2.508409261703491,True
cwDDoB4ZOZY,connect,True,True,0.3937007784843445,0.4015747904777527,0.375,0,4.212628364562988,True
cwDfYuPi02Y_1,socks,True,True,0.4399999976158142,0.4399999976158142,0.4375,0,4.3145833015441895,True
cwEfR3ySdZg,disease control of plant,True,True,0.8815789222717285,0.8815789222717285,0.84375,10,8.619636535644531,True
cxqz0EbY4yE,eczema,True,True,0.7419354915618896,0.7419354915618896,0.71875,0,3.493597984313965,True
cycfuVbrlOQ_1,owner cultivated,True,True,0.9925925731658936,0.9925925731658936,0.96875,1,2.964895248413086,True
cyyBiFbtefI,sikhism,True,True,0.643478274345398,0.643478274345398,0.625,2,5.6450042724609375,True
cyz7f5C8VWc_1,pretend,True,True,0.7333333492279053,0.8399999737739563,0.8125,4,4.6281585693359375,True
czE3uNUVUKA,spoken,True,True,0.5185185074806213,0.5185185074806213,0.53125,0,3.232015371322632,True
czmizKva6TQ_1,drum,True,True,0.2857142984867096,0.3968254029750824,0.375,1,5.009359359741211,True
d0SGtxOqFpU,arrest,True,True,0.4675324559211731,0.48051947355270386,0.46875,0,6.519822597503662,True
d3Mz6l_VYic_1,call,True,True,0.460317462682724,0.460317462682724,0.4375,1,10.036466598510742,True
d3i2EjGoA2k_1,come,True,True,0.523809552192688,0.523809552192688,0.53125,1,11.628649711608887,True
d3tDqVfbgCg_1,pull,True,True,0.4399999976158142,0.47999998927116394,0.5,1,4.2522687911987305,True
d4nkMcBvUZM_1,eat,True,True,0.6333333253860474,0.644444465637207,0.625,0,4.268992900848389,True
d4zWp5T3P-w,cloudy,True,True,0.5660377144813538,0.5786163806915283,0.5625,1,5.901541233062744,True
d5SWvjzXUbs_1,absorb,True,True,0.5396825671195984,0.5396825671195984,0.53125,0,3.1480302810668945,True
d5SYjSyZLZI,cobbler,True,True,0.5740740895271301,0.5740740895271301,0.5625,3,5.972046852111816,True
d5gBuuQWncc_1,begin,True,True,0.3799999952316284,0.4399999976158142,0.4375,3,6.670464992523193,True
d73jrF3Tevc_1,primary,True,True,0.3619047701358795,0.380952388048172,0.375,2,25.80640411376953,True
d9LDsGqPpXA_2,output,True,True,0.4933333396911621,0.5600000023841858,0.59375,3,8.347982406616211,True
d9MAodEjHsc,send,True,True,0.4000000059604645,0.4000000059604645,0.40625,4,5.5502824783325195,True
d9fEfBJmy0Y_1,help,True,True,0.6000000238418579,0.6000000238418579,0.59375,1,5.397263526916504,True
d9qLL38zaZ0,parade,True,True,0.756302535533905,0.7647058963775635,0.75,5,5.356273651123047,True
d9s1JfE1Rv0,crime scene,True,True,0.818965494632721,0.8362069129943848,0.78125,1,5.138966083526611,True
dAFLzjA5FtQ_1,pickle,True,True,0.4126984179019928,0.4444444477558136,0.4375,0,3.67289400100708,True
dBQHt6OHvi8_1,squirrel,True,True,0.6266666650772095,0.6399999856948853,0.625,1,4.688015937805176,True
dCvX2SjAybM,adjudge,True,True,0.4476987421512604,0.4895397424697876,0.5,1,3.3411242961883545,True
dDJCclqr7jo,sesbenia aegyptiaca,True,True,0.8821548819541931,0.8821548819541931,0.875,6,7.907776355743408,True
dELRdOxwEQY_1,pumpkin,True,True,0.5333333611488342,0.5733333230018616,0.5625,2,7.80717134475708,True
dFNIhuujLGo,capital punishment,True,True,0.682758629322052,0.682758629322052,0.6875,2,5.643312454223633,True
dFstSkKTdJs_2,agreement,True,True,0.8656716346740723,0.89552241563797,0.84375,1,6.368544578552246,True
dGP1h8tXPGY,republic day,True,True,0.6754385828971863,0.6929824352264404,0.65625,0,4.501858711242676,True
dGUBX9_VN7U_1,august,True,True,0.54666668176651,0.5600000023841858,0.5625,0,4.864365577697754,True
dGg9jffJ8us,habit,True,True,0.39449542760849,0.39449542760849,0.40625,0,3.188958168029785,True
dIH705Z6Wkk,mistake,True,True,0.2666666805744171,0.2666666805744171,0.25,0,2.6647119522094727,True
dJtS0RP9YyM_1,pen,True,True,0.4444444477558136,0.4444444477558136,0.40625,0,4.462049961090088,True
dNSKKwUJdGI_1,desert,True,True,0.6499999761581421,0.6499999761581421,0.65625,3,4.63856840133667,True
dNZ0oK9jvZs,nothing,True,True,0.5151515007019043,0.5252525210380554,0.53125,5,5.457437038421631,True
dNrwv9tT8qY_2,solar energy,True,True,0.9909090995788574,1.0,1.0,5,8.240745544433594,True
dOPSYCZ4mfU,dustbin,True,True,0.7333333492279053,0.7333333492279053,0.71875,1,5.372529029846191,True
dOZOALFxyNw_1,meat,True,True,0.46666666865348816,0.4933333396911621,0.46875,0,6.0389251708984375,True
dOdFMkRCpWI,pacing,True,True,0.8338108658790588,0.8338108658790588,0.8125,16,6.879003524780273,True
dPSB-HxRET4,understand,True,True,0.47999998927116394,0.47999998927116394,0.46875,0,3.1252143383026123,True
dPnP2JZGAks_1,lead,True,True,0.4533333480358124,0.4533333480358124,0.46875,1,5.912831783294678,True
dQ30qulPHvE_2,brown,True,True,0.4888888895511627,0.4888888895511627,0.46875,1,4.417288780212402,True
dQABEhftkDY,zoo,True,True,0.550000011920929,0.550000011920929,0.53125,0,5.49308443069458,True
dQMbnTMaARA,hawker,True,True,0.6466666460037231,0.6866666674613953,0.65625,0,4.428025245666504,True
dQd7vQzxfJE,vadodara,True,True,0.4555555582046509,0.47777777910232544,0.46875,0,3.9843907356262207,True
dQs0quEuTls,traffic lights,True,True,0.5149253606796265,0.5223880410194397,0.5,3,3.7003283500671387,True
dRZkuKTLcis,chief minister,True,True,0.4954954981803894,0.4954954981803894,0.46875,0,4.150474548339844,True
dRhS2U_Bl5w_1,result,True,True,0.4920634925365448,0.4920634925365448,0.5,0,5.563409805297852,True
dSF64aB7oIs,juice,True,True,0.5759999752044678,0.5759999752044678,0.5625,3,10.346445083618164,True
dSGNGtAprtE_1,west indies,True,True,0.39772728085517883,0.4431818127632141,0.4375,2,3.5863943099975586,True
dT4Y_R7jVIE_1,try,True,True,0.4399999976158142,0.4399999976158142,0.4375,2,4.56564998626709,True
dT9dCqGuDCE,kick,True,True,0.38461539149284363,0.38461539149284363,0.375,1,3.1091136932373047,True
dTjzMwNtA1o_1,union,True,True,0.5666666626930237,0.5888888835906982,0.5625,0,2.5587215423583984,True
dVHZX2-cexY,sunday,True,True,0.6231883764266968,0.6231883764266968,0.625,0,2.5904901027679443,True
dWGCRKIqUb0,drop cap,True,True,0.9146341681480408,0.9146341681480408,0.9375,14,6.362789154052734,True
dWeSkZ2K4TA,wrestling,True,True,0.5375000238418579,0.5874999761581421,0.59375,1,5.517614364624023,True
dXn51-btduM_1,major,True,True,0.5407407283782959,0.5407407283782959,0.53125,0,3.5499448776245117,True
dY77Eo9bfNg_2,southern hemisphere,True,True,0.8756476640701294,0.8963730335235596,0.875,5,5.327340126037598,True
dZLD3z1uC54_2,equal,True,True,1.0,1.0,1.0,3,8.316307067871094,True
d_-8DagcQRQ,allen key,True,True,0.7663230299949646,0.7663230299949646,0.75,3,4.06409215927124,True
d_0HZMA0Ml0,order,True,True,0.5681818127632141,0.5681818127632141,0.5625,0,3.6133952140808105,True
d_GdVQe7Jrk_1,project,True,True,0.36666667461395264,0.3733333349227905,0.375,2,3.4725961685180664,True
daRWg-gnW7M,chalk,True,True,0.5833333134651184,0.5833333134651184,0.5625,2,3.9772133827209473,True
ddPCGaifqHg_1,back,True,True,0.4761904776096344,0.5428571701049805,0.5,0,5.412846565246582,True
ddUcwkYlh5E,abrogate,True,True,0.8629032373428345,0.8870967626571655,0.84375,8,6.793046951293945,True
ddanfdSlKGA_1,chest,True,True,0.7111111283302307,0.7111111283302307,0.6875,0,3.6197142601013184,True
ddpIUqF0dEg,murder,True,True,0.47058823704719543,0.5147058963775635,0.5,1,4.250761985778809,True
dduOBzdGYug,generator,True,True,0.5145630836486816,0.5145630836486816,0.5,3,5.138256549835205,True
deXIYwtAoUw,system,True,True,0.39361703395843506,0.39361703395843506,0.40625,1,6.622966289520264,True
df3ewqju9L8,vocabulary,True,True,0.6774193644523621,0.7419354915618896,0.71875,0,2.5898404121398926,True
dfF51UQf_AM,garage door opener,True,True,0.7416666746139526,0.7583333253860474,0.71875,1,4.1781744956970215,True
dggsuMZSGAc_1,week,True,True,0.4000000059604645,0.41333332657814026,0.375,0,3.950601577758789,True
dgpwdJ7NHJQ_1,planet,True,True,0.5400000214576721,0.5400000214576721,0.53125,1,6.156929969787598,True
dguva7pmiNk_1,hungry,True,True,0.3733333349227905,0.4000000059604645,0.40625,0,2.4724009037017822,True
dhPr_hzP8oM,mushroom storage,True,True,0.7717041969299316,0.8167202472686768,0.78125,15,5.895196914672852,True
dhYooos0RiE,germination,True,True,0.7558528184890747,0.7558528184890747,0.75,5,5.0434675216674805,True
dhy4BOXYtEs_2,newton,True,True,0.8641975522041321,0.8888888955116272,0.875,1,4.22139310836792,True
diGBpMN_-WM,electric tester,True,True,0.6708074808120728,0.6832298040390015,0.65625,0,3.9098381996154785,True
diWGuc9GzL8,fruit disease,True,True,0.9417475461959839,0.9611650705337524,0.9375,4,6.461971282958984,True
ditvJHcM784_1,knee,True,True,0.7111111283302307,0.7111111283302307,0.6875,0,7.721415042877197,True
djeFrqW7rPE_1,jump,True,True,0.3333333432674408,0.3333333432674408,0.34375,2,4.726415634155273,True
dk9QGWXU2kY_2,flouresence,True,True,0.5925925970077515,0.6296296119689941,0.625,0,2.6302082538604736,True
dkAI5hTKrJA,law,True,True,0.2884615361690521,0.3173076808452606,0.28125,1,3.0545806884765625,True
dkEWduuC67E_1,permanent,True,True,0.523809552192688,0.523809552192688,0.5,0,4.5580973625183105,True
dkwDWRmVwUc,india,True,True,0.5376344323158264,0.5483871102333069,0.53125,2,2.980315685272217,True
dl6mqYVOS18_1,name,True,True,0.5904762148857117,0.5904762148857117,0.59375,0,5.670217990875244,True
dllJRt0_AGQ,buckle,True,True,0.44262295961380005,0.44262295961380005,0.4375,3,6.557909965515137,True
dm6hv7A_XGI,wicketkeeper,True,True,0.44897958636283875,0.44897958636283875,0.4375,0,4.879631519317627,True
dmDV7FGfc0E_2,hydro electricity,True,True,0.6528925895690918,0.6859503984451294,0.65625,2,3.3854167461395264,True
dmspcOTLMP8_1,file,True,True,0.3650793731212616,0.3650793731212616,0.34375,1,5.157592296600342,True
dnZlTBG5Taw,nose,True,True,0.45192307233810425,0.45192307233810425,0.4375,0,2.1393680572509766,True
dnl45S16tjs,advocate,True,True,0.6626505851745605,0.6746987700462341,0.65625,1,4.68165397644043,True
doW1fga72Kk,yellow,True,True,0.4583333432674408,0.4583333432674408,0.46875,0,2.0400328636169434,True
doWXendPFc0,bowl,True,True,0.4273504316806793,0.4273504316806793,0.40625,1,5.220813751220703,True
dp8CmTJwz6g_1,air,True,True,0.5333333611488342,0.5333333611488342,0.53125,0,7.480215549468994,True
dq2YpgXqCn8,program,True,True,0.5833333134651184,0.5833333134651184,0.5625,0,2.466066360473633,True
dqD5vrJHfQM,rectangle,True,True,0.4959999918937683,0.4959999918937683,0.46875,1,4.141414165496826,True
dqZy_QkKqNM,subhas chandra bose,True,True,0.6000000238418579,0.6000000238418579,0.59375,1,2.923671245574951,True
drY08LJIVLw_1,growth,True,True,0.3499999940395355,0.4583333432674408,0.4375,0,2.447007894515991,True
ds5AgTizcgg,sofa,True,True,0.4722222089767456,0.5092592835426331,0.5,1,5.012543201446533,True
ds5lPKnltQc,rice,True,True,0.4117647111415863,0.4285714328289032,0.40625,2,4.563723087310791,True
dtlqOoeeqDU_1,hill,True,True,0.38999998569488525,0.4000000059604645,0.375,2,2.736802339553833,True
du_72ySABJM,heifer calf,True,True,0.7364621162414551,0.7364621162414551,0.71875,7,4.003976821899414,True
dv1x5AQM0E8_1,table,True,True,0.20000000298023224,0.20952381193637848,0.21875,2,4.340727806091309,True
dwuDZ2R6yV0_1,cheque endorsement,True,True,0.644444465637207,0.6518518328666687,0.65625,0,4.35922384262085,True
dxPUI_h_LAk,basics,True,True,0.375,0.375,0.375,5,7.345592498779297,True
dxoUqsSHx4E,thin,True,True,0.26530611515045166,0.2857142984867096,0.28125,2,5.090123176574707,True
dxvGVA3-j9k,karnataka bank,True,True,0.44859811663627625,0.44859811663627625,0.4375,2,5.125243186950684,True
dzKpkPSr6Ko_1,owl,True,True,0.5444444417953491,0.5555555820465088,0.5625,3,6.089799404144287,True
e-oFpEWqbFI,husband,True,True,0.6229507923126221,0.6229507923126221,0.625,0,5.525547027587891,True
e07tkwowhvQ,respect,True,True,0.5384615659713745,0.5384615659713745,0.53125,3,18.395835876464844,True
e0RfjsPH0yU_1,curds,True,True,0.46666666865348816,0.5333333611488342,0.53125,2,6.272303104400635,True
e0SfMAxA-jo,freezing,True,True,0.932624101638794,0.932624101638794,0.90625,8,4.6354241371154785,True
e0VLtZBWLHY_1,off season,True,True,0.625,0.6583333611488342,0.65625,1,4.325817108154297,True
e0WS9OgJpFs_1,account joint,True,True,0.6000000238418579,0.6051282286643982,0.59375,2,5.0977630615234375,True
e0d5YxnIU3Y_1,morning,True,True,0.5333333611488342,0.5333333611488342,0.53125,0,4.054426670074463,True
e1GC3zNkWpQ_1,cut,True,True,0.4533333480358124,0.4533333480358124,0.46875,0,5.4256391525268555,True
e2OKcVZ-_eA_2,sun,True,True,0.30000001192092896,0.3142857253551483,0.3125,0,1.9227440357208252,True
e3GI7PCF70Y_1,hammer,True,True,0.5079365372657776,0.5396825671195984,0.53125,0,4.487067699432373,True
e3OA2Ag2N8I_1,dog,True,True,0.54666668176651,0.54666668176651,0.5625,0,4.17543888092041,True
e3c5fUAhX2Y,jaipur,True,True,0.39449542760849,0.39449542760849,0.375,1,5.608894348144531,True
e4C5ez28e1w_1,probing,True,True,0.38333332538604736,0.3916666805744171,0.375,4,1.9670723676681519,True
e4iQ8x7UgQo_1,cream,True,True,0.5873016119003296,0.5873016119003296,0.5625,0,4.458714485168457,True
e4lux9dnPcw_1,sleep,True,True,0.6190476417541504,0.6190476417541504,0.59375,2,3.4078359603881836,True
e4rgP9qVQlo_1,turkey,True,True,0.5444444417953491,0.5444444417953491,0.53125,0,2.915151834487915,True
e6Mi_ArdxVo,silver,True,True,0.4266666769981384,0.4266666769981384,0.4375,0,4.3370747566223145,True
e6oOrAWzRak_1,frog,True,True,0.5555555820465088,0.5888888835906982,0.53125,1,7.44399356842041,True
e7FqJXEP2h0_1,revised,True,True,0.380952388048172,0.380952388048172,0.375,0,2.5449304580688477,True
e7GHpJSlm1U_2,pluto,True,True,0.8103448152542114,0.8103448152542114,0.78125,2,5.350552082061768,True
e7LFVgiUCr8,gloves,True,True,0.550000011920929,0.550000011920929,0.53125,2,7.314377784729004,True
e7lQ3oflGyw_1,sweater,True,True,0.46590909361839294,0.46590909361839294,0.46875,0,6.698042869567871,True
e86DlT0gzqI_1,krishna,True,True,0.3333333432674408,0.3333333432674408,0.3125,0,2.566634178161621,True
e8r0Tt42W7Q,limitless,True,True,0.6399999856948853,0.6399999856948853,0.625,2,5.184901714324951,True
e9pXePHQJnM_2,hydro energy,True,True,0.7052631378173828,0.75789475440979,0.78125,0,2.1352763175964355,True
eAFoZUaOwac,chickpea,True,True,0.5321100950241089,0.5321100950241089,0.53125,1,5.450470447540283,True
eB-n9xBA7Uk_1,reject,True,True,0.5600000023841858,0.5600000023841858,0.53125,3,5.373529434204102,True
eB9zCNo5R88_1,partly paid,True,True,0.8799999952316284,0.9266666769981384,0.90625,1,4.136018753051758,True
eBiQCRMwX1A,illegal,True,True,0.4095238149166107,0.4285714328289032,0.40625,1,5.328404426574707,True
eBn_I264LVs,measurement,True,True,0.54666668176651,0.5600000023841858,0.5625,1,3.1658759117126465,True
eCHra4gvq2A,result,True,True,0.6521739363670349,0.6666666865348816,0.625,0,4.557053089141846,True
eD1Hy4MJuRw_1,purpose,True,True,0.5733333230018616,0.5733333230018616,0.5625,0,6.4325480461120605,True
eDr6D34kmcU,vote,True,True,0.43617022037506104,0.43617022037506104,0.4375,0,3.487056255340576,True
eELQUxt6rUE_1,thirsty,True,True,0.5454545617103577,0.6136363744735718,0.59375,1,7.572582244873047,True
eEoggrLYiEs_2,direct current,True,True,1.0,1.0,1.0,1,2.9220316410064697,True
eFb4OLllu9I_1,compromise,True,True,1.0,1.0,1.0,0,3.54581880569458,True
eGXitOKnND8,macau,True,True,0.5714285969734192,0.5714285969734192,0.5625,0,6.073793888092041,True
eGo9ontddG8_1,cheat,True,True,0.3888888955116272,0.4333333373069763,0.40625,0,2.933556318283081,True
eH7rPf10P-w,strict,True,True,0.6388888955116272,0.6388888955116272,0.59375,0,4.0465240478515625,True
eH_v5Kwbkx8_2,petrol,True,True,0.7395833134651184,0.78125,0.75,0,4.796840190887451,True
eI4NQgjp5l0,company,True,True,0.49056604504585266,0.49056604504585266,0.46875,4,5.139934539794922,True
eIMEevvmmoE_2,advance,True,True,0.6176470518112183,0.6470588445663452,0.65625,1,3.6972389221191406,True
eIzOqdVJ2F8_1,frog,True,True,0.42222222685813904,0.5111111402511597,0.5,1,8.974896430969238,True
eJ5kLxC1ViY,air,True,True,0.5185185074806213,0.5185185074806213,0.53125,0,3.1974735260009766,True
eJ8Brka8TKw,bad language,True,True,0.6310679316520691,0.6310679316520691,0.625,0,2.720632553100586,True
eJ8fFy6Litw,myanmar,True,True,0.6027397513389587,0.6027397513389587,0.59375,2,10.974533081054688,True
eKESeb6rZGw,a line skirt,True,True,1.0,1.0,1.0,0,5.298221588134766,True
eKHR8uZXbHE,tyre,True,True,0.21052631735801697,0.21052631735801697,0.21875,0,3.5760953426361084,True
eKQhdwlBO_U_1,bail,True,True,0.4000000059604645,0.4000000059604645,0.375,0,5.552886486053467,True
eKfjQx-16GU,cam,True,True,0.811965823173523,0.8262107968330383,0.84375,12,14.423447608947754,True
eKlUw_m_ijA_1,mug,True,True,0.6555555462837219,0.6555555462837219,0.65625,1,6.447190284729004,True
eNA2jaQ3PgU,leg mutton sleeve,True,True,0.44813278317451477,0.44813278317451477,0.4375,2,3.792156219482422,True
eNAP3Ae71MY,attorney general,True,True,0.7198067903518677,0.748792290687561,0.71875,3,5.055211544036865,True
eNbHxuaMpAw_1,spend,True,True,0.5733333230018616,0.6133333444595337,0.59375,1,3.5122008323669434,True
eNwMbD5wsow_1,surrender,True,True,0.7583333253860474,0.824999988079071,0.84375,0,3.112267017364502,True
eO-TvyY-J_o,wood,True,True,0.3979591727256775,0.3979591727256775,0.40625,1,4.716961860656738,True
ePBmpfIy7-c_1,publication,True,True,0.47777777910232544,0.5111111402511597,0.5,1,5.040137767791748,True
eQ5_2D_y2CM_1,refer to drawer,True,True,0.5,0.5222222208976746,0.5625,2,5.092913627624512,True
eRceNyZCsU4,secret,True,True,0.5247524976730347,0.5247524976730347,0.53125,0,3.072640895843506,True
eRpqfK08yI4_2,venus,True,True,0.5762711763381958,0.5762711763381958,0.5625,1,3.545574903488159,True
eRr2PaNsu9U,sever,True,True,0.32380953431129456,0.32380953431129456,0.3125,2,7.593725204467773,True
eSD8MwwgEhw_1,discount,True,True,0.5666666626930237,0.5666666626930237,0.5625,4,4.362427234649658,True
eSFyfkFVTIU,ten,True,True,0.5199999809265137,0.5333333611488342,0.53125,0,2.4654204845428467,True
eTKkv1WCs0Y_1,authorisation,True,True,0.4545454680919647,0.4848484992980957,0.4375,1,5.998321533203125,True
eU8dCYk_41Y_1,publicity material,True,True,0.34074074029922485,0.34074074029922485,0.34375,3,3.6325223445892334,True
eU9MyI-p_pA,biased,True,True,0.8314606547355652,0.8314606547355652,0.84375,3,8.66535472869873,True
eUB3bcNRzU8,brain tumor  inside,True,True,0.6814814805984497,0.6814814805984497,0.65625,9,9.728548049926758,True
eU_A9agtfeo_1,seal,True,True,0.6833333373069763,0.7333333492279053,0.78125,5,18.68182373046875,True
eWPCSqa31HI_1,wool,True,True,0.6083333492279053,0.6083333492279053,0.59375,1,4.496368885040283,True
eWbekocb_go,shawl,True,True,0.6951219439506531,0.6951219439506531,0.6875,0,3.6352458000183105,True
eYDkqbfQD7E_1,chew,True,True,0.7222222089767456,0.7444444298744202,0.71875,0,7.287405967712402,True
eYe_qYNO81o,daisychaining,True,True,0.6476190686225891,0.6476190686225891,0.625,1,4.644984245300293,True
eZ1NWsWssI0,wash,True,True,0.8057553768157959,0.8129496574401855,0.78125,15,4.6169304847717285,True
eZ3vcetOBEE_2,longitude,True,True,0.8395061492919922,0.8580247163772583,0.84375,6,5.723987579345703,True
eZg439hkK5I_1,address,True,True,0.7416666746139526,0.7416666746139526,0.75,3,3.5119128227233887,True
e_2UcnQtmng_1,lipstick,True,True,0.6477272510528564,0.6477272510528564,0.65625,4,7.153304576873779,True
e_i6YwNoSUY,quadrupedal robot,True,True,0.8918032646179199,0.8950819969177246,0.875,12,6.7830610275268555,True
ea8VG_U1OM4,live,True,True,0.3513513505458832,0.3513513505458832,0.34375,4,6.226229190826416,True
edkUTr95raw,kangaroo pocket,True,True,0.34319525957107544,0.34319525957107544,0.34375,0,7.173232078552246,True
eeMbTJ1Jyl4,hardware,True,True,0.5660377144813538,0.5660377144813538,0.5625,4,11.616415023803711,True
eeVBDqHOrEQ_1,its,True,True,0.4285714328289032,0.4285714328289032,0.40625,0,2.397308588027954,True
eh1UqHy5R8Y_1,bad,True,True,0.644444465637207,0.6555555462837219,0.65625,1,2.677726984024048,True
eh4PJUNc3GQ_2,pigments,True,True,0.7628865838050842,0.7628865838050842,0.75,1,3.487755060195923,True
eheMtSsA-ww,omission,True,True,0.5454545617103577,0.5584415793418884,0.5625,2,5.084235668182373,True
ei3OdPKC1-4,saraswati,True,True,0.5686274766921997,0.5686274766921997,0.5625,2,4.999798774719238,True
eiJTiYxjgHk_1,automatic,True,True,0.5185185074806213,0.5259259343147278,0.5,1,5.682270050048828,True
eihGwOuNl1E,swing,True,True,0.446153849363327,0.446153849363327,0.4375,4,12.087947845458984,True
ejX8KhT7JRY,tanzania,True,True,0.488095223903656,0.488095223903656,0.46875,0,2.8806955814361572,True
ejiaz09X2eE_1,pant,True,True,0.460317462682724,0.460317462682724,0.4375,1,5.6226677894592285,True
ekGqhBY4SZE,regret,True,True,0.5051546096801758,0.5360824465751648,0.53125,1,3.691457509994507,True
emLsUwqTcMU,what time,True,True,0.692307710647583,0.692307710647583,0.65625,0,6.448426723480225,True
en2QnH6V6t0,barleria cristata,True,True,0.8644986152648926,0.869918704032898,0.84375,11,4.665535926818848,True
en7qAq3Vc1c,sentence,True,True,0.5375000238418579,0.5375000238418579,0.53125,1,5.770381927490234,True
enZ-JZqbhk8_2,displacement,True,True,0.5731707215309143,0.5975610017776489,0.5625,0,3.957166910171509,True
eo4vVNZ8vk4_2,radio wave,True,True,0.8531468510627747,0.8741258978843689,0.84375,2,5.074477672576904,True
eoAWbfQWN7Q_1,absent,True,True,0.41999998688697815,0.41999998688697815,0.40625,0,9.278786659240723,True
eoIofO9ALwg_1,same,True,True,0.36000001430511475,0.3733333349227905,0.34375,0,2.5971364974975586,True
eoYHSxd5nWY,record,True,True,0.6258503198623657,0.646258533000946,0.65625,9,6.242109298706055,True
epwPALMP-X8,plant water relation,True,True,0.8837209343910217,0.8837209343910217,0.84375,9,7.406042575836182,True
eq2GVYo6G_g,water erosion,True,True,0.8989899158477783,0.8989899158477783,0.875,5,4.755772590637207,True
es0vjVM5AFY_1,writ,True,True,0.7333333492279053,0.7777777910232544,0.78125,0,3.58308482170105,True
eseyrC-e-s8,call money,True,True,0.7142857313156128,0.7744361162185669,0.71875,1,2.5960142612457275,True
esjHmLoXTKQ_1,factory,True,True,0.6666666865348816,0.6666666865348816,0.65625,6,5.480157852172852,True
etCT8acNlAk_1,sundry creditors,True,True,0.6399999856948853,0.6399999856948853,0.625,3,6.70557165145874,True
etpYZfoTkBE_1,grow,True,True,0.35555556416511536,0.3777777850627899,0.375,1,4.614315986633301,True
eu6jtNK_qfI_1,end use,True,True,0.3499999940395355,0.42500001192092896,0.4375,1,5.3184661865234375,True
evEAhw7lHBI,swear,True,True,0.7682926654815674,0.7804877758026123,0.75,2,5.722855091094971,True
evfYXabdfZQ_1,poision,True,True,0.5333333611488342,0.5333333611488342,0.53125,3,2.7975692749023438,True
evjthp31SBc_1,sub division,True,True,0.39393940567970276,0.39393940567970276,0.375,0,3.146239995956421,True
ewHq-NjArVY,right indent,True,True,0.7551724314689636,0.7620689868927002,0.71875,6,11.961790084838867,True
ewTBgnZ0sDk_1,interview,True,True,0.8500000238418579,0.8500000238418579,0.875,2,4.151167392730713,True
exZSpHQ5Zhg_1,index,True,True,0.8416666388511658,0.8416666388511658,0.84375,0,5.4260172843933105,True
eyzf4IkhbxE,monster truck,True,True,0.8333333134651184,0.8421052694320679,0.8125,7,4.872971057891846,True
ez4pS4IS6N8,short,True,True,0.3804347813129425,0.3804347813129425,0.40625,0,2.0155534744262695,True
ezlHYwdmu_c_2,work,True,True,0.7176470756530762,0.7647058963775635,0.78125,1,4.450760841369629,True
ezucq9E_nvs,idle talk,True,True,0.8054053783416748,0.8054053783416748,0.78125,3,6.246076583862305,True
f--3Qilcxvs,maternal aunt,True,True,0.3478260934352875,0.3478260934352875,0.34375,0,2.2356560230255127,True
f-buhqEDiZ0,director,True,True,0.5111111402511597,0.5111111402511597,0.5,0,3.9364538192749023,True
f-uyGiFPPTo,electrician,True,True,0.4248366057872772,0.4313725531101227,0.40625,3,4.218695640563965,True
f0-kfiwqKL4_1,wound,True,True,0.6666666865348816,0.6666666865348816,0.65625,0,4.303088665008545,True
f0EqkYZvyIQ,start,True,True,0.4625000059604645,0.4749999940395355,0.46875,0,4.700361728668213,True
f0lX1hYxleg,vijaya bank,True,True,0.6240000128746033,0.6240000128746033,0.625,5,4.881503582000732,True
f0qHlVNwotw_1,wedding,True,True,0.5259259343147278,0.5259259343147278,0.5,2,3.5747084617614746,True
f0vvft8hF_c_1,refrigerator,True,True,0.7444444298744202,0.7444444298744202,0.75,3,4.3898420333862305,True
f1U4dYb9r0A,listen,True,True,0.5154638886451721,0.5154638886451721,0.5,2,2.467247724533081,True
f2KRTlDrsI0_1,tight money  market,True,True,0.6303030252456665,0.6303030252456665,0.59375,1,7.184799671173096,True
f2RCrBoqFVw,five hundred,True,True,0.483146071434021,0.49438202381134033,0.46875,2,2.8802642822265625,True
f3Hxe9Bf29k_2,television,True,True,0.9888888597488403,1.0,1.0,1,3.9668726921081543,True
f4i8gexc2N4_1,silk,True,True,0.380952388048172,0.380952388048172,0.375,1,2.370591640472412,True
f5uvvlfPawU,swing,True,True,0.5666666626930237,0.5916666388511658,0.59375,3,5.709465026855469,True
f64zpSopa3E,ladyfinger,True,True,0.4555555582046509,0.5,0.5,1,2.013824224472046,True
f6ncKQ2HlJs,anonymous,True,True,0.4743589758872986,0.4743589758872986,0.4375,1,2.7566821575164795,True
f7KtY9x961I,christmas,True,True,0.41420117020606995,0.41420117020606995,0.4375,6,5.667563438415527,True
f7XWdoOSSNw_1,me,True,True,0.523809552192688,0.523809552192688,0.5,0,2.5457441806793213,True
f8BAnw57PFY,assistant,True,True,0.5,0.5,0.46875,1,5.021616458892822,True
f8TsAfMDsVU_1,currency chest,True,True,0.43703705072402954,0.4592592716217041,0.4375,1,5.19705867767334,True
f9rCwRfIxKw,better,True,True,0.4285714328289032,0.4285714328289032,0.40625,0,2.3929872512817383,True
fAa6GQuNoYM_1,build,True,True,0.5066666603088379,0.5066666603088379,0.5,0,3.8133816719055176,True
fAbE9RGaHr0,rama,True,True,0.5925925970077515,0.5925925970077515,0.5625,2,6.562666893005371,True
fAjax7qngzk,allow,True,True,0.6136363744735718,0.6136363744735718,0.625,0,3.439915180206299,True
fAujasBRvD4,paint,True,True,0.31343284249305725,0.31343284249305725,0.3125,0,2.7346034049987793,True
fB1PbgyU880,nehru collar,True,True,0.40236687660217285,0.40236687660217285,0.40625,0,2.716784715652466,True
fB6rpU-9SSU,edit,True,True,0.7160493731498718,0.7160493731498718,0.6875,0,4.8765668869018555,True
fBS58EQ-ryw_2,spring,True,True,0.7559055089950562,0.7952755689620972,0.75,0,4.793869972229004,True
fBaO_PkHBdw,air matress,True,True,0.8399999737739563,0.8514285683631897,0.84375,2,5.232883453369141,True
fBzuEo6DNDc,panasonic mobile,True,True,0.3484848439693451,0.3484848439693451,0.34375,0,2.7082090377807617,True
fC-PT3F6GFo,win,True,True,0.44736841320991516,0.44736841320991516,0.4375,0,3.405444860458374,True
fCC3_lRJ2es_1,new,True,True,0.3333333432674408,0.3333333432674408,0.3125,0,2.364898443222046,True
fCJA3uu02WA,melt,True,True,0.6381579041481018,0.6381579041481018,0.625,0,5.544714450836182,True
fCd20l7-3Mo,extinct,True,True,0.49473685026168823,0.49473685026168823,0.46875,5,5.6000261306762695,True
fCfnAjFQ8k4,new delhi,True,True,0.4144144058227539,0.44144144654273987,0.4375,4,4.281910419464111,True
fCt-Gci84f8_1,spot,True,True,0.4266666769981384,0.4399999976158142,0.4375,0,7.111790180206299,True
fDYfrgAPig8_1,reason,True,True,0.6399999856948853,0.653333306312561,0.625,0,4.74699592590332,True
fEfVaSRjWY4,under mentioned,True,True,0.8984771370887756,0.9492385983467102,0.9375,2,5.328222274780273,True
fEpU1eisCoc_1,assembly,True,True,0.8295454382896423,0.8409090638160706,0.84375,2,4.2674078941345215,True
fFrKd1qI9ZM,address,True,True,0.44859811663627625,0.44859811663627625,0.4375,0,4.450848579406738,True
fGtUUD9Hyvc_1,oil,True,True,0.5714285969734192,0.6190476417541504,0.625,1,4.900494575500488,True
fHWXXTb9FLc_1,list,True,True,0.5066666603088379,0.5199999809265137,0.5,3,6.108992576599121,True
fI7cp68IaQU,engine,True,True,0.5767441987991333,0.5767441987991333,0.5625,3,6.772255897521973,True
fJyBgRTcBhA,tall,True,True,0.5104166865348816,0.5208333134651184,0.53125,1,3.4856388568878174,True
fKwQPZnzJCg,lenovo,True,True,0.3402777910232544,0.3402777910232544,0.34375,1,3.255675792694092,True
fLNCrNgXMuU,epaulet,True,True,0.24537037312984467,0.24537037312984467,0.25,1,2.2160134315490723,True
fNAwhyttX0Y,hour,True,True,0.6567164063453674,0.6567164063453674,0.65625,1,4.6701273918151855,True
fQBJzNtf6rU_1,fixed asset,True,True,0.28205129504203796,0.3076923191547394,0.28125,4,4.387983798980713,True
fQcXVe8_ZLw,after,True,True,0.4166666567325592,0.4166666567325592,0.40625,0,5.054825305938721,True
fR8uxOsE2Nw,jawaharlal nehru,True,True,0.6823529601097107,0.729411780834198,0.71875,0,3.280081033706665,True
fS8tS7dCIhA_1,call deposit,True,True,0.8083333373069763,0.8416666388511658,0.84375,2,5.651318073272705,True
fSdet-nqdsA_1,saturday,True,True,0.47777777910232544,0.5333333611488342,0.53125,3,4.988394260406494,True
fT5IRf73MYo_1,heart,True,True,0.6571428775787354,0.6571428775787354,0.65625,0,5.336855888366699,True
fU3FLT8aa_A,october,True,True,0.45679011940956116,0.45679011940956116,0.46875,0,5.097835063934326,True
fUfGwnc4Hmo,australia,True,True,0.4810126721858978,0.5063291192054749,0.5,0,6.477959156036377,True
fVKjue-fAkk,ruler,True,True,0.4938271641731262,0.4938271641731262,0.5,1,6.294521808624268,True
fVM3O_zqrWc,laptop,True,True,0.5925925970077515,0.5925925970077515,0.5625,2,4.968572616577148,True
fVnCA91Bvwo,dog,True,True,0.3777777850627899,0.3777777850627899,0.375,2,4.2060065269470215,True
fZsaGLA9Z3s_1,clap,True,True,0.6399999856948853,0.6666666865348816,0.65625,1,3.6071059703826904,True
fauftUvYPls,modern,True,True,0.6994219422340393,0.7052023410797119,0.6875,4,5.980287075042725,True
fb4zZYQWRUI,note book,True,True,0.5040000081062317,0.5120000243186951,0.5,1,3.062775135040283,True
fbjvZ8VrmUg_1,lipstick,True,True,0.6590909361839294,0.6931818127632141,0.6875,0,4.907844543457031,True
fcSg4Zg7lbE_1,release,True,True,0.4444444477558136,0.46666666865348816,0.46875,2,3.413585662841797,True
fccxaqUbuXU_1,natural gaurdian,True,True,0.8888888955116272,0.9777777791023254,0.96875,0,2.592597007751465,True
fcuSg0jzcwI_1,mango,True,True,0.5333333611488342,0.54666668176651,0.53125,1,3.2640633583068848,True
fe3uPTqXfxQ,excited,True,True,0.3505154550075531,0.3505154550075531,0.34375,0,2.9698169231414795,True
ffJgebjRuvo,similar,True,True,0.4285714328289032,0.4285714328289032,0.40625,0,4.076995849609375,True
fggt2fOzJsk_1,pain,True,True,0.7222222089767456,0.7222222089767456,0.6875,2,2.8688557147979736,True
fh41xuYjbco_1,lazy,True,True,0.5714285969734192,0.5809524059295654,0.5625,2,4.6619486808776855,True
fhURcNQNqgo,frustrate,True,True,0.5363636612892151,0.5363636612892151,0.53125,0,3.771294116973877,True
fiTyNgucpYM,do,True,True,0.29729729890823364,0.29729729890823364,0.28125,1,2.957465648651123,True
fjD41-Frk_k_1,reply,True,True,0.7777777910232544,0.8253968358039856,0.8125,2,4.081642150878906,True
fjiQoursQB8,mouse pad,True,True,0.5886792540550232,0.5886792540550232,0.59375,5,4.2863874435424805,True
fkLpcQzVV20_2,opposition,True,True,0.35164836049079895,0.37362638115882874,0.375,0,4.202763557434082,True
fkbNA8acuv4,rubber boots,True,True,0.8745980858802795,0.8778135180473328,0.875,9,4.9149956703186035,True
fmW1matLfhk,barber,True,True,0.42105263471603394,0.42105263471603394,0.40625,4,5.443729400634766,True
fmWmAAtfkBU,ultraviolet ray glass,True,True,0.8012422323226929,0.8012422323226929,0.78125,6,5.588347434997559,True
fnOThtPRhVM,penguin,True,True,0.5799999833106995,0.6100000143051147,0.59375,2,4.131553649902344,True
frOqpGZrIH8_1,madhya pradesh,True,True,0.4431818127632141,0.4431818127632141,0.4375,2,12.628344535827637,True
fs99SCAQCxU_1,cinema,True,True,0.4761904776096344,0.5555555820465088,0.5625,1,5.937196254730225,True
fsA2L4hL5Cc_1,arms and amunitions,True,True,0.7277777791023254,0.7666666507720947,0.75,1,10.446226119995117,True
fvn1QE0yfPE,welder,True,True,0.48148149251937866,0.48148149251937866,0.46875,3,6.117735862731934,True
fvpPTKgvPJY,doli in capax,True,True,0.7701492309570312,0.7701492309570312,0.75,16,5.371493339538574,True
fwjl-PITW-A_1,monday,True,True,0.3733333349227905,0.4399999976158142,0.4375,0,2.41886568069458,True
fx9psR2uzxs,automation,True,True,0.6176470518112183,0.6176470518112183,0.59375,5,4.3853020668029785,True
fxWTlUwF1O4,protect,True,True,0.5384615659713745,0.5384615659713745,0.5625,1,4.8946614265441895,True
fxaFxNiUcSA,handcuffs,True,True,0.5423728823661804,0.5423728823661804,0.5,3,7.4836649894714355,True
fySF9xDtT40,still,True,True,0.48750001192092896,0.48750001192092896,0.5,1,7.344922065734863,True
g-ErxwuqzTk_1,emergency,True,True,0.37037035822868347,0.40740740299224854,0.4375,0,5.069644927978516,True
g-sQif-_tqo,submersible pump,True,True,0.8153846263885498,0.8153846263885498,0.78125,17,3.9002881050109863,True
g1vbPEqLqFo_2,space,True,True,0.7388888597488403,0.7666666507720947,0.75,0,6.531956672668457,True
g1xpvj7Xu3A,confused,True,True,0.3589743673801422,0.3589743673801422,0.375,0,4.74481725692749,True
g1yiti_ayE8_2,frequency,True,True,0.790123462677002,0.790123462677002,0.8125,1,5.8527302742004395,True
g358Yz5xFt0_1,shipment,True,True,0.4296296238899231,0.4592592716217041,0.4375,1,4.338160991668701,True
g3I84gVyO9E,plate,True,True,0.3303571343421936,0.3303571343421936,0.34375,1,3.6915485858917236,True
g3QqEJhvyYE_1,supplementary,True,True,0.5833333134651184,0.6083333492279053,0.625,2,2.9329543113708496,True
g3Zp-9UhexE,day before,True,True,0.5729166865348816,0.578125,0.5625,3,4.488983154296875,True
g5Dg60713kw,guilty,True,True,0.28282827138900757,0.28282827138900757,0.21875,1,1.819219946861267,True
g6N1jD8-u2U,opinion,True,True,0.6276595592498779,0.6382978558540344,0.625,0,1.9029242992401123,True
g6hYRF6ahSE,page layout,True,True,0.7909091114997864,0.7909091114997864,0.78125,7,5.613112926483154,True
g8--b-O60kM,old,True,True,0.4555555582046509,0.46666666865348816,0.46875,0,4.610374450683594,True
g8H6NFJ8o7w,dice,True,True,0.529411792755127,0.529411792755127,0.53125,3,4.509692192077637,True
g8JIlO5P5Vw,bar,True,True,0.865517258644104,0.8758620619773865,0.875,10,6.328053951263428,True
g8ZrP9KZGlk,washbasin,True,True,0.66796875,0.671875,0.65625,6,5.409753322601318,True
g9AslMiIVTE_1,call,True,True,0.6555555462837219,0.6888889074325562,0.6875,1,4.6083574295043945,True
g9R8d7G2MuY,adult,True,True,0.7358490824699402,0.7358490824699402,0.71875,2,2.9080705642700195,True
g9SpsCvyEfc_1,shake,True,True,0.380952388048172,0.460317462682724,0.4375,2,4.9292449951171875,True
gBXLHNjB5Co_1,qualified,True,True,0.3629629611968994,0.4000000059604645,0.40625,1,3.6236472129821777,True
gCc-L7xN82s,obey,True,True,0.4776119291782379,0.4776119291782379,0.46875,0,5.08414888381958,True
gEGlTYbGvLI_1,airmail,True,True,0.54666668176651,0.6133333444595337,0.625,2,4.49404764175415,True
gG-xmfo-y3A,swift,True,True,0.40816327929496765,0.4183673560619354,0.40625,0,3.9587111473083496,True
gHKbG1LDbDU,spring washer,True,True,0.7298850417137146,0.7298850417137146,0.71875,1,3.6762630939483643,True
gIOJ8eh7GRQ_1,mutual agreement,True,True,0.5583333373069763,0.5666666626930237,0.59375,1,5.155702590942383,True
gIbD-xkQiJg_1,riots,True,True,0.7599999904632568,0.8533333539962769,0.875,1,4.569852828979492,True
gJfBm3-gjws_1,sphere,True,True,0.41999998688697815,0.46000000834465027,0.46875,0,4.007133483886719,True
gK-FT0qEvnw_2,measurement,True,True,1.0,1.0,1.0,1,16.137815475463867,True
gKJXWarD5LM_1,rate differential,True,True,0.375,0.375,0.375,5,6.535457134246826,True
gKyJmtZ6JZY_2,bar megnet,True,True,0.7281553149223328,0.7281553149223328,0.71875,3,4.960419654846191,True
gLH8E10Xex8,blocks,True,True,0.7301587462425232,0.7301587462425232,0.6875,1,4.3657050132751465,True
gMJuEhuQYAg,swaziland,True,True,0.6315789222717285,0.6315789222717285,0.59375,1,5.419029235839844,True
gMsJGGpMWJs_1,distance,True,True,0.41333332657814026,0.41333332657814026,0.40625,2,4.110716342926025,True
gNuAOCWJkZc,speech,True,True,0.4431818127632141,0.4431818127632141,0.4375,1,4.877775192260742,True
gO0DCs4VUEI_1,marathi,True,True,0.5333333611488342,0.5333333611488342,0.5,0,3.1112468242645264,True
gOHt4silLhA,india,True,True,0.3333333432674408,0.3611111044883728,0.34375,0,3.3845012187957764,True
gPKQvW2CXhg,syria,True,True,0.5068492889404297,0.5068492889404297,0.5,2,3.473179578781128,True
gQMKC4C-H80_2,intensity,True,True,0.729411780834198,0.7647058963775635,0.75,1,5.31973934173584,True
gQ_fr_Rv8sE_1,net profit,True,True,0.9833333492279053,1.0,1.0,3,4.1868977546691895,True
gR1Kd5i82-0,something,True,True,0.3723404109477997,0.3723404109477997,0.375,0,4.296231269836426,True
gRI_3iZrN5U_2,period,True,True,0.37037035822868347,0.42592594027519226,0.40625,2,2.5380401611328125,True
gRvbXIwDvh4_2,inductor,True,True,0.8692307472229004,0.9230769276618958,0.90625,1,7.378995895385742,True
gSTE4Bmxf4M_2,star,True,True,0.49450549483299255,0.49450549483299255,0.5,0,2.498469352722168,True
gSoXECyR_-s_1,how,True,True,0.3492063581943512,0.3492063581943512,0.34375,0,3.587564468383789,True
gT_hnPLlO7k,res,True,True,0.7371794581413269,0.7371794581413269,0.71875,17,12.052142143249512,True
gTnUL6YyXRA,coccidiosis,True,True,0.6625514626502991,0.6625514626502991,0.625,6,6.274927139282227,True
gUOHhoQ9jRM,format,True,True,0.7846153974533081,0.7846153974533081,0.78125,4,2.964231014251709,True
gYAOz-CJruo_1,cheque travellers,True,True,0.6000000238418579,0.6074073910713196,0.59375,1,7.213438034057617,True
gYbNVGvRcms,demolishing,True,True,0.7514124512672424,0.8022598624229431,0.78125,3,4.339195251464844,True
gYbT8Fh2WXA_1,peep,True,True,0.4761904776096344,0.4920634925365448,0.5,0,2.66619610786438,True
gZeBXbzKTnY,club,True,True,0.40740740299224854,0.40740740299224854,0.40625,2,5.123629570007324,True
g_WGhzxUi4E_1,tenancy,True,True,0.5833333134651184,0.6083333492279053,0.59375,0,9.533669471740723,True
ga-B-UhiVNo,negative,True,True,0.6704545617103577,0.6704545617103577,0.65625,1,2.8757495880126953,True
ga47ieQeEpg_1,visa,True,True,0.6800000071525574,0.6800000071525574,0.6875,4,5.34814453125,True
gbD4G_rYL6E,hacksaw,True,True,0.4121212065219879,0.4121212065219879,0.40625,0,9.172420501708984,True
gcvA1iHN8RU,trunk,True,True,0.34682080149650574,0.3815028965473175,0.375,5,5.02324914932251,True
gdk1_A6_e80_1,suspect,True,True,0.4533333480358124,0.4533333480358124,0.4375,0,2.866441011428833,True
geAcMUXIAv8,nothing,True,True,0.4141414165496826,0.4141414165496826,0.40625,0,2.057358503341675,True
geLlRLZnNhQ,ox,True,True,0.34736841917037964,0.4421052634716034,0.40625,0,2.7487545013427734,True
geZegwhqVSE_1,documents,True,True,0.49696969985961914,0.5151515007019043,0.46875,2,4.5936360359191895,True
gfDGWjaDaTk,darts munger,True,True,0.8156028389930725,0.8156028389930725,0.8125,4,7.057531833648682,True
gfTQT5gzASQ_1,name,True,True,0.5583333373069763,0.5583333373069763,0.5625,2,7.3958740234375,True
gfg0aOxyM_Q_1,implementation,True,True,0.9111111164093018,0.970370352268219,0.96875,1,3.3190877437591553,True
gfgQWafpuLo_1,expenditure,True,True,0.38333332538604736,0.4166666567325592,0.40625,1,3.8606786727905273,True
gfmk3_98I9E_1,off shore banking,True,True,0.9466666579246521,1.0,1.0,2,4.350587368011475,True
ggeNzh5at2g_1,above,True,True,0.47999998927116394,0.47999998927116394,0.46875,1,3.4626550674438477,True
ggvZdTOIuDI_2,glass,True,True,0.5975610017776489,0.5975610017776489,0.59375,0,6.223671913146973,True
ghyJZVAibyA,sperm,True,True,0.41304346919059753,0.41304346919059753,0.40625,1,1.873348355293274,True
ghyz0Xiumg0_1,trivendrum,True,True,0.3492063581943512,0.3492063581943512,0.34375,0,2.1850271224975586,True
giANZjR3m2c_1,promotion,True,True,0.574999988079071,0.574999988079071,0.5625,1,7.612723350524902,True
gjPP4lI0HM0,cement mortar,True,True,0.8480392098426819,0.8529411554336548,0.84375,3,5.666764736175537,True
gjpsKc4rYEM,volleyball,True,True,0.43220338225364685,0.43220338225364685,0.40625,1,8.133434295654297,True
gjqfGxN2SxE,screw driver,True,True,0.4583333432674408,0.4583333432674408,0.46875,3,5.400717258453369,True
glwqA5VEbBs_1,balcony,True,True,0.7111111283302307,0.7111111283302307,0.71875,2,5.885560512542725,True
gmtBcUWzdwE,spoon,True,True,0.4529411792755127,0.47058823704719543,0.4375,1,4.643529891967773,True
gnQLgdWLk0c,liberia,True,True,0.5974025726318359,0.5974025726318359,0.59375,3,5.639744281768799,True
go4BoZ5lX1s,ice cream,True,True,0.5148515105247498,0.5148515105247498,0.5,4,11.080251693725586,True
gp87To3L1DY_1,tablet,True,True,0.3866666555404663,0.3866666555404663,0.375,2,3.6889257431030273,True
gsI77j_jlvg_1,king,True,True,0.8266666531562805,0.8666666746139526,0.84375,2,2.708402156829834,True
guKx7gevhGo,milk,True,True,0.617977499961853,0.617977499961853,0.625,2,11.689635276794434,True
guOIIr835FE,zoom,True,True,0.5445544719696045,0.5445544719696045,0.53125,4,5.19526481628418,True
guhzTYs8TN8_2,fuse,True,True,0.6666666865348816,0.7083333134651184,0.6875,1,2.863328218460083,True
gvEzY4sw5Z0_1,stir,True,True,0.5733333230018616,0.6000000238418579,0.5625,0,5.927460193634033,True
gvFkCJni120,indira gandhi,True,True,0.6489361524581909,0.6489361524581909,0.65625,2,6.591630458831787,True
gvz1mZnNRJw,north,True,True,0.5,0.5256410241127014,0.5,2,4.933022975921631,True
gwK7IZYEgK8_1,re acceptable,True,True,0.4555555582046509,0.4888888895511627,0.5,3,8.665487289428711,True
gwhvOC8EWh8_2,rectangle,True,True,0.6875,0.7142857313156128,0.6875,1,2.5671727657318115,True
gxFroPz8ydI_1,his,True,True,0.5333333611488342,0.5600000023841858,0.5625,0,5.203042030334473,True
gy8DIBO3KPo_1,over valuation,True,True,0.8592592477798462,0.8666666746139526,0.875,2,4.825633525848389,True
gyOoK92JltU,engagement,True,True,0.700964629650116,0.7041800618171692,0.6875,2,4.283127307891846,True
gz02l8wMzKk_1,girl,True,True,0.7333333492279053,0.7666666507720947,0.75,1,5.686260223388672,True
gz3bQ5GGfUQ,sit,True,True,0.40816327929496765,0.41326531767845154,0.40625,1,2.5058958530426025,True
gzjPlKC1r-w_1,pencil,True,True,0.3333333432674408,0.3333333432674408,0.3125,0,2.9227919578552246,True
gzlymlA-sW8,around,True,True,0.42352941632270813,0.4941176474094391,0.46875,2,4.813703536987305,True
gzp_nV5PK1o_1,crown,True,True,0.8666666746139526,0.8666666746139526,0.875,1,8.789251327514648,True
h01yeVZv5zo,size,True,True,0.11203319579362869,0.12448132783174515,0.15625,0,6.257312297821045,False
h0IHd58MBEA,date,True,True,0.38311687111854553,0.3896103799343109,0.40625,0,4.862401962280273,True
h0J-0nV_CoA_1,that,True,True,0.4000000059604645,0.4000000059604645,0.40625,0,4.544182777404785,True
h1mgzeLHaMY,rwanda,True,True,0.5890411138534546,0.6027397513389587,0.59375,1,4.80314302444458,True
h1oFiJchfh0,man,True,True,0.7721088528633118,0.7721088528633118,0.75,0,3.5592150688171387,True
h3ZdKfu7Vws,sarvepalli radhakrishnan,True,True,0.5660377144813538,0.5754716992378235,0.5625,0,3.1532230377197266,True
h3c9_id8RWg,pay in installment,True,True,0.7105262875556946,0.7456140518188477,0.71875,2,4.612496852874756,True
h4y0h7GDHA8,surprise,True,True,0.6000000238418579,0.6000000238418579,0.5625,0,2.0842857360839844,True
h58uVxY-2uE,we,True,True,0.3733333349227905,0.3733333349227905,0.375,3,5.5171942710876465,True
h5N2nXbDBm0,reservation,True,True,0.417391300201416,0.417391300201416,0.40625,2,3.7591660022735596,True
h6GYmPOMrDc_1,messenger,True,True,0.4444444477558136,0.4592592716217041,0.46875,4,5.777885913848877,True
h6LSVGsUiRA,briefcase,True,True,0.46739131212234497,0.510869562625885,0.5,0,2.3613579273223877,True
h6hwyEN0Jwk,cam,True,True,0.8181818127632141,0.8267045617103577,0.84375,6,8.09882926940918,True
h70xLaGjPIM,j k bank,True,True,0.5299145579338074,0.5299145579338074,0.5,2,5.309657096862793,True
h7wUxp1gTSo_2,pyramid,True,True,0.692307710647583,0.7019230723381042,0.6875,1,4.393679618835449,True
h8PX8tmC6D0,cave,True,True,0.5811518430709839,0.5811518430709839,0.59375,1,8.484996795654297,True
h8cX3gzzey8,mobile,True,True,0.4252873659133911,0.4252873659133911,0.40625,0,3.7789392471313477,True
h8yZIUn2J7o_2,plane mirror,True,True,0.8414633870124817,0.8414633870124817,0.84375,1,4.144182205200195,True
h8zjYuaiBK8_1,documents of title,True,True,0.653333306312561,0.6666666865348816,0.65625,2,6.477120876312256,True
hAPJsvuQdkI,bestiality,True,True,0.6097561120986938,0.6146341562271118,0.59375,7,8.101366996765137,True
hAiUOOeVyRg_1,person,True,True,0.42500001192092896,0.4416666626930237,0.4375,1,4.232705593109131,True
hBs7tvBHjzQ_1,hoarding,True,True,0.9212121367454529,0.9515151381492615,0.9375,5,6.001197338104248,True
hCyqeJeKGyI,vodka,True,True,0.649350643157959,0.649350643157959,0.65625,0,2.5732460021972656,True
hD6EdyqWw0c,tamil nadu,True,True,0.3684210479259491,0.378947377204895,0.375,1,4.4446306228637695,True
hDVU5-mq6H8_1,noon,True,True,0.5666666626930237,0.5777778029441833,0.5625,0,3.056769609451294,True
hFbU0wq1A6Y_1,send,True,True,0.7066666483879089,0.7200000286102295,0.71875,2,16.37282371520996,True
hGE-45zVP8w_1,flower,True,True,0.5866666436195374,0.6000000238418579,0.59375,0,4.020975589752197,True
hGJ3qOLO2ek_1,north,True,True,0.3650793731212616,0.3650793731212616,0.34375,4,10.520096778869629,True
hH2jM_bJyAc_1,sometimes,True,True,0.460317462682724,0.460317462682724,0.4375,3,5.333083629608154,True
hHLoe4rXNNk_1,room,True,True,0.6499999761581421,0.675000011920929,0.65625,5,3.8691489696502686,True
hJ2fPuzgv_s_2,plane concave lens,True,True,0.8307692408561707,0.8692307472229004,0.84375,0,6.544389247894287,True
hKT6dEhxTAE,energetic,True,True,0.7443609237670898,0.7518796920776367,0.71875,4,6.598938941955566,True
hL5w2l57g9k,annual,True,True,0.5811966061592102,0.5811966061592102,0.5625,3,3.246032953262329,True
hLzEs4ZdXg4,policeman,True,True,0.28703704476356506,0.28703704476356506,0.28125,0,2.855315685272217,True
hMBo35nYkJ8_1,curtain,True,True,0.6666666865348816,0.6666666865348816,0.65625,5,5.129573822021484,True
hMHTMJFYAaI_1,fine,True,True,0.36000001430511475,0.36000001430511475,0.375,0,9.231284141540527,True
hMLtjJ2H09Y_1,fail,True,True,0.7866666913032532,0.8533333539962769,0.84375,1,8.861518859863281,True
hN6_eLx9tkU_1,shopkeeper,True,True,0.75,0.7613636255264282,0.75,0,7.76296329498291,True
hO9pTrkhSlA,lathe,True,True,0.5625,0.5625,0.5625,2,5.452195167541504,True
hR03PpsD4O8_1,monkey,True,True,0.4533333480358124,0.4533333480358124,0.4375,2,9.681984901428223,True
hR9Q-3L5tGY,laos,True,True,0.640625,0.671875,0.65625,0,3.490546703338623,True
hTe8e7lfC-M_1,mark,True,True,0.8416666388511658,0.875,0.875,6,4.53219747543335,True
hTjWdQrM-LY_2,non,True,True,0.5877862572669983,0.6564885377883911,0.65625,3,7.674722194671631,True
hTxZxP5ypNk,photo,True,True,0.420560747385025,0.420560747385025,0.40625,0,3.936140298843384,True
hUlyxPexDU0,wash,True,True,0.5862069129943848,0.5862069129943848,0.5625,0,4.502447605133057,True
hVx3X80m2rk,sequential,True,True,0.6000000238418579,0.6000000238418579,0.59375,2,3.8529086112976074,True
hVzB0xxqRiQ_1,share market,True,True,0.5199999809265137,0.5333333611488342,0.53125,1,7.285267353057861,True
hWrC71CmNus_1,counter,True,True,0.41333332657814026,0.4355555474758148,0.4375,3,6.948477268218994,True
hXHLEKBaaNM,unemployed,True,True,0.5348837375640869,0.5348837375640869,0.53125,1,3.98149037361145,True
hXp201_ejX8,police car,True,True,0.7468879818916321,0.7634854912757874,0.71875,10,4.030195236206055,True
hYAtE5G_a9c_1,notary public,True,True,0.8814814686775208,0.8814814686775208,0.90625,1,3.76898193359375,True
hZ1IkPKvjS4_1,uttar pradesh,True,True,0.4933333396911621,0.4933333396911621,0.5,2,3.1932191848754883,True
hZ7K25SvzRM,milk powder,True,True,0.46979865431785583,0.46979865431785583,0.46875,5,5.552901268005371,True
hZGHZ9sLtlg,railway track,True,True,0.6554622054100037,0.6554622054100037,0.65625,1,4.538127899169922,True
h_Ja2phijtY,scold,True,True,0.6428571343421936,0.6428571343421936,0.625,0,4.269569396972656,True
ha9bN_xLWhU_1,rest,True,True,0.7460317611694336,0.8571428656578064,0.875,3,3.8588778972625732,True
hb8P_6PksSI,tree,True,True,0.6333333253860474,0.6399999856948853,0.65625,0,4.328298568725586,True
hc5PzdRYMUk,screen,True,True,0.5243055820465088,0.5277777910232544,0.5,4,3.1622238159179688,True
hd1_aU5WhjA_1,moral,True,True,0.9733333587646484,0.9866666793823242,1.0,3,7.764040946960449,True
hdJr3U_BZ38_1,time bound,True,True,0.5407407283782959,0.5481481552124023,0.53125,4,5.46387243270874,True
hdLBSjdqvIg,sheep,True,True,0.7242990732192993,0.7383177280426025,0.75,7,9.858589172363281,True
hdMpGpG4LJ4,obligate saprophyte,True,True,0.9513677954673767,0.9513677954673767,0.9375,10,6.3613972663879395,True
hdedMoAlUx0,pillow,True,True,0.6061776280403137,0.6177605986595154,0.59375,9,5.812649726867676,True
he8ICzchdmA,ncp,True,True,0.8095238208770752,0.8095238208770752,0.8125,6,9.7049560546875,True
heZkGdeEaPE_1,pray,True,True,0.4444444477558136,0.4444444477558136,0.4375,1,8.357514381408691,True
hf9_mHO_dPg_1,potato,True,True,0.5600000023841858,0.5733333230018616,0.5625,0,4.685833930969238,True
hfmljrmlZ6k,diabetes,True,True,0.7454545497894287,0.7727272510528564,0.75,3,5.208062171936035,True
hga2Zs6wmWw,tension,True,True,0.654321014881134,0.654321014881134,0.65625,1,2.3585336208343506,True
hgscVnEa9Jg_1,waves,True,True,0.5795454382896423,0.6363636255264282,0.625,1,8.285871505737305,True
hhE3F517e40,wire man,True,True,0.8426395654678345,0.8527919054031372,0.84375,7,5.2640533447265625,True
hhIHJjxkrt4,centre  front,True,True,0.6806282997131348,0.6806282997131348,0.65625,0,3.0190696716308594,True
hhnc9qkIwVw,on the basis of life cycle,True,True,0.807692289352417,0.8205128312110901,0.78125,12,9.823394775390625,True
hi_YVOlxY8Y_1,ldli,True,True,0.4761904776096344,0.4920634925365448,0.5,1,7.225243091583252,True
hjLBNqNbuQQ_1,tax property,True,True,0.5272727012634277,0.539393961429596,0.53125,1,8.895574569702148,True
hk2A1bKpvo4_1,drop,True,True,0.5733333230018616,0.5866666436195374,0.5625,0,5.818515300750732,True
hl1aZKaSZ7I_1,goods retumed,True,True,0.6095238327980042,0.6571428775787354,0.65625,4,5.890353202819824,True
hlRsj56XQh4,stupid,True,True,0.30392158031463623,0.30392158031463623,0.3125,0,4.151741027832031,True
hlWNjgLwXUM,days after tomorrow,True,True,0.6930692791938782,0.698019802570343,0.6875,18,8.09004020690918,True
hmPvK4_rpYQ_1,restaurant,True,True,0.6666666865348816,0.682539701461792,0.6875,1,4.538560390472412,True
hnIlCRz665c,this,True,True,0.3552631437778473,0.3552631437778473,0.34375,0,2.348641872406006,True
hnwJMWsU8tg,emergency,True,True,0.5462962985038757,0.5462962985038757,0.53125,2,4.571450233459473,True
hpVSyk3uJQg_1,jailor,True,True,0.6136363744735718,0.6136363744735718,0.625,2,6.48435115814209,True
hpWytkH3Oas_2,air,True,True,0.7142857313156128,0.7285714149475098,0.71875,0,6.660357475280762,True
hpY4EHeLGz0,result,True,True,0.699999988079071,0.7142857313156128,0.6875,0,4.693414211273193,True
hurQiZ-f8WI,soap,True,True,0.478723406791687,0.478723406791687,0.46875,5,6.068785190582275,True
hvNcv6oLpaY,noise,True,True,0.4845360815525055,0.5051546096801758,0.5,3,4.783139705657959,True
hx3Ig7Z6Fjs,tortoise,True,True,0.6906077265739441,0.7348066568374634,0.78125,3,7.054627418518066,True
hz69XeQ-OZU,door,True,True,0.6531531810760498,0.6531531810760498,0.59375,1,4.7595391273498535,True
i-CTcAiWx8Q_1,revolve,True,True,0.5795454382896423,0.5795454382896423,0.59375,5,8.633611679077148,True
i-SvPceDJYw,google map,True,True,0.41474655270576477,0.41474655270576477,0.40625,1,4.382287979125977,True
i-W0fIeF-Fs_1,think,True,True,0.6111111044883728,0.6333333253860474,0.59375,1,6.076863765716553,True
i-W0qokTIeM,mechanic,True,True,0.6153846383094788,0.6346153616905212,0.625,4,3.7297017574310303,True
i-pOirIukIg_1,size,True,True,0.06666667014360428,0.07500000298023224,0.09375,0,4.317964553833008,False
i07VeT58iLA_1,custody,True,True,0.15833333134651184,0.17499999701976776,0.125,0,2.3033382892608643,False
i089w0q0af8_1,angry,True,True,0.5333333611488342,0.5666666626930237,0.5625,1,5.623286724090576,True
i0RaT2MIuvY_1,courier,True,True,0.5066666603088379,0.5333333611488342,0.5,0,3.6095166206359863,True
i0mxg-Ww97Q_1,wheat,True,True,0.841269850730896,0.9365079402923584,0.9375,2,3.7491297721862793,True
i11LzPy5OPQ,room,True,True,0.4000000059604645,0.41818180680274963,0.40625,1,3.4600679874420166,True
i1HQutvRGa4_1,cochin,True,True,0.4126984179019928,0.4126984179019928,0.40625,0,6.068755149841309,True
i2Uc1LRiYbs_1,queen,True,True,0.8533333539962769,0.8533333539962769,0.84375,0,3.1799395084381104,True
i4SXWG5euBE_1,camel,True,True,0.6399999856948853,0.6399999856948853,0.625,0,4.8169026374816895,True
i4SoQNXcpik_2,astronomy,True,True,0.8045976758003235,0.8505747318267822,0.90625,6,16.3764705657959,True
i4YK5ssItV4,size,True,True,0.4166666567325592,0.43518519401550293,0.4375,1,4.3856587409973145,True
i4i1dYe1hDE_1,masquito,True,True,0.47999998927116394,0.5600000023841858,0.5625,4,6.101747989654541,True
i4rgDyw5mc8,applicant,True,True,0.7037037014961243,0.7037037014961243,0.6875,1,4.607668876647949,True
i51r2vobqyY,promotion,True,True,0.4615384638309479,0.4615384638309479,0.46875,1,5.3128743171691895,True
i5D0tObXY54_2,density,True,True,1.0,1.0,1.0,0,8.8014554977417,True
i5FfdjLi5IQ,magic,True,True,0.6206896305084229,0.6206896305084229,0.625,0,3.951721668243408,True
i5dtwGBooaI_1,instruction,True,True,0.9111111164093018,1.0,1.0,0,2.1430702209472656,True
i63RdVVp__E_1,alive,True,True,0.6800000071525574,0.7066666483879089,0.6875,0,5.043675422668457,True
i6snKEGzUUo,funnel  neck,True,True,0.35807859897613525,0.35807859897613525,0.34375,1,5.825109004974365,True
i81W1xO6sBc_1,legal advisor,True,True,0.8916666507720947,0.9083333611488342,0.90625,3,5.8129563331604,True
i98p9BicOgI_1,lorry,True,True,0.7301587462425232,0.761904776096344,0.78125,2,3.3832271099090576,True
i9_iDJ7f6oU_1,enjoy,True,True,0.5079365372657776,0.5079365372657776,0.5,0,4.928081512451172,True
iAKpmP9dGuw,hook and eye,True,True,0.3235294222831726,0.3235294222831726,0.3125,1,9.953784942626953,True
iASooj0B1tY,classification based on season,True,True,0.9159159064292908,0.9189189076423645,0.875,9,8.59165096282959,True
iAflHa-dXY8_1,relative,True,True,0.7047619223594666,0.7047619223594666,0.6875,1,3.376610517501831,True
iBQVdGzJnoY_1,kill,True,True,0.3333333432674408,0.3492063581943512,0.34375,0,4.112597942352295,True
iCGVvvNuvLM,home gardens,True,True,0.8838951587677002,0.8838951587677002,0.84375,8,18.265853881835938,True
iCZL3lk119A,book,True,True,0.5517241358757019,0.5517241358757019,0.53125,0,5.548611640930176,True
iChCDbeSSy8_1,then,True,True,0.4000000059604645,0.41904762387275696,0.40625,0,4.349967956542969,True
iCxWZbtfqH4_1,recognised,True,True,0.47777777910232544,0.47777777910232544,0.46875,1,5.396694183349609,True
iEN8nrcP1y8_1,butterfly,True,True,0.8666666746139526,0.9066666960716248,0.90625,0,3.2205216884613037,True
iEoyPLi9Lys,plumber,True,True,0.38759690523147583,0.38759690523147583,0.40625,3,6.382199764251709,True
iEwyPUtL9s0,scooter,True,True,0.6511628031730652,0.6511628031730652,0.625,0,4.101933002471924,True
iG5hfz3BeJE_1,brass,True,True,0.6666666865348816,0.699999988079071,0.65625,4,4.732813358306885,True
iGDJKo1-w5k,please,True,True,0.5301204919815063,0.5301204919815063,0.53125,0,4.006870746612549,True
iKNbZ_6pB5c,thursday,True,True,0.5616438388824463,0.5616438388824463,0.53125,1,3.000138521194458,True
iLJr7ZAPfLE,dropped  armhole sleeve,True,True,0.36666667461395264,0.3733333349227905,0.34375,1,3.417185068130493,True
iLLV5LaC4e4_2,hydrautic press,True,True,0.5480769276618958,0.5865384340286255,0.5625,0,4.729405879974365,True
iLnDUh6SJSo,tonight,True,True,0.3586956560611725,0.43478259444236755,0.40625,0,4.090998649597168,True
iLrSnUDmfC4,kite,True,True,0.45192307233810425,0.45192307233810425,0.4375,1,3.465308666229248,True
iNldnD33t8M_2,month,True,True,0.7384615540504456,0.8769230842590332,0.875,0,4.5496015548706055,True
iRN0N_yzgE0_1,stick,True,True,0.6666666865348816,0.6933333277702332,0.6875,3,11.002205848693848,True
iRZbZObhJ9g_2,adhesive,True,True,0.6111111044883728,0.6111111044883728,0.625,1,9.36476993560791,True
iSjUgwEuBLg_1,chappels,True,True,0.4399999976158142,0.4399999976158142,0.4375,1,3.496286392211914,True
iT0YsG0QkbU,future,True,True,0.470085471868515,0.470085471868515,0.46875,0,3.453418016433716,True
iTgS0k5G4HM,confession,True,True,0.8263888955116272,0.8333333134651184,0.8125,1,5.370834827423096,True
iTkwAlp7t9k_1,scales of pay,True,True,0.8095238208770752,0.8190476298332214,0.78125,0,9.006189346313477,True
iURwZntu130_1,increase,True,True,0.46666666865348816,0.47999998927116394,0.46875,0,7.789058685302734,True
iUx2uTIIwjw_1,no due certificate,True,True,1.0,1.0,1.0,4,8.145617485046387,True
iWPV3pCRN64_1,soul,True,True,0.380952388048172,0.4126984179019928,0.40625,0,4.107499122619629,True
iWpgiYUT23c,every time,True,True,0.3636363744735718,0.40909090638160706,0.40625,1,2.8630332946777344,True
iXunNKio1wU_1,bed,True,True,0.5166666507720947,0.5166666507720947,0.5,1,4.009141445159912,True
iZgNcu2HzzE,factory,True,True,0.7450980544090271,0.7450980544090271,0.71875,0,6.394217014312744,True
iZmhl0855b8_1,vital,True,True,0.4888888895511627,0.5111111402511597,0.5,0,5.327652454376221,True
i_zyHcuPs6s,light,True,True,0.4146341383457184,0.4268292784690857,0.40625,4,4.8895263671875,True
iaF0G6EmWk8_1,hanuman,True,True,0.3650793731212616,0.3650793731212616,0.34375,0,2.851472854614258,True
iayx3bt-0Rg,open,True,True,0.6288659572601318,0.6701030731201172,0.65625,0,4.2449951171875,True
ibTYqJp5cJ4,hands,True,True,0.5192307829856873,0.5192307829856873,0.5,0,3.993903398513794,True
icD4b5yxifw_1,rejoinder,True,True,0.38333332538604736,0.44999998807907104,0.46875,0,7.250678539276123,True
icjDmpATHwE,draw,True,True,0.5894736647605896,0.5894736647605896,0.59375,0,6.637648105621338,True
icl2XFweTwc_1,photograph,True,True,0.6380952596664429,0.6380952596664429,0.625,2,4.320693016052246,True
idmU_oI_TPs_1,king,True,True,0.6266666650772095,0.7200000286102295,0.6875,1,3.514029026031494,True
ids6uU-p-lk_1,television,True,True,0.6022727489471436,0.6363636255264282,0.625,2,4.580190181732178,True
ie88hOTzHTk,technician,True,True,0.8275862336158752,0.8448275923728943,0.84375,9,5.198422908782959,True
if-ioOMit8I,descendant,True,True,0.8354430198669434,0.8354430198669434,0.8125,5,5.306473731994629,True
if8EmpcZpQo_1,move,True,True,0.3650793731212616,0.4285714328289032,0.40625,0,6.54432487487793,True
ifC99YlyRZE_1,poision,True,True,0.6222222447395325,0.6222222447395325,0.59375,2,7.902053356170654,True
igW552_dD_o_1,next,True,True,0.4126984179019928,0.4285714328289032,0.4375,2,3.490760087966919,True
ihytBUA_38Q_1,industry,True,True,0.8166666626930237,0.824999988079071,0.8125,0,4.0552849769592285,True
iiWPq-IKhXQ,ridicule,True,True,0.6575342416763306,0.6712328791618347,0.65625,1,2.170386791229248,True
iiYu_W7B91w_2,communication,True,True,0.699999988079071,0.699999988079071,0.6875,2,3.644655704498291,True
ijKFau9K4Rw,proof,True,True,0.5897436141967773,0.5897436141967773,0.5625,0,3.254589080810547,True
ijMeKPPK14c,standardization,True,True,0.4396551847457886,0.4396551847457886,0.4375,7,6.037359714508057,True
ijNQOg31iaI,adult,True,True,0.5492957830429077,0.5492957830429077,0.53125,0,3.4627914428710938,True
ijZEAkDX9Tw_1,wage,True,True,0.6476190686225891,0.6476190686225891,0.625,0,4.975353240966797,True
ijcihspmP_A_1,rat,True,True,0.4533333480358124,0.4533333480358124,0.4375,0,4.101529121398926,True
ik8ITcJ1pTQ_1,hardworking,True,True,0.6190476417541504,0.6190476417541504,0.59375,0,4.551824569702148,True
ikrmT6T1GbE_2,satellites,True,True,0.8159509301185608,0.8220859169960022,0.8125,1,6.830645561218262,True
ilYT_sRF0UI,soil borne disease,True,True,0.9183098673820496,0.9295774698257446,0.90625,22,4.946937084197998,True
inBVDyEiUDk,west,True,True,0.5396825671195984,0.5396825671195984,0.53125,0,3.2962541580200195,True
inCpeFUzkNw,manipur,True,True,0.5764706134796143,0.5882353186607361,0.5625,0,5.4390549659729,True
inPHcp6Pz8U,tall ornamental hedges,True,True,0.8942307829856873,0.8974359035491943,0.875,12,5.241084098815918,True
in_tDYVG__E_1,plant,True,True,0.6000000238418579,0.6133333444595337,0.59375,3,5.510748386383057,True
inqCbpEQ4LM_1,fear,True,True,0.41904762387275696,0.41904762387275696,0.40625,1,3.856868267059326,True
ioEb1Aqyq10,cycling,True,True,0.5612244606018066,0.5612244606018066,0.5625,3,7.155615329742432,True
ioph9CGaf2k,model,True,True,0.6666666865348816,0.6666666865348816,0.65625,4,8.33720588684082,True
iqPMR6iPPmU_1,swing,True,True,0.5340909361839294,0.5681818127632141,0.59375,0,2.161336898803711,True
iqlb1r9YIAc,born,True,True,0.5132743120193481,0.5132743120193481,0.5,0,6.789952278137207,True
ir2j5tb_Dtc,crease,True,True,1.0,1.0,1.0,2,5.312263488769531,True
is0vnifQmQE,alarm,True,True,0.5785123705863953,0.5785123705863953,0.5625,1,8.74093246459961,True
isrocVWrxaM,death in service,True,True,0.7461300492286682,0.7461300492286682,0.71875,23,11.793222427368164,True
itp7CE5KiEQ,scorpion,True,True,0.42268040776252747,0.4329896867275238,0.4375,4,5.745748996734619,True
iu7j255lYQU,telugu,True,True,0.5166666507720947,0.5166666507720947,0.5,0,3.35783052444458,True
iuFcgfnMyC0_1,surgeon,True,True,0.6266666650772095,0.6399999856948853,0.65625,1,3.227043390274048,True
iuWCFhzXAw4_1,break,True,True,0.46000000834465027,0.46000000834465027,0.4375,1,6.814948558807373,True
iuYObHCPlVA_1,zoo,True,True,0.60317462682724,0.6507936716079712,0.625,2,3.536254644393921,True
iwMNKUoHKgY_1,corn,True,True,0.4761904776096344,0.4761904776096344,0.5,2,3.05881929397583,True
iwNBFzTrAjk,shop,True,True,0.5733333230018616,0.5866666436195374,0.59375,0,4.6021552085876465,True
iwb4_ty2_fY_1,selection grade,True,True,0.675000011920929,0.7416666746139526,0.75,0,5.830463409423828,True
iyN0Qrmy8F8_1,gold,True,True,0.5047619342803955,0.523809552192688,0.53125,0,7.006078243255615,True
iyvaYVAqszM,rocket,True,True,0.3166666626930237,0.32499998807907104,0.3125,0,2.147063732147217,True
izOLXRN3PMs,under stitch,True,True,0.5415282249450684,0.5415282249450684,0.5,6,8.767971992492676,True
izdqbJ_kMkE,tiffin,True,True,0.4482758641242981,0.48275861144065857,0.46875,0,2.3177452087402344,True
izjMpJOgofI,reach,True,True,0.3883495032787323,0.3883495032787323,0.375,0,4.1809306144714355,True
izuX0loa1Oc,size of seed,True,True,0.8062499761581421,0.831250011920929,0.78125,9,5.30049467086792,True
j-e06h5DMW4,name,True,True,0.5820895433425903,0.5970149040222168,0.59375,3,3.8694071769714355,True
j-qHEAz6J6A,umaid bhawan palace,True,True,0.6352941393852234,0.6352941393852234,0.625,2,5.7011308670043945,True
j0FRtPBWKaM_1,rabbit,True,True,0.5444444417953491,0.5444444417953491,0.5,5,7.303491592407227,True
j0KYjVbQn2k,diseases of animals,True,True,0.560693621635437,0.560693621635437,0.53125,5,4.07673454284668,True
j0m4en9JPMo,pin,True,True,0.8349514603614807,0.8592233061790466,0.84375,1,7.298642158508301,True
j0xVU_Y5o2s,breast cancer,True,True,0.609375,0.609375,0.59375,2,14.723711013793945,True
j1LtQ6CcA_4_1,family,True,True,0.6222222447395325,0.6296296119689941,0.65625,0,5.8180155754089355,True
j22q83rv6hg,movement,True,True,0.6612903475761414,0.6612903475761414,0.65625,3,8.2084379196167,True
j256ZJRmdrk_1,nest,True,True,0.6888889074325562,0.6888889074325562,0.65625,1,4.727935791015625,True
j2M1Yp100ek,share,True,True,0.5479452013969421,0.5479452013969421,0.53125,2,5.918548107147217,True
j2TJMBMK4tw_1,farmer,True,True,0.5714285969734192,0.6349206566810608,0.625,2,4.192706108093262,True
j3DMG50QBRw_1,reduce,True,True,0.6800000071525574,0.7333333492279053,0.71875,0,4.981709003448486,True
j3M1eyb-Kjo_1,buddah,True,True,0.5873016119003296,0.60317462682724,0.59375,0,4.601512908935547,True
j3XAVjxZDUA_1,coat,True,True,0.46666666865348816,0.46666666865348816,0.46875,1,4.549483299255371,True
j3tuj3W7MFk_1,bathroom,True,True,0.7333333492279053,0.753333330154419,0.71875,1,6.944110870361328,True
j3zfVQG0Z_o_1,lorry,True,True,0.7936508059501648,0.841269850730896,0.8125,0,3.547489881515503,True
j6JhN79aivA_1,account book,True,True,0.6888889074325562,0.7111111283302307,0.6875,5,6.791225910186768,True
j7WkWV09J6k_1,balance opening,True,True,0.4533333480358124,0.5066666603088379,0.5,0,5.738381385803223,True
j8DclxLUXs4_1,sweetlime,True,True,0.5333333611488342,0.5333333611488342,0.5625,4,5.5528364181518555,True
jB1wqkujn00,jackfruit,True,True,0.7164179086685181,0.7388059496879578,0.71875,1,8.222929000854492,True
jBmmS3Hm6ik,froage crops,True,True,0.7871148586273193,0.8067227005958557,0.78125,3,8.390898704528809,True
jD6niHPDzhQ_1,wood,True,True,0.5222222208976746,0.5555555820465088,0.5625,1,3.179811477661133,True
jFdwRqDDa_Q,green bean,True,True,0.6066666841506958,0.6133333444595337,0.59375,2,11.335845947265625,True
jFy2xrByJhE_1,kamataka,True,True,0.25333333015441895,0.25333333015441895,0.25,0,2.763927698135376,True
jGIwLZTt9ZI,accompany,True,True,0.6078431606292725,0.6078431606292725,0.59375,1,3.358025074005127,True
jHjd2yzXpdU_2,diode,True,True,0.8823529481887817,0.9509803652763367,0.9375,4,8.512358665466309,True
jHyubnv9xFk,national anthem,True,True,0.5454545617103577,0.5454545617103577,0.53125,0,4.350053787231445,True
jI62F9LgRlI,assam tea gardens,True,True,0.7578125,0.765625,0.75,3,5.573017597198486,True
jIc74bWBwpw_1,tubelight,True,True,0.6476190686225891,0.6476190686225891,0.625,3,9.712690353393555,True
jJe3JfQi_Js,jabot,True,True,0.5042017102241516,0.5042017102241516,0.46875,0,4.080054759979248,True
jKOcleZ9e5Y,plumbing,True,True,0.7362637519836426,0.7362637519836426,0.71875,3,7.997488021850586,True
jKRoVBBlVDc_1,your,True,True,0.6136363744735718,0.625,0.625,1,4.074056625366211,True
jKUC0tUYcIM,browse,True,True,0.48444443941116333,0.48444443941116333,0.46875,5,5.246124744415283,True
jKw2bzJc-NY_2,light year,True,True,0.7010309100151062,0.7319587469100952,0.71875,1,3.8856093883514404,True
jLV6SCP_7tA,january,True,True,0.604938268661499,0.604938268661499,0.5625,1,5.415638446807861,True
jLr6GA-anhg,bone,True,True,0.6166666746139526,0.6166666746139526,0.59375,4,4.729959487915039,True
jMT-IXiUqYU,unofficial,True,True,0.5333333611488342,0.5600000023841858,0.53125,2,3.994185447692871,True
jMWvOjMUjYk_1,interest,True,True,0.5777778029441833,0.5777778029441833,0.59375,0,4.631677150726318,True
jNkdn-cMgAw_1,nail polish,True,True,0.653333306312561,0.653333306312561,0.625,2,4.705672264099121,True
jNqoK6dGDe4_1,accept,True,True,0.5079365372657776,0.5079365372657776,0.5,0,6.1374735832214355,True
jO4x18b1bfA,homicide,True,True,0.8190184235572815,0.8251533508300781,0.8125,15,4.870112895965576,True
jOZclErOnvc_1,offence,True,True,0.5666666626930237,0.5833333134651184,0.59375,1,3.9653759002685547,True
jR_zotBN7O0_1,donkey,True,True,0.5222222208976746,0.5222222208976746,0.5,1,3.8719348907470703,True
jTBahbE4_OY,know,True,True,0.4583333432674408,0.4583333432674408,0.4375,0,6.949944496154785,True
jTC_PIGT7yU_1,lecturer,True,True,0.5340909361839294,0.5909090638160706,0.59375,7,5.058167457580566,True
jTQgtnpAMII_1,officiating,True,True,0.7222222089767456,0.7777777910232544,0.75,2,7.925238609313965,True
jTfsjVTVmKg_1,evening,True,True,0.6399999856948853,0.6399999856948853,0.625,0,3.612429618835449,True
jTiYeNeaS-s,youth association of the deaf india,True,True,0.49253731966018677,0.49253731966018677,0.46875,0,4.407869338989258,True
jTkey-Xi7Zc_1,sad,True,True,0.5666666626930237,0.5666666626930237,0.53125,0,2.9412527084350586,True
jU4EzkHyLHA_1,land,True,True,0.21238937973976135,0.24778760969638824,0.28125,0,5.826251983642578,True
jVWOCjBjwfo_2,nuclear energy,True,True,0.568965494632721,0.5977011322975159,0.5625,1,4.865947246551514,True
jWWLAybE8C8_1,sister,True,True,0.6848484873771667,0.7090908885002136,0.6875,0,3.305114269256592,True
jXFwSjb4-KU,safe,True,True,0.49367088079452515,0.49367088079452515,0.5,0,5.499114036560059,True
jXIz2WBz-V8,practice,True,True,0.6282051205635071,0.6410256624221802,0.625,2,4.09419059753418,True
jY2sv02MLIs_1,umbrella,True,True,0.5523809790611267,0.5523809790611267,0.53125,1,10.489906311035156,True
jYxKWo87YZg_1,unfit,True,True,0.7416666746139526,0.7916666865348816,0.78125,1,10.9725341796875,True
jZ46cqBrg3s,granddaughter,True,True,0.4714285731315613,0.48571428656578064,0.46875,0,4.954801082611084,True
jZ4oX1mcxCs_1,self balancing,True,True,0.6222222447395325,0.6666666865348816,0.65625,3,6.156408309936523,True
jZgU5rsfZ4c,university,True,True,0.5802469253540039,0.5802469253540039,0.5625,2,13.856249809265137,True
jZrzxlOJBSQ,mouse click,True,True,0.5714285969734192,0.5714285969734192,0.5625,7,3.592050075531006,True
j_ERp4-Cqbg_1,friday,True,True,0.3166666626930237,0.3499999940395355,0.375,0,2.8613996505737305,True
j_aqqdcJKls_1,who,True,True,0.4399999976158142,0.4399999976158142,0.4375,0,2.761610746383667,True
jaGiqrGr1y0_1,desert,True,True,0.6100000143051147,0.6499999761581421,0.625,1,7.4231181144714355,True
japf1wZMgiQ,new zealand,True,True,0.6891891956329346,0.6891891956329346,0.65625,0,3.723597526550293,True
jax7fVU9f8E,shape,True,True,0.6323529481887817,0.6323529481887817,0.625,6,9.432894706726074,True
jb7aGNEBsvE_1,tiller,True,True,0.43703705072402954,0.43703705072402954,0.40625,2,3.57956862449646,True
jbQ45t-svIc_1,goal,True,True,0.7301587462425232,0.7777777910232544,0.78125,0,4.025479316711426,True
jbWFtVsidmE_1,nominal value,True,True,0.9714285731315613,1.0,1.0,1,3.377391815185547,True
jbybGuk6DA8,mainsworn,True,True,0.862162172794342,0.862162172794342,0.84375,10,5.606061935424805,True
jc2G1aW5DQU,solo,True,True,0.6455696225166321,0.6455696225166321,0.65625,3,4.554169654846191,True
jcvnsL69MMo,range,True,True,0.47706422209739685,0.4954128563404083,0.5,3,7.301239490509033,True
jd2L93yHNIg_2,wavegraph,True,True,0.8160919547080994,0.8448275923728943,0.8125,3,3.8758161067962646,True
jd3nIcR1SAk_1,smile,True,True,0.6000000238418579,0.6266666650772095,0.65625,2,3.765899658203125,True
jeTLFZIvM10_1,wet,True,True,0.30158731341362,0.30158731341362,0.28125,0,3.6411731243133545,True
jfjL9Too_gA,patience,True,True,0.7123287916183472,0.7534246444702148,0.71875,1,6.361070156097412,True
jfqgCBnOy3Y_2,non,True,True,0.7923076748847961,0.8153846263885498,0.78125,0,9.233716011047363,True
jhJGHoYO_T4,banner,True,True,0.48695650696754456,0.48695650696754456,0.46875,1,4.046700954437256,True
jhh83Fo3Hp8_1,instrument,True,True,0.970370352268219,0.9777777791023254,0.96875,1,7.416234016418457,True
ji3I5Iw0e3Q_1,unemployment,True,True,0.6380952596664429,0.7047619223594666,0.6875,1,4.527987003326416,True
jiGFdH-Yz4E_1,mechanic,True,True,0.5555555820465088,0.5873016119003296,0.59375,2,5.471447944641113,True
jiOH72jjdnE_1,powder,True,True,0.523809552192688,0.523809552192688,0.5,3,6.749662399291992,True
jk-q6T9ioJw,lower division clerk,True,True,0.489130437374115,0.5,0.5,0,4.774029731750488,True
jk4ehSo6dXQ_1,lassi,True,True,0.7142857313156128,0.7936508059501648,0.78125,4,5.524454116821289,True
jkEN0PmkrDE_1,spanner,True,True,0.4000000059604645,0.4266666769981384,0.40625,2,5.483307361602783,True
jkSBzJW8eFI_1,melt,True,True,0.7200000286102295,0.800000011920929,0.78125,3,5.428038597106934,True
jltBhjuviLI_1,hours,True,True,0.5222222208976746,0.5222222208976746,0.53125,5,7.546392440795898,True
jml-E067HJc_2,quit,True,True,0.5199999809265137,0.5733333230018616,0.5625,1,10.063148498535156,True
jn-vHteHdA0,thrice,True,True,0.4035087823867798,0.429824560880661,0.40625,0,3.5518524646759033,True
jnDhq0g0meA,deadly weapon,True,True,0.7638888955116272,0.769444465637207,0.75,12,8.731574058532715,True
joYn4YE3jFg_2,conservation,True,True,0.40243902802467346,0.40243902802467346,0.40625,0,2.604924201965332,True
jp3iGdpZyO4_1,statement,True,True,0.5,0.5249999761581421,0.53125,2,5.115976333618164,True
jp_IEErEgzQ,dolly,True,True,0.885185182094574,0.885185182094574,0.84375,4,5.523064613342285,True
jrpS8BdYE2g_1,july,True,True,0.6000000238418579,0.6933333277702332,0.71875,2,6.5703935623168945,True
jrqLjBjjrHA_1,tuesday,True,True,0.4833333194255829,0.4833333194255829,0.5,0,3.3144280910491943,True
jrqzCgrsKbo,kidnapping & abducting,True,True,0.6284584999084473,0.6324110627174377,0.625,10,10.593169212341309,True
jrxgxM0Pj7g,superman,True,True,0.6938775777816772,0.6938775777816772,0.6875,3,7.3194427490234375,True
jsM5s7HUAhQ,serial tv,True,True,0.7127659320831299,0.7127659320831299,0.71875,2,5.19949197769165,True
jsuUHXDlVa0_1,late,True,True,0.6888889074325562,0.7111111283302307,0.6875,0,3.7701339721679688,True
jtZUN6jTcUc_1,bangles,True,True,0.4933333396911621,0.4933333396911621,0.46875,0,3.504574775695801,True
jthDJHPun0I_1,health,True,True,0.6000000238418579,0.6190476417541504,0.59375,2,4.370307445526123,True
juL9VaVeWPs,types of vegetable gardening,True,True,0.8395522236824036,0.8731343150138855,0.84375,13,5.338744640350342,True
jvJvFTBSXuw,economics,True,True,0.4100719392299652,0.4100719392299652,0.375,0,3.7381482124328613,True
jvTF5BY3UI4,pineapple,True,True,0.40186914801597595,0.40186914801597595,0.375,4,3.0074071884155273,True
jvqLDP06WII,put,True,True,0.43518519401550293,0.43518519401550293,0.4375,2,7.226736068725586,True
jwGZ64BB2pg,switch box,True,True,0.8320610523223877,0.8358778357505798,0.84375,15,6.887382507324219,True
jwjeDemhdv4,possess,True,True,0.4285714328289032,0.4285714328289032,0.4375,1,2.859591484069824,True
jwxh6Lo8GrI_2,periscope,True,True,0.6424242258071899,0.6727272868156433,0.65625,0,2.759836435317993,True
jxApN53iXO0,pollution,True,True,0.5858585834503174,0.5858585834503174,0.59375,4,5.499320030212402,True
jyg5sxHBh88_1,selective,True,True,0.7200000286102295,0.7866666913032532,0.78125,0,4.542204856872559,True
jzoSaQe5fdU,scent,True,True,0.5925925970077515,0.5925925970077515,0.5625,0,4.83547306060791,True
k-7zsj7-VLg,private gardens,True,True,0.8757225275039673,0.8757225275039673,0.84375,9,4.39656400680542,True
k-8lCTgAjGU,jodhpur pants,True,True,0.429824560880661,0.44736841320991516,0.4375,2,5.253319263458252,True
k-WaxvAgxrU,pharmacist,True,True,0.4585365951061249,0.4682926833629608,0.5,2,4.475058078765869,True
k-cDnMe7pp8_1,account blocked,True,True,0.7722222208976746,0.7777777910232544,0.8125,1,4.952935218811035,True
k0jZGXF0xNY_2,energymeter,True,True,0.5441176295280457,0.6470588445663452,0.65625,1,5.589681148529053,True
k0oU46NwtCQ_1,bold,True,True,0.5222222208976746,0.5222222208976746,0.53125,0,3.9385147094726562,True
k0pUR0HlaNw,small,True,True,0.34285715222358704,0.34285715222358704,0.34375,0,3.139204263687134,True
k1DohVb9Ck0,geodetic survey,True,True,0.8086419701576233,0.8086419701576233,0.8125,12,5.701668739318848,True
k2aBFQ5mXrE_1,old,True,True,0.3866666555404663,0.3866666555404663,0.375,0,3.6081042289733887,True
k3gjXKD3_XU,drive,True,True,0.5448718070983887,0.5448718070983887,0.53125,3,3.54437255859375,True
k4TV4QwuYNc,chicken mesh,True,True,0.8201438784599304,0.8273381590843201,0.8125,3,4.705061435699463,True
k4UEchc9VnM_2,installation,True,True,0.800000011920929,0.824999988079071,0.84375,4,6.44024658203125,True
k5dRhEhUEQ0,turkey,True,True,0.7260273694992065,0.7260273694992065,0.71875,0,6.050961971282959,True
k6iqdvYEj4k,lawyer,True,True,0.5980392098426819,0.6078431606292725,0.59375,0,4.378285884857178,True
k6lRQrt3WKo_1,jew,True,True,0.3492063581943512,0.3492063581943512,0.34375,0,1.9429084062576294,True
k8Gk1M_pWlk,flat belt,True,True,0.6206896305084229,0.6293103694915771,0.59375,3,4.4781060218811035,True
k8MRVadUMt4_1,volcano,True,True,0.5340909361839294,0.5340909361839294,0.5,2,3.168708324432373,True
k8gt1UnMkR4_1,temple,True,True,0.3866666555404663,0.3866666555404663,0.375,1,2.155799150466919,True
k96ZQYGYriA,hosticide,True,True,0.8249258399009705,0.8249258399009705,0.8125,11,10.264205932617188,True
k9C_uq11Ja0,increase,True,True,0.43478259444236755,0.43478259444236755,0.4375,0,11.529531478881836,True
k9oluMAfSqg_2,field,True,True,0.6052631735801697,0.6491228342056274,0.65625,1,8.429512977600098,True
kA7ozrVfQjM_2,intermediate,True,True,0.6238532066345215,0.6238532066345215,0.625,1,4.157011032104492,True
kA8JbsFi4dI,embarrass,True,True,0.5180723071098328,0.5301204919815063,0.53125,2,5.979301929473877,True
kAIC79Ubl_g,bill,True,True,0.4444444477558136,0.4444444477558136,0.4375,0,5.787062644958496,True
kBGA6N3xhBo_1,cock,True,True,0.6952381134033203,0.6952381134033203,0.6875,2,4.547643661499023,True
kBaDVYUWeoc,whiteboard,True,True,0.5098039507865906,0.5196078419685364,0.5,4,4.82737922668457,True
kBahUhpt6H0_1,new moon day,True,True,0.7168141603469849,0.7256637215614319,0.71875,1,4.460110664367676,True
kCPRwLk0iDk_1,smell,True,True,0.5888888835906982,0.5888888835906982,0.59375,3,5.617920398712158,True
kCUX4h_p3J0_1,beak,True,True,0.6666666865348816,0.699999988079071,0.6875,1,5.460348606109619,True
kCcBWqGQAJk_1,animals,True,True,0.5333333611488342,0.5777778029441833,0.5625,5,5.913839817047119,True
kEMFrD53l6E,king,True,True,0.5061728358268738,0.5061728358268738,0.46875,1,3.0489156246185303,True
kGNjIYbroko_1,taste,True,True,0.6000000238418579,0.6000000238418579,0.59375,0,2.168499231338501,True
kGa7Bq3pYqQ,racism,True,True,0.532608687877655,0.532608687877655,0.5,0,4.1051926612854,True
kGacw2buj-A,deafness,True,True,0.7142857313156128,0.7142857313156128,0.6875,1,4.213740348815918,True
kHGkRSDn6q8,land,True,True,0.3499999940395355,0.3499999940395355,0.3125,2,10.132762908935547,True
kKCEuKZ3lV0,list,True,True,0.5368421077728271,0.5368421077728271,0.53125,0,4.304809093475342,True
kKlexawuuCQ_1,social society,True,True,0.4444444477558136,0.45185184478759766,0.4375,1,5.515490531921387,True
kKwNheqJZ9M_1,brain,True,True,0.6476190686225891,0.6761904954910278,0.65625,1,8.535900115966797,True
kKwahC0ZvJM,rockery plants,True,True,0.9449275135993958,0.9536231756210327,0.9375,9,13.57345962524414,True
kLSAkQXXOVs_1,legally protected,True,True,0.7200000286102295,0.746666669845581,0.71875,0,3.736572742462158,True
kMebuYjYjHA_1,premises,True,True,0.5333333611488342,0.5333333611488342,0.5,1,3.7058095932006836,True
kN26O2zO-cQ_1,recommendation,True,True,0.5199999809265137,0.5333333611488342,0.53125,1,3.7502505779266357,True
kNozCUWm_iA_2,angle of refraction,True,True,0.7916666865348816,0.8125,0.8125,0,7.31880521774292,True
kO5NaIjjtn0,restrained,True,True,0.3918918967247009,0.3918918967247009,0.375,2,3.7775869369506836,True
kOGEagUa-XA_1,mud,True,True,0.47787609696388245,0.47787609696388245,0.46875,0,3.4484941959381104,True
kPF8HIor4D0_1,account margin,True,True,0.7487179636955261,0.764102578163147,0.78125,3,9.043310165405273,True
kPx4MXMIFZI,white,True,True,0.3916666805744171,0.3916666805744171,0.375,1,1.4674291610717773,True
kSNvIZi2cpg_1,basket of currencies,True,True,0.5611110925674438,0.5944444537162781,0.5625,3,8.38715934753418,True
kSPgPYgFMfc,coat  dress,True,True,0.4444444477558136,0.4479166567325592,0.4375,3,3.707618236541748,True
kSbesZjIkmo,electrical service,True,True,0.625,0.625,0.625,4,5.117361545562744,True
kU3ISrjeygE,elephant,True,True,0.5046728849411011,0.5046728849411011,0.5,1,4.480186939239502,True
kV7Oo7D26Gw,gandhinagar,True,True,0.5,0.5,0.5,0,2.8428587913513184,True
kVWLNRW6HTw_1,unconditional,True,True,0.800000011920929,0.8444444537162781,0.875,1,3.2322773933410645,True
kWHNVZbueII_1,polish,True,True,0.7333333492279053,0.7333333492279053,0.75,2,4.721630096435547,True
kX2zG8GYM_k_1,credit sale,True,True,0.3629629611968994,0.37037035822868347,0.375,2,3.463229179382324,True
kXSOWHHAteo,next month,True,True,0.4767441749572754,0.4767441749572754,0.46875,1,3.4713215827941895,True
kXVms85vYqo_1,promise,True,True,0.6266666650772095,0.653333306312561,0.65625,0,5.1567912101745605,True
kYDVQir2UDk_2,ratio,True,True,0.9892473220825195,1.0,1.0,1,7.587193489074707,True
kYNeJvZntNM_1,sofa,True,True,0.6000000238418579,0.6000000238418579,0.59375,1,8.440080642700195,True
kYO_FhDcRXE_1,attorney,True,True,0.5666666626930237,0.5866666436195374,0.53125,1,8.916316986083984,True
kYSK3akxd7s,balmacaan,True,True,0.3317972421646118,0.3317972421646118,0.34375,2,4.689206123352051,True
kYgE3-7DngE_1,coal,True,True,0.585185170173645,0.6074073910713196,0.5625,2,5.624387741088867,True
kYwtY_FCM1c,finish,True,True,0.31578946113586426,0.31578946113586426,0.3125,4,5.010979652404785,True
kZ6gCAbcJOA_1,tax,True,True,0.5583333373069763,0.5583333373069763,0.5625,2,2.6046340465545654,True
kZneFf1ONo8,melt,True,True,0.6792452931404114,0.698113203048706,0.6875,1,4.711176872253418,True
kZnl4XgNVgU,increase,True,True,0.682692289352417,0.682692289352417,0.65625,1,3.56156063079834,True
k_cERknXVoc_1,uniform,True,True,0.5333333611488342,0.5733333230018616,0.5625,1,7.76448917388916,True
k_yOFdGbgeg,mushroom harvesting,True,True,0.8820512890815735,0.9076923131942749,0.875,5,12.702378273010254,True
kadMX531Q2A,prefer,True,True,0.2631579041481018,0.2631579041481018,0.25,2,3.672578811645508,True
kcHPJA0kPtg,stone,True,True,0.49038460850715637,0.5,0.46875,3,3.926431655883789,True
kdMxj-h-rRs,airtel,True,True,0.4333333373069763,0.4333333373069763,0.4375,0,6.3990020751953125,True
ke1DcSSwifs,days before,True,True,0.7792207598686218,0.7835497856140137,0.75,7,3.814997434616089,True
keuFgJr0Bbc_1,knife,True,True,0.6399999856948853,0.6399999856948853,0.625,0,4.133683204650879,True
kfSr1QvbHZA_1,e-mail,True,True,0.46666666865348816,0.46666666865348816,0.4375,1,4.470723628997803,True
kfTE4DFPuN4_1,price,True,True,0.41333332657814026,0.41333332657814026,0.40625,2,5.342935562133789,True
kfb__18uzpw,eighteen,True,True,0.4324324429035187,0.4324324429035187,0.4375,1,2.766954183578491,True
kglFBS70qFM_2,motion,True,True,0.3855421543121338,0.4939759075641632,0.5,3,2.500897169113159,True
kgvFkAx0xbE,stupid,True,True,0.612500011920929,0.6499999761581421,0.625,0,4.364216327667236,True
khVBhrXBIEY_1,shirt,True,True,0.5733333230018616,0.5866666436195374,0.5625,0,3.090381622314453,True
khitZin7NWE_1,strong,True,True,0.5454545617103577,0.5454545617103577,0.53125,1,4.493697166442871,True
ki-uVp9OioM_1,packing credit,True,True,0.7333333492279053,0.7407407164573669,0.75,1,2.0326895713806152,True
kionVevx1ns,repair,True,True,0.7777777910232544,0.7777777910232544,0.78125,9,5.889172554016113,True
kjF2AUzUKO0,capsicum,True,True,0.44897958636283875,0.44897958636283875,0.4375,0,3.468186616897583,True
kjbYH9I5O4U,how many,True,True,0.604651153087616,0.604651153087616,0.59375,0,8.499615669250488,True
kl6t309RsBY,already,True,True,0.33766233921051025,0.33766233921051025,0.34375,1,5.673574447631836,True
kmxkFZgrfuY,address,True,True,0.4637681245803833,0.4637681245803833,0.4375,4,4.577264308929443,True
knDXwoLESEc,sugar,True,True,0.4479166567325592,0.4583333432674408,0.4375,1,3.722214698791504,True
kncWaeUb5Ps,commercial vegetable gardening,True,True,0.8640776872634888,0.8640776872634888,0.84375,12,18.795072555541992,True
knmmNX9unM0_1,chew,True,True,0.7111111283302307,0.7111111283302307,0.6875,0,4.906839370727539,True
ko_3tCyv_Dg,europe,True,True,0.6025640964508057,0.6025640964508057,0.5625,1,3.0092010498046875,True
kol8vlW0KxE_1,salwar kameez,True,True,0.6477272510528564,0.7045454382896423,0.65625,0,3.9937918186187744,True
kpVwMOWsclA_1,deposit safe custody,True,True,0.6666666865348816,0.6833333373069763,0.6875,0,6.931128025054932,True
kqBV5yAFq-A_1,bond,True,True,0.6000000238418579,0.6166666746139526,0.59375,1,8.094754219055176,True
kqc7eglNJvE,team,True,True,0.5270270109176636,0.5270270109176636,0.53125,0,4.029380798339844,True
kqm4fF_sp4M,option,True,True,0.5925925970077515,0.6111111044883728,0.625,0,6.157532691955566,True
krcq0GUvMNQ_1,preventive measures,True,True,0.4333333373069763,0.4416666626930237,0.4375,3,5.31475830078125,True
krnKXV-ct3Q,wealthy,True,True,0.5733333230018616,0.5733333230018616,0.5625,3,6.240406036376953,True
ktkkqkosNMY_1,roam,True,True,0.7066666483879089,0.7333333492279053,0.71875,1,13.725475311279297,True
kur_a7Q3Abg_1,die,True,True,0.5523809790611267,0.5714285969734192,0.5625,0,4.68025541305542,True
kusWSSN4xjI,boss,True,True,0.4938271641731262,0.5061728358268738,0.5,1,4.429935932159424,True
kv9Mw_tuoF0,role,True,True,0.4767441749572754,0.5232558250427246,0.53125,2,3.1614015102386475,True
kvm9DLxYlGo_1,birds,True,True,0.699999988079071,0.699999988079071,0.65625,2,4.736173629760742,True
kvs0joxjS98,share,True,True,0.4234234094619751,0.4234234094619751,0.40625,0,4.397132396697998,True
kwphB-3eDMU,patriotic,True,True,0.7572254538536072,0.7745664715766907,0.75,3,6.917634963989258,True
kxpgbuVTGlE,should,True,True,0.7272727489471436,0.747474730014801,0.71875,5,6.3269829750061035,True
kyMdUjCgk_k,octopus,True,True,0.642276406288147,0.642276406288147,0.625,4,3.610442638397217,True
kzVZwbq6m2Y_1,travel,True,True,0.47777777910232544,0.5222222208976746,0.53125,2,3.111435651779175,True
l0DbNgp0b38_1,resolution,True,True,0.3333333432674408,0.35151514410972595,0.34375,4,4.760030269622803,True
l0XFIBGJR_g_1,priest,True,True,0.30666667222976685,0.3466666638851166,0.3125,0,3.404540777206421,True
l19j_Mrajdc_1,store,True,True,0.36000001430511475,0.36000001430511475,0.34375,1,5.940300941467285,True
l1xyWyTDKy4_1,essay,True,True,0.5113636255264282,0.5113636255264282,0.5,0,3.9873361587524414,True
l2aqBT_Vbyw,rubber stamp,True,True,0.46666666865348816,0.4833333194255829,0.46875,2,4.226751327514648,True
l2ytof4d1r0_1,book,True,True,0.30158731341362,0.3333333432674408,0.3125,3,4.5781097412109375,True
l3EHKw-sUDY_1,invalid,True,True,0.8285714387893677,0.8666666746139526,0.84375,0,5.928847789764404,True
l3VvC6z1I4U_1,husband,True,True,0.5925925970077515,0.614814817905426,0.625,1,3.4942574501037598,True
l3fZdrppyaI,shawl,True,True,0.5316455960273743,0.5316455960273743,0.53125,2,2.7077863216400146,True
l3rjbQ5M6xg_2,concurrent,True,True,0.6269841194152832,0.6666666865348816,0.65625,0,3.042266607284546,True
l47uS7f0ZSI_1,recognise,True,True,0.7599999904632568,0.7599999904632568,0.78125,3,8.039185523986816,True
l4jwOKcXm4I,new,True,True,0.5353535413742065,0.5454545617103577,0.53125,0,3.466724157333374,True
l4sZF-4-a3A,proud,True,True,0.49152541160583496,0.508474588394165,0.5,0,3.636216163635254,True
l55s_LMAces_1,hearing,True,True,0.46666666865348816,0.4933333396911621,0.46875,0,3.601121187210083,True
l59aZl_Jrto,secret,True,True,0.40963855385780334,0.40963855385780334,0.40625,0,3.5594184398651123,True
l6tVKGOn5JU_1,day before,True,True,0.6333333253860474,0.644444465637207,0.625,1,8.112573623657227,True
l74MrarGqOk,time table,True,True,0.4803921580314636,0.5,0.5,1,5.181139945983887,True
l7GQ-fR-DsA,tea,True,True,0.7898550629615784,0.8768116235733032,0.875,1,7.556342124938965,True
l7HZNntVoGw,anti virus,True,True,0.255952388048172,0.255952388048172,0.25,1,2.3737475872039795,True
l7tvPoyzWRI,art,True,True,0.5760869383811951,0.5760869383811951,0.5625,1,9.42684555053711,True
l87H6gm74b8_2,sick unit,True,True,0.5277777910232544,0.5388888716697693,0.53125,3,5.960737705230713,True
l88Gk4kRlBE,reception,True,True,0.4021739065647125,0.4021739065647125,0.40625,0,2.4319510459899902,True
l8Aq3ttf3lk,bjp,True,True,0.7246376872062683,0.7246376872062683,0.71875,0,3.4254961013793945,True
l8lwU4wIOz4,bad,True,True,0.5,0.5,0.5,0,6.691867351531982,True
l97vwBQOu94_1,kick,True,True,0.6000000238418579,0.6266666650772095,0.625,0,3.4708240032196045,True
lALvNHxvGDE_1,liquid,True,True,0.4126984179019928,0.4126984179019928,0.40625,1,6.256072998046875,True
lAeYniDjTo0_2,reward,True,True,0.4888888895511627,0.5111111402511597,0.5,0,5.523556709289551,True
lBaVjlCTfNo,duranta spinosa,True,True,0.7651006579399109,0.7651006579399109,0.75,2,4.249457836151123,True
lCeMDi4ZRrk,thevetia neriefolia,True,True,0.9040247797966003,0.9040247797966003,0.875,3,6.260512828826904,True
lDO3r1artKs,weight,True,True,0.4329896867275238,0.4329896867275238,0.40625,1,3.7775485515594482,True
lDS2BP2Sias,commercial building,True,True,0.784023642539978,0.7899408340454102,0.78125,9,9.172956466674805,True
lD_M0hAktqU_1,recover,True,True,0.5888888835906982,0.6555555462837219,0.625,1,4.792101860046387,True
lDeEBmTDzIY_1,gun,True,True,0.4399999976158142,0.4399999976158142,0.40625,1,3.888796329498291,True
lEVfZdtEMkU_1,antartica,True,True,0.5752212405204773,0.5840708017349243,0.5625,5,4.947504043579102,True
lF3h9t_N8fA,concept,True,True,0.6395348906517029,0.6395348906517029,0.625,0,6.417938232421875,True
lF9KfGNnrdU_1,scent,True,True,0.5555555820465088,0.5555555820465088,0.53125,0,4.7060675621032715,True
lFY9NjDYAwg,lassi,True,True,0.9039999842643738,0.9520000219345093,0.9375,1,3.2015771865844727,True
lFyE0xYWW7I,drug,True,True,0.5454545617103577,0.5844155550003052,0.59375,3,5.373502254486084,True
lGjAsZhyyKc_1,exercise,True,True,0.6111111044883728,0.6111111044883728,0.59375,3,2.9228811264038086,True
lH6pT7nQb9A,one,True,True,0.3375000059604645,0.3375000059604645,0.34375,0,2.4928224086761475,True
lH8ozqCOz_w_1,clerk,True,True,0.5066666603088379,0.5066666603088379,0.5,3,8.792805671691895,True
lJeijKlq1Qo,ostrich,True,True,0.6478873491287231,0.6549295783042908,0.65625,3,4.3850483894348145,True
lJsUQT5Ztv8,toaster,True,True,0.6065573692321777,0.6065573692321777,0.59375,1,6.1630754470825195,True
lKFWhABVO30_1,picture,True,True,0.5396825671195984,0.5396825671195984,0.53125,1,4.531520843505859,True
lL9bFfJ9t9E,taj mahal,True,True,0.5913978219032288,0.5913978219032288,0.5625,0,4.263731002807617,True
lLd__AgPs98,he,True,True,0.4054054021835327,0.4054054021835327,0.375,0,2.631204128265381,True
lMQiMzxO_IU,sharpener,True,True,0.5050504803657532,0.5050504803657532,0.5,0,5.29197883605957,True
lNHaEWqFnZk,horizontal surface,True,True,0.8208954930305481,0.8208954930305481,0.8125,5,5.588152885437012,True
lOvFBGpn0bQ,district,True,True,0.5833333134651184,0.5833333134651184,0.59375,2,6.292745590209961,True
lQOdXN62MXo_1,in,True,True,0.4285714328289032,0.4285714328289032,0.40625,0,4.706964015960693,True
lQpBuFX4L1I,jamaica,True,True,0.591549277305603,0.591549277305603,0.59375,3,5.018702507019043,True
lQyrTnOO4XE,instagram,True,True,0.7372881174087524,0.7372881174087524,0.71875,1,3.0438523292541504,True
lRYgVqrUDl0,sanjay dutt,True,True,0.5,0.5256410241127014,0.53125,3,4.777907371520996,True
lR_1-a9k6wM,papaya,True,True,0.5833333134651184,0.6111111044883728,0.59375,2,7.6395673751831055,True
lSPMq5Pdb6I_1,green,True,True,0.5666666626930237,0.5666666626930237,0.5625,1,3.280256509780884,True
lSwvLtI69Ls_1,hariyana,True,True,0.46666666865348816,0.4933333396911621,0.5,0,2.9944515228271484,True
lSy4VDcINoY_1,trouble,True,True,0.4555555582046509,0.4555555582046509,0.46875,2,5.243859767913818,True
lTbpj1XKVWg,dropbox,True,True,0.6015037298202515,0.6015037298202515,0.5625,3,7.03529167175293,True
lTzvesFWOYI,divorcee,True,True,0.8287671208381653,0.8835616707801819,0.875,4,4.353915691375732,True
lV1k10LuRGk,knowledge,True,True,0.41489362716674805,0.44680851697921753,0.4375,0,4.453526973724365,True
lW8hheG6HgY,from,True,True,0.23893804848194122,0.23893804848194122,0.21875,0,3.4872841835021973,True
lWnmHMNS06E,more,True,True,0.6436781883239746,0.6436781883239746,0.625,0,4.128962993621826,True
lY5wzI7a5CE,welder,True,True,0.7321428656578064,0.738095223903656,0.71875,7,6.031284332275391,True
lYS6WVGPAWo,calendar,True,True,0.5523809790611267,0.5523809790611267,0.53125,0,2.809053897857666,True
lYadClPZWkY,asphalt concrete,True,True,0.9479768872261047,0.9537572264671326,0.9375,12,5.932776927947998,True
lZ0zU9cHrbM_1,angle,True,True,0.6466666460037231,0.6466666460037231,0.65625,1,5.027355194091797,True
lZFvkSf9kS8_1,pamphlet,True,True,0.6888889074325562,0.6962962746620178,0.6875,2,3.9426252841949463,True
lZi4g6ZWBro,yak,True,True,0.7112675905227661,0.7183098793029785,0.71875,3,5.928443908691406,True
lZlKIjW-0HU,assault,True,True,0.8873720169067383,0.914675772190094,0.875,8,6.066357612609863,True
lZnF8-wpBKg_1,fish,True,True,0.47777777910232544,0.47777777910232544,0.46875,0,3.2671196460723877,True
lZt6lnBA9Gc,level,True,True,0.4000000059604645,0.4000000059604645,0.375,1,3.2431654930114746,True
l_FTpIhhBg8,clutch lever,True,True,0.6926407217979431,0.6926407217979431,0.6875,5,5.934357166290283,True
l_QL6DBEeFk,eight,True,True,0.5104166865348816,0.5104166865348816,0.5,0,2.671302318572998,True
l_iVlaZg-so,glass,True,True,0.38372093439102173,0.38372093439102173,0.375,0,2.737597703933716,True
l_q1yjr1iz8_1,tax exemption,True,True,0.6484848260879517,0.6484848260879517,0.625,1,3.090907335281372,True
l_yU-eg4lHM_1,measles,True,True,0.6888889074325562,0.6888889074325562,0.65625,0,2.12888240814209,True
lc1lDSduLXk_2,property public,True,True,0.7151514887809753,0.7454545497894287,0.78125,4,5.042512893676758,True
lcw-m4_hZUY_2,celsius,True,True,0.7708333134651184,0.8125,0.8125,1,5.7279462814331055,True
ldU7z0-dE4k_1,judgement,True,True,0.8133333325386047,0.8666666746139526,0.875,0,5.3876543045043945,True
ldZ8V0CmBu4_1,hotel,True,True,0.7200000286102295,0.7599999904632568,0.75,3,4.762319087982178,True
ldoR2f3W4co,motorcycle,True,True,0.4365079402923584,0.4365079402923584,0.4375,0,3.1579487323760986,True
lg8a0VGcHKQ,panel door,True,True,0.9365853667259216,0.9365853667259216,0.9375,3,4.908449172973633,True
lggh2K7490s,symptoms of nematode diseases of plants,True,True,0.8841807842254639,0.8841807842254639,0.84375,8,3.7454442977905273,True
lhRSYduQK60,bike oil filter,True,True,0.8664688467979431,0.8961424231529236,0.9375,6,10.606090545654297,True
lkC12LzjKzU_1,area,True,True,0.5066666603088379,0.5066666603088379,0.5,1,4.160129547119141,True
lkXLuq4RHCc,three days before,True,True,0.53125,0.53125,0.5,0,2.9627327919006348,True
llB8wpBo7O0_1,take home pay,True,True,0.7030302882194519,0.739393949508667,0.71875,0,3.9557344913482666,True
lmHzZtmO_30_1,society co,True,True,0.4166666567325592,0.4166666567325592,0.40625,0,4.347171783447266,True
lmJjVrDDXiQ,cummerband,True,True,0.46206897497177124,0.4689655303955078,0.4375,0,4.100076198577881,True
lnZbgS3LNog_1,hypothecated,True,True,0.9888888597488403,1.0,1.0,2,5.179503917694092,True
lnjKJelSCnI_1,over writing,True,True,0.800000011920929,0.8074073791503906,0.8125,2,4.8940558433532715,True
lo-tct1Ryrc,smell,True,True,0.38235294818878174,0.38235294818878174,0.375,0,3.938045024871826,True
loVv4NlyfvQ,systemic disease,True,True,0.8882352709770203,0.8882352709770203,0.84375,13,6.8513031005859375,True
lpFt9c1GueI,gold,True,True,0.8307210206985474,0.8652037382125854,0.84375,8,5.162631988525391,True
lpwbRVY9-vY,bonus,True,True,0.31343284249305725,0.31343284249305725,0.3125,1,4.679182052612305,True
lqPqubp-3IE,inspire,True,True,0.5669642686843872,0.5669642686843872,0.53125,1,5.017875671386719,True
lquuC45v24M,golden temple,True,True,0.6194690465927124,0.6194690465927124,0.625,0,3.40095591545105,True
lr-4dzTcjB8,engine,True,True,0.8927202820777893,0.8927202820777893,0.875,16,4.9503703117370605,True
lrvP6pB8--A_2,refund,True,True,0.54666668176651,0.5866666436195374,0.59375,0,3.9307122230529785,True
lsaavtEzqKs_1,dirty,True,True,0.5333333611488342,0.5333333611488342,0.5,0,2.602412223815918,True
lsp2o-yBY10,brazil,True,True,0.6393442749977112,0.6393442749977112,0.65625,0,2.531195640563965,True
lt-sitx_nUU_1,ant,True,True,0.8133333325386047,0.8933333158493042,0.90625,3,6.559270858764648,True
ltKW64fB3VU_1,cat,True,True,0.6000000238418579,0.6000000238418579,0.5625,2,6.145753383636475,True
ltR5hdlEzjQ_1,animals,True,True,0.6111111044883728,0.6666666865348816,0.625,1,8.675568580627441,True
ltVnbI_MWDg,ministry of social justice and empowerment,True,True,0.7413793206214905,0.7413793206214905,0.71875,6,7.3448076248168945,True
lto2iIwYuOw,clever,True,True,0.46853145956993103,0.46853145956993103,0.4375,7,7.348148345947266,True
lts3gE45zV4,independence day,True,True,0.6465517282485962,0.6551724076271057,0.65625,0,2.8272576332092285,True
lub1H0EZwws_2,requirement,True,True,0.2800000011920929,0.2933333218097687,0.3125,0,2.0593583583831787,True
lxP9Dga73Rw_1,transcription,True,True,0.4095238149166107,0.41904762387275696,0.40625,0,4.89307165145874,True
lypZOubhfds,link,True,True,0.5,0.511904776096344,0.46875,0,3.1804473400115967,True
lyx-vjcl6KA_1,leather,True,True,0.6000000238418579,0.6000000238418579,0.5625,2,5.067405700683594,True
lz2BCCFiYmQ,comb,True,True,0.3619047701358795,0.41904762387275696,0.40625,1,2.880620241165161,True
lzCeQ6VI2zU,pear,True,True,0.532608687877655,0.532608687877655,0.5,0,4.215386867523193,True
lzTXlugHZCg_1,between,True,True,0.4933333396911621,0.4933333396911621,0.46875,0,3.3589606285095215,True
lzUMKuDPzls,child abuse,True,True,0.6987577676773071,0.7515528202056885,0.78125,5,4.241238117218018,True
m-B9NoejhTg_2,bill of exchange,True,True,0.746666669845581,0.753333330154419,0.75,1,4.440122127532959,True
m-YncUJ0SpA,often,True,True,0.7051281929016113,0.7692307829856873,0.75,1,7.269978046417236,True
m0gLC72xKDs,rail section,True,True,0.8403361439704895,0.8403361439704895,0.8125,9,5.0286688804626465,True
m105B5k5IYY_1,kannada,True,True,0.46666666865348816,0.46666666865348816,0.46875,1,4.100395679473877,True
m1LyTLlhmvA,tease,True,True,0.25333333015441895,0.25333333015441895,0.21875,0,4.1221723556518555,True
m3AFwuIwkiQ_2,solar eclipse,True,True,0.6037735939025879,0.6415094137191772,0.625,1,3.2617218494415283,True
m40rLzSro7M_1,annual,True,True,0.7111111283302307,0.7407407164573669,0.6875,4,4.033990383148193,True
m4NUhzj-l70,parrot,True,True,0.5520833134651184,0.5520833134651184,0.53125,1,3.255755662918091,True
m4UTGWK32d4,next,True,True,0.6036036014556885,0.6216216087341309,0.625,2,4.926781177520752,True
m4fQZijBvjo,why,True,True,0.4533333480358124,0.4533333480358124,0.4375,1,8.162283897399902,True
m4ogvwOrsZc_1,retain,True,True,0.38333332538604736,0.42500001192092896,0.40625,0,4.882415294647217,True
m4qwdzErX5g_2,control,True,True,0.692307710647583,0.7692307829856873,0.75,0,7.263165473937988,True
m5IBE8Ozm_0_1,flower,True,True,0.5733333230018616,0.5733333230018616,0.5625,0,3.6090805530548096,True
m5OgF_1NIBU,vibrant image,True,True,0.7142857313156128,0.7142857313156128,0.6875,6,5.122731685638428,True
m6Uby73Tg3s,six,True,True,0.37037035822868347,0.37037035822868347,0.34375,0,4.799850940704346,True
m6s5zgf0gpI_2,compound microscope,True,True,0.8787878751754761,0.8888888955116272,0.875,2,8.258277893066406,True
m745tmPqMgI,hoe,True,True,0.7397260069847107,0.7534246444702148,0.75,3,5.143707752227783,True
m7F7GzaBG7s,underhand,True,True,0.7196652889251709,0.723849356174469,0.6875,9,4.656320571899414,True
m7cfsP8_omM_1,mother,True,True,0.625,0.6416666507720947,0.625,1,2.9838879108428955,True
m7q4oQRNQPQ_1,stove,True,True,0.5428571701049805,0.5428571701049805,0.53125,0,4.8998799324035645,True
m7zujfKvM9Y,pen,True,True,0.5111111402511597,0.5111111402511597,0.5,1,5.027408599853516,True
m8MBKbGzY6s_1,diseases,True,True,0.675000011920929,0.699999988079071,0.6875,4,4.999773979187012,True
m8c-LCkr39Y,resolve,True,True,0.38461539149284363,0.4871794879436493,0.46875,1,4.2981486320495605,True
m95rHmULP1k_1,guard,True,True,0.6477272510528564,0.6477272510528564,0.625,1,7.246140480041504,True
m9lpyg8UEMU,telangana,True,True,0.37142857909202576,0.380952388048172,0.375,1,3.489056348800659,True
mDQmu9H4-e8,extrahepatic,True,True,0.6052631735801697,0.609649121761322,0.59375,6,4.675597667694092,True
mDef1KqeBTw,gate,True,True,0.5462962985038757,0.5555555820465088,0.5625,0,3.750070810317993,True
mE9xzpyh5GM_1,scribe,True,True,0.770370364189148,0.770370364189148,0.78125,2,4.428781032562256,True
mEKieyopxsc,stay,True,True,0.4333333373069763,0.4333333373069763,0.4375,0,4.699047088623047,True
mEhGf6FP0Jo,russia,True,True,0.3888888955116272,0.40740740299224854,0.375,0,2.6208596229553223,True
mFfYVeyQOWA_2,verification,True,True,0.4166666567325592,0.4642857015132904,0.46875,0,6.759253025054932,True
mGWaaXCKdx4_1,resources,True,True,0.4592592716217041,0.4888888895511627,0.5,1,3.7327325344085693,True
mHIxXjMGN8c_1,blood pressure,True,True,0.6499999761581421,0.6499999761581421,0.625,1,5.201480388641357,True
mIun6SVIyEA,anonymous complaint,True,True,0.7730769515037537,0.7769230604171753,0.71875,3,8.657605171203613,True
mJz4mKTtt64,cheap,True,True,0.3655914068222046,0.3655914068222046,0.375,0,3.4215285778045654,True
mKT_yIIVqbA_1,on demand,True,True,0.8592592477798462,0.9037036895751953,0.875,1,4.702508926391602,True
mKjjkYe1ZSg_1,tortoise,True,True,0.5333333611488342,0.5733333230018616,0.5625,1,10.687602996826172,True
mKxgmzevEio,birds,True,True,0.3305084705352783,0.33898305892944336,0.34375,0,4.205847263336182,True
mL4_qchOSsM_1,gas stove,True,True,0.6000000238418579,0.6095238327980042,0.625,1,3.9611146450042725,True
mLANykny44w,ukraine,True,True,0.6111111044883728,0.625,0.625,0,3.274475336074829,True
mLirLDw62Dk_1,restricted,True,True,0.47777777910232544,0.4888888895511627,0.46875,1,6.8985981941223145,True
mNf1uFIbIfI_1,bhangada,True,True,0.523809552192688,0.5555555820465088,0.5625,0,5.015678882598877,True
mOkpsL3dtYU_1,decline,True,True,0.6969696879386902,0.6969696879386902,0.65625,2,4.5372443199157715,True
mP9BH-ZabQk_1,gujarati,True,True,0.5333333611488342,0.5333333611488342,0.53125,0,4.521446228027344,True
mPEgUoTSEoY_1,ourselves,True,True,0.6133333444595337,0.7200000286102295,0.75,1,3.8033318519592285,True
mPZ37Qlg4B8,when,True,True,0.6470588445663452,0.6470588445663452,0.65625,1,3.4067084789276123,True
mPyRIGEieXo_1,some,True,True,0.30666667222976685,0.30666667222976685,0.3125,3,3.757767915725708,True
mQPmk_qj6wM_1,risk,True,True,0.4533333480358124,0.5333333611488342,0.53125,2,7.647266864776611,True
mRmOZEKXSFQ_1,jackfruit,True,True,0.5600000023841858,0.5600000023841858,0.5625,4,13.75175952911377,True
mRodiqQBduE,bitter gourd,True,True,0.5744680762290955,0.5744680762290955,0.5625,0,4.093212127685547,True
mTuXlaWeVf8,optical character recognition,True,True,0.9217081665992737,0.9217081665992737,0.90625,12,12.404818534851074,True
mUeSvl1T5Sk,ghana,True,True,0.5675675868988037,0.5675675868988037,0.53125,0,6.229942798614502,True
mUes7TvTZ0Y,catch,True,True,0.5308641791343689,0.5432098507881165,0.53125,3,6.521888256072998,True
mUhcz7RyFqI_1,peak,True,True,0.7400000095367432,0.7400000095367432,0.71875,1,5.15818977355957,True
mWBceiU6iR4_1,quran,True,True,0.4399999976158142,0.4399999976158142,0.4375,1,3.141791343688965,True
mWHH9UopPFs,mi xiaomi,True,True,0.41600000858306885,0.41600000858306885,0.40625,0,2.646515369415283,True
mY5LdfQ0sjQ,second,True,True,0.6326530575752258,0.6326530575752258,0.59375,3,6.326271057128906,True
mZ8Tmp9I2Is,cock erels,True,True,0.7066115736961365,0.7066115736961365,0.6875,2,4.84898042678833,True
mZPhzM2sh0E_1,faith,True,True,0.5222222208976746,0.5222222208976746,0.53125,0,2.7973737716674805,True
m_jv0J-ORnQ_1,sunday,True,True,0.44999998807907104,0.4833333194255829,0.46875,0,7.8371500968933105,True
m_rnnhVnHZo_2,experiment,True,True,0.47252747416496277,0.5494505763053894,0.5625,0,2.1574580669403076,True
maf-Qj8EavI_1,agenda,True,True,0.7599999904632568,0.7933333516120911,0.71875,0,5.131357192993164,True
md3sDbLwP_I,czech republic,True,True,0.5128205418586731,0.5128205418586731,0.5,0,5.428108215332031,True
mdghSfzgn_w,okay,True,True,0.48514851927757263,0.48514851927757263,0.46875,1,2.767712116241455,True
mdv4f8f7JpQ_2,hot,True,True,0.7966101765632629,0.8983050584793091,0.90625,0,6.8008294105529785,True
meGXyGsCWhs,season,True,True,0.7017543911933899,0.7251461744308472,0.71875,2,3.640307903289795,True
mfoG6eiYkuA_1,busy,True,True,0.6000000238418579,0.6266666650772095,0.625,1,5.3781867027282715,True
mgVaDE2i02s_1,engine,True,True,0.6704545617103577,0.6704545617103577,0.65625,0,4.934817314147949,True
mh7hK_GB1yQ,paneer,True,True,0.7234042286872864,0.7234042286872864,0.71875,2,8.161928176879883,True
mhO9nuyQ28I,merge,True,True,0.31496062874794006,0.31496062874794006,0.3125,0,4.420381546020508,True
migHEZ8zuh0_1,candle,True,True,0.6476190686225891,0.6571428775787354,0.625,2,4.493285655975342,True
mikGymYxces_1,sewing machine,True,True,0.5866666436195374,0.6000000238418579,0.59375,1,5.1809611320495605,True
mjwekhNRLbY,shaving razor,True,True,0.765625,0.765625,0.75,3,5.054455280303955,True
mkXoxeaRCRc,triple,True,True,0.30612245202064514,0.3265306055545807,0.3125,1,2.5462486743927,True
mkgTT7rVBAQ_1,thumb impression,True,True,0.3272727131843567,0.3272727131843567,0.34375,1,4.368157863616943,True
mkl9CmVJ2tM_1,subsidy,True,True,0.9523809552192688,0.9904761910438538,0.96875,1,3.7151882648468018,True
mmXQw0IktO0_1,good,True,True,0.5777778029441833,0.5777778029441833,0.5625,0,5.194616794586182,True
mn1F8ifBfE8_1,cap,True,True,0.5079365372657776,0.5079365372657776,0.5,0,6.85231876373291,True
mn1rYKlKYt4_2,milligram,True,True,0.6238532066345215,0.6605504751205444,0.6875,0,3.3928699493408203,True
mnZrhrQqNQk,peacock,True,True,0.4270833432674408,0.4270833432674408,0.4375,0,6.286245346069336,True
mnswyczu_t4_1,easter,True,True,0.6136363744735718,0.6590909361839294,0.625,5,6.530355453491211,True
mny-_WVQmTM_1,newspaper,True,True,0.6190476417541504,0.6190476417541504,0.625,3,5.590182304382324,True
mpugTirtE4Q_1,exercise,True,True,0.6111111044883728,0.6111111044883728,0.59375,3,6.360922336578369,True
mq9WIJ0BxY8,forest,True,True,0.6280992031097412,0.6280992031097412,0.65625,2,5.219974040985107,True
msAFTkGIkKY,dehradun,True,True,0.6262626051902771,0.6262626051902771,0.625,0,3.460738182067871,True
msFZgjGHhCw_1,facsimile signature,True,True,0.5047619342803955,0.5142857432365417,0.5,1,4.187623023986816,True
mty6yED1PpI_2,projector,True,True,0.5600000023841858,0.6000000238418579,0.59375,3,7.991335868835449,True
muFgzetIJP4,sea,True,True,0.2946428656578064,0.2946428656578064,0.28125,1,4.797956943511963,True
mw6GHL7CsJw_1,son,True,True,0.7151514887809753,0.7151514887809753,0.65625,1,3.3227789402008057,True
mwUQPlBBZgE,stop,True,True,0.4329896867275238,0.4329896867275238,0.40625,0,4.337634563446045,True
myELYk-m-cI_1,toes,True,True,0.375,0.4000000059604645,0.375,0,4.035046577453613,True
mySSsdvhhZI_1,despatch,True,True,0.6296296119689941,0.6296296119689941,0.59375,2,4.991786003112793,True
mztpaGS8lno_1,sugarcane,True,True,0.5600000023841858,0.5600000023841858,0.5625,1,4.699792861938477,True
n-1noAwKg1w,economics,True,True,0.5666666626930237,0.5666666626930237,0.53125,1,5.305222034454346,True
n-oYLZ4V2ZY_1,possible,True,True,0.4126984179019928,0.4126984179019928,0.40625,0,6.106842517852783,True
n0NXSLz7Skk,wrong,True,True,0.3483146131038666,0.3483146131038666,0.34375,0,4.055213928222656,True
n0ixnjHqfAU,accept,True,True,0.37931033968925476,0.37931033968925476,0.375,2,11.274173736572266,True
n162JtquPPo,chicks,True,True,0.7194244861602783,0.7194244861602783,0.6875,1,4.2995524406433105,True
n2XiOTb_y0E,shell top,True,True,0.5166666507720947,0.5166666507720947,0.5,2,3.037625312805176,True
n2Yyy3BkMjk,ginger,True,True,0.4455445408821106,0.4455445408821106,0.4375,1,5.537395000457764,True
n4ITD16-c9Q,kochi,True,True,0.4615384638309479,0.4615384638309479,0.46875,0,9.358336448669434,True
n5UUf4qS9vo,tall protective hedges,True,True,0.9262820482254028,0.9262820482254028,0.90625,6,5.033398151397705,True
n7Ikc1zpm-o,cylinder,True,True,0.5925925970077515,0.5925925970077515,0.59375,2,3.8821794986724854,True
n7sdyYH_Vss,people,True,True,0.30128204822540283,0.30128204822540283,0.3125,2,4.97891902923584,True
n8CdU-tQIX4,roof,True,True,0.5634920597076416,0.5952380895614624,0.5625,2,2.2989823818206787,True
n9F3-JF1Dug,blouse,True,True,0.654321014881134,0.654321014881134,0.625,0,3.2961642742156982,True
nBXHnSz4pYc_1,compass,True,True,0.5333333611488342,0.5333333611488342,0.53125,3,6.854199409484863,True
nBnJhuCSZxY,compare,True,True,0.6206896305084229,0.6206896305084229,0.59375,1,4.007503986358643,True
nBp-9HnOvow_1,anklets,True,True,0.8266666531562805,0.8399999737739563,0.8125,0,3.773618459701538,True
nC0-4IBpIe0_1,mirror,True,True,0.6666666865348816,0.6666666865348816,0.65625,0,4.998382568359375,True
nDjjCfmeT28_1,put,True,True,0.47999998927116394,0.4933333396911621,0.5,2,4.522305488586426,True
nEoBtV3LSLw,shallow,True,True,0.6460176706314087,0.6460176706314087,0.65625,5,10.114312171936035,True
nGBnt1hkNA4,chain drive,True,True,0.5830815434455872,0.5830815434455872,0.59375,2,4.29015588760376,True
nGYNwYqr4iM_1,extra,True,True,0.13333334028720856,0.13333334028720856,0.125,0,2.24306321144104,False
nGiuyZ9jIds,fourteen,True,True,0.4166666567325592,0.4166666567325592,0.40625,1,3.617485284805298,True
nGk01dUfQo0,buffalo,True,True,0.35245901346206665,0.3606557250022888,0.34375,0,3.0549564361572266,True
nH3nl9uTYc8_1,expensive,True,True,0.46666666865348816,0.46666666865348816,0.4375,1,4.9096269607543945,True
nH5V7jQYZfU_1,feed,True,True,0.3866666555404663,0.4000000059604645,0.375,0,5.8672637939453125,True
nHEWuB2F5O4_2,loan terminable,True,True,0.75,0.75,0.75,1,5.607610702514648,True
nHdz1IK9ydw,weak,True,True,0.6202531456947327,0.6202531456947327,0.625,0,4.615641117095947,True
nHoSIUvNUhA,embryonic development,True,True,0.9139785170555115,0.9139785170555115,0.90625,6,4.08849573135376,True
nIBj-sIAi3s,sleep,True,True,0.6081081032752991,0.6081081032752991,0.59375,0,3.033677101135254,True
nIYd_DTmgOA,diabetes,True,True,0.7818182110786438,0.7818182110786438,0.78125,2,6.157607078552246,True
nIw0e8QMIko,rock,True,True,0.522522509098053,0.5405405163764954,0.53125,2,6.166107654571533,True
nLRgpHuC0fQ_1,cholera,True,True,0.6800000071525574,0.6800000071525574,0.65625,0,13.28222942352295,True
nN5836JqV6o,twin,True,True,0.4329896867275238,0.4329896867275238,0.40625,2,7.575625419616699,True
nOfYw4qFT98_1,calm,True,True,0.46590909361839294,0.5113636255264282,0.46875,1,3.4396543502807617,True
nOqqumlcVYU_1,shine,True,True,0.3466666638851166,0.3466666638851166,0.34375,0,2.78294038772583,True
nPFOofWkMZc,tall shrubs,True,True,0.7770270109176636,0.7905405163764954,0.78125,5,4.637540340423584,True
nPejilWVcLU,state,True,True,0.375,0.375,0.375,0,3.825528621673584,True
nQhm9tWvaog,german measles rubella,True,True,0.6140350699424744,0.6140350699424744,0.59375,0,4.94317626953125,True
nR0rTKA9Ldo_1,action,True,True,0.5407407283782959,0.5407407283782959,0.53125,0,2.6549222469329834,True
nRHDYOP78eE,spectacles,True,True,0.5151515007019043,0.5151515007019043,0.5,0,2.0565903186798096,True
nReXFWHGPdg,soup,True,True,0.4791666567325592,0.4791666567325592,0.46875,5,5.02944278717041,True
nS1xo_n5_sQ_1,you,True,True,0.4000000059604645,0.41333332657814026,0.40625,0,4.915985584259033,True
nS5mLcPFpnk_1,strong,True,True,0.4399999976158142,0.47999998927116394,0.46875,1,4.291898250579834,True
nS9YfFqJct0_2,angle,True,True,0.5844155550003052,0.5844155550003052,0.59375,1,2.6153242588043213,True
nSEzV5TYaZk,milling cutter angle,True,True,0.5509259104728699,0.5509259104728699,0.53125,3,5.129908084869385,True
nT_QwhsDXR0,prescription,True,True,0.5871559381484985,0.5963302850723267,0.5625,0,3.034176826477051,True
nU2c599HQUM_1,cake,True,True,0.5333333611488342,0.5600000023841858,0.5625,4,9.057662963867188,True
nVGUO-aBw6o,remove,True,True,0.45205479860305786,0.45205479860305786,0.4375,4,3.834233522415161,True
nWsRyI0iqEQ,lift,True,True,0.5757575631141663,0.5757575631141663,0.5625,1,2.291443347930908,True
nX8FJ8qjPuQ_1,candle,True,True,0.6571428775787354,0.6666666865348816,0.65625,3,8.178544998168945,True
nYQJc4FIONc_1,patience,True,True,0.5777778029441833,0.5777778029441833,0.5625,0,4.235052108764648,True
nYq64foD8OE_1,scent,True,True,0.5555555820465088,0.5555555820465088,0.53125,0,3.2579331398010254,True
nZC6NXo3SAc,truck,True,True,0.5161290168762207,0.5403226017951965,0.53125,1,3.2058753967285156,True
nZPix7hmbDc_1,chest,True,True,0.699999988079071,0.699999988079071,0.6875,0,7.747477054595947,True
nZQgs84-71M_1,sunday,True,True,0.4833333194255829,0.6166666746139526,0.625,0,7.313131332397461,True
nZXIuMlpqs8_1,temporary,True,True,0.46666666865348816,0.5199999809265137,0.53125,3,6.89384651184082,True
nZp9HgnRg2Q_1,compate,True,True,0.60317462682724,0.6349206566810608,0.625,1,4.922793865203857,True
n_8B2_ChR7I,lamp,True,True,0.4958677589893341,0.5041322112083435,0.5,1,2.720510721206665,True
n_ZH6USjaMM_1,unlimited,True,True,0.5199999809265137,0.6133333444595337,0.59375,0,3.405388116836548,True
na-Lq61BD80_1,agree,True,True,0.4285714328289032,0.4285714328289032,0.40625,0,4.24791955947876,True
nbGClOPWFAs,label,True,True,0.5333333611488342,0.5333333611488342,0.5,0,4.841073036193848,True
nbGetUh9P74_1,about,True,True,0.4920634925365448,0.4920634925365448,0.46875,0,3.118461847305298,True
nbJBh7lzl30,taxi,True,True,0.375,0.38461539149284363,0.375,2,2.663787841796875,True
nbVI64uJFks,kannada,True,True,0.36477985978126526,0.36477985978126526,0.34375,4,6.79303503036499,True
ncAPREMR3JA,dvd,True,True,0.3478260934352875,0.3478260934352875,0.34375,1,4.597186088562012,True
ncRjrgTmEho_1,trade,True,True,0.8761904835700989,0.9333333373069763,0.9375,2,5.063389778137207,True
ndCTFD1P_qo,balloon,True,True,0.6710526347160339,0.6710526347160339,0.65625,2,5.762259006500244,True
ndTLR5u4IKc,autocracy,True,True,0.9406779408454895,0.9491525292396545,0.9375,19,5.091568470001221,True
ndh4le8xfHY_1,practise,True,True,0.7066666483879089,0.7066666483879089,0.71875,3,4.195557594299316,True
ne5dJi6f9aQ,permanent,True,True,0.6585366129875183,0.6585366129875183,0.65625,0,4.345893383026123,True
nejz8c9gkFE_2,south poie,True,True,0.8086956739425659,0.8173912763595581,0.78125,2,6.4240946769714355,True
ngk26A8JXKk,besom pocket,True,True,0.5555555820465088,0.5555555820465088,0.53125,1,4.001758098602295,True
nhLcG0rMU7c_1,lawyer,True,True,0.4920634925365448,0.5555555820465088,0.5625,0,3.214813470840454,True
nhi8hvvKDe0_1,survivorship,True,True,0.9333333373069763,0.9407407641410828,0.96875,3,3.3880295753479004,True
nhlsBwo95ms_1,sri lanka,True,True,0.4285714328289032,0.4285714328289032,0.40625,0,5.651740074157715,True
nkox-ajvLnc,lift,True,True,0.4285714328289032,0.43877550959587097,0.4375,1,2.482187509536743,True
nmC9PhWItts,recharge,True,True,0.48905110359191895,0.49635037779808044,0.5,4,5.146381855010986,True
nnnPWu4bf60_2,galaxy,True,True,0.7517730593681335,0.7872340679168701,0.78125,3,7.257784843444824,True
nnpCEu2kzrs_1,mosquito,True,True,0.54666668176651,0.5733333230018616,0.59375,1,4.034208297729492,True
npDGGJ0M-wc_1,ledger,True,True,0.8733333349227905,0.8999999761581421,0.90625,1,3.67151141166687,True
npkVQCEbeeM_1,kill,True,True,0.4285714328289032,0.4285714328289032,0.4375,0,4.508745193481445,True
nqBsZsXrUk0_1,holder,True,True,0.6399999856948853,0.6399999856948853,0.625,2,3.327033519744873,True
nqH15OqXPnI,winner,True,True,0.7386759519577026,0.7735191583633423,0.75,4,6.663959980010986,True
nqN1KzFQ-nk,scalpel,True,True,0.6426593065261841,0.6509695053100586,0.65625,6,4.140714645385742,True
nru9lQCilqs_1,questionnaire,True,True,0.4888888895511627,0.5111111402511597,0.5,3,6.440448760986328,True
nsIYX21oO_M_1,divide,True,True,0.3466666638851166,0.3733333349227905,0.34375,3,11.200952529907227,True
nsmhWfsLTLc_1,unpaid,True,True,0.3888888955116272,0.42222222685813904,0.4375,2,5.008872985839844,True
nt0_JZPdo-Y,fish as a food of cattle,True,True,0.8086419701576233,0.8209876418113708,0.8125,9,6.448326587677002,True
nt6YlBv1Qv0,scotland,True,True,0.5882353186607361,0.5882353186607361,0.59375,0,1.924585223197937,True
ntsopMo8ABU,battered child syndrome,True,True,0.8125,0.8458333611488342,0.84375,8,5.955248832702637,True
nuTB6o4EeUU_1,symbol,True,True,0.9407407641410828,0.9481481313705444,0.9375,0,3.3989322185516357,True
nuVE-pwIDNM,time,True,True,0.5600000023841858,0.5600000023841858,0.5625,0,4.723300933837891,True
nuYcIMq8e5U,apple,True,True,0.3764705955982208,0.3764705955982208,0.375,0,2.441326141357422,True
nur8ELm8QV4,rocking chair,True,True,0.5916666388511658,0.675000011920929,0.65625,1,5.038211822509766,True
nv_OhAg7zNE_1,office bearer,True,True,0.9416666626930237,0.9583333134651184,0.96875,1,8.022757530212402,True
nvofZFSfV1w_1,table,True,True,0.25555557012557983,0.25555557012557983,0.28125,0,3.964836835861206,True
nweVa6JYyYw,very,True,True,0.4000000059604645,0.4000000059604645,0.40625,1,5.360838890075684,True
ny7-NbuyCuY,toggle button,True,True,0.5909090638160706,0.5909090638160706,0.5625,4,4.0894341468811035,True
nyjlcCkgQVI_1,leprosy,True,True,0.5333333611488342,0.5444444417953491,0.53125,1,3.598654270172119,True
o-H6UeceSts,circuit breaker,True,True,0.44700461626052856,0.44700461626052856,0.4375,2,3.1142067909240723,True
o-Y-aBPo_xw,armenia,True,True,0.48275861144065857,0.48275861144065857,0.5,3,6.188314914703369,True
o1HHyNHRKaw_1,repay,True,True,0.4444444477558136,0.46666666865348816,0.4375,1,4.5638837814331055,True
o1T_M9vuDr8_1,gloves,True,True,0.4933333396911621,0.4933333396911621,0.5,0,3.1346919536590576,True
o1TtSAj8-oc_1,balloon,True,True,0.41333332657814026,0.41333332657814026,0.40625,0,3.676069736480713,True
o2drDly41iw_2,centripetal,True,True,0.7683615684509277,0.7853107452392578,0.75,1,4.497407913208008,True
o34Uvfsrpy0,servant,True,True,0.7363636493682861,0.7363636493682861,0.71875,17,4.586596488952637,True
o3ThFwDDdso,neck,True,True,0.5113636255264282,0.5113636255264282,0.5,0,4.074171543121338,True
o3UvzZTcMqY,medium shrubs,True,True,0.8883248567581177,0.8984771370887756,0.875,10,6.438903331756592,True
o3Yqyk3bfXE,snow,True,True,0.5378151535987854,0.5378151535987854,0.53125,3,9.752531051635742,True
o4AfySvjYxo_1,kurta,True,True,0.6349206566810608,0.6507936716079712,0.65625,3,7.009518623352051,True
o4GtA7kt0xc_1,floppy,True,True,0.6477272510528564,0.6704545617103577,0.6875,3,4.458777904510498,True
o4zm0Ga1olU_1,self explanatory,True,True,0.6583333611488342,0.699999988079071,0.6875,1,5.162344455718994,True
o610N3lN8Zo,konark sun temple,True,True,0.7904191613197327,0.7904191613197327,0.75,3,3.858144760131836,True
o68UYF2jW_o,handpump water,True,True,0.6239316463470459,0.6239316463470459,0.5625,5,9.062350273132324,True
o6HO3Gv3-HI_1,year,True,True,0.4333333373069763,0.44999998807907104,0.4375,2,4.634375095367432,True
o7TVosWSogI,abstract,True,True,0.6121794581413269,0.6153846383094788,0.59375,6,5.834007263183594,True
o7f9Ny0BfQU,artesian well,True,True,0.650943398475647,0.650943398475647,0.65625,3,5.550040245056152,True
o81WOSZDrs4_1,tortoise,True,True,0.5555555820465088,0.6333333253860474,0.59375,1,9.527512550354004,True
o90151UDeTo_1,prescribe,True,True,0.6857143044471741,0.6857143044471741,0.6875,2,6.163552284240723,True
o95thycjZd0,transfer fee,True,True,0.699999988079071,0.699999988079071,0.6875,5,5.88206672668457,True
o9vIJZ9h9dQ,bullet train,True,True,0.4318181872367859,0.4318181872367859,0.40625,0,2.614741086959839,True
oA3QZPn2m1k,duck,True,True,0.6601941585540771,0.6601941585540771,0.625,5,6.4335455894470215,True
oAbVUktjGi0_1,thick,True,True,0.4533333480358124,0.4533333480358124,0.46875,2,8.270951271057129,True
oAhY6BKcbG0,study,True,True,0.46236559748649597,0.46236559748649597,0.46875,1,6.582833290100098,True
oBQfG6EUQEM_1,watch,True,True,0.7047619223594666,0.7142857313156128,0.6875,3,5.706363201141357,True
oBlFP8OmGmI_1,harvest,True,True,0.523809552192688,0.523809552192688,0.53125,1,8.318843841552734,True
oClte_ZOU3o,html tag,True,True,0.6012461185455322,0.6012461185455322,0.59375,4,4.259048938751221,True
oCv7HT967Zc,air matress,True,True,0.7844523191452026,0.7844523191452026,0.75,2,4.651517868041992,True
oDkQtwBcNJE,tom and jerry,True,True,0.44594594836235046,0.44594594836235046,0.40625,3,4.920307159423828,True
oEb4cNh9cng,israel,True,True,0.4655172526836395,0.4655172526836395,0.46875,3,11.321255683898926,True
oH1yvkXOQ6w,gram,True,True,0.5389610528945923,0.5389610528945923,0.53125,6,9.780282974243164,True
oH5IJ53C4Nk,dengue,True,True,0.7524752616882324,0.7524752616882324,0.75,3,3.3338475227355957,True
oJUjrqXkdjs,add,True,True,0.5409836173057556,0.5409836173057556,0.53125,0,5.341139793395996,True
oK0JcoPqnuY,namaste,True,True,0.4675324559211731,0.4675324559211731,0.46875,2,6.745091438293457,True
oKJinRbyd5c,safety helmet,True,True,0.8426395654678345,0.8629441857337952,0.84375,5,5.770113945007324,True
oKZLgXGojzE_1,stock opening,True,True,0.42500001192092896,0.4416666626930237,0.4375,2,3.4225308895111084,True
oL5-8eYbp3I,rally,True,True,0.5669291615486145,0.5748031735420227,0.53125,0,7.578043460845947,True
oLG6MTeNo2k_1,become,True,True,0.3333333432674408,0.3333333432674408,0.34375,1,3.8991637229919434,True
oLKRnSnr58c,rarely,True,True,0.6470588445663452,0.6470588445663452,0.625,3,4.0667619705200195,True
oLYzn3tvSWQ_1,promisory note,True,True,0.40833333134651184,0.4166666567325592,0.40625,1,6.984793186187744,True
oMptigXjs8w,year,True,True,0.42391303181648254,0.42391303181648254,0.40625,1,4.072718620300293,True
oMrL9S8VGJ0_1,frog,True,True,0.5444444417953491,0.5555555820465088,0.5625,0,8.238937377929688,True
oNLS4rBETd8,bharatiya janata party,True,True,0.6666666865348816,0.6666666865348816,0.65625,4,5.437063217163086,True
oNRtJ5PQ4NU,emergency medical technician,True,True,0.8039215803146362,0.8039215803146362,0.8125,3,4.757393836975098,True
oNnwv2EUUOQ,pakistan,True,True,0.3442623019218445,0.3442623019218445,0.34375,0,8.915447235107422,True
oPV8jV_SqGM_1,scissors,True,True,0.380952388048172,0.4126984179019928,0.40625,0,2.895763635635376,True
oPedYyqevCM,natural,True,True,0.4029850661754608,0.4029850661754608,0.40625,1,10.433338165283203,True
oPypd7lSD84_1,per pro,True,True,0.48571428656578064,0.4952380955219269,0.4375,4,5.12712287902832,True
oQ5MXCEEm7M_1,glass,True,True,0.4952380955219269,0.4952380955219269,0.46875,0,5.505649089813232,True
oQNOHd5JtqA,funeral cremation,True,True,0.4841269850730896,0.5079365372657776,0.46875,6,7.173020839691162,True
oQZt_Mg6WFQ,sp,True,True,0.5975610017776489,0.5975610017776489,0.59375,1,5.02111291885376,True
oQhxACPhL1k,buffet,True,True,0.41874998807907104,0.42500001192092896,0.4375,5,5.238067150115967,True
oRJn3LprR4U,bowler,True,True,0.36263737082481384,0.36263737082481384,0.34375,0,3.5848422050476074,True
oROlXdZN6pA_1,feather,True,True,0.6888889074325562,0.7111111283302307,0.6875,0,4.256107330322266,True
oRWZCnGJmjY_1,beans,True,True,0.5066666603088379,0.5066666603088379,0.5,0,3.7735812664031982,True
oRbyb-naKkE_1,far,True,True,0.5333333611488342,0.5600000023841858,0.5625,3,6.062172889709473,True
oRcnRJ4g8GY,icici bank,True,True,0.574999988079071,0.574999988079071,0.5625,0,5.485196113586426,True
oSG1xo9mKto,ad infinitum,True,True,0.6666666865348816,0.6666666865348816,0.625,3,5.874807357788086,True
oSXFhrjLVAI,quickly,True,True,0.3246753215789795,0.350649356842041,0.375,2,3.2826974391937256,True
oSjumbZ6yhI,alkali soil,True,True,0.9034482836723328,0.9034482836723328,0.875,1,4.336488723754883,True
oUGGkzVjF3A_1,bath,True,True,0.6349206566810608,0.6507936716079712,0.65625,2,5.6483941078186035,True
oUcoHPxXsbA,ice hockey,True,True,0.6571428775787354,0.6571428775787354,0.65625,1,3.4058351516723633,True
oUq6eVq85sU_1,kilogram,True,True,0.4399999976158142,0.4399999976158142,0.4375,3,5.778664588928223,True
oWCU9EhTFuY_2,irregular vibration,True,True,0.6528925895690918,0.6611570119857788,0.65625,4,8.04846477508545,True
oX-Mo3au4eY,international,True,True,0.48571428656578064,0.48571428656578064,0.46875,2,3.7214839458465576,True
oXDA73D5WAM,try,True,True,0.6117647290229797,0.6117647290229797,0.59375,0,2.511582851409912,True
oY37vXA7tXk,problem,True,True,0.6385542154312134,0.6385542154312134,0.625,0,3.672119140625,True
oYPDwA6rGqc_1,conversion,True,True,0.8333333134651184,0.8583333492279053,0.84375,3,4.68282413482666,True
oYwBPKBX2kE,mouth,True,True,0.5307692289352417,0.5307692289352417,0.5,2,2.9899399280548096,True
oZ2YUZsC7hA_2,high resistance,True,True,0.9515151381492615,0.9636363387107849,0.96875,4,10.417192459106445,True
oZ6x75IBNj8,programme,True,True,0.3451327383518219,0.3451327383518219,0.3125,1,7.061039447784424,True
oZGsu4mt2e4_2,automobiles,True,True,0.550561785697937,0.7752808928489685,0.75,1,4.728630065917969,True
oZjgBn_Aml4_1,par - below,True,True,0.5481481552124023,0.5629629492759705,0.5625,1,9.700163841247559,True
o_Dvm4U4sLo,make,True,True,0.3644859790802002,0.3644859790802002,0.34375,1,6.549640655517578,True
o_ThmWoMwYM_2,improvement,True,True,0.8135592937469482,0.8305084705352783,0.84375,3,5.384009838104248,True
oa5xViQgdGc_1,sick,True,True,0.7066666483879089,0.7066666483879089,0.6875,2,4.583045482635498,True
oaBVfRn6GPA_1,chapter,True,True,0.5396825671195984,0.60317462682724,0.59375,0,5.557847023010254,True
ocJHUZkUA1E_2,degree,True,True,0.5199999809265137,0.5733333230018616,0.53125,1,6.982330322265625,True
odwu59KYHWk_1,thermometer,True,True,0.5733333230018616,0.6000000238418579,0.5625,0,4.604393005371094,True
oeH2BtfiHVI,fruits,True,True,0.5315315127372742,0.5315315127372742,0.5,3,5.3837809562683105,True
ofZ6Jo2XUn8,kathakali,True,True,0.6834532618522644,0.6834532618522644,0.65625,2,2.6471850872039795,True
ogn8OCqqQ7k,confess,True,True,0.4097222089767456,0.4097222089767456,0.40625,1,5.697417736053467,True
ogoYx2zZE7E,needle,True,True,0.5617284178733826,0.5617284178733826,0.5625,3,7.694998741149902,True
oh90rIHoAuQ_1,morning,True,True,0.5555555820465088,0.5777778029441833,0.53125,0,3.050074815750122,True
ohjswsB3XdQ,batman,True,True,0.5247524976730347,0.5247524976730347,0.53125,2,11.31037425994873,True
oizhgT9YG74,motherboard,True,True,0.681034505367279,0.7068965435028076,0.6875,8,6.448690891265869,True
oj-FbF4iU5M_2,negative,True,True,0.8181818127632141,0.8181818127632141,0.8125,0,13.423384666442871,True
ojCn0dDr1m0,rock climbing gujarat,True,True,0.8110598921775818,0.8341013789176941,0.8125,3,6.366322040557861,True
ojf8g4q0xvU_1,actual,True,True,0.32592591643333435,0.34074074029922485,0.375,1,9.840312957763672,True
ok8DLBVJmKU_1,chief minister,True,True,0.9318181872367859,1.0,1.0,1,5.005420684814453,True
oksjclh3Z3M,out of work,True,True,0.5510203838348389,0.5510203838348389,0.53125,0,11.978543281555176,True
omEpmBorZUg_1,non legal,True,True,0.4833333194255829,0.4833333194255829,0.5,0,3.7194478511810303,True
omcdxRmGHMM,lapel,True,True,0.6324110627174377,0.6324110627174377,0.59375,1,2.6583290100097656,True
onUK6-vwi1s_1,doubt,True,True,0.5555555820465088,0.5555555820465088,0.53125,0,3.906136989593506,True
onsdyXAWNqY,violin,True,True,0.6666666865348816,0.6666666865348816,0.625,1,3.960977554321289,True
oo5qLRI1lmM_1,mumbai,True,True,0.3968254029750824,0.4285714328289032,0.40625,1,6.548333168029785,True
ooGQLLL-8RQ,experiment,True,True,0.5364238619804382,0.5364238619804382,0.53125,3,7.072707653045654,True
opvfqSmc3TM_1,fund,True,True,0.41111111640930176,0.4444444477558136,0.4375,1,4.673706531524658,True
oqQZVkOsNh8,metre,True,True,0.5080645084381104,0.5080645084381104,0.5,2,5.426199913024902,True
oqq2I0ePK3Y,initiative,True,True,0.5869565010070801,0.592391312122345,0.59375,4,5.6710381507873535,True
osKMM2nRMaI,passion,True,True,0.4728682041168213,0.4728682041168213,0.4375,4,8.22189998626709,True
osLBI6ox7EE,nervous,True,True,0.5876288414001465,0.5876288414001465,0.59375,0,5.101409435272217,True
otXF356rVzQ,bell,True,True,0.5742574334144592,0.5841584205627441,0.5625,3,4.725906848907471,True
ouQmvo795rE,four,True,True,0.4636363685131073,0.4636363685131073,0.4375,0,4.658504009246826,True
oumchDY1yqs_1,post office,True,True,0.47999998927116394,0.4933333396911621,0.53125,1,4.567439079284668,True
ouqUEVpF0v4,guide,True,True,0.7421875,0.7421875,0.71875,0,5.632282733917236,True
ov-SGBORI6Y,disrespect,True,True,0.2752293646335602,0.2752293646335602,0.25,4,4.893694877624512,True
p-TiL6oWEbA_1,often,True,True,0.36666667461395264,0.36666667461395264,0.34375,1,7.3939008712768555,True
p0IHOoCCGNU,carpenter,True,True,0.4848484992980957,0.5075757503509521,0.5,0,3.6624224185943604,True
p10Dt-78muM_1,energetic,True,True,0.60317462682724,0.60317462682724,0.59375,0,4.170749187469482,True
p1cUjAAJGtc_1,treasury,True,True,0.41904762387275696,0.46666666865348816,0.46875,1,4.229657173156738,True
p2fONcgegyM_1,account minor,True,True,0.7722222208976746,0.800000011920929,0.78125,1,5.545919895172119,True
p2tLsgPiaWw,iran,True,True,0.4938271641731262,0.4938271641731262,0.5,2,4.944051265716553,True
p2tdvIBIU0c_1,dhobi,True,True,0.54666668176651,0.5866666436195374,0.5625,1,3.0733742713928223,True
p5Fbfjwa6lo_2,watt,True,True,0.9457364082336426,1.0,1.0,3,4.570492267608643,True
p5sMB8Y4p7A_2,individual,True,True,0.3285714387893677,0.3285714387893677,0.34375,0,3.1127264499664307,True
p6Br14ZTsZI,cream,True,True,0.5489130616188049,0.5489130616188049,0.5625,4,6.513025283813477,True
p7L6g9YzTVU,thermometer,True,True,0.4395604431629181,0.4395604431629181,0.4375,0,3.4791674613952637,True
p7oldq2vCto_1,enclosure,True,True,0.42222222685813904,0.43703705072402954,0.4375,1,5.280064105987549,True
p8-zJttOAKc_1,toilet,True,True,0.46666666865348816,0.46666666865348816,0.46875,4,4.985321521759033,True
p8R2zU16-xI_1,thursday,True,True,0.4399999976158142,0.47999998927116394,0.46875,3,3.700904369354248,True
p8RRLvEnKIY_2,relief,True,True,0.5199999809265137,0.5333333611488342,0.53125,1,11.789413452148438,True
p8ccKTtbyaQ,duck,True,True,0.5714285969734192,0.5714285969734192,0.5625,2,12.997461318969727,True
p9SdpeHMkZ0,happy,True,True,0.32307693362236023,0.3692307770252228,0.375,0,3.871371269226074,True
p9bBKmmXvkY,calculator,True,True,0.6200000047683716,0.6200000047683716,0.625,0,5.265563488006592,True
p9iMjaFLMsc_2,battery,True,True,0.987500011920929,1.0,1.0,2,5.391267776489258,True
pAo8Zc96Tu8,shield,True,True,0.2905983030796051,0.2905983030796051,0.28125,1,3.0688939094543457,True
pAtADV-ujaQ,forever,True,True,0.4642857015132904,0.4642857015132904,0.4375,1,3.780364751815796,True
pBeRmN-a5lU,shawl,True,True,0.6842105388641357,0.6842105388641357,0.6875,0,3.775916576385498,True
pC0Qg1SBVs4_1,unit,True,True,0.5066666603088379,0.5600000023841858,0.53125,0,3.3731136322021484,True
pCBCoT-2Bb4,murder,True,True,0.4264705777168274,0.44117647409439087,0.4375,1,8.010129928588867,True
pCOcHCIK5rc_1,renewal,True,True,0.3777777850627899,0.46666666865348816,0.46875,1,6.573190212249756,True
pD08WIZUULQ_1,chappels,True,True,0.5333333611488342,0.5333333611488342,0.53125,2,6.386253833770752,True
pDANep6oMko_1,sugar,True,True,0.523809552192688,0.5714285969734192,0.5625,0,3.2309603691101074,True
pDoqBNI1OyY,hidden file,True,True,0.8873239159584045,0.8908450603485107,0.875,9,5.767969131469727,True
pEM47kqgTEc,asbestos,True,True,0.8505747318267822,0.8563218116760254,0.8125,4,2.8032147884368896,True
pEdQoefPlaI_1,exchange foreign,True,True,0.36666667461395264,0.36666667461395264,0.375,0,4.22471809387207,True
pFUbKCb5m0I,nice,True,True,0.33673468232154846,0.33673468232154846,0.34375,0,1.8849228620529175,True
pFhX9i2XDVY_1,trust,True,True,0.5,0.5444444417953491,0.5625,0,4.4042582511901855,True
pFvqiGdzRH4_1,encourage,True,True,0.5873016119003296,0.5873016119003296,0.5625,2,5.753149509429932,True
pFwwq-q_VTk,make a long story short,True,True,0.5714285969734192,0.5844155550003052,0.5625,1,11.798540115356445,True
pG0n_OYfyQ4_1,figure,True,True,0.43809524178504944,0.4476190507411957,0.4375,0,3.752016544342041,True
pHKwOx-oGic,nagpur,True,True,0.6134454011917114,0.6218487620353699,0.59375,1,2.9132161140441895,True
pHgHQOTWz-U,numerous,True,True,0.6385542154312134,0.6746987700462341,0.65625,1,4.694377899169922,True
pIdeeOdo8pw_1,cook,True,True,0.5600000023841858,0.6399999856948853,0.65625,1,4.434716701507568,True
pJZsB91xhWE_1,receiver,True,True,0.653333306312561,0.7333333492279053,0.6875,2,6.471208572387695,True
pJi25JN7TwU_1,clean bill,True,True,0.6814814805984497,0.6814814805984497,0.6875,2,8.181049346923828,True
pJpVzk9brGM,rude,True,True,0.30263158679008484,0.30263158679008484,0.3125,0,2.007028102874756,True
pKXztoHJJLg_1,thorn,True,True,0.5333333611488342,0.5444444417953491,0.53125,0,4.638648509979248,True
pKb4DHICBuo,happen,True,True,0.450549453496933,0.450549453496933,0.4375,2,3.9416913986206055,True
pMUP28lpEtI,grow,True,True,0.7744361162185669,0.7744361162185669,0.78125,0,3.632194757461548,True
pNIc3-tZCr8,this,True,True,0.28333333134651184,0.28333333134651184,0.28125,0,4.162022113800049,True
pNiWeRZM59o,document,True,True,0.48076921701431274,0.48076921701431274,0.46875,0,4.923873424530029,True
pOrhwbKtrns,policy,True,True,0.36538460850715637,0.36538460850715637,0.34375,0,4.1340861320495605,True
pPNhLjhDOcs_1,night,True,True,0.5333333611488342,0.5333333611488342,0.53125,6,6.020302772521973,True
pQ0xpEJDynQ_1,protest,True,True,0.4933333396911621,0.4933333396911621,0.5,0,5.182034969329834,True
pQlSVEXVTg0_1,judicial,True,True,0.8333333134651184,0.8333333134651184,0.8125,0,3.3895342350006104,True
pRJFwOmmjPE,mushroom,True,True,0.4871794879436493,0.4871794879436493,0.46875,0,4.0457305908203125,True
pTbDCcIMvpM,record video,True,True,0.6279069781303406,0.6279069781303406,0.59375,2,4.1450629234313965,True
pU-6WzNOsuc,tolerate,True,True,0.5175438523292542,0.5175438523292542,0.5,0,4.303407192230225,True
pUUQ1UG90rU,tight tracking,True,True,0.8619528412818909,0.8653198480606079,0.8125,8,8.410635948181152,True
pUe8744GO0Y_1,licence,True,True,0.7259259223937988,0.7851851582527161,0.8125,1,3.2144830226898193,True
pUfkesVaSYc,woven,True,True,0.7553957104682922,0.7553957104682922,0.75,1,3.797832489013672,True
pVFFflkBVio,guitar,True,True,0.6206896305084229,0.6293103694915771,0.625,0,5.553884983062744,True
pWdhIAVSNh4_1,pig,True,True,0.5809524059295654,0.5809524059295654,0.59375,0,7.673437118530273,True
pWeJhQGITxI_1,children,True,True,0.6333333253860474,0.6416666507720947,0.625,1,4.4332733154296875,True
pXODwFAlZUg_1,to,True,True,0.36000001430511475,0.36000001430511475,0.34375,2,6.676887512207031,True
pYCXAIysO5Y,record,True,True,0.7184466123580933,0.737864077091217,0.6875,1,5.609988212585449,True
pYNE4dYeRKk_1,yellow,True,True,0.37037035822868347,0.40740740299224854,0.375,0,4.199224948883057,True
pZ3sCNXcd_8,web camera,True,True,0.6836158037185669,0.700564980506897,0.6875,4,4.514909267425537,True
p___W5DGZYM,pronoun,True,True,0.37599998712539673,0.37599998712539673,0.34375,0,5.023459434509277,True
p_jV4LqTBws,taste,True,True,0.5242718458175659,0.5242718458175659,0.5,0,2.1265363693237305,True
p_jiAp79UAM_1,silk,True,True,0.37142857909202576,0.37142857909202576,0.375,1,2.2810349464416504,True
pcIRZ8YeSwY,google pay,True,True,0.7341772317886353,0.7341772317886353,0.71875,1,4.876642227172852,True
pcL8I0LkHiI_1,oriya,True,True,0.5066666603088379,0.5066666603088379,0.5,0,3.5036771297454834,True
pcMAg0w93W0,mobile,True,True,0.40229883790016174,0.40229883790016174,0.40625,1,2.0941693782806396,True
pcszWYZUdr4,audience,True,True,0.4198473393917084,0.4198473393917084,0.40625,4,8.083454132080078,True
pcz5j3TcyEs_1,brother,True,True,0.5388888716697693,0.5611110925674438,0.53125,1,5.749240875244141,True
pdCmQ4U7C7c,wedding reception,True,True,0.40495866537094116,0.40495866537094116,0.40625,1,3.3609488010406494,True
ped2hI_0Lu4_1,cooperate,True,True,0.4399999976158142,0.4399999976158142,0.40625,3,7.188235282897949,True
pgB67M7B9RY,gprs,True,True,0.5121951103210449,0.5121951103210449,0.46875,7,4.70836067199707,True
pgg0OdGUi9Q_2,kaleidoscope,True,True,0.7761194109916687,0.8059701323509216,0.78125,2,5.5549798011779785,True
ph86UNnfHM4_1,general ladger,True,True,0.42500001192092896,0.42500001192092896,0.4375,2,4.988729953765869,True
phWVA0eK_x8_1,now,True,True,0.18888889253139496,0.18888889253139496,0.1875,0,8.924912452697754,False
pi2WpXIFSN8_1,spot price,True,True,0.5083333253860474,0.5416666865348816,0.53125,0,11.335314750671387,True
pi57mKwYBNQ,make,True,True,0.4329896867275238,0.4329896867275238,0.4375,0,4.2414231300354,True
pjwWOqfb8JQ_1,practise,True,True,0.6704545617103577,0.7272727489471436,0.6875,0,2.67441725730896,True
pkfSN1ufC0c_1,appointment,True,True,0.6800000071525574,0.6800000071525574,0.65625,2,16.158063888549805,True
pl4fBwS1VKA,raipur,True,True,0.3695652186870575,0.3695652186870575,0.34375,0,4.4001569747924805,True
pmZTgjnADhQ,peon,True,True,0.3466666638851166,0.3466666638851166,0.34375,0,2.769930839538574,True
poWZ8sd_wfk_1,grass,True,True,0.6133333444595337,0.6800000071525574,0.6875,4,6.297460556030273,True
pobP84igDt4,fresh,True,True,0.33766233921051025,0.33766233921051025,0.34375,2,10.985801696777344,True
podfgBVY9ak,wife,True,True,0.4649122953414917,0.4649122953414917,0.4375,1,2.8026111125946045,True
pp-VaOe9Aek_1,day book,True,True,0.5866666436195374,0.5866666436195374,0.5625,4,7.336916446685791,True
pqdymDbWmpM_1,stingy,True,True,0.5866666436195374,0.5866666436195374,0.5625,5,6.864941120147705,True
pr_5nYeLFKc_2,bio energy,True,True,0.9318181872367859,1.0,1.0,1,7.334230422973633,True
prb13TWFfLY,rationale,True,True,0.6321839094161987,0.6321839094161987,0.625,0,4.1229658126831055,True
prejlBZJFWo,typist,True,True,0.6018518805503845,0.6111111044883728,0.59375,1,5.454925060272217,True
przV2cLTG_4,conference,True,True,0.5192307829856873,0.5480769276618958,0.5625,3,7.209840774536133,True
ptxxnMh-dvg,ms powerpoint,True,True,0.32407405972480774,0.32407405972480774,0.34375,1,7.989743232727051,True
pu9ff2Xvfy4,dhobi,True,True,0.5914633870124817,0.5914633870124817,0.59375,3,7.0547027587890625,True
puQHunAHML8,advantage,True,True,0.5942028760910034,0.5942028760910034,0.59375,1,2.085874080657959,True
pvCPTa5YUSQ,united states of america,True,True,0.4545454680919647,0.4545454680919647,0.4375,2,6.4229559898376465,True
pwGHjBM_o0A,zero,True,True,0.5,0.5121951103210449,0.53125,0,1.855597972869873,True
pwh-LfRLloM_1,feel,True,True,0.3968254029750824,0.3968254029750824,0.375,0,2.1402482986450195,True
pwmFabvAS3k,before,True,True,0.40860214829444885,0.40860214829444885,0.40625,0,4.54266357421875,True
pxDoKJd--Wk_1,drawer,True,True,0.4000000059604645,0.4000000059604645,0.4375,0,7.978646278381348,True
pxP6gH5pazw,beautiful,True,True,0.5346534848213196,0.5445544719696045,0.53125,0,3.4620954990386963,True
pxQQZrTl_S0_1,turnout,True,True,0.6666666865348816,0.6952381134033203,0.65625,0,6.271210670471191,True
pxjiTt5uiQo,twin,True,True,0.3978494703769684,0.4301075339317322,0.40625,0,3.362362861633301,True
pxlwsuM4GeY_1,them,True,True,0.4285714328289032,0.460317462682724,0.4375,0,5.824429035186768,True
pyrA60I4x5k,washroom,True,True,0.5740740895271301,0.5740740895271301,0.5625,2,4.808149337768555,True
pyuu4e4fioE_1,on probation,True,True,0.6666666865348816,0.7185184955596924,0.6875,3,7.997167587280273,True
pz-WdE_67TE,assailant,True,True,0.8315789699554443,0.8421052694320679,0.8125,10,4.443363666534424,True
q0FzWxQ3D8k_1,rock,True,True,0.3863636255264282,0.3863636255264282,0.375,0,4.738196849822998,True
q0NQtFrQljs,take hours at something,True,True,0.4554455578327179,0.4554455578327179,0.4375,1,7.824015140533447,True
q0tH9vIYWNU,poison,True,True,0.2751677930355072,0.2751677930355072,0.28125,0,2.5962717533111572,True
q2wNudHNr3Q,open belt drive,True,True,0.3499999940395355,0.3499999940395355,0.34375,1,3.3594212532043457,True
q3r_Y_arWCY_1,sentence,True,True,0.46666666865348816,0.46666666865348816,0.46875,0,4.132772922515869,True
q4UZa51yFUA_1,sister,True,True,0.678787887096405,0.6848484873771667,0.6875,0,2.8241376876831055,True
q4cpBqay1qI_1,advantage,True,True,0.550000011920929,0.550000011920929,0.5625,1,4.681638717651367,True
q5h35OmM1Zc_1,share preference,True,True,0.4416666626930237,0.44999998807907104,0.4375,1,4.079461097717285,True
q6RWNvLf2kA,thunder,True,True,0.5243902206420898,0.5365853905677795,0.53125,3,3.560790538787842,True
q79Rs300DoY_1,doll,True,True,0.4126984179019928,0.4126984179019928,0.40625,0,3.3553404808044434,True
q8GJtbifW80_2,escape,True,True,0.3400000035762787,0.3499999940395355,0.34375,1,2.1433463096618652,True
q8YYLFkGEwI_1,trade discount,True,True,0.37037035822868347,0.4000000059604645,0.40625,0,5.8378520011901855,True
q8nqvTW4ZBE,deep rooted,True,True,0.798701286315918,0.798701286315918,0.78125,5,3.613450288772583,True
q97fAwh2-aM,rate,True,True,0.5742574334144592,0.603960394859314,0.625,6,9.026168823242188,True
qB4HOTYT1VA,exotic sheep,True,True,0.8033707737922668,0.8089887499809265,0.78125,5,5.799122333526611,True
qBNL8tfKk_8_1,her,True,True,0.6190476417541504,0.6349206566810608,0.625,0,1.9957491159439087,True
qBsdlxgyHU4_1,cunning,True,True,0.6349206566810608,0.682539701461792,0.65625,0,4.84244441986084,True
qCoHkpGP5CA,uruguay,True,True,0.574999988079071,0.574999988079071,0.5625,0,2.64013934135437,True
qFOJk1w7PIs_1,visitor,True,True,0.5066666603088379,0.54666668176651,0.53125,1,2.579163074493408,True
qFfaDK70Jvc,decide,True,True,0.45652174949645996,0.45652174949645996,0.46875,1,3.243450880050659,True
qGXvLJud7iE_2,hexadecimal,True,True,0.9833333492279053,0.9916666746139526,0.96875,3,7.74622106552124,True
qIEr10Hg_Hw_1,bad,True,True,0.5523809790611267,0.561904788017273,0.53125,1,2.91574764251709,True
qIRaIAMh3Nk_1,peas,True,True,0.5066666603088379,0.5066666603088379,0.5,2,4.403162002563477,True
qIYgR-Dvb6I_1,bullock cart,True,True,0.7777777910232544,0.7936508059501648,0.78125,4,6.842855453491211,True
qI_HL9U9_UE,adoptive child,True,True,0.7305389046669006,0.7664670944213867,0.75,4,4.668405532836914,True
qJ25qL-gfX8,ways,True,True,0.534246563911438,0.5479452013969421,0.53125,1,7.070962905883789,True
qKEIXeVwCB4_1,west bengal,True,True,0.3863636255264282,0.4204545319080353,0.4375,2,5.097465515136719,True
qL6nqL53Z0g,autocracy,True,True,0.824999988079071,0.831250011920929,0.8125,3,7.857455730438232,True
qLAU7iI1Cfs,developmental delay,True,True,0.9291666746139526,0.9333333373069763,0.90625,2,17.173267364501953,True
qMD3sfogugU,unemployed,True,True,0.4680851101875305,0.4680851101875305,0.4375,1,4.582996368408203,True
qMDStZsjwX0,velcro,True,True,0.46666666865348816,0.46666666865348816,0.4375,1,5.36616325378418,True
qMGPlkkXdek_1,angry,True,True,0.5666666626930237,0.5666666626930237,0.5625,2,3.392909526824951,True
qNUrBAQsL5s_1,working hours,True,True,0.644444465637207,0.644444465637207,0.625,1,4.6647138595581055,True
qNWz7DPyrnU,select,True,True,0.3232323229312897,0.3232323229312897,0.3125,0,4.7765421867370605,True
qN_4AbN4yS8_1,plug,True,True,0.3733333349227905,0.3866666555404663,0.40625,4,8.712553024291992,True
qP3z3jT3ENc,blurring,True,True,0.9317507147789001,0.9317507147789001,0.90625,12,7.8308258056640625,True
qR9b5ntUm50,non infectious disease,True,True,0.8427299857139587,0.8456973433494568,0.8125,8,8.015366554260254,True
qRqxwR1617A,attendance record,True,True,0.5331010222434998,0.5331010222434998,0.53125,7,7.7713775634765625,True
qSD4IBK27Zg,toenail,True,True,0.753731369972229,0.7910447716712952,0.78125,1,3.760244607925415,True
qSuPoYq-8lc,smallpox,True,True,0.5175438523292542,0.5175438523292542,0.5,1,4.017319202423096,True
qTKpCqiDQZI,tata car,True,True,0.5048543810844421,0.5048543810844421,0.5,0,3.7111759185791016,True
qTqWjy6FgNE_1,white,True,True,0.5833333134651184,0.6000000238418579,0.59375,0,4.426384449005127,True
qUIXw4OObjQ_1,curry,True,True,0.5333333611488342,0.6000000238418579,0.59375,1,6.105963706970215,True
qW80XrM1yWQ,mall,True,True,0.75,0.75,0.75,0,4.328445911407471,True
qWzBMXkJ-DM,nomographer,True,True,0.6538461446762085,0.6698718070983887,0.65625,12,4.6492414474487305,True
qXPZr651bTY_1,talk,True,True,0.8133333325386047,0.8133333325386047,0.8125,1,4.902432918548584,True
qXV1KRvMA-Y,approve,True,True,0.4109589159488678,0.4109589159488678,0.40625,2,4.468999862670898,True
qYk4iw7qgmc,affirm,True,True,0.604651153087616,0.604651153087616,0.59375,1,4.75796365737915,True
q_0AgxMXZkU_1,area,True,True,0.6484848260879517,0.7151514887809753,0.6875,3,10.033883094787598,True
q_HxcWofEZU,allergy,True,True,0.5858585834503174,0.5858585834503174,0.5625,3,6.83155632019043,True
qa59arBbolM_1,retum outward,True,True,0.5703703761100769,0.5703703761100769,0.5625,1,4.164214134216309,True
qbITjeyEq14,national anthem,True,True,0.6470588445663452,0.6470588445663452,0.625,0,4.968205451965332,True
qbqRDmqdD3o_1,sell,True,True,0.523809552192688,0.5396825671195984,0.53125,1,5.293593406677246,True
qfxkW7YYQTU,abrasive,True,True,0.8093841671943665,0.8093841671943665,0.75,12,6.862687110900879,True
qgH8zxbIQr4_1,banaras,True,True,0.41333332657814026,0.47999998927116394,0.46875,2,2.167933225631714,True
qh52MLe84Fw_1,acceptance,True,True,0.2666666805744171,0.29629629850387573,0.3125,0,5.505923748016357,True
qhy4d9BzMIw_1,stamp,True,True,0.41333332657814026,0.4399999976158142,0.4375,3,4.357773303985596,True
qiK-4WwmTNg,island,True,True,0.6312500238418579,0.6312500238418579,0.625,1,5.0102362632751465,True
qiTht8WDOvI_1,lick,True,True,0.5568181872367859,0.5568181872367859,0.5625,0,3.0139827728271484,True
qjRRaPtsqf4,know your customer kyc form,True,True,0.28804346919059753,0.28804346919059753,0.28125,3,4.7613725662231445,True
qjgThWSsOVk_1,monday,True,True,0.4399999976158142,0.47999998927116394,0.46875,0,4.053040981292725,True
qjlkVQxsQJg_1,disabled,True,True,0.5133333206176758,0.5266666412353516,0.53125,1,4.009774684906006,True
qjnZDMjWiuk,weight,True,True,0.5827338099479675,0.5827338099479675,0.5625,5,8.067742347717285,True
qkl0Ad2_chc_1,ant,True,True,0.7200000286102295,0.800000011920929,0.78125,1,7.235672950744629,True
qksJ3uwtD1o_1,employment,True,True,0.4466666579246521,0.5133333206176758,0.53125,3,4.869482040405273,True
qkzrIpdfelI_2,uitrasonic,True,True,0.767241358757019,0.8103448152542114,0.78125,0,2.935702085494995,True
qlTFEkGXr7Q_1,anklets,True,True,0.8133333325386047,0.8133333325386047,0.78125,0,4.725346565246582,True
qm7nogtX_GY,zip,True,True,0.47058823704719543,0.47058823704719543,0.46875,2,6.623905658721924,True
qmOaTqw3WQY,projector,True,True,0.410526305437088,0.410526305437088,0.40625,1,3.788745164871216,True
qnlNXXR-M7c_2,kinetic energy,True,True,0.6397058963775635,0.6985294222831726,0.65625,1,10.68065071105957,True
qoGtYKREfLY,maha shivaratri,True,True,0.5213675498962402,0.5470085740089417,0.53125,1,2.508942127227783,True
qoMWB2o9jfE,hair dryer,True,True,0.7432432174682617,0.75,0.71875,1,5.239290237426758,True
qoU45G2WmsE,wear,True,True,0.1458333283662796,0.1458333283662796,0.125,1,2.5026426315307617,False
qouHxEWVK2w_2,generator,True,True,0.5221238732337952,0.5929203629493713,0.5625,0,4.138399600982666,True
qp4Sw-QAMD4,permit,True,True,0.6585366129875183,0.6585366129875183,0.65625,3,6.2711310386657715,True
qpNvq1zrIuc,transparent,True,True,0.6124030947685242,0.6124030947685242,0.625,0,3.120115280151367,True
qpeSv7MX-z0_1,pass,True,True,0.7866666913032532,0.7866666913032532,0.78125,0,3.2585508823394775,True
qpynNeUIkM4,waiting room,True,True,0.8080357313156128,0.8080357313156128,0.78125,7,7.636722087860107,True
qr6GWRK8STs_1,information,True,True,0.3733333349227905,0.3733333349227905,0.375,2,6.0052690505981445,True
qrAKx_t3qYk,low lying area,True,True,0.6146789193153381,0.6146789193153381,0.59375,4,5.3773908615112305,True
qrQAkUxy0KE_2,rotational,True,True,0.6483516693115234,0.6813187003135681,0.6875,1,7.213924407958984,True
qriQ0SvqUq0,volcano,True,True,0.421875,0.421875,0.375,1,5.163128852844238,True
qrkzRim1Qc0,past,True,True,0.5588235259056091,0.5588235259056091,0.5625,0,3.7040956020355225,True
qsLUWtIB5eM_1,burglar,True,True,0.6518518328666687,0.6666666865348816,0.625,3,7.169347286224365,True
qtblK4nxVok_1,their,True,True,0.4761904776096344,0.4761904776096344,0.5,1,3.2253174781799316,True
qtmO-0Fsjz8_1,mute,True,True,0.4533333480358124,0.4533333480358124,0.46875,1,2.6148152351379395,True
qu0RevE96ac,remove,True,True,0.5833333134651184,0.5833333134651184,0.5625,0,3.9070167541503906,True
qvpipwu40zk_1,moon,True,True,0.699999988079071,0.7400000095367432,0.71875,8,6.395662307739258,True
qw9d-nRDzKM_1,tuesday,True,True,0.5666666626930237,0.5833333134651184,0.5625,0,8.04150104522705,True
qweRHfBQxEg,pista,True,True,0.7395833134651184,0.7395833134651184,0.71875,4,3.9633634090423584,True
r-FVBdwV9VI,indent,True,True,0.8591065406799316,0.8659793734550476,0.84375,17,18.08473777770996,True
r-HB7BtP1JM_2,neptune,True,True,0.8305084705352783,0.8305084705352783,0.8125,2,9.6590576171875,True
r-Og6CaFJUA,metro,True,True,0.38947367668151855,0.4000000059604645,0.375,0,4.316717624664307,True
r15J1z-vQIM,rabindranath tagore,True,True,0.44680851697921753,0.45390069484710693,0.4375,2,4.357934951782227,True
r2UtCMULRmI_2,import,True,True,0.9111111164093018,0.9111111164093018,0.875,0,10.14642333984375,True
r2cxiOVBhpE_1,belief,True,True,0.4761904776096344,0.48571428656578064,0.46875,0,3.9863946437835693,True
r2tTgaCMDWo_1,handicapped,True,True,0.46590909361839294,0.46590909361839294,0.4375,0,2.9881558418273926,True
r3EgB2AGF3s_1,yellow,True,True,0.5199999809265137,0.5400000214576721,0.53125,0,4.189378261566162,True
r3H0vo7q6qY,myself,True,True,0.40789473056793213,0.40789473056793213,0.40625,0,2.009723424911499,True
r3HsR87-sN8,blame,True,True,0.5157894492149353,0.5368421077728271,0.5,3,5.596892356872559,True
r3MqV1WicvY_1,regularisation,True,True,0.43809524178504944,0.46666666865348816,0.4375,1,4.286464214324951,True
r3XLYw0EMlg_1,third party,True,True,0.5259259343147278,0.5333333611488342,0.53125,1,3.955711603164673,True
r4n7uVq_LzU,ladder,True,True,0.38842976093292236,0.38842976093292236,0.375,0,2.4538776874542236,True
r4sVEIO1jZE_1,pour,True,True,0.841269850730896,0.8888888955116272,0.90625,1,5.077090740203857,True
r5N3Xy-KNAU,music,True,True,0.5568181872367859,0.5568181872367859,0.5625,0,2.5992417335510254,True
r607N-5gkHs,iron,True,True,0.5131579041481018,0.5131579041481018,0.5,0,3.148989200592041,True
r644w1okl48_1,mile,True,True,0.4266666769981384,0.4266666769981384,0.40625,1,4.535507678985596,True
r777eDg0fX0_1,ram,True,True,0.5079365372657776,0.5079365372657776,0.5,0,3.846544027328491,True
r7Po-epk8iY,head pan,True,True,0.6463414430618286,0.707317054271698,0.71875,1,4.407015323638916,True
r7T0UqigDqg,fish food,True,True,0.6796537041664124,0.6839826703071594,0.6875,5,5.158581256866455,True
r7VLa40tjvM,area,True,True,0.5411764979362488,0.6000000238418579,0.5625,3,6.6619768142700195,True
r8-q53AmmMg,extinct,True,True,0.39393940567970276,0.39393940567970276,0.375,4,4.69201135635376,True
r83lka7D8KM_2,filament,True,True,0.7054263353347778,0.7441860437393188,0.71875,0,5.305301189422607,True
r8ySf1Ql93Q_1,ask,True,True,0.5333333611488342,0.5333333611488342,0.53125,2,7.091224193572998,True
r99WfHTRr2A,think,True,True,0.48235294222831726,0.4941176474094391,0.5,1,2.411576271057129,True
r9DiSHym81k,tired,True,True,0.37254902720451355,0.38235294818878174,0.375,0,5.337833881378174,True
r9JwYFol1EM_1,story,True,True,0.54666668176651,0.5600000023841858,0.5625,3,9.197064399719238,True
r9Lc4qHj-cg_1,overdraft,True,True,0.4476190507411957,0.48571428656578064,0.46875,0,4.157180309295654,True
r9QQ0jQ64IQ_1,dog,True,True,0.46666666865348816,0.46666666865348816,0.46875,0,6.04270076751709,True
r9XwyFRQsqY,saprophyte of plants,True,True,0.8485804200172424,0.8548895716667175,0.84375,3,3.858799934387207,True
rAUcd8-2e3Y,temple,True,True,0.604938268661499,0.6172839403152466,0.5625,0,7.754642486572266,True
rBD74wqvKeI_1,chalk,True,True,0.523809552192688,0.523809552192688,0.5,0,1.871595025062561,True
rBPJARGhPNg,poultry mash,True,True,0.4534161388874054,0.4534161388874054,0.4375,2,7.476126194000244,True
rBRJw6gUMHM_1,circle,True,True,0.30000001192092896,0.30000001192092896,0.34375,0,14.716572761535645,True
rBi-dpJFZuA,prize,True,True,0.5569620132446289,0.5569620132446289,0.5625,0,5.11893892288208,True
rC5QdAVnv0I,paratha,True,True,0.49152541160583496,0.49152541160583496,0.46875,3,5.657151222229004,True
rCfYRtWfYVA,wine,True,True,0.6455696225166321,0.7341772317886353,0.71875,0,3.1704275608062744,True
rD5-gbf9Gzg,steam tractor,True,True,0.7715133428573608,0.7715133428573608,0.75,14,11.127998352050781,True
rD5QxDhHIxw_1,saw,True,True,0.4533333480358124,0.47999998927116394,0.5,0,6.574862003326416,True
rEBOoE50Ghw_1,under consideration,True,True,0.8333333134651184,0.8999999761581421,0.90625,0,4.019979953765869,True
rEtGA49vlaU,brain stem glioma,True,True,0.7657342553138733,0.7657342553138733,0.75,7,5.689612865447998,True
rFC_zjBmNw8_1,statistics,True,True,0.4148148000240326,0.4148148000240326,0.40625,5,4.215638637542725,True
rFFoZPPKsC8,streaming,True,True,0.9673590660095215,0.9703264236450195,0.9375,11,5.159666538238525,True
rFkWotSdjdk,ms word,True,True,0.2708333432674408,0.2708333432674408,0.25,5,4.397555828094482,True
rFlXpH9WCf8_1,expiry,True,True,0.25,0.28333333134651184,0.28125,0,3.2477660179138184,True
rGn67Xxthrk_1,lemon,True,True,0.5333333611488342,0.5333333611488342,0.5,2,5.966726303100586,True
rGwK-HsdDk0_1,leaf,True,True,0.6133333444595337,0.6266666650772095,0.625,1,5.572234153747559,True
rJOGOpWkH6U_1,socks,True,True,0.47999998927116394,0.47999998927116394,0.46875,5,5.108730792999268,True
rJVe-aaYlKw_2,north pole,True,True,0.738095223903656,0.738095223903656,0.71875,1,6.912753582000732,True
rJbc69qxPDA,colour,True,True,0.6129032373428345,0.6129032373428345,0.625,1,3.4607577323913574,True
rJjNfXvVaaY_2,accurate,True,True,0.5409836173057556,0.5409836173057556,0.53125,0,5.452206611633301,True
rK412FrGOxY,network,True,True,0.5757575631141663,0.5757575631141663,0.5625,3,6.282548904418945,True
rKDZTG2rFPs,capital,True,True,0.34408602118492126,0.3655914068222046,0.375,0,2.9631800651550293,True
rKzMbfGElSE_1,straight forward,True,True,0.6704545617103577,0.6704545617103577,0.6875,1,5.622081756591797,True
rLgfWU1DpbY_1,day after,True,True,0.3333333432674408,0.36666667461395264,0.34375,0,5.396535873413086,True
rN9rKeJZmqI,ranchi,True,True,0.43877550959587097,0.43877550959587097,0.4375,4,6.173031806945801,True
rNvWUflStQQ,retire,True,True,0.6153846383094788,0.6282051205635071,0.625,0,4.434226989746094,True
rNyD10XoXcU_2,centimetre,True,True,0.6696428656578064,0.7767857313156128,0.75,0,6.32989501953125,True
rOZhirQPdr4,tool belt,True,True,0.7015384435653687,0.7107692360877991,0.6875,13,4.207967758178711,True
rOcFkQzLhLQ_1,brother,True,True,0.7575757503509521,0.7878788113594055,0.78125,2,5.029958724975586,True
rOjimhh-dqE_1,amalgamation,True,True,0.561904788017273,0.5809524059295654,0.53125,0,5.348543643951416,True
rOonVQYaM-A_1,passive debt,True,True,0.36666667461395264,0.3933333456516266,0.40625,1,4.452754020690918,True
rP-VqYz6Lyk_1,account holder,True,True,0.4611110985279083,0.49444442987442017,0.46875,2,5.677192687988281,True
rQ4mnndh8wk_1,beautiful,True,True,0.5600000023841858,0.5600000023841858,0.53125,2,4.760195255279541,True
rQkxqEgXEYQ,include,True,True,0.4956521689891815,0.4956521689891815,0.46875,0,4.706518650054932,True
rRVnNmQOR-I,calendar,True,True,0.6097561120986938,0.6178861856460571,0.59375,3,4.45735502243042,True
rSeg8yH3Lgg_1,task wage,True,True,0.6133333444595337,0.6333333253860474,0.625,2,4.597038269042969,True
rU5LeIE7tmM_1,leprosy,True,True,0.5444444417953491,0.5444444417953491,0.53125,0,3.2818164825439453,True
rUXhFDo3Bv0,smart,True,True,0.561904788017273,0.5714285969734192,0.53125,1,2.543581247329712,True
rUZD2TQcbvI,knurling,True,True,0.5,0.5,0.5,2,4.218750476837158,True
rVBNDX51--w,stock chart,True,True,0.8936781883239746,0.8936781883239746,0.875,14,4.985369682312012,True
rVEOXcTj1NU,evil,True,True,0.37755101919174194,0.3877550959587097,0.40625,1,3.5168542861938477,True
rW8bfuuzfgI,next week,True,True,0.5714285969734192,0.5714285969734192,0.5625,5,4.045349597930908,True
rWCFmpbmMPw_1,schematic,True,True,0.9878787994384766,1.0,1.0,1,7.213239669799805,True
rWM6kOxTTIo,social,True,True,0.47826087474823,0.47826087474823,0.46875,4,6.744963645935059,True
rY6VvljDcc0,scratch,True,True,0.530434787273407,0.530434787273407,0.53125,1,3.5747084617614746,True
rYTt2LuzVhw_1,man,True,True,0.7400000095367432,0.753333330154419,0.71875,2,4.978011608123779,True
rYwhWesDH9k_1,cone,True,True,0.2666666805744171,0.2666666805744171,0.25,3,4.230042457580566,True
rZnNOW47uNk_1,trustworthiness,True,True,0.4888888895511627,0.5,0.5,0,5.110630512237549,True
r_tsg9162uc_1,dishonoured bill,True,True,0.7333333492279053,0.7333333492279053,0.71875,3,3.5970094203948975,True
r_xF77i3RGw,victory,True,True,0.5,0.5,0.5,2,5.730547904968262,True
raF-yOcZpkk,shaving blade,True,True,0.5909090638160706,0.5909090638160706,0.5625,1,4.442681312561035,True
rayOhAZhd2k,night,True,True,0.4305555522441864,0.4583333432674408,0.4375,2,8.382368087768555,True
rbXizQI1XOM,shrubs,True,True,0.9184290170669556,0.921450138092041,0.90625,5,6.292022705078125,True
rbdcr9AQtrE_1,discretionary limit,True,True,0.5629629492759705,0.5777778029441833,0.5625,1,4.505200386047363,True
rbu6XJFG-uI,livelihood,True,True,0.49494948983192444,0.49494948983192444,0.46875,0,6.043549537658691,True
rbw7n0D0KGE_1,comb,True,True,0.7166666388511658,0.7416666746139526,0.71875,2,3.8505260944366455,True
rc7GRaEyQHQ,washing machine,True,True,0.5185185074806213,0.5185185074806213,0.53125,2,5.588239669799805,True
rd2t-M0o7Ds_1,crayons,True,True,0.5866666436195374,0.6200000047683716,0.5625,0,4.410280704498291,True
rdW1Snzd9cs,deceive,True,True,0.4000000059604645,0.4000000059604645,0.375,4,4.597469806671143,True
rduuYRHkDtw_2,second,True,True,0.8105263113975525,0.8526315689086914,0.84375,1,5.274725437164307,True
rfTcUTbx4ZU,housing,True,True,0.6027397513389587,0.6027397513389587,0.59375,3,5.991911888122559,True
rgk8cmr4El4_1,tongue,True,True,0.6000000238418579,0.6000000238418579,0.59375,0,2.529341697692871,True
rhbOs1NZYRM,stags,True,True,0.8506944179534912,0.8506944179534912,0.84375,2,4.937427043914795,True
ri8j2L0zG9c,bolt,True,True,0.4533333480358124,0.4533333480358124,0.4375,0,2.337843894958496,True
rihHzABTIPg,drawer,True,True,0.3235294222831726,0.343137264251709,0.34375,0,6.6991448402404785,True
rj0GN2scIsU,under,True,True,0.4516128897666931,0.4516128897666931,0.4375,0,3.6572792530059814,True
rjAoqYLMHrI_1,verdict,True,True,0.7222222089767456,0.7222222089767456,0.71875,0,4.372610569000244,True
rjZmgbqdoRQ,assassination,True,True,0.8958904147148132,0.8958904147148132,0.875,13,4.9242119789123535,True
rlMareW0lTU,projector,True,True,0.43157893419265747,0.5052631497383118,0.5,0,3.7656381130218506,True
rmgyo8yyqfo,ticket,True,True,0.5041322112083435,0.5041322112083435,0.5,2,2.4954934120178223,True
rn-sFXA7utE,sandwich,True,True,0.6114649772644043,0.6114649772644043,0.59375,3,5.514169692993164,True
rn4NJPtL1m8,up,True,True,0.4166666567325592,0.4166666567325592,0.40625,0,2.5911865234375,True
rnK5ck1th4Q_2,lens,True,True,0.5393258333206177,0.6292135119438171,0.59375,2,4.918814659118652,True
rpMNq0nFlUQ,approve,True,True,0.4754098355770111,0.4754098355770111,0.46875,1,5.609877586364746,True
rrgx0TM2nfc_1,enquiry,True,True,0.3583333194255829,0.40833333134651184,0.375,0,5.4403557777404785,True
rrjpij1UdL0,condom,True,True,0.5054945349693298,0.5054945349693298,0.5,0,8.281554222106934,True
rrqJccrO4vo_1,admissible,True,True,0.6740740537643433,0.6888889074325562,0.6875,1,9.388412475585938,True
rs7TTTwmbBo_1,grain,True,True,0.6984127163887024,0.7460317611694336,0.75,2,7.095276832580566,True
rsDIotNeFsM_1,spoon,True,True,0.5111111402511597,0.6111111044883728,0.59375,1,2.6864168643951416,True
rsKBWd7j4n4_1,rose,True,True,0.7888888716697693,0.8111110925674438,0.8125,1,3.128903388977051,True
rskg3zep4Gs,mahavir,True,True,0.41558441519737244,0.41558441519737244,0.40625,3,4.524415016174316,True
rt9BRaQYqkg,sleepwalker,True,True,0.8614457845687866,0.8674699068069458,0.84375,10,10.877582550048828,True
ru9ZDRu566k,frisbee,True,True,0.587837815284729,0.587837815284729,0.5625,2,5.230192184448242,True
ruGnpxVL54k_1,right,True,True,0.4285714328289032,0.4444444477558136,0.4375,0,2.8233189582824707,True
ruOCbes6zaM,minute,True,True,0.8035714030265808,0.8107143044471741,0.78125,6,4.567155838012695,True
rufhjKU3UII,chandigarh,True,True,0.48051947355270386,0.48051947355270386,0.46875,0,2.1950409412384033,True
runWN1EzmEE,wall,True,True,0.5080645084381104,0.5080645084381104,0.5,4,6.362391471862793,True
rvAlXnalbqU_1,advise,True,True,0.5600000023841858,0.5600000023841858,0.5625,0,7.031919479370117,True
rvOBl50SewA_1,estimate,True,True,0.5142857432365417,0.561904788017273,0.5625,1,4.757466793060303,True
rvZ_e5KC2Mw_1,meter,True,True,0.7200000286102295,0.7200000286102295,0.71875,2,6.595434665679932,True
rvjY9vlX_H4,afternoon,True,True,0.4482758641242981,0.4482758641242981,0.4375,1,4.541256904602051,True
rwhRNPCPp34,nut,True,True,0.5,0.5,0.5,0,4.146890163421631,True
rwocxlQmNvM_1,brokerage,True,True,0.521212100982666,0.5272727012634277,0.5,0,8.218720436096191,True
rxLiUBQv4s4,schedule,True,True,0.4313725531101227,0.4313725531101227,0.40625,2,5.786061763763428,True
rxS-0_0rVV4_1,wholesale,True,True,0.4749999940395355,0.4749999940395355,0.46875,1,8.798871040344238,True
rxzyWCTxCbg_1,advertisement,True,True,0.4533333480358124,0.4533333480358124,0.46875,0,4.028170108795166,True
rzVyqTff8MY_1,carry,True,True,0.5714285969734192,0.5714285969734192,0.5625,0,8.241653442382812,True
rzY50tnGKNg,opportunity,True,True,0.40425533056259155,0.40425533056259155,0.40625,0,3.2970054149627686,True
rztToJBqL3k_1,wednesday,True,True,0.4533333480358124,0.46666666865348816,0.46875,0,5.109807014465332,True
s-570A5kLxo,goat,True,True,0.32894736528396606,0.32894736528396606,0.3125,0,3.390371561050415,True
s09swjiVGok,brain injury,True,True,0.5957446694374084,0.6170212626457214,0.59375,0,3.5682756900787354,True
s0HIntkDTew_1,lake,True,True,0.42399999499320984,0.4480000138282776,0.4375,0,4.212500095367432,True
s0WQZn1xjxo_1,tail,True,True,0.31111112236976624,0.3888888955116272,0.40625,0,4.583381175994873,True
s13W7g7VnJ8_1,examine,True,True,0.46666666865348816,0.46666666865348816,0.46875,1,4.34984827041626,True
s1K-Mqzy9Bo,boil,True,True,0.7708333134651184,0.7708333134651184,0.75,17,5.054034233093262,True
s1tq1t4LDuM,confidence,True,True,0.28037384152412415,0.28037384152412415,0.25,1,4.448058128356934,True
s3tJWRZegCw,sudden,True,True,0.3380281627178192,0.35211268067359924,0.34375,0,3.281447410583496,True
s4ez79CSE58,sudan,True,True,0.5753424763679504,0.5753424763679504,0.59375,0,3.5178301334381104,True
s57mcqROvtA,capital,True,True,0.7653061151504517,0.7653061151504517,0.75,2,5.335954666137695,True
s5AMrNjoP0Q,boxing,True,True,0.7027027010917664,0.7027027010917664,0.6875,0,2.2033863067626953,True
s5cimY-et2g,price,True,True,0.3020833432674408,0.3020833432674408,0.3125,1,3.0433318614959717,True
s5kbd2DCqpk,bsp,True,True,0.6071428656578064,0.6309523582458496,0.625,0,2.9415507316589355,True
s5mQsATayMM,approach,True,True,0.6851851940155029,0.6851851940155029,0.65625,0,4.395976543426514,True
s67I8VUigAU,monkey,True,True,0.7402597665786743,0.7792207598686218,0.78125,5,7.746646881103516,True
s6C3AecUXiY_1,fry,True,True,0.3968254029750824,0.3968254029750824,0.40625,1,5.527200698852539,True
s7LkPeqby9A,viral diseases animals,True,True,0.7599999904632568,0.7599999904632568,0.75,5,7.788456439971924,True
s7Rg0qiQ1Fs,tongue,True,True,0.5057471394538879,0.5862069129943848,0.59375,2,3.7470266819000244,True
s7U2zrpRFD0,welder,True,True,0.5416666865348816,0.5416666865348816,0.53125,3,7.215569972991943,True
s8wH4rgfn20_1,cassette,True,True,0.5600000023841858,0.5600000023841858,0.53125,1,7.465187072753906,True
s91r7_fA4O4_1,bills purchased,True,True,0.3037036955356598,0.3037036955356598,0.3125,1,3.988529682159424,True
sAQO6QDpXPM_1,gurunanak jayanthi,True,True,0.6363636255264282,0.6363636255264282,0.625,6,4.785654544830322,True
sDKms4XnnWM,luster,True,True,0.46296295523643494,0.46296295523643494,0.46875,0,4.028492450714111,True
sDvfKoCt0nI,rehabilitation,True,True,0.5810810923576355,0.5810810923576355,0.5625,1,5.612087249755859,True
sErgS9d1UdM,vice president,True,True,0.554347813129425,0.554347813129425,0.5625,0,3.615964412689209,True
sEu_kUiVDho_1,telugu,True,True,0.5733333230018616,0.5733333230018616,0.5625,2,10.962990760803223,True
sFjn3cTFUT4,chhattisgarh,True,True,0.4536082446575165,0.4639175236225128,0.46875,0,3.2831621170043945,True
sFyFmt6-rc0,graphics,True,True,0.32307693362236023,0.32307693362236023,0.3125,3,5.120967864990234,True
sGzaDUwWF18,accordion pleats,True,True,1.0,1.0,1.0,0,4.743709564208984,True
sHXOURRWbpg_1,rebate,True,True,0.4266666769981384,0.4533333480358124,0.4375,1,3.2568302154541016,True
sIRKe3QdsJ8,reduce,True,True,0.43283581733703613,0.44029849767684937,0.4375,1,4.986965179443359,True
sJ6Zv0fi1xM,weight,True,True,0.4639175236225128,0.47422680258750916,0.46875,1,3.578993558883667,True
sJF8p7K6dwk_2,expansion,True,True,0.39603960514068604,0.39603960514068604,0.375,0,3.5970685482025146,True
sKiDLFiFALs,abusive language,True,True,0.7794677019119263,0.8098859190940857,0.78125,10,7.7237091064453125,True
sLLQkt04ZiQ,drive,True,True,0.5684210658073425,0.6105263233184814,0.59375,0,2.5497817993164062,True
sM0iALMvEmk,february,True,True,0.4654088020324707,0.49685534834861755,0.4375,4,5.440237522125244,True
sMdon0OffjU,harass,True,True,0.489130437374115,0.510869562625885,0.5,0,4.103166580200195,True
sNQ2sQ75wJ8,snip,True,True,0.4952380955219269,0.4952380955219269,0.46875,2,4.920684337615967,True
sNWCdBEIWa8_1,qualification,True,True,0.3888888955116272,0.4333333373069763,0.4375,1,3.703551769256592,True
sNYOD_Qd7Mw,week,True,True,0.4590163826942444,0.4590163826942444,0.4375,2,6.774389743804932,True
sOOzZZY-gQI,mexico,True,True,0.5522388219833374,0.5522388219833374,0.53125,0,3.2008540630340576,True
sORWtcK5Cl4,associate professor,True,True,0.4583333432674408,0.4583333432674408,0.46875,3,5.79871940612793,True
sOSo5pep4dg_1,patna,True,True,0.4126984179019928,0.4126984179019928,0.40625,0,3.7871532440185547,True
sOXdM996SmA_1,less,True,True,0.380952388048172,0.380952388048172,0.375,0,7.624702453613281,True
sOfglCTtdsY_1,creeper,True,True,0.8222222328186035,0.8666666746139526,0.875,1,5.929000377655029,True
sOhE4j6NGm0_1,tiger,True,True,0.4555555582046509,0.4555555582046509,0.46875,2,6.3877363204956055,True
sPqivRKBiNc,visual,True,True,0.5357142686843872,0.5357142686843872,0.53125,1,5.21012020111084,True
sPzCUfCMJH4,april,True,True,0.6399999856948853,0.6399999856948853,0.625,1,2.406633138656616,True
sQwcW3szYW8_2,account payee only,True,True,0.9212598204612732,0.960629940032959,0.96875,2,5.922855377197266,True
sSvBHFI6AOk,date,True,True,0.359649121761322,0.359649121761322,0.34375,1,2.5175058841705322,True
sT540WDiY_U,elevated plot,True,True,0.702479362487793,0.7148760557174683,0.6875,4,8.372734069824219,True
sTrWqNmE5HA,village,True,True,0.6521739363670349,0.6521739363670349,0.65625,1,4.8450608253479,True
sUBUK2M2nAY_1,tamil nadu,True,True,0.47999998927116394,0.47999998927116394,0.5,2,3.652290105819702,True
sUjhP9obOxY,bike suspension,True,True,0.6839622855186462,0.698113203048706,0.6875,3,3.8825554847717285,True
sWKP1r9ykRQ,head,True,True,0.47999998927116394,0.49000000953674316,0.46875,0,3.4450669288635254,True
sXWMPF_Enus,surface runoff,True,True,0.7524116039276123,0.7524116039276123,0.71875,2,5.339398384094238,True
sY360i7TkCA_1,zebra,True,True,0.4933333396911621,0.5600000023841858,0.53125,1,3.0862226486206055,True
sYoLxEMCh9E_1,demand draft,True,True,0.46666666865348816,0.46666666865348816,0.46875,1,4.529732704162598,True
sZ1qra1mVEU_1,st,True,True,0.6592592597007751,0.6962962746620178,0.6875,0,3.938368558883667,True
sZKjZfzGTVg,drunk driving,True,True,0.7207207083702087,0.7477477192878723,0.71875,3,18.616167068481445,True
sZXEa_h85YQ,regular,True,True,0.4356435537338257,0.4455445408821106,0.4375,2,4.288769245147705,True
sZYTPis34fI_1,part time,True,True,0.46666666865348816,0.46666666865348816,0.46875,0,9.963006019592285,True
sZ_d3pRaDzY,storey skyscraper,True,True,0.8846153616905212,0.8846153616905212,0.875,1,3.365668773651123,True
sZpGP0kZeqo_1,pappad,True,True,0.5714285969734192,0.6190476417541504,0.625,0,4.365001678466797,True
s_VX_84e7iM_1,full moon day,True,True,0.8299999833106995,0.8299999833106995,0.8125,3,7.789862632751465,True
sbcGX30IGvI,electrode,True,True,0.331877738237381,0.331877738237381,0.34375,1,4.707188129425049,True
sblmoDlSQ7U,bold,True,True,0.5287008881568909,0.5287008881568909,0.5,8,4.381803512573242,True
sbyKhp04Wdw_1,proud,True,True,0.644444465637207,0.644444465637207,0.625,0,3.8706488609313965,True
setzKjXP4MM_1,peacock,True,True,0.7666666507720947,0.7666666507720947,0.75,6,4.64475679397583,True
seuq2MSa2X0_1,lizard,True,True,0.4399999976158142,0.4533333480358124,0.4375,0,5.544853210449219,True
sfB6sqRdrFY,excavation,True,True,0.8611111044883728,0.8777777552604675,0.875,8,6.542224407196045,True
sfOCOxSfs10_1,warn,True,True,0.39772728085517883,0.39772728085517883,0.375,1,2.1755502223968506,True
sfpvbKAz4Oo,iron,True,True,0.4356435537338257,0.4356435537338257,0.40625,2,5.368669509887695,True
sh5goqn8bGI,question,True,True,0.35789474844932556,0.35789474844932556,0.34375,1,4.185774326324463,True
siXvRrMuC0s,supervise,True,True,0.6129032373428345,0.6344085931777954,0.625,0,2.3420143127441406,True
sj8kYLtXNZU,bowl,True,True,0.4237288236618042,0.44915252923965454,0.4375,0,2.1371750831604004,True
sj9wd5B3KfQ_1,opaque,True,True,0.5340909361839294,0.5340909361839294,0.5,1,4.632274150848389,True
sjpTILsokjg_1,thursday,True,True,0.5066666603088379,0.5333333611488342,0.53125,2,6.957278251647949,True
sjpdu42KxwI,meat,True,True,0.42990654706954956,0.4579439163208008,0.4375,0,2.7133021354675293,True
sjzz-U6f2E0_1,review,True,True,0.3696969747543335,0.39393940567970276,0.40625,1,4.735927581787109,True
sklN8_APb_s,acacia fernesiana,True,True,0.8826815485954285,0.8882681727409363,0.84375,10,7.029324531555176,True
sm67xCmbfNs_1,beverages,True,True,0.7777777910232544,0.8095238208770752,0.8125,0,5.047072887420654,True
smJOWK8guVY_1,helicopter,True,True,0.6299999952316284,0.6399999856948853,0.625,4,4.791347980499268,True
smKYyxd26GY_1,under,True,True,0.46000000834465027,0.46000000834465027,0.46875,1,5.395263671875,True
sn0j9u42p5Q,mistake,True,True,0.3037036955356598,0.3037036955356598,0.28125,1,2.767117977142334,True
soEw9PTY8Yw_1,bowl,True,True,0.5600000023841858,0.5600000023841858,0.5625,0,4.976578712463379,True
sp7GuSz7GRE,bauhinia accuminata,True,True,0.83984375,0.83984375,0.8125,5,6.339271545410156,True
sq2CV6RjGtA_2,switch,True,True,0.6707317233085632,0.707317054271698,0.6875,2,6.055656433105469,True
src6zFQawX0_1,leaf,True,True,0.5600000023841858,0.5600000023841858,0.5625,0,5.961581707000732,True
su2McEzbxzg_2,magnification,True,True,0.729411780834198,0.7529411911964417,0.75,0,8.82694149017334,True
suvKXxPyaWM_1,promise,True,True,0.6133333444595337,0.6133333444595337,0.625,0,5.546706199645996,True
svQ3jUcN4f8,goa,True,True,0.5151515007019043,0.5151515007019043,0.5,0,2.785065174102783,True
svQLNa2vzFI,cooling sheet,True,True,0.8308823704719543,0.8382353186607361,0.8125,9,7.512131690979004,True
sverVWEAPD8_1,never,True,True,0.2666666805744171,0.2666666805744171,0.25,2,5.9320902824401855,True
sw0z81Ri4ps,one lakh,True,True,0.39316239953041077,0.4188034236431122,0.40625,0,3.8442604541778564,True
sy0W-04L9Gk_1,jail,True,True,0.60317462682724,0.60317462682724,0.59375,0,5.301369667053223,True
syK7APT1R4w,interest,True,True,0.6857143044471741,0.6857143044471741,0.65625,0,4.793766975402832,True
syVYgoc2dUI_2,neutron,True,True,0.7881355881690979,0.7881355881690979,0.78125,2,7.726640701293945,True
syXsQXIoZEI,excuse,True,True,0.6141732335090637,0.6141732335090637,0.59375,5,7.470988750457764,True
syeNmftfElg,bluetooth,True,True,0.6043956279754639,0.6043956279754639,0.59375,2,3.0980026721954346,True
syi9ijwHDR0_1,waist,True,True,0.0,0.0,0.0,0,0.0,False
t1ElZ8Bbzyg,online,True,True,0.35114502906799316,0.35114502906799316,0.34375,1,3.96136474609375,True
t1XvJu6yRk8_1,clean,True,True,0.5733333230018616,0.5733333230018616,0.5625,0,5.3328657150268555,True
t33d8E-JtV0_1,rock,True,True,0.3863636255264282,0.39772728085517883,0.40625,1,5.380016326904297,True
t39zwxTZXXk_1,vessel,True,True,0.5222222208976746,0.5555555820465088,0.5625,2,7.933623790740967,True
t3QUjMIwyxE_1,airport,True,True,0.682539701461792,0.7142857313156128,0.71875,0,5.403000831604004,True
t3XnfkCsUiY_1,cone,True,True,0.28333333134651184,0.28333333134651184,0.28125,0,4.721540451049805,True
t454iG2RVJg_1,word,True,True,0.460317462682724,0.5714285969734192,0.5625,1,4.7363200187683105,True
t5uTmmYDQdI_1,opening balance,True,True,0.574999988079071,0.6166666746139526,0.625,1,4.611339569091797,True
t6HMWWJR398_1,passing official,True,True,0.6000000238418579,0.625,0.625,0,3.918818473815918,True
t6P93AbQbjQ_1,sow,True,True,0.4266666769981384,0.46666666865348816,0.46875,4,5.22043514251709,True
t6mh1uRdQQw_1,terminate,True,True,0.37142857909202576,0.4000000059604645,0.375,0,5.426816940307617,True
t6qqXzf4tq8,edit,True,True,0.6987951993942261,0.6987951993942261,0.6875,1,5.5268731117248535,True
t70Wrphzj2w_1,chappels,True,True,0.54666668176651,0.54666668176651,0.53125,1,4.554020881652832,True
t729MGitv94,over and over again,True,True,0.5,0.5,0.5,2,4.564854145050049,True
t7BWrIChL1Y,comfortable,True,True,0.41489362716674805,0.41489362716674805,0.40625,0,3.2334446907043457,True
t7nY3ygqVlQ,rough cut,True,True,0.8009708523750305,0.8009708523750305,0.78125,3,3.601081609725952,True
t7t7Jioxeu8,diwali,True,True,0.6666666865348816,0.6785714030265808,0.65625,3,3.442188262939453,True
t8sdmhD1yCc_1,cholera,True,True,0.6399999856948853,0.6399999856948853,0.625,0,4.533970355987549,True
t8z3PzQKmwg,gas stove,True,True,0.5249999761581421,0.5249999761581421,0.5,2,4.285221576690674,True
t9b5K6YsBk8,gun,True,True,0.5857142806053162,0.5857142806053162,0.5625,1,3.249415874481201,True
t9pvXOgaJe8,work,True,True,0.3255814015865326,0.3255814015865326,0.3125,0,2.1166930198669434,True
tAVnVRAbkz8_2,electric appliances,True,True,0.75,0.7788461446762085,0.75,3,6.126976013183594,True
tB9EhSaD8MY_1,cl,True,True,0.9333333373069763,0.9666666388511658,0.96875,0,3.093278169631958,True
tB_xkoYZGBY_1,memorize,True,True,0.4399999976158142,0.4399999976158142,0.4375,0,2.5100626945495605,True
tD71RsErB30,weeds near to pond margin,True,True,0.8768328428268433,0.8797653913497925,0.84375,5,5.247386932373047,True
tD_WEFLyuDY,toyota,True,True,0.5185185074806213,0.5185185074806213,0.5,0,4.757905006408691,True
tDtIQ2M-GRo,water motor,True,True,0.6504854559898376,0.6601941585540771,0.65625,2,6.065424919128418,True
tDtdGkG9-OE,jainism,True,True,0.47297295928001404,0.47297295928001404,0.46875,1,6.402156829833984,True
tDvbCVB02yA,scientist,True,True,0.42307692766189575,0.4294871687889099,0.4375,1,5.693200588226318,True
tEJlKXA7Lkg,united nations convention on the rights of persons with disabilities uncrpd,True,True,0.5309734344482422,0.5309734344482422,0.53125,1,6.419055461883545,True
tF3WaFt4kdY,uco bank,True,True,0.5083333253860474,0.5416666865348816,0.53125,3,3.5578017234802246,True
tFftFv6aIjE_1,clearing house,True,True,0.4909090995788574,0.49696969985961914,0.5,1,4.4422831535339355,True
tHMs61ZefE8,embroidery,True,True,0.5063291192054749,0.5063291192054749,0.5,1,4.197434425354004,True
tHNhqhFdMgQ,whatsapp,True,True,0.27835050225257874,0.27835050225257874,0.28125,1,2.4808526039123535,True
tHSogBpBi5A,raise,True,True,0.3863636255264282,0.3863636255264282,0.375,0,3.110949993133545,True
tHW-NM2H3f8_1,teeth,True,True,0.7555555701255798,0.7555555701255798,0.71875,1,8.585126876831055,True
tI8qa4gE3uQ_2,variety,True,True,0.5888888835906982,0.6000000238418579,0.59375,0,5.784723281860352,True
tJXSJJCLffU_1,creeper,True,True,0.800000011920929,0.8333333134651184,0.78125,4,6.000633716583252,True
tKKM601QlDM_2,glass bod,True,True,0.8160919547080994,0.8160919547080994,0.8125,4,7.601834774017334,True
tKNmTJAEhBI_1,uncalled,True,True,0.8166666626930237,0.8916666507720947,0.90625,1,3.1672370433807373,True
tKOaMOhEaX4_1,oath,True,True,0.7555555701255798,0.7888888716697693,0.75,0,2.6872928142547607,True
tKdTQmBRJks_2,infrared ray,True,True,0.8188405632972717,0.8260869383811951,0.84375,2,6.9812846183776855,True
tKmXdtC6FLA,workshop,True,True,0.2897196114063263,0.30841121077537537,0.28125,0,5.915767669677734,True
tLOTRTxqIS4_1,sick,True,True,0.6777777671813965,0.6777777671813965,0.6875,0,4.510682106018066,True
tMKMjQtqO2U_2,important,True,True,0.5520833134651184,0.5833333134651184,0.5625,0,4.485791206359863,True
tMYNBmb808w,prize,True,True,0.6894736886024475,0.699999988079071,0.65625,5,4.826045036315918,True
tNNf1uxRiDU,pastry,True,True,0.5614035129547119,0.5614035129547119,0.5625,0,4.054003715515137,True
tNObn5kXF7Y_1,custard apple,True,True,0.5340909361839294,0.5454545617103577,0.53125,0,8.455872535705566,True
tOHjjyuut4A_1,bell,True,True,0.5396825671195984,0.5873016119003296,0.5625,0,3.51326322555542,True
tOrStACTZII_1,opinion,True,True,0.9777777791023254,1.0,1.0,2,7.577652931213379,True
tPNg2Waa57k,believe,True,True,0.40243902802467346,0.40243902802467346,0.40625,0,4.844761848449707,True
tPpANCTOBgs_1,hers,True,True,0.5066666603088379,0.5066666603088379,0.5,0,3.7882180213928223,True
tPy0Fs9D3CA,district jail,True,True,0.582524299621582,0.6019417643547058,0.5625,2,5.667059421539307,True
tRNnbHdT9Ms_1,old,True,True,0.523809552192688,0.523809552192688,0.53125,0,9.947375297546387,True
tRo9FnfeFj8,dussehra,True,True,0.5054945349693298,0.5164835453033447,0.5,8,4.713154315948486,True
tS7NrrYnx_E_1,son,True,True,0.7866666913032532,0.7866666913032532,0.75,2,3.6144156455993652,True
tS9ulw9g7uA_1,himself,True,True,0.5199999809265137,0.5199999809265137,0.5,1,8.457558631896973,True
tSSAkPEkMn8_1,modification,True,True,0.5799999833106995,0.6066666841506958,0.59375,3,4.33772087097168,True
tS_WbbhJD2I,coarse aggregate,True,True,0.90625,0.90625,0.875,17,6.402796268463135,True
tSc2wja2FZU,intestate,True,True,0.8012422323226929,0.8167701959609985,0.8125,5,8.749434471130371,True
tSgEtTP4jkM_1,chemistry,True,True,0.5066666603088379,0.5333333611488342,0.5,2,5.361583232879639,True
tShdaK0wAgk_1,chair,True,True,0.5111111402511597,0.5111111402511597,0.5,0,5.865303993225098,True
tTM_n97xYp4,photographer,True,True,0.5798319578170776,0.5882353186607361,0.59375,2,2.536775588989258,True
tTjQsNGEeZ0_1,after,True,True,0.460317462682724,0.460317462682724,0.4375,0,5.741570949554443,True
tUV7RnfFTa4,christmas,True,True,0.49074074625968933,0.49074074625968933,0.46875,0,14.10751724243164,True
tUegsOrBY1U_1,telegram,True,True,0.4933333396911621,0.5066666603088379,0.5,0,5.83151388168335,True
tY45mTvKGKc,double,True,True,0.6808510422706604,0.6808510422706604,0.65625,0,4.5570526123046875,True
tY7LqqsBV5Y,archaeologist,True,True,0.6780303120613098,0.6780303120613098,0.65625,6,6.813314914703369,True
tYDAioUJUPQ_1,sunday,True,True,0.3466666638851166,0.5066666603088379,0.46875,3,6.87654447555542,True
tZ28xXARcyk_1,duck,True,True,0.6190476417541504,0.6190476417541504,0.59375,1,5.317655563354492,True
tZRz_YRiaYw,forgive,True,True,0.2410256415605545,0.2461538463830948,0.25,1,2.6039562225341797,True
ta3rguAgy9M_1,isreal,True,True,0.4533333480358124,0.4533333480358124,0.4375,0,2.45745849609375,True
ta7_tTeIt6c_1,cough,True,True,0.6333333253860474,0.6333333253860474,0.625,0,2.3861865997314453,True
tahzIp5we8o,jams,True,True,1.0,1.0,1.0,4,7.1060614585876465,True
tbKfPkTlfQk_1,written down value,True,True,0.6848484873771667,0.6848484873771667,0.65625,1,3.263944149017334,True
tbjIgLxJxic_2,dish antenna,True,True,0.921875,0.9609375,0.96875,1,10.005749702453613,True
tcHUMXaIuw0,indian sign language teachers  association,True,True,0.5873016119003296,0.5873016119003296,0.59375,0,9.466747283935547,True
tcLqrt9QnPA_1,nationalisation,True,True,0.8242424130439758,0.8363636136054993,0.8125,3,5.469775676727295,True
tcPXoZXEs2g,south africa,True,True,0.6024096608161926,0.6144578456878662,0.625,0,4.595325469970703,True
tcvRMX6s_b8_1,overall,True,True,0.4476190507411957,0.46666666865348816,0.4375,0,3.6315526962280273,True
td1WlMO5Frw_1,bold,True,True,0.6266666650772095,0.6266666650772095,0.625,0,3.885040760040283,True
teuX8mrgOVk_2,rainbow,True,True,0.7452830076217651,0.7924528121948242,0.78125,2,3.033168315887451,True
tg9QaW7Pvm8,leaf,True,True,0.6186440587043762,0.6186440587043762,0.59375,1,5.382993221282959,True
tgJL-RUAvO8,weird,True,True,0.3857142925262451,0.4000000059604645,0.375,1,4.981510162353516,True
tgq3cpoyWB4,classification of poultry diseases,True,True,0.747826099395752,0.7565217614173889,0.75,5,8.527328491210938,True
tjA2aFyBuY4,adult,True,True,0.7383177280426025,0.7383177280426025,0.71875,2,4.081939697265625,True
tkO1_qURjXM,volume,True,True,0.6111111044883728,0.625,0.625,0,3.0978634357452393,True
tkqalXOIXJA,rasgulla,True,True,0.5379310250282288,0.5379310250282288,0.53125,1,10.243631362915039,True
tmVG2vu0ZGA,mizoram,True,True,0.5714285969734192,0.593406617641449,0.5625,0,6.89716100692749,True
tm_qJX6hHFg,voice,True,True,0.4683544337749481,0.5063291192054749,0.5625,1,2.2839038372039795,True
tnMi73_WfPg,middle,True,True,0.40366971492767334,0.40366971492767334,0.375,0,5.146905899047852,True
tnQmQCzJKfI,carry on,True,True,0.3762376308441162,0.3762376308441162,0.34375,1,2.8442482948303223,True
todyjVC_JTs,jointing,True,True,0.9114285707473755,0.9114285707473755,0.875,8,4.947029113769531,True
tol7I8LtJK0,bonus,True,True,0.4736842215061188,0.4736842215061188,0.46875,0,9.328580856323242,True
top7pkA_DgY_1,individual,True,True,0.30000001192092896,0.30000001192092896,0.3125,2,1.9294331073760986,True
tpBaPkXYVZw_2,transfer,True,True,0.1756756752729416,0.18918919563293457,0.1875,0,3.5671470165252686,False
tplh8l5q74U,loan,True,True,0.4000000059604645,0.4000000059604645,0.40625,1,3.4846930503845215,True
tq85NQ0vOkA,tape,True,True,0.40740740299224854,0.43209877610206604,0.40625,2,5.673985004425049,True
tq8jQqoHYFA,isl,True,True,0.5920000076293945,0.5920000076293945,0.5625,3,4.293910503387451,True
tquKNwZ2GmA_1,sweet,True,True,0.3866666555404663,0.3866666555404663,0.375,0,3.5183370113372803,True
tr9YJUmvus8_1,assets,True,True,0.6222222447395325,0.6296296119689941,0.625,0,5.457952499389648,True
tt4b-WhpGQo,saudi arabia,True,True,0.4736842215061188,0.4736842215061188,0.46875,0,3.821425676345825,True
tuWWc-SdvF0_1,ornaments,True,True,0.6704545617103577,0.6931818127632141,0.6875,3,6.282679080963135,True
tuw6tMLjHwQ_1,magic,True,True,0.4761904776096344,0.5396825671195984,0.53125,3,6.79227352142334,True
twc2FUfpUYs,slope,True,True,0.5887096524238586,0.5887096524238586,0.59375,3,3.436567783355713,True
tx2Z3baCxLA_1,interest,True,True,0.5047619342803955,0.523809552192688,0.46875,2,4.0556159019470215,True
txywF-r9y2Q_1,signatory,True,True,0.380952388048172,0.39047619700431824,0.375,0,2.258157253265381,True
tyLcsnN8-v4,shape,True,True,0.6949999928474426,0.6949999928474426,0.71875,4,7.143892288208008,True
ty_tchoaG4Y_2,specific,True,True,0.5384615659713745,0.6153846383094788,0.625,0,8.487180709838867,True
tzW3OXlSkNw_1,nail,True,True,0.54666668176651,0.54666668176651,0.53125,0,4.223776340484619,True
u-vcH9n4_P0_1,carpenter,True,True,0.6666666865348816,0.6800000071525574,0.65625,3,5.586391925811768,True
u0VMIS7wC-Q,vietnam,True,True,0.560606062412262,0.5757575631141663,0.5625,1,5.598726272583008,True
u0ztdPXq6mY_1,re endorsed,True,True,0.8190476298332214,0.8571428656578064,0.875,3,4.858304500579834,True
u1PuKrTDzdI,lecture,True,True,0.6282051205635071,0.6282051205635071,0.625,1,3.864924192428589,True
u1e9ioscyfU_2,environment,True,True,0.6625000238418579,0.675000011920929,0.65625,0,3.342470407485962,True
u1yq_lnEwGI_2,capacitor,True,True,0.7400000095367432,0.75,0.78125,0,4.3531270027160645,True
u219wF2P_0Y_1,die,True,True,0.6555555462837219,0.6555555462837219,0.65625,1,4.267612457275391,True
u2IcV4xxNSA,youth,True,True,0.30630630254745483,0.3243243098258972,0.3125,3,5.437794208526611,True
u2O5QPKSzGo,temperate fruits,True,True,0.7491638660430908,0.7525083422660828,0.75,20,16.1280574798584,True
u2VLr8CRVGc_1,rhino,True,True,0.8133333325386047,0.9066666960716248,0.90625,2,15.165063858032227,True
u2_aJhGSIpY_1,keep,True,True,0.6399999856948853,0.6800000071525574,0.6875,2,4.227680683135986,True
u3CQB1epJcM_1,here,True,True,0.3333333432674408,0.3492063581943512,0.34375,1,4.633182048797607,True
u3NRv46oJVQ_1,pig,True,True,0.5809524059295654,0.5809524059295654,0.5625,0,8.564482688903809,True
u4LSjLeQ1Xw,drilling machine pedestal,True,True,0.5222222208976746,0.5333333611488342,0.5,0,6.683316707611084,True
u5PdOyHh8Yg,red,True,True,0.30075186491012573,0.30075186491012573,0.3125,1,2.160707473754883,True
u62ZlNmTpj4_1,cure,True,True,0.6476190686225891,0.6666666865348816,0.625,0,4.265618324279785,True
u6eoD3GXOZE,superstition,True,True,0.47058823704719543,0.47058823704719543,0.46875,2,4.451171875,True
u6hpIkJUQXE,ruthless,True,True,0.34959349036216736,0.34959349036216736,0.3125,2,6.07185697555542,True
u6x6Qk463V4,leaf,True,True,0.6551724076271057,0.6551724076271057,0.65625,0,3.531189203262329,True
u7Nv4whZa_0_1,shine,True,True,0.4266666769981384,0.4266666769981384,0.4375,0,4.232708930969238,True
u7dV3wCpaqM,lonely,True,True,0.6326530575752258,0.6326530575752258,0.625,0,4.196881294250488,True
u7twaE6fj9s,floriculture,True,True,0.9267399311065674,0.930402934551239,0.90625,8,8.642692565917969,True
u9397Rd5v7U_2,sound,True,True,0.7903226017951965,0.8064516186714172,0.8125,1,2.459043502807617,True
uA9K19APeNo_1,gate,True,True,0.4476190507411957,0.4571428596973419,0.5,0,3.9543299674987793,True
uBRoAycaSBM,thatched roof,True,True,0.8146341443061829,0.8195121884346008,0.8125,7,4.677437782287598,True
uBi-YX42NwI,application,True,True,0.6483516693115234,0.6483516693115234,0.625,2,4.287352085113525,True
uBtYh10h6RU_1,among,True,True,0.46666666865348816,0.46666666865348816,0.4375,0,2.0361239910125732,True
uCsgmqdwe4A,storey skyscraper,True,True,0.8654545545578003,0.8690909147262573,0.84375,9,6.480100631713867,True
uCxNvB_ULoA_2,filament,True,True,0.9032257795333862,0.9677419066429138,0.96875,1,8.56495189666748,True
uDwYK-AccH0,polygon tool,True,True,0.9112903475761414,0.9112903475761414,0.90625,3,5.887933731079102,True
uE8YfF7bTGM,identity,True,True,0.4819277226924896,0.4819277226924896,0.46875,0,2.964343309402466,True
uEWef2ILEC8,common cold,True,True,0.6268656849861145,0.6716417670249939,0.625,1,1.7652616500854492,True
uEtH33ZDk_s_1,borrower,True,True,0.27619048953056335,0.27619048953056335,0.28125,0,2.7845098972320557,True
uF5-SHyMOwg,assam,True,True,0.5151515007019043,0.5252525210380554,0.5,2,3.949211359024048,True
uF8zIar63bQ,punjabi,True,True,0.5740740895271301,0.5833333134651184,0.59375,3,7.478468894958496,True
uGjEbNgtauE,open,True,True,0.4878048896789551,0.4878048896789551,0.5,0,4.1678972244262695,True
uHAhEiTlj_M,knife,True,True,0.42307692766189575,0.42307692766189575,0.375,2,4.113287925720215,True
uHMNUWk8UAM,chronic illness,True,True,0.870192289352417,0.875,0.84375,4,4.878342628479004,True
uHTklDGcEfw_1,liquidation,True,True,0.7904762029647827,0.8095238208770752,0.75,0,5.748936653137207,True
uIJEGc6U5iU,vehicle,True,True,0.6491228342056274,0.6491228342056274,0.625,3,5.522382736206055,True
uK6EyYdjXtE_1,north america,True,True,0.5113636255264282,0.5227272510528564,0.53125,1,7.25684928894043,True
uK8G7-89HCI_1,summons,True,True,0.8148148059844971,0.8222222328186035,0.78125,3,2.512359142303467,True
uKWcQt8U4lA,research,True,True,0.529411792755127,0.6470588445663452,0.625,4,4.486748218536377,True
uL1_UYVYkfg_1,flute,True,True,0.460317462682724,0.460317462682724,0.46875,0,3.4631435871124268,True
uLSHBm4_kaw,gujarat,True,True,0.48235294222831726,0.5058823823928833,0.5,2,3.933542013168335,True
uNZ-A9bIT2c,vehicles,True,True,0.7360000014305115,0.7440000176429749,0.71875,2,8.317198753356934,True
uOHx8MflCBQ_1,registered letter,True,True,0.5,0.5083333253860474,0.53125,0,5.447818756103516,True
uOs0878HhR4,license,True,True,0.41111111640930176,0.41111111640930176,0.40625,0,5.107043266296387,True
uOsiUhQwVC8_1,bucket,True,True,0.6399999856948853,0.6399999856948853,0.625,0,3.5714075565338135,True
uOxGDdDq-Os_2,centre of curvature,True,True,0.8285714387893677,0.8666666746139526,0.84375,1,5.055675506591797,True
uPfJ7YCwEGQ_1,non payment,True,True,0.49166667461395264,0.49166667461395264,0.5,0,8.376524925231934,True
uQRHhIcXvEM,marketing of vegetables,True,True,0.6701388955116272,0.6701388955116272,0.65625,6,5.889451026916504,True
uRJUiALx54w,virus,True,True,0.35606059432029724,0.35606059432029724,0.375,4,7.3748931884765625,True
uRwmFRKMF58,army,True,True,0.4868420958518982,0.4868420958518982,0.46875,0,2.628673791885376,True
uSz2hrQZr3o,around,True,True,0.5529412031173706,0.5529412031173706,0.53125,0,4.844854831695557,True
uT8WGjPj-V8_1,discuss,True,True,0.7066666483879089,0.7066666483879089,0.71875,1,3.4324281215667725,True
uTLMV91lB10_1,assam,True,True,0.4533333480358124,0.4533333480358124,0.46875,2,4.579330921173096,True
uTZVPZYcdw8_1,accident,True,True,0.523809552192688,0.523809552192688,0.5,2,4.597525596618652,True
uU562ik7UXU_2,vertical,True,True,0.6804123520851135,0.7113401889801025,0.6875,0,1.9870200157165527,True
uVE9xX6fcp8_1,abbreviation,True,True,0.8066666722297668,0.8066666722297668,0.78125,1,6.91630220413208,True
uWVB0KovDB0_1,moon,True,True,0.699999988079071,0.699999988079071,0.71875,8,11.185144424438477,True
uYfcQkRSvAY,china,True,True,0.140625,0.140625,0.125,0,2.1557483673095703,False
uZB4kRSkd_g,droplet,True,True,0.3642857074737549,0.3642857074737549,0.34375,0,4.285994052886963,True
uZuvBINbAqo_1,holiday,True,True,0.1733333319425583,0.1733333319425583,0.15625,2,4.632415294647217,False
uaaq6GQck4s_1,never,True,True,0.25333333015441895,0.25333333015441895,0.21875,0,5.656177997589111,True
ubBmCChM6Ag,airjet,True,True,0.4318181872367859,0.4318181872367859,0.4375,1,3.1489181518554688,True
ubQczV3pKWs,assassination,True,True,0.8374999761581421,0.862500011920929,0.84375,8,6.715857028961182,True
ubUFV8ypTlU_1,return,True,True,0.47727271914482117,0.47727271914482117,0.4375,2,9.291056632995605,True
ubkSJRDhK7E_1,genuine,True,True,0.2666666805744171,0.2666666805744171,0.28125,0,3.26877760887146,True
ueNkV6ktC4g_2,identical,True,True,0.5268816947937012,0.5483871102333069,0.53125,0,3.157374620437622,True
ueiJkNzXxzw,influence,True,True,0.4624277353286743,0.4624277353286743,0.46875,2,9.403751373291016,True
uek2JAfcUhk,aeroplane sprayer,True,True,0.654321014881134,0.6584362387657166,0.65625,5,5.260148048400879,True
uf4A34QWFGw_1,rabbit,True,True,0.7222222089767456,0.7333333492279053,0.71875,4,5.605536460876465,True
ufTWb8-_rGA,multiple,True,True,0.5232558250427246,0.5232558250427246,0.5,5,6.671102046966553,True
ug0cTrsjK50,route,True,True,0.565891444683075,0.565891444683075,0.53125,4,3.8807826042175293,True
uhJRFZWXPEo,warm,True,True,0.6971830725669861,0.6971830725669861,0.6875,2,4.392362594604492,True
ui_ACRhp1jY,stir up,True,True,0.5765765905380249,0.6396396160125732,0.625,1,5.7804365158081055,True
ujw1Z5DK0r4_1,art,True,True,0.3968254029750824,0.3968254029750824,0.375,1,1.9772182703018188,True
ulHF3SltKW0_1,malayalam,True,True,0.6266666650772095,0.6266666650772095,0.59375,3,5.633958339691162,True
ulX1EaESaM4,tilts,True,True,0.9333333373069763,0.9407407641410828,0.90625,6,4.781771183013916,True
um4s1H6JPJg,call,True,True,0.3611111044883728,0.3611111044883728,0.375,1,2.7075748443603516,True
umCgstR_pg8,rare,True,True,0.5544554591178894,0.5544554591178894,0.5625,2,8.192425727844238,True
uohsAyKLTbI_1,land cess,True,True,0.8296296000480652,0.9111111164093018,0.90625,1,4.8907470703125,True
upAZkdtoF_Q,app,True,True,0.5517241358757019,0.5517241358757019,0.5625,0,4.76039457321167,True
upRlxxQUZp8_1,short term,True,True,0.4888888895511627,0.4888888895511627,0.5,0,4.820758819580078,True
up_LofohcV4_1,control,True,True,0.5714285969734192,0.6984127163887024,0.6875,1,5.912397384643555,True
upaDJQnr9nw,independent,True,True,0.7011494040489197,0.7011494040489197,0.6875,1,3.4151816368103027,True
uptCGl-HvV0_1,bulb,True,True,0.6952381134033203,0.6952381134033203,0.65625,1,3.6042838096618652,True
uqZJa7q4N5U,set,True,True,0.3802816867828369,0.3802816867828369,0.375,0,2.802079439163208,True
uqaIszhdKfc,rain,True,True,0.5384615659713745,0.5384615659713745,0.53125,1,7.442615985870361,True
uqfvjaFYDQg,poland,True,True,0.5344827771186829,0.5517241358757019,0.5625,0,3.762866497039795,True
urMRtuI8AmE_1,spider,True,True,0.6800000071525574,0.800000011920929,0.78125,4,5.349392890930176,True
usqVbUoBfnE,sailor collar,True,True,0.39444443583488464,0.4000000059604645,0.40625,2,4.1619415283203125,True
ut1NzAKHBXQ,deploy,True,True,0.863095223903656,0.863095223903656,0.8125,15,9.737566947937012,True
uu93d2sk9F0_2,plug point,True,True,0.6716417670249939,0.6716417670249939,0.65625,2,4.228549957275391,True
uu9Qo9_Mbh4_1,round,True,True,0.5249999761581421,0.5416666865348816,0.53125,1,3.2897660732269287,True
uuUInBI_oZM_1,fan,True,True,0.5888888835906982,0.5888888835906982,0.59375,1,7.401023864746094,True
uulY6vsvNQA_1,leave,True,True,0.653333306312561,0.6933333277702332,0.65625,0,3.8110086917877197,True
uuzch67c-xE,thermometer,True,True,0.44155845046043396,0.4675324559211731,0.46875,0,2.2696826457977295,True
uvBjcE-mwC0,polygraph,True,True,0.850931704044342,0.8540372848510742,0.84375,9,4.117393493652344,True
uvKTMTQqfu0,soon,True,True,0.6666666865348816,0.6785714030265808,0.65625,1,4.51167106628418,True
uw-zItX8w9g_1,monthly statement,True,True,0.875,0.875,0.875,1,5.266934394836426,True
uwDxpyWDKEI,shift,True,True,0.3799999952316284,0.3799999952316284,0.375,1,6.0477070808410645,True
uwYdH7GuSBg_1,bangles,True,True,0.4933333396911621,0.4933333396911621,0.46875,0,2.464445114135742,True
uwZ5UsyXbzg_1,mud,True,True,0.5044247508049011,0.5221238732337952,0.5,3,4.597776889801025,True
uyRfqa6Am-M_1,fake,True,True,0.4000000059604645,0.41333332657814026,0.40625,0,3.218158721923828,True
v-Mcteg34pI_1,hot,True,True,0.60317462682724,0.60317462682724,0.5625,0,8.343331336975098,True
v-jfNqYzfO8_1,june,True,True,0.6933333277702332,0.7333333492279053,0.71875,2,7.482744216918945,True
v0Ic3Von93I,band collar,True,True,0.5,0.5144927501678467,0.5,0,2.161740779876709,True
v0Rb3W378JA,samsung,True,True,0.4583333432674408,0.4583333432674408,0.4375,3,10.397594451904297,True
v0cK8a9s14I_1,evening,True,True,0.5555555820465088,0.5555555820465088,0.53125,0,4.337127208709717,True
v1TI57zaJKw,sauce,True,True,0.6222222447395325,0.6222222447395325,0.625,0,5.322117328643799,True
v1c0FpBhESQ_1,chart,True,True,0.6931818127632141,0.6931818127632141,0.6875,4,11.481938362121582,True
v1hh4hSEhzs,tally,True,True,0.3444444537162781,0.3444444537162781,0.34375,4,4.147398471832275,True
v1rzpB-cgGY_1,goa,True,True,0.5340909361839294,0.5340909361839294,0.53125,5,5.232603549957275,True
v2YS_BfBifc_1,key,True,True,0.5142857432365417,0.5523809790611267,0.53125,2,29.521766662597656,True
v2_Ta5XdknA_1,giraffe,True,True,0.47999998927116394,0.5066666603088379,0.46875,0,3.4333105087280273,True
v2ak0hp1ZTw,inactive,True,True,0.6299999952316284,0.6299999952316284,0.625,2,11.097784042358398,True
v2gPD7nTa0U_2,rigid,True,True,0.5483871102333069,0.5806451439857483,0.59375,0,1.941624402999878,True
v2jaNOh-Rcc,none,True,True,0.39393940567970276,0.42424243688583374,0.4375,2,4.146550178527832,True
v3hY00Fy7rE,library,True,True,0.6373626589775085,0.6373626589775085,0.625,1,6.465315341949463,True
v41B1GR3prg_1,crocodile,True,True,0.7866666913032532,0.9066666960716248,0.9375,3,4.981451034545898,True
v4dtaEki4f8,third,True,True,0.4649122953414917,0.4736842215061188,0.46875,1,2.5061163902282715,True
v5F3fOpfrBI,gangtok,True,True,0.4444444477558136,0.4444444477558136,0.40625,1,2.949104070663452,True
v6KlD6e05Fc,reverse,True,True,0.6794871687889099,0.7179487347602844,0.6875,2,3.8134605884552,True
v7--O9C9ZH4,muharram,True,True,0.5523809790611267,0.6190476417541504,0.59375,3,8.675436973571777,True
v74BqLpCYnY_1,bedsheet,True,True,0.5629629492759705,0.585185170173645,0.59375,0,4.777334213256836,True
v7LOMsrEiVI_1,sorry,True,True,0.4886363744735718,0.5340909361839294,0.5,0,1.947143793106079,True
v8NufYf6_Ik_1,room,True,True,0.6499999761581421,0.6499999761581421,0.625,3,4.065579891204834,True
v8gTUo-ln6Q_1,self employed,True,True,0.6857143044471741,0.7333333492279053,0.75,0,3.227055072784424,True
vAW9QDnXLrE,please,True,True,0.5595238208770752,0.5595238208770752,0.5625,0,1.945994257926941,True
vAXHFqBV6H8_1,muslim,True,True,0.4126984179019928,0.4126984179019928,0.40625,0,3.6870691776275635,True
vAuu3hDoGhU_1,produce,True,True,0.5600000023841858,0.6000000238418579,0.59375,1,2.3071200847625732,True
vB-4jZVx0yU,solid,True,True,0.7126436829566956,0.7241379022598267,0.71875,5,3.697018623352051,True
vB72KncjZis,evening,True,True,0.6307692527770996,0.6461538672447205,0.625,2,5.983229637145996,True
vBJxSJ5_mvw_1,learn,True,True,0.5733333230018616,0.5733333230018616,0.5625,1,7.420567512512207,True
vBRmLg-XJZc_1,hold,True,True,0.9066666960716248,0.9466666579246521,0.9375,3,4.058955192565918,True
vBd0XrgKlCA,secondary tillage,True,True,0.8948948979377747,0.8948948979377747,0.875,17,5.814184665679932,True
vDKcRElYodA,musician,True,True,0.5779221057891846,0.5909090638160706,0.59375,4,3.9871509075164795,True
vDrReANaXZY_2,l.e.d,True,True,0.9816513657569885,1.0,1.0,0,5.729877948760986,True
vEGYAfMU3tc_1,power,True,True,0.653333306312561,0.653333306312561,0.65625,0,8.560432434082031,True
vEHf2s9hu20_2,share equity,True,True,0.3948718011379242,0.4307692348957062,0.4375,1,4.809279918670654,True
vEq2LWgecfA_1,wife,True,True,0.699999988079071,0.7250000238418579,0.6875,3,5.818982124328613,True
vFAuNQe7ng8_1,saturday,True,True,0.46666666865348816,0.4933333396911621,0.46875,0,4.627625942230225,True
vFJOA9dR7Bw,sony mobile,True,True,0.49074074625968933,0.49074074625968933,0.5,5,6.220595836639404,True
vFSdw3lE-5M,cerebral palsy,True,True,0.6000000238418579,0.6111111044883728,0.59375,4,4.130449295043945,True
vFYN8jgOhb8,south korea,True,True,0.6707317233085632,0.6707317233085632,0.65625,0,3.802659749984741,True
vFZMA4_VtAY,iphone,True,True,0.3761467933654785,0.3761467933654785,0.375,0,3.7205147743225098,True
vFbghqf1jZg,roasters,True,True,0.8229166865348816,0.8229166865348816,0.8125,2,3.5647048950195312,True
vFnoqnWWGok_1,story,True,True,0.5066666603088379,0.5066666603088379,0.5,5,4.607235431671143,True
vITeIiXX1xE,subtract,True,True,0.6516854166984558,0.6516854166984558,0.625,1,4.920004844665527,True
vJy28p55lkQ,temporary,True,True,0.5479452013969421,0.5479452013969421,0.53125,2,4.167137145996094,True
vKabvg9GjnY_1,behind,True,True,0.4126984179019928,0.4126984179019928,0.40625,0,2.7501580715179443,True
vLbvf0zEj5M,child,True,True,0.8173515796661377,0.8219178318977356,0.8125,1,4.044220447540283,True
vLfbnZZBph0_1,you,True,True,0.5066666603088379,0.5066666603088379,0.46875,1,4.763454914093018,True
vLk7S0mnUms,pay in installment,True,True,0.8790035843849182,0.918149471282959,0.90625,4,4.901612758636475,True
vM9tngFYH1c,enough,True,True,0.6067415475845337,0.6067415475845337,0.59375,1,3.887895107269287,True
vMbLDoCayk8,please,True,True,0.6391752362251282,0.6391752362251282,0.625,3,4.369746685028076,True
vOW-yOcVU80_2,transistor,True,True,0.8452380895614624,0.8928571343421936,0.90625,0,4.372962951660156,True
vOkUq_SPrjs_1,valley,True,True,0.5299999713897705,0.5400000214576721,0.46875,0,17.849523544311523,True
vPAwEcpbWqo,enough,True,True,0.3333333432674408,0.3333333432674408,0.3125,0,2.4616405963897705,True
vPmpk0u_sls,dash,True,True,0.8584905862808228,0.8584905862808228,0.84375,11,11.160065650939941,True
vRs1P7sa3F4_1,today,True,True,0.3333333432674408,0.3333333432674408,0.3125,0,5.942116737365723,True
vS5fnczMHcA,last,True,True,0.25999999046325684,0.25999999046325684,0.25,0,8.710978507995605,True
vSEUaTn35j4,copy and paste,True,True,0.52173912525177,0.532608687877655,0.53125,2,3.6840646266937256,True
vSK-jsgpaXQ,chesterfield  coat,True,True,0.2460317462682724,0.25,0.21875,1,2.415140390396118,True
vSfRkcjelhw_1,wedding,True,True,0.550000011920929,0.550000011920929,0.53125,1,3.4235384464263916,True
vT49kp3azYg_1,total,True,True,0.6761904954910278,0.7047619223594666,0.71875,3,3.830871343612671,True
vTgiUguTQW0_2,mercury,True,True,0.7021276354789734,0.7021276354789734,0.6875,1,4.861443996429443,True
vTrtUfPI0RY,rest,True,True,0.41025641560554504,0.41025641560554504,0.40625,1,6.209854602813721,True
vV1FizHByPw,prejudice,True,True,0.4912280738353729,0.4912280738353729,0.46875,0,4.365817070007324,True
vVGXtFbW5RI_2,galvanometer,True,True,0.7039999961853027,0.7120000123977661,0.6875,4,14.822426795959473,True
vVylNakRi6s,strain,True,True,0.5657894611358643,0.5657894611358643,0.5625,1,9.909052848815918,True
vWkwy9ebsQg_1,water,True,True,0.5795454382896423,0.5795454382896423,0.5625,1,5.048704147338867,True
vX0J0TVfQgk_1,salt,True,True,0.6190476417541504,0.6666666865348816,0.65625,4,5.689912796020508,True
vXchKE88TDI_1,time,True,True,0.699999988079071,0.699999988079071,0.6875,0,12.523674011230469,True
vXg5mjo2Lpc,any,True,True,0.44954127073287964,0.4678899049758911,0.4375,3,4.6333208084106445,True
vYM_64Gc77o,town,True,True,0.550000011920929,0.5625,0.5625,0,6.678051948547363,True
vYPkgKmRa6k,talk,True,True,0.44329896569252014,0.47422680258750916,0.46875,0,2.609553337097168,True
vYWosOoYH1U_1,instument,True,True,0.5799999833106995,0.6266666650772095,0.65625,1,5.626475811004639,True
vYzp_d3T9Ok_1,wednesday,True,True,0.46666666865348816,0.46666666865348816,0.46875,0,6.071956634521484,True
vZBu2SG35ec,competition,True,True,0.5407407283782959,0.5407407283782959,0.53125,0,8.712748527526855,True
vZMGPJSJaFg,dysuria,True,True,0.7777777910232544,0.7777777910232544,0.78125,5,4.827093601226807,True
v_7Bg4-cPjg,tunisia,True,True,0.5357142686843872,0.5595238208770752,0.53125,0,4.027708530426025,True
v_BzLSp7PLM,bride,True,True,0.7967479825019836,0.8075881004333496,0.78125,13,7.86536979675293,True
v_HmgeH-ABo,day,True,True,0.410526305437088,0.42105263471603394,0.40625,3,4.686572551727295,True
vaDXdxLlUwk_1,world,True,True,0.6555555462837219,0.6555555462837219,0.625,2,4.538486957550049,True
vamyn1qDCdg_1,carrom,True,True,0.7142857313156128,0.8730158805847168,0.875,1,5.961628437042236,True
vasldMsoKDg_2,vernier caliper,True,True,0.7321428656578064,0.7678571343421936,0.75,0,5.2634148597717285,True
vawgyWPeIiM,foot body part,True,True,0.6290322542190552,0.6290322542190552,0.625,3,9.31445598602295,True
vbsNiOkm0BU,tie,True,True,0.5,0.5123456716537476,0.5,8,8.217618942260742,True
vdntxBdRdZg,electric bike,True,True,0.849372386932373,0.8535565137863159,0.8125,7,5.603224277496338,True
ve8zSDsdFzs,starfish,True,True,0.7115384340286255,0.7435897588729858,0.6875,12,5.450078010559082,True
vesSu5AjSN4,mallet,True,True,0.5357142686843872,0.5357142686843872,0.5,5,5.501560211181641,True
vfrntxijZAA_1,horse,True,True,0.5333333611488342,0.5333333611488342,0.5,4,4.317191123962402,True
vgtE5_6_VD4,nearby,True,True,0.3684210479259491,0.3684210479259491,0.375,1,4.5503058433532715,True
vhPLDKNYuEg_1,cheque crossed,True,True,0.7818182110786438,0.7939394116401672,0.8125,1,4.240391731262207,True
vhqQBxbUVy0_1,develop,True,True,0.3650793731212616,0.4126984179019928,0.40625,0,8.857524871826172,True
vj85ZSkQDVo,girlfriend,True,True,0.5,0.5,0.5,4,4.715453624725342,True
vmAkJRlUSzI_1,maintenance allowance,True,True,0.6296296119689941,0.6296296119689941,0.625,2,3.2117061614990234,True
vnOgaQ_eFNs,see,True,True,0.3956044018268585,0.3956044018268585,0.375,0,2.978532552719116,True
voRQqu3By8I_1,talk,True,True,0.8066666722297668,0.8133333325386047,0.78125,0,4.126380443572998,True
vqWFY4rbASg,ship,True,True,0.6964285969734192,0.6964285969734192,0.6875,2,7.853142738342285,True
vqkqbOdwbSc_1,pune,True,True,0.380952388048172,0.380952388048172,0.375,1,3.2607386112213135,True
vt86EMAaXHM,business,True,True,0.3888888955116272,0.3888888955116272,0.375,1,5.84683895111084,True
vu__40Wbws4_1,mixer,True,True,0.7333333492279053,0.7555555701255798,0.71875,3,5.760636806488037,True
vvCzSnLu_4Q,samosa,True,True,0.4000000059604645,0.4000000059604645,0.375,3,3.9615838527679443,True
vvsfyFEY7lo,hatchet,True,True,0.5889328122138977,0.6086956262588501,0.59375,2,3.743105888366699,True
vvyGWPvy1cc,town,True,True,0.603960394859314,0.6336633563041687,0.625,3,2.991549491882324,True
vwTIplMTPZA_2,reaction,True,True,0.5,0.5227272510528564,0.5,0,2.3786017894744873,True
vwpHHohq8II,cng stone carving machine,True,True,0.8110598921775818,0.8110598921775818,0.78125,6,4.23410701751709,True
vycU4cMW3_U_1,show cause,True,True,0.4000000059604645,0.4416666626930237,0.4375,1,6.188810348510742,True
vyvFWSdT7V4_1,disguise,True,True,0.4000000059604645,0.41333332657814026,0.40625,0,2.530250310897827,True
vzR3201tHPY,translate,True,True,0.47058823704719543,0.47058823704719543,0.46875,2,5.6593546867370605,True
vzzmwuU-sMg,sad,True,True,0.19587628543376923,0.19587628543376923,0.1875,0,5.0929694175720215,False
w-f7sV2B7Tc_1,true,True,True,0.5222222208976746,0.5222222208976746,0.53125,3,6.049040794372559,True
w0C2Lq7hMsQ,minimize,True,True,0.6882715821266174,0.6913580298423767,0.65625,12,5.045440673828125,True
w0Z2yfGcCW8,eye,True,True,0.5076923370361328,0.5230769515037537,0.53125,0,2.596458911895752,True
w163zAc0RYM,cough,True,True,0.38620689511299133,0.38620689511299133,0.375,0,1.9740619659423828,True
w2bUy2rPYPI,menu,True,True,0.6916666626930237,0.699999988079071,0.6875,2,6.720168590545654,True
w3iXbhc5vsM_1,thursday,True,True,0.4000000059604645,0.4000000059604645,0.40625,1,8.602121353149414,True
w49chg-Y92g,cashier,True,True,0.37735849618911743,0.37735849618911743,0.375,2,6.158266544342041,True
w5hHBBDrypI_1,internal,True,True,0.9809523820877075,1.0,1.0,2,8.98221492767334,True
w87_PYaYQz4,wicket,True,True,0.5510203838348389,0.5510203838348389,0.53125,1,9.851454734802246,True
w88o1TXwwJg_1,pen,True,True,0.36000001430511475,0.36000001430511475,0.34375,0,2.9707000255584717,True
w8RSWGCRPDg,sell,True,True,0.4431818127632141,0.4431818127632141,0.4375,1,10.258333206176758,True
w9Jz12VoOYQ_1,drumstick,True,True,0.54666668176651,0.54666668176651,0.53125,0,5.964303970336914,True
w9VefdfpI0I_1,grandfather,True,True,0.6303030252456665,0.6424242258071899,0.65625,0,7.544569969177246,True
wAEJEtDB20g,land,True,True,0.47252747416496277,0.47252747416496277,0.46875,3,18.369861602783203,True
wBCqfnnNfSo,weaver,True,True,0.813829779624939,0.835106372833252,0.78125,4,3.5132484436035156,True
wC9iVMmSTeE_2,current,True,True,0.7471264600753784,0.7701149582862854,0.75,0,2.233794927597046,True
wClUzDG34wQ,religion,True,True,0.54347825050354,0.554347813129425,0.53125,2,10.306720733642578,True
wDXqSeOQQy4_1,run,True,True,0.48571428656578064,0.5333333611488342,0.53125,1,5.175896167755127,True
wDy5hBdrwoc,train,True,True,0.4767441749572754,0.4767441749572754,0.4375,1,2.5709519386291504,True
wEd93OlB_ZI_1,what,True,True,0.4126984179019928,0.4126984179019928,0.40625,0,4.835848808288574,True
wEfxi8YvQLI,cyprus,True,True,0.6363636255264282,0.6363636255264282,0.625,2,4.6297760009765625,True
wFVLswbyZOc,insurance,True,True,0.4761904776096344,0.4761904776096344,0.46875,0,2.613725423812866,True
wGWFAPl8EXs_1,river,True,True,0.6700000166893005,0.7200000286102295,0.6875,1,5.087072849273682,True
wHl7V93XdWA,terrorist,True,True,0.8545454740524292,0.8636363744735718,0.875,8,14.101102828979492,True
wIEYdZjvXJo,driver,True,True,0.3717948794364929,0.3717948794364929,0.34375,1,2.771606683731079,True
wIVO3x0WAfk_1,paper,True,True,0.5555555820465088,0.5555555820465088,0.5625,2,5.7199859619140625,True
wIi5NVKOOfM,strict,True,True,0.5890411138534546,0.6164383292198181,0.625,0,4.214183330535889,True
wJS3We_1ets_1,sharbat,True,True,0.6349206566810608,0.7142857313156128,0.71875,1,5.467432975769043,True
wK63rmj8--U,sky,True,True,0.4609929025173187,0.4609929025173187,0.4375,0,5.457699775695801,True
wK7Y3bBPwtI,curd,True,True,0.708737850189209,0.708737850189209,0.6875,1,4.698418617248535,True
wK8amEJAK1Y,thank you,True,True,0.5396825671195984,0.5396825671195984,0.53125,0,3.140294075012207,True
wKBVwR3BraE,photosynthesis process,True,True,0.9052631855010986,0.9157894849777222,0.90625,6,9.912978172302246,True
wKDAEDyBAY0,life jacket,True,True,0.8265306353569031,0.8333333134651184,0.8125,10,7.882053375244141,True
wKzWwmm8bgE,asthma,True,True,0.6822429895401001,0.7383177280426025,0.75,3,2.9669647216796875,True
wLSWjMuhJww_1,which,True,True,0.5714285969734192,0.682539701461792,0.6875,1,4.427173614501953,True
wMlY1TQZA2A,tamil,True,True,0.5522388219833374,0.5522388219833374,0.53125,0,2.998337745666504,True
wMm24t1NrcM,worry,True,True,0.6888889074325562,0.6888889074325562,0.65625,2,6.311196327209473,True
wOwsXFMF1aA,parcel,True,True,0.6195651888847351,0.6413043737411499,0.625,2,5.924051284790039,True
wPTa0UQJY_w,measure,True,True,0.6304348111152649,0.6304348111152649,0.625,3,8.365445137023926,True
wPkxTCa_Dj4_1,dismissal,True,True,0.3499999940395355,0.3499999940395355,0.34375,2,4.47913932800293,True
wPofP8PotLg_1,cat,True,True,0.6333333253860474,0.6333333253860474,0.625,0,4.158634185791016,True
wPsIxhPHXBo,blouse,True,True,0.8735632300376892,0.8735632300376892,0.875,1,9.41123104095459,True
wQ5nwBznVk8_1,crossing,True,True,0.5142857432365417,0.5142857432365417,0.5,0,3.8659868240356445,True
wRjTHPy0jes,last week,True,True,0.5445544719696045,0.5445544719696045,0.53125,1,4.039072513580322,True
wTP-Qjl_mSM_1,film,True,True,0.5568181872367859,0.5909090638160706,0.59375,5,5.748566150665283,True
wVgslraD204,cap,True,True,0.2752293646335602,0.2844036817550659,0.25,3,5.116984844207764,True
wWlOXeR9qnc_1,rubber,True,True,0.6777777671813965,0.6777777671813965,0.6875,0,4.199851989746094,True
wWzqyc2x0GI,miss,True,True,0.24375000596046448,0.24375000596046448,0.25,2,6.424160480499268,True
wX-5GS2Om7k,last year,True,True,0.550561785697937,0.550561785697937,0.53125,0,6.174674034118652,True
wXEnqj_rf4Q_1,sunrise,True,True,0.5340909361839294,0.5681818127632141,0.59375,2,4.819150447845459,True
wYeLqdSCZR8,hungry,True,True,0.4615384638309479,0.4615384638309479,0.4375,1,4.019615173339844,True
wZBe3IUlYLo,detective,True,True,0.8536585569381714,0.8606271743774414,0.84375,1,7.846458911895752,True
wZYbp0lRGhU,pressure foot,True,True,0.53125,0.5381944179534912,0.53125,1,5.066086769104004,True
wZeZ2Hr8VEg_1,customer service,True,True,0.5,0.5199999809265137,0.5,4,5.462684154510498,True
w_FY56WkUPM,shawl,True,True,0.6455696225166321,0.6455696225166321,0.65625,2,4.917264461517334,True
wa6VGunvMoo,road,True,True,0.6835442781448364,0.7088607549667358,0.6875,2,4.512643814086914,True
wcG4jvqJVDc_1,satisfied,True,True,0.4920634925365448,0.4920634925365448,0.46875,0,2.227308988571167,True
wcvifjsKYo0_2,proton,True,True,0.6666666865348816,0.7185184955596924,0.71875,2,9.122941017150879,True
weWGeNNGQSM_1,industry,True,True,0.6296296119689941,0.6370370388031006,0.59375,2,6.503354549407959,True
wedIVeQMY1k,girl,True,True,0.46846845746040344,0.46846845746040344,0.46875,0,5.502433776855469,True
wf5rLp6YTCQ_1,re employment,True,True,0.6222222447395325,0.6888889074325562,0.6875,3,5.256492614746094,True
wf7d8Ok1PvA_1,united states of america,True,True,0.5600000023841858,0.5600000023841858,0.5625,1,4.01278018951416,True
wfHGKTc0WuY,wool,True,True,0.46296295523643494,0.46296295523643494,0.46875,0,4.848971366882324,True
wgb8ncghBN4_2,intermal combustion engine,True,True,0.8333333134651184,0.9117646813392639,0.90625,0,4.777838706970215,True
wgrN2DNXukc,sandwich,True,True,0.5916666388511658,0.6000000238418579,0.59375,0,6.481897354125977,True
wgvsWR2YWxo,plenty,True,True,0.37931033968925476,0.37931033968925476,0.375,2,5.150155067443848,True
whLOS_LCl9U,younger brother,True,True,0.6486486196517944,0.6486486196517944,0.65625,0,5.529572010040283,True
wh_GS78OuYQ,milkman,True,True,0.6439393758773804,0.6439393758773804,0.625,4,4.413362503051758,True
whkRlb-0s94_1,saloon,True,True,0.6133333444595337,0.6266666650772095,0.625,2,4.929078102111816,True
whmbYHrlP-A_1,tell,True,True,0.523809552192688,0.523809552192688,0.5,1,6.435802936553955,True
whvKyzLJ6Mc_1,lion,True,True,0.35555556416511536,0.41111111640930176,0.40625,0,3.461061716079712,True
wi-dI81iYSY_1,single entry,True,True,0.6166666746139526,0.6166666746139526,0.59375,0,4.937874794006348,True
wiemsBV5e08,sweet lime,True,True,0.4336283206939697,0.4336283206939697,0.40625,5,3.2591583728790283,True
wkdHGN4OO-I,raise,True,True,0.3181818127632141,0.3181818127632141,0.3125,0,1.912719488143921,True
wku-gtLtQyI_1,lapse,True,True,0.8866666555404663,0.9200000166893005,0.90625,3,5.956920623779297,True
wlPKT6teWGk_1,letter of authority,True,True,0.9555555582046509,1.0,1.0,1,3.309486150741577,True
wnhTdzfceXA_1,misappropriation,True,True,0.5400000214576721,0.5400000214576721,0.53125,1,3.3933024406433105,True
woQgNTk9IIE,eggplant,True,True,0.3037036955356598,0.3037036955356598,0.28125,3,3.388425827026367,True
woo5-4amwJ0,rjd,True,True,0.6268656849861145,0.641791045665741,0.625,1,7.4780073165893555,True
wpUgLTxBXns,lecturer,True,True,0.3083333373069763,0.3083333373069763,0.28125,0,2.40263032913208,True
wpmDoeOl2qY,steady current,True,True,0.7765362858772278,0.7765362858772278,0.75,3,4.170682430267334,True
wq4yQ4OdJ5U_2,freexing,True,True,0.8205128312110901,0.9230769276618958,0.90625,6,9.019143104553223,True
wqFLr0dsRTA_1,toothpaste,True,True,0.5222222208976746,0.5222222208976746,0.53125,1,6.020139217376709,True
wqrZVsLOR_A_2,anticlockwise,True,True,0.7559055089950562,0.8267716765403748,0.8125,0,2.537245750427246,True
wqvjAdWgJ4o_2,planet,True,True,0.8521126508712769,0.8591549396514893,0.84375,4,6.921292304992676,True
wru3RdDTafg,waxing,True,True,0.75,0.75,0.71875,3,8.065773963928223,True
wsRNKesle6I_1,mathematics,True,True,0.4266666769981384,0.4266666769981384,0.40625,2,8.286897659301758,True
wsWElJBdZcA,zambia,True,True,0.4421052634716034,0.4421052634716034,0.40625,0,3.065927743911743,True
wsXbxNK7ROM_2,oscillator,True,True,0.9491525292396545,0.9491525292396545,0.96875,2,4.908789157867432,True
ws_qjks_TFo,zoo,True,True,0.4656488597393036,0.4656488597393036,0.46875,1,3.482318639755249,True
wsxvzzgBO1M_1,harmonium,True,True,0.5396825671195984,0.5396825671195984,0.53125,1,3.987833261489868,True
wsy4LqAJq8E_1,monitoring,True,True,0.46666666865348816,0.46666666865348816,0.46875,0,2.3787505626678467,True
wtN-hVs7sYw_1,myself,True,True,0.4933333396911621,0.5199999809265137,0.5,0,3.2764875888824463,True
wtXCZaGIQsk,backyard system of poultry,True,True,0.8938547372817993,0.8966480493545532,0.875,9,5.474965572357178,True
wtaxFUrko34,parking,True,True,0.529411792755127,0.529411792755127,0.5,0,4.647792816162109,True
wtr_LSVYecQ_1,teach,True,True,0.5555555820465088,0.5873016119003296,0.59375,0,6.088830471038818,True
wu_tcc63EjM_2,concave mirror,True,True,0.6942148804664612,0.702479362487793,0.6875,3,4.599487781524658,True
wubfL2VbBLY,cat,True,True,0.48514851927757263,0.49504950642585754,0.5,0,3.188854217529297,True
wwGDiruyGH8_1,mogra,True,True,0.9333333373069763,0.9333333373069763,0.9375,1,3.5300517082214355,True
wwQV7dGvw0s_2,green,True,True,0.4141414165496826,0.4545454680919647,0.46875,0,7.770489692687988,True
wwTa3v_SLew,fray  edges,True,True,0.460317462682724,0.460317462682724,0.46875,5,4.103350639343262,True
wwVkDiHS9FM_1,pongal,True,True,0.47999998927116394,0.47999998927116394,0.46875,0,2.126316785812378,True
wwf3PXeSfsg_1,thriff,True,True,0.41904762387275696,0.4285714328289032,0.4375,0,5.864784240722656,True
wx8pMHRIYho,motorcycle,True,True,0.4722222089767456,0.5277777910232544,0.53125,0,6.347136974334717,True
wxH6fMp_1PY_1,waiting list,True,True,0.5933333039283752,0.5933333039283752,0.5625,0,5.720212459564209,True
wxZHsP8osZo_1,orange,True,True,0.6083333492279053,0.6083333492279053,0.59375,1,8.078712463378906,True
wyDi2hGYZmg,forehead,True,True,0.43119266629219055,0.43119266629219055,0.4375,0,2.86883544921875,True
wyq5UGADJrw_1,leave duty,True,True,0.7749999761581421,0.824999988079071,0.8125,1,5.280985355377197,True
wyu_qsxDouM_1,buy,True,True,0.7727272510528564,0.7954545617103577,0.75,0,4.231905460357666,True
wzz6Gt0EotA,balloon,True,True,0.6000000238418579,0.6000000238418579,0.59375,0,2.9244587421417236,True
x-Bc7ssevU8,zimbabwe,True,True,0.4356435537338257,0.4356435537338257,0.40625,0,8.344789505004883,True
x-K2eMJl34k_1,clock,True,True,0.7047619223594666,0.7428571581840515,0.71875,2,6.895745277404785,True
x-anjlR2rMc,economic importance of fish in india,True,True,0.7320754528045654,0.7622641324996948,0.71875,8,4.687168598175049,True
x-lubm0ha08,mahatma gandhi,True,True,0.4672897160053253,0.4672897160053253,0.4375,2,4.017977714538574,True
x-uAyPToZMs,license,True,True,0.593406617641449,0.593406617641449,0.5625,0,1.902431607246399,True
x0JU-zUFnS4_1,grandmother,True,True,0.6933333277702332,0.6933333277702332,0.6875,1,3.377716541290283,True
x1Abu6sfP5A,rajdhani train,True,True,0.5581395626068115,0.5581395626068115,0.5625,1,4.398070812225342,True
x1PWeacqP-w_1,dasara,True,True,0.5199999809265137,0.5199999809265137,0.5,0,4.148321151733398,True
x1S_tnc_djk,distribute,True,True,0.6451612710952759,0.6451612710952759,0.65625,4,6.407009124755859,True
x2fCZCCqh3E_1,movable property,True,True,0.7111111283302307,0.7333333492279053,0.71875,3,3.960622787475586,True
x3H9ltkR_vM,el salvador,True,True,0.25609755516052246,0.2926829159259796,0.28125,0,4.392176151275635,True
x3JBmtirJQ0_1,revalidation,True,True,0.7454545497894287,0.8969696760177612,0.875,2,4.221571922302246,True
x3WXPajc1UQ,bleeding disorders,True,True,0.8636363744735718,0.9015151262283325,0.875,2,5.51336669921875,True
x3nuREvEwis,kick out,True,True,0.28723403811454773,0.28723403811454773,0.28125,0,4.051827907562256,True
x4I6cO9p77Y_1,submission,True,True,0.3733333349227905,0.3733333349227905,0.375,1,6.034658432006836,True
x5VIvDZhXNg,angry,True,True,0.5396825671195984,0.5396825671195984,0.53125,0,5.3384528160095215,True
x5dEKDXkXQY_1,welder,True,True,0.5733333230018616,0.6133333444595337,0.625,0,3.524533748626709,True
x6O_GrimQMw,chennai,True,True,0.4545454680919647,0.4545454680919647,0.4375,0,2.125441312789917,True
x77fC4-wJ8c,suggest,True,True,0.6891891956329346,0.7702702879905701,0.78125,1,4.098872184753418,True
x7CtEdG8eAY_1,hear,True,True,0.6666666865348816,0.6916666626930237,0.6875,1,3.4719057083129883,True
x7Gd1PNDGj4_2,triangle,True,True,0.5240963697433472,0.5240963697433472,0.53125,2,3.666344165802002,True
x7SV2p_-rPE,brain,True,True,0.37857142090797424,0.37857142090797424,0.375,1,3.397777557373047,True
x7TnEHc0viU,tractor,True,True,0.6451612710952759,0.6451612710952759,0.65625,3,5.544896125793457,True
xA8hTvpWbh0_1,month,True,True,0.3733333349227905,0.4266666769981384,0.40625,1,4.994525909423828,True
xAwnTMH15-s_1,sleep,True,True,0.6095238327980042,0.6095238327980042,0.59375,3,4.73982048034668,True
xBLGhif1BWI,place,True,True,0.7307692170143127,0.7307692170143127,0.71875,3,12.427630424499512,True
xBvqQ50Vlcg_1,settle,True,True,0.5142857432365417,0.5904762148857117,0.5625,1,17.919965744018555,True
xBwnNDnOPGM,north korea,True,True,0.6707317233085632,0.6829268336296082,0.65625,0,3.801513910293579,True
xD3S5OUhSRs,boat,True,True,0.5593220591545105,0.5847457647323608,0.5625,0,4.250156402587891,True
xDFgS6-OSkY,seam allowance,True,True,0.4624505937099457,0.4624505937099457,0.4375,3,3.755967855453491,True
xEKHtFeWzSM_2,lubrication oil,True,True,0.5222222208976746,0.5888888835906982,0.59375,0,6.133396148681641,True
xEUbXwWImbc_1,compulsory,True,True,0.5809524059295654,0.6095238327980042,0.65625,1,2.539093494415283,True
xEp-ufgrq-g,swallow,True,True,0.800000011920929,0.8193548321723938,0.8125,4,4.7700886726379395,True
xFB6kz5WkvA_1,housing loan,True,True,0.9333333373069763,0.9523809552192688,0.9375,2,3.3303911685943604,True
xGkS3isNXXc,modern,True,True,0.42500001192092896,0.48750001192092896,0.46875,0,4.925753593444824,True
xGmkipo2jsM_1,hut,True,True,0.6133333444595337,0.6133333444595337,0.59375,3,4.534280300140381,True
xH84YCP65HE,fitted,True,True,0.19298245012760162,0.19298245012760162,0.1875,2,3.6964759826660156,False
xHgqrgu0NB0,corporation bank,True,True,0.557894766330719,0.557894766330719,0.53125,3,4.050040245056152,True
xIOA0k1ZLMk,hot air balloon,True,True,0.6714975833892822,0.6859903335571289,0.65625,3,4.816836357116699,True
xIc5zEX3vSY_2,illegal,True,True,0.9333333373069763,0.9904761910438538,0.96875,1,5.767752647399902,True
xIh1wMuXgJs_1,wood,True,True,0.5,0.5,0.5,1,2.4547417163848877,True
xJMONi1L3S8_1,peak,True,True,0.7400000095367432,0.75,0.75,2,4.347622871398926,True
xKRO8sRM6yQ_1,government,True,True,0.9200000166893005,0.9466666579246521,0.9375,0,3.0821292400360107,True
xL-DC_wV5_E_1,standard,True,True,0.30000001192092896,0.3444444537162781,0.34375,0,7.848385810852051,True
xLArhlTY728_1,day,True,True,0.4533333480358124,0.47999998927116394,0.46875,1,2.519117832183838,True
xLWzYC5VgPA_2,rural development,True,True,0.43884891271591187,0.4892086386680603,0.46875,0,8.350159645080566,True
xMaMOHTmML4,turn,True,True,0.41025641560554504,0.4273504316806793,0.4375,0,4.800134181976318,True
xMvpodrz6dM,idea,True,True,0.48514851927757263,0.5049505233764648,0.5,1,2.5138051509857178,True
xND6JDuQ05A_1,mary,True,True,0.4399999976158142,0.4399999976158142,0.40625,1,4.506742477416992,True
xOxrAcyAcII,renovation,True,True,0.9344262480735779,0.9377049207687378,0.90625,5,4.523138046264648,True
xPY0EW3HkQU_1,shoe,True,True,0.5909090638160706,0.5909090638160706,0.59375,0,4.823877334594727,True
xPkil4VFr0A,open circuit,True,True,0.7386363744735718,0.7443181872367859,0.71875,4,8.988282203674316,True
xQ24Y6Y7wvE_1,acceptance clean,True,True,0.5166666507720947,0.5388888716697693,0.5,1,4.6114630699157715,True
xQIXN-eQZ7I,fever,True,True,0.36942675709724426,0.36942675709724426,0.34375,0,2.128877878189087,True
xQgu-lCEmO4_2,pendulum,True,True,0.8266666531562805,0.8533333539962769,0.8125,4,9.621894836425781,True
xR3xDmZZCCI,city,True,True,0.41129031777381897,0.41129031777381897,0.40625,3,3.4787678718566895,True
xS2EEES-n8I_1,margin,True,True,0.75,0.7749999761581421,0.75,0,6.928626537322998,True
xSAoWBeLvfo,injury,True,True,0.35211268067359924,0.35211268067359924,0.34375,0,1.9287958145141602,True
xSDCy2uCWSs_1,rubber,True,True,0.6095238327980042,0.6095238327980042,0.59375,0,4.070673942565918,True
xTQHYVNuH2I,bindi,True,True,0.4743589758872986,0.4743589758872986,0.46875,1,3.005803108215332,True
xTirP9sB_SY_1,education,True,True,0.5866666436195374,0.6666666865348816,0.65625,1,4.736006736755371,True
xTu2lteTqAY,parapet,True,True,0.6511628031730652,0.6511628031730652,0.625,6,5.787585258483887,True
xVCIBUlDlkE_1,cheque mutilated,True,True,0.7083333134651184,0.7333333492279053,0.71875,1,7.3696208000183105,True
xVOUQdl7ejY_1,beak,True,True,0.644444465637207,0.644444465637207,0.65625,4,4.589149475097656,True
xVgr78Og8o8_1,cash credit,True,True,0.4888888895511627,0.4888888895511627,0.4375,0,4.118678092956543,True
xVuM_WPsOB8_1,dangerous,True,True,0.4533333480358124,0.4533333480358124,0.4375,3,4.82169246673584,True
xWlgNHh5ino,bow tie,True,True,0.4516128897666931,0.4516128897666931,0.4375,3,4.1709160804748535,True
xXykGIC9Yfg,reception,True,True,0.33673468232154846,0.3571428656578064,0.34375,2,4.498407363891602,True
xY-hLKnjahw,calculator,True,True,0.5888888835906982,0.5888888835906982,0.5625,0,5.006100654602051,True
xY5tQfR7BiI_1,video camera,True,True,0.9545454382896423,1.0,1.0,1,10.07431411743164,True
xYWHiCUuoi4_1,chess,True,True,0.6349206566810608,0.6666666865348816,0.65625,1,4.332375526428223,True
xYne01OLqHU_1,tuberculosis,True,True,0.8583333492279053,0.8583333492279053,0.84375,3,7.5828752517700195,True
xZUbYeF9fkI_1,mime,True,True,0.3333333432674408,0.3333333432674408,0.3125,0,4.39409065246582,True
xbBwbQ6AZv4,nominee,True,True,0.3664596378803253,0.3664596378803253,0.375,5,6.281487941741943,True
xbw9Df1DFa8_1,low,True,True,0.2666666805744171,0.2666666805744171,0.25,1,4.888779640197754,True
xcL50crTgMs,tipped tool,True,True,0.8010899424552917,0.8092643022537231,0.78125,13,9.470545768737793,True
xcd8lsPxlP4_1,dry,True,True,0.2133333384990692,0.2133333384990692,0.1875,0,3.8974769115448,True
xeYJvtWDsnA,ornithology,True,True,0.6122449040412903,0.6122449040412903,0.59375,1,5.7534284591674805,True
xfKR5ftbHKg_1,single owner,True,True,0.2380952388048172,0.24761904776096344,0.28125,0,4.469966888427734,True
xfqgrQ_r3Tw_1,frog,True,True,0.5333333611488342,0.5333333611488342,0.53125,0,8.402867317199707,True
xgKs0R0K6M4,impure,True,True,0.530434787273407,0.530434787273407,0.53125,1,6.873524188995361,True
xgQSpL99krE_1,ginger,True,True,0.6133333444595337,0.6133333444595337,0.625,2,5.69984769821167,True
xgU5S08eD90,approximate,True,True,0.6279069781303406,0.6395348906517029,0.625,4,6.263598442077637,True
xghJ6vKFuKQ,bad language,True,True,0.550561785697937,0.550561785697937,0.5625,0,2.6177327632904053,True
xgtcWuX0mdU_2,funding,True,True,0.5866666436195374,0.6000000238418579,0.59375,1,8.003180503845215,True
xiUZYUTW660_1,account inoperative,True,True,0.6666666865348816,0.6714285612106323,0.6875,1,6.50589656829834,True
xiX4tAUoNXs_1,lie,True,True,0.5444444417953491,0.5777778029441833,0.5625,2,3.576510429382324,True
xj41dOgAdK8_1,skip,True,True,0.46666666865348816,0.46666666865348816,0.46875,2,4.60494327545166,True
xjCStYhMoBE,threading,True,True,0.573913037776947,0.582608699798584,0.5625,13,12.77480697631836,True
xlX3VgcSz_o_1,pencil,True,True,0.460317462682724,0.460317462682724,0.4375,0,4.869102954864502,True
xlb5E0TnGtM_2,physics,True,True,0.38738739490509033,0.4144144058227539,0.40625,1,2.666309118270874,True
xm1ZPkvHnL8_1,tailer,True,True,0.5600000023841858,0.5600000023841858,0.53125,0,4.750235557556152,True
xm2Vju9w0-I,hotel,True,True,0.6415094137191772,0.6415094137191772,0.65625,0,10.575778007507324,True
xnQ61pjVinc_1,applicant,True,True,0.7666666507720947,0.8266666531562805,0.84375,1,3.454810619354248,True
xnZNmESjKrQ,shopkeeper,True,True,0.3166666626930237,0.3166666626930237,0.28125,0,9.178853988647461,True
xoSQfP-1A-c,ajmer sharif dargah,True,True,0.6293706297874451,0.6293706297874451,0.59375,1,7.317319393157959,True
xoqqrOjlpD8_1,mahavir jayanthi,True,True,0.5454545617103577,0.5454545617103577,0.53125,1,3.856804370880127,True
xpy5egrPAZ0,sai baba,True,True,0.6538461446762085,0.6538461446762085,0.625,5,3.557234525680542,True
xqWx6o5iue4,express,True,True,0.72826087474823,0.72826087474823,0.71875,2,4.566007137298584,True
xqvVfaJrM0A,nail,True,True,0.511904776096344,0.511904776096344,0.5,0,1.9694037437438965,True
xtolpEBm2ro,predict,True,True,0.5813953280448914,0.5872092843055725,0.625,0,5.481287479400635,True
xu3e-IU_xRM,expensive,True,True,0.5747126340866089,0.5747126340866089,0.5625,0,4.277237892150879,True
xuOaEQ2bdb0_1,wednesday,True,True,0.4399999976158142,0.46666666865348816,0.46875,0,4.83099889755249,True
xuh2imuKrI0,huawei mobile,True,True,0.4285714328289032,0.4285714328289032,0.4375,1,3.6127524375915527,True
xvZaGiHtuz0_1,insult,True,True,0.5777778029441833,0.6000000238418579,0.59375,0,5.487390995025635,True
xwAdIP51jIs,separate,True,True,0.49152541160583496,0.508474588394165,0.5,1,4.5252532958984375,True
xwgkeViNOwI,bell,True,True,0.4356435537338257,0.4356435537338257,0.40625,4,11.777935028076172,True
xwhBXEev13o_1,extension counter,True,True,0.5444444417953491,0.5888888835906982,0.625,0,3.502126693725586,True
xwn7XQRbQnc_2,biconvex lens,True,True,0.8515625,0.8515625,0.84375,2,10.417169570922852,True
xx3nZjHHL3s,minimum,True,True,0.5102040767669678,0.5102040767669678,0.5,7,5.5646233558654785,True
xx6t3kFyJuo,drill bit,True,True,0.6382978558540344,0.6382978558540344,0.625,0,5.210441589355469,True
xxTBbeG-pKY_1,mixer,True,True,0.6000000238418579,0.6000000238418579,0.5625,2,4.169676303863525,True
xzu_Y3NfigY,jeweller,True,True,0.6459627151489258,0.6459627151489258,0.625,1,6.303191661834717,True
y-bSGi85wc0,hail,True,True,0.40243902802467346,0.4390243887901306,0.4375,2,4.924782752990723,True
y-rA7UuFbVM,available,True,True,0.5340909361839294,0.5340909361839294,0.53125,0,6.911177158355713,True
y0Qqh0iQ4HU_2,jupiter,True,True,0.8173912763595581,0.8260869383811951,0.8125,0,5.446525573730469,True
y1XgtWNM-OM_1,december,True,True,0.6133333444595337,0.653333306312561,0.65625,1,7.2328715324401855,True
y1hvKgvxm5Q,what happened,True,True,0.4588235318660736,0.4588235318660736,0.46875,1,5.635520935058594,True
y3ck7KPhSug,tie,True,True,0.7727272510528564,0.8181818127632141,0.8125,0,3.1400701999664307,True
y4CEIJJVt64,jalebi,True,True,0.3055555522441864,0.3055555522441864,0.28125,1,4.443822383880615,True
y57kJAluXeM_1,again,True,True,0.380952388048172,0.380952388048172,0.375,1,6.811023235321045,True
y5IlRJzz8w8_1,comb,True,True,0.7083333134651184,0.7416666746139526,0.71875,2,4.333249568939209,True
y5LmYGbr428,dry,True,True,0.5428571701049805,0.5428571701049805,0.53125,1,3.878356695175171,True
y5RdDOf_lRw_1,target,True,True,0.6095238327980042,0.6095238327980042,0.59375,0,3.6967451572418213,True
y6Y7pN0nzX8_1,sub lease,True,True,0.4285714328289032,0.4285714328289032,0.4375,3,3.2946274280548096,True
y6iDMOz13sI_1,father-in-law,True,True,0.6866666674613953,0.6866666674613953,0.65625,1,6.347275733947754,True
y6xu7EyX0yU_1,month,True,True,0.30666667222976685,0.36000001430511475,0.375,1,5.339472770690918,True
y707Jq7ORR4,voltmeter,True,True,0.6265432238578796,0.6265432238578796,0.59375,6,5.271276473999023,True
y78hQDvKB_M,milad un nabi,True,True,0.746835470199585,0.746835470199585,0.75,1,7.079336166381836,True
y7FUr6B4Uh4,influence,True,True,0.5428571701049805,0.5428571701049805,0.53125,0,3.537278175354004,True
y7z1pnJea4s_1,bucket,True,True,0.5555555820465088,0.5888888835906982,0.5625,1,5.139969825744629,True
y89shn98vQo_2,total energy,True,True,0.9230769276618958,0.9230769276618958,0.90625,2,10.34288215637207,True
y8OT5FWMEl8_2,convex lens,True,True,0.8730158805847168,0.8809523582458496,0.84375,0,9.03830623626709,True
y938xCsUbpo,stink,True,True,0.4141414165496826,0.4141414165496826,0.40625,0,4.433440208435059,True
y9c93mGmbHc_1,in multiples of,True,True,0.6666666865348816,0.7083333134651184,0.6875,3,4.995791912078857,True
yB2sJTE2Mek,insect,True,True,0.5270270109176636,0.5540540814399719,0.5625,5,4.223727226257324,True
yBcTyoUaFYU_1,puri,True,True,0.6666666865348816,0.6666666865348816,0.65625,3,6.609840393066406,True
yBu6pCi5gag,iball mobile,True,True,0.33834585547447205,0.33834585547447205,0.3125,1,2.1292617321014404,True
yD9wwZmkJlw,shoes,True,True,0.4931506812572479,0.534246563911438,0.53125,2,5.009370803833008,True
yEId-2X8Fpw_1,manufacture,True,True,0.6111111044883728,0.6222222447395325,0.59375,1,4.541390895843506,True
yFMHg6sTd6Y,clever,True,True,0.446601927280426,0.446601927280426,0.4375,5,4.857851982116699,True
yG1xsd6JyfA,memory card,True,True,0.36274510622024536,0.36274510622024536,0.34375,1,4.834713935852051,True
yGWvP26FbEo,date,True,True,0.41843971610069275,0.4822694957256317,0.46875,0,5.861627101898193,True
yGWvP26FbEo_1,date,True,True,0.3866666555404663,0.47999998927116394,0.46875,0,6.535410404205322,True
yHBEcGgShh4,alloy wheel,True,True,0.7177700400352478,0.7665505409240723,0.75,8,6.254509449005127,True
yHWecq-Xzdc_1,missing,True,True,0.39047619700431824,0.39047619700431824,0.40625,2,3.910295009613037,True
yHfQFast5r0_1,re examine,True,True,0.5809524059295654,0.6761904954910278,0.65625,3,3.5299434661865234,True
yHgMtQOPid4_1,church,True,True,0.5333333611488342,0.5866666436195374,0.59375,0,3.7526469230651855,True
yHnry-jqo3E_1,qualification essential,True,True,0.46666666865348816,0.4761904776096344,0.46875,0,5.166431427001953,True
yI2JracrYZs_1,instalment,True,True,0.7916666865348816,0.7916666865348816,0.78125,2,5.169557571411133,True
yItSQyTpwtQ_1,gate,True,True,0.4888888895511627,0.5222222208976746,0.5,1,3.943016767501831,True
yK14YhUwajU,flooring,True,True,0.8432432413101196,0.8432432413101196,0.84375,6,7.617936134338379,True
yK2We-yP8MA,poultry production,True,True,0.700507640838623,0.700507640838623,0.6875,5,5.740781307220459,True
yLSyQAouIYw,sleeve board,True,True,0.5260416865348816,0.5364583134651184,0.5,2,3.6066641807556152,True
yLnePZ71izk,joke,True,True,0.47058823704719543,0.47058823704719543,0.46875,5,3.6066794395446777,True
yLpc_-hWZAA,bsnl,True,True,0.539130449295044,0.539130449295044,0.53125,0,33.022911071777344,True
yLphnfhAV_o,login,True,True,0.2847222089767456,0.2847222089767456,0.28125,2,3.7803292274475098,True
yMNGS-VZZj4,horizontal line,True,True,0.7368420958518982,0.7368420958518982,0.71875,7,3.1134541034698486,True
yMqhsoFHB_Q_1,brother,True,True,0.699999988079071,0.7111111283302307,0.6875,1,9.18503189086914,True
yMs5B2DUJ_0,land,True,True,0.5865384340286255,0.5865384340286255,0.59375,1,5.327207088470459,True
yN2a6Q27DX8_1,bone,True,True,0.6074073910713196,0.6074073910713196,0.625,0,4.545646667480469,True
yN_t_vc97fI_1,merit and demerits,True,True,0.7904762029647827,0.7904762029647827,0.8125,1,5.096375942230225,True
yNv7aFGlGFA,towel,True,True,0.4871794879436493,0.4871794879436493,0.46875,1,3.3530385494232178,True
yOTZBisOdZs_1,labour,True,True,0.7400000095367432,0.7733333110809326,0.78125,1,4.499078750610352,True
yOkZgJliKfo_1,concession,True,True,0.5714285969734192,0.5714285969734192,0.5625,0,7.752577781677246,True
yQ1BONWNLrE,state bank of india,True,True,0.5317460298538208,0.5317460298538208,0.5,3,8.907444953918457,True
yQ7kMY9kDlM,rent,True,True,0.662162184715271,0.6756756901741028,0.65625,2,2.966756820678711,True
yQXFOVuS7r8,green,True,True,0.2689655125141144,0.2689655125141144,0.25,0,3.611267566680908,True
yRHS5fY6bVQ_1,shift,True,True,0.3777777850627899,0.4333333373069763,0.4375,0,4.4791340827941895,True
yRoamy-gOgY,spice jet,True,True,0.5069444179534912,0.5069444179534912,0.5,1,3.995351552963257,True
yS482mzgCwo,pass,True,True,0.47058823704719543,0.47058823704719543,0.46875,0,3.7811367511749268,True
yS4sjP4C-ko,marking table,True,True,0.7932011485099792,0.8045325875282288,0.78125,15,6.603379249572754,True
ySSixQMf7is,grill,True,True,0.699999988079071,0.699999988079071,0.71875,9,5.191492557525635,True
yT93i9RcLFk,nervous,True,True,0.573913037776947,0.573913037776947,0.5625,1,5.93198299407959,True
yTmK54y80bs,malawi,True,True,0.5633803009986877,0.5633803009986877,0.53125,0,6.343319892883301,True
yUHZhwPUfRk_1,account rupee,True,True,0.8256410360336304,0.8461538553237915,0.8125,1,6.44069766998291,True
yVGctxtkXqA,dermatits,True,True,0.9078498482704163,0.9078498482704163,0.875,8,9.917582511901855,True
yVNuNrwFZ1c_2,concave lens,True,True,0.7039999961853027,0.7279999852180481,0.71875,4,4.486591339111328,True
yVj4srfLfSc,gurudwara,True,True,0.5526315569877625,0.5526315569877625,0.5625,4,5.736591339111328,True
yW6uqjLFKgU_2,triode,True,True,0.8897058963775635,0.9264705777168274,0.90625,3,9.919758796691895,True
yWRsnrs4C5w,standard,True,True,0.39814814925193787,0.39814814925193787,0.375,1,2.958498239517212,True
yXkOz_A01t0_1,may,True,True,0.4399999976158142,0.4933333396911621,0.5,1,2.9032535552978516,True
yXrES1RSoV8,humped,True,True,0.7925072312355042,0.7925072312355042,0.78125,20,5.814026832580566,True
yXtu327tJ28,peacock,True,True,0.3333333432674408,0.3333333432674408,0.34375,8,3.8572676181793213,True
yY9c0CnaXgA_1,thank you,True,True,0.3619047701358795,0.3619047701358795,0.375,0,4.753973960876465,True
yYJBee_uP-A_1,stubborn,True,True,0.682539701461792,0.7460317611694336,0.75,1,2.576169490814209,True
yYXL6MOhLUo,all india trinamool congress,True,True,0.77173912525177,0.77173912525177,0.78125,0,5.308143615722656,True
yYf_JyfDvLU,ireland,True,True,0.5185185074806213,0.5308641791343689,0.5,0,1.9966751337051392,True
yYgwZxLlykw_1,exemption,True,True,0.4952380955219269,0.5142857432365417,0.5,1,5.976399898529053,True
yYn7-CCwLkM_1,identification,True,True,0.6952381134033203,0.7523809671401978,0.78125,1,4.050820350646973,True
yZ6LzjeoTsY,jewel neckline`,True,True,0.6695652008056641,0.6695652008056641,0.6875,1,2.3893024921417236,True
yZK6l1dikVk_1,reach,True,True,0.7333333492279053,0.7333333492279053,0.71875,4,6.795521259307861,True
yZlMisXPUms,humid,True,True,0.6990291476249695,0.7184466123580933,0.71875,2,4.3021697998046875,True
y_q_egfFoq0,mass,True,True,0.36000001430511475,0.36800000071525574,0.34375,0,3.6827845573425293,True
yapwq7Lkgxw_1,toilet,True,True,0.5333333611488342,0.5333333611488342,0.53125,1,3.8897476196289062,True
ybwfsqkf8Sw_1,nect tie,True,True,0.5600000023841858,0.5733333230018616,0.5625,0,4.954529762268066,True
yeArkcTSTdw_1,retum inward,True,True,0.7555555701255798,0.7555555701255798,0.75,0,5.124584674835205,True
yeOgJ3nK-pM_1,salwar kameez,True,True,0.5795454382896423,0.5795454382896423,0.53125,0,4.5513014793396,True
yebEzbBOQl4,encourage,True,True,0.5555555820465088,0.5555555820465088,0.5625,0,3.69046950340271,True
yffUIRSERd0_2,biconcave lens,True,True,0.8145161271095276,0.8387096524238586,0.8125,3,12.224981307983398,True
yftcPJvbkhg,rinderpest,True,True,0.7400000095367432,0.7400000095367432,0.71875,12,4.862384796142578,True
yhCvtSaTMvg_1,thin,True,True,0.3199999928474426,0.3199999928474426,0.3125,0,3.6639015674591064,True
yi--S0oh64s,careful,True,True,0.4166666567325592,0.4166666567325592,0.40625,3,6.956259727478027,True
yi14hGwVzKM,window garden,True,True,0.8760683536529541,0.8760683536529541,0.84375,4,6.625179767608643,True
yiVSKw0srMA,coffee rust,True,True,0.8476454019546509,0.8476454019546509,0.84375,5,7.1742353439331055,True
yjFM1hV0hy8_1,history,True,True,0.4933333396911621,0.4933333396911621,0.5,1,3.0028507709503174,True
yjI4oup9SFU,watch,True,True,0.6440678238868713,0.6440678238868713,0.625,2,4.514255523681641,True
yjnm43fEimY,ball,True,True,0.47999998927116394,0.47999998927116394,0.46875,1,4.08683967590332,True
yk1x10hOd1M,pen,True,True,0.5588235259056091,0.5735294222831726,0.5625,0,2.9647603034973145,True
yk4B-asWh0I_1,asia,True,True,0.5227272510528564,0.5227272510528564,0.5,0,4.547708988189697,True
ykCLJ3U0Ir4_1,dirty,True,True,0.375,0.4204545319080353,0.40625,2,4.468259811401367,True
ylCAApFrP88,two days before,True,True,0.5147058963775635,0.5147058963775635,0.5,0,3.55014705657959,True
ym0KmkKQBW0_2,security deposit,True,True,0.5079365372657776,0.523809552192688,0.5,2,7.488907814025879,True
ym9Nx-zkmEM,faucet aerator,True,True,0.8163265585899353,0.8214285969734192,0.78125,6,5.087648868560791,True
ymvaZ1cxW2s,gurudwara,True,True,0.5044247508049011,0.5044247508049011,0.5,0,3.247694969177246,True
ynTx1KLLvng_1,supervision,True,True,0.8833333253860474,0.9333333373069763,0.90625,0,2.9757511615753174,True
ynZd-HeXGnc,outdated,True,True,0.5714285969734192,0.5904762148857117,0.5625,0,2.8696129322052,True
ynqXIbWTRp4_1,wind,True,True,0.7159090638160706,0.7159090638160706,0.71875,0,6.128520965576172,True
ynvL576W11k,pink,True,True,0.2827586233615875,0.2827586233615875,0.28125,1,6.549361228942871,True
yo9-6O8jNXQ_1,share capital,True,True,0.7333333492279053,0.7629629373550415,0.75,0,9.421744346618652,True
yoG_mrM8Hg8,it's raining cats and dogs,True,True,0.5652173757553101,0.6521739363670349,0.625,6,7.557412624359131,True
ypWkhczB2tY,bladder cancer,True,True,0.7846153974533081,0.7876923084259033,0.78125,13,7.371865749359131,True
ypvx1Fn3_GE_1,cunning,True,True,0.4533333480358124,0.4533333480358124,0.4375,1,12.305231094360352,True
yqRuuOhG1Cs,bag,True,True,0.4329896867275238,0.4536082446575165,0.4375,0,2.4550251960754395,True
yr0Mkvkfmi8_2,violet,True,True,0.6147540807723999,0.6229507923126221,0.625,0,6.582939624786377,True
ysoReRp9l9A_1,surprise,True,True,0.4920634925365448,0.5079365372657776,0.5,0,4.534750938415527,True
ytA5JcAmS48,diseases and enemies of fish,True,True,0.7983193397521973,0.7983193397521973,0.78125,12,4.693382740020752,True
yuJ6ZBt0MBw,yoga,True,True,0.6236559152603149,0.6344085931777954,0.625,2,5.783854007720947,True
yuo_oeBoTKk,upset,True,True,0.6590909361839294,0.6931818127632141,0.6875,0,1.8397520780563354,True
yv3O0xFD6O8,women jail,True,True,0.8544474244117737,0.8544474244117737,0.84375,10,5.9826459884643555,True
ywSGE7YCdCM_1,dinner,True,True,0.7142857313156128,0.7777777910232544,0.78125,0,4.1901750564575195,True
yylUDwKKvxY,kaposi sarcoma,True,True,0.8658536672592163,0.8658536672592163,0.84375,1,4.079539775848389,True
yymmblO1-8U_1,borrow,True,True,0.47999998927116394,0.4933333396911621,0.5,0,3.5687057971954346,True
yzXgc9ZNbFI,float,True,True,0.8379446864128113,0.8695651888847351,0.84375,2,6.231926441192627,True
z-gika19BqU,old,True,True,0.5612244606018066,0.6224489808082581,0.625,0,2.768120288848877,True
z-ke4RyMx_w,accordion,True,True,0.7913669347763062,0.7913669347763062,0.78125,4,6.438967227935791,True
z-uZFPcqtcQ,oppo mobile,True,True,0.3636363744735718,0.3636363744735718,0.34375,0,2.9518609046936035,True
z1VPeFV_ew4,pencil,True,True,0.5,0.5135135054588318,0.5,0,2.3837127685546875,True
z1X_LnA8wRE_1,small savings scheme,True,True,0.8296296000480652,0.8296296000480652,0.78125,1,5.365371227264404,True
z2B7VrBSA5c,friend,True,True,0.3684210479259491,0.3684210479259491,0.34375,1,2.1827783584594727,True
z2ETf2ExVsU_1,father,True,True,0.6962962746620178,0.7111111283302307,0.71875,2,5.137327194213867,True
z2uEKj1aWd4,modern roof,True,True,0.5028571486473083,0.5199999809265137,0.53125,3,8.52835750579834,True
z3C2pnumALw,grandfather,True,True,0.4836065471172333,0.4836065471172333,0.46875,1,3.943422794342041,True
z3iLB12a_O4,tri square,True,True,0.7361111044883728,0.7444444298744202,0.75,11,5.25029993057251,True
z4AQcUmPyxg,drug,True,True,0.6534653306007385,0.6633663177490234,0.65625,2,5.082293510437012,True
z4D6TU11HbE,rubber,True,True,0.6753246784210205,0.7532467246055603,0.71875,0,5.406181335449219,True
z4vokrd75OM,rich,True,True,0.6410256624221802,0.692307710647583,0.6875,0,5.708648204803467,True
z5T2c_s6kwI,mountain,True,True,0.3888888955116272,0.3888888955116272,0.375,1,3.897918701171875,True
z5mb_lff0uI_1,show,True,True,0.47999998927116394,0.47999998927116394,0.46875,0,3.523702383041382,True
z5qHAG8YSrE,non vegetarian,True,True,0.5874125957489014,0.6083915829658508,0.5625,1,4.050271511077881,True
z66yE3ILKuw,potato,True,True,0.5,0.5128205418586731,0.53125,1,4.595192909240723,True
z672iUJ0b98,file,True,True,0.3076923191547394,0.3076923191547394,0.28125,3,5.850860118865967,True
z6Y6UJn7Mr8_1,unanimous,True,True,0.8833333253860474,0.925000011920929,0.9375,4,4.410923480987549,True
z6_hXXO4vw8_1,taste,True,True,0.7222222089767456,0.7333333492279053,0.71875,1,2.824903964996338,True
z7fqi4_fZvI,material,True,True,0.5206611752510071,0.5454545617103577,0.53125,6,6.018187999725342,True
z89wqxyMu6s_2,record,True,True,0.7395833134651184,0.7395833134651184,0.71875,0,5.397692680358887,True
z8Yx1NXXgYM_1,vapour,True,True,0.46666666865348816,0.46666666865348816,0.46875,7,4.179780006408691,True
z8d961aDuUA_1,centimeter,True,True,0.4933333396911621,0.4933333396911621,0.5,4,6.158292770385742,True
z9Bb0RtVstk_1,kiss,True,True,0.4761904776096344,0.4761904776096344,0.46875,0,4.959727764129639,True
z9fE3-r78UE,ogle from head to toe,True,True,0.7217391133308411,0.7217391133308411,0.6875,0,7.852454662322998,True
zBvs_GPf6Y8_1,granddaughter,True,True,0.6611111164093018,0.6666666865348816,0.65625,3,5.431899547576904,True
zCAa4hAv2AY,puzzle,True,True,0.5277777910232544,0.5277777910232544,0.53125,6,4.461982727050781,True
zCRxd9PBDXY_1,prompt action,True,True,0.5888888835906982,0.5888888835906982,0.59375,2,5.525875568389893,True
zCv73SvXmk8_1,leather,True,True,0.5083333253860474,0.5416666865348816,0.53125,1,4.832113742828369,True
zEhEGpPHGLE,elder brother,True,True,0.782608687877655,0.8115941882133484,0.8125,1,2.114694356918335,True
zEpIbqDKEh8,bipedal robot,True,True,0.7019230723381042,0.7019230723381042,0.6875,11,6.3614630699157715,True
zEth840lEVE,sari,True,True,0.4647887349128723,0.4647887349128723,0.46875,0,3.653529405593872,True
zEv81qWK7yQ_1,cold drink,True,True,0.8253968358039856,0.841269850730896,0.84375,3,4.515609264373779,True
zF0-lsUa_RA_1,cat,True,True,0.6000000238418579,0.6111111044883728,0.59375,1,2.973818302154541,True
zFykwvdCws8_1,thigh,True,True,0.6571428775787354,0.6571428775787354,0.625,2,4.2415595054626465,True
zG_P--gEuOU_2,negligible,True,True,0.9253731369972229,0.9253731369972229,0.90625,1,12.132134437561035,True
zGhfj0f_3bI_1,see,True,True,0.625,0.6833333373069763,0.65625,0,3.5066168308258057,True
zHSDpV4Ok2Q,behind,True,True,0.5476190447807312,0.5476190447807312,0.53125,2,4.827163219451904,True
zHuGuas_2f8,body pain,True,True,0.4861878454685211,0.4861878454685211,0.46875,1,5.784091949462891,True
zIEMNYyHXHs,murder,True,True,0.9347826242446899,0.9347826242446899,0.90625,11,4.680699348449707,True
zI_8os97Bkc_1,run,True,True,0.8999999761581421,1.0,1.0,4,7.123188018798828,True
zJRmEhzjtco,electrolyte,True,True,0.5946969985961914,0.5946969985961914,0.59375,2,9.469756126403809,True
zJmlqjm_b5g,woman,True,True,0.578125,0.578125,0.5625,0,2.361546039581299,True
zLxJPYBRIEM,garib rath express,True,True,0.4166666567325592,0.4416666626930237,0.4375,0,5.442066192626953,True
zMSTQmwzW_s_1,subordinate,True,True,0.5583333373069763,0.5583333373069763,0.5625,0,13.077249526977539,True
zMVhZxmiK-s,salesman,True,True,0.7366666793823242,0.7400000095367432,0.71875,7,5.664167404174805,True
zOpA9-geIxA,minority,True,True,0.3762376308441162,0.3762376308441162,0.375,0,2.7475154399871826,True
zPpdozLG2wU_1,study,True,True,0.5066666603088379,0.5066666603088379,0.46875,4,7.68149471282959,True
zRAHq3wDY8A_1,proprietory,True,True,0.4555555582046509,0.46666666865348816,0.4375,2,6.534329414367676,True
zRnkG-1N3jY_1,diwali,True,True,0.6266666650772095,0.6266666650772095,0.625,5,9.465876579284668,True
zSGR1KaSZV4,hanuman,True,True,0.6565656661987305,0.6666666865348816,0.65625,1,5.837315082550049,True
zSJ-3q6P4lQ,bluetooth,True,True,0.3263888955116272,0.3263888955116272,0.34375,0,3.408843994140625,True
zSXKZb2Frqc_1,market,True,True,0.682539701461792,0.682539701461792,0.6875,3,7.138629913330078,True
zSst5y5j_fI,lips,True,True,0.3866666555404663,0.3866666555404663,0.375,1,1.9852310419082642,True
zSwPgYew9xY_1,evening,True,True,0.5333333611488342,0.5333333611488342,0.53125,4,4.244699478149414,True
zTxivCXMjdU_2,inter branch transaction,True,True,0.8971428275108337,0.9714285731315613,0.9375,7,11.791163444519043,True
zU-UAPxXzjU,abstract of account,True,True,0.6915887594223022,0.6947040557861328,0.65625,1,5.094907283782959,True
zUFDbkEtC_E_2,property landed,True,True,0.8181818127632141,0.8666666746139526,0.875,9,7.557435512542725,True
zUtEmpaF7kM,plan,True,True,0.7088607549667358,0.746835470199585,0.71875,5,7.858558654785156,True
zUzBN5DY_3A,mazdoor,True,True,0.6774193644523621,0.6774193644523621,0.6875,3,4.451516151428223,True
zWdWqozClE4,chef,True,True,0.4277777671813965,0.4277777671813965,0.40625,1,4.187579154968262,True
zXpbs2ztV4k_1,hearing aid,True,True,0.6700000166893005,0.7300000190734863,0.71875,1,3.1229305267333984,True
zYWxTgBpp5o_1,allergy,True,True,0.7555555701255798,0.7555555701255798,0.75,0,5.9475932121276855,True
zYuR7aEr3SI_2,atmosphere,True,True,0.708737850189209,0.737864077091217,0.71875,0,3.2309367656707764,True
zZRHcEnMUnw_1,lizard,True,True,0.41333332657814026,0.41333332657814026,0.40625,0,5.799869537353516,True
zZVuyuVTFW0,promotion,True,True,0.4431818127632141,0.4431818127632141,0.40625,0,2.070192575454712,True
zZdJ4ZLnw2U,constitutional rights,True,True,0.8603988885879517,0.8603988885879517,0.84375,8,7.057861328125,True
zZkjoooQRXk_1,sikh,True,True,0.4933333396911621,0.5066666603088379,0.5,0,2.6690244674682617,True
zZs0BXEssdQ,wave,True,True,0.5666666626930237,0.5666666626930237,0.5625,1,7.938394546508789,True
z_736hEJX_M,diabetic,True,True,0.8535714149475098,0.8535714149475098,0.8125,5,4.317429065704346,True
z_Tnhup1J5I,satisfied,True,True,0.34736841917037964,0.34736841917037964,0.3125,0,2.2059810161590576,True
z_WykkCqulk,sick,True,True,0.5194805264472961,0.5194805264472961,0.5,0,1.7723945379257202,True
z_kjd4rGuag,hug,True,True,0.37719297409057617,0.38596490025520325,0.375,0,3.845231771469116,True
zaCXh7eQO2Y,cash,True,True,0.5862069129943848,0.5862069129943848,0.5625,0,1.933860421180725,True
zaGjEBwl--8,ethics,True,True,0.6161616444587708,0.6161616444587708,0.625,1,3.9144365787506104,True
zajXjC-yusI_2,surrounding,True,True,0.4390243887901306,0.5121951103210449,0.5,0,4.74439811706543,True
zaxDTYvEeZw_2,notice board,True,True,0.8333333134651184,0.8333333134651184,0.8125,5,7.474279403686523,True
zbxW8XnyziA,airport,True,True,0.4727272689342499,0.4727272689342499,0.46875,2,6.833306312561035,True
zc7cBfgwiyI_1,spastic,True,True,0.54666668176651,0.54666668176651,0.53125,0,4.136932849884033,True
zcKPzJMDkRw,roll,True,True,0.4647887349128723,0.4647887349128723,0.46875,2,3.7127630710601807,True
zdGKXf_2HFA,jama masjid,True,True,0.6380952596664429,0.6380952596664429,0.625,0,4.3748064041137695,True
zdVCE0zgZ64_1,steel,True,True,0.6833333373069763,0.7083333134651184,0.6875,3,3.7445569038391113,True
zdZNbKoJejY_1,approval,True,True,0.5259259343147278,0.5703703761100769,0.53125,3,6.267492294311523,True
zeLeGWdpYiE_1,guilty,True,True,0.4555555582046509,0.5111111402511597,0.5,0,14.693853378295898,True
zeRihgKBfB0,anti virus,True,True,0.2596684992313385,0.2596684992313385,0.25,1,3.8497507572174072,True
zfvnGrqiLMQ_1,australia,True,True,0.4204545319080353,0.4431818127632141,0.46875,0,9.234376907348633,True
zgJBDuqbPHM,hydathodes,True,True,0.7539682388305664,0.7579365372657776,0.75,6,10.490434646606445,True
zgQAKKtXOZY,background,True,True,0.5227272510528564,0.5227272510528564,0.5,1,8.39573860168457,True
zgq2AwN0qxs_1,heir,True,True,0.925000011920929,1.0,1.0,4,2.571929454803467,True
zhKQnsHLNeA,truck,True,True,0.7356321811676025,0.7586206793785095,0.75,0,6.371283054351807,True
zhxo7cEkSF8_1,reserve fund,True,True,0.523809552192688,0.523809552192688,0.53125,1,9.385907173156738,True
zi11969STzc_1,sheep,True,True,0.7333333492279053,0.7428571581840515,0.71875,5,6.186550140380859,True
zk-I0DPD4gk_1,water bottle,True,True,0.5079365372657776,0.5079365372657776,0.5,0,2.628760576248169,True
zkLkrnOdDA0,floating plants,True,True,0.9030100107192993,0.909699022769928,0.90625,8,5.0078511238098145,True
zkOqvdkGpS4,laptop,True,True,0.477477490901947,0.477477490901947,0.46875,1,5.157361030578613,True
zkQeGg5DkVc,rajasthan,True,True,0.4141414165496826,0.4141414165496826,0.40625,2,5.647721290588379,True
zmcws5FplEc_1,friday,True,True,0.5333333611488342,0.5733333230018616,0.5625,7,3.7322661876678467,True
zmrOAZ6FeHA_2,radio,True,True,0.5432098507881165,0.5679012537002563,0.5625,0,5.532717227935791,True
znGl0a0R3io_2,edge,True,True,0.6336633563041687,0.6336633563041687,0.59375,0,12.232196807861328,True
zoM2D2UeE18_2,kelvin,True,True,0.9444444179534912,0.9777777791023254,0.9375,0,4.262411594390869,True
zobbHZq0U4w,come,True,True,0.21621622145175934,0.21621622145175934,0.21875,0,1.7398931980133057,True
zpDZzjRrUmk,france,True,True,0.40625,0.4166666567325592,0.40625,1,4.185908794403076,True
zqoQST3Oap8_1,first floor,True,True,0.46666666865348816,0.4749999940395355,0.5,1,8.048544883728027,True
zrNSPG0BAPo,thumb lunula,True,True,0.7944444417953491,0.7944444417953491,0.78125,3,7.826085090637207,True
zrf_bkZG9_E_2,strength,True,True,0.36000001430511475,0.4266666769981384,0.4375,2,4.655454635620117,True
zsaHFTWOIms_1,take over,True,True,0.7666666507720947,0.8333333134651184,0.84375,1,5.969353199005127,True
zsfMMuKrUUg,wedding reception,True,True,0.5,0.5,0.46875,0,2.893747091293335,True
zskDexexPRo_2_Trim,hydrautic brake,True,True,0.4270833432674408,0.4583333432674408,0.46875,0,3.1095521450042725,True
ztOfNdPNwAU_1,carrot,True,True,0.46666666865348816,0.5199999809265137,0.5,0,3.716353416442871,True
zuOOzSoUPcU_1,week,True,True,0.41333332657814026,0.4399999976158142,0.4375,1,6.170604705810547,True
zultm2vBHws_2,wax,True,True,0.6875,0.7767857313156128,0.75,0,9.83842945098877,True
zupZnldqNbE_2,square,True,True,0.5,0.5062500238418579,0.5,0,4.322115898132324,True
zuwgMn6oS-Q_1,boring,True,True,0.5113636255264282,0.5227272510528564,0.53125,0,2.6122055053710938,True
zvDd4Lvma58_1,statement of liquidation,True,True,0.36000001430511475,0.3733333349227905,0.375,0,4.076576232910156,True
zvhxuidq68g,aircel,True,True,0.46666666865348816,0.46666666865348816,0.4375,0,2.410308599472046,True
zw53Xl_e9QA,ant,True,True,0.6140350699424744,0.6315789222717285,0.625,1,8.456608772277832,True
zwQFJqvvgqQ,keyhole,True,True,0.5544041395187378,0.5544041395187378,0.53125,1,5.786169052124023,True
zwl-CJnhrYI_1,postpone,True,True,0.5733333230018616,0.5733333230018616,0.5625,0,6.440393924713135,True
zxXFqg4uC_I_1,festivals,True,True,0.523809552192688,0.523809552192688,0.53125,3,6.96942138671875,True
zxd2fClLdu0_1,sweat,True,True,0.7714285850524902,0.7904762029647827,0.78125,0,5.785797119140625,True
zxwuZPkYjrQ,good night,True,True,0.6578947305679321,0.6710526347160339,0.65625,0,7.000192642211914,True
zyUvGZAlkOs_1,land,True,True,0.7433628439903259,0.752212405204773,0.75,6,8.064117431640625,True
zyvgHgT6d7c,love,True,True,0.42424243688583374,0.42424243688583374,0.4375,0,5.916101455688477,True
