uid,gloss,duration,category,video_exists,split
--7-rCNOiK0_1,branch,6.0,flora and fauna,True,prototype
-02y2VaVBmw,divorce petition,11.0,legal,True,prototype
-03Dju3yPHE,air conditioner,5.0,machine,True,prototype
-0Oo1kPonYQ,stapoo,6.0,sport,True,prototype
-0XujLX2_9I_2,application,6.0,action,True,prototype
-0gxfDidW6U,purple flowered plants,11.0,flora and fauna,True,prototype
-1AseGWh7vU,school uniform,4.0,wearable,True,prototype
-1aXmLMzHUI_1,squeeze,7.0,action,True,prototype
-2_NUxX4PVA_2,electrical energy,9.0,physics,True,prototype
-2iGhOnza38_1,raid,7.0,event,True,prototype
-37kn1vV9gc_1,defend,5.0,action,True,prototype
-3db5Hhn4mI_1,win,5.0,comparator,True,prototype
-4MbWP5T-cU,thank you,3.0,gesture,True,prototype
-5QTvDlGTcs_1,preliminary,7.0,attribute,True,prototype
-5lgXJQG0EM_1,doctor,7.0,profession,True,prototype
-5p4hn8J87A_2,hour,7.0,time,True,prototype
-65ryXubYjo,testify,14.0,action,True,prototype
-7IkPH6iIQA,uncle,3.0,relation,True,prototype
-8CjLUfRlbw_1,pig,7.0,flora and fauna,True,prototype
-A1P5WbuNo8,ladder,6.0,transport,True,prototype
-AvE2V_2a-c_1,cup,6.0,utility item,True,prototype
-C18cQCkCcw,pencil,4.0,utility item,True,prototype
-DDBcacIfeA_1,cosmetics,7.0,substance,True,prototype
-DHtnmdlaGk,agra,5.0,geography,True,prototype
-DsyH0Vd_7E,halter top,11.0,wearable,True,prototype
-E1n5hTjako_1,compact disc,8.0,computer,True,prototype
-EGNTwA_sEE_1,land acquisition,9.0,legal,True,prototype
-Em79Yvwac4_1,think,7.0,action,True,prototype
-F7HjAaemJU,sexual reproduction,13.0,biology,True,prototype
-HOXFEzH00I_1,circus,6.0,entertainment,True,prototype
-H_VzAnfyKk,coconut,4.0,foods and drinks,True,prototype
-I0sjwzg0tY_2,amplitude,15.0,physics,True,prototype
-IInvCVJXas,mushroom production,7.0,process,True,prototype
-IKgn_mGZrw_2,immiscibility,8.0,attribute,True,prototype
-It9bwqowig,twitter,4.0,internet,True,prototype
-JYukZxN6wQ_1,ugly,7.0,quality,True,prototype
-JcpfOHc0nE,blood pressure,6.0,medical,True,prototype
-Jr9EZz7Epo_1,eclipse,7.0,event,True,prototype
-Lnou_Pop1o,reservation,13.0,group,True,prototype
-MS1EdYqs48,gujarat,5.0,geography,True,prototype
-MjxNEvHUFw,rollerpaint,8.0,instrument,True,prototype
-N-gNuk_5PQ_1,unencumbered,8.0,banking,True,prototype
-NAB02gnpgo,polo shrit,6.0,wearable,True,prototype
-NCwiz-skM0_1,lame,7.0,biology,True,prototype
-NIz596Y27Q,severally,7.0,quantity,True,prototype
-NIz596Y27Q_1,severally,7.0,quantity,True,test
-NQKa7Pmhx4,nine,4.0,math,True,prototype
-NXGOOSb2sk,increase,5.0,comparator,True,prototype
-NpA8OS_Oj0_1,tennis,6.0,sport,True,prototype
-Oq_e89164c_1,deer,7.0,flora and fauna,True,prototype
-PFwmd8NQgI_1,fixed rate,7.0,banking,True,prototype
-PGXFLhDfS0_1,teacher,6.0,profession,True,prototype
-QF3_AuexYY,yolk,8.0,foods and drinks,True,prototype
-R02rqkyxHc_1,can,6.0,attribute,True,prototype
-RTVD5tM__A_1,hot,6.0,sensation,True,prototype
-SVSp2VtfRw_1,tired,7.0,sensation,True,prototype
-Sbg5dqo9cQ_1,undertaking,10.0,legal,True,prototype
-Tfg5XTzi0c_1,complaint,7.0,process,True,prototype
-UjDGBnJuQE,basic,5.0,quality,True,prototype
-V3IfRctpxQ_1,kilometer,7.0,metric,True,prototype
-VvuJx-TroA_1,day after,6.0,time,True,prototype
-W13ICFg13E,calendar year,12.0,time,True,prototype
-WuiIyEI6JU_1,prospectus,7.0,utility item,True,prototype
-XHIq_olkt0,ripe,5.0,quality,True,prototype
-ZJNHmctH-g_2,neutral,10.0,physics,True,prototype
-_axtLgdFao_1,diaeases,8.0,medical,True,prototype
-_ecaCc5kEM_1,par - above,8.0,comparator,True,prototype
-_ozohdfbV0,arrest,3.0,legal,True,prototype
-ayQ9-eEVPk,rafter,15.0,construction,True,prototype
-bUi5WuO58M_1,negligence,9.0,attribute,True,prototype
-cw3ySwZG-0_1,trouble,7.0,stage,True,prototype
-erR2LqPMDo_1,insects,7.0,flora and fauna,True,prototype
-i21y0g32n8,family tree,14.0,group,True,prototype
-i5XH3VNyZc_1,cobbler,7.0,profession,True,prototype
-j9UB4-TMdw,blouse,6.0,wearable,True,prototype
-js9xT4ze2M_1,difference,8.0,comparator,True,prototype
-kAnMQUsNqY,cancel,5.0,action,True,prototype
-kNkN1zSAfc,sometimes,4.0,abstract,True,prototype
-mGXVBz8pfs_1,criticize,6.0,action,True,prototype
-nITY8LhYgc,iron,5.0,metal and minerals,True,prototype
-ntsKq84BZI_2,statlonary wave,10.0,physics,True,prototype
-oJL0D3n2e0,best,3.0,quality,True,prototype
-oLpcbfuNIc_2,speclfic heat,8.0,physics,True,prototype
-oy6L89CeWU_1,cry,7.0,behavior,True,prototype
-p-Uj-p_Gso,see you tomorrow,4.0,greeting,True,prototype
-pH80nLq8FY,table tennis,5.0,sport,True,prototype
-pOaEEbLhEY_1,invent,6.0,process,True,prototype
-pc9BOR8QtA,panaji,4.0,geography,True,prototype
-qAGBp1JAh4_1,ruler,6.0,utility item,True,prototype
-qEvxlqG6xs_1,taxable,9.0,legal,True,prototype
-qhN2FaYkUc,anonymous,4.0,abstract,True,prototype
-qzWfnV26kw_1,with,6.0,abstract,True,prototype
-rahbCV2Pp4,understand,4.0,action,True,prototype
-rwYVwVdHns_1,trust deed,8.0,banking,True,prototype
-s7h4Re7Atk_1,residence,9.0,construction,True,prototype
-syzD8b7Uog,fork,5.0,utility item,True,prototype
-tXNpnzr08M,hack saw blade,7.0,instrument,True,prototype
-vcgtHff_po,motivate,4.0,action,True,prototype
-wpVNpcGvFk,yellow flowered plants,11.0,attribute,True,prototype
-x6DzWY7lmk,united nations,5.0,organisation,True,prototype
-x6oHEcUExQ,subtract,4.0,math,True,prototype
-xNmG6y1-9E,air vistara,6.0,transport,True,prototype
-y-dWznF2js_1,rough,7.0,sensation,True,prototype
0-pxIcGvk3w,brown,7.0,attribute,True,prototype
01THMylW6Mw,lok janshakti party,4.0,politics,True,prototype
01UZKDp47Ao_1,boil,6.0,action,True,prototype
039-5dIML0I_2,depth,9.0,attribute,True,prototype
03N4I9dc3RQ_1,spendthrift,7.0,action,True,prototype
03UqtTd9opc,pani puri,5.0,foods and drinks,True,prototype
04qLwQo-2MM,what is your name,4.0,abstract,True,prototype
06C4S0EBhBg_1,average,9.0,math,True,prototype
06FBQEEqthQ_1,seizure,10.0,medical,True,prototype
06lnhzFJMgo,idle talk,4.0,process,True,prototype
06tYXs9inPk_1,branch,6.0,flora and fauna,True,test
07jCt4FqQxY,method,5.0,math,True,prototype
08E4Dr0zyKk_2,difference,7.0,comparator,True,test
08z_-ESgSP0,bucket,5.0,utility item,True,prototype
09G-3IZyKrI_1,judge,6.0,authority,True,prototype
09qovLrSjow_1,whale,8.0,flora and fauna,True,prototype
0AH93vop9YA_1,frock,8.0,wearable,True,prototype
0AUmueBrflo,notesheet,5.0,utility item,True,prototype
0AW9acHJhNI,bharatiya janata party,3.0,politics,True,prototype
0BC8wWXW_wc,driver,5.0,profession,True,prototype
0BOyMqB1KUQ_1,accommodation,11.0,construction,True,prototype
0C-nMsdpftw,designer,11.0,profession,True,prototype
0CUyYc1R3OA,colombia,4.0,geography,True,prototype
0CvaaVM5mNs,leaders,14.0,authority,True,prototype
0DYb-qL1t0A,tomorrow,3.0,time,True,prototype
0DYcaZmhlkY,weather,7.0,weather,True,prototype
0E2yd3OjjsU,movie,4.0,entertainment,True,prototype
0EQEGldp9YA_1,footpath,7.0,construction,True,prototype
0ETSwMTLaac_2,attractive force,9.0,physics,True,prototype
0F7sYNf4uxU,put,4.0,action,True,prototype
0FHckg-WrEo,diving,5.0,sport,True,prototype
0F_szwrQs1g_2,artificial,8.0,abstract,True,prototype
0G7Xo4NN4fk,polisher,14.0,profession,True,prototype
0GYeM3IGjn8_1,school bus,6.0,transport,True,prototype
0HNvZZloffc_1,light,6.0,quantity,True,prototype
0IF3Nx6idPQ_1,zonal,9.0,geography,True,prototype
0IQ02IKMzUk_1,torch,7.0,electronic and electrical,True,prototype
0IhvPwnhGOg,national capital region,5.0,geography,True,prototype
0JIsxA88oss_2,grey,9.0,colour,True,prototype
0Kcn-1OPd84,reverse,3.0,abstract,True,prototype
0KeSJQiRAgo_1,coolie,6.0,profession,True,prototype
0LXJqXx8dVU,sari,4.0,wearable,True,prototype
0N47JPzl2Ow_1,adjustment,11.0,metric,True,prototype
0NMbSbEZ7G8_1,disappear,5.0,action,True,prototype
0NPpa4rNMoI_1,input,8.0,process,True,prototype
0NUyw07V03g,promotion,4.0,organisation,True,prototype
0O7xxbvMct0,institution,7.0,organisation,True,prototype
0OMlCdUKFSg,backdoor,4.0,miscellaneous object,True,prototype
0OxY1muGJhc,godet,14.0,wearable,True,prototype
0PKQWh0-C8o,slip,4.0,action,True,prototype
0PQM_cS1Jyg_1,funny,7.0,sensation,True,prototype
0PwKF0pTwpg,receipt,6.0,banking,True,prototype
0QITb6bNnHc,hearing,4.0,sound,True,prototype
0Qk8-_ZEmHM_2,precaution,7.0,abstract,True,prototype
0R6qq874H4c,propeller pump,15.0,instrument,True,prototype
0REGTy6eqSc,team,4.0,group,True,prototype
0RIpHMSqV4c,bank of maharashtra,4.0,banking,True,prototype
0RiCicL3Zg8_1,interest,9.0,banking,True,prototype
0RlsG9iQ6rk_1,window dressing,8.0,banking,True,prototype
0TGJCFJv2iU,mahavir jayanti,4.0,event,True,prototype
0ThvAhpHsDM,squirrel,4.0,flora and fauna,True,prototype
0UyMbBSxbM4,minority,4.0,group,True,prototype
0VSRJo2xZfI,breeds of poultry,11.0,flora and fauna,True,prototype
0VvmrIYSsR0_1,marth,6.0,human,True,prototype
0Xhmme0IrvU,mature,13.0,behavior,True,prototype
0YIk1iTjDVY_1,monday,6.0,time,True,prototype
0ZMXZUybS9M_1,until,6.0,time,True,prototype
0_3gIUNTp8U,translate,4.0,action,True,prototype
0_aBnLgwYuk,backdate,4.0,time,True,prototype
0_dU4pT_Ch4,conference,5.0,group,True,prototype
0cLdo9cL7y4,full stomach,5.0,sensation,True,prototype
0dz5Em9gsjk,sacrifice,4.0,action,True,prototype
0eCFVHc06YA_1,bell,5.0,miscellaneous object,True,prototype
0eNooDbmED4,oviparous,13.0,biology,True,prototype
0egx6MUyz0w,exporting graphics,15.0,computer,True,prototype
0fKqgIRvg-8,jharkhand,5.0,geography,True,prototype
0fO9xNyE9eU_1,obedience,7.0,behavior,True,prototype
0fdRLmUIlZE_2,indigo,10.0,colour,True,prototype
0ggPraT35p0,ranveer singh,4.0,human,True,prototype
0hEQ8ufcIQU,amritsar,4.0,geography,True,prototype
0hZluINun1Y,paraguay,3.0,geography,True,prototype
0hhs7A5uf3E,vision,4.0,abstract,True,prototype
0hkuayZghpM_1,circle,11.0,math,True,prototype
0i1qCUd3BdM_1,increase,8.0,comparator,True,test
0ijcVXYEvY8_2,tldal energy,9.0,physics,True,prototype
0klM2u7dV9M,aam aadmi party,4.0,politics,True,prototype
0kr-oJWV_wI_2,circular motion,11.0,physics,True,prototype
0lrX7s_3ScY,bowled out,4.0,sport,True,prototype
0ly7tC51g_o_1,sundry debtors,9.0,group,True,prototype
0msmxYxchSc,meditate,7.0,action,True,prototype
0nJrw8f2FLs_1,scold,6.0,action,True,prototype
0nVI2GBhbUQ_1,particulars,10.0,attribute,True,prototype
0n_FeKAXjUI,manage,4.0,action,True,prototype
0oJ_jMGRJCE,roof garden,8.0,construction,True,prototype
0oWHR36xnT8_1,this,5.0,relation,True,prototype
0p_iET-2TRw,pencil,4.0,utility item,True,test
0q7mwfrGneM_1,monday,5.0,time,True,test
0qDR-9wAiXk,diesel,6.0,transport,True,prototype
0rN_yoKLCRw_1,vault,10.0,banking,True,prototype
0sE5EMDNsDo,sorry,3.0,greeting,True,prototype
0t5NaJwemgI_1,mother,9.0,relation,True,prototype
0tUzIPQ31n8_1,drop,6.0,action,True,prototype
0uvuluJqqAM,listen,3.0,action,True,prototype
0vbtRdb9zTI_2,telephone,7.0,electronic and electrical,True,prototype
0vx6xWIEP_0_1,night,6.0,time,True,prototype
0wB165T8JuA,dirndl  skirt,13.0,wearable,True,prototype
0wY8TKOu5z0_1,audiologist,7.0,profession,True,prototype
0xVWH6F3Fz0,lose,4.0,sport,True,prototype
0xrgLBuhXG0,milter hat,8.0,wearable,True,prototype
0xxg0V8sb3w_1,audit,10.0,banking,True,prototype
0ykPPmSC3Wk,box pleats,6.0,wearable,True,prototype
0zTZkTkBAoU,world federation of the deaf youth section,4.0,organisation,True,prototype
0zqOg8HwQiM,ball bearing,13.0,machine,True,prototype
1-Zz07NcsKM,eleven,4.0,math,True,prototype
1-wpwyfm1Mg_1,angry,7.0,emotion,True,prototype
10KuxOH6cYM_1,interest,7.0,behavior,True,test
11derBixy2I_1,day,5.0,time,True,prototype
12zIYqZt4m8_1,person,9.0,human,True,prototype
14AboByr9GE_1,kind,8.0,behavior,True,prototype
14yNmnzY7X0_1,legal,8.0,legal,True,prototype
16P4ngMXeLM,4g,3.0,internet,True,prototype
17ar03dZ7bQ_1,security,9.0,legal,True,prototype
17sdVu62Og4,cut  line,12.0,instrument,True,prototype
181pBJw-eWg,july,4.0,time,True,prototype
18NS94mBGS4,grow,5.0,time,True,prototype
18Os6IiQRes_2,metre,8.0,metric,True,prototype
18Wi03A6brU,national,4.0,geography,True,prototype
18bO_HQbsF4_1,hurt,5.0,sensation,True,prototype
18f9RKQp4zw,resign,4.0,action,True,prototype
18hKLmAVIMg_1,june,6.0,time,True,prototype
1AId61ylQL0,v neck,9.0,wearable,True,prototype
1B-XlHxT32g_1,parents,10.0,relation,True,prototype
1B3HK-qQTHI_1,share,7.0,action,True,prototype
1B_wGNSS-uY,pink,6.0,abstract,True,prototype
1CVlY8md0JI_1,hire charges,10.0,banking,True,prototype
1DMSk1W0LSY_1,amritsar,6.0,geography,True,test
1EoEG8Pvc8Q,wifi,4.0,internet,True,prototype
1F-Blrvtuos_2,south pole,12.0,geography,True,prototype
1FXtTMWGzMY_1,matchbox,7.0,miscellaneous object,True,prototype
1FirQ_71-j0,ellipse tool,10.0,instrument,True,prototype
1FnNbApsiHg,poultry science,12.0,flora and fauna,True,prototype
1G3VZ_HWTWI,expertise,4.0,quality,True,prototype
1GJkBoBf-S0_1,stand,7.0,action,True,prototype
1HI4TKdLMOw,sign,3.0,gesture,True,prototype
1IQ2ygYhtG0_1,pure,7.0,attribute,True,prototype
1IZPvJn7an0,discuss,5.0,process,True,prototype
1Ih8aIET1t8,air deccan,5.0,transport,True,prototype
1KCDw7XLgU0,mahavir jayanti,4.0,event,True,test
1L1W-NyiguQ_1,mouth,8.0,biology,True,prototype
1MKJ9LGRot8_1,race,6.0,event,True,prototype
1MPaj2JcH1c,kotak mahindra bank,5.0,banking,True,prototype
1Mh8DMTca88,tap,5.0,utility item,True,prototype
1N2-vwG1gMs_1,elbow,7.0,biology,True,prototype
1NNgGxZWunM_2,semi solid,8.0,math,True,prototype
1NcamL3P63A,safe,4.0,attribute,True,prototype
1NqEYBhtmZE,sign,5.0,gesture,True,test
1O3tCXovrw8,humid,5.0,weather,True,prototype
1O9PueJaMDw_1,dhothi,7.0,wearable,True,prototype
1OGWcDShnx4_1,lorry,6.0,transport,True,prototype
1OPTSnDAImg,private,5.0,attribute,True,prototype
1OZTqBF7fFg,deposit slip,8.0,banking,True,prototype
1PVMa5B3rMs,soup,5.0,foods and drinks,True,prototype
1QOS_slPJS4,device setting,9.0,electronic and electrical,True,prototype
1R3n6vTHqzs_1,it,6.0,language,True,prototype
1Rdm3h9voMQ_1,nepal,6.0,geography,True,prototype
1RxiKpQqaJM,online banking,5.0,banking,True,prototype
1SPhtgudjI4_1,year of harvest,8.0,time,True,prototype
1STccvjvCKQ,selfish,3.0,behavior,True,prototype
1SWHwkSeN5M,assume,6.0,action,True,prototype
1SkZMNfDITQ,hard drive,5.0,electronic and electrical,True,prototype
1T-rlcPbebo,hygiene,5.0,attribute,True,prototype
1TZXeenr980_1,hope,7.0,action,True,prototype
1TiirpYN_W8,line,6.0,math,True,prototype
1ULJICYKp4E,grammar,5.0,language,True,prototype
1VHhWnMU21Y,ninth,6.0,math,True,prototype
1VMQKUMCDqc,yoke,9.0,wearable,True,prototype
1VYE8MAF6yY_1,hanuman,6.0,religious,True,prototype
1XEZmymH4e4,pisciculture,13.0,biology,True,prototype
1XFe7SCIQKw,anonymous,15.0,abstract,True,test
1XGaQTl0iQs_1,draftsmen,7.0,profession,True,prototype
1XLi2MXWjGc_1,today,6.0,time,True,prototype
1Xr-mIMAgvY,ground water,11.0,substance,True,prototype
1Zy29R7mOcM,suffer,5.0,action,True,prototype
1_PI2OxnryQ_1,gas stove,7.0,instrument,True,prototype
1aZYCh3HDZY,before,4.0,spatial position,True,prototype
1d0uOp_sG00,kidney cancer renal cell,4.0,biology,True,prototype
1d6PKNBVh04,sample,5.0,abstract,True,prototype
1dsbO78Qh5I,ready,4.0,abstract,True,prototype
1dzqHHOtvXI,vietnam,3.0,geography,True,prototype
1eodwdZ3isc,deadline,3.0,time,True,prototype
1f6OchgCQrE,me,5.0,human,True,prototype
1gZ9QlblgGs_1,syndication,10.0,commerce,True,prototype
1h164VbpnFo_1,pay,7.0,banking,True,prototype
1hBXvK7TuNo_1,prime minister,7.0,authority,True,prototype
1hghU7py9HI_1,corruption,7.0,legal,True,prototype
1hobNL7ofvg_2,resonance,11.0,sound,True,prototype
1hzdxU-RztQ_1,mountain,9.0,geography,True,prototype
1iCtgbRsFnE,popcorn,5.0,foods and drinks,True,prototype
1iZij0vXGiQ_1,client,15.0,human,True,prototype
1iqG_Rkp7f0,volkswagen,4.0,organisation,True,prototype
1js4OwpNYrc,attitude,4.0,behavior,True,prototype
1kJrmgJ0EMs,all india foundation of deaf women,4.0,organisation,True,prototype
1kRjJqOY1q0_1,double entry,11.0,banking,True,prototype
1kasuHeFIuw,language,3.0,language,True,prototype
1lGwbhBsuu4,backache,8.0,medical,True,prototype
1leH92mkoBI_1,snakes,6.0,flora and fauna,True,prototype
1mWlliCFyxM,escape,4.0,action,True,prototype
1nnXT-QVPpI_1,wrestling,6.0,sport,True,prototype
1ocgYJL04To_1,skirt,7.0,wearable,True,prototype
1p0Yw8NfadM_1,balance,8.0,banking,True,prototype
1pTz3GSNi6w_1,elbow,8.0,biology,True,test
1qV27cyAjEY,insect,7.0,flora and fauna,True,prototype
1rPm_3Csg8M_1,stock closing,9.0,banking,True,prototype
1rjhkQSKHSI,gold,4.0,metal and minerals,True,prototype
1s1-9Ve6LN8_1,thief,6.0,profession,True,prototype
1s1kck3BMLM,gulab jamun,5.0,foods and drinks,True,prototype
1sZ4BSOC8nc,grandmother,5.0,relation,True,prototype
1tA9YYn3oys,e office portal,9.0,internet,True,prototype
1tIRnOnG1LI_1,tuberculosis,9.0,medical,True,prototype
1tRmBdfaCwQ,reward,4.0,miscellaneous object,True,prototype
1tst7-aazJo,warn,3.0,action,True,prototype
1tyx9hWefCk,similar,5.0,comparator,True,prototype
1uQyCwx-fEE_1,announce,6.0,action,True,prototype
1uiUwkOZyis,milk bottle,5.0,utility item,True,prototype
1vIbJ1xeH6c_1,berth,8.0,transport,True,prototype
1vPiHLNlbBw,engineer,5.0,profession,True,prototype
1vj0PwGPGss,death certificate,3.0,readable,True,prototype
1vjgq4r7OQs,lacing,11.0,process,True,prototype
1vpIZUFKZpQ,lunch,3.0,foods and drinks,True,prototype
1wTikbR4vsE,scared,4.0,emotion,True,prototype
1wVR6wsoIfw_2,complete,8.0,process,True,prototype
1w_bYsmoFKA,email,4.0,internet,True,prototype
1wmnjSPpUHs,calculator,5.0,math,True,prototype
1x9a9JTehm8,dissent,5.0,action,True,prototype
1xOrQM7AP9g,vector graphics,8.0,computer,True,prototype
1xTATM3v8k4,umbrella,3.0,utility item,True,prototype
1yVn9e5zDKU,isl,5.0,language,True,prototype
1yd6Uo25Ge0_1,hate,7.0,emotion,True,prototype
1yd8COXSRrg_2,simultaneous,10.0,time,True,prototype
1z5RuDOokzk,guilt,5.0,emotion,True,prototype
1zOTclxTpZ0_1,drive,6.0,transport,True,prototype
2-0sLH5bX0k,oriya,6.0,language,True,prototype
2-6FnMinc3U,knife,5.0,utility item,True,prototype
2-VcJVXUBKw_1,leave compensatory,10.0,profession,True,prototype
2-YiNRKp7xI,legged robots,13.0,electronic and electrical,True,prototype
2-oX2aeeV9M,welding hand screen,6.0,miscellaneous object,True,prototype
203WGsHFjhI,divorce,6.0,legal,True,prototype
20ZBNdEFT6c_1,police,6.0,profession,True,prototype
21Y0f3QHoKo,rupee,5.0,banking,True,prototype
23L4Zan3GuY,shaving razor,4.0,utility item,True,prototype
23kjqyecBwE,fine,4.0,emotion,True,prototype
25Ju8FP3zV8,parliament,5.0,legal,True,prototype
267RgFdcIM8_2,mho,9.0,metric,True,prototype
26vEFQYbzvc,krishna,5.0,religious,True,prototype
27q3W_M38Ts_1,flood,9.0,event,True,prototype
299nspHeeag_2,colllsion,8.0,physics,True,prototype
2AGfP7x3obk_1,sit,7.0,action,True,prototype
2BI51rfBot0_1,decrease,9.0,comparator,True,prototype
2CbOSGxS80s,video relay service,4.0,electronic and electrical,True,prototype
2Cf1btUy1NI,nephew,5.0,relation,True,prototype
2CjHiFW898s,jasminum sambac,9.0,flora and fauna,True,prototype
2CrAogKMFeo_1,balcony,9.0,construction,True,prototype
2DAexoF0SsA_1,thief,6.0,profession,True,test
2DspG3QZfrU,taste,14.0,sensation,True,prototype
2EgTWnIIS3Q_1,matchbox,8.0,miscellaneous object,True,test
2GL0HkOQVmA,shy,4.0,behavior,True,prototype
2GS4eJRYIi8,get up,4.0,process,True,prototype
2GYl9B7mF4A_2,straight,8.0,spatial position,True,prototype
2HZkAQx4QXg_1,laboratary,8.0,education,True,prototype
2Hp-Yy2Qwn0_1,suspend,11.0,legal,True,prototype
2JY-9q3ehfY,ladder,6.0,transport,True,test
2KrNWzeY_dU,paytm payments bank,6.0,banking,True,prototype
2LLe-kRAu0o,inauguration,4.0,event,True,prototype
2L_H8HYM5hE,accounts,4.0,banking,True,prototype
2MlaLGpWk74,keying,14.0,action,True,prototype
2MvrW4Vw7ZU,indigo,6.0,colour,True,test
2NNiSDCb0ek_1,deaf,7.0,medical,True,prototype
2OZj2Tt8dAA_1,sugar,6.0,foods and drinks,True,prototype
2Os6w6jmxIg,scissors,4.0,utility item,True,prototype
2PcBSQ4A8XM,parrot,5.0,flora and fauna,True,prototype
2QrMULTorPY,meghalaya,4.0,geography,True,prototype
2R_HbT1AO0c,flush door,5.0,construction,True,prototype
2SBugE72qbg_1,nose,8.0,biology,True,prototype
2U643_QFXA8_2,engine,9.0,machine,True,prototype
2UL2iPLFUTE,rank,5.0,organisation,True,prototype
2VUCXrEllWo_1,ghee,6.0,foods and drinks,True,prototype
2VssiV_sEIo,burden,15.0,emotion,True,prototype
2WBsjTVGFDw_1,thursday,6.0,time,True,prototype
2WzVp7AncT4_2,coherent,7.0,physics,True,prototype
2XXjH0ZsdTg_1,heavy,7.0,attribute,True,prototype
2XbRuRKOfRE,kuwait,4.0,geography,True,prototype
2ZARB_EzwH4_1,term of office,11.0,legal,True,prototype
2ZMZ0wFUmdI_1,toothbrush,7.0,utility item,True,prototype
2bDOqi4YXtI,paragraph,4.0,language,True,prototype
2bxNtdmwWmo_1,salary,8.0,banking,True,prototype
2c8it0IZnyw_1,miss,5.0,emotion,True,prototype
2cCGTlNYZCQ,manipur,4.0,geography,True,prototype
2cDgDbxkXFE,parents,4.0,relation,True,test
2cNWWG800gc_1,memo,7.0,legal,True,prototype
2cW9Z4UPvgA_1,bill,7.0,banking,True,prototype
2dd7JFwQPh0,permanent,4.0,attribute,True,prototype
2e5SUxTjVvI,delhi,4.0,geography,True,prototype
2gAXTX3_db8_1,servant,7.0,profession,True,prototype
2iB4Rwtng94,albania,4.0,geography,True,prototype
2iWRUv6eMls,twenty,4.0,quantity,True,prototype
2ieSeOjAJZE,dustbin,5.0,utility item,True,prototype
2kHyMlPqHpg_1,majority,9.0,quantity,True,prototype
2kg98yjEHcE,summon,11.0,legal,True,prototype
2kiOvqNPlEE,soldier,5.0,profession,True,prototype
2lPUKkvlZvE,mean,4.0,behavior,True,prototype
2lX7iTDBWP8_1,april,6.0,time,True,prototype
2mKv8y9bYI0,powerlines,10.0,electronic and electrical,True,prototype
2mZBDcRjP-Q_1,weaver,6.0,profession,True,prototype
2nQwUc_jbRY_1,stars,7.0,astronomical,True,prototype
2oHjc0njDdo,election,5.0,event,True,prototype
2oYEEIt4HFs,each,4.0,quantity,True,prototype
2p00fwBvXEs_1,state,5.0,geography,True,prototype
2pjUxRe91qU_1,teeth,7.0,biology,True,prototype
2praG1zS_-c_1,breathe,8.0,action,True,prototype
2qRR4hQZAdA_1,change,4.0,action,True,prototype
2qV_PsuKKvE_1,peteti,8.0,event,True,prototype
2tX3eQTM1Lc_2,colour filter,12.0,colour,True,prototype
2tawxaYAZcA,panama,3.0,geography,True,prototype
2tp3AspW6TA,karnataka,4.0,geography,True,prototype
2u2aH81FDWM,preposition,7.0,language,True,prototype
2uRtqd5Mxmc,riverine,15.0,geography,True,prototype
2vUvW-0XfUE,bharatiya janata party,4.0,politics,True,test
2vdw_PjA8FE,role,4.0,action,True,prototype
2vfL9h_KiJE_1,peon,7.0,profession,True,prototype
2w6c7g7ZPKo_1,labourer,9.0,profession,True,prototype
2wA4J_9FFIc_1,foot,7.0,biology,True,prototype
2yARXoO8Nrg_2,amount,8.0,metric,True,prototype
2yDcFJQ3t8Y,zebra crossing,6.0,transport,True,prototype
2yJXBFhvqk0_1,shop,6.0,action,True,prototype
2yqiuXXxZ3Y_1,cheque postdated,12.0,banking,True,prototype
2zv3MpREUNA,private secretaryps,14.0,profession,True,prototype
3-JaJnYcae8_1,durga,6.0,religious,True,prototype
30OIyeGhcQM,swallow,7.0,biology,True,prototype
31IAr_rm054_1,face,7.0,biology,True,prototype
31l98A8z-h4,sikhism,4.0,religious,True,prototype
32OshNWYUgE_1,evening,7.0,time,True,prototype
32SWjSJrL0s_1,spot exchange,8.0,banking,True,prototype
33mc9fTI8tE_1,goods,10.0,utility item,True,prototype
33nznChivz8_1,hang,6.0,action,True,prototype
34UjBeye-E0_1,advertisement,7.0,internet,True,prototype
34WMjwYFdsI,dissent,5.0,action,True,test
36-jdo8Gt4o,sun,3.0,astronomical,True,prototype
37KfHOkm_mM_1,lnaugurate,7.0,process,True,prototype
37bLyyxKZKs,punish,4.0,action,True,prototype
37i_Xt_w0Rs,capable,6.0,attribute,True,prototype
37z5dnLqYms,ovi viviparous,15.0,biology,True,prototype
380a54uCumQ,bike suspension,9.0,machine,True,prototype
38_FvLAz4Lo_1,police,7.0,profession,True,test
38hLbeCJAtA_1,decrease,6.0,comparator,True,test
39tZrKjvdQM,hard,5.0,quality,True,prototype
3Azhh428me8,october,5.0,time,True,prototype
3BJDzOlCGcc_1,down,5.0,spatial position,True,prototype
3DOyNnKRg0c_1,tribal,8.0,group,True,prototype
3DSsRKPkiGI,nappy,6.0,utility item,True,prototype
3DVy0Znsfj0_1,title,12.0,attribute,True,prototype
3DeQ1zZ5pjo_1,delhi,6.0,geography,True,test
3ETJPlFTcwk_1,spilt,7.0,action,True,prototype
3EU1DcenjJw,tripura,5.0,geography,True,prototype
3Eq8FeSFJpY,scan,5.0,action,True,prototype
3FY7bYQBJ8M,alcohol,4.0,foods and drinks,True,prototype
3FhNDV9UDzc,ruthless,5.0,behavior,True,prototype
3FlXNEmG6h0,lemon,5.0,foods and drinks,True,prototype
3GbJlbAKUy8_2,erect,6.0,attribute,True,prototype
3GlZqV3RSp0,jump,6.0,process,True,prototype
3HMUM-9pQj0,archery,4.0,sport,True,prototype
3I1fwIgGXv8,name,3.0,language,True,prototype
3I2-zG4Ymb4,force,4.0,physics,True,prototype
3IHHaKspcfA,pole vault,5.0,miscellaneous object,True,prototype
3KS9SiHwRVI,africa,4.0,geography,True,prototype
3L80qKk4daI_2,printed circuit board,11.0,electronic and electrical,True,prototype
3MeFx_eYZK0_1,under subscribed,7.0,banking,True,prototype
3MoTC6iB3xQ,organization,4.0,organisation,True,prototype
3MxE482U2Ns,pull someone's leg,3.0,action,True,prototype
3NIFg2ExoMs,scratch,5.0,action,True,prototype
3NPxIy6OXzg_1,drawer,8.0,construction,True,prototype
3NUcsb2W1OQ_1,tusks,6.0,biology,True,prototype
3OHkLPutuYM,legalese,15.0,legal,True,prototype
3R3KvYV43nQ_1,shop,6.0,action,True,test
3RKj4XQRxkc_2,metal,9.0,metal and minerals,True,prototype
3Rn7sqmjgWo_2,osmosis,7.0,physics,True,prototype
3S1RLtVj7PE,sweater,4.0,wearable,True,prototype
3SBcHgw6wRM,minor,8.0,behavior,True,prototype
3SIXJfwYlFw,anniversary,9.0,event,True,prototype
3SRihi99gjc_1,home,8.0,geography,True,prototype
3SRqBpgSrqI_1,week,6.0,time,True,prototype
3SS49K8MK1w,belt loops,7.0,wearable,True,prototype
3Sct_ii1-yQ_1,drawer,11.0,construction,True,test
3T5RJ1_NFrM_1,milk,6.0,foods and drinks,True,prototype
3TNpBwr-Cxo_2,transformation of energy,9.0,physics,True,prototype
3TSVb2e1zJw_1,saturday,6.0,time,True,prototype
3UYC9939yQw_1,improve,5.0,time,True,prototype
3VP2rlxefJI,magnetic ink character recognition,15.0,computer,True,prototype
3VSNwJnUmdA,adobe acrobat reader,9.0,computer,True,prototype
3WEkK4AaiV4,kidney beans,6.0,foods and drinks,True,prototype
3X2TOqyDgv8,peas,4.0,foods and drinks,True,prototype
3X7DZIiH2ZQ,uzbekistan,4.0,geography,True,prototype
3XCX0YETmuk_1,sunday,6.0,time,True,prototype
3Y7KPnUv9kA,animals,4.0,flora and fauna,True,prototype
3aJtWIMsFx8,cpi,4.0,education,True,prototype
3bAW9KtLSXk,gardener,5.0,profession,True,prototype
3bV2PgWlc7M,peas,4.0,foods and drinks,True,test
3cluYDK8u08_1,acting,11.0,action,True,prototype
3cp85oNRRj8_1,tongs,6.0,instrument,True,prototype
3dJCO6ExmY0,real estate agent,6.0,profession,True,prototype
3e4K5QbywVc,ports tab,5.0,electronic and electrical,True,prototype
3fG2P5D8Jm0_1,open,6.0,action,True,prototype
3fKtgE9aQso,yesterday,3.0,time,True,prototype
3g-VyVR_iyU,nervous,4.0,emotion,True,prototype
3gymi4f7hps_1,lay off,8.0,banking,True,prototype
3h4uBHZ4J2Q_1,december,6.0,time,True,prototype
3hIkQEZ923Q_1,joumal entry,10.0,readable,True,prototype
3hTK036o_F4_1,group,9.0,group,True,prototype
3ir8Rnwx8TY,potato,4.0,foods and drinks,True,prototype
3jg1TpRzkGs,ear,5.0,biology,True,prototype
3kNaobravCU,office,3.0,organisation,True,prototype
3kbyPG13anw_1,tell,7.0,action,True,prototype
3lMNHGXNQ3Q,uganda,4.0,geography,True,prototype
3muHDD0neyo,warm,3.0,weather,True,prototype
3n8cKQOSZfM,semicircle,4.0,math,True,prototype
3ncXcBiwveA,magician,4.0,profession,True,prototype
3nnG7x_qkck_1,night,7.0,time,True,test
3pZp4IFQCuA,parts,3.0,math,True,prototype
3ppf7DdzKvA,search,4.0,action,True,prototype
3pqDm0UKO14,first coat,10.0,wearable,True,prototype
3qKiJRMOzsc,watermelon,4.0,foods and drinks,True,prototype
3sX8OzIgyIc_2,capacity,11.0,quantity,True,prototype
3snObAxKXOQ,dress,3.0,wearable,True,prototype
3t63THdE5wM,each,5.0,quantity,True,test
3tFefLfXIn4_1,september,6.0,time,True,prototype
3uHfsQnqReY_1,bathroom,11.0,construction,True,prototype
3uW2Y--Yd9U,sand paper,14.0,utility item,True,prototype
3uyNF9yZCCw_1,sand,9.0,geography,True,prototype
3v5Id7dDttk,buddha purnima,6.0,religious,True,prototype
3vAxsFOJdVo,germany,4.0,geography,True,prototype
3vXJ605MFbU,maybe,3.0,language,True,prototype
3wKsYea6rfs_1,wood,7.0,miscellaneous object,True,prototype
3wgPDtFtXWE_1,waive,5.0,action,True,prototype
3xKJDf869EY,value,3.0,attribute,True,prototype
3y-nQO6e5iQ,go air,5.0,organisation,True,prototype
3y4vcRJBNs0,restart,6.0,action,True,prototype
3yRZjuvtEd0_1,arm,8.0,biology,True,prototype
3ymIgijDrC0,owl,5.0,flora and fauna,True,prototype
3zXseLcBn4A_1,entertainment,5.0,entertainment,True,prototype
3zbf5Y2id1U_2,universe,12.0,astronomical,True,prototype
4--6iRQ6-7A,amazon,5.0,organisation,True,prototype
4-LrYNRVVZk_1,delete,8.0,action,True,prototype
4-d6EGJjZNk,travel,4.0,action,True,prototype
40AA6WkT-Ys_2,centrifugal,14.0,physics,True,prototype
413unEDKRXQ,dwarf,6.0,attribute,True,prototype
41OGaqeAUMg,glass block,9.0,substance,True,prototype
42CmhRt0ANs_2,electric charge,9.0,physics,True,prototype
42WTTq2hqh8_1,bill,8.0,banking,True,test
42axCoiER4s,similar,4.0,comparator,True,test
42cPzLjkVEs_1,statement of account,9.0,banking,True,prototype
44mCQaeKBVw,last month,5.0,time,True,prototype
44ueVmAA5W4,acceptance letter,6.0,education,True,prototype
46-lhzhJf78,praise,4.0,action,True,prototype
461WaV7kRxw_1,sky,6.0,abstract,True,prototype
46EMlBxuYAU,tailor,5.0,profession,True,prototype
46eCCVvkyIc,jawaharlal nehru,4.0,human,True,prototype
46tD7Du6BNs,measuring tape,5.0,instrument,True,prototype
48ODiLP2VgA,summary,5.0,education,True,prototype
49bdeG9jPdM,nematode control,15.0,biology,True,prototype
49c0qMhaE20,hydraulic sprayer,10.0,utility item,True,prototype
4AMULo6htKw,disconnect,7.0,action,True,prototype
4ANEdd5HfAs,withdraw money from bank,6.0,banking,True,prototype
4BBTQpBwAXw_1,rectification,8.0,chemistry,True,prototype
4BNqHj-lQaE,list,5.0,readable,True,prototype
4C5snSNt79Q_1,hours,6.0,time,True,prototype
4CrR5m-eSIs,ring spanner,11.0,instrument,True,prototype
4EihrPe_PfY,recent,5.0,time,True,prototype
4FQuX9bwT2I,flower for medical importance,10.0,flora and fauna,True,prototype
4FldxWjLykY,arunachal pradesh,4.0,geography,True,prototype
4GH0wBiRfX4_1,security continuing,10.0,legal,True,prototype
4HMKoVmJQ0E_1,key,7.0,utility item,True,prototype
4I-jm9Ng7YU_1,minimum,9.0,comparator,True,prototype
4ILXbXTUUp4,periods,3.0,biology,True,prototype
4IR40ptGTIU_1,rat,6.0,flora and fauna,True,prototype
4Irn82ukR2M_1,post card,8.0,readable,True,prototype
4J5r3KmJCPU_1,follow,8.0,action,True,prototype
4JLkY7vGCHM_1,typist,6.0,profession,True,prototype
4JPQ0EUdcbg,repair,4.0,action,True,prototype
4K-4FU5l7cY_1,time,6.0,time,True,prototype
4KOdh-2oe8Y,cop,6.0,profession,True,prototype
4KjtR4PwJVM_1,differential rate of interest,11.0,banking,True,prototype
4KttVgLezuY_1,mysore,7.0,geography,True,prototype
4LM1k8KifiY,situation,4.0,time,True,prototype
4LndvMQ2dO0,weightlifting,3.0,sport,True,prototype
4MB7jUMQvac,autumn,10.0,time,True,prototype
4MDuw5Pj-94_1,balance closing,10.0,banking,True,prototype
4NzoLuGTigs,electric bus,13.0,transport,True,prototype
4OMY6uJx-O4_1,fresh,8.0,quality,True,prototype
4Os2Hh06GPc_1,earth,8.0,geography,True,prototype
4P7EFM3C4MM,smog,15.0,chemistry,True,prototype
4Q0ANLHhzwk_1,sun,6.0,astronomical,True,test
4QdYqEbZu8Q,recently,5.0,time,True,prototype
4QkxfvOC3go_1,how much,6.0,quantity,True,prototype
4Qm7AgT_VKg_1,income tax,8.0,banking,True,prototype
4RBAWNsG8Hk_1,geometry,8.0,math,True,prototype
4RNnYGS3E34_1,feather,7.0,flora and fauna,True,prototype
4RTN56hfFTM_2,nuclear reactor,13.0,physics,True,prototype
4Ruem9NXrqw_1,std,9.0,medical,True,prototype
4SRWa0Z5c8Q,hollow blocks,10.0,construction,True,prototype
4SlMtTeUkEE_1,monday,5.0,time,True,test
4TLvls1tSgA_1,company,10.0,organisation,True,prototype
4TXbOxz60R4,online,6.0,internet,True,prototype
4TubhVVN1ds_1,father-in-law,11.0,relation,True,prototype
4TymgqvinvY,socks,3.0,wearable,True,prototype
4UMMRCc0Iak,addendum,7.0,readable,True,prototype
4UvD29cSe1U_1,duration,10.0,time,True,prototype
4Vj5NM9KRzY,tuberculosis,4.0,medical,True,test
4WDhqg6s8lw_1,take,5.0,action,True,prototype
4WuV_HD-hZ0_1,vegetarian,6.0,foods and drinks,True,prototype
4XFgnsejElI,photocopy,5.0,miscellaneous object,True,prototype
4XYSXKlhpE0_1,suspend payment,12.0,banking,True,prototype
4ZGhwybcIc0,separate,4.0,action,True,prototype
4ZJOFmnUXOI_1,acknowledgement,13.0,action,True,prototype
4ZhRcyVJKu4_1,way,6.0,process,True,prototype
4aB00bo7A5M_2,diesel,10.0,transport,True,test
4accXsYqRnA,what,3.0,abstract,True,prototype
4aqQ1oxaHVU_1,measure,6.0,math,True,prototype
4bEmX9n5WqQ,aunt,6.0,relation,True,prototype
4bUNNgy6hOg_1,air,7.0,substance,True,prototype
4bjLAMYZciw,strange,5.0,behavior,True,prototype
4bzRDATIEGY,ladder,8.0,transport,True,test
4ee_deI0hZA_1,olympics,5.0,sport,True,prototype
4epyVRUXIWA,computer,4.0,computer,True,prototype
4f7OqHEUjDs,elevation,15.0,geography,True,prototype
4fOrzw3MpL4_1,reservation,7.0,group,True,test
4fPciu-8Bmw_1,sing,6.0,action,True,prototype
4g99hQUlSd4_1,climb down,6.0,action,True,prototype
4gyV6cLT2o4_1,form,9.0,readable,True,prototype
4gzoWw7xiig,date of retirement,13.0,time,True,prototype
4hI14OUpXoc,reaper bainder,15.0,instrument,True,prototype
4i5RCrOMoZk_1,kerala,6.0,geography,True,prototype
4iLJjksh3C8,smoke,4.0,chemistry,True,prototype
4imVoSmU5vc,mauritius,4.0,geography,True,prototype
4iyCzQFjHV4,construction,5.0,construction,True,prototype
4jSr_zyFag0_2,radiation,10.0,physics,True,prototype
4joUJiIztMI_1,bad,8.0,quality,True,prototype
4kKAKsQ5mGU_2,force,11.0,physics,True,test
4lQ5qbaS0Gg_1,cupboard,8.0,utility item,True,prototype
4m7m4ClAPJA,unfair dismissal,12.0,action,True,prototype
4mBsmsNlAco,classification of fungus,9.0,action,True,prototype
4mzBkoNvj34,queue,3.0,group,True,prototype
4nHooc3YAYI_1,india,8.0,geography,True,prototype
4oJ4RzPUxyQ_1,city,5.0,geography,True,prototype
4oV0XT2-nKE_2,solld fueis,9.0,substance,True,prototype
4onhprzwUMw,everyday,4.0,time,True,prototype
4pCZtQ36l1k,informal,5.0,attribute,True,prototype
4qH-OH2VhXk,appliances control,13.0,electronic and electrical,True,prototype
4rK-NM-p-Fw_2,pump,8.0,machine,True,prototype
4rworePKeMo,wavy hair,5.0,attribute,True,prototype
4tKpSwmWzRc,ten thousand,6.0,math,True,prototype
4uvlneM9L7I,blue flowered plants,11.0,flora and fauna,True,prototype
4w17tl-wULc_1,resignation,7.0,action,True,prototype
4w6FgMm-XfU_1,remember,7.0,action,True,prototype
4wFoBAr9SJk,mating method of poultry,14.0,biology,True,prototype
4xXU89_oMx0,sub directory,10.0,computer,True,prototype
4xoxfnCknFc,advantages of drainage,12.0,construction,True,prototype
4xykTArwSSg,air india,6.0,transport,True,prototype
4yEYl3wJ-2g_1,mandatory,7.0,legal,True,prototype
4yJrFqyUKuA,asystole,5.0,medical,True,prototype
4yr92W_JhD0_2,microwave,8.0,electronic and electrical,True,prototype
4zUppDrDP-Q_1,officer,7.0,profession,True,prototype
5-DDBSyDDqM_1,bedsheet,9.0,utility item,True,prototype
5-Twa3eHlf4,slap,3.0,action,True,prototype
5-YpUXKTx2Q_1,grandson,11.0,relation,True,prototype
5-vEsZ3vXPs,like social media,4.0,internet,True,prototype
5-z6W_-oGLA,htc mobile,6.0,organisation,True,prototype
50A9vnIaQNE,biscuit,3.0,foods and drinks,True,prototype
50Age2AKB6g,infection,15.0,biology,True,prototype
50ifEC4lOTQ,funeral pyre,5.0,construction,True,prototype
50jD8JNDy1s,already,3.0,time,True,prototype
50rdgc3m1wM_1,lotus,6.0,flora and fauna,True,prototype
51zM9pARAnY_1,blood,8.0,biology,True,prototype
52KfVYsiiXw,shooting,3.0,action,True,prototype
52PLBwiKgNs_1,irrevocable,11.0,attribute,True,prototype
52TTzIUKAAI,monday,4.0,time,True,test
52a1sCV-74w_1,do,6.0,action,True,prototype
53Srb_Pjvt0_1,pyjama,7.0,wearable,True,prototype
53i9PPrlt6o_1,narrow,7.0,quality,True,prototype
543L-qWLyCY_1,slip,6.0,action,True,test
54Y12afDi_M_2,potentiometer,10.0,instrument,True,prototype
55QkR-ok9Wg_2,alternate current,8.0,physics,True,prototype
56068bo3XzU_2,acceleration,7.0,physics,True,prototype
562GxmYvvsg_1,guwahati,5.0,geography,True,prototype
56AJoGhwvLI_1,retail,10.0,quantity,True,prototype
56SnemyXYDM_1,monetary,7.0,banking,True,prototype
575bTm_lAtE,hsbc bank,5.0,organisation,True,prototype
57wK5eB74gw,consultant,6.0,profession,True,prototype
58CE934Cxk0_1,ride,8.0,attribute,True,prototype
59fqI8xBVzw_1,allow,6.0,action,True,prototype
59i-nVlaygI,triangle,3.0,math,True,prototype
5AqV_omHThc_1,rate,5.0,banking,True,prototype
5B0lLJXGREY_1,calcutta,6.0,geography,True,prototype
5BpSu2_wXqs_1,smooth,8.0,quality,True,prototype
5BwB9bxmvGY_1,account day,8.0,banking,True,prototype
5C7Uj6oTrCI_2,coordinate,8.0,action,True,prototype
5DK7JulpR9g_1,duster,6.0,utility item,True,prototype
5DjHf74Wzyk,late,4.0,time,True,prototype
5Dmdenxy5PQ_1,triangle,10.0,math,True,test
5FInx5vD418,musician,7.0,profession,True,prototype
5FSC6Og1RBQ_2,water,8.0,substance,True,prototype
5G6-x1aI0yI_1,nominate,6.0,action,True,prototype
5GWUar402WQ,paytm,5.0,banking,True,prototype
5GbIspbaNZA_2,rubber,9.0,utility item,True,prototype
5HcRMHu5vNM,rotating tool,12.0,instrument,True,prototype
5IDn1RRczUo_1,computer,8.0,computer,True,test
5ISUVe2dXX8_1,agriculture,10.0,profession,True,prototype
5J8efbi3d6A,bobbinet,8.0,wearable,True,prototype
5Joy5x30t6E,deer,4.0,flora and fauna,True,test
5Jr5AHU6DQI_1,throat,7.0,biology,True,prototype
5JrVqdElpw4,cabbage,5.0,foods and drinks,True,prototype
5MpBZLk82m8_1,litre,6.0,metric,True,prototype
5MtZYbYZhIo,astronaut,7.0,profession,True,prototype
5NZ2WDtePsU_1,goat,6.0,flora and fauna,True,prototype
5NwQvEmIQdY,manner,4.0,emotion,True,prototype
5NyBQ0If_iA,environment,4.0,biology,True,prototype
5PHRpx9Lqzc,tongs,5.0,instrument,True,test
5PLTkywHZ50,red flowered plants,11.0,flora and fauna,True,prototype
5QEBvIx9U0w,gun,3.0,machine,True,prototype
5QIrV6DdCG0,co accused,14.0,legal,True,prototype
5QOHsTpMPlM_1,fire,8.0,substance,True,prototype
5QnbWBcMSSA_2,independent,10.0,attribute,True,prototype
5Qu6asXdlFs,interview,6.0,process,True,prototype
5RD0XpWkclQ,kilometre,9.0,metric,True,prototype
5SkNxNsxu_E_1,date,5.0,time,True,prototype
5T4-x5twTKo_2,distribute,7.0,action,True,prototype
5TJpvP7Ksbk,indoor gardening,11.0,profession,True,prototype
5TWOGQz75xc,paan,5.0,foods and drinks,True,prototype
5TdjY77NHDE_1,funny,6.0,sensation,True,test
5ToU3NVFX_Q,weekly,11.0,time,True,prototype
5U9kzmEMhoA,soil physics,15.0,physics,True,prototype
5Vs-9iTD6nA,ingadulicis,13.0,flora and fauna,True,prototype
5WFDWbMDynQ,vodka,4.0,foods and drinks,True,prototype
5WjkSj17yjE_1,wait,6.0,action,True,prototype
5YO6JToom0U,public,4.0,attribute,True,prototype
5YiMdn9qyYw,seam ripper,11.0,instrument,True,prototype
5Yw2lTDlGnY_1,wednesday,5.0,time,True,prototype
5ZQ26qxo_qY_1,fall,5.0,action,True,prototype
5Z_Rm0W-HgE,indian sign language research and training centre,5.0,organisation,True,prototype
5Zpf5yMNgc0_1,hot,5.0,sensation,True,test
5_XwDbt8TGc,grass,4.0,flora and fauna,True,prototype
5abyQsJRQIY,kidney beans,4.0,foods and drinks,True,test
5anbkZmuIaQ,age,4.0,stage,True,prototype
5at6UD4G24k_1,valid,7.0,legal,True,prototype
5b-82ujbB1g,glass cutter,14.0,instrument,True,prototype
5buFHMBPDy4,wound,4.0,medical,True,prototype
5bwdijeaEjE_1,fear,7.0,emotion,True,prototype
5c0M_nkTsmg,knock,3.0,gesture,True,prototype
5cNi4x3S8RA,reporter,4.0,profession,True,prototype
5cQsAM_VpBw,beam,7.0,construction,True,prototype
5dKLdjBujo4_1,scope,9.0,abstract,True,prototype
5dPJr4Pent8,peacock,4.0,flora and fauna,True,prototype
5dvE8jj59zQ_1,account charges,13.0,banking,True,prototype
5fAIyKZuqjs_1,puja,6.0,religious,True,prototype
5gyfQ4lGoao_1,page,6.0,utility item,True,prototype
5j6Yr6SF5fE_1,wolf,5.0,flora and fauna,True,prototype
5jDsH5VpFBo,play,4.0,action,True,prototype
5johRx7KP7k,stone masonry,7.0,construction,True,prototype
5js6qwxEL3Y,on the basis of major causal agents,15.0,biology,True,prototype
5ketMObfFu8_1,torch,7.0,electronic and electrical,True,test
5kpV_69sODk_1,lightning,6.0,weather,True,prototype
5lUAbnLn8YU_2,thermal energy,8.0,physics,True,prototype
5luUUDnqHL0,guava,4.0,foods and drinks,True,prototype
5mMQLQbzvuU_1,national anthem,8.0,sound,True,prototype
5mRd9gulCKs,rubber,5.0,utility item,True,test
5n-rJGblvPA,abscond,4.0,action,True,prototype
5nM7nJBkrvA_2,stearn engine,9.0,transport,True,prototype
5naqubp3l2I_1,games,6.0,sport,True,prototype
5nlcoXAOqFQ,return,4.0,action,True,prototype
5oIuAvPIeUc_1,christian,6.0,religious,True,prototype
5oJk09B7YN4_2,upward,7.0,spatial position,True,prototype
5ov1E2nBePg_1,office,6.0,organisation,True,test
5oxAsvVFIqs,banner,4.0,miscellaneous object,True,prototype
5p0_OOFy_NY,indonesia,4.0,geography,True,prototype
5p6D25oVSyI_1,knowledge working,11.0,abstract,True,prototype
5pRxQFocP7I,yak,5.0,flora and fauna,True,prototype
5pVbyAyMows_2,power,8.0,attribute,True,prototype
5pXM8FVyL7Y_2,chain reaction,10.0,chemistry,True,prototype
5pYCIsZH-H4,pencil,4.0,utility item,True,test
5rAIznB2Sg0,range,5.0,math,True,prototype
5reXwGDh438,seventy,4.0,math,True,prototype
5rku2NSGq94,bathroom,4.0,construction,True,test
5sQnSTQKZgw_1,bill,9.0,banking,True,test
5sfiu9fyEt8,lady,3.0,human,True,prototype
5smQtXAYAKM,thrice,5.0,comparator,True,prototype
5uBzL7htLvA_1,oath,6.0,legal,True,prototype
5udtEzoi0Lo,niger,3.0,geography,True,prototype
5ul1ArPWA-U_1,lic,10.0,banking,True,prototype
5uzypvZIzOI,jaipur,5.0,geography,True,prototype
5vSILe--brU_2,mile,8.0,metric,True,prototype
5vj022EoOLA,outdo,4.0,action,True,prototype
5vyTHPBq4Sg_1,badminton,6.0,sport,True,prototype
5xLVmxL3p0k,muslim,4.0,religious,True,prototype
5xmJG9zQ9jw,alive,4.0,stage,True,prototype
5xpCpxYgLGg,accompany,4.0,group,True,prototype
5y3eMNykOsA,apartment,4.0,construction,True,prototype
5y87G_irytQ,unite,4.0,action,True,prototype
5yEAIUigL8o_2,cohesive,8.0,physics,True,prototype
5ye1yjh3Z20,make a long story short,4.0,process,True,prototype
5yfuRyFh-qs_1,embroidery,7.0,wearable,True,prototype
5zBLuemgyH8,individual,5.0,quantity,True,prototype
5zGzPqCNdn0_1,surat,6.0,geography,True,prototype
5zUlp2QmgiA_1,pyjama,7.0,wearable,True,test
6-puAJsTDRQ,england,5.0,geography,True,prototype
60gcpXhOpxg,pen,4.0,utility item,True,prototype
614YmkupYl0_1,lie,6.0,action,True,prototype
622-g3xXvgw_1,mug,7.0,utility item,True,prototype
63BPw0sMbtQ_1,calculator,7.0,math,True,test
63LBwsyLl5s,tall,4.0,attribute,True,prototype
63NSXGtnLNQ,science,4.0,education,True,prototype
63ziYT2F6ps,jasmine,5.0,flora and fauna,True,prototype
64Cdgzetaxs,capital,5.0,legal,True,prototype
64cEWCYIWDo,cereal disease,10.0,medical,True,prototype
655X55UP2HM_1,vote,8.0,action,True,prototype
65N0VvcXr_Y,parricide,10.0,legal,True,prototype
65whLEBzOCw,e-book,4.0,readable,True,prototype
66XVsuuo9BA,researcher,6.0,human,True,prototype
672SUsSwn10,day,4.0,time,True,test
67RFKb9R-Rs,potential,10.0,attribute,True,prototype
67rzuuIBt2A,architect,14.0,profession,True,prototype
690vMI8P9Zc_1,management,7.0,profession,True,prototype
696laBQvzaA_2,volcano,7.0,geography,True,prototype
6AZvFIaf6UU_1,restore,7.0,action,True,prototype
6BHgvzr83E8,toothpick,4.0,utility item,True,prototype
6BxN42ZQweM,newsreader,8.0,computer,True,prototype
6CF-GjN1qCs,noun,4.0,language,True,prototype
6D-tRJn3T6E,day after,9.0,time,True,test
6Dzj5-OjQzU,rock drill machine,8.0,machine,True,prototype
6E8c6WGZH_8_1,hollow,6.0,spatial position,True,prototype
6EeXmMuxrQc_1,silk,9.0,wearable,True,prototype
6GToY6IT_Pg_1,confident,7.0,emotion,True,prototype
6J46Gkv1CzI,column,14.0,construction,True,prototype
6JEcTQfX4yI_1,belief,7.0,abstract,True,prototype
6Jc3GEN51ks,visa,4.0,legal,True,prototype
6KSKyvfyJGs,full,4.0,sensation,True,prototype
6M1rP2r672o_1,aeroplane,7.0,transport,True,prototype
6MpvtbLWDbo,permanent,5.0,attribute,True,test
6MxUXd3IEfM_1,pond,9.0,geography,True,prototype
6N1X5V0C5d8,doe,10.0,flora and fauna,True,prototype
6NiPfrusu8E_1,unregistered,7.0,legal,True,prototype
6OIXmWk9mhY_1,groundnut,6.0,foods and drinks,True,prototype
6O_VhGkView_1,lie,6.0,action,True,test
6P3Z2nkQD3c,gutka,3.0,foods and drinks,True,prototype
6QAnPWF0rLk_2,infrasonic,8.0,physics,True,prototype
6RB0s_hkY_o_1,repurchase,6.0,action,True,prototype
6RFwCF9xelU_1,thursday,7.0,time,True,test
6SG2o63BKdM_1,stock in hand,8.0,banking,True,prototype
6SgubmEkZQM_1,wash,6.0,action,True,prototype
6T7sRjrH2hU,same,4.0,comparator,True,prototype
6UUmcqXYDLA_1,brinjal,6.0,foods and drinks,True,prototype
6UkQusxL7SI_1,know,7.0,action,True,prototype
6X8mSzwuKWw_1,drink,6.0,action,True,prototype
6Xyl6CNQ_f4,one crore,5.0,math,True,prototype
6YLxdNCHGpg,determined,12.0,emotion,True,prototype
6YdDaQpd7-E_1,bangalore,5.0,geography,True,prototype
6ZWrFKv-PrI,noon,4.0,time,True,prototype
6ZaYY0vo6pk_1,train,6.0,transport,True,prototype
6_vArDwgWLI_1,reservation,7.0,group,True,test
6adOKxf2hJY_2,vibration,6.0,physics,True,prototype
6al4AYYeD6A,cobbler,5.0,profession,True,test
6ao-N2yvDYc_1,letter,7.0,readable,True,prototype
6aqON2kGdHA_1,swim,7.0,action,True,prototype
6bb5IDbiyzw,rehabilitation,3.0,process,True,prototype
6bhBP3kbyds,war,5.0,abstract,True,prototype
6buysVt7T14,bertha,9.0,wearable,True,prototype
6c8Zy5HvpQQ,fog,5.0,weather,True,prototype
6d6qF1tF1yk,bushes,8.0,flora and fauna,True,prototype
6e0T9ObBi14_1,overcharge,6.0,banking,True,prototype
6eCbHVCJ9N0,lead,4.0,authority,True,prototype
6f0v-e468AI,community,5.0,group,True,prototype
6f5kXjfqcU0_1,avoid,5.0,action,True,prototype
6gXuMMAxOm0,interest,5.0,behavior,True,test
6iHv9-pIldQ,sailor pants,10.0,wearable,True,prototype
6ij6_5cxcfk,trip,5.0,event,True,prototype
6ivNgy-ppH8_1,year financial,7.0,banking,True,prototype
6jQ0I8KDlHg_2,slower,7.0,comparator,True,prototype
6kVsL2YCP7I,grapes,4.0,foods and drinks,True,prototype
6l6GxuCUthA_2,conductor,12.0,physics,True,prototype
6l8NQiTrf_M_1,chat,8.0,action,True,prototype
6lJS7YqGLVU,service,3.0,action,True,prototype
6m-jzzkuyGM,politics,4.0,politics,True,prototype
6mdmCIxWWfo_1,pf,6.0,banking,True,prototype
6nKQbhX9QHo,strong,5.0,quality,True,prototype
6nV_USsOh4w_2,mathematical,8.0,math,True,prototype
6oKB5PY2M64,swim,5.0,action,True,test
6oic47Y6lcc_1,si,9.0,metric,True,prototype
6pGyXMLfphA_1,lucky,7.0,quality,True,prototype
6q-qrk-VdXw_1,valley,8.0,geography,True,prototype
6r8MMPO3o9w_1,deposit,10.0,banking,True,prototype
6rTPgPHDnGU,attitude,4.0,behavior,True,test
6rot7kh6uZ8_1,warehouse,10.0,construction,True,prototype
6s4UdZ5D58o,january,3.0,time,True,prototype
6sMzCN4STPU_1,loose leaf binder,11.0,utility item,True,prototype
6sQeR9LXn-U_2,yellow,9.0,attribute,True,prototype
6t3agerx9rQ_2,oscillation,11.0,physics,True,prototype
6tAfiAYopfo_1,share holder,9.0,banking,True,prototype
6u077PZEv0Y_1,bottle,6.0,utility item,True,prototype
6uCWIe3S0tI,backup,4.0,abstract,True,prototype
6vWqgLivxJg_2,rest,8.0,action,True,prototype
6wOOntcIJjE,rum,4.0,foods and drinks,True,prototype
6wXGUZtHp5w,twenty one,5.0,quantity,True,prototype
6x41e1s898c_1,group,9.0,group,True,test
6xUFRFEzi4Y_2,compass,15.0,instrument,True,prototype
6y6ylBP0yc8,cheque,6.0,banking,True,prototype
6zIJ0xpo2xM_1,grass,6.0,flora and fauna,True,test
6zvOKDKmWRc_1,blouse,7.0,wearable,True,test
7-U7JLrcGHo,aeroplane,4.0,transport,True,test
7-b8CgRyOtY_1,profession,7.0,profession,True,prototype
70EhU8eg6hQ,ammeter,11.0,physics,True,prototype
70hVqYWQIpc_1,waves,8.0,physics,True,prototype
70wTMPGmS-U,secret,4.0,attribute,True,prototype
71MQl0F0_No,letter,5.0,readable,True,test
71ZZmuGbkO8_1,unbalance,9.0,banking,True,prototype
71zRPKBG0Sw,sloped roof,5.0,construction,True,prototype
748qVYC4N1s,chennai,4.0,geography,True,prototype
74CMVSgSmuQ_1,registrar,7.0,profession,True,prototype
76BfFrybs0c,back date,15.0,time,True,prototype
76nlaB0l3kk,december,4.0,time,True,test
779eNGeW_Fo,draft,4.0,legal,True,prototype
77A4jL_zT1I,view,5.0,action,True,prototype
77Mi-wPnSZQ,typographical error,15.0,action,True,prototype
780_wVKvhts_1,sunflower,7.0,flora and fauna,True,prototype
78YXhG9tLvk_1,orange,9.0,abstract,True,prototype
78hb7LPYmDU,divide,4.0,action,True,prototype
7AvSjQ7GV3c_1,sphere,10.0,abstract,True,prototype
7BK0J1hZ7_Q,vacation,4.0,event,True,prototype
7BS16GXaOrY_2,pole,14.0,astronomical,True,prototype
7ChtWi4wz8E_1,friday,6.0,time,True,prototype
7D-_Ilut5Ns,union bank of india,5.0,organisation,True,prototype
7DFNLpdTyc8_1,praise,7.0,action,True,test
7EAhIFjcLPw_1,post dated,9.0,time,True,prototype
7EWF3Rsjn6Y,salt,5.0,foods and drinks,True,prototype
7Ef8k8x0ESQ_1,bud,6.0,flora and fauna,True,prototype
7EmJ9RQmT_w_1,bury,8.0,action,True,prototype
7F5-fio5ipg,beading needles,14.0,utility item,True,prototype
7FcFS0hXehs,hundred,4.0,math,True,prototype
7Fi1Cawh4YY_2,radio,7.0,electronic and electrical,True,prototype
7FmS5KzjtL0_1,account closed,12.0,banking,True,prototype
7FspuW_vgNc,cowl  sleeve,12.0,wearable,True,prototype
7HFTUAIevO8,percentage,5.0,math,True,prototype
7HfVuSW5Alw_1,guilty,7.0,emotion,True,prototype
7Hpx20l91V8,stationary work,14.0,physics,True,prototype
7I3kECWTA4w,coat,3.0,wearable,True,prototype
7JXTpPBaS8I,owner,4.0,human,True,prototype
7JdpsRQl8eY,bharatiya janata party,4.0,politics,True,test
7KWNMKoNe8g,bicycle shorts,13.0,wearable,True,prototype
7LIiVsJI6W8_1,over head projector,8.0,instrument,True,prototype
7LIrmOTBAok_1,finish,5.0,action,True,prototype
7LMLwdCweAs,agave fillifera,14.0,flora and fauna,True,prototype
7LWzbtBSOi0_2,machines,8.0,machine,True,prototype
7LXVtTEP_IU_1,sea,8.0,geography,True,prototype
7Le7IfihZ0g,shock,3.0,behavior,True,prototype
7MBisqj8VbE,sheep,5.0,flora and fauna,True,prototype
7MItzb6gz2c_1,deputation,10.0,authority,True,prototype
7MN-nFtrnjs_1,bill,9.0,banking,True,test
7O43NW_PICc,dog,4.0,flora and fauna,True,prototype
7OMdIhQ7zzM_1,loan,7.0,banking,True,prototype
7OSI0FK-ka8_1,enemy,8.0,relation,True,prototype
7P34KxZ_KLE_1,territorial,11.0,banking,True,prototype
7P9YL1tEnVs,bright,4.0,attribute,True,prototype
7PKlEo-ZLME,example,4.0,abstract,True,prototype
7R_b_tfp5lM,tuesday,3.0,time,True,prototype
7RjhIe4sKm0,washerman,7.0,profession,True,prototype
7Rl3OaaGNkY,necklace,5.0,utility item,True,prototype
7Rq6uvvCPd0,september,4.0,time,True,test
7S1IJ8OrInU,escape,4.0,action,True,test
7SZTGACgaMk_1,vada,6.0,foods and drinks,True,prototype
7TAkooD4Lyc,might,3.0,language,True,prototype
7VB_sLH5j4Q_1,there,6.0,geography,True,prototype
7ViTNBqzX6o_2,frictional force,10.0,physics,True,prototype
7Vn056hXh9U_1,red,10.0,abstract,True,prototype
7Vn_Dto8Vq4_1,famous,7.0,attribute,True,prototype
7W6zp8la1G4,energy meter,9.0,physics,True,prototype
7WLX7jxH84k_1,tuesday,5.0,time,True,test
7YQ0D3swwMk,profession,6.0,profession,True,test
7ZQ4WwqhthM,nap fabrick,9.0,utility item,True,prototype
7_VrNljOvzI_1,real,7.0,attribute,True,prototype
7aIfkOrtlBM_1,video cassette recorder,9.0,electronic and electrical,True,prototype
7al_t9swbtA,snail,4.0,flora and fauna,True,prototype
7bb5Lg8QKIs_1,hair,8.0,biology,True,prototype
7bqtiz4KRnE,why,3.0,abstract,True,prototype
7c7A8VNHDg0,burundi,3.0,geography,True,prototype
7ehztIhH_uA_2,gas,10.0,physics,True,prototype
7fO_vanzHOw_1,priest,6.0,profession,True,prototype
7fdPaEyfc9Y_1,your,7.0,relation,True,prototype
7gX_v77CcuU_1,press,6.0,action,True,prototype
7ghzTv4t-MU_1,papaya,7.0,foods and drinks,True,prototype
7gjYUfW4BEs_1,semi urban,10.0,attribute,True,prototype
7h45o7GDrlo,juhu beach,4.0,geography,True,prototype
7hICMJlI2hQ_2,resistor,11.0,physics,True,prototype
7hQwjcb-qlU,natural numbers,9.0,math,True,prototype
7iPa6A1bwuE,asymmetrical design,8.0,attribute,True,prototype
7j8hKnkT0yw_1,face,8.0,biology,True,test
7kEbmn2BWIA,india,5.0,geography,True,test
7kHYT1bESao,external parasite,11.0,biology,True,prototype
7kHhJbwb-xg,interest,5.0,banking,True,test
7kqD46WoJWQ_1,brave,6.0,emotion,True,prototype
7ktA4sMqKSo_1,grow,6.0,time,True,test
7n50MsM5c7A,bugle,5.0,sound,True,prototype
7nOhCp26zqo,netherlands,3.0,geography,True,prototype
7nTC398KiPM,therapist,11.0,profession,True,prototype
7ob8md8RHzg_1,hop,6.0,action,True,prototype
7poFsrrVPVk,commerce,5.0,commerce,True,prototype
7qLPwuH3tVw,they,4.0,relation,True,prototype
7r-E5BNnbZU,shocked,3.0,behavior,True,prototype
7rmoeayLR8Y_1,steel,8.0,metal and minerals,True,prototype
7rvnsRkA5WU_2,area,10.0,geography,True,prototype
7s75Cr5aSJI,shutdown,5.0,process,True,prototype
7sR29KFzUog,touch,6.0,sensation,True,prototype
7spvXhsm6k0,proof,4.0,miscellaneous object,True,prototype
7swvJrXBA3I_1,family,9.0,group,True,prototype
7tUKe_6Lxpk,baton,11.0,instrument,True,prototype
7u54vvW1UKQ,rajdhani train,3.0,transport,True,prototype
7usxzuFAysI_1,year,5.0,time,True,prototype
7vVeFsNN7uA,mason,5.0,profession,True,prototype
7veKecqLRlM_1,stove,8.0,utility item,True,prototype
7w2Aev6pww0,rule,4.0,authority,True,prototype
7xLp4cKj5eo_2,spherical mirror,9.0,physics,True,prototype
7xT3gRg4lpk_1,wealth,9.0,abstract,True,prototype
7zKiKasH-ec_2,pink,12.0,abstract,True,test
7zYJmIUn870_1,earn,9.0,profession,True,prototype
8-KFF8qu6IY_1,vadodara,6.0,geography,True,prototype
8-ifVHALpCw_1,endorsement,9.0,banking,True,prototype
816BojVf1nk,tata mobile,5.0,electronic and electrical,True,prototype
81n3FI_Di84_1,interrogation,10.0,legal,True,prototype
82w5E_szSfs_2,cylinder,12.0,math,True,prototype
83gKsBHpPOM,aspiration,4.0,abstract,True,prototype
83vmd1I6Q4U,carcinoid tumor,8.0,medical,True,prototype
83zhg0Uf5jE,ceiling,13.0,construction,True,prototype
84G6by8Z7Ak,surface water,14.0,geography,True,prototype
870f18p-XdE,save,4.0,action,True,prototype
88Uj27nX_f4_1,bad debts,8.0,banking,True,prototype
88cVTMvw2fw,garden,4.0,construction,True,prototype
890291gO6Io_1,debt doubtful,10.0,banking,True,prototype
8A3qKZoz1ik,degree,5.0,education,True,prototype
8AKc3tUUqso,sweet,4.0,attribute,True,prototype
8CfsiPsHoQs_1,hearing aid,8.0,sound,True,prototype
8CsqDF-3gGA,suppress,4.0,action,True,prototype
8D3_VYGa8Zk_1,terrace,9.0,construction,True,prototype
8DJVQADbpd0_1,cook,5.0,foods and drinks,True,prototype
8Dx2cvy46lU,yardstick,8.0,utility item,True,prototype
8EF9j5VqHzw,calendar,4.0,time,True,prototype
8FU08s4mBkI_1,iron,7.0,metal and minerals,True,test
8FkwA1OENww_1,cold,5.0,sensation,True,prototype
8FuV0BKlSrc_1,punctual,7.0,attribute,True,prototype
8G5NgkTRK8s,capital,4.0,legal,True,test
8HEymPeiThc,network,9.0,internet,True,prototype
8I__oqg4_eE,total,4.0,quantity,True,prototype
8JwPiK_tqTA,jet airways,6.0,transport,True,prototype
8K2LbLuX1_s_2,noise,9.0,sound,True,prototype
8KHW8o8XZb0_1,drama,6.0,action,True,prototype
8L3-sQV1BmU,divide,5.0,action,True,test
8NUflCsxZS0_1,frank,6.0,behavior,True,prototype
8NqmODtSLgI_2,red,6.0,abstract,True,test
8O-mQYCFWoA,pakistan,4.0,geography,True,prototype
8ODE1njkZv0,committee,4.0,group,True,prototype
8OS9z5a2VfI_1,depreciation,9.0,comparator,True,prototype
8PEVM1nTgqg_1,respect,7.0,gesture,True,prototype
8TKDYaZqEFA,puppet,8.0,miscellaneous object,True,prototype
8TXKaIN4emc_1,yellow,8.0,attribute,True,test
8Tsv4klWWuY,mechanic,6.0,profession,True,prototype
8UMcB8ZkgTk_1,payee,8.0,banking,True,prototype
8VeV3_Y6Olw_1,fax,8.0,electronic and electrical,True,prototype
8W0rN_UGUDM,positive,4.0,abstract,True,prototype
8WAJ_vejYOo,vegetables,4.0,foods and drinks,True,prototype
8WNV-TgaJTs_1,revenue,9.0,banking,True,prototype
8WOkDhrU_Rg,sleeve band,10.0,utility item,True,prototype
8ZD3FvK3NYY_1,yesterday,6.0,time,True,test
8Z_T-zrBEr8,royal enfield,5.0,organisation,True,prototype
8Zq6uAa16MQ_1,daughter,10.0,relation,True,prototype
8_1PBGMAj9w_1,giraffe,6.0,flora and fauna,True,prototype
8aKZBVKWE5g_2,orbit,13.0,astronomical,True,prototype
8arkJfd_jyQ,writer,3.0,human,True,prototype
8axJ8fy9vI4_1,hate,6.0,emotion,True,test
8bC_BlQw_eQ_1,earthquake,7.0,event,True,prototype
8biyNZmIKsk,limit,4.0,metric,True,prototype
8c6jcLTId-8_1,hire purchase,10.0,banking,True,prototype
8cHmxgUpFyM_2,inelastic,8.0,substance,True,prototype
8cz9vIAyOPE,period time,5.0,time,True,prototype
8eae5jZQ1zo,clever,5.0,behavior,True,prototype
8edWFVV1lo4,projector,4.0,instrument,True,prototype
8fqQ2nm3B4Q,stare,6.0,action,True,prototype
8fuKz0wYhWw_1,uncertainity,8.0,time,True,prototype
8gAE5cho4ck,office,3.0,organisation,True,test
8gOeGenGvfg_1,card,5.0,utility item,True,prototype
8gULClzsbQE,video card,13.0,electronic and electrical,True,prototype
8gdHlsqexzI_1,insect,8.0,flora and fauna,True,test
8gg1c5ZzWQc_1,toilet,6.0,construction,True,prototype
8gs46_Woylk_1,monkey,6.0,flora and fauna,True,prototype
8hLvImVhOJM_1,fingers,7.0,human,True,prototype
8hPNnF65IMg,good afternoon,4.0,greeting,True,prototype
8iMs1y81En0_1,temperature,7.0,weather,True,prototype
8j0lxGLcgRo_2,property,9.0,banking,True,prototype
8jmBwGIKPmg_1,lfc,9.0,banking,True,prototype
8lbfynog1yQ_1,annual report,14.0,banking,True,prototype
8m3p1BEhCUw,virus,5.0,medical,True,prototype
8mXwd_VuW1k_1,our,5.0,relation,True,prototype
8m_WUuSGZHg,pencil leg,12.0,wearable,True,prototype
8m_cHzTpmeY_1,satisfactory,6.0,attribute,True,prototype
8mb_jgrFdeE_1,crayons,11.0,utility item,True,prototype
8pLSdUH-S5U,amritsar,4.0,geography,True,test
8pXV8kLacAI_2,interval,10.0,time,True,prototype
8pfW3gmsue8,away,4.0,spatial position,True,prototype
8r5QmLFv9Jc,bath tub,5.0,utility item,True,prototype
8rbvjjFfIPQ_2,gamma ray,10.0,physics,True,prototype
8snFGrMOv8c_2,reversible,7.0,attribute,True,prototype
8tC5fhomuPw,row house,14.0,construction,True,prototype
8tF644BWKNo_1,ganapathi,6.0,religious,True,prototype
8tgBgXrOn6Y_1,rice,5.0,foods and drinks,True,prototype
8ucWkX-wRrk,pilot,5.0,profession,True,prototype
8vtQX3cugYc_1,proceeding,8.0,legal,True,prototype
8w-jGg00BJ4_1,necessary,6.0,comparator,True,prototype
8wI11m_OvYo,business,5.0,banking,True,prototype
8wgrPnyzpMw,where,3.0,abstract,True,prototype
8xNtPv0InYE,mild steel rod,8.0,instrument,True,prototype
8yWcdPX31pM_1,village,6.0,geography,True,prototype
8z04XWMENWY,secretary,4.0,profession,True,prototype
8z32TzNwU7U_1,proud,6.0,attribute,True,prototype
8zNQTYikGX0_1,him,7.0,language,True,prototype
8zVGtdn_NLc,cropping tool,8.0,instrument,True,prototype
8zg5kbu8ZMA_1,pant,6.0,wearable,True,prototype
91WkA3SEDpM,noise pollution,6.0,sound,True,prototype
9200bHjUzac_1,germany,7.0,geography,True,test
922S3GXI7eI,meet,4.0,group,True,prototype
92HuQ3Vr13Q_1,curved,6.0,math,True,prototype
933fIHNLS9s,nurse,6.0,profession,True,prototype
93GUaFv2z84_1,bury,8.0,action,True,test
945eoq95GKM,rhinoceros,5.0,flora and fauna,True,prototype
94KSlCCbBf0_1,dollar,6.0,commerce,True,prototype
94r3k7n7oTs,prove,4.0,action,True,prototype
94yey9jGdsE_1,dish,7.0,utility item,True,prototype
95KlTHhKlmk,weekly,4.0,time,True,test
96JTPuAvmno,hard,4.0,quality,True,test
977nahhu-Zk,socket,5.0,electronic and electrical,True,prototype
97UeCMhqWxw,top,4.0,comparator,True,prototype
98QpyN3f8ZU,jackfrui,6.0,foods and drinks,True,prototype
98UHa9YGWMg_1,confirmed member,10.0,human,True,prototype
98wq5RZYq90_1,age,8.0,stage,True,test
99N6O7wQL6o,online editing,12.0,internet,True,prototype
9A6I1vyyc4s,summer,5.0,weather,True,prototype
9AR3EYXYTNk_1,valuable consideration,8.0,abstract,True,prototype
9B91YNQuBTg_1,purchase,6.0,action,True,prototype
9BJ5ZQixW34,die,4.0,stage,True,prototype
9BMHwqCSjag,georgia,4.0,geography,True,prototype
9BvwAQ7c9-c,cd,4.0,computer,True,prototype
9D6zt9-uP88_1,flexible,6.0,attribute,True,prototype
9E_Rr4c5UUc_1,island,9.0,geography,True,prototype
9FCa_zHS4-k,recognize,5.0,action,True,prototype
9GJUdPIquG4,newly married,12.0,geography,True,prototype
9Gb8falrx1Q,adoptive parent,12.0,relation,True,prototype
9Gl6dhM-XAY,law,4.0,legal,True,prototype
9GqUoFtKfNE,title bar,15.0,attribute,True,prototype
9HSEWDsdxgI_1,chair,6.0,utility item,True,prototype
9HpOx_E5Q9Q_1,cough,6.0,medical,True,prototype
9IFKjY7Uuw0_1,museum,6.0,geography,True,prototype
9Iq8DWRoeJA_2,gram,8.0,metric,True,prototype
9JgVee1UGmI,on the basis of propagation,15.0,physics,True,prototype
9KMPc_T4bU8,guess,5.0,foods and drinks,True,prototype
9KZbTecPlh0_1,singapore,7.0,geography,True,prototype
9LDQGtFRVhI,christmas,4.0,event,True,prototype
9LMQNfNdfRQ,high court,11.0,legal,True,prototype
9LWMsCmHhaQ,piece,7.0,miscellaneous object,True,prototype
9LXAp02OXko_1,pilot,8.0,profession,True,test
9LjYLI7ma7Y_1,retire,8.0,action,True,prototype
9MUevtG3yYc_2,optical fiber cable,11.0,electronic and electrical,True,prototype
9NyNlhJnyng,tortoise,5.0,flora and fauna,True,prototype
9OWi_u40bd4_1,paws,6.0,flora and fauna,True,prototype
9QPvSQjo2oQ_1,cash book,10.0,banking,True,prototype
9QYn422W2pU_1,tax profession,10.0,legal,True,prototype
9R8mO744RdM,cell,9.0,abstract,True,prototype
9RdiJAmwOtw_1,age,8.0,stage,True,test
9TAdXqb-qcs_2,year under report,9.0,banking,True,prototype
9TcOdm_p8dc,during,6.0,time,True,prototype
9TzR_2DZEKk,muffler,9.0,wearable,True,prototype
9VYxltnFK9k,hemophilia,11.0,biology,True,prototype
9VvSEg2LUHw_1,rent,6.0,legal,True,prototype
9WpI_sLgb00,christmas,4.0,event,True,test
9ZFVsuD_DOA_1,month,6.0,time,True,prototype
9ZaH5h9D4yI,auger,7.0,instrument,True,prototype
9_PxbDV7BcU_1,camel,6.0,flora and fauna,True,prototype
9bDbETVM0r4,offline editing,9.0,action,True,prototype
9bU0eltCrYQ,world association of sign language interpreters,4.0,organisation,True,prototype
9bwbusx_8ik_1,square,13.0,math,True,prototype
9cFEgJEFFB8_1,horns,7.0,biology,True,prototype
9cRQJXVdE3I_1,instigate,7.0,action,True,prototype
9c_bONRs12w,geography,3.0,geography,True,prototype
9e62cz2TIdo_1,angry,6.0,emotion,True,test
9e7G2jc3tso_1,christmas,7.0,event,True,test
9gARyCGe8sY_1,cow,7.0,flora and fauna,True,prototype
9gZg_sd9G88,sheep,6.0,flora and fauna,True,test
9h1DKNgyPZM,cuffs,11.0,instrument,True,prototype
9hfrwKx2js8_1,concentrate,8.0,sensation,True,prototype
9hyc0l2c7I4,complainant and complaint,10.0,legal,True,prototype
9in2Hz7k60U_1,house,8.0,construction,True,prototype
9j49KqnHN3s,blindness and low vision,6.0,medical,True,prototype
9jIu7tBsX70,herps virus,5.0,flora and fauna,True,prototype
9jYJjEHnKTw,bank of baroda,5.0,banking,True,prototype
9lETXfWFER8_1,shoulder,8.0,biology,True,prototype
9l_mPRyG3Lw_2,wave length,12.0,physics,True,prototype
9nYAc6GEbNo_1,oath,5.0,legal,True,test
9odwds_amPo_1,medicine,7.0,substance,True,prototype
9oigD1xSV-g_1,warning,6.0,legal,True,prototype
9oo3hDRFIhM_1,brain,9.0,biology,True,prototype
9pEAebpmkS0,carpet,6.0,utility item,True,prototype
9pRb9SzUagk,curing,13.0,medical,True,prototype
9qIeBRYxhjI_1,partnership deed,10.0,relation,True,prototype
9qLTvYXHLdU,amount,5.0,metric,True,test
9qhBPFXW-b0,cross belt drive,13.0,machine,True,prototype
9qlCI50wdzY_1,unlucky,7.0,attribute,True,prototype
9r4aaMyWBvo_1,teller,10.0,human,True,prototype
9r5BkbHQKg4,sailboat,5.0,transport,True,prototype
9rOnDWXhyaU,should,3.0,language,True,prototype
9sK2PFaxoHw,upset,4.0,behavior,True,prototype
9tcU1uGTnFo,composition of milk,6.0,foods and drinks,True,prototype
9tph00_pAf4,winner,4.0,human,True,prototype
9uNB69GAxtk_1,plumber,6.0,profession,True,prototype
9uSE_BJx1Po,bad,3.0,quality,True,test
9vvemJ0nr-E,without,5.0,abstract,True,prototype
9wsyF_yvjfQ,nematology,13.0,biology,True,prototype
9xgeOH9Jl9U,wake,4.0,action,True,prototype
9y_XoHypC2Q_1,coat,7.0,wearable,True,test
9yuJzZDgPRw_1,birth,9.0,stage,True,prototype
9zh_TIspgro_1,seconds,6.0,time,True,prototype
A-DmE3OOAfU,electricity,4.0,physics,True,prototype
A-OYsPfNlNA_2,horizontal,7.0,spatial position,True,prototype
A-XKL0nXLoA_2,explain,8.0,action,True,prototype
A0JzS62h92w_1,butterfly,6.0,flora and fauna,True,prototype
A0fQyTZj4Mk_2,electromagnetic wave,12.0,physics,True,prototype
A131AL5rAPU_2,reflection,8.0,physics,True,prototype
A2flwWtlgdQ,politician,4.0,profession,True,prototype
A2t3ucbTnzg_1,debit advice,11.0,banking,True,prototype
A3E7kL78NRs_1,shiva,6.0,religious,True,prototype
A3QOVwivz4Q_1,foreign,7.0,geography,True,prototype
A3v05__5wIs,types of farm planning,13.0,flora and fauna,True,prototype
A3vRjp3UwrE_1,legal claim,9.0,legal,True,prototype
A4RELg59BW8,butter,6.0,foods and drinks,True,prototype
A4WC9h-V7gg_2,cone,12.0,miscellaneous object,True,prototype
A4s4g4tpDwQ_2,electrode,10.0,chemistry,True,prototype
A6OkMmLkj50_1,tear sheet,9.0,action,True,prototype
A6f3QRzvHV0,next year,4.0,time,True,prototype
A7GtKqvxPNA,can,11.0,utility item,True,test
A7Z8eaNDLGg,director,6.0,authority,True,prototype
A8fPXgxSQ-k,aeroplane,4.0,transport,True,test
AApcKicSfHU,haji ali dargah,6.0,religious,True,prototype
ABHbs7wII44,security guard,4.0,profession,True,prototype
ABSyPhV0SCw,thread gauge,14.0,instrument,True,prototype
ACJG5VeKrvQ,dust,6.0,miscellaneous object,True,prototype
AD8RcVimCyw_1,distribute,5.0,action,True,test
ADOlYPfw_T8,funds,6.0,banking,True,prototype
ADgKP4UpMkg,raster graphics,15.0,computer,True,prototype
ADtWeEnpLfY,wind,6.0,weather,True,prototype
AEfFAtmkt6o,that,5.0,relation,True,prototype
AEjUapb4Iwc,assam,5.0,geography,True,prototype
AF8n5CAR0m0_1,hole,6.0,spatial position,True,prototype
AFV4rZ8HFUI_2,electronics,10.0,electronic and electrical,True,prototype
AGADAbFPPH4_1,shoulder,7.0,biology,True,test
AGSQnRV3FY8_1,full moon day,9.0,event,True,prototype
AHrIksqU13s,earth rammer,9.0,machine,True,prototype
AJ0UWA48X-g,abdicate,15.0,action,True,prototype
AJ0hvy4jJXY_1,duck,7.0,flora and fauna,True,prototype
AJyoUbv1lzs,bilingual,4.0,language,True,prototype
AKpYk0-0v8s_1,drawing,10.0,action,True,prototype
ALdikJXEJtc,club,4.0,organisation,True,prototype
ALw4b7WFOR4_1,waste,6.0,abstract,True,prototype
AMSxEvyhESk,professor,5.0,profession,True,prototype
ANfL9O6wy4Y,two days after,3.0,time,True,prototype
ANgOOb951fE_1,words and figures,8.0,language,True,prototype
ANxPvptCW6w_1,punjabi,7.0,language,True,prototype
AO9vAsL-gXg,masonry bit,14.0,instrument,True,prototype
AQ_ba6r2-YM,carpenter,4.0,profession,True,prototype
ARS_u1Op3gw,types of water garden,11.0,flora and fauna,True,prototype
ARSm5la19W4_1,maharastra,7.0,geography,True,prototype
AUnzt1FRoRk,qualification,4.0,abstract,True,prototype
AUqBZl760Lg_1,principal,7.0,authority,True,prototype
AV6KYwLsbfY,infanticide,13.0,action,True,prototype
AVjyszuck8E,freeze,3.0,process,True,prototype
AW-lxiaveRY,sand,5.0,geography,True,test
AWMcypBB9WY_1,ring,6.0,miscellaneous object,True,prototype
AX7RoHSCLPk_1,jesus,5.0,religious,True,prototype
AXkvz_N39pg,wifi,4.0,internet,True,test
AXzNbOMMZ6Y,bodice,7.0,wearable,True,prototype
AY5ZDfd57vc,pen drive,5.0,electronic and electrical,True,prototype
AYTEzWH7BYY,assistant professor,5.0,profession,True,prototype
AZ71WPBDNuM,format,15.0,attribute,True,prototype
AZBsekRB7zY_1,track,8.0,construction,True,prototype
A_ghucv_daw,panic,5.0,emotion,True,prototype
Aa8BKFLPRYs_1,bite,7.0,action,True,prototype
AaHFB_q7AO0,headache,4.0,biology,True,prototype
AaHmdX-mi5s,costa rica,4.0,geography,True,prototype
Aahly6_Ya3w_1,in front of,6.0,spatial position,True,prototype
AbYawF3ki0k_1,discover,8.0,process,True,prototype
AcAbORUCKbM,lines and pins,15.0,utility item,True,prototype
AclEDgleQ6M,variable,10.0,math,True,prototype
AdV7Zn6p0yg_1,snake,6.0,flora and fauna,True,prototype
Adn8_szuH5A,select,4.0,action,True,prototype
AectM0u3HLI_1,ahemedabad,6.0,geography,True,prototype
Aeq2jo3tSdA,topic,4.0,attribute,True,prototype
AfgaiVsTy_k,reporter,7.0,profession,True,test
AfzXlh8OgnI,promote,5.0,action,True,prototype
AgAIB4T8Z04,tiles cutter,15.0,instrument,True,prototype
AgB-ICcX7Fg,egypt,3.0,geography,True,prototype
Ah8zB8BQYek,take a bath,5.0,action,True,prototype
AhDjpH0xZAU,nineteen,4.0,math,True,prototype
Ai8GHDxnOzE_2,clinical thermometer,10.0,medical,True,prototype
AjSoS7r4qJI_1,hard,7.0,quality,True,test
AjWZkexuKVI_2,action,8.0,action,True,prototype
AkDOjtOtGGA_1,holi,6.0,event,True,prototype
AkY2zmS18v0,kidney disease,6.0,biology,True,prototype
AmPGr5AueGI_1,dress,7.0,wearable,True,test
AmbZ5vym81g_1,blow,6.0,action,True,prototype
AnzLnEIXCI4_1,lake,10.0,geography,True,prototype
Ap36VoRZatU,neck band,6.0,utility item,True,prototype
ApkQwiV28bY,cajanus inducus,11.0,foods and drinks,True,prototype
Aq_A-TmNfwk,delegation,13.0,organisation,True,prototype
ArXzUJR5Vic,salyx tetra sperma,13.0,biology,True,prototype
ArcfZOVJyc4,carrom,3.0,sport,True,prototype
ArrUPiaqzHA,license,5.0,legal,True,prototype
AuCxXmjvztU,drug abuse and addiction,9.0,stage,True,prototype
AuTgOkqjmKs,pick axe,4.0,instrument,True,prototype
Aup_XGd3EqQ,roofing tiles,6.0,utility item,True,prototype
AwsLVn18lwo_2,least count,8.0,metric,True,prototype
AygZ8ATgf_c,vaishno devi,6.0,religious,True,prototype
AzOpSq_iZCo_1,complain,6.0,process,True,prototype
AzVqMQPhOWI_1,we,5.0,group,True,prototype
Azhplpvwi6Q,calculator,4.0,math,True,test
B0JKoyG_q0g,eyebrow,5.0,biology,True,prototype
B0eoeNCs3RI_1,add,7.0,math,True,prototype
B0wM7GT2PKU_2,formula,8.0,math,True,prototype
B1plqHKGoW4_1,deer,6.0,flora and fauna,True,test
B2JFlPUsxQY,form,8.0,readable,True,test
B2eH7OwcKQ0,relay race,5.0,event,True,prototype
B34E37rWGWA_1,term technical,10.0,banking,True,prototype
B34fwmoOvvI_1,false,6.0,abstract,True,prototype
B3ViGdozfp4,kidnap,4.0,group,True,prototype
B4Anc1i1S1E,software developer,11.0,profession,True,prototype
B4_sWGyQgrA,maths,3.0,math,True,prototype
B5Qtp_-1gmo_1,liquor,6.0,substance,True,prototype
B6UQh9WuYAY,once,4.0,math,True,prototype
B6XbxlOZXm4_1,discharge,9.0,action,True,prototype
B6dVHrpiFws,onion,4.0,foods and drinks,True,prototype
B71wV1k7n4M,pain,4.0,sensation,True,prototype
B9gcbXjMQwg_1,small coin depot,11.0,construction,True,prototype
BAuCEJ4uKgE,together,4.0,group,True,prototype
BCVSsSZSqm4,australia,5.0,geography,True,prototype
BD-PPGZahtU_1,loose,6.0,quality,True,prototype
BD6ADUnsyio_1,clock,8.0,utility item,True,prototype
BDSIilJRj-4,passbook printing machine,6.0,banking,True,prototype
BDyD3b5IvEA_1,tusks,6.0,biology,True,test
BEBfzPkE3EY,tree,5.0,flora and fauna,True,prototype
BEEOC2ZXhsg,not,4.0,abstract,True,prototype
BFYTOi2N1w8,big,3.0,attribute,True,prototype
BGIG-XfX4BI,niece,4.0,relation,True,prototype
BGfcBh4woVU_1,fight,5.0,action,True,prototype
BGjmN9lRDH0,legal,4.0,legal,True,test
BI1IkyUrBT0,possible,4.0,attribute,True,prototype
BI57SSk_cGU,cartoon,4.0,entertainment,True,prototype
BIO33uNK_pY_1,bus stand,6.0,construction,True,prototype
BJ_XRbrwsk0_1,bear,6.0,flora and fauna,True,prototype
BJgvTIe5avM,shaving trimmer,6.0,utility item,True,prototype
BLazXqvPnKk,in,4.0,spatial position,True,prototype
BMKm42g0s08_2,mechanics,9.0,physics,True,prototype
BMsUiLpUFQQ_1,repairer,7.0,human,True,prototype
BMzjPIvzVfU,answer,3.0,action,True,prototype
BN8N3UwtL00,exclude,5.0,action,True,prototype
BNNY7s6UnX4_1,india,7.0,geography,True,test
BNnUgdUKtf0,nagaland,4.0,geography,True,prototype
BPC5XCxTQDE_1,cremate,12.0,action,True,prototype
BPWGQ-KcisU_1,library,8.0,readable,True,prototype
BPXMuyXJai8_2,energy,11.0,physics,True,prototype
BQU7PK2GEw8,afghanistan,4.0,geography,True,prototype
BSJyINZgfWY,ball cricket,5.0,sport,True,prototype
BS_TcCb8q0s_1,bengali,6.0,language,True,prototype
BSezNX5k4dA_2,law,7.0,legal,True,test
BSztT4FmVvg,button down,5.0,action,True,prototype
BT9rDLe3e_8,shears,7.0,instrument,True,prototype
BTWoG55D4ns_2,fluid pressure,10.0,physics,True,prototype
BU67b7LtyE0,gujarati,3.0,geography,True,prototype
BUOXpYbLzTI_1,wide,6.0,attribute,True,prototype
BUdAJ_WWdxo_1,foot,7.0,biology,True,test
BUt4lIrC0E8_1,slow,7.0,attribute,True,prototype
BUv48pwD90o,exam,6.0,education,True,prototype
BVtBleg0HgA,message video,5.0,internet,True,prototype
BVyAGCPGC9I,bacteria,5.0,biology,True,prototype
BWKieNmLY2c,beer,4.0,foods and drinks,True,prototype
BWWtThOnwkE,interest on savings account,7.0,banking,True,prototype
BX15HPM6TzE,interpret,4.0,action,True,prototype
BXw0xmFB8pQ_1,she,6.0,abstract,True,prototype
BYY1nIP7J-E,kali mata,5.0,religious,True,prototype
BYnUpQfk3Ts,five,5.0,math,True,prototype
BaDaIkw-dmQ,appearance,12.0,attribute,True,prototype
BaXoF_r5D4w,pain,3.0,sensation,True,test
BauK2i6mmK4,younger sister,4.0,relation,True,prototype
Bc5uO2zRNJA,throat,4.0,biology,True,test
Bc_Km33uz74,level,4.0,abstract,True,prototype
BdQCN4niLds,cooker,5.0,foods and drinks,True,prototype
BdxydPFxfAA,storm,6.0,weather,True,prototype
Bf2FG9YBics_1,mogra,7.0,flora and fauna,True,prototype
Bh9e-exemes_1,class room,7.0,education,True,prototype
BiqToLUGbec_2,spiral,12.0,abstract,True,prototype
Bir6ea5EZ1c,association of sign language interpreters,4.0,organisation,True,prototype
BkPmz2DBMEo,underground symptoms,12.0,medical,True,prototype
BlV_8p_hgLA_1,horns,6.0,biology,True,test
Bl_SheTtSt0,body,4.0,biology,True,prototype
BmNYiO_-qFU_1,mat,8.0,utility item,True,prototype
Bmq6b73OAQ4_1,watermelon,7.0,foods and drinks,True,test
BnIXdnAD2EA_2,bimetallic,8.0,metal and minerals,True,prototype
BnRQjGF_dIc_1,those,5.0,relation,True,prototype
BnTXPFA6gHA_1,small pox,6.0,medical,True,prototype
Bo35LBOce64,wine,3.0,foods and drinks,True,prototype
BoTn3ZPqyjk_1,switch,6.0,electronic and electrical,True,prototype
BpDvz3q-6pU_1,learn,6.0,action,True,prototype
Bpg2wRBxGPI_1,terms of service,11.0,legal,True,prototype
BpheOwGP6ZE_2,east,8.0,spatial position,True,prototype
BqgTzj7IeZ0,bhubaneswar,4.0,geography,True,prototype
Bqq4Ir8T9Og_1,ratio,7.0,math,True,prototype
Br0rMI_5PzA_2,film,9.0,instrument,True,prototype
BrDv3nkZnCE_1,full,6.0,sensation,True,test
Brqv7-rpdTQ,teach,3.0,action,True,prototype
BtseOFOQ9j8,carnivorus fishes,12.0,flora and fauna,True,prototype
BvOKe8KiGPU,tall,4.0,attribute,True,test
Bw8_jmAk28w_1,soft,7.0,quality,True,prototype
BxxS_OuUUv4_1,vault safe deposit,8.0,banking,True,prototype
BzQFZNqQVsc_1,flag,7.0,miscellaneous object,True,prototype
BzgPNh4W3GI_1,pillow,9.0,utility item,True,prototype
C-rIgD-yIvg,busy,6.0,behavior,True,prototype
C0UywICFPWw_1,wedding,7.0,event,True,prototype
C0znUIY2osY,east,3.0,spatial position,True,test
C15CAFPqP9g_1,cockroach,7.0,flora and fauna,True,prototype
C201-UUFUDg,nationalist congress party,5.0,politics,True,prototype
C2FMG7QWfCo,avalanche,7.0,event,True,prototype
C34PxLKD8OM_1,toes,9.0,biology,True,prototype
C39QX6etLxw_1,business,6.0,banking,True,test
C4B6Nezrmxw_2,original,9.0,attribute,True,prototype
C5DI23vAhYo_1,lion,6.0,flora and fauna,True,prototype
C5lKWeivlFY,youth association of the deaf india,3.0,organisation,True,prototype
C6Lf2U0ZDmQ_1,angry,6.0,emotion,True,test
C6NYbD05HIo,bank branch name,6.0,banking,True,prototype
C7tQarNFXJo_1,voluntarily,6.0,behavior,True,prototype
C7zW-Cuv3tU_1,parrot,7.0,flora and fauna,True,test
C8NKSCbnodM_1,sea,8.0,geography,True,test
C9ZLmgNDV_Y,salman khan,4.0,human,True,prototype
CAKl640s6UE,reason,3.0,abstract,True,prototype
CBXCId8jHAA,teaser bull,14.0,medical,True,prototype
CBdApLFUzYs_1,far,6.0,spatial position,True,prototype
CBgYsD9T-uI_1,watch,8.0,action,True,prototype
CCLHQe8fETs_2,projectile motion,10.0,physics,True,prototype
CD7q4E7thng,true,4.0,abstract,True,prototype
CDd6olbtjWE,local,5.0,spatial position,True,prototype
CEHCaHC8hK0,sit,3.0,action,True,test
CELYbb3X9fk,mechanic,6.0,profession,True,test
CEiO3djH-zg_2,superposltion,9.0,physics,True,prototype
CEsvPmZQ7c4_1,slim,7.0,attribute,True,prototype
CGNDUJWk96I_2,positive error,9.0,math,True,prototype
CGWUtV3bpgc_1,kanpur,6.0,geography,True,prototype
CH_cyrmtUd0_1,mixer,6.0,machine,True,prototype
CHt94rpZVOI,vodafone,5.0,organisation,True,prototype
CKCqZpXdLU4_1,bridge,6.0,construction,True,prototype
CKRWnL9qBDo_1,hide,5.0,spatial position,True,prototype
CKkHv_YeHWU,corn,5.0,foods and drinks,True,prototype
CLjivq1wW6E,bile duct cancer,15.0,medical,True,prototype
CLxxQFQiTic,zip,4.0,utility item,True,prototype
CNIlm20ulSs_1,expensive,7.0,attribute,True,prototype
CNL5igD7Z9U_1,twins,9.0,biology,True,prototype
CNfxuVjZuh4_1,inch,6.0,metric,True,prototype
CNnZQINfB8E,college,6.0,education,True,prototype
CO-YipjVoj4_1,certificate,6.0,readable,True,prototype
COAl-bQOrFU_2,refractive index,10.0,physics,True,prototype
CPPp4bkc2M0,classification of hedges,11.0,action,True,prototype
CPitVthnjH4,love marriage,15.0,relation,True,prototype
CPzNAqruek8,post office,4.0,construction,True,prototype
CR2NKbXEI-A,rail road switch,7.0,transport,True,prototype
CRdSfDtdSj8_2,pole,12.0,astronomical,True,test
CSY_YI5A3uw_1,september,6.0,time,True,test
CTZLTOTcRtg_2,velocity,7.0,physics,True,prototype
CU60FAVcxnc_1,solicitor,9.0,profession,True,prototype
CUNH7UOyYGI_1,spider,6.0,flora and fauna,True,prototype
CXEDTo1PXCg,no,4.0,abstract,True,prototype
CXLZ3svHfGc,lace edge binding,9.0,process,True,prototype
CXOPG4pJxDI_1,hear,8.0,sound,True,prototype
CX_0sOJ8AiI_1,bus,6.0,transport,True,prototype
CXzmFPBwjzs_2,north pole,11.0,geography,True,prototype
CYE_fagx7yo_2,liquid fuels,11.0,substance,True,prototype
C_7MNhDkut4,tripura,5.0,geography,True,test
C_H7DeMnOQ8,abuttal,8.0,legal,True,prototype
C_HK0uWAt8I,november,5.0,time,True,prototype
C_VE9wu76So,potty,4.0,biology,True,prototype
C_VIItfSFdU,ewe,10.0,flora and fauna,True,prototype
C_pnntfY2qw,l square,7.0,instrument,True,prototype
CbscRBBGtT8,tractor,4.0,transport,True,prototype
Cc7VwcMMTqk,gas tractor,8.0,transport,True,prototype
CcX4eD-UArI_2,circle,13.0,math,True,test
CcsJ-D4YAMI_1,morning,7.0,time,True,prototype
Cd0f7fvtGTg,absent,5.0,abstract,True,prototype
Cdb8BFpFWqo,division,3.0,action,True,prototype
CeGVf78K8jg,anorak,8.0,wearable,True,prototype
CfFtNMRV6Y8_1,cap,6.0,wearable,True,prototype
CfNlpbflIQU,court hall,9.0,legal,True,prototype
CfRFZ0IFp3Y_2,thermometer,9.0,miscellaneous object,True,prototype
CgJ5_Y60Uu0_2,piston,9.0,miscellaneous object,True,prototype
CggX-rNVSxc_1,omit,6.0,action,True,prototype
Cgk-fX-KFhw,livelihood,5.0,abstract,True,prototype
Cgs1MibMXJ0,eat,4.0,action,True,prototype
Ci-i1-FzGTU,superfast express,6.0,transport,True,prototype
CjL55F1EpNk,contractual,6.0,legal,True,prototype
CjZKfMv3QsA_2,increase,9.0,comparator,True,test
ClLC-JSUEq4,coloured follage shrubs,10.0,flora and fauna,True,prototype
ClwPsyQ5iKQ_1,late,6.0,time,True,test
ClxK5dEsoZk_1,abeyance,8.0,banking,True,prototype
CmAtK2kV6GY,pray,4.0,action,True,prototype
Cn1Q6q6XtMI,skiing,3.0,sport,True,prototype
CoA255C3aAU_2,inverse,9.0,math,True,prototype
CoKtBDPhPbg,self-reflect,5.0,attribute,True,prototype
CoMoRzQiKm8_1,coin,9.0,banking,True,prototype
Codai31kUpE_1,give,6.0,action,True,prototype
CowXY9IdbxA_2,uniform,8.0,quantity,True,prototype
CoxdEUEw9Lw,wolf,6.0,flora and fauna,True,test
CpYIKn7qaIY,left,4.0,spatial position,True,prototype
CpbiUt_BR3U,process,4.0,event,True,prototype
CqOegR2Dg14,dwarf ornamental hedges,14.0,flora and fauna,True,prototype
CqbFltbrM-s_1,lock,8.0,machine,True,prototype
CqilPDcjxRc,fly,4.0,flora and fauna,True,prototype
Cqtgx6BSkRk,umpire,5.0,human,True,prototype
CrKUKDtOtSw,foundation,10.0,construction,True,prototype
CsVqdOkFe4Y_1,pick,6.0,action,True,prototype
Csudbq04CV0,cook,5.0,foods and drinks,True,test
CtWGmhj6scQ_1,vehicles,7.0,transport,True,prototype
Ctij9uzbRTU,younger,4.0,comparator,True,prototype
Ctsn9y9OSCk,stationery,6.0,utility item,True,prototype
CuOhMZjaUS8_2,magnet,9.0,physics,True,prototype
CujxTrMxQEw_1,declaration,12.0,action,True,prototype
CvB9G9rAoNY,stuck,5.0,stage,True,prototype
CveKv8LNSOI_1,insult,6.0,action,True,prototype
CvkYlSWEfL4_2,simple  microscope,8.0,instrument,True,prototype
CvppYfpiXyM,wood plane,10.0,miscellaneous object,True,prototype
Cw13fIyVSNA,take,4.0,action,True,test
CwdQO_zlNyE,side mirror,6.0,utility item,True,prototype
CyV5-k-6JFk,mizoram,5.0,geography,True,prototype
CyY-qOh0k4U_1,account closing,14.0,banking,True,prototype
Cyn1WPoqLHM_1,town,6.0,geography,True,prototype
Cz3KCbolavI,camel,5.0,flora and fauna,True,test
D-6BxGJ0ru8_1,wish,7.0,abstract,True,prototype
D-6KziM3_ac,monkey,7.0,flora and fauna,True,test
D-DoLPV-QRg_1,unlawful,7.0,legal,True,prototype
D12hlBiVjck,opposite,4.0,comparator,True,prototype
D19X5MhzZcE,english,3.0,language,True,prototype
D1NuUfSrJq8_1,yellow,8.0,attribute,True,test
D2Ayu0l7M78,tonic,4.0,substance,True,prototype
D2r4zIgoqkg,andhra pradesh,4.0,geography,True,prototype
D2w1j6MXK-s_2,hydrautic lift,12.0,machine,True,prototype
D3-jY-B3kFo,unix,7.0,computer,True,prototype
D38jZfxOtFs_1,europe,8.0,geography,True,prototype
D3MeXacclFw,breathalyzer test,12.0,medical,True,prototype
D3USBJo5zLA_1,introduce,6.0,action,True,prototype
D4mWoGRHBYc_1,disapproval,9.0,gesture,True,prototype
D5jXj8nf-Sg_1,spoil,7.0,action,True,prototype
D5ynpqL8HC4_1,multiply,7.0,math,True,prototype
D6MP5temHtg_1,chocolate,6.0,foods and drinks,True,prototype
D6jjiguTEmI_1,account profit and loss,15.0,banking,True,prototype
D7hi8QdSnq8,middle,4.0,comparator,True,prototype
D9ihUabRKIQ_2,green,8.0,colour,True,prototype
D9jI_HByl1Q,united arab emirates,4.0,geography,True,prototype
DA0Ma_9R3HU,pick,3.0,action,True,test
DAgfV9RRVsw_1,umbrella,8.0,utility item,True,test
DAhaM4E1wSM,candle,6.0,utility item,True,prototype
DAkf0SjQpuk_1,alive,6.0,stage,True,test
DBMZ92qq6fY_1,bible,6.0,readable,True,prototype
DBUTlAHjWlI,fine,4.0,legal,True,test
DCH3d-S6BlI,endure,4.0,action,True,prototype
DCRybq5sYAA_1,winding up,7.0,action,True,prototype
DCjd5dJLuF4,zebra,5.0,flora and fauna,True,prototype
DCwA5BuGHa8_1,they,4.0,relation,True,test
DD9K1ojKj_k,taj hotel,7.0,construction,True,prototype
DDusbrXIyaA,tailor,5.0,profession,True,test
DF_pD6nnqRk,monocotyledonae,11.0,flora and fauna,True,prototype
DG2hfDpWdMQ_1,good,7.0,quality,True,prototype
DHihi8AG0ck_1,cancel,6.0,action,True,test
DHr0LlZd0cs_2,attraction,8.0,physics,True,prototype
DJzxcG2JLTA,experiment,6.0,process,True,prototype
DKuMCtyj8ik_2,infinity,8.0,math,True,prototype
DMDAXFRPJBs_1,rose,7.0,flora and fauna,True,prototype
DM_xL10khbo_1,skin,9.0,biology,True,prototype
DMaN0jUw3pU,pickle,7.0,foods and drinks,True,prototype
DMxZHUZ7u88_1,seat,6.0,utility item,True,prototype
DNF5QY7x2Lc_1,hardworking,8.0,behavior,True,prototype
DNP9-5px_mA,hook worm disease,9.0,biology,True,prototype
DNVOzTx47ew,gas lighter,5.0,utility item,True,prototype
DNk0c1RwBJ0_1,solve,7.0,action,True,prototype
DOHpEalcflo,podium,8.0,miscellaneous object,True,prototype
DPFh6Vtj8nY,indian sign language interpreters association,3.0,organisation,True,prototype
DPQ-TcGykDw_1,baby,9.0,stage,True,prototype
DPb0Ariw5Ic,event,5.0,event,True,prototype
DQZ8UEoRnUs_1,fool,6.0,behavior,True,prototype
DQg2gfZHQ_0,subdivision,5.0,authority,True,prototype
DQstNLzwuNg,concealment of identity,14.0,legal,True,prototype
DRvjyDqrHq4_1,floor,8.0,construction,True,prototype
DSL5R_AGIiU,computing,13.0,computer,True,prototype
DSpymhe73eM_1,seed,7.0,foods and drinks,True,prototype
DSr0qd_JY8w,india gate,6.0,construction,True,prototype
DTOsm_OuWLM,kindhearted,6.0,attribute,True,prototype
DTWS5Oy3kcY,maharashtra,4.0,geography,True,prototype
DU-O8ssmBHg_2,diagonal,10.0,math,True,prototype
DU-odPNLPio_1,attachment of property,13.0,banking,True,prototype
DV2QK-flhpc,absolve,12.0,legal,True,prototype
DVe5knz8gh8,triple,4.0,quantity,True,prototype
DXj1A4BNsQg,traffic,5.0,abstract,True,prototype
DY9ZAVPwT8o,stumps,5.0,sport,True,prototype
DZ55uUFJfTA_2,lunar eclipse,12.0,astronomical,True,prototype
DZ6eHdrXGC8,green hand,9.0,behavior,True,prototype
DbQXU9hA1AA_1,mix,6.0,process,True,prototype
DbWWsUmMXUA_1,banana,7.0,foods and drinks,True,prototype
DbfHSSkk3Ss,nail cutter,5.0,utility item,True,prototype
Dbt8wFNY5RI_1,straight,6.0,spatial position,True,test
Dbz-hAaPPvg,chain surveying,9.0,metric,True,prototype
DcEY17TDRIw_1,aluminium,8.0,metal and minerals,True,prototype
DcJKQkC-JjY_1,transport,7.0,transport,True,prototype
DcRRjyNfFJs_1,destroy,6.0,action,True,prototype
DdEgmEhWnRA,parkinsonia aculeata,15.0,biology,True,prototype
DfohDPZVlrA_1,mother,9.0,relation,True,test
Dg1FJhcTg2E_2,east,8.0,spatial position,True,test
Dg95uOLJogg_1,copper,9.0,metal and minerals,True,prototype
DgF0m14DBG0,to retailers,12.0,process,True,prototype
Dgq7SU6Khls_1,tomorrow,7.0,time,True,test
Dh69YPn9pzU,tractor,7.0,transport,True,test
Dhg5hNpQxQU,tube well,11.0,construction,True,prototype
DhydZXrTFJ4_2,pentode,11.0,electronic and electrical,True,prototype
DjEe79bR1M4,sunset,5.0,event,True,prototype
DkjjHEZzsHE_1,husband,9.0,relation,True,prototype
DlLsAg0WL68_1,careful,7.0,attribute,True,prototype
DlTdx-rVtfo,unfair dismissal,6.0,action,True,test
DlyWuMwYeVc_2,orange,12.0,abstract,True,test
Dom49pxvY-M_2,translation of motion,10.0,physics,True,prototype
DpoUiyIlk2k,forget,4.0,action,True,prototype
DqnTDIwMoFc,system of feeding poultry,13.0,organisation,True,prototype
Dr99eNeltzU,3g,3.0,internet,True,prototype
Ds0rhfDqBrM_1,profit,6.0,banking,True,prototype
DsIehsrzx7o,pizza,4.0,foods and drinks,True,prototype
DtVx1FUTYaA_2,sink,9.0,process,True,prototype
DtZFOZG8tTQ,stair tread,8.0,construction,True,prototype
DtdeOvkYLo4_1,egg,6.0,foods and drinks,True,prototype
Dteba6UR1uY,plastering,11.0,action,True,prototype
Dvpc0R8CfI0,quantity,4.0,quantity,True,prototype
DwUajipOhHY,motor,6.0,electronic and electrical,True,prototype
DwrOgyG1P7E_2,carburetor,7.0,machine,True,prototype
DxotcbkEnMY,general secretary,4.0,profession,True,prototype
Dy9J-D3RVDw_1,coimbatore,5.0,geography,True,prototype
DyoiyeHahko_1,small farmer,10.0,profession,True,prototype
Dywl939W0wU,introduce,4.0,action,True,test
Dz2avlvSTYQ_1,read,6.0,action,True,prototype
Dz9dFM4Pg3g,allow,3.0,action,True,test
DzL4k1Vy3gc,sandwich,4.0,foods and drinks,True,prototype
DzyfpdJYBwg,profile levelling,14.0,physics,True,prototype
E1bMcpst-p8_1,flood,9.0,event,True,test
E1g2vckJJek_1,wheat,5.0,foods and drinks,True,prototype
E2-FY4q-Kbg,debate,5.0,action,True,prototype
E2FirzckC_U_1,weak,7.0,quality,True,prototype
E2GOvDBZhdI_1,resume,8.0,action,True,prototype
E2SKFVvnt0s,veteran,13.0,human,True,prototype
E3CEiwzCU94_1,conciliation,11.0,process,True,prototype
E3IAqXfMjWA,lassi,5.0,foods and drinks,True,prototype
E4A1ApJjUkE_1,main,9.0,quality,True,prototype
E4Kp5d5orgA_1,land improvement reform,10.0,legal,True,prototype
E4_sAfIiflQ,demand draft,6.0,banking,True,prototype
E4hL5jUFwCk,gloves,4.0,wearable,True,prototype
E4rnCudFi8c,disappear,5.0,action,True,test
E5mWb7nGYmQ,vishnu,5.0,religious,True,prototype
E5teJWyr2rA,coach,6.0,sport,True,prototype
E6-Q2xXxUmc,varieties of mushroom,10.0,foods and drinks,True,prototype
E6XeodyBzYs_1,deed of sale,12.0,event,True,prototype
E6yxMBZEYhs,notify,3.0,action,True,prototype
E7ASHBd0kDs,canada,4.0,geography,True,prototype
E7okhzFRINQ_1,plate,7.0,utility item,True,prototype
E7upPuPpLIY_1,poor,7.0,abstract,True,prototype
E8uf2VM3KCo,get,4.0,action,True,prototype
E91cfQBn8_4_1,help,7.0,process,True,prototype
E93MkvU8Hs8,balcony garden,7.0,construction,True,prototype
E99L8qeeuVk_1,bench,6.0,utility item,True,prototype
EBdRrVvw25g_2,liquid,10.0,physics,True,prototype
ED7sE5v2jKE,solve,4.0,action,True,test
EDDN3o-FX9Q,manipur,4.0,geography,True,test
EDEbbnnbHeo_1,july,6.0,time,True,test
EDW7RoRvZOg_2,minute,8.0,time,True,prototype
EDX7B93iM9k_1,hip,7.0,biology,True,prototype
ED_25-_F0MI,bookshelf,6.0,utility item,True,prototype
EDxRoZlrq5A_1,measles,7.0,biology,True,prototype
EE1cuwsn1IY,hate,5.0,emotion,True,test
EE_BDdMNWTI_1,sector,10.0,math,True,prototype
EEn5WhsNLfA,minister,4.0,authority,True,prototype
EF3PXbHGGUM_1,yearly,8.0,time,True,prototype
EFBQAgXgXEk_1,sheet charge,9.0,legal,True,prototype
EFPl9sfDRkM,prefer,5.0,action,True,prototype
EFd9_rQVW6k,pizza,4.0,foods and drinks,True,test
EFuaKRVN4Yw,week,4.0,time,True,test
EGt1EA-YBNw,conclude,6.0,process,True,prototype
EHWONrQWsVE,baldness,8.0,attribute,True,prototype
EI3Z7yP6_JQ,my,3.0,language,True,prototype
EI4ConsbYws_2,geography,10.0,geography,True,test
EIS2HUEopZM_1,sweets,5.0,foods and drinks,True,prototype
EI_dA2lZLds_1,reasonable notice,7.0,legal,True,prototype
EJ0UG10b714,wise,4.0,attribute,True,prototype
EJF-HPyHiYE,post,4.0,action,True,prototype
EJo7NBj1Qx4,serial killer,10.0,human,True,prototype
EK6tORg211g_1,devil,5.0,religious,True,prototype
EKWgFRGdMwU,antartica,5.0,geography,True,prototype
EKZWNoQFQuw,palm tree,6.0,flora and fauna,True,prototype
EKp6wIukZRc,kilogram,8.0,metric,True,prototype
EKr1gGcQlXk_1,kerala,7.0,geography,True,test
EL4UAMc2Kmc_2,circuit,10.0,physics,True,prototype
ELCvZrWheyk,initiative,8.0,behavior,True,prototype
ELX_Ak3IKgE_1,north pole,8.0,geography,True,test
ENY1YTTzKao_1,pepper,6.0,foods and drinks,True,prototype
EPIpofZRHBY_1,purchase,8.0,action,True,test
EQ1yzB0YoPY,delegate west bengal,3.0,authority,True,prototype
EQMR3agty8g_1,bearer,10.0,banking,True,prototype
EQpjjm6rZTw,peon,11.0,profession,True,test
EQwPLL2v2bU,neck,4.0,biology,True,prototype
ERX99VRsSPA_1,walk,8.0,action,True,prototype
EUJyZCB8UoE,skin,4.0,biology,True,test
EVLxRwi3cNY_2,technoiogy,9.0,abstract,True,prototype
EVNgPUE-tys_1,milkman,6.0,profession,True,prototype
EVs45zQ6mTQ,on the basis of use of pond,15.0,biology,True,prototype
EW6ZzbkYD9g_1,penal interest,8.0,banking,True,prototype
EWDMPkRnEHI,radish,4.0,foods and drinks,True,prototype
EWPzum2d02w_1,curtain,9.0,utility item,True,prototype
EWUNJsze6aE,housefly,6.0,flora and fauna,True,prototype
EXEEDnScQ8g_1,shares redeemable,9.0,banking,True,prototype
EXJmDDFi-5g,door,4.0,construction,True,prototype
EXSLF0azSNs_2,number system,12.0,math,True,prototype
EXdh8IAeyUk_2,rotational motion,12.0,physics,True,prototype
EXoZ4SeF5as_1,then,7.0,time,True,prototype
EYWI_5mkrbc_1,free,7.0,behavior,True,prototype
EYcuu4ETc4Y,herpes,7.0,biology,True,prototype
EYhsfoO3_ME_1,shirt,7.0,wearable,True,prototype
EZ9S6g3CBzM,sweep,9.0,action,True,prototype
EZpZvb2wicY,okay,4.0,gesture,True,prototype
EZtR1UdIiBE,peru,4.0,geography,True,prototype
E_bwQ8SGo8w,foundation organization,7.0,organisation,True,prototype
Eakl221Gpsg,floppy disk,12.0,computer,True,prototype
Eakrhy1WezE,share,4.0,action,True,test
Eb1zmjEoyGQ,oriya,6.0,language,True,test
EbmFC4EitxU,pencil,3.0,utility item,True,test
EcCzQVbFiwE,support,5.0,action,True,prototype
EdGBkBi0xQ4,cold,4.0,sensation,True,test
EdGYkgo-nX0_1,authorised signature,10.0,authority,True,prototype
EekMLY_SxPo_1,in advance,9.0,time,True,prototype
EfIcGuRmc84,footage,11.0,computer,True,prototype
Eg7eVi4c11k,grow,3.0,time,True,test
EgYYB3nHbyU_1,sum,8.0,math,True,prototype
EgeA95Yf9IQ,soil,6.0,geography,True,prototype
EgeuAsy-wmc_1,leak,7.0,process,True,prototype
EgnE1hPwGRs,manjira,6.0,sound,True,prototype
EhE2_Jd7F-o_2,weekly return,6.0,banking,True,prototype
EhErcUPHNgg_1,questions,5.0,abstract,True,prototype
Ehm9mwSc-JU_2,direction,11.0,geography,True,prototype
Eic6GMcQ9Tc,sing,4.0,action,True,test
EilGxC4fZ4g_1,plate,7.0,utility item,True,test
Ejk3rD52uc0_1,tonic,8.0,substance,True,test
EkK_DEi9vog,mobile,4.0,electronic and electrical,True,prototype
EkaFWDZrh2E,spur,5.0,action,True,prototype
EkfwGwI4c6E,fast growing temporary hedges,12.0,flora and fauna,True,prototype
Ekmr93MXzCE,portugal,3.0,geography,True,prototype
EktuCHkw7Ss,shoot,4.0,action,True,prototype
ElXP4DjT3H8_1,friend,10.0,relation,True,prototype
EmUsRBX9664_2,day,8.0,time,True,test
En8MHpUgipg_1,recurring,6.0,abstract,True,prototype
EnH0HaNPtsc_1,horse cart,7.0,transport,True,prototype
EnILR2WEkzc,shoulder pads,13.0,utility item,True,prototype
EnNw43_8YjY_1,argue,6.0,behavior,True,prototype
Eni6gYBX_-g,saturday,4.0,time,True,test
EnyO2ToSA20_1,bat,6.0,sport,True,prototype
EopinjD2-4I_1,knowledge,6.0,abstract,True,prototype
Eoz8FUQDCKY_2,repulsive force,11.0,physics,True,prototype
Ep_W1M6FWe0_1,active,7.0,behavior,True,prototype
EpxAKEtJbdI,itself,3.0,language,True,prototype
EqGyUaKwRjg,virat kohli,4.0,human,True,prototype
EsvQpLP_28E,steel rack,10.0,utility item,True,prototype
EuU5L4V0jsA,flower for recreation,10.0,flora and fauna,True,prototype
EvZvymz1nRo,karate,3.0,sport,True,prototype
Evw-przGUxo_2,s.i unit,10.0,metric,True,prototype
EvwF_HCmPxY,lg mobile,5.0,organisation,True,prototype
EwbZoVWQ6II,religion,5.0,religious,True,prototype
EwcX2aXTmUQ,tulip sleeve,9.0,wearable,True,prototype
ExEPNAW_Zk4,swimming,5.0,process,True,prototype
Ey1sb2Mq-00_1,belt,6.0,wearable,True,prototype
EyHkbtQEH4w_2,west,8.0,spatial position,True,prototype
EzA7vpG_mnw,kitchen,6.0,foods and drinks,True,prototype
F-NlKJvZ17E_1,cover,6.0,action,True,prototype
F-aZRY9C6HY_2,osclllatory motion,12.0,physics,True,prototype
F-nZwpViPqM,perform,6.0,action,True,prototype
F0Yx7_4Ox0c,shine,4.0,attribute,True,prototype
F1AvK4jxMuA,nearly,5.0,attribute,True,prototype
F2SfSlbRkj0,sympathy,6.0,emotion,True,prototype
F2oFyH9CkpI,psychology,4.0,biology,True,prototype
F2qZXlYNo38_1,white collar job,9.0,profession,True,prototype
F3qQXP8EtRs,basic pay,9.0,banking,True,prototype
F6sn_h1Xea0,nice to meet you,4.0,greeting,True,prototype
F7s5GtLbtGE,tinda,5.0,flora and fauna,True,prototype
F7wUQReGNEw,earth,4.0,geography,True,test
F8ZmweysvHM,deaf,4.0,medical,True,test
F9JOa0fXPI4,few,4.0,quantity,True,prototype
F9qYkNV06NE,fir,10.0,legal,True,prototype
F9v9eNr0daA_1,vendor,6.0,profession,True,prototype
F9xcw575Q-A,zoo,6.0,geography,True,prototype
FAOHczmX7Kc,rolls royce,5.0,organisation,True,prototype
FCHXqa0qVDo,mile,7.0,metric,True,test
FCMh8YKvD-8_1,like,7.0,comparator,True,prototype
FCNV_86edvI_1,alone,6.0,emotion,True,prototype
FD8LpV-MqEM,deadline,5.0,time,True,test
FDV5iLDQiFs_1,bolt,6.0,instrument,True,prototype
FDpm4DIIUqI,cut,3.0,action,True,prototype
FEGl-ICREeE_1,newspaper,7.0,readable,True,prototype
FEi50jcTxxI_1,stop,5.0,stage,True,prototype
FFAd29BYBxs,self,3.0,relation,True,prototype
FG0lFws-PWo_1,brown,8.0,attribute,True,test
FGFEkUDv0Xs,policy,5.0,legal,True,prototype
FHJGiOwpmJ8_1,surname,10.0,group,True,prototype
FHwjyQeLNuY,stop,5.0,stage,True,test
FIUecHseRiA,light fixture,7.0,electronic and electrical,True,prototype
FIYZhJAQ3Qo,passbook bank,5.0,banking,True,prototype
FIj5kYw23Og,sikkim,4.0,religious,True,prototype
FKzGaTqUqGY_1,prosecution,6.0,legal,True,prototype
FLG6F5h_LiY_1,tuesday,5.0,time,True,test
FMNrbQN6pX0_1,boxing,5.0,sport,True,prototype
FNM7gqdOCzQ_1,russia,7.0,geography,True,prototype
FNwSw0aI6yk,success,4.0,stage,True,prototype
FOXxYHFHzto_2,material,7.0,substance,True,prototype
FP83TXugYq4_1,shooting,7.0,action,True,test
FPuKLNX3uKI,star,5.0,astronomical,True,prototype
FQYd1BVpZ54,sit,3.0,action,True,test
FR_SoS24QTs_1,clever,7.0,behavior,True,test
FSKTNkpTx5Q_1,october,6.0,time,True,test
FTNGNvDqp-g,hair,4.0,biology,True,test
FWGaBkksG7c,submerged weeds,15.0,flora and fauna,True,prototype
FX4qWqaO0aE_2,bolling point,10.0,chemistry,True,prototype
FXDVdq4xfbw_1,nervous,7.0,emotion,True,test
FXkWue_0HsY_1,push,6.0,action,True,prototype
FYU1yAIBMKk,teach,4.0,action,True,test
FYxrZhkb5Zc_2,bread board,10.0,electronic and electrical,True,prototype
FZ5a1t1hKpw_1,ticket checker,8.0,profession,True,prototype
FZFeKGTeQ5k_1,owe,5.0,action,True,prototype
FZrTVPMOSTk_1,august,6.0,time,True,prototype
F_Bi2czPDcc,greedy,4.0,behavior,True,prototype
F_es2B9Sgo0,things,4.0,miscellaneous object,True,prototype
F_ssKRakSBs,goal,4.0,abstract,True,prototype
F_zWSg0n04A_2,uitraviolet ray,10.0,physics,True,prototype
FathKZe6_LI,key,5.0,utility item,True,test
FdxGN0ru6F8,india,4.0,geography,True,test
FeI5iTWw_6w_2,refraction,9.0,physics,True,prototype
Fep0HNXm84k_1,grandfather,11.0,relation,True,prototype
FfuRz0AuxMs,pay,3.0,banking,True,test
FgId5lNxRyM_1,magnet,7.0,physics,True,test
Fgkks8MEUi8_1,wool,9.0,utility item,True,prototype
FhgAT_pNTIE,meat,5.0,foods and drinks,True,prototype
FhsR37rUlRo_1,easter,8.0,religious,True,prototype
FiEj2MNIRAs_1,fill,5.0,action,True,prototype
Fjx9s0fJjEA_1,want,6.0,abstract,True,prototype
FkCaUqcqwpA,drug,3.0,substance,True,prototype
FkJ_uBF9n88_2,water pollution,8.0,geography,True,prototype
FlB4FQhBm5M,silver,4.0,metal and minerals,True,prototype
FlZ8Xekr-JA,work,3.0,action,True,prototype
FlaNoLJsw-s,remove,4.0,action,True,prototype
Fls8pLxuhZs,confirm,5.0,process,True,prototype
FmDMlXXPl9c_1,want,6.0,abstract,True,test
FmR82ugp5Ug_1,shimla,6.0,geography,True,prototype
FnSIbbCAQ3s,sculptor,11.0,profession,True,prototype
FnTehW6ik-Y_2,altitude,8.0,geography,True,prototype
FogwGS1HzIQ,fat test of milk,12.0,process,True,prototype
Fq1Pqke8_pE,floppy drive,13.0,computer,True,prototype
FqtbCwFHFrw_1,fraud,5.0,banking,True,prototype
FrcAMp9yi1k_1,urgent,7.0,time,True,prototype
Fty9TY6f37g_1,sweat,8.0,biology,True,prototype
Fu11XkNRBis,simultaneous,4.0,time,True,test
Fu6JYe2kAkg_1,pass,9.0,abstract,True,prototype
FuP3ROsNQoU,grommets,12.0,machine,True,prototype
FuoBm8C2wRg_2,interruption,8.0,action,True,prototype
Fw0sNnw7Jd8,bigamy,12.0,relation,True,prototype
FxpR_7U84nQ,ally,14.0,group,True,prototype
G-5rBFFWEIk_1,herself,6.0,language,True,prototype
G-MJMctXHkY,peter pan collar,9.0,wearable,True,prototype
G-xw6dwoiBc,balance,4.0,banking,True,test
G-zchviTHUI_1,cricket,5.0,sport,True,prototype
G0Ii_arG_iA_1,rule,5.0,authority,True,test
G1M2g_Bp2iM,roughages,15.0,foods and drinks,True,prototype
G1kA8fiQM3Q,cartoon,12.0,entertainment,True,test
G1v0EK67zuc_1,hot to feel,7.0,sensation,True,prototype
G2Lhs-1HRys,uncomfortable,5.0,behavior,True,prototype
G3noibPzJ1w_1,fish,6.0,foods and drinks,True,prototype
G4VFlxK9srU,kinds of germination,13.0,biology,True,prototype
G6aKn9zvQ8g,cheque drop box,8.0,banking,True,prototype
G7LqVtoayeo,brain,7.0,biology,True,test
G9ClKgFVe4U,mumbai,4.0,geography,True,prototype
G9MUHd-IjF4_1,election,8.0,event,True,test
GA00BzF9EpE_2,photographic plate,8.0,instrument,True,prototype
GAP_IrJE0F0_1,before,5.0,spatial position,True,test
GBvOlmOfz7s,photoperiodism,14.0,biology,True,prototype
GDbeg02GKjA_2,latitude,14.0,geography,True,prototype
GE77ptzmP6g,duffle,9.0,wearable,True,prototype
GES06kpvMl4_1,account current,8.0,banking,True,prototype
GFWW1CO5rf0_1,selfish,7.0,behavior,True,test
GGBp_AxOgjE_2,average,8.0,math,True,test
GGK97cywvBc,bag,4.0,utility item,True,prototype
GGV55DgjlHM,nokia mobile,6.0,electronic and electrical,True,prototype
GGbmYniJ_EM,principal,4.0,authority,True,test
GH5LgcALHiM,tooth,4.0,biology,True,prototype
GHDSqpqhyUo,budget,5.0,banking,True,prototype
GHEnNurHKWk_1,leave medical,9.0,profession,True,prototype
GHp2q1IoF6I,seventeen,4.0,math,True,prototype
GIoPLi8lba4,name,5.0,language,True,test
GK1Zc8T40Yo,pan,8.0,utility item,True,prototype
GKyaVPkBIvU,stapler,4.0,utility item,True,prototype
GLLwgmHVTGM_1,over,6.0,spatial position,True,prototype
GM5YzHlNbtQ_1,cloth,8.0,wearable,True,prototype
GMAuU7yQo1k_1,cucumber,7.0,foods and drinks,True,prototype
GN8ge3CZFWE_2,molecuiar motion,14.0,physics,True,prototype
GN8sm5YR2kg,subway,6.0,construction,True,prototype
GNOV9MdthUU_1,tomato,7.0,foods and drinks,True,prototype
GNULrNz8c64,scraping,6.0,action,True,prototype
GOwke9T4QOU,verb,4.0,language,True,prototype
GOxL9etVT9c_1,under developed,7.0,quality,True,prototype
GPDJy25-tN8_2,audio frequency,10.0,sound,True,prototype
GPntxbUpP8E,full frame,15.0,attribute,True,prototype
GQaw-x-oXM0,pencil,4.0,utility item,True,test
GRvD6_yvvdc_2,prism,9.0,instrument,True,prototype
GSMQDwI83aI,hair clip,4.0,utility item,True,prototype
GSeKuIBIGWs_1,concentrate,8.0,sensation,True,test
GTNV1gmJDSk,climb,5.0,action,True,prototype
GUA7UJE53Qc,concrete,6.0,construction,True,prototype
GWE16XtuLOE_2,wind,8.0,weather,True,test
GWPzuYBtXA4_1,unauthorised,8.0,legal,True,prototype
GWQ3h3xY7os,pressure cooker,4.0,utility item,True,prototype
GWXw1ra-nu0_1,leave extraordinary,8.0,profession,True,prototype
GWn73nB7NsA,reservation,5.0,group,True,test
GXhOBQRBsb4,instagram,3.0,internet,True,prototype
GXpfHLOLU_4,meghalaya,4.0,geography,True,test
GYVZ3VpzJRI,banana,4.0,foods and drinks,True,test
GZSpfYjY3lM,pause,5.0,time,True,prototype
GZTuJ6NMvbw,piano,8.0,instrument,True,prototype
GZagTSm_qhM,shade,7.0,utility item,True,prototype
GZq28EIBmQs,good,4.0,quality,True,test
GcR4QYxAdmY,enemy,3.0,relation,True,test
Gch0TZZQ_90_1,public,10.0,attribute,True,test
Ge1eIkRgtJk,gold,7.0,metal and minerals,True,test
GeVnlqGHpEA,surat,4.0,geography,True,test
GeeCVBhDSKs,own,4.0,relation,True,prototype
Gf-58Ft9qEA_1,butter,6.0,foods and drinks,True,test
Gf4_V9dRgZk_1,diabeletes,8.0,medical,True,prototype
Gfmu5xPqDlI_1,versus,8.0,comparator,True,prototype
GgsIWmqqgoU,janitor,6.0,profession,True,prototype
Gh-mMyOy1UY,on,4.0,spatial position,True,prototype
GhK-KsZ6mlo,bull,5.0,flora and fauna,True,prototype
GhYMzZZMMJw_1,hand,7.0,biology,True,prototype
GiOVSFEP2UQ,call,5.0,action,True,prototype
GjOTwnRW2RM,foolish,6.0,behavior,True,prototype
GjY2iudi9lM,association,4.0,organisation,True,prototype
GjqR1Zt5Yjw,pune,4.0,geography,True,prototype
GkpQNio4dSE,shy,3.0,behavior,True,test
GktQpaPsNAk_2,main scale,9.0,instrument,True,prototype
Gl6b4xJGc5k_1,friday,5.0,time,True,test
GleVWSS5dmo,pen drive,4.0,electronic and electrical,True,test
GlsK0Ejjyhg,blackboard duster,8.0,education,True,prototype
Gm2HCSz7Jqg_1,father,9.0,relation,True,prototype
GoDqsUZU5yk_1,woman,10.0,human,True,prototype
GoO-VsRxG18,losses due to exessive water,10.0,biology,True,prototype
GogzZTi_jfM_1,reform,12.0,action,True,prototype
Gpjn1Iun6CI,warm,7.0,weather,True,test
GppkFygxOyQ_1,dislike,6.0,comparator,True,prototype
GqCMtSaTMwQ_1,november,5.0,time,True,test
GrNwG3wnIsI_1,capital,7.0,legal,True,test
GsXkUJU2csA,methods of drainage,9.0,instrument,True,prototype
Gsl-Lhf3-PQ_1,year book,7.0,readable,True,prototype
Gt1EHmS3kN0,kerning,12.0,attribute,True,prototype
GtNAGLonyLA_2,nucleus,11.0,physics,True,prototype
GtaZHYq-u_M_1,dig,5.0,action,True,prototype
Gu2kSZvVPUs_1,mason,7.0,profession,True,test
Gv8Q72yX4Yk,environment,4.0,biology,True,test
GvXNaIt8FiA_1,idd,8.0,event,True,prototype
GvfT7dP2zhk_2,sunlight,10.0,physics,True,prototype
Gvg-342aMWE_1,finance,7.0,banking,True,prototype
Gw8cGxVbFZY_1,head,7.0,biology,True,prototype
GxT75TdGS5E_1,strong room,8.0,quality,True,prototype
GxrEeXKP7mQ_2,input,9.0,process,True,test
Gy0xJk_gGZ8_1,operation,6.0,medical,True,prototype
GyQ1wh7tiaU_1,bear,6.0,flora and fauna,True,test
GybjWmdp4jM,suzuki car,5.0,transport,True,prototype
GyhrF2L7s74,vocation,5.0,profession,True,prototype
GzUACVmJWyc,misunderstand,4.0,emotion,True,prototype
H-CvK4W6-SM,week,6.0,time,True,test
H-PnLVGWrto_1,shy,6.0,behavior,True,test
H-QyPKHdBpo_1,examination,7.0,education,True,prototype
H-ZAN_q1XtI_1,lose,5.0,sport,True,test
H0G_jCcuCWU,which,4.0,abstract,True,prototype
H0k_c6twr-Y_1,date,5.0,time,True,test
H1BtHoJ_5gs_1,reply,6.0,action,True,prototype
H1Zt1GDnh-8,startle,6.0,behavior,True,prototype
H2RHQ43Nly4_1,fat,6.0,attribute,True,prototype
H4L55c2xeMI_1,plough,6.0,instrument,True,prototype
H4pn0Iqrg8A,notify,5.0,action,True,test
H4ymr2I-3P4_1,level rate,11.0,banking,True,prototype
H5ta0C2Sz2I,baby,9.0,stage,True,test
H5vUC_UZZfQ_1,cancer,8.0,medical,True,prototype
H6hAtqg32n8_2,speed,7.0,physics,True,prototype
H6zu3PFDwnc_1,mumps,6.0,biology,True,prototype
H84q83Jmhhk,return,4.0,action,True,test
H90EE4ZyShY,arunachal pradesh,5.0,geography,True,test
H9nx2rpmH04,straight,3.0,spatial position,True,test
HB3JdzM5I8g_1,disolution,10.0,banking,True,prototype
HBz_sjo1RHM,decide,7.0,action,True,prototype
HCLav_Tthvk,tamil,4.0,language,True,prototype
HCpfu2Ud4GE,supreme court,12.0,construction,True,prototype
HDx7Jb5t5L0,swine farming,11.0,process,True,prototype
HE1mqIDP_Ik,punjab national bank,5.0,organisation,True,prototype
HE7cOw_O6cA,century,11.0,time,True,prototype
HG8PkQFk6po_1,cut,6.0,action,True,test
HIZYnYZpipc,split,4.0,action,True,prototype
HJLgJ0K4-pk,reduce,5.0,action,True,prototype
HJVvCxf2J4Y,west indies,4.0,geography,True,prototype
HK6mbwMGSew,insult,4.0,action,True,test
HKlXMGJXHZs,triangle,9.0,math,True,test
HLCUp2wfqLg_1,joumal,13.0,readable,True,prototype
HLHBZen5qdE,font weight,7.0,attribute,True,prototype
HLJXFFx-auI,stressed,4.0,behavior,True,prototype
HLLUUMdZkFk_1,sweep,7.0,action,True,test
HLngaK2mDAo,bosnia-herzegovina,4.0,geography,True,prototype
HMR5t5IGwCQ,epistaxis,10.0,medical,True,prototype
HMd3blEQ8g4,namibia,3.0,geography,True,prototype
HNF-z7j8p0A,repeat,4.0,action,True,prototype
HN_Fa-Ow650_1,sc,9.0,group,True,prototype
HPhGTpO7cvc_1,bowl,5.0,utility item,True,prototype
HRUodmwylRw_1,sunflower,7.0,flora and fauna,True,test
HSEV-Y2g3A8,come,3.0,process,True,prototype
HSL4JTtYSXk_2,size,8.0,quantity,True,prototype
HSVMcyMhWvI_2,heat engine,10.0,machine,True,prototype
HSxlr1h3TyM,pamphlet,6.0,utility item,True,prototype
HTLUdvrsUTU,to consumers,7.0,process,True,prototype
HT_22dYhzpI_1,shoe,7.0,wearable,True,prototype
HToUF5z-YGw_1,urdu,7.0,language,True,prototype
HTy7MUaROK8,january,6.0,time,True,test
HUax1aYesBo,nothing,4.0,abstract,True,prototype
HV7L78k5KeE,seventh,6.0,math,True,prototype
HWCGrOC9jmo_2,revolution,12.0,event,True,prototype
HWsnuUvNGuM_1,immediate,8.0,time,True,prototype
HYVbXUFLsno_1,milli litre,6.0,metric,True,prototype
HZDbJEL4RA4_1,parental,10.0,relation,True,prototype
HZJbA05pxEg_1,ooty,6.0,geography,True,prototype
HZKmJZ3VpIg,style,3.0,attribute,True,prototype
HZkFyzvt5LA,power hacksaw,10.0,instrument,True,prototype
HaYoTqtme1k_1,designing,6.0,action,True,prototype
HahAjlg8Uxc_2,destroy,8.0,action,True,test
HbU2GkRlLb0,ball pein hammer,15.0,utility item,True,prototype
HbZjNSy4OHE_1,waterfall,7.0,geography,True,prototype
Hbj74PbhIzc,hygiene,15.0,attribute,True,test
Hcp9WsOvexQ,jack plane,4.0,instrument,True,prototype
Hdt6acHjd3I_1,meet,6.0,group,True,test
HdtJulX0Koo_2,direct current,10.0,physics,True,prototype
Hdvjnsplcx8_1,knife,6.0,utility item,True,test
Hg3An9HPABQ,milter stripes,9.0,wearable,True,prototype
Hgv4G60B5Fc_2,development,9.0,action,True,prototype
Hh69480i03w,transgender,5.0,group,True,prototype
Hh7uTyKr5ck_1,office hours,8.0,time,True,prototype
Hi65fS8-pjc,html,15.0,internet,True,prototype
HiKegjOx1kw,friend,10.0,relation,True,test
His11C0YFps,picture,4.0,miscellaneous object,True,prototype
Hj28Cttz1Rs,recurring deposit,4.0,banking,True,prototype
Hj4QeQhtsdQ,tubelight,8.0,electronic and electrical,True,prototype
HjBMp6eChiY,allergy,7.0,medical,True,prototype
HjQ5ftX3H1c,theirs,4.0,relation,True,prototype
Hk0qqXk8-nU,wales,3.0,geography,True,prototype
HkPXGBLKhKM,mouth organ,5.0,biology,True,prototype
Hkv0JPEwiEE,explain,4.0,action,True,test
HlY4I1V3Wn8,railway hedges,15.0,transport,True,prototype
HnVaM3dWOO4_1,chandigarh,5.0,geography,True,prototype
HnmeVz4t4Xk,supervisor,6.0,action,True,prototype
HnmjmqSfmPs,make a long story short,11.0,process,True,test
HnydoJ4McR8,litre,5.0,metric,True,test
Ho8vUmQ7Y1s_1,receipt,6.0,banking,True,test
Homd_Xpbpac_1,initial,8.0,time,True,prototype
Hoyh1m0u62U,ball point needle,9.0,utility item,True,prototype
HpwU9tXDfpM,inheritance,13.0,relation,True,prototype
HqCWS-Gh9zY,shank button,13.0,wearable,True,prototype
HqEam06JRKo,aeroplane,4.0,transport,True,test
HqsZI1n6pGU,handkerchief,4.0,utility item,True,prototype
HrYfUg6i8DY_2,distance,8.0,metric,True,prototype
HsgYLaLxP5o_1,knit,7.0,process,True,prototype
Ht6fXw6roFc,four cricket,4.0,sport,True,prototype
HtG9j-D3n8c,varanasi,4.0,geography,True,prototype
HuPD22JS5QA,diet,6.0,foods and drinks,True,prototype
HufgJPpb1kQ,bus,4.0,transport,True,test
Hv3CUeYzFGk,one and a half hours,4.0,time,True,prototype
HvwdD5t8Llo_2,pressure,8.0,physics,True,prototype
HwgChfSHtlI,a lot,4.0,quantity,True,prototype
HyYH_y65nQs_1,not negotiable,8.0,attribute,True,prototype
HymdtSakcww,label,4.0,action,True,prototype
HyqvSSccYGM,things,7.0,miscellaneous object,True,test
Hz77BEDzZ-E_1,cutout,7.0,sound,True,prototype
I1i5r5rd7vI_1,camera,7.0,electronic and electrical,True,prototype
I1pC7URd7qM_1,tease,6.0,behavior,True,prototype
I2q6piLBbPo_1,priority,7.0,attribute,True,prototype
I2xOiEMrgM0_2,chemical energy,8.0,chemistry,True,prototype
I3_S8sTuQT0,deputy director,5.0,authority,True,prototype
I3haAOluERo,wait,5.0,action,True,test
I4ZsuU5C6aw,right now,4.0,time,True,prototype
I4pibKfr0jU,buffalo,5.0,flora and fauna,True,prototype
I5A2blkb1T8_1,cycle,6.0,transport,True,prototype
I5GA0QFoDos_1,copy,7.0,action,True,prototype
I5IcpZp0BfE,mean,4.0,behavior,True,test
I5Nw8MVpZt8,mirror,5.0,physics,True,prototype
I6kZM0sKraQ,score,7.0,metric,True,prototype
I77KHj-yyWQ,debit card,4.0,banking,True,prototype
I8TH3Ef1yls_1,allah,6.0,religious,True,prototype
I9OiCuVT6TQ,bus,4.0,transport,True,test
IA-RnnxesfI,button hole,8.0,wearable,True,prototype
IATnhKazi7g,technology,4.0,abstract,True,prototype
IAd2idq-iPI_1,coin,6.0,banking,True,test
IAqSm0HcDDI_2,electron,12.0,physics,True,prototype
IB4I1T_sQxo,ifsc,5.0,readable,True,prototype
IBYqJ-C2FsA,nurse,5.0,profession,True,test
ICWffEGAP5Q,drug overdose,8.0,stage,True,prototype
ICiBChM7NL0_1,sweet,6.0,attribute,True,test
IER9rPq_O8o_1,source,7.0,stage,True,prototype
IE_CEe3ZkCI_1,tonic,8.0,substance,True,test
IGNLe81lZ-M,seamline pocket,10.0,wearable,True,prototype
IGR8WsvfoXs,tap,5.0,utility item,True,test
IGogDBcwAnU_1,clever,8.0,behavior,True,test
IGsDuTIs2ZU,quickly,4.0,time,True,prototype
IGuFuS-aMpo,sharp,6.0,attribute,True,prototype
IH3kcXKQgt4,barricade,5.0,miscellaneous object,True,prototype
IIeXWQPIlqA_2,spectrometer,12.0,instrument,True,prototype
IIkkBf5KDmg,fast track court,14.0,legal,True,prototype
IItJ7hdAf_g,company secretary,6.0,profession,True,prototype
IL9zmsdJg5g,cervical cancer,10.0,medical,True,prototype
ILXJO86NsG8,reliance mobile,6.0,electronic and electrical,True,prototype
ILinyrxnsEs,sixty,5.0,quantity,True,prototype
ILv9XMPLqoo,very wealthy person,5.0,human,True,prototype
IMZb4D-ulNs,percentage,5.0,math,True,test
IMlXe5o44pc_1,address,8.0,geography,True,prototype
IMzhNeb2ziQ_1,juice,6.0,foods and drinks,True,prototype
INYvz3YRvT4,wedding reception,13.0,event,True,prototype
INdSYgk8Ed0_1,island,9.0,geography,True,test
IO-b4Lt249Y,suspect,5.0,legal,True,prototype
IO0nQfhpxh8,education,5.0,education,True,prototype
IOS2_Xy4yg0,friday,5.0,time,True,test
IOUl-SHyP4Y_1,testify,9.0,action,True,test
IOaZtwg1czk_1,interest,12.0,banking,True,test
IOcKAmXpVUA,gionee,6.0,organisation,True,prototype
IOp7Ml6b4sk,right,3.0,spatial position,True,prototype
IOz0Yx8IpHU_1,across,6.0,spatial position,True,prototype
IP9M9Q_sJlU_1,six monthly,8.0,time,True,prototype
IPRNWTt4NDY_1,objection,6.0,action,True,prototype
IPUJ9bHGQgM,waterfall,5.0,geography,True,test
IQS9ORLYumE_1,additional,8.0,quantity,True,prototype
IQdo3niLRus_1,bug,6.0,flora and fauna,True,prototype
IRT4-x0KYrI_1,tree,6.0,flora and fauna,True,test
IRUYQfpLjhY,tornado,5.0,weather,True,prototype
IRmlHHtW_Q0_1,thank you,6.0,gesture,True,test
IRpEcHFlSk0_1,stay,7.0,action,True,prototype
ITV9-ymtK_M_1,exchange,5.0,action,True,prototype
ITnvvRnzDsI_1,self,7.0,relation,True,test
ITtZaBbXqyE_1,farm,7.0,construction,True,prototype
IUj1aN_hzQ8_1,birthday,7.0,event,True,prototype
IUxURsL66jY,huge,4.0,math,True,prototype
IVY4EYIVHMI,food,4.0,foods and drinks,True,prototype
IWBVW-QyFEw,fox,6.0,flora and fauna,True,prototype
IWCiPFCUzI0,janmashtami,5.0,event,True,prototype
IWWZql-w610,leave,7.0,profession,True,prototype
IWxnrliK3Mk_1,bath,6.0,action,True,prototype
IYf_zhHRbWw_1,eat,7.0,action,True,test
IZ5P9dAvZ5A_1,default,12.0,stage,True,prototype
I_TQyqgYvoA,area,4.0,geography,True,test
Ic7hCwzP2PI_1,irregular,10.0,attribute,True,prototype
IctKxBrrjJI,interpreter,4.0,profession,True,prototype
IdF3Z-HI8QY_1,on,5.0,spatial position,True,test
IdTIbvWgePA,muharram,5.0,event,True,prototype
Idb2wQQ85ho,brahma,5.0,religious,True,prototype
Idc4ADhTayI,leaf,4.0,flora and fauna,True,prototype
Idq3nOcunPw,deepika padukone,4.0,human,True,prototype
IdrYzD-b0MU_1,march,7.0,time,True,prototype
IeGTCdw-lFQ_1,account commission,9.0,banking,True,prototype
IfL2BoxCI_U_1,remember,7.0,action,True,test
IghFboP-goM,slovakia,4.0,geography,True,prototype
IgilYoGrZlg,repair,4.0,action,True,test
IhUPDOGqMaw,true,4.0,abstract,True,test
IhaMUrrY6yw_2,physics,14.0,physics,True,prototype
IhoXleQ5yy8_1,point,8.0,math,True,prototype
Ii2bgYmdoQo,vegetable preservation,15.0,process,True,prototype
IiAx8ef2Rwo,hidden file,6.0,utility item,True,prototype
IihwJw1jkfA_1,allotment,11.0,banking,True,prototype
IijA65GKXKc,surgeon,5.0,profession,True,prototype
IioAwnwu91s,mali,3.0,geography,True,prototype
Iiz4Zy_pAGA_2,voltmeter,10.0,instrument,True,prototype
IjJkyhtkX58,numpad,12.0,computer,True,prototype
Iji2l3tYxHc,today,3.0,time,True,test
IjyH501MJjY_1,agra,5.0,geography,True,test
IkEVVymlfjk,non access,14.0,abstract,True,prototype
Ika-iBJ4-Ns,wash,4.0,action,True,test
IkmV2lTGHL8_1,under review,6.0,process,True,prototype
Il9Z5pMnfDo,cheque,5.0,banking,True,test
IlFz5jLv0HA,christian,6.0,religious,True,test
IlO3fdD1Ytk,shoulder,4.0,biology,True,test
IljBrnpRkLI,over,5.0,spatial position,True,test
IommKlI9JqQ_1,feel,6.0,sensation,True,prototype
IphLasWnRHk_1,bank,5.0,banking,True,prototype
Iplh792WyLM,flower for beautification,8.0,flora and fauna,True,prototype
Ipvw2kyzr_w_1,final accounts,10.0,banking,True,prototype
IqAQQves3xE,essel world,5.0,entertainment,True,prototype
IqVx7zjG9s0_1,hill,9.0,geography,True,prototype
Iqjt_znBgeE,gas stove,4.0,instrument,True,test
Ir-Qe2kkROw,wifi,4.0,internet,True,test
IsvFw88fne8,shillong,4.0,geography,True,prototype
ItV99Fhz1X8_1,merger,8.0,organisation,True,prototype
ItvaPW9FnxE,algeria,4.0,geography,True,prototype
Iu0WhShkyw0,pause,6.0,time,True,test
Iu1aKegaeek,funeral,9.0,event,True,prototype
IuIV6N8k4Ik_1,thursday,6.0,time,True,test
Iub1Yb-tOAI,video,3.0,computer,True,prototype
IvHyCTGWTOc,biased,8.0,attribute,True,prototype
IvWnYjnrMZg_1,himachal pradesh,7.0,geography,True,prototype
IwjaiMCqRSk,cinema,4.0,entertainment,True,prototype
IxDZyvc3cRM,president,4.0,authority,True,prototype
IylKyQ_81Zo,licence,15.0,legal,True,prototype
Iz9sVAKjbMU_1,iron,7.0,metal and minerals,True,test
IzIT4zP2sTU,parameter,8.0,computer,True,prototype
J06ynDbTJDY,mtnl,5.0,organisation,True,prototype
J0D4SC4WJQQ_1,institute,7.0,organisation,True,prototype
J0Jx4BIuGn0,television,4.0,electronic and electrical,True,prototype
J0OaU0o7cL8,pond on the basis of situation,14.0,geography,True,prototype
J0vgYiSZ0Zk_1,profit,7.0,banking,True,test
J36iHjTW6Jo,reward,4.0,miscellaneous object,True,test
J3BJa0TWc8U_1,incompetence,7.0,attribute,True,prototype
J4G3ltp807A,notify,5.0,action,True,test
J6YkOCzKPpA_1,coconut,7.0,foods and drinks,True,test
J79s05Z0NZ8,whatever,3.0,abstract,True,prototype
J7Bq-xjpcvs_1,leader,7.0,authority,True,prototype
J81k9pkL1tg,tvs bike,5.0,transport,True,prototype
J84aAikfD88,sweater,4.0,wearable,True,test
J9ZYf-S-gNI,wall garden,15.0,construction,True,prototype
J9rhbSDTm4w_1,black,8.0,quality,True,prototype
JAoQ3a0DIXQ,spanner,9.0,instrument,True,prototype
JAvrviPNIOI_1,illiterate,7.0,education,True,prototype
JBO4vOeqQxs_1,parent,10.0,relation,True,prototype
JC80hJOObmg,mango,4.0,foods and drinks,True,prototype
JD1NFsUtYrg_1,pan,8.0,utility item,True,test
JDFAUSbxIhk_2,compare,8.0,process,True,prototype
JDvfWq3CAAU_1,kangaroo,6.0,flora and fauna,True,prototype
JE_6hkeERgY,donkey,5.0,flora and fauna,True,prototype
JFVB97UDh6o,category,4.0,abstract,True,prototype
JFrHbTIRXp0_1,hard,7.0,quality,True,test
JG9WnZMN5ZA_1,account suit filed,12.0,banking,True,prototype
JGDj06htv-A_1,few,5.0,quantity,True,test
JGiAZZ8byeU_1,forget,7.0,action,True,test
JGmPOUUxRzE,stairs,4.0,construction,True,prototype
JHK7flaSzzM,applause,4.0,action,True,prototype
JHh44ooGaY4,school bag,4.0,utility item,True,prototype
JHyzbf0wbL0,youtube,5.0,internet,True,prototype
JIm7aysFevs_1,order,7.0,action,True,prototype
JJ2y6sfvlUA_1,tongs,7.0,instrument,True,test
JJ4iKa2vdoM_1,floor,8.0,construction,True,test
JJamPbb5o_A,same,4.0,comparator,True,test
JKKejwob7W8_1,eye,6.0,biology,True,prototype
JLwyU0Pd35Y,tolerate,5.0,behavior,True,prototype
JMafDHZmr8s_1,recruitment,6.0,action,True,prototype
JN0xDQF2NWs,tunic,10.0,wearable,True,prototype
JO6xA9yQgUA,track ball,13.0,action,True,prototype
JPGOxP4NRRw_1,stitch,7.0,process,True,prototype
JPvEO-Q1N08,personal,4.0,relation,True,prototype
JQ0W7D0nvlY,starve,7.0,action,True,prototype
JRE6SRmb_yI_2,clockwise,11.0,spatial position,True,prototype
JSEGoqKaQM0,job,5.0,profession,True,prototype
JSf7HjXTT78_1,yellow,10.0,attribute,True,test
JSgfX7o3cCI_1,cow,7.0,flora and fauna,True,test
JTfbRXxg4mU_1,false,7.0,abstract,True,test
JUMBB2W1Q94,glue,4.0,substance,True,prototype
JVplYs4HTtE,piping,12.0,wearable,True,prototype
JW9yPJ2REK0_1,difficult,5.0,attribute,True,prototype
JWG3G2AfAO4_1,cement,6.0,construction,True,prototype
JWbMe5M36V8,aquatic plants of various colour,13.0,flora and fauna,True,prototype
JWsKWK1W9q4_1,regret,7.0,emotion,True,prototype
JXkN1Nb0WmI_1,gloves,6.0,wearable,True,test
JXtbhw70wpY_1,credit,10.0,banking,True,prototype
JYvB-eiJP-I,catch,4.0,action,True,prototype
JZLbNmS3Lu4_1,duck,7.0,flora and fauna,True,test
JZRAOigBYnM,personality,12.0,attribute,True,prototype
JZtlpCJqR-M_1,delegate,10.0,authority,True,prototype
J_iH6uAoAJM,orissa,4.0,geography,True,prototype
JabTaO_zQ-M_2,key,7.0,utility item,True,test
Jarh1WMa868_1,happy,7.0,emotion,True,prototype
Jaw_nTMEwzY_1,gossip,6.0,action,True,prototype
JbG_KfmEYm4_1,script,9.0,readable,True,prototype
JckFhrO4KD0_1,ramzan,9.0,event,True,prototype
Jd-pxhXGefA_1,stop gap,6.0,quantity,True,prototype
Jd3to2MXy6s,medal,5.0,utility item,True,prototype
Je-ZDJTfVsw_1,promise,7.0,action,True,prototype
JeJLv2tM3nY_1,breakfast,6.0,foods and drinks,True,prototype
Jedn1-9fyXw,bridegroom,9.0,human,True,prototype
Jh4PPOr7tjo,annual plants,14.0,flora and fauna,True,prototype
JiPwL-4i6Uo_1,establishment,9.0,organisation,True,prototype
JjDVZDpPjbc,store,4.0,action,True,prototype
JjQDPdI82Tw_1,twins,9.0,biology,True,test
Jm23ZwhmPlQ,clumsy,12.0,behavior,True,prototype
Jm2j6rZhGXo,delicious,5.0,attribute,True,prototype
Jm8OXSwWnCY,audi,6.0,organisation,True,prototype
JmBmx8jNivk,classification of vegetables,9.0,action,True,prototype
JmPgvxIFzGE,oriental bank of commerce,6.0,organisation,True,prototype
JmsjCb19HB4_1,coffee,6.0,foods and drinks,True,prototype
Jn9jwPcSKag,plate,5.0,utility item,True,test
JqBJjFOxuLk,dithering,12.0,sound,True,prototype
JqPK7r2pB_8_2,south,7.0,spatial position,True,prototype
JqUNaUjxigE,job,6.0,profession,True,test
JqZFdQuy3QU,false flooring,9.0,construction,True,prototype
JqwXMlzSPoM,poultry feeds,13.0,flora and fauna,True,prototype
JsdNgRcC4wU_1,bring,6.0,action,True,prototype
JtWmt2W6g-4_1,immovable property,8.0,legal,True,prototype
Jtk0QePDuds_1,sofa,7.0,utility item,True,prototype
JtykP_hFReg,message,4.0,readable,True,prototype
JumxHKPgPsw,shark,6.0,flora and fauna,True,prototype
JvZwKXBG8sQ_1,predecessor,10.0,stage,True,prototype
JwE82vJ5lF4,sweet lime,4.0,foods and drinks,True,prototype
JwvgzR8JBQw,leaf,4.0,flora and fauna,True,test
JxEGnvLxNu4_2,contraction,9.0,physics,True,prototype
JxiY9s8T8eg,drainage,15.0,miscellaneous object,True,prototype
JyAbrgrmXFQ,drip irrigation,14.0,process,True,prototype
JybAScc2Ppo_1,speech therapist,7.0,profession,True,prototype
JzyZDgP62tM_1,refrigerater,7.0,utility item,True,prototype
K-cAmlbGqqE_1,direct appointment,8.0,authority,True,prototype
K0EyqFbG2N0_1,charge sheet,11.0,banking,True,prototype
K0VsSQMEtMU,west bengal,4.0,geography,True,prototype
K1N6oh0nYvo_1,faith,6.0,abstract,True,prototype
K3pj5alsYHc,valley,5.0,geography,True,test
K4bb2bBt1uY,same,4.0,comparator,True,test
K5K6_yItMbc,hill garden,12.0,geography,True,prototype
K5qR4GaiYqc,form,7.0,readable,True,test
K5xvRicYsgQ,agricultural robot,15.0,electronic and electrical,True,prototype
K6ef6wLNV6A_2,negative error,9.0,math,True,prototype
K8Se1Eiyqq8_2,vaccum,11.0,physics,True,prototype
K9BFoOaBA18_1,body,6.0,biology,True,test
KAkggm-5ApA_2,merchant,9.0,profession,True,prototype
KAsaLUHY0y4,former,5.0,comparator,True,prototype
KAyF64u5G0w,english,4.0,language,True,test
KB2cTekqy38,flower for controlling soil erosion,11.0,flora and fauna,True,prototype
KBfrB3Kx5Kw_1,always,6.0,time,True,prototype
KCFYiQAly-Q_1,fare,9.0,banking,True,prototype
KDUJ4CR6_dE,panaji,4.0,geography,True,test
KD_mAE7nypI,manager,6.0,profession,True,prototype
KEa28LtX2W4_1,mixer,7.0,machine,True,test
KEcsIGtSp88_1,chennai,6.0,geography,True,test
KEhIkzsFVhk_2,eletronegative force,10.0,physics,True,prototype
KF_6TkQc5Ag_2,beaker,8.0,chemistry,True,prototype
KG_OHYYtnoQ_1,red,10.0,abstract,True,test
KGd-YJ5cDTM,paper,5.0,utility item,True,prototype
KHbIUov_fKY,noun,6.0,language,True,test
KIoc3qEV7No_1,outstanding,10.0,quality,True,prototype
KJl7MI-S9ag_1,verification,8.0,legal,True,prototype
KKOqbdFgAgo,nutrition,13.0,medical,True,prototype
KKPPaj3WuIM_1,sitar,7.0,instrument,True,prototype
KKXbxgBsRoQ_1,mistake,6.0,abstract,True,prototype
KKfE1JlLal8_1,basketball,6.0,sport,True,prototype
KLWmJJC8WvA,millionaire,6.0,behavior,True,prototype
KLpXMM5NiYQ,triangle,4.0,math,True,test
KMAl51jbqD8_1,nose stud,5.0,wearable,True,prototype
KMB0F5vWexE_1,during,6.0,time,True,test
KN6wMRGjxGk,government,4.0,authority,True,prototype
KNYxG5Owm6Y_1,unclaimed,9.0,banking,True,prototype
KNZbdGWxDfw,outside,3.0,spatial position,True,prototype
KNepaNAPVHM,apiculture bee keeping,15.0,profession,True,prototype
KNshT57aEW8_1,spill,5.0,action,True,prototype
KO4tS6VabH0_1,lazy,8.0,attribute,True,prototype
KOn9NUTFkp8_1,glass,7.0,substance,True,prototype
KP83EtWUOqQ_2,minimum,8.0,comparator,True,test
KPIxtz5y-AQ,paytm,4.0,banking,True,test
KRiQ8XKAhxY_1,bone,8.0,medical,True,prototype
KRnfvBZ_V14,doubt,4.0,attribute,True,prototype
KT6xge7oPak_2,distribution,11.0,action,True,prototype
KTCV2tyighk_1,toast,5.0,action,True,prototype
KTNP8wR6a_I,sharpening stone,11.0,instrument,True,prototype
KU3jXLCl5ng,snow,6.0,weather,True,prototype
KVIEAqtUyxE_1,soldier,7.0,profession,True,test
KVe4agrfeOA_1,fingers,9.0,human,True,test
KVhmMplAyTE_1,ghost,6.0,religious,True,prototype
KVnMqcijBkQ_1,pretend,7.0,action,True,prototype
KVxHxFu6C1U,relay race,4.0,event,True,test
KXNl6DtK84A,jamun,5.0,foods and drinks,True,prototype
KXnSguJGdN8,sorry,4.0,greeting,True,test
KXzzVhXY0F4_1,light,6.0,physics,True,test
KYU0N1_c7so_1,cremate,12.0,action,True,test
KYWyFwglnCE,mouthwash,5.0,substance,True,prototype
KYknqu3Sq8o,bump cutter,10.0,construction,True,prototype
KYqKLRfxPQs_1,sunrise,8.0,event,True,prototype
KZkI_RcaNjI_1,rajasthan,7.0,geography,True,prototype
K_d8eu4SgG0_1,explain,6.0,action,True,test
K_lfla-AAV4,compass surveying,13.0,process,True,prototype
KbF95Py-dZI,crawler loader,6.0,machine,True,prototype
Kb_ozOWxAfQ_1,my,7.0,language,True,test
KbmqszvRUmQ,policy,5.0,legal,True,test
KcJguZ4bFWU_1,what time,6.0,abstract,True,prototype
KcNbuobK5GI,skating,5.0,sport,True,prototype
KcxcXM11Lmo,mushroom,4.0,foods and drinks,True,prototype
KeXpYtzYCGo_2,random,8.0,abstract,True,prototype
KfY5FcxSBFk_2,globe,9.0,geography,True,prototype
KfqRU_5sing,guinea,4.0,geography,True,prototype
Kh30NOSJmBc,fornication,15.0,action,True,prototype
KhHs-1AePDw,bless,5.0,action,True,prototype
KicAz88jtLU_1,tariff,7.0,legal,True,prototype
KicV8fyFj2U_2,voit,8.0,metric,True,prototype
KjuOnxtgNrs_1,touch,6.0,sensation,True,test
KkLXMOjfW1M_1,bihar,6.0,geography,True,prototype
KlLTWfYX95g,milling cutter convex,6.0,instrument,True,prototype
Km1_9ZLW-w0,query,4.0,abstract,True,prototype
Km4I-9zMWD4,soil survey,12.0,geography,True,prototype
KmAO72itjok_1,crow,8.0,flora and fauna,True,prototype
KnE_y9wziOc,cherry,4.0,foods and drinks,True,prototype
Ko2hEXvMWB4_1,jaundice,8.0,biology,True,prototype
KoMeOserJ2M,burn,5.0,sensation,True,prototype
KoixXkIyiUM_2,bulb,8.0,utility item,True,prototype
KotGJithHPs,asphyxia,13.0,medical,True,prototype
KqdHyxm3XDA,amazon,5.0,organisation,True,test
Ks0qQY_4_zo_1,vigilance,7.0,behavior,True,prototype
KsNrhfiqWHc,weave,4.0,process,True,prototype
KsbMoTA5Rvk,comfortable,5.0,sensation,True,prototype
Ksqo7pUZGnM_1,trust,6.0,emotion,True,prototype
Kt4-ijSTM58,chart,5.0,readable,True,prototype
KtYQWbd8c2c,weak,3.0,quality,True,test
KtjbWweEkKE,paragraph,11.0,language,True,test
Ku52vuQCoak_2,echo,11.0,action,True,prototype
KuG1qosmz1w,on cloud nine,15.0,emotion,True,prototype
KuwgdEpM9Bw_1,electrician,7.0,profession,True,prototype
Kx46yWsDfrU,build,7.0,action,True,prototype
Kxj8mG2kNCc,mother,3.0,relation,True,test
Ky8LfzgWGDU,very hot,4.0,weather,True,prototype
KzcNcvmdfUc_1,classification,11.0,action,True,prototype
L-u8WLA5E18_1,decide,7.0,action,True,test
L0C9pyt3Iv0_1,chickoo,7.0,foods and drinks,True,prototype
L0J8OikrRXQ_1,competition,8.0,event,True,prototype
L0dm0QB0XNc_1,receive,6.0,action,True,prototype
L1n0OnAH5YU,samsung mobile,5.0,electronic and electrical,True,prototype
L2Kvwf8SEvE,transparent,4.0,attribute,True,prototype
L2skBcrtvU4_1,sikh,6.0,religious,True,prototype
L37McuHckSI,good morning,4.0,greeting,True,prototype
L3YJkEmPbaY_1,sparrow,8.0,flora and fauna,True,prototype
L3zllm-N0pA_1,amount,8.0,banking,True,test
L42e09-GlGE_1,australia,7.0,geography,True,test
L4iyGvSJbBU,arm hole,12.0,wearable,True,prototype
L4q4_7OOznw,goa,4.0,geography,True,prototype
L5LPezmVNTY,honey,5.0,foods and drinks,True,prototype
L5N6iSUREkg_1,point,8.0,math,True,test
L6opOP8-MB4_1,account,10.0,banking,True,prototype
L77Jvnk92gI,reception,14.0,behavior,True,prototype
L8RxN_IwuxU,marigold,5.0,flora and fauna,True,prototype
L8btjcJoJMQ_1,time limit,12.0,time,True,prototype
L9tJKkCTWfs_1,another,6.0,group,True,prototype
L9zst1EDfWQ,report,3.0,metric,True,prototype
LAMyZKIAF9c,millilitre,6.0,metric,True,prototype
LAT-u9Ww5ZU,yes,4.0,comparator,True,prototype
LAxFz0h8jVA,asia,5.0,geography,True,prototype
LBDJe5RV0Is_2,society marketing,10.0,commerce,True,prototype
LBHkQz5_AX8_1,top management,11.0,comparator,True,prototype
LBjLmVz_ae0_1,telephone,7.0,electronic and electrical,True,test
LCM-nxFhJA8,actuary,4.0,profession,True,prototype
LCT8D8alG48_1,credit voucher,12.0,banking,True,prototype
LEU5wPrJOEE_2,virtual image,9.0,physics,True,prototype
LEkQofDsLww_1,lend,6.0,banking,True,prototype
LEqwMyWAVG0_1,computerisation,8.0,computer,True,prototype
LFAMKxEzB_g,hot air balloon,5.0,transport,True,prototype
LFFS1Hdq7cA_1,lunch,6.0,foods and drinks,True,test
LFzg2ex5OPs_2,perfect,9.0,attribute,True,prototype
LG9lvVHK-xA,target,4.0,abstract,True,prototype
LGWGD0eoxFg,chickenpox,4.0,medical,True,prototype
LH_-eRo-vYw,points,4.0,math,True,prototype
LIZdSKzcc7c_2,electromagnet,8.0,physics,True,prototype
LJDiOMjjmgQ_1,inefficient,8.0,quality,True,prototype
LJErvGH5rVU_1,bug,6.0,flora and fauna,True,test
LJZaMf1NGs0,snake,4.0,flora and fauna,True,test
LKNKVzQj9S4_1,rubber,7.0,utility item,True,test
LLRVhSkiGkc,judge,8.0,authority,True,test
LLZBIVJyAW8_1,open dated,9.0,time,True,prototype
LMiCwHGzWWY,multi storey building,7.0,construction,True,prototype
LNGTLVpK9pY,family court,15.0,legal,True,prototype
LNVUK4DX5GA,wave,7.0,physics,True,prototype
LNeQmfpFxKw,lauki,5.0,foods and drinks,True,prototype
LOHFGeu_YVo_1,quote,6.0,abstract,True,prototype
LOJcAGPKq50,thirty,5.0,math,True,prototype
LPASkvwrEhg_1,emoluments,9.0,banking,True,prototype
LRAKP8hKHTs_1,snow,9.0,weather,True,test
LRgu4y1wgyM_1,sculpture,6.0,miscellaneous object,True,prototype
LSrto7ULuac,trust,4.0,emotion,True,test
LSysLOgMsG8_1,search,8.0,action,True,test
LUZ-fo_p2eM,kiss,5.0,action,True,prototype
LUwTvq8IlG8_1,wrong,6.0,comparator,True,prototype
LVelMSPoeIk_2,stepup transformer,12.0,physics,True,prototype
LVoWdSuY_DA,broom,5.0,utility item,True,prototype
LVqnqzIAFGg,jammu & kashmir,5.0,geography,True,prototype
LVx3EA_f0yo_1,shave,7.0,action,True,prototype
LWiXmjFqjIU_1,bread,6.0,foods and drinks,True,prototype
LY35ZmX5ZKA_1,nest,7.0,flora and fauna,True,prototype
LY6maLw5JZg,bajaj bike,5.0,transport,True,prototype
LYQL5Is2IP0,without,5.0,abstract,True,test
LYRpKbuXtw8,drug,4.0,substance,True,test
LYaC4yU2_AE,online shopping,4.0,internet,True,prototype
LYfzb9LaUHw_2,earth,8.0,geography,True,test
LYrq1Zc046M_2,tuning fork,9.0,physics,True,prototype
LZNIKt_FVwI_1,earn,6.0,profession,True,test
LZXA3I9E1gM,tool,5.0,instrument,True,prototype
LZheGIIbAGs_2,final,7.0,stage,True,prototype
LZreqlssnWQ_1,love,7.0,emotion,True,prototype
LashuTkELEo_2,alternate current,8.0,physics,True,test
LbxSV8unB9M_1,afternoon,6.0,time,True,prototype
LcIgsxb9F1Y_1,birth,9.0,stage,True,test
Ld5T9glcT2k_1,things,6.0,miscellaneous object,True,test
Ld9qDys95es,jellyfish,5.0,flora and fauna,True,prototype
LdB-xdR0WlM_2,cold,7.0,sensation,True,test
LdEwOck6U_w_2,thermal,8.0,wearable,True,prototype
LdYbstdYCR8,bmw,5.0,organisation,True,prototype
LdhMy2tqQB4_2,in lieu of,8.0,comparator,True,prototype
LeIkWWTH__A_1,quotation,8.0,abstract,True,prototype
LeRzzzBBsmU,graft,5.0,biology,True,prototype
LfNnApnUb0k,yamaha bike,4.0,transport,True,prototype
LfYldiPt7Uw_1,holy,8.0,religious,True,prototype
LfeTLkxBG30,skirt,3.0,wearable,True,test
LfpizDfWhns_1,query,7.0,abstract,True,test
Lh8YfU2MNWc_1,experience,5.0,abstract,True,prototype
LiMHHFhjutc,son,3.0,relation,True,prototype
LipF082b75I,pinking shears,9.0,instrument,True,prototype
Lj9L7fUElLE,match,4.0,event,True,prototype
LjoBu4KD33Y,complain,4.0,process,True,test
LjwZPYHjqds,tripura,5.0,geography,True,test
LjxomDXWlSU_1,hindu undivided family,11.0,group,True,prototype
LkAdSi8XMnA_1,map,8.0,geography,True,prototype
Lkztp3ZDShA,view,4.0,action,True,test
Ll1sRFunlD8,anti corruption law,5.0,legal,True,prototype
LlpSiou4X7w,elephant,4.0,flora and fauna,True,prototype
LmFIEd0Ejq8,process,4.0,event,True,test
Lngoh_uQHzw_1,month,5.0,time,True,test
LoDs7v25rTw,civil engineering,4.0,education,True,prototype
LpK4vi7gyoU,dubai,5.0,geography,True,prototype
Lq13Nl5Ps58,abacus,7.0,instrument,True,prototype
LqLnP37No_Y,switch,4.0,electronic and electrical,True,test
Lr1RBzRU5IY,prevent,12.0,action,True,prototype
LtKLGzkfK7k,semi aniline skin,10.0,miscellaneous object,True,prototype
Lu0AwKQ33Sw,concrete,6.0,construction,True,test
Lu_R01JQky8_1,apple,7.0,flora and fauna,True,prototype
Lv_-f-V3ylE,slap,4.0,action,True,test
LwD7BG_zdXM,reporter,7.0,profession,True,test
LyZNz7OHiBc,clear,4.0,attribute,True,prototype
Lypi1wvlQ5s_1,socks,6.0,wearable,True,test
LzD3My7FOzI,professional,5.0,attribute,True,prototype
M-0j7OCBolw_1,brass,9.0,metal and minerals,True,prototype
M-aaJfrtvaA,weapon,8.0,utility item,True,prototype
M-sKe4o73uE,i don't know,4.0,action,True,prototype
M0bcUWG8vrg,hyderabad,6.0,geography,True,prototype
M1qOXnG0A6s,lower court,15.0,legal,True,prototype
M24VjuHEfgo,wait,4.0,action,True,test
M4-wk97gffk_1,debt,9.0,banking,True,prototype
M5ML0oF4VzU,can,6.0,utility item,True,test
M5d-xq3xJi4,manner,5.0,emotion,True,test
M7-RJmu46Fs_1,fumiture,11.0,utility item,True,prototype
M7fd9b-5J64_1,blind,6.0,medical,True,prototype
M84ritBmcTE,egypt,4.0,geography,True,test
M9A3PKPxbdY_1,door,8.0,construction,True,test
M9dzu-DC9Yg,judaism,5.0,religious,True,prototype
MAZVS8doD6E,learn,6.0,action,True,test
MB7HhOsEvxk,expiry,6.0,banking,True,prototype
MBJe-opDrVg,banker,7.0,banking,True,prototype
MBQiG5ZQFQM_1,angle,10.0,math,True,prototype
MBpTWWSc1JE_1,science,6.0,education,True,test
MDshuUzuAQQ_1,drown,6.0,action,True,prototype
ME7pnv4k_l0_1,good,7.0,quality,True,test
MF1FXsA8yXw,hot,5.0,sensation,True,test
MFNsb1cUbDc,automatic,4.0,abstract,True,prototype
MFWHZG1Xnr4,livelihood,4.0,abstract,True,test
MGPdiPWgglk_1,lgnore,5.0,action,True,prototype
MGrjrGgjADY,rich,4.0,attribute,True,prototype
MH1cXARmtE0,sequential,6.0,attribute,True,prototype
MH7f6cug0zU_1,re pledge,6.0,banking,True,prototype
MHcb7CiK_IA_1,accessories,11.0,instrument,True,prototype
MI2Jae1agR4,news,4.0,entertainment,True,prototype
MIal50cVwM0_1,x-ray,6.0,medical,True,prototype
MJTOje2ViH4,our,4.0,relation,True,test
MJelSVaA5KY_1,roar,5.0,sound,True,prototype
MKSKluySI3E,timid,5.0,behavior,True,prototype
MKbBSGnFUPY,fluted  pleats,14.0,wearable,True,prototype
MKirgaLINXQ_1,trouble,7.0,stage,True,test
MLAL7ASrh5s,pure,4.0,attribute,True,test
MMHxvuN8Z_0_1,job,8.0,profession,True,test
MMrUJwt_8oQ,orange,4.0,foods and drinks,True,test
MMzsqe-mNmc,qualification,4.0,abstract,True,test
MN2qjSNQdMg,steering wheel,6.0,utility item,True,prototype
MNCeezFR_YI,bread,4.0,foods and drinks,True,test
MONtOZhRgek_2,positive,8.0,abstract,True,test
MOW2rm7IXxg_1,solid,7.0,substance,True,prototype
MOu0z-QaJww_1,lay out,11.0,banking,True,prototype
MOy1x8EroPs,bandit munger,4.0,profession,True,prototype
MPCAeXe2E0c,three days after,4.0,time,True,prototype
MRcVRxcFrVE,glue gun,15.0,machine,True,prototype
MRf9vcls4eQ,restaurant,4.0,construction,True,prototype
MT8KL4XePl8_1,year calender,8.0,readable,True,prototype
MTAoneZNzeQ,allow,3.0,action,True,test
MUALhjDPcdE,bank account number,4.0,banking,True,prototype
MUWVSQ7vqGE_1,supersession,9.0,action,True,prototype
MVggQBRCOIw_1,september,5.0,time,True,test
MWnrLOwPLqQ_1,kitchen,8.0,foods and drinks,True,test
MXNChZEW6yI,denmark,3.0,geography,True,prototype
MXmTYGHWvvE,yes,3.0,comparator,True,test
MY-9YI3Slvg_1,posting,7.0,readable,True,prototype
MYVwYIX47wQ,never,5.0,abstract,True,prototype
MYfR4Ec-zU0_1,association,9.0,organisation,True,test
MYjYOTXhiZs,residential building,6.0,construction,True,prototype
MZBRGZovo8A_1,punishment,5.0,action,True,prototype
MZZ52lsCfSw,seven,4.0,math,True,prototype
MZsQzU7tOfs,ban,4.0,action,True,prototype
M_F0YMifj5g_1,zebra crossing,7.0,transport,True,test
MbKRtuwkHPM,wild swine,13.0,medical,True,prototype
MbUT3Kfq4Dc_1,beat,6.0,action,True,prototype
Mbu8042cTuA_1,back,8.0,spatial position,True,prototype
McHijMoln7U,knowledgeable,4.0,attribute,True,prototype
MeJB3ZRQQcY,hygiene,5.0,attribute,True,test
MeKJPAuFOgk_1,bhopal,6.0,geography,True,prototype
MeoJV0K0uTg_1,pass book,8.0,banking,True,prototype
MflJey4lrQk,hair dryer,6.0,utility item,True,prototype
MhHOduyqKv4,two,3.0,quantity,True,prototype
MhUpw_qPCHU_2,ammeter,8.0,physics,True,test
MhZrm3H1aBE,join,4.0,group,True,prototype
Mhwfin8V4sQ_1,round,9.0,math,True,prototype
MiGluii6UII,maruti car,5.0,transport,True,prototype
Miw0xZr0diU,roti,5.0,foods and drinks,True,prototype
MjRPq3GCSZk,weird,4.0,abstract,True,prototype
MlZ9Hx3mkBk_1,onion,5.0,foods and drinks,True,test
MlfKy5CzqVg_1,withhold,7.0,banking,True,prototype
MmeNMGTN-aY_1,hippo,7.0,flora and fauna,True,prototype
MmrdlTXfNco,uttar pradesh,4.0,geography,True,prototype
MnSaW7AFr1w_1,weigh,6.0,abstract,True,prototype
Mo-VXbTe0bs_1,january,6.0,time,True,test
Moi8EgQo6rE_2,atom,9.0,chemistry,True,prototype
MpOh9MQvWbY,belt,4.0,wearable,True,test
Mq1c27rJxqY_1,mirror,7.0,physics,True,test
Mq8cmp7QjOY,mason square,11.0,instrument,True,prototype
Mqa0sDOMArQ,exercise,4.0,medical,True,prototype
Mr30rM7vf4Q,dizzy,5.0,sensation,True,prototype
MrP80GmJveQ_2,spectrum,9.0,physics,True,prototype
MsWnmwlUBik_2,angular velocity,8.0,physics,True,prototype
MsxYYS8q9Hw_1,result,6.0,abstract,True,prototype
Mtm4Xg52b9c_1,subscription,9.0,entertainment,True,prototype
MtnBSpuX1IA,value scale,10.0,metric,True,prototype
MtnXC9CWB6I_1,horse,6.0,flora and fauna,True,prototype
MwHD6LxnfXo,website,4.0,internet,True,prototype
Mx_mNhBhWx0,toy,7.0,entertainment,True,prototype
Mxlci8amm_0_1,necklace,6.0,utility item,True,test
My4hzshl_RY_1,us,5.0,group,True,prototype
MyFCxLg44HY_2,capillary tube,8.0,medical,True,prototype
MzwOHZTi4OU,shaving brush,4.0,utility item,True,prototype
N0-cIcGCH3A,kazakhstan,3.0,geography,True,prototype
N05i2V0_8kI,malaysia,4.0,geography,True,prototype
N0HOc0gJyRs_1,laugh,6.0,gesture,True,prototype
N0OMPBVVK3o,praise,4.0,action,True,test
N0QNiLrVGl4,casio,5.0,sound,True,prototype
N0Tgyn59Erw_1,waterfall,7.0,geography,True,test
N0bpk_dzCuk,bite,6.0,action,True,test
N0lQZi87koY,meeting,4.0,group,True,prototype
N13nVxyNA2Q,setting of cement,8.0,construction,True,prototype
N1J4iPzvFDY_2,apparatus,10.0,instrument,True,prototype
N1sRspbhlk8_2,geothermal energy,12.0,physics,True,prototype
N2GsWA1smG8,amazed,4.0,emotion,True,prototype
N4NevefkpsQ,cycle,5.0,transport,True,test
N4a_K3p9KG8,tractive work,14.0,quality,True,prototype
N4rsVFJsb1Y_1,accumulated,13.0,quantity,True,prototype
N51UnxHrRZg,process,4.0,event,True,test
N53qGezr7MU,woodpecker,6.0,flora and fauna,True,prototype
N62iv94HI18,thailand,3.0,geography,True,prototype
N6DxyKcaZVs,lighthouse,7.0,construction,True,prototype
N6zCu36_1xI_2,blue,8.0,quality,True,prototype
N7q37KQfzhk_1,sufficient,10.0,quantity,True,prototype
N9JQMzE7_DI,england,3.0,geography,True,test
N9XgekP7Qtg,hidden file,6.0,utility item,True,test
NA5iMrff4Cs,elastic,12.0,attribute,True,prototype
NATVmGM4bpQ_1,year,8.0,time,True,test
NAiENsui-oc_1,lie,6.0,action,True,test
NAkU6Uj85R8,zipper foot,8.0,utility item,True,prototype
NBEVpBk-9VI,soft,4.0,quality,True,test
NC0iEaE7Ba4,tuesday,3.0,time,True,test
NCRLLU_dxcM_1,sparrow,9.0,flora and fauna,True,test
ND1WM_XYP4Q,numerical control,10.0,math,True,prototype
ND4_C6fI-BU,society,5.0,group,True,prototype
NFHHa94P-k8,concrete mixture,11.0,construction,True,prototype
NFnBaFx_SWI,annual for foliage beauty,14.0,flora and fauna,True,prototype
NGJkhj4AWbA_1,sick,6.0,medical,True,prototype
NGRn28khiEY,rainy season vegetables,11.0,flora and fauna,True,prototype
NGfUhD-kG1M,change,4.0,action,True,test
NJWphYVdS5I_1,justice,6.0,legal,True,prototype
NJZoju_a6Ig_1,hang,6.0,action,True,test
NJuhUVHvXi4_2,created,8.0,action,True,prototype
NKaU1IK6k94_1,august,6.0,time,True,test
NLEkfw25jWU_2,focal length,10.0,physics,True,prototype
NLlTJ8yeeYM_1,honorarium,8.0,banking,True,prototype
NLy90nqeNko_1,singapore,8.0,geography,True,test
NMajC62MvaQ_1,work,6.0,action,True,test
NMnARovUYLw_1,vomit,7.0,medical,True,prototype
NMwrtYskaeU,leaf spring,14.0,transport,True,prototype
NNiFl_dTBk0_1,throw,6.0,action,True,prototype
NPrAFhC6vWk_1,body,7.0,biology,True,test
NPxCD7p6M80_1,small pox,6.0,medical,True,test
NQ7Gnl9nRuY,window,6.0,construction,True,prototype
NQTfv_uhpfg,winter,4.0,time,True,prototype
NROeKyImRuI_1,food,6.0,foods and drinks,True,test
NS7WrHCEPVk_1,penality,6.0,legal,True,prototype
NSERnk7V4ZA_1,careful,7.0,attribute,True,test
NSM4xH0MhHY,benign,13.0,medical,True,prototype
NSwtAmwDTZE_1,sand,9.0,geography,True,test
NT-LpmJHMcw,mediocre,4.0,quality,True,prototype
NTNbTr_PLqU_1,participation,8.0,action,True,prototype
NUKt0kkYSg4,sick,4.0,medical,True,test
NUn7Lyw4H9U,wheeled robots,11.0,electronic and electrical,True,prototype
NVNirvNgU9g,pledge,4.0,legal,True,prototype
NW-BP9pf4JI_1,girl,9.0,human,True,prototype
NWx2vBB9F7g_1,pig,7.0,flora and fauna,True,test
NXEPPzd8AXk_1,freeze,6.0,process,True,test
NXjRJs0Wxkg,wedge,12.0,machine,True,prototype
NY2fpEI5uDY_1,world,6.0,geography,True,prototype
NY7NZeZ-ufw,research farm,12.0,education,True,prototype
NYWcVvZIlwY_2,external,9.0,attribute,True,prototype
NYbiMxMfp3A,brown sport of rice,13.0,medical,True,prototype
NZ2sunnoc7k,torch,4.0,electronic and electrical,True,test
NZ3PZzNJ2hs_1,magic,6.0,abstract,True,prototype
NZXhDTubUiI,videographer,7.0,profession,True,prototype
NZZkWB8jtls_2,adjustable screw,9.0,instrument,True,prototype
NZn29gNlDio,stress,5.0,physics,True,prototype
NZoSVSZeP7s_1,prohibit,8.0,action,True,prototype
NZwNyVXvpTo_1,money,6.0,banking,True,prototype
NaiHTSSvCuE_2,telescope,10.0,instrument,True,prototype
Nb7os_UNC0o_1,hen,6.0,flora and fauna,True,prototype
Nb8uJ822Tig,tinda,5.0,flora and fauna,True,test
NbG_5zEsSoE,express,4.0,action,True,prototype
NbO2R-jwElw_1,moneylender,8.0,profession,True,prototype
Ncpxyoe9VTE_1,crime,5.0,legal,True,prototype
NcqHqk2ybW4_2,parallel,9.0,math,True,prototype
Ncynk9HDp3c_1,swallow,9.0,biology,True,test
NeEUjskiXkY,layered skirt,11.0,wearable,True,prototype
NeXKnG1-7cU_1,false,6.0,abstract,True,test
Ned2R4FgR7Y_1,calculation,9.0,math,True,prototype
NfOadhavWHs_1,demand,7.0,action,True,prototype
Nfxj5lRpg2o_1,pakistan,7.0,geography,True,test
Ng4xJEF8wEg,mucosal disease,13.0,biology,True,prototype
Ngrila2aXJg_1,conveyance allowance,9.0,legal,True,prototype
NhCDD4ktBjY_2,loud speaker,9.0,electronic and electrical,True,prototype
NhFLlpEnqK8,punjab,4.0,geography,True,prototype
NhVVvn7cwd4,russia,3.0,geography,True,test
Ni3iHE6bas8,unite,4.0,action,True,test
Ni5kmFuBXzI,wednesday,4.0,time,True,test
NiE43suq2F4_1,patience,7.0,behavior,True,prototype
NiIyd5WjjFg,put,4.0,action,True,test
NiXOVcIQU7g_2,static electricity,13.0,physics,True,prototype
NjT3zasZLP0,harmonium,5.0,sound,True,prototype
NjjNU4VrO00_1,stage,7.0,stage,True,prototype
NjzsZG20E7U,strength,4.0,attribute,True,prototype
NkFzajnrYkA_1,method of accounting,10.0,banking,True,prototype
NkQLCSHvZcY_1,field,8.0,geography,True,prototype
NmPpZgrECW0,police,4.0,profession,True,test
NmTBx9PgX-I_1,quality,6.0,quality,True,prototype
NmmgvY4gy40_1,cheque,6.0,banking,True,test
Nn3ooGh1n7w,rude,15.0,attribute,True,prototype
NnETy9fmveQ_1,small enterprise,10.0,commerce,True,prototype
NnGjm_iFM1s,vent,11.0,wearable,True,prototype
NnUnWcgPFC4,digging bar,6.0,instrument,True,prototype
No2J7utvqrg,ballon pump,6.0,machine,True,prototype
NoKq5zdDsQk,smile,4.0,action,True,prototype
Non0cu5dbSs,party,4.0,event,True,prototype
NpQQCK0Yk_g_1,taluk,7.0,legal,True,prototype
NpTKGzsDGoQ_1,par - at,8.0,comparator,True,prototype
Nqh6_B0gfec,adopt,4.0,relation,True,prototype
NqnV9iNS62M,reproduction,14.0,biology,True,prototype
NqtEH9nZexY,water logged hedges,12.0,flora and fauna,True,prototype
Nr80alTAMrw,baseball jacket,12.0,sport,True,prototype
NrQ-7PGyl70_1,output,8.0,miscellaneous object,True,prototype
Ns3lBPP73Jk_1,taxi,6.0,transport,True,prototype
NsQZ8by-g_k,sibling,4.0,relation,True,prototype
Nt5QgTWqBcU,olericulture,12.0,biology,True,prototype
NtnfUEDzoPo,telangana,5.0,geography,True,prototype
NuTEITSEAUA,papaya,5.0,foods and drinks,True,test
Nud7Ld9x7Z4,perfect,3.0,attribute,True,test
Nus1qk-Khiw,north-east,5.0,spatial position,True,prototype
NvxJw6Zi6UA_1,toothbrush,7.0,utility item,True,test
NxxURb8wKd0,punjabi,4.0,language,True,test
NypNRzPI2Hg,punjab,4.0,geography,True,test
O-H9plmvvoE,prime minister,4.0,authority,True,test
O-o5XXFpqEY_2,heavier,8.0,comparator,True,prototype
O1DOtxdULkQ_1,misbehaviour,9.0,emotion,True,prototype
O1HMV7OKCZs_1,cheque gift,10.0,banking,True,prototype
O2_3lA8kVVE,brain,5.0,biology,True,test
O2_ZeoKvo5I_1,queen,7.0,authority,True,prototype
O3SeL_0pvTs_1,sunday,6.0,time,True,test
O4CkLiyI2a4,shearling,8.0,action,True,prototype
O4sOntiraJc,punish,4.0,action,True,test
O6YJgD20e2g,goodbye,5.0,greeting,True,prototype
O8jMsqDMiRE,who,4.0,abstract,True,prototype
O9Dk6KdQ4to_1,transparent,7.0,attribute,True,test
O9ZwfYTIETI,together,4.0,group,True,test
O9pRqLLFUEE_1,happy,7.0,emotion,True,test
OB6FvmCHsDg,invent,6.0,process,True,test
OBHeVltjXT0_1,young,6.0,attribute,True,prototype
OBPTV3YthOw_1,out,6.0,spatial position,True,prototype
OBRmS71p6TU_1,stars,7.0,astronomical,True,test
OC3FU_0GKBE,astigmatism,15.0,medical,True,prototype
OC4C5-lLWxc,float,6.0,action,True,prototype
OC7HHIF25ik,box,5.0,utility item,True,prototype
OCDSqlCaWlA_2,refrigerator,10.0,utility item,True,prototype
OCcDnB5VdgU_1,window,8.0,construction,True,test
ODFZJd2f9X8,amazon,4.0,organisation,True,test
ODNZ6nd7uls,actress,14.0,profession,True,prototype
ODRI_ATiWnM,jagannath ratha yatra,6.0,transport,True,prototype
OE5sct8DJxM,cock,9.0,flora and fauna,True,prototype
OELaDZo5R7I,brain,4.0,biology,True,test
OEZKlgaRH4o,alarm,4.0,utility item,True,prototype
OEm1Uov-v9o_1,training,11.0,action,True,prototype
OF-9aiQTAfM,hanuman,5.0,religious,True,test
OGO8HQ6ZYUg_1,overtime allowance,9.0,banking,True,prototype
OHFdjCUkpME_1,elephant,6.0,flora and fauna,True,test
OJqZgTGpghQ,deal,5.0,commerce,True,prototype
OL-CqbpYr8w,quiet,4.0,sound,True,prototype
OL_k_mBRxbA,pyjama,3.0,wearable,True,test
OM_yE9ewbcM,digital electronics,13.0,electronic and electrical,True,prototype
ON8Ou8j8BjY,principal,3.0,authority,True,test
ONhI6iem9kg,hat,3.0,wearable,True,prototype
OP1V4l-DdcA_1,hope,7.0,action,True,test
OP_7FlLGoAY_1,premium,8.0,attribute,True,prototype
OPfZfLKxZTU_1,instigate,7.0,action,True,test
OQ1e6lpNybo,maha shivaratri,4.0,event,True,prototype
ORU-AfSTIwI,rip out,10.0,action,True,prototype
ORwg4bg9aeU,rock gardening,14.0,entertainment,True,prototype
OSRpGh3d0cI,long term,4.0,legal,True,prototype
OSxSHGU_WOo_1,false,6.0,abstract,True,test
OTUecrbGM7E,roof griders,11.0,construction,True,prototype
OTfPJGdUm50,nature,5.0,biology,True,prototype
OTtrGki5gQg_1,angel,6.0,religious,True,prototype
OU-XIIEFnw4,garage,6.0,construction,True,prototype
OUQa0HC_ORM_1,understand,5.0,action,True,test
OUVv-5cwFaE_1,dosa,6.0,foods and drinks,True,prototype
OUr2XSyxfsY,seminar,5.0,event,True,prototype
OWya5pey33I,read,5.0,action,True,test
OX23xzI_GhY,land,4.0,geography,True,prototype
OXmN5c7MCUk,kumbh mela,4.0,event,True,prototype
OYENl3VfTb4,south indian bank,5.0,organisation,True,prototype
OYQVWFoke9E,pick,8.0,action,True,test
OZ2IdcRTgrs_1,insurance,8.0,banking,True,prototype
OZp4PyHgUC8,public gardens,9.0,construction,True,prototype
OaQqutxOEAE_1,eagle,8.0,flora and fauna,True,prototype
Oamv71HbOMA,apex court,10.0,legal,True,prototype
Oaqk8I-2-IE,tool,5.0,instrument,True,test
ObJnMFN4KQg_1,company joint stock,12.0,commerce,True,prototype
ObVcGiVYofE_1,forged,9.0,quality,True,prototype
ObrkXqrK96M,peon,5.0,profession,True,test
ObwZnI075E8,melt,7.0,process,True,prototype
Oc7vrILPpCQ_1,first charge,8.0,banking,True,prototype
OcBBb1cbZqc_2,natural,9.0,biology,True,prototype
OcSgDKInrg8,hot,4.0,sensation,True,test
OchKEyyyoF0_1,money order,9.0,legal,True,prototype
OeV_XZBC3VA_1,separate,6.0,action,True,test
OelZVA_CCzo,superficial,6.0,quality,True,prototype
OfCw-0gAd6E,order,15.0,action,True,test
OfGHhLbHWq4_1,spoil,6.0,action,True,test
OfGkvEa9C-A_2,object,8.0,miscellaneous object,True,prototype
OhE6VRcxlKA,disc brake master cylinder,14.0,machine,True,prototype
OhHLtn0U6K0_1,initials,8.0,banking,True,prototype
Ohcc1XNi-s4,meeting,4.0,group,True,test
Oi__gIjhBk0_1,engineer,7.0,profession,True,test
Oiewyo7WQ4w,netflix,4.0,organisation,True,prototype
Oittiy14URk,left indent,8.0,attribute,True,prototype
OjJ2Vu0k5d8,animals,6.0,flora and fauna,True,test
OjPz3neEd7U_1,measure,6.0,math,True,test
OjYou9zLuDM_1,daughter,10.0,relation,True,test
Ok6fbvE1cu0_1,alarm system,11.0,electronic and electrical,True,prototype
OkC4seOp-00,wash,5.0,action,True,test
OkHQG79PRCk,classification based on the transplanting capacity,14.0,action,True,prototype
OnqiVVsNE8I_1,locker,10.0,machine,True,prototype
OoFz4JC0sjU_1,cover,6.0,action,True,test
Op97JG5142c,kinds of honey bee found in india,10.0,flora and fauna,True,prototype
Oql_D1R8kVE,building structure,6.0,construction,True,prototype
OqzxnQ6fGIw_1,out of print,8.0,event,True,prototype
OrOlKiBzVAY_2,molecule,11.0,physics,True,prototype
OrlYpvp8gnI_2,condition,7.0,quality,True,prototype
OrrlfNA40zg_2,perpendicular,8.0,math,True,prototype
OsRTZjf3msw_1,disbursement,9.0,banking,True,prototype
Ot-XctUkMY8,buddhist,4.0,religious,True,prototype
OuOKDmE7q2c_1,parliament,7.0,legal,True,test
Ov-hdZ4oacg,marry,5.0,action,True,prototype
OvDIlDiFmnU,school,3.0,organisation,True,prototype
OwI1yeom0EM,surname,4.0,group,True,test
Owp1cwVnCok,question,4.0,abstract,True,prototype
Oy09VfmP5sQ,action,4.0,action,True,test
Oz4iaojP1LQ,retention of moisture,15.0,biology,True,prototype
P-0wocPMVyQ,tagetus,11.0,flora and fauna,True,prototype
P-35FnAOLeo_1,walk,9.0,action,True,test
P-k3HOBisv8_1,i,6.0,language,True,prototype
P18HvmCotMU_1,information,7.0,legal,True,prototype
P1WDAwasyoI,safety goggle,9.0,wearable,True,prototype
P1r-uVbFZ00_1,cold,6.0,biology,True,test
P29jupnZniw,close up,8.0,action,True,prototype
P2If73nwzYs,tabernaemontana coronaria,11.0,medical,True,prototype
P2OKqOpct8s,grey,8.0,colour,True,test
P2YHoSAHJUg_1,train,5.0,action,True,test
P2abspkSU_s,able,7.0,abstract,True,prototype
P3LobzeDo9E_1,sad,7.0,emotion,True,prototype
P3LqZYt2U30_1,economic,11.0,education,True,prototype
P3MpvLubTKw,sms notification,10.0,internet,True,prototype
P3pALl9igN8,flatfoot,11.0,human,True,prototype
P4bcxgldVSQ_1,benefit,7.0,banking,True,prototype
P58pF-HenyU,pause,5.0,time,True,test
P5CapJo7Oe8_1,overseas,7.0,spatial position,True,prototype
P5Dty8Ecdek,nuncupative will,10.0,legal,True,prototype
P6e7z3qKweg_2,fossll fueis,10.0,substance,True,prototype
P7aSfqQTkTk_1,yourself,7.0,abstract,True,prototype
P8c9TRiU7HI,invite,5.0,action,True,prototype
P8nCFvhToww_1,remind,8.0,action,True,prototype
P8q4ktLxy-A_1,pain,7.0,sensation,True,test
P91b_WSLDa8_1,system,9.0,instrument,True,prototype
P9GAmYhGhJ0,janmashtami,5.0,event,True,test
PAkQhoRDVMQ,debug,11.0,computer,True,prototype
PB7rn__dcKg_1,fan,6.0,electronic and electrical,True,prototype
PBPb-_V8A_U,mouse,5.0,flora and fauna,True,prototype
PFALmbyUi5A,microphone,5.0,electronic and electrical,True,prototype
PFH8OX7kSEA,online,7.0,internet,True,test
PGYE6puPzKU_1,chappels,6.0,wearable,True,prototype
PGbVUlqDu1A,hawker,14.0,profession,True,prototype
PGdVl8-IzJA,mother tongue,7.0,language,True,prototype
PGrGJBQGm3E_1,sales retum,8.0,banking,True,prototype
PGzUbRs5KcE_1,stone,7.0,metal and minerals,True,prototype
PI1wVAKM9t0_1,true copy,8.0,quality,True,prototype
PI6SVXN35Rg,praise,5.0,action,True,test
PI8mabNvaE0,netaji subhas chandra bose,6.0,human,True,prototype
PJtAsebnGrM,convertible  collar,7.0,wearable,True,prototype
PK4bvgOLUWs,try,4.0,action,True,prototype
PKLiUylI7jY,beetroot,6.0,foods and drinks,True,prototype
PKi9kC2RNzo_1,fluctuation,10.0,action,True,prototype
PKyGYvB0Mf0,tripura,5.0,geography,True,test
PLF4Zs0Q80Q,ball room,11.0,construction,True,prototype
PLtRFkjPkxo_1,genius,4.0,behavior,True,prototype
PMUPf08r0Jo,tecoma stans,11.0,flora and fauna,True,prototype
PMYXK-B1Few,hypoxia,10.0,biology,True,prototype
PMv7R76mAZA,rowdy,6.0,behavior,True,prototype
PODw7DyLs64_1,play,7.0,action,True,test
POwFUYdLjX8_1,sailor,8.0,profession,True,prototype
PP3bE6cjRdQ,mouth spray,4.0,substance,True,prototype
PQ5BHjzvK5A_1,zebra,7.0,flora and fauna,True,test
PQBIO5wAinc_1,copper,9.0,metal and minerals,True,test
PQoocuBF2f8_1,go,6.0,process,True,prototype
PRDX6PAOvF0_1,rhinocerous,6.0,flora and fauna,True,prototype
PSB4z3DAScs_1,volley ball,5.0,sport,True,prototype
PTv4C3vii08_1,surcharge,9.0,banking,True,prototype
PU5hB6j8ivk,unfair dismissal,12.0,action,True,test
PUDnvoajVUk,office branch,7.0,organisation,True,prototype
PUtHYOs4aXQ,summary,5.0,education,True,test
PUwW0NPqTh0_1,force,6.0,physics,True,test
PVdmrokA81k,record video,4.0,action,True,prototype
PVhCsYKStLI_2,put up,7.0,action,True,prototype
PWHh7NmzzV4,special,3.0,attribute,True,prototype
PWLWkd68QIA,notch collar,10.0,wearable,True,prototype
PWWRIQ49qHs_2,tally,9.0,gesture,True,prototype
PWi1hx2Omgo,jewelery,6.0,utility item,True,prototype
PWuJv2FHsvA_1,bed,8.0,utility item,True,prototype
PX-5cHBSak0_2,uranus,10.0,astronomical,True,prototype
PXEWAfcfs_A_2,appreciation,8.0,emotion,True,prototype
PY11Ny4fz3A_1,paid up capital,9.0,banking,True,prototype
PZONaOEO8AQ_1,small,7.0,quality,True,prototype
P_o20L8zhHU,themselves,5.0,relation,True,prototype
PaFoWYRBizg,abdicate,12.0,action,True,test
PaOVb_cMohw_1,hindu,5.0,religious,True,prototype
PaXZzVi_OsY_1,region,6.0,spatial position,True,prototype
Pb7q2FmzWS8_1,mat,8.0,utility item,True,test
Pbf2EXs2e4k,catch  stitch,11.0,wearable,True,prototype
PbfCur5zsw8,poison,9.0,medical,True,prototype
PeH-ArgS-fw_1,brown,8.0,attribute,True,test
PemmRc-BA94,kerala,5.0,geography,True,test
PerHf9tanw0_2,anticlockwise,8.0,metric,True,prototype
Pf8tWovZQ2U,baluster,7.0,construction,True,prototype
PffO6Uac1uY,permission,4.0,abstract,True,prototype
Pgm4Qs_l-EE_1,buffalo,7.0,flora and fauna,True,test
PhkRGU9K9ZY_1,light,6.0,physics,True,test
PiSY8MIVoMs_1,ice cream,6.0,foods and drinks,True,prototype
PijCNItuc1E_1,site,9.0,construction,True,prototype
Pj0MkbEahC8,toothpaste,5.0,utility item,True,prototype
Pl5J3391Pao_1,cash remmitance,10.0,banking,True,prototype
Pl5cCJ2SVN8_1,junior,10.0,attribute,True,prototype
PlEUE-SExy8,canara bank,5.0,banking,True,prototype
PlYZEnLNpdQ_1,shipping freight,10.0,transport,True,prototype
PlitAZnyimo_1,noon,7.0,time,True,test
PnAOEoaN0tU_1,rotate,7.0,action,True,prototype
PnwR2TZB_9w,pickpocket,13.0,action,True,prototype
PpE3Mdz1Z4w,seed,5.0,foods and drinks,True,test
Ppbq_RDljyA_1,france,7.0,geography,True,prototype
Pq-OLkv13Bw,light,4.0,physics,True,test
Pq7GkdMqan8,rough,4.0,sensation,True,test
PqOEUuH2gj4,try,3.0,action,True,test
PqftjzLnMEM_1,stock,6.0,banking,True,prototype
Pqm1i-zg24o_1,eagle,9.0,flora and fauna,True,test
Pro1Tbg-LE8,swap,3.0,action,True,prototype
Ps4VoPyMAb8,baseball,5.0,sport,True,prototype
Psd08qZsYnQ,word pad,9.0,utility item,True,prototype
PsdIuGsFt9c_1,remove,7.0,action,True,test
Psk7z4TM-yM,wiring,13.0,action,True,prototype
Pu9zSjEsqnk,bell,6.0,miscellaneous object,True,test
PvzM89FGSp0,advertisement,4.0,internet,True,test
PxXzMm43V0U_1,accuse,6.0,action,True,prototype
Py0R_2XywOQ,capsicum,5.0,foods and drinks,True,prototype
Py2RBS-e9Xg,tree,5.0,flora and fauna,True,test
PyQVgJzE2-Y,electric car,10.0,transport,True,prototype
PzT1paHu8C4_2,photographic camera,8.0,instrument,True,prototype
Q-S63Q62ZiU,venezuela,4.0,geography,True,prototype
Q-Sg1afVMsE,flowers for pot,8.0,flora and fauna,True,prototype
Q-jSZX4uAjY_1,coal,9.0,metal and minerals,True,prototype
Q0HKbrbAj0A_1,chief,5.0,authority,True,prototype
Q0SJzhLv0SQ_1,kind,8.0,behavior,True,test
Q1FtAjA_raE,walk,4.0,action,True,test
Q1zbpcSoTws,cataract,7.0,medical,True,prototype
Q25uAMfX5Fc,remember,4.0,action,True,test
Q2gjYvb7fcE,birth defect,10.0,medical,True,prototype
Q3oaDDt1Yc8_1,record,7.0,action,True,prototype
Q4JcKkId3Aw_2,kilogram,8.0,metric,True,test
Q4WiRFOlOu0_1,easy,6.0,comparator,True,prototype
Q5uGiH8-uQk_1,paint,7.0,action,True,prototype
Q65na_iR_HQ,messages videos,6.0,internet,True,prototype
Q7Ggc0qz3Jo,ridge board,15.0,construction,True,prototype
Q7rYOmLAa2o,nigeria,4.0,geography,True,prototype
Q7wCb9WlhA0,counsel,3.0,organisation,True,prototype
Q9w0G35HNLw,anti corruption law,11.0,legal,True,test
QBbAwvlhH0o_1,below,6.0,spatial position,True,prototype
QBg2Y55juuY_1,football,7.0,sport,True,prototype
QBjMKvsK1sk_1,black board,6.0,education,True,prototype
QE4UkDB3MyE,you,3.0,relation,True,prototype
QEKQr_KeKe4,easy,5.0,comparator,True,test
QF-_qNWaBaU_1,voucher,7.0,utility item,True,prototype
QF_QXmNelLk,tall,4.0,attribute,True,test
QGozGZ4rg9c_1,biscuit,6.0,foods and drinks,True,test
QHpNcX0Ugsc,mongolia,3.0,geography,True,prototype
QIL8ey6N_vs,red rot of sugarcane,10.0,flora and fauna,True,prototype
QIXGt2ddetI_1,bedroom,10.0,construction,True,prototype
QIaK1zBDLkE,cambodia,3.0,geography,True,prototype
QJDAMIo3A6Y,diwali,4.0,event,True,prototype
QJDOHjM9eb8,beautiful,3.0,attribute,True,prototype
QKEuQ32GLNc_2,electrical tester,9.0,instrument,True,prototype
QLWJMrs77Kc,electrical burns,9.0,medical,True,prototype
QLx1uWXhB1g,abstention,11.0,action,True,prototype
QM3TDqfMMWY_1,process,6.0,event,True,test
QMEYstHkpA0_2,light,7.0,physics,True,test
QMFllz8bqbI,zipper,6.0,utility item,True,prototype
QNqJ9kQ5xT4,norfolk jacket,9.0,wearable,True,prototype
QOXSBvW5Pds_2,zero error,8.0,quality,True,prototype
QPHySC61DCY_1,bud,6.0,flora and fauna,True,test
QQJQeK3IU4o_2,round,13.0,math,True,test
QRTBO6eAlFY,adult,4.0,stage,True,prototype
QRTZR4dcC6k_2,black,10.0,quality,True,test
QRtqJ1CnS0U_1,cave,9.0,geography,True,prototype
QSdgD2M4Xdw,word,4.0,language,True,prototype
QSg-1wqJezg_1,ask,7.0,action,True,prototype
QT4Su3HeNoE_1,under valuation,13.0,quality,True,prototype
QTSZAgSMfio_2,division,9.0,action,True,test
QTyJEcqXDTg_1,duck,7.0,flora and fauna,True,test
QU-ZlgFpBVw_2,compression,8.0,physics,True,prototype
QVZZq9BDyhA_2,interference,9.0,process,True,prototype
QVrRwXgj7GU_1,worth,7.0,abstract,True,prototype
QWN6Q7XTChg_2,rhythmic,11.0,sound,True,prototype
QWrJAZS_jNk_2,quota,7.0,banking,True,prototype
QX2YCbSelwo,rjd,6.0,politics,True,prototype
QXQ8ILhehkI,thirteen,4.0,math,True,prototype
QXRCiVRaHsI_1,these,5.0,relation,True,prototype
QYaPv88J2iE,kitchen,6.0,foods and drinks,True,test
QYkPPw0ePck,seed,7.0,foods and drinks,True,test
QYnm3ITnMb4_1,product,7.0,miscellaneous object,True,prototype
Q_wBjlTT4GY_1,dim,8.0,attribute,True,prototype
QaB25cChRXc_1,courier,10.0,transport,True,prototype
Qb3nTAfOz2Q,country,7.0,geography,True,prototype
Qc72veU0a6g_1,ball,5.0,sport,True,prototype
QcQGHMntX5c_1,signature,7.0,readable,True,prototype
QdOmsCK3gHg_1,jam,6.0,foods and drinks,True,prototype
QeNE9BjginQ_1,specimen,10.0,biology,True,prototype
QfGq9Md-D2o_1,cash receipt,9.0,banking,True,prototype
QhgyOz4p-iM_2,stepdown transformer,15.0,physics,True,prototype
QhhIAUupAeo_1,nut,6.0,instrument,True,prototype
Qhvb075HF_Y,clock,5.0,utility item,True,test
QiHtCEo3nEk,paper clip,5.0,utility item,True,prototype
QiX_rb7Lm3I,close friend,6.0,relation,True,prototype
Qiit5KIeWFw_2,music,9.0,sound,True,prototype
QkHS0W8x2M4,bellboy jacket,5.0,wearable,True,prototype
QkIAlWUDxPo_1,account head,12.0,banking,True,prototype
QlEKJLgEWMg,quantity,4.0,quantity,True,test
QlqLuC-1u1U_1,mother,9.0,relation,True,test
QlvGeWOzc-0_1,south america,8.0,geography,True,prototype
QlxwXFyAhOw_1,gardener,7.0,profession,True,test
QmCEr-G9Nug,bus conductor,5.0,human,True,prototype
QmWhfW8wyMs,start,5.0,stage,True,prototype
QmxDpQ8YY9k_2,refusal,6.0,abstract,True,prototype
Qn3Yf2GDWn8,states,5.0,geography,True,prototype
Qo2EdbZg68A,onion,5.0,foods and drinks,True,test
Qom3R9ndKoc,regulator,5.0,electronic and electrical,True,prototype
QowRgF354O8,quarter,12.0,math,True,prototype
QpcvD-hUihA_1,rank,8.0,organisation,True,test
QqBeIG-uvM8,camouflage,9.0,attribute,True,prototype
QqCdT8DJ2r0_1,window,8.0,construction,True,test
Qs2XJTA7LWU_2,potential energy,11.0,physics,True,prototype
QsQkRAFAKWM,delegate,3.0,authority,True,test
QsgOFiTSpa8_1,school bag,6.0,utility item,True,test
Qt7PxYKRi7c_1,write,6.0,action,True,prototype
QtR5-M2w3RQ,consent,6.0,process,True,prototype
Qu5KH6X5dd8_1,he,7.0,language,True,prototype
QvOMfMtfb7k_1,rate concessional,6.0,banking,True,prototype
QvuS8pyY2a0_2,decimal,9.0,math,True,prototype
Qwa5c4aDFaY_1,heart,8.0,biology,True,prototype
QxTqhAxngF0_1,sub head,9.0,authority,True,prototype
Qy07r-5SdkA_1,little,6.0,quantity,True,prototype
QyL43-YjgK8,nice,4.0,quality,True,prototype
Qy_q0sAucuw,teacher,5.0,profession,True,test
QyxD5H8-cHE,slow passenger train,5.0,transport,True,prototype
QzFmQvfUaa0_1,self balancing,9.0,attribute,True,prototype
QzVK5LtCZkw_1,trouble,6.0,stage,True,test
R-IpftpYr2g,bored,5.0,attribute,True,prototype
R-fKz1aaXRI_2,random motion,11.0,physics,True,prototype
R07yPaWBR8g,operation,6.0,medical,True,test
R0JV03iiFtU,promotion,6.0,organisation,True,test
R1jaD2vHFNY_1,monday,5.0,time,True,test
R1moiZ5YFMw_2,wave,8.0,physics,True,test
R22GF3-wqUY,traditional,5.0,abstract,True,prototype
R3jDoLjKAa0,bias cowl dress,9.0,wearable,True,prototype
R3jedCIQWrE,star,5.0,astronomical,True,test
R3s7Vetdseg_2,wind energy,9.0,physics,True,prototype
R4uJr2ys09Y_1,affidavit,11.0,banking,True,prototype
R5k5q5laIfk_2,calorie,10.0,foods and drinks,True,prototype
R5lzZf3MVaY_1,sanction,5.0,legal,True,prototype
R6ILTJGPlUo,goldfish,6.0,flora and fauna,True,prototype
R6KdIjSPkvo,vision,5.0,abstract,True,test
R7P29MkehIM_1,plastic,7.0,miscellaneous object,True,prototype
R7lhpy6_niU_2,angle of refraction,10.0,physics,True,prototype
RAvAYYM05v4,shimla,4.0,geography,True,test
RCd8Aat8xa4_1,hockey,5.0,sport,True,prototype
RCdDeF6erqo,chamber,15.0,construction,True,prototype
RDrpOAnwThg_1,iron,7.0,metal and minerals,True,test
REPEztEF060_1,envelope,6.0,utility item,True,prototype
RGDTXsCvZBQ,thousand,5.0,math,True,prototype
RHetQGTr7nU_1,continue,6.0,process,True,prototype
RIWIAARKqCo,africa,4.0,geography,True,test
RIo6nyBv2oY_1,table tennis,5.0,sport,True,test
RJ2_mx6DsmA_1,brush,5.0,utility item,True,prototype
RJVa8OUU9pA_1,close,5.0,action,True,prototype
RKMKhsFem98,jd u,4.0,politics,True,prototype
RLYcKEP4af0,rjd,4.0,politics,True,test
RMFMc1KxwPM_1,why,5.0,abstract,True,test
RMo1aaidZJo_1,august,6.0,time,True,test
RN3kLXQdNcc,paramedic,7.0,medical,True,prototype
ROF9TjG0q34_1,tamil,6.0,language,True,test
RPzCiRXVcr8,meager,4.0,quantity,True,prototype
RQ02eJz61lk_1,mosque,6.0,religious,True,prototype
RQEHiQQ25bY_1,ambulance,7.0,medical,True,prototype
RRX3vZmNyw4_1,sound,7.0,sound,True,prototype
RTvZD8AZs64,large,4.0,quantity,True,prototype
RUKgTVVuVcg,increase,5.0,comparator,True,test
RVKZfvYZHks_1,cheat,6.0,action,True,prototype
RX34_NaukPo_1,tortoise,6.0,flora and fauna,True,test
RYeWs0MPMEA_1,terrace,9.0,construction,True,test
RZo8XEvx1G8,confirm,5.0,process,True,test
RZymw-Gk26s_1,denomination,12.0,banking,True,prototype
R_6XeLEZzu0_1,proforma,8.0,legal,True,prototype
R_GaklgD4bY=-,,,,True,prototype
Ra22ZVhrcxw,revise,13.0,action,True,prototype
RaT4rhSnixI_1,friday,5.0,time,True,test
RaTUMGgYYTY,pdp,5.0,politics,True,prototype
Rah844Dfxf8,water lifting equipments,13.0,electronic and electrical,True,prototype
RbTU0PE3ebM,notification,5.0,legal,True,prototype
Rc4vFhGRgIs,cat,4.0,flora and fauna,True,prototype
RcWDXAwySlM,power sockets,6.0,electronic and electrical,True,prototype
RcZ64U1ydeg,clown,7.0,entertainment,True,prototype
Rc_b4h5nFqo,bottle,5.0,utility item,True,test
Rd6B7wNJ2wQ,pair,6.0,group,True,prototype
RdhTo_18rQg,sightseeing,6.0,entertainment,True,prototype
RdySS4hQE0s,division,15.0,action,True,test
ReA3MBOOJZU_1,secondary,8.0,attribute,True,prototype
ReGozpDkRcc,dream,4.0,behavior,True,prototype
RfTlPy0yoLg,beer,4.0,foods and drinks,True,test
RfhBkV1VBNo_1,tribunal,6.0,legal,True,prototype
RhEpVt-AEK8,lion,7.0,flora and fauna,True,test
RhS6nAUP3C4,united kingdom,3.0,geography,True,prototype
RhzIqPFf72k_1,mountain,9.0,geography,True,test
RiAJCOudSjM_1,interim,7.0,profession,True,prototype
RiyB_IpLUoA,chamfering,7.0,process,True,prototype
Rj6pX9wzxqA_1,sister,13.0,relation,True,prototype
RjDvvpbDcHk,bihar,4.0,geography,True,test
RjI4uWN3FXg_1,potentiality,7.0,attribute,True,prototype
RjlLl95EtCQ_1,half,9.0,math,True,prototype
Rjv2fm62JAY_1,claim,8.0,action,True,prototype
RkMTKS4AjQU_1,bite,7.0,action,True,test
RlC8ZTPuOBU_1,interest,7.0,behavior,True,test
RlIkYzzsHpg_1,at,6.0,spatial position,True,prototype
Rloiqc9KybA,brick,4.0,construction,True,prototype
Rmwh_Cfw9GE,draughtsman,7.0,profession,True,prototype
RmxC2ESB77I,milk adultration,9.0,biology,True,prototype
RnbKUzEYGq8_1,reconsider,7.0,abstract,True,prototype
RnqeyToK1I8,drizzle,7.0,weather,True,prototype
Ro2y0_fypc4_1,signal,5.0,gesture,True,prototype
Roe3st2xwgQ,disability,4.0,biology,True,prototype
Roh9CQ2tF3Y,watch,3.0,action,True,test
RorIn-P_3DI,have,4.0,action,True,prototype
RpLX2iGqahI,pair,4.0,group,True,test
RpZGZHEgtYI,bake,4.0,foods and drinks,True,prototype
RpoDGwIp43s,hotel,5.0,construction,True,prototype
RqddJENqoOY,go,3.0,process,True,test
RrtHIJ1gjL0,dicoty ledoneae,11.0,flora and fauna,True,prototype
RryRyaLEaeM,arc welding,15.0,process,True,prototype
Rs0EKMMQqPI,kenya,3.0,geography,True,prototype
Rs5qSbsnJKs_1,roar,6.0,sound,True,test
RsVR6VKYIbw,section  admin,11.0,authority,True,prototype
RtOOeGlFdh4_1,head office,8.0,profession,True,prototype
Rty4lN6R8LY_1,car,5.0,transport,True,prototype
Rv-ass03RkM_1,original,9.0,attribute,True,test
Rv7YAemJwp8,revolving chair,5.0,utility item,True,prototype
RwIFUiFGMGw,luck,4.0,abstract,True,prototype
RwdFk6p7tyo,very hot,5.0,weather,True,test
Rwtcr4Lp9TQ_2,irreversible,8.0,attribute,True,prototype
Rxj7JFcWujk_1,van,6.0,transport,True,prototype
RxqkJA2EG0s,identity card,5.0,utility item,True,prototype
RyuTiOy4BBI,steel,4.0,metal and minerals,True,test
S-BjndLCySU,plum,4.0,foods and drinks,True,prototype
S-v0z93Qc6I_1,roll,8.0,action,True,prototype
S06jHWa7Brk_1,whistle,5.0,sound,True,prototype
S0eE3CkrjZU_1,fox,6.0,flora and fauna,True,test
S0nGLXH4H5Y,tennis,5.0,sport,True,test
S1eFafNFNOE,switzerland,3.0,geography,True,prototype
S21lcUrY_pM,approximate,4.0,metric,True,prototype
S23VB6dVnw8_1,introduction,9.0,process,True,prototype
S3pN7MBKPU0,smell,5.0,sensation,True,prototype
S4GZ0J3GZvQ,sweden,3.0,geography,True,prototype
S4Ygl6RqD98,idfc bank,5.0,organisation,True,prototype
S5iQxTVeKNE_2,dry cell,8.0,chemistry,True,prototype
S9wg2vb8-Aw,bandage,4.0,medical,True,prototype
SAPfIHh1BPg_1,cat,7.0,flora and fauna,True,test
SB50UhgrFMY,muslim,3.0,religious,True,test
SBeMy0KGdEw_1,refresher course,7.0,education,True,prototype
SCNfdbheXqo_1,succession,11.0,relation,True,prototype
SCd7SRCOr9o_1,first floor,8.0,construction,True,prototype
SDQ1doHsLn0,superficial,6.0,quality,True,test
SEVIbuIk3AU_2,sphere,10.0,abstract,True,test
SEVkZ5qhIC0_1,swallow,7.0,biology,True,test
SEYjG-0Mi3U,death row,10.0,event,True,prototype
SEmdCAG7t24_1,regulation,7.0,authority,True,prototype
SEuUIH_SeVc_1,balance sheet,11.0,banking,True,prototype
SF7r2SG-fck,desktop cleanup wizard,8.0,computer,True,prototype
SFD6zesDMMY,pray,4.0,action,True,test
SFP1Y49gip0_1,friday,6.0,time,True,test
SG-B3o7bMAc,since,4.0,time,True,prototype
SGLYqU0p4X4,south,4.0,spatial position,True,test
SGsTDG4Awfk_1,fast,6.0,attribute,True,prototype
SHPaqAaE29Q_1,re issue,8.0,banking,True,prototype
SHsq8VSKV_M,korea,3.0,geography,True,prototype
SINe8jrjQfA_1,needle,7.0,utility item,True,prototype
SIR3vIJJECY,disease,10.0,biology,True,prototype
SInKhy-06qA,sign language,4.0,language,True,prototype
SIqQlHOR0JM,industrial building,8.0,construction,True,prototype
SJJSpU8MFDs_2,unit,7.0,metric,True,prototype
SJaqmqaD77k,website,4.0,internet,True,test
SJrFnoOcTcI,spherical structure,14.0,utility item,True,prototype
SJxqZH9B3zw,jaundice,5.0,biology,True,test
SKlTYkUBVvQ_1,boy,9.0,human,True,prototype
SKzJwTW4NQ8,dairy science,9.0,profession,True,prototype
SMEVutE0yBw,excuse me,4.0,action,True,prototype
SOMg4XV_dEY,diwali,6.0,event,True,test
SOkA4zA7ahE_1,jeep,6.0,transport,True,prototype
SPF11a6Uwy4_1,chennai,5.0,geography,True,test
SPVkNI9K4wA_1,calm,8.0,emotion,True,prototype
SP_OSl0wle0_2,initial,9.0,time,True,test
SPqwUnfpXvg_2,octal,8.0,math,True,prototype
SQ6O9z7AJpM,hydropneumatic sprayer,14.0,machine,True,prototype
SQXRw3c2dYw,utility of mushroom,7.0,flora and fauna,True,prototype
SQZyez6oDKg,plenty,6.0,attribute,True,prototype
SQsT1oeLr4g,cotter ring,15.0,metal and minerals,True,prototype
SQymUlHks-I,pram,5.0,instrument,True,prototype
SREF6XRNv0w,plumb bob and line,10.0,instrument,True,prototype
SSkoetdv7G4,sculptor,6.0,profession,True,test
STJ38FSDE8w,part,4.0,math,True,prototype
STNM0hUpfhQ,long day plant,15.0,flora and fauna,True,prototype
STXgnu97Y6Y_1,kurta,6.0,wearable,True,prototype
STdeLMDk8Sc,jacket,4.0,wearable,True,prototype
STn1cOJ8Pms,boring machine,6.0,machine,True,prototype
SUBSvmdSrXc_1,saturday,5.0,time,True,test
SUGgjeP54CQ,car,4.0,transport,True,test
SULzv6BHjHs_1,monday,5.0,time,True,test
SVIuCiTrn_8_2,observation,8.0,action,True,prototype
SVxNsaZs3dI_1,full,6.0,sensation,True,test
SWWKwdMT9qQ,close relation,5.0,relation,True,prototype
SWi723tppLE_1,weak,7.0,quality,True,test
SWq-SiX-v20_1,sunset,7.0,event,True,test
SYNNpD0n0U0_2,binary,10.0,math,True,prototype
SYlMAasD3Aw,extra,5.0,quantity,True,prototype
SYrln3Ug1Lk,radio,5.0,electronic and electrical,True,test
SZeSrHZy0dM_1,parsi,5.0,religious,True,prototype
SaqUZcI2zDA,post,7.0,internet,True,test
Sb7r4EnLG-A_2,transformer,12.0,electronic and electrical,True,prototype
SbYK9K-klAw,double click,7.0,computer,True,prototype
SccmMdkBiAU_1,chat,8.0,action,True,test
ScoqXyTkXp8_1,wrong,7.0,comparator,True,test
ScstGTIjdOY_2,security convertible,10.0,legal,True,prototype
Sd07nnmlTAE_2,wavemotion,11.0,physics,True,prototype
Sd7e5qVlMB8,photograph,6.0,miscellaneous object,True,prototype
SdBirBu-dak,cause of action,12.0,action,True,prototype
SdsEu8iuUpE,christmas,4.0,event,True,test
SewBqDY49qs,eclipse,5.0,event,True,test
Sh3P9rHIKOM,three,4.0,math,True,prototype
Sh5c_9ADHFs,paper clip,4.0,utility item,True,test
ShXISzBU1Ug_2,gas equation,11.0,physics,True,prototype
SiP1g7kh1nE,ms windows,10.0,computer,True,prototype
SiRYkIO7AmQ_2,video camera,11.0,electronic and electrical,True,prototype
SifysRkEATg_1,sly,6.0,attribute,True,prototype
SjfLsGRnuGo,name,3.0,language,True,test
SknrxI_nq64_1,postman,5.0,profession,True,prototype
SlORjr0kUM4,water,4.0,substance,True,test
Sm7Cei87rg4_1,hardworking,8.0,behavior,True,test
SmgLg_SSvZg_1,supply,6.0,commerce,True,prototype
SnUlY4XhAG0,profit,5.0,banking,True,test
SojDDNUsSew_1,monday,6.0,time,True,test
SoxMQgRbBsA,brothel,7.0,construction,True,prototype
SqIhCix7O9I,gas pipe,7.0,instrument,True,prototype
SqN3GrAvif8,construction contract,15.0,construction,True,prototype
SqXx7G7FX5A,singapore,5.0,geography,True,test
SqjG2lMm-NU_1,god,6.0,religious,True,prototype
SqoYBOJfc9w_1,job consciousness,11.0,profession,True,prototype
Srl_Gk0vjLE,tattoo,5.0,attribute,True,prototype
SsDjl4tijyg_1,paying slip,9.0,banking,True,prototype
Ssub7QHvQIA,shoot,3.0,action,True,test
Sv-nLK45XFA_1,dasara,7.0,religious,True,prototype
SvabwOUNAEE,august,4.0,time,True,test
Svm8Kk4Vr2Q_1,stand,7.0,action,True,test
SwLX5yOifFI,saina nehwal,4.0,human,True,prototype
SwLs3Kowas8_1,charge,10.0,banking,True,prototype
Swad8O2a5Qc_1,equator,8.0,geography,True,prototype
Swny54RpOVw_1,interfere,6.0,process,True,prototype
SwtT_BdLe3A_1,bitter,5.0,sensation,True,prototype
Sx34-t7A_xM_1,mumps,6.0,biology,True,test
SxLd_Jwhy80,micromax mobile,6.0,electronic and electrical,True,prototype
SyRmYT523cU,sob,4.0,emotion,True,prototype
SyZFNqdlRmc_1,breathe,8.0,action,True,test
Sz-NQ2ENlqA_1,cauliflower,7.0,foods and drinks,True,prototype
T--ANw8Oxkk,uttarakhand,4.0,geography,True,prototype
T1M8kXkQJAY,pullet,11.0,flora and fauna,True,prototype
T3DNMjNynU0_1,school,7.0,organisation,True,test
T3wOnHCetE0_1,daily list,11.0,banking,True,prototype
T4-Q9pABqYs,waterfall,5.0,geography,True,test
T41OsrviQCY,birthday,4.0,event,True,test
T45Hsn9ABV4,jordan,3.0,geography,True,prototype
T4BQsAvPno8_1,leave preparatory to retirement,11.0,profession,True,prototype
T4VLu2P-X9s_1,staff,12.0,group,True,prototype
T4ySB6yP-m0_1,fire,8.0,substance,True,test
T5JAHMxSu2w_1,right,6.0,abstract,True,test
T6vd9Criu48,six,4.0,quantity,True,prototype
T7RBzS7EJ6A_1,husband,9.0,relation,True,test
T7RIPkBR3ik_1,woman,11.0,human,True,test
T7afcYzRNU0_2,wattmeter,10.0,instrument,True,prototype
T7b0UnZEOvM_1,minutes,6.0,time,True,prototype
T7v9JbH90I0_1,confident,7.0,emotion,True,test
T8I_n42FuBc,plant physiology,15.0,biology,True,prototype
T8g7H3Ie5YU,boyfriend,5.0,relation,True,prototype
T976ElYJ-qY,enjoy,4.0,action,True,prototype
T9GMyhxIv5k_1,iron,7.0,metal and minerals,True,test
T9eBnmIRtqg,like,5.0,comparator,True,test
T9nijwnbCqw,rajasthan,4.0,geography,True,test
TBZtRv2owM8,bacterial diseases animals,15.0,biology,True,prototype
TCGWpLngbVA_1,prove,9.0,action,True,test
TCHTGgRtZeI_1,tender,12.0,legal,True,prototype
TDbdRtOwX10,ballast device,9.0,miscellaneous object,True,prototype
TDdKRcFO4k8,fingerspell,4.0,gesture,True,prototype
TDlj5kHwiTk,behind,3.0,spatial position,True,prototype
TEkWFmWdQ8Q_1,donkey,6.0,flora and fauna,True,test
TGckzkVJiio_1,seniority,9.0,authority,True,prototype
THp4JJ3PWvo_1,dam,7.0,construction,True,prototype
TING64HUZ2k_2,ernission,8.0,action,True,prototype
TIlcuqK-fr8_1,delivery,9.0,action,True,prototype
TIr35oN6iSE,wallet,5.0,banking,True,prototype
TIzjrc3-71E,apiculturist,13.0,profession,True,prototype
TJJHfurpn-I,runs,4.0,sport,True,prototype
TJQdtS0Dkyw,section,7.0,group,True,prototype
TJeHXGVDCms,temperature,7.0,weather,True,test
TK3H8rmoV1Q,burger,6.0,foods and drinks,True,prototype
TKsGy30vLtI,environmental pollution,7.0,biology,True,prototype
TL4iZGEw9CY,neat,4.0,quality,True,prototype
TLN5DkTzcX8,quarrel,4.0,action,True,prototype
TLXAEKQwcBY,spain,3.0,geography,True,prototype
TLf8Uvxntpg_2,x ray,10.0,medical,True,prototype
TMANBpLx6s0_1,tomorrow,6.0,time,True,test
TN5HogAE-fs,water pump,5.0,electronic and electrical,True,prototype
TNNoq5pS-WQ_1,volume,5.0,sound,True,prototype
TNODnmQ9R1M_1,spot and forward,10.0,action,True,prototype
TOK4IBhtuYI,giga byte,13.0,metric,True,prototype
TPCuCv8TjE8_1,cheque stale,9.0,banking,True,prototype
TPdAyuJYQtE,bill,4.0,banking,True,test
TPwPNPP1rpI,social,5.0,behavior,True,prototype
TQeI5Uixibg,pomegranate,5.0,foods and drinks,True,prototype
TQpNNdkU0ZI_1,jaundice,8.0,biology,True,test
TR30xmE3v0s,battered child syndrome,10.0,medical,True,prototype
TRIMTrqzSOc_1,zone,8.0,geography,True,prototype
TR_tbUxLUco,it,4.0,language,True,test
TRgM0lzJs-4,best,4.0,quality,True,test
TSBR8lkAmaQ,bike silencer pipe,8.0,instrument,True,prototype
TSTGnppZmfA_1,address,9.0,geography,True,test
TSoaGw5OEb0_1,injection,6.0,medical,True,prototype
TVfeNBBdWpQ_1,skirt,7.0,wearable,True,test
TW2KbOGRx2I,sex,5.0,biology,True,prototype
TXA5pIG0jEM,expensive,4.0,attribute,True,test
TXe-rPMd1q4_1,cheap,6.0,attribute,True,prototype
TXtLoo3D-xQ,wikipedia,5.0,internet,True,prototype
TYiNnkTwP0w,agenda,6.0,process,True,prototype
TZEYZ0PggwY_1,vide,5.0,action,True,prototype
TZkleWcH-wU_2,gravity,12.0,physics,True,prototype
TZqRg598wGQ,shower,5.0,utility item,True,prototype
TcjKtM3VKj4,speech therapist,8.0,profession,True,test
TdbUnoeHXcE_1,gujarat,7.0,geography,True,test
TdwAJ3968lM,xbox,10.0,entertainment,True,prototype
Te9AcG7ugOc,present,5.0,time,True,prototype
TelHvRCbKco_1,account currency,13.0,banking,True,prototype
Teyhg_5_rdw_1,brick,7.0,construction,True,test
Tf97LjJhrMU,below,5.0,spatial position,True,test
TftELGOtnLM_2,millimetre,9.0,metric,True,prototype
Tfxp43vVHpY,listen,4.0,action,True,test
ThLhLlan5Yo_1,bird,7.0,flora and fauna,True,prototype
Ti-7CP2GtaI_1,leafy vegetables,8.0,foods and drinks,True,prototype
TiPPYhh323E,sorry,4.0,greeting,True,test
TickiRU7XxU,bulb,5.0,utility item,True,test
TihAh8jvRTs_2,exhaust pump,9.0,machine,True,prototype
TirzXnBaSt0,italy,3.0,geography,True,prototype
Tj5FRh9ASMU,sanitary pad,5.0,miscellaneous object,True,prototype
TjSYqjfk-lc,temperature,11.0,weather,True,test
TkREyqdJoCI,discipline,4.0,behavior,True,prototype
TkWzFh1m6KU_1,run,8.0,action,True,prototype
TkZ8qS_TIXk,cell,4.0,electronic and electrical,True,test
TlGf_1YuYyE_1,pass to,8.0,action,True,prototype
Tm_V8zmIsCA_1,buffalo,7.0,flora and fauna,True,test
TmsgikIaXu4,understand,3.0,action,True,test
TnGCg69kb1s_1,sports,6.0,sport,True,prototype
Tp0lrE7068E,matrimonial home,10.0,geography,True,prototype
Tpyp71m96Nk_1,clouds,7.0,weather,True,prototype
TqSyQEAlkU8_2,centigram,7.0,metric,True,prototype
TrCMG8Jm2_c,bamboo,6.0,flora and fauna,True,prototype
TrDii_6LlNg,gujarat,4.0,geography,True,test
TrGBcTGTlhI,plunger,7.0,instrument,True,prototype
TspS8Y62sXs,pick stitch,11.0,action,True,prototype
TtNpydFV6rI,behind,4.0,spatial position,True,test
TuH0o_tiW3o,august,4.0,time,True,test
Tuq_-EuFAhI,bonafide,11.0,legal,True,prototype
Tv1bOlYSqYI,website,3.0,internet,True,test
Tw2qPxlzf6Q,power duster,13.0,instrument,True,prototype
Tw8BsgjnKIg,mitsubishi motors,5.0,organisation,True,prototype
TwD2W_F22dE_2,calorimeter,10.0,instrument,True,prototype
TwRRZw_m1Po_1,rubber,7.0,utility item,True,test
Ty8eDa-6gQ0,water pipe,5.0,utility item,True,prototype
Tyn9hWjEn5A_1,how many,6.0,quantity,True,prototype
TziAcjoELVE_1,subject matter,10.0,education,True,prototype
U--0FZU2bDg,house,4.0,construction,True,test
U-3Gvctw8Do_1,access,9.0,action,True,prototype
U-DAmE4tzo4,wise,4.0,attribute,True,test
U-MdJz1XGpg_1,paw,6.0,flora and fauna,True,prototype
U-dEobzY4o4,village,5.0,geography,True,test
U18qbyFJKnA,toothbrush,5.0,utility item,True,test
U1TZROWBuoo,confused,6.0,emotion,True,prototype
U1WpPYHOp84_1,message,8.0,readable,True,test
U1jYplNZtN0_1,draw,6.0,action,True,prototype
U2DPGFl5JFA_1,kitchen,7.0,foods and drinks,True,test
U2UQ6QHvt_s_1,eclipse,7.0,event,True,test
U2W9kUCDsgU_1,university,7.0,education,True,prototype
U3w2AbN_8Og_1,safe guard,7.0,wearable,True,prototype
U45soEQ1V4o_1,handkerchief,6.0,utility item,True,test
U45t3T05qRk_1,cock,8.0,flora and fauna,True,test
U46jloztxAQ,coimbatore,4.0,geography,True,test
U4dnLRpeTN8,twelve,4.0,quantity,True,prototype
U4zeXOlfF2c,gift,4.0,utility item,True,prototype
U5KcZNFATFM,garden,5.0,construction,True,test
U5lSxZnyve4_1,diabetes,8.0,medical,True,prototype
U7Y3GocRUak_1,october,6.0,time,True,test
U8-__KRMRSM,photosynthesis,14.0,biology,True,prototype
U8TyoD2LxLU,dictionary,4.0,readable,True,prototype
U8aIoaNXadQ,change,5.0,action,True,test
U9WAeaZQgtE_2,soldering iron,7.0,process,True,prototype
UAHpTtftpWE_1,any,6.0,abstract,True,prototype
UB4Z8Wzkj5g,fixed deposit,4.0,banking,True,prototype
UCd4aYE00KM_1,without,6.0,abstract,True,test
UD02Bmbm1kk,pro circle,15.0,utility item,True,prototype
UDCvZbi5eMw_2,humidity,14.0,weather,True,prototype
UDcg2skGRXM_1,brother,12.0,relation,True,prototype
UE2dRDkXVOw_1,stabilisation,10.0,process,True,prototype
UFePdoNR_KM,write,4.0,action,True,test
UGFkd_LTNW0_2,thermostat,10.0,electronic and electrical,True,prototype
UGMQBqwFQzg_1,empty,6.0,quantity,True,prototype
UGX6actjbuM,dairy farm record,10.0,readable,True,prototype
UIZbKwFr9ck_1,saturday,6.0,time,True,test
UJHjwQ7yclM,welcome,3.0,greeting,True,prototype
UJe2UCSOExA,bone cancer osteosarcoma and malignant fibrous histiocytoma,5.0,medical,True,prototype
UJyI-681CrM,scratch,7.0,action,True,test
UK-aS_5scz4_1,monday,5.0,time,True,test
UK3lCFwSt7A,chilli,5.0,foods and drinks,True,prototype
ULLLdCsmxDU_1,lumpsum,8.0,banking,True,prototype
ULXqpYB1yYw,support,4.0,action,True,test
UMGZsGFUVcA_1,see,9.0,action,True,prototype
UMMYGhp1SD4,carrot,4.0,foods and drinks,True,prototype
UMS2IJZt6To,free,4.0,behavior,True,test
UNNkbxYzexA,taiwan,3.0,geography,True,prototype
UOCJkoSjr9w,finish,6.0,stage,True,test
UOF_LN4gRRw_1,hindi,7.0,language,True,prototype
UOFozu6HCwg_1,cross,5.0,action,True,prototype
UORRNKMTusE,twitter,5.0,internet,True,test
UOktZawGna4,band-aid,5.0,medical,True,prototype
UPBonZ_8HIM,life,5.0,abstract,True,prototype
UPTSoIuNOIw_1,egg,7.0,foods and drinks,True,test
UPh2mJTMLIQ,lollipop,5.0,foods and drinks,True,prototype
UQh8UwdcnBI_1,reminder,8.0,time,True,prototype
UQnQ_sw1fHA_1,neck,8.0,biology,True,test
UQogb-cniR4_1,cockroach,6.0,flora and fauna,True,test
URA2L-D-MAQ,city,5.0,geography,True,test
URJUqJrqo_8,wire stripper,10.0,instrument,True,prototype
URTZQEPHVxk,wholesale merchants,10.0,profession,True,prototype
US1v85XAz0c,ram navami,6.0,religious,True,prototype
USyI1R3TCr4,runner,9.0,instrument,True,prototype
UTkhiWX3IBk,wheat rust,15.0,foods and drinks,True,prototype
UUYEkCl4HvI,snail,4.0,flora and fauna,True,test
UWWGrijcLSs,criminal court,7.0,legal,True,prototype
UWzrvtCcWDA,run,4.0,action,True,test
UXoDCHd7VuQ_1,monday,5.0,time,True,test
UXoVPWIYL4k_2,uniform motion,9.0,physics,True,prototype
UY6S37YeDTE_1,cash,9.0,banking,True,prototype
UYS5jKTw0Ik_1,clerk,6.0,profession,True,prototype
UYYmJtinmNg,toffee,6.0,foods and drinks,True,prototype
U_I4IzFnhdw,scratch,4.0,action,True,test
Ua00PZ_-QKE_1,center,6.0,spatial position,True,prototype
Ua8OAMfzWAQ_1,pre paid,7.0,banking,True,prototype
UbEMzE9pxXU,absorption of water,12.0,chemistry,True,prototype
UbLgHH4sOtA_1,mother,10.0,relation,True,test
UbQHwZHQSRM,alternative,5.0,abstract,True,prototype
UbZzQI8wKY8_2,regular vibration,9.0,sound,True,prototype
Ubg4ASlf83o_1,cream,6.0,utility item,True,prototype
Ubkc3VIH4QY,side,4.0,spatial position,True,prototype
UcEpOfJMly4_1,magic,6.0,abstract,True,test
UceHJJVBBzU,grudge,6.0,emotion,True,prototype
Uctb3c7u__M_1,mobilisation deposit,10.0,banking,True,prototype
UdD80Owt1n8_1,kite,5.0,sport,True,prototype
UevozhypOqs_1,necklace,6.0,utility item,True,test
Uf6P20S4HbI_1,register,7.0,miscellaneous object,True,prototype
UfA1NhqdyRQ_1,weight,6.0,abstract,True,prototype
UfJyWbJ_RpQ_2,error of omission,7.0,banking,True,prototype
UfYeaYNJV8E_1,from,5.0,language,True,prototype
UfZyeijqQeY_1,allowance,10.0,banking,True,prototype
UgLgrXYY9Es,shine,4.0,attribute,True,test
UgR3sxHLsDg,view,4.0,action,True,test
UhOwvFFtKVs_1,lotus,6.0,flora and fauna,True,test
UhtjXl2_OcA_1,bangladesh,9.0,geography,True,prototype
UivWWBHOnAc,child prostitution,13.0,legal,True,prototype
UjkcbDkHvxY,touchscreen,4.0,electronic and electrical,True,prototype
Ujw6xa-mmZM,temporary,3.0,abstract,True,prototype
Uk2g1CB1O2s_1,buyer,6.0,human,True,prototype
Ukr__1TiaOo_1,wait,6.0,action,True,test
UksWdbYQW2k_2,natural gas,10.0,substance,True,prototype
UlQ5cTjCqT8_1,tuesday,6.0,time,True,test
UmIy-iRAW48,shaft,11.0,instrument,True,prototype
UnOmbIQFwOE_1,until,7.0,time,True,test
Unvi9R9Qg8w,similar,4.0,comparator,True,test
UoBpthYc-HE,u neck,9.0,wearable,True,prototype
UoONuBxuPLg_1,cold,6.0,biology,True,test
UodmDnAnLmg_1,cabbage,7.0,foods and drinks,True,test
UpDvz4TFXuY,garlic,5.0,foods and drinks,True,prototype
UpTUXgf7Wck,sanitary pad,4.0,miscellaneous object,True,test
UrDzxGca4Vg,jal mahal,6.0,geography,True,prototype
Us3qUIzVN30_1,outstanding cheque,8.0,banking,True,prototype
UsfdUqWfoko_1,tum over,8.0,banking,True,prototype
UtDbK5h2P5s,advocate general,7.0,profession,True,prototype
UtIn2Jira9w,builder,6.0,profession,True,prototype
UuYeKt00J9s_2,battery,8.0,physics,True,prototype
UvsWlQg31Ts,pain,3.0,sensation,True,test
UwWaRajzxt0,regular,4.0,attribute,True,prototype
UwjyKkkLN7o_1,remittance,8.0,banking,True,prototype
Uwz4-pLZMC8,punctual,4.0,attribute,True,test
UxC_mC9iK-I,eraser,7.0,utility item,True,prototype
UxfnLulLdVQ,suspect,12.0,legal,True,test
UyIz1DzGwQQ_1,explain,7.0,action,True,test
UyOvMtr_ZOE_1,lc,8.0,banking,True,prototype
UyuuFpV2QCg,extend,5.0,action,True,prototype
Uyx_b73fxUc,hearsay,15.0,legal,True,prototype
Uz_wWiAtIUY,thread,8.0,utility item,True,prototype
UzpCuTtVV9Y_1,understand,6.0,action,True,test
V-BQYv-0PKs,podium,6.0,miscellaneous object,True,test
V-YrxoE9qBE,publish,4.0,action,True,prototype
V0VRDcoop14_1,duplicate,9.0,comparator,True,prototype
V1-w01T8L84_1,folio,9.0,readable,True,prototype
V1dlIBcgvjo,inner shell membrane,14.0,biology,True,prototype
V279MbdgsSY_1,hair,7.0,biology,True,test
V29VnUcT42Q,wiring,13.0,action,True,test
V2MPSLmneX0,colour palette,10.0,colour,True,prototype
V2xejNSSroM,upper division clerk,4.0,profession,True,prototype
V3YYjAXQwmI_2,rectifier,10.0,instrument,True,prototype
V3bwmMHBHzE,engineering compass,14.0,instrument,True,prototype
V3nAp-Rq1W0_1,mtl,10.0,banking,True,prototype
V3vmgiymarA,route,10.0,transport,True,prototype
V41e4s7n5jY_1,cure,7.0,medical,True,prototype
V4nZC24tRJ4_2,solar system,9.0,astronomical,True,prototype
V5ZoFg0ZI08_1,noc,9.0,legal,True,prototype
V5ays4bEcFE,brandishing of a weapon,11.0,legal,True,prototype
V5pMbP6wR8k,corel draw,7.0,internet,True,prototype
V63xT_OqUOw_1,yellow,9.0,attribute,True,test
V6STX-F9V8o_1,overdue,9.0,time,True,prototype
V762TGrdsYI,establish,6.0,action,True,prototype
V94cJaXyYpY,obey,3.0,action,True,prototype
V9YCBo53D94_1,bedroom,10.0,construction,True,test
VA6jHsfpa4g,acacia modesta,14.0,flora and fauna,True,prototype
VAGtePDt80E_1,bark,6.0,action,True,prototype
VAhELbOjQFc,india,4.0,geography,True,test
VAiekrFaH-A_2,noise pollution,8.0,sound,True,test
VBM4ss11k-k,anxious,4.0,emotion,True,prototype
VBX7WykbnZM,python,6.0,flora and fauna,True,prototype
VBdO8sQJM1s_1,vessel,7.0,utility item,True,prototype
VBnTbBdLA1M_2,direct,9.0,language,True,prototype
VBvgxVhTCU4,cultivators,7.0,profession,True,prototype
VBx8a9gFcQI_1,cinema,5.0,entertainment,True,test
VCAyZMacKXM,inverter,6.0,electronic and electrical,True,prototype
VCDSOi8Hix0,distance,7.0,metric,True,test
VCOeuYSrcMI_1,puppet show,5.0,event,True,prototype
VCRZM4u-FYs,power,4.0,attribute,True,test
VC_lTWT1HXU,right,4.0,spatial position,True,test
VCjWwq5ww18_1,granddaughter,13.0,relation,True,prototype
VDET3icqk6A,wrench,15.0,instrument,True,prototype
VDbvWI5QT70,neighbour,4.0,human,True,prototype
VEALNsI7Ijg,silk,4.0,wearable,True,test
VEppUiloi6c_1,blood pressure,8.0,medical,True,test
VFLmd-lcwZw_1,praise,6.0,action,True,test
VGY3MIoFFoU_2,procedure,7.0,action,True,prototype
VGa4oRGUQ-w,exchange positions,4.0,action,True,prototype
VH9BKxQgE4I,veterinarian,8.0,profession,True,prototype
VHEz_cYLDe8,puducherry,4.0,geography,True,prototype
VHdpLk4GK08_2,convex mirror,9.0,physics,True,prototype
VI6RwfsB3Tc_1,hippo,7.0,flora and fauna,True,test
VIDtd_VYM2Y,copy,8.0,action,True,test
VJNSZFoRLzE,follow,4.0,action,True,test
VJlRCE_Tw3A_1,silver,7.0,metal and minerals,True,test
VKeDxmyvczg_1,account govemment,13.0,banking,True,prototype
VL83qtgsLCk,printer,5.0,instrument,True,prototype
VLeir-T0xmU,magnet,5.0,physics,True,test
VMI2RvR_tNA,demarcation west bengal,10.0,authority,True,prototype
VMsWda7pWZA,black,5.0,quality,True,test
VN0pOHZP1KQ,leave,13.0,profession,True,test
VO1Wuqwc4wg,memory unit,15.0,metric,True,prototype
VOEpCw8MRuo,factorisation,14.0,math,True,prototype
VORmSzXh6YU,funny,5.0,sensation,True,test
VPB0XOlm-qE,counter sinking,6.0,process,True,prototype
VPU-Gw_h9ko,debit card,4.0,banking,True,test
VPiwsR-P4Tc_1,skin,8.0,biology,True,test
VPja-SPBsSk_1,rice,5.0,foods and drinks,True,test
VRTBNXGQAVY,applique,10.0,wearable,True,prototype
VRhdtFEOlXs,man,4.0,human,True,prototype
VS_ZuiQIJx0,no,5.0,abstract,True,test
VSvlO0WM5fg_1,november,6.0,time,True,test
VT9WJZKrys8_1,true,6.0,abstract,True,test
VTDRIXo-Bpg_1,kurta,6.0,wearable,True,test
VV3za4vmTTs,vessel,7.0,utility item,True,test
VV7wIkRKbf0_1,form,6.0,readable,True,test
VWNsruK2Yk0_1,programme,7.0,event,True,prototype
VX-0YdOVhIE,hashtag,3.0,language,True,prototype
VYVrUCzDt_w_1,uncovered,7.0,banking,True,prototype
V_NJjyZpYY4,indicator,15.0,time,True,prototype
VaWad6GHjNM_1,lips,7.0,biology,True,prototype
VaXddHdk-K0_1,pillow,8.0,utility item,True,test
Va_b6_X-wOs,fishing for games,5.0,sport,True,prototype
VbRmhM7sUGo,wet,3.0,attribute,True,prototype
VbiFEC7SKhg_2,instrument,9.0,instrument,True,prototype
Vc0YkcqRNAM,kohima,5.0,geography,True,prototype
Vc81XotPSFs,madagascar,3.0,geography,True,prototype
VcOM49u8maQ,share market,3.0,banking,True,prototype
VdG0pGDoCzM,ethics,4.0,behavior,True,prototype
VdR3IR0wqDY,air,3.0,substance,True,test
VdaOSlNkCEY,print,4.0,action,True,prototype
VfKd7mog6AA,tug of war haryana,7.0,sport,True,prototype
VfN66I8-KEk,war,5.0,abstract,True,test
VfQpOfUkVg8,my name is,4.0,language,True,prototype
Vft0oixnLPs,mushroom pleating,9.0,process,True,prototype
VgrQMDa1vlI,hand sanitizer,9.0,substance,True,prototype
VhB51KKUi10,air pollution,5.0,chemistry,True,prototype
VhiPxEZMhus_1,monday,6.0,time,True,test
VhpYWt3XsNk,caftan,8.0,wearable,True,prototype
VhsF-apA_D8_1,barber,6.0,profession,True,prototype
VhyiA9MZWZw,half,3.0,math,True,test
VigebdpoRlI,chief justice,13.0,legal,True,prototype
VjjImnuWU2A_2,variable,7.0,math,True,test
VkHrewA9bJI_1,trust,7.0,emotion,True,test
VkrF0Q4fWRo,group,4.0,group,True,test
Vl5pPd0iGy8_2,integrated chip,10.0,electronic and electrical,True,prototype
VoGbGa9k9K8_1,requisite,6.0,abstract,True,prototype
VqF3Q_7eQDc_1,china,7.0,geography,True,prototype
VqIMqvX3c20,advance,3.0,banking,True,prototype
VqaaRKqS4tw_1,poor,6.0,abstract,True,test
VqeazWZzEp4,disobey,5.0,behavior,True,prototype
VqekGul5Xb0_1,mother,9.0,relation,True,test
VsCf7FnMXn0_1,cholera,6.0,medical,True,prototype
VsZTOd6ZyJ4_1,how big,6.0,quantity,True,prototype
VvCX63OKLoA_1,responsibility,7.0,abstract,True,prototype
VvIaOziZ0ac_1,minutes,6.0,time,True,test
VvT_rRyfhYs,google chat,6.0,internet,True,prototype
VvrNTIzW2g8_1,testament,12.0,attribute,True,prototype
VvsXemECtHM_1,high,7.0,spatial position,True,prototype
Vxw3BnPmi3s_1,college,7.0,education,True,test
VyDyh75isWg,form,6.0,readable,True,test
VyjKJB6Koyk,laying,15.0,action,True,prototype
VylWxxPSBOo,croatia,3.0,geography,True,prototype
Vym9FKyQnLQ_1,landlord,10.0,banking,True,prototype
W0VSNIUgNVw,endure,4.0,action,True,test
W1JjuXkqfyA,canteen,4.0,organisation,True,prototype
W2MiLfsDFyU,wind erosion,14.0,geography,True,prototype
W2nI_GK8rY4_1,district,8.0,geography,True,prototype
W3kbYwydKm4_1,sari,6.0,wearable,True,test
W3mz1IrwitA,hypotension,6.0,biology,True,prototype
W45SsK9W5qc_1,trophy,6.0,miscellaneous object,True,prototype
W4DGPU0uPEw_1,manure,8.0,flora and fauna,True,prototype
W4I02aYytbg,pencil box,5.0,utility item,True,prototype
W4cePmQ87gw,narrow,6.0,quality,True,test
W5EDhJ6YeyE,drug addiction,14.0,stage,True,prototype
W5RDOklZQxc,empowerment,4.0,abstract,True,prototype
W5yf-VHdSsg_2,change in state,8.0,chemistry,True,prototype
W62nMzY2gT4_1,earthquake,7.0,event,True,test
W6k4SdELuOA,bib,5.0,wearable,True,prototype
W7fDu4rueCg_1,follow,6.0,action,True,test
W8978OLdbx0,left demrocatic front,3.0,politics,True,prototype
W8DhdsaqA1A,hdfc  bank,6.0,organisation,True,prototype
W96HGg5hT2Y_1,previous,7.0,time,True,prototype
W98Zz8BTu7A_1,through,5.0,stage,True,prototype
W9OUQR3I6nU_2,magnetism,8.0,physics,True,prototype
WA9_DgdTz7M_1,department,11.0,abstract,True,prototype
WAJPb-9uOMI,electrical engineering,6.0,education,True,prototype
WAWc1DosGJM_1,cave,9.0,geography,True,test
WBHJgw_7yEg,mix,3.0,process,True,test
WBIjeM1OYEQ_1,monday,5.0,time,True,test
WBM9qyakPIo_1,trunk,6.0,biology,True,prototype
WBcTr4MBhHY_1,progress,6.0,action,True,prototype
WDHSvLNLkdM,body piercing,7.0,biology,True,prototype
WDlqCvrPrAE_1,elephant,6.0,flora and fauna,True,test
WERWKq12o8g,sunny,4.0,weather,True,prototype
WEnejEf0veY,close,5.0,action,True,test
WFrPLJ77amU,like social media,4.0,internet,True,test
WGdXSExEco8,classification of shrubs,9.0,action,True,prototype
WGp_XsdMsp8,5g,3.0,internet,True,prototype
WGvrtl9p1eY,shiv sena,3.0,politics,True,prototype
WGwhxNQtfbE_1,where,6.0,abstract,True,test
WHhRVTU1Lcs_2,decrease,8.0,comparator,True,test
WHmrq95mmOw,bolero jacket,7.0,wearable,True,prototype
WISR3HEeKgU,hard of hearing,5.0,sound,True,prototype
WKPkIP9yP4s_2,millilitre,7.0,metric,True,test
WKgIi8YdHtI,local train,4.0,transport,True,prototype
WLBjunNqebs_1,hen,6.0,flora and fauna,True,test
WMZ6Yh1FSP4_1,skilled labour,9.0,attribute,True,prototype
WNcSoq9M-FU,maximum,4.0,quantity,True,prototype
WNeSwJJ4J7o,deceased,7.0,medical,True,prototype
WOUQtem-BE0,bengali,5.0,language,True,test
WP5T6GzCCy4,june,4.0,time,True,test
WPckRR8epk8_1,purchase retum,9.0,banking,True,prototype
WPgq1Rr9M9s_2,resistor,8.0,physics,True,test
WQpetmGGa2Y,classification of poultry feeds,15.0,action,True,prototype
WQtuFPPXrts_1,occupation,6.0,profession,True,prototype
WSEFp-h4Vk0,blood pressure,5.0,medical,True,test
WUH-YL4puUI_1,confidential report,10.0,legal,True,prototype
WUTYbHOHrnM,hand rail,4.0,construction,True,prototype
WV786dTqOyQ,sandwich,6.0,foods and drinks,True,test
WVaqG1MJyr4_1,face value,7.0,banking,True,prototype
WW5m7jWsHFA_1,comfortable,7.0,sensation,True,test
WWSODzzlgO8_2,eclipse,9.0,event,True,test
WX8QEtaZ8Qs_1,level,8.0,abstract,True,test
WXDDCUpUoUo,guru nanak,5.0,human,True,prototype
WYEvZx_EaEo,akshay kumar,4.0,human,True,prototype
WYav7_mmBHc_1,intensive,8.0,quantity,True,prototype
WYgbIDwh3pQ_1,attendant,14.0,profession,True,prototype
WYoKVNCSH30_1,witness,7.0,human,True,prototype
WZNbLu4g4IA,backdate,5.0,time,True,test
W_qFjH-GKzA_1,thank you,7.0,gesture,True,test
WaTcrOr3-gk,international,5.0,geography,True,prototype
WaYyPwTPsY4,hug,4.0,gesture,True,prototype
Wasx0HPXASQ,move,5.0,process,True,prototype
WcmCeaR7Kk4,monsoon,7.0,geography,True,prototype
WdBygG07nkU,knife,6.0,utility item,True,test
WdE0jsfQVhw_1,blue,9.0,quality,True,test
WdZpExRajmQ_1,thursday,5.0,time,True,test
Web5iasWBo8,programme,10.0,event,True,test
WegWM9MfmYo,official,6.0,profession,True,prototype
Wi0iDXiVO3Q,allahabad bank,5.0,banking,True,prototype
WiOoeG7LL6I,clean,5.0,action,True,prototype
WihSOQ3tQkw_1,gazette,10.0,readable,True,prototype
Wj8Inf10Cds,donkey,6.0,flora and fauna,True,test
WjM69tcGYT4,next,5.0,time,True,prototype
WjikjzSwWqo_1,mail,6.0,readable,True,prototype
WlHa4foZbc0,queen,4.0,authority,True,test
WlhFpHM7lYY,see,4.0,action,True,test
Wli68zezuKs_1,sight bill,7.0,legal,True,prototype
WnMFiznX8XY_1,registered,7.0,legal,True,prototype
WoCa7_MyCog_2,melting point,9.0,physics,True,prototype
WoNO_8tWHBQ,young,4.0,attribute,True,test
Wp4jKO4IYgU_1,wednesday,5.0,time,True,test
WpleZf7o6Gc_1,welcome,6.0,greeting,True,test
WqC9XaIJz8w_1,tabala,6.0,sound,True,prototype
WqPLcJouptA_2,longitudinal wave,11.0,geography,True,prototype
WqWsOMVE56M_1,relative,11.0,relation,True,prototype
WrkOKBm3ALI_1,china,7.0,geography,True,test
Wro4Idj6K5s,crow bar,5.0,machine,True,prototype
WuGMN12WHWc_1,negogiable instrumemts,10.0,instrument,True,prototype
WuKSQ-_M1aI,rat,4.0,flora and fauna,True,test
WuoR5g21H1Q,kannada,8.0,language,True,prototype
Wv59G4v5X2Y,colour,3.0,colour,True,prototype
WviZ3J-pPPI_1,working capital,8.0,banking,True,prototype
WwD4gB4M3XA_2,real image,8.0,physics,True,prototype
WwL2FQcTAlg_1,kitchen,7.0,foods and drinks,True,test
WwlvxaeHNGI,video call,5.0,internet,True,prototype
WxIEetxTkzk,urdu,3.0,language,True,test
WzQaqtHXGOc,waveform,4.0,physics,True,prototype
WzjR1buH7o8,learn,6.0,action,True,test
X-yEakgxzbs,kali mata,4.0,religious,True,test
X0wavLbnBUU_1,sunset,7.0,event,True,test
X1g2HV45ghU,fish as a human food,9.0,foods and drinks,True,prototype
X2LpR5Hc7YE,air matress,8.0,utility item,True,prototype
X2PsOJ4GaNY,next,4.0,time,True,test
X2zPMYXfVkI_1,bright,8.0,attribute,True,test
X3SkopKJi5M_1,gujarat,6.0,geography,True,test
X3YXNM8tpD8,fryers,15.0,foods and drinks,True,prototype
X4AM6n6lNhw_1,password,9.0,computer,True,prototype
X4Vs1TVkNss,yahoo,3.0,internet,True,prototype
X5CuJTOY2g0,way,3.0,process,True,test
X6SdTvnlu94_1,soiled note,9.0,banking,True,prototype
X6V6ixAK0bI,inflammatory bowel disease,12.0,biology,True,prototype
X6ZfXYmVdZY,train,4.0,transport,True,test
X7cTwzYjoko,vertical scroll bar,13.0,computer,True,prototype
X7vnmMCdV48,hurdle race,4.0,sport,True,prototype
X8RjdHHXbCY_2,soldering flux,9.0,physics,True,prototype
X8_WnuAdIoE_1,bread,6.0,foods and drinks,True,test
X9PzLJ-yL6s_1,september,6.0,time,True,test
X9wanmhpROw_1,maturity,10.0,behavior,True,prototype
XAvOgSgdGDA,motorcycle,5.0,transport,True,prototype
XBDWMGgWI04_1,aluminium,8.0,metal and minerals,True,test
XCPgFzW3yUE_1,withdrawal slip,7.0,banking,True,prototype
XCYJTR2fzss_1,assembly,7.0,group,True,prototype
XCsc6GXwslU_1,april,6.0,time,True,test
XDNgMT4swe4,grow,8.0,time,True,test
XDO5mNV8P8o,abusive language,11.0,language,True,prototype
XDSaCZLa0o0,express train,6.0,transport,True,prototype
XE2bfzfoTro,golf,5.0,sport,True,prototype
XECPEZiJD4E_2,eliminate,7.0,action,True,prototype
XEKKQz2x4DE,dubai,5.0,geography,True,test
XEQsvpY65LY_1,ratification,7.0,legal,True,prototype
XFDOnLG4P7Y,shatabdi express,4.0,transport,True,prototype
XFG6tJjEar8,lie,4.0,action,True,test
XHJhdPI69bU_1,bend,5.0,action,True,prototype
XI4MKE3j4no,communicate,4.0,process,True,prototype
XIKz5RlhRZU,button placket,5.0,wearable,True,prototype
XJlP6BgrAow,san serif,12.0,abstract,True,prototype
XJmhK6SxaMQ,mugshot,12.0,legal,True,prototype
XMtMf2GRxxk,translator,4.0,electronic and electrical,True,prototype
XNwWFLtgL8I,singer,5.0,profession,True,prototype
XNzRI_vkkxM_1,banian,7.0,wearable,True,prototype
XOHJjemMcW8_2,rapidly,8.0,time,True,prototype
XOqFl-yg95M_2,white,9.0,abstract,True,prototype
XP1X2toQb3s,common,5.0,abstract,True,prototype
XQgxYpjO6jU_2,muitimeter,10.0,instrument,True,prototype
XR2EElHLeWE_2,heat,8.0,physics,True,prototype
XR_LQZfd3F8,bishop sleeve,7.0,wearable,True,prototype
XRo4L75knlY,postman,4.0,profession,True,test
XSg7UigBYwY_1,bus conductor,7.0,human,True,test
XSz3T7I9Fbg_1,leave study,8.0,profession,True,prototype
XT42tl2wl_4,general,4.0,abstract,True,prototype
XT4QvSmPJRQ_1,unearned,8.0,banking,True,prototype
XTZcfTHZlW0,haryana,5.0,geography,True,prototype
XUmgkiZM4JI_1,earth,8.0,geography,True,test
XV9orqztWis,bank branch code,7.0,banking,True,prototype
XVlUiV0aFOM_1,inspection,8.0,authority,True,prototype
XVoGUfRZqHo,electrician,5.0,profession,True,test
XVyV9wkauSw_1,outstanding report,9.0,readable,True,prototype
XWvuOZR3KRY_1,unavoidable,8.0,abstract,True,prototype
XWwz6oS8uz8,diarrhea,5.0,medical,True,prototype
XYVygMJqlTQ,suspect,6.0,legal,True,test
XYfVG8GNe4E_1,funeral,9.0,event,True,test
XYyZ0xYVA6I,pakistan,3.0,geography,True,test
X_tu5xG4icY_1,lighthouse,8.0,construction,True,test
XaifQVBtgpw_1,axe,7.0,instrument,True,prototype
XalS8Nhpxy8,sim card,4.0,utility item,True,prototype
XbKXIrsb2Sw,boolean,12.0,math,True,prototype
XbKePH5Af7I_1,court,6.0,legal,True,prototype
Xbglx4_9h88,iceland,4.0,geography,True,prototype
Xbumrid_U8k_1,routine,8.0,action,True,prototype
XcQTq6tBNeE_1,communicate,6.0,process,True,test
Xca-yzLOWRU,close,13.0,action,True,test
XclyR8ijJbo_1,running account,10.0,banking,True,prototype
XdGYd0-mOy8,unlimited,5.0,quantity,True,prototype
XdNhZENdMvM,shoot,4.0,action,True,test
XdhGx06dlAI,relative,8.0,relation,True,test
Xds_c4kK0UQ_2,pollution,7.0,geography,True,prototype
XeV_Qqks978,unlawful,5.0,legal,True,test
Xf0NPEArdgY,equal,4.0,metric,True,prototype
XfXW-x1C4Es_1,hip,6.0,biology,True,test
XgbPX-5ddNM,surprised,4.0,behavior,True,prototype
XggUmMB_05c_1,arm,8.0,biology,True,test
XgnLpUYDvoE,geodetic surveying,14.0,education,True,prototype
XhewfEcC070,innovate,8.0,action,True,prototype
XhiIueAytF4,stomach,4.0,biology,True,prototype
XhxvdfUYX1E_1,last pay certificate,10.0,banking,True,prototype
XirShDs3mK8_1,punjab,8.0,geography,True,test
Xj4aXWm1Ivk,hack saw frame,8.0,instrument,True,prototype
XjXXmj-9kFE,virus,6.0,medical,True,test
Xjnz65u4rsc_1,cash credit key,10.0,banking,True,prototype
Xl-YVIaxrFE_2,vacation,9.0,event,True,test
XlHIH3wgbr4_1,thorn,6.0,miscellaneous object,True,prototype
Xlo5HX0NVO0,tool box,9.0,instrument,True,prototype
Xlq9pRiAwLA_1,towards,6.0,relation,True,prototype
XnTZYBLuwos,classification according to parts used for crop,15.0,action,True,prototype
XnkB49W7JEI,humble,4.0,sensation,True,prototype
XpQ4QGeNsGM_1,angry,7.0,emotion,True,test
XpYDSeC0hTA_1,poision,5.0,medical,True,prototype
XqH46D16YDI_1,tea,5.0,foods and drinks,True,prototype
XqcaXXg2ncs,flatulence,10.0,human,True,prototype
XqqYCaMA1oM,damp proofing material,13.0,substance,True,prototype
Xqqb4UhRPMI_1,underwriter,9.0,banking,True,prototype
Xr1SEUip10E,reception,5.0,behavior,True,test
Xt6ujzVtikU_2,change in temperature,9.0,chemistry,True,prototype
Xu7Bjpz-ZRs,receive,4.0,action,True,test
Xu87pjWy-zY_1,varanasi,5.0,geography,True,test
XunH_PEln9Y,piece,7.0,miscellaneous object,True,test
XvUEpKDeies,owner,5.0,human,True,test
XvtQ_hOFO8E_1,dream,6.0,behavior,True,test
Xvw_2UBBL30_2,known loss,8.0,banking,True,prototype
Xw90mtR4Z7c_2,capacitor,8.0,electronic and electrical,True,prototype
XwQxJ5FXoQ8,may,5.0,time,True,prototype
XxRvBiQEf1s,arunachal pradesh,5.0,geography,True,test
XyDptoi7dw4,flower for exhibition,13.0,flora and fauna,True,prototype
XzFGTYxVrW0_2,extermal combustion engine,11.0,machine,True,prototype
XzRvTWXXufk,vivekananda rock memorial,7.0,construction,True,prototype
XzUB9q5Buyw_1,sick,7.0,medical,True,test
Y0-DjFLQcLw,jam,6.0,foods and drinks,True,test
Y0G5Sqs-lYw,librarian,4.0,profession,True,prototype
Y0JhQ12-JVE,negligent,4.0,quality,True,prototype
Y0ObDf8ZmJ0,enjoy,6.0,action,True,test
Y1KyjzkkP4E_1,of,6.0,language,True,prototype
Y1_xQfLPThU_1,provision,8.0,action,True,prototype
Y1qTt6mL5ck,world federation of the deaf,4.0,organisation,True,prototype
Y1sJK9C1Y14,change of venue,11.0,action,True,prototype
Y2uzoxP4eZc,central processing unit,11.0,computer,True,prototype
Y638xpGVl88_1,copy,6.0,action,True,test
Y66DFt19PyE,student,3.0,profession,True,prototype
Y6FhOnbO6UI_1,thursday,6.0,time,True,test
Y7Smdq0HgqY,choking,14.0,medical,True,prototype
Y7eYIdnqRSU,pumpkin,4.0,foods and drinks,True,prototype
Y8X09M_jMsI,sunrise,5.0,event,True,test
Y9MkvKtXngo,decade,5.0,time,True,prototype
YAn2NmtqmkU_1,climb up,6.0,action,True,prototype
YCnpEJTrtb4,older sister,3.0,relation,True,prototype
YCunYHD0SVY,lawyer,4.0,legal,True,prototype
YCuxJLH5fK0_2,refinance,7.0,banking,True,prototype
YDCikAndHLU_1,wife,10.0,relation,True,prototype
YEHQWC5VjX4_2,light,8.0,physics,True,test
YELxiOno-Q4_1,income,8.0,banking,True,prototype
YF6c_Lb35ng_1,housefly,6.0,flora and fauna,True,test
YF72FhOc8B8_1,tall,6.0,attribute,True,test
YFFVY9bYiW8,mizoram,5.0,geography,True,test
YFl0dGwRwYo,property,7.0,banking,True,test
YFrtVUeFoe4,peril,4.0,abstract,True,prototype
YGISt7qQBCw,catalogue,9.0,utility item,True,prototype
YGPgejLrILM,date,6.0,time,True,test
YGog5xq4SiQ_1,corruption,7.0,legal,True,test
YHRvUilX5yc_1,incharge,10.0,authority,True,prototype
YHd3THK5M-w,paint,6.0,computer,True,test
YHl7zDSdzVE,javelin throw,3.0,sport,True,prototype
YIns3vxfhnk,masculine,4.0,behavior,True,prototype
YJTInZmt8eE,brick masonry,7.0,construction,True,prototype
YKFHr8y6YRI,metal,5.0,metal and minerals,True,test
YKeS_ZBqjUs,lantana camera,14.0,flora and fauna,True,prototype
YKnnyhESBww_1,kurta,6.0,wearable,True,test
YL4WDUU1nNU_1,nepal,7.0,geography,True,test
YMao9qfTNDs,herniated intervertebral,14.0,biology,True,prototype
YMsS8QIdWM0,tuesday,3.0,time,True,test
YMuk_8H4EWM,madhya pradesh,4.0,geography,True,prototype
YMzAv4AKiZI_1,responsible,7.0,behavior,True,prototype
YOouxgzRLPY_1,ant,6.0,flora and fauna,True,prototype
YP8kV_QxB5k_1,hyderabad,6.0,geography,True,test
YPnTIhCizr0,rainbow,5.0,weather,True,prototype
YQONdUfXS78_1,local,10.0,spatial position,True,test
YQcpKDKzhIQ_1,bad,8.0,quality,True,test
YQd_WV8xzI4_1,minor,9.0,behavior,True,test
YQflbkaOx2g,table,4.0,utility item,True,prototype
YRCrJpcwteg_1,january,6.0,time,True,test
YRc3fxOAnOg,hungary,3.0,geography,True,prototype
YRlUUOC7_-0_1,partnership,10.0,relation,True,prototype
YSKXGgR-m4Y_1,visit,6.0,action,True,prototype
YSgIm4RE1E4_1,soap,7.0,utility item,True,prototype
YT1x1wgyjLQ_1,tiffin box,6.0,foods and drinks,True,prototype
YT3NbB5D_AU_1,sue,10.0,action,True,prototype
YT73Lh88yeE,waste,4.0,abstract,True,test
YVKW4zFBxRs_1,wednesday,5.0,time,True,test
YVRYl6f1f_0_1,experiment,7.0,process,True,test
YW5naaaX4ag_1,tight,6.0,quality,True,prototype
YXM8FEEsI_A,conference,6.0,group,True,test
YYJ96CO6dt0,slippers,4.0,wearable,True,prototype
YYMy75KpmJk,sweat,6.0,biology,True,test
YZNxu9uehxA_1,land revenue,10.0,banking,True,prototype
Y_T9AimBaqk_1,wastage,6.0,abstract,True,prototype
YbaTI-fVR9c,salary,4.0,banking,True,test
Yc0Mx7DJ_Io,your,3.0,relation,True,test
YcSno6m_WPQ_1,inauguaration,7.0,event,True,prototype
YcTowX_Es6E,banana tree,6.0,flora and fauna,True,prototype
YewyTxkCShU,lawn,8.0,construction,True,prototype
Yf38Dy5zOF4,coconut,4.0,foods and drinks,True,test
YfCkx2qZd10_1,bake,7.0,foods and drinks,True,test
YfPizjRLLBk_1,nail polish,7.0,utility item,True,prototype
YfbeV360wAA,kajal,4.0,utility item,True,prototype
YgZcsvejUF0,sixteen,4.0,quantity,True,prototype
Ygj0IRouWKg,wash,3.0,action,True,test
YhHAI3h-Pno,phone,6.0,electronic and electrical,True,prototype
YhVonZ8wM4s,reservation,5.0,group,True,test
Yic2UpwFlV0_1,maximum,9.0,quantity,True,test
Yipdqci-cG4,speak,3.0,action,True,prototype
Yiu0Yd9fSk8_1,boy,8.0,human,True,test
YjFFLGIxdsw,indian national congress,3.0,politics,True,prototype
Yk2bJx0XDKk,corn,14.0,foods and drinks,True,test
YkB8oNd9yWk_1,insult,6.0,action,True,test
YkczyHs5RyA,deer,4.0,flora and fauna,True,test
YkjhmBTDRSE,surface erosion,10.0,geography,True,prototype
Ykt6OXbw1q0,blue,6.0,quality,True,test
Ykv_2L4-7RY,accident,5.0,event,True,prototype
YlpdAUskBYI,protect,5.0,action,True,prototype
YnAajpsmDmk_1,cloth,8.0,wearable,True,test
YnKRMSyKkJk_1,chapathi,6.0,foods and drinks,True,prototype
YnZWnAEfIPw,round,4.0,math,True,test
YnmUSF3cQCA_1,minister,7.0,authority,True,test
YoqthDSpmXU,show,4.0,action,True,prototype
Yp-T6g3cBAU_1,rectangle,11.0,math,True,prototype
Ypycm97DvfI,paragraph,6.0,language,True,test
Yrzxd9xMdf4_1,manual of instruction,9.0,readable,True,prototype
YsHiDhGbv0Q,nepal,5.0,geography,True,test
YscdSP4txHA,gang box,9.0,utility item,True,prototype
Ystk7l_FXfM,specialist,5.0,profession,True,prototype
YtiMW5yuGp0,pass,6.0,abstract,True,test
YtxxtvSqLN0,button loop,10.0,wearable,True,prototype
Yu6K4sXguXs_1,fruits,7.0,foods and drinks,True,prototype
YufUJ48avIM,all india federation of the deaf,4.0,organisation,True,prototype
YuqMoY_OqRg,printer,5.0,instrument,True,test
Yv8NF6YIl10_1,stone,7.0,metal and minerals,True,test
YwFKOE6S4C0_1,bogie,9.0,transport,True,prototype
YwR00ZeFcQY_1,mother,8.0,relation,True,test
Yws2a_L3P5k,top,4.0,comparator,True,test
Ywv9sPO2h8U_1,shipping order,9.0,process,True,prototype
Yx69VxUEjg4_1,expansion,8.0,quantity,True,prototype
Yympd7Zsia4,visa,4.0,legal,True,test
Yz4vZ5ALDfw,thank you,3.0,gesture,True,test
Yz6em7jgxK0,weak,4.0,quality,True,test
YzE81xCkrbs_1,premature,10.0,attribute,True,prototype
YzFnEXBbgqk,railway station,6.0,transport,True,prototype
YzFnEXBbgqk_1,railway station,6.0,transport,True,test
YzMaVzYqmoI,cutlery,7.0,foods and drinks,True,prototype
Z-WSsu6coz0_1,specimen signature,11.0,attribute,True,prototype
Z-eYQ41xjss_1,auditorium,7.0,construction,True,prototype
Z1QjMt7Nv8g_1,neighbour,11.0,human,True,test
Z1du80pIIo0,brochure,5.0,readable,True,prototype
Z1rwaj311WE_1,need,6.0,abstract,True,prototype
Z3CJVJpzaio_1,keeper,10.0,human,True,prototype
Z3vKfnZktzo,parking,6.0,transport,True,prototype
Z40K5gHMTUI_1,transfer,6.0,action,True,prototype
Z45tFt5f02s_1,more,6.0,quantity,True,prototype
Z57OPDQI-AM_2,transverse wave,10.0,physics,True,prototype
Z6JNDTUxfUc,grey,8.0,colour,True,test
Z6tnoY_mWJI,ahmedabad,5.0,geography,True,prototype
Z7IcqSuMStI_1,silver,7.0,metal and minerals,True,test
Z7SDxmGugRY_2,stretch,9.0,action,True,prototype
Z7eSedTdh8o_1,lock,8.0,machine,True,test
Z7rp2PsMEnM_1,flat,6.0,attribute,True,prototype
Z8s8vMx7whQ_1,andhra pradesh,7.0,geography,True,test
Z90_kV0h1d8_1,re sale,6.0,banking,True,prototype
Z9fW5tpQOYY,lake,8.0,geography,True,test
ZA9VMWZGtLw_1,socks,7.0,wearable,True,test
ZAVbHxqvcZM,projector,4.0,instrument,True,test
ZAXYZbQjJd8,official,3.0,legal,True,test
ZBUU3_QSSZ0,ant,6.0,flora and fauna,True,test
ZBUU3_QSSZ0_1,ant,6.0,flora and fauna,True,test
ZD4iPTVebqg,flowering hedges,10.0,flora and fauna,True,prototype
ZE26UZXyMDs_1,laddu,5.0,foods and drinks,True,prototype
ZEGaQMAZwgE_2,vision,7.0,abstract,True,test
ZEOITP9Urts,goat,6.0,flora and fauna,True,test
ZES6f5bu19M,jantar mantar,5.0,geography,True,prototype
ZGH9wRwlXSA_1,leg,9.0,biology,True,prototype
ZGZMh2l-Kro_1,upper age limit,9.0,time,True,prototype
ZH6w06bHVJs,center  back,10.0,spatial position,True,prototype
ZHBeAUvAWFw_1,gram,6.0,metric,True,test
ZHn-DlqMC3c_1,deposit short,12.0,banking,True,prototype
ZIKWlQUff9c,there,3.0,geography,True,test
ZKrESO7NJkw,electrical leakage,10.0,physics,True,prototype
ZLBwSYUFhqk,resign,4.0,action,True,test
ZLMSgBfkRgc,lebanon,4.0,geography,True,prototype
ZLj7E6Q5ZUg_1,year to year,9.0,comparator,True,prototype
ZM0n1zjza48,trader,7.0,commerce,True,prototype
ZM95iphl6eM,chile,3.0,geography,True,prototype
ZQXv3lFCkp8_2,equation,8.0,math,True,prototype
ZQzqGalXdEU_1,raddish,7.0,foods and drinks,True,prototype
ZRb_4bhHAus_1,lunacy,9.0,attribute,True,prototype
ZRmC8bZ5OgY_1,notification,8.0,legal,True,test
ZSOCalqaCTw_1,east,6.0,spatial position,True,test
ZT-CEOMhqAI_1,planet,8.0,astronomical,True,prototype
ZT1KeYVFU3s,over,5.0,spatial position,True,test
ZTdHkUXOcHU_2,visible ray,8.0,physics,True,prototype
ZThUGVQhL08,umbrella,5.0,utility item,True,test
ZTyOfVeFBgA_2,sotar,8.0,astronomical,True,prototype
ZU74gADGVD4,practice,5.0,action,True,prototype
ZUL1-j2VL6w,technician,4.0,profession,True,prototype
ZW9M04OzRVU_1,owl,7.0,flora and fauna,True,test
ZWdAqWE-J3k,polite,5.0,attribute,True,prototype
ZY-WTPLbMZc,yourself,3.0,abstract,True,test
ZYzl-LchceU_1,lucknow,5.0,geography,True,prototype
ZZAKxP9xMSE_1,plastic,8.0,miscellaneous object,True,test
ZZtr21utYZU,cartidge,15.0,utility item,True,prototype
Z_LPvE-ICAw_1,near,6.0,spatial position,True,prototype
Z_M-x3Xb-7c_1,enemy,9.0,relation,True,test
Z_aF7Dndg5o,wrestling,4.0,sport,True,test
Za7gQoC8eaA_1,hospital,6.0,construction,True,prototype
ZaBfhzfL_II,long jump,4.0,sport,True,prototype
ZaNS5RUpBAM_1,jain,5.0,religious,True,prototype
ZanVx78hi-g_1,water,8.0,substance,True,test
Zb_TG66NcQM,libya,4.0,geography,True,prototype
Zbzwv7UaDLE_1,cholera,6.0,medical,True,test
Zc9o_U0ilpU,discount,6.0,banking,True,prototype
ZcKsHron__8,graders,10.0,education,True,prototype
ZcVzjZeVwj0,lock,4.0,machine,True,test
ZcxtRrRVHFE,request,4.0,action,True,prototype
ZePqDGIfLng_1,goat,6.0,flora and fauna,True,test
ZfEb14w8ZMk_1,housefly,6.0,flora and fauna,True,test
ZfvUujCbJR0,motorola,5.0,organisation,True,prototype
Zgmvl6IgXuY,amazon,4.0,organisation,True,test
Zgt1aed1imY,buddhism,4.0,religious,True,prototype
ZhM0Ej44-3A_1,poision,6.0,medical,True,test
ZhZN3BiLEqg_1,student,7.0,profession,True,test
Zj_vIX40c4U,internet,8.0,internet,True,prototype
ZjgpWHd9cyc_1,blue,9.0,quality,True,test
ZkswCQRgxvQ_1,tongue,6.0,biology,True,prototype
ZlECIvK4NRU,name,4.0,language,True,test
ZlEsSpNpRWc_1,tiger,5.0,flora and fauna,True,prototype
ZlHosNYMQwE,christianity,4.0,religious,True,prototype
ZmPkrJiAoGU,shock,4.0,behavior,True,test
ZmQb16XR9Uk,themselves,4.0,relation,True,test
ZmwQgw19ceU,lime paste,7.0,substance,True,prototype
Zn0fVlU7o9Y_1,note,6.0,banking,True,prototype
ZolqmXUbwIw_1,kangaroo,6.0,flora and fauna,True,test
Zr3LQ0FwcUM,victory,4.0,event,True,prototype
ZrPL-xKnDfk,degree,6.0,education,True,test
ZrRMVnEBilo_1,magnet,8.0,physics,True,test
Zrcq4sIJPH0_1,transaction,9.0,commerce,True,prototype
ZrzSxs277R8,bronchial tumors,10.0,medical,True,prototype
Zs0aCR0psKg_1,maximum,7.0,quantity,True,test
ZsQKzWzog3w,cylinder,5.0,utility item,True,test
ZsQM3Ip3WP4,oneplus mobile,4.0,electronic and electrical,True,prototype
ZtAKgVo5KFQ_2,property tax,6.0,banking,True,prototype
ZuEwvrlmnyw_1,thursday,6.0,time,True,test
ZuMVWIDZEQI_1,incentive,9.0,legal,True,prototype
ZuVsJQ_IKxc_1,balance outstanding,11.0,banking,True,prototype
ZwVF0XfVD7I,bath,5.0,action,True,test
ZxL9a3whvvo,tubelight,5.0,electronic and electrical,True,test
ZytQJwYWKuM_1,africa,7.0,geography,True,test
ZzvSRtMXoSA_1,garlic,7.0,foods and drinks,True,test
_-U30DSj-t0_2,plane,9.0,math,True,prototype
_16L9IQXOm8_1,around,6.0,spatial position,True,prototype
_1V-RYndk_o_1,bark,6.0,action,True,test
_1vtXVjFtg0_1,brittle,7.0,attribute,True,prototype
_2S9CpnbPLk_1,volcano,7.0,geography,True,test
_2TlWc7fctg,donald duck,5.0,entertainment,True,prototype
_45PKVEtIUE_1,clown,6.0,entertainment,True,test
_4oE2cTO6V4,blind stitch,14.0,wearable,True,prototype
_5-p1Ci-LQI,norway,4.0,geography,True,prototype
_5ISkq46e4U,volkswagen,5.0,organisation,True,test
_5yHq8UYB-8_1,throat,7.0,biology,True,test
_7E0eolOh4c,elevator,4.0,construction,True,prototype
_7G2Uzs6TTE_1,prescription,7.0,medical,True,prototype
_8BciHWrpOA,genuine,4.0,attribute,True,prototype
_8bxz4NREvk,prime location,12.0,spatial position,True,prototype
_9JUz_eRGKk_1,arrears,10.0,commerce,True,prototype
_9fyR8lD1Uo_2,zero correction,9.0,quantity,True,prototype
_BPtLQumNF4_1,radio,7.0,electronic and electrical,True,test
_C-VYAN3NP0_1,sly,7.0,attribute,True,test
_CKSfuSN8qY,test,5.0,education,True,prototype
_DzQr-7t3Wo,why,8.0,abstract,True,test
_Dzn4G-zY6Y,opuntia,12.0,biology,True,prototype
_FpLmutBgNQ_2,curvature,10.0,physics,True,prototype
_GG3jvZWj_4,chikoo,4.0,foods and drinks,True,prototype
_HPV8-2Xdx8,distance learning,6.0,education,True,prototype
_I7a-SaQTbQ_1,wound,8.0,medical,True,test
_J3ub2IKdWM,clauses,14.0,language,True,prototype
_JhAFFdTuQk,time table,5.0,time,True,prototype
_K6fZSaEvfY,idbi bank,6.0,organisation,True,prototype
_KD_lxiKv6o_1,overleaf,9.0,abstract,True,prototype
_KNZJg6KmXo_1,sharpener,5.0,utility item,True,prototype
_MQLjVv71vA_2,convex,12.0,physics,True,prototype
_MfSh3vAg-8_1,trunk,6.0,biology,True,test
_NCg6SOF43E,august,5.0,time,True,test
_NQG94L6Ook,some,4.0,quantity,True,prototype
_O0kLRn736A_1,belt,6.0,wearable,True,test
_OCCVPF3icI,buffalo,4.0,flora and fauna,True,test
_OVPsuqM4WA,axe,4.0,instrument,True,test
_P4bfLS4TnU,influenza flu,10.0,biology,True,prototype
_PagRKs0NVw_1,cosmetics,7.0,substance,True,test
_QKUHg7BOt0_1,model,7.0,behavior,True,prototype
_QuzEYjeK5o_1,task force,9.0,legal,True,prototype
_RUSSzoAwkI_1,grind,6.0,process,True,prototype
_SL5nKedSfM,defraud,5.0,banking,True,prototype
_UPbbNrJVTI,outer shell,13.0,substance,True,prototype
_VEDOuAOkwY_1,sweater,7.0,wearable,True,test
_VfAEWS3NIs_1,nose,8.0,biology,True,test
_VoVLROfTak_1,cash certificates,10.0,banking,True,prototype
_WJFCAKQNOk_2,particular,12.0,attribute,True,prototype
_XNGzuCEq_k_1,certificate,7.0,readable,True,test
_YZmHbnrcmM_2,air pollution,12.0,chemistry,True,test
_ZQRTRss6sY,parliament,4.0,legal,True,test
_Zk6T8osdEc,xylophone,5.0,sound,True,prototype
_Zqd_PC4zYs,order,4.0,action,True,test
__Rz2PaTB1c,malayalam,5.0,language,True,prototype
__cUle3-80c_2,copper wire,10.0,metal and minerals,True,prototype
_a81r3Cftzk,can,3.0,attribute,True,test
_buJuYv17y0_1,cupboard,9.0,utility item,True,test
_deTkHwvwhc,best,4.0,quality,True,test
_eYKufKYrnM,lumberjack,11.0,profession,True,prototype
_erfAmrdyIM,take a photo,6.0,action,True,prototype
_g40sO4Upvg,iraq,4.0,geography,True,prototype
_g4EWTEciww,milling cutter concave,8.0,instrument,True,prototype
_gSbFjpWY5c_1,serve,6.0,action,True,prototype
_gdCYZeEcTY,in the middle,5.0,spatial position,True,prototype
_guaVXmbJsE,bell sleeve,8.0,wearable,True,prototype
_hrzFsvu4iI_2,plane convex lens,10.0,physics,True,prototype
_idIz52QU2Y_1,country,7.0,geography,True,test
_jbbOFSVFyY,basil,6.0,flora and fauna,True,prototype
_k5G74jDhCE_1,present,7.0,time,True,test
_kI81r19zgI_1,hindu,6.0,religious,True,test
_l5aWVYPWik_1,stock book,10.0,banking,True,prototype
_lArEvKP43c,original,4.0,attribute,True,test
_lF0BZafFlw,belgium,3.0,geography,True,prototype
_mAt07ZKGeg,kolkata calcutta,5.0,geography,True,prototype
_mRzTYgtxCU_1,quantity,7.0,quantity,True,test
_mmkfKN0-dg,chipping,4.0,process,True,prototype
_n7v_yu-uiY_1,rotten,7.0,attribute,True,prototype
_ok_Ke5qnV8_2,temperature,8.0,weather,True,test
_otCOj9YmMs,drunk driving law,10.0,legal,True,prototype
_p5nn1S8iRE_1,blouse,7.0,wearable,True,test
_pDr9N-HtgQ_1,monthly return,10.0,banking,True,prototype
_prgaw9obbQ,wash,4.0,action,True,test
_pzmJOER_y8,ooty,7.0,geography,True,test
_qABLoRjm18_1,survey,10.0,process,True,prototype
_qWORH98SLc,person,3.0,human,True,test
_rEVVtT1I44,she,4.0,abstract,True,test
_rHStCQCPno,wedding,3.0,event,True,test
_rguUTHtPkg,next,3.0,time,True,test
_sBMoMv15aQ_1,mortgage,10.0,banking,True,prototype
_sL5FydI-Is,slow,4.0,attribute,True,test
_tx2iiQNlZs,earthquake,4.0,event,True,test
_u5BpyWgd2k,promote,5.0,action,True,test
_uvEsXwbAKw_2,biomass,8.0,biology,True,prototype
_v0ZCfpOs8c,crops,15.0,flora and fauna,True,prototype
_vlN9I_YSG8,united nations convention on the rights of persons with disabilities uncrpd,4.0,organisation,True,prototype
_vpJKqAQ_u8_2,geyser,11.0,machine,True,prototype
_wR2epuH6m8_1,reconciliation,6.0,relation,True,prototype
_yuawBKn9O0_1,february,6.0,time,True,prototype
_z-Ry3er2_k,blood,5.0,biology,True,test
_zIhoXYpQfQ,folder,11.0,utility item,True,prototype
a1Nj8ScIhho,rani of jhansi,4.0,human,True,prototype
a1T4s6FhcSE,clear,5.0,attribute,True,test
a1Zz3eyS0yE_1,start,6.0,stage,True,test
a2YWHdD5gKk_1,big,6.0,attribute,True,test
a3ZwnyHdlGI,cage,6.0,construction,True,prototype
a3qDF39okh0,citrus vulgaris,13.0,foods and drinks,True,prototype
a4PC3Klb_OA_1,jalpur,6.0,geography,True,prototype
a5kEZgbaT7w,i understand,5.0,action,True,prototype
a6CyJGTNsG8,duronto express,5.0,transport,True,prototype
a7LNu3_mPAo,sarong skirt,8.0,wearable,True,prototype
a7gXYwtf0aM,rainbow,6.0,weather,True,test
a7hNqWODhnU,fingerprints,12.0,human,True,prototype
a7kvbMiKkuQ_1,strike,7.0,process,True,prototype
a8cDfDvCcxw,cockroach,7.0,flora and fauna,True,test
a8g9AMsHvlI_1,friday,5.0,time,True,test
a8w3qeRPwp8_1,yesterday,7.0,time,True,test
a8wk12Rfkac_1,west indies,7.0,geography,True,test
a9th81iiE2M_2,year,9.0,time,True,test
a9xB9EN33FY,mineral matter,11.0,geography,True,prototype
aAOnQ9s6SlM_1,financial year,11.0,banking,True,prototype
aBFl_E3z3m0,flounce  hem,15.0,wearable,True,prototype
aBWOTIxuGus,mysuru,6.0,geography,True,prototype
aCSZ-jr5Y_o,shallow,5.0,attribute,True,prototype
aCaG3G4PAkQ,bedroom,4.0,construction,True,test
aD03ngrTQoI_1,goat,7.0,flora and fauna,True,test
aECrxESTDUM_1,percentage,7.0,math,True,test
aF30g7ajjas_1,turn,6.0,action,True,prototype
aF7X0ClwZVg,diet,11.0,foods and drinks,True,test
aFGQehtPlPc,disease,7.0,biology,True,test
aFOyoIR4gqw,split pulley,14.0,machine,True,prototype
aFbn0Bm9MCQ_1,special,5.0,attribute,True,test
aFelqRyZOM4,sphere,7.0,abstract,True,test
aGRreliJps4_1,pillow,8.0,utility item,True,test
aH6ce_mquBY_1,advance,11.0,banking,True,test
aHhWeircCv4,thiruvananthapuram,4.0,geography,True,prototype
aHmj7r_Ts70_1,crocodile,6.0,flora and fauna,True,prototype
aI58FdiAz7Y_1,travel,7.0,action,True,test
aIJKbhWx3So,under the weather,12.0,medical,True,prototype
aIYmSF72Yk4,mistake,3.0,abstract,True,test
aJI0l51wGGM_1,dubai,6.0,geography,True,test
aJeKWqpMr7Y_2,glass stab,10.0,substance,True,prototype
aJkcfI5vUd4_1,parent branch,9.0,organisation,True,prototype
aJvkIV-8Q9A,promise,5.0,action,True,test
aKKqKv1FFrU_1,expert,9.0,attribute,True,prototype
aK_immPV5TM,statistics,5.0,math,True,prototype
aKd7QTNB4IU_1,wife,9.0,relation,True,test
aLFLtt_Hy5Q_2,parallel circuit,14.0,physics,True,prototype
aL_AGq7MxBk_1,visual aid,6.0,banking,True,prototype
aMQeupEDGOw_1,repair,7.0,action,True,test
aMs5U3qDEJ4_1,towel,6.0,utility item,True,prototype
aNthcGq-FqI_1,vacancy,8.0,abstract,True,prototype
aO1B2sAfigI,again,4.0,time,True,prototype
aO7Pmus6yEE,month,5.0,time,True,test
aOR-2KDf9pA_2,concave,12.0,physics,True,prototype
aQ6GM2E-3-k,internet disconnection,5.0,internet,True,prototype
aQEJlg8RhXQ,good,4.0,quality,True,test
aQHSHQkL47I_1,sunday,5.0,time,True,test
aQT4jI0jMWc,separate,4.0,action,True,test
aQpVV49PF98_1,catch,6.0,action,True,test
aRGwbWv6law_1,neighbour,10.0,human,True,test
aRMlrpN0MzU_1,up,5.0,spatial position,True,prototype
aS2e07FE2uw,jew,6.0,religious,True,prototype
aSHLJIU6ZeE_1,sandwitch,6.0,foods and drinks,True,prototype
aTHCIoGVi0k,judgement,10.0,action,True,prototype
aTbpGKnMdv8,reduce,5.0,action,True,test
aTk3A6yTmIA_2,quantity,8.0,quantity,True,test
aTp3Y4ABxB4,sling bag,5.0,wearable,True,prototype
aVXHUzd1cW4,while,4.0,abstract,True,prototype
aVxK8yw7z7I,paste,5.0,action,True,prototype
aW1uRjayEEQ_1,amendments,9.0,legal,True,prototype
aW8jBRmN24M_1,tour,9.0,event,True,prototype
aWlh04N3DzA_1,handkerchief,6.0,utility item,True,test
aXHoCMyVez8,juliet sleeve,7.0,wearable,True,prototype
aXX2ysgHZTA,east,5.0,spatial position,True,test
aXvpcfjK7Sg,officer in charge of jail,13.0,profession,True,prototype
aYQ97trsr6k_1,celebrate,6.0,event,True,prototype
aYbsN9GG3kY_1,actor,8.0,profession,True,prototype
aYjNOmE73zE,flat gardens,11.0,geography,True,prototype
aYpR1Gsa0_U,christmas,3.0,event,True,test
a_5rkFrzauo_1,examination,7.0,education,True,test
a_yFlzuJ7oY_1,sundry,7.0,quality,True,prototype
aawUzeSXJpU,handle,10.0,utility item,True,prototype
abmY621VQCw_1,smell,7.0,sensation,True,test
abz1iHHIktI_1,ledger balance,11.0,banking,True,prototype
acdKVU7bbhw,appointment,4.0,action,True,prototype
ae55QOIEGEk_1,operate an account,10.0,banking,True,prototype
ae7r5dnrG34,austria,3.0,geography,True,prototype
aeJSYb8CmS8_2,troughs,14.0,physics,True,prototype
aePcBtCpcPA,road separator,7.0,transport,True,prototype
aeaHJYnML2E_1,corresponding branch,10.0,banking,True,prototype
afB8ioKoVh8_1,shortage,9.0,banking,True,prototype
afZNvfwjxEA_1,vendee,7.0,human,True,prototype
ag8J-3yc7PE,engineering scale,13.0,instrument,True,prototype
ahUSb4o3pKw,culottes,9.0,wearable,True,prototype
aj736kmw3Pw_1,escape,6.0,action,True,test
ajczOXxcx_s,mouth parts,12.0,biology,True,prototype
ak5WS3_FBv8_1,fisher man,7.0,profession,True,prototype
akYhM0X2Udc_1,start,5.0,stage,True,test
alvjMQjm1pM,personal,4.0,relation,True,test
alyadcV43G8_1,item,11.0,utility item,True,prototype
amB7PkF8fWQ,serial tv,5.0,entertainment,True,prototype
amBz3VzA608_1,cheque,6.0,banking,True,test
amQEVitOUn4_1,right,6.0,abstract,True,test
amb6frWEiDU,ministry of social justice and empowerment,4.0,authority,True,prototype
amhLPtOfjgw_1,sari,6.0,wearable,True,test
aodgodCQNX8,palazo pants,10.0,wearable,True,prototype
aoicBWQGk0Y,claw hammer,6.0,instrument,True,prototype
ap3r07toNRc_1,count,7.0,metric,True,prototype
apPABUUQDLA_1,leave earned,10.0,profession,True,prototype
apdZVZdwz54,ban,4.0,action,True,test
aqym4tojhqQ_1,dividend,8.0,math,True,prototype
araXKMU7R4g,cif number,8.0,legal,True,prototype
at2bDwxeV3c,tight,5.0,quality,True,test
atIObXII22k,opposition,2.0,action,True,prototype
atyCov9u9no,jail,5.0,construction,True,prototype
aunVG5Ddwrc_1,sink,6.0,process,True,test
autuHm9_jWo,throw,3.0,action,True,test
ava3Ux-MDDE_1,encashment,10.0,banking,True,prototype
avpSF2ZHlc0_1,wolf,6.0,flora and fauna,True,test
avuibTenovU_2,equator,11.0,geography,True,test
ax5vPQQRVRE_1,cancer,8.0,medical,True,test
axEFBCXFyt8_1,paise,5.0,banking,True,prototype
ay7OzoG5fk8,tax,5.0,legal,True,prototype
ay96dkDBYMs,ms excel,10.0,computer,True,prototype
azP0G1dB1KY_1,roof,7.0,construction,True,prototype
b-Oi5Oa5TIA,message,4.0,readable,True,test
b0-O_EoAR7c_1,order,5.0,action,True,test
b00DR5Ly-Y0_1,head of income,9.0,banking,True,prototype
b00epXFNL5U,atm,4.0,banking,True,prototype
b03dkzGkDV4_1,whose,6.0,abstract,True,prototype
b0zVJUx-H0Y_1,curds,5.0,foods and drinks,True,prototype
b1Cbwx9LrQM_1,short,6.0,quality,True,prototype
b1kVeCRjm1M,patna,6.0,geography,True,prototype
b23vl51AH4U,tamarix gallica,13.0,flora and fauna,True,prototype
b2hjMDOnYnw_1,hardworking,8.0,behavior,True,test
b4ki5taIk0s_1,wipe,7.0,action,True,prototype
b4ywpRBTw4o,log off,7.0,group,True,prototype
b5R9Ubu8bw4,sunflower,5.0,flora and fauna,True,test
b5pF8YU_ILs,policeman,5.0,profession,True,prototype
b67oA7lAXi0_2,soldering lead,9.0,process,True,prototype
b6mge7fT8p4_1,worry,6.0,emotion,True,prototype
b7EQniqN7rs_1,now,6.0,time,True,prototype
b7U7TWlmbOs_1,trustee,8.0,human,True,prototype
b7Y145D3Gi4_1,trunk,6.0,biology,True,test
b8BlqEQCtiY_2,notice,10.0,legal,True,prototype
b8ZOlo8oXbQ_2,joule,9.0,metric,True,prototype
b8uuqEIu8Ag,pencil,4.0,utility item,True,test
b8z6CTJw-TI,contest,5.0,event,True,prototype
b9Ad8smAqhs,zigzag,8.0,attribute,True,prototype
b9W1y77hDSc,way,4.0,process,True,test
b9_2HxUsi0s,super computer,11.0,computer,True,prototype
bA7mLrTdy60,district court,13.0,legal,True,prototype
bBzWwcYyMK8_2,filter pump,11.0,instrument,True,prototype
bC7wNuiLgHI_1,machine,6.0,machine,True,prototype
bC9ZZ5izJPk,agra,5.0,geography,True,test
bCXEgYMuyQU_1,banian,7.0,wearable,True,test
bCm6R9JGBvA_1,motor,6.0,electronic and electrical,True,test
bD4GIT0wuRE_1,dhothi,7.0,wearable,True,test
bDA6y9S2bb4,hard,4.0,quality,True,test
bDOUOr8c5EM_1,account suspence,13.0,banking,True,prototype
bEe0Ch0biSU_2,litre,7.0,metric,True,test
bEgGF4YuHm0,theatre,4.0,construction,True,prototype
bEmiFY64B3c_2,ohm,11.0,metric,True,prototype
bFEz8r3xfMI,chalk,7.0,utility item,True,prototype
bF_5-TAoxTo,wind borne disease,15.0,medical,True,prototype
bGGgKRLRngQ,aam aadmi party,6.0,politics,True,test
bGRAQ9ORnm0,national,5.0,geography,True,test
bGzdNLa1O9o,plan,5.0,action,True,prototype
bH3KEeVn-rU_1,bandh,7.0,event,True,prototype
bHcewri1380_1,afternoon,6.0,time,True,test
bI019MZru3U,tight,4.0,quality,True,test
bIha_uKKc-U,water filter,5.0,electronic and electrical,True,prototype
bJ1Nsi71fnE_2,rf osciilator,11.0,instrument,True,prototype
bJiwFIbDGRQ_1,christmas,7.0,event,True,test
bK2UmfKfoPw_1,punctual,8.0,attribute,True,test
bKliVu0i0SI,chimney,14.0,utility item,True,prototype
bL8PcxnwN74,same,4.0,comparator,True,test
bMY7k6ug38E,emphasize,7.0,action,True,prototype
bMZuO_mR3e4_1,hole,7.0,spatial position,True,test
bNPBUXiWYYI,plain cement concrete,7.0,construction,True,prototype
bNwhA4fMWCI,seed,5.0,foods and drinks,True,test
bOqgzRbAuqg_1,fishing net,7.0,instrument,True,prototype
bP0ibVNj7TU,sailor,9.0,profession,True,test
bR89wUFYe8I_1,wear,6.0,action,True,prototype
bRAauK4qEf0_1,morning,7.0,time,True,test
bRG0I-FNuII_1,account discount,12.0,banking,True,prototype
bRT1xm32nIA,network,9.0,internet,True,test
bS8Bh2t9PSA,hip hugger,6.0,wearable,True,prototype
bTfZoLcLD1s,drug,4.0,substance,True,test
bUybAkPWQH0_2,screw guage,10.0,instrument,True,prototype
bWRmIDKlKo0_1,work,6.0,action,True,test
bYZKoGWvfyM_1,police station,5.0,legal,True,prototype
bYyLAeq4yNY_2,hydrology,9.0,geography,True,prototype
bZLyr43R2t4_1,will,7.0,abstract,True,prototype
bZnTQsP8FCY_1,trade,6.0,commerce,True,prototype
b_TvDsf97GY,two thousand,5.0,quantity,True,prototype
b_cuB9Hjx34,peanut,6.0,foods and drinks,True,prototype
b_lBAwm-AC4_1,friday,5.0,time,True,test
bacheB1uzFE,alphabet,4.0,language,True,prototype
baqITtRxH5U_1,appear,6.0,action,True,prototype
bbWDUkaUXLE,lightning,6.0,weather,True,test
bbWGXTXiw4k,cute,4.0,attribute,True,prototype
bdn3KzMo_rM_2,diode,12.0,electronic and electrical,True,prototype
bdoKiu3zEjs_2,service,10.0,action,True,test
benrZFXwf4g_1,river,8.0,geography,True,prototype
bewlQQs7I0k_2,perfect,7.0,attribute,True,test
bfWmhebPLIs_1,square,13.0,math,True,test
bfc3A5WT7O0,athlete's foot,10.0,medical,True,prototype
bgNFqlUDCMw_1,proof,7.0,miscellaneous object,True,test
bgwSjzhyPs8,full stomach,4.0,sensation,True,test
bh3kxVL3EWA,volcano,6.0,geography,True,test
bhMRCTyJyNI_1,without prejudice,8.0,legal,True,prototype
bhPu5UgetR8,zinc sheet,6.0,metal and minerals,True,prototype
bhY9tXL3Z0w_1,mail transfer,9.0,banking,True,prototype
bhpHRwqACLY,colour palette,14.0,colour,True,test
bi4xQMdEcVo_1,requirement,6.0,abstract,True,prototype
biAm9EJuH8w_2,oil,9.0,foods and drinks,True,prototype
biSlYwhDtc4,flute,7.0,sound,True,prototype
bjJtF35pjhI,throat plate,13.0,instrument,True,prototype
bkJI2VTpAwA,keyboard,10.0,electronic and electrical,True,prototype
bmMd8l2xZaE,official,6.0,profession,True,test
bmQ6EhxdBuw_1,buddha purnima,8.0,religious,True,test
bmnbIMDM4MY_1,compound interest,9.0,banking,True,prototype
boWOpxe2CRY,national association of the deaf,3.0,group,True,prototype
bouFPfGo6UI,dissent,5.0,action,True,test
bp32ckPVj6s_1,company partnership,12.0,commerce,True,prototype
bp9mzPexxVY,carpenter,5.0,profession,True,test
bpK_n3OqDDw,hairdresser,9.0,utility item,True,prototype
bq0BIQJzsbY_2,physical balance,11.0,instrument,True,prototype
bq2QpJpjWUs,embarrass,3.0,action,True,prototype
bqTLB7fccW8_1,nri,10.0,human,True,prototype
bqZZkH8aoC8_1,nose stud,5.0,wearable,True,test
bsDAoxpr8Sc_1,halting allowance,9.0,banking,True,prototype
buBZGkwchow,release,4.0,action,True,prototype
bubXTcY0A2E_2,dispersion,7.0,physics,True,prototype
bv9giU_G_Mc,online,6.0,internet,True,test
bvRVxOWJdMw_1,guilty,6.0,emotion,True,test
bwM7NUs3TFc_1,good,7.0,quality,True,test
bwrBPuatbGQ_1,bank nationalised,13.0,banking,True,prototype
bxQU88YWOhg,seychelles,3.0,geography,True,prototype
by5LPvJU5OY_1,all,7.0,quantity,True,prototype
bz6nldNgnjU,blackberry,5.0,organisation,True,prototype
bz7Stt4IzGc,bully calf,11.0,flora and fauna,True,prototype
bzfDfBXrsTA_1,bill,10.0,banking,True,test
c-5Km1sqJOA_1,coconut,8.0,foods and drinks,True,test
c-A3wFtFlEM_1,common,6.0,abstract,True,test
c-iylYqUcUw,bench mark,14.0,metric,True,prototype
c-n55nBWOIc_1,interest,8.0,banking,True,test
c02rBJWw1fo,cargo  pocket,11.0,wearable,True,prototype
c05vX2BcjUs_2,absorption,6.0,attribute,True,prototype
c0Mr2g3NjFE_1,profession,6.0,profession,True,test
c0YAVT3cqwI_1,pond,9.0,geography,True,test
c26UiFPMTcw,annual,5.0,time,True,prototype
c3ekz0r_Xwg_1,busy,6.0,behavior,True,test
c3l-zz-FQ9I_1,mouth,9.0,biology,True,test
c4HojUA2FGE,appointment,4.0,action,True,test
c4Nn0I-C4gY,blackboard duster,8.0,education,True,test
c4_wAHzGCiw,deadline,4.0,time,True,test
c5txohM_Pv8,body parts,8.0,biology,True,prototype
c6-NB5Yrrdo,arm,5.0,biology,True,test
c6lgZeRgbuM_1,continent,7.0,geography,True,prototype
c7P3OaUt-LA,owner,5.0,human,True,test
c8QdJkQk-S4,absent,4.0,abstract,True,test
c8cBnLAFa40,blight,14.0,medical,True,prototype
c8vOZMKsBC8_2,north,8.0,spatial position,True,prototype
c9D91JO8O0w,manage,4.0,action,True,test
c9Kcl0vkQh4,arrogate,15.0,action,True,prototype
c9hrMSMJFgw,congratulations,4.0,greeting,True,prototype
cA1B3PFfvjM_1,photograph,7.0,miscellaneous object,True,test
cApvRkBL8e0,hard drive,6.0,electronic and electrical,True,test
cBtN1DlLXAs,different,5.0,comparator,True,prototype
cC0E_KK9FBs_1,variable,6.0,math,True,test
cDV-k7lXo7w,south america,5.0,geography,True,test
cEclg4wFkQY,bank branch address,5.0,banking,True,prototype
cFdYCBpZGEw_1,only,6.0,quantity,True,prototype
cGIpxkvYfys,whistle,5.0,sound,True,test
cHTrAwUZtNY,ginger,4.0,foods and drinks,True,prototype
cHzy7fieqXU_1,stationery,9.0,utility item,True,test
cIPxnJAUd74,newly weds,6.0,relation,True,prototype
cItWv5VCy8w_1,black,9.0,quality,True,test
cIyDQeSqcnk,reinforced cement concrete,14.0,construction,True,prototype
cKTC0499dBc,prescription,5.0,medical,True,test
cKkCZ_GYpkk,scream,5.0,action,True,prototype
cMIJrgJVkzc_1,order standing,10.0,banking,True,prototype
cM_xDZOtPsc,paint,6.0,action,True,test
cMeg0EWN2mY_1,season,7.0,time,True,prototype
cMm2cWGKt6Q,murraya exotica,13.0,flora and fauna,True,prototype
cN4cdQ7Uvhw_1,storage,8.0,quantity,True,prototype
cNL6z2IayOU,bandra to worli sea link,5.0,geography,True,prototype
cP9CvXcgOs8_1,famous,6.0,attribute,True,test
cPSQyj-JTpM,compositing,15.0,construction,True,prototype
cPtb9OMfZ0w,sometimes,5.0,abstract,True,test
cPzYNzLFQo0_1,orange,7.0,foods and drinks,True,test
cSyNdG5W6i0_2,parachute,12.0,miscellaneous object,True,prototype
cTLsY2Pa848_1,land holding,9.0,legal,True,prototype
cW1M5CUdCmk,mother in law,5.0,relation,True,prototype
cW1Vl1AqGzI,video,4.0,computer,True,test
cWsTOcbwNJg_1,nect tie,6.0,utility item,True,prototype
cXKAkxMNEYI,grenade,12.0,machine,True,prototype
cXX9Fqj1fuE,well,5.0,construction,True,prototype
cZ4RwsITk3c_2,diffraction,10.0,physics,True,prototype
cZBoXXZqXT0_2,calculation,10.0,math,True,test
c_CVbagPDA8_1,physical training,8.0,action,True,prototype
c_N193NzE94_1,credit purchase,8.0,banking,True,prototype
c_i7AAEhy3E_1,super,10.0,quality,True,prototype
ca4NtqH_cx0_1,thursday,5.0,time,True,test
caIqDNu--II,compaction,10.0,construction,True,prototype
cclXS3qW2bI,black market,9.0,legal,True,prototype
cdg2loc35vs,agree,6.0,action,True,prototype
cfAXWBaT88Y_1,jealous,7.0,emotion,True,prototype
cfPvMQAbTy8,engagement,4.0,event,True,prototype
cfZzelNoOtA,profit,4.0,banking,True,test
cfiEadKO-jY,machine water pump,9.0,machine,True,prototype
cg4E83GKGJk_1,tail,6.0,attribute,True,prototype
cg9Qwgaezdg,download,8.0,computer,True,prototype
chPdC6gwibQ,kumbh mela,7.0,event,True,test
ciBV8fax0EQ_1,whale,8.0,flora and fauna,True,test
cigrNp7NbVY,bury,6.0,action,True,test
cj4nM0IFGYQ,maha shivaratri,4.0,event,True,test
cj56UIvObV8,back,3.0,spatial position,True,test
cjb9U7rI-pk,special,3.0,attribute,True,test
cjlXzFSoIco_1,squrriel,7.0,flora and fauna,True,prototype
ckDEZnw3PHE_1,ring,6.0,miscellaneous object,True,test
clwF6d-MIBw_2,bad conductor,11.0,physics,True,prototype
clxS63kY4zs_1,accured,12.0,banking,True,prototype
cmFVOsYv2Nk,argentina,3.0,geography,True,prototype
cmlToISecIA,adult,5.0,stage,True,test
cpbTXmt7XwA_1,quick,6.0,time,True,prototype
cqpttv1IB28_1,wood,8.0,miscellaneous object,True,test
crOKuw1QwVk,pulley,9.0,instrument,True,prototype
cuouiP_uipw_1,official,6.0,legal,True,test
cuv95axJkJg,motorcycle air filter,15.0,machine,True,prototype
cvBDFoHc-SI_1,goat,7.0,flora and fauna,True,test
cwDDoB4ZOZY,connect,6.0,process,True,prototype
cwDfYuPi02Y_1,socks,6.0,wearable,True,test
cwEfR3ySdZg,disease control of plant,13.0,biology,True,prototype
cxqz0EbY4yE,eczema,7.0,medical,True,prototype
cycfuVbrlOQ_1,owner cultivated,9.0,relation,True,prototype
cyyBiFbtefI,sikhism,5.0,religious,True,test
cyz7f5C8VWc_1,pretend,6.0,action,True,test
czE3uNUVUKA,spoken,5.0,sound,True,prototype
czmizKva6TQ_1,drum,5.0,sound,True,prototype
d0SGtxOqFpU,arrest,4.0,legal,True,test
d3Mz6l_VYic_1,call,5.0,action,True,test
d3i2EjGoA2k_1,come,5.0,process,True,test
d3tDqVfbgCg_1,pull,6.0,action,True,prototype
d4nkMcBvUZM_1,eat,7.0,action,True,test
d4zWp5T3P-w,cloudy,7.0,weather,True,prototype
d5SWvjzXUbs_1,absorb,6.0,action,True,prototype
d5SYjSyZLZI,cobbler,5.0,profession,True,test
d5gBuuQWncc_1,begin,5.0,time,True,prototype
d73jrF3Tevc_1,primary,8.0,attribute,True,prototype
d9LDsGqPpXA_2,output,7.0,miscellaneous object,True,test
d9MAodEjHsc,send,4.0,action,True,prototype
d9fEfBJmy0Y_1,help,7.0,process,True,test
d9qLL38zaZ0,parade,5.0,event,True,prototype
d9s1JfE1Rv0,crime scene,10.0,legal,True,prototype
dAFLzjA5FtQ_1,pickle,6.0,foods and drinks,True,test
dBQHt6OHvi8_1,squirrel,6.0,flora and fauna,True,test
dCvX2SjAybM,adjudge,10.0,legal,True,prototype
dDJCclqr7jo,sesbenia aegyptiaca,12.0,biology,True,prototype
dELRdOxwEQY_1,pumpkin,7.0,foods and drinks,True,test
dFNIhuujLGo,capital punishment,6.0,legal,True,prototype
dFstSkKTdJs_2,agreement,10.0,commerce,True,prototype
dGP1h8tXPGY,republic day,5.0,event,True,prototype
dGUBX9_VN7U_1,august,6.0,time,True,test
dGg9jffJ8us,habit,5.0,behavior,True,prototype
dIH705Z6Wkk,mistake,6.0,abstract,True,test
dJtS0RP9YyM_1,pen,5.0,utility item,True,test
dNSKKwUJdGI_1,desert,8.0,geography,True,prototype
dNZ0oK9jvZs,nothing,4.0,abstract,True,test
dNrwv9tT8qY_2,solar energy,10.0,physics,True,prototype
dOPSYCZ4mfU,dustbin,5.0,utility item,True,test
dOZOALFxyNw_1,meat,6.0,foods and drinks,True,test
dOdFMkRCpWI,pacing,15.0,action,True,prototype
dPSB-HxRET4,understand,3.0,action,True,test
dPnP2JZGAks_1,lead,6.0,authority,True,test
dQ30qulPHvE_2,brown,9.0,attribute,True,test
dQABEhftkDY,zoo,4.0,geography,True,test
dQMbnTMaARA,hawker,7.0,profession,True,test
dQd7vQzxfJE,vadodara,4.0,geography,True,test
dQs0quEuTls,traffic lights,6.0,electronic and electrical,True,prototype
dRZkuKTLcis,chief minister,5.0,authority,True,prototype
dRhS2U_Bl5w_1,result,6.0,abstract,True,test
dSF64aB7oIs,juice,5.0,foods and drinks,True,test
dSGNGtAprtE_1,west indies,7.0,geography,True,test
dT4Y_R7jVIE_1,try,6.0,action,True,test
dT9dCqGuDCE,kick,5.0,action,True,prototype
dTjzMwNtA1o_1,union,7.0,group,True,prototype
dVHZX2-cexY,sunday,3.0,time,True,test
dWGCRKIqUb0,drop cap,14.0,language,True,prototype
dWeSkZ2K4TA,wrestling,4.0,sport,True,test
dXn51-btduM_1,major,8.0,quality,True,prototype
dY77Eo9bfNg_2,southern hemisphere,15.0,geography,True,prototype
dZLD3z1uC54_2,equal,7.0,metric,True,test
d_-8DagcQRQ,allen key,12.0,instrument,True,prototype
d_0HZMA0Ml0,order,4.0,action,True,test
d_GdVQe7Jrk_1,project,8.0,abstract,True,prototype
daRWg-gnW7M,chalk,4.0,utility item,True,test
ddPCGaifqHg_1,back,8.0,spatial position,True,test
ddUcwkYlh5E,abrogate,11.0,legal,True,prototype
ddanfdSlKGA_1,chest,7.0,biology,True,prototype
ddpIUqF0dEg,murder,3.0,action,True,prototype
dduOBzdGYug,generator,5.0,electronic and electrical,True,prototype
deXIYwtAoUw,system,4.0,instrument,True,test
df3ewqju9L8,vocabulary,3.0,language,True,prototype
dfF51UQf_AM,garage door opener,6.0,utility item,True,prototype
dggsuMZSGAc_1,week,6.0,time,True,test
dgpwdJ7NHJQ_1,planet,8.0,astronomical,True,test
dguva7pmiNk_1,hungry,7.0,sensation,True,prototype
dhPr_hzP8oM,mushroom storage,13.0,process,True,prototype
dhYooos0RiE,germination,13.0,process,True,prototype
dhy4BOXYtEs_2,newton,8.0,human,True,prototype
diGBpMN_-WM,electric tester,7.0,instrument,True,prototype
diWGuc9GzL8,fruit disease,15.0,biology,True,prototype
ditvJHcM784_1,knee,7.0,biology,True,prototype
djeFrqW7rPE_1,jump,6.0,process,True,test
dk9QGWXU2kY_2,flouresence,8.0,attribute,True,prototype
dkAI5hTKrJA,law,5.0,legal,True,test
dkEWduuC67E_1,permanent,6.0,attribute,True,test
dkwDWRmVwUc,india,4.0,geography,True,test
dl6mqYVOS18_1,name,8.0,language,True,test
dllJRt0_AGQ,buckle,5.0,wearable,True,prototype
dm6hv7A_XGI,wicketkeeper,4.0,human,True,prototype
dmDV7FGfc0E_2,hydro electricity,11.0,physics,True,prototype
dmspcOTLMP8_1,file,5.0,readable,True,prototype
dnZlTBG5Taw,nose,5.0,biology,True,test
dnl45S16tjs,advocate,4.0,legal,True,prototype
doW1fga72Kk,yellow,4.0,attribute,True,test
doWXendPFc0,bowl,5.0,utility item,True,test
dp8CmTJwz6g_1,air,7.0,substance,True,test
dq2YpgXqCn8,program,3.0,action,True,prototype
dqD5vrJHfQM,rectangle,5.0,math,True,test
dqZy_QkKqNM,subhas chandra bose,4.0,human,True,prototype
drY08LJIVLw_1,growth,8.0,time,True,prototype
ds5AgTizcgg,sofa,5.0,utility item,True,test
ds5lPKnltQc,rice,5.0,foods and drinks,True,test
dtlqOoeeqDU_1,hill,9.0,geography,True,test
du_72ySABJM,heifer calf,12.0,flora and fauna,True,prototype
dv1x5AQM0E8_1,table,7.0,utility item,True,test
dwuDZ2R6yV0_1,cheque endorsement,9.0,banking,True,prototype
dxPUI_h_LAk,basics,7.0,quality,True,prototype
dxoUqsSHx4E,thin,4.0,quality,True,prototype
dxvGVA3-j9k,karnataka bank,5.0,banking,True,prototype
dzKpkPSr6Ko_1,owl,7.0,flora and fauna,True,test
e-oFpEWqbFI,husband,3.0,relation,True,test
e07tkwowhvQ,respect,4.0,gesture,True,test
e0RfjsPH0yU_1,curds,6.0,foods and drinks,True,test
e0SfMAxA-jo,freezing,12.0,process,True,prototype
e0VLtZBWLHY_1,off season,8.0,time,True,prototype
e0WS9OgJpFs_1,account joint,14.0,banking,True,prototype
e0d5YxnIU3Y_1,morning,6.0,time,True,test
e1GC3zNkWpQ_1,cut,6.0,action,True,test
e2OKcVZ-_eA_2,sun,7.0,astronomical,True,test
e3GI7PCF70Y_1,hammer,6.0,instrument,True,prototype
e3OA2Ag2N8I_1,dog,6.0,flora and fauna,True,test
e3c5fUAhX2Y,jaipur,5.0,geography,True,test
e4C5ez28e1w_1,probing,7.0,action,True,prototype
e4iQ8x7UgQo_1,cream,6.0,utility item,True,test
e4lux9dnPcw_1,sleep,7.0,action,True,prototype
e4rgP9qVQlo_1,turkey,7.0,geography,True,prototype
e6Mi_ArdxVo,silver,3.0,metal and minerals,True,test
e6oOrAWzRak_1,frog,6.0,flora and fauna,True,prototype
e7FqJXEP2h0_1,revised,7.0,abstract,True,prototype
e7GHpJSlm1U_2,pluto,10.0,astronomical,True,prototype
e7LFVgiUCr8,gloves,4.0,wearable,True,test
e7lQ3oflGyw_1,sweater,7.0,wearable,True,test
e86DlT0gzqI_1,krishna,5.0,religious,True,test
e8r0Tt42W7Q,limitless,5.0,metric,True,prototype
e9pXePHQJnM_2,hydro energy,10.0,physics,True,prototype
eAFoZUaOwac,chickpea,5.0,foods and drinks,True,prototype
eB-n9xBA7Uk_1,reject,5.0,action,True,prototype
eB9zCNo5R88_1,partly paid,10.0,banking,True,prototype
eBiQCRMwX1A,illegal,5.0,legal,True,prototype
eBn_I264LVs,measurement,3.0,math,True,prototype
eCHra4gvq2A,result,3.0,abstract,True,test
eD1Hy4MJuRw_1,purpose,6.0,abstract,True,prototype
eDr6D34kmcU,vote,4.0,action,True,test
eELQUxt6rUE_1,thirsty,7.0,sensation,True,prototype
eEoggrLYiEs_2,direct current,9.0,physics,True,test
eFb4OLllu9I_1,compromise,7.0,process,True,prototype
eGXitOKnND8,macau,4.0,geography,True,prototype
eGo9ontddG8_1,cheat,6.0,action,True,test
eH7rPf10P-w,strict,3.0,behavior,True,prototype
eH_v5Kwbkx8_2,petrol,9.0,transport,True,prototype
eI4NQgjp5l0,company,5.0,organisation,True,test
eIMEevvmmoE_2,advance,9.0,spatial position,True,test
eIzOqdVJ2F8_1,frog,6.0,flora and fauna,True,test
eJ5kLxC1ViY,air,4.0,substance,True,test
eJ8Brka8TKw,bad language,5.0,language,True,prototype
eJ8fFy6Litw,myanmar,3.0,geography,True,prototype
eKESeb6rZGw,a line skirt,7.0,wearable,True,prototype
eKHR8uZXbHE,tyre,5.0,transport,True,prototype
eKQhdwlBO_U_1,bail,7.0,banking,True,prototype
eKfjQx-16GU,cam,15.0,instrument,True,prototype
eKlUw_m_ijA_1,mug,7.0,utility item,True,test
eNA2jaQ3PgU,leg mutton sleeve,10.0,wearable,True,prototype
eNAP3Ae71MY,attorney general,9.0,profession,True,prototype
eNbHxuaMpAw_1,spend,6.0,action,True,prototype
eNwMbD5wsow_1,surrender,8.0,action,True,prototype
eO-TvyY-J_o,wood,4.0,miscellaneous object,True,test
ePBmpfIy7-c_1,publication,6.0,education,True,prototype
eQ5_2D_y2CM_1,refer to drawer,7.0,banking,True,prototype
eRceNyZCsU4,secret,5.0,attribute,True,test
eRpqfK08yI4_2,venus,10.0,astronomical,True,prototype
eRr2PaNsu9U,sever,5.0,action,True,prototype
eSD8MwwgEhw_1,discount,9.0,banking,True,test
eSFyfkFVTIU,ten,4.0,math,True,prototype
eTKkv1WCs0Y_1,authorisation,11.0,authority,True,prototype
eU8dCYk_41Y_1,publicity material,8.0,politics,True,prototype
eU9MyI-p_pA,biased,4.0,attribute,True,test
eUB3bcNRzU8,brain tumor  inside,6.0,medical,True,prototype
eU_A9agtfeo_1,seal,9.0,flora and fauna,True,prototype
eWPCSqa31HI_1,wool,9.0,utility item,True,test
eWbekocb_go,shawl,4.0,wearable,True,prototype
eYDkqbfQD7E_1,chew,7.0,action,True,prototype
eYe_qYNO81o,daisychaining,5.0,electronic and electrical,True,prototype
eZ1NWsWssI0,wash,12.0,action,True,test
eZ3vcetOBEE_2,longitude,13.0,geography,True,prototype
eZg439hkK5I_1,address,9.0,geography,True,test
e_2UcnQtmng_1,lipstick,7.0,utility item,True,prototype
e_i6YwNoSUY,quadrupedal robot,13.0,electronic and electrical,True,prototype
ea8VG_U1OM4,live,5.0,process,True,prototype
edkUTr95raw,kangaroo pocket,7.0,biology,True,prototype
eeMbTJ1Jyl4,hardware,7.0,electronic and electrical,True,prototype
eeVBDqHOrEQ_1,its,5.0,language,True,prototype
eh1UqHy5R8Y_1,bad,7.0,quality,True,test
eh4PJUNc3GQ_2,pigments,9.0,biology,True,prototype
eheMtSsA-ww,omission,4.0,action,True,prototype
ei3OdPKC1-4,saraswati,5.0,religious,True,prototype
eiJTiYxjgHk_1,automatic,10.0,abstract,True,test
eihGwOuNl1E,swing,6.0,action,True,prototype
ejX8KhT7JRY,tanzania,4.0,geography,True,prototype
ejiaz09X2eE_1,pant,6.0,wearable,True,test
ekGqhBY4SZE,regret,4.0,emotion,True,test
emLsUwqTcMU,what time,3.0,abstract,True,test
en2QnH6V6t0,barleria cristata,15.0,flora and fauna,True,prototype
en7qAq3Vc1c,sentence,4.0,language,True,prototype
enZ-JZqbhk8_2,displacement,8.0,physics,True,prototype
eo4vVNZ8vk4_2,radio wave,12.0,physics,True,prototype
eoAWbfQWN7Q_1,absent,5.0,abstract,True,test
eoIofO9ALwg_1,same,6.0,comparator,True,test
eoYHSxd5nWY,record,6.0,action,True,test
epwPALMP-X8,plant water relation,15.0,biology,True,prototype
eq2GVYo6G_g,water erosion,12.0,process,True,prototype
es0vjVM5AFY_1,writ,7.0,legal,True,prototype
eseyrC-e-s8,call money,10.0,banking,True,prototype
esjHmLoXTKQ_1,factory,6.0,construction,True,prototype
etCT8acNlAk_1,sundry creditors,9.0,group,True,prototype
etpYZfoTkBE_1,grow,7.0,time,True,test
eu6jtNK_qfI_1,end use,8.0,banking,True,prototype
evEAhw7lHBI,swear,14.0,action,True,prototype
evfYXabdfZQ_1,poision,5.0,medical,True,test
evjthp31SBc_1,sub division,9.0,authority,True,prototype
ewHq-NjArVY,right indent,13.0,attribute,True,prototype
ewTBgnZ0sDk_1,interview,9.0,process,True,test
exZSpHQ5Zhg_1,index,9.0,abstract,True,prototype
eyzf4IkhbxE,monster truck,10.0,transport,True,prototype
ez4pS4IS6N8,short,4.0,quality,True,test
ezlHYwdmu_c_2,work,8.0,action,True,test
ezucq9E_nvs,idle talk,8.0,process,True,test
f--3Qilcxvs,maternal aunt,4.0,relation,True,prototype
f-buhqEDiZ0,director,8.0,authority,True,test
f-uyGiFPPTo,electrician,7.0,profession,True,test
f0-kfiwqKL4_1,wound,8.0,medical,True,test
f0EqkYZvyIQ,start,4.0,stage,True,test
f0lX1hYxleg,vijaya bank,6.0,organisation,True,prototype
f0qHlVNwotw_1,wedding,10.0,event,True,test
f0vvft8hF_c_1,refrigerator,7.0,utility item,True,test
f1U4dYb9r0A,listen,4.0,action,True,test
f2KRTlDrsI0_1,tight money  market,12.0,commerce,True,prototype
f2RCrBoqFVw,five hundred,4.0,math,True,prototype
f3Hxe9Bf29k_2,television,7.0,electronic and electrical,True,test
f4i8gexc2N4_1,silk,8.0,wearable,True,test
f5uvvlfPawU,swing,5.0,action,True,test
f64zpSopa3E,ladyfinger,4.0,foods and drinks,True,prototype
f6ncKQ2HlJs,anonymous,4.0,abstract,True,test
f7KtY9x961I,christmas,7.0,event,True,test
f7XWdoOSSNw_1,me,6.0,human,True,test
f8BAnw57PFY,assistant,3.0,profession,True,prototype
f8TsAfMDsVU_1,currency chest,10.0,banking,True,prototype
f9rCwRfIxKw,better,4.0,metric,True,prototype
fAa6GQuNoYM_1,build,6.0,action,True,test
fAbE9RGaHr0,rama,5.0,religious,True,prototype
fAjax7qngzk,allow,4.0,action,True,test
fAujasBRvD4,paint,6.0,action,True,test
fB1PbgyU880,nehru collar,7.0,wearable,True,prototype
fB6rpU-9SSU,edit,4.0,action,True,prototype
fBS58EQ-ryw_2,spring,11.0,utility item,True,prototype
fBaO_PkHBdw,air matress,8.0,utility item,True,test
fBzuEo6DNDc,panasonic mobile,6.0,electronic and electrical,True,prototype
fC-PT3F6GFo,win,4.0,comparator,True,test
fCC3_lRJ2es_1,new,6.0,quality,True,prototype
fCJA3uu02WA,melt,7.0,process,True,test
fCd20l7-3Mo,extinct,4.0,biology,True,prototype
fCfnAjFQ8k4,new delhi,5.0,geography,True,prototype
fCt-Gci84f8_1,spot,6.0,geography,True,prototype
fDYfrgAPig8_1,reason,6.0,abstract,True,test
fEfVaSRjWY4,under mentioned,7.0,spatial position,True,prototype
fEpU1eisCoc_1,assembly,8.0,group,True,test
fFrKd1qI9ZM,address,5.0,geography,True,test
fGtUUD9Hyvc_1,oil,6.0,foods and drinks,True,test
fHWXXTb9FLc_1,list,6.0,readable,True,test
fI7cp68IaQU,engine,9.0,machine,True,test
fJyBgRTcBhA,tall,4.0,attribute,True,test
fKwQPZnzJCg,lenovo,6.0,organisation,True,prototype
fLNCrNgXMuU,epaulet,9.0,wearable,True,prototype
fNAwhyttX0Y,hour,3.0,time,True,test
fQBJzNtf6rU_1,fixed asset,13.0,banking,True,prototype
fQcXVe8_ZLw,after,4.0,spatial position,True,prototype
fR8uxOsE2Nw,jawaharlal nehru,4.0,human,True,test
fS8tS7dCIhA_1,call deposit,9.0,banking,True,prototype
fSdet-nqdsA_1,saturday,6.0,time,True,test
fT5IRf73MYo_1,heart,7.0,biology,True,test
fU3FLT8aa_A,october,4.0,time,True,test
fUfGwnc4Hmo,australia,4.0,geography,True,test
fVKjue-fAkk,ruler,4.0,utility item,True,test
fVM3O_zqrWc,laptop,5.0,electronic and electrical,True,prototype
fVnCA91Bvwo,dog,4.0,flora and fauna,True,test
fZsaGLA9Z3s_1,clap,6.0,action,True,prototype
fauftUvYPls,modern,7.0,time,True,prototype
fb4zZYQWRUI,note book,6.0,utility item,True,prototype
fbjvZ8VrmUg_1,lipstick,7.0,utility item,True,test
fcSg4Zg7lbE_1,release,7.0,action,True,test
fccxaqUbuXU_1,natural gaurdian,7.0,legal,True,prototype
fcuSg0jzcwI_1,mango,7.0,foods and drinks,True,test
fe3uPTqXfxQ,excited,4.0,emotion,True,prototype
ffJgebjRuvo,similar,4.0,comparator,True,test
fggt2fOzJsk_1,pain,7.0,sensation,True,test
fh41xuYjbco_1,lazy,8.0,attribute,True,test
fhURcNQNqgo,frustrate,5.0,behavior,True,prototype
fiTyNgucpYM,do,3.0,action,True,test
fjD41-Frk_k_1,reply,6.0,action,True,test
fjiQoursQB8,mouse pad,11.0,computer,True,prototype
fkLpcQzVV20_2,opposition,8.0,action,True,test
fkbNA8acuv4,rubber boots,13.0,wearable,True,prototype
fmW1matLfhk,barber,5.0,profession,True,test
fmWmAAtfkBU,ultraviolet ray glass,14.0,miscellaneous object,True,prototype
fnOThtPRhVM,penguin,4.0,flora and fauna,True,prototype
frOqpGZrIH8_1,madhya pradesh,7.0,geography,True,test
fs99SCAQCxU_1,cinema,6.0,entertainment,True,test
fsA2L4hL5Cc_1,arms and amunitions,12.0,miscellaneous object,True,prototype
fvn1QE0yfPE,welder,5.0,profession,True,prototype
fvpPTKgvPJY,doli in capax,14.0,legal,True,prototype
fwjl-PITW-A_1,monday,5.0,time,True,test
fx9psR2uzxs,automation,9.0,electronic and electrical,True,prototype
fxWTlUwF1O4,protect,4.0,action,True,test
fxaFxNiUcSA,handcuffs,8.0,machine,True,prototype
fySF9xDtT40,still,4.0,time,True,prototype
g-ErxwuqzTk_1,emergency,9.0,event,True,prototype
g-sQif-_tqo,submersible pump,14.0,electronic and electrical,True,prototype
g1vbPEqLqFo_2,space,14.0,astronomical,True,prototype
g1xpvj7Xu3A,confused,5.0,emotion,True,test
g1yiti_ayE8_2,frequency,8.0,time,True,prototype
g358Yz5xFt0_1,shipment,7.0,process,True,prototype
g3I84gVyO9E,plate,5.0,utility item,True,test
g3QqEJhvyYE_1,supplementary,9.0,quantity,True,prototype
g3Zp-9UhexE,day before,7.0,time,True,prototype
g5Dg60713kw,guilty,7.0,emotion,True,test
g6N1jD8-u2U,opinion,4.0,abstract,True,prototype
g6hYRF6ahSE,page layout,10.0,attribute,True,prototype
g8--b-O60kM,old,4.0,time,True,prototype
g8H6NFJ8o7w,dice,3.0,sport,True,prototype
g8JIlO5P5Vw,bar,12.0,construction,True,prototype
g8ZrP9KZGlk,washbasin,9.0,utility item,True,prototype
g9AslMiIVTE_1,call,7.0,action,True,test
g9R8d7G2MuY,adult,5.0,stage,True,test
g9SpsCvyEfc_1,shake,6.0,action,True,prototype
gBXLHNjB5Co_1,qualified,7.0,abstract,True,prototype
gCc-L7xN82s,obey,3.0,action,True,test
gEGlTYbGvLI_1,airmail,7.0,transport,True,prototype
gG-xmfo-y3A,swift,4.0,quality,True,prototype
gHKbG1LDbDU,spring washer,15.0,utility item,True,prototype
gIOJ8eh7GRQ_1,mutual agreement,8.0,legal,True,prototype
gIbD-xkQiJg_1,riots,7.0,event,True,prototype
gJfBm3-gjws_1,sphere,10.0,abstract,True,test
gK-FT0qEvnw_2,measurement,8.0,math,True,test
gKJXWarD5LM_1,rate differential,7.0,banking,True,prototype
gKyJmtZ6JZY_2,bar megnet,9.0,physics,True,prototype
gLH8E10Xex8,blocks,6.0,miscellaneous object,True,prototype
gMJuEhuQYAg,swaziland,3.0,geography,True,prototype
gMsJGGpMWJs_1,distance,6.0,metric,True,test
gNuAOCWJkZc,speech,4.0,sound,True,prototype
gO0DCs4VUEI_1,marathi,7.0,language,True,prototype
gOHt4silLhA,india,5.0,geography,True,test
gPKQvW2CXhg,syria,3.0,geography,True,prototype
gQMKC4C-H80_2,intensity,8.0,quantity,True,prototype
gQ_fr_Rv8sE_1,net profit,9.0,banking,True,prototype
gR1Kd5i82-0,something,4.0,abstract,True,prototype
gRI_3iZrN5U_2,period,8.0,time,True,prototype
gRvbXIwDvh4_2,inductor,11.0,electronic and electrical,True,prototype
gSTE4Bmxf4M_2,star,8.0,astronomical,True,test
gSoXECyR_-s_1,how,5.0,quantity,True,prototype
gT_hnPLlO7k,res,13.0,biology,True,prototype
gTnUL6YyXRA,coccidiosis,11.0,biology,True,prototype
gUOHhoQ9jRM,format,6.0,attribute,True,test
gYAOz-CJruo_1,cheque travellers,9.0,banking,True,prototype
gYbNVGvRcms,demolishing,8.0,action,True,prototype
gYbT8Fh2WXA_1,peep,5.0,action,True,prototype
gZeBXbzKTnY,club,5.0,organisation,True,test
g_WGhzxUi4E_1,tenancy,8.0,legal,True,prototype
ga-B-UhiVNo,negative,4.0,math,True,prototype
ga47ieQeEpg_1,visa,6.0,legal,True,test
gbD4G_rYL6E,hacksaw,7.0,instrument,True,prototype
gcvA1iHN8RU,trunk,6.0,biology,True,test
gdk1_A6_e80_1,suspect,6.0,legal,True,test
geAcMUXIAv8,nothing,4.0,abstract,True,test
geLlRLZnNhQ,ox,4.0,flora and fauna,True,prototype
geZegwhqVSE_1,documents,10.0,readable,True,prototype
gfDGWjaDaTk,darts munger,6.0,sport,True,prototype
gfTQT5gzASQ_1,name,8.0,language,True,test
gfg0aOxyM_Q_1,implementation,9.0,action,True,prototype
gfgQWafpuLo_1,expenditure,9.0,banking,True,prototype
gfmk3_98I9E_1,off shore banking,9.0,banking,True,prototype
ggeNzh5at2g_1,above,7.0,spatial position,True,prototype
ggvZdTOIuDI_2,glass,8.0,substance,True,test
ghyJZVAibyA,sperm,4.0,biology,True,prototype
ghyz0Xiumg0_1,trivendrum,6.0,geography,True,prototype
giANZjR3m2c_1,promotion,9.0,organisation,True,test
gjPP4lI0HM0,cement mortar,9.0,construction,True,prototype
gjpsKc4rYEM,volleyball,5.0,sport,True,prototype
gjqfGxN2SxE,screw driver,6.0,instrument,True,prototype
glwqA5VEbBs_1,balcony,9.0,construction,True,test
gmtBcUWzdwE,spoon,6.0,utility item,True,prototype
gnQLgdWLk0c,liberia,4.0,geography,True,prototype
go4BoZ5lX1s,ice cream,5.0,foods and drinks,True,test
gp87To3L1DY_1,tablet,6.0,electronic and electrical,True,prototype
gsI77j_jlvg_1,king,7.0,profession,True,prototype
guKx7gevhGo,milk,4.0,foods and drinks,True,test
guOIIr835FE,zoom,5.0,action,True,prototype
guhzTYs8TN8_2,fuse,9.0,electronic and electrical,True,prototype
gvEzY4sw5Z0_1,stir,7.0,action,True,prototype
gvFkCJni120,indira gandhi,4.0,human,True,prototype
gvz1mZnNRJw,north,4.0,spatial position,True,test
gwK7IZYEgK8_1,re acceptable,7.0,banking,True,prototype
gwhvOC8EWh8_2,rectangle,10.0,math,True,test
gxFroPz8ydI_1,his,6.0,language,True,prototype
gy8DIBO3KPo_1,over valuation,9.0,banking,True,prototype
gyOoK92JltU,engagement,11.0,event,True,test
gz02l8wMzKk_1,girl,8.0,human,True,test
gz3bQ5GGfUQ,sit,7.0,action,True,test
gzjPlKC1r-w_1,pencil,6.0,utility item,True,test
gzlymlA-sW8,around,4.0,spatial position,True,test
gzp_nV5PK1o_1,crown,7.0,authority,True,prototype
h01yeVZv5zo,size,9.0,quantity,True,test
h0IHd58MBEA,date,6.0,time,True,test
h0J-0nV_CoA_1,that,4.0,relation,True,test
h1mgzeLHaMY,rwanda,3.0,geography,True,prototype
h1oFiJchfh0,man,10.0,human,True,test
h3ZdKfu7Vws,sarvepalli radhakrishnan,5.0,human,True,prototype
h3c9_id8RWg,pay in installment,5.0,banking,True,prototype
h4y0h7GDHA8,surprise,3.0,gesture,True,prototype
h58uVxY-2uE,we,3.0,group,True,test
h5N2nXbDBm0,reservation,5.0,group,True,test
h6GYmPOMrDc_1,messenger,10.0,internet,True,prototype
h6LSVGsUiRA,briefcase,4.0,utility item,True,prototype
h6hwyEN0Jwk,cam,15.0,instrument,True,test
h70xLaGjPIM,j k bank,5.0,banking,True,prototype
h7wUxp1gTSo_2,pyramid,11.0,math,True,prototype
h8PX8tmC6D0,cave,8.0,geography,True,test
h8cX3gzzey8,mobile,4.0,electronic and electrical,True,test
h8yZIUn2J7o_2,plane mirror,8.0,physics,True,prototype
h8zjYuaiBK8_1,documents of title,15.0,readable,True,prototype
hAPJsvuQdkI,bestiality,9.0,sensation,True,prototype
hAiUOOeVyRg_1,person,8.0,human,True,test
hBs7tvBHjzQ_1,hoarding,12.0,banking,True,prototype
hCyqeJeKGyI,vodka,4.0,foods and drinks,True,test
hD6EdyqWw0c,tamil nadu,4.0,geography,True,prototype
hDVU5-mq6H8_1,noon,7.0,time,True,test
hFbU0wq1A6Y_1,send,7.0,action,True,test
hGE-45zVP8w_1,flower,6.0,flora and fauna,True,prototype
hGJ3qOLO2ek_1,north,5.0,spatial position,True,test
hH2jM_bJyAc_1,sometimes,5.0,abstract,True,test
hHLoe4rXNNk_1,room,8.0,construction,True,prototype
hJ2fPuzgv_s_2,plane concave lens,11.0,physics,True,prototype
hKT6dEhxTAE,energetic,6.0,attribute,True,prototype
hL5w2l57g9k,annual,5.0,time,True,test
hLzEs4ZdXg4,policeman,5.0,profession,True,test
hMBo35nYkJ8_1,curtain,8.0,utility item,True,test
hMHTMJFYAaI_1,fine,5.0,legal,True,test
hMLtjJ2H09Y_1,fail,6.0,action,True,prototype
hN6_eLx9tkU_1,shopkeeper,8.0,profession,True,prototype
hO9pTrkhSlA,lathe,6.0,machine,True,prototype
hR03PpsD4O8_1,monkey,6.0,flora and fauna,True,test
hR9Q-3L5tGY,laos,3.0,geography,True,prototype
hTe8e7lfC-M_1,mark,9.0,action,True,prototype
hTjWdQrM-LY_2,non,11.0,abstract,True,prototype
hTxZxP5ypNk,photo,5.0,miscellaneous object,True,prototype
hUlyxPexDU0,wash,3.0,action,True,test
hVx3X80m2rk,sequential,5.0,attribute,True,test
hVzB0xxqRiQ_1,share market,10.0,banking,True,test
hWrC71CmNus_1,counter,13.0,process,True,prototype
hXHLEKBaaNM,unemployed,4.0,comparator,True,prototype
hXp201_ejX8,police car,10.0,transport,True,prototype
hYAtE5G_a9c_1,notary public,10.0,legal,True,prototype
hZ1IkPKvjS4_1,uttar pradesh,6.0,geography,True,test
hZ7K25SvzRM,milk powder,7.0,substance,True,prototype
hZGHZ9sLtlg,railway track,5.0,transport,True,prototype
h_Ja2phijtY,scold,3.0,action,True,test
ha9bN_xLWhU_1,rest,6.0,action,True,test
hb8P_6PksSI,tree,6.0,flora and fauna,True,test
hc5PzdRYMUk,screen,12.0,action,True,prototype
hd1_aU5WhjA_1,moral,6.0,abstract,True,prototype
hdJr3U_BZ38_1,time bound,10.0,time,True,prototype
hdLBSjdqvIg,sheep,8.0,flora and fauna,True,test
hdMpGpG4LJ4,obligate saprophyte,14.0,biology,True,prototype
hdedMoAlUx0,pillow,9.0,utility item,True,test
he8ICzchdmA,ncp,4.0,politics,True,prototype
heZkGdeEaPE_1,pray,6.0,action,True,test
hf9_mHO_dPg_1,potato,7.0,foods and drinks,True,test
hfmljrmlZ6k,diabetes,5.0,medical,True,test
hga2Zs6wmWw,tension,4.0,behavior,True,prototype
hgscVnEa9Jg_1,waves,8.0,physics,True,test
hhE3F517e40,wire man,8.0,profession,True,prototype
hhIHJjxkrt4,centre  front,8.0,spatial position,True,prototype
hhnc9qkIwVw,on the basis of life cycle,13.0,medical,True,prototype
hi_YVOlxY8Y_1,ldli,6.0,foods and drinks,True,prototype
hjLBNqNbuQQ_1,tax property,11.0,legal,True,prototype
hk2A1bKpvo4_1,drop,6.0,action,True,test
hl1aZKaSZ7I_1,goods retumed,8.0,utility item,True,prototype
hlRsj56XQh4,stupid,5.0,abstract,True,prototype
hlWNjgLwXUM,days after tomorrow,9.0,time,True,prototype
hmPvK4_rpYQ_1,restaurant,6.0,construction,True,test
hnIlCRz665c,this,4.0,relation,True,test
hnwJMWsU8tg,emergency,5.0,event,True,test
hpVSyk3uJQg_1,jailor,7.0,profession,True,prototype
hpWytkH3Oas_2,air,7.0,substance,True,test
hpY4EHeLGz0,result,3.0,abstract,True,test
hurQiZ-f8WI,soap,4.0,utility item,True,test
hvNcv6oLpaY,noise,4.0,sound,True,test
hx3Ig7Z6Fjs,tortoise,7.0,flora and fauna,True,test
hz69XeQ-OZU,door,8.0,construction,True,test
i-CTcAiWx8Q_1,revolve,7.0,action,True,prototype
i-SvPceDJYw,google map,9.0,internet,True,prototype
i-W0fIeF-Fs_1,think,7.0,action,True,test
i-W0qokTIeM,mechanic,7.0,profession,True,test
i-pOirIukIg_1,size,9.0,quantity,True,test
i07VeT58iLA_1,custody,9.0,legal,True,prototype
i089w0q0af8_1,angry,7.0,emotion,True,test
i0RaT2MIuvY_1,courier,6.0,transport,True,test
i0mxg-Ww97Q_1,wheat,5.0,foods and drinks,True,test
i11LzPy5OPQ,room,5.0,construction,True,test
i1HQutvRGa4_1,cochin,6.0,geography,True,prototype
i2Uc1LRiYbs_1,queen,6.0,authority,True,test
i4SXWG5euBE_1,camel,6.0,flora and fauna,True,test
i4SoQNXcpik_2,astronomy,14.0,physics,True,prototype
i4YK5ssItV4,size,5.0,quantity,True,test
i4i1dYe1hDE_1,masquito,6.0,flora and fauna,True,prototype
i4rgDyw5mc8,applicant,5.0,human,True,prototype
i51r2vobqyY,promotion,4.0,organisation,True,test
i5D0tObXY54_2,density,6.0,attribute,True,prototype
i5FfdjLi5IQ,magic,4.0,abstract,True,test
i5dtwGBooaI_1,instruction,7.0,authority,True,prototype
i63RdVVp__E_1,alive,6.0,stage,True,test
i6snKEGzUUo,funnel  neck,10.0,instrument,True,prototype
i81W1xO6sBc_1,legal advisor,9.0,legal,True,prototype
i98p9BicOgI_1,lorry,6.0,transport,True,test
i9_iDJ7f6oU_1,enjoy,6.0,action,True,test
iAKpmP9dGuw,hook and eye,9.0,utility item,True,prototype
iASooj0B1tY,classification based on season,14.0,action,True,prototype
iAflHa-dXY8_1,relative,8.0,relation,True,test
iBQVdGzJnoY_1,kill,5.0,action,True,prototype
iCGVvvNuvLM,home gardens,11.0,geography,True,prototype
iCZL3lk119A,book,4.0,readable,True,prototype
iChCDbeSSy8_1,then,7.0,time,True,test
iCxWZbtfqH4_1,recognised,7.0,action,True,prototype
iEN8nrcP1y8_1,butterfly,6.0,flora and fauna,True,test
iEoyPLi9Lys,plumber,6.0,profession,True,test
iEwyPUtL9s0,scooter,4.0,transport,True,prototype
iG5hfz3BeJE_1,brass,8.0,metal and minerals,True,test
iGDJKo1-w5k,please,4.0,action,True,prototype
iKNbZ_6pB5c,thursday,3.0,time,True,test
iLJr7ZAPfLE,dropped  armhole sleeve,13.0,wearable,True,prototype
iLLV5LaC4e4_2,hydrautic press,9.0,machine,True,prototype
iLnDUh6SJSo,tonight,4.0,time,True,prototype
iLrSnUDmfC4,kite,5.0,sport,True,test
iNldnD33t8M_2,month,7.0,time,True,test
iRN0N_yzgE0_1,stick,6.0,action,True,prototype
iRZbZObhJ9g_2,adhesive,7.0,substance,True,prototype
iSjUgwEuBLg_1,chappels,6.0,wearable,True,test
iT0YsG0QkbU,future,5.0,time,True,prototype
iTgS0k5G4HM,confession,12.0,process,True,prototype
iTkwAlp7t9k_1,scales of pay,8.0,banking,True,prototype
iURwZntu130_1,increase,6.0,comparator,True,test
iUx2uTIIwjw_1,no due certificate,10.0,legal,True,prototype
iWPV3pCRN64_1,soul,6.0,abstract,True,prototype
iWpgiYUT23c,every time,4.0,time,True,prototype
iXunNKio1wU_1,bed,8.0,utility item,True,test
iZgNcu2HzzE,factory,5.0,construction,True,test
iZmhl0855b8_1,vital,6.0,attribute,True,prototype
i_zyHcuPs6s,light,4.0,quantity,True,test
iaF0G6EmWk8_1,hanuman,5.0,religious,True,test
iayx3bt-0Rg,open,4.0,action,True,test
ibTYqJp5cJ4,hands,5.0,biology,True,prototype
icD4b5yxifw_1,rejoinder,8.0,action,True,prototype
icjDmpATHwE,draw,4.0,action,True,test
icl2XFweTwc_1,photograph,7.0,miscellaneous object,True,test
idmU_oI_TPs_1,king,7.0,profession,True,test
ids6uU-p-lk_1,television,7.0,electronic and electrical,True,test
ie88hOTzHTk,technician,14.0,profession,True,test
if-ioOMit8I,descendant,4.0,authority,True,prototype
if8EmpcZpQo_1,move,6.0,process,True,test
ifC99YlyRZE_1,poision,6.0,medical,True,test
igW552_dD_o_1,next,5.0,time,True,test
ihytBUA_38Q_1,industry,9.0,profession,True,prototype
iiWPq-IKhXQ,ridicule,3.0,behavior,True,prototype
iiYu_W7B91w_2,communication,8.0,process,True,prototype
ijKFau9K4Rw,proof,4.0,miscellaneous object,True,test
ijMeKPPK14c,standardization,5.0,process,True,prototype
ijNQOg31iaI,adult,3.0,stage,True,test
ijZEAkDX9Tw_1,wage,8.0,banking,True,prototype
ijcihspmP_A_1,rat,6.0,flora and fauna,True,test
ik8ITcJ1pTQ_1,hardworking,8.0,behavior,True,test
ikrmT6T1GbE_2,satellites,13.0,astronomical,True,prototype
ilYT_sRF0UI,soil borne disease,15.0,medical,True,prototype
inBVDyEiUDk,west,3.0,spatial position,True,test
inCpeFUzkNw,manipur,4.0,geography,True,test
inPHcp6Pz8U,tall ornamental hedges,13.0,flora and fauna,True,prototype
in_tDYVG__E_1,plant,5.0,flora and fauna,True,prototype
inqCbpEQ4LM_1,fear,7.0,emotion,True,test
ioEb1Aqyq10,cycling,4.0,transport,True,prototype
ioph9CGaf2k,model,5.0,behavior,True,test
iqPMR6iPPmU_1,swing,7.0,action,True,test
iqlb1r9YIAc,born,5.0,stage,True,prototype
ir2j5tb_Dtc,crease,10.0,metal and minerals,True,prototype
is0vnifQmQE,alarm,5.0,utility item,True,test
isrocVWrxaM,death in service,13.0,event,True,prototype
itp7CE5KiEQ,scorpion,4.0,flora and fauna,True,prototype
iu7j255lYQU,telugu,3.0,language,True,prototype
iuFcgfnMyC0_1,surgeon,6.0,profession,True,test
iuWCFhzXAw4_1,break,5.0,action,True,prototype
iuYObHCPlVA_1,zoo,6.0,geography,True,test
iwMNKUoHKgY_1,corn,6.0,foods and drinks,True,test
iwNBFzTrAjk,shop,4.0,action,True,test
iwb4_ty2_fY_1,selection grade,9.0,banking,True,prototype
iyN0Qrmy8F8_1,gold,7.0,metal and minerals,True,test
iyvaYVAqszM,rocket,5.0,astronomical,True,prototype
izOLXRN3PMs,under stitch,13.0,quality,True,prototype
izdqbJ_kMkE,tiffin,4.0,foods and drinks,True,prototype
izjMpJOgofI,reach,5.0,action,True,prototype
izuX0loa1Oc,size of seed,14.0,attribute,True,prototype
j-e06h5DMW4,name,3.0,language,True,test
j-qHEAz6J6A,umaid bhawan palace,7.0,geography,True,prototype
j0FRtPBWKaM_1,rabbit,7.0,flora and fauna,True,prototype
j0KYjVbQn2k,diseases of animals,8.0,biology,True,prototype
j0m4en9JPMo,pin,9.0,utility item,True,prototype
j0xVU_Y5o2s,breast cancer,6.0,medical,True,prototype
j1LtQ6CcA_4_1,family,9.0,group,True,test
j22q83rv6hg,movement,3.0,process,True,prototype
j256ZJRmdrk_1,nest,7.0,flora and fauna,True,test
j2M1Yp100ek,share,3.0,action,True,test
j2TJMBMK4tw_1,farmer,6.0,profession,True,prototype
j3DMG50QBRw_1,reduce,6.0,action,True,test
j3M1eyb-Kjo_1,buddah,6.0,religious,True,prototype
j3XAVjxZDUA_1,coat,7.0,wearable,True,test
j3tuj3W7MFk_1,bathroom,10.0,construction,True,test
j3zfVQG0Z_o_1,lorry,6.0,transport,True,test
j6JhN79aivA_1,account book,13.0,banking,True,prototype
j7WkWV09J6k_1,balance opening,10.0,banking,True,prototype
j8DclxLUXs4_1,sweetlime,6.0,foods and drinks,True,prototype
jB1wqkujn00,jackfruit,6.0,foods and drinks,True,prototype
jBmmS3Hm6ik,froage crops,15.0,foods and drinks,True,prototype
jD6niHPDzhQ_1,wood,7.0,miscellaneous object,True,test
jFdwRqDDa_Q,green bean,6.0,foods and drinks,True,prototype
jFy2xrByJhE_1,kamataka,6.0,flora and fauna,True,prototype
jGIwLZTt9ZI,accompany,5.0,group,True,test
jHjd2yzXpdU_2,diode,9.0,electronic and electrical,True,test
jHyubnv9xFk,national anthem,5.0,sound,True,test
jI62F9LgRlI,assam tea gardens,6.0,geography,True,prototype
jIc74bWBwpw_1,tubelight,8.0,electronic and electrical,True,test
jJe3JfQi_Js,jabot,5.0,wearable,True,prototype
jKOcleZ9e5Y,plumbing,4.0,action,True,prototype
jKRoVBBlVDc_1,your,7.0,relation,True,test
jKUC0tUYcIM,browse,10.0,action,True,prototype
jKw2bzJc-NY_2,light year,9.0,metric,True,prototype
jLV6SCP_7tA,january,4.0,time,True,test
jLr6GA-anhg,bone,5.0,medical,True,test
jMT-IXiUqYU,unofficial,3.0,legal,True,prototype
jMWvOjMUjYk_1,interest,7.0,behavior,True,test
jNkdn-cMgAw_1,nail polish,7.0,utility item,True,test
jNqoK6dGDe4_1,accept,6.0,action,True,prototype
jO4x18b1bfA,homicide,14.0,action,True,prototype
jOZclErOnvc_1,offence,9.0,legal,True,prototype
jR_zotBN7O0_1,donkey,7.0,flora and fauna,True,test
jTBahbE4_OY,know,3.0,action,True,test
jTC_PIGT7yU_1,lecturer,7.0,education,True,prototype
jTQgtnpAMII_1,officiating,7.0,legal,True,prototype
jTfsjVTVmKg_1,evening,7.0,time,True,test
jTiYeNeaS-s,youth association of the deaf india,3.0,organisation,True,test
jTkey-Xi7Zc_1,sad,7.0,emotion,True,test
jU4EzkHyLHA_1,land,10.0,geography,True,test
jVWOCjBjwfo_2,nuclear energy,14.0,physics,True,prototype
jWWLAybE8C8_1,sister,12.0,relation,True,test
jXFwSjb4-KU,safe,4.0,attribute,True,test
jXIz2WBz-V8,practice,4.0,action,True,test
jY2sv02MLIs_1,umbrella,8.0,utility item,True,test
jYxKWo87YZg_1,unfit,9.0,quality,True,prototype
jZ46cqBrg3s,granddaughter,9.0,relation,True,test
jZ4oX1mcxCs_1,self balancing,9.0,attribute,True,test
jZgU5rsfZ4c,university,4.0,education,True,test
jZrzxlOJBSQ,mouse click,9.0,computer,True,prototype
j_ERp4-Cqbg_1,friday,5.0,time,True,test
j_aqqdcJKls_1,who,5.0,abstract,True,test
jaGiqrGr1y0_1,desert,8.0,geography,True,test
japf1wZMgiQ,new zealand,3.0,geography,True,prototype
jax7fVU9f8E,shape,3.0,math,True,prototype
jb7aGNEBsvE_1,tiller,9.0,banking,True,prototype
jbQ45t-svIc_1,goal,6.0,abstract,True,test
jbWFtVsidmE_1,nominal value,8.0,banking,True,prototype
jbybGuk6DA8,mainsworn,15.0,legal,True,prototype
jc2G1aW5DQU,solo,4.0,abstract,True,prototype
jcvnsL69MMo,range,5.0,math,True,test
jd2L93yHNIg_2,wavegraph,14.0,physics,True,prototype
jd3nIcR1SAk_1,smile,7.0,action,True,test
jeTLFZIvM10_1,wet,6.0,attribute,True,test
jfjL9Too_gA,patience,3.0,behavior,True,test
jfqgCBnOy3Y_2,non,11.0,abstract,True,test
jhJGHoYO_T4,banner,5.0,miscellaneous object,True,test
jhh83Fo3Hp8_1,instrument,9.0,instrument,True,test
ji3I5Iw0e3Q_1,unemployment,8.0,stage,True,prototype
jiGFdH-Yz4E_1,mechanic,6.0,profession,True,test
jiOH72jjdnE_1,powder,6.0,utility item,True,prototype
jk-q6T9ioJw,lower division clerk,4.0,profession,True,prototype
jk4ehSo6dXQ_1,lassi,6.0,foods and drinks,True,test
jkEN0PmkrDE_1,spanner,7.0,instrument,True,test
jkSBzJW8eFI_1,melt,8.0,process,True,test
jltBhjuviLI_1,hours,7.0,time,True,test
jml-E067HJc_2,quit,6.0,abstract,True,prototype
jn-vHteHdA0,thrice,5.0,comparator,True,test
jnDhq0g0meA,deadly weapon,15.0,miscellaneous object,True,prototype
joYn4YE3jFg_2,conservation,8.0,biology,True,prototype
jp3iGdpZyO4_1,statement,9.0,legal,True,prototype
jp_IEErEgzQ,dolly,12.0,action,True,prototype
jrpS8BdYE2g_1,july,6.0,time,True,test
jrqLjBjjrHA_1,tuesday,5.0,time,True,test
jrqzCgrsKbo,kidnapping & abducting,11.0,action,True,prototype
jrxgxM0Pj7g,superman,4.0,entertainment,True,prototype
jsM5s7HUAhQ,serial tv,4.0,entertainment,True,test
jsuUHXDlVa0_1,late,6.0,time,True,test
jtZUN6jTcUc_1,bangles,6.0,wearable,True,prototype
jthDJHPun0I_1,health,8.0,medical,True,prototype
juL9VaVeWPs,types of vegetable gardening,11.0,flora and fauna,True,prototype
jvJvFTBSXuw,economics,6.0,education,True,prototype
jvTF5BY3UI4,pineapple,5.0,foods and drinks,True,prototype
jvqLDP06WII,put,5.0,action,True,test
jwGZ64BB2pg,switch box,11.0,electronic and electrical,True,prototype
jwjeDemhdv4,possess,6.0,action,True,prototype
jwxh6Lo8GrI_2,periscope,13.0,instrument,True,prototype
jxApN53iXO0,pollution,4.0,geography,True,test
jyg5sxHBh88_1,selective,11.0,behavior,True,prototype
jzoSaQe5fdU,scent,4.0,utility item,True,prototype
k-7zsj7-VLg,private gardens,14.0,construction,True,prototype
k-8lCTgAjGU,jodhpur pants,10.0,wearable,True,prototype
k-WaxvAgxrU,pharmacist,9.0,medical,True,prototype
k-cDnMe7pp8_1,account blocked,13.0,banking,True,prototype
k0jZGXF0xNY_2,energymeter,11.0,physics,True,prototype
k0oU46NwtCQ_1,bold,6.0,attribute,True,prototype
k0pUR0HlaNw,small,5.0,quality,True,test
k1DohVb9Ck0,geodetic survey,14.0,education,True,prototype
k2aBFQ5mXrE_1,old,6.0,human,True,test
k3gjXKD3_XU,drive,7.0,attribute,True,test
k4TV4QwuYNc,chicken mesh,6.0,biology,True,prototype
k4UEchc9VnM_2,installation,9.0,banking,True,prototype
k5dRhEhUEQ0,turkey,3.0,geography,True,test
k6iqdvYEj4k,lawyer,5.0,legal,True,test
k6lRQrt3WKo_1,jew,6.0,religious,True,test
k8Gk1M_pWlk,flat belt,14.0,instrument,True,prototype
k8MRVadUMt4_1,volcano,7.0,geography,True,test
k8gt1UnMkR4_1,temple,7.0,religious,True,prototype
k96ZQYGYriA,hosticide,14.0,action,True,prototype
k9C_uq11Ja0,increase,5.0,comparator,True,test
k9oluMAfSqg_2,field,10.0,physics,True,test
kA7ozrVfQjM_2,intermediate,10.0,stage,True,prototype
kA8JbsFi4dI,embarrass,4.0,action,True,test
kAIC79Ubl_g,bill,4.0,banking,True,test
kBGA6N3xhBo_1,cock,8.0,flora and fauna,True,test
kBaDVYUWeoc,whiteboard,5.0,utility item,True,prototype
kBahUhpt6H0_1,new moon day,10.0,event,True,prototype
kCPRwLk0iDk_1,smell,7.0,sensation,True,test
kCUX4h_p3J0_1,beak,7.0,biology,True,prototype
kCcBWqGQAJk_1,animals,7.0,flora and fauna,True,test
kEMFrD53l6E,king,4.0,profession,True,test
kGNjIYbroko_1,taste,7.0,sensation,True,test
kGa7Bq3pYqQ,racism,4.0,human,True,prototype
kGacw2buj-A,deafness,3.0,medical,True,prototype
kHGkRSDn6q8,land,4.0,geography,True,test
kKCEuKZ3lV0,list,4.0,readable,True,test
kKlexawuuCQ_1,social society,9.0,group,True,prototype
kKwNheqJZ9M_1,brain,7.0,biology,True,test
kKwahC0ZvJM,rockery plants,14.0,flora and fauna,True,prototype
kLSAkQXXOVs_1,legally protected,10.0,legal,True,prototype
kMebuYjYjHA_1,premises,7.0,construction,True,prototype
kN26O2zO-cQ_1,recommendation,6.0,action,True,prototype
kNozCUWm_iA_2,angle of refraction,10.0,physics,True,test
kO5NaIjjtn0,restrained,3.0,action,True,prototype
kOGEagUa-XA_1,mud,10.0,substance,True,prototype
kPF8HIor4D0_1,account margin,14.0,banking,True,prototype
kPx4MXMIFZI,white,5.0,abstract,True,test
kSNvIZi2cpg_1,basket of currencies,13.0,banking,True,prototype
kSPgPYgFMfc,coat  dress,12.0,wearable,True,prototype
kSbesZjIkmo,electrical service,6.0,organisation,True,prototype
kU3ISrjeygE,elephant,5.0,flora and fauna,True,test
kV7Oo7D26Gw,gandhinagar,3.0,geography,True,prototype
kVWLNRW6HTw_1,unconditional,8.0,quality,True,prototype
kWHNVZbueII_1,polish,6.0,action,True,prototype
kX2zG8GYM_k_1,credit sale,9.0,banking,True,prototype
kXSOWHHAteo,next month,4.0,time,True,prototype
kXVms85vYqo_1,promise,6.0,action,True,test
kYDVQir2UDk_2,ratio,8.0,math,True,test
kYNeJvZntNM_1,sofa,7.0,utility item,True,test
kYO_FhDcRXE_1,attorney,11.0,profession,True,prototype
kYSK3akxd7s,balmacaan,9.0,wearable,True,prototype
kYgE3-7DngE_1,coal,10.0,metal and minerals,True,test
kYwtY_FCM1c,finish,4.0,action,True,test
kZ6gCAbcJOA_1,tax,9.0,legal,True,test
kZneFf1ONo8,melt,7.0,process,True,test
kZnl4XgNVgU,increase,5.0,comparator,True,test
k_cERknXVoc_1,uniform,6.0,quantity,True,test
k_yOFdGbgeg,mushroom harvesting,8.0,process,True,prototype
kadMX531Q2A,prefer,5.0,action,True,test
kcHPJA0kPtg,stone,5.0,metal and minerals,True,test
kdMxj-h-rRs,airtel,5.0,internet,True,prototype
ke1DcSSwifs,days before,10.0,time,True,prototype
keuFgJr0Bbc_1,knife,6.0,utility item,True,test
kfSr1QvbHZA_1,e-mail,7.0,internet,True,prototype
kfTE4DFPuN4_1,price,6.0,banking,True,prototype
kfb__18uzpw,eighteen,5.0,math,True,prototype
kglFBS70qFM_2,motion,8.0,physics,True,prototype
kgvFkAx0xbE,stupid,4.0,abstract,True,test
khVBhrXBIEY_1,shirt,7.0,wearable,True,test
khitZin7NWE_1,strong,7.0,quality,True,test
ki-uVp9OioM_1,packing credit,9.0,banking,True,prototype
kionVevx1ns,repair,11.0,action,True,test
kjF2AUzUKO0,capsicum,4.0,foods and drinks,True,test
kjbYH9I5O4U,how many,4.0,quantity,True,test
kl6t309RsBY,already,4.0,time,True,test
kmxkFZgrfuY,address,3.0,geography,True,test
knDXwoLESEc,sugar,4.0,foods and drinks,True,test
kncWaeUb5Ps,commercial vegetable gardening,9.0,biology,True,prototype
knmmNX9unM0_1,chew,7.0,action,True,test
ko_3tCyv_Dg,europe,4.0,geography,True,test
kol8vlW0KxE_1,salwar kameez,7.0,wearable,True,prototype
kpVwMOWsclA_1,deposit safe custody,9.0,banking,True,prototype
kqBV5yAFq-A_1,bond,8.0,banking,True,prototype
kqc7eglNJvE,team,3.0,group,True,test
kqm4fF_sp4M,option,5.0,construction,True,prototype
krcq0GUvMNQ_1,preventive measures,9.0,action,True,prototype
krnKXV-ct3Q,wealthy,3.0,attribute,True,prototype
ktkkqkosNMY_1,roam,7.0,action,True,prototype
kur_a7Q3Abg_1,die,7.0,stage,True,test
kusWSSN4xjI,boss,4.0,profession,True,prototype
kv9Mw_tuoF0,role,4.0,action,True,test
kvm9DLxYlGo_1,birds,6.0,flora and fauna,True,prototype
kvs0joxjS98,share,5.0,action,True,test
kwphB-3eDMU,patriotic,7.0,attribute,True,prototype
kxpgbuVTGlE,should,4.0,language,True,test
kyMdUjCgk_k,octopus,5.0,flora and fauna,True,prototype
kzVZwbq6m2Y_1,travel,7.0,action,True,test
l0DbNgp0b38_1,resolution,9.0,action,True,prototype
l0XFIBGJR_g_1,priest,6.0,profession,True,test
l19j_Mrajdc_1,store,7.0,action,True,test
l1xyWyTDKy4_1,essay,7.0,readable,True,prototype
l2aqBT_Vbyw,rubber stamp,5.0,utility item,True,prototype
l2ytof4d1r0_1,book,6.0,readable,True,test
l3EHKw-sUDY_1,invalid,8.0,legal,True,prototype
l3VvC6z1I4U_1,husband,10.0,relation,True,test
l3fZdrppyaI,shawl,4.0,wearable,True,test
l3rjbQ5M6xg_2,concurrent,11.0,abstract,True,prototype
l47uS7f0ZSI_1,recognise,7.0,action,True,prototype
l4jwOKcXm4I,new,4.0,quality,True,test
l4sZF-4-a3A,proud,3.0,attribute,True,test
l55s_LMAces_1,hearing,6.0,sound,True,test
l59aZl_Jrto,secret,4.0,attribute,True,test
l6tVKGOn5JU_1,day before,7.0,time,True,test
l74MrarGqOk,time table,5.0,time,True,test
l7GQ-fR-DsA,tea,6.0,foods and drinks,True,test
l7HZNntVoGw,anti virus,7.0,computer,True,prototype
l7tvPoyzWRI,art,4.0,entertainment,True,prototype
l87H6gm74b8_2,sick unit,13.0,banking,True,prototype
l88Gk4kRlBE,reception,4.0,behavior,True,test
l8Aq3ttf3lk,bjp,3.0,politics,True,prototype
l8lwU4wIOz4,bad,3.0,quality,True,test
l97vwBQOu94_1,kick,7.0,action,True,test
lALvNHxvGDE_1,liquid,6.0,physics,True,test
lAeYniDjTo0_2,reward,7.0,miscellaneous object,True,test
lBaVjlCTfNo,duranta spinosa,7.0,flora and fauna,True,prototype
lCeMDi4ZRrk,thevetia neriefolia,13.0,flora and fauna,True,prototype
lDO3r1artKs,weight,4.0,abstract,True,test
lDS2BP2Sias,commercial building,14.0,construction,True,prototype
lD_M0hAktqU_1,recover,6.0,action,True,prototype
lDeEBmTDzIY_1,gun,6.0,machine,True,test
lEVfZdtEMkU_1,antartica,10.0,geography,True,test
lF3h9t_N8fA,concept,4.0,education,True,prototype
lF9KfGNnrdU_1,scent,6.0,utility item,True,test
lFY9NjDYAwg,lassi,5.0,foods and drinks,True,test
lFyE0xYWW7I,drug,4.0,substance,True,test
lGjAsZhyyKc_1,exercise,6.0,medical,True,test
lH6pT7nQb9A,one,4.0,math,True,prototype
lH8ozqCOz_w_1,clerk,7.0,profession,True,test
lJeijKlq1Qo,ostrich,6.0,flora and fauna,True,prototype
lJsUQT5Ztv8,toaster,5.0,electronic and electrical,True,prototype
lKFWhABVO30_1,picture,6.0,miscellaneous object,True,test
lL9bFfJ9t9E,taj mahal,4.0,construction,True,prototype
lLd__AgPs98,he,3.0,language,True,test
lMQiMzxO_IU,sharpener,5.0,utility item,True,test
lNHaEWqFnZk,horizontal surface,9.0,spatial position,True,prototype
lOvFBGpn0bQ,district,5.0,geography,True,test
lQOdXN62MXo_1,in,5.0,spatial position,True,test
lQpBuFX4L1I,jamaica,3.0,geography,True,prototype
lQyrTnOO4XE,instagram,5.0,internet,True,test
lRYgVqrUDl0,sanjay dutt,4.0,human,True,prototype
lR_1-a9k6wM,papaya,3.0,foods and drinks,True,test
lSPMq5Pdb6I_1,green,8.0,colour,True,test
lSwvLtI69Ls_1,hariyana,7.0,geography,True,prototype
lSy4VDcINoY_1,trouble,7.0,stage,True,test
lTbpj1XKVWg,dropbox,6.0,internet,True,prototype
lTzvesFWOYI,divorcee,7.0,legal,True,prototype
lV1k10LuRGk,knowledge,4.0,abstract,True,test
lW8hheG6HgY,from,5.0,language,True,test
lWnmHMNS06E,more,4.0,quantity,True,test
lY5wzI7a5CE,welder,7.0,profession,True,test
lYS6WVGPAWo,calendar,5.0,time,True,test
lYadClPZWkY,asphalt concrete,7.0,construction,True,prototype
lZ0zU9cHrbM_1,angle,10.0,math,True,test
lZFvkSf9kS8_1,pamphlet,10.0,utility item,True,test
lZi4g6ZWBro,yak,6.0,flora and fauna,True,test
lZlKIjW-0HU,assault,12.0,behavior,True,prototype
lZnF8-wpBKg_1,fish,6.0,foods and drinks,True,test
lZt6lnBA9Gc,level,4.0,abstract,True,test
l_FTpIhhBg8,clutch lever,10.0,machine,True,prototype
l_QL6DBEeFk,eight,4.0,math,True,prototype
l_iVlaZg-so,glass,4.0,substance,True,test
l_q1yjr1iz8_1,tax exemption,11.0,legal,True,prototype
l_yU-eg4lHM_1,measles,6.0,biology,True,test
lc1lDSduLXk_2,property public,12.0,banking,True,prototype
lcw-m4_hZUY_2,celsius,9.0,metric,True,prototype
ldU7z0-dE4k_1,judgement,10.0,action,True,test
ldZ8V0CmBu4_1,hotel,6.0,construction,True,test
ldoR2f3W4co,motorcycle,6.0,transport,True,test
lg8a0VGcHKQ,panel door,9.0,utility item,True,prototype
lggh2K7490s,symptoms of nematode diseases of plants,15.0,biology,True,prototype
lhRSYduQK60,bike oil filter,15.0,instrument,True,prototype
lkC12LzjKzU_1,area,6.0,geography,True,test
lkXLuq4RHCc,three days before,3.0,time,True,prototype
llB8wpBo7O0_1,take home pay,11.0,action,True,prototype
lmHzZtmO_30_1,society co,11.0,group,True,prototype
lmJjVrDDXiQ,cummerband,6.0,wearable,True,prototype
lnZbgS3LNog_1,hypothecated,13.0,commerce,True,prototype
lnjKJelSCnI_1,over writing,10.0,action,True,prototype
lo-tct1Ryrc,smell,5.0,sensation,True,test
loVv4NlyfvQ,systemic disease,14.0,medical,True,prototype
lpFt9c1GueI,gold,13.0,metal and minerals,True,test
lpwbRVY9-vY,bonus,6.0,abstract,True,prototype
lqPqubp-3IE,inspire,9.0,action,True,prototype
lquuC45v24M,golden temple,5.0,religious,True,prototype
lr-4dzTcjB8,engine,11.0,machine,True,test
lrvP6pB8--A_2,refund,6.0,banking,True,prototype
lsaavtEzqKs_1,dirty,6.0,quality,True,prototype
lsp2o-yBY10,brazil,3.0,geography,True,prototype
lt-sitx_nUU_1,ant,6.0,flora and fauna,True,test
ltKW64fB3VU_1,cat,7.0,flora and fauna,True,test
ltR5hdlEzjQ_1,animals,7.0,flora and fauna,True,test
ltVnbI_MWDg,ministry of social justice and empowerment,5.0,authority,True,test
lto2iIwYuOw,clever,6.0,behavior,True,test
lts3gE45zV4,independence day,5.0,event,True,prototype
lub1H0EZwws_2,requirement,7.0,abstract,True,test
lxP9Dga73Rw_1,transcription,7.0,banking,True,prototype
lypZOubhfds,link,4.0,relation,True,prototype
lyx-vjcl6KA_1,leather,8.0,substance,True,prototype
lz2BCCFiYmQ,comb,5.0,utility item,True,prototype
lzCeQ6VI2zU,pear,4.0,foods and drinks,True,prototype
lzTXlugHZCg_1,between,7.0,spatial position,True,prototype
lzUMKuDPzls,child abuse,13.0,legal,True,prototype
m-B9NoejhTg_2,bill of exchange,11.0,banking,True,prototype
m-YncUJ0SpA,often,4.0,time,True,prototype
m0gLC72xKDs,rail section,15.0,transport,True,prototype
m105B5k5IYY_1,kannada,7.0,language,True,test
m1LyTLlhmvA,tease,6.0,behavior,True,test
m3AFwuIwkiQ_2,solar eclipse,9.0,astronomical,True,prototype
m40rLzSro7M_1,annual,9.0,time,True,test
m4NUhzj-l70,parrot,4.0,flora and fauna,True,test
m4UTGWK32d4,next,5.0,time,True,test
m4fQZijBvjo,why,3.0,abstract,True,test
m4ogvwOrsZc_1,retain,8.0,action,True,prototype
m4qwdzErX5g_2,control,7.0,action,True,prototype
m5IBE8Ozm_0_1,flower,6.0,flora and fauna,True,test
m5OgF_1NIBU,vibrant image,14.0,quality,True,prototype
m6Uby73Tg3s,six,4.0,quantity,True,test
m6s5zgf0gpI_2,compound microscope,9.0,biology,True,prototype
m745tmPqMgI,hoe,3.0,instrument,True,prototype
m7F7GzaBG7s,underhand,10.0,action,True,prototype
m7cfsP8_omM_1,mother,8.0,relation,True,test
m7q4oQRNQPQ_1,stove,7.0,utility item,True,test
m7zujfKvM9Y,pen,4.0,utility item,True,test
m8MBKbGzY6s_1,diseases,9.0,biology,True,prototype
m8c-LCkr39Y,resolve,4.0,behavior,True,prototype
m95rHmULP1k_1,guard,7.0,profession,True,prototype
m9lpyg8UEMU,telangana,5.0,geography,True,test
mDQmu9H4-e8,extrahepatic,10.0,medical,True,prototype
mDef1KqeBTw,gate,5.0,construction,True,prototype
mE9xzpyh5GM_1,scribe,9.0,human,True,prototype
mEKieyopxsc,stay,4.0,action,True,test
mEhGf6FP0Jo,russia,5.0,geography,True,test
mFfYVeyQOWA_2,verification,8.0,legal,True,test
mGWaaXCKdx4_1,resources,10.0,abstract,True,prototype
mHIxXjMGN8c_1,blood pressure,8.0,medical,True,test
mIun6SVIyEA,anonymous complaint,11.0,readable,True,prototype
mJz4mKTtt64,cheap,4.0,attribute,True,test
mKT_yIIVqbA_1,on demand,9.0,banking,True,prototype
mKjjkYe1ZSg_1,tortoise,6.0,flora and fauna,True,test
mKxgmzevEio,birds,5.0,flora and fauna,True,test
mL4_qchOSsM_1,gas stove,8.0,instrument,True,test
mLANykny44w,ukraine,3.0,geography,True,prototype
mLirLDw62Dk_1,restricted,7.0,action,True,prototype
mNf1uFIbIfI_1,bhangada,6.0,entertainment,True,prototype
mOkpsL3dtYU_1,decline,12.0,comparator,True,prototype
mP9BH-ZabQk_1,gujarati,6.0,geography,True,test
mPEgUoTSEoY_1,ourselves,7.0,relation,True,prototype
mPZ37Qlg4B8,when,3.0,abstract,True,prototype
mPyRIGEieXo_1,some,6.0,quantity,True,test
mQPmk_qj6wM_1,risk,6.0,abstract,True,prototype
mRmOZEKXSFQ_1,jackfruit,7.0,foods and drinks,True,test
mRodiqQBduE,bitter gourd,4.0,foods and drinks,True,prototype
mTuXlaWeVf8,optical character recognition,12.0,electronic and electrical,True,prototype
mUeSvl1T5Sk,ghana,3.0,geography,True,prototype
mUes7TvTZ0Y,catch,4.0,action,True,test
mUhcz7RyFqI_1,peak,9.0,spatial position,True,prototype
mWBceiU6iR4_1,quran,6.0,religious,True,prototype
mWHH9UopPFs,mi xiaomi,6.0,electronic and electrical,True,prototype
mY5LdfQ0sjQ,second,4.0,math,True,prototype
mZ8Tmp9I2Is,cock erels,11.0,flora and fauna,True,prototype
mZPhzM2sh0E_1,faith,6.0,abstract,True,test
m_jv0J-ORnQ_1,sunday,5.0,time,True,test
m_rnnhVnHZo_2,experiment,8.0,process,True,test
maf-Qj8EavI_1,agenda,10.0,process,True,test
md3sDbLwP_I,czech republic,4.0,geography,True,prototype
mdghSfzgn_w,okay,5.0,gesture,True,test
mdv4f8f7JpQ_2,hot,6.0,sensation,True,test
meGXyGsCWhs,season,7.0,time,True,test
mfoG6eiYkuA_1,busy,6.0,behavior,True,test
mgVaDE2i02s_1,engine,8.0,machine,True,test
mh7hK_GB1yQ,paneer,4.0,foods and drinks,True,prototype
mhO9nuyQ28I,merge,6.0,action,True,prototype
migHEZ8zuh0_1,candle,8.0,utility item,True,test
mikGymYxces_1,sewing machine,7.0,instrument,True,prototype
mjwekhNRLbY,shaving razor,6.0,utility item,True,test
mkXoxeaRCRc,triple,4.0,quantity,True,test
mkgTT7rVBAQ_1,thumb impression,11.0,language,True,prototype
mkl9CmVJ2tM_1,subsidy,8.0,legal,True,prototype
mmXQw0IktO0_1,good,7.0,quality,True,test
mn1F8ifBfE8_1,cap,6.0,wearable,True,test
mn1rYKlKYt4_2,milligram,9.0,metric,True,prototype
mnZrhrQqNQk,peacock,4.0,flora and fauna,True,test
mnswyczu_t4_1,easter,8.0,religious,True,test
mny-_WVQmTM_1,newspaper,7.0,readable,True,test
mpugTirtE4Q_1,exercise,6.0,medical,True,test
mq9WIJ0BxY8,forest,5.0,geography,True,prototype
msAFTkGIkKY,dehradun,4.0,geography,True,prototype
msFZgjGHhCw_1,facsimile signature,8.0,legal,True,prototype
mty6yED1PpI_2,projector,7.0,instrument,True,test
muFgzetIJP4,sea,5.0,geography,True,test
mw6GHL7CsJw_1,son,11.0,relation,True,test
mwUQPlBBZgE,stop,4.0,stage,True,test
myELYk-m-cI_1,toes,9.0,biology,True,test
mySSsdvhhZI_1,despatch,10.0,action,True,prototype
mztpaGS8lno_1,sugarcane,7.0,foods and drinks,True,prototype
n-1noAwKg1w,economics,4.0,education,True,test
n-oYLZ4V2ZY_1,possible,6.0,attribute,True,test
n0NXSLz7Skk,wrong,4.0,comparator,True,test
n0ixnjHqfAU,accept,4.0,action,True,test
n162JtquPPo,chicks,12.0,flora and fauna,True,prototype
n2XiOTb_y0E,shell top,10.0,attribute,True,prototype
n2Yyy3BkMjk,ginger,5.0,foods and drinks,True,test
n4ITD16-c9Q,kochi,6.0,geography,True,prototype
n5UUf4qS9vo,tall protective hedges,13.0,flora and fauna,True,prototype
n7Ikc1zpm-o,cylinder,5.0,utility item,True,test
n7sdyYH_Vss,people,7.0,group,True,prototype
n8CdU-tQIX4,roof,6.0,construction,True,test
n9F3-JF1Dug,blouse,4.0,wearable,True,test
nBXHnSz4pYc_1,compass,7.0,instrument,True,test
nBnJhuCSZxY,compare,4.0,process,True,test
nBp-9HnOvow_1,anklets,7.0,wearable,True,prototype
nC0-4IBpIe0_1,mirror,7.0,physics,True,test
nDjjCfmeT28_1,put,6.0,action,True,test
nEoBtV3LSLw,shallow,5.0,attribute,True,test
nGBnt1hkNA4,chain drive,14.0,instrument,True,prototype
nGYNwYqr4iM_1,extra,8.0,quantity,True,test
nGiuyZ9jIds,fourteen,4.0,math,True,prototype
nGk01dUfQo0,buffalo,5.0,flora and fauna,True,test
nH3nl9uTYc8_1,expensive,7.0,attribute,True,test
nH5V7jQYZfU_1,feed,6.0,action,True,prototype
nHEWuB2F5O4_2,loan terminable,9.0,banking,True,prototype
nHdz1IK9ydw,weak,4.0,quality,True,test
nHoSIUvNUhA,embryonic development,15.0,biology,True,prototype
nIBj-sIAi3s,sleep,4.0,action,True,test
nIYd_DTmgOA,diabetes,5.0,medical,True,test
nIw0e8QMIko,rock,5.0,miscellaneous object,True,prototype
nLRgpHuC0fQ_1,cholera,6.0,medical,True,test
nN5836JqV6o,twin,4.0,biology,True,prototype
nOfYw4qFT98_1,calm,8.0,emotion,True,test
nOqqumlcVYU_1,shine,6.0,attribute,True,test
nPFOofWkMZc,tall shrubs,6.0,flora and fauna,True,prototype
nPejilWVcLU,state,4.0,geography,True,test
nQhm9tWvaog,german measles rubella,5.0,biology,True,prototype
nR0rTKA9Ldo_1,action,10.0,action,True,test
nRHDYOP78eE,spectacles,4.0,wearable,True,prototype
nReXFWHGPdg,soup,4.0,foods and drinks,True,test
nS1xo_n5_sQ_1,you,7.0,relation,True,test
nS5mLcPFpnk_1,strong,7.0,quality,True,test
nS9YfFqJct0_2,angle,7.0,math,True,test
nSEzV5TYaZk,milling cutter angle,9.0,instrument,True,prototype
nT_QwhsDXR0,prescription,5.0,medical,True,test
nU2c599HQUM_1,cake,6.0,foods and drinks,True,prototype
nVGUO-aBw6o,remove,3.0,action,True,test
nWsRyI0iqEQ,lift,4.0,transport,True,prototype
nX8FJ8qjPuQ_1,candle,8.0,utility item,True,test
nYQJc4FIONc_1,patience,7.0,behavior,True,test
nYq64foD8OE_1,scent,6.0,utility item,True,test
nZC6NXo3SAc,truck,5.0,transport,True,prototype
nZPix7hmbDc_1,chest,7.0,biology,True,test
nZQgs84-71M_1,sunday,5.0,time,True,test
nZXIuMlpqs8_1,temporary,6.0,abstract,True,test
nZp9HgnRg2Q_1,compate,6.0,process,True,prototype
n_8B2_ChR7I,lamp,5.0,electronic and electrical,True,prototype
n_ZH6USjaMM_1,unlimited,6.0,quantity,True,test
na-Lq61BD80_1,agree,5.0,action,True,test
nbGClOPWFAs,label,3.0,action,True,test
nbGetUh9P74_1,about,6.0,spatial position,True,prototype
nbJBh7lzl30,taxi,5.0,transport,True,test
nbVI64uJFks,kannada,7.0,language,True,test
ncAPREMR3JA,dvd,6.0,computer,True,prototype
ncRjrgTmEho_1,trade,8.0,commerce,True,test
ndCTFD1P_qo,balloon,4.0,utility item,True,prototype
ndTLR5u4IKc,autocracy,15.0,authority,True,prototype
ndh4le8xfHY_1,practise,7.0,action,True,prototype
ne5dJi6f9aQ,permanent,4.0,attribute,True,test
nejz8c9gkFE_2,south poie,11.0,geography,True,prototype
ngk26A8JXKk,besom pocket,7.0,wearable,True,prototype
nhLcG0rMU7c_1,lawyer,6.0,legal,True,test
nhi8hvvKDe0_1,survivorship,10.0,stage,True,prototype
nhlsBwo95ms_1,sri lanka,6.0,geography,True,prototype
nkox-ajvLnc,lift,4.0,transport,True,test
nmC9PhWItts,recharge,6.0,banking,True,prototype
nnnPWu4bf60_2,galaxy,12.0,astronomical,True,prototype
nnpCEu2kzrs_1,mosquito,5.0,flora and fauna,True,prototype
npDGGJ0M-wc_1,ledger,11.0,banking,True,prototype
npkVQCEbeeM_1,kill,5.0,action,True,test
nqBsZsXrUk0_1,holder,10.0,instrument,True,prototype
nqH15OqXPnI,winner,12.0,human,True,test
nqN1KzFQ-nk,scalpel,15.0,instrument,True,prototype
nru9lQCilqs_1,questionnaire,7.0,utility item,True,prototype
nsIYX21oO_M_1,divide,6.0,action,True,test
nsmhWfsLTLc_1,unpaid,7.0,banking,True,prototype
nt0_JZPdo-Y,fish as a food of cattle,7.0,foods and drinks,True,prototype
nt6YlBv1Qv0,scotland,3.0,geography,True,prototype
ntsopMo8ABU,battered child syndrome,10.0,medical,True,test
nuTB6o4EeUU_1,symbol,10.0,language,True,prototype
nuVE-pwIDNM,time,4.0,time,True,test
nuYcIMq8e5U,apple,4.0,flora and fauna,True,test
nur8ELm8QV4,rocking chair,5.0,utility item,True,prototype
nv_OhAg7zNE_1,office bearer,9.0,profession,True,prototype
nvofZFSfV1w_1,table,7.0,utility item,True,test
nweVa6JYyYw,very,4.0,quantity,True,prototype
ny7-NbuyCuY,toggle button,11.0,computer,True,prototype
nyjlcCkgQVI_1,leprosy,6.0,biology,True,prototype
o-H6UeceSts,circuit breaker,9.0,physics,True,prototype
o-Y-aBPo_xw,armenia,4.0,geography,True,prototype
o1HHyNHRKaw_1,repay,7.0,banking,True,prototype
o1T_M9vuDr8_1,gloves,6.0,wearable,True,test
o1TtSAj8-oc_1,balloon,6.0,utility item,True,test
o2drDly41iw_2,centripetal,14.0,physics,True,prototype
o34Uvfsrpy0,servant,14.0,profession,True,test
o3ThFwDDdso,neck,4.0,biology,True,test
o3UvzZTcMqY,medium shrubs,8.0,flora and fauna,True,prototype
o3Yqyk3bfXE,snow,5.0,weather,True,test
o4AfySvjYxo_1,kurta,6.0,wearable,True,test
o4GtA7kt0xc_1,floppy,7.0,computer,True,prototype
o4zm0Ga1olU_1,self explanatory,9.0,attribute,True,prototype
o610N3lN8Zo,konark sun temple,7.0,geography,True,prototype
o68UYF2jW_o,handpump water,5.0,substance,True,prototype
o6HO3Gv3-HI_1,year,5.0,time,True,test
o7TVosWSogI,abstract,13.0,abstract,True,prototype
o7f9Ny0BfQU,artesian well,9.0,geography,True,prototype
o81WOSZDrs4_1,tortoise,6.0,flora and fauna,True,test
o90151UDeTo_1,prescribe,8.0,action,True,prototype
o95thycjZd0,transfer fee,8.0,commerce,True,prototype
o9vIJZ9h9dQ,bullet train,6.0,transport,True,prototype
oA3QZPn2m1k,duck,5.0,flora and fauna,True,test
oAbVUktjGi0_1,thick,7.0,quality,True,prototype
oAhY6BKcbG0,study,4.0,action,True,prototype
oBQfG6EUQEM_1,watch,8.0,action,True,test
oBlFP8OmGmI_1,harvest,6.0,flora and fauna,True,prototype
oClte_ZOU3o,html tag,13.0,internet,True,prototype
oCv7HT967Zc,air matress,12.0,utility item,True,test
oDkQtwBcNJE,tom and jerry,7.0,entertainment,True,prototype
oEb4cNh9cng,israel,5.0,geography,True,prototype
oH1yvkXOQ6w,gram,7.0,metric,True,test
oH5IJ53C4Nk,dengue,5.0,medical,True,prototype
oJUjrqXkdjs,add,5.0,math,True,test
oK0JcoPqnuY,namaste,4.0,greeting,True,prototype
oKJinRbyd5c,safety helmet,8.0,wearable,True,prototype
oKZLgXGojzE_1,stock opening,9.0,banking,True,prototype
oL5-8eYbp3I,rally,6.0,event,True,prototype
oLG6MTeNo2k_1,become,6.0,action,True,prototype
oLKRnSnr58c,rarely,7.0,attribute,True,prototype
oLYzn3tvSWQ_1,promisory note,8.0,banking,True,prototype
oMptigXjs8w,year,4.0,time,True,test
oMrL9S8VGJ0_1,frog,7.0,flora and fauna,True,test
oNLS4rBETd8,bharatiya janata party,4.0,politics,True,test
oNRtJ5PQ4NU,emergency medical technician,7.0,profession,True,prototype
oNnwv2EUUOQ,pakistan,5.0,geography,True,test
oPV8jV_SqGM_1,scissors,5.0,utility item,True,test
oPedYyqevCM,natural,6.0,biology,True,test
oPypd7lSD84_1,per pro,8.0,legal,True,prototype
oQ5MXCEEm7M_1,glass,7.0,substance,True,test
oQNOHd5JtqA,funeral cremation,11.0,event,True,prototype
oQZt_Mg6WFQ,sp,4.0,politics,True,prototype
oQhxACPhL1k,buffet,7.0,foods and drinks,True,prototype
oRJn3LprR4U,bowler,4.0,sport,True,prototype
oROlXdZN6pA_1,feather,6.0,flora and fauna,True,test
oRWZCnGJmjY_1,beans,6.0,foods and drinks,True,prototype
oRbyb-naKkE_1,far,6.0,spatial position,True,test
oRcnRJ4g8GY,icici bank,6.0,organisation,True,prototype
oSG1xo9mKto,ad infinitum,7.0,quantity,True,prototype
oSXFhrjLVAI,quickly,4.0,time,True,test
oSjumbZ6yhI,alkali soil,12.0,metal and minerals,True,prototype
oUGGkzVjF3A_1,bath,6.0,action,True,test
oUcoHPxXsbA,ice hockey,3.0,sport,True,prototype
oUq6eVq85sU_1,kilogram,6.0,metric,True,test
oWCU9EhTFuY_2,irregular vibration,10.0,physics,True,prototype
oX-Mo3au4eY,international,5.0,geography,True,test
oXDA73D5WAM,try,4.0,action,True,test
oY37vXA7tXk,problem,4.0,abstract,True,prototype
oYPDwA6rGqc_1,conversion,9.0,action,True,prototype
oYwBPKBX2kE,mouth,6.0,biology,True,test
oZ2YUZsC7hA_2,high resistance,13.0,electronic and electrical,True,prototype
oZ6x75IBNj8,programme,5.0,event,True,test
oZGsu4mt2e4_2,automobiles,8.0,transport,True,prototype
oZjgBn_Aml4_1,par - below,10.0,comparator,True,prototype
o_Dvm4U4sLo,make,5.0,action,True,prototype
o_ThmWoMwYM_2,improvement,9.0,time,True,prototype
oa5xViQgdGc_1,sick,6.0,medical,True,test
oaBVfRn6GPA_1,chapter,6.0,education,True,prototype
ocJHUZkUA1E_2,degree,8.0,education,True,test
odwu59KYHWk_1,thermometer,7.0,miscellaneous object,True,test
oeH2BtfiHVI,fruits,5.0,foods and drinks,True,test
ofZ6Jo2XUn8,kathakali,6.0,event,True,prototype
ogn8OCqqQ7k,confess,6.0,process,True,prototype
ogoYx2zZE7E,needle,7.0,utility item,True,test
oh90rIHoAuQ_1,morning,7.0,time,True,test
ohjswsB3XdQ,batman,5.0,entertainment,True,prototype
oizhgT9YG74,motherboard,14.0,electronic and electrical,True,prototype
oj-FbF4iU5M_2,negative,6.0,math,True,test
ojCn0dDr1m0,rock climbing gujarat,9.0,sport,True,prototype
ojf8g4q0xvU_1,actual,9.0,abstract,True,prototype
ok8DLBVJmKU_1,chief minister,7.0,authority,True,test
oksjclh3Z3M,out of work,4.0,event,True,prototype
omEpmBorZUg_1,non legal,8.0,legal,True,prototype
omcdxRmGHMM,lapel,11.0,wearable,True,prototype
onUK6-vwi1s_1,doubt,6.0,attribute,True,test
onsdyXAWNqY,violin,5.0,instrument,True,prototype
oo5qLRI1lmM_1,mumbai,6.0,geography,True,test
ooGQLLL-8RQ,experiment,7.0,process,True,test
opvfqSmc3TM_1,fund,7.0,banking,True,prototype
oqQZVkOsNh8,metre,5.0,metric,True,test
oqq2I0ePK3Y,initiative,8.0,behavior,True,test
osKMM2nRMaI,passion,6.0,emotion,True,prototype
osLBI6ox7EE,nervous,4.0,emotion,True,test
otXF356rVzQ,bell,5.0,miscellaneous object,True,test
ouQmvo795rE,four,5.0,math,True,prototype
oumchDY1yqs_1,post office,6.0,construction,True,test
ouqUEVpF0v4,guide,6.0,utility item,True,prototype
ov-SGBORI6Y,disrespect,5.0,behavior,True,prototype
p-TiL6oWEbA_1,often,6.0,time,True,test
p0IHOoCCGNU,carpenter,6.0,profession,True,test
p10Dt-78muM_1,energetic,6.0,attribute,True,test
p1cUjAAJGtc_1,treasury,8.0,miscellaneous object,True,prototype
p2fONcgegyM_1,account minor,13.0,banking,True,prototype
p2tLsgPiaWw,iran,4.0,geography,True,prototype
p2tdvIBIU0c_1,dhobi,6.0,profession,True,prototype
p5Fbfjwa6lo_2,watt,11.0,metric,True,prototype
p5sMB8Y4p7A_2,individual,7.0,quantity,True,test
p6Br14ZTsZI,cream,8.0,utility item,True,test
p7L6g9YzTVU,thermometer,4.0,miscellaneous object,True,test
p7oldq2vCto_1,enclosure,9.0,banking,True,prototype
p8-zJttOAKc_1,toilet,6.0,construction,True,test
p8R2zU16-xI_1,thursday,6.0,time,True,test
p8RRLvEnKIY_2,relief,6.0,action,True,prototype
p8ccKTtbyaQ,duck,6.0,flora and fauna,True,test
p9SdpeHMkZ0,happy,3.0,emotion,True,test
p9bBKmmXvkY,calculator,4.0,math,True,test
p9iMjaFLMsc_2,battery,8.0,physics,True,test
pAo8Zc96Tu8,shield,5.0,miscellaneous object,True,prototype
pAtADV-ujaQ,forever,4.0,time,True,prototype
pBeRmN-a5lU,shawl,4.0,wearable,True,test
pC0Qg1SBVs4_1,unit,6.0,metric,True,test
pCBCoT-2Bb4,murder,3.0,action,True,test
pCOcHCIK5rc_1,renewal,7.0,action,True,prototype
pD08WIZUULQ_1,chappels,6.0,wearable,True,test
pDANep6oMko_1,sugar,5.0,foods and drinks,True,test
pDoqBNI1OyY,hidden file,12.0,utility item,True,test
pEM47kqgTEc,asbestos,7.0,substance,True,prototype
pEdQoefPlaI_1,exchange foreign,11.0,banking,True,prototype
pFUbKCb5m0I,nice,4.0,quality,True,test
pFhX9i2XDVY_1,trust,7.0,emotion,True,test
pFvqiGdzRH4_1,encourage,6.0,action,True,prototype
pFwwq-q_VTk,make a long story short,4.0,process,True,test
pG0n_OYfyQ4_1,figure,8.0,instrument,True,prototype
pHKwOx-oGic,nagpur,5.0,geography,True,prototype
pHgHQOTWz-U,numerous,4.0,math,True,prototype
pIdeeOdo8pw_1,cook,7.0,foods and drinks,True,test
pJZsB91xhWE_1,receiver,6.0,human,True,prototype
pJi25JN7TwU_1,clean bill,10.0,banking,True,prototype
pJpVzk9brGM,rude,4.0,attribute,True,test
pKXztoHJJLg_1,thorn,6.0,miscellaneous object,True,test
pKb4DHICBuo,happen,4.0,time,True,prototype
pMUP28lpEtI,grow,6.0,time,True,test
pNIc3-tZCr8,this,5.0,relation,True,test
pNiWeRZM59o,document,5.0,readable,True,prototype
pOrhwbKtrns,policy,5.0,legal,True,test
pPNhLjhDOcs_1,night,6.0,time,True,test
pQ0xpEJDynQ_1,protest,6.0,event,True,prototype
pQlSVEXVTg0_1,judicial,7.0,legal,True,prototype
pRJFwOmmjPE,mushroom,4.0,foods and drinks,True,test
pTbDCcIMvpM,record video,4.0,action,True,test
pU-6WzNOsuc,tolerate,5.0,behavior,True,test
pUUQ1UG90rU,tight tracking,13.0,action,True,prototype
pUe8744GO0Y_1,licence,10.0,legal,True,test
pUfkesVaSYc,woven,6.0,attribute,True,prototype
pVFFflkBVio,guitar,5.0,sound,True,prototype
pWdhIAVSNh4_1,pig,7.0,flora and fauna,True,test
pWeJhQGITxI_1,children,8.0,stage,True,prototype
pXODwFAlZUg_1,to,6.0,process,True,prototype
pYCXAIysO5Y,record,5.0,action,True,test
pYNE4dYeRKk_1,yellow,9.0,attribute,True,test
pZ3sCNXcd_8,web camera,8.0,internet,True,prototype
p___W5DGZYM,pronoun,5.0,language,True,prototype
p_jV4LqTBws,taste,5.0,sensation,True,test
p_jiAp79UAM_1,silk,8.0,wearable,True,test
pcIRZ8YeSwY,google pay,4.0,internet,True,prototype
pcL8I0LkHiI_1,oriya,7.0,language,True,test
pcMAg0w93W0,mobile,4.0,electronic and electrical,True,test
pcszWYZUdr4,audience,6.0,group,True,prototype
pcz5j3TcyEs_1,brother,13.0,relation,True,test
pdCmQ4U7C7c,wedding reception,5.0,event,True,test
ped2hI_0Lu4_1,cooperate,7.0,action,True,prototype
pgB67M7B9RY,gprs,9.0,internet,True,prototype
pgg0OdGUi9Q_2,kaleidoscope,11.0,instrument,True,prototype
ph86UNnfHM4_1,general ladger,8.0,banking,True,prototype
phWVA0eK_x8_1,now,7.0,time,True,test
pi2WpXIFSN8_1,spot price,8.0,commerce,True,prototype
pi57mKwYBNQ,make,4.0,action,True,test
pjwWOqfb8JQ_1,practise,7.0,action,True,test
pkfSN1ufC0c_1,appointment,10.0,action,True,test
pl4fBwS1VKA,raipur,4.0,geography,True,prototype
pmZTgjnADhQ,peon,6.0,profession,True,test
poWZ8sd_wfk_1,grass,6.0,flora and fauna,True,test
pobP84igDt4,fresh,4.0,quality,True,test
podfgBVY9ak,wife,5.0,relation,True,test
pp-VaOe9Aek_1,day book,10.0,banking,True,prototype
pqdymDbWmpM_1,stingy,7.0,attribute,True,prototype
pr_5nYeLFKc_2,bio energy,8.0,biology,True,prototype
prb13TWFfLY,rationale,4.0,abstract,True,prototype
prejlBZJFWo,typist,5.0,profession,True,test
przV2cLTG_4,conference,5.0,group,True,test
ptxxnMh-dvg,ms powerpoint,5.0,computer,True,prototype
pu9ff2Xvfy4,dhobi,7.0,profession,True,test
puQHunAHML8,advantage,3.0,metric,True,prototype
pvCPTa5YUSQ,united states of america,4.0,geography,True,prototype
pwGHjBM_o0A,zero,4.0,quantity,True,prototype
pwh-LfRLloM_1,feel,6.0,sensation,True,test
pwmFabvAS3k,before,4.0,spatial position,True,test
pxDoKJd--Wk_1,drawer,9.0,construction,True,test
pxP6gH5pazw,beautiful,5.0,attribute,True,test
pxQQZrTl_S0_1,turnout,8.0,banking,True,prototype
pxjiTt5uiQo,twin,4.0,biology,True,test
pxlwsuM4GeY_1,them,5.0,relation,True,prototype
pyrA60I4x5k,washroom,5.0,construction,True,prototype
pyuu4e4fioE_1,on probation,9.0,legal,True,prototype
pz-WdE_67TE,assailant,12.0,abstract,True,prototype
q0FzWxQ3D8k_1,rock,7.0,miscellaneous object,True,test
q0NQtFrQljs,take hours at something,5.0,action,True,prototype
q0tH9vIYWNU,poison,6.0,medical,True,test
q2wNudHNr3Q,open belt drive,10.0,machine,True,prototype
q3r_Y_arWCY_1,sentence,6.0,language,True,test
q4UZa51yFUA_1,sister,11.0,relation,True,test
q4cpBqay1qI_1,advantage,9.0,metric,True,test
q5h35OmM1Zc_1,share preference,9.0,banking,True,prototype
q6RWNvLf2kA,thunder,7.0,weather,True,prototype
q79Rs300DoY_1,doll,6.0,miscellaneous object,True,prototype
q8GJtbifW80_2,escape,9.0,action,True,test
q8YYLFkGEwI_1,trade discount,9.0,commerce,True,prototype
q8nqvTW4ZBE,deep rooted,13.0,emotion,True,prototype
q97fAwh2-aM,rate,5.0,banking,True,test
qB4HOTYT1VA,exotic sheep,15.0,flora and fauna,True,prototype
qBNL8tfKk_8_1,her,6.0,language,True,prototype
qBsdlxgyHU4_1,cunning,6.0,behavior,True,prototype
qCoHkpGP5CA,uruguay,4.0,geography,True,prototype
qFOJk1w7PIs_1,visitor,5.0,human,True,prototype
qFfaDK70Jvc,decide,4.0,action,True,test
qGXvLJud7iE_2,hexadecimal,10.0,metric,True,prototype
qIEr10Hg_Hw_1,bad,7.0,quality,True,test
qIRaIAMh3Nk_1,peas,7.0,foods and drinks,True,test
qIYgR-Dvb6I_1,bullock cart,6.0,transport,True,prototype
qI_HL9U9_UE,adoptive child,7.0,relation,True,prototype
qJ25qL-gfX8,ways,3.0,process,True,prototype
qKEIXeVwCB4_1,west bengal,7.0,geography,True,test
qL6nqL53Z0g,autocracy,7.0,authority,True,test
qLAU7iI1Cfs,developmental delay,10.0,legal,True,prototype
qMD3sfogugU,unemployed,4.0,comparator,True,test
qMDStZsjwX0,velcro,8.0,wearable,True,prototype
qMGPlkkXdek_1,angry,6.0,emotion,True,test
qNUrBAQsL5s_1,working hours,7.0,time,True,prototype
qNWz7DPyrnU,select,4.0,action,True,test
qN_4AbN4yS8_1,plug,6.0,electronic and electrical,True,prototype
qP3z3jT3ENc,blurring,14.0,action,True,prototype
qR9b5ntUm50,non infectious disease,14.0,biology,True,prototype
qRqxwR1617A,attendance record,12.0,readable,True,prototype
qSD4IBK27Zg,toenail,6.0,biology,True,prototype
qSuPoYq-8lc,smallpox,5.0,medical,True,prototype
qTKpCqiDQZI,tata car,5.0,transport,True,prototype
qTqWjy6FgNE_1,white,8.0,abstract,True,test
qUIXw4OObjQ_1,curry,6.0,foods and drinks,True,prototype
qW80XrM1yWQ,mall,4.0,geography,True,prototype
qWzBMXkJ-DM,nomographer,13.0,legal,True,prototype
qXPZr651bTY_1,talk,11.0,action,True,prototype
qXV1KRvMA-Y,approve,3.0,action,True,prototype
qYk4iw7qgmc,affirm,4.0,action,True,prototype
q_0AgxMXZkU_1,area,11.0,geography,True,test
q_HxcWofEZU,allergy,5.0,medical,True,test
qa59arBbolM_1,retum outward,10.0,action,True,prototype
qbITjeyEq14,national anthem,5.0,sound,True,test
qbqRDmqdD3o_1,sell,6.0,action,True,prototype
qfxkW7YYQTU,abrasive,14.0,substance,True,prototype
qgH8zxbIQr4_1,banaras,6.0,geography,True,prototype
qh52MLe84Fw_1,acceptance,10.0,abstract,True,prototype
qhy4d9BzMIw_1,stamp,6.0,utility item,True,prototype
qiK-4WwmTNg,island,7.0,geography,True,test
qiTht8WDOvI_1,lick,7.0,action,True,prototype
qjRRaPtsqf4,know your customer kyc form,8.0,action,True,prototype
qjgThWSsOVk_1,monday,6.0,time,True,test
qjlkVQxsQJg_1,disabled,10.0,biology,True,prototype
qjnZDMjWiuk,weight,6.0,abstract,True,test
qkl0Ad2_chc_1,ant,6.0,flora and fauna,True,test
qksJ3uwtD1o_1,employment,10.0,banking,True,prototype
qkzrIpdfelI_2,uitrasonic,10.0,physics,True,prototype
qlTFEkGXr7Q_1,anklets,7.0,wearable,True,test
qm7nogtX_GY,zip,4.0,utility item,True,test
qmOaTqw3WQY,projector,4.0,instrument,True,test
qnlNXXR-M7c_2,kinetic energy,11.0,physics,True,prototype
qoGtYKREfLY,maha shivaratri,5.0,event,True,test
qoMWB2o9jfE,hair dryer,6.0,utility item,True,test
qoU45G2WmsE,wear,4.0,action,True,test
qouHxEWVK2w_2,generator,10.0,electronic and electrical,True,test
qp4Sw-QAMD4,permit,4.0,action,True,prototype
qpNvq1zrIuc,transparent,6.0,attribute,True,test
qpeSv7MX-z0_1,pass,7.0,abstract,True,test
qpynNeUIkM4,waiting room,9.0,construction,True,prototype
qr6GWRK8STs_1,information,6.0,legal,True,test
qrAKx_t3qYk,low lying area,10.0,geography,True,prototype
qrQAkUxy0KE_2,rotational,8.0,physics,True,prototype
qriQ0SvqUq0,volcano,6.0,geography,True,test
qrkzRim1Qc0,past,3.0,time,True,prototype
qsLUWtIB5eM_1,burglar,9.0,human,True,prototype
qtblK4nxVok_1,their,6.0,relation,True,prototype
qtmO-0Fsjz8_1,mute,7.0,sound,True,prototype
qu0RevE96ac,remove,4.0,action,True,test
qvpipwu40zk_1,moon,9.0,astronomical,True,prototype
qw9d-nRDzKM_1,tuesday,5.0,time,True,test
qweRHfBQxEg,pista,8.0,foods and drinks,True,prototype
r-FVBdwV9VI,indent,13.0,attribute,True,prototype
r-HB7BtP1JM_2,neptune,10.0,astronomical,True,prototype
r-Og6CaFJUA,metro,4.0,transport,True,prototype
r15J1z-vQIM,rabindranath tagore,6.0,human,True,prototype
r2UtCMULRmI_2,import,7.0,transport,True,prototype
r2cxiOVBhpE_1,belief,7.0,abstract,True,test
r2tTgaCMDWo_1,handicapped,7.0,biology,True,prototype
r3EgB2AGF3s_1,yellow,10.0,attribute,True,test
r3H0vo7q6qY,myself,4.0,language,True,prototype
r3HsR87-sN8,blame,4.0,action,True,prototype
r3MqV1WicvY_1,regularisation,7.0,math,True,prototype
r3XLYw0EMlg_1,third party,9.0,comparator,True,prototype
r4n7uVq_LzU,ladder,5.0,transport,True,test
r4sVEIO1jZE_1,pour,5.0,action,True,prototype
r5N3Xy-KNAU,music,4.0,sound,True,test
r607N-5gkHs,iron,4.0,metal and minerals,True,test
r644w1okl48_1,mile,7.0,metric,True,test
r777eDg0fX0_1,ram,5.0,religious,True,prototype
r7Po-epk8iY,head pan,4.0,utility item,True,prototype
r7T0UqigDqg,fish food,10.0,foods and drinks,True,prototype
r7VLa40tjvM,area,4.0,geography,True,test
r8-q53AmmMg,extinct,4.0,biology,True,test
r83lka7D8KM_2,filament,11.0,substance,True,prototype
r8ySf1Ql93Q_1,ask,7.0,action,True,test
r99WfHTRr2A,think,4.0,action,True,test
r9DiSHym81k,tired,5.0,sensation,True,test
r9JwYFol1EM_1,story,7.0,readable,True,prototype
r9Lc4qHj-cg_1,overdraft,8.0,banking,True,prototype
r9QQ0jQ64IQ_1,dog,6.0,flora and fauna,True,test
r9XwyFRQsqY,saprophyte of plants,13.0,flora and fauna,True,prototype
rAUcd8-2e3Y,temple,4.0,religious,True,test
rBD74wqvKeI_1,chalk,6.0,utility item,True,test
rBPJARGhPNg,poultry mash,7.0,flora and fauna,True,prototype
rBRJw6gUMHM_1,circle,10.0,math,True,test
rBi-dpJFZuA,prize,4.0,miscellaneous object,True,prototype
rC5QdAVnv0I,paratha,5.0,foods and drinks,True,prototype
rCfYRtWfYVA,wine,4.0,foods and drinks,True,test
rD5-gbf9Gzg,steam tractor,15.0,transport,True,prototype
rD5QxDhHIxw_1,saw,6.0,instrument,True,prototype
rEBOoE50Ghw_1,under consideration,7.0,legal,True,prototype
rEtGA49vlaU,brain stem glioma,12.0,medical,True,prototype
rFC_zjBmNw8_1,statistics,10.0,math,True,test
rFFoZPPKsC8,streaming,15.0,action,True,prototype
rFkWotSdjdk,ms word,10.0,computer,True,prototype
rFlXpH9WCf8_1,expiry,9.0,banking,True,test
rGn67Xxthrk_1,lemon,7.0,foods and drinks,True,test
rGwK-HsdDk0_1,leaf,6.0,flora and fauna,True,test
rJOGOpWkH6U_1,socks,7.0,wearable,True,test
rJVe-aaYlKw_2,north pole,13.0,geography,True,test
rJbc69qxPDA,colour,3.0,colour,True,test
rJjNfXvVaaY_2,accurate,6.0,metric,True,prototype
rK412FrGOxY,network,4.0,internet,True,test
rKDZTG2rFPs,capital,4.0,legal,True,test
rKzMbfGElSE_1,straight forward,8.0,attribute,True,prototype
rLgfWU1DpbY_1,day after,6.0,time,True,test
rN9rKeJZmqI,ranchi,4.0,geography,True,prototype
rNvWUflStQQ,retire,4.0,action,True,test
rNyD10XoXcU_2,centimetre,10.0,metric,True,prototype
rOZhirQPdr4,tool belt,13.0,wearable,True,prototype
rOcFkQzLhLQ_1,brother,11.0,relation,True,test
rOjimhh-dqE_1,amalgamation,8.0,commerce,True,prototype
rOonVQYaM-A_1,passive debt,10.0,banking,True,prototype
rP-VqYz6Lyk_1,account holder,13.0,banking,True,prototype
rQ4mnndh8wk_1,beautiful,7.0,attribute,True,test
rQkxqEgXEYQ,include,5.0,action,True,prototype
rRVnNmQOR-I,calendar,5.0,time,True,test
rSeg8yH3Lgg_1,task wage,11.0,legal,True,prototype
rU5LeIE7tmM_1,leprosy,6.0,biology,True,test
rUXhFDo3Bv0,smart,5.0,attribute,True,prototype
rUZD2TQcbvI,knurling,7.0,process,True,prototype
rVBNDX51--w,stock chart,14.0,banking,True,prototype
rVEOXcTj1NU,evil,4.0,quality,True,prototype
rW8bfuuzfgI,next week,4.0,time,True,prototype
rWCFmpbmMPw_1,schematic,11.0,attribute,True,prototype
rWM6kOxTTIo,social,5.0,behavior,True,test
rY6VvljDcc0,scratch,5.0,action,True,test
rYTt2LuzVhw_1,man,10.0,human,True,test
rYwhWesDH9k_1,cone,9.0,miscellaneous object,True,test
rZnNOW47uNk_1,trustworthiness,7.0,attribute,True,prototype
r_tsg9162uc_1,dishonoured bill,9.0,banking,True,prototype
r_xF77i3RGw,victory,4.0,event,True,test
raF-yOcZpkk,shaving blade,4.0,utility item,True,prototype
rayOhAZhd2k,night,3.0,time,True,test
rbXizQI1XOM,shrubs,14.0,flora and fauna,True,prototype
rbdcr9AQtrE_1,discretionary limit,10.0,banking,True,prototype
rbu6XJFG-uI,livelihood,4.0,abstract,True,test
rbw7n0D0KGE_1,comb,8.0,utility item,True,test
rc7GRaEyQHQ,washing machine,5.0,electronic and electrical,True,prototype
rd2t-M0o7Ds_1,crayons,11.0,utility item,True,test
rdW1Snzd9cs,deceive,6.0,action,True,prototype
rduuYRHkDtw_2,second,9.0,math,True,test
rfTcUTbx4ZU,housing,10.0,banking,True,prototype
rgk8cmr4El4_1,tongue,7.0,biology,True,test
rhbOs1NZYRM,stags,13.0,flora and fauna,True,prototype
ri8j2L0zG9c,bolt,12.0,instrument,True,test
rihHzABTIPg,drawer,5.0,construction,True,test
rj0GN2scIsU,under,4.0,spatial position,True,prototype
rjAoqYLMHrI_1,verdict,7.0,legal,True,prototype
rjZmgbqdoRQ,assassination,15.0,event,True,prototype
rlMareW0lTU,projector,4.0,instrument,True,test
rmgyo8yyqfo,ticket,5.0,miscellaneous object,True,prototype
rn-sFXA7utE,sandwich,7.0,foods and drinks,True,test
rn4NJPtL1m8,up,3.0,spatial position,True,test
rnK5ck1th4Q_2,lens,8.0,physics,True,prototype
rpMNq0nFlUQ,approve,3.0,action,True,test
rrgx0TM2nfc_1,enquiry,8.0,banking,True,prototype
rrjpij1UdL0,condom,4.0,substance,True,prototype
rrqJccrO4vo_1,admissible,10.0,quality,True,prototype
rs7TTTwmbBo_1,grain,6.0,foods and drinks,True,prototype
rsDIotNeFsM_1,spoon,6.0,utility item,True,test
rsKBWd7j4n4_1,rose,7.0,flora and fauna,True,test
rskg3zep4Gs,mahavir,4.0,behavior,True,prototype
rt9BRaQYqkg,sleepwalker,14.0,human,True,prototype
ru9ZDRu566k,frisbee,6.0,sport,True,prototype
ruGnpxVL54k_1,right,6.0,spatial position,True,test
ruOCbes6zaM,minute,12.0,time,True,test
rufhjKU3UII,chandigarh,4.0,geography,True,test
runWN1EzmEE,wall,5.0,construction,True,prototype
rvAlXnalbqU_1,advise,5.0,action,True,prototype
rvOBl50SewA_1,estimate,7.0,banking,True,prototype
rvZ_e5KC2Mw_1,meter,7.0,metal and minerals,True,prototype
rvjY9vlX_H4,afternoon,4.0,time,True,test
rwhRNPCPp34,nut,8.0,instrument,True,test
rwocxlQmNvM_1,brokerage,11.0,banking,True,prototype
rxLiUBQv4s4,schedule,7.0,time,True,prototype
rxS-0_0rVV4_1,wholesale,9.0,group,True,prototype
rxzyWCTxCbg_1,advertisement,7.0,internet,True,test
rzVyqTff8MY_1,carry,6.0,action,True,prototype
rzY50tnGKNg,opportunity,4.0,abstract,True,prototype
rztToJBqL3k_1,wednesday,6.0,time,True,test
s-570A5kLxo,goat,7.0,flora and fauna,True,test
s09swjiVGok,brain injury,4.0,medical,True,prototype
s0HIntkDTew_1,lake,10.0,geography,True,test
s0WQZn1xjxo_1,tail,6.0,attribute,True,test
s13W7g7VnJ8_1,examine,6.0,action,True,prototype
s1K-Mqzy9Bo,boil,14.0,action,True,test
s1tq1t4LDuM,confidence,5.0,emotion,True,prototype
s3tJWRZegCw,sudden,3.0,behavior,True,prototype
s4ez79CSE58,sudan,3.0,geography,True,prototype
s57mcqROvtA,capital,4.0,banking,True,test
s5AMrNjoP0Q,boxing,3.0,sport,True,test
s5cimY-et2g,price,4.0,banking,True,test
s5kbd2DCqpk,bsp,4.0,politics,True,prototype
s5mQsATayMM,approach,5.0,spatial position,True,prototype
s67I8VUigAU,monkey,4.0,flora and fauna,True,test
s6C3AecUXiY_1,fry,5.0,action,True,prototype
s7LkPeqby9A,viral diseases animals,13.0,medical,True,prototype
s7Rg0qiQ1Fs,tongue,4.0,biology,True,test
s7U2zrpRFD0,welder,4.0,profession,True,test
s8wH4rgfn20_1,cassette,7.0,sound,True,prototype
s91r7_fA4O4_1,bills purchased,9.0,banking,True,prototype
sAQO6QDpXPM_1,gurunanak jayanthi,8.0,event,True,prototype
sDKms4XnnWM,luster,9.0,quality,True,prototype
sDvfKoCt0nI,rehabilitation,3.0,process,True,test
sErgS9d1UdM,vice president,4.0,authority,True,prototype
sEu_kUiVDho_1,telugu,7.0,language,True,test
sFjn3cTFUT4,chhattisgarh,4.0,geography,True,prototype
sFyFmt6-rc0,graphics,8.0,computer,True,prototype
sGzaDUwWF18,accordion pleats,9.0,wearable,True,prototype
sHXOURRWbpg_1,rebate,6.0,banking,True,prototype
sIRKe3QdsJ8,reduce,6.0,action,True,test
sJ6Zv0fi1xM,weight,4.0,abstract,True,test
sJF8p7K6dwk_2,expansion,9.0,quantity,True,test
sKiDLFiFALs,abusive language,11.0,language,True,test
sLLQkt04ZiQ,drive,4.0,transport,True,test
sM0iALMvEmk,february,6.0,time,True,test
sMdon0OffjU,harass,4.0,emotion,True,prototype
sNQ2sQ75wJ8,snip,5.0,utility item,True,prototype
sNWCdBEIWa8_1,qualification,7.0,abstract,True,test
sNYOD_Qd7Mw,week,3.0,time,True,test
sOOzZZY-gQI,mexico,3.0,geography,True,prototype
sORWtcK5Cl4,associate professor,5.0,profession,True,prototype
sOSo5pep4dg_1,patna,5.0,geography,True,test
sOXdM996SmA_1,less,6.0,quantity,True,prototype
sOfglCTtdsY_1,creeper,7.0,flora and fauna,True,prototype
sOhE4j6NGm0_1,tiger,7.0,flora and fauna,True,test
sPqivRKBiNc,visual,4.0,abstract,True,prototype
sPzCUfCMJH4,april,4.0,time,True,test
sQwcW3szYW8_2,account payee only,9.0,banking,True,prototype
sSvBHFI6AOk,date,5.0,time,True,test
sT540WDiY_U,elevated plot,11.0,geography,True,prototype
sTrWqNmE5HA,village,3.0,geography,True,test
sUBUK2M2nAY_1,tamil nadu,7.0,geography,True,test
sUjhP9obOxY,bike suspension,9.0,machine,True,test
sWKP1r9ykRQ,head,5.0,biology,True,test
sXWMPF_Enus,surface runoff,13.0,geography,True,prototype
sY360i7TkCA_1,zebra,6.0,flora and fauna,True,test
sYoLxEMCh9E_1,demand draft,6.0,banking,True,test
sZ1qra1mVEU_1,st,10.0,group,True,prototype
sZKjZfzGTVg,drunk driving,5.0,legal,True,prototype
sZXEa_h85YQ,regular,5.0,attribute,True,test
sZYTPis34fI_1,part time,11.0,profession,True,prototype
sZ_d3pRaDzY,storey skyscraper,5.0,construction,True,prototype
sZpGP0kZeqo_1,pappad,6.0,foods and drinks,True,prototype
s_VX_84e7iM_1,full moon day,9.0,event,True,test
sbcGX30IGvI,electrode,10.0,chemistry,True,test
sblmoDlSQ7U,bold,14.0,attribute,True,test
sbyKhp04Wdw_1,proud,6.0,attribute,True,test
setzKjXP4MM_1,peacock,7.0,flora and fauna,True,test
seuq2MSa2X0_1,lizard,6.0,flora and fauna,True,prototype
sfB6sqRdrFY,excavation,8.0,process,True,prototype
sfOCOxSfs10_1,warn,7.0,action,True,test
sfpvbKAz4Oo,iron,5.0,metal and minerals,True,test
sh5goqn8bGI,question,4.0,abstract,True,test
siXvRrMuC0s,supervise,4.0,action,True,prototype
sj8kYLtXNZU,bowl,5.0,utility item,True,test
sj9wd5B3KfQ_1,opaque,7.0,attribute,True,prototype
sjpTILsokjg_1,thursday,5.0,time,True,test
sjpdu42KxwI,meat,5.0,foods and drinks,True,test
sjzz-U6f2E0_1,review,11.0,quality,True,prototype
sklN8_APb_s,acacia fernesiana,15.0,flora and fauna,True,prototype
sm67xCmbfNs_1,beverages,5.0,foods and drinks,True,prototype
smJOWK8guVY_1,helicopter,8.0,transport,True,prototype
smKYyxd26GY_1,under,5.0,spatial position,True,test
sn0j9u42p5Q,mistake,6.0,abstract,True,test
soEw9PTY8Yw_1,bowl,6.0,utility item,True,test
sp7GuSz7GRE,bauhinia accuminata,11.0,flora and fauna,True,prototype
sq2CV6RjGtA_2,switch,8.0,electronic and electrical,True,test
src6zFQawX0_1,leaf,6.0,flora and fauna,True,test
su2McEzbxzg_2,magnification,8.0,physics,True,prototype
suvKXxPyaWM_1,promise,6.0,action,True,test
svQ3jUcN4f8,goa,4.0,geography,True,test
svQLNa2vzFI,cooling sheet,6.0,metal and minerals,True,prototype
sverVWEAPD8_1,never,6.0,abstract,True,test
sw0z81Ri4ps,one lakh,5.0,math,True,prototype
sy0W-04L9Gk_1,jail,6.0,construction,True,test
syK7APT1R4w,interest,5.0,behavior,True,test
syVYgoc2dUI_2,neutron,10.0,physics,True,prototype
syXsQXIoZEI,excuse,6.0,action,True,prototype
syeNmftfElg,bluetooth,4.0,internet,True,prototype
syi9ijwHDR0_1,waist,7.0,biology,True,prototype
t1ElZ8Bbzyg,online,6.0,internet,True,test
t1XvJu6yRk8_1,clean,7.0,action,True,test
t33d8E-JtV0_1,rock,7.0,miscellaneous object,True,test
t39zwxTZXXk_1,vessel,7.0,utility item,True,test
t3QUjMIwyxE_1,airport,5.0,transport,True,prototype
t3XnfkCsUiY_1,cone,8.0,miscellaneous object,True,test
t454iG2RVJg_1,word,6.0,language,True,test
t5uTmmYDQdI_1,opening balance,9.0,banking,True,prototype
t6HMWWJR398_1,passing official,9.0,banking,True,prototype
t6P93AbQbjQ_1,sow,7.0,action,True,prototype
t6mh1uRdQQw_1,terminate,8.0,action,True,prototype
t6qqXzf4tq8,edit,4.0,action,True,test
t70Wrphzj2w_1,chappels,6.0,wearable,True,test
t729MGitv94,over and over again,4.0,abstract,True,prototype
t7BWrIChL1Y,comfortable,4.0,sensation,True,test
t7nY3ygqVlQ,rough cut,9.0,action,True,prototype
t7t7Jioxeu8,diwali,4.0,event,True,test
t8sdmhD1yCc_1,cholera,6.0,medical,True,test
t8z3PzQKmwg,gas stove,5.0,instrument,True,test
t9b5K6YsBk8,gun,3.0,machine,True,test
t9pvXOgaJe8,work,4.0,action,True,test
tAVnVRAbkz8_2,electric appliances,9.0,electronic and electrical,True,prototype
tB9EhSaD8MY_1,cl,7.0,legal,True,prototype
tB_xkoYZGBY_1,memorize,7.0,action,True,prototype
tD71RsErB30,weeds near to pond margin,14.0,flora and fauna,True,prototype
tD_WEFLyuDY,toyota,5.0,organisation,True,prototype
tDtIQ2M-GRo,water motor,5.0,electronic and electrical,True,prototype
tDtdGkG9-OE,jainism,3.0,religious,True,prototype
tDvbCVB02yA,scientist,7.0,profession,True,prototype
tEJlKXA7Lkg,united nations convention on the rights of persons with disabilities uncrpd,5.0,organisation,True,test
tF3WaFt4kdY,uco bank,6.0,organisation,True,prototype
tFftFv6aIjE_1,clearing house,11.0,banking,True,prototype
tHMs61ZefE8,embroidery,6.0,wearable,True,test
tHNhqhFdMgQ,whatsapp,4.0,internet,True,prototype
tHSogBpBi5A,raise,4.0,action,True,prototype
tHW-NM2H3f8_1,teeth,7.0,biology,True,test
tI8qa4gE3uQ_2,variety,7.0,quantity,True,prototype
tJXSJJCLffU_1,creeper,7.0,flora and fauna,True,test
tKKM601QlDM_2,glass bod,8.0,utility item,True,prototype
tKNmTJAEhBI_1,uncalled,8.0,banking,True,prototype
tKOaMOhEaX4_1,oath,7.0,legal,True,test
tKdTQmBRJks_2,infrared ray,11.0,physics,True,prototype
tKmXdtC6FLA,workshop,5.0,event,True,prototype
tLOTRTxqIS4_1,sick,7.0,medical,True,test
tMKMjQtqO2U_2,important,9.0,attribute,True,prototype
tMYNBmb808w,prize,8.0,miscellaneous object,True,test
tNNf1uxRiDU,pastry,5.0,foods and drinks,True,prototype
tNObn5kXF7Y_1,custard apple,8.0,foods and drinks,True,prototype
tOHjjyuut4A_1,bell,6.0,miscellaneous object,True,test
tOrStACTZII_1,opinion,6.0,abstract,True,test
tPNg2Waa57k,believe,4.0,action,True,prototype
tPpANCTOBgs_1,hers,6.0,relation,True,prototype
tPy0Fs9D3CA,district jail,5.0,legal,True,prototype
tRNnbHdT9Ms_1,old,5.0,time,True,test
tRo9FnfeFj8,dussehra,4.0,religious,True,prototype
tS7NrrYnx_E_1,son,11.0,relation,True,test
tS9ulw9g7uA_1,himself,6.0,language,True,prototype
tSSAkPEkMn8_1,modification,11.0,process,True,prototype
tS_WbbhJD2I,coarse aggregate,13.0,metal and minerals,True,prototype
tSc2wja2FZU,intestate,13.0,legal,True,prototype
tSgEtTP4jkM_1,chemistry,6.0,chemistry,True,prototype
tShdaK0wAgk_1,chair,6.0,utility item,True,test
tTM_n97xYp4,photographer,5.0,profession,True,prototype
tTjQsNGEeZ0_1,after,6.0,spatial position,True,test
tUV7RnfFTa4,christmas,5.0,event,True,test
tUegsOrBY1U_1,telegram,7.0,electronic and electrical,True,prototype
tY45mTvKGKc,double,4.0,quantity,True,prototype
tY7LqqsBV5Y,archaeologist,11.0,profession,True,prototype
tYDAioUJUPQ_1,sunday,6.0,time,True,test
tZ28xXARcyk_1,duck,7.0,flora and fauna,True,test
tZRz_YRiaYw,forgive,8.0,behavior,True,prototype
ta3rguAgy9M_1,isreal,6.0,geography,True,prototype
ta7_tTeIt6c_1,cough,6.0,medical,True,test
tahzIp5we8o,jams,10.0,wearable,True,prototype
tbKfPkTlfQk_1,written down value,12.0,math,True,prototype
tbjIgLxJxic_2,dish antenna,11.0,electronic and electrical,True,prototype
tcHUMXaIuw0,indian sign language teachers  association,3.0,organisation,True,prototype
tcLqrt9QnPA_1,nationalisation,12.0,sensation,True,prototype
tcPXoZXEs2g,south africa,4.0,geography,True,prototype
tcvRMX6s_b8_1,overall,8.0,abstract,True,prototype
td1WlMO5Frw_1,bold,6.0,attribute,True,test
teuX8mrgOVk_2,rainbow,9.0,weather,True,test
tg9QaW7Pvm8,leaf,5.0,flora and fauna,True,test
tgJL-RUAvO8,weird,3.0,abstract,True,test
tgq3cpoyWB4,classification of poultry diseases,10.0,action,True,prototype
tjA2aFyBuY4,adult,5.0,stage,True,test
tkO1_qURjXM,volume,6.0,sound,True,test
tkqalXOIXJA,rasgulla,6.0,foods and drinks,True,prototype
tmVG2vu0ZGA,mizoram,4.0,geography,True,test
tm_qJX6hHFg,voice,4.0,sound,True,prototype
tnMi73_WfPg,middle,5.0,comparator,True,test
tnQmQCzJKfI,carry on,5.0,stage,True,prototype
todyjVC_JTs,jointing,14.0,process,True,prototype
tol7I8LtJK0,bonus,4.0,abstract,True,test
top7pkA_DgY_1,individual,7.0,quantity,True,test
tpBaPkXYVZw_2,transfer,7.0,action,True,test
tplh8l5q74U,loan,5.0,banking,True,test
tq85NQ0vOkA,tape,4.0,utility item,True,prototype
tq8jQqoHYFA,isl,5.0,language,True,test
tquKNwZ2GmA_1,sweet,7.0,attribute,True,test
tr9YJUmvus8_1,assets,10.0,banking,True,prototype
tt4b-WhpGQo,saudi arabia,4.0,geography,True,prototype
tuWWc-SdvF0_1,ornaments,8.0,instrument,True,prototype
tuw6tMLjHwQ_1,magic,6.0,abstract,True,test
twc2FUfpUYs,slope,5.0,abstract,True,prototype
tx2Z3baCxLA_1,interest,7.0,behavior,True,test
txywF-r9y2Q_1,signatory,8.0,banking,True,prototype
tyLcsnN8-v4,shape,8.0,math,True,test
ty_tchoaG4Y_2,specific,8.0,quality,True,prototype
tzW3OXlSkNw_1,nail,6.0,biology,True,prototype
u-vcH9n4_P0_1,carpenter,7.0,profession,True,test
u0VMIS7wC-Q,vietnam,3.0,geography,True,test
u0ztdPXq6mY_1,re endorsed,7.0,banking,True,prototype
u1PuKrTDzdI,lecture,4.0,education,True,prototype
u1e9ioscyfU_2,environment,8.0,biology,True,test
u1yq_lnEwGI_2,capacitor,9.0,electronic and electrical,True,test
u219wF2P_0Y_1,die,7.0,stage,True,test
u2IcV4xxNSA,youth,5.0,group,True,prototype
u2O5QPKSzGo,temperate fruits,12.0,foods and drinks,True,prototype
u2VLr8CRVGc_1,rhino,6.0,flora and fauna,True,prototype
u2_aJhGSIpY_1,keep,7.0,action,True,prototype
u3CQB1epJcM_1,here,5.0,spatial position,True,prototype
u3NRv46oJVQ_1,pig,7.0,flora and fauna,True,test
u4LSjLeQ1Xw,drilling machine pedestal,8.0,machine,True,prototype
u5PdOyHh8Yg,red,6.0,abstract,True,test
u62ZlNmTpj4_1,cure,8.0,medical,True,test
u6eoD3GXOZE,superstition,6.0,abstract,True,prototype
u6hpIkJUQXE,ruthless,5.0,behavior,True,test
u6x6Qk463V4,leaf,4.0,flora and fauna,True,test
u7Nv4whZa_0_1,shine,6.0,attribute,True,test
u7dV3wCpaqM,lonely,4.0,emotion,True,prototype
u7twaE6fj9s,floriculture,11.0,flora and fauna,True,prototype
u9397Rd5v7U_2,sound,6.0,sound,True,test
uA9K19APeNo_1,gate,7.0,construction,True,test
uBRoAycaSBM,thatched roof,9.0,construction,True,prototype
uBi-YX42NwI,application,4.0,action,True,test
uBtYh10h6RU_1,among,6.0,group,True,prototype
uCsgmqdwe4A,storey skyscraper,12.0,construction,True,test
uCxNvB_ULoA_2,filament,11.0,substance,True,test
uDwYK-AccH0,polygon tool,11.0,instrument,True,prototype
uE8YfF7bTGM,identity,4.0,behavior,True,prototype
uEWef2ILEC8,common cold,3.0,biology,True,prototype
uEtH33ZDk_s_1,borrower,8.0,banking,True,prototype
uF5-SHyMOwg,assam,5.0,geography,True,test
uF8zIar63bQ,punjabi,5.0,language,True,test
uGjEbNgtauE,open,4.0,action,True,test
uHAhEiTlj_M,knife,5.0,utility item,True,test
uHMNUWk8UAM,chronic illness,9.0,medical,True,prototype
uHTklDGcEfw_1,liquidation,8.0,process,True,prototype
uIJEGc6U5iU,vehicle,5.0,transport,True,prototype
uK6EyYdjXtE_1,north america,8.0,geography,True,prototype
uK8G7-89HCI_1,summons,9.0,legal,True,prototype
uKWcQt8U4lA,research,3.0,education,True,prototype
uL1_UYVYkfg_1,flute,6.0,sound,True,test
uLSHBm4_kaw,gujarat,4.0,geography,True,test
uNZ-A9bIT2c,vehicles,6.0,transport,True,test
uOHx8MflCBQ_1,registered letter,9.0,miscellaneous object,True,prototype
uOs0878HhR4,license,4.0,legal,True,test
uOsiUhQwVC8_1,bucket,6.0,utility item,True,test
uOxGDdDq-Os_2,centre of curvature,9.0,physics,True,prototype
uPfJ7YCwEGQ_1,non payment,8.0,banking,True,prototype
uQRHhIcXvEM,marketing of vegetables,12.0,profession,True,prototype
uRJUiALx54w,virus,6.0,medical,True,test
uRwmFRKMF58,army,4.0,organisation,True,prototype
uSz2hrQZr3o,around,4.0,spatial position,True,test
uT8WGjPj-V8_1,discuss,6.0,process,True,test
uTLMV91lB10_1,assam,6.0,geography,True,test
uTZVPZYcdw8_1,accident,6.0,event,True,test
uU562ik7UXU_2,vertical,9.0,spatial position,True,prototype
uVE9xX6fcp8_1,abbreviation,11.0,language,True,prototype
uWVB0KovDB0_1,moon,9.0,astronomical,True,test
uYfcQkRSvAY,china,6.0,geography,True,test
uZB4kRSkd_g,droplet,6.0,quantity,True,prototype
uZuvBINbAqo_1,holiday,5.0,event,True,prototype
uaaq6GQck4s_1,never,6.0,abstract,True,test
ubBmCChM6Ag,airjet,6.0,transport,True,prototype
ubQczV3pKWs,assassination,11.0,event,True,test
ubUFV8ypTlU_1,return,7.0,action,True,test
ubkSJRDhK7E_1,genuine,7.0,attribute,True,test
ueNkV6ktC4g_2,identical,8.0,comparator,True,prototype
ueiJkNzXxzw,influence,7.0,action,True,prototype
uek2JAfcUhk,aeroplane sprayer,11.0,machine,True,prototype
uf4A34QWFGw_1,rabbit,7.0,flora and fauna,True,test
ufTWb8-_rGA,multiple,4.0,math,True,prototype
ug0cTrsjK50,route,6.0,transport,True,test
uhJRFZWXPEo,warm,6.0,weather,True,test
ui_ACRhp1jY,stir up,5.0,action,True,prototype
ujw1Z5DK0r4_1,art,5.0,entertainment,True,test
ulHF3SltKW0_1,malayalam,7.0,language,True,test
ulX1EaESaM4,tilts,12.0,attribute,True,prototype
um4s1H6JPJg,call,5.0,action,True,test
umCgstR_pg8,rare,5.0,attribute,True,prototype
uohsAyKLTbI_1,land cess,10.0,legal,True,prototype
upAZkdtoF_Q,app,4.0,internet,True,prototype
upRlxxQUZp8_1,short term,9.0,banking,True,prototype
up_LofohcV4_1,control,6.0,action,True,test
upaDJQnr9nw,independent,4.0,attribute,True,test
uptCGl-HvV0_1,bulb,7.0,utility item,True,test
uqZJa7q4N5U,set,3.0,math,True,prototype
uqaIszhdKfc,rain,5.0,weather,True,prototype
uqfvjaFYDQg,poland,3.0,geography,True,prototype
urMRtuI8AmE_1,spider,5.0,flora and fauna,True,test
usqVbUoBfnE,sailor collar,8.0,wearable,True,prototype
ut1NzAKHBXQ,deploy,8.0,action,True,prototype
uu93d2sk9F0_2,plug point,7.0,physics,True,prototype
uu9Qo9_Mbh4_1,round,9.0,math,True,test
uuUInBI_oZM_1,fan,7.0,electronic and electrical,True,test
uulY6vsvNQA_1,leave,7.0,profession,True,test
uuzch67c-xE,thermometer,4.0,miscellaneous object,True,test
uvBjcE-mwC0,polygraph,13.0,instrument,True,prototype
uvKTMTQqfu0,soon,4.0,time,True,prototype
uw-zItX8w9g_1,monthly statement,9.0,banking,True,prototype
uwDxpyWDKEI,shift,4.0,spatial position,True,prototype
uwYdH7GuSBg_1,bangles,6.0,wearable,True,test
uwZ5UsyXbzg_1,mud,10.0,substance,True,test
uyRfqa6Am-M_1,fake,5.0,attribute,True,prototype
v-Mcteg34pI_1,hot,5.0,sensation,True,test
v-jfNqYzfO8_1,june,6.0,time,True,test
v0Ic3Von93I,band collar,6.0,wearable,True,prototype
v0Rb3W378JA,samsung,5.0,organisation,True,prototype
v0cK8a9s14I_1,evening,7.0,time,True,test
v1TI57zaJKw,sauce,4.0,foods and drinks,True,prototype
v1c0FpBhESQ_1,chart,8.0,readable,True,test
v1hh4hSEhzs,tally,8.0,gesture,True,test
v1rzpB-cgGY_1,goa,8.0,geography,True,test
v2YS_BfBifc_1,key,7.0,utility item,True,test
v2_Ta5XdknA_1,giraffe,6.0,flora and fauna,True,test
v2ak0hp1ZTw,inactive,4.0,behavior,True,prototype
v2gPD7nTa0U_2,rigid,6.0,attribute,True,prototype
v2jaNOh-Rcc,none,4.0,abstract,True,prototype
v3hY00Fy7rE,library,4.0,readable,True,test
v41B1GR3prg_1,crocodile,6.0,flora and fauna,True,test
v4dtaEki4f8,third,5.0,comparator,True,prototype
v5F3fOpfrBI,gangtok,4.0,geography,True,prototype
v6KlD6e05Fc,reverse,4.0,abstract,True,test
v7--O9C9ZH4,muharram,5.0,event,True,test
v74BqLpCYnY_1,bedsheet,9.0,utility item,True,test
v7LOMsrEiVI_1,sorry,7.0,greeting,True,test
v8NufYf6_Ik_1,room,8.0,construction,True,test
v8gTUo-ln6Q_1,self employed,8.0,profession,True,prototype
vAW9QDnXLrE,please,4.0,action,True,test
vAXHFqBV6H8_1,muslim,6.0,religious,True,test
vAuu3hDoGhU_1,produce,6.0,action,True,prototype
vB-4jZVx0yU,solid,4.0,substance,True,test
vB72KncjZis,evening,3.0,time,True,test
vBJxSJ5_mvw_1,learn,7.0,action,True,test
vBRmLg-XJZc_1,hold,6.0,action,True,prototype
vBd0XrgKlCA,secondary tillage,14.0,biology,True,prototype
vDKcRElYodA,musician,7.0,profession,True,test
vDrReANaXZY_2,l.e.d,9.0,electronic and electrical,True,prototype
vEGYAfMU3tc_1,power,7.0,attribute,True,test
vEHf2s9hu20_2,share equity,14.0,banking,True,prototype
vEq2LWgecfA_1,wife,9.0,relation,True,test
vFAuNQe7ng8_1,saturday,5.0,time,True,test
vFJOA9dR7Bw,sony mobile,5.0,organisation,True,prototype
vFSdw3lE-5M,cerebral palsy,8.0,medical,True,prototype
vFYN8jgOhb8,south korea,4.0,geography,True,prototype
vFZMA4_VtAY,iphone,5.0,electronic and electrical,True,prototype
vFbghqf1jZg,roasters,13.0,flora and fauna,True,prototype
vFnoqnWWGok_1,story,6.0,readable,True,test
vITeIiXX1xE,subtract,4.0,math,True,test
vJy28p55lkQ,temporary,3.0,abstract,True,test
vKabvg9GjnY_1,behind,5.0,spatial position,True,test
vLbvf0zEj5M,child,9.0,stage,True,prototype
vLfbnZZBph0_1,you,7.0,relation,True,test
vLk7S0mnUms,pay in installment,12.0,banking,True,test
vM9tngFYH1c,enough,4.0,quantity,True,prototype
vMbLDoCayk8,please,4.0,action,True,test
vOW-yOcVU80_2,transistor,9.0,electronic and electrical,True,prototype
vOkUq_SPrjs_1,valley,8.0,geography,True,test
vPAwEcpbWqo,enough,6.0,quantity,True,test
vPmpk0u_sls,dash,14.0,language,True,prototype
vRs1P7sa3F4_1,today,6.0,time,True,test
vS5fnczMHcA,last,6.0,attribute,True,prototype
vSEUaTn35j4,copy and paste,4.0,action,True,prototype
vSK-jsgpaXQ,chesterfield  coat,11.0,wearable,True,prototype
vSfRkcjelhw_1,wedding,8.0,event,True,test
vT49kp3azYg_1,total,8.0,quantity,True,test
vTgiUguTQW0_2,mercury,9.0,astronomical,True,prototype
vTrtUfPI0RY,rest,4.0,action,True,test
vV1FizHByPw,prejudice,5.0,abstract,True,prototype
vVGXtFbW5RI_2,galvanometer,10.0,instrument,True,prototype
vVylNakRi6s,strain,4.0,physics,True,prototype
vWkwy9ebsQg_1,water,8.0,substance,True,test
vX0J0TVfQgk_1,salt,6.0,foods and drinks,True,test
vXchKE88TDI_1,time,7.0,time,True,test
vXg5mjo2Lpc,any,5.0,abstract,True,test
vYM_64Gc77o,town,4.0,geography,True,test
vYPkgKmRa6k,talk,4.0,action,True,test
vYWosOoYH1U_1,instument,11.0,instrument,True,prototype
vYzp_d3T9Ok_1,wednesday,5.0,time,True,test
vZBu2SG35ec,competition,6.0,event,True,test
vZMGPJSJaFg,dysuria,12.0,medical,True,prototype
v_7Bg4-cPjg,tunisia,4.0,geography,True,prototype
v_BzLSp7PLM,bride,15.0,human,True,prototype
v_HmgeH-ABo,day,4.0,time,True,test
vaDXdxLlUwk_1,world,6.0,geography,True,test
vamyn1qDCdg_1,carrom,5.0,sport,True,test
vasldMsoKDg_2,vernier caliper,10.0,instrument,True,prototype
vawgyWPeIiM,foot body part,5.0,biology,True,prototype
vbsNiOkm0BU,tie,7.0,wearable,True,prototype
vdntxBdRdZg,electric bike,10.0,transport,True,prototype
ve8zSDsdFzs,starfish,7.0,flora and fauna,True,prototype
vesSu5AjSN4,mallet,11.0,instrument,True,prototype
vfrntxijZAA_1,horse,6.0,flora and fauna,True,test
vgtE5_6_VD4,nearby,4.0,spatial position,True,prototype
vhPLDKNYuEg_1,cheque crossed,11.0,banking,True,prototype
vhqQBxbUVy0_1,develop,6.0,action,True,prototype
vj85ZSkQDVo,girlfriend,5.0,relation,True,prototype
vmAkJRlUSzI_1,maintenance allowance,10.0,banking,True,prototype
vnOgaQ_eFNs,see,4.0,action,True,test
voRQqu3By8I_1,talk,11.0,action,True,test
vqWFY4rbASg,ship,5.0,transport,True,prototype
vqkqbOdwbSc_1,pune,6.0,geography,True,test
vt86EMAaXHM,business,5.0,banking,True,test
vu__40Wbws4_1,mixer,6.0,machine,True,test
vvCzSnLu_4Q,samosa,5.0,foods and drinks,True,prototype
vvsfyFEY7lo,hatchet,11.0,instrument,True,prototype
vvyGWPvy1cc,town,5.0,geography,True,test
vwTIplMTPZA_2,reaction,8.0,chemistry,True,prototype
vwpHHohq8II,cng stone carving machine,10.0,machine,True,prototype
vycU4cMW3_U_1,show cause,8.0,banking,True,prototype
vyvFWSdT7V4_1,disguise,6.0,gesture,True,prototype
vzR3201tHPY,translate,4.0,action,True,test
vzzmwuU-sMg,sad,4.0,emotion,True,test
w-f7sV2B7Tc_1,true,6.0,abstract,True,test
w0C2Lq7hMsQ,minimize,13.0,math,True,prototype
w0Z2yfGcCW8,eye,3.0,biology,True,test
w163zAc0RYM,cough,6.0,medical,True,test
w2bUy2rPYPI,menu,5.0,readable,True,prototype
w3iXbhc5vsM_1,thursday,7.0,time,True,test
w49chg-Y92g,cashier,7.0,profession,True,prototype
w5hHBBDrypI_1,internal,8.0,spatial position,True,prototype
w87_PYaYQz4,wicket,4.0,sport,True,prototype
w88o1TXwwJg_1,pen,6.0,utility item,True,test
w8RSWGCRPDg,sell,4.0,action,True,test
w9Jz12VoOYQ_1,drumstick,7.0,foods and drinks,True,prototype
w9VefdfpI0I_1,grandfather,11.0,relation,True,test
wAEJEtDB20g,land,4.0,geography,True,test
wBCqfnnNfSo,weaver,8.0,profession,True,test
wC9iVMmSTeE_2,current,8.0,physics,True,prototype
wClUzDG34wQ,religion,4.0,religious,True,test
wDXqSeOQQy4_1,run,8.0,action,True,test
wDy5hBdrwoc,train,4.0,transport,True,test
wEd93OlB_ZI_1,what,6.0,abstract,True,test
wEfxi8YvQLI,cyprus,4.0,geography,True,prototype
wFVLswbyZOc,insurance,5.0,banking,True,test
wGWFAPl8EXs_1,river,8.0,geography,True,test
wHl7V93XdWA,terrorist,14.0,profession,True,prototype
wIEYdZjvXJo,driver,7.0,profession,True,test
wIVO3x0WAfk_1,paper,6.0,utility item,True,test
wIi5NVKOOfM,strict,3.0,behavior,True,test
wJS3We_1ets_1,sharbat,5.0,foods and drinks,True,prototype
wK63rmj8--U,sky,6.0,abstract,True,test
wK7Y3bBPwtI,curd,5.0,foods and drinks,True,prototype
wK8amEJAK1Y,thank you,3.0,gesture,True,test
wKBVwR3BraE,photosynthesis process,12.0,biology,True,prototype
wKDAEDyBAY0,life jacket,12.0,wearable,True,prototype
wKzWwmm8bgE,asthma,5.0,medical,True,prototype
wLSWjMuhJww_1,which,5.0,abstract,True,test
wMlY1TQZA2A,tamil,3.0,language,True,test
wMm24t1NrcM,worry,4.0,emotion,True,test
wOwsXFMF1aA,parcel,4.0,miscellaneous object,True,prototype
wPTa0UQJY_w,measure,4.0,math,True,test
wPkxTCa_Dj4_1,dismissal,9.0,action,True,prototype
wPofP8PotLg_1,cat,7.0,flora and fauna,True,test
wPsIxhPHXBo,blouse,4.0,wearable,True,test
wQ5nwBznVk8_1,crossing,7.0,transport,True,prototype
wRjTHPy0jes,last week,5.0,time,True,prototype
wTP-Qjl_mSM_1,film,7.0,instrument,True,test
wVgslraD204,cap,5.0,wearable,True,test
wWlOXeR9qnc_1,rubber,7.0,utility item,True,test
wWzqyc2x0GI,miss,7.0,emotion,True,test
wX-5GS2Om7k,last year,4.0,time,True,prototype
wXEnqj_rf4Q_1,sunrise,8.0,event,True,test
wYeLqdSCZR8,hungry,4.0,sensation,True,test
wZBe3IUlYLo,detective,12.0,profession,True,prototype
wZYbp0lRGhU,pressure foot,12.0,instrument,True,prototype
wZeZ2Hr8VEg_1,customer service,11.0,organisation,True,prototype
w_FY56WkUPM,shawl,4.0,wearable,True,test
wa6VGunvMoo,road,4.0,transport,True,prototype
wcG4jvqJVDc_1,satisfied,6.0,attribute,True,prototype
wcvifjsKYo0_2,proton,11.0,physics,True,prototype
weWGeNNGQSM_1,industry,10.0,profession,True,test
wedIVeQMY1k,girl,5.0,human,True,test
wf5rLp6YTCQ_1,re employment,7.0,banking,True,prototype
wf7d8Ok1PvA_1,united states of america,7.0,geography,True,test
wfHGKTc0WuY,wool,5.0,utility item,True,test
wgb8ncghBN4_2,intermal combustion engine,9.0,chemistry,True,prototype
wgrN2DNXukc,sandwich,5.0,foods and drinks,True,test
wgvsWR2YWxo,plenty,4.0,attribute,True,test
whLOS_LCl9U,younger brother,3.0,relation,True,prototype
wh_GS78OuYQ,milkman,6.0,profession,True,test
whkRlb-0s94_1,saloon,7.0,construction,True,prototype
whmbYHrlP-A_1,tell,7.0,action,True,test
whvKyzLJ6Mc_1,lion,7.0,flora and fauna,True,test
wi-dI81iYSY_1,single entry,9.0,quantity,True,prototype
wiemsBV5e08,sweet lime,5.0,foods and drinks,True,test
wkdHGN4OO-I,raise,4.0,action,True,test
wku-gtLtQyI_1,lapse,10.0,banking,True,prototype
wlPKT6teWGk_1,letter of authority,9.0,authority,True,prototype
wnhTdzfceXA_1,misappropriation,10.0,emotion,True,prototype
woQgNTk9IIE,eggplant,6.0,foods and drinks,True,prototype
woo5-4amwJ0,rjd,3.0,politics,True,test
wpUgLTxBXns,lecturer,5.0,education,True,test
wpmDoeOl2qY,steady current,8.0,physics,True,prototype
wq4yQ4OdJ5U_2,freexing,7.0,behavior,True,prototype
wqFLr0dsRTA_1,toothpaste,6.0,utility item,True,test
wqrZVsLOR_A_2,anticlockwise,11.0,metric,True,test
wqvjAdWgJ4o_2,planet,12.0,astronomical,True,test
wru3RdDTafg,waxing,6.0,action,True,prototype
wsRNKesle6I_1,mathematics,6.0,math,True,prototype
wsWElJBdZcA,zambia,4.0,geography,True,prototype
wsXbxNK7ROM_2,oscillator,8.0,instrument,True,prototype
ws_qjks_TFo,zoo,6.0,geography,True,test
wsxvzzgBO1M_1,harmonium,6.0,sound,True,test
wsy4LqAJq8E_1,monitoring,9.0,action,True,prototype
wtN-hVs7sYw_1,myself,7.0,language,True,test
wtXCZaGIQsk,backyard system of poultry,15.0,process,True,prototype
wtaxFUrko34,parking,5.0,transport,True,test
wtr_LSVYecQ_1,teach,5.0,action,True,test
wu_tcc63EjM_2,concave mirror,10.0,physics,True,prototype
wubfL2VbBLY,cat,5.0,flora and fauna,True,test
wwGDiruyGH8_1,mogra,7.0,flora and fauna,True,test
wwQV7dGvw0s_2,green,9.0,colour,True,test
wwTa3v_SLew,fray  edges,11.0,time,True,prototype
wwVkDiHS9FM_1,pongal,6.0,event,True,prototype
wwf3PXeSfsg_1,thriff,8.0,banking,True,prototype
wx8pMHRIYho,motorcycle,5.0,transport,True,test
wxH6fMp_1PY_1,waiting list,10.0,utility item,True,prototype
wxZHsP8osZo_1,orange,9.0,abstract,True,test
wyDi2hGYZmg,forehead,5.0,biology,True,prototype
wyq5UGADJrw_1,leave duty,8.0,profession,True,prototype
wyu_qsxDouM_1,buy,7.0,action,True,prototype
wzz6Gt0EotA,balloon,3.0,utility item,True,test
x-Bc7ssevU8,zimbabwe,5.0,geography,True,prototype
x-K2eMJl34k_1,clock,8.0,utility item,True,test
x-anjlR2rMc,economic importance of fish in india,12.0,banking,True,prototype
x-lubm0ha08,mahatma gandhi,5.0,human,True,prototype
x-uAyPToZMs,license,4.0,legal,True,test
x0JU-zUFnS4_1,grandmother,11.0,relation,True,test
x1Abu6sfP5A,rajdhani train,4.0,transport,True,test
x1PWeacqP-w_1,dasara,7.0,religious,True,test
x1S_tnc_djk,distribute,4.0,action,True,test
x2fCZCCqh3E_1,movable property,10.0,legal,True,prototype
x3H9ltkR_vM,el salvador,4.0,geography,True,prototype
x3JBmtirJQ0_1,revalidation,12.0,action,True,prototype
x3WXPajc1UQ,bleeding disorders,6.0,medical,True,prototype
x3nuREvEwis,kick out,4.0,group,True,prototype
x4I6cO9p77Y_1,submission,6.0,education,True,prototype
x5VIvDZhXNg,angry,3.0,emotion,True,test
x5dEKDXkXQY_1,welder,6.0,profession,True,test
x6O_GrimQMw,chennai,4.0,geography,True,test
x77fC4-wJ8c,suggest,3.0,action,True,prototype
x7CtEdG8eAY_1,hear,8.0,sound,True,test
x7Gd1PNDGj4_2,triangle,13.0,math,True,test
x7SV2p_-rPE,brain,6.0,biology,True,test
x7TnEHc0viU,tractor,4.0,transport,True,test
xA8hTvpWbh0_1,month,6.0,time,True,test
xAwnTMH15-s_1,sleep,7.0,action,True,test
xBLGhif1BWI,place,4.0,spatial position,True,prototype
xBvqQ50Vlcg_1,settle,7.0,action,True,prototype
xBwnNDnOPGM,north korea,4.0,geography,True,prototype
xD3S5OUhSRs,boat,5.0,transport,True,prototype
xDFgS6-OSkY,seam allowance,11.0,quantity,True,prototype
xEKHtFeWzSM_2,lubrication oil,8.0,substance,True,prototype
xEUbXwWImbc_1,compulsory,7.0,education,True,prototype
xEp-ufgrq-g,swallow,7.0,biology,True,test
xFB6kz5WkvA_1,housing loan,8.0,banking,True,prototype
xGkS3isNXXc,modern,4.0,time,True,test
xGmkipo2jsM_1,hut,6.0,construction,True,prototype
xH84YCP65HE,fitted,10.0,attribute,True,prototype
xHgqrgu0NB0,corporation bank,4.0,banking,True,prototype
xIOA0k1ZLMk,hot air balloon,9.0,transport,True,test
xIc5zEX3vSY_2,illegal,8.0,legal,True,test
xIh1wMuXgJs_1,wood,8.0,miscellaneous object,True,test
xJMONi1L3S8_1,peak,9.0,spatial position,True,test
xKRO8sRM6yQ_1,government,7.0,authority,True,test
xL-DC_wV5_E_1,standard,6.0,comparator,True,prototype
xLArhlTY728_1,day,5.0,time,True,test
xLWzYC5VgPA_2,rural development,10.0,organisation,True,prototype
xMaMOHTmML4,turn,5.0,action,True,test
xMvpodrz6dM,idea,5.0,abstract,True,prototype
xND6JDuQ05A_1,mary,6.0,human,True,prototype
xOxrAcyAcII,renovation,13.0,action,True,prototype
xPY0EW3HkQU_1,shoe,7.0,wearable,True,test
xPkil4VFr0A,open circuit,15.0,physics,True,prototype
xQ24Y6Y7wvE_1,acceptance clean,12.0,banking,True,prototype
xQIXN-eQZ7I,fever,7.0,medical,True,prototype
xQgu-lCEmO4_2,pendulum,12.0,miscellaneous object,True,prototype
xR3xDmZZCCI,city,5.0,geography,True,test
xS2EEES-n8I_1,margin,8.0,banking,True,prototype
xSAoWBeLvfo,injury,3.0,medical,True,prototype
xSDCy2uCWSs_1,rubber,7.0,utility item,True,test
xTQHYVNuH2I,bindi,4.0,wearable,True,prototype
xTirP9sB_SY_1,education,6.0,education,True,test
xTu2lteTqAY,parapet,7.0,construction,True,prototype
xVCIBUlDlkE_1,cheque mutilated,9.0,banking,True,prototype
xVOUQdl7ejY_1,beak,7.0,biology,True,test
xVgr78Og8o8_1,cash credit,9.0,banking,True,prototype
xVuM_WPsOB8_1,dangerous,6.0,attribute,True,prototype
xWlgNHh5ino,bow tie,5.0,wearable,True,prototype
xXykGIC9Yfg,reception,4.0,behavior,True,test
xY-hLKnjahw,calculator,4.0,math,True,test
xY5tQfR7BiI_1,video camera,8.0,electronic and electrical,True,test
xYWHiCUuoi4_1,chess,6.0,sport,True,prototype
xYne01OLqHU_1,tuberculosis,9.0,medical,True,test
xZUbYeF9fkI_1,mime,6.0,gesture,True,prototype
xbBwbQ6AZv4,nominee,7.0,human,True,prototype
xbw9Df1DFa8_1,low,7.0,geography,True,prototype
xcL50crTgMs,tipped tool,15.0,instrument,True,prototype
xcd8lsPxlP4_1,dry,6.0,attribute,True,prototype
xeYJvtWDsnA,ornithology,9.0,biology,True,prototype
xfKR5ftbHKg_1,single owner,7.0,attribute,True,prototype
xfqgrQ_r3Tw_1,frog,7.0,flora and fauna,True,test
xgKs0R0K6M4,impure,5.0,substance,True,prototype
xgQSpL99krE_1,ginger,7.0,foods and drinks,True,test
xgU5S08eD90,approximate,4.0,metric,True,test
xghJ6vKFuKQ,bad language,4.0,language,True,test
xgtcWuX0mdU_2,funding,6.0,banking,True,prototype
xiUZYUTW660_1,account inoperative,15.0,banking,True,prototype
xiX4tAUoNXs_1,lie,6.0,action,True,test
xj41dOgAdK8_1,skip,6.0,action,True,prototype
xjCStYhMoBE,threading,5.0,process,True,prototype
xlX3VgcSz_o_1,pencil,5.0,utility item,True,test
xlb5E0TnGtM_2,physics,10.0,physics,True,test
xm1ZPkvHnL8_1,tailer,7.0,profession,True,prototype
xm2Vju9w0-I,hotel,5.0,construction,True,test
xnQ61pjVinc_1,applicant,11.0,human,True,test
xnZNmESjKrQ,shopkeeper,5.0,profession,True,test
xoSQfP-1A-c,ajmer sharif dargah,6.0,religious,True,prototype
xoqqrOjlpD8_1,mahavir jayanthi,7.0,event,True,prototype
xpy5egrPAZ0,sai baba,5.0,religious,True,prototype
xqWx6o5iue4,express,4.0,action,True,test
xqvVfaJrM0A,nail,4.0,biology,True,test
xtolpEBm2ro,predict,7.0,action,True,prototype
xu3e-IU_xRM,expensive,4.0,attribute,True,test
xuOaEQ2bdb0_1,wednesday,5.0,time,True,test
xuh2imuKrI0,huawei mobile,6.0,organisation,True,prototype
xvZaGiHtuz0_1,insult,7.0,action,True,test
xwAdIP51jIs,separate,3.0,action,True,test
xwgkeViNOwI,bell,5.0,miscellaneous object,True,test
xwhBXEev13o_1,extension counter,7.0,banking,True,prototype
xwn7XQRbQnc_2,biconvex lens,11.0,physics,True,prototype
xx3nZjHHL3s,minimum,4.0,comparator,True,test
xx6t3kFyJuo,drill bit,8.0,machine,True,prototype
xxTBbeG-pKY_1,mixer,7.0,machine,True,test
xzu_Y3NfigY,jeweller,7.0,profession,True,prototype
y-bSGi85wc0,hail,7.0,weather,True,prototype
y-rA7UuFbVM,available,4.0,attribute,True,prototype
y0Qqh0iQ4HU_2,jupiter,10.0,astronomical,True,prototype
y1XgtWNM-OM_1,december,5.0,time,True,test
y1hvKgvxm5Q,what happened,4.0,abstract,True,prototype
y3ck7KPhSug,tie,4.0,wearable,True,test
y4CEIJJVt64,jalebi,8.0,foods and drinks,True,prototype
y57kJAluXeM_1,again,6.0,time,True,test
y5IlRJzz8w8_1,comb,9.0,utility item,True,test
y5LmYGbr428,dry,3.0,attribute,True,test
y5RdDOf_lRw_1,target,8.0,abstract,True,test
y6Y7pN0nzX8_1,sub lease,8.0,banking,True,prototype
y6iDMOz13sI_1,father-in-law,10.0,relation,True,test
y6xu7EyX0yU_1,month,5.0,time,True,test
y707Jq7ORR4,voltmeter,13.0,instrument,True,test
y78hQDvKB_M,milad un nabi,4.0,human,True,prototype
y7FUr6B4Uh4,influence,3.0,action,True,test
y7z1pnJea4s_1,bucket,6.0,utility item,True,test
y89shn98vQo_2,total energy,8.0,physics,True,prototype
y8OT5FWMEl8_2,convex lens,11.0,physics,True,prototype
y938xCsUbpo,stink,4.0,attribute,True,prototype
y9c93mGmbHc_1,in multiples of,8.0,math,True,prototype
yB2sJTE2Mek,insect,6.0,flora and fauna,True,test
yBcTyoUaFYU_1,puri,6.0,foods and drinks,True,prototype
yBu6pCi5gag,iball mobile,6.0,electronic and electrical,True,prototype
yD9wwZmkJlw,shoes,3.0,wearable,True,prototype
yEId-2X8Fpw_1,manufacture,7.0,process,True,prototype
yFMHg6sTd6Y,clever,5.0,behavior,True,test
yG1xsd6JyfA,memory card,9.0,electronic and electrical,True,prototype
yGWvP26FbEo,date,5.0,time,True,test
yGWvP26FbEo_1,date,5.0,time,True,test
yHBEcGgShh4,alloy wheel,12.0,miscellaneous object,True,prototype
yHWecq-Xzdc_1,missing,7.0,emotion,True,prototype
yHfQFast5r0_1,re examine,7.0,banking,True,prototype
yHgMtQOPid4_1,church,6.0,religious,True,prototype
yHnry-jqo3E_1,qualification essential,7.0,abstract,True,prototype
yI2JracrYZs_1,instalment,8.0,banking,True,prototype
yItSQyTpwtQ_1,gate,7.0,construction,True,test
yK14YhUwajU,flooring,8.0,construction,True,prototype
yK2We-yP8MA,poultry production,9.0,flora and fauna,True,prototype
yLSyQAouIYw,sleeve board,8.0,utility item,True,prototype
yLnePZ71izk,joke,5.0,sensation,True,prototype
yLpc_-hWZAA,bsnl,5.0,organisation,True,prototype
yLphnfhAV_o,login,6.0,group,True,prototype
yMNGS-VZZj4,horizontal line,7.0,math,True,prototype
yMqhsoFHB_Q_1,brother,13.0,relation,True,test
yMs5B2DUJ_0,land,5.0,geography,True,test
yN2a6Q27DX8_1,bone,9.0,medical,True,test
yN_t_vc97fI_1,merit and demerits,8.0,quality,True,prototype
yNv7aFGlGFA,towel,4.0,utility item,True,test
yOTZBisOdZs_1,labour,10.0,profession,True,prototype
yOkZgJliKfo_1,concession,8.0,banking,True,prototype
yQ1BONWNLrE,state bank of india,6.0,organisation,True,prototype
yQ7kMY9kDlM,rent,3.0,legal,True,test
yQXFOVuS7r8,green,6.0,colour,True,test
yRHS5fY6bVQ_1,shift,7.0,spatial position,True,test
yRoamy-gOgY,spice jet,6.0,organisation,True,prototype
yS482mzgCwo,pass,3.0,miscellaneous object,True,test
yS4sjP4C-ko,marking table,15.0,utility item,True,prototype
ySSixQMf7is,grill,8.0,construction,True,prototype
yT93i9RcLFk,nervous,5.0,emotion,True,test
yTmK54y80bs,malawi,3.0,geography,True,prototype
yUHZhwPUfRk_1,account rupee,14.0,banking,True,prototype
yVGctxtkXqA,dermatits,12.0,medical,True,prototype
yVNuNrwFZ1c_2,concave lens,11.0,physics,True,prototype
yVj4srfLfSc,gurudwara,5.0,religious,True,prototype
yW6uqjLFKgU_2,triode,11.0,electronic and electrical,True,prototype
yWRsnrs4C5w,standard,5.0,comparator,True,test
yXkOz_A01t0_1,may,5.0,time,True,test
yXrES1RSoV8,humped,15.0,biology,True,prototype
yXtu327tJ28,peacock,4.0,flora and fauna,True,test
yY9c0CnaXgA_1,thank you,7.0,gesture,True,test
yYJBee_uP-A_1,stubborn,6.0,quality,True,prototype
yYXL6MOhLUo,all india trinamool congress,4.0,politics,True,prototype
yYf_JyfDvLU,ireland,4.0,geography,True,prototype
yYgwZxLlykw_1,exemption,8.0,banking,True,prototype
yYn7-CCwLkM_1,identification,8.0,action,True,prototype
yZ6LzjeoTsY,jewel neckline`,5.0,wearable,True,prototype
yZK6l1dikVk_1,reach,7.0,action,True,test
yZlMisXPUms,humid,5.0,weather,True,test
y_q_egfFoq0,mass,5.0,physics,True,prototype
yapwq7Lkgxw_1,toilet,7.0,construction,True,test
ybwfsqkf8Sw_1,nect tie,7.0,utility item,True,test
yeArkcTSTdw_1,retum inward,10.0,action,True,prototype
yeOgJ3nK-pM_1,salwar kameez,7.0,wearable,True,test
yebEzbBOQl4,encourage,6.0,action,True,test
yffUIRSERd0_2,biconcave lens,11.0,physics,True,prototype
yftcPJvbkhg,rinderpest,13.0,medical,True,prototype
yhCvtSaTMvg_1,thin,6.0,quality,True,test
yi--S0oh64s,careful,5.0,attribute,True,test
yi14hGwVzKM,window garden,10.0,construction,True,prototype
yiVSKw0srMA,coffee rust,15.0,flora and fauna,True,prototype
yjFM1hV0hy8_1,history,6.0,education,True,prototype
yjI4oup9SFU,watch,3.0,electronic and electrical,True,test
yjnm43fEimY,ball,4.0,sport,True,test
yk1x10hOd1M,pen,3.0,utility item,True,test
yk4B-asWh0I_1,asia,7.0,geography,True,test
ykCLJ3U0Ir4_1,dirty,7.0,quality,True,test
ylCAApFrP88,two days before,3.0,time,True,prototype
ym0KmkKQBW0_2,security deposit,9.0,legal,True,prototype
ym9Nx-zkmEM,faucet aerator,8.0,instrument,True,prototype
ymvaZ1cxW2s,gurudwara,5.0,religious,True,test
ynTx1KLLvng_1,supervision,9.0,action,True,prototype
ynZd-HeXGnc,outdated,5.0,time,True,prototype
ynqXIbWTRp4_1,wind,7.0,weather,True,test
ynvL576W11k,pink,6.0,abstract,True,test
yo9-6O8jNXQ_1,share capital,10.0,banking,True,prototype
yoG_mrM8Hg8,it's raining cats and dogs,7.0,weather,True,prototype
ypWkhczB2tY,bladder cancer,13.0,medical,True,prototype
ypvx1Fn3_GE_1,cunning,6.0,behavior,True,test
yqRuuOhG1Cs,bag,4.0,utility item,True,test
yr0Mkvkfmi8_2,violet,10.0,abstract,True,prototype
ysoReRp9l9A_1,surprise,6.0,gesture,True,test
ytA5JcAmS48,diseases and enemies of fish,15.0,biology,True,prototype
yuJ6ZBt0MBw,yoga,4.0,sport,True,prototype
yuo_oeBoTKk,upset,4.0,behavior,True,test
yv3O0xFD6O8,women jail,15.0,construction,True,prototype
ywSGE7YCdCM_1,dinner,6.0,foods and drinks,True,prototype
yylUDwKKvxY,kaposi sarcoma,7.0,biology,True,prototype
yymmblO1-8U_1,borrow,6.0,action,True,prototype
yzXgc9ZNbFI,float,11.0,instrument,True,test
z-gika19BqU,old,4.0,human,True,test
z-ke4RyMx_w,accordion,6.0,sound,True,prototype
z-uZFPcqtcQ,oppo mobile,6.0,electronic and electrical,True,prototype
z1VPeFV_ew4,pencil,3.0,utility item,True,test
z1X_LnA8wRE_1,small savings scheme,9.0,banking,True,prototype
z2B7VrBSA5c,friend,5.0,relation,True,test
z2ETf2ExVsU_1,father,10.0,relation,True,test
z2uEKj1aWd4,modern roof,8.0,construction,True,prototype
z3C2pnumALw,grandfather,5.0,relation,True,test
z3iLB12a_O4,tri square,15.0,instrument,True,prototype
z4AQcUmPyxg,drug,5.0,substance,True,test
z4D6TU11HbE,rubber,4.0,utility item,True,test
z4vokrd75OM,rich,7.0,attribute,True,test
z5T2c_s6kwI,mountain,6.0,geography,True,test
z5mb_lff0uI_1,show,7.0,action,True,test
z5qHAG8YSrE,non vegetarian,6.0,foods and drinks,True,prototype
z66yE3ILKuw,potato,4.0,foods and drinks,True,test
z672iUJ0b98,file,8.0,readable,True,test
z6Y6UJn7Mr8_1,unanimous,8.0,legal,True,prototype
z6_hXXO4vw8_1,taste,7.0,sensation,True,test
z7fqi4_fZvI,material,5.0,substance,True,test
z89wqxyMu6s_2,record,9.0,action,True,test
z8Yx1NXXgYM_1,vapour,7.0,substance,True,prototype
z8d961aDuUA_1,centimeter,7.0,metric,True,prototype
z9Bb0RtVstk_1,kiss,6.0,action,True,test
z9fE3-r78UE,ogle from head to toe,5.0,action,True,prototype
zBvs_GPf6Y8_1,granddaughter,12.0,relation,True,test
zCAa4hAv2AY,puzzle,5.0,process,True,prototype
zCRxd9PBDXY_1,prompt action,7.0,action,True,prototype
zCv73SvXmk8_1,leather,8.0,substance,True,test
zEhEGpPHGLE,elder brother,3.0,relation,True,prototype
zEpIbqDKEh8,bipedal robot,9.0,machine,True,prototype
zEth840lEVE,sari,3.0,wearable,True,test
zEv81qWK7yQ_1,cold drink,6.0,foods and drinks,True,prototype
zF0-lsUa_RA_1,cat,7.0,flora and fauna,True,test
zFykwvdCws8_1,thigh,8.0,biology,True,prototype
zG_P--gEuOU_2,negligible,7.0,quantity,True,prototype
zGhfj0f_3bI_1,see,9.0,action,True,test
zHSDpV4Ok2Q,behind,4.0,spatial position,True,test
zHuGuas_2f8,body pain,8.0,medical,True,prototype
zIEMNYyHXHs,murder,15.0,action,True,test
zI_8os97Bkc_1,run,5.0,action,True,test
zJRmEhzjtco,electrolyte,11.0,chemistry,True,prototype
zJmlqjm_b5g,woman,3.0,human,True,test
zLxJPYBRIEM,garib rath express,5.0,transport,True,prototype
zMSTQmwzW_s_1,subordinate,8.0,authority,True,prototype
zMVhZxmiK-s,salesman,12.0,profession,True,prototype
zOpA9-geIxA,minority,5.0,group,True,test
zPpdozLG2wU_1,study,6.0,action,True,test
zRAHq3wDY8A_1,proprietory,7.0,authority,True,prototype
zRnkG-1N3jY_1,diwali,7.0,event,True,test
zSGR1KaSZV4,hanuman,4.0,religious,True,test
zSJ-3q6P4lQ,bluetooth,6.0,internet,True,test
zSXKZb2Frqc_1,market,6.0,geography,True,prototype
zSst5y5j_fI,lips,6.0,biology,True,test
zSwPgYew9xY_1,evening,7.0,time,True,test
zTxivCXMjdU_2,inter branch transaction,12.0,banking,True,prototype
zU-UAPxXzjU,abstract of account,11.0,banking,True,prototype
zUFDbkEtC_E_2,property landed,12.0,banking,True,prototype
zUtEmpaF7kM,plan,7.0,action,True,test
zUzBN5DY_3A,mazdoor,4.0,profession,True,prototype
zWdWqozClE4,chef,8.0,profession,True,prototype
zXpbs2ztV4k_1,hearing aid,9.0,sound,True,test
zYWxTgBpp5o_1,allergy,7.0,medical,True,test
zYuR7aEr3SI_2,atmosphere,9.0,chemistry,True,prototype
zZRHcEnMUnw_1,lizard,6.0,flora and fauna,True,test
zZVuyuVTFW0,promotion,4.0,organisation,True,test
zZdJ4ZLnw2U,constitutional rights,15.0,legal,True,prototype
zZkjoooQRXk_1,sikh,6.0,religious,True,test
zZs0BXEssdQ,wave,5.0,physics,True,test
z_736hEJX_M,diabetic,12.0,medical,True,prototype
z_Tnhup1J5I,satisfied,4.0,attribute,True,test
z_WykkCqulk,sick,4.0,medical,True,test
z_kjd4rGuag,hug,5.0,gesture,True,test
zaCXh7eQO2Y,cash,4.0,banking,True,test
zaGjEBwl--8,ethics,5.0,behavior,True,test
zajXjC-yusI_2,surrounding,8.0,miscellaneous object,True,prototype
zaxDTYvEeZw_2,notice board,9.0,utility item,True,prototype
zbxW8XnyziA,airport,5.0,transport,True,test
zc7cBfgwiyI_1,spastic,7.0,medical,True,prototype
zcKPzJMDkRw,roll,6.0,action,True,test
zdGKXf_2HFA,jama masjid,5.0,religious,True,prototype
zdVCE0zgZ64_1,steel,8.0,metal and minerals,True,test
zdZNbKoJejY_1,approval,9.0,action,True,prototype
zeLeGWdpYiE_1,guilty,6.0,emotion,True,test
zeRihgKBfB0,anti virus,8.0,computer,True,test
zfvnGrqiLMQ_1,australia,8.0,geography,True,test
zgJBDuqbPHM,hydathodes,11.0,biology,True,prototype
zgQAKKtXOZY,background,4.0,spatial position,True,prototype
zgq2AwN0qxs_1,heir,9.0,relation,True,prototype
zhKQnsHLNeA,truck,4.0,transport,True,test
zhxo7cEkSF8_1,reserve fund,8.0,banking,True,prototype
zi11969STzc_1,sheep,8.0,flora and fauna,True,test
zk-I0DPD4gk_1,water bottle,6.0,utility item,True,prototype
zkLkrnOdDA0,floating plants,13.0,flora and fauna,True,prototype
zkOqvdkGpS4,laptop,5.0,electronic and electrical,True,test
zkQeGg5DkVc,rajasthan,4.0,geography,True,test
zmcws5FplEc_1,friday,5.0,time,True,test
zmrOAZ6FeHA_2,radio,8.0,electronic and electrical,True,test
znGl0a0R3io_2,edge,9.0,spatial position,True,prototype
zoM2D2UeE18_2,kelvin,8.0,metric,True,prototype
zobbHZq0U4w,come,5.0,process,True,test
zpDZzjRrUmk,france,4.0,geography,True,test
zqoQST3Oap8_1,first floor,8.0,construction,True,test
zrNSPG0BAPo,thumb lunula,8.0,medical,True,prototype
zrf_bkZG9_E_2,strength,7.0,attribute,True,test
zsaHFTWOIms_1,take over,9.0,action,True,prototype
zsfMMuKrUUg,wedding reception,5.0,event,True,test
zskDexexPRo_2_Trim,hydrautic brake,11.0,machine,True,prototype
ztOfNdPNwAU_1,carrot,7.0,foods and drinks,True,test
zuOOzSoUPcU_1,week,5.0,time,True,test
zultm2vBHws_2,wax,10.0,utility item,True,prototype
zupZnldqNbE_2,square,13.0,math,True,test
zuwgMn6oS-Q_1,boring,7.0,attribute,True,prototype
zvDd4Lvma58_1,statement of liquidation,11.0,banking,True,prototype
zvhxuidq68g,aircel,5.0,internet,True,prototype
zw53Xl_e9QA,ant,5.0,flora and fauna,True,test
zwQFJqvvgqQ,keyhole,8.0,utility item,True,prototype
zwl-CJnhrYI_1,postpone,6.0,action,True,prototype
zxXFqg4uC_I_1,festivals,6.0,event,True,prototype
zxd2fClLdu0_1,sweat,8.0,biology,True,test
zxwuZPkYjrQ,good night,4.0,greeting,True,prototype
zyUvGZAlkOs_1,land,10.0,geography,True,test
zyvgHgT6d7c,love,4.0,emotion,True,test
