method,rgb_temperature,landmark_temperature,rgb_weight,landmark_weight,top1,top5
log_probability,0.5,0.5,0.75,0.25,40.131578947368425,57.56578947368421
log_probability,0.5,1.0,0.6,0.4,40.131578947368425,57.56578947368421
log_probability,0.5,1.25,0.55,0.44999999999999996,40.131578947368425,57.56578947368421
log_probability,0.5,1.5,0.5,0.5,40.131578947368425,57.56578947368421
log_probability,0.5,2.5,0.375,0.625,40.131578947368425,57.56578947368421
log_probability,0.5,4.0,0.275,0.725,40.131578947368425,57.56578947368421
log_probability,0.75,0.75,0.75,0.25,40.131578947368425,57.56578947368421
log_probability,0.75,1.5,0.6,0.4,40.131578947368425,57.56578947368421
log_probability,0.75,2.5,0.475,0.525,40.131578947368425,57.56578947368421
log_probability,1.0,0.75,0.8,0.19999999999999996,40.131578947368425,57.56578947368421
log_probability,1.0,1.0,0.75,0.25,40.131578947368425,57.56578947368421
log_probability,1.0,2.0,0.6,0.4,40.131578947368425,57.56578947368421
log_probability,1.0,2.5,0.55,0.44999999999999996,40.131578947368425,57.56578947368421
log_probability,1.0,3.0,0.5,0.5,40.131578947368425,57.56578947368421
log_probability,1.25,1.25,0.75,0.25,40.131578947368425,57.56578947368421
log_probability,1.25,2.5,0.6,0.4,40.131578947368425,57.56578947368421
log_probability,1.5,0.5,0.9,0.09999999999999998,40.131578947368425,57.56578947368421
log_probability,1.5,1.5,0.75,0.25,40.131578947368425,57.56578947368421
log_probability,1.5,3.0,0.6,0.4,40.131578947368425,57.56578947368421
log_probability,2.0,1.5,0.8,0.19999999999999996,40.131578947368425,57.56578947368421
log_probability,2.0,2.0,0.75,0.25,40.131578947368425,57.56578947368421
log_probability,2.0,4.0,0.6,0.4,40.131578947368425,57.56578947368421
log_probability,2.5,2.5,0.75,0.25,40.131578947368425,57.56578947368421
log_probability,3.0,1.0,0.9,0.09999999999999998,40.131578947368425,57.56578947368421
log_probability,3.0,3.0,0.75,0.25,40.131578947368425,57.56578947368421
log_probability,4.0,3.0,0.8,0.19999999999999996,40.131578947368425,57.56578947368421
log_probability,4.0,4.0,0.75,0.25,40.131578947368425,57.56578947368421
probability,4.0,3.0,0.8,0.19999999999999996,39.80263157894737,59.210526315789465
log_probability,0.5,0.5,0.775,0.22499999999999998,39.80263157894737,58.223684210526315
log_probability,0.5,0.75,0.7,0.30000000000000004,39.80263157894737,58.223684210526315
log_probability,0.75,0.75,0.775,0.22499999999999998,39.80263157894737,58.223684210526315
log_probability,0.75,1.0,0.725,0.275,39.80263157894737,58.223684210526315
log_probability,0.75,1.25,0.675,0.32499999999999996,39.80263157894737,58.223684210526315
log_probability,0.75,4.0,0.4,0.6,39.80263157894737,58.223684210526315
log_probability,1.0,0.5,0.875,0.125,39.80263157894737,58.223684210526315
log_probability,1.0,0.75,0.825,0.17500000000000004,39.80263157894737,58.223684210526315
log_probability,1.0,1.0,0.775,0.22499999999999998,39.80263157894737,58.223684210526315
log_probability,1.0,1.5,0.7,0.30000000000000004,39.80263157894737,58.223684210526315
log_probability,1.25,1.25,0.775,0.22499999999999998,39.80263157894737,58.223684210526315
log_probability,1.25,4.0,0.525,0.475,39.80263157894737,58.223684210526315
log_probability,1.5,0.75,0.875,0.125,39.80263157894737,58.223684210526315
log_probability,1.5,1.5,0.775,0.22499999999999998,39.80263157894737,58.223684210526315
log_probability,1.5,2.0,0.725,0.275,39.80263157894737,58.223684210526315
log_probability,1.5,2.5,0.675,0.32499999999999996,39.80263157894737,58.223684210526315
log_probability,2.0,1.0,0.875,0.125,39.80263157894737,58.223684210526315
log_probability,2.0,1.25,0.85,0.15000000000000002,39.80263157894737,58.223684210526315
log_probability,2.0,1.5,0.825,0.17500000000000004,39.80263157894737,58.223684210526315
log_probability,2.0,2.0,0.775,0.22499999999999998,39.80263157894737,58.223684210526315
log_probability,2.0,3.0,0.7,0.30000000000000004,39.80263157894737,58.223684210526315
log_probability,2.5,1.25,0.875,0.125,39.80263157894737,58.223684210526315
log_probability,2.5,2.5,0.775,0.22499999999999998,39.80263157894737,58.223684210526315
log_probability,3.0,1.5,0.875,0.125,39.80263157894737,58.223684210526315
log_probability,3.0,3.0,0.775,0.22499999999999998,39.80263157894737,58.223684210526315
log_probability,3.0,4.0,0.725,0.275,39.80263157894737,58.223684210526315
log_probability,4.0,2.0,0.875,0.125,39.80263157894737,58.223684210526315
log_probability,4.0,2.5,0.85,0.15000000000000002,39.80263157894737,58.223684210526315
log_probability,4.0,3.0,0.825,0.17500000000000004,39.80263157894737,58.223684210526315
log_probability,4.0,4.0,0.775,0.22499999999999998,39.80263157894737,58.223684210526315
log_probability,0.5,3.0,0.375,0.625,39.80263157894737,57.89473684210527
log_probability,0.75,2.0,0.575,0.42500000000000004,39.80263157894737,57.89473684210527
log_probability,1.25,0.5,0.9,0.09999999999999998,39.80263157894737,57.89473684210527
log_probability,1.25,1.5,0.75,0.25,39.80263157894737,57.89473684210527
log_probability,1.25,3.0,0.6,0.4,39.80263157894737,57.89473684210527
log_probability,1.5,4.0,0.575,0.42500000000000004,39.80263157894737,57.89473684210527
log_probability,2.5,1.0,0.9,0.09999999999999998,39.80263157894737,57.89473684210527
log_probability,2.5,3.0,0.75,0.25,39.80263157894737,57.89473684210527
log_probability,0.5,0.75,0.625,0.375,39.80263157894737,57.56578947368421
log_probability,0.5,1.0,0.65,0.35,39.80263157894737,57.56578947368421
log_probability,0.5,1.25,0.5,0.5,39.80263157894737,57.56578947368421
log_probability,0.5,1.5,0.55,0.44999999999999996,39.80263157894737,57.56578947368421
log_probability,0.5,2.0,0.425,0.575,39.80263157894737,57.56578947368421
log_probability,0.5,2.0,0.475,0.525,39.80263157894737,57.56578947368421
log_probability,0.5,2.5,0.425,0.575,39.80263157894737,57.56578947368421
log_probability,0.75,1.0,0.65,0.35,39.80263157894737,57.56578947368421
log_probability,0.75,1.25,0.6,0.4,39.80263157894737,57.56578947368421
log_probability,0.75,1.25,0.65,0.35,39.80263157894737,57.56578947368421
log_probability,0.75,1.5,0.65,0.35,39.80263157894737,57.56578947368421
log_probability,0.75,2.0,0.525,0.475,39.80263157894737,57.56578947368421
log_probability,0.75,2.5,0.425,0.575,39.80263157894737,57.56578947368421
log_probability,0.75,2.5,0.525,0.475,39.80263157894737,57.56578947368421
log_probability,0.75,3.0,0.425,0.575,39.80263157894737,57.56578947368421
log_probability,0.75,3.0,0.475,0.525,39.80263157894737,57.56578947368421
log_probability,1.0,1.25,0.7,0.30000000000000004,39.80263157894737,57.56578947368421
log_probability,1.0,1.5,0.625,0.375,39.80263157894737,57.56578947368421
log_probability,1.0,2.0,0.65,0.35,39.80263157894737,57.56578947368421
log_probability,1.0,2.5,0.5,0.5,39.80263157894737,57.56578947368421
log_probability,1.0,3.0,0.55,0.44999999999999996,39.80263157894737,57.56578947368421
log_probability,1.0,4.0,0.425,0.575,39.80263157894737,57.56578947368421
log_probability,1.0,4.0,0.475,0.525,39.80263157894737,57.56578947368421
log_probability,1.25,1.5,0.675,0.32499999999999996,39.80263157894737,57.56578947368421
log_probability,1.25,2.0,0.65,0.35,39.80263157894737,57.56578947368421
log_probability,1.25,2.0,0.7,0.30000000000000004,39.80263157894737,57.56578947368421
log_probability,1.25,2.5,0.65,0.35,39.80263157894737,57.56578947368421
log_probability,1.25,3.0,0.55,0.44999999999999996,39.80263157894737,57.56578947368421
log_probability,1.5,1.25,0.75,0.25,39.80263157894737,57.56578947368421
log_probability,1.5,2.0,0.65,0.35,39.80263157894737,57.56578947368421
log_probability,1.5,2.5,0.6,0.4,39.80263157894737,57.56578947368421
log_probability,1.5,2.5,0.65,0.35,39.80263157894737,57.56578947368421
log_probability,1.5,3.0,0.65,0.35,39.80263157894737,57.56578947368421
log_probability,1.5,4.0,0.525,0.475,39.80263157894737,57.56578947368421
log_probability,2.0,0.5,0.925,0.07499999999999996,39.80263157894737,57.56578947368421
log_probability,2.0,1.25,0.8,0.19999999999999996,39.80263157894737,57.56578947368421
log_probability,2.0,1.25,0.825,0.17500000000000004,39.80263157894737,57.56578947368421
log_probability,2.0,2.5,0.7,0.30000000000000004,39.80263157894737,57.56578947368421
log_probability,2.0,3.0,0.625,0.375,39.80263157894737,57.56578947368421
log_probability,2.0,4.0,0.65,0.35,39.80263157894737,57.56578947368421
log_probability,2.5,0.5,0.925,0.07499999999999996,39.80263157894737,57.56578947368421
log_probability,2.5,0.5,0.95,0.050000000000000044,39.80263157894737,57.56578947368421
log_probability,2.5,0.75,0.925,0.07499999999999996,39.80263157894737,57.56578947368421
log_probability,2.5,3.0,0.675,0.32499999999999996,39.80263157894737,57.56578947368421
log_probability,2.5,4.0,0.65,0.35,39.80263157894737,57.56578947368421
log_probability,2.5,4.0,0.7,0.30000000000000004,39.80263157894737,57.56578947368421
log_probability,3.0,0.75,0.925,0.07499999999999996,39.80263157894737,57.56578947368421
log_probability,3.0,1.25,0.875,0.125,39.80263157894737,57.56578947368421
log_probability,3.0,2.5,0.75,0.25,39.80263157894737,57.56578947368421
log_probability,3.0,4.0,0.65,0.35,39.80263157894737,57.56578947368421
log_probability,4.0,1.0,0.925,0.07499999999999996,39.80263157894737,57.56578947368421
log_probability,4.0,2.5,0.8,0.19999999999999996,39.80263157894737,57.56578947368421
log_probability,4.0,2.5,0.825,0.17500000000000004,39.80263157894737,57.56578947368421
log_probability,0.5,3.0,0.3,0.7,39.80263157894737,57.23684210526315
log_probability,0.75,4.0,0.325,0.675,39.80263157894737,57.23684210526315
log_probability,1.0,0.75,0.775,0.22499999999999998,39.80263157894737,57.23684210526315
log_probability,2.0,1.5,0.775,0.22499999999999998,39.80263157894737,57.23684210526315
log_probability,4.0,3.0,0.775,0.22499999999999998,39.80263157894737,57.23684210526315
log_probability,0.5,1.25,0.65,0.35,39.80263157894737,56.57894736842105
log_probability,0.75,1.0,0.775,0.22499999999999998,39.80263157894737,56.57894736842105
log_probability,1.0,2.5,0.65,0.35,39.80263157894737,56.57894736842105
log_probability,1.5,2.0,0.775,0.22499999999999998,39.80263157894737,56.57894736842105
log_probability,3.0,4.0,0.775,0.22499999999999998,39.80263157894737,56.57894736842105
log_probability,0.5,2.5,0.475,0.525,39.80263157894737,56.25
log_probability,1.25,1.0,0.85,0.15000000000000002,39.80263157894737,56.25
log_probability,2.0,0.75,0.925,0.07499999999999996,39.80263157894737,56.25
log_probability,2.5,2.0,0.85,0.15000000000000002,39.80263157894737,56.25
log_probability,4.0,1.5,0.925,0.07499999999999996,39.80263157894737,56.25
log_probability,0.5,0.75,0.75,0.25,39.80263157894737,55.92105263157895
log_probability,0.5,1.5,0.6,0.4,39.80263157894737,55.92105263157895
log_probability,0.75,2.5,0.575,0.42500000000000004,39.80263157894737,55.92105263157895
log_probability,1.0,0.5,0.9,0.09999999999999998,39.80263157894737,55.92105263157895
log_probability,1.0,1.5,0.75,0.25,39.80263157894737,55.92105263157895
log_probability,1.0,3.0,0.6,0.4,39.80263157894737,55.92105263157895
log_probability,1.5,0.75,0.9,0.09999999999999998,39.80263157894737,55.92105263157895
log_probability,2.0,1.0,0.9,0.09999999999999998,39.80263157894737,55.92105263157895
log_probability,2.0,3.0,0.75,0.25,39.80263157894737,55.92105263157895
log_probability,2.5,1.25,0.9,0.09999999999999998,39.80263157894737,55.92105263157895
log_probability,3.0,1.5,0.9,0.09999999999999998,39.80263157894737,55.92105263157895
log_probability,4.0,2.0,0.9,0.09999999999999998,39.80263157894737,55.92105263157895
log_probability,0.5,1.25,0.575,0.42500000000000004,39.473684210526315,58.55263157894737
log_probability,1.0,2.5,0.575,0.42500000000000004,39.473684210526315,58.55263157894737
log_probability,2.0,0.75,0.9,0.09999999999999998,39.473684210526315,58.55263157894737
log_probability,4.0,1.5,0.9,0.09999999999999998,39.473684210526315,58.55263157894737
probability,4.0,4.0,0.75,0.25,39.473684210526315,58.223684210526315
log_probability,0.5,0.5,0.7,0.30000000000000004,39.473684210526315,58.223684210526315
log_probability,0.5,1.0,0.625,0.375,39.473684210526315,58.223684210526315
log_probability,0.5,1.5,0.525,0.475,39.473684210526315,58.223684210526315
log_probability,0.5,2.0,0.45,0.55,39.473684210526315,58.223684210526315
log_probability,0.5,2.5,0.4,0.6,39.473684210526315,58.223684210526315
log_probability,0.5,3.0,0.35,0.65,39.473684210526315,58.223684210526315
log_probability,0.5,4.0,0.225,0.775,39.473684210526315,58.223684210526315
log_probability,0.5,4.0,0.3,0.7,39.473684210526315,58.223684210526315
log_probability,0.75,0.75,0.7,0.30000000000000004,39.473684210526315,58.223684210526315
log_probability,0.75,1.5,0.625,0.375,39.473684210526315,58.223684210526315
log_probability,0.75,2.0,0.55,0.44999999999999996,39.473684210526315,58.223684210526315
log_probability,0.75,2.5,0.5,0.5,39.473684210526315,58.223684210526315
log_probability,0.75,3.0,0.45,0.55,39.473684210526315,58.223684210526315
log_probability,0.75,4.0,0.375,0.625,39.473684210526315,58.223684210526315
log_probability,1.0,1.0,0.7,0.30000000000000004,39.473684210526315,58.223684210526315
log_probability,1.0,1.25,0.65,0.35,39.473684210526315,58.223684210526315
log_probability,1.0,1.25,0.725,0.275,39.473684210526315,58.223684210526315
log_probability,1.0,2.0,0.625,0.375,39.473684210526315,58.223684210526315
log_probability,1.0,3.0,0.525,0.475,39.473684210526315,58.223684210526315
log_probability,1.0,4.0,0.45,0.55,39.473684210526315,58.223684210526315
log_probability,1.25,0.75,0.85,0.15000000000000002,39.473684210526315,58.223684210526315
log_probability,1.25,1.0,0.8,0.19999999999999996,39.473684210526315,58.223684210526315
log_probability,1.25,1.25,0.7,0.30000000000000004,39.473684210526315,58.223684210526315
log_probability,1.25,1.5,0.725,0.275,39.473684210526315,58.223684210526315
log_probability,1.25,2.0,0.675,0.32499999999999996,39.473684210526315,58.223684210526315
log_probability,1.25,2.5,0.625,0.375,39.473684210526315,58.223684210526315
log_probability,1.25,3.0,0.575,0.42500000000000004,39.473684210526315,58.223684210526315
log_probability,1.25,4.0,0.5,0.5,39.473684210526315,58.223684210526315
log_probability,1.5,0.5,0.875,0.125,39.473684210526315,58.223684210526315
log_probability,1.5,1.25,0.8,0.19999999999999996,39.473684210526315,58.223684210526315
log_probability,1.5,1.5,0.7,0.30000000000000004,39.473684210526315,58.223684210526315
log_probability,1.5,3.0,0.625,0.375,39.473684210526315,58.223684210526315
log_probability,1.5,4.0,0.55,0.44999999999999996,39.473684210526315,58.223684210526315
log_probability,2.0,2.0,0.7,0.30000000000000004,39.473684210526315,58.223684210526315
log_probability,2.0,2.5,0.65,0.35,39.473684210526315,58.223684210526315
log_probability,2.0,2.5,0.725,0.275,39.473684210526315,58.223684210526315
log_probability,2.0,4.0,0.625,0.375,39.473684210526315,58.223684210526315
log_probability,2.5,1.5,0.85,0.15000000000000002,39.473684210526315,58.223684210526315
log_probability,2.5,2.0,0.8,0.19999999999999996,39.473684210526315,58.223684210526315
log_probability,2.5,2.5,0.7,0.30000000000000004,39.473684210526315,58.223684210526315
log_probability,2.5,3.0,0.725,0.275,39.473684210526315,58.223684210526315
log_probability,2.5,4.0,0.675,0.32499999999999996,39.473684210526315,58.223684210526315
log_probability,3.0,0.5,0.95,0.050000000000000044,39.473684210526315,58.223684210526315
log_probability,3.0,1.0,0.875,0.125,39.473684210526315,58.223684210526315
log_probability,3.0,2.5,0.8,0.19999999999999996,39.473684210526315,58.223684210526315
log_probability,3.0,3.0,0.7,0.30000000000000004,39.473684210526315,58.223684210526315
log_probability,4.0,0.75,0.925,0.07499999999999996,39.473684210526315,58.223684210526315
log_probability,4.0,0.75,0.95,0.050000000000000044,39.473684210526315,58.223684210526315
log_probability,4.0,4.0,0.7,0.30000000000000004,39.473684210526315,58.223684210526315
log_probability,0.5,0.75,0.675,0.32499999999999996,39.473684210526315,57.89473684210527
log_probability,0.75,0.5,0.825,0.17500000000000004,39.473684210526315,57.89473684210527
log_probability,0.75,0.5,0.85,0.15000000000000002,39.473684210526315,57.89473684210527
log_probability,1.0,1.5,0.675,0.32499999999999996,39.473684210526315,57.89473684210527
log_probability,1.25,1.0,0.825,0.17500000000000004,39.473684210526315,57.89473684210527
log_probability,1.5,1.0,0.825,0.17500000000000004,39.473684210526315,57.89473684210527
log_probability,1.5,1.0,0.85,0.15000000000000002,39.473684210526315,57.89473684210527
log_probability,2.0,3.0,0.675,0.32499999999999996,39.473684210526315,57.89473684210527
log_probability,2.5,2.0,0.825,0.17500000000000004,39.473684210526315,57.89473684210527
log_probability,3.0,2.0,0.825,0.17500000000000004,39.473684210526315,57.89473684210527
log_probability,3.0,2.0,0.85,0.15000000000000002,39.473684210526315,57.89473684210527
log_probability,0.5,0.5,0.725,0.275,39.473684210526315,57.56578947368421
log_probability,0.5,0.75,0.65,0.35,39.473684210526315,57.56578947368421
log_probability,0.5,1.0,0.55,0.44999999999999996,39.473684210526315,57.56578947368421
log_probability,0.5,1.25,0.6,0.4,39.473684210526315,57.56578947368421
log_probability,0.5,1.5,0.45,0.55,39.473684210526315,57.56578947368421
log_probability,0.75,0.75,0.725,0.275,39.473684210526315,57.56578947368421
log_probability,0.75,1.0,0.675,0.32499999999999996,39.473684210526315,57.56578947368421
log_probability,0.75,1.0,0.7,0.30000000000000004,39.473684210526315,57.56578947368421
log_probability,0.75,1.25,0.625,0.375,39.473684210526315,57.56578947368421
log_probability,0.75,1.5,0.55,0.44999999999999996,39.473684210526315,57.56578947368421
log_probability,0.75,4.0,0.35,0.65,39.473684210526315,57.56578947368421
log_probability,1.0,0.5,0.85,0.15000000000000002,39.473684210526315,57.56578947368421
log_probability,1.0,1.0,0.725,0.275,39.473684210526315,57.56578947368421
log_probability,1.0,1.25,0.675,0.32499999999999996,39.473684210526315,57.56578947368421
log_probability,1.0,1.25,0.75,0.25,39.473684210526315,57.56578947368421
log_probability,1.0,1.5,0.65,0.35,39.473684210526315,57.56578947368421
log_probability,1.0,2.0,0.55,0.44999999999999996,39.473684210526315,57.56578947368421
log_probability,1.0,2.5,0.6,0.4,39.473684210526315,57.56578947368421
log_probability,1.0,3.0,0.45,0.55,39.473684210526315,57.56578947368421
log_probability,1.25,0.5,0.875,0.125,39.473684210526315,57.56578947368421
log_probability,1.25,0.75,0.825,0.17500000000000004,39.473684210526315,57.56578947368421
log_probability,1.25,1.25,0.725,0.275,39.473684210526315,57.56578947368421
log_probability,1.25,1.5,0.7,0.30000000000000004,39.473684210526315,57.56578947368421
log_probability,1.25,2.5,0.55,0.44999999999999996,39.473684210526315,57.56578947368421
log_probability,1.25,3.0,0.525,0.475,39.473684210526315,57.56578947368421
log_probability,1.25,4.0,0.45,0.55,39.473684210526315,57.56578947368421
log_probability,1.5,0.75,0.85,0.15000000000000002,39.473684210526315,57.56578947368421
log_probability,1.5,1.25,0.775,0.22499999999999998,39.473684210526315,57.56578947368421
log_probability,1.5,1.5,0.725,0.275,39.473684210526315,57.56578947368421
log_probability,1.5,2.0,0.675,0.32499999999999996,39.473684210526315,57.56578947368421
log_probability,1.5,2.0,0.7,0.30000000000000004,39.473684210526315,57.56578947368421
log_probability,1.5,2.5,0.625,0.375,39.473684210526315,57.56578947368421
log_probability,1.5,3.0,0.55,0.44999999999999996,39.473684210526315,57.56578947368421
log_probability,2.0,0.75,0.875,0.125,39.473684210526315,57.56578947368421
log_probability,2.0,1.0,0.85,0.15000000000000002,39.473684210526315,57.56578947368421
log_probability,2.0,2.0,0.725,0.275,39.473684210526315,57.56578947368421
log_probability,2.0,2.5,0.675,0.32499999999999996,39.473684210526315,57.56578947368421
log_probability,2.0,2.5,0.75,0.25,39.473684210526315,57.56578947368421
log_probability,2.0,3.0,0.65,0.35,39.473684210526315,57.56578947368421
log_probability,2.0,4.0,0.55,0.44999999999999996,39.473684210526315,57.56578947368421
log_probability,2.5,1.0,0.875,0.125,39.473684210526315,57.56578947368421
log_probability,2.5,1.25,0.85,0.15000000000000002,39.473684210526315,57.56578947368421
log_probability,2.5,1.5,0.825,0.17500000000000004,39.473684210526315,57.56578947368421
log_probability,2.5,2.5,0.725,0.275,39.473684210526315,57.56578947368421
log_probability,2.5,3.0,0.7,0.30000000000000004,39.473684210526315,57.56578947368421
log_probability,3.0,1.25,0.9,0.09999999999999998,39.473684210526315,57.56578947368421
log_probability,3.0,1.5,0.85,0.15000000000000002,39.473684210526315,57.56578947368421
log_probability,3.0,2.5,0.775,0.22499999999999998,39.473684210526315,57.56578947368421
log_probability,3.0,3.0,0.725,0.275,39.473684210526315,57.56578947368421
log_probability,3.0,4.0,0.675,0.32499999999999996,39.473684210526315,57.56578947368421
log_probability,3.0,4.0,0.7,0.30000000000000004,39.473684210526315,57.56578947368421
log_probability,4.0,1.25,0.9,0.09999999999999998,39.473684210526315,57.56578947368421
log_probability,4.0,1.5,0.875,0.125,39.473684210526315,57.56578947368421
log_probability,4.0,2.0,0.85,0.15000000000000002,39.473684210526315,57.56578947368421
log_probability,4.0,4.0,0.725,0.275,39.473684210526315,57.56578947368421
log_probability,0.5,1.0,0.575,0.42500000000000004,39.473684210526315,57.23684210526315
log_probability,0.5,1.25,0.525,0.475,39.473684210526315,57.23684210526315
log_probability,0.5,1.5,0.475,0.525,39.473684210526315,57.23684210526315
log_probability,0.5,2.0,0.4,0.6,39.473684210526315,57.23684210526315
log_probability,0.5,2.5,0.35,0.65,39.473684210526315,57.23684210526315
log_probability,0.5,4.0,0.25,0.75,39.473684210526315,57.23684210526315
log_probability,0.5,4.0,0.325,0.675,39.473684210526315,57.23684210526315
log_probability,0.75,0.5,0.8,0.19999999999999996,39.473684210526315,57.23684210526315
log_probability,0.75,1.25,0.7,0.30000000000000004,39.473684210526315,57.23684210526315
log_probability,0.75,1.5,0.575,0.42500000000000004,39.473684210526315,57.23684210526315
log_probability,0.75,2.0,0.5,0.5,39.473684210526315,57.23684210526315
log_probability,0.75,2.5,0.45,0.55,39.473684210526315,57.23684210526315
log_probability,0.75,3.0,0.4,0.6,39.473684210526315,57.23684210526315
log_probability,1.0,2.0,0.575,0.42500000000000004,39.473684210526315,57.23684210526315
log_probability,1.0,2.5,0.525,0.475,39.473684210526315,57.23684210526315
log_probability,1.0,3.0,0.475,0.525,39.473684210526315,57.23684210526315
log_probability,1.0,4.0,0.4,0.6,39.473684210526315,57.23684210526315
log_probability,1.25,1.0,0.775,0.22499999999999998,39.473684210526315,57.23684210526315
log_probability,1.25,2.0,0.625,0.375,39.473684210526315,57.23684210526315
log_probability,1.25,2.5,0.575,0.42500000000000004,39.473684210526315,57.23684210526315
log_probability,1.25,4.0,0.55,0.44999999999999996,39.473684210526315,57.23684210526315
log_probability,1.5,1.0,0.8,0.19999999999999996,39.473684210526315,57.23684210526315
log_probability,1.5,1.25,0.825,0.17500000000000004,39.473684210526315,57.23684210526315
log_probability,1.5,2.5,0.7,0.30000000000000004,39.473684210526315,57.23684210526315
log_probability,1.5,3.0,0.575,0.42500000000000004,39.473684210526315,57.23684210526315
log_probability,1.5,4.0,0.5,0.5,39.473684210526315,57.23684210526315
log_probability,2.0,4.0,0.575,0.42500000000000004,39.473684210526315,57.23684210526315
log_probability,2.5,0.75,0.9,0.09999999999999998,39.473684210526315,57.23684210526315
log_probability,2.5,2.0,0.775,0.22499999999999998,39.473684210526315,57.23684210526315
log_probability,2.5,4.0,0.625,0.375,39.473684210526315,57.23684210526315
log_probability,3.0,2.0,0.8,0.19999999999999996,39.473684210526315,57.23684210526315
log_probability,3.0,2.5,0.825,0.17500000000000004,39.473684210526315,57.23684210526315
log_probability,4.0,1.25,0.925,0.07499999999999996,39.473684210526315,57.23684210526315
log_probability,0.5,0.75,0.725,0.275,39.473684210526315,56.9078947368421
log_probability,0.75,4.0,0.425,0.575,39.473684210526315,56.9078947368421
log_probability,1.0,1.5,0.725,0.275,39.473684210526315,56.9078947368421
log_probability,2.0,3.0,0.725,0.275,39.473684210526315,56.9078947368421
log_probability,0.5,1.0,0.7,0.30000000000000004,39.473684210526315,56.57894736842105
log_probability,0.75,0.5,0.875,0.125,39.473684210526315,56.57894736842105
log_probability,0.75,1.5,0.7,0.30000000000000004,39.473684210526315,56.57894736842105
log_probability,1.0,2.0,0.7,0.30000000000000004,39.473684210526315,56.57894736842105
log_probability,1.25,2.5,0.7,0.30000000000000004,39.473684210526315,56.57894736842105
log_probability,1.5,1.0,0.875,0.125,39.473684210526315,56.57894736842105
log_probability,1.5,3.0,0.7,0.30000000000000004,39.473684210526315,56.57894736842105
log_probability,2.0,4.0,0.7,0.30000000000000004,39.473684210526315,56.57894736842105
log_probability,3.0,2.0,0.875,0.125,39.473684210526315,56.57894736842105
log_probability,0.5,1.0,0.675,0.32499999999999996,39.473684210526315,56.25
log_probability,0.5,1.25,0.625,0.375,39.473684210526315,56.25
log_probability,0.75,1.5,0.675,0.32499999999999996,39.473684210526315,56.25
log_probability,1.0,0.75,0.85,0.15000000000000002,39.473684210526315,56.25
log_probability,1.0,2.0,0.675,0.32499999999999996,39.473684210526315,56.25
log_probability,1.0,2.5,0.625,0.375,39.473684210526315,56.25
log_probability,1.25,0.75,0.875,0.125,39.473684210526315,56.25
log_probability,1.25,1.5,0.775,0.22499999999999998,39.473684210526315,56.25
log_probability,1.25,2.0,0.725,0.275,39.473684210526315,56.25
log_probability,1.25,2.5,0.675,0.32499999999999996,39.473684210526315,56.25
log_probability,1.5,3.0,0.675,0.32499999999999996,39.473684210526315,56.25
log_probability,2.0,1.5,0.85,0.15000000000000002,39.473684210526315,56.25
log_probability,2.0,4.0,0.675,0.32499999999999996,39.473684210526315,56.25
log_probability,2.5,1.5,0.875,0.125,39.473684210526315,56.25
log_probability,2.5,3.0,0.775,0.22499999999999998,39.473684210526315,56.25
log_probability,2.5,4.0,0.725,0.275,39.473684210526315,56.25
log_probability,4.0,3.0,0.85,0.15000000000000002,39.473684210526315,56.25
log_probability,0.5,2.0,0.525,0.475,39.473684210526315,55.92105263157895
log_probability,0.5,3.0,0.425,0.575,39.473684210526315,55.92105263157895
log_probability,0.5,4.0,0.35,0.65,39.473684210526315,55.92105263157895
log_probability,0.75,1.25,0.725,0.275,39.473684210526315,55.92105263157895
log_probability,0.75,2.0,0.625,0.375,39.473684210526315,55.92105263157895
log_probability,0.75,3.0,0.525,0.475,39.473684210526315,55.92105263157895
log_probability,0.75,4.0,0.45,0.55,39.473684210526315,55.92105263157895
log_probability,1.0,1.25,0.775,0.22499999999999998,39.473684210526315,55.92105263157895
log_probability,1.0,4.0,0.525,0.475,39.473684210526315,55.92105263157895
log_probability,1.25,3.0,0.65,0.35,39.473684210526315,55.92105263157895
log_probability,1.25,4.0,0.575,0.42500000000000004,39.473684210526315,55.92105263157895
log_probability,1.5,2.5,0.725,0.275,39.473684210526315,55.92105263157895
log_probability,1.5,4.0,0.625,0.375,39.473684210526315,55.92105263157895
log_probability,2.0,1.25,0.875,0.125,39.473684210526315,55.92105263157895
log_probability,2.0,2.5,0.775,0.22499999999999998,39.473684210526315,55.92105263157895
log_probability,4.0,2.5,0.875,0.125,39.473684210526315,55.92105263157895
probability,2.5,3.0,0.65,0.35,39.14473684210527,59.210526315789465
probability,2.5,4.0,0.55,0.44999999999999996,39.14473684210527,59.210526315789465
probability,3.0,3.0,0.725,0.275,39.14473684210527,59.210526315789465
probability,3.0,4.0,0.625,0.375,39.14473684210527,59.210526315789465
probability,4.0,2.5,0.85,0.15000000000000002,39.14473684210527,59.210526315789465
probability,3.0,2.5,0.775,0.22499999999999998,39.14473684210527,58.88157894736842
probability,3.0,2.5,0.8,0.19999999999999996,39.14473684210527,58.88157894736842
probability,3.0,4.0,0.6,0.4,39.14473684210527,58.88157894736842
probability,3.0,4.0,0.65,0.35,39.14473684210527,58.88157894736842
probability,2.5,4.0,0.5,0.5,39.14473684210527,58.55263157894737
probability,2.5,4.0,0.525,0.475,39.14473684210527,58.55263157894737
probability,3.0,3.0,0.7,0.30000000000000004,39.14473684210527,58.55263157894737
probability,4.0,2.0,0.9,0.09999999999999998,39.14473684210527,58.55263157894737
log_probability,0.5,0.75,0.6,0.4,39.14473684210527,58.55263157894737
log_probability,0.5,1.0,0.525,0.475,39.14473684210527,58.55263157894737
log_probability,0.5,1.25,0.475,0.525,39.14473684210527,58.55263157894737
log_probability,0.5,1.5,0.425,0.575,39.14473684210527,58.55263157894737
log_probability,0.5,3.0,0.275,0.725,39.14473684210527,58.55263157894737
log_probability,0.75,1.0,0.625,0.375,39.14473684210527,58.55263157894737
log_probability,0.75,1.25,0.575,0.42500000000000004,39.14473684210527,58.55263157894737
log_probability,0.75,1.5,0.525,0.475,39.14473684210527,58.55263157894737
log_probability,0.75,2.0,0.45,0.55,39.14473684210527,58.55263157894737
log_probability,0.75,2.5,0.4,0.6,39.14473684210527,58.55263157894737
log_probability,0.75,4.0,0.3,0.7,39.14473684210527,58.55263157894737
log_probability,1.0,0.75,0.75,0.25,39.14473684210527,58.55263157894737
log_probability,1.0,1.5,0.6,0.4,39.14473684210527,58.55263157894737
log_probability,1.0,2.0,0.525,0.475,39.14473684210527,58.55263157894737
log_probability,1.0,2.5,0.475,0.525,39.14473684210527,58.55263157894737
log_probability,1.0,3.0,0.425,0.575,39.14473684210527,58.55263157894737
log_probability,1.25,0.5,0.85,0.15000000000000002,39.14473684210527,58.55263157894737
log_probability,1.25,1.5,0.65,0.35,39.14473684210527,58.55263157894737
log_probability,1.25,2.5,0.525,0.475,39.14473684210527,58.55263157894737
log_probability,1.25,3.0,0.475,0.525,39.14473684210527,58.55263157894737
log_probability,1.5,1.25,0.725,0.275,39.14473684210527,58.55263157894737
log_probability,1.5,2.0,0.625,0.375,39.14473684210527,58.55263157894737
log_probability,1.5,2.5,0.575,0.42500000000000004,39.14473684210527,58.55263157894737
log_probability,1.5,3.0,0.525,0.475,39.14473684210527,58.55263157894737
log_probability,1.5,4.0,0.45,0.55,39.14473684210527,58.55263157894737
log_probability,2.0,0.5,0.9,0.09999999999999998,39.14473684210527,58.55263157894737
log_probability,2.0,1.5,0.75,0.25,39.14473684210527,58.55263157894737
log_probability,2.0,3.0,0.6,0.4,39.14473684210527,58.55263157894737
log_probability,2.0,4.0,0.525,0.475,39.14473684210527,58.55263157894737
log_probability,2.5,1.0,0.85,0.15000000000000002,39.14473684210527,58.55263157894737
log_probability,2.5,3.0,0.65,0.35,39.14473684210527,58.55263157894737
log_probability,3.0,0.75,0.9,0.09999999999999998,39.14473684210527,58.55263157894737
log_probability,3.0,2.5,0.725,0.275,39.14473684210527,58.55263157894737
log_probability,3.0,4.0,0.625,0.375,39.14473684210527,58.55263157894737
log_probability,4.0,1.0,0.9,0.09999999999999998,39.14473684210527,58.55263157894737
log_probability,4.0,1.25,0.875,0.125,39.14473684210527,58.55263157894737
log_probability,4.0,3.0,0.75,0.25,39.14473684210527,58.55263157894737
probability,2.0,4.0,0.425,0.575,39.14473684210527,58.223684210526315
log_probability,0.75,0.5,0.775,0.22499999999999998,39.14473684210527,58.223684210526315
log_probability,1.0,0.5,0.825,0.17500000000000004,39.14473684210527,58.223684210526315
log_probability,1.25,4.0,0.425,0.575,39.14473684210527,58.223684210526315
log_probability,1.5,0.75,0.825,0.17500000000000004,39.14473684210527,58.223684210526315
log_probability,1.5,1.0,0.775,0.22499999999999998,39.14473684210527,58.223684210526315
log_probability,2.0,1.0,0.825,0.17500000000000004,39.14473684210527,58.223684210526315
log_probability,2.5,1.25,0.825,0.17500000000000004,39.14473684210527,58.223684210526315
log_probability,3.0,1.25,0.85,0.15000000000000002,39.14473684210527,58.223684210526315
log_probability,3.0,1.5,0.825,0.17500000000000004,39.14473684210527,58.223684210526315
log_probability,3.0,2.0,0.775,0.22499999999999998,39.14473684210527,58.223684210526315
log_probability,4.0,2.0,0.825,0.17500000000000004,39.14473684210527,58.223684210526315
log_probability,0.5,2.0,0.375,0.625,39.14473684210527,57.89473684210527
log_probability,0.75,3.0,0.375,0.625,39.14473684210527,57.89473684210527
log_probability,1.0,4.0,0.375,0.625,39.14473684210527,57.89473684210527
log_probability,1.25,0.75,0.8,0.19999999999999996,39.14473684210527,57.89473684210527
log_probability,1.25,1.0,0.75,0.25,39.14473684210527,57.89473684210527
log_probability,1.25,2.0,0.6,0.4,39.14473684210527,57.89473684210527
log_probability,1.25,3.0,0.5,0.5,39.14473684210527,57.89473684210527
log_probability,2.5,1.5,0.8,0.19999999999999996,39.14473684210527,57.89473684210527
log_probability,2.5,2.0,0.75,0.25,39.14473684210527,57.89473684210527
log_probability,2.5,4.0,0.6,0.4,39.14473684210527,57.89473684210527
log_probability,4.0,0.5,0.95,0.050000000000000044,39.14473684210527,57.89473684210527
log_probability,0.5,2.5,0.325,0.675,39.14473684210527,57.56578947368421
log_probability,0.5,3.0,0.325,0.675,39.14473684210527,57.56578947368421
log_probability,0.75,2.0,0.475,0.525,39.14473684210527,57.56578947368421
log_probability,1.25,4.0,0.475,0.525,39.14473684210527,57.56578947368421
log_probability,1.5,4.0,0.475,0.525,39.14473684210527,57.56578947368421
log_probability,0.5,2.0,0.55,0.44999999999999996,39.14473684210527,57.23684210526315
log_probability,0.5,3.0,0.45,0.55,39.14473684210527,57.23684210526315
log_probability,0.75,3.0,0.55,0.44999999999999996,39.14473684210527,57.23684210526315
log_probability,0.75,4.0,0.475,0.525,39.14473684210527,57.23684210526315
log_probability,1.0,4.0,0.55,0.44999999999999996,39.14473684210527,57.23684210526315
log_probability,1.25,0.5,0.925,0.07499999999999996,39.14473684210527,57.23684210526315
log_probability,2.5,1.0,0.925,0.07499999999999996,39.14473684210527,57.23684210526315
log_probability,4.0,0.5,0.975,0.025000000000000022,39.14473684210527,57.23684210526315
log_probability,0.5,0.5,0.825,0.17500000000000004,39.14473684210527,56.9078947368421
log_probability,0.5,4.0,0.375,0.625,39.14473684210527,56.9078947368421
log_probability,0.75,0.75,0.825,0.17500000000000004,39.14473684210527,56.9078947368421
log_probability,1.0,1.0,0.825,0.17500000000000004,39.14473684210527,56.9078947368421
log_probability,1.25,1.25,0.825,0.17500000000000004,39.14473684210527,56.9078947368421
log_probability,1.25,1.5,0.8,0.19999999999999996,39.14473684210527,56.9078947368421
log_probability,1.25,2.0,0.75,0.25,39.14473684210527,56.9078947368421
log_probability,1.25,4.0,0.6,0.4,39.14473684210527,56.9078947368421
log_probability,1.5,1.25,0.85,0.15000000000000002,39.14473684210527,56.9078947368421
log_probability,1.5,1.5,0.825,0.17500000000000004,39.14473684210527,56.9078947368421
log_probability,2.0,0.5,0.95,0.050000000000000044,39.14473684210527,56.9078947368421
log_probability,2.0,2.0,0.825,0.17500000000000004,39.14473684210527,56.9078947368421
log_probability,2.5,2.5,0.825,0.17500000000000004,39.14473684210527,56.9078947368421
log_probability,2.5,3.0,0.8,0.19999999999999996,39.14473684210527,56.9078947368421
log_probability,2.5,4.0,0.75,0.25,39.14473684210527,56.9078947368421
log_probability,3.0,0.75,0.95,0.050000000000000044,39.14473684210527,56.9078947368421
log_probability,3.0,2.5,0.85,0.15000000000000002,39.14473684210527,56.9078947368421
log_probability,3.0,3.0,0.825,0.17500000000000004,39.14473684210527,56.9078947368421
log_probability,4.0,1.0,0.95,0.050000000000000044,39.14473684210527,56.9078947368421
log_probability,4.0,4.0,0.825,0.17500000000000004,39.14473684210527,56.9078947368421
log_probability,0.5,0.5,0.8,0.19999999999999996,39.14473684210527,56.57894736842105
log_probability,0.5,2.0,0.5,0.5,39.14473684210527,56.57894736842105
log_probability,0.5,3.0,0.4,0.6,39.14473684210527,56.57894736842105
log_probability,0.75,0.75,0.8,0.19999999999999996,39.14473684210527,56.57894736842105
log_probability,0.75,1.0,0.75,0.25,39.14473684210527,56.57894736842105
log_probability,0.75,2.0,0.6,0.4,39.14473684210527,56.57894736842105
log_probability,0.75,3.0,0.5,0.5,39.14473684210527,56.57894736842105
log_probability,1.0,1.0,0.8,0.19999999999999996,39.14473684210527,56.57894736842105
log_probability,1.0,4.0,0.5,0.5,39.14473684210527,56.57894736842105
log_probability,1.25,1.25,0.8,0.19999999999999996,39.14473684210527,56.57894736842105
log_probability,1.25,3.0,0.625,0.375,39.14473684210527,56.57894736842105
log_probability,1.5,1.5,0.8,0.19999999999999996,39.14473684210527,56.57894736842105
log_probability,1.5,2.0,0.75,0.25,39.14473684210527,56.57894736842105
log_probability,1.5,4.0,0.6,0.4,39.14473684210527,56.57894736842105
log_probability,2.0,2.0,0.8,0.19999999999999996,39.14473684210527,56.57894736842105
log_probability,2.5,2.5,0.8,0.19999999999999996,39.14473684210527,56.57894736842105
log_probability,3.0,3.0,0.8,0.19999999999999996,39.14473684210527,56.57894736842105
log_probability,3.0,4.0,0.75,0.25,39.14473684210527,56.57894736842105
log_probability,4.0,4.0,0.8,0.19999999999999996,39.14473684210527,56.57894736842105
log_probability,0.5,1.5,0.575,0.42500000000000004,39.14473684210527,56.25
log_probability,0.5,2.5,0.45,0.55,39.14473684210527,56.25
log_probability,0.75,2.5,0.55,0.44999999999999996,39.14473684210527,56.25
log_probability,1.0,3.0,0.575,0.42500000000000004,39.14473684210527,56.25
log_probability,1.5,0.5,0.925,0.07499999999999996,39.14473684210527,56.25
log_probability,3.0,1.0,0.925,0.07499999999999996,39.14473684210527,56.25
probability,2.0,4.0,0.4,0.6,38.81578947368421,59.210526315789465
probability,2.5,3.0,0.6,0.4,38.81578947368421,59.210526315789465
probability,2.5,3.0,0.675,0.32499999999999996,38.81578947368421,59.210526315789465
probability,4.0,4.0,0.725,0.275,38.81578947368421,59.210526315789465
probability,2.0,3.0,0.475,0.525,38.81578947368421,58.88157894736842
probability,2.5,2.5,0.725,0.275,38.81578947368421,58.88157894736842
probability,3.0,3.0,0.75,0.25,38.81578947368421,58.88157894736842
probability,4.0,4.0,0.7,0.30000000000000004,38.81578947368421,58.88157894736842
probability,2.0,3.0,0.55,0.44999999999999996,38.81578947368421,58.55263157894737
probability,3.0,2.0,0.825,0.17500000000000004,38.81578947368421,58.55263157894737
probability,3.0,3.0,0.675,0.32499999999999996,38.81578947368421,58.55263157894737
probability,4.0,3.0,0.825,0.17500000000000004,38.81578947368421,58.55263157894737
log_probability,0.5,0.75,0.575,0.42500000000000004,38.81578947368421,58.55263157894737
log_probability,0.5,2.0,0.35,0.65,38.81578947368421,58.55263157894737
log_probability,0.5,2.5,0.3,0.7,38.81578947368421,58.55263157894737
log_probability,0.75,1.25,0.55,0.44999999999999996,38.81578947368421,58.55263157894737
log_probability,0.75,3.0,0.35,0.65,38.81578947368421,58.55263157894737
log_probability,0.75,4.0,0.275,0.725,38.81578947368421,58.55263157894737
log_probability,1.0,1.5,0.575,0.42500000000000004,38.81578947368421,58.55263157894737
log_probability,1.0,4.0,0.35,0.65,38.81578947368421,58.55263157894737
log_probability,1.25,2.0,0.575,0.42500000000000004,38.81578947368421,58.55263157894737
log_probability,1.5,2.5,0.55,0.44999999999999996,38.81578947368421,58.55263157894737
log_probability,2.0,1.25,0.775,0.22499999999999998,38.81578947368421,58.55263157894737
log_probability,2.0,3.0,0.575,0.42500000000000004,38.81578947368421,58.55263157894737
log_probability,2.5,4.0,0.575,0.42500000000000004,38.81578947368421,58.55263157894737
log_probability,4.0,2.5,0.775,0.22499999999999998,38.81578947368421,58.55263157894737
log_probability,0.5,0.5,0.675,0.32499999999999996,38.81578947368421,58.223684210526315
log_probability,0.5,1.25,0.45,0.55,38.81578947368421,58.223684210526315
log_probability,0.75,0.75,0.675,0.32499999999999996,38.81578947368421,58.223684210526315
log_probability,1.0,1.0,0.675,0.32499999999999996,38.81578947368421,58.223684210526315
log_probability,1.0,1.25,0.625,0.375,38.81578947368421,58.223684210526315
log_probability,1.0,2.5,0.45,0.55,38.81578947368421,58.223684210526315
log_probability,1.25,0.75,0.775,0.22499999999999998,38.81578947368421,58.223684210526315
log_probability,1.25,1.0,0.725,0.275,38.81578947368421,58.223684210526315
log_probability,1.25,1.25,0.675,0.32499999999999996,38.81578947368421,58.223684210526315
log_probability,1.25,4.0,0.4,0.6,38.81578947368421,58.223684210526315
log_probability,1.5,1.5,0.675,0.32499999999999996,38.81578947368421,58.223684210526315
log_probability,2.0,0.75,0.85,0.15000000000000002,38.81578947368421,58.223684210526315
log_probability,2.0,2.0,0.675,0.32499999999999996,38.81578947368421,58.223684210526315
log_probability,2.0,2.5,0.625,0.375,38.81578947368421,58.223684210526315
log_probability,2.5,0.75,0.875,0.125,38.81578947368421,58.223684210526315
log_probability,2.5,1.5,0.775,0.22499999999999998,38.81578947368421,58.223684210526315
log_probability,2.5,2.0,0.725,0.275,38.81578947368421,58.223684210526315
log_probability,2.5,2.5,0.675,0.32499999999999996,38.81578947368421,58.223684210526315
log_probability,3.0,3.0,0.675,0.32499999999999996,38.81578947368421,58.223684210526315
log_probability,4.0,1.5,0.85,0.15000000000000002,38.81578947368421,58.223684210526315
log_probability,4.0,4.0,0.675,0.32499999999999996,38.81578947368421,58.223684210526315
probability,3.0,4.0,0.675,0.32499999999999996,38.81578947368421,57.89473684210527
probability,4.0,2.5,0.875,0.125,38.81578947368421,57.89473684210527
log_probability,3.0,0.5,0.925,0.07499999999999996,38.81578947368421,57.89473684210527
probability,3.0,4.0,0.7,0.30000000000000004,38.81578947368421,57.56578947368421
probability,4.0,4.0,0.775,0.22499999999999998,38.81578947368421,57.56578947368421
probability,4.0,4.0,0.8,0.19999999999999996,38.81578947368421,57.56578947368421
log_probability,0.75,2.0,0.65,0.35,38.81578947368421,57.23684210526315
log_probability,1.5,4.0,0.65,0.35,38.81578947368421,57.23684210526315
probability,3.0,1.5,0.925,0.07499999999999996,38.81578947368421,56.9078947368421
probability,4.0,1.5,0.95,0.050000000000000044,38.81578947368421,56.9078947368421
probability,2.5,2.5,0.675,0.32499999999999996,38.48684210526316,59.539473684210535
probability,2.0,4.0,0.45,0.55,38.48684210526316,59.210526315789465
probability,2.0,2.5,0.575,0.42500000000000004,38.48684210526316,58.88157894736842
probability,2.0,4.0,0.375,0.625,38.48684210526316,58.88157894736842
probability,2.5,2.5,0.75,0.25,38.48684210526316,58.88157894736842
probability,2.5,4.0,0.575,0.42500000000000004,38.48684210526316,58.88157894736842
probability,2.5,2.5,0.7,0.30000000000000004,38.48684210526316,58.55263157894737
probability,2.5,4.0,0.6,0.4,38.48684210526316,58.55263157894737
probability,3.0,2.5,0.75,0.25,38.48684210526316,58.55263157894737
probability,3.0,4.0,0.575,0.42500000000000004,38.48684210526316,58.55263157894737
probability,4.0,3.0,0.775,0.22499999999999998,38.48684210526316,58.55263157894737
log_probability,0.5,1.0,0.5,0.5,38.48684210526316,58.55263157894737
log_probability,0.5,1.5,0.4,0.6,38.48684210526316,58.55263157894737
log_probability,0.5,3.0,0.25,0.75,38.48684210526316,58.55263157894737
log_probability,0.5,4.0,0.2,0.8,38.48684210526316,58.55263157894737
log_probability,0.75,0.5,0.75,0.25,38.48684210526316,58.55263157894737
log_probability,0.75,1.0,0.6,0.4,38.48684210526316,58.55263157894737
log_probability,0.75,1.5,0.5,0.5,38.48684210526316,58.55263157894737
log_probability,0.75,2.5,0.375,0.625,38.48684210526316,58.55263157894737
log_probability,1.0,0.5,0.8,0.19999999999999996,38.48684210526316,58.55263157894737
log_probability,1.0,2.0,0.5,0.5,38.48684210526316,58.55263157894737
log_probability,1.0,3.0,0.4,0.6,38.48684210526316,58.55263157894737
log_probability,1.25,1.5,0.625,0.375,38.48684210526316,58.55263157894737
log_probability,1.25,2.5,0.5,0.5,38.48684210526316,58.55263157894737
log_probability,1.5,0.75,0.8,0.19999999999999996,38.48684210526316,58.55263157894737
log_probability,1.5,1.0,0.75,0.25,38.48684210526316,58.55263157894737
log_probability,1.5,2.0,0.6,0.4,38.48684210526316,58.55263157894737
log_probability,1.5,3.0,0.5,0.5,38.48684210526316,58.55263157894737
log_probability,2.0,1.0,0.8,0.19999999999999996,38.48684210526316,58.55263157894737
log_probability,2.0,4.0,0.5,0.5,38.48684210526316,58.55263157894737
log_probability,2.5,1.25,0.8,0.19999999999999996,38.48684210526316,58.55263157894737
log_probability,2.5,3.0,0.625,0.375,38.48684210526316,58.55263157894737
log_probability,3.0,1.5,0.8,0.19999999999999996,38.48684210526316,58.55263157894737
log_probability,3.0,2.0,0.75,0.25,38.48684210526316,58.55263157894737
log_probability,3.0,4.0,0.6,0.4,38.48684210526316,58.55263157894737
log_probability,4.0,2.0,0.8,0.19999999999999996,38.48684210526316,58.55263157894737
probability,2.0,2.0,0.7,0.30000000000000004,38.48684210526316,58.223684210526315
probability,2.5,2.0,0.8,0.19999999999999996,38.48684210526316,58.223684210526315
probability,2.5,4.0,0.625,0.375,38.48684210526316,58.223684210526315
probability,3.0,2.0,0.85,0.15000000000000002,38.48684210526316,58.223684210526315
probability,2.0,4.0,0.35,0.65,38.48684210526316,57.89473684210527
probability,2.5,2.0,0.775,0.22499999999999998,38.48684210526316,57.89473684210527
probability,2.5,2.0,0.825,0.17500000000000004,38.48684210526316,57.89473684210527
probability,3.0,2.0,0.875,0.125,38.48684210526316,57.23684210526315
log_probability,0.5,0.75,0.775,0.22499999999999998,38.48684210526316,57.23684210526315
log_probability,0.5,1.5,0.625,0.375,38.48684210526316,57.23684210526315
log_probability,0.5,2.5,0.5,0.5,38.48684210526316,57.23684210526315
log_probability,0.75,1.25,0.75,0.25,38.48684210526316,57.23684210526315
log_probability,0.75,2.5,0.6,0.4,38.48684210526316,57.23684210526315
log_probability,1.0,1.25,0.8,0.19999999999999996,38.48684210526316,57.23684210526315
log_probability,1.0,1.5,0.775,0.22499999999999998,38.48684210526316,57.23684210526315
log_probability,1.0,3.0,0.625,0.375,38.48684210526316,57.23684210526315
log_probability,1.25,3.0,0.675,0.32499999999999996,38.48684210526316,57.23684210526315
log_probability,1.5,2.5,0.75,0.25,38.48684210526316,57.23684210526315
log_probability,2.0,2.5,0.8,0.19999999999999996,38.48684210526316,57.23684210526315
log_probability,2.0,3.0,0.775,0.22499999999999998,38.48684210526316,57.23684210526315
log_probability,3.0,1.25,0.925,0.07499999999999996,38.48684210526316,57.23684210526315
probability,3.0,1.25,0.95,0.050000000000000044,38.48684210526316,56.57894736842105
probability,4.0,4.0,0.825,0.17500000000000004,38.48684210526316,56.25
probability,4.0,2.5,0.925,0.07499999999999996,38.48684210526316,55.92105263157895
probability,1.5,1.0,0.875,0.125,38.48684210526316,55.5921052631579
probability,2.5,3.0,0.575,0.42500000000000004,38.15789473684211,59.539473684210535
probability,3.0,2.5,0.725,0.275,38.15789473684211,59.539473684210535
probability,2.0,3.0,0.575,0.42500000000000004,38.15789473684211,59.210526315789465
probability,4.0,2.5,0.825,0.17500000000000004,38.15789473684211,59.210526315789465
probability,1.5,3.0,0.375,0.625,38.15789473684211,58.88157894736842
probability,2.0,2.5,0.6,0.4,38.15789473684211,58.88157894736842
probability,2.0,2.5,0.65,0.35,38.15789473684211,58.88157894736842
probability,2.0,3.0,0.5,0.5,38.15789473684211,58.88157894736842
probability,2.0,4.0,0.525,0.475,38.15789473684211,58.88157894736842
probability,2.5,4.0,0.45,0.55,38.15789473684211,58.88157894736842
probability,1.5,2.5,0.45,0.55,38.15789473684211,58.55263157894737
probability,1.5,4.0,0.275,0.725,38.15789473684211,58.55263157894737
probability,2.0,3.0,0.525,0.475,38.15789473684211,58.55263157894737
probability,2.5,3.0,0.625,0.375,38.15789473684211,58.55263157894737
probability,3.0,4.0,0.55,0.44999999999999996,38.15789473684211,58.55263157894737
log_probability,0.5,2.0,0.325,0.675,38.15789473684211,58.55263157894737
log_probability,0.75,2.0,0.425,0.575,38.15789473684211,58.55263157894737
log_probability,0.75,3.0,0.325,0.675,38.15789473684211,58.55263157894737
log_probability,1.0,0.75,0.725,0.275,38.15789473684211,58.55263157894737
log_probability,1.0,4.0,0.325,0.675,38.15789473684211,58.55263157894737
log_probability,1.25,2.0,0.55,0.44999999999999996,38.15789473684211,58.55263157894737
log_probability,1.25,3.0,0.45,0.55,38.15789473684211,58.55263157894737
log_probability,1.25,4.0,0.375,0.625,38.15789473684211,58.55263157894737
log_probability,1.5,1.25,0.7,0.30000000000000004,38.15789473684211,58.55263157894737
log_probability,1.5,4.0,0.425,0.575,38.15789473684211,58.55263157894737
log_probability,2.0,1.5,0.725,0.275,38.15789473684211,58.55263157894737
log_probability,2.5,4.0,0.55,0.44999999999999996,38.15789473684211,58.55263157894737
log_probability,3.0,1.25,0.825,0.17500000000000004,38.15789473684211,58.55263157894737
log_probability,3.0,2.5,0.7,0.30000000000000004,38.15789473684211,58.55263157894737
log_probability,4.0,3.0,0.725,0.275,38.15789473684211,58.55263157894737
probability,1.5,2.5,0.525,0.475,38.15789473684211,58.223684210526315
probability,1.5,4.0,0.25,0.75,38.15789473684211,58.223684210526315
probability,2.0,2.0,0.75,0.25,38.15789473684211,58.223684210526315
probability,2.0,2.5,0.625,0.375,38.15789473684211,58.223684210526315
probability,4.0,4.0,0.675,0.32499999999999996,38.15789473684211,58.223684210526315
probability,2.0,2.0,0.775,0.22499999999999998,38.15789473684211,57.89473684210527
probability,1.5,2.0,0.625,0.375,38.15789473684211,57.56578947368421
probability,3.0,4.0,0.725,0.275,38.15789473684211,57.56578947368421
log_probability,1.0,0.75,0.875,0.125,38.15789473684211,57.56578947368421
log_probability,2.0,1.5,0.875,0.125,38.15789473684211,57.56578947368421
log_probability,4.0,3.0,0.875,0.125,38.15789473684211,57.56578947368421
probability,4.0,3.0,0.85,0.15000000000000002,38.15789473684211,57.23684210526315
log_probability,0.5,1.0,0.725,0.275,38.15789473684211,57.23684210526315
log_probability,0.5,1.25,0.675,0.32499999999999996,38.15789473684211,57.23684210526315
log_probability,0.75,1.5,0.725,0.275,38.15789473684211,57.23684210526315
log_probability,1.0,2.0,0.725,0.275,38.15789473684211,57.23684210526315
log_probability,1.0,2.5,0.675,0.32499999999999996,38.15789473684211,57.23684210526315
log_probability,1.25,2.5,0.725,0.275,38.15789473684211,57.23684210526315
log_probability,1.5,3.0,0.725,0.275,38.15789473684211,57.23684210526315
log_probability,2.0,4.0,0.725,0.275,38.15789473684211,57.23684210526315
probability,1.5,1.25,0.825,0.17500000000000004,38.15789473684211,56.9078947368421
probability,2.5,1.5,0.9,0.09999999999999998,38.15789473684211,56.9078947368421
probability,2.5,2.0,0.85,0.15000000000000002,38.15789473684211,56.9078947368421
probability,2.5,4.0,0.65,0.35,38.15789473684211,56.9078947368421
log_probability,0.5,2.0,0.575,0.42500000000000004,38.15789473684211,56.9078947368421
log_probability,0.75,3.0,0.575,0.42500000000000004,38.15789473684211,56.9078947368421
log_probability,1.0,4.0,0.575,0.42500000000000004,38.15789473684211,56.9078947368421
log_probability,1.25,0.75,0.9,0.09999999999999998,38.15789473684211,56.9078947368421
log_probability,2.5,1.5,0.9,0.09999999999999998,38.15789473684211,56.9078947368421
probability,1.25,1.5,0.65,0.35,38.15789473684211,56.57894736842105
probability,1.5,1.25,0.8,0.19999999999999996,38.15789473684211,56.57894736842105
probability,2.5,3.0,0.775,0.22499999999999998,38.15789473684211,56.57894736842105
probability,3.0,3.0,0.8,0.19999999999999996,38.15789473684211,56.57894736842105
probability,4.0,2.5,0.9,0.09999999999999998,38.15789473684211,56.57894736842105
probability,4.0,3.0,0.875,0.125,38.15789473684211,56.57894736842105
log_probability,0.5,3.0,0.475,0.525,38.15789473684211,56.57894736842105
probability,1.25,1.25,0.725,0.275,38.15789473684211,56.25
probability,2.5,1.25,0.925,0.07499999999999996,38.15789473684211,56.25
probability,3.0,4.0,0.75,0.25,38.15789473684211,56.25
log_probability,0.5,0.5,0.85,0.15000000000000002,38.15789473684211,56.25
log_probability,0.5,1.5,0.65,0.35,38.15789473684211,56.25
log_probability,0.5,2.5,0.525,0.475,38.15789473684211,56.25
log_probability,0.75,0.75,0.85,0.15000000000000002,38.15789473684211,56.25
log_probability,0.75,1.25,0.775,0.22499999999999998,38.15789473684211,56.25
log_probability,0.75,2.0,0.675,0.32499999999999996,38.15789473684211,56.25
log_probability,0.75,2.5,0.625,0.375,38.15789473684211,56.25
log_probability,1.0,1.0,0.85,0.15000000000000002,38.15789473684211,56.25
log_probability,1.0,3.0,0.65,0.35,38.15789473684211,56.25
log_probability,1.25,1.0,0.875,0.125,38.15789473684211,56.25
log_probability,1.25,1.25,0.85,0.15000000000000002,38.15789473684211,56.25
log_probability,1.25,1.5,0.825,0.17500000000000004,38.15789473684211,56.25
log_probability,1.25,2.0,0.775,0.22499999999999998,38.15789473684211,56.25
log_probability,1.25,3.0,0.7,0.30000000000000004,38.15789473684211,56.25
log_probability,1.5,1.5,0.85,0.15000000000000002,38.15789473684211,56.25
log_probability,1.5,2.5,0.775,0.22499999999999998,38.15789473684211,56.25
log_probability,1.5,4.0,0.675,0.32499999999999996,38.15789473684211,56.25
log_probability,2.0,1.25,0.9,0.09999999999999998,38.15789473684211,56.25
log_probability,2.0,2.0,0.85,0.15000000000000002,38.15789473684211,56.25
log_probability,2.5,0.75,0.95,0.050000000000000044,38.15789473684211,56.25
log_probability,2.5,2.0,0.875,0.125,38.15789473684211,56.25
log_probability,2.5,2.5,0.85,0.15000000000000002,38.15789473684211,56.25
log_probability,2.5,3.0,0.825,0.17500000000000004,38.15789473684211,56.25
log_probability,2.5,4.0,0.775,0.22499999999999998,38.15789473684211,56.25
log_probability,3.0,3.0,0.85,0.15000000000000002,38.15789473684211,56.25
log_probability,4.0,2.5,0.9,0.09999999999999998,38.15789473684211,56.25
log_probability,4.0,4.0,0.85,0.15000000000000002,38.15789473684211,56.25
probability,4.0,3.0,0.9,0.09999999999999998,38.15789473684211,55.92105263157895
probability,1.5,4.0,0.35,0.65,37.82894736842105,59.539473684210535
probability,3.0,3.0,0.65,0.35,37.82894736842105,59.539473684210535
probability,2.0,4.0,0.475,0.525,37.82894736842105,59.210526315789465
probability,1.5,3.0,0.35,0.65,37.82894736842105,58.88157894736842
probability,2.0,2.0,0.675,0.32499999999999996,37.82894736842105,58.88157894736842
probability,2.0,4.0,0.5,0.5,37.82894736842105,58.88157894736842
probability,2.5,4.0,0.475,0.525,37.82894736842105,58.88157894736842
probability,1.25,2.5,0.425,0.575,37.82894736842105,58.55263157894737
probability,1.25,4.0,0.2,0.8,37.82894736842105,58.55263157894737
probability,1.5,3.0,0.45,0.55,37.82894736842105,58.55263157894737
probability,2.0,2.5,0.55,0.44999999999999996,37.82894736842105,58.55263157894737
probability,2.0,2.5,0.675,0.32499999999999996,37.82894736842105,58.55263157894737
probability,1.0,2.0,0.375,0.625,37.82894736842105,58.223684210526315
probability,1.25,3.0,0.3,0.7,37.82894736842105,58.223684210526315
probability,1.5,2.5,0.475,0.525,37.82894736842105,58.223684210526315
probability,1.5,4.0,0.3,0.7,37.82894736842105,58.223684210526315
probability,1.0,2.5,0.275,0.725,37.82894736842105,57.89473684210527
probability,1.0,2.5,0.3,0.7,37.82894736842105,57.89473684210527
probability,1.5,2.0,0.65,0.35,37.82894736842105,57.89473684210527
probability,1.5,3.0,0.4,0.6,37.82894736842105,57.89473684210527
probability,2.0,2.0,0.725,0.275,37.82894736842105,57.89473684210527
probability,2.0,3.0,0.625,0.375,37.82894736842105,57.89473684210527
probability,1.5,4.0,0.225,0.775,37.82894736842105,57.56578947368421
probability,2.0,1.5,0.8,0.19999999999999996,37.82894736842105,57.56578947368421
probability,2.0,1.5,0.85,0.15000000000000002,37.82894736842105,57.56578947368421
probability,2.0,2.5,0.7,0.30000000000000004,37.82894736842105,57.56578947368421
probability,2.5,3.0,0.725,0.275,37.82894736842105,57.56578947368421
log_probability,0.5,4.0,0.4,0.6,37.82894736842105,57.23684210526315
log_probability,0.75,1.0,0.8,0.19999999999999996,37.82894736842105,57.23684210526315
log_probability,0.75,4.0,0.5,0.5,37.82894736842105,57.23684210526315
log_probability,1.25,4.0,0.625,0.375,37.82894736842105,57.23684210526315
log_probability,1.5,2.0,0.8,0.19999999999999996,37.82894736842105,57.23684210526315
log_probability,3.0,4.0,0.8,0.19999999999999996,37.82894736842105,57.23684210526315
probability,1.25,2.0,0.525,0.475,37.82894736842105,56.9078947368421
probability,1.5,1.5,0.7,0.30000000000000004,37.82894736842105,56.9078947368421
probability,2.0,1.5,0.825,0.17500000000000004,37.82894736842105,56.9078947368421
probability,2.0,4.0,0.55,0.44999999999999996,37.82894736842105,56.9078947368421
probability,2.5,1.5,0.875,0.125,37.82894736842105,56.9078947368421
probability,4.0,2.0,0.925,0.07499999999999996,37.82894736842105,56.9078947368421
probability,1.5,1.5,0.725,0.275,37.82894736842105,56.57894736842105
probability,1.5,3.0,0.3,0.7,37.82894736842105,56.57894736842105
probability,1.5,4.0,0.2,0.8,37.82894736842105,56.57894736842105
probability,2.0,3.0,0.7,0.30000000000000004,37.82894736842105,56.57894736842105
probability,2.5,4.0,0.675,0.32499999999999996,37.82894736842105,56.57894736842105
probability,3.0,3.0,0.825,0.17500000000000004,37.82894736842105,56.57894736842105
probability,1.0,1.5,0.525,0.475,37.82894736842105,56.25
probability,1.25,1.0,0.825,0.17500000000000004,37.82894736842105,56.25
probability,1.25,1.25,0.75,0.25,37.82894736842105,56.25
probability,2.0,1.25,0.9,0.09999999999999998,37.82894736842105,56.25
probability,2.5,1.0,0.95,0.050000000000000044,37.82894736842105,56.25
log_probability,0.5,1.25,0.7,0.30000000000000004,37.82894736842105,56.25
log_probability,0.5,4.0,0.425,0.575,37.82894736842105,56.25
log_probability,0.75,4.0,0.525,0.475,37.82894736842105,56.25
log_probability,1.0,1.25,0.825,0.17500000000000004,37.82894736842105,56.25
log_probability,1.0,2.5,0.7,0.30000000000000004,37.82894736842105,56.25
log_probability,1.5,1.25,0.875,0.125,37.82894736842105,56.25
log_probability,2.0,2.5,0.825,0.17500000000000004,37.82894736842105,56.25
log_probability,3.0,2.5,0.875,0.125,37.82894736842105,56.25
probability,2.0,1.0,0.925,0.07499999999999996,37.82894736842105,55.92105263157895
probability,2.5,2.5,0.85,0.15000000000000002,37.82894736842105,55.92105263157895
probability,3.0,1.0,0.975,0.025000000000000022,37.82894736842105,55.92105263157895
probability,3.0,2.5,0.875,0.125,37.82894736842105,55.92105263157895
probability,3.0,3.0,0.85,0.15000000000000002,37.82894736842105,55.92105263157895
probability,4.0,1.25,0.975,0.025000000000000022,37.82894736842105,55.5921052631579
probability,0.75,2.0,0.225,0.775,37.82894736842105,55.26315789473685
probability,2.5,0.75,0.975,0.025000000000000022,37.82894736842105,55.26315789473685
probability,0.75,3.0,0.1,0.9,37.82894736842105,54.60526315789473
probability,1.5,2.0,0.525,0.475,37.5,59.210526315789465
probability,2.5,2.0,0.75,0.25,37.5,59.210526315789465
probability,2.5,2.5,0.65,0.35,37.5,59.210526315789465
probability,1.25,2.5,0.35,0.65,37.5,58.88157894736842
probability,1.5,3.0,0.475,0.525,37.5,58.88157894736842
probability,2.0,3.0,0.6,0.4,37.5,58.88157894736842
probability,2.5,3.0,0.7,0.30000000000000004,37.5,58.88157894736842
log_probability,0.5,0.5,0.65,0.35,37.5,58.88157894736842
log_probability,0.5,0.75,0.55,0.44999999999999996,37.5,58.88157894736842
log_probability,0.5,1.25,0.425,0.575,37.5,58.88157894736842
log_probability,0.75,0.75,0.65,0.35,37.5,58.88157894736842
log_probability,0.75,1.25,0.525,0.475,37.5,58.88157894736842
log_probability,1.0,1.0,0.65,0.35,37.5,58.88157894736842
log_probability,1.0,1.5,0.55,0.44999999999999996,37.5,58.88157894736842
log_probability,1.0,2.5,0.425,0.575,37.5,58.88157894736842
log_probability,1.25,1.25,0.65,0.35,37.5,58.88157894736842
log_probability,1.5,1.5,0.65,0.35,37.5,58.88157894736842
log_probability,1.5,2.5,0.525,0.475,37.5,58.88157894736842
log_probability,2.0,2.0,0.65,0.35,37.5,58.88157894736842
log_probability,2.0,3.0,0.55,0.44999999999999996,37.5,58.88157894736842
log_probability,2.5,2.5,0.65,0.35,37.5,58.88157894736842
log_probability,3.0,3.0,0.65,0.35,37.5,58.88157894736842
log_probability,4.0,4.0,0.65,0.35,37.5,58.88157894736842
probability,1.0,2.0,0.35,0.65,37.5,58.55263157894737
probability,1.25,3.0,0.35,0.65,37.5,58.55263157894737
probability,1.5,2.0,0.55,0.44999999999999996,37.5,58.55263157894737
log_probability,0.5,2.5,0.275,0.725,37.5,58.55263157894737
log_probability,0.75,0.5,0.7,0.30000000000000004,37.5,58.55263157894737
log_probability,0.75,2.0,0.375,0.625,37.5,58.55263157894737
log_probability,0.75,2.0,0.4,0.6,37.5,58.55263157894737
log_probability,0.75,2.5,0.325,0.675,37.5,58.55263157894737
log_probability,0.75,4.0,0.225,0.775,37.5,58.55263157894737
log_probability,0.75,4.0,0.25,0.75,37.5,58.55263157894737
log_probability,1.0,0.75,0.675,0.32499999999999996,37.5,58.55263157894737
log_probability,1.0,1.25,0.55,0.44999999999999996,37.5,58.55263157894737
log_probability,1.0,1.25,0.6,0.4,37.5,58.55263157894737
log_probability,1.25,0.5,0.8,0.19999999999999996,37.5,58.55263157894737
log_probability,1.25,0.5,0.825,0.17500000000000004,37.5,58.55263157894737
log_probability,1.25,0.75,0.725,0.275,37.5,58.55263157894737
log_probability,1.25,1.0,0.7,0.30000000000000004,37.5,58.55263157894737
log_probability,1.25,2.0,0.5,0.5,37.5,58.55263157894737
log_probability,1.25,2.0,0.525,0.475,37.5,58.55263157894737
log_probability,1.25,3.0,0.4,0.6,37.5,58.55263157894737
log_probability,1.25,3.0,0.425,0.575,37.5,58.55263157894737
log_probability,1.5,0.5,0.85,0.15000000000000002,37.5,58.55263157894737
log_probability,1.5,1.0,0.7,0.30000000000000004,37.5,58.55263157894737
log_probability,1.5,1.25,0.65,0.35,37.5,58.55263157894737
log_probability,1.5,4.0,0.375,0.625,37.5,58.55263157894737
log_probability,1.5,4.0,0.4,0.6,37.5,58.55263157894737
log_probability,2.0,0.75,0.825,0.17500000000000004,37.5,58.55263157894737
log_probability,2.0,1.25,0.75,0.25,37.5,58.55263157894737
log_probability,2.0,1.5,0.675,0.32499999999999996,37.5,58.55263157894737
log_probability,2.0,2.5,0.55,0.44999999999999996,37.5,58.55263157894737
log_probability,2.0,2.5,0.6,0.4,37.5,58.55263157894737
log_probability,2.5,1.0,0.8,0.19999999999999996,37.5,58.55263157894737
log_probability,2.5,1.0,0.825,0.17500000000000004,37.5,58.55263157894737
log_probability,2.5,1.5,0.725,0.275,37.5,58.55263157894737
log_probability,2.5,2.0,0.7,0.30000000000000004,37.5,58.55263157894737
log_probability,2.5,4.0,0.5,0.5,37.5,58.55263157894737
log_probability,2.5,4.0,0.525,0.475,37.5,58.55263157894737
log_probability,3.0,1.0,0.85,0.15000000000000002,37.5,58.55263157894737
log_probability,3.0,2.0,0.7,0.30000000000000004,37.5,58.55263157894737
log_probability,3.0,2.5,0.65,0.35,37.5,58.55263157894737
log_probability,4.0,0.5,0.925,0.07499999999999996,37.5,58.55263157894737
log_probability,4.0,1.25,0.85,0.15000000000000002,37.5,58.55263157894737
log_probability,4.0,1.5,0.825,0.17500000000000004,37.5,58.55263157894737
log_probability,4.0,2.5,0.75,0.25,37.5,58.55263157894737
log_probability,4.0,3.0,0.675,0.32499999999999996,37.5,58.55263157894737
probability,1.25,2.0,0.475,0.525,37.5,58.223684210526315
probability,1.25,3.0,0.275,0.725,37.5,58.223684210526315
probability,1.5,2.0,0.575,0.42500000000000004,37.5,58.223684210526315
probability,1.5,2.0,0.6,0.4,37.5,58.223684210526315
probability,1.5,2.5,0.4,0.6,37.5,58.223684210526315
probability,1.5,2.5,0.575,0.42500000000000004,37.5,58.223684210526315
probability,1.5,3.0,0.325,0.675,37.5,58.223684210526315
probability,1.5,3.0,0.425,0.575,37.5,58.223684210526315
probability,2.0,3.0,0.45,0.55,37.5,58.223684210526315
probability,3.0,3.0,0.775,0.22499999999999998,37.5,58.223684210526315
probability,4.0,4.0,0.65,0.35,37.5,58.223684210526315
log_probability,0.5,2.0,0.275,0.725,37.5,58.223684210526315
log_probability,0.75,0.5,0.725,0.275,37.5,58.223684210526315
log_probability,0.75,3.0,0.275,0.725,37.5,58.223684210526315
log_probability,1.0,0.75,0.7,0.30000000000000004,37.5,58.223684210526315
log_probability,1.0,4.0,0.275,0.725,37.5,58.223684210526315
log_probability,1.25,4.0,0.325,0.675,37.5,58.223684210526315
log_probability,1.5,0.5,0.825,0.17500000000000004,37.5,58.223684210526315
log_probability,1.5,1.0,0.725,0.275,37.5,58.223684210526315
log_probability,2.0,0.5,0.875,0.125,37.5,58.223684210526315
log_probability,2.0,1.5,0.7,0.30000000000000004,37.5,58.223684210526315
log_probability,3.0,0.75,0.875,0.125,37.5,58.223684210526315
log_probability,3.0,1.0,0.825,0.17500000000000004,37.5,58.223684210526315
log_probability,3.0,2.0,0.725,0.275,37.5,58.223684210526315
log_probability,4.0,1.0,0.875,0.125,37.5,58.223684210526315
log_probability,4.0,3.0,0.7,0.30000000000000004,37.5,58.223684210526315
probability,1.0,3.0,0.2,0.8,37.5,57.89473684210527
probability,1.0,3.0,0.225,0.775,37.5,57.89473684210527
probability,1.25,2.0,0.5,0.5,37.5,57.89473684210527
probability,1.25,2.5,0.4,0.6,37.5,57.89473684210527
probability,1.25,2.5,0.45,0.55,37.5,57.89473684210527
probability,1.25,3.0,0.325,0.675,37.5,57.89473684210527
probability,1.25,4.0,0.225,0.775,37.5,57.89473684210527
probability,1.5,2.5,0.55,0.44999999999999996,37.5,57.89473684210527
probability,2.5,2.5,0.775,0.22499999999999998,37.5,57.89473684210527
log_probability,0.75,1.0,0.525,0.475,37.5,57.89473684210527
log_probability,1.25,1.5,0.55,0.44999999999999996,37.5,57.89473684210527
log_probability,1.5,2.0,0.525,0.475,37.5,57.89473684210527
log_probability,2.5,3.0,0.55,0.44999999999999996,37.5,57.89473684210527
log_probability,3.0,4.0,0.525,0.475,37.5,57.89473684210527
log_probability,4.0,1.25,0.825,0.17500000000000004,37.5,57.89473684210527
probability,1.0,2.5,0.25,0.75,37.5,57.56578947368421
probability,1.5,2.0,0.675,0.32499999999999996,37.5,57.56578947368421
probability,3.0,2.5,0.825,0.17500000000000004,37.5,57.56578947368421
log_probability,0.5,0.5,0.6,0.4,37.5,57.56578947368421
log_probability,0.5,0.75,0.5,0.5,37.5,57.56578947368421
log_probability,0.5,1.0,0.425,0.575,37.5,57.56578947368421
log_probability,0.5,1.25,0.375,0.625,37.5,57.56578947368421
log_probability,0.5,1.5,0.325,0.675,37.5,57.56578947368421
log_probability,0.5,2.5,0.225,0.775,37.5,57.56578947368421
log_probability,0.5,3.0,0.2,0.8,37.5,57.56578947368421
log_probability,0.75,0.75,0.6,0.4,37.5,57.56578947368421
log_probability,0.75,1.25,0.475,0.525,37.5,57.56578947368421
log_probability,0.75,1.5,0.425,0.575,37.5,57.56578947368421
log_probability,0.75,2.0,0.35,0.65,37.5,57.56578947368421
log_probability,0.75,2.5,0.3,0.7,37.5,57.56578947368421
log_probability,1.0,0.5,0.75,0.25,37.5,57.56578947368421
log_probability,1.0,1.0,0.6,0.4,37.5,57.56578947368421
log_probability,1.0,1.5,0.5,0.5,37.5,57.56578947368421
log_probability,1.0,2.0,0.425,0.575,37.5,57.56578947368421
log_probability,1.0,2.5,0.375,0.625,37.5,57.56578947368421
log_probability,1.0,3.0,0.325,0.675,37.5,57.56578947368421
log_probability,1.25,1.0,0.65,0.35,37.5,57.56578947368421
log_probability,1.25,1.25,0.6,0.4,37.5,57.56578947368421
log_probability,1.25,2.0,0.475,0.525,37.5,57.56578947368421
log_probability,1.25,2.5,0.425,0.575,37.5,57.56578947368421
log_probability,1.25,3.0,0.375,0.625,37.5,57.56578947368421
log_probability,1.5,0.75,0.75,0.25,37.5,57.56578947368421
log_probability,1.5,1.5,0.6,0.4,37.5,57.56578947368421
log_probability,1.5,2.5,0.475,0.525,37.5,57.56578947368421
log_probability,1.5,3.0,0.425,0.575,37.5,57.56578947368421
log_probability,1.5,4.0,0.35,0.65,37.5,57.56578947368421
log_probability,2.0,0.75,0.8,0.19999999999999996,37.5,57.56578947368421
log_probability,2.0,1.0,0.75,0.25,37.5,57.56578947368421
log_probability,2.0,1.25,0.7,0.30000000000000004,37.5,57.56578947368421
log_probability,2.0,2.0,0.6,0.4,37.5,57.56578947368421
log_probability,2.0,3.0,0.5,0.5,37.5,57.56578947368421
log_probability,2.0,4.0,0.425,0.575,37.5,57.56578947368421
log_probability,2.5,1.25,0.75,0.25,37.5,57.56578947368421
log_probability,2.5,2.0,0.65,0.35,37.5,57.56578947368421
log_probability,2.5,2.5,0.6,0.4,37.5,57.56578947368421
log_probability,2.5,4.0,0.475,0.525,37.5,57.56578947368421
log_probability,3.0,0.5,0.9,0.09999999999999998,37.5,57.56578947368421
log_probability,3.0,1.25,0.775,0.22499999999999998,37.5,57.56578947368421
log_probability,3.0,1.5,0.75,0.25,37.5,57.56578947368421
log_probability,3.0,3.0,0.6,0.4,37.5,57.56578947368421
log_probability,4.0,1.5,0.8,0.19999999999999996,37.5,57.56578947368421
log_probability,4.0,2.0,0.75,0.25,37.5,57.56578947368421
log_probability,4.0,2.5,0.7,0.30000000000000004,37.5,57.56578947368421
log_probability,4.0,4.0,0.6,0.4,37.5,57.56578947368421
probability,1.0,4.0,0.275,0.725,37.5,56.9078947368421
probability,1.25,1.25,0.775,0.22499999999999998,37.5,56.9078947368421
probability,1.5,2.5,0.625,0.375,37.5,56.9078947368421
probability,2.0,1.25,0.875,0.125,37.5,56.9078947368421
probability,2.5,2.5,0.8,0.19999999999999996,37.5,56.9078947368421
probability,3.0,1.5,0.9,0.09999999999999998,37.5,56.9078947368421
probability,1.0,1.25,0.6,0.4,37.5,56.57894736842105
probability,1.0,1.5,0.55,0.44999999999999996,37.5,56.57894736842105
probability,1.25,1.5,0.625,0.375,37.5,56.57894736842105
probability,1.25,1.5,0.675,0.32499999999999996,37.5,56.57894736842105
probability,2.0,1.5,0.875,0.125,37.5,56.57894736842105
probability,2.0,2.5,0.75,0.25,37.5,56.57894736842105
probability,2.0,3.0,0.675,0.32499999999999996,37.5,56.57894736842105
probability,2.5,2.5,0.825,0.17500000000000004,37.5,56.57894736842105
probability,2.5,3.0,0.75,0.25,37.5,56.57894736842105
probability,3.0,2.5,0.85,0.15000000000000002,37.5,56.57894736842105
probability,0.75,2.5,0.175,0.825,37.5,56.25
probability,1.0,1.0,0.75,0.25,37.5,56.25
probability,1.25,1.0,0.85,0.15000000000000002,37.5,56.25
probability,1.25,3.0,0.225,0.775,37.5,56.25
probability,1.5,1.5,0.8,0.19999999999999996,37.5,56.25
probability,2.0,2.5,0.775,0.22499999999999998,37.5,56.25
log_probability,0.5,0.75,0.8,0.19999999999999996,37.5,56.25
log_probability,0.5,1.0,0.75,0.25,37.5,56.25
log_probability,0.5,2.0,0.6,0.4,37.5,56.25
log_probability,0.5,3.0,0.5,0.5,37.5,56.25
log_probability,0.75,0.5,0.9,0.09999999999999998,37.5,56.25
log_probability,0.75,1.5,0.75,0.25,37.5,56.25
log_probability,0.75,3.0,0.6,0.4,37.5,56.25
log_probability,1.0,1.5,0.8,0.19999999999999996,37.5,56.25
log_probability,1.0,2.0,0.75,0.25,37.5,56.25
log_probability,1.0,4.0,0.6,0.4,37.5,56.25
log_probability,1.25,2.5,0.75,0.25,37.5,56.25
log_probability,1.25,4.0,0.65,0.35,37.5,56.25
log_probability,1.5,1.0,0.9,0.09999999999999998,37.5,56.25
log_probability,1.5,3.0,0.75,0.25,37.5,56.25
log_probability,2.0,3.0,0.8,0.19999999999999996,37.5,56.25
log_probability,2.0,4.0,0.75,0.25,37.5,56.25
log_probability,3.0,2.0,0.9,0.09999999999999998,37.5,56.25
log_probability,4.0,1.25,0.95,0.050000000000000044,37.5,56.25
probability,0.75,3.0,0.125,0.875,37.5,55.92105263157895
probability,1.0,1.25,0.625,0.375,37.5,55.92105263157895
probability,2.0,1.5,0.9,0.09999999999999998,37.5,55.92105263157895
probability,2.0,3.0,0.725,0.275,37.5,55.92105263157895
probability,2.5,3.0,0.8,0.19999999999999996,37.5,55.92105263157895
probability,4.0,4.0,0.85,0.15000000000000002,37.5,55.92105263157895
probability,2.0,1.0,0.95,0.050000000000000044,37.5,55.5921052631579
probability,3.0,2.0,0.925,0.07499999999999996,37.5,55.5921052631579
probability,3.0,2.5,0.9,0.09999999999999998,37.5,55.5921052631579
probability,0.75,4.0,0.075,0.925,37.5,55.26315789473685
probability,2.5,2.0,0.9,0.09999999999999998,37.5,55.26315789473685
probability,4.0,1.5,0.975,0.025000000000000022,37.5,55.26315789473685
probability,0.75,2.5,0.15,0.85,37.5,54.60526315789473
probability,4.0,3.0,0.925,0.07499999999999996,37.5,54.276315789473685
probability,1.25,4.0,0.275,0.725,37.17105263157895,59.210526315789465
probability,1.25,2.0,0.45,0.55,37.17105263157895,58.88157894736842
probability,1.5,2.5,0.425,0.575,37.17105263157895,58.88157894736842
probability,1.5,4.0,0.325,0.675,37.17105263157895,58.88157894736842
probability,1.5,4.0,0.375,0.625,37.17105263157895,58.88157894736842
probability,2.0,2.5,0.525,0.475,37.17105263157895,58.55263157894737
log_probability,0.5,1.0,0.45,0.55,37.17105263157895,58.55263157894737
log_probability,0.5,1.0,0.475,0.525,37.17105263157895,58.55263157894737
log_probability,0.5,1.5,0.35,0.65,37.17105263157895,58.55263157894737
log_probability,0.5,1.5,0.375,0.625,37.17105263157895,58.55263157894737
log_probability,0.75,1.0,0.55,0.44999999999999996,37.17105263157895,58.55263157894737
log_probability,0.75,1.0,0.575,0.42500000000000004,37.17105263157895,58.55263157894737
log_probability,0.75,1.5,0.45,0.55,37.17105263157895,58.55263157894737
log_probability,0.75,1.5,0.475,0.525,37.17105263157895,58.55263157894737
log_probability,0.75,2.5,0.35,0.65,37.17105263157895,58.55263157894737
log_probability,1.0,2.0,0.45,0.55,37.17105263157895,58.55263157894737
log_probability,1.0,2.0,0.475,0.525,37.17105263157895,58.55263157894737
log_probability,1.0,3.0,0.35,0.65,37.17105263157895,58.55263157894737
log_probability,1.0,3.0,0.375,0.625,37.17105263157895,58.55263157894737
log_probability,1.25,0.75,0.75,0.25,37.17105263157895,58.55263157894737
log_probability,1.25,1.5,0.575,0.42500000000000004,37.17105263157895,58.55263157894737
log_probability,1.25,1.5,0.6,0.4,37.17105263157895,58.55263157894737
log_probability,1.25,2.5,0.45,0.55,37.17105263157895,58.55263157894737
log_probability,1.25,2.5,0.475,0.525,37.17105263157895,58.55263157894737
log_probability,1.5,2.0,0.55,0.44999999999999996,37.17105263157895,58.55263157894737
log_probability,1.5,2.0,0.575,0.42500000000000004,37.17105263157895,58.55263157894737
log_probability,1.5,3.0,0.45,0.55,37.17105263157895,58.55263157894737
log_probability,1.5,3.0,0.475,0.525,37.17105263157895,58.55263157894737
log_probability,2.0,4.0,0.45,0.55,37.17105263157895,58.55263157894737
log_probability,2.0,4.0,0.475,0.525,37.17105263157895,58.55263157894737
log_probability,2.5,0.5,0.9,0.09999999999999998,37.17105263157895,58.55263157894737
log_probability,2.5,1.5,0.75,0.25,37.17105263157895,58.55263157894737
log_probability,2.5,3.0,0.575,0.42500000000000004,37.17105263157895,58.55263157894737
log_probability,2.5,3.0,0.6,0.4,37.17105263157895,58.55263157894737
log_probability,3.0,4.0,0.55,0.44999999999999996,37.17105263157895,58.55263157894737
log_probability,3.0,4.0,0.575,0.42500000000000004,37.17105263157895,58.55263157894737
probability,1.25,2.0,0.425,0.575,37.17105263157895,58.223684210526315
probability,1.25,2.5,0.375,0.625,37.17105263157895,58.223684210526315
probability,1.5,2.5,0.5,0.5,37.17105263157895,58.223684210526315
log_probability,0.5,0.5,0.625,0.375,37.17105263157895,58.223684210526315
log_probability,0.5,0.75,0.525,0.475,37.17105263157895,58.223684210526315
log_probability,0.5,1.25,0.4,0.6,37.17105263157895,58.223684210526315
log_probability,0.5,2.0,0.3,0.7,37.17105263157895,58.223684210526315
log_probability,0.5,2.5,0.25,0.75,37.17105263157895,58.223684210526315
log_probability,0.5,3.0,0.225,0.775,37.17105263157895,58.223684210526315
log_probability,0.5,4.0,0.175,0.825,37.17105263157895,58.223684210526315
log_probability,0.75,0.75,0.625,0.375,37.17105263157895,58.223684210526315
log_probability,0.75,1.25,0.5,0.5,37.17105263157895,58.223684210526315
log_probability,0.75,3.0,0.3,0.7,37.17105263157895,58.223684210526315
log_probability,1.0,0.5,0.775,0.22499999999999998,37.17105263157895,58.223684210526315
log_probability,1.0,1.0,0.625,0.375,37.17105263157895,58.223684210526315
log_probability,1.0,1.25,0.575,0.42500000000000004,37.17105263157895,58.223684210526315
log_probability,1.0,1.5,0.525,0.475,37.17105263157895,58.223684210526315
log_probability,1.0,2.5,0.4,0.6,37.17105263157895,58.223684210526315
log_probability,1.0,4.0,0.3,0.7,37.17105263157895,58.223684210526315
log_probability,1.25,1.0,0.675,0.32499999999999996,37.17105263157895,58.223684210526315
log_probability,1.25,1.25,0.625,0.375,37.17105263157895,58.223684210526315
log_probability,1.25,4.0,0.35,0.65,37.17105263157895,58.223684210526315
log_probability,1.5,0.75,0.775,0.22499999999999998,37.17105263157895,58.223684210526315
log_probability,1.5,1.25,0.675,0.32499999999999996,37.17105263157895,58.223684210526315
log_probability,1.5,1.5,0.625,0.375,37.17105263157895,58.223684210526315
log_probability,1.5,2.5,0.5,0.5,37.17105263157895,58.223684210526315
log_probability,2.0,1.0,0.775,0.22499999999999998,37.17105263157895,58.223684210526315
log_probability,2.0,1.25,0.725,0.275,37.17105263157895,58.223684210526315
log_probability,2.0,2.0,0.625,0.375,37.17105263157895,58.223684210526315
log_probability,2.0,2.5,0.575,0.42500000000000004,37.17105263157895,58.223684210526315
log_probability,2.0,3.0,0.525,0.475,37.17105263157895,58.223684210526315
log_probability,2.5,0.75,0.85,0.15000000000000002,37.17105263157895,58.223684210526315
log_probability,2.5,1.25,0.775,0.22499999999999998,37.17105263157895,58.223684210526315
log_probability,2.5,2.0,0.675,0.32499999999999996,37.17105263157895,58.223684210526315
log_probability,2.5,2.5,0.625,0.375,37.17105263157895,58.223684210526315
log_probability,3.0,1.25,0.8,0.19999999999999996,37.17105263157895,58.223684210526315
log_probability,3.0,1.5,0.775,0.22499999999999998,37.17105263157895,58.223684210526315
log_probability,3.0,2.5,0.675,0.32499999999999996,37.17105263157895,58.223684210526315
log_probability,3.0,3.0,0.625,0.375,37.17105263157895,58.223684210526315
log_probability,4.0,0.75,0.9,0.09999999999999998,37.17105263157895,58.223684210526315
log_probability,4.0,2.0,0.775,0.22499999999999998,37.17105263157895,58.223684210526315
log_probability,4.0,2.5,0.725,0.275,37.17105263157895,58.223684210526315
log_probability,4.0,4.0,0.625,0.375,37.17105263157895,58.223684210526315
probability,1.0,4.0,0.25,0.75,37.17105263157895,57.89473684210527
probability,1.25,1.5,0.6,0.4,37.17105263157895,57.89473684210527
probability,1.25,2.5,0.325,0.675,37.17105263157895,57.89473684210527
probability,1.25,4.0,0.175,0.825,37.17105263157895,57.89473684210527
probability,1.5,4.0,0.4,0.6,37.17105263157895,57.89473684210527
probability,1.0,2.0,0.4,0.6,37.17105263157895,57.56578947368421
probability,1.0,3.0,0.35,0.65,37.17105263157895,57.56578947368421
probability,1.25,2.0,0.55,0.44999999999999996,37.17105263157895,57.56578947368421
probability,1.25,2.0,0.575,0.42500000000000004,37.17105263157895,57.56578947368421
probability,1.25,3.0,0.25,0.75,37.17105263157895,57.56578947368421
probability,2.0,3.0,0.425,0.575,37.17105263157895,57.56578947368421
probability,1.0,1.5,0.5,0.5,37.17105263157895,57.23684210526315
probability,1.0,2.0,0.425,0.575,37.17105263157895,57.23684210526315
probability,1.0,4.0,0.125,0.875,37.17105263157895,57.23684210526315
probability,1.5,1.5,0.75,0.25,37.17105263157895,57.23684210526315
probability,1.5,2.0,0.7,0.30000000000000004,37.17105263157895,57.23684210526315
probability,1.5,3.0,0.55,0.44999999999999996,37.17105263157895,57.23684210526315
probability,2.0,2.5,0.725,0.275,37.17105263157895,57.23684210526315
probability,2.0,3.0,0.65,0.35,37.17105263157895,57.23684210526315
log_probability,0.5,4.0,0.15,0.85,37.17105263157895,57.23684210526315
log_probability,2.0,0.5,0.85,0.15000000000000002,37.17105263157895,57.23684210526315
log_probability,2.5,0.75,0.825,0.17500000000000004,37.17105263157895,57.23684210526315
log_probability,3.0,0.75,0.85,0.15000000000000002,37.17105263157895,57.23684210526315
log_probability,4.0,1.0,0.85,0.15000000000000002,37.17105263157895,57.23684210526315
probability,1.0,2.0,0.325,0.675,37.17105263157895,56.9078947368421
probability,1.0,2.5,0.225,0.775,37.17105263157895,56.9078947368421
probability,1.0,3.0,0.175,0.825,37.17105263157895,56.9078947368421
probability,1.25,1.5,0.7,0.30000000000000004,37.17105263157895,56.9078947368421
probability,1.25,1.5,0.725,0.275,37.17105263157895,56.9078947368421
probability,1.25,2.5,0.3,0.7,37.17105263157895,56.9078947368421
probability,1.25,4.0,0.35,0.65,37.17105263157895,56.9078947368421
probability,1.25,4.0,0.375,0.625,37.17105263157895,56.9078947368421
probability,1.5,1.5,0.775,0.22499999999999998,37.17105263157895,56.9078947368421
probability,1.5,3.0,0.575,0.42500000000000004,37.17105263157895,56.9078947368421
probability,1.5,4.0,0.425,0.575,37.17105263157895,56.9078947368421
probability,2.0,2.0,0.8,0.19999999999999996,37.17105263157895,56.9078947368421
probability,2.0,4.0,0.575,0.42500000000000004,37.17105263157895,56.9078947368421
log_probability,1.0,0.75,0.65,0.35,37.17105263157895,56.9078947368421
log_probability,1.25,0.75,0.7,0.30000000000000004,37.17105263157895,56.9078947368421
log_probability,1.5,1.25,0.625,0.375,37.17105263157895,56.9078947368421
log_probability,2.0,1.5,0.65,0.35,37.17105263157895,56.9078947368421
log_probability,2.5,0.5,0.875,0.125,37.17105263157895,56.9078947368421
log_probability,2.5,1.5,0.7,0.30000000000000004,37.17105263157895,56.9078947368421
log_probability,3.0,2.5,0.625,0.375,37.17105263157895,56.9078947368421
log_probability,4.0,3.0,0.65,0.35,37.17105263157895,56.9078947368421
probability,1.25,3.0,0.5,0.5,37.17105263157895,56.57894736842105
probability,3.0,2.0,0.9,0.09999999999999998,37.17105263157895,56.57894736842105
log_probability,0.5,3.0,0.575,0.42500000000000004,37.17105263157895,56.57894736842105
log_probability,0.75,0.5,0.675,0.32499999999999996,37.17105263157895,56.57894736842105
log_probability,0.75,0.5,0.925,0.07499999999999996,37.17105263157895,56.57894736842105
log_probability,1.0,1.25,0.525,0.475,37.17105263157895,56.57894736842105
log_probability,1.25,3.0,0.775,0.22499999999999998,37.17105263157895,56.57894736842105
log_probability,1.5,1.0,0.675,0.32499999999999996,37.17105263157895,56.57894736842105
log_probability,1.5,1.0,0.925,0.07499999999999996,37.17105263157895,56.57894736842105
log_probability,2.0,2.5,0.525,0.475,37.17105263157895,56.57894736842105
log_probability,3.0,2.0,0.675,0.32499999999999996,37.17105263157895,56.57894736842105
log_probability,3.0,2.0,0.925,0.07499999999999996,37.17105263157895,56.57894736842105
probability,0.75,2.0,0.25,0.75,37.17105263157895,56.25
probability,1.0,1.25,0.65,0.35,37.17105263157895,56.25
probability,1.0,1.25,0.675,0.32499999999999996,37.17105263157895,56.25
probability,1.0,1.5,0.575,0.42500000000000004,37.17105263157895,56.25
probability,1.5,1.0,0.9,0.09999999999999998,37.17105263157895,56.25
probability,1.5,3.0,0.6,0.4,37.17105263157895,56.25
probability,1.5,4.0,0.475,0.525,37.17105263157895,56.25
probability,2.0,2.0,0.825,0.17500000000000004,37.17105263157895,56.25
probability,2.0,4.0,0.6,0.4,37.17105263157895,56.25
probability,4.0,1.0,0.975,0.025000000000000022,37.17105263157895,56.25
log_probability,0.5,1.25,0.725,0.275,37.17105263157895,56.25
log_probability,0.5,1.5,0.675,0.32499999999999996,37.17105263157895,56.25
log_probability,0.5,2.0,0.625,0.375,37.17105263157895,56.25
log_probability,0.5,2.5,0.55,0.44999999999999996,37.17105263157895,56.25
log_probability,0.5,2.5,0.575,0.42500000000000004,37.17105263157895,56.25
log_probability,0.5,3.0,0.525,0.475,37.17105263157895,56.25
log_probability,0.5,4.0,0.45,0.55,37.17105263157895,56.25
log_probability,0.75,1.0,0.825,0.17500000000000004,37.17105263157895,56.25
log_probability,0.75,1.25,0.8,0.19999999999999996,37.17105263157895,56.25
log_probability,0.75,2.0,0.7,0.30000000000000004,37.17105263157895,56.25
log_probability,0.75,2.5,0.65,0.35,37.17105263157895,56.25
log_probability,0.75,3.0,0.625,0.375,37.17105263157895,56.25
log_probability,0.75,4.0,0.55,0.44999999999999996,37.17105263157895,56.25
log_probability,1.0,0.5,0.925,0.07499999999999996,37.17105263157895,56.25
log_probability,1.0,0.75,0.9,0.09999999999999998,37.17105263157895,56.25
log_probability,1.0,2.5,0.725,0.275,37.17105263157895,56.25
log_probability,1.0,3.0,0.675,0.32499999999999996,37.17105263157895,56.25
log_probability,1.0,4.0,0.625,0.375,37.17105263157895,56.25
log_probability,1.25,0.5,0.775,0.22499999999999998,37.17105263157895,56.25
log_probability,1.25,1.5,0.85,0.15000000000000002,37.17105263157895,56.25
log_probability,1.25,2.0,0.8,0.19999999999999996,37.17105263157895,56.25
log_probability,1.25,3.0,0.725,0.275,37.17105263157895,56.25
log_probability,1.25,4.0,0.3,0.7,37.17105263157895,56.25
log_probability,1.25,4.0,0.675,0.32499999999999996,37.17105263157895,56.25
log_probability,1.5,0.5,0.95,0.050000000000000044,37.17105263157895,56.25
log_probability,1.5,0.75,0.925,0.07499999999999996,37.17105263157895,56.25
log_probability,1.5,2.0,0.825,0.17500000000000004,37.17105263157895,56.25
log_probability,1.5,2.5,0.8,0.19999999999999996,37.17105263157895,56.25
log_probability,1.5,4.0,0.7,0.30000000000000004,37.17105263157895,56.25
log_probability,2.0,1.0,0.925,0.07499999999999996,37.17105263157895,56.25
log_probability,2.0,1.5,0.9,0.09999999999999998,37.17105263157895,56.25
log_probability,2.5,1.0,0.775,0.22499999999999998,37.17105263157895,56.25
log_probability,2.5,1.25,0.925,0.07499999999999996,37.17105263157895,56.25
log_probability,2.5,3.0,0.85,0.15000000000000002,37.17105263157895,56.25
log_probability,2.5,4.0,0.8,0.19999999999999996,37.17105263157895,56.25
log_probability,3.0,0.5,0.975,0.025000000000000022,37.17105263157895,56.25
log_probability,3.0,1.0,0.95,0.050000000000000044,37.17105263157895,56.25
log_probability,3.0,1.5,0.925,0.07499999999999996,37.17105263157895,56.25
log_probability,3.0,4.0,0.825,0.17500000000000004,37.17105263157895,56.25
log_probability,4.0,2.0,0.925,0.07499999999999996,37.17105263157895,56.25
log_probability,4.0,3.0,0.9,0.09999999999999998,37.17105263157895,56.25
probability,0.75,1.5,0.35,0.65,37.17105263157895,55.92105263157895
probability,0.75,1.5,0.375,0.625,37.17105263157895,55.92105263157895
probability,1.25,4.0,0.4,0.6,37.17105263157895,55.92105263157895
probability,1.5,1.25,0.85,0.15000000000000002,37.17105263157895,55.92105263157895
probability,1.5,3.0,0.625,0.375,37.17105263157895,55.92105263157895
probability,1.5,4.0,0.5,0.5,37.17105263157895,55.92105263157895
probability,2.0,4.0,0.625,0.375,37.17105263157895,55.92105263157895
probability,2.0,4.0,0.65,0.35,37.17105263157895,55.92105263157895
probability,2.5,1.5,0.925,0.07499999999999996,37.17105263157895,55.92105263157895
probability,2.5,4.0,0.7,0.30000000000000004,37.17105263157895,55.92105263157895
probability,2.5,4.0,0.725,0.275,37.17105263157895,55.92105263157895
probability,3.0,4.0,0.775,0.22499999999999998,37.17105263157895,55.92105263157895
probability,1.0,4.0,0.1,0.9,37.17105263157895,55.5921052631579
probability,2.0,1.25,0.925,0.07499999999999996,37.17105263157895,55.5921052631579
probability,2.0,2.5,0.8,0.19999999999999996,37.17105263157895,55.5921052631579
probability,2.5,1.25,0.95,0.050000000000000044,37.17105263157895,55.5921052631579
probability,2.5,3.0,0.825,0.17500000000000004,37.17105263157895,55.5921052631579
probability,3.0,4.0,0.8,0.19999999999999996,37.17105263157895,55.5921052631579
probability,3.0,4.0,0.825,0.17500000000000004,37.17105263157895,55.5921052631579
probability,4.0,2.0,0.95,0.050000000000000044,37.17105263157895,55.5921052631579
probability,4.0,4.0,0.875,0.125,37.17105263157895,55.5921052631579
probability,0.75,1.25,0.475,0.525,37.17105263157895,55.26315789473685
probability,1.5,0.75,0.925,0.07499999999999996,37.17105263157895,55.26315789473685
probability,2.0,0.75,0.95,0.050000000000000044,37.17105263157895,55.26315789473685
probability,2.5,2.5,0.875,0.125,37.17105263157895,55.26315789473685
probability,3.0,3.0,0.875,0.125,37.17105263157895,55.26315789473685
probability,0.5,1.5,0.25,0.75,37.17105263157895,53.94736842105263
probability,0.5,2.5,0.1,0.9,37.17105263157895,53.94736842105263
probability,0.5,2.0,0.125,0.875,37.17105263157895,52.63157894736842
probability,0.5,2.5,0.075,0.925,37.17105263157895,52.63157894736842
probability,3.0,4.0,0.5,0.5,36.84210526315789,58.88157894736842
probability,4.0,2.0,0.875,0.125,36.84210526315789,58.88157894736842
probability,4.0,4.0,0.625,0.375,36.84210526315789,58.88157894736842
probability,1.25,3.0,0.375,0.625,36.84210526315789,58.55263157894737
probability,1.25,4.0,0.3,0.7,36.84210526315789,58.55263157894737
probability,2.0,2.0,0.65,0.35,36.84210526315789,58.55263157894737
probability,1.25,4.0,0.25,0.75,36.84210526315789,58.223684210526315
probability,0.75,4.0,0.15,0.85,36.84210526315789,57.89473684210527
probability,1.0,3.0,0.3,0.7,36.84210526315789,57.89473684210527
probability,1.25,2.5,0.475,0.525,36.84210526315789,57.89473684210527
probability,1.25,3.0,0.425,0.575,36.84210526315789,57.89473684210527
probability,2.5,3.0,0.55,0.44999999999999996,36.84210526315789,57.89473684210527
probability,0.75,3.0,0.225,0.775,36.84210526315789,57.56578947368421
probability,1.0,2.5,0.425,0.575,36.84210526315789,57.56578947368421
probability,1.0,3.0,0.325,0.675,36.84210526315789,57.56578947368421
probability,1.0,4.0,0.15,0.85,36.84210526315789,57.56578947368421
probability,1.0,4.0,0.225,0.775,36.84210526315789,57.56578947368421
probability,1.5,3.0,0.525,0.475,36.84210526315789,57.56578947368421
probability,2.0,4.0,0.325,0.675,36.84210526315789,57.56578947368421
probability,1.0,3.0,0.375,0.625,36.84210526315789,57.23684210526315
probability,1.25,3.0,0.45,0.55,36.84210526315789,57.23684210526315
probability,1.5,2.5,0.6,0.4,36.84210526315789,57.23684210526315
probability,1.0,1.0,0.775,0.22499999999999998,36.84210526315789,56.9078947368421
probability,1.0,2.5,0.45,0.55,36.84210526315789,56.9078947368421
probability,1.25,2.0,0.65,0.35,36.84210526315789,56.9078947368421
probability,1.25,2.5,0.575,0.42500000000000004,36.84210526315789,56.9078947368421
probability,1.5,4.0,0.45,0.55,36.84210526315789,56.9078947368421
probability,2.0,4.0,0.3,0.7,36.84210526315789,56.9078947368421
probability,1.0,1.25,0.725,0.275,36.84210526315789,56.57894736842105
probability,1.25,1.5,0.75,0.25,36.84210526315789,56.57894736842105
probability,1.25,3.0,0.475,0.525,36.84210526315789,56.57894736842105
probability,1.5,1.5,0.825,0.17500000000000004,36.84210526315789,56.57894736842105
probability,1.5,2.0,0.75,0.25,36.84210526315789,56.57894736842105
probability,2.5,2.0,0.875,0.125,36.84210526315789,56.57894736842105
log_probability,0.5,0.5,0.875,0.125,36.84210526315789,56.57894736842105
log_probability,0.5,0.75,0.825,0.17500000000000004,36.84210526315789,56.57894736842105
log_probability,0.5,1.0,0.775,0.22499999999999998,36.84210526315789,56.57894736842105
log_probability,0.5,1.0,0.8,0.19999999999999996,36.84210526315789,56.57894736842105
log_probability,0.5,1.25,0.75,0.25,36.84210526315789,56.57894736842105
log_probability,0.5,1.5,0.7,0.30000000000000004,36.84210526315789,56.57894736842105
log_probability,0.5,1.5,0.725,0.275,36.84210526315789,56.57894736842105
log_probability,0.5,2.0,0.65,0.35,36.84210526315789,56.57894736842105
log_probability,0.5,2.5,0.6,0.4,36.84210526315789,56.57894736842105
log_probability,0.5,3.0,0.55,0.44999999999999996,36.84210526315789,56.57894736842105
log_probability,0.5,4.0,0.5,0.5,36.84210526315789,56.57894736842105
log_probability,0.75,0.75,0.875,0.125,36.84210526315789,56.57894736842105
log_probability,0.75,1.0,0.85,0.15000000000000002,36.84210526315789,56.57894736842105
log_probability,0.75,1.25,0.825,0.17500000000000004,36.84210526315789,56.57894736842105
log_probability,0.75,1.5,0.775,0.22499999999999998,36.84210526315789,56.57894736842105
log_probability,0.75,1.5,0.8,0.19999999999999996,36.84210526315789,56.57894736842105
log_probability,0.75,2.0,0.725,0.275,36.84210526315789,56.57894736842105
log_probability,0.75,2.0,0.75,0.25,36.84210526315789,56.57894736842105
log_probability,0.75,2.5,0.675,0.32499999999999996,36.84210526315789,56.57894736842105
log_probability,0.75,2.5,0.7,0.30000000000000004,36.84210526315789,56.57894736842105
log_probability,0.75,3.0,0.65,0.35,36.84210526315789,56.57894736842105
log_probability,0.75,4.0,0.6,0.4,36.84210526315789,56.57894736842105
log_probability,1.0,1.0,0.875,0.125,36.84210526315789,56.57894736842105
log_probability,1.0,1.25,0.85,0.15000000000000002,36.84210526315789,56.57894736842105
log_probability,1.0,1.5,0.825,0.17500000000000004,36.84210526315789,56.57894736842105
log_probability,1.0,2.0,0.775,0.22499999999999998,36.84210526315789,56.57894736842105
log_probability,1.0,2.0,0.8,0.19999999999999996,36.84210526315789,56.57894736842105
log_probability,1.0,2.5,0.75,0.25,36.84210526315789,56.57894736842105
log_probability,1.0,3.0,0.7,0.30000000000000004,36.84210526315789,56.57894736842105
log_probability,1.0,3.0,0.725,0.275,36.84210526315789,56.57894736842105
log_probability,1.0,4.0,0.65,0.35,36.84210526315789,56.57894736842105
log_probability,1.25,0.5,0.95,0.050000000000000044,36.84210526315789,56.57894736842105
log_probability,1.25,0.75,0.925,0.07499999999999996,36.84210526315789,56.57894736842105
log_probability,1.25,1.25,0.875,0.125,36.84210526315789,56.57894736842105
log_probability,1.25,2.0,0.825,0.17500000000000004,36.84210526315789,56.57894736842105
log_probability,1.25,2.5,0.775,0.22499999999999998,36.84210526315789,56.57894736842105
log_probability,1.25,2.5,0.8,0.19999999999999996,36.84210526315789,56.57894736842105
log_probability,1.25,4.0,0.7,0.30000000000000004,36.84210526315789,56.57894736842105
log_probability,1.5,1.25,0.9,0.09999999999999998,36.84210526315789,56.57894736842105
log_probability,1.5,1.5,0.875,0.125,36.84210526315789,56.57894736842105
log_probability,1.5,2.0,0.85,0.15000000000000002,36.84210526315789,56.57894736842105
log_probability,1.5,2.5,0.825,0.17500000000000004,36.84210526315789,56.57894736842105
log_probability,1.5,3.0,0.775,0.22499999999999998,36.84210526315789,56.57894736842105
log_probability,1.5,3.0,0.8,0.19999999999999996,36.84210526315789,56.57894736842105
log_probability,1.5,4.0,0.725,0.275,36.84210526315789,56.57894736842105
log_probability,1.5,4.0,0.75,0.25,36.84210526315789,56.57894736842105
log_probability,2.0,0.75,0.95,0.050000000000000044,36.84210526315789,56.57894736842105
log_probability,2.0,1.25,0.925,0.07499999999999996,36.84210526315789,56.57894736842105
log_probability,2.0,2.0,0.875,0.125,36.84210526315789,56.57894736842105
log_probability,2.0,2.5,0.85,0.15000000000000002,36.84210526315789,56.57894736842105
log_probability,2.0,3.0,0.825,0.17500000000000004,36.84210526315789,56.57894736842105
log_probability,2.0,4.0,0.775,0.22499999999999998,36.84210526315789,56.57894736842105
log_probability,2.0,4.0,0.8,0.19999999999999996,36.84210526315789,56.57894736842105
log_probability,2.5,0.5,0.975,0.025000000000000022,36.84210526315789,56.57894736842105
log_probability,2.5,1.0,0.95,0.050000000000000044,36.84210526315789,56.57894736842105
log_probability,2.5,1.5,0.925,0.07499999999999996,36.84210526315789,56.57894736842105
log_probability,2.5,2.5,0.875,0.125,36.84210526315789,56.57894736842105
log_probability,2.5,4.0,0.825,0.17500000000000004,36.84210526315789,56.57894736842105
log_probability,3.0,1.25,0.95,0.050000000000000044,36.84210526315789,56.57894736842105
log_probability,3.0,2.5,0.9,0.09999999999999998,36.84210526315789,56.57894736842105
log_probability,3.0,3.0,0.875,0.125,36.84210526315789,56.57894736842105
log_probability,3.0,4.0,0.85,0.15000000000000002,36.84210526315789,56.57894736842105
log_probability,4.0,0.75,0.975,0.025000000000000022,36.84210526315789,56.57894736842105
log_probability,4.0,1.5,0.95,0.050000000000000044,36.84210526315789,56.57894736842105
log_probability,4.0,2.5,0.925,0.07499999999999996,36.84210526315789,56.57894736842105
log_probability,4.0,4.0,0.875,0.125,36.84210526315789,56.57894736842105
probability,0.75,1.0,0.65,0.35,36.84210526315789,56.25
probability,0.75,1.5,0.4,0.6,36.84210526315789,56.25
probability,1.0,1.0,0.725,0.275,36.84210526315789,56.25
probability,1.5,2.5,0.675,0.32499999999999996,36.84210526315789,56.25
log_probability,0.5,0.75,0.85,0.15000000000000002,36.84210526315789,56.25
log_probability,0.5,2.0,0.675,0.32499999999999996,36.84210526315789,56.25
log_probability,0.5,2.5,0.625,0.375,36.84210526315789,56.25
log_probability,0.5,2.5,0.65,0.35,36.84210526315789,56.25
log_probability,0.75,3.0,0.675,0.32499999999999996,36.84210526315789,56.25
log_probability,1.0,1.5,0.85,0.15000000000000002,36.84210526315789,56.25
log_probability,1.0,4.0,0.675,0.32499999999999996,36.84210526315789,56.25
log_probability,1.25,1.5,0.875,0.125,36.84210526315789,56.25
log_probability,1.25,4.0,0.725,0.275,36.84210526315789,56.25
log_probability,2.0,3.0,0.85,0.15000000000000002,36.84210526315789,56.25
log_probability,2.5,3.0,0.875,0.125,36.84210526315789,56.25
probability,0.75,1.0,0.625,0.375,36.84210526315789,55.92105263157895
probability,1.25,1.25,0.8,0.19999999999999996,36.84210526315789,55.92105263157895
probability,1.25,1.25,0.825,0.17500000000000004,36.84210526315789,55.92105263157895
probability,1.25,3.0,0.525,0.475,36.84210526315789,55.92105263157895
probability,1.25,4.0,0.15,0.85,36.84210526315789,55.92105263157895
probability,3.0,1.5,0.95,0.050000000000000044,36.84210526315789,55.92105263157895
log_probability,0.5,0.5,0.575,0.42500000000000004,36.84210526315789,55.92105263157895
log_probability,0.5,0.5,0.9,0.09999999999999998,36.84210526315789,55.92105263157895
log_probability,0.5,0.75,0.475,0.525,36.84210526315789,55.92105263157895
log_probability,0.5,1.25,0.35,0.65,36.84210526315789,55.92105263157895
log_probability,0.5,1.25,0.775,0.22499999999999998,36.84210526315789,55.92105263157895
log_probability,0.5,1.5,0.75,0.25,36.84210526315789,55.92105263157895
log_probability,0.5,3.0,0.6,0.4,36.84210526315789,55.92105263157895
log_probability,0.5,4.0,0.525,0.475,36.84210526315789,55.92105263157895
log_probability,0.75,0.75,0.575,0.42500000000000004,36.84210526315789,55.92105263157895
log_probability,0.75,0.75,0.9,0.09999999999999998,36.84210526315789,55.92105263157895
log_probability,0.75,1.25,0.45,0.55,36.84210526315789,55.92105263157895
log_probability,0.75,2.0,0.775,0.22499999999999998,36.84210526315789,55.92105263157895
log_probability,0.75,2.5,0.725,0.275,36.84210526315789,55.92105263157895
log_probability,0.75,4.0,0.625,0.375,36.84210526315789,55.92105263157895
log_probability,1.0,0.75,0.925,0.07499999999999996,36.84210526315789,55.92105263157895
log_probability,1.0,1.0,0.575,0.42500000000000004,36.84210526315789,55.92105263157895
log_probability,1.0,1.0,0.9,0.09999999999999998,36.84210526315789,55.92105263157895
log_probability,1.0,1.25,0.875,0.125,36.84210526315789,55.92105263157895
log_probability,1.0,1.5,0.475,0.525,36.84210526315789,55.92105263157895
log_probability,1.0,2.5,0.35,0.65,36.84210526315789,55.92105263157895
log_probability,1.0,2.5,0.775,0.22499999999999998,36.84210526315789,55.92105263157895
log_probability,1.0,3.0,0.75,0.25,36.84210526315789,55.92105263157895
log_probability,1.25,1.25,0.575,0.42500000000000004,36.84210526315789,55.92105263157895
log_probability,1.25,1.25,0.9,0.09999999999999998,36.84210526315789,55.92105263157895
log_probability,1.25,2.0,0.85,0.15000000000000002,36.84210526315789,55.92105263157895
log_probability,1.5,1.5,0.575,0.42500000000000004,36.84210526315789,55.92105263157895
log_probability,1.5,1.5,0.9,0.09999999999999998,36.84210526315789,55.92105263157895
log_probability,1.5,2.5,0.45,0.55,36.84210526315789,55.92105263157895
log_probability,1.5,4.0,0.775,0.22499999999999998,36.84210526315789,55.92105263157895
log_probability,2.0,1.5,0.925,0.07499999999999996,36.84210526315789,55.92105263157895
log_probability,2.0,2.0,0.575,0.42500000000000004,36.84210526315789,55.92105263157895
log_probability,2.0,2.0,0.9,0.09999999999999998,36.84210526315789,55.92105263157895
log_probability,2.0,2.5,0.875,0.125,36.84210526315789,55.92105263157895
log_probability,2.0,3.0,0.475,0.525,36.84210526315789,55.92105263157895
log_probability,2.5,2.5,0.575,0.42500000000000004,36.84210526315789,55.92105263157895
log_probability,2.5,2.5,0.9,0.09999999999999998,36.84210526315789,55.92105263157895
log_probability,2.5,4.0,0.85,0.15000000000000002,36.84210526315789,55.92105263157895
log_probability,3.0,3.0,0.575,0.42500000000000004,36.84210526315789,55.92105263157895
log_probability,3.0,3.0,0.9,0.09999999999999998,36.84210526315789,55.92105263157895
log_probability,4.0,3.0,0.925,0.07499999999999996,36.84210526315789,55.92105263157895
log_probability,4.0,4.0,0.575,0.42500000000000004,36.84210526315789,55.92105263157895
log_probability,4.0,4.0,0.9,0.09999999999999998,36.84210526315789,55.92105263157895
probability,0.75,1.25,0.5,0.5,36.84210526315789,55.5921052631579
probability,0.75,1.25,0.525,0.475,36.84210526315789,55.5921052631579
probability,1.25,0.75,0.9,0.09999999999999998,36.84210526315789,55.5921052631579
probability,1.5,1.0,0.925,0.07499999999999996,36.84210526315789,55.5921052631579
probability,1.5,1.25,0.875,0.125,36.84210526315789,55.5921052631579
probability,2.0,2.0,0.875,0.125,36.84210526315789,55.5921052631579
probability,2.0,3.0,0.75,0.25,36.84210526315789,55.5921052631579
probability,2.5,4.0,0.75,0.25,36.84210526315789,55.5921052631579
probability,0.75,1.0,0.6,0.4,36.84210526315789,55.26315789473685
probability,1.5,3.0,0.65,0.35,36.84210526315789,55.26315789473685
probability,2.0,2.0,0.85,0.15000000000000002,36.84210526315789,55.26315789473685
probability,2.0,4.0,0.675,0.32499999999999996,36.84210526315789,54.93421052631579
probability,2.5,1.0,0.975,0.025000000000000022,36.84210526315789,54.93421052631579
probability,0.75,2.5,0.125,0.875,36.84210526315789,54.60526315789473
probability,1.0,3.0,0.15,0.85,36.84210526315789,54.60526315789473
probability,2.5,2.0,0.925,0.07499999999999996,36.84210526315789,54.60526315789473
probability,3.0,2.0,0.95,0.050000000000000044,36.84210526315789,54.60526315789473
probability,4.0,2.0,0.975,0.025000000000000022,36.84210526315789,54.60526315789473
probability,4.0,2.5,0.95,0.050000000000000044,36.84210526315789,54.60526315789473
probability,2.5,1.25,0.975,0.025000000000000022,36.84210526315789,54.276315789473685
probability,3.0,1.5,0.975,0.025000000000000022,36.84210526315789,54.276315789473685
probability,0.5,2.0,0.15,0.85,36.84210526315789,53.61842105263158
probability,3.0,2.0,0.8,0.19999999999999996,36.51315789473684,59.539473684210535
probability,4.0,3.0,0.75,0.25,36.51315789473684,59.210526315789465
probability,3.0,4.0,0.525,0.475,36.51315789473684,58.88157894736842
probability,1.0,4.0,0.2,0.8,36.51315789473684,58.223684210526315
probability,1.5,3.0,0.5,0.5,36.51315789473684,58.223684210526315
probability,1.5,2.0,0.5,0.5,36.51315789473684,57.89473684210527
probability,2.5,4.0,0.425,0.575,36.51315789473684,57.89473684210527
probability,0.75,4.0,0.125,0.875,36.51315789473684,57.56578947368421
probability,1.0,1.5,0.475,0.525,36.51315789473684,57.56578947368421
probability,1.0,2.5,0.325,0.675,36.51315789473684,57.56578947368421
probability,1.0,3.0,0.25,0.75,36.51315789473684,57.56578947368421
probability,1.0,4.0,0.175,0.825,36.51315789473684,57.56578947368421
probability,1.25,2.5,0.5,0.5,36.51315789473684,57.56578947368421
probability,1.25,2.5,0.525,0.475,36.51315789473684,57.56578947368421
probability,1.25,4.0,0.325,0.675,36.51315789473684,57.56578947368421
probability,0.75,2.0,0.275,0.725,36.51315789473684,57.23684210526315
probability,0.75,2.0,0.325,0.675,36.51315789473684,57.23684210526315
probability,0.75,2.5,0.275,0.725,36.51315789473684,57.23684210526315
probability,0.75,3.0,0.2,0.8,36.51315789473684,57.23684210526315
probability,1.0,2.0,0.475,0.525,36.51315789473684,57.23684210526315
probability,1.0,2.0,0.5,0.5,36.51315789473684,57.23684210526315
probability,1.5,2.5,0.375,0.625,36.51315789473684,57.23684210526315
probability,2.5,4.0,0.4,0.6,36.51315789473684,57.23684210526315
probability,1.0,1.25,0.7,0.30000000000000004,36.51315789473684,56.9078947368421
probability,1.0,1.5,0.625,0.375,36.51315789473684,56.9078947368421
probability,1.0,1.5,0.65,0.35,36.51315789473684,56.9078947368421
probability,1.0,2.5,0.475,0.525,36.51315789473684,56.9078947368421
probability,1.25,2.0,0.625,0.375,36.51315789473684,56.9078947368421
probability,1.25,2.0,0.675,0.32499999999999996,36.51315789473684,56.9078947368421
probability,0.75,2.0,0.3,0.7,36.51315789473684,56.57894736842105
probability,1.0,1.5,0.6,0.4,36.51315789473684,56.57894736842105
probability,1.25,1.25,0.7,0.30000000000000004,36.51315789473684,56.57894736842105
probability,1.25,1.5,0.775,0.22499999999999998,36.51315789473684,56.57894736842105
probability,1.5,1.25,0.775,0.22499999999999998,36.51315789473684,56.57894736842105
log_probability,0.5,4.0,0.475,0.525,36.51315789473684,56.57894736842105
log_probability,0.75,4.0,0.575,0.42500000000000004,36.51315789473684,56.57894736842105
log_probability,1.25,1.0,0.9,0.09999999999999998,36.51315789473684,56.57894736842105
log_probability,1.25,3.0,0.75,0.25,36.51315789473684,56.57894736842105
log_probability,2.5,2.0,0.9,0.09999999999999998,36.51315789473684,56.57894736842105
probability,0.75,1.25,0.575,0.42500000000000004,36.51315789473684,56.25
probability,0.75,1.5,0.425,0.575,36.51315789473684,56.25
probability,0.75,1.5,0.5,0.5,36.51315789473684,56.25
probability,1.0,1.5,0.675,0.32499999999999996,36.51315789473684,56.25
probability,1.0,2.0,0.3,0.7,36.51315789473684,56.25
probability,1.25,1.0,0.8,0.19999999999999996,36.51315789473684,56.25
log_probability,0.5,1.0,0.825,0.17500000000000004,36.51315789473684,56.25
log_probability,0.5,1.5,0.775,0.22499999999999998,36.51315789473684,56.25
log_probability,0.5,2.0,0.7,0.30000000000000004,36.51315789473684,56.25
log_probability,0.5,4.0,0.55,0.44999999999999996,36.51315789473684,56.25
log_probability,0.75,1.0,0.875,0.125,36.51315789473684,56.25
log_probability,0.75,1.25,0.85,0.15000000000000002,36.51315789473684,56.25
log_probability,0.75,1.5,0.825,0.17500000000000004,36.51315789473684,56.25
log_probability,0.75,3.0,0.7,0.30000000000000004,36.51315789473684,56.25
log_probability,1.0,0.5,0.95,0.050000000000000044,36.51315789473684,56.25
log_probability,1.0,2.0,0.825,0.17500000000000004,36.51315789473684,56.25
log_probability,1.0,3.0,0.775,0.22499999999999998,36.51315789473684,56.25
log_probability,1.0,4.0,0.7,0.30000000000000004,36.51315789473684,56.25
log_probability,1.25,2.5,0.825,0.17500000000000004,36.51315789473684,56.25
log_probability,1.25,3.0,0.8,0.19999999999999996,36.51315789473684,56.25
log_probability,1.25,4.0,0.75,0.25,36.51315789473684,56.25
log_probability,1.5,0.75,0.95,0.050000000000000044,36.51315789473684,56.25
log_probability,1.5,1.25,0.925,0.07499999999999996,36.51315789473684,56.25
log_probability,1.5,2.0,0.875,0.125,36.51315789473684,56.25
log_probability,1.5,2.5,0.85,0.15000000000000002,36.51315789473684,56.25
log_probability,1.5,3.0,0.825,0.17500000000000004,36.51315789473684,56.25
log_probability,2.0,0.5,0.975,0.025000000000000022,36.51315789473684,56.25
log_probability,2.0,1.0,0.95,0.050000000000000044,36.51315789473684,56.25
log_probability,2.0,4.0,0.825,0.17500000000000004,36.51315789473684,56.25
log_probability,2.5,1.25,0.95,0.050000000000000044,36.51315789473684,56.25
log_probability,3.0,0.75,0.975,0.025000000000000022,36.51315789473684,56.25
log_probability,3.0,1.5,0.95,0.050000000000000044,36.51315789473684,56.25
log_probability,3.0,2.5,0.925,0.07499999999999996,36.51315789473684,56.25
log_probability,3.0,4.0,0.875,0.125,36.51315789473684,56.25
log_probability,4.0,1.0,0.975,0.025000000000000022,36.51315789473684,56.25
log_probability,4.0,2.0,0.95,0.050000000000000044,36.51315789473684,56.25
probability,0.75,1.5,0.45,0.55,36.51315789473684,55.92105263157895
probability,0.75,1.5,0.475,0.525,36.51315789473684,55.92105263157895
probability,1.0,1.0,0.8,0.19999999999999996,36.51315789473684,55.92105263157895
probability,1.25,1.0,0.875,0.125,36.51315789473684,55.92105263157895
probability,1.25,2.5,0.275,0.725,36.51315789473684,55.92105263157895
probability,1.25,2.5,0.6,0.4,36.51315789473684,55.92105263157895
probability,1.25,2.5,0.625,0.375,36.51315789473684,55.92105263157895
probability,1.25,3.0,0.55,0.44999999999999996,36.51315789473684,55.92105263157895
probability,1.25,4.0,0.425,0.575,36.51315789473684,55.92105263157895
probability,1.5,2.5,0.7,0.30000000000000004,36.51315789473684,55.92105263157895
log_probability,0.5,1.25,0.8,0.19999999999999996,36.51315789473684,55.92105263157895
log_probability,0.5,3.0,0.625,0.375,36.51315789473684,55.92105263157895
log_probability,0.75,2.5,0.75,0.25,36.51315789473684,55.92105263157895
log_probability,0.75,4.0,0.65,0.35,36.51315789473684,55.92105263157895
log_probability,1.0,2.5,0.8,0.19999999999999996,36.51315789473684,55.92105263157895
log_probability,1.25,1.0,0.925,0.07499999999999996,36.51315789473684,55.92105263157895
log_probability,2.5,2.0,0.925,0.07499999999999996,36.51315789473684,55.92105263157895
probability,0.5,3.0,0.1,0.9,36.51315789473684,55.5921052631579
probability,1.25,1.5,0.8,0.19999999999999996,36.51315789473684,55.5921052631579
probability,1.5,1.5,0.85,0.15000000000000002,36.51315789473684,55.5921052631579
probability,1.5,2.0,0.8,0.19999999999999996,36.51315789473684,55.5921052631579
probability,2.5,4.0,0.775,0.22499999999999998,36.51315789473684,55.5921052631579
probability,1.0,0.75,0.85,0.15000000000000002,36.51315789473684,55.26315789473685
probability,1.25,1.5,0.825,0.17500000000000004,36.51315789473684,55.26315789473685
probability,1.25,2.0,0.725,0.275,36.51315789473684,55.26315789473685
probability,1.5,1.5,0.875,0.125,36.51315789473684,55.26315789473685
probability,1.5,2.0,0.775,0.22499999999999998,36.51315789473684,55.26315789473685
probability,2.0,1.5,0.925,0.07499999999999996,36.51315789473684,55.26315789473685
probability,2.0,3.0,0.775,0.22499999999999998,36.51315789473684,55.26315789473685
probability,2.0,4.0,0.725,0.275,36.51315789473684,55.26315789473685
probability,2.5,1.5,0.95,0.050000000000000044,36.51315789473684,55.26315789473685
probability,3.0,1.25,0.975,0.025000000000000022,36.51315789473684,55.26315789473685
probability,3.0,3.0,0.9,0.09999999999999998,36.51315789473684,55.26315789473685
probability,0.5,1.25,0.35,0.65,36.51315789473684,54.93421052631579
probability,0.5,1.5,0.275,0.725,36.51315789473684,54.93421052631579
probability,1.0,2.5,0.2,0.8,36.51315789473684,54.93421052631579
probability,1.5,2.5,0.725,0.275,36.51315789473684,54.93421052631579
probability,1.5,4.0,0.525,0.475,36.51315789473684,54.93421052631579
probability,1.5,4.0,0.55,0.44999999999999996,36.51315789473684,54.93421052631579
probability,2.0,1.25,0.95,0.050000000000000044,36.51315789473684,54.93421052631579
probability,2.0,2.5,0.825,0.17500000000000004,36.51315789473684,54.93421052631579
probability,2.5,3.0,0.85,0.15000000000000002,36.51315789473684,54.93421052631579
probability,0.5,1.0,0.45,0.55,36.51315789473684,54.60526315789473
probability,0.5,1.25,0.325,0.675,36.51315789473684,54.60526315789473
probability,0.75,2.0,0.2,0.8,36.51315789473684,54.60526315789473
probability,2.0,0.75,0.975,0.025000000000000022,36.51315789473684,54.60526315789473
probability,2.0,2.0,0.9,0.09999999999999998,36.51315789473684,54.60526315789473
probability,2.0,2.5,0.85,0.15000000000000002,36.51315789473684,54.60526315789473
probability,2.5,2.5,0.9,0.09999999999999998,36.51315789473684,54.60526315789473
probability,3.0,2.5,0.925,0.07499999999999996,36.51315789473684,54.60526315789473
probability,0.5,2.0,0.175,0.825,36.51315789473684,54.276315789473685
probability,1.0,0.5,0.9,0.09999999999999998,36.51315789473684,53.94736842105263
probability,0.5,3.0,0.05,0.95,36.51315789473684,53.61842105263158
probability,0.5,3.0,0.075,0.925,36.51315789473684,53.61842105263158
probability,0.75,4.0,0.05,0.95,36.51315789473684,53.61842105263158
probability,4.0,2.5,0.8,0.19999999999999996,36.18421052631579,59.539473684210535
probability,3.0,3.0,0.625,0.375,36.18421052631579,58.88157894736842
probability,2.5,2.5,0.625,0.375,36.18421052631579,58.55263157894737
probability,4.0,4.0,0.6,0.4,36.18421052631579,58.55263157894737
probability,0.75,3.0,0.175,0.825,36.18421052631579,57.89473684210527
probability,1.25,3.0,0.4,0.6,36.18421052631579,57.89473684210527
probability,0.75,2.5,0.2,0.8,36.18421052631579,57.56578947368421
probability,0.75,2.5,0.25,0.75,36.18421052631579,57.56578947368421
probability,0.75,2.5,0.3,0.7,36.18421052631579,57.56578947368421
probability,0.75,4.0,0.175,0.825,36.18421052631579,57.56578947368421
probability,1.0,2.0,0.525,0.475,36.18421052631579,57.56578947368421
probability,1.0,2.5,0.35,0.65,36.18421052631579,57.56578947368421
probability,1.0,2.5,0.375,0.625,36.18421052631579,57.56578947368421
probability,1.0,2.5,0.4,0.6,36.18421052631579,57.56578947368421
probability,1.25,2.0,0.6,0.4,36.18421052631579,57.56578947368421
probability,0.75,2.0,0.35,0.65,36.18421052631579,57.23684210526315
probability,0.75,2.5,0.325,0.675,36.18421052631579,57.23684210526315
probability,0.75,1.0,0.7,0.30000000000000004,36.18421052631579,56.9078947368421
probability,0.75,1.5,0.55,0.44999999999999996,36.18421052631579,56.9078947368421
probability,0.75,2.0,0.425,0.575,36.18421052631579,56.9078947368421
probability,1.0,2.0,0.45,0.55,36.18421052631579,56.9078947368421
probability,1.0,3.0,0.4,0.6,36.18421052631579,56.9078947368421
probability,1.25,2.0,0.4,0.6,36.18421052631579,56.9078947368421
probability,1.25,2.5,0.55,0.44999999999999996,36.18421052631579,56.9078947368421
probability,1.5,2.0,0.725,0.275,36.18421052631579,56.9078947368421
probability,1.5,2.5,0.65,0.35,36.18421052631579,56.9078947368421
probability,0.75,1.25,0.6,0.4,36.18421052631579,56.57894736842105
probability,0.75,1.25,0.625,0.375,36.18421052631579,56.57894736842105
probability,0.75,1.5,0.525,0.475,36.18421052631579,56.57894736842105
probability,0.75,2.0,0.45,0.55,36.18421052631579,56.57894736842105
probability,0.75,2.0,0.475,0.525,36.18421052631579,56.57894736842105
probability,1.0,1.0,0.7,0.30000000000000004,36.18421052631579,56.57894736842105
probability,1.0,1.25,0.575,0.42500000000000004,36.18421052631579,56.57894736842105
probability,1.0,2.0,0.55,0.44999999999999996,36.18421052631579,56.57894736842105
probability,1.0,2.0,0.575,0.42500000000000004,36.18421052631579,56.57894736842105
probability,1.0,4.0,0.3,0.7,36.18421052631579,56.57894736842105
probability,0.75,1.0,0.675,0.32499999999999996,36.18421052631579,56.25
probability,0.75,1.25,0.55,0.44999999999999996,36.18421052631579,56.25
probability,1.0,1.25,0.75,0.25,36.18421052631579,56.25
probability,1.0,1.5,0.7,0.30000000000000004,36.18421052631579,56.25
probability,1.0,2.5,0.5,0.5,36.18421052631579,56.25
probability,1.5,1.0,0.85,0.15000000000000002,36.18421052631579,56.25
log_probability,0.5,2.5,0.675,0.32499999999999996,36.18421052631579,56.25
probability,1.0,1.0,0.825,0.17500000000000004,36.18421052631579,55.92105263157895
probability,1.0,1.25,0.775,0.22499999999999998,36.18421052631579,55.92105263157895
probability,1.0,2.5,0.525,0.475,36.18421052631579,55.92105263157895
log_probability,0.5,0.75,0.875,0.125,36.18421052631579,55.92105263157895
log_probability,0.5,1.0,0.4,0.6,36.18421052631579,55.92105263157895
log_probability,0.5,2.0,0.25,0.75,36.18421052631579,55.92105263157895
log_probability,0.5,2.0,0.725,0.275,36.18421052631579,55.92105263157895
log_probability,0.75,1.0,0.5,0.5,36.18421052631579,55.92105263157895
log_probability,0.75,1.5,0.4,0.6,36.18421052631579,55.92105263157895
log_probability,0.75,3.0,0.25,0.75,36.18421052631579,55.92105263157895
log_probability,0.75,3.0,0.725,0.275,36.18421052631579,55.92105263157895
log_probability,0.75,4.0,0.2,0.8,36.18421052631579,55.92105263157895
log_probability,1.0,1.5,0.875,0.125,36.18421052631579,55.92105263157895
log_probability,1.0,2.0,0.4,0.6,36.18421052631579,55.92105263157895
log_probability,1.0,4.0,0.25,0.75,36.18421052631579,55.92105263157895
log_probability,1.0,4.0,0.725,0.275,36.18421052631579,55.92105263157895
log_probability,1.25,1.0,0.625,0.375,36.18421052631579,55.92105263157895
log_probability,1.25,1.5,0.525,0.475,36.18421052631579,55.92105263157895
log_probability,1.25,2.5,0.4,0.6,36.18421052631579,55.92105263157895
log_probability,1.5,0.5,0.8,0.19999999999999996,36.18421052631579,55.92105263157895
log_probability,1.5,2.0,0.5,0.5,36.18421052631579,55.92105263157895
log_probability,1.5,3.0,0.4,0.6,36.18421052631579,55.92105263157895
log_probability,2.0,3.0,0.875,0.125,36.18421052631579,55.92105263157895
log_probability,2.0,4.0,0.4,0.6,36.18421052631579,55.92105263157895
log_probability,2.5,2.0,0.625,0.375,36.18421052631579,55.92105263157895
log_probability,2.5,3.0,0.525,0.475,36.18421052631579,55.92105263157895
log_probability,3.0,1.0,0.8,0.19999999999999996,36.18421052631579,55.92105263157895
log_probability,3.0,4.0,0.5,0.5,36.18421052631579,55.92105263157895
probability,0.5,1.25,0.4,0.6,36.18421052631579,55.5921052631579
probability,0.5,1.5,0.3,0.7,36.18421052631579,55.5921052631579
probability,0.5,1.5,0.325,0.675,36.18421052631579,55.5921052631579
probability,0.5,2.0,0.2,0.8,36.18421052631579,55.5921052631579
probability,0.5,2.5,0.15,0.85,36.18421052631579,55.5921052631579
probability,1.0,2.0,0.625,0.375,36.18421052631579,55.5921052631579
probability,1.25,1.0,0.9,0.09999999999999998,36.18421052631579,55.5921052631579
probability,1.25,1.25,0.85,0.15000000000000002,36.18421052631579,55.5921052631579
probability,1.5,3.0,0.275,0.725,36.18421052631579,55.5921052631579
probability,1.5,4.0,0.575,0.42500000000000004,36.18421052631579,55.5921052631579
probability,3.0,4.0,0.85,0.15000000000000002,36.18421052631579,55.5921052631579
probability,4.0,4.0,0.9,0.09999999999999998,36.18421052631579,55.5921052631579
probability,0.5,1.25,0.425,0.575,36.18421052631579,55.26315789473685
probability,0.5,2.5,0.125,0.875,36.18421052631579,55.26315789473685
probability,0.75,1.5,0.325,0.675,36.18421052631579,55.26315789473685
probability,1.0,1.5,0.775,0.22499999999999998,36.18421052631579,55.26315789473685
probability,1.0,2.0,0.6,0.4,36.18421052631579,55.26315789473685
probability,1.25,1.25,0.875,0.125,36.18421052631579,55.26315789473685
probability,1.25,2.0,0.7,0.30000000000000004,36.18421052631579,55.26315789473685
probability,1.5,1.25,0.9,0.09999999999999998,36.18421052631579,55.26315789473685
probability,2.0,4.0,0.7,0.30000000000000004,36.18421052631579,55.26315789473685
probability,2.5,3.0,0.875,0.125,36.18421052631579,55.26315789473685
probability,2.5,4.0,0.8,0.19999999999999996,36.18421052631579,55.26315789473685
log_probability,0.5,1.5,0.8,0.19999999999999996,36.18421052631579,55.26315789473685
log_probability,0.5,2.0,0.75,0.25,36.18421052631579,55.26315789473685
log_probability,0.5,4.0,0.6,0.4,36.18421052631579,55.26315789473685
log_probability,0.75,1.0,0.9,0.09999999999999998,36.18421052631579,55.26315789473685
log_probability,0.75,3.0,0.75,0.25,36.18421052631579,55.26315789473685
log_probability,1.0,3.0,0.8,0.19999999999999996,36.18421052631579,55.26315789473685
log_probability,1.0,4.0,0.75,0.25,36.18421052631579,55.26315789473685
log_probability,1.5,2.0,0.9,0.09999999999999998,36.18421052631579,55.26315789473685
log_probability,3.0,4.0,0.9,0.09999999999999998,36.18421052631579,55.26315789473685
log_probability,4.0,1.25,0.975,0.025000000000000022,36.18421052631579,55.26315789473685
probability,0.5,1.0,0.5,0.5,36.18421052631579,54.93421052631579
probability,0.5,1.25,0.375,0.625,36.18421052631579,54.93421052631579
probability,0.75,0.75,0.725,0.275,36.18421052631579,54.93421052631579
probability,0.75,1.25,0.425,0.575,36.18421052631579,54.93421052631579
probability,0.75,1.25,0.45,0.55,36.18421052631579,54.93421052631579
probability,1.0,0.75,0.825,0.17500000000000004,36.18421052631579,54.93421052631579
probability,1.0,2.0,0.65,0.35,36.18421052631579,54.93421052631579
probability,1.25,2.5,0.65,0.35,36.18421052631579,54.93421052631579
probability,1.5,0.75,0.95,0.050000000000000044,36.18421052631579,54.93421052631579
probability,1.5,2.5,0.75,0.25,36.18421052631579,54.93421052631579
probability,0.5,1.0,0.475,0.525,36.18421052631579,54.60526315789473
probability,0.75,0.75,0.75,0.25,36.18421052631579,54.60526315789473
probability,1.25,2.0,0.75,0.25,36.18421052631579,54.60526315789473
probability,1.25,2.0,0.775,0.22499999999999998,36.18421052631579,54.60526315789473
probability,1.25,4.0,0.125,0.875,36.18421052631579,54.60526315789473
probability,1.5,1.5,0.9,0.09999999999999998,36.18421052631579,54.60526315789473
probability,1.5,2.0,0.825,0.17500000000000004,36.18421052631579,54.60526315789473
probability,2.0,3.0,0.8,0.19999999999999996,36.18421052631579,54.60526315789473
probability,1.25,3.0,0.2,0.8,36.18421052631579,54.276315789473685
probability,1.5,1.25,0.925,0.07499999999999996,36.18421052631579,54.276315789473685
probability,1.5,0.5,0.95,0.050000000000000044,36.18421052631579,53.94736842105263
probability,2.0,0.5,0.975,0.025000000000000022,36.18421052631579,53.94736842105263
probability,2.0,1.5,0.95,0.050000000000000044,36.18421052631579,53.94736842105263
probability,2.0,1.0,0.975,0.025000000000000022,36.18421052631579,53.61842105263158
probability,0.5,4.0,0.025,0.975,36.18421052631579,51.973684210526315
probability,3.0,2.5,0.7,0.30000000000000004,35.85526315789473,59.210526315789465
probability,2.0,2.0,0.625,0.375,35.85526315789473,58.88157894736842
probability,4.0,3.0,0.725,0.275,35.85526315789473,58.88157894736842
probability,1.25,1.5,0.575,0.42500000000000004,35.85526315789473,58.223684210526315
probability,1.5,1.5,0.65,0.35,35.85526315789473,58.223684210526315
probability,1.0,3.0,0.275,0.725,35.85526315789473,57.89473684210527
probability,1.5,1.5,0.675,0.32499999999999996,35.85526315789473,57.89473684210527
probability,0.75,3.0,0.15,0.85,35.85526315789473,57.56578947368421
probability,0.75,3.0,0.275,0.725,35.85526315789473,57.56578947368421
probability,1.5,2.0,0.475,0.525,35.85526315789473,57.56578947368421
probability,0.75,2.0,0.375,0.625,35.85526315789473,57.23684210526315
probability,0.75,2.0,0.4,0.6,35.85526315789473,57.23684210526315
probability,0.75,2.5,0.35,0.65,35.85526315789473,57.23684210526315
probability,0.75,3.0,0.25,0.75,35.85526315789473,57.23684210526315
probability,1.25,2.0,0.375,0.625,35.85526315789473,57.23684210526315
probability,2.0,2.5,0.5,0.5,35.85526315789473,57.23684210526315
probability,3.0,4.0,0.475,0.525,35.85526315789473,57.23684210526315
probability,0.75,1.25,0.65,0.35,35.85526315789473,56.9078947368421
probability,2.5,1.25,0.9,0.09999999999999998,35.85526315789473,56.9078947368421
probability,3.0,1.25,0.925,0.07499999999999996,35.85526315789473,56.9078947368421
probability,0.5,2.5,0.175,0.825,35.85526315789473,56.57894736842105
probability,2.5,4.0,0.375,0.625,35.85526315789473,56.57894736842105
probability,0.5,1.25,0.475,0.525,35.85526315789473,56.25
probability,0.5,1.5,0.375,0.625,35.85526315789473,56.25
probability,0.5,2.0,0.25,0.75,35.85526315789473,56.25
probability,1.0,3.0,0.425,0.575,35.85526315789473,56.25
probability,1.5,2.5,0.35,0.65,35.85526315789473,56.25
probability,0.5,1.0,0.525,0.475,35.85526315789473,55.92105263157895
probability,0.75,2.0,0.5,0.5,35.85526315789473,55.92105263157895
log_probability,0.5,0.5,0.55,0.44999999999999996,35.85526315789473,55.92105263157895
log_probability,0.5,0.75,0.45,0.55,35.85526315789473,55.92105263157895
log_probability,0.5,1.5,0.3,0.7,35.85526315789473,55.92105263157895
log_probability,0.5,2.5,0.2,0.8,35.85526315789473,55.92105263157895
log_probability,0.5,3.0,0.175,0.825,35.85526315789473,55.92105263157895
log_probability,0.75,0.5,0.65,0.35,35.85526315789473,55.92105263157895
log_probability,0.75,0.75,0.55,0.44999999999999996,35.85526315789473,55.92105263157895
log_probability,0.75,1.25,0.425,0.575,35.85526315789473,55.92105263157895
log_probability,0.75,2.0,0.325,0.675,35.85526315789473,55.92105263157895
log_probability,0.75,2.5,0.275,0.725,35.85526315789473,55.92105263157895
log_probability,1.0,0.5,0.725,0.275,35.85526315789473,55.92105263157895
log_probability,1.0,0.75,0.625,0.375,35.85526315789473,55.92105263157895
log_probability,1.0,1.0,0.55,0.44999999999999996,35.85526315789473,55.92105263157895
log_probability,1.0,1.25,0.5,0.5,35.85526315789473,55.92105263157895
log_probability,1.0,1.5,0.45,0.55,35.85526315789473,55.92105263157895
log_probability,1.0,3.0,0.3,0.7,35.85526315789473,55.92105263157895
log_probability,1.25,0.75,0.675,0.32499999999999996,35.85526315789473,55.92105263157895
log_probability,1.25,1.25,0.55,0.44999999999999996,35.85526315789473,55.92105263157895
log_probability,1.25,2.0,0.45,0.55,35.85526315789473,55.92105263157895
log_probability,1.25,3.0,0.35,0.65,35.85526315789473,55.92105263157895
log_probability,1.5,0.75,0.725,0.275,35.85526315789473,55.92105263157895
log_probability,1.5,1.0,0.65,0.35,35.85526315789473,55.92105263157895
log_probability,1.5,1.25,0.6,0.4,35.85526315789473,55.92105263157895
log_probability,1.5,1.5,0.55,0.44999999999999996,35.85526315789473,55.92105263157895
log_probability,1.5,2.5,0.425,0.575,35.85526315789473,55.92105263157895
log_probability,1.5,4.0,0.325,0.675,35.85526315789473,55.92105263157895
log_probability,2.0,0.75,0.775,0.22499999999999998,35.85526315789473,55.92105263157895
log_probability,2.0,1.0,0.725,0.275,35.85526315789473,55.92105263157895
log_probability,2.0,1.25,0.675,0.32499999999999996,35.85526315789473,55.92105263157895
log_probability,2.0,1.5,0.625,0.375,35.85526315789473,55.92105263157895
log_probability,2.0,2.0,0.55,0.44999999999999996,35.85526315789473,55.92105263157895
log_probability,2.0,2.5,0.5,0.5,35.85526315789473,55.92105263157895
log_probability,2.0,3.0,0.45,0.55,35.85526315789473,55.92105263157895
log_probability,2.5,1.25,0.725,0.275,35.85526315789473,55.92105263157895
log_probability,2.5,1.5,0.675,0.32499999999999996,35.85526315789473,55.92105263157895
log_probability,2.5,2.5,0.55,0.44999999999999996,35.85526315789473,55.92105263157895
log_probability,2.5,4.0,0.45,0.55,35.85526315789473,55.92105263157895
log_probability,3.0,1.25,0.75,0.25,35.85526315789473,55.92105263157895
log_probability,3.0,1.5,0.725,0.275,35.85526315789473,55.92105263157895
log_probability,3.0,2.0,0.65,0.35,35.85526315789473,55.92105263157895
log_probability,3.0,2.5,0.6,0.4,35.85526315789473,55.92105263157895
log_probability,3.0,3.0,0.55,0.44999999999999996,35.85526315789473,55.92105263157895
log_probability,4.0,1.25,0.8,0.19999999999999996,35.85526315789473,55.92105263157895
log_probability,4.0,1.5,0.775,0.22499999999999998,35.85526315789473,55.92105263157895
log_probability,4.0,2.0,0.725,0.275,35.85526315789473,55.92105263157895
log_probability,4.0,2.5,0.675,0.32499999999999996,35.85526315789473,55.92105263157895
log_probability,4.0,3.0,0.625,0.375,35.85526315789473,55.92105263157895
log_probability,4.0,4.0,0.55,0.44999999999999996,35.85526315789473,55.92105263157895
probability,0.5,1.5,0.35,0.65,35.85526315789473,55.5921052631579
probability,0.5,4.0,0.075,0.925,35.85526315789473,55.5921052631579
probability,0.75,1.5,0.625,0.375,35.85526315789473,55.5921052631579
probability,0.75,1.5,0.65,0.35,35.85526315789473,55.5921052631579
probability,0.75,1.5,0.675,0.32499999999999996,35.85526315789473,55.5921052631579
probability,1.0,1.5,0.725,0.275,35.85526315789473,55.5921052631579
probability,1.0,1.5,0.75,0.25,35.85526315789473,55.5921052631579
log_probability,0.5,4.0,0.575,0.42500000000000004,35.85526315789473,55.5921052631579
log_probability,0.75,2.0,0.8,0.19999999999999996,35.85526315789473,55.5921052631579
log_probability,1.25,1.5,0.9,0.09999999999999998,35.85526315789473,55.5921052631579
log_probability,1.5,4.0,0.8,0.19999999999999996,35.85526315789473,55.5921052631579
log_probability,2.5,3.0,0.9,0.09999999999999998,35.85526315789473,55.5921052631579
probability,0.75,1.0,0.575,0.42500000000000004,35.85526315789473,55.26315789473685
probability,0.75,1.25,0.75,0.25,35.85526315789473,55.26315789473685
probability,1.0,0.75,0.8,0.19999999999999996,35.85526315789473,55.26315789473685
probability,1.25,0.75,0.875,0.125,35.85526315789473,55.26315789473685
probability,1.25,0.75,0.925,0.07499999999999996,35.85526315789473,55.26315789473685
probability,1.25,3.0,0.575,0.42500000000000004,35.85526315789473,55.26315789473685
probability,1.5,3.0,0.675,0.32499999999999996,35.85526315789473,55.26315789473685
probability,1.5,4.0,0.175,0.825,35.85526315789473,55.26315789473685
probability,3.0,0.75,0.975,0.025000000000000022,35.85526315789473,55.26315789473685
probability,3.0,4.0,0.875,0.125,35.85526315789473,55.26315789473685
probability,4.0,3.0,0.95,0.050000000000000044,35.85526315789473,55.26315789473685
log_probability,0.5,0.5,0.925,0.07499999999999996,35.85526315789473,55.26315789473685
log_probability,0.5,0.75,0.9,0.09999999999999998,35.85526315789473,55.26315789473685
log_probability,0.5,1.0,0.85,0.15000000000000002,35.85526315789473,55.26315789473685
log_probability,0.5,1.0,0.875,0.125,35.85526315789473,55.26315789473685
log_probability,0.5,1.25,0.825,0.17500000000000004,35.85526315789473,55.26315789473685
log_probability,0.5,1.25,0.85,0.15000000000000002,35.85526315789473,55.26315789473685
log_probability,0.5,1.5,0.825,0.17500000000000004,35.85526315789473,55.26315789473685
log_probability,0.5,2.0,0.775,0.22499999999999998,35.85526315789473,55.26315789473685
log_probability,0.5,2.5,0.7,0.30000000000000004,35.85526315789473,55.26315789473685
log_probability,0.5,2.5,0.725,0.275,35.85526315789473,55.26315789473685
log_probability,0.5,3.0,0.65,0.35,35.85526315789473,55.26315789473685
log_probability,0.5,3.0,0.675,0.32499999999999996,35.85526315789473,55.26315789473685
log_probability,0.5,3.0,0.7,0.30000000000000004,35.85526315789473,55.26315789473685
log_probability,0.5,4.0,0.625,0.375,35.85526315789473,55.26315789473685
log_probability,0.75,0.5,0.95,0.050000000000000044,35.85526315789473,55.26315789473685
log_probability,0.75,0.75,0.925,0.07499999999999996,35.85526315789473,55.26315789473685
log_probability,0.75,1.25,0.875,0.125,35.85526315789473,55.26315789473685
log_probability,0.75,1.5,0.85,0.15000000000000002,35.85526315789473,55.26315789473685
log_probability,0.75,1.5,0.875,0.125,35.85526315789473,55.26315789473685
log_probability,0.75,2.0,0.825,0.17500000000000004,35.85526315789473,55.26315789473685
log_probability,0.75,2.5,0.775,0.22499999999999998,35.85526315789473,55.26315789473685
log_probability,0.75,2.5,0.8,0.19999999999999996,35.85526315789473,55.26315789473685
log_probability,0.75,3.0,0.775,0.22499999999999998,35.85526315789473,55.26315789473685
log_probability,0.75,4.0,0.675,0.32499999999999996,35.85526315789473,55.26315789473685
log_probability,0.75,4.0,0.7,0.30000000000000004,35.85526315789473,55.26315789473685
log_probability,0.75,4.0,0.725,0.275,35.85526315789473,55.26315789473685
log_probability,1.0,0.75,0.95,0.050000000000000044,35.85526315789473,55.26315789473685
log_probability,1.0,1.0,0.925,0.07499999999999996,35.85526315789473,55.26315789473685
log_probability,1.0,1.25,0.9,0.09999999999999998,35.85526315789473,55.26315789473685
log_probability,1.0,1.5,0.9,0.09999999999999998,35.85526315789473,55.26315789473685
log_probability,1.0,2.0,0.85,0.15000000000000002,35.85526315789473,55.26315789473685
log_probability,1.0,2.0,0.875,0.125,35.85526315789473,55.26315789473685
log_probability,1.0,2.5,0.825,0.17500000000000004,35.85526315789473,55.26315789473685
log_probability,1.0,2.5,0.85,0.15000000000000002,35.85526315789473,55.26315789473685
log_probability,1.0,3.0,0.825,0.17500000000000004,35.85526315789473,55.26315789473685
log_probability,1.0,4.0,0.775,0.22499999999999998,35.85526315789473,55.26315789473685
log_probability,1.25,0.75,0.95,0.050000000000000044,35.85526315789473,55.26315789473685
log_probability,1.25,1.25,0.925,0.07499999999999996,35.85526315789473,55.26315789473685
log_probability,1.25,2.0,0.875,0.125,35.85526315789473,55.26315789473685
log_probability,1.25,2.0,0.9,0.09999999999999998,35.85526315789473,55.26315789473685
log_probability,1.25,2.5,0.85,0.15000000000000002,35.85526315789473,55.26315789473685
log_probability,1.25,2.5,0.875,0.125,35.85526315789473,55.26315789473685
log_probability,1.25,3.0,0.825,0.17500000000000004,35.85526315789473,55.26315789473685
log_probability,1.25,3.0,0.85,0.15000000000000002,35.85526315789473,55.26315789473685
log_probability,1.25,4.0,0.775,0.22499999999999998,35.85526315789473,55.26315789473685
log_probability,1.25,4.0,0.8,0.19999999999999996,35.85526315789473,55.26315789473685
log_probability,1.5,0.5,0.975,0.025000000000000022,35.85526315789473,55.26315789473685
log_probability,1.5,1.0,0.95,0.050000000000000044,35.85526315789473,55.26315789473685
log_probability,1.5,1.5,0.925,0.07499999999999996,35.85526315789473,55.26315789473685
log_probability,1.5,2.5,0.875,0.125,35.85526315789473,55.26315789473685
log_probability,1.5,3.0,0.85,0.15000000000000002,35.85526315789473,55.26315789473685
log_probability,1.5,3.0,0.875,0.125,35.85526315789473,55.26315789473685
log_probability,1.5,4.0,0.825,0.17500000000000004,35.85526315789473,55.26315789473685
log_probability,2.0,1.25,0.95,0.050000000000000044,35.85526315789473,55.26315789473685
log_probability,2.0,1.5,0.95,0.050000000000000044,35.85526315789473,55.26315789473685
log_probability,2.0,2.0,0.925,0.07499999999999996,35.85526315789473,55.26315789473685
log_probability,2.0,2.5,0.9,0.09999999999999998,35.85526315789473,55.26315789473685
log_probability,2.0,3.0,0.9,0.09999999999999998,35.85526315789473,55.26315789473685
log_probability,2.0,4.0,0.85,0.15000000000000002,35.85526315789473,55.26315789473685
log_probability,2.0,4.0,0.875,0.125,35.85526315789473,55.26315789473685
log_probability,2.5,0.75,0.975,0.025000000000000022,35.85526315789473,55.26315789473685
log_probability,2.5,1.5,0.95,0.050000000000000044,35.85526315789473,55.26315789473685
log_probability,2.5,2.5,0.925,0.07499999999999996,35.85526315789473,55.26315789473685
log_probability,2.5,4.0,0.875,0.125,35.85526315789473,55.26315789473685
log_probability,2.5,4.0,0.9,0.09999999999999998,35.85526315789473,55.26315789473685
log_probability,3.0,1.0,0.975,0.025000000000000022,35.85526315789473,55.26315789473685
log_probability,3.0,2.0,0.95,0.050000000000000044,35.85526315789473,55.26315789473685
log_probability,3.0,3.0,0.925,0.07499999999999996,35.85526315789473,55.26315789473685
log_probability,4.0,2.5,0.95,0.050000000000000044,35.85526315789473,55.26315789473685
log_probability,4.0,3.0,0.95,0.050000000000000044,35.85526315789473,55.26315789473685
log_probability,4.0,4.0,0.925,0.07499999999999996,35.85526315789473,55.26315789473685
probability,0.5,0.75,0.575,0.42500000000000004,35.85526315789473,54.93421052631579
probability,1.0,1.25,0.825,0.17500000000000004,35.85526315789473,54.93421052631579
probability,1.25,2.5,0.675,0.32499999999999996,35.85526315789473,54.93421052631579
probability,1.25,3.0,0.6,0.4,35.85526315789473,54.93421052631579
probability,1.25,4.0,0.45,0.55,35.85526315789473,54.93421052631579
probability,1.5,3.0,0.7,0.30000000000000004,35.85526315789473,54.93421052631579
probability,2.0,4.0,0.275,0.725,35.85526315789473,54.93421052631579
probability,4.0,4.0,0.925,0.07499999999999996,35.85526315789473,54.93421052631579
probability,1.0,2.5,0.55,0.44999999999999996,35.85526315789473,54.60526315789473
probability,1.25,1.5,0.85,0.15000000000000002,35.85526315789473,54.60526315789473
probability,1.5,2.5,0.775,0.22499999999999998,35.85526315789473,54.60526315789473
probability,1.0,1.25,0.85,0.15000000000000002,35.85526315789473,54.276315789473685
probability,1.0,1.5,0.8,0.19999999999999996,35.85526315789473,54.276315789473685
probability,1.25,1.5,0.875,0.125,35.85526315789473,54.276315789473685
probability,0.5,4.0,0.05,0.95,35.85526315789473,53.94736842105263
probability,1.25,1.0,0.925,0.07499999999999996,35.85526315789473,53.94736842105263
probability,1.25,1.25,0.9,0.09999999999999998,35.85526315789473,53.94736842105263
probability,0.5,1.5,0.225,0.775,35.85526315789473,53.61842105263158
probability,0.75,0.5,0.825,0.17500000000000004,35.85526315789473,53.61842105263158
probability,1.0,4.0,0.075,0.925,35.85526315789473,53.61842105263158
probability,1.25,0.5,0.925,0.07499999999999996,35.85526315789473,53.61842105263158
probability,1.5,1.0,0.95,0.050000000000000044,35.85526315789473,53.61842105263158
probability,0.75,3.0,0.075,0.925,35.85526315789473,53.289473684210535
probability,2.5,1.5,0.85,0.15000000000000002,35.526315789473685,58.55263157894737
probability,4.0,1.5,0.925,0.07499999999999996,35.526315789473685,58.55263157894737
probability,0.75,4.0,0.1,0.9,35.526315789473685,57.89473684210527
probability,4.0,3.0,0.7,0.30000000000000004,35.526315789473685,57.89473684210527
probability,2.5,3.0,0.525,0.475,35.526315789473685,57.56578947368421
probability,3.0,4.0,0.45,0.55,35.526315789473685,57.23684210526315
probability,4.0,4.0,0.575,0.42500000000000004,35.526315789473685,57.23684210526315
probability,0.5,2.5,0.2,0.8,35.526315789473685,56.9078947368421
probability,0.75,1.5,0.575,0.42500000000000004,35.526315789473685,56.9078947368421
probability,0.75,2.5,0.225,0.775,35.526315789473685,56.9078947368421
probability,2.0,3.0,0.4,0.6,35.526315789473685,56.9078947368421
probability,2.5,3.0,0.5,0.5,35.526315789473685,56.9078947368421
probability,0.5,1.25,0.575,0.42500000000000004,35.526315789473685,56.57894736842105
probability,0.5,2.0,0.275,0.725,35.526315789473685,56.57894736842105
probability,1.5,2.0,0.45,0.55,35.526315789473685,56.57894736842105
probability,0.5,1.25,0.55,0.44999999999999996,35.526315789473685,56.25
probability,0.5,1.5,0.45,0.55,35.526315789473685,56.25
probability,0.5,3.0,0.125,0.875,35.526315789473685,56.25
probability,0.75,1.0,0.725,0.275,35.526315789473685,56.25
probability,0.75,1.25,0.675,0.32499999999999996,35.526315789473685,56.25
probability,0.75,1.5,0.6,0.4,35.526315789473685,56.25
probability,0.5,1.0,0.55,0.44999999999999996,35.526315789473685,55.92105263157895
probability,0.5,1.25,0.525,0.475,35.526315789473685,55.92105263157895
probability,0.5,1.5,0.425,0.575,35.526315789473685,55.92105263157895
probability,0.5,1.5,0.475,0.525,35.526315789473685,55.92105263157895
probability,0.5,2.0,0.225,0.775,35.526315789473685,55.92105263157895
probability,0.75,1.0,0.75,0.25,35.526315789473685,55.92105263157895
probability,0.75,1.0,0.775,0.22499999999999998,35.526315789473685,55.92105263157895
probability,1.0,3.0,0.45,0.55,35.526315789473685,55.92105263157895
probability,1.0,4.0,0.325,0.675,35.526315789473685,55.92105263157895
log_probability,0.75,1.0,0.475,0.525,35.526315789473685,55.92105263157895
log_probability,1.25,4.0,0.275,0.725,35.526315789473685,55.92105263157895
log_probability,1.5,2.0,0.475,0.525,35.526315789473685,55.92105263157895
log_probability,3.0,4.0,0.475,0.525,35.526315789473685,55.92105263157895
log_probability,4.0,0.75,0.875,0.125,35.526315789473685,55.92105263157895
probability,0.5,1.25,0.45,0.55,35.526315789473685,55.5921052631579
probability,1.0,1.0,0.85,0.15000000000000002,35.526315789473685,55.5921052631579
probability,1.0,1.25,0.5,0.5,35.526315789473685,55.5921052631579
probability,1.0,1.25,0.8,0.19999999999999996,35.526315789473685,55.5921052631579
log_probability,0.5,1.0,0.375,0.625,35.526315789473685,55.5921052631579
log_probability,0.5,1.25,0.325,0.675,35.526315789473685,55.5921052631579
log_probability,0.75,1.5,0.375,0.625,35.526315789473685,55.5921052631579
log_probability,1.0,2.0,0.375,0.625,35.526315789473685,55.5921052631579
log_probability,1.0,2.5,0.325,0.675,35.526315789473685,55.5921052631579
log_probability,1.25,0.5,0.75,0.25,35.526315789473685,55.5921052631579
log_probability,1.25,1.0,0.6,0.4,35.526315789473685,55.5921052631579
log_probability,1.25,1.5,0.5,0.5,35.526315789473685,55.5921052631579
log_probability,1.25,2.5,0.375,0.625,35.526315789473685,55.5921052631579
log_probability,1.5,3.0,0.375,0.625,35.526315789473685,55.5921052631579
log_probability,2.0,4.0,0.375,0.625,35.526315789473685,55.5921052631579
log_probability,2.5,0.75,0.8,0.19999999999999996,35.526315789473685,55.5921052631579
log_probability,2.5,1.0,0.75,0.25,35.526315789473685,55.5921052631579
log_probability,2.5,2.0,0.6,0.4,35.526315789473685,55.5921052631579
log_probability,2.5,3.0,0.5,0.5,35.526315789473685,55.5921052631579
probability,0.75,1.25,0.725,0.275,35.526315789473685,55.26315789473685
probability,1.0,0.75,0.875,0.125,35.526315789473685,55.26315789473685
probability,1.0,1.0,0.875,0.125,35.526315789473685,55.26315789473685
probability,1.5,0.75,0.9,0.09999999999999998,35.526315789473685,55.26315789473685
probability,2.0,2.5,0.9,0.09999999999999998,35.526315789473685,55.26315789473685
probability,2.0,3.0,0.85,0.15000000000000002,35.526315789473685,55.26315789473685
probability,2.0,4.0,0.75,0.25,35.526315789473685,55.26315789473685
probability,2.5,2.5,0.925,0.07499999999999996,35.526315789473685,55.26315789473685
probability,2.5,3.0,0.9,0.09999999999999998,35.526315789473685,55.26315789473685
probability,2.5,4.0,0.825,0.17500000000000004,35.526315789473685,55.26315789473685
probability,2.5,4.0,0.85,0.15000000000000002,35.526315789473685,55.26315789473685
probability,3.0,2.5,0.95,0.050000000000000044,35.526315789473685,55.26315789473685
probability,3.0,3.0,0.925,0.07499999999999996,35.526315789473685,55.26315789473685
log_probability,0.5,4.0,0.65,0.35,35.526315789473685,55.26315789473685
log_probability,1.25,1.5,0.925,0.07499999999999996,35.526315789473685,55.26315789473685
log_probability,2.0,0.75,0.975,0.025000000000000022,35.526315789473685,55.26315789473685
log_probability,2.5,3.0,0.925,0.07499999999999996,35.526315789473685,55.26315789473685
log_probability,4.0,1.5,0.975,0.025000000000000022,35.526315789473685,55.26315789473685
probability,0.5,0.75,0.55,0.44999999999999996,35.526315789473685,54.93421052631579
probability,0.75,1.5,0.3,0.7,35.526315789473685,54.93421052631579
probability,1.25,2.0,0.35,0.65,35.526315789473685,54.93421052631579
probability,2.0,2.5,0.875,0.125,35.526315789473685,54.93421052631579
probability,2.0,3.0,0.825,0.17500000000000004,35.526315789473685,54.93421052631579
probability,1.0,2.0,0.275,0.725,35.526315789473685,54.60526315789473
probability,1.0,2.0,0.675,0.32499999999999996,35.526315789473685,54.60526315789473
probability,1.25,2.5,0.7,0.30000000000000004,35.526315789473685,54.60526315789473
probability,1.5,2.5,0.8,0.19999999999999996,35.526315789473685,54.60526315789473
probability,1.5,3.0,0.725,0.275,35.526315789473685,54.60526315789473
probability,4.0,2.5,0.975,0.025000000000000022,35.526315789473685,54.60526315789473
probability,0.75,2.0,0.175,0.825,35.526315789473685,54.276315789473685
probability,1.0,2.0,0.25,0.75,35.526315789473685,54.276315789473685
probability,1.0,2.0,0.7,0.30000000000000004,35.526315789473685,54.276315789473685
probability,1.25,2.0,0.8,0.19999999999999996,35.526315789473685,54.276315789473685
probability,1.5,2.0,0.85,0.15000000000000002,35.526315789473685,54.276315789473685
probability,1.5,2.0,0.875,0.125,35.526315789473685,54.276315789473685
probability,2.0,1.25,0.975,0.025000000000000022,35.526315789473685,54.276315789473685
probability,2.5,2.0,0.95,0.050000000000000044,35.526315789473685,54.276315789473685
probability,3.0,2.0,0.975,0.025000000000000022,35.526315789473685,54.276315789473685
probability,1.0,2.5,0.175,0.825,35.526315789473685,53.94736842105263
probability,1.25,0.5,0.95,0.050000000000000044,35.526315789473685,53.94736842105263
probability,1.25,1.25,0.925,0.07499999999999996,35.526315789473685,53.94736842105263
probability,1.25,2.5,0.25,0.75,35.526315789473685,53.94736842105263
probability,1.5,1.25,0.95,0.050000000000000044,35.526315789473685,53.94736842105263
probability,1.5,1.5,0.925,0.07499999999999996,35.526315789473685,53.94736842105263
probability,2.0,2.0,0.925,0.07499999999999996,35.526315789473685,53.94736842105263
probability,2.5,1.5,0.975,0.025000000000000022,35.526315789473685,53.94736842105263
probability,1.0,0.5,0.875,0.125,35.526315789473685,53.61842105263158
probability,1.0,1.25,0.875,0.125,35.526315789473685,53.61842105263158
probability,1.0,3.0,0.125,0.875,35.526315789473685,53.61842105263158
probability,0.75,2.5,0.1,0.9,35.526315789473685,53.289473684210535
probability,2.5,2.0,0.725,0.275,35.19736842105263,58.55263157894737
probability,1.25,1.5,0.55,0.44999999999999996,35.19736842105263,57.89473684210527
probability,0.75,3.0,0.3,0.7,35.19736842105263,57.56578947368421
probability,0.75,4.0,0.2,0.8,35.19736842105263,57.56578947368421
probability,3.0,3.0,0.6,0.4,35.19736842105263,57.56578947368421
probability,0.5,3.0,0.15,0.85,35.19736842105263,57.23684210526315
probability,0.5,4.0,0.1,0.9,35.19736842105263,57.23684210526315
probability,0.75,2.5,0.375,0.625,35.19736842105263,57.23684210526315
probability,0.5,1.5,0.4,0.6,35.19736842105263,56.9078947368421
probability,1.0,1.5,0.45,0.55,35.19736842105263,56.9078947368421
probability,0.5,1.0,0.65,0.35,35.19736842105263,56.57894736842105
probability,0.75,3.0,0.325,0.675,35.19736842105263,56.57894736842105
probability,1.25,1.0,0.775,0.22499999999999998,35.19736842105263,56.57894736842105
probability,2.0,1.25,0.85,0.15000000000000002,35.19736842105263,56.57894736842105
probability,0.75,2.5,0.4,0.6,35.19736842105263,56.25
probability,0.5,1.0,0.575,0.42500000000000004,35.19736842105263,55.92105263157895
probability,0.5,1.0,0.625,0.375,35.19736842105263,55.92105263157895
probability,0.5,1.25,0.5,0.5,35.19736842105263,55.92105263157895
probability,0.5,2.0,0.3,0.7,35.19736842105263,55.92105263157895
probability,0.5,2.5,0.225,0.775,35.19736842105263,55.92105263157895
probability,0.75,1.25,0.7,0.30000000000000004,35.19736842105263,55.92105263157895
probability,0.5,1.0,0.6,0.4,35.19736842105263,55.5921052631579
probability,0.5,2.0,0.325,0.675,35.19736842105263,55.5921052631579
probability,0.75,0.75,0.825,0.17500000000000004,35.19736842105263,55.5921052631579
probability,0.75,1.0,0.55,0.44999999999999996,35.19736842105263,55.5921052631579
probability,0.75,2.0,0.525,0.475,35.19736842105263,55.5921052631579
probability,1.25,0.75,0.85,0.15000000000000002,35.19736842105263,55.5921052631579
rank,1.0,1.0,0.95,0.050000000000000044,35.19736842105263,55.5921052631579
probability,0.5,0.75,0.7,0.30000000000000004,35.19736842105263,55.26315789473685
probability,0.75,1.0,0.8,0.19999999999999996,35.19736842105263,55.26315789473685
probability,0.75,1.25,0.4,0.6,35.19736842105263,55.26315789473685
probability,1.0,3.0,0.475,0.525,35.19736842105263,55.26315789473685
probability,1.0,4.0,0.35,0.65,35.19736842105263,55.26315789473685
probability,1.0,4.0,0.375,0.625,35.19736842105263,55.26315789473685
probability,1.25,4.0,0.475,0.525,35.19736842105263,55.26315789473685
probability,1.25,4.0,0.5,0.5,35.19736842105263,55.26315789473685
probability,1.5,4.0,0.65,0.35,35.19736842105263,55.26315789473685
probability,2.0,4.0,0.775,0.22499999999999998,35.19736842105263,55.26315789473685
probability,2.0,4.0,0.8,0.19999999999999996,35.19736842105263,55.26315789473685
probability,2.5,4.0,0.875,0.125,35.19736842105263,55.26315789473685
probability,3.0,4.0,0.9,0.09999999999999998,35.19736842105263,55.26315789473685
log_probability,0.5,1.25,0.875,0.125,35.19736842105263,55.26315789473685
log_probability,0.5,1.5,0.85,0.15000000000000002,35.19736842105263,55.26315789473685
log_probability,0.5,2.0,0.8,0.19999999999999996,35.19736842105263,55.26315789473685
log_probability,0.5,2.5,0.75,0.25,35.19736842105263,55.26315789473685
log_probability,0.5,2.5,0.775,0.22499999999999998,35.19736842105263,55.26315789473685
log_probability,0.5,3.0,0.725,0.275,35.19736842105263,55.26315789473685
log_probability,0.5,4.0,0.675,0.32499999999999996,35.19736842105263,55.26315789473685
log_probability,0.75,1.0,0.925,0.07499999999999996,35.19736842105263,55.26315789473685
log_probability,0.75,1.25,0.9,0.09999999999999998,35.19736842105263,55.26315789473685
log_probability,0.75,2.0,0.85,0.15000000000000002,35.19736842105263,55.26315789473685
log_probability,0.75,2.5,0.825,0.17500000000000004,35.19736842105263,55.26315789473685
log_probability,0.75,3.0,0.8,0.19999999999999996,35.19736842105263,55.26315789473685
log_probability,0.75,4.0,0.75,0.25,35.19736842105263,55.26315789473685
log_probability,1.0,0.5,0.7,0.30000000000000004,35.19736842105263,55.26315789473685
log_probability,1.0,1.25,0.925,0.07499999999999996,35.19736842105263,55.26315789473685
log_probability,1.0,2.5,0.875,0.125,35.19736842105263,55.26315789473685
log_probability,1.0,3.0,0.85,0.15000000000000002,35.19736842105263,55.26315789473685
log_probability,1.0,4.0,0.8,0.19999999999999996,35.19736842105263,55.26315789473685
log_probability,1.25,0.5,0.975,0.025000000000000022,35.19736842105263,55.26315789473685
log_probability,1.25,1.0,0.95,0.050000000000000044,35.19736842105263,55.26315789473685
log_probability,1.25,2.0,0.425,0.575,35.19736842105263,55.26315789473685
log_probability,1.25,3.0,0.875,0.125,35.19736842105263,55.26315789473685
log_probability,1.25,4.0,0.825,0.17500000000000004,35.19736842105263,55.26315789473685
log_probability,1.5,0.75,0.7,0.30000000000000004,35.19736842105263,55.26315789473685
log_probability,1.5,1.25,0.95,0.050000000000000044,35.19736842105263,55.26315789473685
log_probability,1.5,2.0,0.925,0.07499999999999996,35.19736842105263,55.26315789473685
log_probability,1.5,2.5,0.9,0.09999999999999998,35.19736842105263,55.26315789473685
log_probability,1.5,4.0,0.85,0.15000000000000002,35.19736842105263,55.26315789473685
log_probability,2.0,0.5,0.825,0.17500000000000004,35.19736842105263,55.26315789473685
log_probability,2.0,1.0,0.7,0.30000000000000004,35.19736842105263,55.26315789473685
log_probability,2.0,2.5,0.925,0.07499999999999996,35.19736842105263,55.26315789473685
log_probability,2.5,1.0,0.975,0.025000000000000022,35.19736842105263,55.26315789473685
log_probability,2.5,1.25,0.7,0.30000000000000004,35.19736842105263,55.26315789473685
log_probability,2.5,2.0,0.95,0.050000000000000044,35.19736842105263,55.26315789473685
log_probability,2.5,4.0,0.425,0.575,35.19736842105263,55.26315789473685
log_probability,3.0,0.5,0.875,0.125,35.19736842105263,55.26315789473685
log_probability,3.0,0.75,0.825,0.17500000000000004,35.19736842105263,55.26315789473685
log_probability,3.0,1.25,0.975,0.025000000000000022,35.19736842105263,55.26315789473685
log_probability,3.0,1.5,0.7,0.30000000000000004,35.19736842105263,55.26315789473685
log_probability,3.0,2.5,0.95,0.050000000000000044,35.19736842105263,55.26315789473685
log_probability,3.0,4.0,0.925,0.07499999999999996,35.19736842105263,55.26315789473685
log_probability,4.0,1.0,0.825,0.17500000000000004,35.19736842105263,55.26315789473685
log_probability,4.0,2.0,0.7,0.30000000000000004,35.19736842105263,55.26315789473685
probability,0.5,0.75,0.65,0.35,35.19736842105263,54.93421052631579
probability,0.5,0.75,0.675,0.32499999999999996,35.19736842105263,54.93421052631579
probability,0.75,0.75,0.675,0.32499999999999996,35.19736842105263,54.93421052631579
probability,0.75,0.75,0.7,0.30000000000000004,35.19736842105263,54.93421052631579
probability,0.75,0.75,0.85,0.15000000000000002,35.19736842105263,54.93421052631579
probability,1.0,1.5,0.4,0.6,35.19736842105263,54.93421052631579
probability,1.0,2.5,0.575,0.42500000000000004,35.19736842105263,54.93421052631579
probability,1.0,3.0,0.5,0.5,35.19736842105263,54.93421052631579
probability,1.25,4.0,0.525,0.475,35.19736842105263,54.93421052631579
probability,1.5,3.0,0.75,0.25,35.19736842105263,54.93421052631579
probability,1.5,4.0,0.6,0.4,35.19736842105263,54.93421052631579
probability,1.5,4.0,0.625,0.375,35.19736842105263,54.93421052631579
probability,4.0,4.0,0.95,0.050000000000000044,35.19736842105263,54.93421052631579
log_probability,0.5,2.0,0.225,0.775,35.19736842105263,54.93421052631579
log_probability,0.5,2.5,0.8,0.19999999999999996,35.19736842105263,54.93421052631579
log_probability,0.5,3.0,0.775,0.22499999999999998,35.19736842105263,54.93421052631579
log_probability,0.75,1.25,0.925,0.07499999999999996,35.19736842105263,54.93421052631579
log_probability,0.75,3.0,0.225,0.775,35.19736842105263,54.93421052631579
log_probability,1.0,4.0,0.225,0.775,35.19736842105263,54.93421052631579
log_probability,1.25,3.0,0.325,0.675,35.19736842105263,54.93421052631579
log_probability,1.5,0.5,0.775,0.22499999999999998,35.19736842105263,54.93421052631579
log_probability,1.5,2.5,0.925,0.07499999999999996,35.19736842105263,54.93421052631579
log_probability,2.0,1.25,0.65,0.35,35.19736842105263,54.93421052631579
log_probability,3.0,1.0,0.775,0.22499999999999998,35.19736842105263,54.93421052631579
log_probability,4.0,2.5,0.65,0.35,35.19736842105263,54.93421052631579
probability,0.5,0.75,0.625,0.375,35.19736842105263,54.60526315789473
probability,0.75,1.0,0.825,0.17500000000000004,35.19736842105263,54.60526315789473
probability,1.0,0.75,0.9,0.09999999999999998,35.19736842105263,54.60526315789473
probability,1.25,3.0,0.625,0.375,35.19736842105263,54.60526315789473
probability,1.25,3.0,0.65,0.35,35.19736842105263,54.60526315789473
probability,1.5,3.0,0.25,0.75,35.19736842105263,54.60526315789473
probability,0.5,1.25,0.3,0.7,35.19736842105263,54.276315789473685
probability,0.75,1.25,0.775,0.22499999999999998,35.19736842105263,54.276315789473685
probability,0.75,1.5,0.7,0.30000000000000004,35.19736842105263,54.276315789473685
probability,1.25,2.0,0.825,0.17500000000000004,35.19736842105263,54.276315789473685
probability,1.25,2.5,0.725,0.275,35.19736842105263,54.276315789473685
probability,1.5,0.5,0.975,0.025000000000000022,35.19736842105263,54.276315789473685
probability,1.5,2.5,0.325,0.675,35.19736842105263,54.276315789473685
probability,2.0,1.5,0.975,0.025000000000000022,35.19736842105263,54.276315789473685
probability,2.0,2.0,0.95,0.050000000000000044,35.19736842105263,54.276315789473685
probability,0.5,0.5,0.725,0.275,35.19736842105263,53.94736842105263
probability,0.5,0.75,0.5,0.5,35.19736842105263,53.94736842105263
probability,0.5,0.75,0.525,0.475,35.19736842105263,53.94736842105263
probability,1.0,0.5,0.925,0.07499999999999996,35.19736842105263,53.94736842105263
probability,1.0,1.5,0.825,0.17500000000000004,35.19736842105263,53.94736842105263
probability,1.25,1.5,0.9,0.09999999999999998,35.19736842105263,53.94736842105263
probability,0.5,1.0,0.375,0.625,35.19736842105263,53.61842105263158
probability,0.75,0.5,0.8,0.19999999999999996,35.19736842105263,53.61842105263158
probability,0.75,0.5,0.85,0.15000000000000002,35.19736842105263,53.61842105263158
probability,1.0,0.75,0.925,0.07499999999999996,35.19736842105263,53.61842105263158
probability,1.25,0.75,0.95,0.050000000000000044,35.19736842105263,53.61842105263158
probability,1.25,1.0,0.95,0.050000000000000044,35.19736842105263,53.61842105263158
probability,1.25,3.0,0.175,0.825,35.19736842105263,53.61842105263158
probability,1.5,0.75,0.975,0.025000000000000022,35.19736842105263,53.61842105263158
probability,0.75,2.0,0.15,0.85,35.19736842105263,53.289473684210535
probability,1.0,1.0,0.9,0.09999999999999998,35.19736842105263,53.289473684210535
probability,0.5,1.5,0.175,0.825,35.19736842105263,52.30263157894737
probability,2.0,1.5,0.775,0.22499999999999998,34.868421052631575,58.55263157894737
probability,2.5,2.5,0.6,0.4,34.868421052631575,57.56578947368421
probability,3.0,2.5,0.675,0.32499999999999996,34.868421052631575,57.56578947368421
probability,1.25,1.0,0.75,0.25,34.868421052631575,57.23684210526315
probability,1.25,1.5,0.525,0.475,34.868421052631575,57.23684210526315
probability,3.0,3.0,0.575,0.42500000000000004,34.868421052631575,57.23684210526315
probability,0.75,4.0,0.225,0.775,34.868421052631575,56.9078947368421
probability,1.25,1.25,0.675,0.32499999999999996,34.868421052631575,56.9078947368421
probability,0.5,1.5,0.5,0.5,34.868421052631575,56.57894736842105
probability,0.5,3.0,0.175,0.825,34.868421052631575,56.57894736842105
probability,0.5,4.0,0.125,0.875,34.868421052631575,56.57894736842105
probability,1.25,1.25,0.625,0.375,34.868421052631575,56.57894736842105
probability,0.5,1.0,0.675,0.32499999999999996,34.868421052631575,56.25
probability,0.5,1.25,0.6,0.4,34.868421052631575,56.25
probability,0.5,1.5,0.525,0.475,34.868421052631575,56.25
probability,0.5,2.0,0.35,0.65,34.868421052631575,56.25
probability,0.5,2.0,0.375,0.625,34.868421052631575,56.25
probability,0.5,2.5,0.25,0.75,34.868421052631575,56.25
probability,0.5,2.5,0.275,0.725,34.868421052631575,56.25
probability,0.5,3.0,0.2,0.8,34.868421052631575,56.25
probability,1.0,1.0,0.675,0.32499999999999996,34.868421052631575,56.25
probability,0.75,4.0,0.25,0.75,34.868421052631575,55.92105263157895
probability,1.0,1.25,0.55,0.44999999999999996,34.868421052631575,55.92105263157895
probability,0.5,0.75,0.775,0.22499999999999998,34.868421052631575,55.5921052631579
probability,0.75,0.75,0.8,0.19999999999999996,34.868421052631575,55.5921052631579
probability,0.75,3.0,0.35,0.65,34.868421052631575,55.5921052631579
probability,1.0,1.25,0.525,0.475,34.868421052631575,55.5921052631579
probability,1.0,1.5,0.425,0.575,34.868421052631575,55.5921052631579
probability,1.0,0.75,0.775,0.22499999999999998,34.868421052631575,55.26315789473685
probability,1.5,2.5,0.85,0.15000000000000002,34.868421052631575,55.26315789473685
probability,1.5,3.0,0.775,0.22499999999999998,34.868421052631575,55.26315789473685
probability,1.5,3.0,0.8,0.19999999999999996,34.868421052631575,55.26315789473685
probability,1.5,4.0,0.675,0.32499999999999996,34.868421052631575,55.26315789473685
probability,1.5,4.0,0.7,0.30000000000000004,34.868421052631575,55.26315789473685
probability,2.0,3.0,0.875,0.125,34.868421052631575,55.26315789473685
probability,2.0,4.0,0.825,0.17500000000000004,34.868421052631575,55.26315789473685
log_probability,0.5,0.5,0.95,0.050000000000000044,34.868421052631575,55.26315789473685
log_probability,0.5,0.75,0.925,0.07499999999999996,34.868421052631575,55.26315789473685
log_probability,0.5,1.0,0.9,0.09999999999999998,34.868421052631575,55.26315789473685
log_probability,0.5,2.0,0.825,0.17500000000000004,34.868421052631575,55.26315789473685
log_probability,0.5,3.0,0.75,0.25,34.868421052631575,55.26315789473685
log_probability,0.5,4.0,0.7,0.30000000000000004,34.868421052631575,55.26315789473685
log_probability,0.75,0.75,0.95,0.050000000000000044,34.868421052631575,55.26315789473685
log_probability,0.75,1.5,0.9,0.09999999999999998,34.868421052631575,55.26315789473685
log_probability,0.75,2.0,0.875,0.125,34.868421052631575,55.26315789473685
log_probability,0.75,2.5,0.85,0.15000000000000002,34.868421052631575,55.26315789473685
log_probability,0.75,3.0,0.825,0.17500000000000004,34.868421052631575,55.26315789473685
log_probability,0.75,4.0,0.775,0.22499999999999998,34.868421052631575,55.26315789473685
log_probability,1.0,1.0,0.95,0.050000000000000044,34.868421052631575,55.26315789473685
log_probability,1.0,1.5,0.925,0.07499999999999996,34.868421052631575,55.26315789473685
log_probability,1.0,2.0,0.9,0.09999999999999998,34.868421052631575,55.26315789473685
log_probability,1.0,4.0,0.825,0.17500000000000004,34.868421052631575,55.26315789473685
log_probability,1.25,1.25,0.95,0.050000000000000044,34.868421052631575,55.26315789473685
log_probability,1.25,2.5,0.9,0.09999999999999998,34.868421052631575,55.26315789473685
log_probability,1.25,4.0,0.85,0.15000000000000002,34.868421052631575,55.26315789473685
log_probability,1.5,1.5,0.95,0.050000000000000044,34.868421052631575,55.26315789473685
log_probability,1.5,3.0,0.9,0.09999999999999998,34.868421052631575,55.26315789473685
log_probability,1.5,4.0,0.875,0.125,34.868421052631575,55.26315789473685
log_probability,2.0,2.0,0.95,0.050000000000000044,34.868421052631575,55.26315789473685
log_probability,2.0,3.0,0.925,0.07499999999999996,34.868421052631575,55.26315789473685
log_probability,2.0,4.0,0.9,0.09999999999999998,34.868421052631575,55.26315789473685
log_probability,2.5,2.5,0.95,0.050000000000000044,34.868421052631575,55.26315789473685
log_probability,3.0,3.0,0.95,0.050000000000000044,34.868421052631575,55.26315789473685
log_probability,4.0,4.0,0.95,0.050000000000000044,34.868421052631575,55.26315789473685
probability,0.5,0.75,0.6,0.4,34.868421052631575,54.93421052631579
probability,0.75,0.75,0.775,0.22499999999999998,34.868421052631575,54.93421052631579
probability,0.75,2.0,0.55,0.44999999999999996,34.868421052631575,54.93421052631579
probability,0.75,2.5,0.425,0.575,34.868421052631575,54.93421052631579
probability,1.0,1.5,0.375,0.625,34.868421052631575,54.93421052631579
probability,1.0,4.0,0.4,0.6,34.868421052631575,54.93421052631579
probability,1.0,4.0,0.425,0.575,34.868421052631575,54.93421052631579
probability,1.25,3.0,0.7,0.30000000000000004,34.868421052631575,54.93421052631579
probability,1.25,4.0,0.55,0.44999999999999996,34.868421052631575,54.93421052631579
probability,1.25,4.0,0.575,0.42500000000000004,34.868421052631575,54.93421052631579
probability,1.5,2.5,0.825,0.17500000000000004,34.868421052631575,54.93421052631579
probability,2.5,3.0,0.925,0.07499999999999996,34.868421052631575,54.93421052631579
probability,3.0,4.0,0.925,0.07499999999999996,34.868421052631575,54.93421052631579
log_probability,0.5,1.0,0.925,0.07499999999999996,34.868421052631575,54.93421052631579
log_probability,0.5,1.5,0.275,0.725,34.868421052631575,54.93421052631579
log_probability,0.5,1.5,0.875,0.125,34.868421052631575,54.93421052631579
log_probability,0.5,2.0,0.85,0.15000000000000002,34.868421052631575,54.93421052631579
log_probability,0.5,4.0,0.125,0.875,34.868421052631575,54.93421052631579
log_probability,0.5,4.0,0.725,0.275,34.868421052631575,54.93421052631579
log_probability,0.75,1.0,0.95,0.050000000000000044,34.868421052631575,54.93421052631579
log_probability,0.75,1.5,0.925,0.07499999999999996,34.868421052631575,54.93421052631579
log_probability,0.75,2.0,0.3,0.7,34.868421052631575,54.93421052631579
log_probability,0.75,3.0,0.85,0.15000000000000002,34.868421052631575,54.93421052631579
log_probability,0.75,4.0,0.8,0.19999999999999996,34.868421052631575,54.93421052631579
log_probability,0.75,4.0,0.825,0.17500000000000004,34.868421052631575,54.93421052631579
log_probability,1.0,0.5,0.975,0.025000000000000022,34.868421052631575,54.93421052631579
log_probability,1.0,2.0,0.925,0.07499999999999996,34.868421052631575,54.93421052631579
log_probability,1.0,3.0,0.275,0.725,34.868421052631575,54.93421052631579
log_probability,1.0,3.0,0.875,0.125,34.868421052631575,54.93421052631579
log_probability,1.0,4.0,0.85,0.15000000000000002,34.868421052631575,54.93421052631579
log_probability,1.25,1.5,0.95,0.050000000000000044,34.868421052631575,54.93421052631579
log_probability,1.25,2.0,0.925,0.07499999999999996,34.868421052631575,54.93421052631579
log_probability,1.25,2.5,0.925,0.07499999999999996,34.868421052631575,54.93421052631579
log_probability,1.5,0.75,0.975,0.025000000000000022,34.868421052631575,54.93421052631579
log_probability,1.5,2.0,0.95,0.050000000000000044,34.868421052631575,54.93421052631579
log_probability,1.5,3.0,0.925,0.07499999999999996,34.868421052631575,54.93421052631579
log_probability,1.5,4.0,0.3,0.7,34.868421052631575,54.93421052631579
log_probability,2.0,1.0,0.975,0.025000000000000022,34.868421052631575,54.93421052631579
log_probability,2.0,1.25,0.975,0.025000000000000022,34.868421052631575,54.93421052631579
log_probability,2.0,4.0,0.925,0.07499999999999996,34.868421052631575,54.93421052631579
log_probability,2.5,0.5,0.85,0.15000000000000002,34.868421052631575,54.93421052631579
log_probability,2.5,1.25,0.975,0.025000000000000022,34.868421052631575,54.93421052631579
log_probability,2.5,3.0,0.95,0.050000000000000044,34.868421052631575,54.93421052631579
log_probability,2.5,4.0,0.925,0.07499999999999996,34.868421052631575,54.93421052631579
log_probability,3.0,1.5,0.975,0.025000000000000022,34.868421052631575,54.93421052631579
log_probability,3.0,4.0,0.95,0.050000000000000044,34.868421052631575,54.93421052631579
log_probability,4.0,2.0,0.975,0.025000000000000022,34.868421052631575,54.93421052631579
log_probability,4.0,2.5,0.975,0.025000000000000022,34.868421052631575,54.93421052631579
probability,0.5,0.5,0.8,0.19999999999999996,34.868421052631575,54.60526315789473
probability,0.75,0.75,0.875,0.125,34.868421052631575,54.60526315789473
probability,0.75,1.0,0.525,0.475,34.868421052631575,54.60526315789473
probability,0.75,2.5,0.45,0.55,34.868421052631575,54.60526315789473
probability,1.0,3.0,0.525,0.475,34.868421052631575,54.60526315789473
probability,1.0,3.0,0.55,0.44999999999999996,34.868421052631575,54.60526315789473
probability,1.25,0.5,0.975,0.025000000000000022,34.868421052631575,54.60526315789473
probability,1.25,2.5,0.75,0.25,34.868421052631575,54.60526315789473
probability,1.25,3.0,0.675,0.32499999999999996,34.868421052631575,54.60526315789473
probability,1.5,2.0,0.9,0.09999999999999998,34.868421052631575,54.60526315789473
probability,3.0,3.0,0.95,0.050000000000000044,34.868421052631575,54.60526315789473
log_probability,0.5,1.25,0.9,0.09999999999999998,34.868421052631575,54.60526315789473
log_probability,0.75,0.5,0.975,0.025000000000000022,34.868421052631575,54.60526315789473
log_probability,1.0,2.5,0.9,0.09999999999999998,34.868421052631575,54.60526315789473
log_probability,1.25,3.0,0.9,0.09999999999999998,34.868421052631575,54.60526315789473
log_probability,1.25,4.0,0.875,0.125,34.868421052631575,54.60526315789473
log_probability,1.5,1.0,0.975,0.025000000000000022,34.868421052631575,54.60526315789473
log_probability,3.0,2.0,0.975,0.025000000000000022,34.868421052631575,54.60526315789473
probability,0.75,0.75,0.65,0.35,34.868421052631575,54.276315789473685
probability,1.0,2.0,0.725,0.275,34.868421052631575,54.276315789473685
probability,1.0,2.5,0.6,0.4,34.868421052631575,54.276315789473685
probability,1.0,2.5,0.625,0.375,34.868421052631575,54.276315789473685
probability,1.5,1.5,0.95,0.050000000000000044,34.868421052631575,54.276315789473685
probability,2.0,2.5,0.925,0.07499999999999996,34.868421052631575,54.276315789473685
probability,2.5,2.5,0.95,0.050000000000000044,34.868421052631575,54.276315789473685
rank,1.0,1.0,0.875,0.125,34.868421052631575,54.276315789473685
probability,0.5,0.5,0.65,0.35,34.868421052631575,53.94736842105263
probability,0.5,0.5,0.675,0.32499999999999996,34.868421052631575,53.94736842105263
probability,0.5,1.0,0.425,0.575,34.868421052631575,53.94736842105263
probability,0.75,0.5,0.9,0.09999999999999998,34.868421052631575,53.94736842105263
probability,1.0,0.5,0.95,0.050000000000000044,34.868421052631575,53.94736842105263
probability,1.5,1.0,0.975,0.025000000000000022,34.868421052631575,53.94736842105263
probability,2.5,0.5,0.975,0.025000000000000022,34.868421052631575,53.94736842105263
rank,1.0,1.0,0.85,0.15000000000000002,34.868421052631575,53.94736842105263
probability,0.5,1.0,0.4,0.6,34.868421052631575,53.61842105263158
probability,0.75,0.5,0.875,0.125,34.868421052631575,53.61842105263158
probability,1.0,2.5,0.15,0.85,34.868421052631575,53.61842105263158
probability,0.5,1.25,0.25,0.75,34.868421052631575,52.960526315789465
rank,1.0,1.0,0.825,0.17500000000000004,34.868421052631575,52.960526315789465
probability,0.5,1.5,0.2,0.8,34.868421052631575,52.63157894736842
rank,1.0,1.0,0.725,0.275,34.868421052631575,52.30263157894737
probability,0.5,2.0,0.1,0.9,34.868421052631575,51.973684210526315
rank,1.0,1.0,0.65,0.35,34.868421052631575,51.973684210526315
rank,1.0,1.0,0.55,0.44999999999999996,34.868421052631575,51.31578947368421
rank,1.0,1.0,0.7,0.30000000000000004,34.868421052631575,51.31578947368421
probability,4.0,2.5,0.775,0.22499999999999998,34.53947368421053,58.88157894736842
probability,1.5,1.5,0.625,0.375,34.53947368421053,57.56578947368421
probability,0.5,2.0,0.4,0.6,34.53947368421053,56.9078947368421
probability,0.5,2.5,0.3,0.7,34.53947368421053,56.9078947368421
probability,0.5,3.0,0.225,0.775,34.53947368421053,56.57894736842105
probability,1.25,1.25,0.65,0.35,34.53947368421053,56.57894736842105
probability,1.5,1.25,0.75,0.25,34.53947368421053,56.57894736842105
probability,2.0,1.0,0.9,0.09999999999999998,34.53947368421053,56.57894736842105
probability,3.0,1.0,0.95,0.050000000000000044,34.53947368421053,56.57894736842105
probability,0.5,1.25,0.625,0.375,34.53947368421053,56.25
probability,1.25,1.5,0.5,0.5,34.53947368421053,56.25
rank,1.0,1.0,0.9,0.09999999999999998,34.53947368421053,56.25
probability,0.5,0.75,0.75,0.25,34.53947368421053,55.92105263157895
probability,0.5,1.0,0.7,0.30000000000000004,34.53947368421053,55.92105263157895
probability,0.5,0.75,0.725,0.275,34.53947368421053,55.5921052631579
probability,1.0,1.0,0.65,0.35,34.53947368421053,55.5921052631579
probability,0.75,1.25,0.375,0.625,34.53947368421053,55.26315789473685
log_probability,0.75,1.0,0.45,0.55,34.53947368421053,55.26315789473685
log_probability,1.5,2.0,0.45,0.55,34.53947368421053,55.26315789473685
log_probability,3.0,4.0,0.45,0.55,34.53947368421053,55.26315789473685
probability,1.25,2.5,0.775,0.22499999999999998,34.53947368421053,54.93421052631579
probability,2.5,4.0,0.9,0.09999999999999998,34.53947368421053,54.93421052631579
log_probability,0.5,0.5,0.525,0.475,34.53947368421053,54.93421052631579
log_probability,0.5,0.75,0.425,0.575,34.53947368421053,54.93421052631579
log_probability,0.5,2.5,0.825,0.17500000000000004,34.53947368421053,54.93421052631579
log_probability,0.5,3.0,0.8,0.19999999999999996,34.53947368421053,54.93421052631579
log_probability,0.5,4.0,0.75,0.25,34.53947368421053,54.93421052631579
log_probability,0.75,0.5,0.625,0.375,34.53947368421053,54.93421052631579
log_probability,0.75,0.75,0.525,0.475,34.53947368421053,54.93421052631579
log_probability,0.75,1.25,0.4,0.6,34.53947368421053,54.93421052631579
log_probability,0.75,2.0,0.9,0.09999999999999998,34.53947368421053,54.93421052631579
log_probability,0.75,2.5,0.25,0.75,34.53947368421053,54.93421052631579
log_probability,0.75,2.5,0.875,0.125,34.53947368421053,54.93421052631579
log_probability,0.75,4.0,0.175,0.825,34.53947368421053,54.93421052631579
log_probability,1.0,0.75,0.6,0.4,34.53947368421053,54.93421052631579
log_probability,1.0,1.0,0.525,0.475,34.53947368421053,54.93421052631579
log_probability,1.0,1.25,0.475,0.525,34.53947368421053,54.93421052631579
log_probability,1.0,1.25,0.95,0.050000000000000044,34.53947368421053,54.93421052631579
log_probability,1.0,1.5,0.425,0.575,34.53947368421053,54.93421052631579
log_probability,1.25,0.75,0.65,0.35,34.53947368421053,54.93421052631579
log_probability,1.25,0.75,0.975,0.025000000000000022,34.53947368421053,54.93421052631579
log_probability,1.25,1.25,0.525,0.475,34.53947368421053,54.93421052631579
log_probability,1.25,1.5,0.475,0.525,34.53947368421053,54.93421052631579
log_probability,1.5,1.0,0.625,0.375,34.53947368421053,54.93421052631579
log_probability,1.5,1.25,0.575,0.42500000000000004,34.53947368421053,54.93421052631579
log_probability,1.5,1.5,0.525,0.475,34.53947368421053,54.93421052631579
log_probability,1.5,2.5,0.4,0.6,34.53947368421053,54.93421052631579
log_probability,1.5,4.0,0.9,0.09999999999999998,34.53947368421053,54.93421052631579
log_probability,2.0,0.75,0.75,0.25,34.53947368421053,54.93421052631579
log_probability,2.0,1.5,0.6,0.4,34.53947368421053,54.93421052631579
log_probability,2.0,2.0,0.525,0.475,34.53947368421053,54.93421052631579
log_probability,2.0,2.5,0.475,0.525,34.53947368421053,54.93421052631579
log_probability,2.0,2.5,0.95,0.050000000000000044,34.53947368421053,54.93421052631579
log_probability,2.0,3.0,0.425,0.575,34.53947368421053,54.93421052631579
log_probability,2.5,1.5,0.65,0.35,34.53947368421053,54.93421052631579
log_probability,2.5,1.5,0.975,0.025000000000000022,34.53947368421053,54.93421052631579
log_probability,2.5,2.5,0.525,0.475,34.53947368421053,54.93421052631579
log_probability,2.5,3.0,0.475,0.525,34.53947368421053,54.93421052631579
log_probability,3.0,1.25,0.725,0.275,34.53947368421053,54.93421052631579
log_probability,3.0,2.0,0.625,0.375,34.53947368421053,54.93421052631579
log_probability,3.0,2.5,0.575,0.42500000000000004,34.53947368421053,54.93421052631579
log_probability,3.0,3.0,0.525,0.475,34.53947368421053,54.93421052631579
log_probability,4.0,0.5,0.9,0.09999999999999998,34.53947368421053,54.93421052631579
log_probability,4.0,1.5,0.75,0.25,34.53947368421053,54.93421052631579
log_probability,4.0,3.0,0.6,0.4,34.53947368421053,54.93421052631579
log_probability,4.0,4.0,0.525,0.475,34.53947368421053,54.93421052631579
probability,0.75,1.0,0.5,0.5,34.53947368421053,54.60526315789473
probability,0.75,2.0,0.575,0.42500000000000004,34.53947368421053,54.60526315789473
probability,0.75,3.0,0.375,0.625,34.53947368421053,54.60526315789473
probability,2.0,3.0,0.9,0.09999999999999998,34.53947368421053,54.60526315789473
log_probability,0.5,1.0,0.35,0.65,34.53947368421053,54.60526315789473
log_probability,0.75,1.5,0.35,0.65,34.53947368421053,54.60526315789473
log_probability,1.0,2.0,0.35,0.65,34.53947368421053,54.60526315789473
log_probability,1.25,1.0,0.575,0.42500000000000004,34.53947368421053,54.60526315789473
log_probability,1.25,2.5,0.35,0.65,34.53947368421053,54.60526315789473
log_probability,1.5,3.0,0.35,0.65,34.53947368421053,54.60526315789473
log_probability,2.0,4.0,0.35,0.65,34.53947368421053,54.60526315789473
log_probability,2.5,2.0,0.575,0.42500000000000004,34.53947368421053,54.60526315789473
log_probability,4.0,1.25,0.775,0.22499999999999998,34.53947368421053,54.60526315789473
probability,0.5,0.5,0.775,0.22499999999999998,34.53947368421053,54.276315789473685
probability,0.5,0.5,0.825,0.17500000000000004,34.53947368421053,54.276315789473685
probability,0.75,1.5,0.275,0.725,34.53947368421053,54.276315789473685
probability,0.75,2.5,0.475,0.525,34.53947368421053,54.276315789473685
probability,1.0,2.0,0.75,0.25,34.53947368421053,54.276315789473685
probability,1.0,2.5,0.65,0.35,34.53947368421053,54.276315789473685
probability,4.0,3.0,0.975,0.025000000000000022,34.53947368421053,54.276315789473685
log_probability,0.5,0.5,0.5,0.5,34.53947368421053,54.276315789473685
log_probability,0.5,0.75,0.4,0.6,34.53947368421053,54.276315789473685
log_probability,0.5,1.25,0.3,0.7,34.53947368421053,54.276315789473685
log_probability,0.5,1.5,0.25,0.75,34.53947368421053,54.276315789473685
log_probability,0.5,2.0,0.2,0.8,34.53947368421053,54.276315789473685
log_probability,0.5,2.5,0.175,0.825,34.53947368421053,54.276315789473685
log_probability,0.5,3.0,0.15,0.85,34.53947368421053,54.276315789473685
log_probability,0.75,0.5,0.6,0.4,34.53947368421053,54.276315789473685
log_probability,0.75,0.75,0.5,0.5,34.53947368421053,54.276315789473685
log_probability,0.75,1.25,0.375,0.625,34.53947368421053,54.276315789473685
log_probability,0.75,2.0,0.275,0.725,34.53947368421053,54.276315789473685
log_probability,0.75,3.0,0.2,0.8,34.53947368421053,54.276315789473685
log_probability,1.0,0.5,0.675,0.32499999999999996,34.53947368421053,54.276315789473685
log_probability,1.0,0.75,0.575,0.42500000000000004,34.53947368421053,54.276315789473685
log_probability,1.0,1.0,0.5,0.5,34.53947368421053,54.276315789473685
log_probability,1.0,1.25,0.45,0.55,34.53947368421053,54.276315789473685
log_probability,1.0,1.5,0.4,0.6,34.53947368421053,54.276315789473685
log_probability,1.0,2.5,0.3,0.7,34.53947368421053,54.276315789473685
log_probability,1.0,3.0,0.25,0.75,34.53947368421053,54.276315789473685
log_probability,1.0,4.0,0.2,0.8,34.53947368421053,54.276315789473685
log_probability,1.25,0.75,0.625,0.375,34.53947368421053,54.276315789473685
log_probability,1.25,1.25,0.5,0.5,34.53947368421053,54.276315789473685
log_probability,1.25,2.0,0.4,0.6,34.53947368421053,54.276315789473685
log_probability,1.25,3.0,0.3,0.7,34.53947368421053,54.276315789473685
log_probability,1.25,4.0,0.25,0.75,34.53947368421053,54.276315789473685
log_probability,1.5,0.5,0.75,0.25,34.53947368421053,54.276315789473685
log_probability,1.5,0.75,0.675,0.32499999999999996,34.53947368421053,54.276315789473685
log_probability,1.5,1.0,0.6,0.4,34.53947368421053,54.276315789473685
log_probability,1.5,1.25,0.55,0.44999999999999996,34.53947368421053,54.276315789473685
log_probability,1.5,1.5,0.5,0.5,34.53947368421053,54.276315789473685
log_probability,1.5,2.5,0.375,0.625,34.53947368421053,54.276315789473685
log_probability,1.5,4.0,0.275,0.725,34.53947368421053,54.276315789473685
log_probability,2.0,0.5,0.8,0.19999999999999996,34.53947368421053,54.276315789473685
log_probability,2.0,1.0,0.675,0.32499999999999996,34.53947368421053,54.276315789473685
log_probability,2.0,1.25,0.625,0.375,34.53947368421053,54.276315789473685
log_probability,2.0,1.5,0.575,0.42500000000000004,34.53947368421053,54.276315789473685
log_probability,2.0,2.0,0.5,0.5,34.53947368421053,54.276315789473685
log_probability,2.0,2.5,0.45,0.55,34.53947368421053,54.276315789473685
log_probability,2.0,3.0,0.4,0.6,34.53947368421053,54.276315789473685
log_probability,2.5,0.75,0.775,0.22499999999999998,34.53947368421053,54.276315789473685
log_probability,2.5,1.25,0.675,0.32499999999999996,34.53947368421053,54.276315789473685
log_probability,2.5,1.5,0.625,0.375,34.53947368421053,54.276315789473685
log_probability,2.5,2.5,0.5,0.5,34.53947368421053,54.276315789473685
log_probability,2.5,4.0,0.4,0.6,34.53947368421053,54.276315789473685
log_probability,3.0,0.75,0.8,0.19999999999999996,34.53947368421053,54.276315789473685
log_probability,3.0,1.0,0.75,0.25,34.53947368421053,54.276315789473685
log_probability,3.0,1.5,0.675,0.32499999999999996,34.53947368421053,54.276315789473685
log_probability,3.0,2.0,0.6,0.4,34.53947368421053,54.276315789473685
log_probability,3.0,2.5,0.55,0.44999999999999996,34.53947368421053,54.276315789473685
log_probability,3.0,3.0,0.5,0.5,34.53947368421053,54.276315789473685
log_probability,4.0,0.75,0.85,0.15000000000000002,34.53947368421053,54.276315789473685
log_probability,4.0,1.0,0.8,0.19999999999999996,34.53947368421053,54.276315789473685
log_probability,4.0,2.0,0.675,0.32499999999999996,34.53947368421053,54.276315789473685
log_probability,4.0,2.5,0.625,0.375,34.53947368421053,54.276315789473685
log_probability,4.0,3.0,0.575,0.42500000000000004,34.53947368421053,54.276315789473685
log_probability,4.0,4.0,0.5,0.5,34.53947368421053,54.276315789473685
probability,0.5,0.5,0.75,0.25,34.53947368421053,53.94736842105263
probability,0.5,1.25,0.275,0.725,34.53947368421053,53.94736842105263
probability,0.75,1.0,0.85,0.15000000000000002,34.53947368421053,53.94736842105263
probability,0.75,1.5,0.75,0.25,34.53947368421053,53.94736842105263
probability,0.75,2.0,0.6,0.4,34.53947368421053,53.94736842105263
probability,1.0,1.25,0.9,0.09999999999999998,34.53947368421053,53.94736842105263
probability,1.0,1.5,0.85,0.15000000000000002,34.53947368421053,53.94736842105263
probability,1.25,2.0,0.85,0.15000000000000002,34.53947368421053,53.94736842105263
probability,0.75,0.75,0.9,0.09999999999999998,34.53947368421053,53.61842105263158
probability,0.75,1.25,0.8,0.19999999999999996,34.53947368421053,53.61842105263158
probability,0.75,1.5,0.725,0.275,34.53947368421053,53.61842105263158
rank,1.0,1.0,0.775,0.22499999999999998,34.53947368421053,53.61842105263158
probability,0.5,1.0,0.35,0.65,34.53947368421053,53.289473684210535
probability,1.0,0.75,0.95,0.050000000000000044,34.53947368421053,53.289473684210535
probability,1.0,1.0,0.925,0.07499999999999996,34.53947368421053,53.289473684210535
probability,1.0,2.0,0.225,0.775,34.53947368421053,53.289473684210535
rank,1.0,1.0,0.675,0.32499999999999996,34.53947368421053,51.973684210526315
rank,1.0,1.0,0.525,0.475,34.53947368421053,51.64473684210527
rank,1.0,1.0,0.6,0.4,34.53947368421053,51.64473684210527
probability,1.5,1.25,0.725,0.275,34.21052631578947,57.23684210526315
probability,0.5,4.0,0.15,0.85,34.21052631578947,56.9078947368421
probability,1.5,1.0,0.825,0.17500000000000004,34.21052631578947,56.9078947368421
probability,4.0,1.25,0.95,0.050000000000000044,34.21052631578947,56.9078947368421
probability,0.5,1.5,0.55,0.44999999999999996,34.21052631578947,56.57894736842105
probability,0.5,1.0,0.725,0.275,34.21052631578947,55.92105263157895
probability,0.5,1.25,0.65,0.35,34.21052631578947,55.92105263157895
probability,0.5,1.5,0.575,0.42500000000000004,34.21052631578947,55.92105263157895
probability,1.25,3.0,0.725,0.275,34.21052631578947,55.5921052631579
probability,1.0,4.0,0.5,0.5,34.21052631578947,55.26315789473685
probability,1.25,2.5,0.8,0.19999999999999996,34.21052631578947,55.26315789473685
probability,1.25,3.0,0.75,0.25,34.21052631578947,55.26315789473685
probability,1.25,4.0,0.6,0.4,34.21052631578947,55.26315789473685
probability,1.25,4.0,0.625,0.375,34.21052631578947,55.26315789473685
probability,1.5,4.0,0.725,0.275,34.21052631578947,55.26315789473685
probability,0.5,0.75,0.8,0.19999999999999996,34.21052631578947,54.93421052631579
probability,0.75,4.0,0.3,0.7,34.21052631578947,54.93421052631579
probability,1.0,3.0,0.625,0.375,34.21052631578947,54.93421052631579
probability,1.0,4.0,0.475,0.525,34.21052631578947,54.93421052631579
probability,1.5,3.0,0.825,0.17500000000000004,34.21052631578947,54.93421052631579
probability,2.0,4.0,0.85,0.15000000000000002,34.21052631578947,54.93421052631579
log_probability,0.5,0.75,0.95,0.050000000000000044,34.21052631578947,54.93421052631579
log_probability,0.5,2.0,0.875,0.125,34.21052631578947,54.93421052631579
log_probability,0.5,2.5,0.85,0.15000000000000002,34.21052631578947,54.93421052631579
log_probability,0.5,3.0,0.825,0.17500000000000004,34.21052631578947,54.93421052631579
log_probability,0.5,4.0,0.775,0.22499999999999998,34.21052631578947,54.93421052631579
log_probability,0.75,2.5,0.9,0.09999999999999998,34.21052631578947,54.93421052631579
log_probability,0.75,3.0,0.875,0.125,34.21052631578947,54.93421052631579
log_probability,0.75,4.0,0.85,0.15000000000000002,34.21052631578947,54.93421052631579
log_probability,1.0,0.75,0.975,0.025000000000000022,34.21052631578947,54.93421052631579
log_probability,1.0,1.5,0.95,0.050000000000000044,34.21052631578947,54.93421052631579
log_probability,1.0,4.0,0.875,0.125,34.21052631578947,54.93421052631579
log_probability,1.25,2.0,0.95,0.050000000000000044,34.21052631578947,54.93421052631579
log_probability,1.25,3.0,0.925,0.07499999999999996,34.21052631578947,54.93421052631579
log_probability,1.25,4.0,0.9,0.09999999999999998,34.21052631578947,54.93421052631579
log_probability,2.0,1.5,0.975,0.025000000000000022,34.21052631578947,54.93421052631579
log_probability,2.0,3.0,0.95,0.050000000000000044,34.21052631578947,54.93421052631579
log_probability,2.5,4.0,0.95,0.050000000000000044,34.21052631578947,54.93421052631579
log_probability,4.0,3.0,0.975,0.025000000000000022,34.21052631578947,54.93421052631579
probability,0.75,3.0,0.4,0.6,34.21052631578947,54.60526315789473
probability,0.75,3.0,0.45,0.55,34.21052631578947,54.60526315789473
probability,0.75,4.0,0.275,0.725,34.21052631578947,54.60526315789473
probability,0.75,4.0,0.325,0.675,34.21052631578947,54.60526315789473
probability,1.0,2.5,0.675,0.32499999999999996,34.21052631578947,54.60526315789473
probability,1.0,2.5,0.7,0.30000000000000004,34.21052631578947,54.60526315789473
probability,1.0,3.0,0.575,0.42500000000000004,34.21052631578947,54.60526315789473
probability,1.0,3.0,0.6,0.4,34.21052631578947,54.60526315789473
probability,1.0,4.0,0.45,0.55,34.21052631578947,54.60526315789473
probability,1.25,2.0,0.875,0.125,34.21052631578947,54.60526315789473
probability,1.5,0.5,0.925,0.07499999999999996,34.21052631578947,54.60526315789473
log_probability,0.5,1.5,0.9,0.09999999999999998,34.21052631578947,54.60526315789473
log_probability,0.5,4.0,0.8,0.19999999999999996,34.21052631578947,54.60526315789473
log_probability,0.75,2.0,0.925,0.07499999999999996,34.21052631578947,54.60526315789473
log_probability,1.0,3.0,0.9,0.09999999999999998,34.21052631578947,54.60526315789473
log_probability,1.5,1.25,0.975,0.025000000000000022,34.21052631578947,54.60526315789473
log_probability,1.5,4.0,0.925,0.07499999999999996,34.21052631578947,54.60526315789473
log_probability,3.0,2.5,0.975,0.025000000000000022,34.21052631578947,54.60526315789473
probability,0.75,2.0,0.65,0.35,34.21052631578947,54.276315789473685
probability,0.75,2.5,0.5,0.5,34.21052631578947,54.276315789473685
probability,0.75,2.5,0.525,0.475,34.21052631578947,54.276315789473685
probability,0.75,3.0,0.425,0.575,34.21052631578947,54.276315789473685
probability,1.0,2.0,0.775,0.22499999999999998,34.21052631578947,54.276315789473685
probability,1.0,2.0,0.8,0.19999999999999996,34.21052631578947,54.276315789473685
probability,1.25,0.5,0.9,0.09999999999999998,34.21052631578947,54.276315789473685
probability,1.25,1.5,0.925,0.07499999999999996,34.21052631578947,54.276315789473685
probability,2.5,2.0,0.975,0.025000000000000022,34.21052631578947,54.276315789473685
log_probability,0.5,0.5,0.975,0.025000000000000022,34.21052631578947,54.276315789473685
log_probability,0.5,1.0,0.95,0.050000000000000044,34.21052631578947,54.276315789473685
log_probability,0.5,1.5,0.925,0.07499999999999996,34.21052631578947,54.276315789473685
log_probability,0.5,2.0,0.9,0.09999999999999998,34.21052631578947,54.276315789473685
log_probability,0.5,2.5,0.875,0.125,34.21052631578947,54.276315789473685
log_probability,0.5,3.0,0.85,0.15000000000000002,34.21052631578947,54.276315789473685
log_probability,0.5,4.0,0.825,0.17500000000000004,34.21052631578947,54.276315789473685
log_probability,0.75,0.75,0.975,0.025000000000000022,34.21052631578947,54.276315789473685
log_probability,0.75,1.5,0.95,0.050000000000000044,34.21052631578947,54.276315789473685
log_probability,0.75,3.0,0.9,0.09999999999999998,34.21052631578947,54.276315789473685
log_probability,0.75,4.0,0.875,0.125,34.21052631578947,54.276315789473685
log_probability,1.0,1.0,0.975,0.025000000000000022,34.21052631578947,54.276315789473685
log_probability,1.0,2.0,0.95,0.050000000000000044,34.21052631578947,54.276315789473685
log_probability,1.0,3.0,0.925,0.07499999999999996,34.21052631578947,54.276315789473685
log_probability,1.0,4.0,0.9,0.09999999999999998,34.21052631578947,54.276315789473685
log_probability,1.25,0.5,0.725,0.275,34.21052631578947,54.276315789473685
log_probability,1.25,1.25,0.975,0.025000000000000022,34.21052631578947,54.276315789473685
log_probability,1.25,2.5,0.95,0.050000000000000044,34.21052631578947,54.276315789473685
log_probability,1.25,4.0,0.925,0.07499999999999996,34.21052631578947,54.276315789473685
log_probability,1.5,1.5,0.975,0.025000000000000022,34.21052631578947,54.276315789473685
log_probability,1.5,3.0,0.95,0.050000000000000044,34.21052631578947,54.276315789473685
log_probability,2.0,2.0,0.975,0.025000000000000022,34.21052631578947,54.276315789473685
log_probability,2.0,4.0,0.95,0.050000000000000044,34.21052631578947,54.276315789473685
log_probability,2.5,1.0,0.725,0.275,34.21052631578947,54.276315789473685
log_probability,2.5,2.5,0.975,0.025000000000000022,34.21052631578947,54.276315789473685
log_probability,3.0,3.0,0.975,0.025000000000000022,34.21052631578947,54.276315789473685
log_probability,4.0,4.0,0.975,0.025000000000000022,34.21052631578947,54.276315789473685
probability,0.5,2.0,0.6,0.4,34.21052631578947,53.94736842105263
probability,0.75,0.5,0.725,0.275,34.21052631578947,53.94736842105263
probability,0.75,0.5,0.925,0.07499999999999996,34.21052631578947,53.94736842105263
probability,0.75,2.0,0.625,0.375,34.21052631578947,53.94736842105263
log_probability,0.5,2.5,0.9,0.09999999999999998,34.21052631578947,53.94736842105263
log_probability,0.5,3.0,0.875,0.125,34.21052631578947,53.94736842105263
log_probability,0.5,4.0,0.85,0.15000000000000002,34.21052631578947,53.94736842105263
log_probability,0.75,2.5,0.925,0.07499999999999996,34.21052631578947,53.94736842105263
log_probability,1.25,1.5,0.975,0.025000000000000022,34.21052631578947,53.94736842105263
log_probability,1.25,3.0,0.95,0.050000000000000044,34.21052631578947,53.94736842105263
log_probability,2.5,3.0,0.975,0.025000000000000022,34.21052631578947,53.94736842105263
probability,0.5,0.5,0.7,0.30000000000000004,34.21052631578947,53.61842105263158
probability,0.5,0.75,0.475,0.525,34.21052631578947,53.61842105263158
probability,0.75,0.5,0.775,0.22499999999999998,34.21052631578947,53.61842105263158
rank,1.0,1.0,0.8,0.19999999999999996,34.21052631578947,53.61842105263158
rank,1.0,1.0,0.975,0.025000000000000022,34.21052631578947,53.289473684210535
probability,0.75,1.5,0.25,0.75,34.21052631578947,52.960526315789465
rank,1.0,1.0,0.75,0.25,34.21052631578947,52.960526315789465
rank,1.0,1.0,0.625,0.375,34.21052631578947,51.973684210526315
rank,1.0,1.0,0.575,0.42500000000000004,34.21052631578947,51.31578947368421
probability,3.0,1.5,0.875,0.125,33.881578947368425,58.88157894736842
probability,3.0,2.0,0.775,0.22499999999999998,33.881578947368425,58.88157894736842
probability,2.5,1.5,0.825,0.17500000000000004,33.881578947368425,58.55263157894737
probability,1.5,1.5,0.6,0.4,33.881578947368425,57.89473684210527
probability,4.0,3.0,0.675,0.32499999999999996,33.881578947368425,57.56578947368421
probability,0.5,3.0,0.25,0.75,33.881578947368425,56.9078947368421
probability,0.5,2.0,0.425,0.575,33.881578947368425,56.25
probability,2.0,2.5,0.475,0.525,33.881578947368425,56.25
probability,0.5,1.5,0.6,0.4,33.881578947368425,55.5921052631579
probability,0.5,4.0,0.225,0.775,33.881578947368425,55.5921052631579
probability,0.5,4.0,0.25,0.75,33.881578947368425,55.5921052631579
probability,1.0,3.0,0.65,0.35,33.881578947368425,55.5921052631579
probability,1.0,4.0,0.525,0.475,33.881578947368425,55.5921052631579
probability,0.5,3.0,0.35,0.65,33.881578947368425,55.26315789473685
probability,0.5,4.0,0.275,0.725,33.881578947368425,55.26315789473685
probability,0.75,4.0,0.45,0.55,33.881578947368425,55.26315789473685
probability,0.75,4.0,0.475,0.525,33.881578947368425,55.26315789473685
probability,1.0,4.0,0.55,0.44999999999999996,33.881578947368425,55.26315789473685
probability,1.25,4.0,0.65,0.35,33.881578947368425,55.26315789473685
probability,1.25,4.0,0.675,0.32499999999999996,33.881578947368425,55.26315789473685
rank,1.0,1.0,0.925,0.07499999999999996,33.881578947368425,55.26315789473685
probability,0.5,2.5,0.575,0.42500000000000004,33.881578947368425,54.93421052631579
probability,0.75,0.75,0.625,0.375,33.881578947368425,54.93421052631579
probability,0.75,2.0,0.8,0.19999999999999996,33.881578947368425,54.93421052631579
probability,1.0,2.5,0.725,0.275,33.881578947368425,54.93421052631579
probability,1.5,4.0,0.75,0.25,33.881578947368425,54.93421052631579
log_probability,0.5,1.25,0.925,0.07499999999999996,33.881578947368425,54.93421052631579
log_probability,1.0,2.5,0.925,0.07499999999999996,33.881578947368425,54.93421052631579
probability,0.5,0.75,0.825,0.17500000000000004,33.881578947368425,54.60526315789473
probability,0.5,2.5,0.55,0.44999999999999996,33.881578947368425,54.60526315789473
probability,0.75,1.25,0.35,0.65,33.881578947368425,54.60526315789473
probability,0.75,2.0,0.825,0.17500000000000004,33.881578947368425,54.60526315789473
probability,0.75,2.5,0.55,0.44999999999999996,33.881578947368425,54.60526315789473
probability,0.75,2.5,0.725,0.275,33.881578947368425,54.60526315789473
probability,0.75,2.5,0.75,0.25,33.881578947368425,54.60526315789473
probability,0.75,3.0,0.475,0.525,33.881578947368425,54.60526315789473
probability,0.75,4.0,0.35,0.65,33.881578947368425,54.60526315789473
probability,1.0,1.0,0.625,0.375,33.881578947368425,54.60526315789473
probability,1.0,2.0,0.9,0.09999999999999998,33.881578947368425,54.60526315789473
probability,1.0,2.5,0.825,0.17500000000000004,33.881578947368425,54.60526315789473
probability,1.25,2.5,0.9,0.09999999999999998,33.881578947368425,54.60526315789473
probability,1.25,4.0,0.7,0.30000000000000004,33.881578947368425,54.60526315789473
probability,1.5,4.0,0.775,0.22499999999999998,33.881578947368425,54.60526315789473
log_probability,0.75,1.25,0.95,0.050000000000000044,33.881578947368425,54.60526315789473
log_probability,1.25,1.0,0.975,0.025000000000000022,33.881578947368425,54.60526315789473
log_probability,1.5,2.5,0.95,0.050000000000000044,33.881578947368425,54.60526315789473
log_probability,2.5,2.0,0.975,0.025000000000000022,33.881578947368425,54.60526315789473
probability,0.5,0.5,0.85,0.15000000000000002,33.881578947368425,54.276315789473685
probability,0.5,2.0,0.65,0.35,33.881578947368425,54.276315789473685
probability,0.5,2.5,0.5,0.5,33.881578947368425,54.276315789473685
probability,0.5,2.5,0.525,0.475,33.881578947368425,54.276315789473685
probability,0.5,3.0,0.375,0.625,33.881578947368425,54.276315789473685
probability,0.5,3.0,0.4,0.6,33.881578947368425,54.276315789473685
probability,0.5,3.0,0.425,0.575,33.881578947368425,54.276315789473685
probability,0.5,3.0,0.45,0.55,33.881578947368425,54.276315789473685
probability,0.75,3.0,0.625,0.375,33.881578947368425,54.276315789473685
probability,0.75,3.0,0.65,0.35,33.881578947368425,54.276315789473685
probability,1.25,2.0,0.325,0.675,33.881578947368425,54.276315789473685
probability,1.25,2.5,0.825,0.17500000000000004,33.881578947368425,54.276315789473685
probability,1.25,3.0,0.775,0.22499999999999998,33.881578947368425,54.276315789473685
probability,1.5,2.0,0.925,0.07499999999999996,33.881578947368425,54.276315789473685
probability,1.5,2.5,0.875,0.125,33.881578947368425,54.276315789473685
probability,1.5,3.0,0.85,0.15000000000000002,33.881578947368425,54.276315789473685
probability,1.5,4.0,0.15,0.85,33.881578947368425,54.276315789473685
probability,2.0,3.0,0.925,0.07499999999999996,33.881578947368425,54.276315789473685
probability,2.0,4.0,0.875,0.125,33.881578947368425,54.276315789473685
probability,2.5,3.0,0.95,0.050000000000000044,33.881578947368425,54.276315789473685
probability,3.0,2.5,0.975,0.025000000000000022,33.881578947368425,54.276315789473685
log_probability,0.75,1.0,0.425,0.575,33.881578947368425,54.276315789473685
log_probability,0.75,2.5,0.225,0.775,33.881578947368425,54.276315789473685
log_probability,1.25,1.0,0.55,0.44999999999999996,33.881578947368425,54.276315789473685
log_probability,1.25,1.5,0.45,0.55,33.881578947368425,54.276315789473685
log_probability,1.5,2.0,0.425,0.575,33.881578947368425,54.276315789473685
log_probability,2.0,0.75,0.725,0.275,33.881578947368425,54.276315789473685
log_probability,2.5,2.0,0.55,0.44999999999999996,33.881578947368425,54.276315789473685
log_probability,2.5,3.0,0.45,0.55,33.881578947368425,54.276315789473685
log_probability,3.0,1.25,0.7,0.30000000000000004,33.881578947368425,54.276315789473685
log_probability,3.0,4.0,0.425,0.575,33.881578947368425,54.276315789473685
log_probability,4.0,1.5,0.725,0.275,33.881578947368425,54.276315789473685
probability,0.5,2.0,0.625,0.375,33.881578947368425,53.94736842105263
probability,0.5,2.5,0.475,0.525,33.881578947368425,53.94736842105263
probability,0.75,1.25,0.825,0.17500000000000004,33.881578947368425,53.94736842105263
probability,0.75,1.5,0.775,0.22499999999999998,33.881578947368425,53.94736842105263
probability,1.0,1.5,0.875,0.125,33.881578947368425,53.94736842105263
probability,1.25,1.25,0.95,0.050000000000000044,33.881578947368425,53.94736842105263
log_probability,0.5,1.0,0.325,0.675,33.881578947368425,53.94736842105263
log_probability,0.5,1.25,0.275,0.725,33.881578947368425,53.94736842105263
log_probability,0.5,1.25,0.95,0.050000000000000044,33.881578947368425,53.94736842105263
log_probability,0.75,1.5,0.325,0.675,33.881578947368425,53.94736842105263
log_probability,0.75,4.0,0.15,0.85,33.881578947368425,53.94736842105263
log_probability,0.75,4.0,0.9,0.09999999999999998,33.881578947368425,53.94736842105263
log_probability,1.0,1.25,0.975,0.025000000000000022,33.881578947368425,53.94736842105263
log_probability,1.0,2.0,0.325,0.675,33.881578947368425,53.94736842105263
log_probability,1.0,2.5,0.275,0.725,33.881578947368425,53.94736842105263
log_probability,1.0,2.5,0.95,0.050000000000000044,33.881578947368425,53.94736842105263
log_probability,1.25,2.0,0.375,0.625,33.881578947368425,53.94736842105263
log_probability,1.25,2.5,0.325,0.675,33.881578947368425,53.94736842105263
log_probability,1.5,3.0,0.325,0.675,33.881578947368425,53.94736842105263
log_probability,2.0,1.25,0.6,0.4,33.881578947368425,53.94736842105263
log_probability,2.0,2.5,0.975,0.025000000000000022,33.881578947368425,53.94736842105263
log_probability,2.0,4.0,0.325,0.675,33.881578947368425,53.94736842105263
log_probability,2.5,0.5,0.825,0.17500000000000004,33.881578947368425,53.94736842105263
log_probability,2.5,4.0,0.375,0.625,33.881578947368425,53.94736842105263
log_probability,3.0,0.5,0.85,0.15000000000000002,33.881578947368425,53.94736842105263
log_probability,4.0,1.25,0.75,0.25,33.881578947368425,53.94736842105263
log_probability,4.0,2.5,0.6,0.4,33.881578947368425,53.94736842105263
probability,0.5,0.5,0.625,0.375,33.881578947368425,53.61842105263158
probability,0.75,0.5,0.75,0.25,33.881578947368425,53.61842105263158
probability,1.0,0.5,0.825,0.17500000000000004,33.881578947368425,53.61842105263158
probability,1.25,0.75,0.975,0.025000000000000022,33.881578947368425,53.61842105263158
probability,1.25,2.5,0.225,0.775,33.881578947368425,53.289473684210535
probability,0.5,1.25,0.225,0.775,33.881578947368425,52.30263157894737
probability,0.5,2.5,0.05,0.95,33.881578947368425,51.973684210526315
probability,4.0,2.0,0.85,0.15000000000000002,33.55263157894737,59.539473684210535
probability,2.5,2.0,0.7,0.30000000000000004,33.55263157894737,58.223684210526315
probability,2.0,1.5,0.75,0.25,33.55263157894737,57.89473684210527
probability,2.0,2.0,0.6,0.4,33.55263157894737,57.89473684210527
probability,0.5,4.0,0.175,0.825,33.55263157894737,57.23684210526315
probability,2.0,1.25,0.825,0.17500000000000004,33.55263157894737,57.23684210526315
probability,1.25,1.25,0.6,0.4,33.55263157894737,56.9078947368421
probability,1.5,0.75,0.875,0.125,33.55263157894737,56.57894736842105
probability,1.5,1.0,0.8,0.19999999999999996,33.55263157894737,56.57894736842105
probability,1.5,1.25,0.7,0.30000000000000004,33.55263157894737,56.57894736842105
probability,0.5,2.5,0.325,0.675,33.55263157894737,56.25
probability,0.5,2.5,0.35,0.65,33.55263157894737,56.25
probability,0.5,3.0,0.275,0.725,33.55263157894737,56.25
probability,4.0,4.0,0.55,0.44999999999999996,33.55263157894737,56.25
probability,0.5,1.25,0.675,0.32499999999999996,33.55263157894737,55.92105263157895
probability,0.5,2.0,0.45,0.55,33.55263157894737,55.92105263157895
probability,0.5,2.0,0.475,0.525,33.55263157894737,55.92105263157895
probability,0.5,2.5,0.375,0.625,33.55263157894737,55.92105263157895
probability,1.25,1.0,0.725,0.275,33.55263157894737,55.92105263157895
probability,0.5,3.0,0.3,0.7,33.55263157894737,55.5921052631579
probability,0.5,4.0,0.475,0.525,33.55263157894737,55.5921052631579
probability,0.5,4.0,0.5,0.5,33.55263157894737,55.5921052631579
probability,0.75,4.0,0.425,0.575,33.55263157894737,55.5921052631579
probability,0.5,1.0,0.75,0.25,33.55263157894737,55.26315789473685
probability,0.5,1.25,0.7,0.30000000000000004,33.55263157894737,55.26315789473685
probability,0.5,1.5,0.625,0.375,33.55263157894737,55.26315789473685
probability,0.5,2.5,0.625,0.375,33.55263157894737,55.26315789473685
probability,0.5,3.0,0.525,0.475,33.55263157894737,55.26315789473685
probability,0.5,3.0,0.55,0.44999999999999996,33.55263157894737,55.26315789473685
probability,0.5,3.0,0.575,0.42500000000000004,33.55263157894737,55.26315789473685
probability,0.5,4.0,0.375,0.625,33.55263157894737,55.26315789473685
probability,0.5,4.0,0.4,0.6,33.55263157894737,55.26315789473685
probability,0.5,4.0,0.425,0.575,33.55263157894737,55.26315789473685
probability,0.5,4.0,0.45,0.55,33.55263157894737,55.26315789473685
probability,0.5,4.0,0.525,0.475,33.55263157894737,55.26315789473685
probability,0.75,3.0,0.575,0.42500000000000004,33.55263157894737,55.26315789473685
probability,0.75,3.0,0.6,0.4,33.55263157894737,55.26315789473685
probability,1.0,0.75,0.725,0.275,33.55263157894737,55.26315789473685
probability,3.0,4.0,0.425,0.575,33.55263157894737,55.26315789473685
probability,0.5,2.0,0.5,0.5,33.55263157894737,54.93421052631579
probability,0.5,2.0,0.525,0.475,33.55263157894737,54.93421052631579
probability,0.5,2.0,0.675,0.32499999999999996,33.55263157894737,54.93421052631579
probability,0.5,2.0,0.7,0.30000000000000004,33.55263157894737,54.93421052631579
probability,0.5,2.0,0.725,0.275,33.55263157894737,54.93421052631579
probability,0.5,2.5,0.4,0.6,33.55263157894737,54.93421052631579
probability,0.5,2.5,0.425,0.575,33.55263157894737,54.93421052631579
probability,0.5,2.5,0.6,0.4,33.55263157894737,54.93421052631579
probability,0.5,3.0,0.5,0.5,33.55263157894737,54.93421052631579
probability,0.75,2.5,0.65,0.35,33.55263157894737,54.93421052631579
probability,0.75,2.5,0.675,0.32499999999999996,33.55263157894737,54.93421052631579
probability,0.75,3.0,0.55,0.44999999999999996,33.55263157894737,54.93421052631579
probability,0.75,4.0,0.5,0.5,33.55263157894737,54.93421052631579
probability,0.75,4.0,0.525,0.475,33.55263157894737,54.93421052631579
probability,1.0,3.0,0.675,0.32499999999999996,33.55263157894737,54.93421052631579
probability,1.5,2.0,0.425,0.575,33.55263157894737,54.93421052631579
probability,0.5,1.0,0.775,0.22499999999999998,33.55263157894737,54.60526315789473
probability,0.5,3.0,0.475,0.525,33.55263157894737,54.60526315789473
probability,0.5,4.0,0.35,0.65,33.55263157894737,54.60526315789473
probability,0.75,1.0,0.475,0.525,33.55263157894737,54.60526315789473
probability,0.75,2.0,0.725,0.275,33.55263157894737,54.60526315789473
probability,0.75,2.0,0.775,0.22499999999999998,33.55263157894737,54.60526315789473
probability,0.75,2.0,0.85,0.15000000000000002,33.55263157894737,54.60526315789473
probability,0.75,2.5,0.625,0.375,33.55263157894737,54.60526315789473
probability,0.75,2.5,0.7,0.30000000000000004,33.55263157894737,54.60526315789473
probability,0.75,2.5,0.775,0.22499999999999998,33.55263157894737,54.60526315789473
probability,0.75,2.5,0.8,0.19999999999999996,33.55263157894737,54.60526315789473
probability,0.75,3.0,0.5,0.5,33.55263157894737,54.60526315789473
probability,0.75,3.0,0.675,0.32499999999999996,33.55263157894737,54.60526315789473
probability,0.75,3.0,0.7,0.30000000000000004,33.55263157894737,54.60526315789473
probability,0.75,3.0,0.725,0.275,33.55263157894737,54.60526315789473
probability,0.75,3.0,0.75,0.25,33.55263157894737,54.60526315789473
probability,0.75,4.0,0.55,0.44999999999999996,33.55263157894737,54.60526315789473
probability,0.75,4.0,0.575,0.42500000000000004,33.55263157894737,54.60526315789473
probability,0.75,4.0,0.6,0.4,33.55263157894737,54.60526315789473
probability,0.75,4.0,0.625,0.375,33.55263157894737,54.60526315789473
probability,0.75,4.0,0.65,0.35,33.55263157894737,54.60526315789473
probability,1.0,2.0,0.825,0.17500000000000004,33.55263157894737,54.60526315789473
probability,1.0,2.5,0.75,0.25,33.55263157894737,54.60526315789473
probability,1.0,2.5,0.85,0.15000000000000002,33.55263157894737,54.60526315789473
probability,1.0,3.0,0.775,0.22499999999999998,33.55263157894737,54.60526315789473
probability,1.0,3.0,0.8,0.19999999999999996,33.55263157894737,54.60526315789473
probability,1.0,4.0,0.625,0.375,33.55263157894737,54.60526315789473
probability,1.0,4.0,0.675,0.32499999999999996,33.55263157894737,54.60526315789473
probability,1.0,4.0,0.7,0.30000000000000004,33.55263157894737,54.60526315789473
probability,1.25,1.5,0.95,0.050000000000000044,33.55263157894737,54.60526315789473
probability,1.25,2.0,0.925,0.07499999999999996,33.55263157894737,54.60526315789473
probability,1.25,3.0,0.85,0.15000000000000002,33.55263157894737,54.60526315789473
probability,1.25,4.0,0.775,0.22499999999999998,33.55263157894737,54.60526315789473
probability,1.5,2.0,0.95,0.050000000000000044,33.55263157894737,54.60526315789473
probability,1.5,2.5,0.925,0.07499999999999996,33.55263157894737,54.60526315789473
probability,0.5,1.5,0.65,0.35,33.55263157894737,54.276315789473685
probability,0.5,1.5,0.8,0.19999999999999996,33.55263157894737,54.276315789473685
probability,0.5,1.5,0.825,0.17500000000000004,33.55263157894737,54.276315789473685
probability,0.5,2.0,0.55,0.44999999999999996,33.55263157894737,54.276315789473685
probability,0.5,2.5,0.45,0.55,33.55263157894737,54.276315789473685
probability,0.5,4.0,0.3,0.7,33.55263157894737,54.276315789473685
probability,0.5,4.0,0.325,0.675,33.55263157894737,54.276315789473685
probability,0.75,1.5,0.8,0.19999999999999996,33.55263157894737,54.276315789473685
probability,0.75,1.5,0.825,0.17500000000000004,33.55263157894737,54.276315789473685
probability,0.75,1.5,0.9,0.09999999999999998,33.55263157894737,54.276315789473685
probability,0.75,1.5,0.925,0.07499999999999996,33.55263157894737,54.276315789473685
probability,0.75,2.0,0.675,0.32499999999999996,33.55263157894737,54.276315789473685
probability,0.75,2.0,0.7,0.30000000000000004,33.55263157894737,54.276315789473685
probability,0.75,2.0,0.75,0.25,33.55263157894737,54.276315789473685
probability,0.75,2.5,0.575,0.42500000000000004,33.55263157894737,54.276315789473685
probability,0.75,2.5,0.6,0.4,33.55263157894737,54.276315789473685
probability,0.75,3.0,0.525,0.475,33.55263157894737,54.276315789473685
probability,0.75,3.0,0.775,0.22499999999999998,33.55263157894737,54.276315789473685
probability,0.75,4.0,0.675,0.32499999999999996,33.55263157894737,54.276315789473685
probability,0.75,4.0,0.7,0.30000000000000004,33.55263157894737,54.276315789473685
probability,0.75,4.0,0.725,0.275,33.55263157894737,54.276315789473685
probability,1.0,1.5,0.9,0.09999999999999998,33.55263157894737,54.276315789473685
probability,1.0,2.0,0.85,0.15000000000000002,33.55263157894737,54.276315789473685
probability,1.0,2.0,0.875,0.125,33.55263157894737,54.276315789473685
probability,1.0,2.5,0.775,0.22499999999999998,33.55263157894737,54.276315789473685
probability,1.0,2.5,0.8,0.19999999999999996,33.55263157894737,54.276315789473685
probability,1.0,2.5,0.875,0.125,33.55263157894737,54.276315789473685
probability,1.0,3.0,0.7,0.30000000000000004,33.55263157894737,54.276315789473685
probability,1.0,3.0,0.725,0.275,33.55263157894737,54.276315789473685
probability,1.0,3.0,0.75,0.25,33.55263157894737,54.276315789473685
probability,1.0,3.0,0.825,0.17500000000000004,33.55263157894737,54.276315789473685
probability,1.0,3.0,0.85,0.15000000000000002,33.55263157894737,54.276315789473685
probability,1.0,4.0,0.65,0.35,33.55263157894737,54.276315789473685
probability,1.0,4.0,0.725,0.275,33.55263157894737,54.276315789473685
probability,1.0,4.0,0.75,0.25,33.55263157894737,54.276315789473685
probability,1.0,4.0,0.775,0.22499999999999998,33.55263157894737,54.276315789473685
probability,1.0,4.0,0.8,0.19999999999999996,33.55263157894737,54.276315789473685
probability,1.25,2.0,0.9,0.09999999999999998,33.55263157894737,54.276315789473685
probability,1.25,2.5,0.85,0.15000000000000002,33.55263157894737,54.276315789473685
probability,1.25,2.5,0.875,0.125,33.55263157894737,54.276315789473685
probability,1.25,3.0,0.8,0.19999999999999996,33.55263157894737,54.276315789473685
probability,1.25,3.0,0.825,0.17500000000000004,33.55263157894737,54.276315789473685
probability,1.25,3.0,0.875,0.125,33.55263157894737,54.276315789473685
probability,1.25,4.0,0.8,0.19999999999999996,33.55263157894737,54.276315789473685
probability,1.25,4.0,0.825,0.17500000000000004,33.55263157894737,54.276315789473685
probability,1.25,4.0,0.85,0.15000000000000002,33.55263157894737,54.276315789473685
probability,1.5,2.5,0.9,0.09999999999999998,33.55263157894737,54.276315789473685
probability,1.5,3.0,0.875,0.125,33.55263157894737,54.276315789473685
probability,1.5,4.0,0.8,0.19999999999999996,33.55263157894737,54.276315789473685
probability,1.5,4.0,0.85,0.15000000000000002,33.55263157894737,54.276315789473685
probability,1.5,4.0,0.875,0.125,33.55263157894737,54.276315789473685
probability,2.0,2.5,0.95,0.050000000000000044,33.55263157894737,54.276315789473685
probability,2.0,4.0,0.925,0.07499999999999996,33.55263157894737,54.276315789473685
probability,2.5,2.5,0.975,0.025000000000000022,33.55263157894737,54.276315789473685
probability,2.5,4.0,0.95,0.050000000000000044,33.55263157894737,54.276315789473685
probability,3.0,4.0,0.95,0.050000000000000044,33.55263157894737,54.276315789473685
probability,0.5,1.0,0.8,0.19999999999999996,33.55263157894737,53.94736842105263
probability,0.5,1.25,0.875,0.125,33.55263157894737,53.94736842105263
probability,0.5,1.5,0.775,0.22499999999999998,33.55263157894737,53.94736842105263
probability,0.5,1.5,0.85,0.15000000000000002,33.55263157894737,53.94736842105263
probability,0.5,2.0,0.575,0.42500000000000004,33.55263157894737,53.94736842105263
probability,0.75,1.25,0.95,0.050000000000000044,33.55263157894737,53.94736842105263
probability,0.75,4.0,0.75,0.25,33.55263157894737,53.94736842105263
probability,1.0,0.5,0.85,0.15000000000000002,33.55263157894737,53.94736842105263
probability,1.0,1.25,0.925,0.07499999999999996,33.55263157894737,53.94736842105263
probability,1.0,1.5,0.95,0.050000000000000044,33.55263157894737,53.94736842105263
probability,1.0,2.5,0.9,0.09999999999999998,33.55263157894737,53.94736842105263
probability,1.0,3.0,0.875,0.125,33.55263157894737,53.94736842105263
probability,1.0,4.0,0.825,0.17500000000000004,33.55263157894737,53.94736842105263
probability,1.25,1.0,0.975,0.025000000000000022,33.55263157894737,53.94736842105263
probability,1.25,2.5,0.925,0.07499999999999996,33.55263157894737,53.94736842105263
probability,1.25,3.0,0.9,0.09999999999999998,33.55263157894737,53.94736842105263
probability,1.25,3.0,0.925,0.07499999999999996,33.55263157894737,53.94736842105263
probability,1.25,4.0,0.875,0.125,33.55263157894737,53.94736842105263
probability,1.5,2.5,0.95,0.050000000000000044,33.55263157894737,53.94736842105263
probability,1.5,3.0,0.925,0.07499999999999996,33.55263157894737,53.94736842105263
probability,1.5,3.0,0.95,0.050000000000000044,33.55263157894737,53.94736842105263
probability,1.5,4.0,0.9,0.09999999999999998,33.55263157894737,53.94736842105263
probability,2.0,2.0,0.975,0.025000000000000022,33.55263157894737,53.94736842105263
probability,2.0,2.5,0.975,0.025000000000000022,33.55263157894737,53.94736842105263
probability,2.0,3.0,0.975,0.025000000000000022,33.55263157894737,53.94736842105263
probability,2.0,4.0,0.95,0.050000000000000044,33.55263157894737,53.94736842105263
probability,2.5,3.0,0.975,0.025000000000000022,33.55263157894737,53.94736842105263
probability,2.5,4.0,0.925,0.07499999999999996,33.55263157894737,53.94736842105263
probability,3.0,4.0,0.975,0.025000000000000022,33.55263157894737,53.94736842105263
log_probability,0.5,2.0,0.925,0.07499999999999996,33.55263157894737,53.94736842105263
log_probability,0.5,3.0,0.9,0.09999999999999998,33.55263157894737,53.94736842105263
log_probability,0.5,4.0,0.875,0.125,33.55263157894737,53.94736842105263
log_probability,0.75,1.0,0.975,0.025000000000000022,33.55263157894737,53.94736842105263
log_probability,0.75,2.0,0.95,0.050000000000000044,33.55263157894737,53.94736842105263
log_probability,0.75,3.0,0.925,0.07499999999999996,33.55263157894737,53.94736842105263
log_probability,1.0,0.5,0.65,0.35,33.55263157894737,53.94736842105263
log_probability,1.0,4.0,0.925,0.07499999999999996,33.55263157894737,53.94736842105263
log_probability,1.25,0.5,0.7,0.30000000000000004,33.55263157894737,53.94736842105263
log_probability,1.25,4.0,0.225,0.775,33.55263157894737,53.94736842105263
log_probability,1.5,0.75,0.65,0.35,33.55263157894737,53.94736842105263
log_probability,1.5,2.0,0.975,0.025000000000000022,33.55263157894737,53.94736842105263
log_probability,1.5,4.0,0.95,0.050000000000000044,33.55263157894737,53.94736842105263
log_probability,2.0,1.0,0.65,0.35,33.55263157894737,53.94736842105263
log_probability,2.5,1.0,0.7,0.30000000000000004,33.55263157894737,53.94736842105263
log_probability,2.5,1.25,0.65,0.35,33.55263157894737,53.94736842105263
log_probability,3.0,1.5,0.65,0.35,33.55263157894737,53.94736842105263
log_probability,3.0,4.0,0.975,0.025000000000000022,33.55263157894737,53.94736842105263
log_probability,4.0,2.0,0.65,0.35,33.55263157894737,53.94736842105263
probability,0.5,0.5,0.6,0.4,33.55263157894737,53.61842105263158
probability,0.5,0.5,0.875,0.125,33.55263157894737,53.61842105263158
probability,0.5,1.0,0.9,0.09999999999999998,33.55263157894737,53.61842105263158
probability,0.5,1.25,0.85,0.15000000000000002,33.55263157894737,53.61842105263158
probability,0.75,1.25,0.325,0.675,33.55263157894737,53.61842105263158
probability,1.0,1.0,0.95,0.050000000000000044,33.55263157894737,53.61842105263158
probability,1.0,4.0,0.85,0.15000000000000002,33.55263157894737,53.61842105263158
probability,1.25,1.5,0.975,0.025000000000000022,33.55263157894737,53.61842105263158
probability,1.25,4.0,0.9,0.09999999999999998,33.55263157894737,53.61842105263158
probability,1.5,4.0,0.925,0.07499999999999996,33.55263157894737,53.61842105263158
probability,2.5,4.0,0.975,0.025000000000000022,33.55263157894737,53.61842105263158
log_probability,0.5,0.75,0.975,0.025000000000000022,33.55263157894737,53.61842105263158
log_probability,0.5,1.5,0.95,0.050000000000000044,33.55263157894737,53.61842105263158
log_probability,0.5,2.5,0.925,0.07499999999999996,33.55263157894737,53.61842105263158
log_probability,0.75,1.25,0.975,0.025000000000000022,33.55263157894737,53.61842105263158
log_probability,0.75,2.5,0.95,0.050000000000000044,33.55263157894737,53.61842105263158
log_probability,0.75,4.0,0.925,0.07499999999999996,33.55263157894737,53.61842105263158
log_probability,1.0,1.25,0.425,0.575,33.55263157894737,53.61842105263158
log_probability,1.0,1.5,0.975,0.025000000000000022,33.55263157894737,53.61842105263158
log_probability,1.0,3.0,0.95,0.050000000000000044,33.55263157894737,53.61842105263158
log_probability,1.25,2.0,0.975,0.025000000000000022,33.55263157894737,53.61842105263158
log_probability,1.25,4.0,0.95,0.050000000000000044,33.55263157894737,53.61842105263158
log_probability,1.5,2.5,0.975,0.025000000000000022,33.55263157894737,53.61842105263158
log_probability,2.0,2.5,0.425,0.575,33.55263157894737,53.61842105263158
log_probability,2.0,3.0,0.975,0.025000000000000022,33.55263157894737,53.61842105263158
log_probability,2.5,4.0,0.975,0.025000000000000022,33.55263157894737,53.61842105263158
probability,0.5,0.75,0.925,0.07499999999999996,33.55263157894737,53.289473684210535
probability,0.75,1.0,0.9,0.09999999999999998,33.55263157894737,53.289473684210535
probability,0.75,1.25,0.85,0.15000000000000002,33.55263157894737,53.289473684210535
log_probability,0.5,3.0,0.925,0.07499999999999996,33.55263157894737,53.289473684210535
log_probability,0.5,4.0,0.9,0.09999999999999998,33.55263157894737,53.289473684210535
probability,0.75,0.75,0.925,0.07499999999999996,33.55263157894737,52.960526315789465
probability,0.75,1.0,0.875,0.125,33.55263157894737,52.960526315789465
probability,1.5,4.0,0.95,0.050000000000000044,33.55263157894737,52.960526315789465
probability,2.0,4.0,0.975,0.025000000000000022,33.55263157894737,52.960526315789465
log_probability,0.5,1.0,0.975,0.025000000000000022,33.55263157894737,52.960526315789465
log_probability,0.5,1.25,0.975,0.025000000000000022,33.55263157894737,52.960526315789465
log_probability,0.5,1.5,0.975,0.025000000000000022,33.55263157894737,52.960526315789465
log_probability,0.5,2.0,0.95,0.050000000000000044,33.55263157894737,52.960526315789465
log_probability,0.5,2.0,0.975,0.025000000000000022,33.55263157894737,52.960526315789465
log_probability,0.5,2.5,0.95,0.050000000000000044,33.55263157894737,52.960526315789465
log_probability,0.5,2.5,0.975,0.025000000000000022,33.55263157894737,52.960526315789465
log_probability,0.5,3.0,0.95,0.050000000000000044,33.55263157894737,52.960526315789465
log_probability,0.5,3.0,0.975,0.025000000000000022,33.55263157894737,52.960526315789465
log_probability,0.5,4.0,0.925,0.07499999999999996,33.55263157894737,52.960526315789465
log_probability,0.5,4.0,0.95,0.050000000000000044,33.55263157894737,52.960526315789465
log_probability,0.5,4.0,0.975,0.025000000000000022,33.55263157894737,52.960526315789465
log_probability,0.75,1.5,0.975,0.025000000000000022,33.55263157894737,52.960526315789465
log_probability,0.75,2.0,0.975,0.025000000000000022,33.55263157894737,52.960526315789465
log_probability,0.75,2.5,0.975,0.025000000000000022,33.55263157894737,52.960526315789465
log_probability,0.75,3.0,0.95,0.050000000000000044,33.55263157894737,52.960526315789465
log_probability,0.75,3.0,0.975,0.025000000000000022,33.55263157894737,52.960526315789465
log_probability,0.75,4.0,0.95,0.050000000000000044,33.55263157894737,52.960526315789465
log_probability,0.75,4.0,0.975,0.025000000000000022,33.55263157894737,52.960526315789465
log_probability,1.0,2.0,0.975,0.025000000000000022,33.55263157894737,52.960526315789465
log_probability,1.0,2.5,0.975,0.025000000000000022,33.55263157894737,52.960526315789465
log_probability,1.0,3.0,0.975,0.025000000000000022,33.55263157894737,52.960526315789465
log_probability,1.0,4.0,0.95,0.050000000000000044,33.55263157894737,52.960526315789465
log_probability,1.0,4.0,0.975,0.025000000000000022,33.55263157894737,52.960526315789465
log_probability,1.25,2.5,0.975,0.025000000000000022,33.55263157894737,52.960526315789465
log_probability,1.25,3.0,0.975,0.025000000000000022,33.55263157894737,52.960526315789465
log_probability,1.25,4.0,0.975,0.025000000000000022,33.55263157894737,52.960526315789465
log_probability,1.5,3.0,0.975,0.025000000000000022,33.55263157894737,52.960526315789465
log_probability,1.5,4.0,0.975,0.025000000000000022,33.55263157894737,52.960526315789465
log_probability,2.0,4.0,0.975,0.025000000000000022,33.55263157894737,52.960526315789465
probability,0.5,1.5,0.15,0.85,33.55263157894737,51.64473684210527
probability,2.5,1.25,0.875,0.125,33.223684210526315,58.223684210526315
probability,2.0,1.0,0.875,0.125,33.223684210526315,57.23684210526315
probability,2.5,1.0,0.925,0.07499999999999996,33.223684210526315,56.9078947368421
probability,0.5,4.0,0.2,0.8,33.223684210526315,56.25
probability,2.0,0.75,0.925,0.07499999999999996,33.223684210526315,56.25
probability,2.5,0.75,0.95,0.050000000000000044,33.223684210526315,56.25
probability,1.0,0.75,0.7,0.30000000000000004,33.223684210526315,55.5921052631579
probability,1.0,0.75,0.75,0.25,33.223684210526315,55.5921052631579
probability,1.25,0.75,0.825,0.17500000000000004,33.223684210526315,55.5921052631579
probability,3.0,3.0,0.55,0.44999999999999996,33.223684210526315,55.5921052631579
probability,0.5,2.0,0.75,0.25,33.223684210526315,55.26315789473685
probability,0.5,2.0,0.775,0.22499999999999998,33.223684210526315,55.26315789473685
probability,0.5,2.5,0.65,0.35,33.223684210526315,55.26315789473685
probability,0.5,2.5,0.675,0.32499999999999996,33.223684210526315,55.26315789473685
probability,0.5,2.5,0.7,0.30000000000000004,33.223684210526315,55.26315789473685
probability,0.5,2.5,0.725,0.275,33.223684210526315,55.26315789473685
probability,0.5,3.0,0.325,0.675,33.223684210526315,55.26315789473685
probability,0.5,3.0,0.6,0.4,33.223684210526315,55.26315789473685
probability,0.5,3.0,0.625,0.375,33.223684210526315,55.26315789473685
probability,0.5,3.0,0.65,0.35,33.223684210526315,55.26315789473685
probability,0.5,3.0,0.675,0.32499999999999996,33.223684210526315,55.26315789473685
probability,0.5,4.0,0.55,0.44999999999999996,33.223684210526315,55.26315789473685
probability,0.75,0.75,0.6,0.4,33.223684210526315,55.26315789473685
probability,0.5,2.5,0.75,0.25,33.223684210526315,54.93421052631579
probability,0.5,4.0,0.575,0.42500000000000004,33.223684210526315,54.93421052631579
probability,0.75,4.0,0.4,0.6,33.223684210526315,54.93421052631579
probability,1.0,1.25,0.475,0.525,33.223684210526315,54.93421052631579
probability,1.0,4.0,0.575,0.42500000000000004,33.223684210526315,54.93421052631579
probability,1.25,1.5,0.475,0.525,33.223684210526315,54.93421052631579
probability,2.5,4.0,0.35,0.65,33.223684210526315,54.93421052631579
probability,0.5,1.0,0.95,0.050000000000000044,33.223684210526315,54.60526315789473
probability,0.5,1.25,0.925,0.07499999999999996,33.223684210526315,54.60526315789473
probability,0.5,1.25,0.95,0.050000000000000044,33.223684210526315,54.60526315789473
probability,0.5,1.5,0.875,0.125,33.223684210526315,54.60526315789473
probability,0.5,1.5,0.9,0.09999999999999998,33.223684210526315,54.60526315789473
probability,0.5,1.5,0.925,0.07499999999999996,33.223684210526315,54.60526315789473
probability,0.5,2.0,0.8,0.19999999999999996,33.223684210526315,54.60526315789473
probability,0.5,2.0,0.825,0.17500000000000004,33.223684210526315,54.60526315789473
probability,0.5,2.0,0.85,0.15000000000000002,33.223684210526315,54.60526315789473
probability,0.5,2.5,0.775,0.22499999999999998,33.223684210526315,54.60526315789473
probability,0.5,3.0,0.7,0.30000000000000004,33.223684210526315,54.60526315789473
probability,0.5,3.0,0.725,0.275,33.223684210526315,54.60526315789473
probability,0.5,3.0,0.75,0.25,33.223684210526315,54.60526315789473
probability,0.75,1.5,0.875,0.125,33.223684210526315,54.60526315789473
probability,0.75,2.0,0.875,0.125,33.223684210526315,54.60526315789473
probability,0.75,2.5,0.825,0.17500000000000004,33.223684210526315,54.60526315789473
probability,0.75,4.0,0.375,0.625,33.223684210526315,54.60526315789473
probability,1.0,1.5,0.925,0.07499999999999996,33.223684210526315,54.60526315789473
probability,1.0,4.0,0.6,0.4,33.223684210526315,54.60526315789473
probability,0.5,0.5,0.975,0.025000000000000022,33.223684210526315,54.276315789473685
probability,0.5,0.75,0.85,0.15000000000000002,33.223684210526315,54.276315789473685
probability,0.5,0.75,0.975,0.025000000000000022,33.223684210526315,54.276315789473685
probability,0.5,1.25,0.725,0.275,33.223684210526315,54.276315789473685
probability,0.5,1.5,0.675,0.32499999999999996,33.223684210526315,54.276315789473685
probability,0.5,1.5,0.95,0.050000000000000044,33.223684210526315,54.276315789473685
probability,0.5,2.0,0.875,0.125,33.223684210526315,54.276315789473685
probability,0.5,2.0,0.9,0.09999999999999998,33.223684210526315,54.276315789473685
probability,0.5,2.5,0.8,0.19999999999999996,33.223684210526315,54.276315789473685
probability,0.5,2.5,0.825,0.17500000000000004,33.223684210526315,54.276315789473685
probability,0.5,4.0,0.6,0.4,33.223684210526315,54.276315789473685
probability,0.5,4.0,0.625,0.375,33.223684210526315,54.276315789473685
probability,0.5,4.0,0.65,0.35,33.223684210526315,54.276315789473685
probability,0.5,4.0,0.675,0.32499999999999996,33.223684210526315,54.276315789473685
probability,0.5,4.0,0.7,0.30000000000000004,33.223684210526315,54.276315789473685
probability,0.75,0.75,0.975,0.025000000000000022,33.223684210526315,54.276315789473685
probability,0.75,1.0,0.45,0.55,33.223684210526315,54.276315789473685
probability,0.75,2.5,0.85,0.15000000000000002,33.223684210526315,54.276315789473685
probability,0.75,3.0,0.8,0.19999999999999996,33.223684210526315,54.276315789473685
probability,0.75,3.0,0.825,0.17500000000000004,33.223684210526315,54.276315789473685
probability,1.25,4.0,0.725,0.275,33.223684210526315,54.276315789473685
probability,1.25,4.0,0.75,0.25,33.223684210526315,54.276315789473685
probability,1.5,3.0,0.9,0.09999999999999998,33.223684210526315,54.276315789473685
probability,1.5,4.0,0.825,0.17500000000000004,33.223684210526315,54.276315789473685
probability,2.0,3.0,0.95,0.050000000000000044,33.223684210526315,54.276315789473685
probability,3.0,3.0,0.975,0.025000000000000022,33.223684210526315,54.276315789473685
probability,0.5,1.0,0.925,0.07499999999999996,33.223684210526315,53.94736842105263
probability,0.5,1.0,0.975,0.025000000000000022,33.223684210526315,53.94736842105263
probability,0.5,1.25,0.775,0.22499999999999998,33.223684210526315,53.94736842105263
probability,0.5,1.25,0.9,0.09999999999999998,33.223684210526315,53.94736842105263
probability,0.5,1.5,0.7,0.30000000000000004,33.223684210526315,53.94736842105263
probability,0.5,1.5,0.725,0.275,33.223684210526315,53.94736842105263
probability,0.5,1.5,0.75,0.25,33.223684210526315,53.94736842105263
probability,0.5,2.5,0.85,0.15000000000000002,33.223684210526315,53.94736842105263
probability,0.5,3.0,0.775,0.22499999999999998,33.223684210526315,53.94736842105263
probability,0.5,3.0,0.8,0.19999999999999996,33.223684210526315,53.94736842105263
probability,0.5,4.0,0.725,0.275,33.223684210526315,53.94736842105263
probability,0.75,1.0,0.925,0.07499999999999996,33.223684210526315,53.94736842105263
probability,0.75,1.0,0.975,0.025000000000000022,33.223684210526315,53.94736842105263
probability,0.75,1.25,0.875,0.125,33.223684210526315,53.94736842105263
probability,0.75,1.25,0.9,0.09999999999999998,33.223684210526315,53.94736842105263
probability,0.75,1.5,0.85,0.15000000000000002,33.223684210526315,53.94736842105263
probability,0.75,2.5,0.875,0.125,33.223684210526315,53.94736842105263
probability,0.75,3.0,0.85,0.15000000000000002,33.223684210526315,53.94736842105263
probability,1.0,0.5,0.975,0.025000000000000022,33.223684210526315,53.94736842105263
probability,1.0,1.25,0.95,0.050000000000000044,33.223684210526315,53.94736842105263
probability,1.0,2.0,0.925,0.07499999999999996,33.223684210526315,53.94736842105263
probability,1.0,2.5,0.925,0.07499999999999996,33.223684210526315,53.94736842105263
probability,1.0,3.0,0.9,0.09999999999999998,33.223684210526315,53.94736842105263
probability,1.25,1.25,0.975,0.025000000000000022,33.223684210526315,53.94736842105263
probability,1.25,2.0,0.95,0.050000000000000044,33.223684210526315,53.94736842105263
probability,1.25,2.5,0.95,0.050000000000000044,33.223684210526315,53.94736842105263
probability,1.5,1.25,0.975,0.025000000000000022,33.223684210526315,53.94736842105263
probability,1.5,1.5,0.975,0.025000000000000022,33.223684210526315,53.94736842105263
probability,1.5,2.5,0.3,0.7,33.223684210526315,53.94736842105263
probability,0.5,0.5,0.9,0.09999999999999998,33.223684210526315,53.61842105263158
probability,0.5,0.75,0.45,0.55,33.223684210526315,53.61842105263158
probability,0.5,0.75,0.95,0.050000000000000044,33.223684210526315,53.61842105263158
probability,0.5,1.25,0.75,0.25,33.223684210526315,53.61842105263158
probability,0.5,1.25,0.8,0.19999999999999996,33.223684210526315,53.61842105263158
probability,0.5,2.0,0.925,0.07499999999999996,33.223684210526315,53.61842105263158
probability,0.5,2.5,0.875,0.125,33.223684210526315,53.61842105263158
probability,0.5,3.0,0.825,0.17500000000000004,33.223684210526315,53.61842105263158
probability,0.75,0.5,0.95,0.050000000000000044,33.223684210526315,53.61842105263158
probability,0.75,1.25,0.975,0.025000000000000022,33.223684210526315,53.61842105263158
probability,0.75,1.5,0.95,0.050000000000000044,33.223684210526315,53.61842105263158
probability,0.75,1.5,0.975,0.025000000000000022,33.223684210526315,53.61842105263158
probability,0.75,2.0,0.9,0.09999999999999998,33.223684210526315,53.61842105263158
probability,0.75,2.0,0.925,0.07499999999999996,33.223684210526315,53.61842105263158
probability,0.75,2.0,0.95,0.050000000000000044,33.223684210526315,53.61842105263158
probability,0.75,2.5,0.9,0.09999999999999998,33.223684210526315,53.61842105263158
probability,0.75,3.0,0.875,0.125,33.223684210526315,53.61842105263158
probability,0.75,4.0,0.775,0.22499999999999998,33.223684210526315,53.61842105263158
probability,1.0,1.25,0.975,0.025000000000000022,33.223684210526315,53.61842105263158
probability,1.0,1.5,0.975,0.025000000000000022,33.223684210526315,53.61842105263158
probability,1.0,2.0,0.95,0.050000000000000044,33.223684210526315,53.61842105263158
probability,1.0,3.0,0.1,0.9,33.223684210526315,53.61842105263158
probability,1.25,0.5,0.875,0.125,33.223684210526315,53.61842105263158
probability,1.25,2.0,0.975,0.025000000000000022,33.223684210526315,53.61842105263158
probability,1.5,2.0,0.975,0.025000000000000022,33.223684210526315,53.61842105263158
probability,1.5,2.5,0.975,0.025000000000000022,33.223684210526315,53.61842105263158
probability,1.5,3.0,0.225,0.775,33.223684210526315,53.61842105263158
log_probability,1.0,0.75,0.55,0.44999999999999996,33.223684210526315,53.61842105263158
log_probability,1.5,1.25,0.525,0.475,33.223684210526315,53.61842105263158
log_probability,2.0,1.5,0.55,0.44999999999999996,33.223684210526315,53.61842105263158
log_probability,3.0,2.5,0.525,0.475,33.223684210526315,53.61842105263158
log_probability,4.0,3.0,0.55,0.44999999999999996,33.223684210526315,53.61842105263158
probability,0.5,0.5,0.95,0.050000000000000044,33.223684210526315,53.289473684210535
probability,0.5,0.75,0.875,0.125,33.223684210526315,53.289473684210535
probability,0.5,1.0,0.825,0.17500000000000004,33.223684210526315,53.289473684210535
probability,0.5,1.25,0.975,0.025000000000000022,33.223684210526315,53.289473684210535
probability,0.75,4.0,0.8,0.19999999999999996,33.223684210526315,53.289473684210535
probability,1.0,2.0,0.2,0.8,33.223684210526315,53.289473684210535
probability,0.5,1.0,0.325,0.675,33.223684210526315,52.960526315789465
probability,0.5,2.5,0.9,0.09999999999999998,33.223684210526315,52.960526315789465
probability,0.5,3.0,0.85,0.15000000000000002,33.223684210526315,52.960526315789465
probability,0.5,3.0,0.875,0.125,33.223684210526315,52.960526315789465
probability,0.5,3.0,0.9,0.09999999999999998,33.223684210526315,52.960526315789465
probability,0.5,4.0,0.75,0.25,33.223684210526315,52.960526315789465
probability,0.5,4.0,0.775,0.22499999999999998,33.223684210526315,52.960526315789465
probability,0.5,4.0,0.8,0.19999999999999996,33.223684210526315,52.960526315789465
probability,0.5,4.0,0.825,0.17500000000000004,33.223684210526315,52.960526315789465
probability,0.5,4.0,0.85,0.15000000000000002,33.223684210526315,52.960526315789465
probability,0.75,4.0,0.825,0.17500000000000004,33.223684210526315,52.960526315789465
probability,0.75,4.0,0.85,0.15000000000000002,33.223684210526315,52.960526315789465
probability,1.0,3.0,0.925,0.07499999999999996,33.223684210526315,52.960526315789465
probability,1.0,4.0,0.875,0.125,33.223684210526315,52.960526315789465
probability,1.0,4.0,0.9,0.09999999999999998,33.223684210526315,52.960526315789465
probability,1.25,3.0,0.95,0.050000000000000044,33.223684210526315,52.960526315789465
probability,1.25,4.0,0.925,0.07499999999999996,33.223684210526315,52.960526315789465
probability,0.5,1.5,0.975,0.025000000000000022,33.223684210526315,52.63157894736842
probability,0.5,2.0,0.95,0.050000000000000044,33.223684210526315,52.63157894736842
probability,0.5,2.5,0.925,0.07499999999999996,33.223684210526315,52.63157894736842
probability,0.5,2.5,0.95,0.050000000000000044,33.223684210526315,52.63157894736842
probability,0.5,3.0,0.925,0.07499999999999996,33.223684210526315,52.63157894736842
probability,0.5,4.0,0.875,0.125,33.223684210526315,52.63157894736842
probability,0.75,2.0,0.975,0.025000000000000022,33.223684210526315,52.63157894736842
probability,0.75,2.5,0.925,0.07499999999999996,33.223684210526315,52.63157894736842
probability,0.75,2.5,0.95,0.050000000000000044,33.223684210526315,52.63157894736842
probability,0.75,2.5,0.975,0.025000000000000022,33.223684210526315,52.63157894736842
probability,0.75,3.0,0.9,0.09999999999999998,33.223684210526315,52.63157894736842
probability,0.75,3.0,0.925,0.07499999999999996,33.223684210526315,52.63157894736842
probability,0.75,3.0,0.95,0.050000000000000044,33.223684210526315,52.63157894736842
probability,0.75,3.0,0.975,0.025000000000000022,33.223684210526315,52.63157894736842
probability,0.75,4.0,0.875,0.125,33.223684210526315,52.63157894736842
probability,0.75,4.0,0.9,0.09999999999999998,33.223684210526315,52.63157894736842
probability,0.75,4.0,0.925,0.07499999999999996,33.223684210526315,52.63157894736842
probability,0.75,4.0,0.95,0.050000000000000044,33.223684210526315,52.63157894736842
probability,1.0,2.0,0.975,0.025000000000000022,33.223684210526315,52.63157894736842
probability,1.0,2.5,0.95,0.050000000000000044,33.223684210526315,52.63157894736842
probability,1.0,2.5,0.975,0.025000000000000022,33.223684210526315,52.63157894736842
probability,1.0,3.0,0.95,0.050000000000000044,33.223684210526315,52.63157894736842
probability,1.0,3.0,0.975,0.025000000000000022,33.223684210526315,52.63157894736842
probability,1.0,4.0,0.925,0.07499999999999996,33.223684210526315,52.63157894736842
probability,1.0,4.0,0.95,0.050000000000000044,33.223684210526315,52.63157894736842
probability,1.0,4.0,0.975,0.025000000000000022,33.223684210526315,52.63157894736842
probability,1.25,2.5,0.975,0.025000000000000022,33.223684210526315,52.63157894736842
probability,1.25,3.0,0.975,0.025000000000000022,33.223684210526315,52.63157894736842
probability,1.25,4.0,0.95,0.050000000000000044,33.223684210526315,52.63157894736842
probability,1.25,4.0,0.975,0.025000000000000022,33.223684210526315,52.63157894736842
probability,1.5,3.0,0.975,0.025000000000000022,33.223684210526315,52.63157894736842
probability,1.5,4.0,0.975,0.025000000000000022,33.223684210526315,52.63157894736842
probability,2.0,1.25,0.8,0.19999999999999996,32.89473684210527,57.56578947368421
probability,4.0,2.5,0.75,0.25,32.89473684210527,57.56578947368421
probability,1.5,1.25,0.675,0.32499999999999996,32.89473684210527,57.23684210526315
probability,3.0,2.5,0.65,0.35,32.89473684210527,57.23684210526315
probability,1.5,1.5,0.575,0.42500000000000004,32.89473684210527,56.25
probability,2.5,3.0,0.475,0.525,32.89473684210527,55.92105263157895
probability,1.25,1.0,0.7,0.30000000000000004,32.89473684210527,55.5921052631579
probability,1.5,1.0,0.775,0.22499999999999998,32.89473684210527,55.5921052631579
probability,1.0,1.0,0.6,0.4,32.89473684210527,54.93421052631579
probability,2.0,3.0,0.35,0.65,32.89473684210527,54.93421052631579
probability,0.75,1.25,0.925,0.07499999999999996,32.89473684210527,54.60526315789473
probability,1.25,4.0,0.1,0.9,32.89473684210527,54.276315789473685
probability,2.0,4.0,0.9,0.09999999999999998,32.89473684210527,54.276315789473685
probability,4.0,4.0,0.975,0.025000000000000022,32.89473684210527,54.276315789473685
probability,0.75,1.0,0.95,0.050000000000000044,32.89473684210527,53.94736842105263
probability,1.0,0.75,0.975,0.025000000000000022,32.89473684210527,53.94736842105263
probability,1.0,1.0,0.975,0.025000000000000022,32.89473684210527,53.94736842105263
probability,1.25,3.0,0.15,0.85,32.89473684210527,53.94736842105263
probability,0.5,0.5,0.575,0.42500000000000004,32.89473684210527,53.61842105263158
probability,0.5,1.0,0.85,0.15000000000000002,32.89473684210527,53.61842105263158
probability,0.75,0.75,0.95,0.050000000000000044,32.89473684210527,53.61842105263158
probability,1.0,0.5,0.8,0.19999999999999996,32.89473684210527,53.61842105263158
log_probability,0.5,0.5,0.475,0.525,32.89473684210527,53.61842105263158
log_probability,0.5,0.75,0.375,0.625,32.89473684210527,53.61842105263158
log_probability,0.75,0.5,0.575,0.42500000000000004,32.89473684210527,53.61842105263158
log_probability,0.75,0.75,0.475,0.525,32.89473684210527,53.61842105263158
log_probability,1.0,1.0,0.475,0.525,32.89473684210527,53.61842105263158
log_probability,1.0,1.5,0.375,0.625,32.89473684210527,53.61842105263158
log_probability,1.25,0.75,0.6,0.4,32.89473684210527,53.61842105263158
log_probability,1.25,1.25,0.475,0.525,32.89473684210527,53.61842105263158
log_probability,1.25,3.0,0.275,0.725,32.89473684210527,53.61842105263158
log_probability,1.5,1.0,0.575,0.42500000000000004,32.89473684210527,53.61842105263158
log_probability,1.5,1.5,0.475,0.525,32.89473684210527,53.61842105263158
log_probability,2.0,2.0,0.475,0.525,32.89473684210527,53.61842105263158
log_probability,2.0,3.0,0.375,0.625,32.89473684210527,53.61842105263158
log_probability,2.5,0.75,0.75,0.25,32.89473684210527,53.61842105263158
log_probability,2.5,1.5,0.6,0.4,32.89473684210527,53.61842105263158
log_probability,2.5,2.5,0.475,0.525,32.89473684210527,53.61842105263158
log_probability,3.0,2.0,0.575,0.42500000000000004,32.89473684210527,53.61842105263158
log_probability,3.0,3.0,0.475,0.525,32.89473684210527,53.61842105263158
log_probability,4.0,4.0,0.475,0.525,32.89473684210527,53.61842105263158
probability,0.5,0.5,0.925,0.07499999999999996,32.89473684210527,53.289473684210535
probability,0.5,0.75,0.9,0.09999999999999998,32.89473684210527,53.289473684210535
probability,0.5,1.0,0.875,0.125,32.89473684210527,53.289473684210535
probability,0.5,1.25,0.825,0.17500000000000004,32.89473684210527,53.289473684210535
log_probability,0.75,1.25,0.35,0.65,32.89473684210527,53.289473684210535
log_probability,1.5,2.5,0.35,0.65,32.89473684210527,53.289473684210535
probability,0.75,2.0,0.125,0.875,32.89473684210527,52.960526315789465
probability,0.5,2.0,0.975,0.025000000000000022,32.89473684210527,52.63157894736842
probability,0.5,2.5,0.975,0.025000000000000022,32.89473684210527,52.63157894736842
probability,0.5,3.0,0.95,0.050000000000000044,32.89473684210527,52.63157894736842
probability,0.5,3.0,0.975,0.025000000000000022,32.89473684210527,52.63157894736842
probability,0.5,4.0,0.9,0.09999999999999998,32.89473684210527,52.63157894736842
probability,0.5,4.0,0.925,0.07499999999999996,32.89473684210527,52.63157894736842
probability,0.5,4.0,0.95,0.050000000000000044,32.89473684210527,52.63157894736842
probability,0.5,4.0,0.975,0.025000000000000022,32.89473684210527,52.63157894736842
probability,0.75,4.0,0.975,0.025000000000000022,32.89473684210527,52.63157894736842
log_probability,0.5,1.5,0.225,0.775,32.89473684210527,52.63157894736842
log_probability,0.5,2.5,0.15,0.85,32.89473684210527,52.63157894736842
log_probability,0.5,4.0,0.1,0.9,32.89473684210527,52.63157894736842
log_probability,0.75,1.0,0.4,0.6,32.89473684210527,52.63157894736842
log_probability,0.75,2.0,0.25,0.75,32.89473684210527,52.63157894736842
log_probability,1.0,3.0,0.225,0.775,32.89473684210527,52.63157894736842
log_probability,1.25,1.0,0.525,0.475,32.89473684210527,52.63157894736842
log_probability,1.25,1.5,0.425,0.575,32.89473684210527,52.63157894736842
log_probability,1.25,2.0,0.35,0.65,32.89473684210527,52.63157894736842
log_probability,1.5,0.5,0.725,0.275,32.89473684210527,52.63157894736842
log_probability,1.5,2.0,0.4,0.6,32.89473684210527,52.63157894736842
log_probability,1.5,4.0,0.25,0.75,32.89473684210527,52.63157894736842
log_probability,2.0,0.5,0.775,0.22499999999999998,32.89473684210527,52.63157894736842
log_probability,2.0,0.75,0.7,0.30000000000000004,32.89473684210527,52.63157894736842
log_probability,2.5,2.0,0.525,0.475,32.89473684210527,52.63157894736842
log_probability,2.5,3.0,0.425,0.575,32.89473684210527,52.63157894736842
log_probability,2.5,4.0,0.35,0.65,32.89473684210527,52.63157894736842
log_probability,3.0,0.75,0.775,0.22499999999999998,32.89473684210527,52.63157894736842
log_probability,3.0,1.0,0.725,0.275,32.89473684210527,52.63157894736842
log_probability,3.0,1.25,0.675,0.32499999999999996,32.89473684210527,52.63157894736842
log_probability,3.0,4.0,0.4,0.6,32.89473684210527,52.63157894736842
log_probability,4.0,0.5,0.875,0.125,32.89473684210527,52.63157894736842
log_probability,4.0,0.75,0.825,0.17500000000000004,32.89473684210527,52.63157894736842
log_probability,4.0,1.0,0.775,0.22499999999999998,32.89473684210527,52.63157894736842
log_probability,4.0,1.5,0.7,0.30000000000000004,32.89473684210527,52.63157894736842
probability,0.5,0.5,1.0,0.0,32.89473684210527,52.30263157894737
probability,0.5,0.75,1.0,0.0,32.89473684210527,52.30263157894737
probability,0.5,1.0,1.0,0.0,32.89473684210527,52.30263157894737
probability,0.5,1.25,1.0,0.0,32.89473684210527,52.30263157894737
probability,0.5,1.5,1.0,0.0,32.89473684210527,52.30263157894737
probability,0.5,2.0,1.0,0.0,32.89473684210527,52.30263157894737
probability,0.5,2.5,1.0,0.0,32.89473684210527,52.30263157894737
probability,0.5,3.0,1.0,0.0,32.89473684210527,52.30263157894737
probability,0.5,4.0,1.0,0.0,32.89473684210527,52.30263157894737
probability,0.75,0.5,1.0,0.0,32.89473684210527,52.30263157894737
probability,0.75,0.75,1.0,0.0,32.89473684210527,52.30263157894737
probability,0.75,1.0,1.0,0.0,32.89473684210527,52.30263157894737
probability,0.75,1.25,1.0,0.0,32.89473684210527,52.30263157894737
probability,0.75,1.5,1.0,0.0,32.89473684210527,52.30263157894737
probability,0.75,2.0,1.0,0.0,32.89473684210527,52.30263157894737
probability,0.75,2.5,1.0,0.0,32.89473684210527,52.30263157894737
probability,0.75,3.0,1.0,0.0,32.89473684210527,52.30263157894737
probability,0.75,4.0,1.0,0.0,32.89473684210527,52.30263157894737
probability,1.0,0.5,1.0,0.0,32.89473684210527,52.30263157894737
probability,1.0,0.75,1.0,0.0,32.89473684210527,52.30263157894737
probability,1.0,1.0,1.0,0.0,32.89473684210527,52.30263157894737
probability,1.0,1.25,1.0,0.0,32.89473684210527,52.30263157894737
probability,1.0,1.5,1.0,0.0,32.89473684210527,52.30263157894737
probability,1.0,2.0,1.0,0.0,32.89473684210527,52.30263157894737
probability,1.0,2.5,1.0,0.0,32.89473684210527,52.30263157894737
probability,1.0,3.0,1.0,0.0,32.89473684210527,52.30263157894737
probability,1.0,4.0,1.0,0.0,32.89473684210527,52.30263157894737
probability,1.25,0.5,1.0,0.0,32.89473684210527,52.30263157894737
probability,1.25,0.75,1.0,0.0,32.89473684210527,52.30263157894737
probability,1.25,1.0,1.0,0.0,32.89473684210527,52.30263157894737
probability,1.25,1.25,1.0,0.0,32.89473684210527,52.30263157894737
probability,1.25,1.5,1.0,0.0,32.89473684210527,52.30263157894737
probability,1.25,2.0,1.0,0.0,32.89473684210527,52.30263157894737
probability,1.25,2.5,1.0,0.0,32.89473684210527,52.30263157894737
probability,1.25,3.0,1.0,0.0,32.89473684210527,52.30263157894737
probability,1.25,4.0,1.0,0.0,32.89473684210527,52.30263157894737
probability,1.5,0.5,1.0,0.0,32.89473684210527,52.30263157894737
probability,1.5,0.75,1.0,0.0,32.89473684210527,52.30263157894737
probability,1.5,1.0,1.0,0.0,32.89473684210527,52.30263157894737
probability,1.5,1.25,1.0,0.0,32.89473684210527,52.30263157894737
probability,1.5,1.5,1.0,0.0,32.89473684210527,52.30263157894737
probability,1.5,2.0,1.0,0.0,32.89473684210527,52.30263157894737
probability,1.5,2.5,1.0,0.0,32.89473684210527,52.30263157894737
probability,1.5,3.0,1.0,0.0,32.89473684210527,52.30263157894737
probability,1.5,4.0,1.0,0.0,32.89473684210527,52.30263157894737
probability,2.0,0.5,1.0,0.0,32.89473684210527,52.30263157894737
probability,2.0,0.75,1.0,0.0,32.89473684210527,52.30263157894737
probability,2.0,1.0,1.0,0.0,32.89473684210527,52.30263157894737
probability,2.0,1.25,1.0,0.0,32.89473684210527,52.30263157894737
probability,2.0,1.5,1.0,0.0,32.89473684210527,52.30263157894737
probability,2.0,2.0,1.0,0.0,32.89473684210527,52.30263157894737
probability,2.0,2.5,1.0,0.0,32.89473684210527,52.30263157894737
probability,2.0,3.0,1.0,0.0,32.89473684210527,52.30263157894737
probability,2.0,4.0,1.0,0.0,32.89473684210527,52.30263157894737
probability,2.5,0.5,1.0,0.0,32.89473684210527,52.30263157894737
probability,2.5,0.75,1.0,0.0,32.89473684210527,52.30263157894737
probability,2.5,1.0,1.0,0.0,32.89473684210527,52.30263157894737
probability,2.5,1.25,1.0,0.0,32.89473684210527,52.30263157894737
probability,2.5,1.5,1.0,0.0,32.89473684210527,52.30263157894737
probability,2.5,2.0,1.0,0.0,32.89473684210527,52.30263157894737
probability,2.5,2.5,1.0,0.0,32.89473684210527,52.30263157894737
probability,2.5,3.0,1.0,0.0,32.89473684210527,52.30263157894737
probability,2.5,4.0,1.0,0.0,32.89473684210527,52.30263157894737
probability,3.0,0.5,1.0,0.0,32.89473684210527,52.30263157894737
probability,3.0,0.75,1.0,0.0,32.89473684210527,52.30263157894737
probability,3.0,1.0,1.0,0.0,32.89473684210527,52.30263157894737
probability,3.0,1.25,1.0,0.0,32.89473684210527,52.30263157894737
probability,3.0,1.5,1.0,0.0,32.89473684210527,52.30263157894737
probability,3.0,2.0,1.0,0.0,32.89473684210527,52.30263157894737
probability,3.0,2.5,1.0,0.0,32.89473684210527,52.30263157894737
probability,3.0,3.0,1.0,0.0,32.89473684210527,52.30263157894737
probability,3.0,4.0,1.0,0.0,32.89473684210527,52.30263157894737
probability,4.0,0.5,1.0,0.0,32.89473684210527,52.30263157894737
probability,4.0,0.75,1.0,0.0,32.89473684210527,52.30263157894737
probability,4.0,1.0,1.0,0.0,32.89473684210527,52.30263157894737
probability,4.0,1.25,1.0,0.0,32.89473684210527,52.30263157894737
probability,4.0,1.5,1.0,0.0,32.89473684210527,52.30263157894737
probability,4.0,2.0,1.0,0.0,32.89473684210527,52.30263157894737
probability,4.0,2.5,1.0,0.0,32.89473684210527,52.30263157894737
probability,4.0,3.0,1.0,0.0,32.89473684210527,52.30263157894737
probability,4.0,4.0,1.0,0.0,32.89473684210527,52.30263157894737
log_probability,0.5,0.5,1.0,0.0,32.89473684210527,52.30263157894737
log_probability,0.5,0.75,1.0,0.0,32.89473684210527,52.30263157894737
log_probability,0.5,1.0,1.0,0.0,32.89473684210527,52.30263157894737
log_probability,0.5,1.25,1.0,0.0,32.89473684210527,52.30263157894737
log_probability,0.5,1.5,1.0,0.0,32.89473684210527,52.30263157894737
log_probability,0.5,2.0,1.0,0.0,32.89473684210527,52.30263157894737
log_probability,0.5,2.5,1.0,0.0,32.89473684210527,52.30263157894737
log_probability,0.5,3.0,1.0,0.0,32.89473684210527,52.30263157894737
log_probability,0.5,4.0,1.0,0.0,32.89473684210527,52.30263157894737
log_probability,0.75,0.5,1.0,0.0,32.89473684210527,52.30263157894737
log_probability,0.75,0.75,1.0,0.0,32.89473684210527,52.30263157894737
log_probability,0.75,1.0,1.0,0.0,32.89473684210527,52.30263157894737
log_probability,0.75,1.25,1.0,0.0,32.89473684210527,52.30263157894737
log_probability,0.75,1.5,1.0,0.0,32.89473684210527,52.30263157894737
log_probability,0.75,2.0,1.0,0.0,32.89473684210527,52.30263157894737
log_probability,0.75,2.5,1.0,0.0,32.89473684210527,52.30263157894737
log_probability,0.75,3.0,1.0,0.0,32.89473684210527,52.30263157894737
log_probability,0.75,4.0,1.0,0.0,32.89473684210527,52.30263157894737
log_probability,1.0,0.5,1.0,0.0,32.89473684210527,52.30263157894737
log_probability,1.0,0.75,1.0,0.0,32.89473684210527,52.30263157894737
log_probability,1.0,1.0,1.0,0.0,32.89473684210527,52.30263157894737
log_probability,1.0,1.25,1.0,0.0,32.89473684210527,52.30263157894737
log_probability,1.0,1.5,1.0,0.0,32.89473684210527,52.30263157894737
log_probability,1.0,2.0,1.0,0.0,32.89473684210527,52.30263157894737
log_probability,1.0,2.5,1.0,0.0,32.89473684210527,52.30263157894737
log_probability,1.0,3.0,1.0,0.0,32.89473684210527,52.30263157894737
log_probability,1.0,4.0,1.0,0.0,32.89473684210527,52.30263157894737
log_probability,1.25,0.5,1.0,0.0,32.89473684210527,52.30263157894737
log_probability,1.25,0.75,1.0,0.0,32.89473684210527,52.30263157894737
log_probability,1.25,1.0,1.0,0.0,32.89473684210527,52.30263157894737
log_probability,1.25,1.25,1.0,0.0,32.89473684210527,52.30263157894737
log_probability,1.25,1.5,1.0,0.0,32.89473684210527,52.30263157894737
log_probability,1.25,2.0,1.0,0.0,32.89473684210527,52.30263157894737
log_probability,1.25,2.5,1.0,0.0,32.89473684210527,52.30263157894737
log_probability,1.25,3.0,1.0,0.0,32.89473684210527,52.30263157894737
log_probability,1.25,4.0,1.0,0.0,32.89473684210527,52.30263157894737
log_probability,1.5,0.5,1.0,0.0,32.89473684210527,52.30263157894737
log_probability,1.5,0.75,1.0,0.0,32.89473684210527,52.30263157894737
log_probability,1.5,1.0,1.0,0.0,32.89473684210527,52.30263157894737
log_probability,1.5,1.25,1.0,0.0,32.89473684210527,52.30263157894737
log_probability,1.5,1.5,1.0,0.0,32.89473684210527,52.30263157894737
log_probability,1.5,2.0,1.0,0.0,32.89473684210527,52.30263157894737
log_probability,1.5,2.5,1.0,0.0,32.89473684210527,52.30263157894737
log_probability,1.5,3.0,1.0,0.0,32.89473684210527,52.30263157894737
log_probability,1.5,4.0,1.0,0.0,32.89473684210527,52.30263157894737
log_probability,2.0,0.5,1.0,0.0,32.89473684210527,52.30263157894737
log_probability,2.0,0.75,1.0,0.0,32.89473684210527,52.30263157894737
log_probability,2.0,1.0,1.0,0.0,32.89473684210527,52.30263157894737
log_probability,2.0,1.25,1.0,0.0,32.89473684210527,52.30263157894737
log_probability,2.0,1.5,1.0,0.0,32.89473684210527,52.30263157894737
log_probability,2.0,2.0,1.0,0.0,32.89473684210527,52.30263157894737
log_probability,2.0,2.5,1.0,0.0,32.89473684210527,52.30263157894737
log_probability,2.0,3.0,1.0,0.0,32.89473684210527,52.30263157894737
log_probability,2.0,4.0,1.0,0.0,32.89473684210527,52.30263157894737
log_probability,2.5,0.5,1.0,0.0,32.89473684210527,52.30263157894737
log_probability,2.5,0.75,1.0,0.0,32.89473684210527,52.30263157894737
log_probability,2.5,1.0,1.0,0.0,32.89473684210527,52.30263157894737
log_probability,2.5,1.25,1.0,0.0,32.89473684210527,52.30263157894737
log_probability,2.5,1.5,1.0,0.0,32.89473684210527,52.30263157894737
log_probability,2.5,2.0,1.0,0.0,32.89473684210527,52.30263157894737
log_probability,2.5,2.5,1.0,0.0,32.89473684210527,52.30263157894737
log_probability,2.5,3.0,1.0,0.0,32.89473684210527,52.30263157894737
log_probability,2.5,4.0,1.0,0.0,32.89473684210527,52.30263157894737
log_probability,3.0,0.5,1.0,0.0,32.89473684210527,52.30263157894737
log_probability,3.0,0.75,1.0,0.0,32.89473684210527,52.30263157894737
log_probability,3.0,1.0,1.0,0.0,32.89473684210527,52.30263157894737
log_probability,3.0,1.25,1.0,0.0,32.89473684210527,52.30263157894737
log_probability,3.0,1.5,1.0,0.0,32.89473684210527,52.30263157894737
log_probability,3.0,2.0,1.0,0.0,32.89473684210527,52.30263157894737
log_probability,3.0,2.5,1.0,0.0,32.89473684210527,52.30263157894737
log_probability,3.0,3.0,1.0,0.0,32.89473684210527,52.30263157894737
log_probability,3.0,4.0,1.0,0.0,32.89473684210527,52.30263157894737
log_probability,4.0,0.5,1.0,0.0,32.89473684210527,52.30263157894737
log_probability,4.0,0.75,1.0,0.0,32.89473684210527,52.30263157894737
log_probability,4.0,1.0,1.0,0.0,32.89473684210527,52.30263157894737
log_probability,4.0,1.25,1.0,0.0,32.89473684210527,52.30263157894737
log_probability,4.0,1.5,1.0,0.0,32.89473684210527,52.30263157894737
log_probability,4.0,2.0,1.0,0.0,32.89473684210527,52.30263157894737
log_probability,4.0,2.5,1.0,0.0,32.89473684210527,52.30263157894737
log_probability,4.0,3.0,1.0,0.0,32.89473684210527,52.30263157894737
log_probability,4.0,4.0,1.0,0.0,32.89473684210527,52.30263157894737
rank,1.0,1.0,1.0,0.0,32.89473684210527,52.30263157894737
rank,1.0,1.0,0.5,0.5,32.89473684210527,51.31578947368421
rank,1.0,1.0,0.475,0.525,32.89473684210527,50.6578947368421
probability,2.5,2.5,0.575,0.42500000000000004,32.56578947368421,56.9078947368421
probability,1.25,0.75,0.8,0.19999999999999996,32.56578947368421,55.92105263157895
probability,2.5,2.5,0.55,0.44999999999999996,32.56578947368421,55.92105263157895
probability,2.0,2.5,0.45,0.55,32.56578947368421,55.5921052631579
probability,2.0,3.0,0.375,0.625,32.56578947368421,55.26315789473685
probability,2.0,4.0,0.25,0.75,32.56578947368421,55.26315789473685
probability,4.0,4.0,0.525,0.475,32.56578947368421,55.26315789473685
probability,0.75,0.75,0.575,0.42500000000000004,32.56578947368421,54.60526315789473
probability,0.75,0.5,0.7,0.30000000000000004,32.56578947368421,54.276315789473685
probability,0.75,0.5,0.975,0.025000000000000022,32.56578947368421,54.276315789473685
probability,0.75,0.75,0.55,0.44999999999999996,32.56578947368421,54.276315789473685
probability,1.0,1.5,0.35,0.65,32.56578947368421,54.276315789473685
probability,1.25,2.0,0.3,0.7,32.56578947368421,53.289473684210535
probability,0.5,1.0,0.3,0.7,32.56578947368421,52.960526315789465
probability,0.75,1.5,0.225,0.775,32.56578947368421,52.960526315789465
probability,1.0,2.5,0.125,0.875,32.56578947368421,52.960526315789465
log_probability,0.5,1.0,0.3,0.7,32.56578947368421,52.63157894736842
log_probability,0.5,3.0,0.125,0.875,32.56578947368421,52.63157894736842
log_probability,0.75,1.5,0.3,0.7,32.56578947368421,52.63157894736842
log_probability,1.0,2.0,0.3,0.7,32.56578947368421,52.63157894736842
log_probability,1.25,2.5,0.3,0.7,32.56578947368421,52.63157894736842
log_probability,1.5,3.0,0.3,0.7,32.56578947368421,52.63157894736842
log_probability,2.0,4.0,0.3,0.7,32.56578947368421,52.63157894736842
probability,0.5,2.0,0.075,0.925,32.56578947368421,52.30263157894737
rank,1.0,1.0,0.325,0.675,32.56578947368421,50.98684210526315
rank,1.0,1.0,0.3,0.7,32.56578947368421,50.32894736842105
probability,3.0,1.25,0.9,0.09999999999999998,32.23684210526316,58.55263157894737
probability,3.0,2.0,0.75,0.25,32.23684210526316,58.223684210526315
probability,2.0,1.25,0.775,0.22499999999999998,32.23684210526316,57.89473684210527
probability,2.0,1.5,0.7,0.30000000000000004,32.23684210526316,57.89473684210527
probability,2.0,1.5,0.725,0.275,32.23684210526316,57.89473684210527
probability,2.5,1.25,0.85,0.15000000000000002,32.23684210526316,57.89473684210527
probability,4.0,2.0,0.825,0.17500000000000004,32.23684210526316,57.89473684210527
probability,4.0,0.75,0.975,0.025000000000000022,32.23684210526316,56.57894736842105
probability,2.0,2.0,0.575,0.42500000000000004,32.23684210526316,56.25
probability,3.0,2.0,0.725,0.275,32.23684210526316,56.25
probability,1.5,1.5,0.55,0.44999999999999996,32.23684210526316,55.5921052631579
probability,4.0,2.5,0.725,0.275,32.23684210526316,55.5921052631579
probability,4.0,3.0,0.65,0.35,32.23684210526316,55.5921052631579
probability,1.25,1.25,0.575,0.42500000000000004,32.23684210526316,55.26315789473685
probability,2.5,3.0,0.45,0.55,32.23684210526316,54.93421052631579
probability,2.5,4.0,0.325,0.675,32.23684210526316,54.93421052631579
probability,1.5,2.0,0.4,0.6,32.23684210526316,54.60526315789473
probability,2.0,0.5,0.95,0.050000000000000044,32.23684210526316,54.60526315789473
probability,2.0,2.5,0.425,0.575,32.23684210526316,54.60526315789473
probability,3.0,4.0,0.4,0.6,32.23684210526316,54.60526315789473
probability,1.25,1.5,0.45,0.55,32.23684210526316,54.276315789473685
probability,2.0,4.0,0.225,0.775,32.23684210526316,54.276315789473685
probability,0.75,1.0,0.425,0.575,32.23684210526316,53.94736842105263
probability,1.0,1.25,0.45,0.55,32.23684210526316,53.94736842105263
probability,2.0,3.0,0.325,0.675,32.23684210526316,53.94736842105263
probability,3.0,4.0,0.375,0.625,32.23684210526316,53.94736842105263
probability,2.5,4.0,0.3,0.7,32.23684210526316,53.61842105263158
log_probability,0.5,1.25,0.25,0.75,32.23684210526316,52.63157894736842
log_probability,0.5,2.0,0.175,0.825,32.23684210526316,52.63157894736842
log_probability,0.75,2.5,0.2,0.8,32.23684210526316,52.63157894736842
log_probability,0.75,3.0,0.175,0.825,32.23684210526316,52.63157894736842
log_probability,1.0,0.5,0.625,0.375,32.23684210526316,52.63157894736842
log_probability,1.0,1.25,0.4,0.6,32.23684210526316,52.63157894736842
log_probability,1.0,2.5,0.25,0.75,32.23684210526316,52.63157894736842
log_probability,1.0,4.0,0.175,0.825,32.23684210526316,52.63157894736842
log_probability,1.5,0.75,0.625,0.375,32.23684210526316,52.63157894736842
log_probability,1.5,1.25,0.5,0.5,32.23684210526316,52.63157894736842
log_probability,2.0,1.0,0.625,0.375,32.23684210526316,52.63157894736842
log_probability,2.0,1.25,0.575,0.42500000000000004,32.23684210526316,52.63157894736842
log_probability,2.0,2.5,0.4,0.6,32.23684210526316,52.63157894736842
log_probability,2.5,1.25,0.625,0.375,32.23684210526316,52.63157894736842
log_probability,3.0,1.5,0.625,0.375,32.23684210526316,52.63157894736842
log_probability,3.0,2.5,0.5,0.5,32.23684210526316,52.63157894736842
log_probability,4.0,2.0,0.625,0.375,32.23684210526316,52.63157894736842
log_probability,4.0,2.5,0.575,0.42500000000000004,32.23684210526316,52.63157894736842
log_probability,1.25,0.5,0.675,0.32499999999999996,32.23684210526316,52.30263157894737
log_probability,2.5,1.0,0.675,0.32499999999999996,32.23684210526316,52.30263157894737
probability,0.75,2.5,0.075,0.925,32.23684210526316,51.973684210526315
probability,1.0,4.0,0.05,0.95,32.23684210526316,50.6578947368421
rank,1.0,1.0,0.45,0.55,32.23684210526316,50.6578947368421
rank,1.0,1.0,0.425,0.575,32.23684210526316,50.32894736842105
probability,3.0,1.5,0.85,0.15000000000000002,31.907894736842106,58.88157894736842
probability,2.5,1.5,0.8,0.19999999999999996,31.907894736842106,58.55263157894737
probability,2.5,2.0,0.675,0.32499999999999996,31.907894736842106,56.9078947368421
probability,1.5,1.25,0.65,0.35,31.907894736842106,56.25
probability,1.5,0.75,0.85,0.15000000000000002,31.907894736842106,55.92105263157895
probability,2.5,2.0,0.65,0.35,31.907894736842106,55.92105263157895
probability,3.0,2.5,0.625,0.375,31.907894736842106,55.92105263157895
probability,1.25,1.0,0.675,0.32499999999999996,31.907894736842106,55.5921052631579
probability,2.0,2.0,0.55,0.44999999999999996,31.907894736842106,55.26315789473685
probability,2.5,2.0,0.625,0.375,31.907894736842106,55.26315789473685
probability,2.5,2.5,0.525,0.475,31.907894736842106,54.93421052631579
probability,3.0,2.5,0.6,0.4,31.907894736842106,54.93421052631579
probability,3.0,3.0,0.5,0.5,31.907894736842106,54.93421052631579
probability,3.0,3.0,0.525,0.475,31.907894736842106,54.93421052631579
probability,0.75,0.5,0.675,0.32499999999999996,31.907894736842106,54.60526315789473
probability,1.0,1.0,0.55,0.44999999999999996,31.907894736842106,54.60526315789473
probability,1.25,1.25,0.55,0.44999999999999996,31.907894736842106,54.60526315789473
probability,1.0,1.0,0.575,0.42500000000000004,31.907894736842106,54.276315789473685
probability,1.5,3.0,0.2,0.8,31.907894736842106,54.276315789473685
probability,2.0,2.5,0.4,0.6,31.907894736842106,54.276315789473685
probability,2.5,3.0,0.425,0.575,31.907894736842106,54.276315789473685
probability,1.0,1.25,0.425,0.575,31.907894736842106,53.94736842105263
probability,1.0,1.5,0.325,0.675,31.907894736842106,53.94736842105263
probability,1.25,2.5,0.2,0.8,31.907894736842106,53.94736842105263
probability,4.0,4.0,0.5,0.5,31.907894736842106,53.94736842105263
probability,1.5,2.5,0.275,0.725,31.907894736842106,53.61842105263158
probability,1.5,4.0,0.125,0.875,31.907894736842106,53.61842105263158
probability,0.75,1.0,0.4,0.6,31.907894736842106,53.289473684210535
probability,0.75,1.25,0.3,0.7,31.907894736842106,53.289473684210535
probability,1.25,2.0,0.275,0.725,31.907894736842106,53.289473684210535
probability,3.0,4.0,0.35,0.65,31.907894736842106,52.960526315789465
probability,2.0,4.0,0.2,0.8,31.907894736842106,52.63157894736842
log_probability,1.0,0.75,0.525,0.475,31.907894736842106,52.30263157894737
log_probability,2.0,1.5,0.525,0.475,31.907894736842106,52.30263157894737
log_probability,4.0,3.0,0.525,0.475,31.907894736842106,52.30263157894737
probability,0.5,1.25,0.2,0.8,31.907894736842106,51.64473684210527
log_probability,0.5,0.5,0.45,0.55,31.907894736842106,51.64473684210527
log_probability,0.5,0.75,0.35,0.65,31.907894736842106,51.64473684210527
log_probability,0.75,0.5,0.55,0.44999999999999996,31.907894736842106,51.64473684210527
log_probability,0.75,0.75,0.45,0.55,31.907894736842106,51.64473684210527
log_probability,0.75,1.0,0.375,0.625,31.907894736842106,51.64473684210527
log_probability,0.75,1.25,0.325,0.675,31.907894736842106,51.64473684210527
log_probability,1.0,1.0,0.45,0.55,31.907894736842106,51.64473684210527
log_probability,1.0,1.5,0.35,0.65,31.907894736842106,51.64473684210527
log_probability,1.25,0.75,0.575,0.42500000000000004,31.907894736842106,51.64473684210527
log_probability,1.25,1.0,0.5,0.5,31.907894736842106,51.64473684210527
log_probability,1.25,1.25,0.45,0.55,31.907894736842106,51.64473684210527
log_probability,1.25,1.5,0.4,0.6,31.907894736842106,51.64473684210527
log_probability,1.25,3.0,0.25,0.75,31.907894736842106,51.64473684210527
log_probability,1.25,4.0,0.2,0.8,31.907894736842106,51.64473684210527
log_probability,1.5,1.0,0.55,0.44999999999999996,31.907894736842106,51.64473684210527
log_probability,1.5,1.5,0.45,0.55,31.907894736842106,51.64473684210527
log_probability,1.5,2.0,0.375,0.625,31.907894736842106,51.64473684210527
log_probability,1.5,2.5,0.325,0.675,31.907894736842106,51.64473684210527
log_probability,2.0,2.0,0.45,0.55,31.907894736842106,51.64473684210527
log_probability,2.0,3.0,0.35,0.65,31.907894736842106,51.64473684210527
log_probability,2.5,0.5,0.8,0.19999999999999996,31.907894736842106,51.64473684210527
log_probability,2.5,0.75,0.725,0.275,31.907894736842106,51.64473684210527
log_probability,2.5,1.5,0.575,0.42500000000000004,31.907894736842106,51.64473684210527
log_probability,2.5,2.0,0.5,0.5,31.907894736842106,51.64473684210527
log_probability,2.5,2.5,0.45,0.55,31.907894736842106,51.64473684210527
log_probability,2.5,3.0,0.4,0.6,31.907894736842106,51.64473684210527
log_probability,3.0,0.5,0.825,0.17500000000000004,31.907894736842106,51.64473684210527
log_probability,3.0,2.0,0.55,0.44999999999999996,31.907894736842106,51.64473684210527
log_probability,3.0,3.0,0.45,0.55,31.907894736842106,51.64473684210527
log_probability,3.0,4.0,0.375,0.625,31.907894736842106,51.64473684210527
log_probability,4.0,1.25,0.725,0.275,31.907894736842106,51.64473684210527
log_probability,4.0,4.0,0.45,0.55,31.907894736842106,51.64473684210527
probability,0.75,3.0,0.05,0.95,31.907894736842106,51.31578947368421
rank,1.0,1.0,0.375,0.625,31.907894736842106,51.31578947368421
log_probability,2.0,0.75,0.675,0.32499999999999996,31.907894736842106,50.98684210526315
log_probability,4.0,1.5,0.675,0.32499999999999996,31.907894736842106,50.98684210526315
rank,1.0,1.0,0.35,0.65,31.907894736842106,50.98684210526315
log_probability,0.75,2.0,0.225,0.775,31.907894736842106,50.6578947368421
log_probability,1.25,2.0,0.325,0.675,31.907894736842106,50.6578947368421
log_probability,1.5,0.5,0.7,0.30000000000000004,31.907894736842106,50.6578947368421
log_probability,1.5,4.0,0.225,0.775,31.907894736842106,50.6578947368421
log_probability,2.5,4.0,0.325,0.675,31.907894736842106,50.6578947368421
log_probability,3.0,1.0,0.7,0.30000000000000004,31.907894736842106,50.6578947368421
log_probability,3.0,1.25,0.65,0.35,31.907894736842106,50.6578947368421
rank,1.0,1.0,0.4,0.6,31.907894736842106,50.6578947368421
log_probability,0.5,1.0,0.275,0.725,31.907894736842106,50.32894736842105
log_probability,0.5,1.5,0.2,0.8,31.907894736842106,50.32894736842105
log_probability,0.75,1.5,0.275,0.725,31.907894736842106,50.32894736842105
log_probability,0.75,4.0,0.125,0.875,31.907894736842106,50.32894736842105
log_probability,1.0,0.5,0.6,0.4,31.907894736842106,50.32894736842105
log_probability,1.0,0.75,0.5,0.5,31.907894736842106,50.32894736842105
log_probability,1.0,1.25,0.375,0.625,31.907894736842106,50.32894736842105
log_probability,1.0,2.0,0.275,0.725,31.907894736842106,50.32894736842105
log_probability,1.0,3.0,0.2,0.8,31.907894736842106,50.32894736842105
log_probability,1.25,2.5,0.275,0.725,31.907894736842106,50.32894736842105
log_probability,1.5,0.75,0.6,0.4,31.907894736842106,50.32894736842105
log_probability,1.5,1.25,0.475,0.525,31.907894736842106,50.32894736842105
log_probability,1.5,3.0,0.275,0.725,31.907894736842106,50.32894736842105
log_probability,2.0,0.5,0.75,0.25,31.907894736842106,50.32894736842105
log_probability,2.0,1.0,0.6,0.4,31.907894736842106,50.32894736842105
log_probability,2.0,1.25,0.55,0.44999999999999996,31.907894736842106,50.32894736842105
log_probability,2.0,1.5,0.5,0.5,31.907894736842106,50.32894736842105
log_probability,2.0,2.5,0.375,0.625,31.907894736842106,50.32894736842105
log_probability,2.0,4.0,0.275,0.725,31.907894736842106,50.32894736842105
log_probability,2.5,1.25,0.6,0.4,31.907894736842106,50.32894736842105
log_probability,3.0,0.75,0.75,0.25,31.907894736842106,50.32894736842105
log_probability,3.0,1.5,0.6,0.4,31.907894736842106,50.32894736842105
log_probability,3.0,2.5,0.475,0.525,31.907894736842106,50.32894736842105
log_probability,4.0,0.75,0.8,0.19999999999999996,31.907894736842106,50.32894736842105
log_probability,4.0,1.0,0.75,0.25,31.907894736842106,50.32894736842105
log_probability,4.0,2.0,0.6,0.4,31.907894736842106,50.32894736842105
log_probability,4.0,2.5,0.55,0.44999999999999996,31.907894736842106,50.32894736842105
log_probability,4.0,3.0,0.5,0.5,31.907894736842106,50.32894736842105
log_probability,1.25,2.0,0.3,0.7,31.907894736842106,50.0
log_probability,2.0,1.25,0.525,0.475,31.907894736842106,50.0
log_probability,2.5,0.5,0.775,0.22499999999999998,31.907894736842106,50.0
log_probability,2.5,4.0,0.3,0.7,31.907894736842106,50.0
log_probability,4.0,2.5,0.525,0.475,31.907894736842106,50.0
log_probability,1.0,0.5,0.575,0.42500000000000004,31.907894736842106,49.67105263157895
log_probability,1.0,0.75,0.475,0.525,31.907894736842106,49.67105263157895
log_probability,1.0,1.25,0.35,0.65,31.907894736842106,49.67105263157895
log_probability,1.25,4.0,0.175,0.825,31.907894736842106,49.67105263157895
log_probability,1.5,0.75,0.575,0.42500000000000004,31.907894736842106,49.67105263157895
log_probability,1.5,1.25,0.45,0.55,31.907894736842106,49.67105263157895
log_probability,2.0,1.0,0.575,0.42500000000000004,31.907894736842106,49.67105263157895
log_probability,2.0,1.5,0.475,0.525,31.907894736842106,49.67105263157895
log_probability,2.0,2.5,0.35,0.65,31.907894736842106,49.67105263157895
log_probability,2.5,1.25,0.575,0.42500000000000004,31.907894736842106,49.67105263157895
log_probability,3.0,1.5,0.575,0.42500000000000004,31.907894736842106,49.67105263157895
log_probability,3.0,2.5,0.45,0.55,31.907894736842106,49.67105263157895
log_probability,4.0,2.0,0.575,0.42500000000000004,31.907894736842106,49.67105263157895
log_probability,4.0,3.0,0.475,0.525,31.907894736842106,49.67105263157895
log_probability,0.5,0.5,0.4,0.6,31.907894736842106,49.34210526315789
log_probability,0.5,0.75,0.3,0.7,31.907894736842106,49.34210526315789
log_probability,0.5,1.0,0.25,0.75,31.907894736842106,49.34210526315789
log_probability,0.5,1.5,0.175,0.825,31.907894736842106,49.34210526315789
log_probability,0.5,3.0,0.1,0.9,31.907894736842106,49.34210526315789
log_probability,0.5,4.0,0.075,0.925,31.907894736842106,49.34210526315789
log_probability,0.75,0.5,0.5,0.5,31.907894736842106,49.34210526315789
log_probability,0.75,0.75,0.4,0.6,31.907894736842106,49.34210526315789
log_probability,0.75,1.0,0.325,0.675,31.907894736842106,49.34210526315789
log_probability,0.75,1.5,0.25,0.75,31.907894736842106,49.34210526315789
log_probability,0.75,2.0,0.2,0.8,31.907894736842106,49.34210526315789
log_probability,1.0,1.0,0.4,0.6,31.907894736842106,49.34210526315789
log_probability,1.0,1.5,0.3,0.7,31.907894736842106,49.34210526315789
log_probability,1.0,2.0,0.25,0.75,31.907894736842106,49.34210526315789
log_probability,1.0,3.0,0.175,0.825,31.907894736842106,49.34210526315789
log_probability,1.25,0.5,0.625,0.375,31.907894736842106,49.34210526315789
log_probability,1.25,0.75,0.525,0.475,31.907894736842106,49.34210526315789
log_probability,1.25,1.0,0.45,0.55,31.907894736842106,49.34210526315789
log_probability,1.25,1.25,0.4,0.6,31.907894736842106,49.34210526315789
log_probability,1.25,1.5,0.35,0.65,31.907894736842106,49.34210526315789
log_probability,1.25,2.5,0.25,0.75,31.907894736842106,49.34210526315789
log_probability,1.5,1.0,0.5,0.5,31.907894736842106,49.34210526315789
log_probability,1.5,1.5,0.4,0.6,31.907894736842106,49.34210526315789
log_probability,1.5,2.0,0.325,0.675,31.907894736842106,49.34210526315789
log_probability,1.5,3.0,0.25,0.75,31.907894736842106,49.34210526315789
log_probability,1.5,4.0,0.2,0.8,31.907894736842106,49.34210526315789
log_probability,2.0,0.5,0.725,0.275,31.907894736842106,49.34210526315789
log_probability,2.0,2.0,0.4,0.6,31.907894736842106,49.34210526315789
log_probability,2.0,3.0,0.3,0.7,31.907894736842106,49.34210526315789
log_probability,2.0,4.0,0.25,0.75,31.907894736842106,49.34210526315789
log_probability,2.5,1.0,0.625,0.375,31.907894736842106,49.34210526315789
log_probability,2.5,1.5,0.525,0.475,31.907894736842106,49.34210526315789
log_probability,2.5,2.0,0.45,0.55,31.907894736842106,49.34210526315789
log_probability,2.5,2.5,0.4,0.6,31.907894736842106,49.34210526315789
log_probability,2.5,3.0,0.35,0.65,31.907894736842106,49.34210526315789
log_probability,3.0,0.5,0.8,0.19999999999999996,31.907894736842106,49.34210526315789
log_probability,3.0,0.75,0.725,0.275,31.907894736842106,49.34210526315789
log_probability,3.0,2.0,0.5,0.5,31.907894736842106,49.34210526315789
log_probability,3.0,3.0,0.4,0.6,31.907894736842106,49.34210526315789
log_probability,3.0,4.0,0.325,0.675,31.907894736842106,49.34210526315789
log_probability,4.0,0.75,0.775,0.22499999999999998,31.907894736842106,49.34210526315789
log_probability,4.0,1.0,0.725,0.275,31.907894736842106,49.34210526315789
log_probability,4.0,1.25,0.675,0.32499999999999996,31.907894736842106,49.34210526315789
log_probability,4.0,4.0,0.4,0.6,31.907894736842106,49.34210526315789
log_probability,0.5,0.5,0.375,0.625,31.907894736842106,48.35526315789473
log_probability,0.5,1.25,0.2,0.8,31.907894736842106,48.35526315789473
log_probability,0.75,0.5,0.475,0.525,31.907894736842106,48.35526315789473
log_probability,0.75,0.75,0.375,0.625,31.907894736842106,48.35526315789473
log_probability,0.75,1.25,0.275,0.725,31.907894736842106,48.35526315789473
log_probability,1.0,0.5,0.55,0.44999999999999996,31.907894736842106,48.35526315789473
log_probability,1.0,0.75,0.45,0.55,31.907894736842106,48.35526315789473
log_probability,1.0,1.0,0.375,0.625,31.907894736842106,48.35526315789473
log_probability,1.0,1.25,0.325,0.675,31.907894736842106,48.35526315789473
log_probability,1.0,2.5,0.2,0.8,31.907894736842106,48.35526315789473
log_probability,1.25,0.5,0.6,0.4,31.907894736842106,48.35526315789473
log_probability,1.25,0.75,0.5,0.5,31.907894736842106,48.35526315789473
log_probability,1.25,1.25,0.375,0.625,31.907894736842106,48.35526315789473
log_probability,1.25,2.0,0.275,0.725,31.907894736842106,48.35526315789473
log_probability,1.25,3.0,0.2,0.8,31.907894736842106,48.35526315789473
log_probability,1.5,0.5,0.65,0.35,31.907894736842106,48.35526315789473
log_probability,1.5,0.75,0.55,0.44999999999999996,31.907894736842106,48.35526315789473
log_probability,1.5,1.0,0.475,0.525,31.907894736842106,48.35526315789473
log_probability,1.5,1.25,0.425,0.575,31.907894736842106,48.35526315789473
log_probability,1.5,1.5,0.375,0.625,31.907894736842106,48.35526315789473
log_probability,1.5,2.5,0.275,0.725,31.907894736842106,48.35526315789473
log_probability,2.0,0.75,0.625,0.375,31.907894736842106,48.35526315789473
log_probability,2.0,1.0,0.55,0.44999999999999996,31.907894736842106,48.35526315789473
log_probability,2.0,1.25,0.5,0.5,31.907894736842106,48.35526315789473
log_probability,2.0,1.5,0.45,0.55,31.907894736842106,48.35526315789473
log_probability,2.0,2.0,0.375,0.625,31.907894736842106,48.35526315789473
log_probability,2.0,2.5,0.325,0.675,31.907894736842106,48.35526315789473
log_probability,2.5,0.5,0.75,0.25,31.907894736842106,48.35526315789473
log_probability,2.5,0.75,0.675,0.32499999999999996,31.907894736842106,48.35526315789473
log_probability,2.5,1.0,0.6,0.4,31.907894736842106,48.35526315789473
log_probability,2.5,1.25,0.55,0.44999999999999996,31.907894736842106,48.35526315789473
log_probability,2.5,1.5,0.5,0.5,31.907894736842106,48.35526315789473
log_probability,2.5,2.5,0.375,0.625,31.907894736842106,48.35526315789473
log_probability,2.5,4.0,0.275,0.725,31.907894736842106,48.35526315789473
log_probability,3.0,1.0,0.65,0.35,31.907894736842106,48.35526315789473
log_probability,3.0,1.25,0.6,0.4,31.907894736842106,48.35526315789473
log_probability,3.0,1.5,0.55,0.44999999999999996,31.907894736842106,48.35526315789473
log_probability,3.0,2.0,0.475,0.525,31.907894736842106,48.35526315789473
log_probability,3.0,2.5,0.425,0.575,31.907894736842106,48.35526315789473
log_probability,3.0,3.0,0.375,0.625,31.907894736842106,48.35526315789473
log_probability,4.0,1.5,0.625,0.375,31.907894736842106,48.35526315789473
log_probability,4.0,2.0,0.55,0.44999999999999996,31.907894736842106,48.35526315789473
log_probability,4.0,2.5,0.5,0.5,31.907894736842106,48.35526315789473
log_probability,4.0,3.0,0.45,0.55,31.907894736842106,48.35526315789473
log_probability,4.0,4.0,0.375,0.625,31.907894736842106,48.35526315789473
probability,4.0,1.5,0.9,0.09999999999999998,31.57894736842105,58.88157894736842
probability,2.0,1.5,0.675,0.32499999999999996,31.57894736842105,56.57894736842105
probability,4.0,2.0,0.8,0.19999999999999996,31.57894736842105,56.25
probability,3.0,2.0,0.7,0.30000000000000004,31.57894736842105,55.5921052631579
probability,1.0,0.75,0.675,0.32499999999999996,31.57894736842105,55.26315789473685
probability,3.0,0.5,0.975,0.025000000000000022,31.57894736842105,54.93421052631579
probability,1.5,1.5,0.525,0.475,31.57894736842105,54.60526315789473
probability,3.0,2.5,0.575,0.42500000000000004,31.57894736842105,54.60526315789473
probability,4.0,3.0,0.625,0.375,31.57894736842105,54.60526315789473
probability,1.5,0.5,0.9,0.09999999999999998,31.57894736842105,54.276315789473685
probability,2.5,3.0,0.4,0.6,31.57894736842105,54.276315789473685
probability,1.0,1.25,0.4,0.6,31.57894736842105,53.94736842105263
probability,1.25,0.5,0.85,0.15000000000000002,31.57894736842105,53.94736842105263
probability,2.0,2.0,0.525,0.475,31.57894736842105,53.94736842105263
probability,0.5,0.5,0.55,0.44999999999999996,31.57894736842105,53.61842105263158
probability,1.0,0.5,0.775,0.22499999999999998,31.57894736842105,53.61842105263158
probability,4.0,4.0,0.475,0.525,31.57894736842105,53.61842105263158
probability,1.5,2.0,0.35,0.65,31.57894736842105,53.289473684210535
probability,0.5,0.5,0.525,0.475,31.57894736842105,52.960526315789465
probability,0.75,1.5,0.2,0.8,31.57894736842105,52.960526315789465
probability,1.5,2.0,0.375,0.625,31.57894736842105,52.960526315789465
probability,0.75,1.25,0.275,0.725,31.57894736842105,52.63157894736842
probability,2.5,4.0,0.275,0.725,31.57894736842105,52.30263157894737
probability,1.25,3.0,0.125,0.875,31.57894736842105,51.973684210526315
probability,1.0,3.0,0.075,0.925,31.57894736842105,50.98684210526315
probability,1.25,4.0,0.075,0.925,31.57894736842105,50.98684210526315
log_probability,0.5,0.5,0.425,0.575,31.57894736842105,50.32894736842105
log_probability,0.5,0.75,0.325,0.675,31.57894736842105,50.32894736842105
log_probability,0.5,1.25,0.225,0.775,31.57894736842105,50.32894736842105
log_probability,0.5,2.5,0.125,0.875,31.57894736842105,50.32894736842105
log_probability,0.75,0.5,0.525,0.475,31.57894736842105,50.32894736842105
log_probability,0.75,0.75,0.425,0.575,31.57894736842105,50.32894736842105
log_probability,0.75,1.0,0.35,0.65,31.57894736842105,50.32894736842105
log_probability,0.75,1.25,0.3,0.7,31.57894736842105,50.32894736842105
log_probability,1.0,1.0,0.425,0.575,31.57894736842105,50.32894736842105
log_probability,1.0,1.5,0.325,0.675,31.57894736842105,50.32894736842105
log_probability,1.0,2.5,0.225,0.775,31.57894736842105,50.32894736842105
log_probability,1.25,0.5,0.65,0.35,31.57894736842105,50.32894736842105
log_probability,1.25,0.75,0.55,0.44999999999999996,31.57894736842105,50.32894736842105
log_probability,1.25,1.0,0.475,0.525,31.57894736842105,50.32894736842105
log_probability,1.25,1.25,0.425,0.575,31.57894736842105,50.32894736842105
log_probability,1.25,1.5,0.375,0.625,31.57894736842105,50.32894736842105
log_probability,1.5,1.0,0.525,0.475,31.57894736842105,50.32894736842105
log_probability,1.5,1.5,0.425,0.575,31.57894736842105,50.32894736842105
log_probability,1.5,2.0,0.35,0.65,31.57894736842105,50.32894736842105
log_probability,1.5,2.5,0.3,0.7,31.57894736842105,50.32894736842105
log_probability,2.0,2.0,0.425,0.575,31.57894736842105,50.32894736842105
log_probability,2.0,3.0,0.325,0.675,31.57894736842105,50.32894736842105
log_probability,2.5,1.0,0.65,0.35,31.57894736842105,50.32894736842105
log_probability,2.5,1.5,0.55,0.44999999999999996,31.57894736842105,50.32894736842105
log_probability,2.5,2.0,0.475,0.525,31.57894736842105,50.32894736842105
log_probability,2.5,2.5,0.425,0.575,31.57894736842105,50.32894736842105
log_probability,2.5,3.0,0.375,0.625,31.57894736842105,50.32894736842105
log_probability,3.0,2.0,0.525,0.475,31.57894736842105,50.32894736842105
log_probability,3.0,3.0,0.425,0.575,31.57894736842105,50.32894736842105
log_probability,3.0,4.0,0.35,0.65,31.57894736842105,50.32894736842105
log_probability,4.0,1.25,0.7,0.30000000000000004,31.57894736842105,50.32894736842105
log_probability,4.0,4.0,0.425,0.575,31.57894736842105,50.32894736842105
log_probability,0.5,2.0,0.15,0.85,31.57894736842105,49.67105263157895
log_probability,0.75,2.5,0.175,0.825,31.57894736842105,49.67105263157895
log_probability,0.75,3.0,0.15,0.85,31.57894736842105,49.67105263157895
log_probability,1.0,4.0,0.15,0.85,31.57894736842105,49.67105263157895
log_probability,1.25,3.0,0.225,0.775,31.57894736842105,49.67105263157895
log_probability,1.5,0.5,0.675,0.32499999999999996,31.57894736842105,49.67105263157895
log_probability,2.0,0.75,0.65,0.35,31.57894736842105,49.67105263157895
log_probability,2.5,0.75,0.7,0.30000000000000004,31.57894736842105,49.67105263157895
log_probability,3.0,1.0,0.675,0.32499999999999996,31.57894736842105,49.67105263157895
log_probability,3.0,1.25,0.625,0.375,31.57894736842105,49.67105263157895
log_probability,4.0,0.5,0.85,0.15000000000000002,31.57894736842105,49.67105263157895
log_probability,4.0,1.5,0.65,0.35,31.57894736842105,49.67105263157895
rank,1.0,1.0,0.275,0.725,31.57894736842105,49.67105263157895
rank,1.0,1.0,0.25,0.75,31.57894736842105,48.68421052631579
log_probability,0.75,4.0,0.1,0.9,31.57894736842105,48.35526315789473
log_probability,1.25,1.0,0.425,0.575,31.57894736842105,48.35526315789473
log_probability,2.5,2.0,0.425,0.575,31.57894736842105,48.35526315789473
log_probability,4.0,0.5,0.825,0.17500000000000004,31.57894736842105,48.35526315789473
probability,4.0,1.25,0.925,0.07499999999999996,31.25,58.88157894736842
probability,2.5,1.5,0.775,0.22499999999999998,31.25,57.23684210526315
probability,3.0,1.5,0.825,0.17500000000000004,31.25,57.23684210526315
probability,1.5,1.0,0.75,0.25,31.25,56.57894736842105
probability,4.0,2.5,0.7,0.30000000000000004,31.25,55.26315789473685
probability,1.5,2.5,0.25,0.75,31.25,54.276315789473685
probability,2.5,2.0,0.6,0.4,31.25,54.276315789473685
probability,2.5,2.5,0.5,0.5,31.25,54.276315789473685
probability,0.75,0.5,0.65,0.35,31.25,53.94736842105263
probability,0.75,0.75,0.525,0.475,31.25,53.94736842105263
probability,1.0,1.0,0.525,0.475,31.25,53.94736842105263
probability,1.25,1.5,0.425,0.575,31.25,53.94736842105263
probability,2.0,2.0,0.475,0.525,31.25,53.94736842105263
probability,2.0,3.0,0.3,0.7,31.25,53.94736842105263
probability,4.0,3.0,0.6,0.4,31.25,53.94736842105263
probability,1.25,2.5,0.175,0.825,31.25,53.61842105263158
probability,3.0,3.0,0.475,0.525,31.25,53.61842105263158
probability,1.5,2.5,0.225,0.775,31.25,53.289473684210535
probability,2.0,2.0,0.5,0.5,31.25,53.289473684210535
probability,1.25,2.0,0.25,0.75,31.25,52.960526315789465
probability,0.5,1.5,0.125,0.875,31.25,51.64473684210527
log_probability,0.75,2.5,0.15,0.85,31.25,48.026315789473685
log_probability,2.0,0.5,0.7,0.30000000000000004,31.25,48.026315789473685
log_probability,3.0,0.75,0.7,0.30000000000000004,31.25,48.026315789473685
log_probability,4.0,1.0,0.7,0.30000000000000004,31.25,48.026315789473685
probability,3.0,1.0,0.925,0.07499999999999996,30.92105263157895,57.56578947368421
probability,2.5,1.0,0.9,0.09999999999999998,30.92105263157895,57.23684210526315
probability,1.25,0.75,0.775,0.22499999999999998,30.92105263157895,55.92105263157895
probability,2.0,1.0,0.85,0.15000000000000002,30.92105263157895,55.92105263157895
probability,4.0,2.5,0.675,0.32499999999999996,30.92105263157895,54.93421052631579
probability,1.25,1.25,0.525,0.475,30.92105263157895,54.276315789473685
probability,2.5,2.5,0.475,0.525,30.92105263157895,54.276315789473685
probability,3.0,2.0,0.675,0.32499999999999996,30.92105263157895,54.276315789473685
probability,2.0,2.5,0.375,0.625,30.92105263157895,53.94736842105263
probability,1.0,0.5,0.75,0.25,30.92105263157895,53.61842105263158
probability,0.75,0.5,0.625,0.375,30.92105263157895,53.289473684210535
probability,0.75,1.0,0.375,0.625,30.92105263157895,53.289473684210535
probability,1.0,1.5,0.3,0.7,30.92105263157895,52.960526315789465
probability,1.5,3.0,0.175,0.825,30.92105263157895,52.960526315789465
probability,4.0,4.0,0.45,0.55,30.92105263157895,52.63157894736842
probability,0.75,2.0,0.1,0.9,30.92105263157895,52.30263157894737
probability,1.0,2.0,0.175,0.825,30.92105263157895,52.30263157894737
probability,1.5,4.0,0.1,0.9,30.92105263157895,49.67105263157895
log_probability,0.5,1.0,0.225,0.775,30.92105263157895,47.69736842105263
log_probability,0.5,2.0,0.125,0.875,30.92105263157895,47.69736842105263
log_probability,0.75,1.0,0.3,0.7,30.92105263157895,47.69736842105263
log_probability,0.75,1.5,0.225,0.775,30.92105263157895,47.69736842105263
log_probability,0.75,3.0,0.125,0.875,30.92105263157895,47.69736842105263
log_probability,1.0,2.0,0.225,0.775,30.92105263157895,47.69736842105263
log_probability,1.0,4.0,0.125,0.875,30.92105263157895,47.69736842105263
log_probability,1.25,1.5,0.325,0.675,30.92105263157895,47.69736842105263
log_probability,1.25,2.5,0.225,0.775,30.92105263157895,47.69736842105263
log_probability,1.5,2.0,0.3,0.7,30.92105263157895,47.69736842105263
log_probability,1.5,3.0,0.225,0.775,30.92105263157895,47.69736842105263
log_probability,2.0,4.0,0.225,0.775,30.92105263157895,47.69736842105263
log_probability,2.5,3.0,0.325,0.675,30.92105263157895,47.69736842105263
log_probability,3.0,0.5,0.775,0.22499999999999998,30.92105263157895,47.69736842105263
log_probability,3.0,4.0,0.3,0.7,30.92105263157895,47.69736842105263
log_probability,4.0,1.25,0.65,0.35,30.92105263157895,47.69736842105263
rank,1.0,1.0,0.225,0.775,30.92105263157895,47.368421052631575
probability,4.0,1.5,0.875,0.125,30.592105263157894,56.9078947368421
probability,1.5,0.75,0.825,0.17500000000000004,30.592105263157894,55.92105263157895
probability,3.0,1.5,0.8,0.19999999999999996,30.592105263157894,55.92105263157895
probability,2.5,1.5,0.75,0.25,30.592105263157894,55.5921052631579
probability,1.5,1.25,0.625,0.375,30.592105263157894,55.26315789473685
probability,4.0,2.0,0.775,0.22499999999999998,30.592105263157894,55.26315789473685
probability,1.25,0.75,0.75,0.25,30.592105263157894,54.93421052631579
probability,1.25,1.0,0.65,0.35,30.592105263157894,54.60526315789473
probability,1.0,0.75,0.65,0.35,30.592105263157894,53.94736842105263
probability,1.5,2.0,0.325,0.675,30.592105263157894,53.94736842105263
probability,2.5,2.0,0.575,0.42500000000000004,30.592105263157894,53.94736842105263
probability,2.0,2.0,0.45,0.55,30.592105263157894,53.61842105263158
probability,2.0,2.5,0.35,0.65,30.592105263157894,53.61842105263158
probability,0.5,0.5,0.5,0.5,30.592105263157894,53.289473684210535
probability,0.75,1.25,0.25,0.75,30.592105263157894,52.960526315789465
probability,0.5,0.75,0.425,0.575,30.592105263157894,52.63157894736842
probability,0.75,1.5,0.175,0.825,30.592105263157894,52.63157894736842
probability,2.0,3.0,0.275,0.725,30.592105263157894,52.63157894736842
probability,2.5,3.0,0.375,0.625,30.592105263157894,52.63157894736842
probability,0.5,0.75,0.4,0.6,30.592105263157894,52.30263157894737
probability,1.0,1.5,0.275,0.725,30.592105263157894,52.30263157894737
probability,1.25,2.5,0.15,0.85,30.592105263157894,51.64473684210527
probability,0.5,3.0,0.025,0.975,30.592105263157894,50.32894736842105
probability,2.0,4.0,0.175,0.825,30.592105263157894,50.32894736842105
probability,1.5,3.0,0.15,0.85,30.592105263157894,49.67105263157895
probability,0.75,4.0,0.025,0.975,30.592105263157894,49.34210526315789
log_probability,0.5,0.75,0.275,0.725,30.592105263157894,47.69736842105263
log_probability,0.75,2.0,0.175,0.825,30.592105263157894,47.69736842105263
log_probability,1.0,1.5,0.275,0.725,30.592105263157894,47.69736842105263
log_probability,1.5,4.0,0.175,0.825,30.592105263157894,47.69736842105263
log_probability,2.0,3.0,0.275,0.725,30.592105263157894,47.69736842105263
rank,1.0,1.0,0.2,0.8,30.592105263157894,47.03947368421053
probability,3.0,1.25,0.875,0.125,30.263157894736842,58.223684210526315
probability,2.0,0.75,0.9,0.09999999999999998,30.263157894736842,56.25
probability,2.0,1.5,0.65,0.35,30.263157894736842,54.60526315789473
probability,2.5,1.5,0.725,0.275,30.263157894736842,54.60526315789473
probability,1.5,1.5,0.5,0.5,30.263157894736842,53.61842105263158
probability,1.0,1.0,0.5,0.5,30.263157894736842,53.289473684210535
probability,1.25,0.5,0.825,0.17500000000000004,30.263157894736842,53.289473684210535
probability,1.25,1.5,0.4,0.6,30.263157894736842,53.289473684210535
probability,0.5,1.0,0.275,0.725,30.263157894736842,52.63157894736842
probability,0.5,1.0,0.25,0.75,30.263157894736842,52.30263157894737
probability,1.0,2.5,0.1,0.9,30.263157894736842,51.31578947368421
probability,0.5,1.25,0.175,0.825,30.263157894736842,50.98684210526315
probability,3.0,4.0,0.325,0.675,30.263157894736842,50.98684210526315
log_probability,1.25,4.0,0.15,0.85,30.263157894736842,47.69736842105263
log_probability,2.0,0.75,0.6,0.4,30.263157894736842,47.69736842105263
log_probability,2.0,1.25,0.475,0.525,30.263157894736842,47.69736842105263
log_probability,3.0,1.25,0.575,0.42500000000000004,30.263157894736842,47.69736842105263
log_probability,4.0,0.75,0.75,0.25,30.263157894736842,47.69736842105263
log_probability,4.0,1.5,0.6,0.4,30.263157894736842,47.69736842105263
log_probability,4.0,2.5,0.475,0.525,30.263157894736842,47.69736842105263
probability,4.0,1.0,0.95,0.050000000000000044,29.93421052631579,57.23684210526315
probability,2.5,1.25,0.825,0.17500000000000004,29.93421052631579,56.9078947368421
probability,3.0,0.75,0.95,0.050000000000000044,29.93421052631579,56.9078947368421
probability,2.0,1.0,0.825,0.17500000000000004,29.93421052631579,56.57894736842105
probability,1.5,1.0,0.725,0.275,29.93421052631579,54.93421052631579
probability,1.5,1.25,0.6,0.4,29.93421052631579,54.60526315789473
probability,1.25,1.25,0.5,0.5,29.93421052631579,54.276315789473685
probability,3.0,2.5,0.55,0.44999999999999996,29.93421052631579,54.276315789473685
probability,1.0,0.5,0.725,0.275,29.93421052631579,53.94736842105263
probability,1.25,1.0,0.625,0.375,29.93421052631579,53.94736842105263
probability,1.25,1.25,0.475,0.525,29.93421052631579,53.94736842105263
probability,3.0,2.0,0.65,0.35,29.93421052631579,53.94736842105263
probability,0.75,0.75,0.5,0.5,29.93421052631579,53.61842105263158
probability,1.5,2.0,0.3,0.7,29.93421052631579,53.61842105263158
probability,1.5,1.5,0.45,0.55,29.93421052631579,53.289473684210535
probability,1.5,1.5,0.475,0.525,29.93421052631579,53.289473684210535
probability,0.75,0.5,0.6,0.4,29.93421052631579,52.960526315789465
probability,1.0,1.25,0.375,0.625,29.93421052631579,52.960526315789465
probability,4.0,3.0,0.575,0.42500000000000004,29.93421052631579,52.960526315789465
probability,1.25,2.0,0.225,0.775,29.93421052631579,52.63157894736842
probability,0.5,0.75,0.35,0.65,29.93421052631579,52.30263157894737
probability,0.5,0.75,0.375,0.625,29.93421052631579,52.30263157894737
probability,3.0,3.0,0.45,0.55,29.93421052631579,52.30263157894737
probability,2.0,2.5,0.325,0.675,29.93421052631579,51.973684210526315
probability,1.0,2.0,0.15,0.85,29.93421052631579,51.64473684210527
probability,0.5,1.25,0.15,0.85,29.93421052631579,51.31578947368421
probability,2.5,3.0,0.35,0.65,29.93421052631579,51.31578947368421
probability,2.0,3.0,0.25,0.75,29.93421052631579,50.98684210526315
probability,2.5,4.0,0.25,0.75,29.93421052631579,50.6578947368421
probability,0.5,1.0,0.225,0.775,29.93421052631579,50.32894736842105
probability,4.0,4.0,0.425,0.575,29.93421052631579,50.32894736842105
probability,1.25,3.0,0.1,0.9,29.93421052631579,48.68421052631579
log_probability,0.5,2.5,0.1,0.9,29.93421052631579,47.69736842105263
log_probability,0.75,0.5,0.45,0.55,29.93421052631579,47.69736842105263
log_probability,0.75,1.25,0.25,0.75,29.93421052631579,47.69736842105263
log_probability,1.0,0.5,0.525,0.475,29.93421052631579,47.69736842105263
log_probability,1.0,0.75,0.425,0.575,29.93421052631579,47.69736842105263
log_probability,1.25,0.75,0.475,0.525,29.93421052631579,47.69736842105263
log_probability,1.5,0.5,0.625,0.375,29.93421052631579,47.69736842105263
log_probability,1.5,0.75,0.525,0.475,29.93421052631579,47.69736842105263
log_probability,1.5,1.0,0.45,0.55,29.93421052631579,47.69736842105263
log_probability,1.5,1.25,0.4,0.6,29.93421052631579,47.69736842105263
log_probability,1.5,2.5,0.25,0.75,29.93421052631579,47.69736842105263
log_probability,2.0,1.0,0.525,0.475,29.93421052631579,47.69736842105263
log_probability,2.0,1.5,0.425,0.575,29.93421052631579,47.69736842105263
log_probability,2.5,0.75,0.65,0.35,29.93421052631579,47.69736842105263
log_probability,2.5,1.25,0.525,0.475,29.93421052631579,47.69736842105263
log_probability,2.5,1.5,0.475,0.525,29.93421052631579,47.69736842105263
log_probability,3.0,1.0,0.625,0.375,29.93421052631579,47.69736842105263
log_probability,3.0,1.5,0.525,0.475,29.93421052631579,47.69736842105263
log_probability,3.0,2.0,0.45,0.55,29.93421052631579,47.69736842105263
log_probability,3.0,2.5,0.4,0.6,29.93421052631579,47.69736842105263
log_probability,4.0,2.0,0.525,0.475,29.93421052631579,47.69736842105263
log_probability,4.0,3.0,0.425,0.575,29.93421052631579,47.69736842105263
rank,1.0,1.0,0.175,0.825,29.93421052631579,47.03947368421053
probability,2.5,1.0,0.875,0.125,29.605263157894733,56.9078947368421
probability,2.0,1.25,0.75,0.25,29.605263157894733,56.57894736842105
probability,2.5,1.25,0.8,0.19999999999999996,29.605263157894733,55.92105263157895
probability,2.0,1.25,0.725,0.275,29.605263157894733,55.26315789473685
probability,1.5,1.0,0.7,0.30000000000000004,29.605263157894733,54.60526315789473
probability,4.0,2.0,0.75,0.25,29.605263157894733,54.60526315789473
probability,1.25,1.0,0.6,0.4,29.605263157894733,53.61842105263158
probability,2.5,2.5,0.45,0.55,29.605263157894733,53.61842105263158
probability,2.0,1.5,0.625,0.375,29.605263157894733,53.289473684210535
probability,3.0,1.5,0.775,0.22499999999999998,29.605263157894733,53.289473684210535
probability,0.5,0.5,0.475,0.525,29.605263157894733,52.960526315789465
probability,1.0,1.25,0.35,0.65,29.605263157894733,52.960526315789465
probability,1.25,1.5,0.375,0.625,29.605263157894733,52.960526315789465
probability,4.0,2.5,0.65,0.35,29.605263157894733,52.960526315789465
probability,0.5,0.5,0.45,0.55,29.605263157894733,52.63157894736842
probability,0.75,1.0,0.35,0.65,29.605263157894733,52.63157894736842
probability,3.0,2.5,0.525,0.475,29.605263157894733,52.63157894736842
probability,1.25,1.5,0.35,0.65,29.605263157894733,52.30263157894737
probability,2.5,2.5,0.425,0.575,29.605263157894733,52.30263157894737
probability,0.5,1.5,0.1,0.9,29.605263157894733,51.973684210526315
probability,1.5,2.5,0.2,0.8,29.605263157894733,51.31578947368421
probability,0.75,2.5,0.05,0.95,29.605263157894733,49.67105263157895
log_probability,1.25,0.5,0.575,0.42500000000000004,29.605263157894733,47.69736842105263
log_probability,2.5,1.0,0.575,0.42500000000000004,29.605263157894733,47.69736842105263
log_probability,0.5,0.5,0.35,0.65,29.605263157894733,47.368421052631575
log_probability,0.5,0.75,0.25,0.75,29.605263157894733,47.368421052631575
log_probability,0.5,1.0,0.2,0.8,29.605263157894733,47.368421052631575
log_probability,0.5,1.25,0.175,0.825,29.605263157894733,47.368421052631575
log_probability,0.5,1.5,0.15,0.85,29.605263157894733,47.368421052631575
log_probability,0.75,0.75,0.35,0.65,29.605263157894733,47.368421052631575
log_probability,0.75,1.0,0.275,0.725,29.605263157894733,47.368421052631575
log_probability,0.75,1.5,0.2,0.8,29.605263157894733,47.368421052631575
log_probability,1.0,0.5,0.5,0.5,29.605263157894733,47.368421052631575
log_probability,1.0,0.75,0.4,0.6,29.605263157894733,47.368421052631575
log_probability,1.0,1.0,0.35,0.65,29.605263157894733,47.368421052631575
log_probability,1.0,1.25,0.3,0.7,29.605263157894733,47.368421052631575
log_probability,1.0,1.5,0.25,0.75,29.605263157894733,47.368421052631575
log_probability,1.0,2.0,0.2,0.8,29.605263157894733,47.368421052631575
log_probability,1.0,2.5,0.175,0.825,29.605263157894733,47.368421052631575
log_probability,1.0,3.0,0.15,0.85,29.605263157894733,47.368421052631575
log_probability,1.25,1.0,0.4,0.6,29.605263157894733,47.368421052631575
log_probability,1.25,1.25,0.35,0.65,29.605263157894733,47.368421052631575
log_probability,1.25,2.0,0.25,0.75,29.605263157894733,47.368421052631575
log_probability,1.25,2.5,0.2,0.8,29.605263157894733,47.368421052631575
log_probability,1.25,3.0,0.175,0.825,29.605263157894733,47.368421052631575
log_probability,1.5,0.5,0.6,0.4,29.605263157894733,47.368421052631575
log_probability,1.5,0.75,0.5,0.5,29.605263157894733,47.368421052631575
log_probability,1.5,1.25,0.375,0.625,29.605263157894733,47.368421052631575
log_probability,1.5,1.5,0.35,0.65,29.605263157894733,47.368421052631575
log_probability,1.5,2.0,0.275,0.725,29.605263157894733,47.368421052631575
log_probability,1.5,3.0,0.2,0.8,29.605263157894733,47.368421052631575
log_probability,2.0,0.75,0.575,0.42500000000000004,29.605263157894733,47.368421052631575
log_probability,2.0,1.0,0.5,0.5,29.605263157894733,47.368421052631575
log_probability,2.0,1.25,0.45,0.55,29.605263157894733,47.368421052631575
log_probability,2.0,1.5,0.4,0.6,29.605263157894733,47.368421052631575
log_probability,2.0,2.0,0.35,0.65,29.605263157894733,47.368421052631575
log_probability,2.0,2.5,0.3,0.7,29.605263157894733,47.368421052631575
log_probability,2.0,3.0,0.25,0.75,29.605263157894733,47.368421052631575
log_probability,2.0,4.0,0.2,0.8,29.605263157894733,47.368421052631575
log_probability,2.5,0.75,0.625,0.375,29.605263157894733,47.368421052631575
log_probability,2.5,1.25,0.5,0.5,29.605263157894733,47.368421052631575
log_probability,2.5,2.0,0.4,0.6,29.605263157894733,47.368421052631575
log_probability,2.5,2.5,0.35,0.65,29.605263157894733,47.368421052631575
log_probability,2.5,4.0,0.25,0.75,29.605263157894733,47.368421052631575
log_probability,3.0,0.5,0.75,0.25,29.605263157894733,47.368421052631575
log_probability,3.0,1.0,0.6,0.4,29.605263157894733,47.368421052631575
log_probability,3.0,1.25,0.55,0.44999999999999996,29.605263157894733,47.368421052631575
log_probability,3.0,1.5,0.5,0.5,29.605263157894733,47.368421052631575
log_probability,3.0,2.5,0.375,0.625,29.605263157894733,47.368421052631575
log_probability,3.0,3.0,0.35,0.65,29.605263157894733,47.368421052631575
log_probability,3.0,4.0,0.275,0.725,29.605263157894733,47.368421052631575
log_probability,4.0,0.5,0.8,0.19999999999999996,29.605263157894733,47.368421052631575
log_probability,4.0,0.75,0.725,0.275,29.605263157894733,47.368421052631575
log_probability,4.0,1.5,0.575,0.42500000000000004,29.605263157894733,47.368421052631575
log_probability,4.0,2.0,0.5,0.5,29.605263157894733,47.368421052631575
log_probability,4.0,2.5,0.45,0.55,29.605263157894733,47.368421052631575
log_probability,4.0,3.0,0.4,0.6,29.605263157894733,47.368421052631575
log_probability,4.0,4.0,0.35,0.65,29.605263157894733,47.368421052631575
log_probability,1.25,1.5,0.3,0.7,29.605263157894733,47.03947368421053
log_probability,2.0,0.5,0.675,0.32499999999999996,29.605263157894733,47.03947368421053
log_probability,2.5,0.5,0.725,0.275,29.605263157894733,47.03947368421053
log_probability,2.5,3.0,0.3,0.7,29.605263157894733,47.03947368421053
log_probability,3.0,0.75,0.675,0.32499999999999996,29.605263157894733,47.03947368421053
log_probability,4.0,1.0,0.675,0.32499999999999996,29.605263157894733,47.03947368421053
log_probability,4.0,1.25,0.625,0.375,29.605263157894733,47.03947368421053
rank,1.0,1.0,0.15,0.85,29.605263157894733,46.05263157894737
rank,1.0,1.0,0.125,0.875,29.605263157894733,44.73684210526316
probability,4.0,1.25,0.9,0.09999999999999998,29.276315789473685,57.23684210526315
probability,3.0,1.25,0.85,0.15000000000000002,29.276315789473685,56.57894736842105
probability,2.5,0.75,0.925,0.07499999999999996,29.276315789473685,56.25
probability,4.0,1.5,0.85,0.15000000000000002,29.276315789473685,54.93421052631579
probability,1.5,0.75,0.8,0.19999999999999996,29.276315789473685,54.60526315789473
probability,2.5,1.25,0.775,0.22499999999999998,29.276315789473685,54.60526315789473
probability,1.5,1.25,0.575,0.42500000000000004,29.276315789473685,54.276315789473685
probability,1.0,0.75,0.625,0.375,29.276315789473685,53.94736842105263
probability,1.25,0.75,0.725,0.275,29.276315789473685,53.94736842105263
probability,1.25,1.0,0.575,0.42500000000000004,29.276315789473685,53.94736842105263
probability,1.5,1.0,0.675,0.32499999999999996,29.276315789473685,53.94736842105263
probability,2.5,2.0,0.55,0.44999999999999996,29.276315789473685,53.94736842105263
probability,0.75,0.5,0.575,0.42500000000000004,29.276315789473685,53.61842105263158
probability,1.0,1.0,0.475,0.525,29.276315789473685,53.61842105263158
probability,1.0,0.75,0.6,0.4,29.276315789473685,53.289473684210535
probability,1.0,1.25,0.325,0.675,29.276315789473685,53.289473684210535
probability,1.25,0.75,0.7,0.30000000000000004,29.276315789473685,53.289473684210535
probability,1.5,1.25,0.55,0.44999999999999996,29.276315789473685,53.289473684210535
probability,2.0,2.0,0.425,0.575,29.276315789473685,53.289473684210535
probability,1.0,1.0,0.45,0.55,29.276315789473685,52.960526315789465
probability,1.25,1.25,0.45,0.55,29.276315789473685,52.960526315789465
probability,2.0,1.5,0.6,0.4,29.276315789473685,52.960526315789465
probability,2.5,1.5,0.7,0.30000000000000004,29.276315789473685,52.960526315789465
probability,1.0,1.5,0.25,0.75,29.276315789473685,52.63157894736842
probability,1.25,1.5,0.325,0.675,29.276315789473685,52.63157894736842
probability,1.0,1.5,0.225,0.775,29.276315789473685,51.973684210526315
probability,1.5,2.0,0.275,0.725,29.276315789473685,51.973684210526315
probability,3.0,3.0,0.425,0.575,29.276315789473685,50.6578947368421
probability,3.0,4.0,0.3,0.7,29.276315789473685,49.67105263157895
log_probability,0.75,0.5,0.425,0.575,29.276315789473685,47.368421052631575
log_probability,1.5,1.0,0.425,0.575,29.276315789473685,47.368421052631575
log_probability,3.0,2.0,0.425,0.575,29.276315789473685,47.368421052631575
log_probability,0.5,3.0,0.075,0.925,29.276315789473685,47.03947368421053
log_probability,1.25,0.5,0.55,0.44999999999999996,29.276315789473685,47.03947368421053
log_probability,1.25,0.75,0.45,0.55,29.276315789473685,47.03947368421053
log_probability,2.5,1.0,0.55,0.44999999999999996,29.276315789473685,47.03947368421053
log_probability,2.5,1.5,0.45,0.55,29.276315789473685,47.03947368421053
probability,2.0,0.75,0.875,0.125,28.947368421052634,55.26315789473685
probability,2.0,1.0,0.8,0.19999999999999996,28.947368421052634,55.26315789473685
probability,2.0,1.25,0.7,0.30000000000000004,28.947368421052634,54.60526315789473
probability,1.5,0.5,0.875,0.125,28.947368421052634,53.61842105263158
probability,0.75,0.75,0.475,0.525,28.947368421052634,53.289473684210535
probability,1.0,0.75,0.575,0.42500000000000004,28.947368421052634,53.289473684210535
probability,0.75,1.25,0.225,0.775,28.947368421052634,52.63157894736842
probability,0.75,0.75,0.45,0.55,28.947368421052634,52.30263157894737
probability,0.5,0.5,0.425,0.575,28.947368421052634,51.973684210526315
probability,0.5,0.75,0.325,0.675,28.947368421052634,51.973684210526315
probability,0.75,1.5,0.15,0.85,28.947368421052634,51.64473684210527
probability,4.0,3.0,0.55,0.44999999999999996,28.947368421052634,51.64473684210527
probability,0.5,2.0,0.05,0.95,28.947368421052634,50.6578947368421
probability,2.0,2.5,0.3,0.7,28.947368421052634,50.0
probability,2.0,3.0,0.225,0.775,28.947368421052634,49.01315789473684
probability,1.5,2.5,0.175,0.825,28.947368421052634,48.68421052631579
probability,2.0,4.0,0.15,0.85,28.947368421052634,48.026315789473685
probability,2.5,4.0,0.225,0.775,28.947368421052634,48.026315789473685
log_probability,0.75,1.25,0.225,0.775,28.947368421052634,46.71052631578947
log_probability,1.5,2.5,0.225,0.775,28.947368421052634,46.71052631578947
log_probability,0.5,0.5,0.325,0.675,28.947368421052634,46.381578947368425
log_probability,0.75,0.75,0.325,0.675,28.947368421052634,46.381578947368425
log_probability,0.75,2.0,0.15,0.85,28.947368421052634,46.381578947368425
log_probability,0.75,2.5,0.125,0.875,28.947368421052634,46.381578947368425
log_probability,1.0,1.0,0.325,0.675,28.947368421052634,46.381578947368425
log_probability,1.0,1.25,0.275,0.725,28.947368421052634,46.381578947368425
log_probability,1.25,1.0,0.375,0.625,28.947368421052634,46.381578947368425
log_probability,1.25,1.25,0.325,0.675,28.947368421052634,46.381578947368425
log_probability,1.5,1.5,0.325,0.675,28.947368421052634,46.381578947368425
log_probability,1.5,4.0,0.15,0.85,28.947368421052634,46.381578947368425
log_probability,2.0,2.0,0.325,0.675,28.947368421052634,46.381578947368425
log_probability,2.0,2.5,0.275,0.725,28.947368421052634,46.381578947368425
log_probability,2.5,2.0,0.375,0.625,28.947368421052634,46.381578947368425
log_probability,2.5,2.5,0.325,0.675,28.947368421052634,46.381578947368425
log_probability,3.0,3.0,0.325,0.675,28.947368421052634,46.381578947368425
log_probability,4.0,1.25,0.6,0.4,28.947368421052634,46.381578947368425
log_probability,4.0,4.0,0.325,0.675,28.947368421052634,46.381578947368425
rank,1.0,1.0,0.1,0.9,28.947368421052634,42.76315789473684
probability,3.0,1.0,0.9,0.09999999999999998,28.618421052631575,56.57894736842105
probability,2.5,1.0,0.85,0.15000000000000002,28.618421052631575,55.26315789473685
probability,3.0,1.25,0.825,0.17500000000000004,28.618421052631575,54.60526315789473
probability,2.0,0.5,0.925,0.07499999999999996,28.618421052631575,53.94736842105263
probability,3.0,2.0,0.625,0.375,28.618421052631575,53.94736842105263
probability,1.5,1.5,0.425,0.575,28.618421052631575,52.960526315789465
probability,0.75,1.0,0.275,0.725,28.618421052631575,52.63157894736842
probability,1.0,1.0,0.425,0.575,28.618421052631575,52.63157894736842
probability,0.75,1.0,0.3,0.7,28.618421052631575,52.30263157894737
probability,1.25,1.25,0.425,0.575,28.618421052631575,52.30263157894737
probability,0.75,0.75,0.425,0.575,28.618421052631575,51.973684210526315
probability,0.75,1.25,0.2,0.8,28.618421052631575,51.64473684210527
probability,3.0,2.5,0.5,0.5,28.618421052631575,51.64473684210527
probability,4.0,2.5,0.625,0.375,28.618421052631575,51.64473684210527
probability,0.5,1.0,0.2,0.8,28.618421052631575,51.31578947368421
probability,1.25,2.0,0.2,0.8,28.618421052631575,51.31578947368421
probability,0.75,2.0,0.075,0.925,28.618421052631575,50.0
probability,3.0,3.0,0.4,0.6,28.618421052631575,50.0
probability,4.0,4.0,0.4,0.6,28.618421052631575,49.67105263157895
probability,2.5,3.0,0.325,0.675,28.618421052631575,49.34210526315789
probability,1.25,2.5,0.125,0.875,28.618421052631575,48.68421052631579
probability,1.5,3.0,0.125,0.875,28.618421052631575,47.69736842105263
probability,3.0,4.0,0.275,0.725,28.618421052631575,47.69736842105263
log_probability,1.25,2.0,0.225,0.775,28.618421052631575,46.381578947368425
log_probability,2.0,0.5,0.65,0.35,28.618421052631575,46.381578947368425
log_probability,2.0,1.25,0.425,0.575,28.618421052631575,46.381578947368425
log_probability,2.5,0.5,0.7,0.30000000000000004,28.618421052631575,46.381578947368425
log_probability,2.5,4.0,0.225,0.775,28.618421052631575,46.381578947368425
log_probability,3.0,0.75,0.65,0.35,28.618421052631575,46.381578947368425
log_probability,4.0,1.0,0.65,0.35,28.618421052631575,46.381578947368425
log_probability,4.0,2.5,0.425,0.575,28.618421052631575,46.381578947368425
probability,2.0,4.0,0.125,0.875,28.618421052631575,45.723684210526315
probability,1.25,4.0,0.05,0.95,28.618421052631575,45.39473684210527
probability,1.5,4.0,0.075,0.925,28.618421052631575,45.39473684210527
rank,1.0,1.0,0.075,0.925,28.618421052631575,41.44736842105263
probability,1.5,1.0,0.65,0.35,28.289473684210524,53.94736842105263
probability,1.25,0.5,0.8,0.19999999999999996,28.289473684210524,53.61842105263158
probability,1.5,0.75,0.775,0.22499999999999998,28.289473684210524,53.61842105263158
probability,2.5,1.5,0.675,0.32499999999999996,28.289473684210524,53.61842105263158
probability,2.0,1.25,0.675,0.32499999999999996,28.289473684210524,53.289473684210535
probability,2.5,2.0,0.525,0.475,28.289473684210524,53.289473684210535
probability,1.25,1.0,0.55,0.44999999999999996,28.289473684210524,52.960526315789465
probability,1.5,1.25,0.525,0.475,28.289473684210524,52.63157894736842
probability,0.75,1.0,0.325,0.675,28.289473684210524,52.30263157894737
probability,0.5,0.75,0.3,0.7,28.289473684210524,51.973684210526315
probability,0.5,0.75,0.275,0.725,28.289473684210524,51.64473684210527
probability,0.5,1.25,0.125,0.875,28.289473684210524,51.31578947368421
probability,4.0,3.0,0.525,0.475,28.289473684210524,50.32894736842105
probability,2.5,2.5,0.4,0.6,28.289473684210524,50.0
probability,4.0,4.0,0.375,0.625,28.289473684210524,48.68421052631579
probability,2.5,3.0,0.3,0.7,28.289473684210524,48.35526315789473
probability,3.0,3.0,0.375,0.625,28.289473684210524,48.026315789473685
probability,2.5,4.0,0.2,0.8,28.289473684210524,46.381578947368425
log_probability,1.0,0.5,0.475,0.525,28.289473684210524,46.381578947368425
log_probability,1.0,0.75,0.375,0.625,28.289473684210524,46.381578947368425
log_probability,1.25,1.5,0.275,0.725,28.289473684210524,46.381578947368425
log_probability,1.25,4.0,0.125,0.875,28.289473684210524,46.381578947368425
log_probability,1.5,0.5,0.575,0.42500000000000004,28.289473684210524,46.381578947368425
log_probability,1.5,0.75,0.475,0.525,28.289473684210524,46.381578947368425
log_probability,2.0,0.75,0.55,0.44999999999999996,28.289473684210524,46.381578947368425
log_probability,2.0,1.0,0.475,0.525,28.289473684210524,46.381578947368425
log_probability,2.0,1.5,0.375,0.625,28.289473684210524,46.381578947368425
log_probability,2.5,0.75,0.6,0.4,28.289473684210524,46.381578947368425
log_probability,2.5,1.25,0.475,0.525,28.289473684210524,46.381578947368425
log_probability,2.5,3.0,0.275,0.725,28.289473684210524,46.381578947368425
log_probability,3.0,1.0,0.575,0.42500000000000004,28.289473684210524,46.381578947368425
log_probability,3.0,1.25,0.525,0.475,28.289473684210524,46.381578947368425
log_probability,3.0,1.5,0.475,0.525,28.289473684210524,46.381578947368425
log_probability,4.0,1.5,0.55,0.44999999999999996,28.289473684210524,46.381578947368425
log_probability,4.0,2.0,0.475,0.525,28.289473684210524,46.381578947368425
log_probability,4.0,3.0,0.375,0.625,28.289473684210524,46.381578947368425
probability,3.0,4.0,0.25,0.75,28.289473684210524,46.05263157894737
log_probability,1.5,1.25,0.35,0.65,28.289473684210524,46.05263157894737
log_probability,3.0,2.5,0.35,0.65,28.289473684210524,46.05263157894737
log_probability,0.5,2.0,0.1,0.9,28.289473684210524,45.723684210526315
log_probability,0.75,0.5,0.4,0.6,28.289473684210524,45.723684210526315
log_probability,0.75,1.0,0.25,0.75,28.289473684210524,45.723684210526315
log_probability,0.75,3.0,0.1,0.9,28.289473684210524,45.723684210526315
log_probability,1.0,4.0,0.1,0.9,28.289473684210524,45.723684210526315
log_probability,1.25,0.75,0.425,0.575,28.289473684210524,45.723684210526315
log_probability,1.5,1.0,0.4,0.6,28.289473684210524,45.723684210526315
log_probability,1.5,2.0,0.25,0.75,28.289473684210524,45.723684210526315
log_probability,2.5,1.5,0.425,0.575,28.289473684210524,45.723684210526315
log_probability,3.0,2.0,0.4,0.6,28.289473684210524,45.723684210526315
log_probability,3.0,4.0,0.25,0.75,28.289473684210524,45.723684210526315
log_probability,0.5,0.75,0.225,0.775,28.289473684210524,45.39473684210527
log_probability,0.5,1.25,0.15,0.85,28.289473684210524,45.39473684210527
log_probability,0.75,4.0,0.075,0.925,28.289473684210524,45.39473684210527
log_probability,1.0,1.5,0.225,0.775,28.289473684210524,45.39473684210527
log_probability,1.0,2.5,0.15,0.85,28.289473684210524,45.39473684210527
log_probability,1.25,0.5,0.525,0.475,28.289473684210524,45.39473684210527
log_probability,1.25,1.0,0.35,0.65,28.289473684210524,45.39473684210527
log_probability,2.0,3.0,0.225,0.775,28.289473684210524,45.39473684210527
log_probability,2.5,1.0,0.525,0.475,28.289473684210524,45.39473684210527
log_probability,2.5,2.0,0.35,0.65,28.289473684210524,45.39473684210527
log_probability,3.0,0.5,0.725,0.275,28.289473684210524,45.39473684210527
log_probability,4.0,0.5,0.775,0.22499999999999998,28.289473684210524,45.39473684210527
log_probability,4.0,0.75,0.7,0.30000000000000004,28.289473684210524,45.39473684210527
probability,4.0,1.0,0.925,0.07499999999999996,27.960526315789476,56.57894736842105
probability,2.0,1.0,0.775,0.22499999999999998,27.960526315789476,55.26315789473685
probability,2.5,0.5,0.95,0.050000000000000044,27.960526315789476,54.276315789473685
probability,1.0,0.5,0.675,0.32499999999999996,27.960526315789476,53.289473684210535
probability,1.25,0.75,0.675,0.32499999999999996,27.960526315789476,53.289473684210535
probability,2.0,1.5,0.575,0.42500000000000004,27.960526315789476,53.289473684210535
probability,3.0,1.5,0.75,0.25,27.960526315789476,53.289473684210535
probability,4.0,2.0,0.725,0.275,27.960526315789476,53.289473684210535
probability,1.0,0.5,0.7,0.30000000000000004,27.960526315789476,52.960526315789465
probability,1.0,0.75,0.55,0.44999999999999996,27.960526315789476,52.63157894736842
probability,0.75,0.75,0.4,0.6,27.960526315789476,52.30263157894737
probability,1.0,1.25,0.3,0.7,27.960526315789476,51.973684210526315
probability,2.0,2.0,0.4,0.6,27.960526315789476,51.64473684210527
probability,0.5,1.0,0.175,0.825,27.960526315789476,51.31578947368421
probability,1.0,2.0,0.125,0.875,27.960526315789476,50.6578947368421
probability,4.0,2.5,0.6,0.4,27.960526315789476,50.6578947368421
probability,3.0,2.5,0.475,0.525,27.960526315789476,50.32894736842105
probability,4.0,3.0,0.5,0.5,27.960526315789476,49.67105263157895
probability,0.5,2.5,0.025,0.975,27.960526315789476,48.35526315789473
probability,1.0,3.0,0.05,0.95,27.960526315789476,46.71052631578947
probability,2.0,3.0,0.2,0.8,27.960526315789476,46.71052631578947
probability,4.0,4.0,0.35,0.65,27.960526315789476,46.71052631578947
probability,2.5,4.0,0.175,0.825,27.960526315789476,45.723684210526315
log_probability,0.5,0.5,0.3,0.7,27.960526315789476,45.39473684210527
log_probability,0.5,1.0,0.175,0.825,27.960526315789476,45.39473684210527
log_probability,0.5,1.5,0.125,0.875,27.960526315789476,45.39473684210527
log_probability,0.5,2.5,0.075,0.925,27.960526315789476,45.39473684210527
log_probability,0.5,4.0,0.05,0.95,27.960526315789476,45.39473684210527
log_probability,0.75,0.75,0.3,0.7,27.960526315789476,45.39473684210527
log_probability,0.75,1.25,0.2,0.8,27.960526315789476,45.39473684210527
log_probability,0.75,1.5,0.175,0.825,27.960526315789476,45.39473684210527
log_probability,1.0,0.5,0.45,0.55,27.960526315789476,45.39473684210527
log_probability,1.0,1.0,0.3,0.7,27.960526315789476,45.39473684210527
log_probability,1.0,1.25,0.25,0.75,27.960526315789476,45.39473684210527
log_probability,1.0,2.0,0.175,0.825,27.960526315789476,45.39473684210527
log_probability,1.0,3.0,0.125,0.875,27.960526315789476,45.39473684210527
log_probability,1.25,1.25,0.3,0.7,27.960526315789476,45.39473684210527
log_probability,1.25,2.5,0.175,0.825,27.960526315789476,45.39473684210527
log_probability,1.25,3.0,0.15,0.85,27.960526315789476,45.39473684210527
log_probability,1.5,0.5,0.55,0.44999999999999996,27.960526315789476,45.39473684210527
log_probability,1.5,0.75,0.45,0.55,27.960526315789476,45.39473684210527
log_probability,1.5,1.5,0.3,0.7,27.960526315789476,45.39473684210527
log_probability,1.5,2.5,0.2,0.8,27.960526315789476,45.39473684210527
log_probability,1.5,3.0,0.175,0.825,27.960526315789476,45.39473684210527
log_probability,2.0,0.5,0.625,0.375,27.960526315789476,45.39473684210527
log_probability,2.0,0.75,0.525,0.475,27.960526315789476,45.39473684210527
log_probability,2.0,1.0,0.45,0.55,27.960526315789476,45.39473684210527
log_probability,2.0,1.25,0.4,0.6,27.960526315789476,45.39473684210527
log_probability,2.0,2.0,0.3,0.7,27.960526315789476,45.39473684210527
log_probability,2.0,2.5,0.25,0.75,27.960526315789476,45.39473684210527
log_probability,2.0,4.0,0.175,0.825,27.960526315789476,45.39473684210527
log_probability,2.5,0.5,0.675,0.32499999999999996,27.960526315789476,45.39473684210527
log_probability,2.5,0.75,0.575,0.42500000000000004,27.960526315789476,45.39473684210527
log_probability,2.5,1.25,0.45,0.55,27.960526315789476,45.39473684210527
log_probability,2.5,2.5,0.3,0.7,27.960526315789476,45.39473684210527
log_probability,3.0,0.75,0.625,0.375,27.960526315789476,45.39473684210527
log_probability,3.0,1.0,0.55,0.44999999999999996,27.960526315789476,45.39473684210527
log_probability,3.0,1.25,0.5,0.5,27.960526315789476,45.39473684210527
log_probability,3.0,1.5,0.45,0.55,27.960526315789476,45.39473684210527
log_probability,3.0,3.0,0.3,0.7,27.960526315789476,45.39473684210527
log_probability,4.0,1.0,0.625,0.375,27.960526315789476,45.39473684210527
log_probability,4.0,1.25,0.575,0.42500000000000004,27.960526315789476,45.39473684210527
log_probability,4.0,1.5,0.525,0.475,27.960526315789476,45.39473684210527
log_probability,4.0,2.0,0.45,0.55,27.960526315789476,45.39473684210527
log_probability,4.0,2.5,0.4,0.6,27.960526315789476,45.39473684210527
log_probability,4.0,4.0,0.3,0.7,27.960526315789476,45.39473684210527
probability,4.0,1.25,0.875,0.125,27.631578947368425,54.276315789473685
probability,1.5,0.5,0.85,0.15000000000000002,27.631578947368425,53.61842105263158
probability,1.0,1.0,0.4,0.6,27.631578947368425,53.289473684210535
probability,0.75,0.5,0.525,0.475,27.631578947368425,52.960526315789465
probability,0.75,0.5,0.55,0.44999999999999996,27.631578947368425,52.63157894736842
probability,3.0,2.0,0.6,0.4,27.631578947368425,52.30263157894737
probability,0.5,1.5,0.075,0.925,27.631578947368425,50.32894736842105
probability,1.5,2.0,0.25,0.75,27.631578947368425,50.0
probability,1.25,2.0,0.175,0.825,27.631578947368425,49.34210526315789
probability,2.5,2.5,0.375,0.625,27.631578947368425,49.01315789473684
probability,1.0,2.5,0.075,0.925,27.631578947368425,47.69736842105263
probability,3.0,4.0,0.225,0.775,27.631578947368425,45.06578947368421
log_probability,0.75,0.5,0.375,0.625,27.631578947368425,45.06578947368421
log_probability,1.0,0.75,0.35,0.65,27.631578947368425,45.06578947368421
log_probability,1.25,0.5,0.5,0.5,27.631578947368425,45.06578947368421
log_probability,1.25,0.75,0.4,0.6,27.631578947368425,45.06578947368421
log_probability,1.25,1.5,0.25,0.75,27.631578947368425,45.06578947368421
log_probability,1.25,2.0,0.2,0.8,27.631578947368425,45.06578947368421
log_probability,1.5,1.0,0.375,0.625,27.631578947368425,45.06578947368421
log_probability,1.5,1.25,0.325,0.675,27.631578947368425,45.06578947368421
log_probability,2.0,1.5,0.35,0.65,27.631578947368425,45.06578947368421
log_probability,2.5,1.0,0.5,0.5,27.631578947368425,45.06578947368421
log_probability,2.5,1.5,0.4,0.6,27.631578947368425,45.06578947368421
log_probability,2.5,3.0,0.25,0.75,27.631578947368425,45.06578947368421
log_probability,2.5,4.0,0.2,0.8,27.631578947368425,45.06578947368421
log_probability,3.0,2.0,0.375,0.625,27.631578947368425,45.06578947368421
log_probability,3.0,2.5,0.325,0.675,27.631578947368425,45.06578947368421
log_probability,4.0,3.0,0.35,0.65,27.631578947368425,45.06578947368421
log_probability,0.75,1.0,0.225,0.775,27.631578947368425,44.73684210526316
log_probability,1.25,1.0,0.325,0.675,27.631578947368425,44.73684210526316
log_probability,1.5,2.0,0.225,0.775,27.631578947368425,44.73684210526316
log_probability,2.5,2.0,0.325,0.675,27.631578947368425,44.73684210526316
log_probability,3.0,0.5,0.7,0.30000000000000004,27.631578947368425,44.73684210526316
log_probability,3.0,4.0,0.225,0.775,27.631578947368425,44.73684210526316
log_probability,4.0,0.75,0.675,0.32499999999999996,27.631578947368425,44.73684210526316
probability,3.0,1.0,0.875,0.125,27.302631578947366,54.93421052631579
probability,4.0,1.5,0.825,0.17500000000000004,27.302631578947366,54.60526315789473
probability,3.0,1.5,0.725,0.275,27.302631578947366,54.276315789473685
probability,1.25,0.5,0.775,0.22499999999999998,27.302631578947366,53.289473684210535
probability,2.0,1.5,0.55,0.44999999999999996,27.302631578947366,53.289473684210535
probability,1.5,1.5,0.4,0.6,27.302631578947366,52.63157894736842
probability,2.0,1.25,0.65,0.35,27.302631578947366,52.63157894736842
probability,2.5,1.25,0.75,0.25,27.302631578947366,52.63157894736842
probability,0.75,0.75,0.375,0.625,27.302631578947366,52.30263157894737
probability,1.5,1.25,0.5,0.5,27.302631578947366,52.30263157894737
probability,0.5,0.5,0.4,0.6,27.302631578947366,51.64473684210527
probability,1.25,1.5,0.3,0.7,27.302631578947366,51.64473684210527
probability,1.5,1.5,0.375,0.625,27.302631578947366,51.64473684210527
probability,0.5,0.75,0.25,0.75,27.302631578947366,50.6578947368421
probability,2.5,2.0,0.5,0.5,27.302631578947366,50.6578947368421
probability,2.0,2.0,0.375,0.625,27.302631578947366,49.67105263157895
probability,2.0,2.5,0.275,0.725,27.302631578947366,48.35526315789473
probability,4.0,3.0,0.475,0.525,27.302631578947366,47.69736842105263
probability,2.5,3.0,0.275,0.725,27.302631578947366,47.03947368421053
probability,1.25,3.0,0.075,0.925,27.302631578947366,45.06578947368421
probability,4.0,4.0,0.325,0.675,27.302631578947366,45.06578947368421
log_probability,0.75,2.0,0.125,0.875,27.302631578947366,44.73684210526316
log_probability,1.5,4.0,0.125,0.875,27.302631578947366,44.73684210526316
log_probability,4.0,1.25,0.55,0.44999999999999996,27.302631578947366,44.73684210526316
probability,2.5,1.0,0.825,0.17500000000000004,26.973684210526315,55.26315789473685
probability,2.5,0.75,0.9,0.09999999999999998,26.973684210526315,54.93421052631579
probability,4.0,0.5,0.975,0.025000000000000022,26.973684210526315,54.276315789473685
probability,1.5,0.75,0.75,0.25,26.973684210526315,53.61842105263158
probability,1.0,0.75,0.525,0.475,26.973684210526315,52.63157894736842
probability,1.0,1.0,0.375,0.625,26.973684210526315,52.63157894736842
probability,1.25,1.0,0.525,0.475,26.973684210526315,52.63157894736842
probability,0.75,1.25,0.175,0.825,26.973684210526315,51.973684210526315
probability,0.5,0.5,0.375,0.625,26.973684210526315,51.64473684210527
probability,4.0,2.0,0.7,0.30000000000000004,26.973684210526315,51.31578947368421
probability,1.0,1.5,0.2,0.8,26.973684210526315,50.98684210526315
probability,0.5,1.25,0.1,0.9,26.973684210526315,50.6578947368421
probability,0.75,1.5,0.125,0.875,26.973684210526315,50.6578947368421
probability,4.0,2.5,0.575,0.42500000000000004,26.973684210526315,49.67105263157895
probability,3.0,2.5,0.45,0.55,26.973684210526315,49.01315789473684
probability,3.0,2.5,0.425,0.575,26.973684210526315,46.71052631578947
log_probability,0.5,0.5,0.275,0.725,26.973684210526315,44.73684210526316
log_probability,0.75,0.75,0.275,0.725,26.973684210526315,44.73684210526316
log_probability,1.0,1.0,0.275,0.725,26.973684210526315,44.73684210526316
log_probability,1.25,1.25,0.275,0.725,26.973684210526315,44.73684210526316
log_probability,1.5,1.5,0.275,0.725,26.973684210526315,44.73684210526316
log_probability,2.0,2.0,0.275,0.725,26.973684210526315,44.73684210526316
log_probability,2.5,2.5,0.275,0.725,26.973684210526315,44.73684210526316
log_probability,3.0,3.0,0.275,0.725,26.973684210526315,44.73684210526316
log_probability,4.0,4.0,0.275,0.725,26.973684210526315,44.73684210526316
probability,3.0,0.75,0.925,0.07499999999999996,26.644736842105267,54.93421052631579
probability,4.0,0.75,0.95,0.050000000000000044,26.644736842105267,54.93421052631579
probability,2.0,1.0,0.75,0.25,26.644736842105267,54.276315789473685
probability,2.0,0.5,0.9,0.09999999999999998,26.644736842105267,53.61842105263158
probability,2.0,0.75,0.85,0.15000000000000002,26.644736842105267,53.61842105263158
probability,2.5,1.5,0.65,0.35,26.644736842105267,53.61842105263158
probability,1.25,0.75,0.65,0.35,26.644736842105267,53.289473684210535
probability,1.5,1.0,0.6,0.4,26.644736842105267,53.289473684210535
probability,1.5,1.0,0.625,0.375,26.644736842105267,53.289473684210535
probability,2.0,1.5,0.525,0.475,26.644736842105267,53.289473684210535
probability,1.25,1.0,0.5,0.5,26.644736842105267,52.960526315789465
probability,3.0,1.25,0.8,0.19999999999999996,26.644736842105267,52.960526315789465
probability,1.0,1.25,0.275,0.725,26.644736842105267,52.63157894736842
probability,1.25,1.25,0.4,0.6,26.644736842105267,52.63157894736842
probability,1.5,1.25,0.475,0.525,26.644736842105267,52.63157894736842
probability,2.5,1.25,0.725,0.275,26.644736842105267,52.63157894736842
probability,0.75,1.0,0.25,0.75,26.644736842105267,52.30263157894737
probability,0.5,1.0,0.15,0.85,26.644736842105267,51.31578947368421
probability,3.0,2.0,0.575,0.42500000000000004,26.644736842105267,50.6578947368421
probability,4.0,2.0,0.675,0.32499999999999996,26.644736842105267,50.6578947368421
probability,2.5,2.0,0.475,0.525,26.644736842105267,49.67105263157895
probability,1.5,2.0,0.225,0.775,26.644736842105267,48.026315789473685
probability,4.0,2.5,0.55,0.44999999999999996,26.644736842105267,48.026315789473685
probability,2.5,2.5,0.35,0.65,26.644736842105267,47.03947368421053
probability,3.0,3.0,0.35,0.65,26.644736842105267,46.71052631578947
probability,1.5,2.5,0.15,0.85,26.644736842105267,46.381578947368425
probability,2.0,2.5,0.25,0.75,26.644736842105267,46.381578947368425
probability,4.0,3.0,0.45,0.55,26.644736842105267,46.05263157894737
probability,3.0,3.0,0.325,0.675,26.644736842105267,45.723684210526315
probability,2.0,3.0,0.175,0.825,26.644736842105267,45.39473684210527
log_probability,0.5,0.75,0.2,0.8,26.644736842105267,44.73684210526316
log_probability,1.0,1.5,0.2,0.8,26.644736842105267,44.73684210526316
log_probability,2.0,0.5,0.6,0.4,26.644736842105267,44.73684210526316
log_probability,2.0,0.75,0.5,0.5,26.644736842105267,44.73684210526316
log_probability,2.0,1.25,0.375,0.625,26.644736842105267,44.73684210526316
log_probability,2.0,3.0,0.2,0.8,26.644736842105267,44.73684210526316
log_probability,2.5,0.5,0.65,0.35,26.644736842105267,44.73684210526316
log_probability,3.0,0.75,0.6,0.4,26.644736842105267,44.73684210526316
log_probability,3.0,1.25,0.475,0.525,26.644736842105267,44.73684210526316
log_probability,4.0,0.5,0.75,0.25,26.644736842105267,44.73684210526316
log_probability,4.0,1.0,0.6,0.4,26.644736842105267,44.73684210526316
log_probability,4.0,1.5,0.5,0.5,26.644736842105267,44.73684210526316
log_probability,4.0,2.5,0.375,0.625,26.644736842105267,44.73684210526316
probability,1.5,3.0,0.1,0.9,26.644736842105267,44.40789473684211
rank,1.0,1.0,0.05,0.95,26.644736842105267,39.473684210526315
probability,3.0,1.0,0.85,0.15000000000000002,26.31578947368421,54.93421052631579
probability,2.0,0.75,0.825,0.17500000000000004,26.31578947368421,54.60526315789473
probability,1.5,0.5,0.825,0.17500000000000004,26.31578947368421,53.61842105263158
probability,1.5,0.75,0.725,0.275,26.31578947368421,53.61842105263158
probability,2.0,1.0,0.725,0.275,26.31578947368421,52.960526315789465
probability,2.0,1.25,0.625,0.375,26.31578947368421,52.960526315789465
probability,4.0,1.5,0.8,0.19999999999999996,26.31578947368421,52.960526315789465
probability,1.0,0.75,0.5,0.5,26.31578947368421,52.63157894736842
probability,3.0,1.25,0.775,0.22499999999999998,26.31578947368421,52.63157894736842
probability,0.75,0.75,0.35,0.65,26.31578947368421,52.30263157894737
probability,1.25,1.25,0.375,0.625,26.31578947368421,52.30263157894737
probability,2.5,1.5,0.625,0.375,26.31578947368421,52.30263157894737
probability,3.0,1.5,0.7,0.30000000000000004,26.31578947368421,51.973684210526315
probability,0.75,1.0,0.225,0.775,26.31578947368421,50.6578947368421
probability,3.0,2.0,0.55,0.44999999999999996,26.31578947368421,49.67105263157895
probability,4.0,2.0,0.65,0.35,26.31578947368421,49.34210526315789
probability,2.5,2.0,0.45,0.55,26.31578947368421,48.68421052631579
probability,1.25,2.5,0.1,0.9,26.31578947368421,45.723684210526315
log_probability,0.75,2.5,0.1,0.9,26.31578947368421,44.73684210526316
log_probability,1.0,0.5,0.425,0.575,26.31578947368421,44.73684210526316
log_probability,1.5,0.5,0.525,0.475,26.31578947368421,44.73684210526316
log_probability,1.5,0.75,0.425,0.575,26.31578947368421,44.73684210526316
log_probability,2.0,1.0,0.425,0.575,26.31578947368421,44.73684210526316
log_probability,2.5,0.75,0.55,0.44999999999999996,26.31578947368421,44.73684210526316
log_probability,2.5,1.25,0.425,0.575,26.31578947368421,44.73684210526316
log_probability,3.0,1.0,0.525,0.475,26.31578947368421,44.73684210526316
log_probability,3.0,1.5,0.425,0.575,26.31578947368421,44.73684210526316
log_probability,4.0,2.0,0.425,0.575,26.31578947368421,44.73684210526316
probability,1.0,4.0,0.025,0.975,26.31578947368421,44.07894736842105
probability,2.5,0.75,0.875,0.125,25.986842105263158,54.60526315789473
probability,3.0,0.5,0.95,0.050000000000000044,25.986842105263158,53.94736842105263
probability,2.5,1.0,0.8,0.19999999999999996,25.986842105263158,53.61842105263158
probability,4.0,1.25,0.85,0.15000000000000002,25.986842105263158,53.61842105263158
probability,1.0,0.5,0.65,0.35,25.986842105263158,53.289473684210535
probability,1.25,0.5,0.75,0.25,25.986842105263158,53.289473684210535
probability,1.25,0.75,0.625,0.375,25.986842105263158,52.960526315789465
probability,1.25,1.0,0.475,0.525,25.986842105263158,52.63157894736842
probability,1.0,1.0,0.35,0.65,25.986842105263158,52.30263157894737
probability,1.25,1.25,0.35,0.65,25.986842105263158,51.64473684210527
probability,1.0,1.25,0.25,0.75,25.986842105263158,51.31578947368421
probability,2.0,1.5,0.5,0.5,25.986842105263158,51.31578947368421
probability,1.25,1.5,0.275,0.725,25.986842105263158,50.98684210526315
probability,1.5,1.5,0.35,0.65,25.986842105263158,50.6578947368421
probability,0.75,1.25,0.15,0.85,25.986842105263158,49.67105263157895
probability,1.0,1.5,0.175,0.825,25.986842105263158,49.67105263157895
probability,0.75,1.5,0.1,0.9,25.986842105263158,49.01315789473684
probability,2.0,2.0,0.35,0.65,25.986842105263158,48.68421052631579
probability,3.0,2.0,0.525,0.475,25.986842105263158,48.35526315789473
probability,1.0,2.0,0.1,0.9,25.986842105263158,47.368421052631575
probability,1.25,2.0,0.15,0.85,25.986842105263158,46.71052631578947
probability,4.0,2.5,0.525,0.475,25.986842105263158,46.71052631578947
probability,0.75,3.0,0.025,0.975,25.986842105263158,46.381578947368425
probability,3.0,2.5,0.4,0.6,25.986842105263158,45.723684210526315
probability,2.5,2.5,0.325,0.675,25.986842105263158,45.39473684210527
probability,2.5,3.0,0.25,0.75,25.986842105263158,45.39473684210527
probability,4.0,3.0,0.425,0.575,25.986842105263158,45.06578947368421
log_probability,0.5,1.0,0.15,0.85,25.986842105263158,44.73684210526316
log_probability,0.5,1.25,0.125,0.875,25.986842105263158,44.73684210526316
log_probability,0.75,0.5,0.35,0.65,25.986842105263158,44.73684210526316
log_probability,0.75,1.25,0.175,0.825,25.986842105263158,44.73684210526316
log_probability,0.75,1.5,0.15,0.85,25.986842105263158,44.73684210526316
log_probability,1.0,0.75,0.325,0.675,25.986842105263158,44.73684210526316
log_probability,1.0,1.25,0.225,0.775,25.986842105263158,44.73684210526316
log_probability,1.0,2.0,0.15,0.85,25.986842105263158,44.73684210526316
log_probability,1.0,2.5,0.125,0.875,25.986842105263158,44.73684210526316
log_probability,1.25,0.5,0.475,0.525,25.986842105263158,44.73684210526316
log_probability,1.25,0.75,0.375,0.625,25.986842105263158,44.73684210526316
log_probability,1.25,1.0,0.3,0.7,25.986842105263158,44.73684210526316
log_probability,1.25,1.5,0.225,0.775,25.986842105263158,44.73684210526316
log_probability,1.25,2.5,0.15,0.85,25.986842105263158,44.73684210526316
log_probability,1.25,3.0,0.125,0.875,25.986842105263158,44.73684210526316
log_probability,1.25,4.0,0.1,0.9,25.986842105263158,44.73684210526316
log_probability,1.5,1.0,0.35,0.65,25.986842105263158,44.73684210526316
log_probability,1.5,1.25,0.3,0.7,25.986842105263158,44.73684210526316
log_probability,1.5,2.5,0.175,0.825,25.986842105263158,44.73684210526316
log_probability,1.5,3.0,0.15,0.85,25.986842105263158,44.73684210526316
log_probability,2.0,1.5,0.325,0.675,25.986842105263158,44.73684210526316
log_probability,2.0,2.5,0.225,0.775,25.986842105263158,44.73684210526316
log_probability,2.0,4.0,0.15,0.85,25.986842105263158,44.73684210526316
log_probability,2.5,1.0,0.475,0.525,25.986842105263158,44.73684210526316
log_probability,2.5,1.5,0.375,0.625,25.986842105263158,44.73684210526316
log_probability,2.5,2.0,0.3,0.7,25.986842105263158,44.73684210526316
log_probability,2.5,3.0,0.225,0.775,25.986842105263158,44.73684210526316
log_probability,3.0,0.5,0.675,0.32499999999999996,25.986842105263158,44.73684210526316
log_probability,3.0,2.0,0.35,0.65,25.986842105263158,44.73684210526316
log_probability,3.0,2.5,0.3,0.7,25.986842105263158,44.73684210526316
log_probability,4.0,0.75,0.65,0.35,25.986842105263158,44.73684210526316
log_probability,4.0,1.25,0.525,0.475,25.986842105263158,44.73684210526316
log_probability,4.0,3.0,0.325,0.675,25.986842105263158,44.73684210526316
probability,4.0,4.0,0.3,0.7,25.986842105263158,44.07894736842105
log_probability,1.25,2.0,0.175,0.825,25.986842105263158,44.07894736842105
log_probability,2.0,0.5,0.575,0.42500000000000004,25.986842105263158,44.07894736842105
log_probability,2.0,0.75,0.475,0.525,25.986842105263158,44.07894736842105
log_probability,2.5,4.0,0.175,0.825,25.986842105263158,44.07894736842105
log_probability,3.0,0.75,0.575,0.42500000000000004,25.986842105263158,44.07894736842105
log_probability,3.0,1.25,0.45,0.55,25.986842105263158,44.07894736842105
log_probability,4.0,1.0,0.575,0.42500000000000004,25.986842105263158,44.07894736842105
log_probability,4.0,1.5,0.475,0.525,25.986842105263158,44.07894736842105
log_probability,2.0,1.25,0.35,0.65,25.986842105263158,43.75
log_probability,4.0,2.5,0.35,0.65,25.986842105263158,43.75
log_probability,0.5,0.5,0.25,0.75,25.986842105263158,43.42105263157895
log_probability,0.5,1.5,0.1,0.9,25.986842105263158,43.42105263157895
log_probability,0.75,0.75,0.25,0.75,25.986842105263158,43.42105263157895
log_probability,0.75,1.0,0.2,0.8,25.986842105263158,43.42105263157895
log_probability,1.0,0.5,0.4,0.6,25.986842105263158,43.42105263157895
log_probability,1.0,1.0,0.25,0.75,25.986842105263158,43.42105263157895
log_probability,1.0,3.0,0.1,0.9,25.986842105263158,43.42105263157895
log_probability,1.25,1.25,0.25,0.75,25.986842105263158,43.42105263157895
log_probability,1.5,0.5,0.5,0.5,25.986842105263158,43.42105263157895
log_probability,1.5,0.75,0.4,0.6,25.986842105263158,43.42105263157895
log_probability,1.5,1.5,0.25,0.75,25.986842105263158,43.42105263157895
log_probability,1.5,2.0,0.2,0.8,25.986842105263158,43.42105263157895
log_probability,2.0,1.0,0.4,0.6,25.986842105263158,43.42105263157895
log_probability,2.0,2.0,0.25,0.75,25.986842105263158,43.42105263157895
log_probability,2.5,0.5,0.625,0.375,25.986842105263158,43.42105263157895
log_probability,2.5,1.25,0.4,0.6,25.986842105263158,43.42105263157895
log_probability,2.5,2.5,0.25,0.75,25.986842105263158,43.42105263157895
log_probability,3.0,1.0,0.5,0.5,25.986842105263158,43.42105263157895
log_probability,3.0,1.5,0.4,0.6,25.986842105263158,43.42105263157895
log_probability,3.0,3.0,0.25,0.75,25.986842105263158,43.42105263157895
log_probability,3.0,4.0,0.2,0.8,25.986842105263158,43.42105263157895
log_probability,4.0,2.0,0.4,0.6,25.986842105263158,43.42105263157895
log_probability,4.0,4.0,0.25,0.75,25.986842105263158,43.42105263157895
probability,4.0,1.0,0.9,0.09999999999999998,25.657894736842106,54.93421052631579
probability,1.0,0.5,0.625,0.375,25.657894736842106,53.289473684210535
probability,1.25,0.5,0.725,0.275,25.657894736842106,53.289473684210535
probability,1.5,0.75,0.7,0.30000000000000004,25.657894736842106,52.960526315789465
probability,1.0,0.75,0.475,0.525,25.657894736842106,52.63157894736842
probability,1.25,0.75,0.6,0.4,25.657894736842106,52.63157894736842
probability,2.5,1.25,0.7,0.30000000000000004,25.657894736842106,52.63157894736842
probability,2.0,1.25,0.6,0.4,25.657894736842106,52.30263157894737
probability,1.5,1.25,0.45,0.55,25.657894736842106,51.973684210526315
probability,0.5,0.5,0.35,0.65,25.657894736842106,51.31578947368421
probability,0.5,0.75,0.225,0.775,25.657894736842106,50.98684210526315
probability,1.25,1.5,0.25,0.75,25.657894736842106,49.34210526315789
probability,1.0,1.5,0.15,0.85,25.657894736842106,47.368421052631575
probability,0.75,2.0,0.05,0.95,25.657894736842106,46.71052631578947
probability,3.0,4.0,0.2,0.8,25.657894736842106,43.42105263157895
log_probability,0.5,0.75,0.175,0.825,25.657894736842106,43.42105263157895
log_probability,0.5,2.0,0.075,0.925,25.657894736842106,43.42105263157895
log_probability,0.5,3.0,0.05,0.95,25.657894736842106,43.42105263157895
log_probability,0.75,0.5,0.325,0.675,25.657894736842106,43.42105263157895
log_probability,0.75,3.0,0.075,0.925,25.657894736842106,43.42105263157895
log_probability,1.0,0.75,0.3,0.7,25.657894736842106,43.42105263157895
log_probability,1.0,1.5,0.175,0.825,25.657894736842106,43.42105263157895
log_probability,1.0,4.0,0.075,0.925,25.657894736842106,43.42105263157895
log_probability,1.25,0.5,0.45,0.55,25.657894736842106,43.42105263157895
log_probability,1.25,0.75,0.35,0.65,25.657894736842106,43.42105263157895
log_probability,1.5,1.0,0.325,0.675,25.657894736842106,43.42105263157895
log_probability,1.5,1.25,0.275,0.725,25.657894736842106,43.42105263157895
log_probability,2.0,1.5,0.3,0.7,25.657894736842106,43.42105263157895
log_probability,2.0,3.0,0.175,0.825,25.657894736842106,43.42105263157895
log_probability,2.5,0.75,0.525,0.475,25.657894736842106,43.42105263157895
log_probability,2.5,1.0,0.45,0.55,25.657894736842106,43.42105263157895
log_probability,2.5,1.5,0.35,0.65,25.657894736842106,43.42105263157895
log_probability,3.0,2.0,0.325,0.675,25.657894736842106,43.42105263157895
log_probability,3.0,2.5,0.275,0.725,25.657894736842106,43.42105263157895
log_probability,4.0,0.5,0.725,0.275,25.657894736842106,43.42105263157895
log_probability,4.0,3.0,0.3,0.7,25.657894736842106,43.42105263157895
probability,2.5,4.0,0.15,0.85,25.657894736842106,43.09210526315789
log_probability,0.5,0.5,0.225,0.775,25.657894736842106,43.09210526315789
log_probability,0.75,0.75,0.225,0.775,25.657894736842106,43.09210526315789
log_probability,0.75,1.25,0.15,0.85,25.657894736842106,43.09210526315789
log_probability,1.0,0.5,0.375,0.625,25.657894736842106,43.09210526315789
log_probability,1.0,1.0,0.225,0.775,25.657894736842106,43.09210526315789
log_probability,1.0,1.25,0.2,0.8,25.657894736842106,43.09210526315789
log_probability,1.25,1.0,0.275,0.725,25.657894736842106,43.09210526315789
log_probability,1.25,1.25,0.225,0.775,25.657894736842106,43.09210526315789
log_probability,1.25,1.5,0.2,0.8,25.657894736842106,43.09210526315789
log_probability,1.5,0.5,0.475,0.525,25.657894736842106,43.09210526315789
log_probability,1.5,0.75,0.375,0.625,25.657894736842106,43.09210526315789
log_probability,1.5,1.5,0.225,0.775,25.657894736842106,43.09210526315789
log_probability,1.5,2.5,0.15,0.85,25.657894736842106,43.09210526315789
log_probability,2.0,0.5,0.55,0.44999999999999996,25.657894736842106,43.09210526315789
log_probability,2.0,0.75,0.45,0.55,25.657894736842106,43.09210526315789
log_probability,2.0,1.0,0.375,0.625,25.657894736842106,43.09210526315789
log_probability,2.0,1.25,0.325,0.675,25.657894736842106,43.09210526315789
log_probability,2.0,2.0,0.225,0.775,25.657894736842106,43.09210526315789
log_probability,2.0,2.5,0.2,0.8,25.657894736842106,43.09210526315789
log_probability,2.5,0.5,0.6,0.4,25.657894736842106,43.09210526315789
log_probability,2.5,0.75,0.5,0.5,25.657894736842106,43.09210526315789
log_probability,2.5,1.25,0.375,0.625,25.657894736842106,43.09210526315789
log_probability,2.5,2.0,0.275,0.725,25.657894736842106,43.09210526315789
log_probability,2.5,2.5,0.225,0.775,25.657894736842106,43.09210526315789
log_probability,2.5,3.0,0.2,0.8,25.657894736842106,43.09210526315789
log_probability,3.0,0.5,0.65,0.35,25.657894736842106,43.09210526315789
log_probability,3.0,0.75,0.55,0.44999999999999996,25.657894736842106,43.09210526315789
log_probability,3.0,1.0,0.475,0.525,25.657894736842106,43.09210526315789
log_probability,3.0,1.25,0.425,0.575,25.657894736842106,43.09210526315789
log_probability,3.0,1.5,0.375,0.625,25.657894736842106,43.09210526315789
log_probability,3.0,3.0,0.225,0.775,25.657894736842106,43.09210526315789
log_probability,4.0,0.5,0.7,0.30000000000000004,25.657894736842106,43.09210526315789
log_probability,4.0,0.75,0.625,0.375,25.657894736842106,43.09210526315789
log_probability,4.0,1.0,0.55,0.44999999999999996,25.657894736842106,43.09210526315789
log_probability,4.0,1.25,0.5,0.5,25.657894736842106,43.09210526315789
log_probability,4.0,1.5,0.45,0.55,25.657894736842106,43.09210526315789
log_probability,4.0,2.0,0.375,0.625,25.657894736842106,43.09210526315789
log_probability,4.0,2.5,0.325,0.675,25.657894736842106,43.09210526315789
log_probability,4.0,4.0,0.225,0.775,25.657894736842106,43.09210526315789
probability,2.0,4.0,0.1,0.9,25.657894736842106,42.43421052631579
log_probability,0.5,1.0,0.125,0.875,25.657894736842106,42.43421052631579
log_probability,0.5,1.25,0.1,0.9,25.657894736842106,42.43421052631579
log_probability,0.75,0.5,0.3,0.7,25.657894736842106,42.43421052631579
log_probability,0.75,1.0,0.175,0.825,25.657894736842106,42.43421052631579
log_probability,0.75,1.5,0.125,0.875,25.657894736842106,42.43421052631579
log_probability,0.75,2.5,0.075,0.925,25.657894736842106,42.43421052631579
log_probability,0.75,4.0,0.05,0.95,25.657894736842106,42.43421052631579
log_probability,1.0,0.5,0.35,0.65,25.657894736842106,42.43421052631579
log_probability,1.0,0.75,0.275,0.725,25.657894736842106,42.43421052631579
log_probability,1.0,2.0,0.125,0.875,25.657894736842106,42.43421052631579
log_probability,1.0,2.5,0.1,0.9,25.657894736842106,42.43421052631579
log_probability,1.25,0.5,0.4,0.6,25.657894736842106,42.43421052631579
log_probability,1.25,0.75,0.325,0.675,25.657894736842106,42.43421052631579
log_probability,1.25,1.0,0.25,0.75,25.657894736842106,42.43421052631579
log_probability,1.25,2.0,0.15,0.85,25.657894736842106,42.43421052631579
log_probability,1.25,2.5,0.125,0.875,25.657894736842106,42.43421052631579
log_probability,1.25,3.0,0.1,0.9,25.657894736842106,42.43421052631579
log_probability,1.5,0.5,0.45,0.55,25.657894736842106,42.43421052631579
log_probability,1.5,0.75,0.35,0.65,25.657894736842106,42.43421052631579
log_probability,1.5,1.0,0.3,0.7,25.657894736842106,42.43421052631579
log_probability,1.5,1.25,0.25,0.75,25.657894736842106,42.43421052631579
log_probability,1.5,2.0,0.175,0.825,25.657894736842106,42.43421052631579
log_probability,1.5,3.0,0.125,0.875,25.657894736842106,42.43421052631579
log_probability,2.0,0.5,0.525,0.475,25.657894736842106,42.43421052631579
log_probability,2.0,0.75,0.425,0.575,25.657894736842106,42.43421052631579
log_probability,2.0,1.0,0.35,0.65,25.657894736842106,42.43421052631579
log_probability,2.0,1.25,0.3,0.7,25.657894736842106,42.43421052631579
log_probability,2.0,1.5,0.275,0.725,25.657894736842106,42.43421052631579
log_probability,2.0,4.0,0.125,0.875,25.657894736842106,42.43421052631579
log_probability,2.5,0.5,0.575,0.42500000000000004,25.657894736842106,42.43421052631579
log_probability,2.5,0.75,0.475,0.525,25.657894736842106,42.43421052631579
log_probability,2.5,1.0,0.4,0.6,25.657894736842106,42.43421052631579
log_probability,2.5,1.25,0.35,0.65,25.657894736842106,42.43421052631579
log_probability,2.5,1.5,0.325,0.675,25.657894736842106,42.43421052631579
log_probability,2.5,2.0,0.25,0.75,25.657894736842106,42.43421052631579
log_probability,2.5,4.0,0.15,0.85,25.657894736842106,42.43421052631579
log_probability,3.0,0.5,0.625,0.375,25.657894736842106,42.43421052631579
log_probability,3.0,0.75,0.525,0.475,25.657894736842106,42.43421052631579
log_probability,3.0,1.0,0.45,0.55,25.657894736842106,42.43421052631579
log_probability,3.0,1.25,0.4,0.6,25.657894736842106,42.43421052631579
log_probability,3.0,1.5,0.35,0.65,25.657894736842106,42.43421052631579
log_probability,3.0,2.0,0.3,0.7,25.657894736842106,42.43421052631579
log_probability,3.0,2.5,0.25,0.75,25.657894736842106,42.43421052631579
log_probability,3.0,4.0,0.175,0.825,25.657894736842106,42.43421052631579
log_probability,4.0,0.75,0.6,0.4,25.657894736842106,42.43421052631579
log_probability,4.0,1.0,0.525,0.475,25.657894736842106,42.43421052631579
log_probability,4.0,1.25,0.475,0.525,25.657894736842106,42.43421052631579
log_probability,4.0,1.5,0.425,0.575,25.657894736842106,42.43421052631579
log_probability,4.0,2.0,0.35,0.65,25.657894736842106,42.43421052631579
log_probability,4.0,2.5,0.3,0.7,25.657894736842106,42.43421052631579
log_probability,4.0,3.0,0.275,0.725,25.657894736842106,42.43421052631579
probability,3.0,0.75,0.9,0.09999999999999998,25.32894736842105,54.60526315789473
probability,2.0,1.0,0.7,0.30000000000000004,25.32894736842105,52.960526315789465
probability,1.5,0.75,0.675,0.32499999999999996,25.32894736842105,52.63157894736842
probability,1.5,1.0,0.575,0.42500000000000004,25.32894736842105,52.63157894736842
probability,0.75,0.5,0.5,0.5,25.32894736842105,52.30263157894737
probability,1.0,0.75,0.45,0.55,25.32894736842105,51.973684210526315
probability,1.0,1.0,0.325,0.675,25.32894736842105,51.973684210526315
probability,3.0,1.5,0.675,0.32499999999999996,25.32894736842105,50.98684210526315
probability,4.0,1.5,0.775,0.22499999999999998,25.32894736842105,50.98684210526315
probability,0.75,1.0,0.2,0.8,25.32894736842105,50.32894736842105
probability,1.0,1.25,0.225,0.775,25.32894736842105,49.67105263157895
probability,1.5,1.5,0.325,0.675,25.32894736842105,49.34210526315789
probability,0.5,1.5,0.05,0.95,25.32894736842105,47.03947368421053
probability,4.0,2.0,0.625,0.375,25.32894736842105,46.71052631578947
probability,2.0,2.0,0.325,0.675,25.32894736842105,46.381578947368425
probability,2.5,2.0,0.425,0.575,25.32894736842105,46.381578947368425
probability,1.5,2.0,0.2,0.8,25.32894736842105,46.05263157894737
probability,2.0,2.5,0.225,0.775,25.32894736842105,45.39473684210527
probability,2.5,2.5,0.3,0.7,25.32894736842105,45.39473684210527
probability,3.0,2.5,0.375,0.625,25.32894736842105,45.39473684210527
probability,4.0,2.5,0.5,0.5,25.32894736842105,45.06578947368421
probability,1.0,2.5,0.05,0.95,25.32894736842105,44.40789473684211
probability,3.0,3.0,0.3,0.7,25.32894736842105,44.40789473684211
probability,4.0,3.0,0.4,0.6,25.32894736842105,44.40789473684211
probability,2.5,3.0,0.225,0.775,25.32894736842105,43.42105263157895
log_probability,0.75,2.0,0.1,0.9,25.32894736842105,43.09210526315789
log_probability,1.25,0.5,0.425,0.575,25.32894736842105,43.09210526315789
log_probability,1.5,4.0,0.1,0.9,25.32894736842105,43.09210526315789
log_probability,2.5,1.0,0.425,0.575,25.32894736842105,43.09210526315789
log_probability,0.5,0.75,0.15,0.85,25.32894736842105,42.43421052631579
log_probability,0.5,2.5,0.05,0.95,25.32894736842105,42.43421052631579
log_probability,1.0,1.25,0.175,0.825,25.32894736842105,42.43421052631579
log_probability,1.0,1.5,0.15,0.85,25.32894736842105,42.43421052631579
log_probability,1.25,4.0,0.075,0.925,25.32894736842105,42.43421052631579
log_probability,2.0,2.5,0.175,0.825,25.32894736842105,42.43421052631579
log_probability,2.0,3.0,0.15,0.85,25.32894736842105,42.43421052631579
log_probability,4.0,0.5,0.675,0.32499999999999996,25.32894736842105,42.43421052631579
probability,1.5,4.0,0.05,0.95,25.32894736842105,42.10526315789473
log_probability,0.75,0.5,0.275,0.725,25.32894736842105,42.10526315789473
log_probability,1.25,0.75,0.3,0.7,25.32894736842105,42.10526315789473
log_probability,1.25,1.5,0.175,0.825,25.32894736842105,42.10526315789473
log_probability,1.5,1.0,0.275,0.725,25.32894736842105,42.10526315789473
log_probability,2.5,1.5,0.3,0.7,25.32894736842105,42.10526315789473
log_probability,2.5,3.0,0.175,0.825,25.32894736842105,42.10526315789473
log_probability,3.0,2.0,0.275,0.725,25.32894736842105,42.10526315789473
log_probability,4.0,0.75,0.575,0.42500000000000004,25.32894736842105,42.10526315789473
log_probability,4.0,1.25,0.45,0.55,25.32894736842105,42.10526315789473
log_probability,1.25,0.75,0.275,0.725,25.32894736842105,41.776315789473685
log_probability,1.25,1.0,0.225,0.775,25.32894736842105,41.776315789473685
log_probability,1.25,2.0,0.125,0.875,25.32894736842105,41.776315789473685
log_probability,2.0,0.5,0.475,0.525,25.32894736842105,41.776315789473685
log_probability,2.0,0.75,0.375,0.625,25.32894736842105,41.776315789473685
log_probability,2.5,1.5,0.275,0.725,25.32894736842105,41.776315789473685
log_probability,2.5,2.0,0.225,0.775,25.32894736842105,41.776315789473685
log_probability,2.5,4.0,0.125,0.875,25.32894736842105,41.776315789473685
log_probability,3.0,0.5,0.575,0.42500000000000004,25.32894736842105,41.776315789473685
log_probability,3.0,0.75,0.475,0.525,25.32894736842105,41.776315789473685
log_probability,3.0,1.25,0.35,0.65,25.32894736842105,41.776315789473685
log_probability,4.0,0.5,0.65,0.35,25.32894736842105,41.776315789473685
log_probability,4.0,0.75,0.55,0.44999999999999996,25.32894736842105,41.776315789473685
log_probability,4.0,1.0,0.475,0.525,25.32894736842105,41.776315789473685
log_probability,4.0,1.25,0.425,0.575,25.32894736842105,41.776315789473685
log_probability,4.0,1.5,0.375,0.625,25.32894736842105,41.776315789473685
log_probability,0.5,0.5,0.2,0.8,25.32894736842105,41.44736842105263
log_probability,0.5,1.5,0.075,0.925,25.32894736842105,41.44736842105263
log_probability,0.75,0.75,0.2,0.8,25.32894736842105,41.44736842105263
log_probability,0.75,1.0,0.15,0.85,25.32894736842105,41.44736842105263
log_probability,0.75,1.25,0.125,0.875,25.32894736842105,41.44736842105263
log_probability,1.0,0.5,0.325,0.675,25.32894736842105,41.44736842105263
log_probability,1.0,0.75,0.25,0.75,25.32894736842105,41.44736842105263
log_probability,1.0,1.0,0.2,0.8,25.32894736842105,41.44736842105263
log_probability,1.0,3.0,0.075,0.925,25.32894736842105,41.44736842105263
log_probability,1.25,0.5,0.375,0.625,25.32894736842105,41.44736842105263
log_probability,1.25,1.25,0.2,0.8,25.32894736842105,41.44736842105263
log_probability,1.5,0.5,0.425,0.575,25.32894736842105,41.44736842105263
log_probability,1.5,0.75,0.325,0.675,25.32894736842105,41.44736842105263
log_probability,1.5,1.25,0.225,0.775,25.32894736842105,41.44736842105263
log_probability,1.5,1.5,0.2,0.8,25.32894736842105,41.44736842105263
log_probability,1.5,2.0,0.15,0.85,25.32894736842105,41.44736842105263
log_probability,1.5,2.5,0.125,0.875,25.32894736842105,41.44736842105263
log_probability,2.0,0.5,0.5,0.5,25.32894736842105,41.44736842105263
log_probability,2.0,0.75,0.4,0.6,25.32894736842105,41.44736842105263
log_probability,2.0,1.0,0.325,0.675,25.32894736842105,41.44736842105263
log_probability,2.0,1.25,0.275,0.725,25.32894736842105,41.44736842105263
log_probability,2.0,1.5,0.25,0.75,25.32894736842105,41.44736842105263
log_probability,2.0,2.0,0.2,0.8,25.32894736842105,41.44736842105263
log_probability,2.5,0.5,0.55,0.44999999999999996,25.32894736842105,41.44736842105263
log_probability,2.5,0.75,0.45,0.55,25.32894736842105,41.44736842105263
log_probability,2.5,1.0,0.375,0.625,25.32894736842105,41.44736842105263
log_probability,2.5,1.25,0.325,0.675,25.32894736842105,41.44736842105263
log_probability,2.5,2.5,0.2,0.8,25.32894736842105,41.44736842105263
log_probability,3.0,0.5,0.6,0.4,25.32894736842105,41.44736842105263
log_probability,3.0,0.75,0.5,0.5,25.32894736842105,41.44736842105263
log_probability,3.0,1.0,0.425,0.575,25.32894736842105,41.44736842105263
log_probability,3.0,1.25,0.375,0.625,25.32894736842105,41.44736842105263
log_probability,3.0,1.5,0.325,0.675,25.32894736842105,41.44736842105263
log_probability,3.0,2.5,0.225,0.775,25.32894736842105,41.44736842105263
log_probability,3.0,3.0,0.2,0.8,25.32894736842105,41.44736842105263
log_probability,3.0,4.0,0.15,0.85,25.32894736842105,41.44736842105263
log_probability,4.0,1.0,0.5,0.5,25.32894736842105,41.44736842105263
log_probability,4.0,1.5,0.4,0.6,25.32894736842105,41.44736842105263
log_probability,4.0,2.0,0.325,0.675,25.32894736842105,41.44736842105263
log_probability,4.0,2.5,0.275,0.725,25.32894736842105,41.44736842105263
log_probability,4.0,3.0,0.25,0.75,25.32894736842105,41.44736842105263
log_probability,4.0,4.0,0.2,0.8,25.32894736842105,41.44736842105263
probability,2.0,0.75,0.8,0.19999999999999996,25.0,53.94736842105263
probability,2.5,0.5,0.925,0.07499999999999996,25.0,53.94736842105263
probability,1.5,0.5,0.8,0.19999999999999996,25.0,53.289473684210535
probability,1.5,1.0,0.55,0.44999999999999996,25.0,52.960526315789465
probability,1.25,0.75,0.575,0.42500000000000004,25.0,52.63157894736842
probability,1.25,1.0,0.45,0.55,25.0,52.63157894736842
probability,2.5,1.0,0.775,0.22499999999999998,25.0,52.30263157894737
probability,2.5,1.5,0.6,0.4,25.0,51.973684210526315
probability,0.5,0.75,0.2,0.8,25.0,51.64473684210527
probability,1.25,1.0,0.425,0.575,25.0,51.64473684210527
probability,2.0,1.25,0.575,0.42500000000000004,25.0,51.64473684210527
probability,0.75,0.75,0.3,0.7,25.0,51.31578947368421
probability,0.75,0.75,0.325,0.675,25.0,51.31578947368421
probability,1.0,1.0,0.3,0.7,25.0,51.31578947368421
probability,1.5,1.25,0.425,0.575,25.0,51.31578947368421
probability,1.25,1.25,0.325,0.675,25.0,50.32894736842105
probability,0.5,1.0,0.125,0.875,25.0,50.0
probability,1.25,1.25,0.3,0.7,25.0,49.67105263157895
probability,2.0,1.5,0.475,0.525,25.0,49.34210526315789
probability,0.5,1.25,0.075,0.925,25.0,49.01315789473684
probability,0.75,1.25,0.125,0.875,25.0,49.01315789473684
probability,1.0,1.25,0.2,0.8,25.0,48.68421052631579
probability,1.25,1.5,0.225,0.775,25.0,47.368421052631575
probability,2.0,2.0,0.3,0.7,25.0,46.05263157894737
probability,3.0,2.0,0.5,0.5,25.0,46.05263157894737
probability,0.5,2.0,0.025,0.975,25.0,45.723684210526315
probability,1.5,2.5,0.125,0.875,25.0,44.07894736842105
probability,0.75,2.5,0.025,0.975,25.0,43.09210526315789
log_probability,0.5,1.0,0.1,0.9,25.0,41.776315789473685
log_probability,0.75,0.5,0.25,0.75,25.0,41.776315789473685
log_probability,0.75,1.5,0.1,0.9,25.0,41.776315789473685
log_probability,1.0,2.0,0.1,0.9,25.0,41.776315789473685
log_probability,1.25,2.5,0.1,0.9,25.0,41.776315789473685
log_probability,1.5,0.5,0.4,0.6,25.0,41.776315789473685
log_probability,1.5,1.0,0.25,0.75,25.0,41.776315789473685
log_probability,1.5,3.0,0.1,0.9,25.0,41.776315789473685
log_probability,2.0,4.0,0.1,0.9,25.0,41.776315789473685
log_probability,2.5,0.75,0.425,0.575,25.0,41.776315789473685
log_probability,3.0,1.0,0.4,0.6,25.0,41.776315789473685
log_probability,3.0,2.0,0.25,0.75,25.0,41.776315789473685
rank,1.0,1.0,0.025,0.975,25.0,38.81578947368421
probability,2.5,0.75,0.85,0.15000000000000002,24.671052631578945,53.94736842105263
probability,1.0,0.5,0.6,0.4,24.671052631578945,52.63157894736842
probability,3.0,1.0,0.825,0.17500000000000004,24.671052631578945,52.63157894736842
probability,3.0,1.25,0.75,0.25,24.671052631578945,52.63157894736842
probability,1.0,0.5,0.575,0.42500000000000004,24.671052631578945,52.30263157894737
probability,1.0,0.75,0.425,0.575,24.671052631578945,52.30263157894737
probability,2.0,1.0,0.675,0.32499999999999996,24.671052631578945,52.30263157894737
probability,2.5,1.25,0.675,0.32499999999999996,24.671052631578945,52.30263157894737
probability,0.75,0.5,0.475,0.525,24.671052631578945,51.973684210526315
probability,0.75,0.5,0.45,0.55,24.671052631578945,51.64473684210527
probability,1.5,1.0,0.525,0.475,24.671052631578945,51.64473684210527
probability,0.5,0.5,0.325,0.675,24.671052631578945,51.31578947368421
probability,0.75,0.5,0.425,0.575,24.671052631578945,50.6578947368421
probability,1.25,1.0,0.4,0.6,24.671052631578945,50.6578947368421
probability,1.5,1.0,0.5,0.5,24.671052631578945,50.32894736842105
probability,1.5,1.25,0.4,0.6,24.671052631578945,50.32894736842105
probability,1.0,1.0,0.275,0.725,24.671052631578945,49.67105263157895
probability,0.75,1.0,0.175,0.825,24.671052631578945,49.34210526315789
probability,2.5,1.5,0.575,0.42500000000000004,24.671052631578945,48.68421052631579
probability,2.0,1.5,0.45,0.55,24.671052631578945,47.69736842105263
probability,0.75,1.5,0.075,0.925,24.671052631578945,46.71052631578947
probability,2.5,2.0,0.4,0.6,24.671052631578945,45.723684210526315
probability,1.0,2.0,0.075,0.925,24.671052631578945,45.06578947368421
probability,1.25,2.0,0.125,0.875,24.671052631578945,44.40789473684211
probability,2.0,2.5,0.2,0.8,24.671052631578945,43.75
probability,4.0,4.0,0.275,0.725,24.671052631578945,43.75
probability,4.0,4.0,0.25,0.75,24.671052631578945,43.42105263157895
probability,3.0,3.0,0.275,0.725,24.671052631578945,43.09210526315789
probability,2.0,3.0,0.15,0.85,24.671052631578945,42.76315789473684
log_probability,1.0,0.75,0.225,0.775,24.671052631578945,41.776315789473685
log_probability,1.0,1.25,0.15,0.85,24.671052631578945,41.776315789473685
log_probability,2.0,1.5,0.225,0.775,24.671052631578945,41.776315789473685
log_probability,2.0,2.5,0.15,0.85,24.671052631578945,41.776315789473685
log_probability,2.5,0.5,0.525,0.475,24.671052631578945,41.776315789473685
log_probability,4.0,3.0,0.225,0.775,24.671052631578945,41.776315789473685
probability,1.25,0.5,0.7,0.30000000000000004,24.342105263157894,53.289473684210535
probability,2.0,0.75,0.775,0.22499999999999998,24.342105263157894,52.63157894736842
probability,1.25,0.75,0.55,0.44999999999999996,24.342105263157894,52.30263157894737
probability,1.0,0.75,0.4,0.6,24.342105263157894,51.973684210526315
probability,2.0,1.0,0.65,0.35,24.342105263157894,51.64473684210527
probability,0.75,0.75,0.275,0.725,24.342105263157894,51.31578947368421
probability,2.0,1.25,0.55,0.44999999999999996,24.342105263157894,51.31578947368421
probability,0.5,0.5,0.3,0.7,24.342105263157894,50.98684210526315
probability,0.5,0.75,0.175,0.825,24.342105263157894,50.98684210526315
probability,1.25,1.0,0.375,0.625,24.342105263157894,50.32894736842105
probability,1.0,1.0,0.25,0.75,24.342105263157894,49.34210526315789
probability,1.5,1.25,0.375,0.625,24.342105263157894,48.35526315789473
probability,3.0,1.5,0.65,0.35,24.342105263157894,48.35526315789473
probability,1.25,1.25,0.275,0.725,24.342105263157894,47.69736842105263
probability,1.0,1.25,0.175,0.825,24.342105263157894,47.368421052631575
probability,1.5,1.5,0.3,0.7,24.342105263157894,47.03947368421053
probability,1.0,1.5,0.125,0.875,24.342105263157894,46.71052631578947
probability,1.25,1.5,0.2,0.8,24.342105263157894,46.71052631578947
probability,1.5,1.5,0.275,0.725,24.342105263157894,46.381578947368425
probability,4.0,2.0,0.6,0.4,24.342105263157894,46.05263157894737
probability,1.5,2.0,0.175,0.825,24.342105263157894,44.40789473684211
probability,4.0,2.5,0.475,0.525,24.342105263157894,44.07894736842105
probability,1.25,2.5,0.075,0.925,24.342105263157894,43.42105263157895
probability,3.0,2.5,0.35,0.65,24.342105263157894,43.42105263157895
probability,4.0,3.0,0.375,0.625,24.342105263157894,43.42105263157895
probability,3.0,4.0,0.175,0.825,24.342105263157894,42.76315789473684
probability,1.25,3.0,0.05,0.95,24.342105263157894,42.43421052631579
log_probability,0.5,0.5,0.175,0.825,24.342105263157894,41.776315789473685
log_probability,0.5,0.75,0.125,0.875,24.342105263157894,41.776315789473685
log_probability,0.5,2.0,0.05,0.95,24.342105263157894,41.776315789473685
log_probability,0.75,0.75,0.175,0.825,24.342105263157894,41.776315789473685
log_probability,0.75,2.0,0.075,0.925,24.342105263157894,41.776315789473685
log_probability,0.75,3.0,0.05,0.95,24.342105263157894,41.776315789473685
log_probability,1.0,0.5,0.3,0.7,24.342105263157894,41.776315789473685
log_probability,1.0,1.0,0.175,0.825,24.342105263157894,41.776315789473685
log_probability,1.0,1.5,0.125,0.875,24.342105263157894,41.776315789473685
log_probability,1.0,4.0,0.05,0.95,24.342105263157894,41.776315789473685
log_probability,1.25,0.5,0.35,0.65,24.342105263157894,41.776315789473685
log_probability,1.25,1.25,0.175,0.825,24.342105263157894,41.776315789473685
log_probability,1.25,1.5,0.15,0.85,24.342105263157894,41.776315789473685
log_probability,1.5,0.75,0.3,0.7,24.342105263157894,41.776315789473685
log_probability,1.5,1.5,0.175,0.825,24.342105263157894,41.776315789473685
log_probability,1.5,4.0,0.075,0.925,24.342105263157894,41.776315789473685
log_probability,2.0,1.0,0.3,0.7,24.342105263157894,41.776315789473685
log_probability,2.0,2.0,0.175,0.825,24.342105263157894,41.776315789473685
log_probability,2.0,3.0,0.125,0.875,24.342105263157894,41.776315789473685
log_probability,2.5,1.0,0.35,0.65,24.342105263157894,41.776315789473685
log_probability,2.5,1.25,0.3,0.7,24.342105263157894,41.776315789473685
log_probability,2.5,2.5,0.175,0.825,24.342105263157894,41.776315789473685
log_probability,2.5,3.0,0.15,0.85,24.342105263157894,41.776315789473685
log_probability,3.0,1.5,0.3,0.7,24.342105263157894,41.776315789473685
log_probability,3.0,3.0,0.175,0.825,24.342105263157894,41.776315789473685
log_probability,4.0,2.0,0.3,0.7,24.342105263157894,41.776315789473685
log_probability,4.0,4.0,0.175,0.825,24.342105263157894,41.776315789473685
probability,4.0,0.75,0.925,0.07499999999999996,24.013157894736842,54.60526315789473
probability,2.0,0.5,0.875,0.125,24.013157894736842,53.289473684210535
probability,1.5,0.75,0.65,0.35,24.013157894736842,52.63157894736842
probability,4.0,1.0,0.875,0.125,24.013157894736842,52.63157894736842
probability,4.0,1.25,0.825,0.17500000000000004,24.013157894736842,52.63157894736842
probability,1.25,0.75,0.525,0.475,24.013157894736842,52.30263157894737
probability,2.5,1.0,0.75,0.25,24.013157894736842,52.30263157894737
probability,3.0,1.25,0.725,0.275,24.013157894736842,51.31578947368421
probability,2.5,1.25,0.65,0.35,24.013157894736842,50.98684210526315
probability,0.75,0.5,0.4,0.6,24.013157894736842,50.6578947368421
probability,0.5,1.0,0.1,0.9,24.013157894736842,49.34210526315789
probability,4.0,1.5,0.75,0.25,24.013157894736842,49.34210526315789
probability,0.75,1.0,0.15,0.85,24.013157894736842,49.01315789473684
probability,3.0,1.5,0.625,0.375,24.013157894736842,47.368421052631575
probability,0.75,1.25,0.1,0.9,24.013157894736842,47.03947368421053
probability,2.5,1.5,0.55,0.44999999999999996,24.013157894736842,47.03947368421053
probability,3.0,2.0,0.475,0.525,24.013157894736842,45.39473684210527
probability,2.0,2.0,0.275,0.725,24.013157894736842,44.07894736842105
probability,1.5,3.0,0.075,0.925,24.013157894736842,42.43421052631579
log_probability,1.5,1.25,0.2,0.8,24.013157894736842,41.776315789473685
log_probability,2.0,1.25,0.25,0.75,24.013157894736842,41.776315789473685
log_probability,3.0,2.5,0.2,0.8,24.013157894736842,41.776315789473685
log_probability,4.0,0.5,0.625,0.375,24.013157894736842,41.776315789473685
log_probability,4.0,1.25,0.4,0.6,24.013157894736842,41.776315789473685
log_probability,4.0,2.5,0.25,0.75,24.013157894736842,41.776315789473685
log_probability,0.5,1.25,0.075,0.925,24.013157894736842,41.118421052631575
log_probability,0.5,4.0,0.025,0.975,24.013157894736842,41.118421052631575
log_probability,1.0,2.5,0.075,0.925,24.013157894736842,41.118421052631575
log_probability,1.25,0.75,0.25,0.75,24.013157894736842,41.118421052631575
log_probability,1.25,1.0,0.2,0.8,24.013157894736842,41.118421052631575
log_probability,1.5,0.5,0.375,0.625,24.013157894736842,41.118421052631575
log_probability,2.0,0.5,0.45,0.55,24.013157894736842,41.118421052631575
log_probability,2.0,0.75,0.35,0.65,24.013157894736842,41.118421052631575
log_probability,2.5,0.5,0.5,0.5,24.013157894736842,41.118421052631575
log_probability,2.5,0.75,0.4,0.6,24.013157894736842,41.118421052631575
log_probability,2.5,1.5,0.25,0.75,24.013157894736842,41.118421052631575
log_probability,2.5,2.0,0.2,0.8,24.013157894736842,41.118421052631575
log_probability,3.0,0.5,0.55,0.44999999999999996,24.013157894736842,41.118421052631575
log_probability,3.0,0.75,0.45,0.55,24.013157894736842,41.118421052631575
log_probability,3.0,1.0,0.375,0.625,24.013157894736842,41.118421052631575
log_probability,3.0,1.25,0.325,0.675,24.013157894736842,41.118421052631575
log_probability,4.0,0.75,0.525,0.475,24.013157894736842,41.118421052631575
log_probability,4.0,1.0,0.45,0.55,24.013157894736842,41.118421052631575
log_probability,4.0,1.5,0.35,0.65,24.013157894736842,41.118421052631575
log_probability,0.75,0.5,0.225,0.775,24.013157894736842,40.46052631578947
log_probability,0.75,1.0,0.125,0.875,24.013157894736842,40.46052631578947
log_probability,0.75,1.25,0.1,0.9,24.013157894736842,40.46052631578947
log_probability,1.0,0.5,0.275,0.725,24.013157894736842,40.46052631578947
log_probability,1.0,0.75,0.2,0.8,24.013157894736842,40.46052631578947
log_probability,1.0,1.25,0.125,0.875,24.013157894736842,40.46052631578947
log_probability,1.25,0.5,0.325,0.675,24.013157894736842,40.46052631578947
log_probability,1.25,3.0,0.075,0.925,24.013157894736842,40.46052631578947
log_probability,1.5,0.5,0.35,0.65,24.013157894736842,40.46052631578947
log_probability,1.5,0.75,0.275,0.725,24.013157894736842,40.46052631578947
log_probability,1.5,1.0,0.225,0.775,24.013157894736842,40.46052631578947
log_probability,1.5,2.0,0.125,0.875,24.013157894736842,40.46052631578947
log_probability,1.5,2.5,0.1,0.9,24.013157894736842,40.46052631578947
log_probability,2.0,0.5,0.425,0.575,24.013157894736842,40.46052631578947
log_probability,2.0,0.75,0.325,0.675,24.013157894736842,40.46052631578947
log_probability,2.0,1.0,0.275,0.725,24.013157894736842,40.46052631578947
log_probability,2.0,1.25,0.225,0.775,24.013157894736842,40.46052631578947
log_probability,2.0,1.5,0.2,0.8,24.013157894736842,40.46052631578947
log_probability,2.0,2.5,0.125,0.875,24.013157894736842,40.46052631578947
log_probability,2.5,0.5,0.475,0.525,24.013157894736842,40.46052631578947
log_probability,2.5,0.75,0.375,0.625,24.013157894736842,40.46052631578947
log_probability,2.5,1.0,0.325,0.675,24.013157894736842,40.46052631578947
log_probability,2.5,1.25,0.275,0.725,24.013157894736842,40.46052631578947
log_probability,3.0,0.5,0.525,0.475,24.013157894736842,40.46052631578947
log_probability,3.0,0.75,0.425,0.575,24.013157894736842,40.46052631578947
log_probability,3.0,1.0,0.35,0.65,24.013157894736842,40.46052631578947
log_probability,3.0,1.25,0.3,0.7,24.013157894736842,40.46052631578947
log_probability,3.0,1.5,0.275,0.725,24.013157894736842,40.46052631578947
log_probability,3.0,2.0,0.225,0.775,24.013157894736842,40.46052631578947
log_probability,3.0,4.0,0.125,0.875,24.013157894736842,40.46052631578947
log_probability,4.0,0.5,0.6,0.4,24.013157894736842,40.46052631578947
log_probability,4.0,0.75,0.5,0.5,24.013157894736842,40.46052631578947
log_probability,4.0,1.0,0.425,0.575,24.013157894736842,40.46052631578947
log_probability,4.0,1.25,0.375,0.625,24.013157894736842,40.46052631578947
log_probability,4.0,1.5,0.325,0.675,24.013157894736842,40.46052631578947
log_probability,4.0,2.0,0.275,0.725,24.013157894736842,40.46052631578947
log_probability,4.0,2.5,0.225,0.775,24.013157894736842,40.46052631578947
log_probability,4.0,3.0,0.2,0.8,24.013157894736842,40.46052631578947
probability,1.5,0.5,0.775,0.22499999999999998,23.684210526315788,53.61842105263158
probability,3.0,0.75,0.875,0.125,23.684210526315788,53.289473684210535
probability,1.5,0.75,0.625,0.375,23.684210526315788,51.973684210526315
probability,3.0,1.0,0.8,0.19999999999999996,23.684210526315788,51.973684210526315
probability,1.5,0.75,0.6,0.4,23.684210526315788,51.31578947368421
probability,0.5,0.5,0.275,0.725,23.684210526315788,50.98684210526315
probability,1.25,0.75,0.5,0.5,23.684210526315788,50.98684210526315
probability,0.75,0.75,0.25,0.75,23.684210526315788,50.6578947368421
probability,1.5,1.0,0.475,0.525,23.684210526315788,50.32894736842105
probability,4.0,1.25,0.8,0.19999999999999996,23.684210526315788,49.67105263157895
probability,2.0,1.25,0.525,0.475,23.684210526315788,49.34210526315789
probability,3.0,1.25,0.7,0.30000000000000004,23.684210526315788,48.35526315789473
probability,1.5,1.25,0.35,0.65,23.684210526315788,47.368421052631575
probability,2.0,1.5,0.425,0.575,23.684210526315788,46.71052631578947
probability,2.5,1.5,0.525,0.475,23.684210526315788,46.381578947368425
probability,3.0,1.5,0.6,0.4,23.684210526315788,46.381578947368425
probability,4.0,1.5,0.725,0.275,23.684210526315788,46.381578947368425
probability,2.5,2.0,0.375,0.625,23.684210526315788,44.40789473684211
probability,3.0,2.0,0.45,0.55,23.684210526315788,44.07894736842105
probability,4.0,2.5,0.45,0.55,23.684210526315788,43.42105263157895
probability,4.0,3.0,0.35,0.65,23.684210526315788,43.42105263157895
probability,1.25,2.0,0.1,0.9,23.684210526315788,43.09210526315789
probability,2.0,2.0,0.25,0.75,23.684210526315788,43.09210526315789
probability,2.5,2.5,0.275,0.725,23.684210526315788,43.09210526315789
probability,2.5,2.0,0.35,0.65,23.684210526315788,42.76315789473684
probability,2.0,2.5,0.175,0.825,23.684210526315788,42.43421052631579
probability,2.5,3.0,0.2,0.8,23.684210526315788,42.43421052631579
probability,2.5,4.0,0.125,0.875,23.684210526315788,42.43421052631579
probability,3.0,3.0,0.25,0.75,23.684210526315788,42.43421052631579
probability,2.0,3.0,0.125,0.875,23.684210526315788,41.776315789473685
probability,3.0,4.0,0.15,0.85,23.684210526315788,41.776315789473685
probability,4.0,4.0,0.225,0.775,23.684210526315788,41.776315789473685
log_probability,1.25,2.0,0.1,0.9,23.684210526315788,40.46052631578947
log_probability,2.5,4.0,0.1,0.9,23.684210526315788,40.46052631578947
log_probability,0.5,0.5,0.15,0.85,23.684210526315788,40.131578947368425
log_probability,0.75,0.75,0.15,0.85,23.684210526315788,40.131578947368425
log_probability,0.75,2.5,0.05,0.95,23.684210526315788,40.131578947368425
log_probability,1.0,1.0,0.15,0.85,23.684210526315788,40.131578947368425
log_probability,1.25,0.75,0.225,0.775,23.684210526315788,40.131578947368425
log_probability,1.25,1.25,0.15,0.85,23.684210526315788,40.131578947368425
log_probability,1.5,1.25,0.175,0.825,23.684210526315788,40.131578947368425
log_probability,1.5,1.5,0.15,0.85,23.684210526315788,40.131578947368425
log_probability,2.0,2.0,0.15,0.85,23.684210526315788,40.131578947368425
log_probability,2.5,1.5,0.225,0.775,23.684210526315788,40.131578947368425
log_probability,2.5,2.5,0.15,0.85,23.684210526315788,40.131578947368425
log_probability,3.0,2.5,0.175,0.825,23.684210526315788,40.131578947368425
log_probability,3.0,3.0,0.15,0.85,23.684210526315788,40.131578947368425
log_probability,4.0,4.0,0.15,0.85,23.684210526315788,40.131578947368425
probability,2.0,0.5,0.85,0.15000000000000002,23.355263157894736,53.94736842105263
probability,3.0,0.5,0.925,0.07499999999999996,23.355263157894736,53.94736842105263
probability,1.5,0.5,0.75,0.25,23.355263157894736,53.61842105263158
probability,1.25,0.5,0.675,0.32499999999999996,23.355263157894736,52.960526315789465
probability,2.0,0.75,0.75,0.25,23.355263157894736,52.63157894736842
probability,2.5,0.75,0.825,0.17500000000000004,23.355263157894736,52.30263157894737
probability,1.0,0.5,0.55,0.44999999999999996,23.355263157894736,51.973684210526315
probability,2.5,1.0,0.725,0.275,23.355263157894736,51.31578947368421
probability,1.0,0.75,0.375,0.625,23.355263157894736,50.98684210526315
probability,2.0,1.0,0.625,0.375,23.355263157894736,50.98684210526315
probability,0.5,0.75,0.15,0.85,23.355263157894736,50.32894736842105
probability,0.75,0.75,0.225,0.775,23.355263157894736,50.32894736842105
probability,3.0,1.0,0.775,0.22499999999999998,23.355263157894736,50.32894736842105
probability,1.25,1.0,0.35,0.65,23.355263157894736,49.34210526315789
probability,2.5,1.25,0.625,0.375,23.355263157894736,48.35526315789473
probability,4.0,1.25,0.775,0.22499999999999998,23.355263157894736,47.69736842105263
probability,1.25,1.25,0.25,0.75,23.355263157894736,47.03947368421053
probability,3.0,1.25,0.675,0.32499999999999996,23.355263157894736,47.03947368421053
probability,2.0,1.25,0.5,0.5,23.355263157894736,46.71052631578947
probability,2.5,1.25,0.6,0.4,23.355263157894736,46.71052631578947
probability,4.0,1.5,0.7,0.30000000000000004,23.355263157894736,45.723684210526315
probability,2.0,1.5,0.4,0.6,23.355263157894736,45.39473684210527
probability,2.5,1.5,0.5,0.5,23.355263157894736,45.06578947368421
probability,1.25,1.5,0.175,0.825,23.355263157894736,44.73684210526316
probability,4.0,2.0,0.575,0.42500000000000004,23.355263157894736,44.73684210526316
probability,3.0,1.5,0.575,0.42500000000000004,23.355263157894736,44.07894736842105
probability,4.0,1.5,0.675,0.32499999999999996,23.355263157894736,44.07894736842105
probability,1.5,2.0,0.15,0.85,23.355263157894736,43.42105263157895
probability,4.0,2.0,0.55,0.44999999999999996,23.355263157894736,43.42105263157895
probability,3.0,2.0,0.425,0.575,23.355263157894736,43.09210526315789
probability,4.0,2.0,0.525,0.475,23.355263157894736,43.09210526315789
probability,4.0,2.5,0.425,0.575,23.355263157894736,43.09210526315789
probability,3.0,2.5,0.3,0.7,23.355263157894736,42.76315789473684
probability,3.0,2.5,0.325,0.675,23.355263157894736,42.76315789473684
probability,2.5,2.0,0.325,0.675,23.355263157894736,42.43421052631579
probability,2.5,2.5,0.25,0.75,23.355263157894736,42.43421052631579
probability,3.0,2.0,0.4,0.6,23.355263157894736,42.43421052631579
probability,1.5,2.5,0.1,0.9,23.355263157894736,42.10526315789473
probability,4.0,2.5,0.4,0.6,23.355263157894736,42.10526315789473
probability,4.0,3.0,0.325,0.675,23.355263157894736,42.10526315789473
probability,2.0,4.0,0.075,0.925,23.355263157894736,41.776315789473685
probability,2.5,3.0,0.175,0.825,23.355263157894736,41.776315789473685
probability,3.0,3.0,0.225,0.775,23.355263157894736,41.776315789473685
probability,4.0,4.0,0.2,0.8,23.355263157894736,41.118421052631575
log_probability,0.5,0.75,0.1,0.9,23.355263157894736,39.80263157894737
log_probability,0.5,1.0,0.075,0.925,23.355263157894736,39.80263157894737
log_probability,0.75,0.5,0.2,0.8,23.355263157894736,39.80263157894737
log_probability,0.75,1.5,0.075,0.925,23.355263157894736,39.80263157894737
log_probability,1.0,0.5,0.25,0.75,23.355263157894736,39.80263157894737
log_probability,1.0,1.5,0.1,0.9,23.355263157894736,39.80263157894737
log_probability,1.0,2.0,0.075,0.925,23.355263157894736,39.80263157894737
log_probability,1.25,0.5,0.3,0.7,23.355263157894736,39.80263157894737
log_probability,1.25,1.0,0.175,0.825,23.355263157894736,39.80263157894737
log_probability,1.25,1.5,0.125,0.875,23.355263157894736,39.80263157894737
log_probability,1.25,2.5,0.075,0.925,23.355263157894736,39.80263157894737
log_probability,1.25,4.0,0.05,0.95,23.355263157894736,39.80263157894737
log_probability,1.5,0.75,0.25,0.75,23.355263157894736,39.80263157894737
log_probability,1.5,1.0,0.2,0.8,23.355263157894736,39.80263157894737
log_probability,1.5,3.0,0.075,0.925,23.355263157894736,39.80263157894737
log_probability,2.0,0.5,0.4,0.6,23.355263157894736,39.80263157894737
log_probability,2.0,1.0,0.25,0.75,23.355263157894736,39.80263157894737
log_probability,2.0,3.0,0.1,0.9,23.355263157894736,39.80263157894737
log_probability,2.0,4.0,0.075,0.925,23.355263157894736,39.80263157894737
log_probability,2.5,0.5,0.45,0.55,23.355263157894736,39.80263157894737
log_probability,2.5,0.75,0.35,0.65,23.355263157894736,39.80263157894737
log_probability,2.5,1.0,0.3,0.7,23.355263157894736,39.80263157894737
log_probability,2.5,1.25,0.25,0.75,23.355263157894736,39.80263157894737
log_probability,2.5,2.0,0.175,0.825,23.355263157894736,39.80263157894737
log_probability,2.5,3.0,0.125,0.875,23.355263157894736,39.80263157894737
log_probability,3.0,0.5,0.5,0.5,23.355263157894736,39.80263157894737
log_probability,3.0,0.75,0.4,0.6,23.355263157894736,39.80263157894737
log_probability,3.0,1.5,0.25,0.75,23.355263157894736,39.80263157894737
log_probability,3.0,2.0,0.2,0.8,23.355263157894736,39.80263157894737
log_probability,4.0,0.5,0.575,0.42500000000000004,23.355263157894736,39.80263157894737
log_probability,4.0,0.75,0.475,0.525,23.355263157894736,39.80263157894737
log_probability,4.0,1.0,0.4,0.6,23.355263157894736,39.80263157894737
log_probability,4.0,1.25,0.35,0.65,23.355263157894736,39.80263157894737
log_probability,4.0,2.0,0.25,0.75,23.355263157894736,39.80263157894737
log_probability,0.5,1.5,0.05,0.95,23.355263157894736,39.473684210526315
log_probability,0.5,3.0,0.025,0.975,23.355263157894736,39.473684210526315
log_probability,0.75,1.0,0.1,0.9,23.355263157894736,39.473684210526315
log_probability,1.0,0.75,0.175,0.825,23.355263157894736,39.473684210526315
log_probability,1.0,3.0,0.05,0.95,23.355263157894736,39.473684210526315
log_probability,1.25,0.5,0.275,0.725,23.355263157894736,39.473684210526315
log_probability,1.25,0.75,0.2,0.8,23.355263157894736,39.473684210526315
log_probability,1.5,0.5,0.325,0.675,23.355263157894736,39.473684210526315
log_probability,1.5,1.25,0.15,0.85,23.355263157894736,39.473684210526315
log_probability,1.5,2.0,0.1,0.9,23.355263157894736,39.473684210526315
log_probability,2.0,0.5,0.375,0.625,23.355263157894736,39.473684210526315
log_probability,2.0,0.75,0.3,0.7,23.355263157894736,39.473684210526315
log_probability,2.0,1.25,0.2,0.8,23.355263157894736,39.473684210526315
log_probability,2.0,1.5,0.175,0.825,23.355263157894736,39.473684210526315
log_probability,2.5,0.5,0.425,0.575,23.355263157894736,39.473684210526315
log_probability,2.5,1.0,0.275,0.725,23.355263157894736,39.473684210526315
log_probability,2.5,1.5,0.2,0.8,23.355263157894736,39.473684210526315
log_probability,3.0,0.5,0.475,0.525,23.355263157894736,39.473684210526315
log_probability,3.0,0.75,0.375,0.625,23.355263157894736,39.473684210526315
log_probability,3.0,1.0,0.325,0.675,23.355263157894736,39.473684210526315
log_probability,3.0,1.25,0.275,0.725,23.355263157894736,39.473684210526315
log_probability,3.0,2.5,0.15,0.85,23.355263157894736,39.473684210526315
log_probability,3.0,4.0,0.1,0.9,23.355263157894736,39.473684210526315
log_probability,4.0,0.5,0.55,0.44999999999999996,23.355263157894736,39.473684210526315
log_probability,4.0,0.75,0.45,0.55,23.355263157894736,39.473684210526315
log_probability,4.0,1.0,0.375,0.625,23.355263157894736,39.473684210526315
log_probability,4.0,1.25,0.325,0.675,23.355263157894736,39.473684210526315
log_probability,4.0,1.5,0.3,0.7,23.355263157894736,39.473684210526315
log_probability,4.0,2.5,0.2,0.8,23.355263157894736,39.473684210526315
log_probability,4.0,3.0,0.175,0.825,23.355263157894736,39.473684210526315
log_probability,0.5,0.5,0.125,0.875,23.355263157894736,39.14473684210527
log_probability,0.5,0.75,0.075,0.925,23.355263157894736,39.14473684210527
log_probability,0.5,1.25,0.05,0.95,23.355263157894736,39.14473684210527
log_probability,0.5,2.5,0.025,0.975,23.355263157894736,39.14473684210527
log_probability,0.75,0.5,0.175,0.825,23.355263157894736,39.14473684210527
log_probability,0.75,0.75,0.125,0.875,23.355263157894736,39.14473684210527
log_probability,0.75,1.25,0.075,0.925,23.355263157894736,39.14473684210527
log_probability,0.75,2.0,0.05,0.95,23.355263157894736,39.14473684210527
log_probability,0.75,4.0,0.025,0.975,23.355263157894736,39.14473684210527
log_probability,1.0,0.5,0.2,0.8,23.355263157894736,39.14473684210527
log_probability,1.0,0.5,0.225,0.775,23.355263157894736,39.14473684210527
log_probability,1.0,0.75,0.15,0.85,23.355263157894736,39.14473684210527
log_probability,1.0,1.0,0.125,0.875,23.355263157894736,39.14473684210527
log_probability,1.0,1.25,0.1,0.9,23.355263157894736,39.14473684210527
log_probability,1.0,1.5,0.075,0.925,23.355263157894736,39.14473684210527
log_probability,1.0,2.5,0.05,0.95,23.355263157894736,39.14473684210527
log_probability,1.25,0.5,0.25,0.75,23.355263157894736,39.14473684210527
log_probability,1.25,0.75,0.175,0.825,23.355263157894736,39.14473684210527
log_probability,1.25,1.0,0.15,0.85,23.355263157894736,39.14473684210527
log_probability,1.25,1.25,0.125,0.875,23.355263157894736,39.14473684210527
log_probability,1.25,1.5,0.1,0.9,23.355263157894736,39.14473684210527
log_probability,1.25,2.0,0.075,0.925,23.355263157894736,39.14473684210527
log_probability,1.25,3.0,0.05,0.95,23.355263157894736,39.14473684210527
log_probability,1.5,0.5,0.275,0.725,23.355263157894736,39.14473684210527
log_probability,1.5,0.5,0.3,0.7,23.355263157894736,39.14473684210527
log_probability,1.5,0.75,0.2,0.8,23.355263157894736,39.14473684210527
log_probability,1.5,0.75,0.225,0.775,23.355263157894736,39.14473684210527
log_probability,1.5,1.0,0.175,0.825,23.355263157894736,39.14473684210527
log_probability,1.5,1.5,0.125,0.875,23.355263157894736,39.14473684210527
log_probability,1.5,2.5,0.075,0.925,23.355263157894736,39.14473684210527
log_probability,1.5,4.0,0.05,0.95,23.355263157894736,39.14473684210527
log_probability,2.0,0.5,0.35,0.65,23.355263157894736,39.14473684210527
log_probability,2.0,0.75,0.25,0.75,23.355263157894736,39.14473684210527
log_probability,2.0,0.75,0.275,0.725,23.355263157894736,39.14473684210527
log_probability,2.0,1.0,0.2,0.8,23.355263157894736,39.14473684210527
log_probability,2.0,1.0,0.225,0.775,23.355263157894736,39.14473684210527
log_probability,2.0,1.25,0.175,0.825,23.355263157894736,39.14473684210527
log_probability,2.0,1.5,0.15,0.85,23.355263157894736,39.14473684210527
log_probability,2.0,2.0,0.125,0.875,23.355263157894736,39.14473684210527
log_probability,2.0,2.5,0.1,0.9,23.355263157894736,39.14473684210527
log_probability,2.0,3.0,0.075,0.925,23.355263157894736,39.14473684210527
log_probability,2.5,0.5,0.4,0.6,23.355263157894736,39.14473684210527
log_probability,2.5,0.75,0.3,0.7,23.355263157894736,39.14473684210527
log_probability,2.5,0.75,0.325,0.675,23.355263157894736,39.14473684210527
log_probability,2.5,1.0,0.25,0.75,23.355263157894736,39.14473684210527
log_probability,2.5,1.25,0.2,0.8,23.355263157894736,39.14473684210527
log_probability,2.5,1.25,0.225,0.775,23.355263157894736,39.14473684210527
log_probability,2.5,1.5,0.175,0.825,23.355263157894736,39.14473684210527
log_probability,2.5,2.0,0.15,0.85,23.355263157894736,39.14473684210527
log_probability,2.5,2.5,0.125,0.875,23.355263157894736,39.14473684210527
log_probability,2.5,3.0,0.1,0.9,23.355263157894736,39.14473684210527
log_probability,2.5,4.0,0.075,0.925,23.355263157894736,39.14473684210527
log_probability,3.0,0.5,0.425,0.575,23.355263157894736,39.14473684210527
log_probability,3.0,0.5,0.45,0.55,23.355263157894736,39.14473684210527
log_probability,3.0,0.75,0.35,0.65,23.355263157894736,39.14473684210527
log_probability,3.0,1.0,0.275,0.725,23.355263157894736,39.14473684210527
log_probability,3.0,1.0,0.3,0.7,23.355263157894736,39.14473684210527
log_probability,3.0,1.25,0.25,0.75,23.355263157894736,39.14473684210527
log_probability,3.0,1.5,0.2,0.8,23.355263157894736,39.14473684210527
log_probability,3.0,1.5,0.225,0.775,23.355263157894736,39.14473684210527
log_probability,3.0,2.0,0.175,0.825,23.355263157894736,39.14473684210527
log_probability,3.0,3.0,0.125,0.875,23.355263157894736,39.14473684210527
log_probability,4.0,0.5,0.5,0.5,23.355263157894736,39.14473684210527
log_probability,4.0,0.5,0.525,0.475,23.355263157894736,39.14473684210527
log_probability,4.0,0.75,0.4,0.6,23.355263157894736,39.14473684210527
log_probability,4.0,0.75,0.425,0.575,23.355263157894736,39.14473684210527
log_probability,4.0,1.0,0.35,0.65,23.355263157894736,39.14473684210527
log_probability,4.0,1.25,0.3,0.7,23.355263157894736,39.14473684210527
log_probability,4.0,1.5,0.25,0.75,23.355263157894736,39.14473684210527
log_probability,4.0,1.5,0.275,0.725,23.355263157894736,39.14473684210527
log_probability,4.0,2.0,0.2,0.8,23.355263157894736,39.14473684210527
log_probability,4.0,2.0,0.225,0.775,23.355263157894736,39.14473684210527
log_probability,4.0,2.5,0.175,0.825,23.355263157894736,39.14473684210527
log_probability,4.0,3.0,0.15,0.85,23.355263157894736,39.14473684210527
log_probability,4.0,4.0,0.125,0.875,23.355263157894736,39.14473684210527
probability,4.0,0.5,0.95,0.050000000000000044,23.026315789473685,54.276315789473685
probability,2.5,0.5,0.9,0.09999999999999998,23.026315789473685,53.94736842105263
probability,2.0,0.5,0.825,0.17500000000000004,23.026315789473685,53.61842105263158
probability,1.5,0.5,0.725,0.275,23.026315789473685,52.63157894736842
probability,1.25,0.5,0.65,0.35,23.026315789473685,52.30263157894737
probability,1.0,0.5,0.525,0.475,23.026315789473685,51.64473684210527
probability,1.25,0.5,0.625,0.375,23.026315789473685,51.64473684210527
probability,0.75,0.5,0.325,0.675,23.026315789473685,51.31578947368421
probability,0.75,0.5,0.35,0.65,23.026315789473685,51.31578947368421
probability,1.0,0.5,0.45,0.55,23.026315789473685,51.31578947368421
probability,1.25,0.5,0.6,0.4,23.026315789473685,51.31578947368421
probability,1.25,0.75,0.475,0.525,23.026315789473685,51.31578947368421
probability,1.5,0.75,0.575,0.42500000000000004,23.026315789473685,51.31578947368421
probability,1.0,0.75,0.35,0.65,23.026315789473685,50.98684210526315
probability,0.5,0.5,0.25,0.75,23.026315789473685,50.6578947368421
probability,0.75,0.5,0.3,0.7,23.026315789473685,50.6578947368421
probability,0.75,0.5,0.375,0.625,23.026315789473685,50.6578947368421
probability,1.0,0.5,0.475,0.525,23.026315789473685,50.6578947368421
probability,1.0,0.5,0.5,0.5,23.026315789473685,50.6578947368421
probability,1.0,0.75,0.325,0.675,23.026315789473685,50.6578947368421
probability,4.0,1.0,0.85,0.15000000000000002,23.026315789473685,50.6578947368421
probability,1.5,1.0,0.45,0.55,23.026315789473685,49.34210526315789
probability,1.0,1.0,0.225,0.775,23.026315789473685,48.026315789473685
probability,0.5,1.25,0.05,0.95,23.026315789473685,46.71052631578947
probability,1.0,1.25,0.15,0.85,23.026315789473685,46.381578947368425
probability,1.5,1.25,0.325,0.675,23.026315789473685,46.381578947368425
probability,2.0,1.25,0.475,0.525,23.026315789473685,46.05263157894737
probability,1.5,1.5,0.25,0.75,23.026315789473685,45.06578947368421
probability,2.0,1.5,0.375,0.625,23.026315789473685,43.42105263157895
probability,3.0,2.0,0.375,0.625,23.026315789473685,42.10526315789473
probability,4.0,2.0,0.475,0.525,23.026315789473685,42.10526315789473
probability,4.0,2.0,0.5,0.5,23.026315789473685,42.10526315789473
probability,1.0,3.0,0.025,0.975,23.026315789473685,41.776315789473685
probability,2.0,2.5,0.15,0.85,23.026315789473685,41.776315789473685
probability,2.5,2.5,0.225,0.775,23.026315789473685,41.776315789473685
probability,3.0,2.5,0.275,0.725,23.026315789473685,41.776315789473685
probability,4.0,2.5,0.375,0.625,23.026315789473685,41.776315789473685
probability,4.0,3.0,0.3,0.7,23.026315789473685,41.44736842105263
probability,1.25,4.0,0.025,0.975,23.026315789473685,41.118421052631575
probability,2.0,3.0,0.1,0.9,23.026315789473685,41.118421052631575
probability,2.5,2.5,0.2,0.8,23.026315789473685,41.118421052631575
probability,2.5,3.0,0.15,0.85,23.026315789473685,41.118421052631575
probability,2.5,4.0,0.1,0.9,23.026315789473685,41.118421052631575
probability,3.0,2.5,0.25,0.75,23.026315789473685,41.118421052631575
probability,3.0,3.0,0.2,0.8,23.026315789473685,41.118421052631575
probability,3.0,4.0,0.125,0.875,23.026315789473685,40.78947368421053
probability,4.0,2.0,0.45,0.55,23.026315789473685,40.78947368421053
probability,4.0,2.5,0.325,0.675,23.026315789473685,40.78947368421053
probability,4.0,2.5,0.35,0.65,23.026315789473685,40.78947368421053
probability,4.0,3.0,0.275,0.725,23.026315789473685,40.78947368421053
probability,4.0,4.0,0.175,0.825,23.026315789473685,40.78947368421053
probability,3.0,2.5,0.225,0.775,23.026315789473685,40.46052631578947
probability,3.0,3.0,0.175,0.825,23.026315789473685,40.46052631578947
probability,2.0,4.0,0.05,0.95,23.026315789473685,40.131578947368425
probability,2.5,3.0,0.125,0.875,23.026315789473685,40.131578947368425
probability,2.5,4.0,0.075,0.925,23.026315789473685,40.131578947368425
probability,3.0,3.0,0.15,0.85,23.026315789473685,40.131578947368425
probability,3.0,4.0,0.1,0.9,23.026315789473685,40.131578947368425
probability,4.0,3.0,0.25,0.75,23.026315789473685,40.131578947368425
probability,4.0,4.0,0.15,0.85,23.026315789473685,39.80263157894737
log_probability,0.75,0.5,0.15,0.85,23.026315789473685,39.14473684210527
log_probability,1.25,0.5,0.225,0.775,23.026315789473685,39.14473684210527
log_probability,1.25,1.0,0.125,0.875,23.026315789473685,39.14473684210527
log_probability,1.5,1.0,0.15,0.85,23.026315789473685,39.14473684210527
log_probability,1.5,1.25,0.125,0.875,23.026315789473685,39.14473684210527
log_probability,2.0,0.5,0.325,0.675,23.026315789473685,39.14473684210527
log_probability,2.5,0.5,0.375,0.625,23.026315789473685,39.14473684210527
log_probability,2.5,0.75,0.275,0.725,23.026315789473685,39.14473684210527
log_probability,2.5,1.0,0.225,0.775,23.026315789473685,39.14473684210527
log_probability,2.5,2.0,0.125,0.875,23.026315789473685,39.14473684210527
log_probability,3.0,0.75,0.325,0.675,23.026315789473685,39.14473684210527
log_probability,3.0,1.25,0.225,0.775,23.026315789473685,39.14473684210527
log_probability,3.0,2.0,0.15,0.85,23.026315789473685,39.14473684210527
log_probability,3.0,2.5,0.125,0.875,23.026315789473685,39.14473684210527
log_probability,4.0,0.5,0.475,0.525,23.026315789473685,39.14473684210527
log_probability,4.0,0.75,0.375,0.625,23.026315789473685,39.14473684210527
log_probability,4.0,1.0,0.325,0.675,23.026315789473685,39.14473684210527
log_probability,4.0,1.25,0.275,0.725,23.026315789473685,39.14473684210527
log_probability,0.5,0.5,0.1,0.9,23.026315789473685,38.81578947368421
log_probability,0.5,1.0,0.05,0.95,23.026315789473685,38.81578947368421
log_probability,0.5,2.0,0.025,0.975,23.026315789473685,38.81578947368421
log_probability,0.75,0.75,0.1,0.9,23.026315789473685,38.81578947368421
log_probability,0.75,1.0,0.075,0.925,23.026315789473685,38.81578947368421
log_probability,0.75,1.5,0.05,0.95,23.026315789473685,38.81578947368421
log_probability,0.75,3.0,0.025,0.975,23.026315789473685,38.81578947368421
log_probability,1.0,0.5,0.175,0.825,23.026315789473685,38.81578947368421
log_probability,1.0,0.75,0.125,0.875,23.026315789473685,38.81578947368421
log_probability,1.0,1.0,0.1,0.9,23.026315789473685,38.81578947368421
log_probability,1.0,1.25,0.075,0.925,23.026315789473685,38.81578947368421
log_probability,1.0,2.0,0.05,0.95,23.026315789473685,38.81578947368421
log_probability,1.0,4.0,0.025,0.975,23.026315789473685,38.81578947368421
log_probability,1.25,0.5,0.2,0.8,23.026315789473685,38.81578947368421
log_probability,1.25,0.75,0.15,0.85,23.026315789473685,38.81578947368421
log_probability,1.25,1.25,0.1,0.9,23.026315789473685,38.81578947368421
log_probability,1.25,2.5,0.05,0.95,23.026315789473685,38.81578947368421
log_probability,1.5,0.5,0.25,0.75,23.026315789473685,38.81578947368421
log_probability,1.5,0.75,0.175,0.825,23.026315789473685,38.81578947368421
log_probability,1.5,1.5,0.1,0.9,23.026315789473685,38.81578947368421
log_probability,1.5,2.0,0.075,0.925,23.026315789473685,38.81578947368421
log_probability,1.5,3.0,0.05,0.95,23.026315789473685,38.81578947368421
log_probability,2.0,0.5,0.3,0.7,23.026315789473685,38.81578947368421
log_probability,2.0,0.75,0.225,0.775,23.026315789473685,38.81578947368421
log_probability,2.0,1.0,0.175,0.825,23.026315789473685,38.81578947368421
log_probability,2.0,1.25,0.15,0.85,23.026315789473685,38.81578947368421
log_probability,2.0,1.5,0.125,0.875,23.026315789473685,38.81578947368421
log_probability,2.0,2.0,0.1,0.9,23.026315789473685,38.81578947368421
log_probability,2.0,2.5,0.075,0.925,23.026315789473685,38.81578947368421
log_probability,2.0,4.0,0.05,0.95,23.026315789473685,38.81578947368421
log_probability,2.5,0.5,0.35,0.65,23.026315789473685,38.81578947368421
log_probability,2.5,0.75,0.25,0.75,23.026315789473685,38.81578947368421
log_probability,2.5,1.0,0.2,0.8,23.026315789473685,38.81578947368421
log_probability,2.5,1.25,0.175,0.825,23.026315789473685,38.81578947368421
log_probability,2.5,1.5,0.15,0.85,23.026315789473685,38.81578947368421
log_probability,2.5,2.5,0.1,0.9,23.026315789473685,38.81578947368421
log_probability,3.0,0.5,0.375,0.625,23.026315789473685,38.81578947368421
log_probability,3.0,0.5,0.4,0.6,23.026315789473685,38.81578947368421
log_probability,3.0,0.75,0.3,0.7,23.026315789473685,38.81578947368421
log_probability,3.0,1.0,0.25,0.75,23.026315789473685,38.81578947368421
log_probability,3.0,1.25,0.2,0.8,23.026315789473685,38.81578947368421
log_probability,3.0,1.5,0.175,0.825,23.026315789473685,38.81578947368421
log_probability,3.0,3.0,0.1,0.9,23.026315789473685,38.81578947368421
log_probability,3.0,4.0,0.075,0.925,23.026315789473685,38.81578947368421
log_probability,4.0,0.5,0.45,0.55,23.026315789473685,38.81578947368421
log_probability,4.0,0.75,0.35,0.65,23.026315789473685,38.81578947368421
log_probability,4.0,1.0,0.3,0.7,23.026315789473685,38.81578947368421
log_probability,4.0,1.25,0.25,0.75,23.026315789473685,38.81578947368421
log_probability,4.0,1.5,0.225,0.775,23.026315789473685,38.81578947368421
log_probability,4.0,2.0,0.175,0.825,23.026315789473685,38.81578947368421
log_probability,4.0,2.5,0.15,0.85,23.026315789473685,38.81578947368421
log_probability,4.0,3.0,0.125,0.875,23.026315789473685,38.81578947368421
log_probability,4.0,4.0,0.1,0.9,23.026315789473685,38.81578947368421
log_probability,0.75,0.5,0.125,0.875,23.026315789473685,38.48684210526316
log_probability,1.25,1.5,0.075,0.925,23.026315789473685,38.48684210526316
log_probability,1.5,0.5,0.225,0.775,23.026315789473685,38.48684210526316
log_probability,1.5,1.0,0.125,0.875,23.026315789473685,38.48684210526316
log_probability,2.5,0.5,0.325,0.675,23.026315789473685,38.48684210526316
log_probability,2.5,3.0,0.075,0.925,23.026315789473685,38.48684210526316
log_probability,3.0,1.0,0.225,0.775,23.026315789473685,38.48684210526316
log_probability,3.0,2.0,0.125,0.875,23.026315789473685,38.48684210526316
probability,2.5,0.5,0.875,0.125,22.697368421052634,53.94736842105263
probability,1.5,0.5,0.7,0.30000000000000004,22.697368421052634,52.63157894736842
probability,4.0,0.75,0.9,0.09999999999999998,22.697368421052634,52.30263157894737
probability,3.0,0.75,0.85,0.15000000000000002,22.697368421052634,51.973684210526315
probability,1.5,0.5,0.675,0.32499999999999996,22.697368421052634,51.64473684210527
probability,1.25,0.5,0.575,0.42500000000000004,22.697368421052634,51.31578947368421
probability,2.0,0.75,0.7,0.30000000000000004,22.697368421052634,51.31578947368421
probability,2.5,0.75,0.8,0.19999999999999996,22.697368421052634,51.31578947368421
probability,1.5,0.75,0.55,0.44999999999999996,22.697368421052634,50.98684210526315
probability,2.0,0.75,0.725,0.275,22.697368421052634,50.98684210526315
probability,1.0,0.5,0.425,0.575,22.697368421052634,50.6578947368421
probability,2.5,1.0,0.7,0.30000000000000004,22.697368421052634,50.32894736842105
probability,2.0,1.0,0.6,0.4,22.697368421052634,50.0
probability,0.75,0.75,0.2,0.8,22.697368421052634,49.01315789473684
probability,1.5,1.0,0.425,0.575,22.697368421052634,49.01315789473684
probability,2.0,1.0,0.575,0.42500000000000004,22.697368421052634,48.68421052631579
probability,1.25,1.0,0.325,0.675,22.697368421052634,48.35526315789473
probability,1.5,1.0,0.4,0.6,22.697368421052634,48.026315789473685
probability,1.5,1.0,0.375,0.625,22.697368421052634,46.71052631578947
probability,1.5,1.25,0.3,0.7,22.697368421052634,45.723684210526315
probability,1.25,1.25,0.225,0.775,22.697368421052634,45.39473684210527
probability,2.0,1.25,0.45,0.55,22.697368421052634,45.39473684210527
probability,2.5,1.25,0.575,0.42500000000000004,22.697368421052634,45.39473684210527
probability,1.25,1.25,0.2,0.8,22.697368421052634,44.07894736842105
probability,1.5,1.25,0.275,0.725,22.697368421052634,44.07894736842105
probability,1.0,1.5,0.1,0.9,22.697368421052634,43.75
probability,1.5,1.5,0.225,0.775,22.697368421052634,43.42105263157895
probability,2.0,1.25,0.425,0.575,22.697368421052634,43.42105263157895
probability,4.0,1.5,0.65,0.35,22.697368421052634,43.42105263157895
probability,1.25,1.5,0.15,0.85,22.697368421052634,43.09210526315789
probability,2.0,1.5,0.325,0.675,22.697368421052634,43.09210526315789
probability,2.0,1.5,0.35,0.65,22.697368421052634,43.09210526315789
probability,2.5,1.5,0.45,0.55,22.697368421052634,43.09210526315789
probability,2.5,1.5,0.475,0.525,22.697368421052634,43.09210526315789
probability,3.0,1.5,0.525,0.475,22.697368421052634,43.09210526315789
probability,3.0,1.5,0.55,0.44999999999999996,22.697368421052634,43.09210526315789
probability,2.5,1.5,0.425,0.575,22.697368421052634,42.76315789473684
probability,1.5,1.25,0.25,0.75,22.697368421052634,42.43421052631579
probability,1.5,1.5,0.2,0.8,22.697368421052634,42.10526315789473
probability,1.5,2.0,0.125,0.875,22.697368421052634,42.10526315789473
probability,2.0,1.5,0.3,0.7,22.697368421052634,42.10526315789473
probability,2.0,2.0,0.225,0.775,22.697368421052634,42.10526315789473
probability,2.5,2.0,0.3,0.7,22.697368421052634,42.10526315789473
probability,2.5,2.0,0.275,0.725,22.697368421052634,41.776315789473685
probability,3.0,2.0,0.35,0.65,22.697368421052634,41.776315789473685
probability,1.5,1.5,0.175,0.825,22.697368421052634,41.44736842105263
probability,2.0,2.0,0.2,0.8,22.697368421052634,41.44736842105263
probability,1.25,2.0,0.075,0.925,22.697368421052634,41.118421052631575
probability,1.25,2.5,0.05,0.95,22.697368421052634,41.118421052631575
probability,1.5,2.0,0.1,0.9,22.697368421052634,41.118421052631575
probability,1.5,2.5,0.075,0.925,22.697368421052634,40.78947368421053
probability,3.0,2.0,0.325,0.675,22.697368421052634,40.78947368421053
probability,1.5,3.0,0.05,0.95,22.697368421052634,40.46052631578947
probability,2.0,2.0,0.15,0.85,22.697368421052634,40.46052631578947
probability,2.0,2.5,0.1,0.9,22.697368421052634,40.46052631578947
probability,2.0,2.5,0.125,0.875,22.697368421052634,40.46052631578947
probability,2.0,3.0,0.075,0.925,22.697368421052634,40.46052631578947
probability,2.5,2.0,0.25,0.75,22.697368421052634,40.46052631578947
probability,2.5,2.5,0.175,0.825,22.697368421052634,40.46052631578947
probability,2.0,2.0,0.175,0.825,22.697368421052634,40.131578947368425
probability,2.5,3.0,0.1,0.9,22.697368421052634,40.131578947368425
probability,3.0,2.5,0.2,0.8,22.697368421052634,40.131578947368425
probability,4.0,2.5,0.3,0.7,22.697368421052634,40.131578947368425
probability,1.5,4.0,0.025,0.975,22.697368421052634,39.80263157894737
probability,2.5,2.0,0.225,0.775,22.697368421052634,39.80263157894737
probability,2.5,2.5,0.15,0.85,22.697368421052634,39.80263157894737
probability,4.0,3.0,0.225,0.775,22.697368421052634,39.80263157894737
probability,3.0,4.0,0.075,0.925,22.697368421052634,39.473684210526315
probability,4.0,3.0,0.2,0.8,22.697368421052634,39.473684210526315
probability,4.0,4.0,0.125,0.875,22.697368421052634,39.14473684210527
log_probability,0.5,1.25,0.025,0.975,22.697368421052634,38.81578947368421
log_probability,0.75,0.5,0.1,0.9,22.697368421052634,38.81578947368421
log_probability,0.75,1.0,0.05,0.95,22.697368421052634,38.81578947368421
log_probability,0.75,1.25,0.05,0.95,22.697368421052634,38.81578947368421
log_probability,0.75,2.0,0.025,0.975,22.697368421052634,38.81578947368421
log_probability,1.0,0.5,0.125,0.875,22.697368421052634,38.81578947368421
log_probability,1.0,0.5,0.15,0.85,22.697368421052634,38.81578947368421
log_probability,1.0,1.25,0.05,0.95,22.697368421052634,38.81578947368421
log_probability,1.0,2.5,0.025,0.975,22.697368421052634,38.81578947368421
log_probability,1.25,0.5,0.15,0.85,22.697368421052634,38.81578947368421
log_probability,1.25,0.75,0.1,0.9,22.697368421052634,38.81578947368421
log_probability,1.25,1.0,0.075,0.925,22.697368421052634,38.81578947368421
log_probability,1.25,1.0,0.1,0.9,22.697368421052634,38.81578947368421
log_probability,1.25,1.5,0.05,0.95,22.697368421052634,38.81578947368421
log_probability,1.25,3.0,0.025,0.975,22.697368421052634,38.81578947368421
log_probability,1.5,0.5,0.175,0.825,22.697368421052634,38.81578947368421
log_probability,1.5,0.75,0.125,0.875,22.697368421052634,38.81578947368421
log_probability,1.5,0.75,0.15,0.85,22.697368421052634,38.81578947368421
log_probability,1.5,1.0,0.1,0.9,22.697368421052634,38.81578947368421
log_probability,1.5,1.25,0.075,0.925,22.697368421052634,38.81578947368421
log_probability,1.5,1.25,0.1,0.9,22.697368421052634,38.81578947368421
log_probability,1.5,2.0,0.05,0.95,22.697368421052634,38.81578947368421
log_probability,1.5,2.5,0.05,0.95,22.697368421052634,38.81578947368421
log_probability,1.5,4.0,0.025,0.975,22.697368421052634,38.81578947368421
log_probability,2.0,0.5,0.2,0.8,22.697368421052634,38.81578947368421
log_probability,2.0,0.5,0.225,0.775,22.697368421052634,38.81578947368421
log_probability,2.0,0.75,0.15,0.85,22.697368421052634,38.81578947368421
log_probability,2.0,1.0,0.125,0.875,22.697368421052634,38.81578947368421
log_probability,2.0,1.0,0.15,0.85,22.697368421052634,38.81578947368421
log_probability,2.0,1.25,0.1,0.9,22.697368421052634,38.81578947368421
log_probability,2.0,1.25,0.125,0.875,22.697368421052634,38.81578947368421
log_probability,2.0,2.5,0.05,0.95,22.697368421052634,38.81578947368421
log_probability,2.5,0.5,0.25,0.75,22.697368421052634,38.81578947368421
log_probability,2.5,0.75,0.175,0.825,22.697368421052634,38.81578947368421
log_probability,2.5,0.75,0.2,0.8,22.697368421052634,38.81578947368421
log_probability,2.5,0.75,0.225,0.775,22.697368421052634,38.81578947368421
log_probability,2.5,1.0,0.15,0.85,22.697368421052634,38.81578947368421
log_probability,2.5,1.25,0.125,0.875,22.697368421052634,38.81578947368421
log_probability,2.5,1.25,0.15,0.85,22.697368421052634,38.81578947368421
log_probability,2.5,1.5,0.1,0.9,22.697368421052634,38.81578947368421
log_probability,2.5,2.0,0.075,0.925,22.697368421052634,38.81578947368421
log_probability,2.5,2.0,0.1,0.9,22.697368421052634,38.81578947368421
log_probability,2.5,3.0,0.05,0.95,22.697368421052634,38.81578947368421
log_probability,3.0,0.5,0.275,0.725,22.697368421052634,38.81578947368421
log_probability,3.0,0.5,0.3,0.7,22.697368421052634,38.81578947368421
log_probability,3.0,0.5,0.35,0.65,22.697368421052634,38.81578947368421
log_probability,3.0,0.75,0.2,0.8,22.697368421052634,38.81578947368421
log_probability,3.0,0.75,0.225,0.775,22.697368421052634,38.81578947368421
log_probability,3.0,1.0,0.175,0.825,22.697368421052634,38.81578947368421
log_probability,3.0,1.25,0.15,0.85,22.697368421052634,38.81578947368421
log_probability,3.0,1.25,0.175,0.825,22.697368421052634,38.81578947368421
log_probability,3.0,1.5,0.125,0.875,22.697368421052634,38.81578947368421
log_probability,3.0,1.5,0.15,0.85,22.697368421052634,38.81578947368421
log_probability,3.0,2.0,0.1,0.9,22.697368421052634,38.81578947368421
log_probability,3.0,2.5,0.075,0.925,22.697368421052634,38.81578947368421
log_probability,3.0,2.5,0.1,0.9,22.697368421052634,38.81578947368421
log_probability,3.0,4.0,0.05,0.95,22.697368421052634,38.81578947368421
log_probability,4.0,0.5,0.35,0.65,22.697368421052634,38.81578947368421
log_probability,4.0,0.5,0.375,0.625,22.697368421052634,38.81578947368421
log_probability,4.0,0.5,0.425,0.575,22.697368421052634,38.81578947368421
log_probability,4.0,0.75,0.25,0.75,22.697368421052634,38.81578947368421
log_probability,4.0,0.75,0.275,0.725,22.697368421052634,38.81578947368421
log_probability,4.0,0.75,0.325,0.675,22.697368421052634,38.81578947368421
log_probability,4.0,1.0,0.2,0.8,22.697368421052634,38.81578947368421
log_probability,4.0,1.0,0.225,0.775,22.697368421052634,38.81578947368421
log_probability,4.0,1.25,0.175,0.825,22.697368421052634,38.81578947368421
log_probability,4.0,1.25,0.225,0.775,22.697368421052634,38.81578947368421
log_probability,4.0,1.5,0.15,0.85,22.697368421052634,38.81578947368421
log_probability,4.0,2.0,0.125,0.875,22.697368421052634,38.81578947368421
log_probability,4.0,2.0,0.15,0.85,22.697368421052634,38.81578947368421
log_probability,4.0,2.5,0.1,0.9,22.697368421052634,38.81578947368421
log_probability,4.0,2.5,0.125,0.875,22.697368421052634,38.81578947368421
log_probability,0.75,2.5,0.025,0.975,22.697368421052634,38.48684210526316
log_probability,1.0,0.75,0.075,0.925,22.697368421052634,38.48684210526316
log_probability,1.25,0.75,0.125,0.875,22.697368421052634,38.48684210526316
log_probability,2.0,0.5,0.275,0.725,22.697368421052634,38.48684210526316
log_probability,2.0,0.75,0.2,0.8,22.697368421052634,38.48684210526316
log_probability,2.0,1.5,0.075,0.925,22.697368421052634,38.48684210526316
log_probability,2.5,0.5,0.275,0.725,22.697368421052634,38.48684210526316
log_probability,2.5,0.5,0.3,0.7,22.697368421052634,38.48684210526316
log_probability,2.5,1.5,0.125,0.875,22.697368421052634,38.48684210526316
log_probability,3.0,0.75,0.275,0.725,22.697368421052634,38.48684210526316
log_probability,4.0,0.5,0.325,0.675,22.697368421052634,38.48684210526316
log_probability,4.0,1.0,0.275,0.725,22.697368421052634,38.48684210526316
log_probability,4.0,1.5,0.2,0.8,22.697368421052634,38.48684210526316
log_probability,4.0,3.0,0.075,0.925,22.697368421052634,38.48684210526316
log_probability,0.5,0.5,0.075,0.925,22.697368421052634,38.15789473684211
log_probability,0.5,0.75,0.05,0.95,22.697368421052634,38.15789473684211
log_probability,0.5,1.5,0.025,0.975,22.697368421052634,38.15789473684211
log_probability,0.75,0.75,0.075,0.925,22.697368421052634,38.15789473684211
log_probability,1.0,0.75,0.1,0.9,22.697368421052634,38.15789473684211
log_probability,1.0,1.0,0.075,0.925,22.697368421052634,38.15789473684211
log_probability,1.0,1.5,0.05,0.95,22.697368421052634,38.15789473684211
log_probability,1.0,3.0,0.025,0.975,22.697368421052634,38.15789473684211
log_probability,1.25,0.5,0.175,0.825,22.697368421052634,38.15789473684211
log_probability,1.25,1.25,0.075,0.925,22.697368421052634,38.15789473684211
log_probability,1.25,2.0,0.05,0.95,22.697368421052634,38.15789473684211
log_probability,1.25,4.0,0.025,0.975,22.697368421052634,38.15789473684211
log_probability,1.5,0.5,0.2,0.8,22.697368421052634,38.15789473684211
log_probability,1.5,1.5,0.075,0.925,22.697368421052634,38.15789473684211
log_probability,2.0,0.5,0.25,0.75,22.697368421052634,38.15789473684211
log_probability,2.0,0.75,0.175,0.825,22.697368421052634,38.15789473684211
log_probability,2.0,1.5,0.1,0.9,22.697368421052634,38.15789473684211
log_probability,2.0,2.0,0.075,0.925,22.697368421052634,38.15789473684211
log_probability,2.0,3.0,0.05,0.95,22.697368421052634,38.15789473684211
log_probability,2.5,1.0,0.175,0.825,22.697368421052634,38.15789473684211
log_probability,2.5,2.5,0.075,0.925,22.697368421052634,38.15789473684211
log_probability,2.5,4.0,0.05,0.95,22.697368421052634,38.15789473684211
log_probability,3.0,0.5,0.325,0.675,22.697368421052634,38.15789473684211
log_probability,3.0,0.75,0.25,0.75,22.697368421052634,38.15789473684211
log_probability,3.0,1.0,0.2,0.8,22.697368421052634,38.15789473684211
log_probability,3.0,3.0,0.075,0.925,22.697368421052634,38.15789473684211
log_probability,4.0,0.5,0.4,0.6,22.697368421052634,38.15789473684211
log_probability,4.0,0.75,0.3,0.7,22.697368421052634,38.15789473684211
log_probability,4.0,1.0,0.25,0.75,22.697368421052634,38.15789473684211
log_probability,4.0,1.25,0.2,0.8,22.697368421052634,38.15789473684211
log_probability,4.0,1.5,0.175,0.825,22.697368421052634,38.15789473684211
log_probability,4.0,3.0,0.1,0.9,22.697368421052634,38.15789473684211
log_probability,4.0,4.0,0.075,0.925,22.697368421052634,38.15789473684211
probability,2.5,0.75,0.775,0.22499999999999998,22.36842105263158,50.98684210526315
probability,1.0,0.5,0.4,0.6,22.36842105263158,50.6578947368421
probability,1.25,0.75,0.45,0.55,22.36842105263158,50.6578947368421
probability,2.0,0.75,0.65,0.35,22.36842105263158,50.6578947368421
probability,0.5,0.5,0.225,0.775,22.36842105263158,50.32894736842105
probability,1.5,0.75,0.525,0.475,22.36842105263158,50.32894736842105
probability,2.0,0.75,0.675,0.32499999999999996,22.36842105263158,50.32894736842105
probability,0.5,0.5,0.175,0.825,22.36842105263158,50.0
probability,0.75,0.5,0.275,0.725,22.36842105263158,50.0
probability,1.25,0.5,0.55,0.44999999999999996,22.36842105263158,50.0
probability,1.25,0.75,0.425,0.575,22.36842105263158,50.0
probability,1.5,0.75,0.5,0.5,22.36842105263158,50.0
probability,3.0,1.0,0.75,0.25,22.36842105263158,50.0
probability,0.5,0.5,0.2,0.8,22.36842105263158,49.67105263157895
probability,1.0,0.75,0.3,0.7,22.36842105263158,49.67105263157895
probability,1.25,0.75,0.4,0.6,22.36842105263158,49.67105263157895
probability,0.5,0.75,0.125,0.875,22.36842105263158,49.34210526315789
probability,1.0,0.75,0.25,0.75,22.36842105263158,49.34210526315789
probability,1.0,0.75,0.275,0.725,22.36842105263158,49.34210526315789
probability,1.25,0.75,0.375,0.625,22.36842105263158,49.34210526315789
probability,4.0,1.0,0.825,0.17500000000000004,22.36842105263158,49.01315789473684
probability,0.75,0.75,0.175,0.825,22.36842105263158,48.35526315789473
probability,2.5,1.0,0.675,0.32499999999999996,22.36842105263158,48.026315789473685
probability,0.5,1.0,0.075,0.925,22.36842105263158,47.69736842105263
probability,0.75,1.0,0.125,0.875,22.36842105263158,47.69736842105263
probability,2.0,1.0,0.55,0.44999999999999996,22.36842105263158,47.368421052631575
probability,3.0,1.0,0.725,0.275,22.36842105263158,47.368421052631575
probability,1.0,1.0,0.2,0.8,22.36842105263158,47.03947368421053
probability,1.25,1.0,0.3,0.7,22.36842105263158,47.03947368421053
probability,2.5,1.0,0.65,0.35,22.36842105263158,47.03947368421053
probability,1.25,1.0,0.275,0.725,22.36842105263158,46.381578947368425
probability,0.75,1.0,0.1,0.9,22.36842105263158,46.05263157894737
probability,1.0,1.0,0.175,0.825,22.36842105263158,46.05263157894737
probability,2.0,1.0,0.525,0.475,22.36842105263158,46.05263157894737
probability,0.75,1.25,0.075,0.925,22.36842105263158,45.39473684210527
probability,2.5,1.0,0.625,0.375,22.36842105263158,45.39473684210527
probability,1.25,1.0,0.25,0.75,22.36842105263158,45.06578947368421
probability,2.0,1.0,0.5,0.5,22.36842105263158,45.06578947368421
probability,3.0,1.25,0.65,0.35,22.36842105263158,45.06578947368421
probability,4.0,1.25,0.75,0.25,22.36842105263158,45.06578947368421
probability,1.0,1.25,0.125,0.875,22.36842105263158,44.40789473684211
probability,2.0,1.0,0.475,0.525,22.36842105263158,44.07894736842105
probability,1.0,1.0,0.15,0.85,22.36842105263158,43.75
probability,4.0,1.25,0.725,0.275,22.36842105263158,43.75
probability,2.0,1.25,0.4,0.6,22.36842105263158,43.42105263157895
probability,2.5,1.25,0.5,0.5,22.36842105263158,43.42105263157895
probability,2.5,1.25,0.525,0.475,22.36842105263158,43.42105263157895
probability,2.5,1.25,0.55,0.44999999999999996,22.36842105263158,43.42105263157895
probability,3.0,1.25,0.575,0.42500000000000004,22.36842105263158,43.42105263157895
probability,3.0,1.25,0.6,0.4,22.36842105263158,43.42105263157895
probability,3.0,1.25,0.625,0.375,22.36842105263158,43.42105263157895
probability,2.5,1.25,0.475,0.525,22.36842105263158,43.09210526315789
probability,1.25,1.25,0.175,0.825,22.36842105263158,42.76315789473684
probability,2.0,1.25,0.375,0.625,22.36842105263158,42.76315789473684
probability,3.0,1.5,0.5,0.5,22.36842105263158,42.76315789473684
probability,1.0,1.25,0.1,0.9,22.36842105263158,42.43421052631579
probability,4.0,1.5,0.625,0.375,22.36842105263158,42.43421052631579
probability,0.75,1.5,0.05,0.95,22.36842105263158,42.10526315789473
probability,1.0,2.0,0.05,0.95,22.36842105263158,42.10526315789473
probability,2.5,1.5,0.4,0.6,22.36842105263158,42.10526315789473
probability,3.0,1.5,0.475,0.525,22.36842105263158,42.10526315789473
probability,1.25,1.5,0.125,0.875,22.36842105263158,41.776315789473685
probability,2.0,1.25,0.35,0.65,22.36842105263158,41.776315789473685
probability,1.0,1.5,0.075,0.925,22.36842105263158,41.44736842105263
probability,2.5,1.5,0.375,0.625,22.36842105263158,41.44736842105263
probability,2.0,1.5,0.275,0.725,22.36842105263158,41.118421052631575
probability,0.75,1.25,0.05,0.95,22.36842105263158,40.78947368421053
probability,0.75,2.0,0.025,0.975,22.36842105263158,40.78947368421053
probability,1.25,1.5,0.1,0.9,22.36842105263158,40.46052631578947
probability,3.0,2.0,0.3,0.7,22.36842105263158,40.46052631578947
probability,1.0,2.5,0.025,0.975,22.36842105263158,40.131578947368425
probability,1.25,2.0,0.05,0.95,22.36842105263158,40.131578947368425
probability,1.25,3.0,0.025,0.975,22.36842105263158,40.131578947368425
probability,2.0,1.5,0.25,0.75,22.36842105263158,40.131578947368425
probability,1.5,2.0,0.075,0.925,22.36842105263158,39.80263157894737
probability,1.5,2.5,0.05,0.95,22.36842105263158,39.80263157894737
probability,3.0,3.0,0.125,0.875,22.36842105263158,39.80263157894737
probability,1.0,2.0,0.025,0.975,22.36842105263158,39.473684210526315
probability,1.25,2.5,0.025,0.975,22.36842105263158,39.473684210526315
probability,2.5,4.0,0.05,0.95,22.36842105263158,39.473684210526315
probability,4.0,4.0,0.1,0.9,22.36842105263158,38.81578947368421
log_probability,0.5,0.5,0.05,0.95,22.36842105263158,38.48684210526316
log_probability,0.75,0.5,0.075,0.925,22.36842105263158,38.48684210526316
log_probability,0.75,0.75,0.05,0.95,22.36842105263158,38.48684210526316
log_probability,1.0,0.5,0.1,0.9,22.36842105263158,38.48684210526316
log_probability,1.0,1.0,0.05,0.95,22.36842105263158,38.48684210526316
log_probability,1.25,0.5,0.125,0.875,22.36842105263158,38.48684210526316
log_probability,1.25,1.25,0.05,0.95,22.36842105263158,38.48684210526316
log_probability,1.5,0.5,0.15,0.85,22.36842105263158,38.48684210526316
log_probability,1.5,0.75,0.1,0.9,22.36842105263158,38.48684210526316
log_probability,1.5,1.0,0.075,0.925,22.36842105263158,38.48684210526316
log_probability,1.5,1.5,0.05,0.95,22.36842105263158,38.48684210526316
log_probability,2.0,0.5,0.175,0.825,22.36842105263158,38.48684210526316
log_probability,2.0,0.75,0.125,0.875,22.36842105263158,38.48684210526316
log_probability,2.0,1.0,0.1,0.9,22.36842105263158,38.48684210526316
log_probability,2.0,2.0,0.05,0.95,22.36842105263158,38.48684210526316
log_probability,2.5,0.5,0.225,0.775,22.36842105263158,38.48684210526316
log_probability,2.5,0.75,0.15,0.85,22.36842105263158,38.48684210526316
log_probability,2.5,1.0,0.125,0.875,22.36842105263158,38.48684210526316
log_probability,2.5,1.25,0.1,0.9,22.36842105263158,38.48684210526316
log_probability,2.5,2.5,0.05,0.95,22.36842105263158,38.48684210526316
log_probability,3.0,0.5,0.25,0.75,22.36842105263158,38.48684210526316
log_probability,3.0,0.75,0.175,0.825,22.36842105263158,38.48684210526316
log_probability,3.0,1.0,0.15,0.85,22.36842105263158,38.48684210526316
log_probability,3.0,1.25,0.125,0.875,22.36842105263158,38.48684210526316
log_probability,3.0,1.5,0.1,0.9,22.36842105263158,38.48684210526316
log_probability,3.0,2.0,0.075,0.925,22.36842105263158,38.48684210526316
log_probability,3.0,3.0,0.05,0.95,22.36842105263158,38.48684210526316
log_probability,4.0,0.5,0.3,0.7,22.36842105263158,38.48684210526316
log_probability,4.0,0.75,0.225,0.775,22.36842105263158,38.48684210526316
log_probability,4.0,1.0,0.175,0.825,22.36842105263158,38.48684210526316
log_probability,4.0,1.25,0.15,0.85,22.36842105263158,38.48684210526316
log_probability,4.0,1.5,0.125,0.875,22.36842105263158,38.48684210526316
log_probability,4.0,2.0,0.1,0.9,22.36842105263158,38.48684210526316
log_probability,4.0,4.0,0.05,0.95,22.36842105263158,38.48684210526316
probability,3.0,0.5,0.9,0.09999999999999998,22.039473684210524,53.61842105263158
probability,2.0,0.5,0.8,0.19999999999999996,22.039473684210524,52.960526315789465
probability,4.0,0.5,0.925,0.07499999999999996,22.039473684210524,52.960526315789465
probability,1.5,0.5,0.65,0.35,22.039473684210524,50.98684210526315
probability,3.0,0.75,0.825,0.17500000000000004,22.039473684210524,50.98684210526315
probability,4.0,0.75,0.875,0.125,22.039473684210524,50.98684210526315
probability,1.25,0.5,0.5,0.5,22.039473684210524,50.6578947368421
probability,1.0,0.5,0.375,0.625,22.039473684210524,50.32894736842105
probability,1.25,0.5,0.525,0.475,22.039473684210524,50.32894736842105
probability,1.5,0.5,0.625,0.375,22.039473684210524,50.32894736842105
probability,2.5,0.75,0.75,0.25,22.039473684210524,50.32894736842105
probability,3.0,0.75,0.8,0.19999999999999996,22.039473684210524,50.32894736842105
probability,1.0,0.5,0.35,0.65,22.039473684210524,50.0
probability,2.5,0.75,0.725,0.275,22.039473684210524,50.0
probability,0.5,0.5,0.15,0.85,22.039473684210524,49.67105263157895
probability,0.75,0.5,0.25,0.75,22.039473684210524,49.67105263157895
probability,1.5,0.75,0.475,0.525,22.039473684210524,49.67105263157895
probability,0.5,0.5,0.125,0.875,22.039473684210524,49.34210526315789
probability,3.0,0.75,0.775,0.22499999999999998,22.039473684210524,49.34210526315789
probability,4.0,0.75,0.85,0.15000000000000002,22.039473684210524,49.34210526315789
probability,0.75,0.5,0.225,0.775,22.039473684210524,49.01315789473684
probability,1.0,0.5,0.325,0.675,22.039473684210524,49.01315789473684
probability,0.75,0.75,0.15,0.85,22.039473684210524,48.68421052631579
probability,1.0,0.75,0.225,0.775,22.039473684210524,48.68421052631579
probability,1.25,0.75,0.35,0.65,22.039473684210524,48.68421052631579
probability,0.75,0.5,0.2,0.8,22.039473684210524,48.35526315789473
probability,0.5,0.75,0.1,0.9,22.039473684210524,48.026315789473685
probability,4.0,0.75,0.825,0.17500000000000004,22.039473684210524,48.026315789473685
probability,0.5,0.75,0.075,0.925,22.039473684210524,47.03947368421053
probability,0.75,0.75,0.125,0.875,22.039473684210524,46.71052631578947
probability,4.0,1.0,0.8,0.19999999999999996,22.039473684210524,45.723684210526315
probability,1.5,1.0,0.35,0.65,22.039473684210524,45.39473684210527
probability,3.0,1.0,0.7,0.30000000000000004,22.039473684210524,45.06578947368421
probability,2.5,1.0,0.6,0.4,22.039473684210524,44.73684210526316
probability,3.0,1.0,0.675,0.32499999999999996,22.039473684210524,44.73684210526316
probability,4.0,1.0,0.775,0.22499999999999998,22.039473684210524,44.40789473684211
probability,0.5,1.0,0.05,0.95,22.039473684210524,44.07894736842105
probability,1.25,1.0,0.225,0.775,22.039473684210524,44.07894736842105
probability,1.5,1.0,0.325,0.675,22.039473684210524,44.07894736842105
probability,3.0,1.0,0.65,0.35,22.039473684210524,44.07894736842105
probability,2.5,1.0,0.575,0.42500000000000004,22.039473684210524,43.75
probability,4.0,1.0,0.75,0.25,22.039473684210524,43.75
probability,1.5,1.0,0.3,0.7,22.039473684210524,43.42105263157895
probability,4.0,1.25,0.675,0.32499999999999996,22.039473684210524,43.42105263157895
probability,4.0,1.25,0.7,0.30000000000000004,22.039473684210524,43.42105263157895
probability,0.75,1.0,0.075,0.925,22.039473684210524,43.09210526315789
probability,2.5,1.0,0.55,0.44999999999999996,22.039473684210524,43.09210526315789
probability,3.0,1.0,0.625,0.375,22.039473684210524,43.09210526315789
probability,3.0,1.25,0.55,0.44999999999999996,22.039473684210524,43.09210526315789
probability,4.0,1.0,0.725,0.275,22.039473684210524,43.09210526315789
probability,1.25,1.0,0.2,0.8,22.039473684210524,42.76315789473684
probability,4.0,0.75,0.7,0.30000000000000004,22.039473684210524,42.43421052631579
probability,1.25,1.25,0.15,0.85,22.039473684210524,42.10526315789473
probability,1.5,1.25,0.2,0.8,22.039473684210524,42.10526315789473
probability,1.5,1.25,0.225,0.775,22.039473684210524,42.10526315789473
probability,3.0,1.0,0.6,0.4,22.039473684210524,42.10526315789473
probability,4.0,1.0,0.7,0.30000000000000004,22.039473684210524,42.10526315789473
probability,4.0,1.25,0.65,0.35,22.039473684210524,42.10526315789473
probability,4.0,1.5,0.6,0.4,22.039473684210524,42.10526315789473
probability,2.5,1.25,0.45,0.55,22.039473684210524,41.44736842105263
probability,4.0,1.5,0.575,0.42500000000000004,22.039473684210524,41.44736842105263
probability,2.0,1.25,0.325,0.675,22.039473684210524,41.118421052631575
probability,3.0,1.5,0.45,0.55,22.039473684210524,41.118421052631575
probability,4.0,1.25,0.625,0.375,22.039473684210524,41.118421052631575
probability,0.5,1.5,0.025,0.975,22.039473684210524,40.78947368421053
probability,1.0,1.25,0.075,0.925,22.039473684210524,40.78947368421053
probability,1.25,1.25,0.125,0.875,22.039473684210524,40.78947368421053
probability,1.5,1.5,0.15,0.85,22.039473684210524,40.78947368421053
probability,2.5,1.25,0.425,0.575,22.039473684210524,40.78947368421053
probability,3.0,1.25,0.5,0.5,22.039473684210524,40.78947368421053
probability,3.0,1.25,0.525,0.475,22.039473684210524,40.78947368421053
probability,4.0,2.0,0.425,0.575,22.039473684210524,40.78947368421053
probability,4.0,1.5,0.55,0.44999999999999996,22.039473684210524,40.46052631578947
probability,1.0,1.5,0.05,0.95,22.039473684210524,40.131578947368425
probability,1.5,1.5,0.125,0.875,22.039473684210524,40.131578947368425
probability,2.5,1.25,0.4,0.6,22.039473684210524,40.131578947368425
probability,2.5,1.5,0.3,0.7,22.039473684210524,40.131578947368425
probability,2.5,1.5,0.35,0.65,22.039473684210524,40.131578947368425
probability,2.5,2.0,0.2,0.8,22.039473684210524,40.131578947368425
probability,2.5,2.5,0.125,0.875,22.039473684210524,40.131578947368425
probability,3.0,1.25,0.475,0.525,22.039473684210524,40.131578947368425
probability,3.0,1.5,0.35,0.65,22.039473684210524,40.131578947368425
probability,3.0,1.5,0.425,0.575,22.039473684210524,40.131578947368425
probability,4.0,1.25,0.6,0.4,22.039473684210524,40.131578947368425
probability,4.0,1.5,0.525,0.475,22.039473684210524,40.131578947368425
probability,4.0,2.0,0.375,0.625,22.039473684210524,40.131578947368425
probability,4.0,2.0,0.4,0.6,22.039473684210524,40.131578947368425
probability,0.5,1.25,0.025,0.975,22.039473684210524,39.80263157894737
probability,0.75,1.5,0.025,0.975,22.039473684210524,39.80263157894737
probability,2.5,1.5,0.325,0.675,22.039473684210524,39.80263157894737
probability,2.5,2.0,0.175,0.825,22.039473684210524,39.80263157894737
probability,3.0,1.5,0.375,0.625,22.039473684210524,39.80263157894737
probability,3.0,1.5,0.4,0.6,22.039473684210524,39.80263157894737
probability,3.0,2.0,0.225,0.775,22.039473684210524,39.80263157894737
probability,3.0,2.0,0.25,0.75,22.039473684210524,39.80263157894737
probability,3.0,2.0,0.275,0.725,22.039473684210524,39.80263157894737
probability,3.0,2.5,0.175,0.825,22.039473684210524,39.80263157894737
probability,4.0,1.25,0.55,0.44999999999999996,22.039473684210524,39.80263157894737
probability,4.0,1.25,0.575,0.42500000000000004,22.039473684210524,39.80263157894737
probability,4.0,1.5,0.45,0.55,22.039473684210524,39.80263157894737
probability,4.0,1.5,0.475,0.525,22.039473684210524,39.80263157894737
probability,4.0,1.5,0.5,0.5,22.039473684210524,39.80263157894737
probability,4.0,2.0,0.3,0.7,22.039473684210524,39.80263157894737
probability,4.0,2.5,0.225,0.775,22.039473684210524,39.80263157894737
probability,4.0,2.5,0.275,0.725,22.039473684210524,39.80263157894737
probability,4.0,3.0,0.175,0.825,22.039473684210524,39.80263157894737
probability,3.0,2.5,0.15,0.85,22.039473684210524,39.473684210526315
probability,4.0,2.0,0.325,0.675,22.039473684210524,39.473684210526315
probability,4.0,2.0,0.35,0.65,22.039473684210524,39.473684210526315
probability,4.0,2.5,0.25,0.75,22.039473684210524,39.473684210526315
probability,1.5,3.0,0.025,0.975,22.039473684210524,39.14473684210527
probability,2.0,3.0,0.05,0.95,22.039473684210524,39.14473684210527
probability,3.0,3.0,0.1,0.9,22.039473684210524,39.14473684210527
probability,4.0,1.0,0.55,0.44999999999999996,22.039473684210524,39.14473684210527
probability,4.0,2.0,0.275,0.725,22.039473684210524,39.14473684210527
probability,4.0,2.5,0.2,0.8,22.039473684210524,39.14473684210527
probability,2.0,4.0,0.025,0.975,22.039473684210524,38.81578947368421
probability,4.0,3.0,0.15,0.85,22.039473684210524,38.81578947368421
log_probability,0.5,0.75,0.025,0.975,22.039473684210524,38.48684210526316
log_probability,0.5,1.0,0.025,0.975,22.039473684210524,38.48684210526316
log_probability,0.75,0.5,0.05,0.95,22.039473684210524,38.48684210526316
log_probability,0.75,1.0,0.025,0.975,22.039473684210524,38.48684210526316
log_probability,0.75,1.25,0.025,0.975,22.039473684210524,38.48684210526316
log_probability,0.75,1.5,0.025,0.975,22.039473684210524,38.48684210526316
log_probability,1.0,0.5,0.075,0.925,22.039473684210524,38.48684210526316
log_probability,1.0,0.75,0.05,0.95,22.039473684210524,38.48684210526316
log_probability,1.0,1.5,0.025,0.975,22.039473684210524,38.48684210526316
log_probability,1.0,2.0,0.025,0.975,22.039473684210524,38.48684210526316
log_probability,1.25,0.5,0.1,0.9,22.039473684210524,38.48684210526316
log_probability,1.25,0.75,0.075,0.925,22.039473684210524,38.48684210526316
log_probability,1.25,1.0,0.05,0.95,22.039473684210524,38.48684210526316
log_probability,1.25,2.0,0.025,0.975,22.039473684210524,38.48684210526316
log_probability,1.25,2.5,0.025,0.975,22.039473684210524,38.48684210526316
log_probability,1.5,0.5,0.1,0.9,22.039473684210524,38.48684210526316
log_probability,1.5,0.5,0.125,0.875,22.039473684210524,38.48684210526316
log_probability,1.5,0.75,0.075,0.925,22.039473684210524,38.48684210526316
log_probability,1.5,1.0,0.05,0.95,22.039473684210524,38.48684210526316
log_probability,1.5,1.25,0.05,0.95,22.039473684210524,38.48684210526316
log_probability,1.5,2.0,0.025,0.975,22.039473684210524,38.48684210526316
log_probability,1.5,2.5,0.025,0.975,22.039473684210524,38.48684210526316
log_probability,1.5,3.0,0.025,0.975,22.039473684210524,38.48684210526316
log_probability,2.0,0.5,0.125,0.875,22.039473684210524,38.48684210526316
log_probability,2.0,0.5,0.15,0.85,22.039473684210524,38.48684210526316
log_probability,2.0,0.75,0.1,0.9,22.039473684210524,38.48684210526316
log_probability,2.0,1.0,0.075,0.925,22.039473684210524,38.48684210526316
log_probability,2.0,1.25,0.05,0.95,22.039473684210524,38.48684210526316
log_probability,2.0,1.25,0.075,0.925,22.039473684210524,38.48684210526316
log_probability,2.0,1.5,0.05,0.95,22.039473684210524,38.48684210526316
log_probability,2.0,3.0,0.025,0.975,22.039473684210524,38.48684210526316
log_probability,2.0,4.0,0.025,0.975,22.039473684210524,38.48684210526316
log_probability,2.5,0.5,0.15,0.85,22.039473684210524,38.48684210526316
log_probability,2.5,0.5,0.175,0.825,22.039473684210524,38.48684210526316
log_probability,2.5,0.5,0.2,0.8,22.039473684210524,38.48684210526316
log_probability,2.5,0.75,0.1,0.9,22.039473684210524,38.48684210526316
log_probability,2.5,0.75,0.125,0.875,22.039473684210524,38.48684210526316
log_probability,2.5,1.0,0.1,0.9,22.039473684210524,38.48684210526316
log_probability,2.5,1.25,0.075,0.925,22.039473684210524,38.48684210526316
log_probability,2.5,1.5,0.075,0.925,22.039473684210524,38.48684210526316
log_probability,2.5,2.0,0.05,0.95,22.039473684210524,38.48684210526316
log_probability,2.5,4.0,0.025,0.975,22.039473684210524,38.48684210526316
log_probability,3.0,0.5,0.175,0.825,22.039473684210524,38.48684210526316
log_probability,3.0,0.5,0.2,0.8,22.039473684210524,38.48684210526316
log_probability,3.0,0.5,0.225,0.775,22.039473684210524,38.48684210526316
log_probability,3.0,0.75,0.125,0.875,22.039473684210524,38.48684210526316
log_probability,3.0,0.75,0.15,0.85,22.039473684210524,38.48684210526316
log_probability,3.0,1.0,0.1,0.9,22.039473684210524,38.48684210526316
log_probability,3.0,1.0,0.125,0.875,22.039473684210524,38.48684210526316
log_probability,3.0,1.25,0.075,0.925,22.039473684210524,38.48684210526316
log_probability,3.0,1.25,0.1,0.9,22.039473684210524,38.48684210526316
log_probability,3.0,1.5,0.075,0.925,22.039473684210524,38.48684210526316
log_probability,3.0,2.0,0.05,0.95,22.039473684210524,38.48684210526316
log_probability,3.0,2.5,0.05,0.95,22.039473684210524,38.48684210526316
log_probability,3.0,4.0,0.025,0.975,22.039473684210524,38.48684210526316
log_probability,4.0,0.5,0.225,0.775,22.039473684210524,38.48684210526316
log_probability,4.0,0.5,0.25,0.75,22.039473684210524,38.48684210526316
log_probability,4.0,0.5,0.275,0.725,22.039473684210524,38.48684210526316
log_probability,4.0,0.75,0.15,0.85,22.039473684210524,38.48684210526316
log_probability,4.0,0.75,0.175,0.825,22.039473684210524,38.48684210526316
log_probability,4.0,0.75,0.2,0.8,22.039473684210524,38.48684210526316
log_probability,4.0,1.0,0.125,0.875,22.039473684210524,38.48684210526316
log_probability,4.0,1.0,0.15,0.85,22.039473684210524,38.48684210526316
log_probability,4.0,1.25,0.1,0.9,22.039473684210524,38.48684210526316
log_probability,4.0,1.25,0.125,0.875,22.039473684210524,38.48684210526316
log_probability,4.0,1.5,0.1,0.9,22.039473684210524,38.48684210526316
log_probability,4.0,2.0,0.075,0.925,22.039473684210524,38.48684210526316
log_probability,4.0,2.5,0.05,0.95,22.039473684210524,38.48684210526316
log_probability,4.0,2.5,0.075,0.925,22.039473684210524,38.48684210526316
log_probability,4.0,3.0,0.05,0.95,22.039473684210524,38.48684210526316
log_probability,1.0,0.5,0.025,0.975,22.039473684210524,38.15789473684211
log_probability,1.0,1.25,0.025,0.975,22.039473684210524,38.15789473684211
log_probability,1.25,0.5,0.075,0.925,22.039473684210524,38.15789473684211
log_probability,1.25,0.75,0.05,0.95,22.039473684210524,38.15789473684211
log_probability,1.25,1.5,0.025,0.975,22.039473684210524,38.15789473684211
log_probability,1.5,0.75,0.025,0.975,22.039473684210524,38.15789473684211
log_probability,2.0,0.5,0.05,0.95,22.039473684210524,38.15789473684211
log_probability,2.0,0.75,0.075,0.925,22.039473684210524,38.15789473684211
log_probability,2.0,1.0,0.025,0.975,22.039473684210524,38.15789473684211
log_probability,2.0,2.5,0.025,0.975,22.039473684210524,38.15789473684211
log_probability,2.5,0.5,0.05,0.95,22.039473684210524,38.15789473684211
log_probability,2.5,0.5,0.125,0.875,22.039473684210524,38.15789473684211
log_probability,2.5,1.0,0.075,0.925,22.039473684210524,38.15789473684211
log_probability,2.5,1.25,0.025,0.975,22.039473684210524,38.15789473684211
log_probability,2.5,1.5,0.05,0.95,22.039473684210524,38.15789473684211
log_probability,2.5,3.0,0.025,0.975,22.039473684210524,38.15789473684211
log_probability,3.0,0.5,0.075,0.925,22.039473684210524,38.15789473684211
log_probability,3.0,0.5,0.15,0.85,22.039473684210524,38.15789473684211
log_probability,3.0,0.75,0.05,0.95,22.039473684210524,38.15789473684211
log_probability,3.0,1.25,0.025,0.975,22.039473684210524,38.15789473684211
log_probability,3.0,1.5,0.025,0.975,22.039473684210524,38.15789473684211
log_probability,4.0,0.5,0.1,0.9,22.039473684210524,38.15789473684211
log_probability,4.0,0.5,0.2,0.8,22.039473684210524,38.15789473684211
log_probability,4.0,1.0,0.05,0.95,22.039473684210524,38.15789473684211
log_probability,4.0,1.5,0.075,0.925,22.039473684210524,38.15789473684211
log_probability,4.0,2.0,0.025,0.975,22.039473684210524,38.15789473684211
probability,2.5,0.5,0.85,0.15000000000000002,21.710526315789476,52.30263157894737
probability,3.0,0.5,0.875,0.125,21.710526315789476,51.64473684210527
probability,2.0,0.5,0.775,0.22499999999999998,21.710526315789476,51.31578947368421
probability,2.0,0.5,0.75,0.25,21.710526315789476,50.98684210526315
probability,2.5,0.5,0.825,0.17500000000000004,21.710526315789476,50.98684210526315
probability,1.25,0.5,0.475,0.525,21.710526315789476,50.6578947368421
probability,1.5,0.5,0.575,0.42500000000000004,21.710526315789476,50.6578947368421
probability,2.5,0.5,0.8,0.19999999999999996,21.710526315789476,50.6578947368421
probability,3.0,0.5,0.85,0.15000000000000002,21.710526315789476,50.6578947368421
probability,4.0,0.5,0.9,0.09999999999999998,21.710526315789476,50.6578947368421
probability,1.5,0.5,0.55,0.44999999999999996,21.710526315789476,50.32894736842105
probability,1.5,0.5,0.6,0.4,21.710526315789476,50.32894736842105
probability,2.0,0.5,0.725,0.275,21.710526315789476,50.32894736842105
probability,1.25,0.5,0.45,0.55,21.710526315789476,50.0
probability,1.5,0.5,0.525,0.475,21.710526315789476,50.0
probability,2.0,0.5,0.7,0.30000000000000004,21.710526315789476,50.0
probability,2.5,0.5,0.75,0.25,21.710526315789476,50.0
probability,3.0,0.5,0.8,0.19999999999999996,21.710526315789476,50.0
probability,4.0,0.5,0.85,0.15000000000000002,21.710526315789476,50.0
probability,2.0,0.5,0.675,0.32499999999999996,21.710526315789476,49.67105263157895
probability,2.5,0.5,0.725,0.275,21.710526315789476,49.67105263157895
probability,2.5,0.5,0.775,0.22499999999999998,21.710526315789476,49.67105263157895
probability,3.0,0.5,0.825,0.17500000000000004,21.710526315789476,49.67105263157895
probability,4.0,0.5,0.875,0.125,21.710526315789476,49.67105263157895
probability,1.5,0.5,0.45,0.55,21.710526315789476,49.34210526315789
probability,2.0,0.5,0.6,0.4,21.710526315789476,49.34210526315789
probability,2.0,0.5,0.65,0.35,21.710526315789476,49.34210526315789
probability,2.0,0.75,0.625,0.375,21.710526315789476,49.34210526315789
probability,3.0,0.5,0.775,0.22499999999999998,21.710526315789476,49.34210526315789
probability,1.25,0.5,0.35,0.65,21.710526315789476,49.01315789473684
probability,1.25,0.5,0.425,0.575,21.710526315789476,49.01315789473684
probability,1.5,0.75,0.45,0.55,21.710526315789476,49.01315789473684
probability,2.0,0.5,0.575,0.42500000000000004,21.710526315789476,49.01315789473684
probability,2.0,0.75,0.6,0.4,21.710526315789476,49.01315789473684
probability,2.5,0.5,0.7,0.30000000000000004,21.710526315789476,49.01315789473684
probability,2.5,0.75,0.7,0.30000000000000004,21.710526315789476,49.01315789473684
probability,1.0,0.5,0.25,0.75,21.710526315789476,48.68421052631579
probability,1.0,0.5,0.3,0.7,21.710526315789476,48.68421052631579
probability,1.25,0.5,0.325,0.675,21.710526315789476,48.68421052631579
probability,1.25,0.5,0.375,0.625,21.710526315789476,48.68421052631579
probability,1.25,0.5,0.4,0.6,21.710526315789476,48.68421052631579
probability,1.25,0.75,0.325,0.675,21.710526315789476,48.68421052631579
probability,1.5,0.5,0.425,0.575,21.710526315789476,48.68421052631579
probability,1.5,0.5,0.5,0.5,21.710526315789476,48.68421052631579
probability,0.5,0.5,0.1,0.9,21.710526315789476,48.35526315789473
probability,0.75,0.5,0.125,0.875,21.710526315789476,48.35526315789473
probability,0.75,0.5,0.15,0.85,21.710526315789476,48.35526315789473
probability,0.75,0.5,0.175,0.825,21.710526315789476,48.35526315789473
probability,1.0,0.5,0.275,0.725,21.710526315789476,48.35526315789473
probability,1.5,0.5,0.475,0.525,21.710526315789476,48.35526315789473
probability,2.0,0.5,0.625,0.375,21.710526315789476,48.35526315789473
probability,2.5,0.5,0.675,0.32499999999999996,21.710526315789476,48.35526315789473
probability,3.0,0.5,0.75,0.25,21.710526315789476,48.35526315789473
probability,0.5,0.5,0.075,0.925,21.710526315789476,48.026315789473685
probability,1.0,0.5,0.225,0.775,21.710526315789476,48.026315789473685
probability,1.5,0.5,0.4,0.6,21.710526315789476,48.026315789473685
probability,2.0,0.5,0.55,0.44999999999999996,21.710526315789476,48.026315789473685
probability,2.0,0.75,0.575,0.42500000000000004,21.710526315789476,48.026315789473685
probability,4.0,0.5,0.825,0.17500000000000004,21.710526315789476,48.026315789473685
probability,1.0,0.5,0.2,0.8,21.710526315789476,47.69736842105263
probability,1.5,0.75,0.425,0.575,21.710526315789476,47.69736842105263
probability,2.5,0.5,0.65,0.35,21.710526315789476,47.69736842105263
probability,2.5,0.75,0.675,0.32499999999999996,21.710526315789476,47.69736842105263
probability,3.0,0.75,0.75,0.25,21.710526315789476,47.69736842105263
probability,4.0,0.5,0.8,0.19999999999999996,21.710526315789476,47.69736842105263
probability,1.5,0.5,0.375,0.625,21.710526315789476,47.368421052631575
probability,2.5,0.75,0.65,0.35,21.710526315789476,47.368421052631575
probability,3.0,0.5,0.7,0.30000000000000004,21.710526315789476,47.368421052631575
probability,3.0,0.5,0.725,0.275,21.710526315789476,47.368421052631575
probability,1.25,0.5,0.3,0.7,21.710526315789476,47.03947368421053
probability,1.5,0.75,0.4,0.6,21.710526315789476,47.03947368421053
probability,2.5,0.5,0.6,0.4,21.710526315789476,47.03947368421053
probability,3.0,0.75,0.725,0.275,21.710526315789476,47.03947368421053
probability,1.25,0.75,0.3,0.7,21.710526315789476,46.71052631578947
probability,2.0,0.75,0.55,0.44999999999999996,21.710526315789476,46.71052631578947
probability,1.5,0.75,0.375,0.625,21.710526315789476,46.381578947368425
probability,2.0,0.75,0.525,0.475,21.710526315789476,46.381578947368425
probability,3.0,0.5,0.65,0.35,21.710526315789476,46.381578947368425
probability,3.0,0.5,0.675,0.32499999999999996,21.710526315789476,46.381578947368425
probability,4.0,0.5,0.775,0.22499999999999998,21.710526315789476,46.381578947368425
probability,4.0,0.75,0.8,0.19999999999999996,21.710526315789476,46.381578947368425
probability,2.0,0.5,0.45,0.55,21.710526315789476,46.05263157894737
probability,2.5,0.5,0.575,0.42500000000000004,21.710526315789476,46.05263157894737
probability,4.0,0.5,0.75,0.25,21.710526315789476,46.05263157894737
probability,1.0,0.75,0.2,0.8,21.710526315789476,45.723684210526315
probability,1.25,0.75,0.275,0.725,21.710526315789476,45.723684210526315
probability,2.5,0.5,0.55,0.44999999999999996,21.710526315789476,45.723684210526315
probability,3.0,0.5,0.625,0.375,21.710526315789476,45.723684210526315
probability,3.0,0.75,0.7,0.30000000000000004,21.710526315789476,45.723684210526315
probability,1.5,0.5,0.275,0.725,21.710526315789476,45.39473684210527
probability,1.5,0.75,0.35,0.65,21.710526315789476,45.39473684210527
probability,2.0,0.5,0.425,0.575,21.710526315789476,45.39473684210527
probability,2.5,0.75,0.625,0.375,21.710526315789476,45.39473684210527
probability,4.0,0.5,0.725,0.275,21.710526315789476,45.39473684210527
probability,1.0,0.75,0.175,0.825,21.710526315789476,45.06578947368421
probability,1.5,0.5,0.25,0.75,21.710526315789476,45.06578947368421
probability,2.0,0.5,0.375,0.625,21.710526315789476,45.06578947368421
probability,2.5,0.5,0.525,0.475,21.710526315789476,45.06578947368421
probability,3.0,0.5,0.6,0.4,21.710526315789476,45.06578947368421
probability,0.5,0.75,0.05,0.95,21.710526315789476,44.73684210526316
probability,1.25,0.5,0.15,0.85,21.710526315789476,44.73684210526316
probability,1.25,0.5,0.175,0.825,21.710526315789476,44.73684210526316
probability,1.25,0.75,0.25,0.75,21.710526315789476,44.73684210526316
probability,1.5,0.5,0.225,0.775,21.710526315789476,44.73684210526316
probability,2.0,0.5,0.35,0.65,21.710526315789476,44.73684210526316
probability,2.0,0.5,0.4,0.6,21.710526315789476,44.73684210526316
probability,2.0,0.75,0.5,0.5,21.710526315789476,44.73684210526316
probability,2.5,0.5,0.45,0.55,21.710526315789476,44.73684210526316
probability,2.5,0.5,0.475,0.525,21.710526315789476,44.73684210526316
probability,2.5,0.5,0.5,0.5,21.710526315789476,44.73684210526316
probability,3.0,0.5,0.55,0.44999999999999996,21.710526315789476,44.73684210526316
probability,3.0,0.5,0.575,0.42500000000000004,21.710526315789476,44.73684210526316
probability,4.0,0.5,0.675,0.32499999999999996,21.710526315789476,44.73684210526316
probability,4.0,0.5,0.7,0.30000000000000004,21.710526315789476,44.73684210526316
probability,0.75,0.75,0.1,0.9,21.710526315789476,44.40789473684211
probability,2.5,0.75,0.6,0.4,21.710526315789476,44.40789473684211
probability,4.0,0.75,0.775,0.22499999999999998,21.710526315789476,44.40789473684211
probability,1.5,0.5,0.2,0.8,21.710526315789476,44.07894736842105
probability,1.5,0.75,0.325,0.675,21.710526315789476,44.07894736842105
probability,2.0,0.5,0.325,0.675,21.710526315789476,44.07894736842105
probability,2.0,0.75,0.475,0.525,21.710526315789476,44.07894736842105
probability,3.0,0.75,0.675,0.32499999999999996,21.710526315789476,44.07894736842105
probability,1.0,0.75,0.15,0.85,21.710526315789476,43.75
probability,1.25,0.5,0.125,0.875,21.710526315789476,43.75
probability,1.5,0.5,0.175,0.825,21.710526315789476,43.75
probability,2.5,0.5,0.425,0.575,21.710526315789476,43.75
probability,3.0,0.5,0.525,0.475,21.710526315789476,43.75
probability,1.25,0.75,0.225,0.775,21.710526315789476,43.42105263157895
probability,2.0,0.5,0.3,0.7,21.710526315789476,43.42105263157895
probability,2.5,0.75,0.575,0.42500000000000004,21.710526315789476,43.42105263157895
probability,3.0,0.5,0.5,0.5,21.710526315789476,43.42105263157895
probability,1.0,0.5,0.075,0.925,21.710526315789476,43.09210526315789
probability,1.0,1.0,0.125,0.875,21.710526315789476,43.09210526315789
probability,1.5,0.75,0.3,0.7,21.710526315789476,43.09210526315789
probability,1.5,1.0,0.275,0.725,21.710526315789476,43.09210526315789
probability,2.0,0.75,0.45,0.55,21.710526315789476,43.09210526315789
probability,2.0,1.0,0.4,0.6,21.710526315789476,43.09210526315789
probability,2.0,1.0,0.45,0.55,21.710526315789476,43.09210526315789
probability,2.5,0.5,0.4,0.6,21.710526315789476,43.09210526315789
probability,3.0,0.75,0.65,0.35,21.710526315789476,43.09210526315789
probability,4.0,0.5,0.6,0.4,21.710526315789476,43.09210526315789
probability,4.0,0.5,0.625,0.375,21.710526315789476,43.09210526315789
probability,4.0,0.5,0.65,0.35,21.710526315789476,43.09210526315789
probability,1.5,1.0,0.25,0.75,21.710526315789476,42.76315789473684
probability,2.0,0.5,0.275,0.725,21.710526315789476,42.76315789473684
probability,2.0,1.0,0.425,0.575,21.710526315789476,42.76315789473684
probability,2.5,0.5,0.375,0.625,21.710526315789476,42.76315789473684
probability,2.5,0.75,0.55,0.44999999999999996,21.710526315789476,42.76315789473684
probability,3.0,0.5,0.475,0.525,21.710526315789476,42.76315789473684
probability,3.0,0.75,0.625,0.375,21.710526315789476,42.76315789473684
probability,4.0,0.75,0.725,0.275,21.710526315789476,42.76315789473684
probability,1.5,0.5,0.15,0.85,21.710526315789476,42.43421052631579
probability,2.0,1.0,0.375,0.625,21.710526315789476,42.43421052631579
probability,2.5,1.0,0.525,0.475,21.710526315789476,42.43421052631579
probability,3.0,0.5,0.45,0.55,21.710526315789476,42.43421052631579
probability,3.0,0.75,0.6,0.4,21.710526315789476,42.43421052631579
probability,4.0,0.75,0.75,0.25,21.710526315789476,42.43421052631579
probability,1.25,0.5,0.1,0.9,21.710526315789476,42.10526315789473
probability,1.25,1.0,0.175,0.825,21.710526315789476,42.10526315789473
probability,1.5,1.0,0.225,0.775,21.710526315789476,42.10526315789473
probability,2.0,0.5,0.25,0.75,21.710526315789476,42.10526315789473
probability,2.0,0.75,0.4,0.6,21.710526315789476,42.10526315789473
probability,2.0,0.75,0.425,0.575,21.710526315789476,42.10526315789473
probability,2.5,0.5,0.325,0.675,21.710526315789476,42.10526315789473
probability,2.5,0.75,0.5,0.5,21.710526315789476,42.10526315789473
probability,2.5,0.75,0.525,0.475,21.710526315789476,42.10526315789473
probability,2.5,1.0,0.45,0.55,21.710526315789476,42.10526315789473
probability,2.5,1.0,0.475,0.525,21.710526315789476,42.10526315789473
probability,2.5,1.0,0.5,0.5,21.710526315789476,42.10526315789473
probability,3.0,0.5,0.4,0.6,21.710526315789476,42.10526315789473
probability,3.0,0.75,0.525,0.475,21.710526315789476,42.10526315789473
probability,3.0,0.75,0.55,0.44999999999999996,21.710526315789476,42.10526315789473
probability,3.0,0.75,0.575,0.42500000000000004,21.710526315789476,42.10526315789473
probability,3.0,1.0,0.55,0.44999999999999996,21.710526315789476,42.10526315789473
probability,4.0,0.5,0.5,0.5,21.710526315789476,42.10526315789473
probability,4.0,0.5,0.525,0.475,21.710526315789476,42.10526315789473
probability,4.0,0.5,0.55,0.44999999999999996,21.710526315789476,42.10526315789473
probability,4.0,0.5,0.575,0.42500000000000004,21.710526315789476,42.10526315789473
probability,4.0,0.75,0.65,0.35,21.710526315789476,42.10526315789473
probability,4.0,0.75,0.675,0.32499999999999996,21.710526315789476,42.10526315789473
probability,1.0,0.75,0.125,0.875,21.710526315789476,41.776315789473685
probability,1.0,1.0,0.1,0.9,21.710526315789476,41.776315789473685
probability,1.25,0.75,0.2,0.8,21.710526315789476,41.776315789473685
probability,1.5,0.75,0.275,0.725,21.710526315789476,41.776315789473685
probability,2.0,0.5,0.225,0.775,21.710526315789476,41.776315789473685
probability,2.0,0.75,0.3,0.7,21.710526315789476,41.776315789473685
probability,2.0,0.75,0.325,0.675,21.710526315789476,41.776315789473685
probability,2.0,0.75,0.375,0.625,21.710526315789476,41.776315789473685
probability,2.0,1.0,0.35,0.65,21.710526315789476,41.776315789473685
probability,2.5,0.5,0.275,0.725,21.710526315789476,41.776315789473685
probability,2.5,0.5,0.3,0.7,21.710526315789476,41.776315789473685
probability,2.5,0.5,0.35,0.65,21.710526315789476,41.776315789473685
probability,2.5,0.75,0.425,0.575,21.710526315789476,41.776315789473685
probability,2.5,0.75,0.45,0.55,21.710526315789476,41.776315789473685
probability,3.0,0.5,0.325,0.675,21.710526315789476,41.776315789473685
probability,3.0,0.5,0.35,0.65,21.710526315789476,41.776315789473685
probability,3.0,0.5,0.375,0.625,21.710526315789476,41.776315789473685
probability,3.0,0.5,0.425,0.575,21.710526315789476,41.776315789473685
probability,3.0,1.0,0.575,0.42500000000000004,21.710526315789476,41.776315789473685
probability,4.0,0.5,0.425,0.575,21.710526315789476,41.776315789473685
probability,4.0,0.5,0.45,0.55,21.710526315789476,41.776315789473685
probability,4.0,0.5,0.475,0.525,21.710526315789476,41.776315789473685
probability,4.0,1.0,0.675,0.32499999999999996,21.710526315789476,41.776315789473685
probability,1.25,0.75,0.175,0.825,21.710526315789476,41.44736842105263
probability,1.25,1.0,0.15,0.85,21.710526315789476,41.44736842105263
probability,1.5,0.75,0.175,0.825,21.710526315789476,41.44736842105263
probability,1.5,0.75,0.25,0.75,21.710526315789476,41.44736842105263
probability,2.5,0.75,0.4,0.6,21.710526315789476,41.44736842105263
probability,3.0,0.75,0.5,0.5,21.710526315789476,41.44736842105263
probability,3.0,1.0,0.525,0.475,21.710526315789476,41.44736842105263
probability,4.0,0.5,0.4,0.6,21.710526315789476,41.44736842105263
probability,4.0,0.75,0.625,0.375,21.710526315789476,41.44736842105263
probability,4.0,1.0,0.65,0.35,21.710526315789476,41.44736842105263
probability,0.75,0.75,0.075,0.925,21.710526315789476,41.118421052631575
probability,1.5,0.5,0.125,0.875,21.710526315789476,41.118421052631575
probability,2.0,0.5,0.2,0.8,21.710526315789476,41.118421052631575
probability,2.0,1.0,0.325,0.675,21.710526315789476,41.118421052631575
probability,2.5,0.5,0.25,0.75,21.710526315789476,41.118421052631575
probability,3.0,0.5,0.3,0.7,21.710526315789476,41.118421052631575
probability,0.75,1.0,0.05,0.95,21.710526315789476,40.78947368421053
probability,1.5,1.0,0.2,0.8,21.710526315789476,40.78947368421053
probability,2.0,0.5,0.175,0.825,21.710526315789476,40.78947368421053
probability,2.0,0.75,0.275,0.725,21.710526315789476,40.78947368421053
probability,2.5,0.5,0.15,0.85,21.710526315789476,40.78947368421053
probability,2.5,0.5,0.2,0.8,21.710526315789476,40.78947368421053
probability,2.5,0.75,0.375,0.625,21.710526315789476,40.78947368421053
probability,3.0,0.5,0.175,0.825,21.710526315789476,40.78947368421053
probability,3.0,0.5,0.2,0.8,21.710526315789476,40.78947368421053
probability,3.0,0.5,0.25,0.75,21.710526315789476,40.78947368421053
probability,3.0,0.75,0.45,0.55,21.710526315789476,40.78947368421053
probability,3.0,0.75,0.475,0.525,21.710526315789476,40.78947368421053
probability,4.0,0.5,0.25,0.75,21.710526315789476,40.78947368421053
probability,4.0,0.5,0.275,0.725,21.710526315789476,40.78947368421053
probability,4.0,0.5,0.3,0.7,21.710526315789476,40.78947368421053
probability,4.0,0.5,0.325,0.675,21.710526315789476,40.78947368421053
probability,4.0,0.5,0.35,0.65,21.710526315789476,40.78947368421053
probability,4.0,0.75,0.575,0.42500000000000004,21.710526315789476,40.78947368421053
probability,4.0,0.75,0.6,0.4,21.710526315789476,40.78947368421053
probability,4.0,1.0,0.625,0.375,21.710526315789476,40.78947368421053
probability,1.0,0.5,0.05,0.95,21.710526315789476,40.46052631578947
probability,1.5,0.75,0.15,0.85,21.710526315789476,40.46052631578947
probability,1.5,1.25,0.175,0.825,21.710526315789476,40.46052631578947
probability,2.0,0.5,0.1,0.9,21.710526315789476,40.46052631578947
probability,2.0,0.5,0.125,0.875,21.710526315789476,40.46052631578947
probability,2.0,0.5,0.15,0.85,21.710526315789476,40.46052631578947
probability,2.0,1.25,0.3,0.7,21.710526315789476,40.46052631578947
probability,2.0,1.5,0.225,0.775,21.710526315789476,40.46052631578947
probability,2.5,0.5,0.175,0.825,21.710526315789476,40.46052631578947
probability,2.5,0.5,0.225,0.775,21.710526315789476,40.46052631578947
probability,2.5,1.0,0.425,0.575,21.710526315789476,40.46052631578947
probability,2.5,1.5,0.275,0.725,21.710526315789476,40.46052631578947
probability,3.0,0.5,0.225,0.775,21.710526315789476,40.46052631578947
probability,3.0,0.5,0.275,0.725,21.710526315789476,40.46052631578947
probability,3.0,0.75,0.425,0.575,21.710526315789476,40.46052631578947
probability,3.0,1.0,0.5,0.5,21.710526315789476,40.46052631578947
probability,4.0,0.5,0.225,0.775,21.710526315789476,40.46052631578947
probability,4.0,0.5,0.375,0.625,21.710526315789476,40.46052631578947
probability,4.0,0.75,0.55,0.44999999999999996,21.710526315789476,40.46052631578947
probability,0.75,0.5,0.025,0.975,21.710526315789476,40.131578947368425
probability,1.25,0.5,0.05,0.95,21.710526315789476,40.131578947368425
probability,1.25,0.5,0.075,0.925,21.710526315789476,40.131578947368425
probability,1.25,1.0,0.125,0.875,21.710526315789476,40.131578947368425
probability,1.5,0.5,0.05,0.95,21.710526315789476,40.131578947368425
probability,1.5,0.5,0.075,0.925,21.710526315789476,40.131578947368425
probability,1.5,0.5,0.1,0.9,21.710526315789476,40.131578947368425
probability,1.5,1.25,0.15,0.85,21.710526315789476,40.131578947368425
probability,2.0,0.75,0.225,0.775,21.710526315789476,40.131578947368425
probability,2.0,0.75,0.25,0.75,21.710526315789476,40.131578947368425
probability,2.0,1.25,0.25,0.75,21.710526315789476,40.131578947368425
probability,2.0,1.25,0.275,0.725,21.710526315789476,40.131578947368425
probability,2.0,1.5,0.2,0.8,21.710526315789476,40.131578947368425
probability,2.5,0.5,0.125,0.875,21.710526315789476,40.131578947368425
probability,2.5,0.75,0.325,0.675,21.710526315789476,40.131578947368425
probability,2.5,0.75,0.35,0.65,21.710526315789476,40.131578947368425
probability,2.5,1.25,0.35,0.65,21.710526315789476,40.131578947368425
probability,2.5,1.25,0.375,0.625,21.710526315789476,40.131578947368425
probability,2.5,1.5,0.25,0.75,21.710526315789476,40.131578947368425
probability,3.0,0.5,0.15,0.85,21.710526315789476,40.131578947368425
probability,3.0,1.25,0.425,0.575,21.710526315789476,40.131578947368425
probability,3.0,1.25,0.45,0.55,21.710526315789476,40.131578947368425
probability,3.0,1.5,0.325,0.675,21.710526315789476,40.131578947368425
probability,4.0,1.0,0.6,0.4,21.710526315789476,40.131578947368425
probability,1.0,0.5,0.025,0.975,21.710526315789476,39.80263157894737
probability,1.0,1.0,0.075,0.925,21.710526315789476,39.80263157894737
probability,1.25,0.75,0.1,0.9,21.710526315789476,39.80263157894737
probability,1.25,1.0,0.1,0.9,21.710526315789476,39.80263157894737
probability,1.25,1.25,0.1,0.9,21.710526315789476,39.80263157894737
probability,1.25,1.5,0.075,0.925,21.710526315789476,39.80263157894737
probability,1.5,0.75,0.125,0.875,21.710526315789476,39.80263157894737
probability,1.5,1.0,0.15,0.85,21.710526315789476,39.80263157894737
probability,1.5,1.0,0.175,0.825,21.710526315789476,39.80263157894737
probability,2.0,1.0,0.3,0.7,21.710526315789476,39.80263157894737
probability,2.0,1.25,0.225,0.775,21.710526315789476,39.80263157894737
probability,2.0,2.0,0.125,0.875,21.710526315789476,39.80263157894737
probability,2.5,1.0,0.4,0.6,21.710526315789476,39.80263157894737
probability,2.5,1.25,0.3,0.7,21.710526315789476,39.80263157894737
probability,2.5,1.25,0.325,0.675,21.710526315789476,39.80263157894737
probability,3.0,1.0,0.475,0.525,21.710526315789476,39.80263157894737
probability,3.0,1.25,0.4,0.6,21.710526315789476,39.80263157894737
probability,4.0,0.5,0.2,0.8,21.710526315789476,39.80263157894737
probability,4.0,0.75,0.525,0.475,21.710526315789476,39.80263157894737
probability,4.0,1.25,0.525,0.475,21.710526315789476,39.80263157894737
probability,4.0,1.5,0.425,0.575,21.710526315789476,39.80263157894737
probability,0.5,1.0,0.025,0.975,21.710526315789476,39.473684210526315
probability,1.25,0.5,0.025,0.975,21.710526315789476,39.473684210526315
probability,1.25,1.25,0.075,0.925,21.710526315789476,39.473684210526315
probability,1.5,1.25,0.125,0.875,21.710526315789476,39.473684210526315
probability,1.5,1.5,0.1,0.9,21.710526315789476,39.473684210526315
probability,2.0,0.5,0.075,0.925,21.710526315789476,39.473684210526315
probability,2.0,1.0,0.25,0.75,21.710526315789476,39.473684210526315
probability,2.0,1.0,0.275,0.725,21.710526315789476,39.473684210526315
probability,2.0,1.25,0.2,0.8,21.710526315789476,39.473684210526315
probability,2.0,1.5,0.175,0.825,21.710526315789476,39.473684210526315
probability,2.0,2.5,0.075,0.925,21.710526315789476,39.473684210526315
probability,2.5,0.5,0.1,0.9,21.710526315789476,39.473684210526315
probability,2.5,1.0,0.375,0.625,21.710526315789476,39.473684210526315
probability,2.5,1.25,0.275,0.725,21.710526315789476,39.473684210526315
probability,3.0,0.5,0.125,0.875,21.710526315789476,39.473684210526315
probability,3.0,0.75,0.4,0.6,21.710526315789476,39.473684210526315
probability,3.0,1.25,0.35,0.65,21.710526315789476,39.473684210526315
probability,4.0,1.25,0.45,0.55,21.710526315789476,39.473684210526315
probability,0.75,1.25,0.025,0.975,21.710526315789476,39.14473684210527
probability,1.0,1.25,0.05,0.95,21.710526315789476,39.14473684210527
probability,1.25,1.5,0.05,0.95,21.710526315789476,39.14473684210527
probability,1.5,1.25,0.1,0.9,21.710526315789476,39.14473684210527
probability,1.5,1.5,0.075,0.925,21.710526315789476,39.14473684210527
probability,1.5,2.0,0.05,0.95,21.710526315789476,39.14473684210527
probability,2.0,1.25,0.175,0.825,21.710526315789476,39.14473684210527
probability,2.0,1.5,0.125,0.875,21.710526315789476,39.14473684210527
probability,2.0,1.5,0.15,0.85,21.710526315789476,39.14473684210527
probability,2.0,2.0,0.1,0.9,21.710526315789476,39.14473684210527
probability,2.5,0.75,0.275,0.725,21.710526315789476,39.14473684210527
probability,2.5,1.0,0.35,0.65,21.710526315789476,39.14473684210527
probability,2.5,1.25,0.25,0.75,21.710526315789476,39.14473684210527
probability,2.5,1.5,0.2,0.8,21.710526315789476,39.14473684210527
probability,2.5,1.5,0.225,0.775,21.710526315789476,39.14473684210527
probability,2.5,2.0,0.125,0.875,21.710526315789476,39.14473684210527
probability,2.5,2.0,0.15,0.85,21.710526315789476,39.14473684210527
probability,2.5,2.5,0.1,0.9,21.710526315789476,39.14473684210527
probability,2.5,3.0,0.075,0.925,21.710526315789476,39.14473684210527
probability,3.0,1.0,0.4,0.6,21.710526315789476,39.14473684210527
probability,3.0,1.0,0.425,0.575,21.710526315789476,39.14473684210527
probability,3.0,1.0,0.45,0.55,21.710526315789476,39.14473684210527
probability,3.0,1.25,0.325,0.675,21.710526315789476,39.14473684210527
probability,3.0,1.25,0.375,0.625,21.710526315789476,39.14473684210527
probability,3.0,1.5,0.25,0.75,21.710526315789476,39.14473684210527
probability,3.0,1.5,0.275,0.725,21.710526315789476,39.14473684210527
probability,3.0,1.5,0.3,0.7,21.710526315789476,39.14473684210527
probability,3.0,2.0,0.175,0.825,21.710526315789476,39.14473684210527
probability,3.0,2.0,0.2,0.8,21.710526315789476,39.14473684210527
probability,3.0,2.5,0.125,0.875,21.710526315789476,39.14473684210527
probability,4.0,1.0,0.575,0.42500000000000004,21.710526315789476,39.14473684210527
probability,4.0,1.25,0.475,0.525,21.710526315789476,39.14473684210527
probability,4.0,1.25,0.5,0.5,21.710526315789476,39.14473684210527
probability,4.0,1.5,0.375,0.625,21.710526315789476,39.14473684210527
probability,4.0,1.5,0.4,0.6,21.710526315789476,39.14473684210527
probability,1.0,0.75,0.05,0.95,21.710526315789476,38.81578947368421
probability,1.0,1.5,0.025,0.975,21.710526315789476,38.81578947368421
probability,1.25,2.0,0.025,0.975,21.710526315789476,38.81578947368421
probability,1.5,2.5,0.025,0.975,21.710526315789476,38.81578947368421
probability,2.0,0.5,0.05,0.95,21.710526315789476,38.81578947368421
probability,2.0,0.75,0.175,0.825,21.710526315789476,38.81578947368421
probability,2.0,0.75,0.2,0.8,21.710526315789476,38.81578947368421
probability,2.0,1.0,0.175,0.825,21.710526315789476,38.81578947368421
probability,2.0,1.0,0.2,0.8,21.710526315789476,38.81578947368421
probability,2.0,2.0,0.075,0.925,21.710526315789476,38.81578947368421
probability,2.5,0.5,0.075,0.925,21.710526315789476,38.81578947368421
probability,2.5,0.75,0.25,0.75,21.710526315789476,38.81578947368421
probability,2.5,0.75,0.3,0.7,21.710526315789476,38.81578947368421
probability,2.5,1.0,0.25,0.75,21.710526315789476,38.81578947368421
probability,2.5,1.0,0.275,0.725,21.710526315789476,38.81578947368421
probability,2.5,1.0,0.3,0.7,21.710526315789476,38.81578947368421
probability,3.0,0.5,0.1,0.9,21.710526315789476,38.81578947368421
probability,3.0,0.75,0.325,0.675,21.710526315789476,38.81578947368421
probability,3.0,0.75,0.35,0.65,21.710526315789476,38.81578947368421
probability,3.0,0.75,0.375,0.625,21.710526315789476,38.81578947368421
probability,3.0,1.0,0.3,0.7,21.710526315789476,38.81578947368421
probability,3.0,1.0,0.325,0.675,21.710526315789476,38.81578947368421
probability,3.0,1.0,0.35,0.65,21.710526315789476,38.81578947368421
probability,4.0,0.5,0.15,0.85,21.710526315789476,38.81578947368421
probability,4.0,0.5,0.175,0.825,21.710526315789476,38.81578947368421
probability,4.0,0.75,0.45,0.55,21.710526315789476,38.81578947368421
probability,4.0,0.75,0.475,0.525,21.710526315789476,38.81578947368421
probability,4.0,0.75,0.5,0.5,21.710526315789476,38.81578947368421
probability,4.0,1.0,0.4,0.6,21.710526315789476,38.81578947368421
probability,4.0,1.0,0.425,0.575,21.710526315789476,38.81578947368421
probability,4.0,2.0,0.25,0.75,21.710526315789476,38.81578947368421
probability,4.0,2.5,0.175,0.825,21.710526315789476,38.81578947368421
probability,1.25,0.75,0.075,0.925,21.710526315789476,38.48684210526316
probability,1.5,1.0,0.1,0.9,21.710526315789476,38.48684210526316
probability,2.0,0.75,0.15,0.85,21.710526315789476,38.48684210526316
probability,2.0,1.0,0.15,0.85,21.710526315789476,38.48684210526316
probability,2.0,1.25,0.1,0.9,21.710526315789476,38.48684210526316
probability,2.0,1.25,0.15,0.85,21.710526315789476,38.48684210526316
probability,2.0,1.5,0.1,0.9,21.710526315789476,38.48684210526316
probability,2.0,2.0,0.05,0.95,21.710526315789476,38.48684210526316
probability,2.0,2.5,0.05,0.95,21.710526315789476,38.48684210526316
probability,2.0,3.0,0.025,0.975,21.710526315789476,38.48684210526316
probability,2.5,0.75,0.175,0.825,21.710526315789476,38.48684210526316
probability,2.5,0.75,0.2,0.8,21.710526315789476,38.48684210526316
probability,2.5,1.0,0.225,0.775,21.710526315789476,38.48684210526316
probability,2.5,1.25,0.15,0.85,21.710526315789476,38.48684210526316
probability,2.5,1.25,0.175,0.825,21.710526315789476,38.48684210526316
probability,2.5,1.25,0.225,0.775,21.710526315789476,38.48684210526316
probability,2.5,1.5,0.1,0.9,21.710526315789476,38.48684210526316
probability,2.5,1.5,0.15,0.85,21.710526315789476,38.48684210526316
probability,2.5,1.5,0.175,0.825,21.710526315789476,38.48684210526316
probability,2.5,2.0,0.075,0.925,21.710526315789476,38.48684210526316
probability,2.5,2.0,0.1,0.9,21.710526315789476,38.48684210526316
probability,2.5,2.5,0.05,0.95,21.710526315789476,38.48684210526316
probability,2.5,2.5,0.075,0.925,21.710526315789476,38.48684210526316
probability,2.5,3.0,0.05,0.95,21.710526315789476,38.48684210526316
probability,2.5,4.0,0.025,0.975,21.710526315789476,38.48684210526316
probability,3.0,0.75,0.2,0.8,21.710526315789476,38.48684210526316
probability,3.0,0.75,0.225,0.775,21.710526315789476,38.48684210526316
probability,3.0,0.75,0.25,0.75,21.710526315789476,38.48684210526316
probability,3.0,0.75,0.3,0.7,21.710526315789476,38.48684210526316
probability,3.0,1.0,0.275,0.725,21.710526315789476,38.48684210526316
probability,3.0,1.0,0.375,0.625,21.710526315789476,38.48684210526316
probability,3.0,1.25,0.2,0.8,21.710526315789476,38.48684210526316
probability,3.0,1.25,0.225,0.775,21.710526315789476,38.48684210526316
probability,3.0,1.25,0.25,0.75,21.710526315789476,38.48684210526316
probability,3.0,1.25,0.3,0.7,21.710526315789476,38.48684210526316
probability,3.0,1.5,0.15,0.85,21.710526315789476,38.48684210526316
probability,3.0,1.5,0.2,0.8,21.710526315789476,38.48684210526316
probability,3.0,1.5,0.225,0.775,21.710526315789476,38.48684210526316
probability,3.0,2.0,0.1,0.9,21.710526315789476,38.48684210526316
probability,3.0,2.0,0.125,0.875,21.710526315789476,38.48684210526316
probability,3.0,2.0,0.15,0.85,21.710526315789476,38.48684210526316
probability,3.0,2.5,0.075,0.925,21.710526315789476,38.48684210526316
probability,3.0,2.5,0.1,0.9,21.710526315789476,38.48684210526316
probability,3.0,3.0,0.05,0.95,21.710526315789476,38.48684210526316
probability,3.0,3.0,0.075,0.925,21.710526315789476,38.48684210526316
probability,3.0,4.0,0.025,0.975,21.710526315789476,38.48684210526316
probability,3.0,4.0,0.05,0.95,21.710526315789476,38.48684210526316
probability,4.0,0.75,0.25,0.75,21.710526315789476,38.48684210526316
probability,4.0,0.75,0.275,0.725,21.710526315789476,38.48684210526316
probability,4.0,0.75,0.3,0.7,21.710526315789476,38.48684210526316
probability,4.0,0.75,0.4,0.6,21.710526315789476,38.48684210526316
probability,4.0,0.75,0.425,0.575,21.710526315789476,38.48684210526316
probability,4.0,1.0,0.375,0.625,21.710526315789476,38.48684210526316
probability,4.0,1.0,0.45,0.55,21.710526315789476,38.48684210526316
probability,4.0,1.0,0.475,0.525,21.710526315789476,38.48684210526316
probability,4.0,1.0,0.5,0.5,21.710526315789476,38.48684210526316
probability,4.0,1.0,0.525,0.475,21.710526315789476,38.48684210526316
probability,4.0,1.25,0.275,0.725,21.710526315789476,38.48684210526316
probability,4.0,1.25,0.3,0.7,21.710526315789476,38.48684210526316
probability,4.0,1.25,0.325,0.675,21.710526315789476,38.48684210526316
probability,4.0,1.25,0.35,0.65,21.710526315789476,38.48684210526316
probability,4.0,1.25,0.375,0.625,21.710526315789476,38.48684210526316
probability,4.0,1.25,0.4,0.6,21.710526315789476,38.48684210526316
probability,4.0,1.25,0.425,0.575,21.710526315789476,38.48684210526316
probability,4.0,1.5,0.2,0.8,21.710526315789476,38.48684210526316
probability,4.0,1.5,0.225,0.775,21.710526315789476,38.48684210526316
probability,4.0,1.5,0.25,0.75,21.710526315789476,38.48684210526316
probability,4.0,1.5,0.275,0.725,21.710526315789476,38.48684210526316
probability,4.0,1.5,0.3,0.7,21.710526315789476,38.48684210526316
probability,4.0,1.5,0.325,0.675,21.710526315789476,38.48684210526316
probability,4.0,1.5,0.35,0.65,21.710526315789476,38.48684210526316
probability,4.0,2.0,0.15,0.85,21.710526315789476,38.48684210526316
probability,4.0,2.0,0.175,0.825,21.710526315789476,38.48684210526316
probability,4.0,2.0,0.2,0.8,21.710526315789476,38.48684210526316
probability,4.0,2.0,0.225,0.775,21.710526315789476,38.48684210526316
probability,4.0,2.5,0.1,0.9,21.710526315789476,38.48684210526316
probability,4.0,2.5,0.125,0.875,21.710526315789476,38.48684210526316
probability,4.0,2.5,0.15,0.85,21.710526315789476,38.48684210526316
probability,4.0,3.0,0.075,0.925,21.710526315789476,38.48684210526316
probability,4.0,3.0,0.1,0.9,21.710526315789476,38.48684210526316
probability,4.0,3.0,0.125,0.875,21.710526315789476,38.48684210526316
probability,4.0,4.0,0.05,0.95,21.710526315789476,38.48684210526316
probability,4.0,4.0,0.075,0.925,21.710526315789476,38.48684210526316
probability,1.25,0.75,0.05,0.95,21.710526315789476,38.15789473684211
probability,1.5,0.5,0.025,0.975,21.710526315789476,38.15789473684211
probability,1.5,0.75,0.075,0.925,21.710526315789476,38.15789473684211
probability,1.5,0.75,0.1,0.9,21.710526315789476,38.15789473684211
probability,1.5,2.0,0.025,0.975,21.710526315789476,38.15789473684211
probability,2.0,0.75,0.1,0.9,21.710526315789476,38.15789473684211
probability,2.0,0.75,0.125,0.875,21.710526315789476,38.15789473684211
probability,2.0,1.0,0.125,0.875,21.710526315789476,38.15789473684211
probability,2.0,2.5,0.025,0.975,21.710526315789476,38.15789473684211
probability,2.5,0.75,0.125,0.875,21.710526315789476,38.15789473684211
probability,2.5,0.75,0.15,0.85,21.710526315789476,38.15789473684211
probability,2.5,0.75,0.225,0.775,21.710526315789476,38.15789473684211
probability,2.5,1.0,0.15,0.85,21.710526315789476,38.15789473684211
probability,2.5,1.0,0.175,0.825,21.710526315789476,38.15789473684211
probability,2.5,1.0,0.2,0.8,21.710526315789476,38.15789473684211
probability,2.5,1.25,0.1,0.9,21.710526315789476,38.15789473684211
probability,2.5,1.25,0.125,0.875,21.710526315789476,38.15789473684211
probability,2.5,1.5,0.075,0.925,21.710526315789476,38.15789473684211
probability,2.5,3.0,0.025,0.975,21.710526315789476,38.15789473684211
probability,3.0,0.5,0.05,0.95,21.710526315789476,38.15789473684211
probability,3.0,0.5,0.075,0.925,21.710526315789476,38.15789473684211
probability,3.0,0.75,0.175,0.825,21.710526315789476,38.15789473684211
probability,3.0,0.75,0.275,0.725,21.710526315789476,38.15789473684211
probability,3.0,1.0,0.15,0.85,21.710526315789476,38.15789473684211
probability,3.0,1.0,0.175,0.825,21.710526315789476,38.15789473684211
probability,3.0,1.0,0.2,0.8,21.710526315789476,38.15789473684211
probability,3.0,1.0,0.225,0.775,21.710526315789476,38.15789473684211
probability,3.0,1.0,0.25,0.75,21.710526315789476,38.15789473684211
probability,3.0,1.25,0.125,0.875,21.710526315789476,38.15789473684211
probability,3.0,1.25,0.15,0.85,21.710526315789476,38.15789473684211
probability,3.0,1.25,0.175,0.825,21.710526315789476,38.15789473684211
probability,3.0,1.5,0.1,0.9,21.710526315789476,38.15789473684211
probability,3.0,1.5,0.125,0.875,21.710526315789476,38.15789473684211
probability,3.0,2.0,0.05,0.95,21.710526315789476,38.15789473684211
probability,3.0,2.5,0.05,0.95,21.710526315789476,38.15789473684211
probability,4.0,0.5,0.125,0.875,21.710526315789476,38.15789473684211
probability,4.0,0.75,0.225,0.775,21.710526315789476,38.15789473684211
probability,4.0,0.75,0.325,0.675,21.710526315789476,38.15789473684211
probability,4.0,0.75,0.35,0.65,21.710526315789476,38.15789473684211
probability,4.0,0.75,0.375,0.625,21.710526315789476,38.15789473684211
probability,4.0,1.0,0.2,0.8,21.710526315789476,38.15789473684211
probability,4.0,1.0,0.225,0.775,21.710526315789476,38.15789473684211
probability,4.0,1.0,0.25,0.75,21.710526315789476,38.15789473684211
probability,4.0,1.0,0.275,0.725,21.710526315789476,38.15789473684211
probability,4.0,1.0,0.3,0.7,21.710526315789476,38.15789473684211
probability,4.0,1.0,0.325,0.675,21.710526315789476,38.15789473684211
probability,4.0,1.0,0.35,0.65,21.710526315789476,38.15789473684211
probability,4.0,1.25,0.15,0.85,21.710526315789476,38.15789473684211
probability,4.0,1.25,0.175,0.825,21.710526315789476,38.15789473684211
probability,4.0,1.25,0.2,0.8,21.710526315789476,38.15789473684211
probability,4.0,1.25,0.225,0.775,21.710526315789476,38.15789473684211
probability,4.0,1.25,0.25,0.75,21.710526315789476,38.15789473684211
probability,4.0,1.5,0.125,0.875,21.710526315789476,38.15789473684211
probability,4.0,1.5,0.15,0.85,21.710526315789476,38.15789473684211
probability,4.0,1.5,0.175,0.825,21.710526315789476,38.15789473684211
probability,4.0,2.0,0.075,0.925,21.710526315789476,38.15789473684211
probability,4.0,2.0,0.1,0.9,21.710526315789476,38.15789473684211
probability,4.0,2.5,0.05,0.95,21.710526315789476,38.15789473684211
probability,4.0,2.5,0.075,0.925,21.710526315789476,38.15789473684211
probability,4.0,3.0,0.05,0.95,21.710526315789476,38.15789473684211
probability,4.0,4.0,0.025,0.975,21.710526315789476,38.15789473684211
log_probability,0.5,0.5,0.025,0.975,21.710526315789476,38.15789473684211
log_probability,0.75,0.5,0.025,0.975,21.710526315789476,38.15789473684211
log_probability,0.75,0.75,0.025,0.975,21.710526315789476,38.15789473684211
log_probability,1.0,0.5,0.05,0.95,21.710526315789476,38.15789473684211
log_probability,1.0,0.75,0.025,0.975,21.710526315789476,38.15789473684211
log_probability,1.0,1.0,0.025,0.975,21.710526315789476,38.15789473684211
log_probability,1.25,0.5,0.025,0.975,21.710526315789476,38.15789473684211
log_probability,1.25,0.5,0.05,0.95,21.710526315789476,38.15789473684211
log_probability,1.25,0.75,0.025,0.975,21.710526315789476,38.15789473684211
log_probability,1.25,1.0,0.025,0.975,21.710526315789476,38.15789473684211
log_probability,1.25,1.25,0.025,0.975,21.710526315789476,38.15789473684211
log_probability,1.5,0.5,0.025,0.975,21.710526315789476,38.15789473684211
log_probability,1.5,0.5,0.05,0.95,21.710526315789476,38.15789473684211
log_probability,1.5,0.5,0.075,0.925,21.710526315789476,38.15789473684211
log_probability,1.5,0.75,0.05,0.95,21.710526315789476,38.15789473684211
log_probability,1.5,1.0,0.025,0.975,21.710526315789476,38.15789473684211
log_probability,1.5,1.25,0.025,0.975,21.710526315789476,38.15789473684211
log_probability,1.5,1.5,0.025,0.975,21.710526315789476,38.15789473684211
log_probability,2.0,0.5,0.025,0.975,21.710526315789476,38.15789473684211
log_probability,2.0,0.5,0.075,0.925,21.710526315789476,38.15789473684211
log_probability,2.0,0.5,0.1,0.9,21.710526315789476,38.15789473684211
log_probability,2.0,0.75,0.025,0.975,21.710526315789476,38.15789473684211
log_probability,2.0,0.75,0.05,0.95,21.710526315789476,38.15789473684211
log_probability,2.0,1.0,0.05,0.95,21.710526315789476,38.15789473684211
log_probability,2.0,1.25,0.025,0.975,21.710526315789476,38.15789473684211
log_probability,2.0,1.5,0.025,0.975,21.710526315789476,38.15789473684211
log_probability,2.0,2.0,0.025,0.975,21.710526315789476,38.15789473684211
log_probability,2.5,0.5,0.075,0.925,21.710526315789476,38.15789473684211
log_probability,2.5,0.5,0.1,0.9,21.710526315789476,38.15789473684211
log_probability,2.5,0.75,0.025,0.975,21.710526315789476,38.15789473684211
log_probability,2.5,0.75,0.05,0.95,21.710526315789476,38.15789473684211
log_probability,2.5,0.75,0.075,0.925,21.710526315789476,38.15789473684211
log_probability,2.5,1.0,0.025,0.975,21.710526315789476,38.15789473684211
log_probability,2.5,1.0,0.05,0.95,21.710526315789476,38.15789473684211
log_probability,2.5,1.25,0.05,0.95,21.710526315789476,38.15789473684211
log_probability,2.5,1.5,0.025,0.975,21.710526315789476,38.15789473684211
log_probability,2.5,2.0,0.025,0.975,21.710526315789476,38.15789473684211
log_probability,2.5,2.5,0.025,0.975,21.710526315789476,38.15789473684211
log_probability,3.0,0.5,0.05,0.95,21.710526315789476,38.15789473684211
log_probability,3.0,0.5,0.1,0.9,21.710526315789476,38.15789473684211
log_probability,3.0,0.5,0.125,0.875,21.710526315789476,38.15789473684211
log_probability,3.0,0.75,0.025,0.975,21.710526315789476,38.15789473684211
log_probability,3.0,0.75,0.075,0.925,21.710526315789476,38.15789473684211
log_probability,3.0,0.75,0.1,0.9,21.710526315789476,38.15789473684211
log_probability,3.0,1.0,0.025,0.975,21.710526315789476,38.15789473684211
log_probability,3.0,1.0,0.05,0.95,21.710526315789476,38.15789473684211
log_probability,3.0,1.0,0.075,0.925,21.710526315789476,38.15789473684211
log_probability,3.0,1.25,0.05,0.95,21.710526315789476,38.15789473684211
log_probability,3.0,1.5,0.05,0.95,21.710526315789476,38.15789473684211
log_probability,3.0,2.0,0.025,0.975,21.710526315789476,38.15789473684211
log_probability,3.0,2.5,0.025,0.975,21.710526315789476,38.15789473684211
log_probability,3.0,3.0,0.025,0.975,21.710526315789476,38.15789473684211
log_probability,4.0,0.5,0.05,0.95,21.710526315789476,38.15789473684211
log_probability,4.0,0.5,0.075,0.925,21.710526315789476,38.15789473684211
log_probability,4.0,0.5,0.125,0.875,21.710526315789476,38.15789473684211
log_probability,4.0,0.5,0.15,0.85,21.710526315789476,38.15789473684211
log_probability,4.0,0.5,0.175,0.825,21.710526315789476,38.15789473684211
log_probability,4.0,0.75,0.05,0.95,21.710526315789476,38.15789473684211
log_probability,4.0,0.75,0.075,0.925,21.710526315789476,38.15789473684211
log_probability,4.0,0.75,0.1,0.9,21.710526315789476,38.15789473684211
log_probability,4.0,0.75,0.125,0.875,21.710526315789476,38.15789473684211
log_probability,4.0,1.0,0.025,0.975,21.710526315789476,38.15789473684211
log_probability,4.0,1.0,0.075,0.925,21.710526315789476,38.15789473684211
log_probability,4.0,1.0,0.1,0.9,21.710526315789476,38.15789473684211
log_probability,4.0,1.25,0.025,0.975,21.710526315789476,38.15789473684211
log_probability,4.0,1.25,0.05,0.95,21.710526315789476,38.15789473684211
log_probability,4.0,1.25,0.075,0.925,21.710526315789476,38.15789473684211
log_probability,4.0,1.5,0.025,0.975,21.710526315789476,38.15789473684211
log_probability,4.0,1.5,0.05,0.95,21.710526315789476,38.15789473684211
log_probability,4.0,2.0,0.05,0.95,21.710526315789476,38.15789473684211
log_probability,4.0,2.5,0.025,0.975,21.710526315789476,38.15789473684211
log_probability,4.0,3.0,0.025,0.975,21.710526315789476,38.15789473684211
log_probability,4.0,4.0,0.025,0.975,21.710526315789476,38.15789473684211
probability,1.0,0.75,0.025,0.975,21.710526315789476,37.82894736842105
probability,1.0,1.0,0.025,0.975,21.710526315789476,37.82894736842105
probability,1.25,0.75,0.025,0.975,21.710526315789476,37.82894736842105
probability,1.25,1.0,0.025,0.975,21.710526315789476,37.82894736842105
probability,1.25,1.0,0.05,0.95,21.710526315789476,37.82894736842105
probability,1.25,1.25,0.025,0.975,21.710526315789476,37.82894736842105
probability,1.5,0.75,0.025,0.975,21.710526315789476,37.82894736842105
probability,1.5,0.75,0.05,0.95,21.710526315789476,37.82894736842105
probability,1.5,1.0,0.025,0.975,21.710526315789476,37.82894736842105
probability,1.5,1.0,0.05,0.95,21.710526315789476,37.82894736842105
probability,1.5,1.0,0.075,0.925,21.710526315789476,37.82894736842105
probability,1.5,1.25,0.025,0.975,21.710526315789476,37.82894736842105
probability,1.5,1.25,0.05,0.95,21.710526315789476,37.82894736842105
probability,1.5,1.5,0.025,0.975,21.710526315789476,37.82894736842105
probability,2.0,0.5,0.025,0.975,21.710526315789476,37.82894736842105
probability,2.0,0.75,0.05,0.95,21.710526315789476,37.82894736842105
probability,2.0,0.75,0.075,0.925,21.710526315789476,37.82894736842105
probability,2.0,1.0,0.025,0.975,21.710526315789476,37.82894736842105
probability,2.0,1.0,0.05,0.95,21.710526315789476,37.82894736842105
probability,2.0,1.0,0.075,0.925,21.710526315789476,37.82894736842105
probability,2.0,1.0,0.1,0.9,21.710526315789476,37.82894736842105
probability,2.0,1.25,0.025,0.975,21.710526315789476,37.82894736842105
probability,2.0,1.25,0.05,0.95,21.710526315789476,37.82894736842105
probability,2.0,1.25,0.075,0.925,21.710526315789476,37.82894736842105
probability,2.0,1.5,0.025,0.975,21.710526315789476,37.82894736842105
probability,2.0,1.5,0.05,0.95,21.710526315789476,37.82894736842105
probability,2.0,2.0,0.025,0.975,21.710526315789476,37.82894736842105
probability,2.5,0.5,0.025,0.975,21.710526315789476,37.82894736842105
probability,2.5,0.5,0.05,0.95,21.710526315789476,37.82894736842105
probability,2.5,0.75,0.05,0.95,21.710526315789476,37.82894736842105
probability,2.5,0.75,0.075,0.925,21.710526315789476,37.82894736842105
probability,2.5,0.75,0.1,0.9,21.710526315789476,37.82894736842105
probability,2.5,1.0,0.05,0.95,21.710526315789476,37.82894736842105
probability,2.5,1.0,0.075,0.925,21.710526315789476,37.82894736842105
probability,2.5,1.0,0.1,0.9,21.710526315789476,37.82894736842105
probability,2.5,1.0,0.125,0.875,21.710526315789476,37.82894736842105
probability,2.5,1.25,0.025,0.975,21.710526315789476,37.82894736842105
probability,2.5,1.25,0.05,0.95,21.710526315789476,37.82894736842105
probability,2.5,1.25,0.075,0.925,21.710526315789476,37.82894736842105
probability,2.5,1.5,0.025,0.975,21.710526315789476,37.82894736842105
probability,2.5,1.5,0.05,0.95,21.710526315789476,37.82894736842105
probability,2.5,2.0,0.025,0.975,21.710526315789476,37.82894736842105
probability,3.0,0.5,0.025,0.975,21.710526315789476,37.82894736842105
probability,3.0,0.75,0.075,0.925,21.710526315789476,37.82894736842105
probability,3.0,0.75,0.1,0.9,21.710526315789476,37.82894736842105
probability,3.0,0.75,0.125,0.875,21.710526315789476,37.82894736842105
probability,3.0,0.75,0.15,0.85,21.710526315789476,37.82894736842105
probability,3.0,1.0,0.05,0.95,21.710526315789476,37.82894736842105
probability,3.0,1.0,0.075,0.925,21.710526315789476,37.82894736842105
probability,3.0,1.0,0.1,0.9,21.710526315789476,37.82894736842105
probability,3.0,1.0,0.125,0.875,21.710526315789476,37.82894736842105
probability,3.0,1.25,0.05,0.95,21.710526315789476,37.82894736842105
probability,3.0,1.25,0.075,0.925,21.710526315789476,37.82894736842105
probability,3.0,1.25,0.1,0.9,21.710526315789476,37.82894736842105
probability,3.0,1.5,0.025,0.975,21.710526315789476,37.82894736842105
probability,3.0,1.5,0.05,0.95,21.710526315789476,37.82894736842105
probability,3.0,1.5,0.075,0.925,21.710526315789476,37.82894736842105
probability,3.0,2.0,0.025,0.975,21.710526315789476,37.82894736842105
probability,3.0,2.5,0.025,0.975,21.710526315789476,37.82894736842105
probability,4.0,0.5,0.05,0.95,21.710526315789476,37.82894736842105
probability,4.0,0.5,0.075,0.925,21.710526315789476,37.82894736842105
probability,4.0,0.5,0.1,0.9,21.710526315789476,37.82894736842105
probability,4.0,0.75,0.125,0.875,21.710526315789476,37.82894736842105
probability,4.0,0.75,0.15,0.85,21.710526315789476,37.82894736842105
probability,4.0,0.75,0.175,0.825,21.710526315789476,37.82894736842105
probability,4.0,0.75,0.2,0.8,21.710526315789476,37.82894736842105
probability,4.0,1.0,0.075,0.925,21.710526315789476,37.82894736842105
probability,4.0,1.0,0.1,0.9,21.710526315789476,37.82894736842105
probability,4.0,1.0,0.125,0.875,21.710526315789476,37.82894736842105
probability,4.0,1.0,0.15,0.85,21.710526315789476,37.82894736842105
probability,4.0,1.0,0.175,0.825,21.710526315789476,37.82894736842105
probability,4.0,1.25,0.075,0.925,21.710526315789476,37.82894736842105
probability,4.0,1.25,0.1,0.9,21.710526315789476,37.82894736842105
probability,4.0,1.25,0.125,0.875,21.710526315789476,37.82894736842105
probability,4.0,1.5,0.05,0.95,21.710526315789476,37.82894736842105
probability,4.0,1.5,0.075,0.925,21.710526315789476,37.82894736842105
probability,4.0,1.5,0.1,0.9,21.710526315789476,37.82894736842105
probability,4.0,2.0,0.025,0.975,21.710526315789476,37.82894736842105
probability,4.0,2.0,0.05,0.95,21.710526315789476,37.82894736842105
probability,4.0,2.5,0.025,0.975,21.710526315789476,37.82894736842105
probability,4.0,3.0,0.025,0.975,21.710526315789476,37.82894736842105
log_probability,2.5,0.5,0.025,0.975,21.710526315789476,37.82894736842105
log_probability,3.0,0.5,0.025,0.975,21.710526315789476,37.82894736842105
log_probability,4.0,0.75,0.025,0.975,21.710526315789476,37.82894736842105
probability,0.5,0.5,0.0,1.0,21.710526315789476,37.5
probability,0.5,0.75,0.0,1.0,21.710526315789476,37.5
probability,0.5,1.0,0.0,1.0,21.710526315789476,37.5
probability,0.5,1.25,0.0,1.0,21.710526315789476,37.5
probability,0.5,1.5,0.0,1.0,21.710526315789476,37.5
probability,0.5,2.0,0.0,1.0,21.710526315789476,37.5
probability,0.5,2.5,0.0,1.0,21.710526315789476,37.5
probability,0.5,3.0,0.0,1.0,21.710526315789476,37.5
probability,0.5,4.0,0.0,1.0,21.710526315789476,37.5
probability,0.75,0.5,0.0,1.0,21.710526315789476,37.5
probability,0.75,0.75,0.0,1.0,21.710526315789476,37.5
probability,0.75,1.0,0.0,1.0,21.710526315789476,37.5
probability,0.75,1.25,0.0,1.0,21.710526315789476,37.5
probability,0.75,1.5,0.0,1.0,21.710526315789476,37.5
probability,0.75,2.0,0.0,1.0,21.710526315789476,37.5
probability,0.75,2.5,0.0,1.0,21.710526315789476,37.5
probability,0.75,3.0,0.0,1.0,21.710526315789476,37.5
probability,0.75,4.0,0.0,1.0,21.710526315789476,37.5
probability,1.0,0.5,0.0,1.0,21.710526315789476,37.5
probability,1.0,0.75,0.0,1.0,21.710526315789476,37.5
probability,1.0,1.0,0.0,1.0,21.710526315789476,37.5
probability,1.0,1.25,0.0,1.0,21.710526315789476,37.5
probability,1.0,1.5,0.0,1.0,21.710526315789476,37.5
probability,1.0,2.0,0.0,1.0,21.710526315789476,37.5
probability,1.0,2.5,0.0,1.0,21.710526315789476,37.5
probability,1.0,3.0,0.0,1.0,21.710526315789476,37.5
probability,1.0,4.0,0.0,1.0,21.710526315789476,37.5
probability,1.25,0.5,0.0,1.0,21.710526315789476,37.5
probability,1.25,0.75,0.0,1.0,21.710526315789476,37.5
probability,1.25,1.0,0.0,1.0,21.710526315789476,37.5
probability,1.25,1.25,0.0,1.0,21.710526315789476,37.5
probability,1.25,1.5,0.0,1.0,21.710526315789476,37.5
probability,1.25,2.0,0.0,1.0,21.710526315789476,37.5
probability,1.25,2.5,0.0,1.0,21.710526315789476,37.5
probability,1.25,3.0,0.0,1.0,21.710526315789476,37.5
probability,1.25,4.0,0.0,1.0,21.710526315789476,37.5
probability,1.5,0.5,0.0,1.0,21.710526315789476,37.5
probability,1.5,0.75,0.0,1.0,21.710526315789476,37.5
probability,1.5,1.0,0.0,1.0,21.710526315789476,37.5
probability,1.5,1.25,0.0,1.0,21.710526315789476,37.5
probability,1.5,1.5,0.0,1.0,21.710526315789476,37.5
probability,1.5,2.0,0.0,1.0,21.710526315789476,37.5
probability,1.5,2.5,0.0,1.0,21.710526315789476,37.5
probability,1.5,3.0,0.0,1.0,21.710526315789476,37.5
probability,1.5,4.0,0.0,1.0,21.710526315789476,37.5
probability,2.0,0.5,0.0,1.0,21.710526315789476,37.5
probability,2.0,0.75,0.0,1.0,21.710526315789476,37.5
probability,2.0,0.75,0.025,0.975,21.710526315789476,37.5
probability,2.0,1.0,0.0,1.0,21.710526315789476,37.5
probability,2.0,1.25,0.0,1.0,21.710526315789476,37.5
probability,2.0,1.5,0.0,1.0,21.710526315789476,37.5
probability,2.0,2.0,0.0,1.0,21.710526315789476,37.5
probability,2.0,2.5,0.0,1.0,21.710526315789476,37.5
probability,2.0,3.0,0.0,1.0,21.710526315789476,37.5
probability,2.0,4.0,0.0,1.0,21.710526315789476,37.5
probability,2.5,0.5,0.0,1.0,21.710526315789476,37.5
probability,2.5,0.75,0.0,1.0,21.710526315789476,37.5
probability,2.5,0.75,0.025,0.975,21.710526315789476,37.5
probability,2.5,1.0,0.0,1.0,21.710526315789476,37.5
probability,2.5,1.0,0.025,0.975,21.710526315789476,37.5
probability,2.5,1.25,0.0,1.0,21.710526315789476,37.5
probability,2.5,1.5,0.0,1.0,21.710526315789476,37.5
probability,2.5,2.0,0.0,1.0,21.710526315789476,37.5
probability,2.5,2.5,0.0,1.0,21.710526315789476,37.5
probability,2.5,3.0,0.0,1.0,21.710526315789476,37.5
probability,2.5,4.0,0.0,1.0,21.710526315789476,37.5
probability,3.0,0.5,0.0,1.0,21.710526315789476,37.5
probability,3.0,0.75,0.0,1.0,21.710526315789476,37.5
probability,3.0,0.75,0.025,0.975,21.710526315789476,37.5
probability,3.0,0.75,0.05,0.95,21.710526315789476,37.5
probability,3.0,1.0,0.0,1.0,21.710526315789476,37.5
probability,3.0,1.0,0.025,0.975,21.710526315789476,37.5
probability,3.0,1.25,0.0,1.0,21.710526315789476,37.5
probability,3.0,1.25,0.025,0.975,21.710526315789476,37.5
probability,3.0,1.5,0.0,1.0,21.710526315789476,37.5
probability,3.0,2.0,0.0,1.0,21.710526315789476,37.5
probability,3.0,2.5,0.0,1.0,21.710526315789476,37.5
probability,3.0,3.0,0.0,1.0,21.710526315789476,37.5
probability,3.0,4.0,0.0,1.0,21.710526315789476,37.5
probability,4.0,0.5,0.0,1.0,21.710526315789476,37.5
probability,4.0,0.5,0.025,0.975,21.710526315789476,37.5
probability,4.0,0.75,0.0,1.0,21.710526315789476,37.5
probability,4.0,0.75,0.025,0.975,21.710526315789476,37.5
probability,4.0,0.75,0.05,0.95,21.710526315789476,37.5
probability,4.0,0.75,0.075,0.925,21.710526315789476,37.5
probability,4.0,0.75,0.1,0.9,21.710526315789476,37.5
probability,4.0,1.0,0.0,1.0,21.710526315789476,37.5
probability,4.0,1.0,0.025,0.975,21.710526315789476,37.5
probability,4.0,1.0,0.05,0.95,21.710526315789476,37.5
probability,4.0,1.25,0.0,1.0,21.710526315789476,37.5
probability,4.0,1.25,0.025,0.975,21.710526315789476,37.5
probability,4.0,1.25,0.05,0.95,21.710526315789476,37.5
probability,4.0,1.5,0.0,1.0,21.710526315789476,37.5
probability,4.0,1.5,0.025,0.975,21.710526315789476,37.5
probability,4.0,2.0,0.0,1.0,21.710526315789476,37.5
probability,4.0,2.5,0.0,1.0,21.710526315789476,37.5
probability,4.0,3.0,0.0,1.0,21.710526315789476,37.5
probability,4.0,4.0,0.0,1.0,21.710526315789476,37.5
log_probability,0.5,0.5,0.0,1.0,21.710526315789476,37.5
log_probability,0.5,0.75,0.0,1.0,21.710526315789476,37.5
log_probability,0.5,1.0,0.0,1.0,21.710526315789476,37.5
log_probability,0.5,1.25,0.0,1.0,21.710526315789476,37.5
log_probability,0.5,1.5,0.0,1.0,21.710526315789476,37.5
log_probability,0.5,2.0,0.0,1.0,21.710526315789476,37.5
log_probability,0.5,2.5,0.0,1.0,21.710526315789476,37.5
log_probability,0.5,3.0,0.0,1.0,21.710526315789476,37.5
log_probability,0.5,4.0,0.0,1.0,21.710526315789476,37.5
log_probability,0.75,0.5,0.0,1.0,21.710526315789476,37.5
log_probability,0.75,0.75,0.0,1.0,21.710526315789476,37.5
log_probability,0.75,1.0,0.0,1.0,21.710526315789476,37.5
log_probability,0.75,1.25,0.0,1.0,21.710526315789476,37.5
log_probability,0.75,1.5,0.0,1.0,21.710526315789476,37.5
log_probability,0.75,2.0,0.0,1.0,21.710526315789476,37.5
log_probability,0.75,2.5,0.0,1.0,21.710526315789476,37.5
log_probability,0.75,3.0,0.0,1.0,21.710526315789476,37.5
log_probability,0.75,4.0,0.0,1.0,21.710526315789476,37.5
log_probability,1.0,0.5,0.0,1.0,21.710526315789476,37.5
log_probability,1.0,0.75,0.0,1.0,21.710526315789476,37.5
log_probability,1.0,1.0,0.0,1.0,21.710526315789476,37.5
log_probability,1.0,1.25,0.0,1.0,21.710526315789476,37.5
log_probability,1.0,1.5,0.0,1.0,21.710526315789476,37.5
log_probability,1.0,2.0,0.0,1.0,21.710526315789476,37.5
log_probability,1.0,2.5,0.0,1.0,21.710526315789476,37.5
log_probability,1.0,3.0,0.0,1.0,21.710526315789476,37.5
log_probability,1.0,4.0,0.0,1.0,21.710526315789476,37.5
log_probability,1.25,0.5,0.0,1.0,21.710526315789476,37.5
log_probability,1.25,0.75,0.0,1.0,21.710526315789476,37.5
log_probability,1.25,1.0,0.0,1.0,21.710526315789476,37.5
log_probability,1.25,1.25,0.0,1.0,21.710526315789476,37.5
log_probability,1.25,1.5,0.0,1.0,21.710526315789476,37.5
log_probability,1.25,2.0,0.0,1.0,21.710526315789476,37.5
log_probability,1.25,2.5,0.0,1.0,21.710526315789476,37.5
log_probability,1.25,3.0,0.0,1.0,21.710526315789476,37.5
log_probability,1.25,4.0,0.0,1.0,21.710526315789476,37.5
log_probability,1.5,0.5,0.0,1.0,21.710526315789476,37.5
log_probability,1.5,0.75,0.0,1.0,21.710526315789476,37.5
log_probability,1.5,1.0,0.0,1.0,21.710526315789476,37.5
log_probability,1.5,1.25,0.0,1.0,21.710526315789476,37.5
log_probability,1.5,1.5,0.0,1.0,21.710526315789476,37.5
log_probability,1.5,2.0,0.0,1.0,21.710526315789476,37.5
log_probability,1.5,2.5,0.0,1.0,21.710526315789476,37.5
log_probability,1.5,3.0,0.0,1.0,21.710526315789476,37.5
log_probability,1.5,4.0,0.0,1.0,21.710526315789476,37.5
log_probability,2.0,0.5,0.0,1.0,21.710526315789476,37.5
log_probability,2.0,0.75,0.0,1.0,21.710526315789476,37.5
log_probability,2.0,1.0,0.0,1.0,21.710526315789476,37.5
log_probability,2.0,1.25,0.0,1.0,21.710526315789476,37.5
log_probability,2.0,1.5,0.0,1.0,21.710526315789476,37.5
log_probability,2.0,2.0,0.0,1.0,21.710526315789476,37.5
log_probability,2.0,2.5,0.0,1.0,21.710526315789476,37.5
log_probability,2.0,3.0,0.0,1.0,21.710526315789476,37.5
log_probability,2.0,4.0,0.0,1.0,21.710526315789476,37.5
log_probability,2.5,0.5,0.0,1.0,21.710526315789476,37.5
log_probability,2.5,0.75,0.0,1.0,21.710526315789476,37.5
log_probability,2.5,1.0,0.0,1.0,21.710526315789476,37.5
log_probability,2.5,1.25,0.0,1.0,21.710526315789476,37.5
log_probability,2.5,1.5,0.0,1.0,21.710526315789476,37.5
log_probability,2.5,2.0,0.0,1.0,21.710526315789476,37.5
log_probability,2.5,2.5,0.0,1.0,21.710526315789476,37.5
log_probability,2.5,3.0,0.0,1.0,21.710526315789476,37.5
log_probability,2.5,4.0,0.0,1.0,21.710526315789476,37.5
log_probability,3.0,0.5,0.0,1.0,21.710526315789476,37.5
log_probability,3.0,0.75,0.0,1.0,21.710526315789476,37.5
log_probability,3.0,1.0,0.0,1.0,21.710526315789476,37.5
log_probability,3.0,1.25,0.0,1.0,21.710526315789476,37.5
log_probability,3.0,1.5,0.0,1.0,21.710526315789476,37.5
log_probability,3.0,2.0,0.0,1.0,21.710526315789476,37.5
log_probability,3.0,2.5,0.0,1.0,21.710526315789476,37.5
log_probability,3.0,3.0,0.0,1.0,21.710526315789476,37.5
log_probability,3.0,4.0,0.0,1.0,21.710526315789476,37.5
log_probability,4.0,0.5,0.0,1.0,21.710526315789476,37.5
log_probability,4.0,0.5,0.025,0.975,21.710526315789476,37.5
log_probability,4.0,0.75,0.0,1.0,21.710526315789476,37.5
log_probability,4.0,1.0,0.0,1.0,21.710526315789476,37.5
log_probability,4.0,1.25,0.0,1.0,21.710526315789476,37.5
log_probability,4.0,1.5,0.0,1.0,21.710526315789476,37.5
log_probability,4.0,2.0,0.0,1.0,21.710526315789476,37.5
log_probability,4.0,2.5,0.0,1.0,21.710526315789476,37.5
log_probability,4.0,3.0,0.0,1.0,21.710526315789476,37.5
log_probability,4.0,4.0,0.0,1.0,21.710526315789476,37.5
rank,1.0,1.0,0.0,1.0,21.710526315789476,37.5
probability,0.75,0.5,0.1,0.9,21.38157894736842,47.69736842105263
probability,1.0,0.5,0.175,0.825,21.38157894736842,47.368421052631575
probability,1.25,0.5,0.275,0.725,21.38157894736842,47.368421052631575
probability,2.0,0.5,0.525,0.475,21.38157894736842,47.368421052631575
probability,1.0,0.5,0.15,0.85,21.38157894736842,47.03947368421053
probability,1.5,0.5,0.35,0.65,21.38157894736842,47.03947368421053
probability,2.5,0.5,0.625,0.375,21.38157894736842,47.03947368421053
probability,0.5,0.5,0.05,0.95,21.38157894736842,46.71052631578947
probability,1.25,0.5,0.225,0.775,21.38157894736842,46.71052631578947
probability,1.25,0.5,0.25,0.75,21.38157894736842,46.71052631578947
probability,2.0,0.5,0.475,0.525,21.38157894736842,46.71052631578947
probability,2.0,0.5,0.5,0.5,21.38157894736842,46.71052631578947
probability,1.5,0.5,0.325,0.675,21.38157894736842,46.381578947368425
probability,0.75,0.5,0.075,0.925,21.38157894736842,46.05263157894737
probability,1.0,0.5,0.125,0.875,21.38157894736842,45.723684210526315
probability,1.25,0.5,0.2,0.8,21.38157894736842,45.723684210526315
probability,1.5,0.5,0.3,0.7,21.38157894736842,45.723684210526315
probability,1.0,0.5,0.1,0.9,21.38157894736842,44.73684210526316
probability,0.75,0.5,0.05,0.95,21.38157894736842,44.40789473684211
probability,0.5,0.5,0.025,0.975,21.38157894736842,42.43421052631579
probability,2.5,0.75,0.475,0.525,21.38157894736842,42.10526315789473
probability,1.25,0.75,0.125,0.875,21.38157894736842,41.776315789473685
probability,0.75,0.75,0.05,0.95,21.38157894736842,41.44736842105263
probability,1.0,0.75,0.075,0.925,21.38157894736842,41.44736842105263
probability,1.25,0.75,0.15,0.85,21.38157894736842,41.44736842105263
probability,1.5,0.75,0.2,0.8,21.38157894736842,41.44736842105263
probability,1.5,0.75,0.225,0.775,21.38157894736842,41.44736842105263
probability,2.0,0.75,0.35,0.65,21.38157894736842,41.44736842105263
probability,1.0,0.75,0.1,0.9,21.38157894736842,41.118421052631575
probability,0.5,0.75,0.025,0.975,21.38157894736842,40.46052631578947
probability,1.5,1.0,0.125,0.875,21.38157894736842,39.473684210526315
probability,2.0,1.0,0.225,0.775,21.38157894736842,39.473684210526315
probability,2.5,1.0,0.325,0.675,21.38157894736842,39.14473684210527
probability,1.0,1.0,0.05,0.95,21.38157894736842,38.81578947368421
probability,0.75,0.75,0.025,0.975,21.38157894736842,38.48684210526316
probability,0.75,1.0,0.025,0.975,21.38157894736842,38.48684210526316
probability,1.25,1.0,0.075,0.925,21.38157894736842,38.48684210526316
probability,1.5,1.25,0.075,0.925,21.38157894736842,38.48684210526316
probability,1.5,1.5,0.05,0.95,21.38157894736842,38.48684210526316
probability,2.0,1.25,0.125,0.875,21.38157894736842,38.48684210526316
probability,2.0,1.5,0.075,0.925,21.38157894736842,38.48684210526316
probability,2.5,1.25,0.2,0.8,21.38157894736842,38.48684210526316
probability,2.5,1.5,0.125,0.875,21.38157894736842,38.48684210526316
probability,3.0,1.25,0.275,0.725,21.38157894736842,38.48684210526316
probability,3.0,1.5,0.175,0.825,21.38157894736842,38.48684210526316
probability,4.0,2.0,0.125,0.875,21.38157894736842,38.48684210526316
probability,1.0,1.25,0.025,0.975,21.38157894736842,38.15789473684211
probability,1.25,1.25,0.05,0.95,21.38157894736842,38.15789473684211
probability,2.5,2.0,0.05,0.95,21.38157894736842,38.15789473684211
probability,2.5,2.5,0.025,0.975,21.38157894736842,38.15789473684211
probability,3.0,2.0,0.075,0.925,21.38157894736842,38.15789473684211
probability,3.0,3.0,0.025,0.975,21.38157894736842,38.15789473684211
probability,1.25,1.5,0.025,0.975,21.38157894736842,37.82894736842105
