uid,embedding_index
--7-rCNOiK0_1,0
-02y2VaVBmw,1
-03Dju3yPHE,2
-0Oo1kPonYQ,3
-0gxfDidW6U,4
-1AseGWh7vU,5
-1aXmLMzHUI_1,6
-2iGhOnza38_1,7
-37kn1vV9gc_1,8
-3db5Hhn4mI_1,9
-4MbWP5T-cU,10
-5QTvDlGTcs_1,11
-5lgXJQG0EM_1,12
-65ryXubYjo,13
-7IkPH6iIQA,14
-8CjLUfRlbw_1,15
-A1P5WbuNo8,16
-AvE2V_2a-c_1,17
-C18cQCkCcw,18
-DDBcacIfeA_1,19
-DHtnmdlaGk,20
-DsyH0Vd_7E,21
-E1n5hTjako_1,22
-EGNTwA_sEE_1,23
-Em79Yvwac4_1,24
-F7HjAaemJU,25
-HOXFEzH00I_1,26
-H_VzAnfyKk,27
-IInvCVJXas,28
-IKgn_mGZrw_2,29
-It9bwqowig,30
-JYukZxN6wQ_1,31
-JcpfOHc0nE,32
-Jr9EZz7Epo_1,33
-Lnou_Pop1o,34
-MS1EdYqs48,35
-MjxNEvHUFw,36
-N-gNuk_5PQ_1,37
-NAB02gnpgo,38
-NCwiz-skM0_1,39
-NIz596Y27Q,40
-NIz596Y27Q_1,41
-NQKa7Pmhx4,42
-NXGOOSb2sk,43
-NpA8OS_Oj0_1,44
-Oq_e89164c_1,45
-PFwmd8NQgI_1,46
-PGXFLhDfS0_1,47
-QF3_AuexYY,48
-R02rqkyxHc_1,49
-RTVD5tM__A_1,50
-SVSp2VtfRw_1,51
-Sbg5dqo9cQ_1,52
-Tfg5XTzi0c_1,53
-UjDGBnJuQE,54
-V3IfRctpxQ_1,55
-VvuJx-TroA_1,56
-W13ICFg13E,57
-WuiIyEI6JU_1,58
-XHIq_olkt0,59
-ZJNHmctH-g_2,60
-_axtLgdFao_1,61
-_ecaCc5kEM_1,62
-_ozohdfbV0,63
-ayQ9-eEVPk,64
-bUi5WuO58M_1,65
-cw3ySwZG-0_1,66
-erR2LqPMDo_1,67
-i21y0g32n8,68
-i5XH3VNyZc_1,69
-j9UB4-TMdw,70
-js9xT4ze2M_1,71
-kAnMQUsNqY,72
-kNkN1zSAfc,73
-mGXVBz8pfs_1,74
-nITY8LhYgc,75
-ntsKq84BZI_2,76
-oJL0D3n2e0,77
-oLpcbfuNIc_2,78
-oy6L89CeWU_1,79
-p-Uj-p_Gso,80
-pH80nLq8FY,81
-pOaEEbLhEY_1,82
-pc9BOR8QtA,83
-qAGBp1JAh4_1,84
-qEvxlqG6xs_1,85
-qhN2FaYkUc,86
-qzWfnV26kw_1,87
-rahbCV2Pp4,88
-rwYVwVdHns_1,89
-s7h4Re7Atk_1,90
-syzD8b7Uog,91
-tXNpnzr08M,92
-vcgtHff_po,93
-wpVNpcGvFk,94
-x6DzWY7lmk,95
-x6oHEcUExQ,96
-xNmG6y1-9E,97
-y-dWznF2js_1,98
0-pxIcGvk3w,99
01THMylW6Mw,100
01UZKDp47Ao_1,101
03N4I9dc3RQ_1,102
03UqtTd9opc,103
04qLwQo-2MM,104
06C4S0EBhBg_1,105
06FBQEEqthQ_1,106
06lnhzFJMgo,107
06tYXs9inPk_1,108
07jCt4FqQxY,109
08z_-ESgSP0,110
09G-3IZyKrI_1,111
09qovLrSjow_1,112
0AH93vop9YA_1,113
0AUmueBrflo,114
0AW9acHJhNI,115
0BC8wWXW_wc,116
0BOyMqB1KUQ_1,117
0C-nMsdpftw,118
0CUyYc1R3OA,119
0CvaaVM5mNs,120
0DYb-qL1t0A,121
0DYcaZmhlkY,122
0E2yd3OjjsU,123
0EQEGldp9YA_1,124
0F7sYNf4uxU,125
0FHckg-WrEo,126
0G7Xo4NN4fk,127
0GYeM3IGjn8_1,128
0HNvZZloffc_1,129
0IF3Nx6idPQ_1,130
0IQ02IKMzUk_1,131
0IhvPwnhGOg,132
0Kcn-1OPd84,133
0KeSJQiRAgo_1,134
0LXJqXx8dVU,135
0N47JPzl2Ow_1,136
0NMbSbEZ7G8_1,137
0NPpa4rNMoI_1,138
0NUyw07V03g,139
0O7xxbvMct0,140
0OMlCdUKFSg,141
0OxY1muGJhc,142
0PKQWh0-C8o,143
0PQM_cS1Jyg_1,144
0PwKF0pTwpg,145
0QITb6bNnHc,146
0R6qq874H4c,147
0REGTy6eqSc,148
0RIpHMSqV4c,149
0RiCicL3Zg8_1,150
0RlsG9iQ6rk_1,151
0TGJCFJv2iU,152
0ThvAhpHsDM,153
0UyMbBSxbM4,154
0VSRJo2xZfI,155
0VvmrIYSsR0_1,156
0Xhmme0IrvU,157
0YIk1iTjDVY_1,158
0ZMXZUybS9M_1,159
0_3gIUNTp8U,160
0_aBnLgwYuk,161
0_dU4pT_Ch4,162
0cLdo9cL7y4,163
0dz5Em9gsjk,164
0eCFVHc06YA_1,165
0eNooDbmED4,166
0egx6MUyz0w,167
0fKqgIRvg-8,168
0fO9xNyE9eU_1,169
0ggPraT35p0,170
0hEQ8ufcIQU,171
0hZluINun1Y,172
0hhs7A5uf3E,173
0hkuayZghpM_1,174
0i1qCUd3BdM_1,175
0klM2u7dV9M,176
0lrX7s_3ScY,177
0ly7tC51g_o_1,178
0msmxYxchSc,179
0nJrw8f2FLs_1,180
0nVI2GBhbUQ_1,181
0n_FeKAXjUI,182
0oJ_jMGRJCE,183
0oWHR36xnT8_1,184
0p_iET-2TRw,185
0q7mwfrGneM_1,186
0qDR-9wAiXk,187
0rN_yoKLCRw_1,188
0sE5EMDNsDo,189
0t5NaJwemgI_1,190
0tUzIPQ31n8_1,191
0uvuluJqqAM,192
0vbtRdb9zTI_2,193
0vx6xWIEP_0_1,194
0wB165T8JuA,195
0wY8TKOu5z0_1,196
0xVWH6F3Fz0,197
0xrgLBuhXG0,198
0xxg0V8sb3w_1,199
0ykPPmSC3Wk,200
0zTZkTkBAoU,201
0zqOg8HwQiM,202
1-Zz07NcsKM,203
1-wpwyfm1Mg_1,204
10KuxOH6cYM_1,205
11derBixy2I_1,206
12zIYqZt4m8_1,207
14AboByr9GE_1,208
14yNmnzY7X0_1,209
16P4ngMXeLM,210
17ar03dZ7bQ_1,211
17sdVu62Og4,212
181pBJw-eWg,213
18NS94mBGS4,214
18Os6IiQRes_2,215
18Wi03A6brU,216
18bO_HQbsF4_1,217
18f9RKQp4zw,218
18hKLmAVIMg_1,219
1AId61ylQL0,220
1B-XlHxT32g_1,221
1B3HK-qQTHI_1,222
1B_wGNSS-uY,223
1CVlY8md0JI_1,224
1DMSk1W0LSY_1,225
1EoEG8Pvc8Q,226
1F-Blrvtuos_2,227
1FXtTMWGzMY_1,228
1FirQ_71-j0,229
1FnNbApsiHg,230
1G3VZ_HWTWI,231
1GJkBoBf-S0_1,232
1HI4TKdLMOw,233
1IQ2ygYhtG0_1,234
1IZPvJn7an0,235
1Ih8aIET1t8,236
1KCDw7XLgU0,237
1L1W-NyiguQ_1,238
1MKJ9LGRot8_1,239
1MPaj2JcH1c,240
1Mh8DMTca88,241
1N2-vwG1gMs_1,242
1NcamL3P63A,243
1NqEYBhtmZE,244
1O3tCXovrw8,245
1O9PueJaMDw_1,246
1OGWcDShnx4_1,247
1OPTSnDAImg,248
1OZTqBF7fFg,249
1PVMa5B3rMs,250
1QOS_slPJS4,251
1R3n6vTHqzs_1,252
1Rdm3h9voMQ_1,253
1RxiKpQqaJM,254
1SPhtgudjI4_1,255
1STccvjvCKQ,256
1SWHwkSeN5M,257
1SkZMNfDITQ,258
1T-rlcPbebo,259
1TZXeenr980_1,260
1TiirpYN_W8,261
1ULJICYKp4E,262
1VHhWnMU21Y,263
1VMQKUMCDqc,264
1VYE8MAF6yY_1,265
1XEZmymH4e4,266
1XFe7SCIQKw,267
1XGaQTl0iQs_1,268
1XLi2MXWjGc_1,269
1Xr-mIMAgvY,270
1Zy29R7mOcM,271
1_PI2OxnryQ_1,272
1aZYCh3HDZY,273
1d0uOp_sG00,274
1d6PKNBVh04,275
1dsbO78Qh5I,276
1dzqHHOtvXI,277
1eodwdZ3isc,278
1f6OchgCQrE,279
1gZ9QlblgGs_1,280
1h164VbpnFo_1,281
1hBXvK7TuNo_1,282
1hghU7py9HI_1,283
1hzdxU-RztQ_1,284
1iCtgbRsFnE,285
1iZij0vXGiQ_1,286
1iqG_Rkp7f0,287
1js4OwpNYrc,288
1kJrmgJ0EMs,289
1kRjJqOY1q0_1,290
1kasuHeFIuw,291
1lGwbhBsuu4,292
1leH92mkoBI_1,293
1mWlliCFyxM,294
1nnXT-QVPpI_1,295
1ocgYJL04To_1,296
1p0Yw8NfadM_1,297
1pTz3GSNi6w_1,298
1qV27cyAjEY,299
1rPm_3Csg8M_1,300
1rjhkQSKHSI,301
1s1-9Ve6LN8_1,302
1s1kck3BMLM,303
1sZ4BSOC8nc,304
1tA9YYn3oys,305
1tIRnOnG1LI_1,306
1tRmBdfaCwQ,307
1tst7-aazJo,308
1tyx9hWefCk,309
1uQyCwx-fEE_1,310
1uiUwkOZyis,311
1vIbJ1xeH6c_1,312
1vPiHLNlbBw,313
1vj0PwGPGss,314
1vjgq4r7OQs,315
1vpIZUFKZpQ,316
1wTikbR4vsE,317
1wVR6wsoIfw_2,318
1w_bYsmoFKA,319
1wmnjSPpUHs,320
1x9a9JTehm8,321
1xOrQM7AP9g,322
1xTATM3v8k4,323
1yVn9e5zDKU,324
1yd6Uo25Ge0_1,325
1z5RuDOokzk,326
1zOTclxTpZ0_1,327
2-0sLH5bX0k,328
2-6FnMinc3U,329
2-VcJVXUBKw_1,330
2-YiNRKp7xI,331
2-oX2aeeV9M,332
203WGsHFjhI,333
20ZBNdEFT6c_1,334
21Y0f3QHoKo,335
23L4Zan3GuY,336
23kjqyecBwE,337
25Ju8FP3zV8,338
26vEFQYbzvc,339
27q3W_M38Ts_1,340
2AGfP7x3obk_1,341
2BI51rfBot0_1,342
2CbOSGxS80s,343
2Cf1btUy1NI,344
2CjHiFW898s,345
2CrAogKMFeo_1,346
2DAexoF0SsA_1,347
2DspG3QZfrU,348
2EgTWnIIS3Q_1,349
2GL0HkOQVmA,350
2GS4eJRYIi8,351
2HZkAQx4QXg_1,352
2Hp-Yy2Qwn0_1,353
2JY-9q3ehfY,354
2KrNWzeY_dU,355
2LLe-kRAu0o,356
2L_H8HYM5hE,357
2MlaLGpWk74,358
2MvrW4Vw7ZU,359
2NNiSDCb0ek_1,360
2OZj2Tt8dAA_1,361
2Os6w6jmxIg,362
2PcBSQ4A8XM,363
2QrMULTorPY,364
2R_HbT1AO0c,365
2SBugE72qbg_1,366
2UL2iPLFUTE,367
2VUCXrEllWo_1,368
2VssiV_sEIo,369
2WBsjTVGFDw_1,370
2XXjH0ZsdTg_1,371
2XbRuRKOfRE,372
2ZARB_EzwH4_1,373
2ZMZ0wFUmdI_1,374
2bDOqi4YXtI,375
2bxNtdmwWmo_1,376
2c8it0IZnyw_1,377
2cCGTlNYZCQ,378
2cDgDbxkXFE,379
2cNWWG800gc_1,380
2cW9Z4UPvgA_1,381
2dd7JFwQPh0,382
2e5SUxTjVvI,383
2gAXTX3_db8_1,384
2iB4Rwtng94,385
2iWRUv6eMls,386
2ieSeOjAJZE,387
2kHyMlPqHpg_1,388
2kg98yjEHcE,389
2kiOvqNPlEE,390
2lPUKkvlZvE,391
2lX7iTDBWP8_1,392
2mKv8y9bYI0,393
2mZBDcRjP-Q_1,394
2nQwUc_jbRY_1,395
2oHjc0njDdo,396
2oYEEIt4HFs,397
2p00fwBvXEs_1,398
2pjUxRe91qU_1,399
2praG1zS_-c_1,400
2qRR4hQZAdA_1,401
2qV_PsuKKvE_1,402
2tawxaYAZcA,403
2tp3AspW6TA,404
2u2aH81FDWM,405
2uRtqd5Mxmc,406
2vUvW-0XfUE,407
2vdw_PjA8FE,408
2vfL9h_KiJE_1,409
2w6c7g7ZPKo_1,410
2wA4J_9FFIc_1,411
2yDcFJQ3t8Y,412
2yJXBFhvqk0_1,413
2yqiuXXxZ3Y_1,414
2zv3MpREUNA,415
3-JaJnYcae8_1,416
30OIyeGhcQM,417
31IAr_rm054_1,418
31l98A8z-h4,419
32OshNWYUgE_1,420
32SWjSJrL0s_1,421
33mc9fTI8tE_1,422
33nznChivz8_1,423
34UjBeye-E0_1,424
34WMjwYFdsI,425
36-jdo8Gt4o,426
37KfHOkm_mM_1,427
37bLyyxKZKs,428
37i_Xt_w0Rs,429
37z5dnLqYms,430
380a54uCumQ,431
38_FvLAz4Lo_1,432
38hLbeCJAtA_1,433
39tZrKjvdQM,434
3Azhh428me8,435
3BJDzOlCGcc_1,436
3DOyNnKRg0c_1,437
3DSsRKPkiGI,438
3DVy0Znsfj0_1,439
3DeQ1zZ5pjo_1,440
3ETJPlFTcwk_1,441
3EU1DcenjJw,442
3Eq8FeSFJpY,443
3FY7bYQBJ8M,444
3FhNDV9UDzc,445
3FlXNEmG6h0,446
3GlZqV3RSp0,447
3HMUM-9pQj0,448
3I1fwIgGXv8,449
3I2-zG4Ymb4,450
3IHHaKspcfA,451
3KS9SiHwRVI,452
3MeFx_eYZK0_1,453
3MoTC6iB3xQ,454
3MxE482U2Ns,455
3NIFg2ExoMs,456
3NPxIy6OXzg_1,457
3NUcsb2W1OQ_1,458
3OHkLPutuYM,459
3R3KvYV43nQ_1,460
3Rn7sqmjgWo_2,461
3S1RLtVj7PE,462
3SBcHgw6wRM,463
3SIXJfwYlFw,464
3SRihi99gjc_1,465
3SRqBpgSrqI_1,466
3SS49K8MK1w,467
3Sct_ii1-yQ_1,468
3T5RJ1_NFrM_1,469
3TSVb2e1zJw_1,470
3UYC9939yQw_1,471
3VP2rlxefJI,472
3VSNwJnUmdA,473
3WEkK4AaiV4,474
3X2TOqyDgv8,475
3X7DZIiH2ZQ,476
3XCX0YETmuk_1,477
3Y7KPnUv9kA,478
3aJtWIMsFx8,479
3bAW9KtLSXk,480
3bV2PgWlc7M,481
3cluYDK8u08_1,482
3cp85oNRRj8_1,483
3dJCO6ExmY0,484
3e4K5QbywVc,485
3fG2P5D8Jm0_1,486
3fKtgE9aQso,487
3g-VyVR_iyU,488
3gymi4f7hps_1,489
3h4uBHZ4J2Q_1,490
3hIkQEZ923Q_1,491
3hTK036o_F4_1,492
3ir8Rnwx8TY,493
3jg1TpRzkGs,494
3kNaobravCU,495
3kbyPG13anw_1,496
3lMNHGXNQ3Q,497
3muHDD0neyo,498
3n8cKQOSZfM,499
3ncXcBiwveA,500
3nnG7x_qkck_1,501
3pZp4IFQCuA,502
3ppf7DdzKvA,503
3pqDm0UKO14,504
3qKiJRMOzsc,505
3snObAxKXOQ,506
3t63THdE5wM,507
3tFefLfXIn4_1,508
3uHfsQnqReY_1,509
3uW2Y--Yd9U,510
3uyNF9yZCCw_1,511
3v5Id7dDttk,512
3vAxsFOJdVo,513
3vXJ605MFbU,514
3wKsYea6rfs_1,515
3wgPDtFtXWE_1,516
3xKJDf869EY,517
3y-nQO6e5iQ,518
3y4vcRJBNs0,519
3yRZjuvtEd0_1,520
3ymIgijDrC0,521
3zXseLcBn4A_1,522
4--6iRQ6-7A,523
4-LrYNRVVZk_1,524
4-d6EGJjZNk,525
413unEDKRXQ,526
41OGaqeAUMg,527
42CmhRt0ANs_2,528
42WTTq2hqh8_1,529
42axCoiER4s,530
42cPzLjkVEs_1,531
44mCQaeKBVw,532
44ueVmAA5W4,533
46-lhzhJf78,534
461WaV7kRxw_1,535
46EMlBxuYAU,536
46eCCVvkyIc,537
46tD7Du6BNs,538
48ODiLP2VgA,539
49bdeG9jPdM,540
49c0qMhaE20,541
4AMULo6htKw,542
4ANEdd5HfAs,543
4BBTQpBwAXw_1,544
4BNqHj-lQaE,545
4C5snSNt79Q_1,546
4CrR5m-eSIs,547
4EihrPe_PfY,548
4FQuX9bwT2I,549
4FldxWjLykY,550
4GH0wBiRfX4_1,551
4HMKoVmJQ0E_1,552
4I-jm9Ng7YU_1,553
4ILXbXTUUp4,554
4IR40ptGTIU_1,555
4Irn82ukR2M_1,556
4J5r3KmJCPU_1,557
4JLkY7vGCHM_1,558
4JPQ0EUdcbg,559
4K-4FU5l7cY_1,560
4KOdh-2oe8Y,561
4KjtR4PwJVM_1,562
4KttVgLezuY_1,563
4LM1k8KifiY,564
4LndvMQ2dO0,565
4MB7jUMQvac,566
4MDuw5Pj-94_1,567
4NzoLuGTigs,568
4OMY6uJx-O4_1,569
4Os2Hh06GPc_1,570
4P7EFM3C4MM,571
4Q0ANLHhzwk_1,572
4QdYqEbZu8Q,573
4QkxfvOC3go_1,574
4Qm7AgT_VKg_1,575
4RBAWNsG8Hk_1,576
4RNnYGS3E34_1,577
4Ruem9NXrqw_1,578
4SRWa0Z5c8Q,579
4SlMtTeUkEE_1,580
4TLvls1tSgA_1,581
4TXbOxz60R4,582
4TubhVVN1ds_1,583
4TymgqvinvY,584
4UMMRCc0Iak,585
4UvD29cSe1U_1,586
4Vj5NM9KRzY,587
4WDhqg6s8lw_1,588
4WuV_HD-hZ0_1,589
4XFgnsejElI,590
4XYSXKlhpE0_1,591
4ZGhwybcIc0,592
4ZJOFmnUXOI_1,593
4ZhRcyVJKu4_1,594
4aB00bo7A5M_2,595
4accXsYqRnA,596
4aqQ1oxaHVU_1,597
4bEmX9n5WqQ,598
4bUNNgy6hOg_1,599
4bjLAMYZciw,600
4bzRDATIEGY,601
4ee_deI0hZA_1,602
4epyVRUXIWA,603
4f7OqHEUjDs,604
4fOrzw3MpL4_1,605
4fPciu-8Bmw_1,606
4g99hQUlSd4_1,607
4gyV6cLT2o4_1,608
4gzoWw7xiig,609
4hI14OUpXoc,610
4i5RCrOMoZk_1,611
4iLJjksh3C8,612
4imVoSmU5vc,613
4iyCzQFjHV4,614
4joUJiIztMI_1,615
4lQ5qbaS0Gg_1,616
4m7m4ClAPJA,617
4mBsmsNlAco,618
4mzBkoNvj34,619
4nHooc3YAYI_1,620
4oJ4RzPUxyQ_1,621
4oV0XT2-nKE_2,622
4onhprzwUMw,623
4pCZtQ36l1k,624
4qH-OH2VhXk,625
4rworePKeMo,626
4tKpSwmWzRc,627
4uvlneM9L7I,628
4w17tl-wULc_1,629
4w6FgMm-XfU_1,630
4wFoBAr9SJk,631
4xXU89_oMx0,632
4xoxfnCknFc,633
4xykTArwSSg,634
4yEYl3wJ-2g_1,635
4yJrFqyUKuA,636
4zUppDrDP-Q_1,637
5-DDBSyDDqM_1,638
5-Twa3eHlf4,639
5-YpUXKTx2Q_1,640
5-vEsZ3vXPs,641
5-z6W_-oGLA,642
50A9vnIaQNE,643
50Age2AKB6g,644
50ifEC4lOTQ,645
50jD8JNDy1s,646
50rdgc3m1wM_1,647
51zM9pARAnY_1,648
52KfVYsiiXw,649
52PLBwiKgNs_1,650
52TTzIUKAAI,651
52a1sCV-74w_1,652
53Srb_Pjvt0_1,653
53i9PPrlt6o_1,654
543L-qWLyCY_1,655
562GxmYvvsg_1,656
56AJoGhwvLI_1,657
56SnemyXYDM_1,658
575bTm_lAtE,659
57wK5eB74gw,660
58CE934Cxk0_1,661
59fqI8xBVzw_1,662
59i-nVlaygI,663
5AqV_omHThc_1,664
5B0lLJXGREY_1,665
5BpSu2_wXqs_1,666
5BwB9bxmvGY_1,667
5DK7JulpR9g_1,668
5DjHf74Wzyk,669
5Dmdenxy5PQ_1,670
5FInx5vD418,671
5FSC6Og1RBQ_2,672
5G6-x1aI0yI_1,673
5GWUar402WQ,674
5HcRMHu5vNM,675
5IDn1RRczUo_1,676
5ISUVe2dXX8_1,677
5J8efbi3d6A,678
5Joy5x30t6E,679
5Jr5AHU6DQI_1,680
5JrVqdElpw4,681
5MpBZLk82m8_1,682
5MtZYbYZhIo,683
5NZ2WDtePsU_1,684
5NwQvEmIQdY,685
5NyBQ0If_iA,686
5PHRpx9Lqzc,687
5PLTkywHZ50,688
5QEBvIx9U0w,689
5QIrV6DdCG0,690
5QOHsTpMPlM_1,691
5Qu6asXdlFs,692
5RD0XpWkclQ,693
5SkNxNsxu_E_1,694
5TJpvP7Ksbk,695
5TWOGQz75xc,696
5TdjY77NHDE_1,697
5ToU3NVFX_Q,698
5U9kzmEMhoA,699
5Vs-9iTD6nA,700
5WFDWbMDynQ,701
5WjkSj17yjE_1,702
5YO6JToom0U,703
5YiMdn9qyYw,704
5Yw2lTDlGnY_1,705
5ZQ26qxo_qY_1,706
5Z_Rm0W-HgE,707
5Zpf5yMNgc0_1,708
5_XwDbt8TGc,709
5abyQsJRQIY,710
5anbkZmuIaQ,711
5at6UD4G24k_1,712
5b-82ujbB1g,713
5buFHMBPDy4,714
5bwdijeaEjE_1,715
5c0M_nkTsmg,716
5cNi4x3S8RA,717
5cQsAM_VpBw,718
5dKLdjBujo4_1,719
5dPJr4Pent8,720
5dvE8jj59zQ_1,721
5fAIyKZuqjs_1,722
5gyfQ4lGoao_1,723
5j6Yr6SF5fE_1,724
5jDsH5VpFBo,725
5johRx7KP7k,726
5js6qwxEL3Y,727
5ketMObfFu8_1,728
5kpV_69sODk_1,729
5luUUDnqHL0,730
5mMQLQbzvuU_1,731
5mRd9gulCKs,732
5n-rJGblvPA,733
5nM7nJBkrvA_2,734
5naqubp3l2I_1,735
5nlcoXAOqFQ,736
5oIuAvPIeUc_1,737
5ov1E2nBePg_1,738
5oxAsvVFIqs,739
5p0_OOFy_NY,740
5p6D25oVSyI_1,741
5pRxQFocP7I,742
5pYCIsZH-H4,743
5rAIznB2Sg0,744
5reXwGDh438,745
5rku2NSGq94,746
5sQnSTQKZgw_1,747
5sfiu9fyEt8,748
5smQtXAYAKM,749
5uBzL7htLvA_1,750
5udtEzoi0Lo,751
5ul1ArPWA-U_1,752
5uzypvZIzOI,753
5vj022EoOLA,754
5vyTHPBq4Sg_1,755
5xLVmxL3p0k,756
5xmJG9zQ9jw,757
5xpCpxYgLGg,758
5y3eMNykOsA,759
5y87G_irytQ,760
5ye1yjh3Z20,761
5yfuRyFh-qs_1,762
5zBLuemgyH8,763
5zGzPqCNdn0_1,764
5zUlp2QmgiA_1,765
6-puAJsTDRQ,766
60gcpXhOpxg,767
614YmkupYl0_1,768
622-g3xXvgw_1,769
63BPw0sMbtQ_1,770
63LBwsyLl5s,771
63NSXGtnLNQ,772
63ziYT2F6ps,773
64Cdgzetaxs,774
64cEWCYIWDo,775
655X55UP2HM_1,776
65N0VvcXr_Y,777
65whLEBzOCw,778
66XVsuuo9BA,779
672SUsSwn10,780
67RFKb9R-Rs,781
67rzuuIBt2A,782
690vMI8P9Zc_1,783
6AZvFIaf6UU_1,784
6BHgvzr83E8,785
6BxN42ZQweM,786
6CF-GjN1qCs,787
6D-tRJn3T6E,788
6Dzj5-OjQzU,789
6E8c6WGZH_8_1,790
6EeXmMuxrQc_1,791
6GToY6IT_Pg_1,792
6J46Gkv1CzI,793
6JEcTQfX4yI_1,794
6Jc3GEN51ks,795
6KSKyvfyJGs,796
6M1rP2r672o_1,797
6MpvtbLWDbo,798
6MxUXd3IEfM_1,799
6N1X5V0C5d8,800
6NiPfrusu8E_1,801
6OIXmWk9mhY_1,802
6O_VhGkView_1,803
6P3Z2nkQD3c,804
6RB0s_hkY_o_1,805
6RFwCF9xelU_1,806
6SG2o63BKdM_1,807
6SgubmEkZQM_1,808
6T7sRjrH2hU,809
6UUmcqXYDLA_1,810
6UkQusxL7SI_1,811
6X8mSzwuKWw_1,812
6Xyl6CNQ_f4,813
6YLxdNCHGpg,814
6YdDaQpd7-E_1,815
6ZWrFKv-PrI,816
6ZaYY0vo6pk_1,817
6_vArDwgWLI_1,818
6al4AYYeD6A,819
6ao-N2yvDYc_1,820
6aqON2kGdHA_1,821
6bb5IDbiyzw,822
6bhBP3kbyds,823
6buysVt7T14,824
6c8Zy5HvpQQ,825
6d6qF1tF1yk,826
6e0T9ObBi14_1,827
6eCbHVCJ9N0,828
6f0v-e468AI,829
6f5kXjfqcU0_1,830
6gXuMMAxOm0,831
6iHv9-pIldQ,832
6ij6_5cxcfk,833
6ivNgy-ppH8_1,834
6kVsL2YCP7I,835
6l8NQiTrf_M_1,836
6lJS7YqGLVU,837
6m-jzzkuyGM,838
6mdmCIxWWfo_1,839
6nKQbhX9QHo,840
6oKB5PY2M64,841
6oic47Y6lcc_1,842
6pGyXMLfphA_1,843
6q-qrk-VdXw_1,844
6r8MMPO3o9w_1,845
6rTPgPHDnGU,846
6rot7kh6uZ8_1,847
6s4UdZ5D58o,848
6sMzCN4STPU_1,849
6tAfiAYopfo_1,850
6u077PZEv0Y_1,851
6uCWIe3S0tI,852
6wOOntcIJjE,853
6wXGUZtHp5w,854
6x41e1s898c_1,855
6y6ylBP0yc8,856
6zIJ0xpo2xM_1,857
6zvOKDKmWRc_1,858
7-U7JLrcGHo,859
7-b8CgRyOtY_1,860
70EhU8eg6hQ,861
70hVqYWQIpc_1,862
70wTMPGmS-U,863
71MQl0F0_No,864
71ZZmuGbkO8_1,865
71zRPKBG0Sw,866
748qVYC4N1s,867
74CMVSgSmuQ_1,868
76BfFrybs0c,869
76nlaB0l3kk,870
779eNGeW_Fo,871
77A4jL_zT1I,872
77Mi-wPnSZQ,873
780_wVKvhts_1,874
78YXhG9tLvk_1,875
78hb7LPYmDU,876
7AvSjQ7GV3c_1,877
7BK0J1hZ7_Q,878
7ChtWi4wz8E_1,879
7D-_Ilut5Ns,880
7DFNLpdTyc8_1,881
7EAhIFjcLPw_1,882
7EWF3Rsjn6Y,883
7Ef8k8x0ESQ_1,884
7EmJ9RQmT_w_1,885
7F5-fio5ipg,886
7FcFS0hXehs,887
7FmS5KzjtL0_1,888
7FspuW_vgNc,889
7HFTUAIevO8,890
7HfVuSW5Alw_1,891
7Hpx20l91V8,892
7I3kECWTA4w,893
7JXTpPBaS8I,894
7JdpsRQl8eY,895
7KWNMKoNe8g,896
7LIiVsJI6W8_1,897
7LIrmOTBAok_1,898
7LMLwdCweAs,899
7LWzbtBSOi0_2,900
7LXVtTEP_IU_1,901
7Le7IfihZ0g,902
7MBisqj8VbE,903
7MItzb6gz2c_1,904
7MN-nFtrnjs_1,905
7O43NW_PICc,906
7OMdIhQ7zzM_1,907
7OSI0FK-ka8_1,908
7P34KxZ_KLE_1,909
7P9YL1tEnVs,910
7PKlEo-ZLME,911
7R_b_tfp5lM,912
7RjhIe4sKm0,913
7Rl3OaaGNkY,914
7Rq6uvvCPd0,915
7S1IJ8OrInU,916
7SZTGACgaMk_1,917
7TAkooD4Lyc,918
7VB_sLH5j4Q_1,919
7Vn056hXh9U_1,920
7Vn_Dto8Vq4_1,921
7W6zp8la1G4,922
7WLX7jxH84k_1,923
7YQ0D3swwMk,924
7ZQ4WwqhthM,925
7_VrNljOvzI_1,926
7aIfkOrtlBM_1,927
7al_t9swbtA,928
7bb5Lg8QKIs_1,929
7bqtiz4KRnE,930
7c7A8VNHDg0,931
7fO_vanzHOw_1,932
7fdPaEyfc9Y_1,933
7gX_v77CcuU_1,934
7ghzTv4t-MU_1,935
7gjYUfW4BEs_1,936
7h45o7GDrlo,937
7hQwjcb-qlU,938
7iPa6A1bwuE,939
7j8hKnkT0yw_1,940
7kEbmn2BWIA,941
7kHYT1bESao,942
7kHhJbwb-xg,943
7kqD46WoJWQ_1,944
7ktA4sMqKSo_1,945
7n50MsM5c7A,946
7nOhCp26zqo,947
7nTC398KiPM,948
7ob8md8RHzg_1,949
7poFsrrVPVk,950
7qLPwuH3tVw,951
7r-E5BNnbZU,952
7rmoeayLR8Y_1,953
7s75Cr5aSJI,954
7sR29KFzUog,955
7spvXhsm6k0,956
7swvJrXBA3I_1,957
7tUKe_6Lxpk,958
7u54vvW1UKQ,959
7usxzuFAysI_1,960
7vVeFsNN7uA,961
7veKecqLRlM_1,962
7w2Aev6pww0,963
7xT3gRg4lpk_1,964
7zKiKasH-ec_2,965
7zYJmIUn870_1,966
8-KFF8qu6IY_1,967
8-ifVHALpCw_1,968
816BojVf1nk,969
81n3FI_Di84_1,970
83gKsBHpPOM,971
83vmd1I6Q4U,972
83zhg0Uf5jE,973
84G6by8Z7Ak,974
870f18p-XdE,975
88Uj27nX_f4_1,976
88cVTMvw2fw,977
890291gO6Io_1,978
8A3qKZoz1ik,979
8AKc3tUUqso,980
8CfsiPsHoQs_1,981
8CsqDF-3gGA,982
8D3_VYGa8Zk_1,983
8DJVQADbpd0_1,984
8Dx2cvy46lU,985
8EF9j5VqHzw,986
8FU08s4mBkI_1,987
8FkwA1OENww_1,988
8FuV0BKlSrc_1,989
8G5NgkTRK8s,990
8HEymPeiThc,991
8I__oqg4_eE,992
8JwPiK_tqTA,993
8K2LbLuX1_s_2,994
8KHW8o8XZb0_1,995
8L3-sQV1BmU,996
8NUflCsxZS0_1,997
8O-mQYCFWoA,998
8ODE1njkZv0,999
8OS9z5a2VfI_1,1000
8PEVM1nTgqg_1,1001
8TKDYaZqEFA,1002
8TXKaIN4emc_1,1003
8Tsv4klWWuY,1004
8UMcB8ZkgTk_1,1005
8VeV3_Y6Olw_1,1006
8W0rN_UGUDM,1007
8WAJ_vejYOo,1008
8WNV-TgaJTs_1,1009
8WOkDhrU_Rg,1010
8ZD3FvK3NYY_1,1011
8Z_T-zrBEr8,1012
8Zq6uAa16MQ_1,1013
8_1PBGMAj9w_1,1014
8arkJfd_jyQ,1015
8axJ8fy9vI4_1,1016
8bC_BlQw_eQ_1,1017
8biyNZmIKsk,1018
8c6jcLTId-8_1,1019
8cz9vIAyOPE,1020
8eae5jZQ1zo,1021
8edWFVV1lo4,1022
8fqQ2nm3B4Q,1023
8fuKz0wYhWw_1,1024
8gAE5cho4ck,1025
8gOeGenGvfg_1,1026
8gULClzsbQE,1027
8gdHlsqexzI_1,1028
8gg1c5ZzWQc_1,1029
8gs46_Woylk_1,1030
8hLvImVhOJM_1,1031
8hPNnF65IMg,1032
8iMs1y81En0_1,1033
8j0lxGLcgRo_2,1034
8jmBwGIKPmg_1,1035
8lbfynog1yQ_1,1036
8m3p1BEhCUw,1037
8mXwd_VuW1k_1,1038
8m_WUuSGZHg,1039
8m_cHzTpmeY_1,1040
8mb_jgrFdeE_1,1041
8pLSdUH-S5U,1042
8pfW3gmsue8,1043
8r5QmLFv9Jc,1044
8tC5fhomuPw,1045
8tF644BWKNo_1,1046
8tgBgXrOn6Y_1,1047
8ucWkX-wRrk,1048
8vtQX3cugYc_1,1049
8w-jGg00BJ4_1,1050
8wI11m_OvYo,1051
8wgrPnyzpMw,1052
8xNtPv0InYE,1053
8yWcdPX31pM_1,1054
8z04XWMENWY,1055
8z32TzNwU7U_1,1056
8zNQTYikGX0_1,1057
8zVGtdn_NLc,1058
8zg5kbu8ZMA_1,1059
91WkA3SEDpM,1060
9200bHjUzac_1,1061
922S3GXI7eI,1062
92HuQ3Vr13Q_1,1063
933fIHNLS9s,1064
93GUaFv2z84_1,1065
945eoq95GKM,1066
94KSlCCbBf0_1,1067
94r3k7n7oTs,1068
94yey9jGdsE_1,1069
95KlTHhKlmk,1070
96JTPuAvmno,1071
977nahhu-Zk,1072
97UeCMhqWxw,1073
98QpyN3f8ZU,1074
98UHa9YGWMg_1,1075
98wq5RZYq90_1,1076
99N6O7wQL6o,1077
9A6I1vyyc4s,1078
9AR3EYXYTNk_1,1079
9B91YNQuBTg_1,1080
9BJ5ZQixW34,1081
9BMHwqCSjag,1082
9BvwAQ7c9-c,1083
9D6zt9-uP88_1,1084
9E_Rr4c5UUc_1,1085
9FCa_zHS4-k,1086
9GJUdPIquG4,1087
9Gb8falrx1Q,1088
9Gl6dhM-XAY,1089
9GqUoFtKfNE,1090
9HSEWDsdxgI_1,1091
9HpOx_E5Q9Q_1,1092
9IFKjY7Uuw0_1,1093
9JgVee1UGmI,1094
9KMPc_T4bU8,1095
9KZbTecPlh0_1,1096
9LDQGtFRVhI,1097
9LMQNfNdfRQ,1098
9LWMsCmHhaQ,1099
9LXAp02OXko_1,1100
9LjYLI7ma7Y_1,1101
9NyNlhJnyng,1102
9OWi_u40bd4_1,1103
9QPvSQjo2oQ_1,1104
9QYn422W2pU_1,1105
9R8mO744RdM,1106
9RdiJAmwOtw_1,1107
9TAdXqb-qcs_2,1108
9TcOdm_p8dc,1109
9TzR_2DZEKk,1110
9VYxltnFK9k,1111
9VvSEg2LUHw_1,1112
9WpI_sLgb00,1113
9ZFVsuD_DOA_1,1114
9ZaH5h9D4yI,1115
9_PxbDV7BcU_1,1116
9bDbETVM0r4,1117
9bU0eltCrYQ,1118
9bwbusx_8ik_1,1119
9cFEgJEFFB8_1,1120
9cRQJXVdE3I_1,1121
9c_bONRs12w,1122
9e62cz2TIdo_1,1123
9e7G2jc3tso_1,1124
9gARyCGe8sY_1,1125
9gZg_sd9G88,1126
9h1DKNgyPZM,1127
9hfrwKx2js8_1,1128
9hyc0l2c7I4,1129
9in2Hz7k60U_1,1130
9j49KqnHN3s,1131
9jIu7tBsX70,1132
9jYJjEHnKTw,1133
9lETXfWFER8_1,1134
9nYAc6GEbNo_1,1135
9odwds_amPo_1,1136
9oigD1xSV-g_1,1137
9oo3hDRFIhM_1,1138
9pEAebpmkS0,1139
9pRb9SzUagk,1140
9qIeBRYxhjI_1,1141
9qLTvYXHLdU,1142
9qhBPFXW-b0,1143
9qlCI50wdzY_1,1144
9r4aaMyWBvo_1,1145
9r5BkbHQKg4,1146
9rOnDWXhyaU,1147
9sK2PFaxoHw,1148
9tcU1uGTnFo,1149
9tph00_pAf4,1150
9uNB69GAxtk_1,1151
9uSE_BJx1Po,1152
9vvemJ0nr-E,1153
9wsyF_yvjfQ,1154
9xgeOH9Jl9U,1155
9y_XoHypC2Q_1,1156
9yuJzZDgPRw_1,1157
9zh_TIspgro_1,1158
A-DmE3OOAfU,1159
A0JzS62h92w_1,1160
A0fQyTZj4Mk_2,1161
A2flwWtlgdQ,1162
A2t3ucbTnzg_1,1163
A3E7kL78NRs_1,1164
A3QOVwivz4Q_1,1165
A3v05__5wIs,1166
A3vRjp3UwrE_1,1167
A4RELg59BW8,1168
A4s4g4tpDwQ_2,1169
A6OkMmLkj50_1,1170
A6f3QRzvHV0,1171
A7GtKqvxPNA,1172
A7Z8eaNDLGg,1173
A8fPXgxSQ-k,1174
AApcKicSfHU,1175
ABHbs7wII44,1176
ABSyPhV0SCw,1177
ACJG5VeKrvQ,1178
AD8RcVimCyw_1,1179
ADOlYPfw_T8,1180
ADgKP4UpMkg,1181
ADtWeEnpLfY,1182
AEfFAtmkt6o,1183
AEjUapb4Iwc,1184
AF8n5CAR0m0_1,1185
AGADAbFPPH4_1,1186
AGSQnRV3FY8_1,1187
AHrIksqU13s,1188
AJ0UWA48X-g,1189
AJ0hvy4jJXY_1,1190
AJyoUbv1lzs,1191
AKpYk0-0v8s_1,1192
ALdikJXEJtc,1193
ALw4b7WFOR4_1,1194
AMSxEvyhESk,1195
ANfL9O6wy4Y,1196
ANgOOb951fE_1,1197
ANxPvptCW6w_1,1198
AO9vAsL-gXg,1199
AQ_ba6r2-YM,1200
ARS_u1Op3gw,1201
ARSm5la19W4_1,1202
AUnzt1FRoRk,1203
AUqBZl760Lg_1,1204
AV6KYwLsbfY,1205
AVjyszuck8E,1206
AW-lxiaveRY,1207
AWMcypBB9WY_1,1208
AX7RoHSCLPk_1,1209
AXkvz_N39pg,1210
AXzNbOMMZ6Y,1211
AY5ZDfd57vc,1212
AYTEzWH7BYY,1213
AZ71WPBDNuM,1214
AZBsekRB7zY_1,1215
A_ghucv_daw,1216
Aa8BKFLPRYs_1,1217
AaHFB_q7AO0,1218
AaHmdX-mi5s,1219
Aahly6_Ya3w_1,1220
AbYawF3ki0k_1,1221
AcAbORUCKbM,1222
AclEDgleQ6M,1223
AdV7Zn6p0yg_1,1224
Adn8_szuH5A,1225
AectM0u3HLI_1,1226
Aeq2jo3tSdA,1227
AfgaiVsTy_k,1228
AfzXlh8OgnI,1229
AgAIB4T8Z04,1230
AgB-ICcX7Fg,1231
Ah8zB8BQYek,1232
AhDjpH0xZAU,1233
AjSoS7r4qJI_1,1234
AkDOjtOtGGA_1,1235
AkY2zmS18v0,1236
AmPGr5AueGI_1,1237
AmbZ5vym81g_1,1238
AnzLnEIXCI4_1,1239
Ap36VoRZatU,1240
ApkQwiV28bY,1241
Aq_A-TmNfwk,1242
ArXzUJR5Vic,1243
ArcfZOVJyc4,1244
ArrUPiaqzHA,1245
AuCxXmjvztU,1246
AuTgOkqjmKs,1247
Aup_XGd3EqQ,1248
AygZ8ATgf_c,1249
AzOpSq_iZCo_1,1250
AzVqMQPhOWI_1,1251
Azhplpvwi6Q,1252
B0JKoyG_q0g,1253
B0eoeNCs3RI_1,1254
B1plqHKGoW4_1,1255
B2JFlPUsxQY,1256
B2eH7OwcKQ0,1257
B34E37rWGWA_1,1258
B34fwmoOvvI_1,1259
B3ViGdozfp4,1260
B4Anc1i1S1E,1261
B4_sWGyQgrA,1262
B5Qtp_-1gmo_1,1263
B6UQh9WuYAY,1264
B6XbxlOZXm4_1,1265
B6dVHrpiFws,1266
B71wV1k7n4M,1267
B9gcbXjMQwg_1,1268
BAuCEJ4uKgE,1269
BCVSsSZSqm4,1270
BD-PPGZahtU_1,1271
BD6ADUnsyio_1,1272
BDSIilJRj-4,1273
BDyD3b5IvEA_1,1274
BEBfzPkE3EY,1275
BEEOC2ZXhsg,1276
BFYTOi2N1w8,1277
BGIG-XfX4BI,1278
BGfcBh4woVU_1,1279
BGjmN9lRDH0,1280
BI1IkyUrBT0,1281
BI57SSk_cGU,1282
BIO33uNK_pY_1,1283
BJ_XRbrwsk0_1,1284
BJgvTIe5avM,1285
BLazXqvPnKk,1286
BMsUiLpUFQQ_1,1287
BMzjPIvzVfU,1288
BN8N3UwtL00,1289
BNNY7s6UnX4_1,1290
BNnUgdUKtf0,1291
BPC5XCxTQDE_1,1292
BPWGQ-KcisU_1,1293
BQU7PK2GEw8,1294
BSJyINZgfWY,1295
BS_TcCb8q0s_1,1296
BSztT4FmVvg,1297
BT9rDLe3e_8,1298
BU67b7LtyE0,1299
BUOXpYbLzTI_1,1300
BUdAJ_WWdxo_1,1301
BUt4lIrC0E8_1,1302
BUv48pwD90o,1303
BVtBleg0HgA,1304
BVyAGCPGC9I,1305
BWKieNmLY2c,1306
BWWtThOnwkE,1307
BX15HPM6TzE,1308
BXw0xmFB8pQ_1,1309
BYY1nIP7J-E,1310
BYnUpQfk3Ts,1311
BaDaIkw-dmQ,1312
BaXoF_r5D4w,1313
BauK2i6mmK4,1314
Bc5uO2zRNJA,1315
Bc_Km33uz74,1316
BdQCN4niLds,1317
BdxydPFxfAA,1318
Bf2FG9YBics_1,1319
Bh9e-exemes_1,1320
Bir6ea5EZ1c,1321
BkPmz2DBMEo,1322
BlV_8p_hgLA_1,1323
Bl_SheTtSt0,1324
BmNYiO_-qFU_1,1325
Bmq6b73OAQ4_1,1326
BnRQjGF_dIc_1,1327
BnTXPFA6gHA_1,1328
Bo35LBOce64,1329
BoTn3ZPqyjk_1,1330
BpDvz3q-6pU_1,1331
Bpg2wRBxGPI_1,1332
BpheOwGP6ZE_2,1333
BqgTzj7IeZ0,1334
Bqq4Ir8T9Og_1,1335
BrDv3nkZnCE_1,1336
Brqv7-rpdTQ,1337
BtseOFOQ9j8,1338
BvOKe8KiGPU,1339
Bw8_jmAk28w_1,1340
BxxS_OuUUv4_1,1341
BzQFZNqQVsc_1,1342
BzgPNh4W3GI_1,1343
C-rIgD-yIvg,1344
C0UywICFPWw_1,1345
C0znUIY2osY,1346
C15CAFPqP9g_1,1347
C201-UUFUDg,1348
C2FMG7QWfCo,1349
C34PxLKD8OM_1,1350
C39QX6etLxw_1,1351
C5DI23vAhYo_1,1352
C5lKWeivlFY,1353
C6Lf2U0ZDmQ_1,1354
C6NYbD05HIo,1355
C7tQarNFXJo_1,1356
C7zW-Cuv3tU_1,1357
C8NKSCbnodM_1,1358
C9ZLmgNDV_Y,1359
CAKl640s6UE,1360
CBXCId8jHAA,1361
CBdApLFUzYs_1,1362
CBgYsD9T-uI_1,1363
CD7q4E7thng,1364
CDd6olbtjWE,1365
CEHCaHC8hK0,1366
CELYbb3X9fk,1367
CEsvPmZQ7c4_1,1368
CGNDUJWk96I_2,1369
CGWUtV3bpgc_1,1370
CH_cyrmtUd0_1,1371
CHt94rpZVOI,1372
CKCqZpXdLU4_1,1373
CKRWnL9qBDo_1,1374
CKkHv_YeHWU,1375
CLjivq1wW6E,1376
CLxxQFQiTic,1377
CNIlm20ulSs_1,1378
CNL5igD7Z9U_1,1379
CNfxuVjZuh4_1,1380
CNnZQINfB8E,1381
CO-YipjVoj4_1,1382
CPPp4bkc2M0,1383
CPitVthnjH4,1384
CPzNAqruek8,1385
CR2NKbXEI-A,1386
CSY_YI5A3uw_1,1387
CU60FAVcxnc_1,1388
CUNH7UOyYGI_1,1389
CXEDTo1PXCg,1390
CXLZ3svHfGc,1391
CXOPG4pJxDI_1,1392
CX_0sOJ8AiI_1,1393
CXzmFPBwjzs_2,1394
C_7MNhDkut4,1395
C_H7DeMnOQ8,1396
C_HK0uWAt8I,1397
C_VE9wu76So,1398
C_VIItfSFdU,1399
C_pnntfY2qw,1400
CbscRBBGtT8,1401
Cc7VwcMMTqk,1402
CcsJ-D4YAMI_1,1403
Cd0f7fvtGTg,1404
Cdb8BFpFWqo,1405
CeGVf78K8jg,1406
CfFtNMRV6Y8_1,1407
CfNlpbflIQU,1408
CfRFZ0IFp3Y_2,1409
CggX-rNVSxc_1,1410
Cgk-fX-KFhw,1411
Cgs1MibMXJ0,1412
Ci-i1-FzGTU,1413
CjL55F1EpNk,1414
ClLC-JSUEq4,1415
ClwPsyQ5iKQ_1,1416
ClxK5dEsoZk_1,1417
CmAtK2kV6GY,1418
Cn1Q6q6XtMI,1419
CoKtBDPhPbg,1420
CoMoRzQiKm8_1,1421
Codai31kUpE_1,1422
CoxdEUEw9Lw,1423
CpYIKn7qaIY,1424
CpbiUt_BR3U,1425
CqOegR2Dg14,1426
CqbFltbrM-s_1,1427
CqilPDcjxRc,1428
Cqtgx6BSkRk,1429
CrKUKDtOtSw,1430
CsVqdOkFe4Y_1,1431
Csudbq04CV0,1432
CtWGmhj6scQ_1,1433
Ctij9uzbRTU,1434
Ctsn9y9OSCk,1435
CujxTrMxQEw_1,1436
CvB9G9rAoNY,1437
CveKv8LNSOI_1,1438
CvppYfpiXyM,1439
Cw13fIyVSNA,1440
CwdQO_zlNyE,1441
CyV5-k-6JFk,1442
CyY-qOh0k4U_1,1443
Cyn1WPoqLHM_1,1444
Cz3KCbolavI,1445
D-6BxGJ0ru8_1,1446
D-6KziM3_ac,1447
D-DoLPV-QRg_1,1448
D12hlBiVjck,1449
D19X5MhzZcE,1450
D1NuUfSrJq8_1,1451
D2Ayu0l7M78,1452
D2r4zIgoqkg,1453
D3-jY-B3kFo,1454
D38jZfxOtFs_1,1455
D3MeXacclFw,1456
D3USBJo5zLA_1,1457
D4mWoGRHBYc_1,1458
D5jXj8nf-Sg_1,1459
D5ynpqL8HC4_1,1460
D6MP5temHtg_1,1461
D6jjiguTEmI_1,1462
D7hi8QdSnq8,1463
D9jI_HByl1Q,1464
DA0Ma_9R3HU,1465
DAgfV9RRVsw_1,1466
DAhaM4E1wSM,1467
DAkf0SjQpuk_1,1468
DBMZ92qq6fY_1,1469
DBUTlAHjWlI,1470
DCH3d-S6BlI,1471
DCRybq5sYAA_1,1472
DCjd5dJLuF4,1473
DCwA5BuGHa8_1,1474
DD9K1ojKj_k,1475
DDusbrXIyaA,1476
DF_pD6nnqRk,1477
DG2hfDpWdMQ_1,1478
DHihi8AG0ck_1,1479
DJzxcG2JLTA,1480
DMDAXFRPJBs_1,1481
DM_xL10khbo_1,1482
DMaN0jUw3pU,1483
DMxZHUZ7u88_1,1484
DNF5QY7x2Lc_1,1485
DNP9-5px_mA,1486
DNVOzTx47ew,1487
DNk0c1RwBJ0_1,1488
DOHpEalcflo,1489
DPFh6Vtj8nY,1490
DPQ-TcGykDw_1,1491
DPb0Ariw5Ic,1492
DQZ8UEoRnUs_1,1493
DQg2gfZHQ_0,1494
DQstNLzwuNg,1495
DRvjyDqrHq4_1,1496
DSL5R_AGIiU,1497
DSpymhe73eM_1,1498
DSr0qd_JY8w,1499
DTOsm_OuWLM,1500
DTWS5Oy3kcY,1501
DU-odPNLPio_1,1502
DV2QK-flhpc,1503
DVe5knz8gh8,1504
DXj1A4BNsQg,1505
DY9ZAVPwT8o,1506
DZ6eHdrXGC8,1507
DbQXU9hA1AA_1,1508
DbWWsUmMXUA_1,1509
DbfHSSkk3Ss,1510
Dbt8wFNY5RI_1,1511
Dbz-hAaPPvg,1512
DcEY17TDRIw_1,1513
DcJKQkC-JjY_1,1514
DcRRjyNfFJs_1,1515
DdEgmEhWnRA,1516
DfohDPZVlrA_1,1517
Dg95uOLJogg_1,1518
DgF0m14DBG0,1519
Dgq7SU6Khls_1,1520
Dh69YPn9pzU,1521
Dhg5hNpQxQU,1522
DjEe79bR1M4,1523
DkjjHEZzsHE_1,1524
DlLsAg0WL68_1,1525
DlTdx-rVtfo,1526
DpoUiyIlk2k,1527
DqnTDIwMoFc,1528
Dr99eNeltzU,1529
Ds0rhfDqBrM_1,1530
DsIehsrzx7o,1531
DtVx1FUTYaA_2,1532
DtZFOZG8tTQ,1533
DtdeOvkYLo4_1,1534
Dteba6UR1uY,1535
Dvpc0R8CfI0,1536
DwUajipOhHY,1537
DwrOgyG1P7E_2,1538
DxotcbkEnMY,1539
Dy9J-D3RVDw_1,1540
DyoiyeHahko_1,1541
Dywl939W0wU,1542
Dz2avlvSTYQ_1,1543
Dz9dFM4Pg3g,1544
DzL4k1Vy3gc,1545
DzyfpdJYBwg,1546
E1bMcpst-p8_1,1547
E1g2vckJJek_1,1548
E2-FY4q-Kbg,1549
E2FirzckC_U_1,1550
E2GOvDBZhdI_1,1551
E2SKFVvnt0s,1552
E3CEiwzCU94_1,1553
E3IAqXfMjWA,1554
E4A1ApJjUkE_1,1555
E4Kp5d5orgA_1,1556
E4_sAfIiflQ,1557
E4hL5jUFwCk,1558
E4rnCudFi8c,1559
E5mWb7nGYmQ,1560
E5teJWyr2rA,1561
E6-Q2xXxUmc,1562
E6XeodyBzYs_1,1563
E6yxMBZEYhs,1564
E7ASHBd0kDs,1565
E7okhzFRINQ_1,1566
E7upPuPpLIY_1,1567
E8uf2VM3KCo,1568
E91cfQBn8_4_1,1569
E93MkvU8Hs8,1570
E99L8qeeuVk_1,1571
ED7sE5v2jKE,1572
EDDN3o-FX9Q,1573
EDEbbnnbHeo_1,1574
EDX7B93iM9k_1,1575
ED_25-_F0MI,1576
EDxRoZlrq5A_1,1577
EE1cuwsn1IY,1578
EE_BDdMNWTI_1,1579
EEn5WhsNLfA,1580
EF3PXbHGGUM_1,1581
EFBQAgXgXEk_1,1582
EFPl9sfDRkM,1583
EFd9_rQVW6k,1584
EFuaKRVN4Yw,1585
EGt1EA-YBNw,1586
EHWONrQWsVE,1587
EI3Z7yP6_JQ,1588
EIS2HUEopZM_1,1589
EI_dA2lZLds_1,1590
EJ0UG10b714,1591
EJF-HPyHiYE,1592
EJo7NBj1Qx4,1593
EK6tORg211g_1,1594
EKWgFRGdMwU,1595
EKZWNoQFQuw,1596
EKp6wIukZRc,1597
EKr1gGcQlXk_1,1598
ELCvZrWheyk,1599
ELX_Ak3IKgE_1,1600
ENY1YTTzKao_1,1601
EPIpofZRHBY_1,1602
EQ1yzB0YoPY,1603
EQMR3agty8g_1,1604
EQpjjm6rZTw,1605
EQwPLL2v2bU,1606
ERX99VRsSPA_1,1607
EUJyZCB8UoE,1608
EVNgPUE-tys_1,1609
EVs45zQ6mTQ,1610
EW6ZzbkYD9g_1,1611
EWDMPkRnEHI,1612
EWPzum2d02w_1,1613
EWUNJsze6aE,1614
EXEEDnScQ8g_1,1615
EXJmDDFi-5g,1616
EXdh8IAeyUk_2,1617
EXoZ4SeF5as_1,1618
EYWI_5mkrbc_1,1619
EYcuu4ETc4Y,1620
EYhsfoO3_ME_1,1621
EZ9S6g3CBzM,1622
EZpZvb2wicY,1623
EZtR1UdIiBE,1624
E_bwQ8SGo8w,1625
Eakl221Gpsg,1626
Eakrhy1WezE,1627
Eb1zmjEoyGQ,1628
EbmFC4EitxU,1629
EcCzQVbFiwE,1630
EdGBkBi0xQ4,1631
EdGYkgo-nX0_1,1632
EekMLY_SxPo_1,1633
EfIcGuRmc84,1634
Eg7eVi4c11k,1635
EgYYB3nHbyU_1,1636
EgeA95Yf9IQ,1637
EgeuAsy-wmc_1,1638
EgnE1hPwGRs,1639
EhErcUPHNgg_1,1640
Eic6GMcQ9Tc,1641
EilGxC4fZ4g_1,1642
Ejk3rD52uc0_1,1643
EkK_DEi9vog,1644
EkaFWDZrh2E,1645
EkfwGwI4c6E,1646
Ekmr93MXzCE,1647
EktuCHkw7Ss,1648
ElXP4DjT3H8_1,1649
En8MHpUgipg_1,1650
EnH0HaNPtsc_1,1651
EnILR2WEkzc,1652
EnNw43_8YjY_1,1653
Eni6gYBX_-g,1654
EnyO2ToSA20_1,1655
EopinjD2-4I_1,1656
Eoz8FUQDCKY_2,1657
Ep_W1M6FWe0_1,1658
EpxAKEtJbdI,1659
EqGyUaKwRjg,1660
EsvQpLP_28E,1661
EuU5L4V0jsA,1662
EvZvymz1nRo,1663
EvwF_HCmPxY,1664
EwbZoVWQ6II,1665
EwcX2aXTmUQ,1666
ExEPNAW_Zk4,1667
Ey1sb2Mq-00_1,1668
EzA7vpG_mnw,1669
F-NlKJvZ17E_1,1670
F-nZwpViPqM,1671
F0Yx7_4Ox0c,1672
F1AvK4jxMuA,1673
F2SfSlbRkj0,1674
F2oFyH9CkpI,1675
F2qZXlYNo38_1,1676
F3qQXP8EtRs,1677
F6sn_h1Xea0,1678
F7s5GtLbtGE,1679
F7wUQReGNEw,1680
F8ZmweysvHM,1681
F9JOa0fXPI4,1682
F9qYkNV06NE,1683
F9v9eNr0daA_1,1684
F9xcw575Q-A,1685
FAOHczmX7Kc,1686
FCHXqa0qVDo,1687
FCMh8YKvD-8_1,1688
FCNV_86edvI_1,1689
FD8LpV-MqEM,1690
FDV5iLDQiFs_1,1691
FDpm4DIIUqI,1692
FEGl-ICREeE_1,1693
FEi50jcTxxI_1,1694
FFAd29BYBxs,1695
FG0lFws-PWo_1,1696
FGFEkUDv0Xs,1697
FHJGiOwpmJ8_1,1698
FHwjyQeLNuY,1699
FIUecHseRiA,1700
FIYZhJAQ3Qo,1701
FIj5kYw23Og,1702
FKzGaTqUqGY_1,1703
FLG6F5h_LiY_1,1704
FMNrbQN6pX0_1,1705
FNM7gqdOCzQ_1,1706
FNwSw0aI6yk,1707
FP83TXugYq4_1,1708
FPuKLNX3uKI,1709
FQYd1BVpZ54,1710
FR_SoS24QTs_1,1711
FSKTNkpTx5Q_1,1712
FTNGNvDqp-g,1713
FWGaBkksG7c,1714
FX4qWqaO0aE_2,1715
FXDVdq4xfbw_1,1716
FXkWue_0HsY_1,1717
FYU1yAIBMKk,1718
FYxrZhkb5Zc_2,1719
FZ5a1t1hKpw_1,1720
FZFeKGTeQ5k_1,1721
FZrTVPMOSTk_1,1722
F_Bi2czPDcc,1723
F_es2B9Sgo0,1724
F_ssKRakSBs,1725
FathKZe6_LI,1726
FdxGN0ru6F8,1727
FeI5iTWw_6w_2,1728
Fep0HNXm84k_1,1729
FfuRz0AuxMs,1730
FgId5lNxRyM_1,1731
Fgkks8MEUi8_1,1732
FhgAT_pNTIE,1733
FhsR37rUlRo_1,1734
FiEj2MNIRAs_1,1735
Fjx9s0fJjEA_1,1736
FkCaUqcqwpA,1737
FlB4FQhBm5M,1738
FlZ8Xekr-JA,1739
FlaNoLJsw-s,1740
Fls8pLxuhZs,1741
FmDMlXXPl9c_1,1742
FmR82ugp5Ug_1,1743
FnSIbbCAQ3s,1744
FnTehW6ik-Y_2,1745
FogwGS1HzIQ,1746
Fq1Pqke8_pE,1747
FqtbCwFHFrw_1,1748
FrcAMp9yi1k_1,1749
Fty9TY6f37g_1,1750
Fu11XkNRBis,1751
Fu6JYe2kAkg_1,1752
FuP3ROsNQoU,1753
Fw0sNnw7Jd8,1754
FxpR_7U84nQ,1755
G-5rBFFWEIk_1,1756
G-MJMctXHkY,1757
G-xw6dwoiBc,1758
G-zchviTHUI_1,1759
G0Ii_arG_iA_1,1760
G1M2g_Bp2iM,1761
G1kA8fiQM3Q,1762
G1v0EK67zuc_1,1763
G2Lhs-1HRys,1764
G3noibPzJ1w_1,1765
G4VFlxK9srU,1766
G6aKn9zvQ8g,1767
G7LqVtoayeo,1768
G9ClKgFVe4U,1769
G9MUHd-IjF4_1,1770
GAP_IrJE0F0_1,1771
GBvOlmOfz7s,1772
GE77ptzmP6g,1773
GES06kpvMl4_1,1774
GFWW1CO5rf0_1,1775
GGK97cywvBc,1776
GGV55DgjlHM,1777
GGbmYniJ_EM,1778
GH5LgcALHiM,1779
GHDSqpqhyUo,1780
GHEnNurHKWk_1,1781
GHp2q1IoF6I,1782
GIoPLi8lba4,1783
GK1Zc8T40Yo,1784
GKyaVPkBIvU,1785
GLLwgmHVTGM_1,1786
GM5YzHlNbtQ_1,1787
GMAuU7yQo1k_1,1788
GN8sm5YR2kg,1789
GNOV9MdthUU_1,1790
GNULrNz8c64,1791
GOwke9T4QOU,1792
GOxL9etVT9c_1,1793
GPntxbUpP8E,1794
GQaw-x-oXM0,1795
GSMQDwI83aI,1796
GSeKuIBIGWs_1,1797
GTNV1gmJDSk,1798
GUA7UJE53Qc,1799
GWE16XtuLOE_2,1800
GWPzuYBtXA4_1,1801
GWQ3h3xY7os,1802
GWXw1ra-nu0_1,1803
GWn73nB7NsA,1804
GXhOBQRBsb4,1805
GXpfHLOLU_4,1806
GYVZ3VpzJRI,1807
GZSpfYjY3lM,1808
GZTuJ6NMvbw,1809
GZagTSm_qhM,1810
GZq28EIBmQs,1811
GcR4QYxAdmY,1812
Gch0TZZQ_90_1,1813
Ge1eIkRgtJk,1814
GeVnlqGHpEA,1815
GeeCVBhDSKs,1816
Gf-58Ft9qEA_1,1817
Gf4_V9dRgZk_1,1818
Gfmu5xPqDlI_1,1819
GgsIWmqqgoU,1820
Gh-mMyOy1UY,1821
GhK-KsZ6mlo,1822
GhYMzZZMMJw_1,1823
GiOVSFEP2UQ,1824
GjOTwnRW2RM,1825
GjY2iudi9lM,1826
GjqR1Zt5Yjw,1827
GkpQNio4dSE,1828
Gl6b4xJGc5k_1,1829
GleVWSS5dmo,1830
GlsK0Ejjyhg,1831
Gm2HCSz7Jqg_1,1832
GoDqsUZU5yk_1,1833
GoO-VsRxG18,1834
GogzZTi_jfM_1,1835
Gpjn1Iun6CI,1836
GppkFygxOyQ_1,1837
GqCMtSaTMwQ_1,1838
GrNwG3wnIsI_1,1839
GsXkUJU2csA,1840
Gsl-Lhf3-PQ_1,1841
Gt1EHmS3kN0,1842
GtNAGLonyLA_2,1843
GtaZHYq-u_M_1,1844
Gu2kSZvVPUs_1,1845
Gv8Q72yX4Yk,1846
GvXNaIt8FiA_1,1847
GvfT7dP2zhk_2,1848
Gvg-342aMWE_1,1849
Gw8cGxVbFZY_1,1850
GxT75TdGS5E_1,1851
GxrEeXKP7mQ_2,1852
Gy0xJk_gGZ8_1,1853
GyQ1wh7tiaU_1,1854
GybjWmdp4jM,1855
GyhrF2L7s74,1856
GzUACVmJWyc,1857
H-CvK4W6-SM,1858
H-PnLVGWrto_1,1859
H-QyPKHdBpo_1,1860
H-ZAN_q1XtI_1,1861
H0G_jCcuCWU,1862
H0k_c6twr-Y_1,1863
H1BtHoJ_5gs_1,1864
H1Zt1GDnh-8,1865
H2RHQ43Nly4_1,1866
H4L55c2xeMI_1,1867
H4pn0Iqrg8A,1868
H4ymr2I-3P4_1,1869
H5ta0C2Sz2I,1870
H5vUC_UZZfQ_1,1871
H6zu3PFDwnc_1,1872
H84q83Jmhhk,1873
H90EE4ZyShY,1874
H9nx2rpmH04,1875
HB3JdzM5I8g_1,1876
HBz_sjo1RHM,1877
HCLav_Tthvk,1878
HCpfu2Ud4GE,1879
HDx7Jb5t5L0,1880
HE1mqIDP_Ik,1881
HE7cOw_O6cA,1882
HG8PkQFk6po_1,1883
HIZYnYZpipc,1884
HJLgJ0K4-pk,1885
HJVvCxf2J4Y,1886
HK6mbwMGSew,1887
HKlXMGJXHZs,1888
HLCUp2wfqLg_1,1889
HLHBZen5qdE,1890
HLJXFFx-auI,1891
HLLUUMdZkFk_1,1892
HLngaK2mDAo,1893
HMR5t5IGwCQ,1894
HMd3blEQ8g4,1895
HNF-z7j8p0A,1896
HN_Fa-Ow650_1,1897
HPhGTpO7cvc_1,1898
HRUodmwylRw_1,1899
HSEV-Y2g3A8,1900
HSVMcyMhWvI_2,1901
HSxlr1h3TyM,1902
HTLUdvrsUTU,1903
HT_22dYhzpI_1,1904
HToUF5z-YGw_1,1905
HTy7MUaROK8,1906
HUax1aYesBo,1907
HV7L78k5KeE,1908
HWsnuUvNGuM_1,1909
HYVbXUFLsno_1,1910
HZDbJEL4RA4_1,1911
HZJbA05pxEg_1,1912
HZKmJZ3VpIg,1913
HZkFyzvt5LA,1914
HaYoTqtme1k_1,1915
HbU2GkRlLb0,1916
HbZjNSy4OHE_1,1917
Hbj74PbhIzc,1918
Hcp9WsOvexQ,1919
Hdt6acHjd3I_1,1920
Hdvjnsplcx8_1,1921
Hg3An9HPABQ,1922
Hh69480i03w,1923
Hh7uTyKr5ck_1,1924
Hi65fS8-pjc,1925
HiKegjOx1kw,1926
His11C0YFps,1927
Hj28Cttz1Rs,1928
Hj4QeQhtsdQ,1929
HjBMp6eChiY,1930
HjQ5ftX3H1c,1931
Hk0qqXk8-nU,1932
HkPXGBLKhKM,1933
Hkv0JPEwiEE,1934
HlY4I1V3Wn8,1935
HnVaM3dWOO4_1,1936
HnmeVz4t4Xk,1937
HnmjmqSfmPs,1938
HnydoJ4McR8,1939
Ho8vUmQ7Y1s_1,1940
Homd_Xpbpac_1,1941
Hoyh1m0u62U,1942
HpwU9tXDfpM,1943
HqCWS-Gh9zY,1944
HqEam06JRKo,1945
HqsZI1n6pGU,1946
HsgYLaLxP5o_1,1947
Ht6fXw6roFc,1948
HtG9j-D3n8c,1949
HuPD22JS5QA,1950
HufgJPpb1kQ,1951
Hv3CUeYzFGk,1952
HvwdD5t8Llo_2,1953
HwgChfSHtlI,1954
HyYH_y65nQs_1,1955
HymdtSakcww,1956
HyqvSSccYGM,1957
Hz77BEDzZ-E_1,1958
I1i5r5rd7vI_1,1959
I1pC7URd7qM_1,1960
I2q6piLBbPo_1,1961
I3_S8sTuQT0,1962
I3haAOluERo,1963
I4ZsuU5C6aw,1964
I4pibKfr0jU,1965
I5A2blkb1T8_1,1966
I5GA0QFoDos_1,1967
I5IcpZp0BfE,1968
I5Nw8MVpZt8,1969
I6kZM0sKraQ,1970
I77KHj-yyWQ,1971
I8TH3Ef1yls_1,1972
I9OiCuVT6TQ,1973
IA-RnnxesfI,1974
IATnhKazi7g,1975
IAd2idq-iPI_1,1976
IB4I1T_sQxo,1977
IBYqJ-C2FsA,1978
ICWffEGAP5Q,1979
ICiBChM7NL0_1,1980
IER9rPq_O8o_1,1981
IE_CEe3ZkCI_1,1982
IGNLe81lZ-M,1983
IGR8WsvfoXs,1984
IGogDBcwAnU_1,1985
IGsDuTIs2ZU,1986
IGuFuS-aMpo,1987
IH3kcXKQgt4,1988
IIkkBf5KDmg,1989
IItJ7hdAf_g,1990
IL9zmsdJg5g,1991
ILXJO86NsG8,1992
ILinyrxnsEs,1993
ILv9XMPLqoo,1994
IMZb4D-ulNs,1995
IMlXe5o44pc_1,1996
IMzhNeb2ziQ_1,1997
INYvz3YRvT4,1998
INdSYgk8Ed0_1,1999
IO-b4Lt249Y,2000
IO0nQfhpxh8,2001
IOS2_Xy4yg0,2002
IOUl-SHyP4Y_1,2003
IOaZtwg1czk_1,2004
IOcKAmXpVUA,2005
IOp7Ml6b4sk,2006
IOz0Yx8IpHU_1,2007
IP9M9Q_sJlU_1,2008
IPRNWTt4NDY_1,2009
IPUJ9bHGQgM,2010
IQS9ORLYumE_1,2011
IQdo3niLRus_1,2012
IRT4-x0KYrI_1,2013
IRUYQfpLjhY,2014
IRmlHHtW_Q0_1,2015
IRpEcHFlSk0_1,2016
ITV9-ymtK_M_1,2017
ITnvvRnzDsI_1,2018
ITtZaBbXqyE_1,2019
IUj1aN_hzQ8_1,2020
IUxURsL66jY,2021
IVY4EYIVHMI,2022
IWBVW-QyFEw,2023
IWCiPFCUzI0,2024
IWWZql-w610,2025
IWxnrliK3Mk_1,2026
IYf_zhHRbWw_1,2027
IZ5P9dAvZ5A_1,2028
I_TQyqgYvoA,2029
Ic7hCwzP2PI_1,2030
IctKxBrrjJI,2031
IdF3Z-HI8QY_1,2032
IdTIbvWgePA,2033
Idb2wQQ85ho,2034
Idc4ADhTayI,2035
Idq3nOcunPw,2036
IdrYzD-b0MU_1,2037
IeGTCdw-lFQ_1,2038
IfL2BoxCI_U_1,2039
IghFboP-goM,2040
IgilYoGrZlg,2041
IhUPDOGqMaw,2042
IhoXleQ5yy8_1,2043
Ii2bgYmdoQo,2044
IiAx8ef2Rwo,2045
IihwJw1jkfA_1,2046
IijA65GKXKc,2047
IioAwnwu91s,2048
IjJkyhtkX58,2049
Iji2l3tYxHc,2050
IjyH501MJjY_1,2051
IkEVVymlfjk,2052
Ika-iBJ4-Ns,2053
IkmV2lTGHL8_1,2054
Il9Z5pMnfDo,2055
IlFz5jLv0HA,2056
IlO3fdD1Ytk,2057
IljBrnpRkLI,2058
IommKlI9JqQ_1,2059
IphLasWnRHk_1,2060
Iplh792WyLM,2061
Ipvw2kyzr_w_1,2062
IqAQQves3xE,2063
IqVx7zjG9s0_1,2064
Iqjt_znBgeE,2065
Ir-Qe2kkROw,2066
IsvFw88fne8,2067
ItV99Fhz1X8_1,2068
ItvaPW9FnxE,2069
Iu0WhShkyw0,2070
Iu1aKegaeek,2071
IuIV6N8k4Ik_1,2072
Iub1Yb-tOAI,2073
IvHyCTGWTOc,2074
IvWnYjnrMZg_1,2075
IwjaiMCqRSk,2076
IxDZyvc3cRM,2077
IylKyQ_81Zo,2078
Iz9sVAKjbMU_1,2079
IzIT4zP2sTU,2080
J06ynDbTJDY,2081
J0D4SC4WJQQ_1,2082
J0Jx4BIuGn0,2083
J0OaU0o7cL8,2084
J0vgYiSZ0Zk_1,2085
J36iHjTW6Jo,2086
J3BJa0TWc8U_1,2087
J4G3ltp807A,2088
J6YkOCzKPpA_1,2089
J79s05Z0NZ8,2090
J7Bq-xjpcvs_1,2091
J81k9pkL1tg,2092
J84aAikfD88,2093
J9ZYf-S-gNI,2094
J9rhbSDTm4w_1,2095
JAoQ3a0DIXQ,2096
JAvrviPNIOI_1,2097
JBO4vOeqQxs_1,2098
JC80hJOObmg,2099
JD1NFsUtYrg_1,2100
JDFAUSbxIhk_2,2101
JDvfWq3CAAU_1,2102
JE_6hkeERgY,2103
JFVB97UDh6o,2104
JFrHbTIRXp0_1,2105
JG9WnZMN5ZA_1,2106
JGDj06htv-A_1,2107
JGiAZZ8byeU_1,2108
JGmPOUUxRzE,2109
JHK7flaSzzM,2110
JHh44ooGaY4,2111
JHyzbf0wbL0,2112
JIm7aysFevs_1,2113
JJ2y6sfvlUA_1,2114
JJ4iKa2vdoM_1,2115
JJamPbb5o_A,2116
JKKejwob7W8_1,2117
JLwyU0Pd35Y,2118
JMafDHZmr8s_1,2119
JN0xDQF2NWs,2120
JO6xA9yQgUA,2121
JPGOxP4NRRw_1,2122
JPvEO-Q1N08,2123
JQ0W7D0nvlY,2124
JSEGoqKaQM0,2125
JSf7HjXTT78_1,2126
JSgfX7o3cCI_1,2127
JTfbRXxg4mU_1,2128
JUMBB2W1Q94,2129
JVplYs4HTtE,2130
JW9yPJ2REK0_1,2131
JWG3G2AfAO4_1,2132
JWbMe5M36V8,2133
JWsKWK1W9q4_1,2134
JXkN1Nb0WmI_1,2135
JXtbhw70wpY_1,2136
JYvB-eiJP-I,2137
JZLbNmS3Lu4_1,2138
JZRAOigBYnM,2139
JZtlpCJqR-M_1,2140
J_iH6uAoAJM,2141
Jarh1WMa868_1,2142
Jaw_nTMEwzY_1,2143
JbG_KfmEYm4_1,2144
JckFhrO4KD0_1,2145
Jd-pxhXGefA_1,2146
Jd3to2MXy6s,2147
Je-ZDJTfVsw_1,2148
JeJLv2tM3nY_1,2149
Jedn1-9fyXw,2150
Jh4PPOr7tjo,2151
JiPwL-4i6Uo_1,2152
JjDVZDpPjbc,2153
JjQDPdI82Tw_1,2154
Jm23ZwhmPlQ,2155
Jm2j6rZhGXo,2156
Jm8OXSwWnCY,2157
JmBmx8jNivk,2158
JmPgvxIFzGE,2159
JmsjCb19HB4_1,2160
Jn9jwPcSKag,2161
JqBJjFOxuLk,2162
JqUNaUjxigE,2163
JqZFdQuy3QU,2164
JqwXMlzSPoM,2165
JsdNgRcC4wU_1,2166
JtWmt2W6g-4_1,2167
Jtk0QePDuds_1,2168
JtykP_hFReg,2169
JumxHKPgPsw,2170
JvZwKXBG8sQ_1,2171
JwE82vJ5lF4,2172
JwvgzR8JBQw,2173
JxiY9s8T8eg,2174
JyAbrgrmXFQ,2175
JybAScc2Ppo_1,2176
JzyZDgP62tM_1,2177
K-cAmlbGqqE_1,2178
K0EyqFbG2N0_1,2179
K0VsSQMEtMU,2180
K1N6oh0nYvo_1,2181
K3pj5alsYHc,2182
K4bb2bBt1uY,2183
K5K6_yItMbc,2184
K5qR4GaiYqc,2185
K5xvRicYsgQ,2186
K9BFoOaBA18_1,2187
KAkggm-5ApA_2,2188
KAsaLUHY0y4,2189
KAyF64u5G0w,2190
KB2cTekqy38,2191
KBfrB3Kx5Kw_1,2192
KCFYiQAly-Q_1,2193
KDUJ4CR6_dE,2194
KD_mAE7nypI,2195
KEa28LtX2W4_1,2196
KEcsIGtSp88_1,2197
KG_OHYYtnoQ_1,2198
KGd-YJ5cDTM,2199
KHbIUov_fKY,2200
KIoc3qEV7No_1,2201
KJl7MI-S9ag_1,2202
KKOqbdFgAgo,2203
KKPPaj3WuIM_1,2204
KKXbxgBsRoQ_1,2205
KKfE1JlLal8_1,2206
KLWmJJC8WvA,2207
KLpXMM5NiYQ,2208
KMAl51jbqD8_1,2209
KMB0F5vWexE_1,2210
KN6wMRGjxGk,2211
KNYxG5Owm6Y_1,2212
KNZbdGWxDfw,2213
KNepaNAPVHM,2214
KNshT57aEW8_1,2215
KO4tS6VabH0_1,2216
KOn9NUTFkp8_1,2217
KP83EtWUOqQ_2,2218
KPIxtz5y-AQ,2219
KRiQ8XKAhxY_1,2220
KRnfvBZ_V14,2221
KTCV2tyighk_1,2222
KTNP8wR6a_I,2223
KU3jXLCl5ng,2224
KVIEAqtUyxE_1,2225
KVe4agrfeOA_1,2226
KVhmMplAyTE_1,2227
KVnMqcijBkQ_1,2228
KVxHxFu6C1U,2229
KXNl6DtK84A,2230
KXnSguJGdN8,2231
KXzzVhXY0F4_1,2232
KYU0N1_c7so_1,2233
KYWyFwglnCE,2234
KYknqu3Sq8o,2235
KYqKLRfxPQs_1,2236
KZkI_RcaNjI_1,2237
K_d8eu4SgG0_1,2238
K_lfla-AAV4,2239
KbF95Py-dZI,2240
Kb_ozOWxAfQ_1,2241
KbmqszvRUmQ,2242
KcJguZ4bFWU_1,2243
KcNbuobK5GI,2244
KcxcXM11Lmo,2245
KfqRU_5sing,2246
Kh30NOSJmBc,2247
KhHs-1AePDw,2248
KicAz88jtLU_1,2249
KicV8fyFj2U_2,2250
KjuOnxtgNrs_1,2251
KkLXMOjfW1M_1,2252
KlLTWfYX95g,2253
Km1_9ZLW-w0,2254
Km4I-9zMWD4,2255
KmAO72itjok_1,2256
KnE_y9wziOc,2257
Ko2hEXvMWB4_1,2258
KoMeOserJ2M,2259
KotGJithHPs,2260
KqdHyxm3XDA,2261
Ks0qQY_4_zo_1,2262
KsNrhfiqWHc,2263
KsbMoTA5Rvk,2264
Ksqo7pUZGnM_1,2265
Kt4-ijSTM58,2266
KtYQWbd8c2c,2267
KtjbWweEkKE,2268
Ku52vuQCoak_2,2269
KuG1qosmz1w,2270
KuwgdEpM9Bw_1,2271
Kx46yWsDfrU,2272
Kxj8mG2kNCc,2273
Ky8LfzgWGDU,2274
KzcNcvmdfUc_1,2275
L-u8WLA5E18_1,2276
L0C9pyt3Iv0_1,2277
L0J8OikrRXQ_1,2278
L0dm0QB0XNc_1,2279
L1n0OnAH5YU,2280
L2Kvwf8SEvE,2281
L2skBcrtvU4_1,2282
L37McuHckSI,2283
L3YJkEmPbaY_1,2284
L3zllm-N0pA_1,2285
L42e09-GlGE_1,2286
L4iyGvSJbBU,2287
L4q4_7OOznw,2288
L5LPezmVNTY,2289
L5N6iSUREkg_1,2290
L6opOP8-MB4_1,2291
L77Jvnk92gI,2292
L8RxN_IwuxU,2293
L8btjcJoJMQ_1,2294
L9tJKkCTWfs_1,2295
L9zst1EDfWQ,2296
LAMyZKIAF9c,2297
LAT-u9Ww5ZU,2298
LAxFz0h8jVA,2299
LBHkQz5_AX8_1,2300
LBjLmVz_ae0_1,2301
LCM-nxFhJA8,2302
LCT8D8alG48_1,2303
LEkQofDsLww_1,2304
LEqwMyWAVG0_1,2305
LFAMKxEzB_g,2306
LFFS1Hdq7cA_1,2307
LG9lvVHK-xA,2308
LGWGD0eoxFg,2309
LH_-eRo-vYw,2310
LJDiOMjjmgQ_1,2311
LJErvGH5rVU_1,2312
LJZaMf1NGs0,2313
LKNKVzQj9S4_1,2314
LLRVhSkiGkc,2315
LLZBIVJyAW8_1,2316
LMiCwHGzWWY,2317
LNGTLVpK9pY,2318
LNVUK4DX5GA,2319
LNeQmfpFxKw,2320
LOHFGeu_YVo_1,2321
LOJcAGPKq50,2322
LPASkvwrEhg_1,2323
LRAKP8hKHTs_1,2324
LRgu4y1wgyM_1,2325
LSrto7ULuac,2326
LSysLOgMsG8_1,2327
LUZ-fo_p2eM,2328
LUwTvq8IlG8_1,2329
LVoWdSuY_DA,2330
LVqnqzIAFGg,2331
LVx3EA_f0yo_1,2332
LWiXmjFqjIU_1,2333
LY35ZmX5ZKA_1,2334
LY6maLw5JZg,2335
LYQL5Is2IP0,2336
LYRpKbuXtw8,2337
LYaC4yU2_AE,2338
LZNIKt_FVwI_1,2339
LZXA3I9E1gM,2340
LZheGIIbAGs_2,2341
LZreqlssnWQ_1,2342
LbxSV8unB9M_1,2343
LcIgsxb9F1Y_1,2344
Ld5T9glcT2k_1,2345
Ld9qDys95es,2346
LdB-xdR0WlM_2,2347
LdYbstdYCR8,2348
LdhMy2tqQB4_2,2349
LeIkWWTH__A_1,2350
LeRzzzBBsmU,2351
LfNnApnUb0k,2352
LfYldiPt7Uw_1,2353
LfeTLkxBG30,2354
LfpizDfWhns_1,2355
Lh8YfU2MNWc_1,2356
LiMHHFhjutc,2357
LipF082b75I,2358
Lj9L7fUElLE,2359
LjoBu4KD33Y,2360
LjwZPYHjqds,2361
LjxomDXWlSU_1,2362
LkAdSi8XMnA_1,2363
Lkztp3ZDShA,2364
Ll1sRFunlD8,2365
LlpSiou4X7w,2366
LmFIEd0Ejq8,2367
Lngoh_uQHzw_1,2368
LoDs7v25rTw,2369
LpK4vi7gyoU,2370
Lq13Nl5Ps58,2371
LqLnP37No_Y,2372
Lr1RBzRU5IY,2373
LtKLGzkfK7k,2374
Lu0AwKQ33Sw,2375
Lu_R01JQky8_1,2376
Lv_-f-V3ylE,2377
LwD7BG_zdXM,2378
LyZNz7OHiBc,2379
Lypi1wvlQ5s_1,2380
LzD3My7FOzI,2381
M-0j7OCBolw_1,2382
M-aaJfrtvaA,2383
M-sKe4o73uE,2384
M0bcUWG8vrg,2385
M1qOXnG0A6s,2386
M24VjuHEfgo,2387
M4-wk97gffk_1,2388
M5ML0oF4VzU,2389
M5d-xq3xJi4,2390
M7-RJmu46Fs_1,2391
M7fd9b-5J64_1,2392
M84ritBmcTE,2393
M9A3PKPxbdY_1,2394
M9dzu-DC9Yg,2395
MAZVS8doD6E,2396
MB7HhOsEvxk,2397
MBJe-opDrVg,2398
MBQiG5ZQFQM_1,2399
MBpTWWSc1JE_1,2400
MDshuUzuAQQ_1,2401
ME7pnv4k_l0_1,2402
MF1FXsA8yXw,2403
MFNsb1cUbDc,2404
MFWHZG1Xnr4,2405
MGPdiPWgglk_1,2406
MGrjrGgjADY,2407
MH1cXARmtE0,2408
MH7f6cug0zU_1,2409
MHcb7CiK_IA_1,2410
MI2Jae1agR4,2411
MIal50cVwM0_1,2412
MJTOje2ViH4,2413
MJelSVaA5KY_1,2414
MKSKluySI3E,2415
MKbBSGnFUPY,2416
MKirgaLINXQ_1,2417
MLAL7ASrh5s,2418
MMHxvuN8Z_0_1,2419
MMrUJwt_8oQ,2420
MMzsqe-mNmc,2421
MN2qjSNQdMg,2422
MNCeezFR_YI,2423
MONtOZhRgek_2,2424
MOW2rm7IXxg_1,2425
MOu0z-QaJww_1,2426
MOy1x8EroPs,2427
MPCAeXe2E0c,2428
MRcVRxcFrVE,2429
MRf9vcls4eQ,2430
MT8KL4XePl8_1,2431
MTAoneZNzeQ,2432
MUALhjDPcdE,2433
MUWVSQ7vqGE_1,2434
MVggQBRCOIw_1,2435
MWnrLOwPLqQ_1,2436
MXNChZEW6yI,2437
MXmTYGHWvvE,2438
MY-9YI3Slvg_1,2439
MYVwYIX47wQ,2440
MYfR4Ec-zU0_1,2441
MYjYOTXhiZs,2442
MZBRGZovo8A_1,2443
MZZ52lsCfSw,2444
MZsQzU7tOfs,2445
M_F0YMifj5g_1,2446
MbKRtuwkHPM,2447
MbUT3Kfq4Dc_1,2448
Mbu8042cTuA_1,2449
McHijMoln7U,2450
MeJB3ZRQQcY,2451
MeKJPAuFOgk_1,2452
MeoJV0K0uTg_1,2453
MflJey4lrQk,2454
MhHOduyqKv4,2455
MhZrm3H1aBE,2456
Mhwfin8V4sQ_1,2457
MiGluii6UII,2458
Miw0xZr0diU,2459
MjRPq3GCSZk,2460
MlZ9Hx3mkBk_1,2461
MlfKy5CzqVg_1,2462
MmeNMGTN-aY_1,2463
MmrdlTXfNco,2464
MnSaW7AFr1w_1,2465
Mo-VXbTe0bs_1,2466
MpOh9MQvWbY,2467
Mq1c27rJxqY_1,2468
Mq8cmp7QjOY,2469
Mqa0sDOMArQ,2470
Mr30rM7vf4Q,2471
MsWnmwlUBik_2,2472
MsxYYS8q9Hw_1,2473
Mtm4Xg52b9c_1,2474
MtnBSpuX1IA,2475
MtnXC9CWB6I_1,2476
MwHD6LxnfXo,2477
Mx_mNhBhWx0,2478
Mxlci8amm_0_1,2479
My4hzshl_RY_1,2480
MzwOHZTi4OU,2481
N0-cIcGCH3A,2482
N05i2V0_8kI,2483
N0HOc0gJyRs_1,2484
N0OMPBVVK3o,2485
N0QNiLrVGl4,2486
N0Tgyn59Erw_1,2487
N0bpk_dzCuk,2488
N0lQZi87koY,2489
N13nVxyNA2Q,2490
N2GsWA1smG8,2491
N4NevefkpsQ,2492
N4a_K3p9KG8,2493
N4rsVFJsb1Y_1,2494
N51UnxHrRZg,2495
N53qGezr7MU,2496
N62iv94HI18,2497
N6DxyKcaZVs,2498
N7q37KQfzhk_1,2499
N9JQMzE7_DI,2500
N9XgekP7Qtg,2501
NA5iMrff4Cs,2502
NATVmGM4bpQ_1,2503
NAiENsui-oc_1,2504
NAkU6Uj85R8,2505
NBEVpBk-9VI,2506
NC0iEaE7Ba4,2507
NCRLLU_dxcM_1,2508
ND1WM_XYP4Q,2509
ND4_C6fI-BU,2510
NFHHa94P-k8,2511
NFnBaFx_SWI,2512
NGJkhj4AWbA_1,2513
NGRn28khiEY,2514
NGfUhD-kG1M,2515
NJWphYVdS5I_1,2516
NJZoju_a6Ig_1,2517
NKaU1IK6k94_1,2518
NLlTJ8yeeYM_1,2519
NLy90nqeNko_1,2520
NMajC62MvaQ_1,2521
NMnARovUYLw_1,2522
NMwrtYskaeU,2523
NNiFl_dTBk0_1,2524
NPrAFhC6vWk_1,2525
NPxCD7p6M80_1,2526
NQ7Gnl9nRuY,2527
NQTfv_uhpfg,2528
NROeKyImRuI_1,2529
NS7WrHCEPVk_1,2530
NSERnk7V4ZA_1,2531
NSM4xH0MhHY,2532
NSwtAmwDTZE_1,2533
NT-LpmJHMcw,2534
NTNbTr_PLqU_1,2535
NUKt0kkYSg4,2536
NUn7Lyw4H9U,2537
NVNirvNgU9g,2538
NW-BP9pf4JI_1,2539
NWx2vBB9F7g_1,2540
NXEPPzd8AXk_1,2541
NXjRJs0Wxkg,2542
NY2fpEI5uDY_1,2543
NY7NZeZ-ufw,2544
NYbiMxMfp3A,2545
NZ2sunnoc7k,2546
NZ3PZzNJ2hs_1,2547
NZXhDTubUiI,2548
NZn29gNlDio,2549
NZoSVSZeP7s_1,2550
NZwNyVXvpTo_1,2551
Nb7os_UNC0o_1,2552
Nb8uJ822Tig,2553
NbG_5zEsSoE,2554
NbO2R-jwElw_1,2555
Ncpxyoe9VTE_1,2556
Ncynk9HDp3c_1,2557
NeEUjskiXkY,2558
NeXKnG1-7cU_1,2559
Ned2R4FgR7Y_1,2560
NfOadhavWHs_1,2561
Nfxj5lRpg2o_1,2562
Ng4xJEF8wEg,2563
Ngrila2aXJg_1,2564
NhFLlpEnqK8,2565
NhVVvn7cwd4,2566
Ni3iHE6bas8,2567
Ni5kmFuBXzI,2568
NiE43suq2F4_1,2569
NiIyd5WjjFg,2570
NjT3zasZLP0,2571
NjjNU4VrO00_1,2572
NjzsZG20E7U,2573
NkFzajnrYkA_1,2574
NkQLCSHvZcY_1,2575
NmPpZgrECW0,2576
NmTBx9PgX-I_1,2577
NmmgvY4gy40_1,2578
Nn3ooGh1n7w,2579
NnETy9fmveQ_1,2580
NnGjm_iFM1s,2581
NnUnWcgPFC4,2582
No2J7utvqrg,2583
NoKq5zdDsQk,2584
Non0cu5dbSs,2585
NpQQCK0Yk_g_1,2586
NpTKGzsDGoQ_1,2587
Nqh6_B0gfec,2588
NqnV9iNS62M,2589
NqtEH9nZexY,2590
Nr80alTAMrw,2591
NrQ-7PGyl70_1,2592
Ns3lBPP73Jk_1,2593
NsQZ8by-g_k,2594
Nt5QgTWqBcU,2595
NtnfUEDzoPo,2596
NuTEITSEAUA,2597
Nud7Ld9x7Z4,2598
Nus1qk-Khiw,2599
NvxJw6Zi6UA_1,2600
NxxURb8wKd0,2601
NypNRzPI2Hg,2602
O-H9plmvvoE,2603
O-o5XXFpqEY_2,2604
O1DOtxdULkQ_1,2605
O1HMV7OKCZs_1,2606
O2_3lA8kVVE,2607
O2_ZeoKvo5I_1,2608
O3SeL_0pvTs_1,2609
O4CkLiyI2a4,2610
O4sOntiraJc,2611
O6YJgD20e2g,2612
O8jMsqDMiRE,2613
O9Dk6KdQ4to_1,2614
O9ZwfYTIETI,2615
O9pRqLLFUEE_1,2616
OB6FvmCHsDg,2617
OBHeVltjXT0_1,2618
OBPTV3YthOw_1,2619
OBRmS71p6TU_1,2620
OC3FU_0GKBE,2621
OC4C5-lLWxc,2622
OC7HHIF25ik,2623
OCDSqlCaWlA_2,2624
OCcDnB5VdgU_1,2625
ODFZJd2f9X8,2626
ODNZ6nd7uls,2627
ODRI_ATiWnM,2628
OE5sct8DJxM,2629
OELaDZo5R7I,2630
OEZKlgaRH4o,2631
OEm1Uov-v9o_1,2632
OF-9aiQTAfM,2633
OGO8HQ6ZYUg_1,2634
OHFdjCUkpME_1,2635
OJqZgTGpghQ,2636
OL-CqbpYr8w,2637
OL_k_mBRxbA,2638
OM_yE9ewbcM,2639
ON8Ou8j8BjY,2640
ONhI6iem9kg,2641
OP1V4l-DdcA_1,2642
OP_7FlLGoAY_1,2643
OPfZfLKxZTU_1,2644
OQ1e6lpNybo,2645
ORU-AfSTIwI,2646
ORwg4bg9aeU,2647
OSRpGh3d0cI,2648
OSxSHGU_WOo_1,2649
OTUecrbGM7E,2650
OTfPJGdUm50,2651
OTtrGki5gQg_1,2652
OU-XIIEFnw4,2653
OUQa0HC_ORM_1,2654
OUVv-5cwFaE_1,2655
OUr2XSyxfsY,2656
OWya5pey33I,2657
OX23xzI_GhY,2658
OXmN5c7MCUk,2659
OYENl3VfTb4,2660
OYQVWFoke9E,2661
OZ2IdcRTgrs_1,2662
OZp4PyHgUC8,2663
OaQqutxOEAE_1,2664
Oamv71HbOMA,2665
Oaqk8I-2-IE,2666
ObJnMFN4KQg_1,2667
ObVcGiVYofE_1,2668
ObrkXqrK96M,2669
ObwZnI075E8,2670
Oc7vrILPpCQ_1,2671
OcSgDKInrg8,2672
OchKEyyyoF0_1,2673
OeV_XZBC3VA_1,2674
OelZVA_CCzo,2675
OfCw-0gAd6E,2676
OfGHhLbHWq4_1,2677
OhE6VRcxlKA,2678
OhHLtn0U6K0_1,2679
Ohcc1XNi-s4,2680
Oi__gIjhBk0_1,2681
Oiewyo7WQ4w,2682
Oittiy14URk,2683
OjJ2Vu0k5d8,2684
OjPz3neEd7U_1,2685
OjYou9zLuDM_1,2686
Ok6fbvE1cu0_1,2687
OkC4seOp-00,2688
OkHQG79PRCk,2689
OnqiVVsNE8I_1,2690
OoFz4JC0sjU_1,2691
Op97JG5142c,2692
Oql_D1R8kVE,2693
OqzxnQ6fGIw_1,2694
OsRTZjf3msw_1,2695
Ot-XctUkMY8,2696
OuOKDmE7q2c_1,2697
Ov-hdZ4oacg,2698
OvDIlDiFmnU,2699
OwI1yeom0EM,2700
Owp1cwVnCok,2701
Oy09VfmP5sQ,2702
Oz4iaojP1LQ,2703
P-0wocPMVyQ,2704
P-35FnAOLeo_1,2705
P-k3HOBisv8_1,2706
P18HvmCotMU_1,2707
P1WDAwasyoI,2708
P1r-uVbFZ00_1,2709
P29jupnZniw,2710
P2If73nwzYs,2711
P2OKqOpct8s,2712
P2YHoSAHJUg_1,2713
P2abspkSU_s,2714
P3LobzeDo9E_1,2715
P3LqZYt2U30_1,2716
P3MpvLubTKw,2717
P3pALl9igN8,2718
P4bcxgldVSQ_1,2719
P58pF-HenyU,2720
P5CapJo7Oe8_1,2721
P5Dty8Ecdek,2722
P6e7z3qKweg_2,2723
P7aSfqQTkTk_1,2724
P8c9TRiU7HI,2725
P8nCFvhToww_1,2726
P8q4ktLxy-A_1,2727
P91b_WSLDa8_1,2728
P9GAmYhGhJ0,2729
PAkQhoRDVMQ,2730
PB7rn__dcKg_1,2731
PBPb-_V8A_U,2732
PFALmbyUi5A,2733
PFH8OX7kSEA,2734
PGYE6puPzKU_1,2735
PGbVUlqDu1A,2736
PGdVl8-IzJA,2737
PGrGJBQGm3E_1,2738
PGzUbRs5KcE_1,2739
PI1wVAKM9t0_1,2740
PI6SVXN35Rg,2741
PI8mabNvaE0,2742
PJtAsebnGrM,2743
PK4bvgOLUWs,2744
PKLiUylI7jY,2745
PKi9kC2RNzo_1,2746
PKyGYvB0Mf0,2747
PLF4Zs0Q80Q,2748
PLtRFkjPkxo_1,2749
PMUPf08r0Jo,2750
PMYXK-B1Few,2751
PMv7R76mAZA,2752
PODw7DyLs64_1,2753
POwFUYdLjX8_1,2754
PP3bE6cjRdQ,2755
PQ5BHjzvK5A_1,2756
PQBIO5wAinc_1,2757
PQoocuBF2f8_1,2758
PRDX6PAOvF0_1,2759
PSB4z3DAScs_1,2760
PTv4C3vii08_1,2761
PU5hB6j8ivk,2762
PUDnvoajVUk,2763
PUtHYOs4aXQ,2764
PUwW0NPqTh0_1,2765
PVdmrokA81k,2766
PWHh7NmzzV4,2767
PWLWkd68QIA,2768
PWi1hx2Omgo,2769
PWuJv2FHsvA_1,2770
PY11Ny4fz3A_1,2771
PZONaOEO8AQ_1,2772
P_o20L8zhHU,2773
PaFoWYRBizg,2774
PaOVb_cMohw_1,2775
PaXZzVi_OsY_1,2776
Pb7q2FmzWS8_1,2777
Pbf2EXs2e4k,2778
PbfCur5zsw8,2779
PeH-ArgS-fw_1,2780
PemmRc-BA94,2781
Pf8tWovZQ2U,2782
PffO6Uac1uY,2783
Pgm4Qs_l-EE_1,2784
PhkRGU9K9ZY_1,2785
PiSY8MIVoMs_1,2786
PijCNItuc1E_1,2787
Pj0MkbEahC8,2788
Pl5J3391Pao_1,2789
Pl5cCJ2SVN8_1,2790
PlEUE-SExy8,2791
PlYZEnLNpdQ_1,2792
PlitAZnyimo_1,2793
PnAOEoaN0tU_1,2794
PnwR2TZB_9w,2795
PpE3Mdz1Z4w,2796
Ppbq_RDljyA_1,2797
Pq-OLkv13Bw,2798
Pq7GkdMqan8,2799
PqOEUuH2gj4,2800
PqftjzLnMEM_1,2801
Pqm1i-zg24o_1,2802
Pro1Tbg-LE8,2803
Ps4VoPyMAb8,2804
Psd08qZsYnQ,2805
PsdIuGsFt9c_1,2806
Psk7z4TM-yM,2807
Pu9zSjEsqnk,2808
PvzM89FGSp0,2809
PxXzMm43V0U_1,2810
Py0R_2XywOQ,2811
Py2RBS-e9Xg,2812
PyQVgJzE2-Y,2813
Q-S63Q62ZiU,2814
Q-Sg1afVMsE,2815
Q-jSZX4uAjY_1,2816
Q0HKbrbAj0A_1,2817
Q0SJzhLv0SQ_1,2818
Q1FtAjA_raE,2819
Q1zbpcSoTws,2820
Q25uAMfX5Fc,2821
Q2gjYvb7fcE,2822
Q3oaDDt1Yc8_1,2823
Q4WiRFOlOu0_1,2824
Q5uGiH8-uQk_1,2825
Q65na_iR_HQ,2826
Q7Ggc0qz3Jo,2827
Q7rYOmLAa2o,2828
Q7wCb9WlhA0,2829
Q9w0G35HNLw,2830
QBbAwvlhH0o_1,2831
QBg2Y55juuY_1,2832
QBjMKvsK1sk_1,2833
QE4UkDB3MyE,2834
QEKQr_KeKe4,2835
QF-_qNWaBaU_1,2836
QF_QXmNelLk,2837
QGozGZ4rg9c_1,2838
QHpNcX0Ugsc,2839
QIL8ey6N_vs,2840
QIXGt2ddetI_1,2841
QIaK1zBDLkE,2842
QJDAMIo3A6Y,2843
QJDOHjM9eb8,2844
QLWJMrs77Kc,2845
QLx1uWXhB1g,2846
QM3TDqfMMWY_1,2847
QMFllz8bqbI,2848
QNqJ9kQ5xT4,2849
QOXSBvW5Pds_2,2850
QPHySC61DCY_1,2851
QRTBO6eAlFY,2852
QRTZR4dcC6k_2,2853
QRtqJ1CnS0U_1,2854
QSdgD2M4Xdw,2855
QSg-1wqJezg_1,2856
QT4Su3HeNoE_1,2857
QTyJEcqXDTg_1,2858
QVrRwXgj7GU_1,2859
QWN6Q7XTChg_2,2860
QX2YCbSelwo,2861
QXQ8ILhehkI,2862
QXRCiVRaHsI_1,2863
QYaPv88J2iE,2864
QYkPPw0ePck,2865
QYnm3ITnMb4_1,2866
Q_wBjlTT4GY_1,2867
QaB25cChRXc_1,2868
Qb3nTAfOz2Q,2869
Qc72veU0a6g_1,2870
QcQGHMntX5c_1,2871
QdOmsCK3gHg_1,2872
QeNE9BjginQ_1,2873
QfGq9Md-D2o_1,2874
QhhIAUupAeo_1,2875
Qhvb075HF_Y,2876
QiHtCEo3nEk,2877
QiX_rb7Lm3I,2878
QkHS0W8x2M4,2879
QkIAlWUDxPo_1,2880
QlEKJLgEWMg,2881
QlqLuC-1u1U_1,2882
QlvGeWOzc-0_1,2883
QlxwXFyAhOw_1,2884
QmCEr-G9Nug,2885
QmWhfW8wyMs,2886
Qn3Yf2GDWn8,2887
Qo2EdbZg68A,2888
Qom3R9ndKoc,2889
QowRgF354O8,2890
QpcvD-hUihA_1,2891
QqBeIG-uvM8,2892
QqCdT8DJ2r0_1,2893
QsQkRAFAKWM,2894
QsgOFiTSpa8_1,2895
Qt7PxYKRi7c_1,2896
QtR5-M2w3RQ,2897
Qu5KH6X5dd8_1,2898
QvOMfMtfb7k_1,2899
Qwa5c4aDFaY_1,2900
QxTqhAxngF0_1,2901
Qy07r-5SdkA_1,2902
QyL43-YjgK8,2903
Qy_q0sAucuw,2904
QyxD5H8-cHE,2905
QzFmQvfUaa0_1,2906
QzVK5LtCZkw_1,2907
R-IpftpYr2g,2908
R07yPaWBR8g,2909
R0JV03iiFtU,2910
R1jaD2vHFNY_1,2911
R22GF3-wqUY,2912
R3jDoLjKAa0,2913
R3jedCIQWrE,2914
R4uJr2ys09Y_1,2915
R5lzZf3MVaY_1,2916
R6ILTJGPlUo,2917
R6KdIjSPkvo,2918
R7P29MkehIM_1,2919
RAvAYYM05v4,2920
RCd8Aat8xa4_1,2921
RCdDeF6erqo,2922
RDrpOAnwThg_1,2923
REPEztEF060_1,2924
RGDTXsCvZBQ,2925
RHetQGTr7nU_1,2926
RIWIAARKqCo,2927
RIo6nyBv2oY_1,2928
RJ2_mx6DsmA_1,2929
RJVa8OUU9pA_1,2930
RKMKhsFem98,2931
RLYcKEP4af0,2932
RMFMc1KxwPM_1,2933
RMo1aaidZJo_1,2934
RN3kLXQdNcc,2935
ROF9TjG0q34_1,2936
RPzCiRXVcr8,2937
RQ02eJz61lk_1,2938
RQEHiQQ25bY_1,2939
RRX3vZmNyw4_1,2940
RTvZD8AZs64,2941
RUKgTVVuVcg,2942
RVKZfvYZHks_1,2943
RX34_NaukPo_1,2944
RYeWs0MPMEA_1,2945
RZo8XEvx1G8,2946
RZymw-Gk26s_1,2947
R_6XeLEZzu0_1,2948
Ra22ZVhrcxw,2949
RaT4rhSnixI_1,2950
RaTUMGgYYTY,2951
Rah844Dfxf8,2952
RbTU0PE3ebM,2953
Rc4vFhGRgIs,2954
RcWDXAwySlM,2955
RcZ64U1ydeg,2956
Rc_b4h5nFqo,2957
Rd6B7wNJ2wQ,2958
RdhTo_18rQg,2959
RdySS4hQE0s,2960
ReA3MBOOJZU_1,2961
ReGozpDkRcc,2962
RfTlPy0yoLg,2963
RfhBkV1VBNo_1,2964
RhEpVt-AEK8,2965
RhS6nAUP3C4,2966
RhzIqPFf72k_1,2967
RiAJCOudSjM_1,2968
RiyB_IpLUoA,2969
Rj6pX9wzxqA_1,2970
RjDvvpbDcHk,2971
RjI4uWN3FXg_1,2972
RjlLl95EtCQ_1,2973
Rjv2fm62JAY_1,2974
RkMTKS4AjQU_1,2975
RlC8ZTPuOBU_1,2976
RlIkYzzsHpg_1,2977
Rloiqc9KybA,2978
Rmwh_Cfw9GE,2979
RmxC2ESB77I,2980
RnbKUzEYGq8_1,2981
RnqeyToK1I8,2982
Ro2y0_fypc4_1,2983
Roe3st2xwgQ,2984
Roh9CQ2tF3Y,2985
RorIn-P_3DI,2986
RpLX2iGqahI,2987
RpZGZHEgtYI,2988
RpoDGwIp43s,2989
RqddJENqoOY,2990
RrtHIJ1gjL0,2991
RryRyaLEaeM,2992
Rs0EKMMQqPI,2993
Rs5qSbsnJKs_1,2994
RsVR6VKYIbw,2995
RtOOeGlFdh4_1,2996
Rty4lN6R8LY_1,2997
Rv-ass03RkM_1,2998
Rv7YAemJwp8,2999
RwIFUiFGMGw,3000
RwdFk6p7tyo,3001
Rxj7JFcWujk_1,3002
RxqkJA2EG0s,3003
RyuTiOy4BBI,3004
S-BjndLCySU,3005
S-v0z93Qc6I_1,3006
S06jHWa7Brk_1,3007
S0eE3CkrjZU_1,3008
S0nGLXH4H5Y,3009
S1eFafNFNOE,3010
S21lcUrY_pM,3011
S23VB6dVnw8_1,3012
S3pN7MBKPU0,3013
S4GZ0J3GZvQ,3014
S4Ygl6RqD98,3015
S9wg2vb8-Aw,3016
SAPfIHh1BPg_1,3017
SB50UhgrFMY,3018
SBeMy0KGdEw_1,3019
SCNfdbheXqo_1,3020
SCd7SRCOr9o_1,3021
SDQ1doHsLn0,3022
SEVIbuIk3AU_2,3023
SEVkZ5qhIC0_1,3024
SEYjG-0Mi3U,3025
SEmdCAG7t24_1,3026
SEuUIH_SeVc_1,3027
SF7r2SG-fck,3028
SFD6zesDMMY,3029
SFP1Y49gip0_1,3030
SG-B3o7bMAc,3031
SGLYqU0p4X4,3032
SGsTDG4Awfk_1,3033
SHPaqAaE29Q_1,3034
SHsq8VSKV_M,3035
SINe8jrjQfA_1,3036
SIR3vIJJECY,3037
SInKhy-06qA,3038
SIqQlHOR0JM,3039
SJaqmqaD77k,3040
SJrFnoOcTcI,3041
SJxqZH9B3zw,3042
SKlTYkUBVvQ_1,3043
SKzJwTW4NQ8,3044
SMEVutE0yBw,3045
SOMg4XV_dEY,3046
SOkA4zA7ahE_1,3047
SPF11a6Uwy4_1,3048
SPVkNI9K4wA_1,3049
SQ6O9z7AJpM,3050
SQXRw3c2dYw,3051
SQZyez6oDKg,3052
SQsT1oeLr4g,3053
SQymUlHks-I,3054
SREF6XRNv0w,3055
SSkoetdv7G4,3056
STJ38FSDE8w,3057
STNM0hUpfhQ,3058
STXgnu97Y6Y_1,3059
STdeLMDk8Sc,3060
STn1cOJ8Pms,3061
SUBSvmdSrXc_1,3062
SUGgjeP54CQ,3063
SULzv6BHjHs_1,3064
SVxNsaZs3dI_1,3065
SWWKwdMT9qQ,3066
SWi723tppLE_1,3067
SWq-SiX-v20_1,3068
SYlMAasD3Aw,3069
SYrln3Ug1Lk,3070
SZeSrHZy0dM_1,3071
SaqUZcI2zDA,3072
SbYK9K-klAw,3073
SccmMdkBiAU_1,3074
ScoqXyTkXp8_1,3075
Sd7e5qVlMB8,3076
SdBirBu-dak,3077
SdsEu8iuUpE,3078
SewBqDY49qs,3079
Sh3P9rHIKOM,3080
Sh5c_9ADHFs,3081
SiP1g7kh1nE,3082
SiRYkIO7AmQ_2,3083
SifysRkEATg_1,3084
SjfLsGRnuGo,3085
SknrxI_nq64_1,3086
SlORjr0kUM4,3087
Sm7Cei87rg4_1,3088
SmgLg_SSvZg_1,3089
SnUlY4XhAG0,3090
SojDDNUsSew_1,3091
SoxMQgRbBsA,3092
SqIhCix7O9I,3093
SqN3GrAvif8,3094
SqXx7G7FX5A,3095
SqjG2lMm-NU_1,3096
SqoYBOJfc9w_1,3097
Srl_Gk0vjLE,3098
SsDjl4tijyg_1,3099
Ssub7QHvQIA,3100
Sv-nLK45XFA_1,3101
SvabwOUNAEE,3102
Svm8Kk4Vr2Q_1,3103
SwLX5yOifFI,3104
SwLs3Kowas8_1,3105
Swad8O2a5Qc_1,3106
Swny54RpOVw_1,3107
SwtT_BdLe3A_1,3108
Sx34-t7A_xM_1,3109
SxLd_Jwhy80,3110
SyRmYT523cU,3111
SyZFNqdlRmc_1,3112
Sz-NQ2ENlqA_1,3113
T--ANw8Oxkk,3114
T1M8kXkQJAY,3115
T3DNMjNynU0_1,3116
T3wOnHCetE0_1,3117
T4-Q9pABqYs,3118
T41OsrviQCY,3119
T45Hsn9ABV4,3120
T4BQsAvPno8_1,3121
T4VLu2P-X9s_1,3122
T4ySB6yP-m0_1,3123
T5JAHMxSu2w_1,3124
T6vd9Criu48,3125
T7RBzS7EJ6A_1,3126
T7RIPkBR3ik_1,3127
T7b0UnZEOvM_1,3128
T7v9JbH90I0_1,3129
T8I_n42FuBc,3130
T8g7H3Ie5YU,3131
T976ElYJ-qY,3132
T9GMyhxIv5k_1,3133
T9eBnmIRtqg,3134
T9nijwnbCqw,3135
TBZtRv2owM8,3136
TCGWpLngbVA_1,3137
TCHTGgRtZeI_1,3138
TDbdRtOwX10,3139
TDdKRcFO4k8,3140
TDlj5kHwiTk,3141
TEkWFmWdQ8Q_1,3142
TGckzkVJiio_1,3143
THp4JJ3PWvo_1,3144
TING64HUZ2k_2,3145
TIlcuqK-fr8_1,3146
TIr35oN6iSE,3147
TIzjrc3-71E,3148
TJJHfurpn-I,3149
TJQdtS0Dkyw,3150
TJeHXGVDCms,3151
TK3H8rmoV1Q,3152
TKsGy30vLtI,3153
TL4iZGEw9CY,3154
TLN5DkTzcX8,3155
TLXAEKQwcBY,3156
TMANBpLx6s0_1,3157
TN5HogAE-fs,3158
TNNoq5pS-WQ_1,3159
TNODnmQ9R1M_1,3160
TOK4IBhtuYI,3161
TPCuCv8TjE8_1,3162
TPdAyuJYQtE,3163
TPwPNPP1rpI,3164
TQeI5Uixibg,3165
TQpNNdkU0ZI_1,3166
TR30xmE3v0s,3167
TRIMTrqzSOc_1,3168
TR_tbUxLUco,3169
TRgM0lzJs-4,3170
TSBR8lkAmaQ,3171
TSTGnppZmfA_1,3172
TSoaGw5OEb0_1,3173
TVfeNBBdWpQ_1,3174
TW2KbOGRx2I,3175
TXA5pIG0jEM,3176
TXe-rPMd1q4_1,3177
TXtLoo3D-xQ,3178
TYiNnkTwP0w,3179
TZEYZ0PggwY_1,3180
TZqRg598wGQ,3181
TcjKtM3VKj4,3182
TdbUnoeHXcE_1,3183
TdwAJ3968lM,3184
Te9AcG7ugOc,3185
TelHvRCbKco_1,3186
Teyhg_5_rdw_1,3187
Tf97LjJhrMU,3188
Tfxp43vVHpY,3189
ThLhLlan5Yo_1,3190
Ti-7CP2GtaI_1,3191
TiPPYhh323E,3192
TickiRU7XxU,3193
TirzXnBaSt0,3194
Tj5FRh9ASMU,3195
TjSYqjfk-lc,3196
TkREyqdJoCI,3197
TkWzFh1m6KU_1,3198
TkZ8qS_TIXk,3199
TlGf_1YuYyE_1,3200
Tm_V8zmIsCA_1,3201
TmsgikIaXu4,3202
TnGCg69kb1s_1,3203
Tp0lrE7068E,3204
Tpyp71m96Nk_1,3205
TrCMG8Jm2_c,3206
TrDii_6LlNg,3207
TrGBcTGTlhI,3208
TspS8Y62sXs,3209
TtNpydFV6rI,3210
TuH0o_tiW3o,3211
Tuq_-EuFAhI,3212
Tv1bOlYSqYI,3213
Tw2qPxlzf6Q,3214
Tw8BsgjnKIg,3215
TwRRZw_m1Po_1,3216
Ty8eDa-6gQ0,3217
Tyn9hWjEn5A_1,3218
TziAcjoELVE_1,3219
U--0FZU2bDg,3220
U-3Gvctw8Do_1,3221
U-DAmE4tzo4,3222
U-MdJz1XGpg_1,3223
U-dEobzY4o4,3224
U18qbyFJKnA,3225
U1TZROWBuoo,3226
U1WpPYHOp84_1,3227
U1jYplNZtN0_1,3228
U2DPGFl5JFA_1,3229
U2UQ6QHvt_s_1,3230
U2W9kUCDsgU_1,3231
U3w2AbN_8Og_1,3232
U45soEQ1V4o_1,3233
U45t3T05qRk_1,3234
U46jloztxAQ,3235
U4dnLRpeTN8,3236
U4zeXOlfF2c,3237
U5KcZNFATFM,3238
U5lSxZnyve4_1,3239
U7Y3GocRUak_1,3240
U8-__KRMRSM,3241
U8TyoD2LxLU,3242
U8aIoaNXadQ,3243
UAHpTtftpWE_1,3244
UB4Z8Wzkj5g,3245
UCd4aYE00KM_1,3246
UD02Bmbm1kk,3247
UDcg2skGRXM_1,3248
UE2dRDkXVOw_1,3249
UFePdoNR_KM,3250
UGFkd_LTNW0_2,3251
UGMQBqwFQzg_1,3252
UGX6actjbuM,3253
UIZbKwFr9ck_1,3254
UJHjwQ7yclM,3255
UJe2UCSOExA,3256
UJyI-681CrM,3257
UK-aS_5scz4_1,3258
UK3lCFwSt7A,3259
ULLLdCsmxDU_1,3260
ULXqpYB1yYw,3261
UMGZsGFUVcA_1,3262
UMMYGhp1SD4,3263
UMS2IJZt6To,3264
UNNkbxYzexA,3265
UOCJkoSjr9w,3266
UOF_LN4gRRw_1,3267
UOFozu6HCwg_1,3268
UORRNKMTusE,3269
UOktZawGna4,3270
UPBonZ_8HIM,3271
UPTSoIuNOIw_1,3272
UPh2mJTMLIQ,3273
UQh8UwdcnBI_1,3274
UQnQ_sw1fHA_1,3275
UQogb-cniR4_1,3276
URA2L-D-MAQ,3277
URJUqJrqo_8,3278
URTZQEPHVxk,3279
US1v85XAz0c,3280
USyI1R3TCr4,3281
UTkhiWX3IBk,3282
UUYEkCl4HvI,3283
UWWGrijcLSs,3284
UWzrvtCcWDA,3285
UXoDCHd7VuQ_1,3286
UY6S37YeDTE_1,3287
UYS5jKTw0Ik_1,3288
UYYmJtinmNg,3289
U_I4IzFnhdw,3290
Ua00PZ_-QKE_1,3291
Ua8OAMfzWAQ_1,3292
UbEMzE9pxXU,3293
UbLgHH4sOtA_1,3294
UbQHwZHQSRM,3295
UbZzQI8wKY8_2,3296
Ubg4ASlf83o_1,3297
Ubkc3VIH4QY,3298
UcEpOfJMly4_1,3299
UceHJJVBBzU,3300
Uctb3c7u__M_1,3301
UdD80Owt1n8_1,3302
UevozhypOqs_1,3303
Uf6P20S4HbI_1,3304
UfA1NhqdyRQ_1,3305
UfJyWbJ_RpQ_2,3306
UfYeaYNJV8E_1,3307
UfZyeijqQeY_1,3308
UgLgrXYY9Es,3309
UgR3sxHLsDg,3310
UhOwvFFtKVs_1,3311
UhtjXl2_OcA_1,3312
UivWWBHOnAc,3313
UjkcbDkHvxY,3314
Ujw6xa-mmZM,3315
Uk2g1CB1O2s_1,3316
Ukr__1TiaOo_1,3317
UlQ5cTjCqT8_1,3318
UmIy-iRAW48,3319
UnOmbIQFwOE_1,3320
Unvi9R9Qg8w,3321
UoBpthYc-HE,3322
UoONuBxuPLg_1,3323
UodmDnAnLmg_1,3324
UpDvz4TFXuY,3325
UpTUXgf7Wck,3326
UrDzxGca4Vg,3327
Us3qUIzVN30_1,3328
UsfdUqWfoko_1,3329
UtDbK5h2P5s,3330
UtIn2Jira9w,3331
UuYeKt00J9s_2,3332
UvsWlQg31Ts,3333
UwWaRajzxt0,3334
UwjyKkkLN7o_1,3335
Uwz4-pLZMC8,3336
UxC_mC9iK-I,3337
UxfnLulLdVQ,3338
UyIz1DzGwQQ_1,3339
UyOvMtr_ZOE_1,3340
UyuuFpV2QCg,3341
Uyx_b73fxUc,3342
Uz_wWiAtIUY,3343
UzpCuTtVV9Y_1,3344
V-BQYv-0PKs,3345
V-YrxoE9qBE,3346
V0VRDcoop14_1,3347
V1-w01T8L84_1,3348
V1dlIBcgvjo,3349
V279MbdgsSY_1,3350
V29VnUcT42Q,3351
V2MPSLmneX0,3352
V2xejNSSroM,3353
V3YYjAXQwmI_2,3354
V3bwmMHBHzE,3355
V3nAp-Rq1W0_1,3356
V3vmgiymarA,3357
V41e4s7n5jY_1,3358
V4nZC24tRJ4_2,3359
V5ZoFg0ZI08_1,3360
V5ays4bEcFE,3361
V5pMbP6wR8k,3362
V63xT_OqUOw_1,3363
V6STX-F9V8o_1,3364
V762TGrdsYI,3365
V94cJaXyYpY,3366
V9YCBo53D94_1,3367
VA6jHsfpa4g,3368
VAGtePDt80E_1,3369
VAhELbOjQFc,3370
VAiekrFaH-A_2,3371
VBM4ss11k-k,3372
VBX7WykbnZM,3373
VBdO8sQJM1s_1,3374
VBvgxVhTCU4,3375
VBx8a9gFcQI_1,3376
VCAyZMacKXM,3377
VCDSOi8Hix0,3378
VCOeuYSrcMI_1,3379
VCRZM4u-FYs,3380
VC_lTWT1HXU,3381
VCjWwq5ww18_1,3382
VDET3icqk6A,3383
VDbvWI5QT70,3384
VEALNsI7Ijg,3385
VEppUiloi6c_1,3386
VFLmd-lcwZw_1,3387
VGa4oRGUQ-w,3388
VH9BKxQgE4I,3389
VHEz_cYLDe8,3390
VI6RwfsB3Tc_1,3391
VIDtd_VYM2Y,3392
VJNSZFoRLzE,3393
VJlRCE_Tw3A_1,3394
VKeDxmyvczg_1,3395
VL83qtgsLCk,3396
VLeir-T0xmU,3397
VMI2RvR_tNA,3398
VMsWda7pWZA,3399
VN0pOHZP1KQ,3400
VO1Wuqwc4wg,3401
VOEpCw8MRuo,3402
VORmSzXh6YU,3403
VPB0XOlm-qE,3404
VPU-Gw_h9ko,3405
VPiwsR-P4Tc_1,3406
VPja-SPBsSk_1,3407
VRTBNXGQAVY,3408
VRhdtFEOlXs,3409
VS_ZuiQIJx0,3410
VSvlO0WM5fg_1,3411
VT9WJZKrys8_1,3412
VTDRIXo-Bpg_1,3413
VV3za4vmTTs,3414
VV7wIkRKbf0_1,3415
VWNsruK2Yk0_1,3416
VX-0YdOVhIE,3417
VYVrUCzDt_w_1,3418
V_NJjyZpYY4,3419
VaWad6GHjNM_1,3420
VaXddHdk-K0_1,3421
Va_b6_X-wOs,3422
VbRmhM7sUGo,3423
VbiFEC7SKhg_2,3424
Vc0YkcqRNAM,3425
Vc81XotPSFs,3426
VcOM49u8maQ,3427
VdG0pGDoCzM,3428
VdR3IR0wqDY,3429
VdaOSlNkCEY,3430
VfKd7mog6AA,3431
VfN66I8-KEk,3432
VfQpOfUkVg8,3433
Vft0oixnLPs,3434
VgrQMDa1vlI,3435
VhB51KKUi10,3436
VhiPxEZMhus_1,3437
VhpYWt3XsNk,3438
VhsF-apA_D8_1,3439
VhyiA9MZWZw,3440
VigebdpoRlI,3441
VkHrewA9bJI_1,3442
VkrF0Q4fWRo,3443
Vl5pPd0iGy8_2,3444
VoGbGa9k9K8_1,3445
VqF3Q_7eQDc_1,3446
VqIMqvX3c20,3447
VqaaRKqS4tw_1,3448
VqeazWZzEp4,3449
VqekGul5Xb0_1,3450
VsCf7FnMXn0_1,3451
VsZTOd6ZyJ4_1,3452
VvCX63OKLoA_1,3453
VvIaOziZ0ac_1,3454
VvT_rRyfhYs,3455
VvrNTIzW2g8_1,3456
VvsXemECtHM_1,3457
Vxw3BnPmi3s_1,3458
VyDyh75isWg,3459
VyjKJB6Koyk,3460
VylWxxPSBOo,3461
Vym9FKyQnLQ_1,3462
W0VSNIUgNVw,3463
W1JjuXkqfyA,3464
W2MiLfsDFyU,3465
W2nI_GK8rY4_1,3466
W3kbYwydKm4_1,3467
W3mz1IrwitA,3468
W45SsK9W5qc_1,3469
W4DGPU0uPEw_1,3470
W4I02aYytbg,3471
W4cePmQ87gw,3472
W5EDhJ6YeyE,3473
W5RDOklZQxc,3474
W5yf-VHdSsg_2,3475
W62nMzY2gT4_1,3476
W6k4SdELuOA,3477
W7fDu4rueCg_1,3478
W8978OLdbx0,3479
W8DhdsaqA1A,3480
W96HGg5hT2Y_1,3481
W98Zz8BTu7A_1,3482
WA9_DgdTz7M_1,3483
WAJPb-9uOMI,3484
WAWc1DosGJM_1,3485
WBHJgw_7yEg,3486
WBIjeM1OYEQ_1,3487
WBM9qyakPIo_1,3488
WBcTr4MBhHY_1,3489
WDHSvLNLkdM,3490
WDlqCvrPrAE_1,3491
WERWKq12o8g,3492
WEnejEf0veY,3493
WFrPLJ77amU,3494
WGdXSExEco8,3495
WGp_XsdMsp8,3496
WGvrtl9p1eY,3497
WGwhxNQtfbE_1,3498
WHmrq95mmOw,3499
WISR3HEeKgU,3500
WKPkIP9yP4s_2,3501
WKgIi8YdHtI,3502
WLBjunNqebs_1,3503
WMZ6Yh1FSP4_1,3504
WNcSoq9M-FU,3505
WNeSwJJ4J7o,3506
WOUQtem-BE0,3507
WP5T6GzCCy4,3508
WPckRR8epk8_1,3509
WPgq1Rr9M9s_2,3510
WQpetmGGa2Y,3511
WQtuFPPXrts_1,3512
WSEFp-h4Vk0,3513
WUH-YL4puUI_1,3514
WUTYbHOHrnM,3515
WV786dTqOyQ,3516
WVaqG1MJyr4_1,3517
WW5m7jWsHFA_1,3518
WX8QEtaZ8Qs_1,3519
WXDDCUpUoUo,3520
WYEvZx_EaEo,3521
WYav7_mmBHc_1,3522
WYgbIDwh3pQ_1,3523
WYoKVNCSH30_1,3524
WZNbLu4g4IA,3525
W_qFjH-GKzA_1,3526
WaTcrOr3-gk,3527
WaYyPwTPsY4,3528
Wasx0HPXASQ,3529
WcmCeaR7Kk4,3530
WdBygG07nkU,3531
WdE0jsfQVhw_1,3532
WdZpExRajmQ_1,3533
Web5iasWBo8,3534
WegWM9MfmYo,3535
Wi0iDXiVO3Q,3536
WiOoeG7LL6I,3537
WihSOQ3tQkw_1,3538
Wj8Inf10Cds,3539
WjM69tcGYT4,3540
WjikjzSwWqo_1,3541
WlHa4foZbc0,3542
WlhFpHM7lYY,3543
Wli68zezuKs_1,3544
WnMFiznX8XY_1,3545
WoNO_8tWHBQ,3546
Wp4jKO4IYgU_1,3547
WpleZf7o6Gc_1,3548
WqC9XaIJz8w_1,3549
WqWsOMVE56M_1,3550
WrkOKBm3ALI_1,3551
Wro4Idj6K5s,3552
WuGMN12WHWc_1,3553
WuKSQ-_M1aI,3554
WuoR5g21H1Q,3555
Wv59G4v5X2Y,3556
WviZ3J-pPPI_1,3557
WwL2FQcTAlg_1,3558
WwlvxaeHNGI,3559
WxIEetxTkzk,3560
WzQaqtHXGOc,3561
WzjR1buH7o8,3562
X-yEakgxzbs,3563
X0wavLbnBUU_1,3564
X1g2HV45ghU,3565
X2LpR5Hc7YE,3566
X2PsOJ4GaNY,3567
X2zPMYXfVkI_1,3568
X3SkopKJi5M_1,3569
X3YXNM8tpD8,3570
X4AM6n6lNhw_1,3571
X4Vs1TVkNss,3572
X5CuJTOY2g0,3573
X6SdTvnlu94_1,3574
X6V6ixAK0bI,3575
X6ZfXYmVdZY,3576
X7cTwzYjoko,3577
X7vnmMCdV48,3578
X8RjdHHXbCY_2,3579
X8_WnuAdIoE_1,3580
X9PzLJ-yL6s_1,3581
X9wanmhpROw_1,3582
XAvOgSgdGDA,3583
XBDWMGgWI04_1,3584
XCPgFzW3yUE_1,3585
XCYJTR2fzss_1,3586
XCsc6GXwslU_1,3587
XDNgMT4swe4,3588
XDO5mNV8P8o,3589
XDSaCZLa0o0,3590
XE2bfzfoTro,3591
XECPEZiJD4E_2,3592
XEKKQz2x4DE,3593
XEQsvpY65LY_1,3594
XFDOnLG4P7Y,3595
XFG6tJjEar8,3596
XHJhdPI69bU_1,3597
XI4MKE3j4no,3598
XIKz5RlhRZU,3599
XJlP6BgrAow,3600
XJmhK6SxaMQ,3601
XMtMf2GRxxk,3602
XNwWFLtgL8I,3603
XNzRI_vkkxM_1,3604
XOqFl-yg95M_2,3605
XP1X2toQb3s,3606
XQgxYpjO6jU_2,3607
XR2EElHLeWE_2,3608
XR_LQZfd3F8,3609
XRo4L75knlY,3610
XSg7UigBYwY_1,3611
XSz3T7I9Fbg_1,3612
XT42tl2wl_4,3613
XT4QvSmPJRQ_1,3614
XTZcfTHZlW0,3615
XUmgkiZM4JI_1,3616
XV9orqztWis,3617
XVlUiV0aFOM_1,3618
XVoGUfRZqHo,3619
XVyV9wkauSw_1,3620
XWvuOZR3KRY_1,3621
XWwz6oS8uz8,3622
XYVygMJqlTQ,3623
XYfVG8GNe4E_1,3624
XYyZ0xYVA6I,3625
X_tu5xG4icY_1,3626
XaifQVBtgpw_1,3627
XalS8Nhpxy8,3628
XbKXIrsb2Sw,3629
XbKePH5Af7I_1,3630
Xbglx4_9h88,3631
Xbumrid_U8k_1,3632
XcQTq6tBNeE_1,3633
Xca-yzLOWRU,3634
XclyR8ijJbo_1,3635
XdGYd0-mOy8,3636
XdNhZENdMvM,3637
XdhGx06dlAI,3638
XeV_Qqks978,3639
Xf0NPEArdgY,3640
XfXW-x1C4Es_1,3641
XgbPX-5ddNM,3642
XggUmMB_05c_1,3643
XgnLpUYDvoE,3644
XhewfEcC070,3645
XhiIueAytF4,3646
XhxvdfUYX1E_1,3647
XirShDs3mK8_1,3648
Xj4aXWm1Ivk,3649
XjXXmj-9kFE,3650
Xjnz65u4rsc_1,3651
Xl-YVIaxrFE_2,3652
XlHIH3wgbr4_1,3653
Xlo5HX0NVO0,3654
Xlq9pRiAwLA_1,3655
XnTZYBLuwos,3656
XnkB49W7JEI,3657
XpQ4QGeNsGM_1,3658
XpYDSeC0hTA_1,3659
XqH46D16YDI_1,3660
XqcaXXg2ncs,3661
XqqYCaMA1oM,3662
Xqqb4UhRPMI_1,3663
Xr1SEUip10E,3664
Xu7Bjpz-ZRs,3665
Xu87pjWy-zY_1,3666
XunH_PEln9Y,3667
XvUEpKDeies,3668
XvtQ_hOFO8E_1,3669
XwQxJ5FXoQ8,3670
XxRvBiQEf1s,3671
XyDptoi7dw4,3672
XzFGTYxVrW0_2,3673
XzRvTWXXufk,3674
XzUB9q5Buyw_1,3675
Y0-DjFLQcLw,3676
Y0G5Sqs-lYw,3677
Y0JhQ12-JVE,3678
Y0ObDf8ZmJ0,3679
Y1KyjzkkP4E_1,3680
Y1_xQfLPThU_1,3681
Y1qTt6mL5ck,3682
Y1sJK9C1Y14,3683
Y2uzoxP4eZc,3684
Y638xpGVl88_1,3685
Y66DFt19PyE,3686
Y6FhOnbO6UI_1,3687
Y7Smdq0HgqY,3688
Y7eYIdnqRSU,3689
Y8X09M_jMsI,3690
Y9MkvKtXngo,3691
YAn2NmtqmkU_1,3692
YCnpEJTrtb4,3693
YCunYHD0SVY,3694
YDCikAndHLU_1,3695
YELxiOno-Q4_1,3696
YF6c_Lb35ng_1,3697
YF72FhOc8B8_1,3698
YFFVY9bYiW8,3699
YFl0dGwRwYo,3700
YFrtVUeFoe4,3701
YGISt7qQBCw,3702
YGPgejLrILM,3703
YGog5xq4SiQ_1,3704
YHRvUilX5yc_1,3705
YHd3THK5M-w,3706
YHl7zDSdzVE,3707
YIns3vxfhnk,3708
YJTInZmt8eE,3709
YKFHr8y6YRI,3710
YKeS_ZBqjUs,3711
YKnnyhESBww_1,3712
YL4WDUU1nNU_1,3713
YMao9qfTNDs,3714
YMsS8QIdWM0,3715
YMuk_8H4EWM,3716
YMzAv4AKiZI_1,3717
YOouxgzRLPY_1,3718
YP8kV_QxB5k_1,3719
YPnTIhCizr0,3720
YQONdUfXS78_1,3721
YQcpKDKzhIQ_1,3722
YQd_WV8xzI4_1,3723
YQflbkaOx2g,3724
YRCrJpcwteg_1,3725
YRc3fxOAnOg,3726
YRlUUOC7_-0_1,3727
YSKXGgR-m4Y_1,3728
YSgIm4RE1E4_1,3729
YT1x1wgyjLQ_1,3730
YT3NbB5D_AU_1,3731
YT73Lh88yeE,3732
YVKW4zFBxRs_1,3733
YVRYl6f1f_0_1,3734
YW5naaaX4ag_1,3735
YXM8FEEsI_A,3736
YYJ96CO6dt0,3737
YYMy75KpmJk,3738
YZNxu9uehxA_1,3739
Y_T9AimBaqk_1,3740
YbaTI-fVR9c,3741
Yc0Mx7DJ_Io,3742
YcSno6m_WPQ_1,3743
YcTowX_Es6E,3744
YewyTxkCShU,3745
Yf38Dy5zOF4,3746
YfCkx2qZd10_1,3747
YfPizjRLLBk_1,3748
YfbeV360wAA,3749
YgZcsvejUF0,3750
Ygj0IRouWKg,3751
YhHAI3h-Pno,3752
YhVonZ8wM4s,3753
Yic2UpwFlV0_1,3754
Yipdqci-cG4,3755
Yiu0Yd9fSk8_1,3756
YjFFLGIxdsw,3757
Yk2bJx0XDKk,3758
YkB8oNd9yWk_1,3759
YkczyHs5RyA,3760
YkjhmBTDRSE,3761
Ykt6OXbw1q0,3762
Ykv_2L4-7RY,3763
YlpdAUskBYI,3764
YnAajpsmDmk_1,3765
YnKRMSyKkJk_1,3766
YnZWnAEfIPw,3767
YnmUSF3cQCA_1,3768
YoqthDSpmXU,3769
Yp-T6g3cBAU_1,3770
Ypycm97DvfI,3771
Yrzxd9xMdf4_1,3772
YsHiDhGbv0Q,3773
YscdSP4txHA,3774
Ystk7l_FXfM,3775
YtiMW5yuGp0,3776
YtxxtvSqLN0,3777
Yu6K4sXguXs_1,3778
YufUJ48avIM,3779
YuqMoY_OqRg,3780
Yv8NF6YIl10_1,3781
YwFKOE6S4C0_1,3782
YwR00ZeFcQY_1,3783
Yws2a_L3P5k,3784
Ywv9sPO2h8U_1,3785
Yx69VxUEjg4_1,3786
Yympd7Zsia4,3787
Yz4vZ5ALDfw,3788
Yz6em7jgxK0,3789
YzE81xCkrbs_1,3790
YzFnEXBbgqk,3791
YzFnEXBbgqk_1,3792
YzMaVzYqmoI,3793
Z-WSsu6coz0_1,3794
Z-eYQ41xjss_1,3795
Z1QjMt7Nv8g_1,3796
Z1du80pIIo0,3797
Z1rwaj311WE_1,3798
Z3CJVJpzaio_1,3799
Z3vKfnZktzo,3800
Z40K5gHMTUI_1,3801
Z45tFt5f02s_1,3802
Z57OPDQI-AM_2,3803
Z6JNDTUxfUc,3804
Z6tnoY_mWJI,3805
Z7IcqSuMStI_1,3806
Z7eSedTdh8o_1,3807
Z7rp2PsMEnM_1,3808
Z8s8vMx7whQ_1,3809
Z90_kV0h1d8_1,3810
Z9fW5tpQOYY,3811
ZA9VMWZGtLw_1,3812
ZAVbHxqvcZM,3813
ZAXYZbQjJd8,3814
ZBUU3_QSSZ0,3815
ZBUU3_QSSZ0_1,3816
ZD4iPTVebqg,3817
ZE26UZXyMDs_1,3818
ZEOITP9Urts,3819
ZES6f5bu19M,3820
ZGH9wRwlXSA_1,3821
ZGZMh2l-Kro_1,3822
ZH6w06bHVJs,3823
ZHBeAUvAWFw_1,3824
ZHn-DlqMC3c_1,3825
ZIKWlQUff9c,3826
ZKrESO7NJkw,3827
ZLBwSYUFhqk,3828
ZLMSgBfkRgc,3829
ZLj7E6Q5ZUg_1,3830
ZM0n1zjza48,3831
ZM95iphl6eM,3832
ZQzqGalXdEU_1,3833
ZRb_4bhHAus_1,3834
ZRmC8bZ5OgY_1,3835
ZSOCalqaCTw_1,3836
ZT-CEOMhqAI_1,3837
ZT1KeYVFU3s,3838
ZThUGVQhL08,3839
ZTyOfVeFBgA_2,3840
ZU74gADGVD4,3841
ZUL1-j2VL6w,3842
ZW9M04OzRVU_1,3843
ZWdAqWE-J3k,3844
ZY-WTPLbMZc,3845
ZYzl-LchceU_1,3846
ZZAKxP9xMSE_1,3847
ZZtr21utYZU,3848
Z_LPvE-ICAw_1,3849
Z_M-x3Xb-7c_1,3850
Z_aF7Dndg5o,3851
Za7gQoC8eaA_1,3852
ZaBfhzfL_II,3853
ZaNS5RUpBAM_1,3854
ZanVx78hi-g_1,3855
Zb_TG66NcQM,3856
Zbzwv7UaDLE_1,3857
Zc9o_U0ilpU,3858
ZcKsHron__8,3859
ZcVzjZeVwj0,3860
ZcxtRrRVHFE,3861
ZePqDGIfLng_1,3862
ZfEb14w8ZMk_1,3863
ZfvUujCbJR0,3864
Zgmvl6IgXuY,3865
Zgt1aed1imY,3866
ZhM0Ej44-3A_1,3867
ZhZN3BiLEqg_1,3868
Zj_vIX40c4U,3869
ZjgpWHd9cyc_1,3870
ZkswCQRgxvQ_1,3871
ZlECIvK4NRU,3872
ZlEsSpNpRWc_1,3873
ZlHosNYMQwE,3874
ZmPkrJiAoGU,3875
ZmQb16XR9Uk,3876
ZmwQgw19ceU,3877
Zn0fVlU7o9Y_1,3878
ZolqmXUbwIw_1,3879
Zr3LQ0FwcUM,3880
ZrPL-xKnDfk,3881
ZrRMVnEBilo_1,3882
Zrcq4sIJPH0_1,3883
ZrzSxs277R8,3884
Zs0aCR0psKg_1,3885
ZsQKzWzog3w,3886
ZsQM3Ip3WP4,3887
ZuEwvrlmnyw_1,3888
ZuMVWIDZEQI_1,3889
ZuVsJQ_IKxc_1,3890
ZwVF0XfVD7I,3891
ZxL9a3whvvo,3892
ZytQJwYWKuM_1,3893
ZzvSRtMXoSA_1,3894
_-U30DSj-t0_2,3895
_16L9IQXOm8_1,3896
_1V-RYndk_o_1,3897
_1vtXVjFtg0_1,3898
_2S9CpnbPLk_1,3899
_2TlWc7fctg,3900
_45PKVEtIUE_1,3901
_4oE2cTO6V4,3902
_5-p1Ci-LQI,3903
_5ISkq46e4U,3904
_5yHq8UYB-8_1,3905
_7E0eolOh4c,3906
_7G2Uzs6TTE_1,3907
_8BciHWrpOA,3908
_8bxz4NREvk,3909
_9JUz_eRGKk_1,3910
_BPtLQumNF4_1,3911
_C-VYAN3NP0_1,3912
_CKSfuSN8qY,3913
_DzQr-7t3Wo,3914
_Dzn4G-zY6Y,3915
_GG3jvZWj_4,3916
_HPV8-2Xdx8,3917
_I7a-SaQTbQ_1,3918
_J3ub2IKdWM,3919
_JhAFFdTuQk,3920
_K6fZSaEvfY,3921
_KD_lxiKv6o_1,3922
_KNZJg6KmXo_1,3923
_MfSh3vAg-8_1,3924
_NCg6SOF43E,3925
_NQG94L6Ook,3926
_O0kLRn736A_1,3927
_OCCVPF3icI,3928
_OVPsuqM4WA,3929
_P4bfLS4TnU,3930
_PagRKs0NVw_1,3931
_QKUHg7BOt0_1,3932
_QuzEYjeK5o_1,3933
_RUSSzoAwkI_1,3934
_SL5nKedSfM,3935
_UPbbNrJVTI,3936
_VEDOuAOkwY_1,3937
_VfAEWS3NIs_1,3938
_VoVLROfTak_1,3939
_XNGzuCEq_k_1,3940
_ZQRTRss6sY,3941
_Zk6T8osdEc,3942
_Zqd_PC4zYs,3943
__Rz2PaTB1c,3944
__cUle3-80c_2,3945
_a81r3Cftzk,3946
_buJuYv17y0_1,3947
_deTkHwvwhc,3948
_eYKufKYrnM,3949
_erfAmrdyIM,3950
_g40sO4Upvg,3951
_g4EWTEciww,3952
_gSbFjpWY5c_1,3953
_gdCYZeEcTY,3954
_guaVXmbJsE,3955
_idIz52QU2Y_1,3956
_jbbOFSVFyY,3957
_k5G74jDhCE_1,3958
_kI81r19zgI_1,3959
_l5aWVYPWik_1,3960
_lArEvKP43c,3961
_lF0BZafFlw,3962
_mAt07ZKGeg,3963
_mRzTYgtxCU_1,3964
_mmkfKN0-dg,3965
_n7v_yu-uiY_1,3966
_ok_Ke5qnV8_2,3967
_otCOj9YmMs,3968
_p5nn1S8iRE_1,3969
_pDr9N-HtgQ_1,3970
_prgaw9obbQ,3971
_pzmJOER_y8,3972
_qABLoRjm18_1,3973
_qWORH98SLc,3974
_rEVVtT1I44,3975
_rHStCQCPno,3976
_rguUTHtPkg,3977
_sBMoMv15aQ_1,3978
_sL5FydI-Is,3979
_tx2iiQNlZs,3980
_u5BpyWgd2k,3981
_uvEsXwbAKw_2,3982
_v0ZCfpOs8c,3983
_vlN9I_YSG8,3984
_wR2epuH6m8_1,3985
_yuawBKn9O0_1,3986
_z-Ry3er2_k,3987
_zIhoXYpQfQ,3988
a1Nj8ScIhho,3989
a1T4s6FhcSE,3990
a1Zz3eyS0yE_1,3991
a2YWHdD5gKk_1,3992
a3ZwnyHdlGI,3993
a3qDF39okh0,3994
a4PC3Klb_OA_1,3995
a5kEZgbaT7w,3996
a6CyJGTNsG8,3997
a7LNu3_mPAo,3998
a7gXYwtf0aM,3999
a7hNqWODhnU,4000
a7kvbMiKkuQ_1,4001
a8cDfDvCcxw,4002
a8g9AMsHvlI_1,4003
a8w3qeRPwp8_1,4004
a8wk12Rfkac_1,4005
a9xB9EN33FY,4006
aAOnQ9s6SlM_1,4007
aBFl_E3z3m0,4008
aBWOTIxuGus,4009
aCSZ-jr5Y_o,4010
aCaG3G4PAkQ,4011
aD03ngrTQoI_1,4012
aECrxESTDUM_1,4013
aF30g7ajjas_1,4014
aF7X0ClwZVg,4015
aFGQehtPlPc,4016
aFOyoIR4gqw,4017
aFbn0Bm9MCQ_1,4018
aFelqRyZOM4,4019
aGRreliJps4_1,4020
aH6ce_mquBY_1,4021
aHhWeircCv4,4022
aHmj7r_Ts70_1,4023
aI58FdiAz7Y_1,4024
aIJKbhWx3So,4025
aIYmSF72Yk4,4026
aJI0l51wGGM_1,4027
aJeKWqpMr7Y_2,4028
aJkcfI5vUd4_1,4029
aJvkIV-8Q9A,4030
aKKqKv1FFrU_1,4031
aK_immPV5TM,4032
aKd7QTNB4IU_1,4033
aL_AGq7MxBk_1,4034
aMQeupEDGOw_1,4035
aMs5U3qDEJ4_1,4036
aNthcGq-FqI_1,4037
aO1B2sAfigI,4038
aO7Pmus6yEE,4039
aQ6GM2E-3-k,4040
aQEJlg8RhXQ,4041
aQHSHQkL47I_1,4042
aQT4jI0jMWc,4043
aQpVV49PF98_1,4044
aRGwbWv6law_1,4045
aRMlrpN0MzU_1,4046
aS2e07FE2uw,4047
aSHLJIU6ZeE_1,4048
aTHCIoGVi0k,4049
aTbpGKnMdv8,4050
aTp3Y4ABxB4,4051
aVXHUzd1cW4,4052
aVxK8yw7z7I,4053
aW1uRjayEEQ_1,4054
aW8jBRmN24M_1,4055
aWlh04N3DzA_1,4056
aXHoCMyVez8,4057
aXX2ysgHZTA,4058
aXvpcfjK7Sg,4059
aYQ97trsr6k_1,4060
aYbsN9GG3kY_1,4061
aYjNOmE73zE,4062
aYpR1Gsa0_U,4063
a_5rkFrzauo_1,4064
a_yFlzuJ7oY_1,4065
aawUzeSXJpU,4066
abmY621VQCw_1,4067
abz1iHHIktI_1,4068
acdKVU7bbhw,4069
ae55QOIEGEk_1,4070
ae7r5dnrG34,4071
aePcBtCpcPA,4072
aeaHJYnML2E_1,4073
afB8ioKoVh8_1,4074
afZNvfwjxEA_1,4075
ag8J-3yc7PE,4076
ahUSb4o3pKw,4077
aj736kmw3Pw_1,4078
ajczOXxcx_s,4079
ak5WS3_FBv8_1,4080
akYhM0X2Udc_1,4081
alvjMQjm1pM,4082
alyadcV43G8_1,4083
amB7PkF8fWQ,4084
amBz3VzA608_1,4085
amQEVitOUn4_1,4086
amb6frWEiDU,4087
amhLPtOfjgw_1,4088
aodgodCQNX8,4089
aoicBWQGk0Y,4090
ap3r07toNRc_1,4091
apPABUUQDLA_1,4092
apdZVZdwz54,4093
aqym4tojhqQ_1,4094
araXKMU7R4g,4095
at2bDwxeV3c,4096
atIObXII22k,4097
atyCov9u9no,4098
aunVG5Ddwrc_1,4099
autuHm9_jWo,4100
ava3Ux-MDDE_1,4101
avpSF2ZHlc0_1,4102
ax5vPQQRVRE_1,4103
axEFBCXFyt8_1,4104
ay7OzoG5fk8,4105
ay96dkDBYMs,4106
azP0G1dB1KY_1,4107
b-Oi5Oa5TIA,4108
b0-O_EoAR7c_1,4109
b00DR5Ly-Y0_1,4110
b00epXFNL5U,4111
b03dkzGkDV4_1,4112
b0zVJUx-H0Y_1,4113
b1Cbwx9LrQM_1,4114
b1kVeCRjm1M,4115
b23vl51AH4U,4116
b2hjMDOnYnw_1,4117
b4ki5taIk0s_1,4118
b4ywpRBTw4o,4119
b5R9Ubu8bw4,4120
b5pF8YU_ILs,4121
b6mge7fT8p4_1,4122
b7EQniqN7rs_1,4123
b7U7TWlmbOs_1,4124
b7Y145D3Gi4_1,4125
b8uuqEIu8Ag,4126
b8z6CTJw-TI,4127
b9Ad8smAqhs,4128
b9W1y77hDSc,4129
b9_2HxUsi0s,4130
bA7mLrTdy60,4131
bC7wNuiLgHI_1,4132
bC9ZZ5izJPk,4133
bCXEgYMuyQU_1,4134
bCm6R9JGBvA_1,4135
bD4GIT0wuRE_1,4136
bDA6y9S2bb4,4137
bDOUOr8c5EM_1,4138
bEgGF4YuHm0,4139
bFEz8r3xfMI,4140
bF_5-TAoxTo,4141
bGGgKRLRngQ,4142
bGRAQ9ORnm0,4143
bGzdNLa1O9o,4144
bH3KEeVn-rU_1,4145
bHcewri1380_1,4146
bI019MZru3U,4147
bIha_uKKc-U,4148
bJ1Nsi71fnE_2,4149
bJiwFIbDGRQ_1,4150
bK2UmfKfoPw_1,4151
bKliVu0i0SI,4152
bL8PcxnwN74,4153
bMY7k6ug38E,4154
bMZuO_mR3e4_1,4155
bNPBUXiWYYI,4156
bNwhA4fMWCI,4157
bOqgzRbAuqg_1,4158
bP0ibVNj7TU,4159
bR89wUFYe8I_1,4160
bRAauK4qEf0_1,4161
bRG0I-FNuII_1,4162
bRT1xm32nIA,4163
bS8Bh2t9PSA,4164
bTfZoLcLD1s,4165
bWRmIDKlKo0_1,4166
bYZKoGWvfyM_1,4167
bYyLAeq4yNY_2,4168
bZLyr43R2t4_1,4169
bZnTQsP8FCY_1,4170
b_TvDsf97GY,4171
b_cuB9Hjx34,4172
b_lBAwm-AC4_1,4173
bacheB1uzFE,4174
baqITtRxH5U_1,4175
bbWDUkaUXLE,4176
bbWGXTXiw4k,4177
benrZFXwf4g_1,4178
bewlQQs7I0k_2,4179
bfWmhebPLIs_1,4180
bfc3A5WT7O0,4181
bgNFqlUDCMw_1,4182
bgwSjzhyPs8,4183
bh3kxVL3EWA,4184
bhMRCTyJyNI_1,4185
bhPu5UgetR8,4186
bhY9tXL3Z0w_1,4187
bhpHRwqACLY,4188
bi4xQMdEcVo_1,4189
biAm9EJuH8w_2,4190
biSlYwhDtc4,4191
bjJtF35pjhI,4192
bkJI2VTpAwA,4193
bmMd8l2xZaE,4194
bmQ6EhxdBuw_1,4195
bmnbIMDM4MY_1,4196
boWOpxe2CRY,4197
bouFPfGo6UI,4198
bp32ckPVj6s_1,4199
bp9mzPexxVY,4200
bpK_n3OqDDw,4201
bq2QpJpjWUs,4202
bqTLB7fccW8_1,4203
bqZZkH8aoC8_1,4204
bsDAoxpr8Sc_1,4205
buBZGkwchow,4206
bv9giU_G_Mc,4207
bvRVxOWJdMw_1,4208
bwM7NUs3TFc_1,4209
bwrBPuatbGQ_1,4210
bxQU88YWOhg,4211
by5LPvJU5OY_1,4212
bz6nldNgnjU,4213
bz7Stt4IzGc,4214
bzfDfBXrsTA_1,4215
c-5Km1sqJOA_1,4216
c-A3wFtFlEM_1,4217
c-iylYqUcUw,4218
c-n55nBWOIc_1,4219
c02rBJWw1fo,4220
c0Mr2g3NjFE_1,4221
c0YAVT3cqwI_1,4222
c26UiFPMTcw,4223
c3ekz0r_Xwg_1,4224
c3l-zz-FQ9I_1,4225
c4HojUA2FGE,4226
c4Nn0I-C4gY,4227
c4_wAHzGCiw,4228
c5txohM_Pv8,4229
c6-NB5Yrrdo,4230
c6lgZeRgbuM_1,4231
c7P3OaUt-LA,4232
c8QdJkQk-S4,4233
c8cBnLAFa40,4234
c9D91JO8O0w,4235
c9Kcl0vkQh4,4236
c9hrMSMJFgw,4237
cA1B3PFfvjM_1,4238
cApvRkBL8e0,4239
cBtN1DlLXAs,4240
cC0E_KK9FBs_1,4241
cDV-k7lXo7w,4242
cEclg4wFkQY,4243
cFdYCBpZGEw_1,4244
cGIpxkvYfys,4245
cHTrAwUZtNY,4246
cHzy7fieqXU_1,4247
cIPxnJAUd74,4248
cItWv5VCy8w_1,4249
cIyDQeSqcnk,4250
cKTC0499dBc,4251
cKkCZ_GYpkk,4252
cMIJrgJVkzc_1,4253
cM_xDZOtPsc,4254
cMeg0EWN2mY_1,4255
cMm2cWGKt6Q,4256
cN4cdQ7Uvhw_1,4257
cNL6z2IayOU,4258
cP9CvXcgOs8_1,4259
cPSQyj-JTpM,4260
cPtb9OMfZ0w,4261
cPzYNzLFQo0_1,4262
cTLsY2Pa848_1,4263
cW1M5CUdCmk,4264
cW1Vl1AqGzI,4265
cWsTOcbwNJg_1,4266
cXKAkxMNEYI,4267
cXX9Fqj1fuE,4268
c_CVbagPDA8_1,4269
c_N193NzE94_1,4270
c_i7AAEhy3E_1,4271
ca4NtqH_cx0_1,4272
caIqDNu--II,4273
cclXS3qW2bI,4274
cdg2loc35vs,4275
cfAXWBaT88Y_1,4276
cfPvMQAbTy8,4277
cfZzelNoOtA,4278
cfiEadKO-jY,4279
cg4E83GKGJk_1,4280
cg9Qwgaezdg,4281
chPdC6gwibQ,4282
ciBV8fax0EQ_1,4283
cigrNp7NbVY,4284
cj4nM0IFGYQ,4285
cj56UIvObV8,4286
cjb9U7rI-pk,4287
cjlXzFSoIco_1,4288
ckDEZnw3PHE_1,4289
clxS63kY4zs_1,4290
cmFVOsYv2Nk,4291
cmlToISecIA,4292
cpbTXmt7XwA_1,4293
cqpttv1IB28_1,4294
crOKuw1QwVk,4295
cuouiP_uipw_1,4296
cuv95axJkJg,4297
cvBDFoHc-SI_1,4298
cwDDoB4ZOZY,4299
cwDfYuPi02Y_1,4300
cwEfR3ySdZg,4301
cxqz0EbY4yE,4302
cycfuVbrlOQ_1,4303
cyyBiFbtefI,4304
cyz7f5C8VWc_1,4305
czE3uNUVUKA,4306
czmizKva6TQ_1,4307
d0SGtxOqFpU,4308
d3Mz6l_VYic_1,4309
d3i2EjGoA2k_1,4310
d3tDqVfbgCg_1,4311
d4nkMcBvUZM_1,4312
d4zWp5T3P-w,4313
d5SWvjzXUbs_1,4314
d5SYjSyZLZI,4315
d5gBuuQWncc_1,4316
d73jrF3Tevc_1,4317
d9MAodEjHsc,4318
d9fEfBJmy0Y_1,4319
d9qLL38zaZ0,4320
d9s1JfE1Rv0,4321
dAFLzjA5FtQ_1,4322
dBQHt6OHvi8_1,4323
dCvX2SjAybM,4324
dDJCclqr7jo,4325
dELRdOxwEQY_1,4326
dFNIhuujLGo,4327
dGP1h8tXPGY,4328
dGUBX9_VN7U_1,4329
dGg9jffJ8us,4330
dIH705Z6Wkk,4331
dJtS0RP9YyM_1,4332
dNSKKwUJdGI_1,4333
dNZ0oK9jvZs,4334
dOPSYCZ4mfU,4335
dOZOALFxyNw_1,4336
dOdFMkRCpWI,4337
dPSB-HxRET4,4338
dPnP2JZGAks_1,4339
dQ30qulPHvE_2,4340
dQABEhftkDY,4341
dQMbnTMaARA,4342
dQd7vQzxfJE,4343
dQs0quEuTls,4344
dRZkuKTLcis,4345
dRhS2U_Bl5w_1,4346
dSF64aB7oIs,4347
dSGNGtAprtE_1,4348
dT4Y_R7jVIE_1,4349
dT9dCqGuDCE,4350
dTjzMwNtA1o_1,4351
dVHZX2-cexY,4352
dWGCRKIqUb0,4353
dWeSkZ2K4TA,4354
dXn51-btduM_1,4355
d_-8DagcQRQ,4356
d_0HZMA0Ml0,4357
d_GdVQe7Jrk_1,4358
daRWg-gnW7M,4359
ddPCGaifqHg_1,4360
ddUcwkYlh5E,4361
ddanfdSlKGA_1,4362
ddpIUqF0dEg,4363
dduOBzdGYug,4364
deXIYwtAoUw,4365
df3ewqju9L8,4366
dfF51UQf_AM,4367
dggsuMZSGAc_1,4368
dgpwdJ7NHJQ_1,4369
dguva7pmiNk_1,4370
dhPr_hzP8oM,4371
dhYooos0RiE,4372
diGBpMN_-WM,4373
diWGuc9GzL8,4374
ditvJHcM784_1,4375
djeFrqW7rPE_1,4376
dkAI5hTKrJA,4377
dkEWduuC67E_1,4378
dkwDWRmVwUc,4379
dl6mqYVOS18_1,4380
dllJRt0_AGQ,4381
dm6hv7A_XGI,4382
dmDV7FGfc0E_2,4383
dmspcOTLMP8_1,4384
dnZlTBG5Taw,4385
dnl45S16tjs,4386
doW1fga72Kk,4387
doWXendPFc0,4388
dp8CmTJwz6g_1,4389
dq2YpgXqCn8,4390
dqD5vrJHfQM,4391
dqZy_QkKqNM,4392
drY08LJIVLw_1,4393
ds5AgTizcgg,4394
ds5lPKnltQc,4395
dtlqOoeeqDU_1,4396
du_72ySABJM,4397
dv1x5AQM0E8_1,4398
dwuDZ2R6yV0_1,4399
dxPUI_h_LAk,4400
dxoUqsSHx4E,4401
dxvGVA3-j9k,4402
dzKpkPSr6Ko_1,4403
e-oFpEWqbFI,4404
e07tkwowhvQ,4405
e0RfjsPH0yU_1,4406
e0SfMAxA-jo,4407
e0VLtZBWLHY_1,4408
e0WS9OgJpFs_1,4409
e0d5YxnIU3Y_1,4410
e1GC3zNkWpQ_1,4411
e3GI7PCF70Y_1,4412
e3OA2Ag2N8I_1,4413
e3c5fUAhX2Y,4414
e4C5ez28e1w_1,4415
e4iQ8x7UgQo_1,4416
e4lux9dnPcw_1,4417
e4rgP9qVQlo_1,4418
e6Mi_ArdxVo,4419
e6oOrAWzRak_1,4420
e7FqJXEP2h0_1,4421
e7LFVgiUCr8,4422
e7lQ3oflGyw_1,4423
e86DlT0gzqI_1,4424
e8r0Tt42W7Q,4425
e9pXePHQJnM_2,4426
eAFoZUaOwac,4427
eB-n9xBA7Uk_1,4428
eB9zCNo5R88_1,4429
eBiQCRMwX1A,4430
eBn_I264LVs,4431
eCHra4gvq2A,4432
eD1Hy4MJuRw_1,4433
eDr6D34kmcU,4434
eELQUxt6rUE_1,4435
eEoggrLYiEs_2,4436
eFb4OLllu9I_1,4437
eGXitOKnND8,4438
eGo9ontddG8_1,4439
eH7rPf10P-w,4440
eI4NQgjp5l0,4441
eIzOqdVJ2F8_1,4442
eJ5kLxC1ViY,4443
eJ8Brka8TKw,4444
eJ8fFy6Litw,4445
eKESeb6rZGw,4446
eKHR8uZXbHE,4447
eKQhdwlBO_U_1,4448
eKfjQx-16GU,4449
eKlUw_m_ijA_1,4450
eNA2jaQ3PgU,4451
eNAP3Ae71MY,4452
eNbHxuaMpAw_1,4453
eNwMbD5wsow_1,4454
eO-TvyY-J_o,4455
ePBmpfIy7-c_1,4456
eQ5_2D_y2CM_1,4457
eRceNyZCsU4,4458
eRr2PaNsu9U,4459
eSD8MwwgEhw_1,4460
eSFyfkFVTIU,4461
eTKkv1WCs0Y_1,4462
eU8dCYk_41Y_1,4463
eU9MyI-p_pA,4464
eUB3bcNRzU8,4465
eU_A9agtfeo_1,4466
eWPCSqa31HI_1,4467
eWbekocb_go,4468
eYDkqbfQD7E_1,4469
eYe_qYNO81o,4470
eZ1NWsWssI0,4471
eZg439hkK5I_1,4472
e_2UcnQtmng_1,4473
e_i6YwNoSUY,4474
ea8VG_U1OM4,4475
edkUTr95raw,4476
eeMbTJ1Jyl4,4477
eeVBDqHOrEQ_1,4478
eh1UqHy5R8Y_1,4479
eheMtSsA-ww,4480
ei3OdPKC1-4,4481
eiJTiYxjgHk_1,4482
eihGwOuNl1E,4483
ejX8KhT7JRY,4484
ejiaz09X2eE_1,4485
ekGqhBY4SZE,4486
emLsUwqTcMU,4487
en2QnH6V6t0,4488
en7qAq3Vc1c,4489
eo4vVNZ8vk4_2,4490
eoAWbfQWN7Q_1,4491
eoIofO9ALwg_1,4492
eoYHSxd5nWY,4493
epwPALMP-X8,4494
eq2GVYo6G_g,4495
es0vjVM5AFY_1,4496
eseyrC-e-s8,4497
esjHmLoXTKQ_1,4498
etCT8acNlAk_1,4499
etpYZfoTkBE_1,4500
eu6jtNK_qfI_1,4501
evEAhw7lHBI,4502
evfYXabdfZQ_1,4503
evjthp31SBc_1,4504
ewHq-NjArVY,4505
ewTBgnZ0sDk_1,4506
exZSpHQ5Zhg_1,4507
eyzf4IkhbxE,4508
ez4pS4IS6N8,4509
ezucq9E_nvs,4510
f--3Qilcxvs,4511
f-buhqEDiZ0,4512
f-uyGiFPPTo,4513
f0-kfiwqKL4_1,4514
f0EqkYZvyIQ,4515
f0lX1hYxleg,4516
f0qHlVNwotw_1,4517
f0vvft8hF_c_1,4518
f1U4dYb9r0A,4519
f2KRTlDrsI0_1,4520
f2RCrBoqFVw,4521
f4i8gexc2N4_1,4522
f5uvvlfPawU,4523
f64zpSopa3E,4524
f6ncKQ2HlJs,4525
f7KtY9x961I,4526
f7XWdoOSSNw_1,4527
f8BAnw57PFY,4528
f8TsAfMDsVU_1,4529
f9rCwRfIxKw,4530
fAa6GQuNoYM_1,4531
fAbE9RGaHr0,4532
fAjax7qngzk,4533
fAujasBRvD4,4534
fB1PbgyU880,4535
fB6rpU-9SSU,4536
fBaO_PkHBdw,4537
fBzuEo6DNDc,4538
fC-PT3F6GFo,4539
fCC3_lRJ2es_1,4540
fCJA3uu02WA,4541
fCd20l7-3Mo,4542
fCfnAjFQ8k4,4543
fCt-Gci84f8_1,4544
fDYfrgAPig8_1,4545
fEfVaSRjWY4,4546
fEpU1eisCoc_1,4547
fFrKd1qI9ZM,4548
fGtUUD9Hyvc_1,4549
fHWXXTb9FLc_1,4550
fI7cp68IaQU,4551
fJyBgRTcBhA,4552
fKwQPZnzJCg,4553
fLNCrNgXMuU,4554
fNAwhyttX0Y,4555
fQBJzNtf6rU_1,4556
fQcXVe8_ZLw,4557
fR8uxOsE2Nw,4558
fS8tS7dCIhA_1,4559
fSdet-nqdsA_1,4560
fT5IRf73MYo_1,4561
fU3FLT8aa_A,4562
fUfGwnc4Hmo,4563
fVKjue-fAkk,4564
fVM3O_zqrWc,4565
fVnCA91Bvwo,4566
fZsaGLA9Z3s_1,4567
fauftUvYPls,4568
fb4zZYQWRUI,4569
fbjvZ8VrmUg_1,4570
fcSg4Zg7lbE_1,4571
fccxaqUbuXU_1,4572
fcuSg0jzcwI_1,4573
fe3uPTqXfxQ,4574
ffJgebjRuvo,4575
fggt2fOzJsk_1,4576
fh41xuYjbco_1,4577
fhURcNQNqgo,4578
fiTyNgucpYM,4579
fjD41-Frk_k_1,4580
fjiQoursQB8,4581
fkbNA8acuv4,4582
fmW1matLfhk,4583
fmWmAAtfkBU,4584
fnOThtPRhVM,4585
frOqpGZrIH8_1,4586
fs99SCAQCxU_1,4587
fsA2L4hL5Cc_1,4588
fvn1QE0yfPE,4589
fvpPTKgvPJY,4590
fwjl-PITW-A_1,4591
fx9psR2uzxs,4592
fxWTlUwF1O4,4593
fxaFxNiUcSA,4594
fySF9xDtT40,4595
g-ErxwuqzTk_1,4596
g-sQif-_tqo,4597
g1vbPEqLqFo_2,4598
g1xpvj7Xu3A,4599
g358Yz5xFt0_1,4600
g3I84gVyO9E,4601
g3QqEJhvyYE_1,4602
g3Zp-9UhexE,4603
g5Dg60713kw,4604
g6N1jD8-u2U,4605
g6hYRF6ahSE,4606
g8--b-O60kM,4607
g8H6NFJ8o7w,4608
g8JIlO5P5Vw,4609
g8ZrP9KZGlk,4610
g9AslMiIVTE_1,4611
g9R8d7G2MuY,4612
g9SpsCvyEfc_1,4613
gBXLHNjB5Co_1,4614
gCc-L7xN82s,4615
gEGlTYbGvLI_1,4616
gG-xmfo-y3A,4617
gHKbG1LDbDU,4618
gIOJ8eh7GRQ_1,4619
gIbD-xkQiJg_1,4620
gJfBm3-gjws_1,4621
gKJXWarD5LM_1,4622
gLH8E10Xex8,4623
gMJuEhuQYAg,4624
gMsJGGpMWJs_1,4625
gNuAOCWJkZc,4626
gO0DCs4VUEI_1,4627
gOHt4silLhA,4628
gPKQvW2CXhg,4629
gQ_fr_Rv8sE_1,4630
gR1Kd5i82-0,4631
gRI_3iZrN5U_2,4632
gSoXECyR_-s_1,4633
gT_hnPLlO7k,4634
gTnUL6YyXRA,4635
gUOHhoQ9jRM,4636
gYAOz-CJruo_1,4637
gYbNVGvRcms,4638
gYbT8Fh2WXA_1,4639
gZeBXbzKTnY,4640
g_WGhzxUi4E_1,4641
ga-B-UhiVNo,4642
ga47ieQeEpg_1,4643
gbD4G_rYL6E,4644
gcvA1iHN8RU,4645
gdk1_A6_e80_1,4646
geAcMUXIAv8,4647
geLlRLZnNhQ,4648
geZegwhqVSE_1,4649
gfDGWjaDaTk,4650
gfTQT5gzASQ_1,4651
gfg0aOxyM_Q_1,4652
gfgQWafpuLo_1,4653
gfmk3_98I9E_1,4654
ggeNzh5at2g_1,4655
ghyJZVAibyA,4656
ghyz0Xiumg0_1,4657
giANZjR3m2c_1,4658
gjPP4lI0HM0,4659
gjpsKc4rYEM,4660
gjqfGxN2SxE,4661
glwqA5VEbBs_1,4662
gmtBcUWzdwE,4663
gnQLgdWLk0c,4664
go4BoZ5lX1s,4665
gp87To3L1DY_1,4666
gsI77j_jlvg_1,4667
guKx7gevhGo,4668
guOIIr835FE,4669
guhzTYs8TN8_2,4670
gvEzY4sw5Z0_1,4671
gvFkCJni120,4672
gvz1mZnNRJw,4673
gwK7IZYEgK8_1,4674
gxFroPz8ydI_1,4675
gy8DIBO3KPo_1,4676
gyOoK92JltU,4677
gz02l8wMzKk_1,4678
gz3bQ5GGfUQ,4679
gzjPlKC1r-w_1,4680
gzlymlA-sW8,4681
gzp_nV5PK1o_1,4682
h01yeVZv5zo,4683
h0IHd58MBEA,4684
h0J-0nV_CoA_1,4685
h1mgzeLHaMY,4686
h1oFiJchfh0,4687
h3ZdKfu7Vws,4688
h3c9_id8RWg,4689
h4y0h7GDHA8,4690
h58uVxY-2uE,4691
h5N2nXbDBm0,4692
h6GYmPOMrDc_1,4693
h6LSVGsUiRA,4694
h6hwyEN0Jwk,4695
h70xLaGjPIM,4696
h7wUxp1gTSo_2,4697
h8PX8tmC6D0,4698
h8cX3gzzey8,4699
h8zjYuaiBK8_1,4700
hAPJsvuQdkI,4701
hAiUOOeVyRg_1,4702
hBs7tvBHjzQ_1,4703
hCyqeJeKGyI,4704
hD6EdyqWw0c,4705
hDVU5-mq6H8_1,4706
hFbU0wq1A6Y_1,4707
hGE-45zVP8w_1,4708
hGJ3qOLO2ek_1,4709
hH2jM_bJyAc_1,4710
hHLoe4rXNNk_1,4711
hKT6dEhxTAE,4712
hL5w2l57g9k,4713
hLzEs4ZdXg4,4714
hMBo35nYkJ8_1,4715
hMHTMJFYAaI_1,4716
hMLtjJ2H09Y_1,4717
hN6_eLx9tkU_1,4718
hO9pTrkhSlA,4719
hR03PpsD4O8_1,4720
hR9Q-3L5tGY,4721
hTe8e7lfC-M_1,4722
hTxZxP5ypNk,4723
hUlyxPexDU0,4724
hVx3X80m2rk,4725
hVzB0xxqRiQ_1,4726
hWrC71CmNus_1,4727
hXHLEKBaaNM,4728
hXp201_ejX8,4729
hYAtE5G_a9c_1,4730
hZ1IkPKvjS4_1,4731
hZ7K25SvzRM,4732
hZGHZ9sLtlg,4733
h_Ja2phijtY,4734
ha9bN_xLWhU_1,4735
hb8P_6PksSI,4736
hc5PzdRYMUk,4737
hd1_aU5WhjA_1,4738
hdJr3U_BZ38_1,4739
hdLBSjdqvIg,4740
hdMpGpG4LJ4,4741
hdedMoAlUx0,4742
he8ICzchdmA,4743
heZkGdeEaPE_1,4744
hf9_mHO_dPg_1,4745
hfmljrmlZ6k,4746
hga2Zs6wmWw,4747
hgscVnEa9Jg_1,4748
hhE3F517e40,4749
hhIHJjxkrt4,4750
hhnc9qkIwVw,4751
hi_YVOlxY8Y_1,4752
hjLBNqNbuQQ_1,4753
hk2A1bKpvo4_1,4754
hl1aZKaSZ7I_1,4755
hlRsj56XQh4,4756
hlWNjgLwXUM,4757
hmPvK4_rpYQ_1,4758
hnIlCRz665c,4759
hnwJMWsU8tg,4760
hpVSyk3uJQg_1,4761
hpY4EHeLGz0,4762
hurQiZ-f8WI,4763
hvNcv6oLpaY,4764
hx3Ig7Z6Fjs,4765
hz69XeQ-OZU,4766
i-CTcAiWx8Q_1,4767
i-SvPceDJYw,4768
i-W0fIeF-Fs_1,4769
i-W0qokTIeM,4770
i-pOirIukIg_1,4771
i07VeT58iLA_1,4772
i089w0q0af8_1,4773
i0RaT2MIuvY_1,4774
i0mxg-Ww97Q_1,4775
i11LzPy5OPQ,4776
i1HQutvRGa4_1,4777
i2Uc1LRiYbs_1,4778
i4SXWG5euBE_1,4779
i4YK5ssItV4,4780
i4i1dYe1hDE_1,4781
i4rgDyw5mc8,4782
i51r2vobqyY,4783
i5FfdjLi5IQ,4784
i5dtwGBooaI_1,4785
i63RdVVp__E_1,4786
i6snKEGzUUo,4787
i81W1xO6sBc_1,4788
i98p9BicOgI_1,4789
i9_iDJ7f6oU_1,4790
iAKpmP9dGuw,4791
iASooj0B1tY,4792
iAflHa-dXY8_1,4793
iBQVdGzJnoY_1,4794
iCGVvvNuvLM,4795
iCZL3lk119A,4796
iChCDbeSSy8_1,4797
iCxWZbtfqH4_1,4798
iEN8nrcP1y8_1,4799
iEoyPLi9Lys,4800
iEwyPUtL9s0,4801
iG5hfz3BeJE_1,4802
iGDJKo1-w5k,4803
iKNbZ_6pB5c,4804
iLJr7ZAPfLE,4805
iLnDUh6SJSo,4806
iLrSnUDmfC4,4807
iNldnD33t8M_2,4808
iRN0N_yzgE0_1,4809
iRZbZObhJ9g_2,4810
iSjUgwEuBLg_1,4811
iT0YsG0QkbU,4812
iTgS0k5G4HM,4813
iTkwAlp7t9k_1,4814
iURwZntu130_1,4815
iUx2uTIIwjw_1,4816
iWPV3pCRN64_1,4817
iWpgiYUT23c,4818
iXunNKio1wU_1,4819
iZgNcu2HzzE,4820
iZmhl0855b8_1,4821
i_zyHcuPs6s,4822
iaF0G6EmWk8_1,4823
iayx3bt-0Rg,4824
ibTYqJp5cJ4,4825
icD4b5yxifw_1,4826
icjDmpATHwE,4827
icl2XFweTwc_1,4828
idmU_oI_TPs_1,4829
ids6uU-p-lk_1,4830
ie88hOTzHTk,4831
if-ioOMit8I,4832
if8EmpcZpQo_1,4833
ifC99YlyRZE_1,4834
igW552_dD_o_1,4835
ihytBUA_38Q_1,4836
iiWPq-IKhXQ,4837
iiYu_W7B91w_2,4838
ijKFau9K4Rw,4839
ijMeKPPK14c,4840
ijNQOg31iaI,4841
ijZEAkDX9Tw_1,4842
ijcihspmP_A_1,4843
ik8ITcJ1pTQ_1,4844
ilYT_sRF0UI,4845
inBVDyEiUDk,4846
inCpeFUzkNw,4847
inPHcp6Pz8U,4848
in_tDYVG__E_1,4849
inqCbpEQ4LM_1,4850
ioEb1Aqyq10,4851
ioph9CGaf2k,4852
iqPMR6iPPmU_1,4853
iqlb1r9YIAc,4854
ir2j5tb_Dtc,4855
is0vnifQmQE,4856
isrocVWrxaM,4857
itp7CE5KiEQ,4858
iu7j255lYQU,4859
iuFcgfnMyC0_1,4860
iuWCFhzXAw4_1,4861
iuYObHCPlVA_1,4862
iwMNKUoHKgY_1,4863
iwNBFzTrAjk,4864
iwb4_ty2_fY_1,4865
iyN0Qrmy8F8_1,4866
iyvaYVAqszM,4867
izOLXRN3PMs,4868
izdqbJ_kMkE,4869
izjMpJOgofI,4870
izuX0loa1Oc,4871
j-e06h5DMW4,4872
j-qHEAz6J6A,4873
j0FRtPBWKaM_1,4874
j0KYjVbQn2k,4875
j0m4en9JPMo,4876
j0xVU_Y5o2s,4877
j1LtQ6CcA_4_1,4878
j22q83rv6hg,4879
j256ZJRmdrk_1,4880
j2M1Yp100ek,4881
j2TJMBMK4tw_1,4882
j3DMG50QBRw_1,4883
j3M1eyb-Kjo_1,4884
j3XAVjxZDUA_1,4885
j3tuj3W7MFk_1,4886
j3zfVQG0Z_o_1,4887
j6JhN79aivA_1,4888
j7WkWV09J6k_1,4889
j8DclxLUXs4_1,4890
jB1wqkujn00,4891
jBmmS3Hm6ik,4892
jD6niHPDzhQ_1,4893
jFdwRqDDa_Q,4894
jFy2xrByJhE_1,4895
jGIwLZTt9ZI,4896
jHyubnv9xFk,4897
jI62F9LgRlI,4898
jIc74bWBwpw_1,4899
jJe3JfQi_Js,4900
jKOcleZ9e5Y,4901
jKRoVBBlVDc_1,4902
jKUC0tUYcIM,4903
jLV6SCP_7tA,4904
jLr6GA-anhg,4905
jMT-IXiUqYU,4906
jMWvOjMUjYk_1,4907
jNkdn-cMgAw_1,4908
jNqoK6dGDe4_1,4909
jO4x18b1bfA,4910
jOZclErOnvc_1,4911
jR_zotBN7O0_1,4912
jTBahbE4_OY,4913
jTC_PIGT7yU_1,4914
jTQgtnpAMII_1,4915
jTfsjVTVmKg_1,4916
jTiYeNeaS-s,4917
jTkey-Xi7Zc_1,4918
jU4EzkHyLHA_1,4919
jWWLAybE8C8_1,4920
jXFwSjb4-KU,4921
jXIz2WBz-V8,4922
jY2sv02MLIs_1,4923
jYxKWo87YZg_1,4924
jZ46cqBrg3s,4925
jZ4oX1mcxCs_1,4926
jZgU5rsfZ4c,4927
jZrzxlOJBSQ,4928
j_ERp4-Cqbg_1,4929
j_aqqdcJKls_1,4930
jaGiqrGr1y0_1,4931
japf1wZMgiQ,4932
jax7fVU9f8E,4933
jb7aGNEBsvE_1,4934
jbQ45t-svIc_1,4935
jbWFtVsidmE_1,4936
jbybGuk6DA8,4937
jc2G1aW5DQU,4938
jcvnsL69MMo,4939
jd3nIcR1SAk_1,4940
jeTLFZIvM10_1,4941
jfjL9Too_gA,4942
jhJGHoYO_T4,4943
jhh83Fo3Hp8_1,4944
ji3I5Iw0e3Q_1,4945
jiGFdH-Yz4E_1,4946
jiOH72jjdnE_1,4947
jk-q6T9ioJw,4948
jk4ehSo6dXQ_1,4949
jkEN0PmkrDE_1,4950
jkSBzJW8eFI_1,4951
jltBhjuviLI_1,4952
jn-vHteHdA0,4953
jnDhq0g0meA,4954
jp3iGdpZyO4_1,4955
jp_IEErEgzQ,4956
jrpS8BdYE2g_1,4957
jrqLjBjjrHA_1,4958
jrqzCgrsKbo,4959
jrxgxM0Pj7g,4960
jsM5s7HUAhQ,4961
jsuUHXDlVa0_1,4962
jtZUN6jTcUc_1,4963
jthDJHPun0I_1,4964
juL9VaVeWPs,4965
jvJvFTBSXuw,4966
jvTF5BY3UI4,4967
jvqLDP06WII,4968
jwGZ64BB2pg,4969
jwjeDemhdv4,4970
jxApN53iXO0,4971
jyg5sxHBh88_1,4972
jzoSaQe5fdU,4973
k-7zsj7-VLg,4974
k-8lCTgAjGU,4975
k-WaxvAgxrU,4976
k-cDnMe7pp8_1,4977
k0oU46NwtCQ_1,4978
k0pUR0HlaNw,4979
k1DohVb9Ck0,4980
k2aBFQ5mXrE_1,4981
k3gjXKD3_XU,4982
k4TV4QwuYNc,4983
k4UEchc9VnM_2,4984
k5dRhEhUEQ0,4985
k6iqdvYEj4k,4986
k6lRQrt3WKo_1,4987
k8Gk1M_pWlk,4988
k8MRVadUMt4_1,4989
k8gt1UnMkR4_1,4990
k96ZQYGYriA,4991
k9C_uq11Ja0,4992
kA8JbsFi4dI,4993
kAIC79Ubl_g,4994
kBGA6N3xhBo_1,4995
kBaDVYUWeoc,4996
kBahUhpt6H0_1,4997
kCPRwLk0iDk_1,4998
kCUX4h_p3J0_1,4999
kCcBWqGQAJk_1,5000
kEMFrD53l6E,5001
kGNjIYbroko_1,5002
kGa7Bq3pYqQ,5003
kGacw2buj-A,5004
kHGkRSDn6q8,5005
kKCEuKZ3lV0,5006
kKlexawuuCQ_1,5007
kKwNheqJZ9M_1,5008
kKwahC0ZvJM,5009
kLSAkQXXOVs_1,5010
kMebuYjYjHA_1,5011
kN26O2zO-cQ_1,5012
kNozCUWm_iA_2,5013
kO5NaIjjtn0,5014
kOGEagUa-XA_1,5015
kPF8HIor4D0_1,5016
kPx4MXMIFZI,5017
kSNvIZi2cpg_1,5018
kSPgPYgFMfc,5019
kSbesZjIkmo,5020
kU3ISrjeygE,5021
kV7Oo7D26Gw,5022
kVWLNRW6HTw_1,5023
kWHNVZbueII_1,5024
kX2zG8GYM_k_1,5025
kXSOWHHAteo,5026
kXVms85vYqo_1,5027
kYNeJvZntNM_1,5028
kYO_FhDcRXE_1,5029
kYSK3akxd7s,5030
kYgE3-7DngE_1,5031
kYwtY_FCM1c,5032
kZ6gCAbcJOA_1,5033
kZneFf1ONo8,5034
kZnl4XgNVgU,5035
k_cERknXVoc_1,5036
k_yOFdGbgeg,5037
kadMX531Q2A,5038
kcHPJA0kPtg,5039
kdMxj-h-rRs,5040
ke1DcSSwifs,5041
keuFgJr0Bbc_1,5042
kfSr1QvbHZA_1,5043
kfTE4DFPuN4_1,5044
kfb__18uzpw,5045
kgvFkAx0xbE,5046
khVBhrXBIEY_1,5047
khitZin7NWE_1,5048
ki-uVp9OioM_1,5049
kionVevx1ns,5050
kjF2AUzUKO0,5051
kjbYH9I5O4U,5052
kl6t309RsBY,5053
kmxkFZgrfuY,5054
knDXwoLESEc,5055
kncWaeUb5Ps,5056
knmmNX9unM0_1,5057
ko_3tCyv_Dg,5058
kol8vlW0KxE_1,5059
kpVwMOWsclA_1,5060
kqBV5yAFq-A_1,5061
kqc7eglNJvE,5062
kqm4fF_sp4M,5063
krcq0GUvMNQ_1,5064
krnKXV-ct3Q,5065
ktkkqkosNMY_1,5066
kur_a7Q3Abg_1,5067
kusWSSN4xjI,5068
kv9Mw_tuoF0,5069
kvm9DLxYlGo_1,5070
kvs0joxjS98,5071
kwphB-3eDMU,5072
kxpgbuVTGlE,5073
kyMdUjCgk_k,5074
kzVZwbq6m2Y_1,5075
l0DbNgp0b38_1,5076
l0XFIBGJR_g_1,5077
l19j_Mrajdc_1,5078
l1xyWyTDKy4_1,5079
l2aqBT_Vbyw,5080
l2ytof4d1r0_1,5081
l3EHKw-sUDY_1,5082
l3VvC6z1I4U_1,5083
l3fZdrppyaI,5084
l47uS7f0ZSI_1,5085
l4jwOKcXm4I,5086
l4sZF-4-a3A,5087
l55s_LMAces_1,5088
l59aZl_Jrto,5089
l6tVKGOn5JU_1,5090
l74MrarGqOk,5091
l7GQ-fR-DsA,5092
l7HZNntVoGw,5093
l7tvPoyzWRI,5094
l87H6gm74b8_2,5095
l88Gk4kRlBE,5096
l8Aq3ttf3lk,5097
l8lwU4wIOz4,5098
l97vwBQOu94_1,5099
lALvNHxvGDE_1,5100
lBaVjlCTfNo,5101
lCeMDi4ZRrk,5102
lDO3r1artKs,5103
lDS2BP2Sias,5104
lD_M0hAktqU_1,5105
lDeEBmTDzIY_1,5106
lEVfZdtEMkU_1,5107
lF3h9t_N8fA,5108
lF9KfGNnrdU_1,5109
lFY9NjDYAwg,5110
lFyE0xYWW7I,5111
lGjAsZhyyKc_1,5112
lH6pT7nQb9A,5113
lH8ozqCOz_w_1,5114
lJeijKlq1Qo,5115
lJsUQT5Ztv8,5116
lKFWhABVO30_1,5117
lL9bFfJ9t9E,5118
lLd__AgPs98,5119
lMQiMzxO_IU,5120
lNHaEWqFnZk,5121
lOvFBGpn0bQ,5122
lQOdXN62MXo_1,5123
lQpBuFX4L1I,5124
lQyrTnOO4XE,5125
lRYgVqrUDl0,5126
lR_1-a9k6wM,5127
lSPMq5Pdb6I_1,5128
lSwvLtI69Ls_1,5129
lSy4VDcINoY_1,5130
lTbpj1XKVWg,5131
lTzvesFWOYI,5132
lV1k10LuRGk,5133
lW8hheG6HgY,5134
lWnmHMNS06E,5135
lY5wzI7a5CE,5136
lYS6WVGPAWo,5137
lYadClPZWkY,5138
lZ0zU9cHrbM_1,5139
lZFvkSf9kS8_1,5140
lZi4g6ZWBro,5141
lZlKIjW-0HU,5142
lZnF8-wpBKg_1,5143
lZt6lnBA9Gc,5144
l_FTpIhhBg8,5145
l_QL6DBEeFk,5146
l_iVlaZg-so,5147
l_q1yjr1iz8_1,5148
l_yU-eg4lHM_1,5149
lcw-m4_hZUY_2,5150
ldU7z0-dE4k_1,5151
ldZ8V0CmBu4_1,5152
ldoR2f3W4co,5153
lg8a0VGcHKQ,5154
lggh2K7490s,5155
lhRSYduQK60,5156
lkC12LzjKzU_1,5157
lkXLuq4RHCc,5158
llB8wpBo7O0_1,5159
lmHzZtmO_30_1,5160
lmJjVrDDXiQ,5161
lnZbgS3LNog_1,5162
lnjKJelSCnI_1,5163
lo-tct1Ryrc,5164
loVv4NlyfvQ,5165
lpFt9c1GueI,5166
lpwbRVY9-vY,5167
lqPqubp-3IE,5168
lquuC45v24M,5169
lr-4dzTcjB8,5170
lsaavtEzqKs_1,5171
lsp2o-yBY10,5172
lt-sitx_nUU_1,5173
ltKW64fB3VU_1,5174
ltR5hdlEzjQ_1,5175
ltVnbI_MWDg,5176
lto2iIwYuOw,5177
lts3gE45zV4,5178
lxP9Dga73Rw_1,5179
lypZOubhfds,5180
lyx-vjcl6KA_1,5181
lz2BCCFiYmQ,5182
lzCeQ6VI2zU,5183
lzTXlugHZCg_1,5184
lzUMKuDPzls,5185
m-YncUJ0SpA,5186
m0gLC72xKDs,5187
m105B5k5IYY_1,5188
m1LyTLlhmvA,5189
m40rLzSro7M_1,5190
m4NUhzj-l70,5191
m4UTGWK32d4,5192
m4fQZijBvjo,5193
m4ogvwOrsZc_1,5194
m4qwdzErX5g_2,5195
m5IBE8Ozm_0_1,5196
m5OgF_1NIBU,5197
m6Uby73Tg3s,5198
m745tmPqMgI,5199
m7F7GzaBG7s,5200
m7cfsP8_omM_1,5201
m7q4oQRNQPQ_1,5202
m7zujfKvM9Y,5203
m8MBKbGzY6s_1,5204
m8c-LCkr39Y,5205
m95rHmULP1k_1,5206
m9lpyg8UEMU,5207
mDQmu9H4-e8,5208
mDef1KqeBTw,5209
mE9xzpyh5GM_1,5210
mEKieyopxsc,5211
mEhGf6FP0Jo,5212
mFfYVeyQOWA_2,5213
mGWaaXCKdx4_1,5214
mHIxXjMGN8c_1,5215
mIun6SVIyEA,5216
mJz4mKTtt64,5217
mKT_yIIVqbA_1,5218
mKjjkYe1ZSg_1,5219
mKxgmzevEio,5220
mL4_qchOSsM_1,5221
mLANykny44w,5222
mLirLDw62Dk_1,5223
mNf1uFIbIfI_1,5224
mOkpsL3dtYU_1,5225
mP9BH-ZabQk_1,5226
mPEgUoTSEoY_1,5227
mPZ37Qlg4B8,5228
mPyRIGEieXo_1,5229
mQPmk_qj6wM_1,5230
mRmOZEKXSFQ_1,5231
mRodiqQBduE,5232
mTuXlaWeVf8,5233
mUeSvl1T5Sk,5234
mUes7TvTZ0Y,5235
mUhcz7RyFqI_1,5236
mWBceiU6iR4_1,5237
mWHH9UopPFs,5238
mY5LdfQ0sjQ,5239
mZ8Tmp9I2Is,5240
mZPhzM2sh0E_1,5241
m_jv0J-ORnQ_1,5242
maf-Qj8EavI_1,5243
md3sDbLwP_I,5244
mdghSfzgn_w,5245
mdv4f8f7JpQ_2,5246
meGXyGsCWhs,5247
mfoG6eiYkuA_1,5248
mgVaDE2i02s_1,5249
mh7hK_GB1yQ,5250
mhO9nuyQ28I,5251
migHEZ8zuh0_1,5252
mikGymYxces_1,5253
mjwekhNRLbY,5254
mkXoxeaRCRc,5255
mkgTT7rVBAQ_1,5256
mkl9CmVJ2tM_1,5257
mmXQw0IktO0_1,5258
mn1F8ifBfE8_1,5259
mnZrhrQqNQk,5260
mnswyczu_t4_1,5261
mny-_WVQmTM_1,5262
mpugTirtE4Q_1,5263
mq9WIJ0BxY8,5264
msAFTkGIkKY,5265
msFZgjGHhCw_1,5266
muFgzetIJP4,5267
mw6GHL7CsJw_1,5268
mwUQPlBBZgE,5269
myELYk-m-cI_1,5270
mySSsdvhhZI_1,5271
mztpaGS8lno_1,5272
n-1noAwKg1w,5273
n-oYLZ4V2ZY_1,5274
n0NXSLz7Skk,5275
n0ixnjHqfAU,5276
n162JtquPPo,5277
n2XiOTb_y0E,5278
n2Yyy3BkMjk,5279
n4ITD16-c9Q,5280
n5UUf4qS9vo,5281
n7Ikc1zpm-o,5282
n7sdyYH_Vss,5283
n8CdU-tQIX4,5284
n9F3-JF1Dug,5285
nBXHnSz4pYc_1,5286
nBnJhuCSZxY,5287
nBp-9HnOvow_1,5288
nC0-4IBpIe0_1,5289
nDjjCfmeT28_1,5290
nEoBtV3LSLw,5291
nGBnt1hkNA4,5292
nGYNwYqr4iM_1,5293
nGiuyZ9jIds,5294
nGk01dUfQo0,5295
nH3nl9uTYc8_1,5296
nH5V7jQYZfU_1,5297
nHEWuB2F5O4_2,5298
nHdz1IK9ydw,5299
nHoSIUvNUhA,5300
nIBj-sIAi3s,5301
nIYd_DTmgOA,5302
nIw0e8QMIko,5303
nLRgpHuC0fQ_1,5304
nN5836JqV6o,5305
nOfYw4qFT98_1,5306
nOqqumlcVYU_1,5307
nPFOofWkMZc,5308
nPejilWVcLU,5309
nQhm9tWvaog,5310
nR0rTKA9Ldo_1,5311
nRHDYOP78eE,5312
nReXFWHGPdg,5313
nS1xo_n5_sQ_1,5314
nS5mLcPFpnk_1,5315
nSEzV5TYaZk,5316
nT_QwhsDXR0,5317
nU2c599HQUM_1,5318
nVGUO-aBw6o,5319
nWsRyI0iqEQ,5320
nX8FJ8qjPuQ_1,5321
nYQJc4FIONc_1,5322
nYq64foD8OE_1,5323
nZC6NXo3SAc,5324
nZPix7hmbDc_1,5325
nZQgs84-71M_1,5326
nZXIuMlpqs8_1,5327
nZp9HgnRg2Q_1,5328
n_8B2_ChR7I,5329
n_ZH6USjaMM_1,5330
na-Lq61BD80_1,5331
nbGClOPWFAs,5332
nbGetUh9P74_1,5333
nbJBh7lzl30,5334
nbVI64uJFks,5335
ncAPREMR3JA,5336
ncRjrgTmEho_1,5337
ndCTFD1P_qo,5338
ndTLR5u4IKc,5339
ndh4le8xfHY_1,5340
ne5dJi6f9aQ,5341
nejz8c9gkFE_2,5342
ngk26A8JXKk,5343
nhLcG0rMU7c_1,5344
nhi8hvvKDe0_1,5345
nhlsBwo95ms_1,5346
nkox-ajvLnc,5347
nmC9PhWItts,5348
nnpCEu2kzrs_1,5349
npDGGJ0M-wc_1,5350
npkVQCEbeeM_1,5351
nqBsZsXrUk0_1,5352
nqH15OqXPnI,5353
nqN1KzFQ-nk,5354
nru9lQCilqs_1,5355
nsIYX21oO_M_1,5356
nsmhWfsLTLc_1,5357
nt0_JZPdo-Y,5358
nt6YlBv1Qv0,5359
ntsopMo8ABU,5360
nuTB6o4EeUU_1,5361
nuVE-pwIDNM,5362
nuYcIMq8e5U,5363
nur8ELm8QV4,5364
nv_OhAg7zNE_1,5365
nvofZFSfV1w_1,5366
nweVa6JYyYw,5367
ny7-NbuyCuY,5368
nyjlcCkgQVI_1,5369
o-H6UeceSts,5370
o-Y-aBPo_xw,5371
o1HHyNHRKaw_1,5372
o1T_M9vuDr8_1,5373
o1TtSAj8-oc_1,5374
o34Uvfsrpy0,5375
o3ThFwDDdso,5376
o3UvzZTcMqY,5377
o3Yqyk3bfXE,5378
o4AfySvjYxo_1,5379
o4GtA7kt0xc_1,5380
o4zm0Ga1olU_1,5381
o610N3lN8Zo,5382
o68UYF2jW_o,5383
o6HO3Gv3-HI_1,5384
o7TVosWSogI,5385
o7f9Ny0BfQU,5386
o81WOSZDrs4_1,5387
o90151UDeTo_1,5388
o95thycjZd0,5389
o9vIJZ9h9dQ,5390
oA3QZPn2m1k,5391
oAbVUktjGi0_1,5392
oAhY6BKcbG0,5393
oBQfG6EUQEM_1,5394
oBlFP8OmGmI_1,5395
oClte_ZOU3o,5396
oCv7HT967Zc,5397
oDkQtwBcNJE,5398
oEb4cNh9cng,5399
oH1yvkXOQ6w,5400
oH5IJ53C4Nk,5401
oJUjrqXkdjs,5402
oK0JcoPqnuY,5403
oKJinRbyd5c,5404
oKZLgXGojzE_1,5405
oL5-8eYbp3I,5406
oLG6MTeNo2k_1,5407
oLKRnSnr58c,5408
oLYzn3tvSWQ_1,5409
oMptigXjs8w,5410
oMrL9S8VGJ0_1,5411
oNLS4rBETd8,5412
oNRtJ5PQ4NU,5413
oNnwv2EUUOQ,5414
oPV8jV_SqGM_1,5415
oPedYyqevCM,5416
oPypd7lSD84_1,5417
oQ5MXCEEm7M_1,5418
oQNOHd5JtqA,5419
oQZt_Mg6WFQ,5420
oQhxACPhL1k,5421
oRJn3LprR4U,5422
oROlXdZN6pA_1,5423
oRWZCnGJmjY_1,5424
oRbyb-naKkE_1,5425
oRcnRJ4g8GY,5426
oSG1xo9mKto,5427
oSXFhrjLVAI,5428
oSjumbZ6yhI,5429
oUGGkzVjF3A_1,5430
oUcoHPxXsbA,5431
oUq6eVq85sU_1,5432
oX-Mo3au4eY,5433
oXDA73D5WAM,5434
oY37vXA7tXk,5435
oYPDwA6rGqc_1,5436
oYwBPKBX2kE,5437
oZ6x75IBNj8,5438
oZjgBn_Aml4_1,5439
o_Dvm4U4sLo,5440
o_ThmWoMwYM_2,5441
oa5xViQgdGc_1,5442
oaBVfRn6GPA_1,5443
ocJHUZkUA1E_2,5444
odwu59KYHWk_1,5445
oeH2BtfiHVI,5446
ofZ6Jo2XUn8,5447
ogn8OCqqQ7k,5448
ogoYx2zZE7E,5449
oh90rIHoAuQ_1,5450
ohjswsB3XdQ,5451
oizhgT9YG74,5452
ojCn0dDr1m0,5453
ojf8g4q0xvU_1,5454
ok8DLBVJmKU_1,5455
oksjclh3Z3M,5456
omEpmBorZUg_1,5457
omcdxRmGHMM,5458
onUK6-vwi1s_1,5459
onsdyXAWNqY,5460
oo5qLRI1lmM_1,5461
ooGQLLL-8RQ,5462
opvfqSmc3TM_1,5463
oqQZVkOsNh8,5464
oqq2I0ePK3Y,5465
osKMM2nRMaI,5466
osLBI6ox7EE,5467
otXF356rVzQ,5468
ouQmvo795rE,5469
oumchDY1yqs_1,5470
ouqUEVpF0v4,5471
ov-SGBORI6Y,5472
p-TiL6oWEbA_1,5473
p0IHOoCCGNU,5474
p10Dt-78muM_1,5475
p1cUjAAJGtc_1,5476
p2fONcgegyM_1,5477
p2tLsgPiaWw,5478
p2tdvIBIU0c_1,5479
p6Br14ZTsZI,5480
p7L6g9YzTVU,5481
p7oldq2vCto_1,5482
p8-zJttOAKc_1,5483
p8R2zU16-xI_1,5484
p8ccKTtbyaQ,5485
p9SdpeHMkZ0,5486
p9bBKmmXvkY,5487
pAo8Zc96Tu8,5488
pAtADV-ujaQ,5489
pBeRmN-a5lU,5490
pC0Qg1SBVs4_1,5491
pCBCoT-2Bb4,5492
pCOcHCIK5rc_1,5493
pD08WIZUULQ_1,5494
pDANep6oMko_1,5495
pDoqBNI1OyY,5496
pEM47kqgTEc,5497
pEdQoefPlaI_1,5498
pFUbKCb5m0I,5499
pFhX9i2XDVY_1,5500
pFvqiGdzRH4_1,5501
pFwwq-q_VTk,5502
pG0n_OYfyQ4_1,5503
pHKwOx-oGic,5504
pHgHQOTWz-U,5505
pIdeeOdo8pw_1,5506
pJZsB91xhWE_1,5507
pJi25JN7TwU_1,5508
pJpVzk9brGM,5509
pKXztoHJJLg_1,5510
pKb4DHICBuo,5511
pMUP28lpEtI,5512
pNIc3-tZCr8,5513
pNiWeRZM59o,5514
pOrhwbKtrns,5515
pPNhLjhDOcs_1,5516
pQ0xpEJDynQ_1,5517
pQlSVEXVTg0_1,5518
pRJFwOmmjPE,5519
pTbDCcIMvpM,5520
pU-6WzNOsuc,5521
pUUQ1UG90rU,5522
pUe8744GO0Y_1,5523
pUfkesVaSYc,5524
pVFFflkBVio,5525
pWdhIAVSNh4_1,5526
pWeJhQGITxI_1,5527
pXODwFAlZUg_1,5528
pYCXAIysO5Y,5529
pYNE4dYeRKk_1,5530
pZ3sCNXcd_8,5531
p___W5DGZYM,5532
p_jV4LqTBws,5533
p_jiAp79UAM_1,5534
pcIRZ8YeSwY,5535
pcL8I0LkHiI_1,5536
pcMAg0w93W0,5537
pcszWYZUdr4,5538
pcz5j3TcyEs_1,5539
pdCmQ4U7C7c,5540
ped2hI_0Lu4_1,5541
pgB67M7B9RY,5542
ph86UNnfHM4_1,5543
phWVA0eK_x8_1,5544
pi2WpXIFSN8_1,5545
pi57mKwYBNQ,5546
pjwWOqfb8JQ_1,5547
pkfSN1ufC0c_1,5548
pl4fBwS1VKA,5549
pmZTgjnADhQ,5550
poWZ8sd_wfk_1,5551
pobP84igDt4,5552
podfgBVY9ak,5553
pp-VaOe9Aek_1,5554
pqdymDbWmpM_1,5555
prb13TWFfLY,5556
prejlBZJFWo,5557
przV2cLTG_4,5558
ptxxnMh-dvg,5559
pu9ff2Xvfy4,5560
puQHunAHML8,5561
pvCPTa5YUSQ,5562
pwGHjBM_o0A,5563
pwh-LfRLloM_1,5564
pwmFabvAS3k,5565
pxDoKJd--Wk_1,5566
pxP6gH5pazw,5567
pxQQZrTl_S0_1,5568
pxjiTt5uiQo,5569
pxlwsuM4GeY_1,5570
pyrA60I4x5k,5571
pyuu4e4fioE_1,5572
pz-WdE_67TE,5573
q0FzWxQ3D8k_1,5574
q0NQtFrQljs,5575
q0tH9vIYWNU,5576
q2wNudHNr3Q,5577
q3r_Y_arWCY_1,5578
q4UZa51yFUA_1,5579
q4cpBqay1qI_1,5580
q5h35OmM1Zc_1,5581
q6RWNvLf2kA,5582
q79Rs300DoY_1,5583
q8YYLFkGEwI_1,5584
q8nqvTW4ZBE,5585
q97fAwh2-aM,5586
qB4HOTYT1VA,5587
qBNL8tfKk_8_1,5588
qBsdlxgyHU4_1,5589
qCoHkpGP5CA,5590
qFOJk1w7PIs_1,5591
qFfaDK70Jvc,5592
qIEr10Hg_Hw_1,5593
qIRaIAMh3Nk_1,5594
qIYgR-Dvb6I_1,5595
qI_HL9U9_UE,5596
qJ25qL-gfX8,5597
qKEIXeVwCB4_1,5598
qL6nqL53Z0g,5599
qLAU7iI1Cfs,5600
qMD3sfogugU,5601
qMDStZsjwX0,5602
qMGPlkkXdek_1,5603
qNUrBAQsL5s_1,5604
qNWz7DPyrnU,5605
qN_4AbN4yS8_1,5606
qP3z3jT3ENc,5607
qR9b5ntUm50,5608
qRqxwR1617A,5609
qSD4IBK27Zg,5610
qSuPoYq-8lc,5611
qTKpCqiDQZI,5612
qTqWjy6FgNE_1,5613
qUIXw4OObjQ_1,5614
qW80XrM1yWQ,5615
qWzBMXkJ-DM,5616
qXPZr651bTY_1,5617
qXV1KRvMA-Y,5618
qYk4iw7qgmc,5619
q_0AgxMXZkU_1,5620
q_HxcWofEZU,5621
qa59arBbolM_1,5622
qbITjeyEq14,5623
qbqRDmqdD3o_1,5624
qfxkW7YYQTU,5625
qgH8zxbIQr4_1,5626
qh52MLe84Fw_1,5627
qhy4d9BzMIw_1,5628
qiK-4WwmTNg,5629
qiTht8WDOvI_1,5630
qjRRaPtsqf4,5631
qjgThWSsOVk_1,5632
qjlkVQxsQJg_1,5633
qjnZDMjWiuk,5634
qkl0Ad2_chc_1,5635
qksJ3uwtD1o_1,5636
qkzrIpdfelI_2,5637
qlTFEkGXr7Q_1,5638
qm7nogtX_GY,5639
qmOaTqw3WQY,5640
qoGtYKREfLY,5641
qoMWB2o9jfE,5642
qoU45G2WmsE,5643
qp4Sw-QAMD4,5644
qpNvq1zrIuc,5645
qpeSv7MX-z0_1,5646
qpynNeUIkM4,5647
qr6GWRK8STs_1,5648
qrAKx_t3qYk,5649
qriQ0SvqUq0,5650
qrkzRim1Qc0,5651
qsLUWtIB5eM_1,5652
qtblK4nxVok_1,5653
qtmO-0Fsjz8_1,5654
qu0RevE96ac,5655
qvpipwu40zk_1,5656
qw9d-nRDzKM_1,5657
qweRHfBQxEg,5658
r-FVBdwV9VI,5659
r-Og6CaFJUA,5660
r15J1z-vQIM,5661
r2cxiOVBhpE_1,5662
r2tTgaCMDWo_1,5663
r3EgB2AGF3s_1,5664
r3H0vo7q6qY,5665
r3HsR87-sN8,5666
r3MqV1WicvY_1,5667
r3XLYw0EMlg_1,5668
r4n7uVq_LzU,5669
r4sVEIO1jZE_1,5670
r5N3Xy-KNAU,5671
r607N-5gkHs,5672
r644w1okl48_1,5673
r777eDg0fX0_1,5674
r7Po-epk8iY,5675
r7T0UqigDqg,5676
r7VLa40tjvM,5677
r8-q53AmmMg,5678
r8ySf1Ql93Q_1,5679
r99WfHTRr2A,5680
r9DiSHym81k,5681
r9JwYFol1EM_1,5682
r9Lc4qHj-cg_1,5683
r9QQ0jQ64IQ_1,5684
r9XwyFRQsqY,5685
rAUcd8-2e3Y,5686
rBD74wqvKeI_1,5687
rBPJARGhPNg,5688
rBRJw6gUMHM_1,5689
rBi-dpJFZuA,5690
rC5QdAVnv0I,5691
rCfYRtWfYVA,5692
rD5-gbf9Gzg,5693
rD5QxDhHIxw_1,5694
rEBOoE50Ghw_1,5695
rEtGA49vlaU,5696
rFC_zjBmNw8_1,5697
rFFoZPPKsC8,5698
rFkWotSdjdk,5699
rFlXpH9WCf8_1,5700
rGn67Xxthrk_1,5701
rGwK-HsdDk0_1,5702
rJOGOpWkH6U_1,5703
rJbc69qxPDA,5704
rK412FrGOxY,5705
rKDZTG2rFPs,5706
rKzMbfGElSE_1,5707
rLgfWU1DpbY_1,5708
rN9rKeJZmqI,5709
rNvWUflStQQ,5710
rOZhirQPdr4,5711
rOcFkQzLhLQ_1,5712
rOjimhh-dqE_1,5713
rOonVQYaM-A_1,5714
rP-VqYz6Lyk_1,5715
rQ4mnndh8wk_1,5716
rQkxqEgXEYQ,5717
rRVnNmQOR-I,5718
rSeg8yH3Lgg_1,5719
rU5LeIE7tmM_1,5720
rUXhFDo3Bv0,5721
rUZD2TQcbvI,5722
rVBNDX51--w,5723
rVEOXcTj1NU,5724
rW8bfuuzfgI,5725
rWCFmpbmMPw_1,5726
rWM6kOxTTIo,5727
rY6VvljDcc0,5728
rYTt2LuzVhw_1,5729
rYwhWesDH9k_1,5730
rZnNOW47uNk_1,5731
r_tsg9162uc_1,5732
r_xF77i3RGw,5733
raF-yOcZpkk,5734
rayOhAZhd2k,5735
rbXizQI1XOM,5736
rbdcr9AQtrE_1,5737
rbu6XJFG-uI,5738
rbw7n0D0KGE_1,5739
rc7GRaEyQHQ,5740
rd2t-M0o7Ds_1,5741
rdW1Snzd9cs,5742
rduuYRHkDtw_2,5743
rfTcUTbx4ZU,5744
rgk8cmr4El4_1,5745
rhbOs1NZYRM,5746
ri8j2L0zG9c,5747
rihHzABTIPg,5748
rj0GN2scIsU,5749
rjAoqYLMHrI_1,5750
rjZmgbqdoRQ,5751
rlMareW0lTU,5752
rmgyo8yyqfo,5753
rn-sFXA7utE,5754
rn4NJPtL1m8,5755
rnK5ck1th4Q_2,5756
rpMNq0nFlUQ,5757
rrgx0TM2nfc_1,5758
rrjpij1UdL0,5759
rrqJccrO4vo_1,5760
rs7TTTwmbBo_1,5761
rsDIotNeFsM_1,5762
rsKBWd7j4n4_1,5763
rskg3zep4Gs,5764
rt9BRaQYqkg,5765
ru9ZDRu566k,5766
ruGnpxVL54k_1,5767
ruOCbes6zaM,5768
rufhjKU3UII,5769
runWN1EzmEE,5770
rvAlXnalbqU_1,5771
rvOBl50SewA_1,5772
rvZ_e5KC2Mw_1,5773
rvjY9vlX_H4,5774
rwhRNPCPp34,5775
rwocxlQmNvM_1,5776
rxLiUBQv4s4,5777
rxS-0_0rVV4_1,5778
rxzyWCTxCbg_1,5779
rzVyqTff8MY_1,5780
rzY50tnGKNg,5781
rztToJBqL3k_1,5782
s-570A5kLxo,5783
s09swjiVGok,5784
s0HIntkDTew_1,5785
s0WQZn1xjxo_1,5786
s13W7g7VnJ8_1,5787
s1K-Mqzy9Bo,5788
s1tq1t4LDuM,5789
s3tJWRZegCw,5790
s4ez79CSE58,5791
s57mcqROvtA,5792
s5AMrNjoP0Q,5793
s5cimY-et2g,5794
s5kbd2DCqpk,5795
s5mQsATayMM,5796
s67I8VUigAU,5797
s6C3AecUXiY_1,5798
s7LkPeqby9A,5799
s7Rg0qiQ1Fs,5800
s7U2zrpRFD0,5801
s8wH4rgfn20_1,5802
s91r7_fA4O4_1,5803
sAQO6QDpXPM_1,5804
sDKms4XnnWM,5805
sDvfKoCt0nI,5806
sErgS9d1UdM,5807
sEu_kUiVDho_1,5808
sFjn3cTFUT4,5809
sFyFmt6-rc0,5810
sGzaDUwWF18,5811
sHXOURRWbpg_1,5812
sIRKe3QdsJ8,5813
sJ6Zv0fi1xM,5814
sJF8p7K6dwk_2,5815
sKiDLFiFALs,5816
sLLQkt04ZiQ,5817
sM0iALMvEmk,5818
sMdon0OffjU,5819
sNQ2sQ75wJ8,5820
sNWCdBEIWa8_1,5821
sNYOD_Qd7Mw,5822
sOOzZZY-gQI,5823
sORWtcK5Cl4,5824
sOSo5pep4dg_1,5825
sOXdM996SmA_1,5826
sOfglCTtdsY_1,5827
sOhE4j6NGm0_1,5828
sPqivRKBiNc,5829
sPzCUfCMJH4,5830
sSvBHFI6AOk,5831
sT540WDiY_U,5832
sTrWqNmE5HA,5833
sUBUK2M2nAY_1,5834
sUjhP9obOxY,5835
sWKP1r9ykRQ,5836
sXWMPF_Enus,5837
sY360i7TkCA_1,5838
sYoLxEMCh9E_1,5839
sZ1qra1mVEU_1,5840
sZKjZfzGTVg,5841
sZXEa_h85YQ,5842
sZYTPis34fI_1,5843
sZ_d3pRaDzY,5844
sZpGP0kZeqo_1,5845
s_VX_84e7iM_1,5846
sbcGX30IGvI,5847
sblmoDlSQ7U,5848
sbyKhp04Wdw_1,5849
setzKjXP4MM_1,5850
seuq2MSa2X0_1,5851
sfB6sqRdrFY,5852
sfOCOxSfs10_1,5853
sfpvbKAz4Oo,5854
sh5goqn8bGI,5855
siXvRrMuC0s,5856
sj8kYLtXNZU,5857
sj9wd5B3KfQ_1,5858
sjpTILsokjg_1,5859
sjpdu42KxwI,5860
sjzz-U6f2E0_1,5861
sklN8_APb_s,5862
sm67xCmbfNs_1,5863
smJOWK8guVY_1,5864
smKYyxd26GY_1,5865
sn0j9u42p5Q,5866
soEw9PTY8Yw_1,5867
sp7GuSz7GRE,5868
src6zFQawX0_1,5869
suvKXxPyaWM_1,5870
svQ3jUcN4f8,5871
svQLNa2vzFI,5872
sverVWEAPD8_1,5873
sw0z81Ri4ps,5874
sy0W-04L9Gk_1,5875
syK7APT1R4w,5876
syXsQXIoZEI,5877
syeNmftfElg,5878
syi9ijwHDR0_1,5879
t1ElZ8Bbzyg,5880
t1XvJu6yRk8_1,5881
t33d8E-JtV0_1,5882
t39zwxTZXXk_1,5883
t3QUjMIwyxE_1,5884
t3XnfkCsUiY_1,5885
t454iG2RVJg_1,5886
t5uTmmYDQdI_1,5887
t6HMWWJR398_1,5888
t6P93AbQbjQ_1,5889
t6mh1uRdQQw_1,5890
t6qqXzf4tq8,5891
t70Wrphzj2w_1,5892
t729MGitv94,5893
t7BWrIChL1Y,5894
t7nY3ygqVlQ,5895
t7t7Jioxeu8,5896
t8sdmhD1yCc_1,5897
t8z3PzQKmwg,5898
t9b5K6YsBk8,5899
t9pvXOgaJe8,5900
tAVnVRAbkz8_2,5901
tB9EhSaD8MY_1,5902
tB_xkoYZGBY_1,5903
tD71RsErB30,5904
tD_WEFLyuDY,5905
tDtIQ2M-GRo,5906
tDtdGkG9-OE,5907
tDvbCVB02yA,5908
tEJlKXA7Lkg,5909
tF3WaFt4kdY,5910
tFftFv6aIjE_1,5911
tHMs61ZefE8,5912
tHNhqhFdMgQ,5913
tHSogBpBi5A,5914
tHW-NM2H3f8_1,5915
tJXSJJCLffU_1,5916
tKNmTJAEhBI_1,5917
tKOaMOhEaX4_1,5918
tKmXdtC6FLA,5919
tLOTRTxqIS4_1,5920
tMYNBmb808w,5921
tNNf1uxRiDU,5922
tNObn5kXF7Y_1,5923
tOHjjyuut4A_1,5924
tOrStACTZII_1,5925
tPNg2Waa57k,5926
tPpANCTOBgs_1,5927
tPy0Fs9D3CA,5928
tRNnbHdT9Ms_1,5929
tRo9FnfeFj8,5930
tS7NrrYnx_E_1,5931
tS9ulw9g7uA_1,5932
tSSAkPEkMn8_1,5933
tS_WbbhJD2I,5934
tSc2wja2FZU,5935
tSgEtTP4jkM_1,5936
tShdaK0wAgk_1,5937
tTM_n97xYp4,5938
tTjQsNGEeZ0_1,5939
tUV7RnfFTa4,5940
tUegsOrBY1U_1,5941
tY45mTvKGKc,5942
tY7LqqsBV5Y,5943
tYDAioUJUPQ_1,5944
tZ28xXARcyk_1,5945
tZRz_YRiaYw,5946
ta3rguAgy9M_1,5947
ta7_tTeIt6c_1,5948
tahzIp5we8o,5949
tbKfPkTlfQk_1,5950
tbjIgLxJxic_2,5951
tcHUMXaIuw0,5952
tcLqrt9QnPA_1,5953
tcPXoZXEs2g,5954
tcvRMX6s_b8_1,5955
td1WlMO5Frw_1,5956
tg9QaW7Pvm8,5957
tgJL-RUAvO8,5958
tgq3cpoyWB4,5959
tjA2aFyBuY4,5960
tkO1_qURjXM,5961
tkqalXOIXJA,5962
tmVG2vu0ZGA,5963
tm_qJX6hHFg,5964
tnMi73_WfPg,5965
tnQmQCzJKfI,5966
todyjVC_JTs,5967
tol7I8LtJK0,5968
top7pkA_DgY_1,5969
tplh8l5q74U,5970
tq85NQ0vOkA,5971
tq8jQqoHYFA,5972
tquKNwZ2GmA_1,5973
tr9YJUmvus8_1,5974
tt4b-WhpGQo,5975
tuWWc-SdvF0_1,5976
tuw6tMLjHwQ_1,5977
twc2FUfpUYs,5978
tx2Z3baCxLA_1,5979
txywF-r9y2Q_1,5980
tyLcsnN8-v4,5981
ty_tchoaG4Y_2,5982
tzW3OXlSkNw_1,5983
u-vcH9n4_P0_1,5984
u0VMIS7wC-Q,5985
u0ztdPXq6mY_1,5986
u1PuKrTDzdI,5987
u1yq_lnEwGI_2,5988
u219wF2P_0Y_1,5989
u2IcV4xxNSA,5990
u2O5QPKSzGo,5991
u2VLr8CRVGc_1,5992
u2_aJhGSIpY_1,5993
u3CQB1epJcM_1,5994
u3NRv46oJVQ_1,5995
u4LSjLeQ1Xw,5996
u5PdOyHh8Yg,5997
u62ZlNmTpj4_1,5998
u6eoD3GXOZE,5999
u6hpIkJUQXE,6000
u6x6Qk463V4,6001
u7Nv4whZa_0_1,6002
u7dV3wCpaqM,6003
u7twaE6fj9s,6004
u9397Rd5v7U_2,6005
uA9K19APeNo_1,6006
uBRoAycaSBM,6007
uBi-YX42NwI,6008
uBtYh10h6RU_1,6009
uCsgmqdwe4A,6010
uCxNvB_ULoA_2,6011
uDwYK-AccH0,6012
uE8YfF7bTGM,6013
uEWef2ILEC8,6014
uEtH33ZDk_s_1,6015
uF5-SHyMOwg,6016
uF8zIar63bQ,6017
uGjEbNgtauE,6018
uHAhEiTlj_M,6019
uHMNUWk8UAM,6020
uHTklDGcEfw_1,6021
uIJEGc6U5iU,6022
uK6EyYdjXtE_1,6023
uK8G7-89HCI_1,6024
uKWcQt8U4lA,6025
uL1_UYVYkfg_1,6026
uLSHBm4_kaw,6027
uNZ-A9bIT2c,6028
uOHx8MflCBQ_1,6029
uOs0878HhR4,6030
uOsiUhQwVC8_1,6031
uOxGDdDq-Os_2,6032
uPfJ7YCwEGQ_1,6033
uQRHhIcXvEM,6034
uRJUiALx54w,6035
uRwmFRKMF58,6036
uSz2hrQZr3o,6037
uT8WGjPj-V8_1,6038
uTLMV91lB10_1,6039
uTZVPZYcdw8_1,6040
uVE9xX6fcp8_1,6041
uWVB0KovDB0_1,6042
uYfcQkRSvAY,6043
uZB4kRSkd_g,6044
uZuvBINbAqo_1,6045
uaaq6GQck4s_1,6046
ubBmCChM6Ag,6047
ubQczV3pKWs,6048
ubUFV8ypTlU_1,6049
ubkSJRDhK7E_1,6050
ueiJkNzXxzw,6051
uek2JAfcUhk,6052
uf4A34QWFGw_1,6053
ufTWb8-_rGA,6054
ug0cTrsjK50,6055
uhJRFZWXPEo,6056
ui_ACRhp1jY,6057
ujw1Z5DK0r4_1,6058
ulHF3SltKW0_1,6059
ulX1EaESaM4,6060
um4s1H6JPJg,6061
umCgstR_pg8,6062
uohsAyKLTbI_1,6063
upAZkdtoF_Q,6064
upRlxxQUZp8_1,6065
up_LofohcV4_1,6066
upaDJQnr9nw,6067
uptCGl-HvV0_1,6068
uqZJa7q4N5U,6069
uqaIszhdKfc,6070
uqfvjaFYDQg,6071
urMRtuI8AmE_1,6072
usqVbUoBfnE,6073
ut1NzAKHBXQ,6074
uu9Qo9_Mbh4_1,6075
uuUInBI_oZM_1,6076
uulY6vsvNQA_1,6077
uuzch67c-xE,6078
uvBjcE-mwC0,6079
uvKTMTQqfu0,6080
uw-zItX8w9g_1,6081
uwDxpyWDKEI,6082
uwYdH7GuSBg_1,6083
uwZ5UsyXbzg_1,6084
uyRfqa6Am-M_1,6085
v-Mcteg34pI_1,6086
v-jfNqYzfO8_1,6087
v0Ic3Von93I,6088
v0Rb3W378JA,6089
v0cK8a9s14I_1,6090
v1TI57zaJKw,6091
v1c0FpBhESQ_1,6092
v1hh4hSEhzs,6093
v1rzpB-cgGY_1,6094
v2YS_BfBifc_1,6095
v2_Ta5XdknA_1,6096
v2ak0hp1ZTw,6097
v2gPD7nTa0U_2,6098
v2jaNOh-Rcc,6099
v3hY00Fy7rE,6100
v41B1GR3prg_1,6101
v4dtaEki4f8,6102
v5F3fOpfrBI,6103
v6KlD6e05Fc,6104
v7--O9C9ZH4,6105
v74BqLpCYnY_1,6106
v7LOMsrEiVI_1,6107
v8NufYf6_Ik_1,6108
v8gTUo-ln6Q_1,6109
vAW9QDnXLrE,6110
vAXHFqBV6H8_1,6111
vAuu3hDoGhU_1,6112
vB-4jZVx0yU,6113
vB72KncjZis,6114
vBJxSJ5_mvw_1,6115
vBRmLg-XJZc_1,6116
vBd0XrgKlCA,6117
vDKcRElYodA,6118
vEGYAfMU3tc_1,6119
vEq2LWgecfA_1,6120
vFAuNQe7ng8_1,6121
vFJOA9dR7Bw,6122
vFSdw3lE-5M,6123
vFYN8jgOhb8,6124
vFZMA4_VtAY,6125
vFbghqf1jZg,6126
vFnoqnWWGok_1,6127
vITeIiXX1xE,6128
vJy28p55lkQ,6129
vKabvg9GjnY_1,6130
vLbvf0zEj5M,6131
vLfbnZZBph0_1,6132
vLk7S0mnUms,6133
vM9tngFYH1c,6134
vMbLDoCayk8,6135
vOW-yOcVU80_2,6136
vOkUq_SPrjs_1,6137
vPAwEcpbWqo,6138
vPmpk0u_sls,6139
vRs1P7sa3F4_1,6140
vS5fnczMHcA,6141
vSEUaTn35j4,6142
vSK-jsgpaXQ,6143
vSfRkcjelhw_1,6144
vT49kp3azYg_1,6145
vTrtUfPI0RY,6146
vV1FizHByPw,6147
vVylNakRi6s,6148
vWkwy9ebsQg_1,6149
vX0J0TVfQgk_1,6150
vXchKE88TDI_1,6151
vXg5mjo2Lpc,6152
vYM_64Gc77o,6153
vYPkgKmRa6k,6154
vYWosOoYH1U_1,6155
vYzp_d3T9Ok_1,6156
vZBu2SG35ec,6157
vZMGPJSJaFg,6158
v_7Bg4-cPjg,6159
v_BzLSp7PLM,6160
v_HmgeH-ABo,6161
vaDXdxLlUwk_1,6162
vamyn1qDCdg_1,6163
vawgyWPeIiM,6164
vbsNiOkm0BU,6165
vdntxBdRdZg,6166
ve8zSDsdFzs,6167
vesSu5AjSN4,6168
vfrntxijZAA_1,6169
vgtE5_6_VD4,6170
vhPLDKNYuEg_1,6171
vhqQBxbUVy0_1,6172
vj85ZSkQDVo,6173
vmAkJRlUSzI_1,6174
vnOgaQ_eFNs,6175
voRQqu3By8I_1,6176
vqWFY4rbASg,6177
vqkqbOdwbSc_1,6178
vt86EMAaXHM,6179
vu__40Wbws4_1,6180
vvCzSnLu_4Q,6181
vvsfyFEY7lo,6182
vvyGWPvy1cc,6183
vwpHHohq8II,6184
vycU4cMW3_U_1,6185
vyvFWSdT7V4_1,6186
vzR3201tHPY,6187
vzzmwuU-sMg,6188
w-f7sV2B7Tc_1,6189
w0C2Lq7hMsQ,6190
w0Z2yfGcCW8,6191
w163zAc0RYM,6192
w2bUy2rPYPI,6193
w3iXbhc5vsM_1,6194
w49chg-Y92g,6195
w5hHBBDrypI_1,6196
w87_PYaYQz4,6197
w88o1TXwwJg_1,6198
w8RSWGCRPDg,6199
w9Jz12VoOYQ_1,6200
w9VefdfpI0I_1,6201
wAEJEtDB20g,6202
wBCqfnnNfSo,6203
wClUzDG34wQ,6204
wDXqSeOQQy4_1,6205
wDy5hBdrwoc,6206
wEd93OlB_ZI_1,6207
wEfxi8YvQLI,6208
wFVLswbyZOc,6209
wGWFAPl8EXs_1,6210
wHl7V93XdWA,6211
wIEYdZjvXJo,6212
wIVO3x0WAfk_1,6213
wIi5NVKOOfM,6214
wJS3We_1ets_1,6215
wK63rmj8--U,6216
wK7Y3bBPwtI,6217
wK8amEJAK1Y,6218
wKBVwR3BraE,6219
wKDAEDyBAY0,6220
wKzWwmm8bgE,6221
wLSWjMuhJww_1,6222
wMlY1TQZA2A,6223
wMm24t1NrcM,6224
wOwsXFMF1aA,6225
wPTa0UQJY_w,6226
wPkxTCa_Dj4_1,6227
wPofP8PotLg_1,6228
wPsIxhPHXBo,6229
wQ5nwBznVk8_1,6230
wRjTHPy0jes,6231
wTP-Qjl_mSM_1,6232
wVgslraD204,6233
wWlOXeR9qnc_1,6234
wWzqyc2x0GI,6235
wX-5GS2Om7k,6236
wXEnqj_rf4Q_1,6237
wYeLqdSCZR8,6238
wZBe3IUlYLo,6239
wZYbp0lRGhU,6240
wZeZ2Hr8VEg_1,6241
w_FY56WkUPM,6242
wa6VGunvMoo,6243
wcG4jvqJVDc_1,6244
weWGeNNGQSM_1,6245
wedIVeQMY1k,6246
wf5rLp6YTCQ_1,6247
wf7d8Ok1PvA_1,6248
wfHGKTc0WuY,6249
wgrN2DNXukc,6250
wgvsWR2YWxo,6251
whLOS_LCl9U,6252
wh_GS78OuYQ,6253
whkRlb-0s94_1,6254
whmbYHrlP-A_1,6255
whvKyzLJ6Mc_1,6256
wi-dI81iYSY_1,6257
wiemsBV5e08,6258
wkdHGN4OO-I,6259
wku-gtLtQyI_1,6260
wlPKT6teWGk_1,6261
wnhTdzfceXA_1,6262
woQgNTk9IIE,6263
woo5-4amwJ0,6264
wpUgLTxBXns,6265
wpmDoeOl2qY,6266
wq4yQ4OdJ5U_2,6267
wqFLr0dsRTA_1,6268
wqrZVsLOR_A_2,6269
wru3RdDTafg,6270
wsRNKesle6I_1,6271
wsWElJBdZcA,6272
wsXbxNK7ROM_2,6273
ws_qjks_TFo,6274
wsxvzzgBO1M_1,6275
wsy4LqAJq8E_1,6276
wtN-hVs7sYw_1,6277
wtXCZaGIQsk,6278
wtaxFUrko34,6279
wtr_LSVYecQ_1,6280
wu_tcc63EjM_2,6281
wubfL2VbBLY,6282
wwGDiruyGH8_1,6283
wwTa3v_SLew,6284
wwVkDiHS9FM_1,6285
wwf3PXeSfsg_1,6286
wx8pMHRIYho,6287
wxH6fMp_1PY_1,6288
wxZHsP8osZo_1,6289
wyDi2hGYZmg,6290
wyq5UGADJrw_1,6291
wyu_qsxDouM_1,6292
wzz6Gt0EotA,6293
x-Bc7ssevU8,6294
x-K2eMJl34k_1,6295
x-anjlR2rMc,6296
x-lubm0ha08,6297
x-uAyPToZMs,6298
x0JU-zUFnS4_1,6299
x1Abu6sfP5A,6300
x1PWeacqP-w_1,6301
x1S_tnc_djk,6302
x2fCZCCqh3E_1,6303
x3H9ltkR_vM,6304
x3JBmtirJQ0_1,6305
x3WXPajc1UQ,6306
x3nuREvEwis,6307
x4I6cO9p77Y_1,6308
x5VIvDZhXNg,6309
x5dEKDXkXQY_1,6310
x6O_GrimQMw,6311
x77fC4-wJ8c,6312
x7CtEdG8eAY_1,6313
x7SV2p_-rPE,6314
x7TnEHc0viU,6315
xA8hTvpWbh0_1,6316
xAwnTMH15-s_1,6317
xBLGhif1BWI,6318
xBvqQ50Vlcg_1,6319
xBwnNDnOPGM,6320
xD3S5OUhSRs,6321
xDFgS6-OSkY,6322
xEUbXwWImbc_1,6323
xEp-ufgrq-g,6324
xFB6kz5WkvA_1,6325
xGkS3isNXXc,6326
xGmkipo2jsM_1,6327
xH84YCP65HE,6328
xHgqrgu0NB0,6329
xIOA0k1ZLMk,6330
xIh1wMuXgJs_1,6331
xJMONi1L3S8_1,6332
xKRO8sRM6yQ_1,6333
xL-DC_wV5_E_1,6334
xLArhlTY728_1,6335
xMaMOHTmML4,6336
xMvpodrz6dM,6337
xND6JDuQ05A_1,6338
xOxrAcyAcII,6339
xPY0EW3HkQU_1,6340
xPkil4VFr0A,6341
xQ24Y6Y7wvE_1,6342
xQIXN-eQZ7I,6343
xR3xDmZZCCI,6344
xS2EEES-n8I_1,6345
xSAoWBeLvfo,6346
xSDCy2uCWSs_1,6347
xTQHYVNuH2I,6348
xTirP9sB_SY_1,6349
xTu2lteTqAY,6350
xVCIBUlDlkE_1,6351
xVOUQdl7ejY_1,6352
xVgr78Og8o8_1,6353
xVuM_WPsOB8_1,6354
xWlgNHh5ino,6355
xXykGIC9Yfg,6356
xY-hLKnjahw,6357
xY5tQfR7BiI_1,6358
xYWHiCUuoi4_1,6359
xYne01OLqHU_1,6360
xZUbYeF9fkI_1,6361
xbBwbQ6AZv4,6362
xbw9Df1DFa8_1,6363
xcL50crTgMs,6364
xcd8lsPxlP4_1,6365
xeYJvtWDsnA,6366
xfKR5ftbHKg_1,6367
xfqgrQ_r3Tw_1,6368
xgKs0R0K6M4,6369
xgQSpL99krE_1,6370
xgU5S08eD90,6371
xghJ6vKFuKQ,6372
xiUZYUTW660_1,6373
xiX4tAUoNXs_1,6374
xj41dOgAdK8_1,6375
xjCStYhMoBE,6376
xlX3VgcSz_o_1,6377
xm1ZPkvHnL8_1,6378
xm2Vju9w0-I,6379
xnQ61pjVinc_1,6380
xnZNmESjKrQ,6381
xoSQfP-1A-c,6382
xoqqrOjlpD8_1,6383
xpy5egrPAZ0,6384
xqWx6o5iue4,6385
xqvVfaJrM0A,6386
xtolpEBm2ro,6387
xu3e-IU_xRM,6388
xuOaEQ2bdb0_1,6389
xuh2imuKrI0,6390
xvZaGiHtuz0_1,6391
xwAdIP51jIs,6392
xwgkeViNOwI,6393
xwhBXEev13o_1,6394
xx3nZjHHL3s,6395
xx6t3kFyJuo,6396
xxTBbeG-pKY_1,6397
xzu_Y3NfigY,6398
y-bSGi85wc0,6399
y-rA7UuFbVM,6400
y1XgtWNM-OM_1,6401
y1hvKgvxm5Q,6402
y3ck7KPhSug,6403
y4CEIJJVt64,6404
y57kJAluXeM_1,6405
y5IlRJzz8w8_1,6406
y5LmYGbr428,6407
y5RdDOf_lRw_1,6408
y6Y7pN0nzX8_1,6409
y6iDMOz13sI_1,6410
y6xu7EyX0yU_1,6411
y707Jq7ORR4,6412
y78hQDvKB_M,6413
y7FUr6B4Uh4,6414
y7z1pnJea4s_1,6415
y938xCsUbpo,6416
y9c93mGmbHc_1,6417
yB2sJTE2Mek,6418
yBcTyoUaFYU_1,6419
yBu6pCi5gag,6420
yD9wwZmkJlw,6421
yEId-2X8Fpw_1,6422
yFMHg6sTd6Y,6423
yG1xsd6JyfA,6424
yGWvP26FbEo,6425
yGWvP26FbEo_1,6426
yHBEcGgShh4,6427
yHWecq-Xzdc_1,6428
yHfQFast5r0_1,6429
yHgMtQOPid4_1,6430
yHnry-jqo3E_1,6431
yI2JracrYZs_1,6432
yItSQyTpwtQ_1,6433
yK14YhUwajU,6434
yK2We-yP8MA,6435
yLSyQAouIYw,6436
yLnePZ71izk,6437
yLpc_-hWZAA,6438
yLphnfhAV_o,6439
yMNGS-VZZj4,6440
yMqhsoFHB_Q_1,6441
yMs5B2DUJ_0,6442
yN2a6Q27DX8_1,6443
yN_t_vc97fI_1,6444
yNv7aFGlGFA,6445
yOTZBisOdZs_1,6446
yOkZgJliKfo_1,6447
yQ1BONWNLrE,6448
yQ7kMY9kDlM,6449
yQXFOVuS7r8,6450
yRHS5fY6bVQ_1,6451
yRoamy-gOgY,6452
yS482mzgCwo,6453
yS4sjP4C-ko,6454
ySSixQMf7is,6455
yT93i9RcLFk,6456
yTmK54y80bs,6457
yUHZhwPUfRk_1,6458
yVGctxtkXqA,6459
yVj4srfLfSc,6460
yW6uqjLFKgU_2,6461
yWRsnrs4C5w,6462
yXkOz_A01t0_1,6463
yXrES1RSoV8,6464
yXtu327tJ28,6465
yY9c0CnaXgA_1,6466
yYJBee_uP-A_1,6467
yYXL6MOhLUo,6468
yYf_JyfDvLU,6469
yYgwZxLlykw_1,6470
yYn7-CCwLkM_1,6471
yZ6LzjeoTsY,6472
yZK6l1dikVk_1,6473
yZlMisXPUms,6474
y_q_egfFoq0,6475
yapwq7Lkgxw_1,6476
ybwfsqkf8Sw_1,6477
yeArkcTSTdw_1,6478
yeOgJ3nK-pM_1,6479
yebEzbBOQl4,6480
yftcPJvbkhg,6481
yhCvtSaTMvg_1,6482
yi--S0oh64s,6483
yi14hGwVzKM,6484
yiVSKw0srMA,6485
yjFM1hV0hy8_1,6486
yjI4oup9SFU,6487
yjnm43fEimY,6488
yk1x10hOd1M,6489
yk4B-asWh0I_1,6490
ykCLJ3U0Ir4_1,6491
ylCAApFrP88,6492
ym9Nx-zkmEM,6493
ymvaZ1cxW2s,6494
ynTx1KLLvng_1,6495
ynZd-HeXGnc,6496
ynqXIbWTRp4_1,6497
ynvL576W11k,6498
yo9-6O8jNXQ_1,6499
yoG_mrM8Hg8,6500
ypWkhczB2tY,6501
ypvx1Fn3_GE_1,6502
yqRuuOhG1Cs,6503
ysoReRp9l9A_1,6504
ytA5JcAmS48,6505
yuJ6ZBt0MBw,6506
yuo_oeBoTKk,6507
yv3O0xFD6O8,6508
ywSGE7YCdCM_1,6509
yylUDwKKvxY,6510
yymmblO1-8U_1,6511
yzXgc9ZNbFI,6512
z-gika19BqU,6513
z-ke4RyMx_w,6514
z-uZFPcqtcQ,6515
z1VPeFV_ew4,6516
z1X_LnA8wRE_1,6517
z2B7VrBSA5c,6518
z2ETf2ExVsU_1,6519
z2uEKj1aWd4,6520
z3C2pnumALw,6521
z3iLB12a_O4,6522
z4AQcUmPyxg,6523
z4D6TU11HbE,6524
z4vokrd75OM,6525
z5T2c_s6kwI,6526
z5mb_lff0uI_1,6527
z5qHAG8YSrE,6528
z66yE3ILKuw,6529
z672iUJ0b98,6530
z6Y6UJn7Mr8_1,6531
z6_hXXO4vw8_1,6532
z7fqi4_fZvI,6533
z8Yx1NXXgYM_1,6534
z8d961aDuUA_1,6535
z9Bb0RtVstk_1,6536
z9fE3-r78UE,6537
zBvs_GPf6Y8_1,6538
zCAa4hAv2AY,6539
zCRxd9PBDXY_1,6540
zCv73SvXmk8_1,6541
zEhEGpPHGLE,6542
zEpIbqDKEh8,6543
zEth840lEVE,6544
zEv81qWK7yQ_1,6545
zF0-lsUa_RA_1,6546
zFykwvdCws8_1,6547
zGhfj0f_3bI_1,6548
zHSDpV4Ok2Q,6549
zHuGuas_2f8,6550
zIEMNYyHXHs,6551
zI_8os97Bkc_1,6552
zJRmEhzjtco,6553
zJmlqjm_b5g,6554
zLxJPYBRIEM,6555
zMSTQmwzW_s_1,6556
zMVhZxmiK-s,6557
zOpA9-geIxA,6558
zPpdozLG2wU_1,6559
zRAHq3wDY8A_1,6560
zRnkG-1N3jY_1,6561
zSGR1KaSZV4,6562
zSJ-3q6P4lQ,6563
zSXKZb2Frqc_1,6564
zSst5y5j_fI,6565
zSwPgYew9xY_1,6566
zTxivCXMjdU_2,6567
zU-UAPxXzjU,6568
zUtEmpaF7kM,6569
zUzBN5DY_3A,6570
zWdWqozClE4,6571
zXpbs2ztV4k_1,6572
zYWxTgBpp5o_1,6573
zZRHcEnMUnw_1,6574
zZVuyuVTFW0,6575
zZdJ4ZLnw2U,6576
zZkjoooQRXk_1,6577
zZs0BXEssdQ,6578
z_736hEJX_M,6579
z_Tnhup1J5I,6580
z_WykkCqulk,6581
z_kjd4rGuag,6582
zaCXh7eQO2Y,6583
zaGjEBwl--8,6584
zaxDTYvEeZw_2,6585
zbxW8XnyziA,6586
zc7cBfgwiyI_1,6587
zcKPzJMDkRw,6588
zdGKXf_2HFA,6589
zdVCE0zgZ64_1,6590
zdZNbKoJejY_1,6591
zeLeGWdpYiE_1,6592
zeRihgKBfB0,6593
zfvnGrqiLMQ_1,6594
zgJBDuqbPHM,6595
zgQAKKtXOZY,6596
zgq2AwN0qxs_1,6597
zhKQnsHLNeA,6598
zhxo7cEkSF8_1,6599
zi11969STzc_1,6600
zk-I0DPD4gk_1,6601
zkLkrnOdDA0,6602
zkOqvdkGpS4,6603
zkQeGg5DkVc,6604
zmcws5FplEc_1,6605
zobbHZq0U4w,6606
zpDZzjRrUmk,6607
zqoQST3Oap8_1,6608
zrNSPG0BAPo,6609
zsaHFTWOIms_1,6610
zsfMMuKrUUg,6611
zskDexexPRo_2_Trim,6612
ztOfNdPNwAU_1,6613
zuOOzSoUPcU_1,6614
zultm2vBHws_2,6615
zuwgMn6oS-Q_1,6616
zvDd4Lvma58_1,6617
zvhxuidq68g,6618
zw53Xl_e9QA,6619
zwQFJqvvgqQ,6620
zwl-CJnhrYI_1,6621
zxXFqg4uC_I_1,6622
zxd2fClLdu0_1,6623
zxwuZPkYjrQ,6624
zyUvGZAlkOs_1,6625
zyvgHgT6d7c,6626
