uid,video_path,status,failure_reason,failed_frame,num_metadata_frames
--7-rCNOiK0_1,/home/dipshikha/Music/cao/CISLR_v1.5-a_videos/--7-rCNOiK0_1.mp4,VALID,,,8
-02y2VaVBmw,/home/dipshikha/Music/cao/CISLR_v1.5-a_videos/-02y2VaVBmw.mp4,VALID,,,8
-03Dju3yPHE,/home/dipshikha/Music/cao/CISLR_v1.5-a_videos/-03Dju3yPHE.mp4,VALID,,,8
-0Oo1kPonYQ,/home/dipshikha/Music/cao/CISLR_v1.5-a_videos/-0Oo1kPonYQ.mp4,VALID,,,8
-0XujLX2_9I_2,/home/dipshikha/Music/cao/CISLR_v1.5-a_videos/-0XujLX2_9I_2.mp4,INVALID,frame_decode_failed,59,8
-0gxfDidW6U,/home/dipshikha/Music/cao/CISLR_v1.5-a_videos/-0gxfDidW6U.mp4,VALID,,,8
-1AseGWh7vU,/home/dipshikha/Music/cao/CISLR_v1.5-a_videos/-1AseGWh7vU.mp4,VALID,,,8
-1aXmLMzHUI_1,/home/dipshikha/Music/cao/CISLR_v1.5-a_videos/-1aXmLMzHUI_1.mp4,VALID,,,8
-2_NUxX4PVA_2,/home/dipshikha/Music/cao/CISLR_v1.5-a_videos/-2_NUxX4PVA_2.mp4,INVALID,frame_decode_failed,118,8
-2iGhOnza38_1,/home/dipshikha/Music/cao/CISLR_v1.5-a_videos/-2iGhOnza38_1.mp4,VALID,,,8
-37kn1vV9gc_1,/home/dipshikha/Music/cao/CISLR_v1.5-a_videos/-37kn1vV9gc_1.mp4,VALID,,,8
-3db5Hhn4mI_1,/home/dipshikha/Music/cao/CISLR_v1.5-a_videos/-3db5Hhn4mI_1.mp4,VALID,,,8
-4MbWP5T-cU,/home/dipshikha/Music/cao/CISLR_v1.5-a_videos/-4MbWP5T-cU.mp4,VALID,,,8
-5QTvDlGTcs_1,/home/dipshikha/Music/cao/CISLR_v1.5-a_videos/-5QTvDlGTcs_1.mp4,VALID,,,8
-5lgXJQG0EM_1,/home/dipshikha/Music/cao/CISLR_v1.5-a_videos/-5lgXJQG0EM_1.mp4,VALID,,,8
-5p4hn8J87A_2,/home/dipshikha/Music/cao/CISLR_v1.5-a_videos/-5p4hn8J87A_2.mp4,INVALID,frame_decode_failed,77,8
-65ryXubYjo,/home/dipshikha/Music/cao/CISLR_v1.5-a_videos/-65ryXubYjo.mp4,VALID,,,8
-7IkPH6iIQA,/home/dipshikha/Music/cao/CISLR_v1.5-a_videos/-7IkPH6iIQA.mp4,VALID,,,8
-8CjLUfRlbw_1,/home/dipshikha/Music/cao/CISLR_v1.5-a_videos/-8CjLUfRlbw_1.mp4,VALID,,,8
-A1P5WbuNo8,/home/dipshikha/Music/cao/CISLR_v1.5-a_videos/-A1P5WbuNo8.mp4,VALID,,,8
-AvE2V_2a-c_1,/home/dipshikha/Music/cao/CISLR_v1.5-a_videos/-AvE2V_2a-c_1.mp4,VALID,,,8
-C18cQCkCcw,/home/dipshikha/Music/cao/CISLR_v1.5-a_videos/-C18cQCkCcw.mp4,VALID,,,8
-DDBcacIfeA_1,/home/dipshikha/Music/cao/CISLR_v1.5-a_videos/-DDBcacIfeA_1.mp4,VALID,,,8
-DHtnmdlaGk,/home/dipshikha/Music/cao/CISLR_v1.5-a_videos/-DHtnmdlaGk.mp4,VALID,,,8
-DsyH0Vd_7E,/home/dipshikha/Music/cao/CISLR_v1.5-a_videos/-DsyH0Vd_7E.mp4,VALID,,,8
-E1n5hTjako_1,/home/dipshikha/Music/cao/CISLR_v1.5-a_videos/-E1n5hTjako_1.mp4,VALID,,,8
-EGNTwA_sEE_1,/home/dipshikha/Music/cao/CISLR_v1.5-a_videos/-EGNTwA_sEE_1.mp4,VALID,,,8
-Em79Yvwac4_1,/home/dipshikha/Music/cao/CISLR_v1.5-a_videos/-Em79Yvwac4_1.mp4,VALID,,,8
-F7HjAaemJU,/home/dipshikha/Music/cao/CISLR_v1.5-a_videos/-F7HjAaemJU.mp4,VALID,,,8
-HOXFEzH00I_1,/home/dipshikha/Music/cao/CISLR_v1.5-a_videos/-HOXFEzH00I_1.mp4,VALID,,,8
-H_VzAnfyKk,/home/dipshikha/Music/cao/CISLR_v1.5-a_videos/-H_VzAnfyKk.mp4,VALID,,,8
-I0sjwzg0tY_2,/home/dipshikha/Music/cao/CISLR_v1.5-a_videos/-I0sjwzg0tY_2.mp4,INVALID,frame_decode_failed,196,8
-IInvCVJXas,/home/dipshikha/Music/cao/CISLR_v1.5-a_videos/-IInvCVJXas.mp4,VALID,,,8
-IKgn_mGZrw_2,/home/dipshikha/Music/cao/CISLR_v1.5-a_videos/-IKgn_mGZrw_2.mp4,VALID,,,8
-It9bwqowig,/home/dipshikha/Music/cao/CISLR_v1.5-a_videos/-It9bwqowig.mp4,VALID,,,8
-JYukZxN6wQ_1,/home/dipshikha/Music/cao/CISLR_v1.5-a_videos/-JYukZxN6wQ_1.mp4,VALID,,,8
-JcpfOHc0nE,/home/dipshikha/Music/cao/CISLR_v1.5-a_videos/-JcpfOHc0nE.mp4,VALID,,,8
-Jr9EZz7Epo_1,/home/dipshikha/Music/cao/CISLR_v1.5-a_videos/-Jr9EZz7Epo_1.mp4,VALID,,,8
-Lnou_Pop1o,/home/dipshikha/Music/cao/CISLR_v1.5-a_videos/-Lnou_Pop1o.mp4,VALID,,,8
-MS1EdYqs48,/home/dipshikha/Music/cao/CISLR_v1.5-a_videos/-MS1EdYqs48.mp4,VALID,,,8
-MjxNEvHUFw,/home/dipshikha/Music/cao/CISLR_v1.5-a_videos/-MjxNEvHUFw.mp4,VALID,,,8
-N-gNuk_5PQ_1,/home/dipshikha/Music/cao/CISLR_v1.5-a_videos/-N-gNuk_5PQ_1.mp4,VALID,,,8
-NAB02gnpgo,/home/dipshikha/Music/cao/CISLR_v1.5-a_videos/-NAB02gnpgo.mp4,VALID,,,8
-NCwiz-skM0_1,/home/dipshikha/Music/cao/CISLR_v1.5-a_videos/-NCwiz-skM0_1.mp4,VALID,,,8
-NIz596Y27Q,/home/dipshikha/Music/cao/CISLR_v1.5-a_videos/-NIz596Y27Q.mp4,VALID,,,8
-NQKa7Pmhx4,/home/dipshikha/Music/cao/CISLR_v1.5-a_videos/-NQKa7Pmhx4.mp4,VALID,,,8
-NXGOOSb2sk,/home/dipshikha/Music/cao/CISLR_v1.5-a_videos/-NXGOOSb2sk.mp4,VALID,,,8
-NpA8OS_Oj0_1,/home/dipshikha/Music/cao/CISLR_v1.5-a_videos/-NpA8OS_Oj0_1.mp4,VALID,,,8
-Oq_e89164c_1,/home/dipshikha/Music/cao/CISLR_v1.5-a_videos/-Oq_e89164c_1.mp4,VALID,,,8
-PFwmd8NQgI_1,/home/dipshikha/Music/cao/CISLR_v1.5-a_videos/-PFwmd8NQgI_1.mp4,VALID,,,8
-PGXFLhDfS0_1,/home/dipshikha/Music/cao/CISLR_v1.5-a_videos/-PGXFLhDfS0_1.mp4,VALID,,,8
-QF3_AuexYY,/home/dipshikha/Music/cao/CISLR_v1.5-a_videos/-QF3_AuexYY.mp4,VALID,,,8
-R02rqkyxHc_1,/home/dipshikha/Music/cao/CISLR_v1.5-a_videos/-R02rqkyxHc_1.mp4,VALID,,,8
-RTVD5tM__A_1,/home/dipshikha/Music/cao/CISLR_v1.5-a_videos/-RTVD5tM__A_1.mp4,VALID,,,8
-SVSp2VtfRw_1,/home/dipshikha/Music/cao/CISLR_v1.5-a_videos/-SVSp2VtfRw_1.mp4,VALID,,,8
-Sbg5dqo9cQ_1,/home/dipshikha/Music/cao/CISLR_v1.5-a_videos/-Sbg5dqo9cQ_1.mp4,VALID,,,8
-Tfg5XTzi0c_1,/home/dipshikha/Music/cao/CISLR_v1.5-a_videos/-Tfg5XTzi0c_1.mp4,VALID,,,8
-UjDGBnJuQE,/home/dipshikha/Music/cao/CISLR_v1.5-a_videos/-UjDGBnJuQE.mp4,VALID,,,8
-V3IfRctpxQ_1,/home/dipshikha/Music/cao/CISLR_v1.5-a_videos/-V3IfRctpxQ_1.mp4,VALID,,,8
-VvuJx-TroA_1,/home/dipshikha/Music/cao/CISLR_v1.5-a_videos/-VvuJx-TroA_1.mp4,VALID,,,8
-W13ICFg13E,/home/dipshikha/Music/cao/CISLR_v1.5-a_videos/-W13ICFg13E.mp4,VALID,,,8
-WuiIyEI6JU_1,/home/dipshikha/Music/cao/CISLR_v1.5-a_videos/-WuiIyEI6JU_1.mp4,VALID,,,8
-XHIq_olkt0,/home/dipshikha/Music/cao/CISLR_v1.5-a_videos/-XHIq_olkt0.mp4,VALID,,,8
-ZJNHmctH-g_2,/home/dipshikha/Music/cao/CISLR_v1.5-a_videos/-ZJNHmctH-g_2.mp4,VALID,,,8
-_axtLgdFao_1,/home/dipshikha/Music/cao/CISLR_v1.5-a_videos/-_axtLgdFao_1.mp4,VALID,,,8
-_ecaCc5kEM_1,/home/dipshikha/Music/cao/CISLR_v1.5-a_videos/-_ecaCc5kEM_1.mp4,VALID,,,8
-_ozohdfbV0,/home/dipshikha/Music/cao/CISLR_v1.5-a_videos/-_ozohdfbV0.mp4,VALID,,,8
-ayQ9-eEVPk,/home/dipshikha/Music/cao/CISLR_v1.5-a_videos/-ayQ9-eEVPk.mp4,VALID,,,8
-bUi5WuO58M_1,/home/dipshikha/Music/cao/CISLR_v1.5-a_videos/-bUi5WuO58M_1.mp4,VALID,,,8
-cw3ySwZG-0_1,/home/dipshikha/Music/cao/CISLR_v1.5-a_videos/-cw3ySwZG-0_1.mp4,VALID,,,8
-erR2LqPMDo_1,/home/dipshikha/Music/cao/CISLR_v1.5-a_videos/-erR2LqPMDo_1.mp4,VALID,,,8
-i21y0g32n8,/home/dipshikha/Music/cao/CISLR_v1.5-a_videos/-i21y0g32n8.mp4,VALID,,,8
-i5XH3VNyZc_1,/home/dipshikha/Music/cao/CISLR_v1.5-a_videos/-i5XH3VNyZc_1.mp4,VALID,,,8
-j9UB4-TMdw,/home/dipshikha/Music/cao/CISLR_v1.5-a_videos/-j9UB4-TMdw.mp4,VALID,,,8
-js9xT4ze2M_1,/home/dipshikha/Music/cao/CISLR_v1.5-a_videos/-js9xT4ze2M_1.mp4,VALID,,,8
-kAnMQUsNqY,/home/dipshikha/Music/cao/CISLR_v1.5-a_videos/-kAnMQUsNqY.mp4,VALID,,,8
-kNkN1zSAfc,/home/dipshikha/Music/cao/CISLR_v1.5-a_videos/-kNkN1zSAfc.mp4,VALID,,,8
-mGXVBz8pfs_1,/home/dipshikha/Music/cao/CISLR_v1.5-a_videos/-mGXVBz8pfs_1.mp4,VALID,,,8
-nITY8LhYgc,/home/dipshikha/Music/cao/CISLR_v1.5-a_videos/-nITY8LhYgc.mp4,VALID,,,8
-ntsKq84BZI_2,/home/dipshikha/Music/cao/CISLR_v1.5-a_videos/-ntsKq84BZI_2.mp4,VALID,,,8
-oJL0D3n2e0,/home/dipshikha/Music/cao/CISLR_v1.5-a_videos/-oJL0D3n2e0.mp4,VALID,,,8
-oLpcbfuNIc_2,/home/dipshikha/Music/cao/CISLR_v1.5-a_videos/-oLpcbfuNIc_2.mp4,VALID,,,8
-oy6L89CeWU_1,/home/dipshikha/Music/cao/CISLR_v1.5-a_videos/-oy6L89CeWU_1.mp4,VALID,,,8
-p-Uj-p_Gso,/home/dipshikha/Music/cao/CISLR_v1.5-a_videos/-p-Uj-p_Gso.mp4,VALID,,,8
-pH80nLq8FY,/home/dipshikha/Music/cao/CISLR_v1.5-a_videos/-pH80nLq8FY.mp4,VALID,,,8
-pOaEEbLhEY_1,/home/dipshikha/Music/cao/CISLR_v1.5-a_videos/-pOaEEbLhEY_1.mp4,VALID,,,8
-pc9BOR8QtA,/home/dipshikha/Music/cao/CISLR_v1.5-a_videos/-pc9BOR8QtA.mp4,VALID,,,8
-qAGBp1JAh4_1,/home/dipshikha/Music/cao/CISLR_v1.5-a_videos/-qAGBp1JAh4_1.mp4,VALID,,,8
-qEvxlqG6xs_1,/home/dipshikha/Music/cao/CISLR_v1.5-a_videos/-qEvxlqG6xs_1.mp4,VALID,,,8
-qhN2FaYkUc,/home/dipshikha/Music/cao/CISLR_v1.5-a_videos/-qhN2FaYkUc.mp4,VALID,,,8
-qzWfnV26kw_1,/home/dipshikha/Music/cao/CISLR_v1.5-a_videos/-qzWfnV26kw_1.mp4,VALID,,,8
-rahbCV2Pp4,/home/dipshikha/Music/cao/CISLR_v1.5-a_videos/-rahbCV2Pp4.mp4,VALID,,,8
-rwYVwVdHns_1,/home/dipshikha/Music/cao/CISLR_v1.5-a_videos/-rwYVwVdHns_1.mp4,VALID,,,8
-s7h4Re7Atk_1,/home/dipshikha/Music/cao/CISLR_v1.5-a_videos/-s7h4Re7Atk_1.mp4,VALID,,,8
-syzD8b7Uog,/home/dipshikha/Music/cao/CISLR_v1.5-a_videos/-syzD8b7Uog.mp4,VALID,,,8
-tXNpnzr08M,/home/dipshikha/Music/cao/CISLR_v1.5-a_videos/-tXNpnzr08M.mp4,VALID,,,8
-vcgtHff_po,/home/dipshikha/Music/cao/CISLR_v1.5-a_videos/-vcgtHff_po.mp4,VALID,,,8
-wpVNpcGvFk,/home/dipshikha/Music/cao/CISLR_v1.5-a_videos/-wpVNpcGvFk.mp4,VALID,,,8
-x6DzWY7lmk,/home/dipshikha/Music/cao/CISLR_v1.5-a_videos/-x6DzWY7lmk.mp4,VALID,,,8
-x6oHEcUExQ,/home/dipshikha/Music/cao/CISLR_v1.5-a_videos/-x6oHEcUExQ.mp4,VALID,,,8
-xNmG6y1-9E,/home/dipshikha/Music/cao/CISLR_v1.5-a_videos/-xNmG6y1-9E.mp4,VALID,,,8
-y-dWznF2js_1,/home/dipshikha/Music/cao/CISLR_v1.5-a_videos/-y-dWznF2js_1.mp4,VALID,,,8
0-pxIcGvk3w,/home/dipshikha/Music/cao/CISLR_v1.5-a_videos/0-pxIcGvk3w.mp4,VALID,,,8
01THMylW6Mw,/home/dipshikha/Music/cao/CISLR_v1.5-a_videos/01THMylW6Mw.mp4,VALID,,,8
01UZKDp47Ao_1,/home/dipshikha/Music/cao/CISLR_v1.5-a_videos/01UZKDp47Ao_1.mp4,VALID,,,8
039-5dIML0I_2,/home/dipshikha/Music/cao/CISLR_v1.5-a_videos/039-5dIML0I_2.mp4,INVALID,frame_decode_failed,102,8
03N4I9dc3RQ_1,/home/dipshikha/Music/cao/CISLR_v1.5-a_videos/03N4I9dc3RQ_1.mp4,VALID,,,8
03UqtTd9opc,/home/dipshikha/Music/cao/CISLR_v1.5-a_videos/03UqtTd9opc.mp4,VALID,,,8
04qLwQo-2MM,/home/dipshikha/Music/cao/CISLR_v1.5-a_videos/04qLwQo-2MM.mp4,VALID,,,8
06C4S0EBhBg_1,/home/dipshikha/Music/cao/CISLR_v1.5-a_videos/06C4S0EBhBg_1.mp4,VALID,,,8
06FBQEEqthQ_1,/home/dipshikha/Music/cao/CISLR_v1.5-a_videos/06FBQEEqthQ_1.mp4,VALID,,,8
06lnhzFJMgo,/home/dipshikha/Music/cao/CISLR_v1.5-a_videos/06lnhzFJMgo.mp4,VALID,,,8
07jCt4FqQxY,/home/dipshikha/Music/cao/CISLR_v1.5-a_videos/07jCt4FqQxY.mp4,VALID,,,8
08z_-ESgSP0,/home/dipshikha/Music/cao/CISLR_v1.5-a_videos/08z_-ESgSP0.mp4,VALID,,,8
09G-3IZyKrI_1,/home/dipshikha/Music/cao/CISLR_v1.5-a_videos/09G-3IZyKrI_1.mp4,VALID,,,8
09qovLrSjow_1,/home/dipshikha/Music/cao/CISLR_v1.5-a_videos/09qovLrSjow_1.mp4,VALID,,,8
0AH93vop9YA_1,/home/dipshikha/Music/cao/CISLR_v1.5-a_videos/0AH93vop9YA_1.mp4,VALID,,,8
0AUmueBrflo,/home/dipshikha/Music/cao/CISLR_v1.5-a_videos/0AUmueBrflo.mp4,VALID,,,8
0AW9acHJhNI,/home/dipshikha/Music/cao/CISLR_v1.5-a_videos/0AW9acHJhNI.mp4,VALID,,,8
0BC8wWXW_wc,/home/dipshikha/Music/cao/CISLR_v1.5-a_videos/0BC8wWXW_wc.mp4,VALID,,,8
0BOyMqB1KUQ_1,/home/dipshikha/Music/cao/CISLR_v1.5-a_videos/0BOyMqB1KUQ_1.mp4,VALID,,,8
0C-nMsdpftw,/home/dipshikha/Music/cao/CISLR_v1.5-a_videos/0C-nMsdpftw.mp4,VALID,,,8
0CUyYc1R3OA,/home/dipshikha/Music/cao/CISLR_v1.5-a_videos/0CUyYc1R3OA.mp4,VALID,,,8
0CvaaVM5mNs,/home/dipshikha/Music/cao/CISLR_v1.5-a_videos/0CvaaVM5mNs.mp4,VALID,,,8
0DYb-qL1t0A,/home/dipshikha/Music/cao/CISLR_v1.5-a_videos/0DYb-qL1t0A.mp4,VALID,,,8
0DYcaZmhlkY,/home/dipshikha/Music/cao/CISLR_v1.5-a_videos/0DYcaZmhlkY.mp4,VALID,,,8
0E2yd3OjjsU,/home/dipshikha/Music/cao/CISLR_v1.5-a_videos/0E2yd3OjjsU.mp4,VALID,,,8
0EQEGldp9YA_1,/home/dipshikha/Music/cao/CISLR_v1.5-a_videos/0EQEGldp9YA_1.mp4,VALID,,,8
0ETSwMTLaac_2,/home/dipshikha/Music/cao/CISLR_v1.5-a_videos/0ETSwMTLaac_2.mp4,INVALID,frame_decode_failed,97,8
0F7sYNf4uxU,/home/dipshikha/Music/cao/CISLR_v1.5-a_videos/0F7sYNf4uxU.mp4,VALID,,,8
0FHckg-WrEo,/home/dipshikha/Music/cao/CISLR_v1.5-a_videos/0FHckg-WrEo.mp4,VALID,,,8
0F_szwrQs1g_2,/home/dipshikha/Music/cao/CISLR_v1.5-a_videos/0F_szwrQs1g_2.mp4,INVALID,frame_decode_failed,86,8
0G7Xo4NN4fk,/home/dipshikha/Music/cao/CISLR_v1.5-a_videos/0G7Xo4NN4fk.mp4,VALID,,,8
0GYeM3IGjn8_1,/home/dipshikha/Music/cao/CISLR_v1.5-a_videos/0GYeM3IGjn8_1.mp4,VALID,,,8
0HNvZZloffc_1,/home/dipshikha/Music/cao/CISLR_v1.5-a_videos/0HNvZZloffc_1.mp4,VALID,,,8
0IF3Nx6idPQ_1,/home/dipshikha/Music/cao/CISLR_v1.5-a_videos/0IF3Nx6idPQ_1.mp4,VALID,,,8
0IQ02IKMzUk_1,/home/dipshikha/Music/cao/CISLR_v1.5-a_videos/0IQ02IKMzUk_1.mp4,VALID,,,8
0IhvPwnhGOg,/home/dipshikha/Music/cao/CISLR_v1.5-a_videos/0IhvPwnhGOg.mp4,VALID,,,8
0JIsxA88oss_2,/home/dipshikha/Music/cao/CISLR_v1.5-a_videos/0JIsxA88oss_2.mp4,INVALID,frame_decode_failed,105,8
0Kcn-1OPd84,/home/dipshikha/Music/cao/CISLR_v1.5-a_videos/0Kcn-1OPd84.mp4,VALID,,,8
0KeSJQiRAgo_1,/home/dipshikha/Music/cao/CISLR_v1.5-a_videos/0KeSJQiRAgo_1.mp4,VALID,,,8
0LXJqXx8dVU,/home/dipshikha/Music/cao/CISLR_v1.5-a_videos/0LXJqXx8dVU.mp4,VALID,,,8
0N47JPzl2Ow_1,/home/dipshikha/Music/cao/CISLR_v1.5-a_videos/0N47JPzl2Ow_1.mp4,VALID,,,8
0NMbSbEZ7G8_1,/home/dipshikha/Music/cao/CISLR_v1.5-a_videos/0NMbSbEZ7G8_1.mp4,VALID,,,8
0NPpa4rNMoI_1,/home/dipshikha/Music/cao/CISLR_v1.5-a_videos/0NPpa4rNMoI_1.mp4,VALID,,,8
0NUyw07V03g,/home/dipshikha/Music/cao/CISLR_v1.5-a_videos/0NUyw07V03g.mp4,VALID,,,8
0O7xxbvMct0,/home/dipshikha/Music/cao/CISLR_v1.5-a_videos/0O7xxbvMct0.mp4,VALID,,,8
0OMlCdUKFSg,/home/dipshikha/Music/cao/CISLR_v1.5-a_videos/0OMlCdUKFSg.mp4,VALID,,,8
0OxY1muGJhc,/home/dipshikha/Music/cao/CISLR_v1.5-a_videos/0OxY1muGJhc.mp4,VALID,,,8
0PKQWh0-C8o,/home/dipshikha/Music/cao/CISLR_v1.5-a_videos/0PKQWh0-C8o.mp4,VALID,,,8
0PQM_cS1Jyg_1,/home/dipshikha/Music/cao/CISLR_v1.5-a_videos/0PQM_cS1Jyg_1.mp4,VALID,,,8
0PwKF0pTwpg,/home/dipshikha/Music/cao/CISLR_v1.5-a_videos/0PwKF0pTwpg.mp4,VALID,,,8
0QITb6bNnHc,/home/dipshikha/Music/cao/CISLR_v1.5-a_videos/0QITb6bNnHc.mp4,VALID,,,8
0Qk8-_ZEmHM_2,/home/dipshikha/Music/cao/CISLR_v1.5-a_videos/0Qk8-_ZEmHM_2.mp4,INVALID,frame_decode_failed,95,8
0R6qq874H4c,/home/dipshikha/Music/cao/CISLR_v1.5-a_videos/0R6qq874H4c.mp4,VALID,,,8
0REGTy6eqSc,/home/dipshikha/Music/cao/CISLR_v1.5-a_videos/0REGTy6eqSc.mp4,VALID,,,8
0RIpHMSqV4c,/home/dipshikha/Music/cao/CISLR_v1.5-a_videos/0RIpHMSqV4c.mp4,VALID,,,8
0RiCicL3Zg8_1,/home/dipshikha/Music/cao/CISLR_v1.5-a_videos/0RiCicL3Zg8_1.mp4,VALID,,,8
0RlsG9iQ6rk_1,/home/dipshikha/Music/cao/CISLR_v1.5-a_videos/0RlsG9iQ6rk_1.mp4,VALID,,,8
0TGJCFJv2iU,/home/dipshikha/Music/cao/CISLR_v1.5-a_videos/0TGJCFJv2iU.mp4,VALID,,,8
0ThvAhpHsDM,/home/dipshikha/Music/cao/CISLR_v1.5-a_videos/0ThvAhpHsDM.mp4,VALID,,,8
0UyMbBSxbM4,/home/dipshikha/Music/cao/CISLR_v1.5-a_videos/0UyMbBSxbM4.mp4,VALID,,,8
0VSRJo2xZfI,/home/dipshikha/Music/cao/CISLR_v1.5-a_videos/0VSRJo2xZfI.mp4,VALID,,,8
0VvmrIYSsR0_1,/home/dipshikha/Music/cao/CISLR_v1.5-a_videos/0VvmrIYSsR0_1.mp4,VALID,,,8
0Xhmme0IrvU,/home/dipshikha/Music/cao/CISLR_v1.5-a_videos/0Xhmme0IrvU.mp4,VALID,,,8
0YIk1iTjDVY_1,/home/dipshikha/Music/cao/CISLR_v1.5-a_videos/0YIk1iTjDVY_1.mp4,VALID,,,8
0ZMXZUybS9M_1,/home/dipshikha/Music/cao/CISLR_v1.5-a_videos/0ZMXZUybS9M_1.mp4,VALID,,,8
0_3gIUNTp8U,/home/dipshikha/Music/cao/CISLR_v1.5-a_videos/0_3gIUNTp8U.mp4,VALID,,,8
0_aBnLgwYuk,/home/dipshikha/Music/cao/CISLR_v1.5-a_videos/0_aBnLgwYuk.mp4,VALID,,,8
0_dU4pT_Ch4,/home/dipshikha/Music/cao/CISLR_v1.5-a_videos/0_dU4pT_Ch4.mp4,VALID,,,8
0cLdo9cL7y4,/home/dipshikha/Music/cao/CISLR_v1.5-a_videos/0cLdo9cL7y4.mp4,VALID,,,8
0dz5Em9gsjk,/home/dipshikha/Music/cao/CISLR_v1.5-a_videos/0dz5Em9gsjk.mp4,VALID,,,8
0eCFVHc06YA_1,/home/dipshikha/Music/cao/CISLR_v1.5-a_videos/0eCFVHc06YA_1.mp4,VALID,,,8
0eNooDbmED4,/home/dipshikha/Music/cao/CISLR_v1.5-a_videos/0eNooDbmED4.mp4,VALID,,,8
0egx6MUyz0w,/home/dipshikha/Music/cao/CISLR_v1.5-a_videos/0egx6MUyz0w.mp4,VALID,,,8
0fKqgIRvg-8,/home/dipshikha/Music/cao/CISLR_v1.5-a_videos/0fKqgIRvg-8.mp4,VALID,,,8
0fO9xNyE9eU_1,/home/dipshikha/Music/cao/CISLR_v1.5-a_videos/0fO9xNyE9eU_1.mp4,VALID,,,8
0fdRLmUIlZE_2,/home/dipshikha/Music/cao/CISLR_v1.5-a_videos/0fdRLmUIlZE_2.mp4,INVALID,frame_decode_failed,130,8
0ggPraT35p0,/home/dipshikha/Music/cao/CISLR_v1.5-a_videos/0ggPraT35p0.mp4,VALID,,,8
0hEQ8ufcIQU,/home/dipshikha/Music/cao/CISLR_v1.5-a_videos/0hEQ8ufcIQU.mp4,VALID,,,8
0hZluINun1Y,/home/dipshikha/Music/cao/CISLR_v1.5-a_videos/0hZluINun1Y.mp4,VALID,,,8
0hhs7A5uf3E,/home/dipshikha/Music/cao/CISLR_v1.5-a_videos/0hhs7A5uf3E.mp4,VALID,,,8
0hkuayZghpM_1,/home/dipshikha/Music/cao/CISLR_v1.5-a_videos/0hkuayZghpM_1.mp4,VALID,,,8
0ijcVXYEvY8_2,/home/dipshikha/Music/cao/CISLR_v1.5-a_videos/0ijcVXYEvY8_2.mp4,INVALID,frame_decode_failed,111,8
0klM2u7dV9M,/home/dipshikha/Music/cao/CISLR_v1.5-a_videos/0klM2u7dV9M.mp4,VALID,,,8
0kr-oJWV_wI_2,/home/dipshikha/Music/cao/CISLR_v1.5-a_videos/0kr-oJWV_wI_2.mp4,INVALID,frame_decode_failed,137,8
0lrX7s_3ScY,/home/dipshikha/Music/cao/CISLR_v1.5-a_videos/0lrX7s_3ScY.mp4,VALID,,,8
0ly7tC51g_o_1,/home/dipshikha/Music/cao/CISLR_v1.5-a_videos/0ly7tC51g_o_1.mp4,VALID,,,8
0msmxYxchSc,/home/dipshikha/Music/cao/CISLR_v1.5-a_videos/0msmxYxchSc.mp4,VALID,,,8
0nJrw8f2FLs_1,/home/dipshikha/Music/cao/CISLR_v1.5-a_videos/0nJrw8f2FLs_1.mp4,VALID,,,8
0nVI2GBhbUQ_1,/home/dipshikha/Music/cao/CISLR_v1.5-a_videos/0nVI2GBhbUQ_1.mp4,VALID,,,8
0n_FeKAXjUI,/home/dipshikha/Music/cao/CISLR_v1.5-a_videos/0n_FeKAXjUI.mp4,VALID,,,8
0oJ_jMGRJCE,/home/dipshikha/Music/cao/CISLR_v1.5-a_videos/0oJ_jMGRJCE.mp4,VALID,,,8
0oWHR36xnT8_1,/home/dipshikha/Music/cao/CISLR_v1.5-a_videos/0oWHR36xnT8_1.mp4,VALID,,,8
0qDR-9wAiXk,/home/dipshikha/Music/cao/CISLR_v1.5-a_videos/0qDR-9wAiXk.mp4,VALID,,,8
0rN_yoKLCRw_1,/home/dipshikha/Music/cao/CISLR_v1.5-a_videos/0rN_yoKLCRw_1.mp4,VALID,,,8
0sE5EMDNsDo,/home/dipshikha/Music/cao/CISLR_v1.5-a_videos/0sE5EMDNsDo.mp4,VALID,,,8
0t5NaJwemgI_1,/home/dipshikha/Music/cao/CISLR_v1.5-a_videos/0t5NaJwemgI_1.mp4,VALID,,,8
0tUzIPQ31n8_1,/home/dipshikha/Music/cao/CISLR_v1.5-a_videos/0tUzIPQ31n8_1.mp4,VALID,,,8
0uvuluJqqAM,/home/dipshikha/Music/cao/CISLR_v1.5-a_videos/0uvuluJqqAM.mp4,VALID,,,8
0vbtRdb9zTI_2,/home/dipshikha/Music/cao/CISLR_v1.5-a_videos/0vbtRdb9zTI_2.mp4,VALID,,,8
0vx6xWIEP_0_1,/home/dipshikha/Music/cao/CISLR_v1.5-a_videos/0vx6xWIEP_0_1.mp4,VALID,,,8
0wB165T8JuA,/home/dipshikha/Music/cao/CISLR_v1.5-a_videos/0wB165T8JuA.mp4,VALID,,,8
0wY8TKOu5z0_1,/home/dipshikha/Music/cao/CISLR_v1.5-a_videos/0wY8TKOu5z0_1.mp4,VALID,,,8
0xVWH6F3Fz0,/home/dipshikha/Music/cao/CISLR_v1.5-a_videos/0xVWH6F3Fz0.mp4,VALID,,,8
0xrgLBuhXG0,/home/dipshikha/Music/cao/CISLR_v1.5-a_videos/0xrgLBuhXG0.mp4,VALID,,,8
0xxg0V8sb3w_1,/home/dipshikha/Music/cao/CISLR_v1.5-a_videos/0xxg0V8sb3w_1.mp4,VALID,,,8
0ykPPmSC3Wk,/home/dipshikha/Music/cao/CISLR_v1.5-a_videos/0ykPPmSC3Wk.mp4,VALID,,,8
0zTZkTkBAoU,/home/dipshikha/Music/cao/CISLR_v1.5-a_videos/0zTZkTkBAoU.mp4,VALID,,,8
0zqOg8HwQiM,/home/dipshikha/Music/cao/CISLR_v1.5-a_videos/0zqOg8HwQiM.mp4,VALID,,,8
1-Zz07NcsKM,/home/dipshikha/Music/cao/CISLR_v1.5-a_videos/1-Zz07NcsKM.mp4,VALID,,,8
1-wpwyfm1Mg_1,/home/dipshikha/Music/cao/CISLR_v1.5-a_videos/1-wpwyfm1Mg_1.mp4,VALID,,,8
11derBixy2I_1,/home/dipshikha/Music/cao/CISLR_v1.5-a_videos/11derBixy2I_1.mp4,VALID,,,8
12zIYqZt4m8_1,/home/dipshikha/Music/cao/CISLR_v1.5-a_videos/12zIYqZt4m8_1.mp4,VALID,,,8
14AboByr9GE_1,/home/dipshikha/Music/cao/CISLR_v1.5-a_videos/14AboByr9GE_1.mp4,VALID,,,8
14yNmnzY7X0_1,/home/dipshikha/Music/cao/CISLR_v1.5-a_videos/14yNmnzY7X0_1.mp4,VALID,,,8
16P4ngMXeLM,/home/dipshikha/Music/cao/CISLR_v1.5-a_videos/16P4ngMXeLM.mp4,VALID,,,8
17ar03dZ7bQ_1,/home/dipshikha/Music/cao/CISLR_v1.5-a_videos/17ar03dZ7bQ_1.mp4,VALID,,,8
17sdVu62Og4,/home/dipshikha/Music/cao/CISLR_v1.5-a_videos/17sdVu62Og4.mp4,VALID,,,8
181pBJw-eWg,/home/dipshikha/Music/cao/CISLR_v1.5-a_videos/181pBJw-eWg.mp4,VALID,,,8
18NS94mBGS4,/home/dipshikha/Music/cao/CISLR_v1.5-a_videos/18NS94mBGS4.mp4,VALID,,,8
18Os6IiQRes_2,/home/dipshikha/Music/cao/CISLR_v1.5-a_videos/18Os6IiQRes_2.mp4,VALID,,,8
18Wi03A6brU,/home/dipshikha/Music/cao/CISLR_v1.5-a_videos/18Wi03A6brU.mp4,VALID,,,8
18bO_HQbsF4_1,/home/dipshikha/Music/cao/CISLR_v1.5-a_videos/18bO_HQbsF4_1.mp4,VALID,,,8
18f9RKQp4zw,/home/dipshikha/Music/cao/CISLR_v1.5-a_videos/18f9RKQp4zw.mp4,VALID,,,8
18hKLmAVIMg_1,/home/dipshikha/Music/cao/CISLR_v1.5-a_videos/18hKLmAVIMg_1.mp4,VALID,,,8
1AId61ylQL0,/home/dipshikha/Music/cao/CISLR_v1.5-a_videos/1AId61ylQL0.mp4,VALID,,,8
1B-XlHxT32g_1,/home/dipshikha/Music/cao/CISLR_v1.5-a_videos/1B-XlHxT32g_1.mp4,VALID,,,8
1B3HK-qQTHI_1,/home/dipshikha/Music/cao/CISLR_v1.5-a_videos/1B3HK-qQTHI_1.mp4,VALID,,,8
1B_wGNSS-uY,/home/dipshikha/Music/cao/CISLR_v1.5-a_videos/1B_wGNSS-uY.mp4,VALID,,,8
1CVlY8md0JI_1,/home/dipshikha/Music/cao/CISLR_v1.5-a_videos/1CVlY8md0JI_1.mp4,VALID,,,8
1EoEG8Pvc8Q,/home/dipshikha/Music/cao/CISLR_v1.5-a_videos/1EoEG8Pvc8Q.mp4,VALID,,,8
1F-Blrvtuos_2,/home/dipshikha/Music/cao/CISLR_v1.5-a_videos/1F-Blrvtuos_2.mp4,VALID,,,8
1FXtTMWGzMY_1,/home/dipshikha/Music/cao/CISLR_v1.5-a_videos/1FXtTMWGzMY_1.mp4,VALID,,,8
1FirQ_71-j0,/home/dipshikha/Music/cao/CISLR_v1.5-a_videos/1FirQ_71-j0.mp4,VALID,,,8
1FnNbApsiHg,/home/dipshikha/Music/cao/CISLR_v1.5-a_videos/1FnNbApsiHg.mp4,VALID,,,8
1G3VZ_HWTWI,/home/dipshikha/Music/cao/CISLR_v1.5-a_videos/1G3VZ_HWTWI.mp4,VALID,,,8
1GJkBoBf-S0_1,/home/dipshikha/Music/cao/CISLR_v1.5-a_videos/1GJkBoBf-S0_1.mp4,VALID,,,8
1HI4TKdLMOw,/home/dipshikha/Music/cao/CISLR_v1.5-a_videos/1HI4TKdLMOw.mp4,VALID,,,8
1IQ2ygYhtG0_1,/home/dipshikha/Music/cao/CISLR_v1.5-a_videos/1IQ2ygYhtG0_1.mp4,VALID,,,8
1IZPvJn7an0,/home/dipshikha/Music/cao/CISLR_v1.5-a_videos/1IZPvJn7an0.mp4,VALID,,,8
1Ih8aIET1t8,/home/dipshikha/Music/cao/CISLR_v1.5-a_videos/1Ih8aIET1t8.mp4,VALID,,,8
1L1W-NyiguQ_1,/home/dipshikha/Music/cao/CISLR_v1.5-a_videos/1L1W-NyiguQ_1.mp4,VALID,,,8
1MKJ9LGRot8_1,/home/dipshikha/Music/cao/CISLR_v1.5-a_videos/1MKJ9LGRot8_1.mp4,VALID,,,8
1MPaj2JcH1c,/home/dipshikha/Music/cao/CISLR_v1.5-a_videos/1MPaj2JcH1c.mp4,VALID,,,8
1Mh8DMTca88,/home/dipshikha/Music/cao/CISLR_v1.5-a_videos/1Mh8DMTca88.mp4,VALID,,,8
1N2-vwG1gMs_1,/home/dipshikha/Music/cao/CISLR_v1.5-a_videos/1N2-vwG1gMs_1.mp4,VALID,,,8
1NNgGxZWunM_2,/home/dipshikha/Music/cao/CISLR_v1.5-a_videos/1NNgGxZWunM_2.mp4,INVALID,frame_decode_failed,96,8
1NcamL3P63A,/home/dipshikha/Music/cao/CISLR_v1.5-a_videos/1NcamL3P63A.mp4,VALID,,,8
1O3tCXovrw8,/home/dipshikha/Music/cao/CISLR_v1.5-a_videos/1O3tCXovrw8.mp4,VALID,,,8
1O9PueJaMDw_1,/home/dipshikha/Music/cao/CISLR_v1.5-a_videos/1O9PueJaMDw_1.mp4,VALID,,,8
1OGWcDShnx4_1,/home/dipshikha/Music/cao/CISLR_v1.5-a_videos/1OGWcDShnx4_1.mp4,VALID,,,8
1OPTSnDAImg,/home/dipshikha/Music/cao/CISLR_v1.5-a_videos/1OPTSnDAImg.mp4,VALID,,,8
1OZTqBF7fFg,/home/dipshikha/Music/cao/CISLR_v1.5-a_videos/1OZTqBF7fFg.mp4,VALID,,,8
1PVMa5B3rMs,/home/dipshikha/Music/cao/CISLR_v1.5-a_videos/1PVMa5B3rMs.mp4,VALID,,,8
1QOS_slPJS4,/home/dipshikha/Music/cao/CISLR_v1.5-a_videos/1QOS_slPJS4.mp4,VALID,,,8
1R3n6vTHqzs_1,/home/dipshikha/Music/cao/CISLR_v1.5-a_videos/1R3n6vTHqzs_1.mp4,VALID,,,8
1Rdm3h9voMQ_1,/home/dipshikha/Music/cao/CISLR_v1.5-a_videos/1Rdm3h9voMQ_1.mp4,VALID,,,8
1RxiKpQqaJM,/home/dipshikha/Music/cao/CISLR_v1.5-a_videos/1RxiKpQqaJM.mp4,VALID,,,8
1SPhtgudjI4_1,/home/dipshikha/Music/cao/CISLR_v1.5-a_videos/1SPhtgudjI4_1.mp4,VALID,,,8
1STccvjvCKQ,/home/dipshikha/Music/cao/CISLR_v1.5-a_videos/1STccvjvCKQ.mp4,VALID,,,8
1SWHwkSeN5M,/home/dipshikha/Music/cao/CISLR_v1.5-a_videos/1SWHwkSeN5M.mp4,VALID,,,8
1SkZMNfDITQ,/home/dipshikha/Music/cao/CISLR_v1.5-a_videos/1SkZMNfDITQ.mp4,VALID,,,8
1T-rlcPbebo,/home/dipshikha/Music/cao/CISLR_v1.5-a_videos/1T-rlcPbebo.mp4,VALID,,,8
1TZXeenr980_1,/home/dipshikha/Music/cao/CISLR_v1.5-a_videos/1TZXeenr980_1.mp4,VALID,,,8
1TiirpYN_W8,/home/dipshikha/Music/cao/CISLR_v1.5-a_videos/1TiirpYN_W8.mp4,VALID,,,8
1ULJICYKp4E,/home/dipshikha/Music/cao/CISLR_v1.5-a_videos/1ULJICYKp4E.mp4,VALID,,,8
1VHhWnMU21Y,/home/dipshikha/Music/cao/CISLR_v1.5-a_videos/1VHhWnMU21Y.mp4,VALID,,,8
1VMQKUMCDqc,/home/dipshikha/Music/cao/CISLR_v1.5-a_videos/1VMQKUMCDqc.mp4,VALID,,,8
1VYE8MAF6yY_1,/home/dipshikha/Music/cao/CISLR_v1.5-a_videos/1VYE8MAF6yY_1.mp4,VALID,,,8
1XEZmymH4e4,/home/dipshikha/Music/cao/CISLR_v1.5-a_videos/1XEZmymH4e4.mp4,VALID,,,8
1XGaQTl0iQs_1,/home/dipshikha/Music/cao/CISLR_v1.5-a_videos/1XGaQTl0iQs_1.mp4,VALID,,,8
1XLi2MXWjGc_1,/home/dipshikha/Music/cao/CISLR_v1.5-a_videos/1XLi2MXWjGc_1.mp4,VALID,,,8
1Xr-mIMAgvY,/home/dipshikha/Music/cao/CISLR_v1.5-a_videos/1Xr-mIMAgvY.mp4,VALID,,,8
1Zy29R7mOcM,/home/dipshikha/Music/cao/CISLR_v1.5-a_videos/1Zy29R7mOcM.mp4,VALID,,,8
1_PI2OxnryQ_1,/home/dipshikha/Music/cao/CISLR_v1.5-a_videos/1_PI2OxnryQ_1.mp4,VALID,,,8
1aZYCh3HDZY,/home/dipshikha/Music/cao/CISLR_v1.5-a_videos/1aZYCh3HDZY.mp4,VALID,,,8
1d0uOp_sG00,/home/dipshikha/Music/cao/CISLR_v1.5-a_videos/1d0uOp_sG00.mp4,VALID,,,8
1d6PKNBVh04,/home/dipshikha/Music/cao/CISLR_v1.5-a_videos/1d6PKNBVh04.mp4,VALID,,,8
1dsbO78Qh5I,/home/dipshikha/Music/cao/CISLR_v1.5-a_videos/1dsbO78Qh5I.mp4,VALID,,,8
1dzqHHOtvXI,/home/dipshikha/Music/cao/CISLR_v1.5-a_videos/1dzqHHOtvXI.mp4,VALID,,,8
1eodwdZ3isc,/home/dipshikha/Music/cao/CISLR_v1.5-a_videos/1eodwdZ3isc.mp4,VALID,,,8
1f6OchgCQrE,/home/dipshikha/Music/cao/CISLR_v1.5-a_videos/1f6OchgCQrE.mp4,VALID,,,8
1gZ9QlblgGs_1,/home/dipshikha/Music/cao/CISLR_v1.5-a_videos/1gZ9QlblgGs_1.mp4,VALID,,,8
1h164VbpnFo_1,/home/dipshikha/Music/cao/CISLR_v1.5-a_videos/1h164VbpnFo_1.mp4,VALID,,,8
1hBXvK7TuNo_1,/home/dipshikha/Music/cao/CISLR_v1.5-a_videos/1hBXvK7TuNo_1.mp4,VALID,,,8
1hghU7py9HI_1,/home/dipshikha/Music/cao/CISLR_v1.5-a_videos/1hghU7py9HI_1.mp4,VALID,,,8
1hobNL7ofvg_2,/home/dipshikha/Music/cao/CISLR_v1.5-a_videos/1hobNL7ofvg_2.mp4,INVALID,frame_decode_failed,137,8
1hzdxU-RztQ_1,/home/dipshikha/Music/cao/CISLR_v1.5-a_videos/1hzdxU-RztQ_1.mp4,VALID,,,8
1iCtgbRsFnE,/home/dipshikha/Music/cao/CISLR_v1.5-a_videos/1iCtgbRsFnE.mp4,VALID,,,8
1iZij0vXGiQ_1,/home/dipshikha/Music/cao/CISLR_v1.5-a_videos/1iZij0vXGiQ_1.mp4,VALID,,,8
1iqG_Rkp7f0,/home/dipshikha/Music/cao/CISLR_v1.5-a_videos/1iqG_Rkp7f0.mp4,VALID,,,8
1js4OwpNYrc,/home/dipshikha/Music/cao/CISLR_v1.5-a_videos/1js4OwpNYrc.mp4,VALID,,,8
1kJrmgJ0EMs,/home/dipshikha/Music/cao/CISLR_v1.5-a_videos/1kJrmgJ0EMs.mp4,VALID,,,8
1kRjJqOY1q0_1,/home/dipshikha/Music/cao/CISLR_v1.5-a_videos/1kRjJqOY1q0_1.mp4,VALID,,,8
1kasuHeFIuw,/home/dipshikha/Music/cao/CISLR_v1.5-a_videos/1kasuHeFIuw.mp4,VALID,,,8
1lGwbhBsuu4,/home/dipshikha/Music/cao/CISLR_v1.5-a_videos/1lGwbhBsuu4.mp4,VALID,,,8
1leH92mkoBI_1,/home/dipshikha/Music/cao/CISLR_v1.5-a_videos/1leH92mkoBI_1.mp4,VALID,,,8
1mWlliCFyxM,/home/dipshikha/Music/cao/CISLR_v1.5-a_videos/1mWlliCFyxM.mp4,VALID,,,8
1nnXT-QVPpI_1,/home/dipshikha/Music/cao/CISLR_v1.5-a_videos/1nnXT-QVPpI_1.mp4,VALID,,,8
1ocgYJL04To_1,/home/dipshikha/Music/cao/CISLR_v1.5-a_videos/1ocgYJL04To_1.mp4,VALID,,,8
1p0Yw8NfadM_1,/home/dipshikha/Music/cao/CISLR_v1.5-a_videos/1p0Yw8NfadM_1.mp4,VALID,,,8
1qV27cyAjEY,/home/dipshikha/Music/cao/CISLR_v1.5-a_videos/1qV27cyAjEY.mp4,VALID,,,8
1rPm_3Csg8M_1,/home/dipshikha/Music/cao/CISLR_v1.5-a_videos/1rPm_3Csg8M_1.mp4,VALID,,,8
1rjhkQSKHSI,/home/dipshikha/Music/cao/CISLR_v1.5-a_videos/1rjhkQSKHSI.mp4,VALID,,,8
1s1-9Ve6LN8_1,/home/dipshikha/Music/cao/CISLR_v1.5-a_videos/1s1-9Ve6LN8_1.mp4,VALID,,,8
1s1kck3BMLM,/home/dipshikha/Music/cao/CISLR_v1.5-a_videos/1s1kck3BMLM.mp4,VALID,,,8
1sZ4BSOC8nc,/home/dipshikha/Music/cao/CISLR_v1.5-a_videos/1sZ4BSOC8nc.mp4,VALID,,,8
1tA9YYn3oys,/home/dipshikha/Music/cao/CISLR_v1.5-a_videos/1tA9YYn3oys.mp4,VALID,,,8
1tIRnOnG1LI_1,/home/dipshikha/Music/cao/CISLR_v1.5-a_videos/1tIRnOnG1LI_1.mp4,VALID,,,8
1tRmBdfaCwQ,/home/dipshikha/Music/cao/CISLR_v1.5-a_videos/1tRmBdfaCwQ.mp4,VALID,,,8
1tst7-aazJo,/home/dipshikha/Music/cao/CISLR_v1.5-a_videos/1tst7-aazJo.mp4,VALID,,,8
1tyx9hWefCk,/home/dipshikha/Music/cao/CISLR_v1.5-a_videos/1tyx9hWefCk.mp4,VALID,,,8
1uQyCwx-fEE_1,/home/dipshikha/Music/cao/CISLR_v1.5-a_videos/1uQyCwx-fEE_1.mp4,VALID,,,8
1uiUwkOZyis,/home/dipshikha/Music/cao/CISLR_v1.5-a_videos/1uiUwkOZyis.mp4,VALID,,,8
1vIbJ1xeH6c_1,/home/dipshikha/Music/cao/CISLR_v1.5-a_videos/1vIbJ1xeH6c_1.mp4,VALID,,,8
1vPiHLNlbBw,/home/dipshikha/Music/cao/CISLR_v1.5-a_videos/1vPiHLNlbBw.mp4,VALID,,,8
1vj0PwGPGss,/home/dipshikha/Music/cao/CISLR_v1.5-a_videos/1vj0PwGPGss.mp4,VALID,,,8
1vjgq4r7OQs,/home/dipshikha/Music/cao/CISLR_v1.5-a_videos/1vjgq4r7OQs.mp4,VALID,,,8
1vpIZUFKZpQ,/home/dipshikha/Music/cao/CISLR_v1.5-a_videos/1vpIZUFKZpQ.mp4,VALID,,,8
1wTikbR4vsE,/home/dipshikha/Music/cao/CISLR_v1.5-a_videos/1wTikbR4vsE.mp4,VALID,,,8
1wVR6wsoIfw_2,/home/dipshikha/Music/cao/CISLR_v1.5-a_videos/1wVR6wsoIfw_2.mp4,VALID,,,8
1w_bYsmoFKA,/home/dipshikha/Music/cao/CISLR_v1.5-a_videos/1w_bYsmoFKA.mp4,VALID,,,8
1wmnjSPpUHs,/home/dipshikha/Music/cao/CISLR_v1.5-a_videos/1wmnjSPpUHs.mp4,VALID,,,8
1x9a9JTehm8,/home/dipshikha/Music/cao/CISLR_v1.5-a_videos/1x9a9JTehm8.mp4,VALID,,,8
1xOrQM7AP9g,/home/dipshikha/Music/cao/CISLR_v1.5-a_videos/1xOrQM7AP9g.mp4,VALID,,,8
1xTATM3v8k4,/home/dipshikha/Music/cao/CISLR_v1.5-a_videos/1xTATM3v8k4.mp4,VALID,,,8
1yVn9e5zDKU,/home/dipshikha/Music/cao/CISLR_v1.5-a_videos/1yVn9e5zDKU.mp4,VALID,,,8
1yd6Uo25Ge0_1,/home/dipshikha/Music/cao/CISLR_v1.5-a_videos/1yd6Uo25Ge0_1.mp4,VALID,,,8
1yd8COXSRrg_2,/home/dipshikha/Music/cao/CISLR_v1.5-a_videos/1yd8COXSRrg_2.mp4,INVALID,frame_decode_failed,113,8
1z5RuDOokzk,/home/dipshikha/Music/cao/CISLR_v1.5-a_videos/1z5RuDOokzk.mp4,VALID,,,8
1zOTclxTpZ0_1,/home/dipshikha/Music/cao/CISLR_v1.5-a_videos/1zOTclxTpZ0_1.mp4,VALID,,,8
2-0sLH5bX0k,/home/dipshikha/Music/cao/CISLR_v1.5-a_videos/2-0sLH5bX0k.mp4,VALID,,,8
2-6FnMinc3U,/home/dipshikha/Music/cao/CISLR_v1.5-a_videos/2-6FnMinc3U.mp4,VALID,,,8
2-VcJVXUBKw_1,/home/dipshikha/Music/cao/CISLR_v1.5-a_videos/2-VcJVXUBKw_1.mp4,VALID,,,8
2-YiNRKp7xI,/home/dipshikha/Music/cao/CISLR_v1.5-a_videos/2-YiNRKp7xI.mp4,VALID,,,8
2-oX2aeeV9M,/home/dipshikha/Music/cao/CISLR_v1.5-a_videos/2-oX2aeeV9M.mp4,VALID,,,8
203WGsHFjhI,/home/dipshikha/Music/cao/CISLR_v1.5-a_videos/203WGsHFjhI.mp4,VALID,,,8
20ZBNdEFT6c_1,/home/dipshikha/Music/cao/CISLR_v1.5-a_videos/20ZBNdEFT6c_1.mp4,VALID,,,8
21Y0f3QHoKo,/home/dipshikha/Music/cao/CISLR_v1.5-a_videos/21Y0f3QHoKo.mp4,VALID,,,8
23L4Zan3GuY,/home/dipshikha/Music/cao/CISLR_v1.5-a_videos/23L4Zan3GuY.mp4,VALID,,,8
23kjqyecBwE,/home/dipshikha/Music/cao/CISLR_v1.5-a_videos/23kjqyecBwE.mp4,VALID,,,8
25Ju8FP3zV8,/home/dipshikha/Music/cao/CISLR_v1.5-a_videos/25Ju8FP3zV8.mp4,VALID,,,8
267RgFdcIM8_2,/home/dipshikha/Music/cao/CISLR_v1.5-a_videos/267RgFdcIM8_2.mp4,INVALID,frame_decode_failed,117,8
26vEFQYbzvc,/home/dipshikha/Music/cao/CISLR_v1.5-a_videos/26vEFQYbzvc.mp4,VALID,,,8
27q3W_M38Ts_1,/home/dipshikha/Music/cao/CISLR_v1.5-a_videos/27q3W_M38Ts_1.mp4,VALID,,,8
299nspHeeag_2,/home/dipshikha/Music/cao/CISLR_v1.5-a_videos/299nspHeeag_2.mp4,INVALID,frame_decode_failed,90,8
2AGfP7x3obk_1,/home/dipshikha/Music/cao/CISLR_v1.5-a_videos/2AGfP7x3obk_1.mp4,VALID,,,8
2BI51rfBot0_1,/home/dipshikha/Music/cao/CISLR_v1.5-a_videos/2BI51rfBot0_1.mp4,VALID,,,8
2CbOSGxS80s,/home/dipshikha/Music/cao/CISLR_v1.5-a_videos/2CbOSGxS80s.mp4,VALID,,,8
2Cf1btUy1NI,/home/dipshikha/Music/cao/CISLR_v1.5-a_videos/2Cf1btUy1NI.mp4,VALID,,,8
2CjHiFW898s,/home/dipshikha/Music/cao/CISLR_v1.5-a_videos/2CjHiFW898s.mp4,VALID,,,8
2CrAogKMFeo_1,/home/dipshikha/Music/cao/CISLR_v1.5-a_videos/2CrAogKMFeo_1.mp4,VALID,,,8
2DspG3QZfrU,/home/dipshikha/Music/cao/CISLR_v1.5-a_videos/2DspG3QZfrU.mp4,VALID,,,8
2GL0HkOQVmA,/home/dipshikha/Music/cao/CISLR_v1.5-a_videos/2GL0HkOQVmA.mp4,VALID,,,8
2GS4eJRYIi8,/home/dipshikha/Music/cao/CISLR_v1.5-a_videos/2GS4eJRYIi8.mp4,VALID,,,8
2GYl9B7mF4A_2,/home/dipshikha/Music/cao/CISLR_v1.5-a_videos/2GYl9B7mF4A_2.mp4,INVALID,frame_decode_failed,92,8
2HZkAQx4QXg_1,/home/dipshikha/Music/cao/CISLR_v1.5-a_videos/2HZkAQx4QXg_1.mp4,VALID,,,8
2Hp-Yy2Qwn0_1,/home/dipshikha/Music/cao/CISLR_v1.5-a_videos/2Hp-Yy2Qwn0_1.mp4,VALID,,,8
2KrNWzeY_dU,/home/dipshikha/Music/cao/CISLR_v1.5-a_videos/2KrNWzeY_dU.mp4,VALID,,,8
2LLe-kRAu0o,/home/dipshikha/Music/cao/CISLR_v1.5-a_videos/2LLe-kRAu0o.mp4,VALID,,,8
2L_H8HYM5hE,/home/dipshikha/Music/cao/CISLR_v1.5-a_videos/2L_H8HYM5hE.mp4,VALID,,,8
2MlaLGpWk74,/home/dipshikha/Music/cao/CISLR_v1.5-a_videos/2MlaLGpWk74.mp4,VALID,,,8
2NNiSDCb0ek_1,/home/dipshikha/Music/cao/CISLR_v1.5-a_videos/2NNiSDCb0ek_1.mp4,VALID,,,8
2OZj2Tt8dAA_1,/home/dipshikha/Music/cao/CISLR_v1.5-a_videos/2OZj2Tt8dAA_1.mp4,VALID,,,8
2Os6w6jmxIg,/home/dipshikha/Music/cao/CISLR_v1.5-a_videos/2Os6w6jmxIg.mp4,VALID,,,8
2PcBSQ4A8XM,/home/dipshikha/Music/cao/CISLR_v1.5-a_videos/2PcBSQ4A8XM.mp4,VALID,,,8
2QrMULTorPY,/home/dipshikha/Music/cao/CISLR_v1.5-a_videos/2QrMULTorPY.mp4,VALID,,,8
2R_HbT1AO0c,/home/dipshikha/Music/cao/CISLR_v1.5-a_videos/2R_HbT1AO0c.mp4,VALID,,,8
2SBugE72qbg_1,/home/dipshikha/Music/cao/CISLR_v1.5-a_videos/2SBugE72qbg_1.mp4,VALID,,,8
2U643_QFXA8_2,/home/dipshikha/Music/cao/CISLR_v1.5-a_videos/2U643_QFXA8_2.mp4,INVALID,frame_decode_failed,98,8
2UL2iPLFUTE,/home/dipshikha/Music/cao/CISLR_v1.5-a_videos/2UL2iPLFUTE.mp4,VALID,,,8
2VUCXrEllWo_1,/home/dipshikha/Music/cao/CISLR_v1.5-a_videos/2VUCXrEllWo_1.mp4,VALID,,,8
2VssiV_sEIo,/home/dipshikha/Music/cao/CISLR_v1.5-a_videos/2VssiV_sEIo.mp4,VALID,,,8
2WBsjTVGFDw_1,/home/dipshikha/Music/cao/CISLR_v1.5-a_videos/2WBsjTVGFDw_1.mp4,VALID,,,8
2WzVp7AncT4_2,/home/dipshikha/Music/cao/CISLR_v1.5-a_videos/2WzVp7AncT4_2.mp4,INVALID,frame_decode_failed,83,8
2XXjH0ZsdTg_1,/home/dipshikha/Music/cao/CISLR_v1.5-a_videos/2XXjH0ZsdTg_1.mp4,VALID,,,8
2XbRuRKOfRE,/home/dipshikha/Music/cao/CISLR_v1.5-a_videos/2XbRuRKOfRE.mp4,VALID,,,8
2ZARB_EzwH4_1,/home/dipshikha/Music/cao/CISLR_v1.5-a_videos/2ZARB_EzwH4_1.mp4,VALID,,,8
2ZMZ0wFUmdI_1,/home/dipshikha/Music/cao/CISLR_v1.5-a_videos/2ZMZ0wFUmdI_1.mp4,VALID,,,8
2bDOqi4YXtI,/home/dipshikha/Music/cao/CISLR_v1.5-a_videos/2bDOqi4YXtI.mp4,VALID,,,8
2bxNtdmwWmo_1,/home/dipshikha/Music/cao/CISLR_v1.5-a_videos/2bxNtdmwWmo_1.mp4,VALID,,,8
2c8it0IZnyw_1,/home/dipshikha/Music/cao/CISLR_v1.5-a_videos/2c8it0IZnyw_1.mp4,VALID,,,8
2cCGTlNYZCQ,/home/dipshikha/Music/cao/CISLR_v1.5-a_videos/2cCGTlNYZCQ.mp4,VALID,,,8
2cNWWG800gc_1,/home/dipshikha/Music/cao/CISLR_v1.5-a_videos/2cNWWG800gc_1.mp4,VALID,,,8
2cW9Z4UPvgA_1,/home/dipshikha/Music/cao/CISLR_v1.5-a_videos/2cW9Z4UPvgA_1.mp4,VALID,,,8
2dd7JFwQPh0,/home/dipshikha/Music/cao/CISLR_v1.5-a_videos/2dd7JFwQPh0.mp4,VALID,,,8
2e5SUxTjVvI,/home/dipshikha/Music/cao/CISLR_v1.5-a_videos/2e5SUxTjVvI.mp4,VALID,,,8
2gAXTX3_db8_1,/home/dipshikha/Music/cao/CISLR_v1.5-a_videos/2gAXTX3_db8_1.mp4,VALID,,,8
2iB4Rwtng94,/home/dipshikha/Music/cao/CISLR_v1.5-a_videos/2iB4Rwtng94.mp4,VALID,,,8
2iWRUv6eMls,/home/dipshikha/Music/cao/CISLR_v1.5-a_videos/2iWRUv6eMls.mp4,VALID,,,8
2ieSeOjAJZE,/home/dipshikha/Music/cao/CISLR_v1.5-a_videos/2ieSeOjAJZE.mp4,VALID,,,8
2kHyMlPqHpg_1,/home/dipshikha/Music/cao/CISLR_v1.5-a_videos/2kHyMlPqHpg_1.mp4,VALID,,,8
2kg98yjEHcE,/home/dipshikha/Music/cao/CISLR_v1.5-a_videos/2kg98yjEHcE.mp4,VALID,,,8
2kiOvqNPlEE,/home/dipshikha/Music/cao/CISLR_v1.5-a_videos/2kiOvqNPlEE.mp4,VALID,,,8
2lPUKkvlZvE,/home/dipshikha/Music/cao/CISLR_v1.5-a_videos/2lPUKkvlZvE.mp4,VALID,,,8
2lX7iTDBWP8_1,/home/dipshikha/Music/cao/CISLR_v1.5-a_videos/2lX7iTDBWP8_1.mp4,VALID,,,8
2mKv8y9bYI0,/home/dipshikha/Music/cao/CISLR_v1.5-a_videos/2mKv8y9bYI0.mp4,VALID,,,8
2mZBDcRjP-Q_1,/home/dipshikha/Music/cao/CISLR_v1.5-a_videos/2mZBDcRjP-Q_1.mp4,VALID,,,8
2nQwUc_jbRY_1,/home/dipshikha/Music/cao/CISLR_v1.5-a_videos/2nQwUc_jbRY_1.mp4,VALID,,,8
2oHjc0njDdo,/home/dipshikha/Music/cao/CISLR_v1.5-a_videos/2oHjc0njDdo.mp4,VALID,,,8
2oYEEIt4HFs,/home/dipshikha/Music/cao/CISLR_v1.5-a_videos/2oYEEIt4HFs.mp4,VALID,,,8
2p00fwBvXEs_1,/home/dipshikha/Music/cao/CISLR_v1.5-a_videos/2p00fwBvXEs_1.mp4,VALID,,,8
2pjUxRe91qU_1,/home/dipshikha/Music/cao/CISLR_v1.5-a_videos/2pjUxRe91qU_1.mp4,VALID,,,8
2praG1zS_-c_1,/home/dipshikha/Music/cao/CISLR_v1.5-a_videos/2praG1zS_-c_1.mp4,VALID,,,8
2qRR4hQZAdA_1,/home/dipshikha/Music/cao/CISLR_v1.5-a_videos/2qRR4hQZAdA_1.mp4,VALID,,,8
2qV_PsuKKvE_1,/home/dipshikha/Music/cao/CISLR_v1.5-a_videos/2qV_PsuKKvE_1.mp4,VALID,,,8
2tX3eQTM1Lc_2,/home/dipshikha/Music/cao/CISLR_v1.5-a_videos/2tX3eQTM1Lc_2.mp4,INVALID,frame_decode_failed,150,8
2tawxaYAZcA,/home/dipshikha/Music/cao/CISLR_v1.5-a_videos/2tawxaYAZcA.mp4,VALID,,,8
2tp3AspW6TA,/home/dipshikha/Music/cao/CISLR_v1.5-a_videos/2tp3AspW6TA.mp4,VALID,,,8
2u2aH81FDWM,/home/dipshikha/Music/cao/CISLR_v1.5-a_videos/2u2aH81FDWM.mp4,VALID,,,8
2uRtqd5Mxmc,/home/dipshikha/Music/cao/CISLR_v1.5-a_videos/2uRtqd5Mxmc.mp4,VALID,,,8
2vdw_PjA8FE,/home/dipshikha/Music/cao/CISLR_v1.5-a_videos/2vdw_PjA8FE.mp4,VALID,,,8
2vfL9h_KiJE_1,/home/dipshikha/Music/cao/CISLR_v1.5-a_videos/2vfL9h_KiJE_1.mp4,VALID,,,8
2w6c7g7ZPKo_1,/home/dipshikha/Music/cao/CISLR_v1.5-a_videos/2w6c7g7ZPKo_1.mp4,VALID,,,8
2wA4J_9FFIc_1,/home/dipshikha/Music/cao/CISLR_v1.5-a_videos/2wA4J_9FFIc_1.mp4,VALID,,,8
2yARXoO8Nrg_2,/home/dipshikha/Music/cao/CISLR_v1.5-a_videos/2yARXoO8Nrg_2.mp4,INVALID,frame_decode_failed,98,8
2yDcFJQ3t8Y,/home/dipshikha/Music/cao/CISLR_v1.5-a_videos/2yDcFJQ3t8Y.mp4,VALID,,,8
2yJXBFhvqk0_1,/home/dipshikha/Music/cao/CISLR_v1.5-a_videos/2yJXBFhvqk0_1.mp4,VALID,,,8
2yqiuXXxZ3Y_1,/home/dipshikha/Music/cao/CISLR_v1.5-a_videos/2yqiuXXxZ3Y_1.mp4,VALID,,,8
2zv3MpREUNA,/home/dipshikha/Music/cao/CISLR_v1.5-a_videos/2zv3MpREUNA.mp4,VALID,,,8
3-JaJnYcae8_1,/home/dipshikha/Music/cao/CISLR_v1.5-a_videos/3-JaJnYcae8_1.mp4,VALID,,,8
30OIyeGhcQM,/home/dipshikha/Music/cao/CISLR_v1.5-a_videos/30OIyeGhcQM.mp4,VALID,,,8
31IAr_rm054_1,/home/dipshikha/Music/cao/CISLR_v1.5-a_videos/31IAr_rm054_1.mp4,VALID,,,8
31l98A8z-h4,/home/dipshikha/Music/cao/CISLR_v1.5-a_videos/31l98A8z-h4.mp4,VALID,,,8
32OshNWYUgE_1,/home/dipshikha/Music/cao/CISLR_v1.5-a_videos/32OshNWYUgE_1.mp4,VALID,,,8
32SWjSJrL0s_1,/home/dipshikha/Music/cao/CISLR_v1.5-a_videos/32SWjSJrL0s_1.mp4,VALID,,,8
33mc9fTI8tE_1,/home/dipshikha/Music/cao/CISLR_v1.5-a_videos/33mc9fTI8tE_1.mp4,VALID,,,8
33nznChivz8_1,/home/dipshikha/Music/cao/CISLR_v1.5-a_videos/33nznChivz8_1.mp4,VALID,,,8
34UjBeye-E0_1,/home/dipshikha/Music/cao/CISLR_v1.5-a_videos/34UjBeye-E0_1.mp4,VALID,,,8
36-jdo8Gt4o,/home/dipshikha/Music/cao/CISLR_v1.5-a_videos/36-jdo8Gt4o.mp4,VALID,,,8
37KfHOkm_mM_1,/home/dipshikha/Music/cao/CISLR_v1.5-a_videos/37KfHOkm_mM_1.mp4,VALID,,,8
37bLyyxKZKs,/home/dipshikha/Music/cao/CISLR_v1.5-a_videos/37bLyyxKZKs.mp4,VALID,,,8
37i_Xt_w0Rs,/home/dipshikha/Music/cao/CISLR_v1.5-a_videos/37i_Xt_w0Rs.mp4,VALID,,,8
37z5dnLqYms,/home/dipshikha/Music/cao/CISLR_v1.5-a_videos/37z5dnLqYms.mp4,VALID,,,8
380a54uCumQ,/home/dipshikha/Music/cao/CISLR_v1.5-a_videos/380a54uCumQ.mp4,VALID,,,8
39tZrKjvdQM,/home/dipshikha/Music/cao/CISLR_v1.5-a_videos/39tZrKjvdQM.mp4,VALID,,,8
3Azhh428me8,/home/dipshikha/Music/cao/CISLR_v1.5-a_videos/3Azhh428me8.mp4,VALID,,,8
3BJDzOlCGcc_1,/home/dipshikha/Music/cao/CISLR_v1.5-a_videos/3BJDzOlCGcc_1.mp4,VALID,,,8
3DOyNnKRg0c_1,/home/dipshikha/Music/cao/CISLR_v1.5-a_videos/3DOyNnKRg0c_1.mp4,VALID,,,8
3DSsRKPkiGI,/home/dipshikha/Music/cao/CISLR_v1.5-a_videos/3DSsRKPkiGI.mp4,VALID,,,8
3DVy0Znsfj0_1,/home/dipshikha/Music/cao/CISLR_v1.5-a_videos/3DVy0Znsfj0_1.mp4,VALID,,,8
3ETJPlFTcwk_1,/home/dipshikha/Music/cao/CISLR_v1.5-a_videos/3ETJPlFTcwk_1.mp4,VALID,,,8
3EU1DcenjJw,/home/dipshikha/Music/cao/CISLR_v1.5-a_videos/3EU1DcenjJw.mp4,VALID,,,8
3Eq8FeSFJpY,/home/dipshikha/Music/cao/CISLR_v1.5-a_videos/3Eq8FeSFJpY.mp4,VALID,,,8
3FY7bYQBJ8M,/home/dipshikha/Music/cao/CISLR_v1.5-a_videos/3FY7bYQBJ8M.mp4,VALID,,,8
3FhNDV9UDzc,/home/dipshikha/Music/cao/CISLR_v1.5-a_videos/3FhNDV9UDzc.mp4,VALID,,,8
3FlXNEmG6h0,/home/dipshikha/Music/cao/CISLR_v1.5-a_videos/3FlXNEmG6h0.mp4,VALID,,,8
3GbJlbAKUy8_2,/home/dipshikha/Music/cao/CISLR_v1.5-a_videos/3GbJlbAKUy8_2.mp4,INVALID,frame_decode_failed,53,8
3GlZqV3RSp0,/home/dipshikha/Music/cao/CISLR_v1.5-a_videos/3GlZqV3RSp0.mp4,VALID,,,8
3HMUM-9pQj0,/home/dipshikha/Music/cao/CISLR_v1.5-a_videos/3HMUM-9pQj0.mp4,VALID,,,8
3I1fwIgGXv8,/home/dipshikha/Music/cao/CISLR_v1.5-a_videos/3I1fwIgGXv8.mp4,VALID,,,8
3I2-zG4Ymb4,/home/dipshikha/Music/cao/CISLR_v1.5-a_videos/3I2-zG4Ymb4.mp4,VALID,,,8
3IHHaKspcfA,/home/dipshikha/Music/cao/CISLR_v1.5-a_videos/3IHHaKspcfA.mp4,VALID,,,8
3KS9SiHwRVI,/home/dipshikha/Music/cao/CISLR_v1.5-a_videos/3KS9SiHwRVI.mp4,VALID,,,8
3L80qKk4daI_2,/home/dipshikha/Music/cao/CISLR_v1.5-a_videos/3L80qKk4daI_2.mp4,INVALID,frame_decode_failed,131,8
3MeFx_eYZK0_1,/home/dipshikha/Music/cao/CISLR_v1.5-a_videos/3MeFx_eYZK0_1.mp4,VALID,,,8
3MoTC6iB3xQ,/home/dipshikha/Music/cao/CISLR_v1.5-a_videos/3MoTC6iB3xQ.mp4,VALID,,,8
3MxE482U2Ns,/home/dipshikha/Music/cao/CISLR_v1.5-a_videos/3MxE482U2Ns.mp4,VALID,,,8
3NIFg2ExoMs,/home/dipshikha/Music/cao/CISLR_v1.5-a_videos/3NIFg2ExoMs.mp4,VALID,,,8
3NPxIy6OXzg_1,/home/dipshikha/Music/cao/CISLR_v1.5-a_videos/3NPxIy6OXzg_1.mp4,VALID,,,8
3NUcsb2W1OQ_1,/home/dipshikha/Music/cao/CISLR_v1.5-a_videos/3NUcsb2W1OQ_1.mp4,VALID,,,8
3OHkLPutuYM,/home/dipshikha/Music/cao/CISLR_v1.5-a_videos/3OHkLPutuYM.mp4,VALID,,,8
3RKj4XQRxkc_2,/home/dipshikha/Music/cao/CISLR_v1.5-a_videos/3RKj4XQRxkc_2.mp4,INVALID,frame_decode_failed,109,8
3Rn7sqmjgWo_2,/home/dipshikha/Music/cao/CISLR_v1.5-a_videos/3Rn7sqmjgWo_2.mp4,VALID,,,8
3S1RLtVj7PE,/home/dipshikha/Music/cao/CISLR_v1.5-a_videos/3S1RLtVj7PE.mp4,VALID,,,8
3SBcHgw6wRM,/home/dipshikha/Music/cao/CISLR_v1.5-a_videos/3SBcHgw6wRM.mp4,VALID,,,8
3SIXJfwYlFw,/home/dipshikha/Music/cao/CISLR_v1.5-a_videos/3SIXJfwYlFw.mp4,VALID,,,8
3SRihi99gjc_1,/home/dipshikha/Music/cao/CISLR_v1.5-a_videos/3SRihi99gjc_1.mp4,VALID,,,8
3SRqBpgSrqI_1,/home/dipshikha/Music/cao/CISLR_v1.5-a_videos/3SRqBpgSrqI_1.mp4,VALID,,,8
3SS49K8MK1w,/home/dipshikha/Music/cao/CISLR_v1.5-a_videos/3SS49K8MK1w.mp4,VALID,,,8
3T5RJ1_NFrM_1,/home/dipshikha/Music/cao/CISLR_v1.5-a_videos/3T5RJ1_NFrM_1.mp4,VALID,,,8
3TNpBwr-Cxo_2,/home/dipshikha/Music/cao/CISLR_v1.5-a_videos/3TNpBwr-Cxo_2.mp4,INVALID,frame_decode_failed,111,8
3TSVb2e1zJw_1,/home/dipshikha/Music/cao/CISLR_v1.5-a_videos/3TSVb2e1zJw_1.mp4,VALID,,,8
3UYC9939yQw_1,/home/dipshikha/Music/cao/CISLR_v1.5-a_videos/3UYC9939yQw_1.mp4,VALID,,,8
3VP2rlxefJI,/home/dipshikha/Music/cao/CISLR_v1.5-a_videos/3VP2rlxefJI.mp4,VALID,,,8
3VSNwJnUmdA,/home/dipshikha/Music/cao/CISLR_v1.5-a_videos/3VSNwJnUmdA.mp4,VALID,,,8
3WEkK4AaiV4,/home/dipshikha/Music/cao/CISLR_v1.5-a_videos/3WEkK4AaiV4.mp4,VALID,,,8
3X2TOqyDgv8,/home/dipshikha/Music/cao/CISLR_v1.5-a_videos/3X2TOqyDgv8.mp4,VALID,,,8
3X7DZIiH2ZQ,/home/dipshikha/Music/cao/CISLR_v1.5-a_videos/3X7DZIiH2ZQ.mp4,VALID,,,8
3XCX0YETmuk_1,/home/dipshikha/Music/cao/CISLR_v1.5-a_videos/3XCX0YETmuk_1.mp4,VALID,,,8
3Y7KPnUv9kA,/home/dipshikha/Music/cao/CISLR_v1.5-a_videos/3Y7KPnUv9kA.mp4,VALID,,,8
3aJtWIMsFx8,/home/dipshikha/Music/cao/CISLR_v1.5-a_videos/3aJtWIMsFx8.mp4,VALID,,,8
3bAW9KtLSXk,/home/dipshikha/Music/cao/CISLR_v1.5-a_videos/3bAW9KtLSXk.mp4,VALID,,,8
3cluYDK8u08_1,/home/dipshikha/Music/cao/CISLR_v1.5-a_videos/3cluYDK8u08_1.mp4,VALID,,,8
3cp85oNRRj8_1,/home/dipshikha/Music/cao/CISLR_v1.5-a_videos/3cp85oNRRj8_1.mp4,VALID,,,8
3dJCO6ExmY0,/home/dipshikha/Music/cao/CISLR_v1.5-a_videos/3dJCO6ExmY0.mp4,VALID,,,8
3e4K5QbywVc,/home/dipshikha/Music/cao/CISLR_v1.5-a_videos/3e4K5QbywVc.mp4,VALID,,,8
3fG2P5D8Jm0_1,/home/dipshikha/Music/cao/CISLR_v1.5-a_videos/3fG2P5D8Jm0_1.mp4,VALID,,,8
3fKtgE9aQso,/home/dipshikha/Music/cao/CISLR_v1.5-a_videos/3fKtgE9aQso.mp4,VALID,,,8
3g-VyVR_iyU,/home/dipshikha/Music/cao/CISLR_v1.5-a_videos/3g-VyVR_iyU.mp4,VALID,,,8
3gymi4f7hps_1,/home/dipshikha/Music/cao/CISLR_v1.5-a_videos/3gymi4f7hps_1.mp4,VALID,,,8
3h4uBHZ4J2Q_1,/home/dipshikha/Music/cao/CISLR_v1.5-a_videos/3h4uBHZ4J2Q_1.mp4,VALID,,,8
3hIkQEZ923Q_1,/home/dipshikha/Music/cao/CISLR_v1.5-a_videos/3hIkQEZ923Q_1.mp4,VALID,,,8
3hTK036o_F4_1,/home/dipshikha/Music/cao/CISLR_v1.5-a_videos/3hTK036o_F4_1.mp4,VALID,,,8
3ir8Rnwx8TY,/home/dipshikha/Music/cao/CISLR_v1.5-a_videos/3ir8Rnwx8TY.mp4,VALID,,,8
3jg1TpRzkGs,/home/dipshikha/Music/cao/CISLR_v1.5-a_videos/3jg1TpRzkGs.mp4,VALID,,,8
3kNaobravCU,/home/dipshikha/Music/cao/CISLR_v1.5-a_videos/3kNaobravCU.mp4,VALID,,,8
3kbyPG13anw_1,/home/dipshikha/Music/cao/CISLR_v1.5-a_videos/3kbyPG13anw_1.mp4,VALID,,,8
3lMNHGXNQ3Q,/home/dipshikha/Music/cao/CISLR_v1.5-a_videos/3lMNHGXNQ3Q.mp4,VALID,,,8
3muHDD0neyo,/home/dipshikha/Music/cao/CISLR_v1.5-a_videos/3muHDD0neyo.mp4,VALID,,,8
3n8cKQOSZfM,/home/dipshikha/Music/cao/CISLR_v1.5-a_videos/3n8cKQOSZfM.mp4,VALID,,,8
3ncXcBiwveA,/home/dipshikha/Music/cao/CISLR_v1.5-a_videos/3ncXcBiwveA.mp4,VALID,,,8
3pZp4IFQCuA,/home/dipshikha/Music/cao/CISLR_v1.5-a_videos/3pZp4IFQCuA.mp4,VALID,,,8
3ppf7DdzKvA,/home/dipshikha/Music/cao/CISLR_v1.5-a_videos/3ppf7DdzKvA.mp4,VALID,,,8
3pqDm0UKO14,/home/dipshikha/Music/cao/CISLR_v1.5-a_videos/3pqDm0UKO14.mp4,VALID,,,8
3qKiJRMOzsc,/home/dipshikha/Music/cao/CISLR_v1.5-a_videos/3qKiJRMOzsc.mp4,VALID,,,8
3sX8OzIgyIc_2,/home/dipshikha/Music/cao/CISLR_v1.5-a_videos/3sX8OzIgyIc_2.mp4,INVALID,frame_decode_failed,140,8
3snObAxKXOQ,/home/dipshikha/Music/cao/CISLR_v1.5-a_videos/3snObAxKXOQ.mp4,VALID,,,8
3tFefLfXIn4_1,/home/dipshikha/Music/cao/CISLR_v1.5-a_videos/3tFefLfXIn4_1.mp4,VALID,,,8
3uHfsQnqReY_1,/home/dipshikha/Music/cao/CISLR_v1.5-a_videos/3uHfsQnqReY_1.mp4,VALID,,,8
3uW2Y--Yd9U,/home/dipshikha/Music/cao/CISLR_v1.5-a_videos/3uW2Y--Yd9U.mp4,VALID,,,8
3uyNF9yZCCw_1,/home/dipshikha/Music/cao/CISLR_v1.5-a_videos/3uyNF9yZCCw_1.mp4,VALID,,,8
3v5Id7dDttk,/home/dipshikha/Music/cao/CISLR_v1.5-a_videos/3v5Id7dDttk.mp4,VALID,,,8
3vAxsFOJdVo,/home/dipshikha/Music/cao/CISLR_v1.5-a_videos/3vAxsFOJdVo.mp4,VALID,,,8
3vXJ605MFbU,/home/dipshikha/Music/cao/CISLR_v1.5-a_videos/3vXJ605MFbU.mp4,VALID,,,8
3wKsYea6rfs_1,/home/dipshikha/Music/cao/CISLR_v1.5-a_videos/3wKsYea6rfs_1.mp4,VALID,,,8
3wgPDtFtXWE_1,/home/dipshikha/Music/cao/CISLR_v1.5-a_videos/3wgPDtFtXWE_1.mp4,VALID,,,8
3xKJDf869EY,/home/dipshikha/Music/cao/CISLR_v1.5-a_videos/3xKJDf869EY.mp4,VALID,,,8
3y-nQO6e5iQ,/home/dipshikha/Music/cao/CISLR_v1.5-a_videos/3y-nQO6e5iQ.mp4,VALID,,,8
3y4vcRJBNs0,/home/dipshikha/Music/cao/CISLR_v1.5-a_videos/3y4vcRJBNs0.mp4,VALID,,,8
3yRZjuvtEd0_1,/home/dipshikha/Music/cao/CISLR_v1.5-a_videos/3yRZjuvtEd0_1.mp4,VALID,,,8
3ymIgijDrC0,/home/dipshikha/Music/cao/CISLR_v1.5-a_videos/3ymIgijDrC0.mp4,VALID,,,8
3zXseLcBn4A_1,/home/dipshikha/Music/cao/CISLR_v1.5-a_videos/3zXseLcBn4A_1.mp4,VALID,,,8
3zbf5Y2id1U_2,/home/dipshikha/Music/cao/CISLR_v1.5-a_videos/3zbf5Y2id1U_2.mp4,INVALID,frame_decode_failed,156,8
4--6iRQ6-7A,/home/dipshikha/Music/cao/CISLR_v1.5-a_videos/4--6iRQ6-7A.mp4,VALID,,,8
4-LrYNRVVZk_1,/home/dipshikha/Music/cao/CISLR_v1.5-a_videos/4-LrYNRVVZk_1.mp4,VALID,,,8
4-d6EGJjZNk,/home/dipshikha/Music/cao/CISLR_v1.5-a_videos/4-d6EGJjZNk.mp4,VALID,,,8
40AA6WkT-Ys_2,/home/dipshikha/Music/cao/CISLR_v1.5-a_videos/40AA6WkT-Ys_2.mp4,INVALID,frame_decode_failed,184,8
413unEDKRXQ,/home/dipshikha/Music/cao/CISLR_v1.5-a_videos/413unEDKRXQ.mp4,VALID,,,8
41OGaqeAUMg,/home/dipshikha/Music/cao/CISLR_v1.5-a_videos/41OGaqeAUMg.mp4,VALID,,,8
42CmhRt0ANs_2,/home/dipshikha/Music/cao/CISLR_v1.5-a_videos/42CmhRt0ANs_2.mp4,VALID,,,8
42cPzLjkVEs_1,/home/dipshikha/Music/cao/CISLR_v1.5-a_videos/42cPzLjkVEs_1.mp4,VALID,,,8
44mCQaeKBVw,/home/dipshikha/Music/cao/CISLR_v1.5-a_videos/44mCQaeKBVw.mp4,VALID,,,8
44ueVmAA5W4,/home/dipshikha/Music/cao/CISLR_v1.5-a_videos/44ueVmAA5W4.mp4,VALID,,,8
46-lhzhJf78,/home/dipshikha/Music/cao/CISLR_v1.5-a_videos/46-lhzhJf78.mp4,VALID,,,8
461WaV7kRxw_1,/home/dipshikha/Music/cao/CISLR_v1.5-a_videos/461WaV7kRxw_1.mp4,VALID,,,8
46EMlBxuYAU,/home/dipshikha/Music/cao/CISLR_v1.5-a_videos/46EMlBxuYAU.mp4,VALID,,,8
46eCCVvkyIc,/home/dipshikha/Music/cao/CISLR_v1.5-a_videos/46eCCVvkyIc.mp4,VALID,,,8
46tD7Du6BNs,/home/dipshikha/Music/cao/CISLR_v1.5-a_videos/46tD7Du6BNs.mp4,VALID,,,8
48ODiLP2VgA,/home/dipshikha/Music/cao/CISLR_v1.5-a_videos/48ODiLP2VgA.mp4,VALID,,,8
49bdeG9jPdM,/home/dipshikha/Music/cao/CISLR_v1.5-a_videos/49bdeG9jPdM.mp4,VALID,,,8
49c0qMhaE20,/home/dipshikha/Music/cao/CISLR_v1.5-a_videos/49c0qMhaE20.mp4,VALID,,,8
4AMULo6htKw,/home/dipshikha/Music/cao/CISLR_v1.5-a_videos/4AMULo6htKw.mp4,VALID,,,8
4ANEdd5HfAs,/home/dipshikha/Music/cao/CISLR_v1.5-a_videos/4ANEdd5HfAs.mp4,VALID,,,8
4BBTQpBwAXw_1,/home/dipshikha/Music/cao/CISLR_v1.5-a_videos/4BBTQpBwAXw_1.mp4,VALID,,,8
4BNqHj-lQaE,/home/dipshikha/Music/cao/CISLR_v1.5-a_videos/4BNqHj-lQaE.mp4,VALID,,,8
4C5snSNt79Q_1,/home/dipshikha/Music/cao/CISLR_v1.5-a_videos/4C5snSNt79Q_1.mp4,VALID,,,8
4CrR5m-eSIs,/home/dipshikha/Music/cao/CISLR_v1.5-a_videos/4CrR5m-eSIs.mp4,VALID,,,8
4EihrPe_PfY,/home/dipshikha/Music/cao/CISLR_v1.5-a_videos/4EihrPe_PfY.mp4,VALID,,,8
4FQuX9bwT2I,/home/dipshikha/Music/cao/CISLR_v1.5-a_videos/4FQuX9bwT2I.mp4,VALID,,,8
4FldxWjLykY,/home/dipshikha/Music/cao/CISLR_v1.5-a_videos/4FldxWjLykY.mp4,VALID,,,8
4GH0wBiRfX4_1,/home/dipshikha/Music/cao/CISLR_v1.5-a_videos/4GH0wBiRfX4_1.mp4,VALID,,,8
4HMKoVmJQ0E_1,/home/dipshikha/Music/cao/CISLR_v1.5-a_videos/4HMKoVmJQ0E_1.mp4,VALID,,,8
4I-jm9Ng7YU_1,/home/dipshikha/Music/cao/CISLR_v1.5-a_videos/4I-jm9Ng7YU_1.mp4,VALID,,,8
4ILXbXTUUp4,/home/dipshikha/Music/cao/CISLR_v1.5-a_videos/4ILXbXTUUp4.mp4,VALID,,,8
4IR40ptGTIU_1,/home/dipshikha/Music/cao/CISLR_v1.5-a_videos/4IR40ptGTIU_1.mp4,VALID,,,8
4Irn82ukR2M_1,/home/dipshikha/Music/cao/CISLR_v1.5-a_videos/4Irn82ukR2M_1.mp4,VALID,,,8
4J5r3KmJCPU_1,/home/dipshikha/Music/cao/CISLR_v1.5-a_videos/4J5r3KmJCPU_1.mp4,VALID,,,8
4JLkY7vGCHM_1,/home/dipshikha/Music/cao/CISLR_v1.5-a_videos/4JLkY7vGCHM_1.mp4,VALID,,,8
4JPQ0EUdcbg,/home/dipshikha/Music/cao/CISLR_v1.5-a_videos/4JPQ0EUdcbg.mp4,VALID,,,8
4K-4FU5l7cY_1,/home/dipshikha/Music/cao/CISLR_v1.5-a_videos/4K-4FU5l7cY_1.mp4,VALID,,,8
4KOdh-2oe8Y,/home/dipshikha/Music/cao/CISLR_v1.5-a_videos/4KOdh-2oe8Y.mp4,VALID,,,8
4KjtR4PwJVM_1,/home/dipshikha/Music/cao/CISLR_v1.5-a_videos/4KjtR4PwJVM_1.mp4,VALID,,,8
4KttVgLezuY_1,/home/dipshikha/Music/cao/CISLR_v1.5-a_videos/4KttVgLezuY_1.mp4,VALID,,,8
4LM1k8KifiY,/home/dipshikha/Music/cao/CISLR_v1.5-a_videos/4LM1k8KifiY.mp4,VALID,,,8
4LndvMQ2dO0,/home/dipshikha/Music/cao/CISLR_v1.5-a_videos/4LndvMQ2dO0.mp4,VALID,,,8
4MB7jUMQvac,/home/dipshikha/Music/cao/CISLR_v1.5-a_videos/4MB7jUMQvac.mp4,VALID,,,8
4MDuw5Pj-94_1,/home/dipshikha/Music/cao/CISLR_v1.5-a_videos/4MDuw5Pj-94_1.mp4,VALID,,,8
4NzoLuGTigs,/home/dipshikha/Music/cao/CISLR_v1.5-a_videos/4NzoLuGTigs.mp4,VALID,,,8
4OMY6uJx-O4_1,/home/dipshikha/Music/cao/CISLR_v1.5-a_videos/4OMY6uJx-O4_1.mp4,VALID,,,8
4Os2Hh06GPc_1,/home/dipshikha/Music/cao/CISLR_v1.5-a_videos/4Os2Hh06GPc_1.mp4,VALID,,,8
4P7EFM3C4MM,/home/dipshikha/Music/cao/CISLR_v1.5-a_videos/4P7EFM3C4MM.mp4,VALID,,,8
4QdYqEbZu8Q,/home/dipshikha/Music/cao/CISLR_v1.5-a_videos/4QdYqEbZu8Q.mp4,VALID,,,8
4QkxfvOC3go_1,/home/dipshikha/Music/cao/CISLR_v1.5-a_videos/4QkxfvOC3go_1.mp4,VALID,,,8
4Qm7AgT_VKg_1,/home/dipshikha/Music/cao/CISLR_v1.5-a_videos/4Qm7AgT_VKg_1.mp4,VALID,,,8
4RBAWNsG8Hk_1,/home/dipshikha/Music/cao/CISLR_v1.5-a_videos/4RBAWNsG8Hk_1.mp4,VALID,,,8
4RNnYGS3E34_1,/home/dipshikha/Music/cao/CISLR_v1.5-a_videos/4RNnYGS3E34_1.mp4,VALID,,,8
4RTN56hfFTM_2,/home/dipshikha/Music/cao/CISLR_v1.5-a_videos/4RTN56hfFTM_2.mp4,INVALID,frame_decode_failed,165,8
4Ruem9NXrqw_1,/home/dipshikha/Music/cao/CISLR_v1.5-a_videos/4Ruem9NXrqw_1.mp4,VALID,,,8
4SRWa0Z5c8Q,/home/dipshikha/Music/cao/CISLR_v1.5-a_videos/4SRWa0Z5c8Q.mp4,VALID,,,8
4TLvls1tSgA_1,/home/dipshikha/Music/cao/CISLR_v1.5-a_videos/4TLvls1tSgA_1.mp4,VALID,,,8
4TXbOxz60R4,/home/dipshikha/Music/cao/CISLR_v1.5-a_videos/4TXbOxz60R4.mp4,VALID,,,8
4TubhVVN1ds_1,/home/dipshikha/Music/cao/CISLR_v1.5-a_videos/4TubhVVN1ds_1.mp4,VALID,,,8
4TymgqvinvY,/home/dipshikha/Music/cao/CISLR_v1.5-a_videos/4TymgqvinvY.mp4,VALID,,,8
4UMMRCc0Iak,/home/dipshikha/Music/cao/CISLR_v1.5-a_videos/4UMMRCc0Iak.mp4,VALID,,,8
4UvD29cSe1U_1,/home/dipshikha/Music/cao/CISLR_v1.5-a_videos/4UvD29cSe1U_1.mp4,VALID,,,8
4WDhqg6s8lw_1,/home/dipshikha/Music/cao/CISLR_v1.5-a_videos/4WDhqg6s8lw_1.mp4,VALID,,,8
4WuV_HD-hZ0_1,/home/dipshikha/Music/cao/CISLR_v1.5-a_videos/4WuV_HD-hZ0_1.mp4,VALID,,,8
4XFgnsejElI,/home/dipshikha/Music/cao/CISLR_v1.5-a_videos/4XFgnsejElI.mp4,VALID,,,8
4XYSXKlhpE0_1,/home/dipshikha/Music/cao/CISLR_v1.5-a_videos/4XYSXKlhpE0_1.mp4,VALID,,,8
4ZGhwybcIc0,/home/dipshikha/Music/cao/CISLR_v1.5-a_videos/4ZGhwybcIc0.mp4,VALID,,,8
4ZJOFmnUXOI_1,/home/dipshikha/Music/cao/CISLR_v1.5-a_videos/4ZJOFmnUXOI_1.mp4,VALID,,,8
4ZhRcyVJKu4_1,/home/dipshikha/Music/cao/CISLR_v1.5-a_videos/4ZhRcyVJKu4_1.mp4,VALID,,,8
4accXsYqRnA,/home/dipshikha/Music/cao/CISLR_v1.5-a_videos/4accXsYqRnA.mp4,VALID,,,8
4aqQ1oxaHVU_1,/home/dipshikha/Music/cao/CISLR_v1.5-a_videos/4aqQ1oxaHVU_1.mp4,VALID,,,8
4bEmX9n5WqQ,/home/dipshikha/Music/cao/CISLR_v1.5-a_videos/4bEmX9n5WqQ.mp4,VALID,,,8
4bUNNgy6hOg_1,/home/dipshikha/Music/cao/CISLR_v1.5-a_videos/4bUNNgy6hOg_1.mp4,VALID,,,8
4bjLAMYZciw,/home/dipshikha/Music/cao/CISLR_v1.5-a_videos/4bjLAMYZciw.mp4,VALID,,,8
4ee_deI0hZA_1,/home/dipshikha/Music/cao/CISLR_v1.5-a_videos/4ee_deI0hZA_1.mp4,VALID,,,8
4epyVRUXIWA,/home/dipshikha/Music/cao/CISLR_v1.5-a_videos/4epyVRUXIWA.mp4,VALID,,,8
4f7OqHEUjDs,/home/dipshikha/Music/cao/CISLR_v1.5-a_videos/4f7OqHEUjDs.mp4,VALID,,,8
4fPciu-8Bmw_1,/home/dipshikha/Music/cao/CISLR_v1.5-a_videos/4fPciu-8Bmw_1.mp4,VALID,,,8
4g99hQUlSd4_1,/home/dipshikha/Music/cao/CISLR_v1.5-a_videos/4g99hQUlSd4_1.mp4,VALID,,,8
4gyV6cLT2o4_1,/home/dipshikha/Music/cao/CISLR_v1.5-a_videos/4gyV6cLT2o4_1.mp4,VALID,,,8
4gzoWw7xiig,/home/dipshikha/Music/cao/CISLR_v1.5-a_videos/4gzoWw7xiig.mp4,VALID,,,8
4hI14OUpXoc,/home/dipshikha/Music/cao/CISLR_v1.5-a_videos/4hI14OUpXoc.mp4,VALID,,,8
4i5RCrOMoZk_1,/home/dipshikha/Music/cao/CISLR_v1.5-a_videos/4i5RCrOMoZk_1.mp4,VALID,,,8
4iLJjksh3C8,/home/dipshikha/Music/cao/CISLR_v1.5-a_videos/4iLJjksh3C8.mp4,VALID,,,8
4imVoSmU5vc,/home/dipshikha/Music/cao/CISLR_v1.5-a_videos/4imVoSmU5vc.mp4,VALID,,,8
4iyCzQFjHV4,/home/dipshikha/Music/cao/CISLR_v1.5-a_videos/4iyCzQFjHV4.mp4,VALID,,,8
4jSr_zyFag0_2,/home/dipshikha/Music/cao/CISLR_v1.5-a_videos/4jSr_zyFag0_2.mp4,INVALID,frame_decode_failed,119,8
4joUJiIztMI_1,/home/dipshikha/Music/cao/CISLR_v1.5-a_videos/4joUJiIztMI_1.mp4,VALID,,,8
4lQ5qbaS0Gg_1,/home/dipshikha/Music/cao/CISLR_v1.5-a_videos/4lQ5qbaS0Gg_1.mp4,VALID,,,8
4m7m4ClAPJA,/home/dipshikha/Music/cao/CISLR_v1.5-a_videos/4m7m4ClAPJA.mp4,VALID,,,8
4mBsmsNlAco,/home/dipshikha/Music/cao/CISLR_v1.5-a_videos/4mBsmsNlAco.mp4,VALID,,,8
4mzBkoNvj34,/home/dipshikha/Music/cao/CISLR_v1.5-a_videos/4mzBkoNvj34.mp4,VALID,,,8
4nHooc3YAYI_1,/home/dipshikha/Music/cao/CISLR_v1.5-a_videos/4nHooc3YAYI_1.mp4,VALID,,,8
4oJ4RzPUxyQ_1,/home/dipshikha/Music/cao/CISLR_v1.5-a_videos/4oJ4RzPUxyQ_1.mp4,VALID,,,8
4oV0XT2-nKE_2,/home/dipshikha/Music/cao/CISLR_v1.5-a_videos/4oV0XT2-nKE_2.mp4,VALID,,,8
4onhprzwUMw,/home/dipshikha/Music/cao/CISLR_v1.5-a_videos/4onhprzwUMw.mp4,VALID,,,8
4pCZtQ36l1k,/home/dipshikha/Music/cao/CISLR_v1.5-a_videos/4pCZtQ36l1k.mp4,VALID,,,8
4qH-OH2VhXk,/home/dipshikha/Music/cao/CISLR_v1.5-a_videos/4qH-OH2VhXk.mp4,VALID,,,8
4rK-NM-p-Fw_2,/home/dipshikha/Music/cao/CISLR_v1.5-a_videos/4rK-NM-p-Fw_2.mp4,INVALID,frame_decode_failed,84,8
4rworePKeMo,/home/dipshikha/Music/cao/CISLR_v1.5-a_videos/4rworePKeMo.mp4,VALID,,,8
4tKpSwmWzRc,/home/dipshikha/Music/cao/CISLR_v1.5-a_videos/4tKpSwmWzRc.mp4,VALID,,,8
4uvlneM9L7I,/home/dipshikha/Music/cao/CISLR_v1.5-a_videos/4uvlneM9L7I.mp4,VALID,,,8
4w17tl-wULc_1,/home/dipshikha/Music/cao/CISLR_v1.5-a_videos/4w17tl-wULc_1.mp4,VALID,,,8
4w6FgMm-XfU_1,/home/dipshikha/Music/cao/CISLR_v1.5-a_videos/4w6FgMm-XfU_1.mp4,VALID,,,8
4wFoBAr9SJk,/home/dipshikha/Music/cao/CISLR_v1.5-a_videos/4wFoBAr9SJk.mp4,VALID,,,8
4xXU89_oMx0,/home/dipshikha/Music/cao/CISLR_v1.5-a_videos/4xXU89_oMx0.mp4,VALID,,,8
4xoxfnCknFc,/home/dipshikha/Music/cao/CISLR_v1.5-a_videos/4xoxfnCknFc.mp4,VALID,,,8
4xykTArwSSg,/home/dipshikha/Music/cao/CISLR_v1.5-a_videos/4xykTArwSSg.mp4,VALID,,,8
4yEYl3wJ-2g_1,/home/dipshikha/Music/cao/CISLR_v1.5-a_videos/4yEYl3wJ-2g_1.mp4,VALID,,,8
4yJrFqyUKuA,/home/dipshikha/Music/cao/CISLR_v1.5-a_videos/4yJrFqyUKuA.mp4,VALID,,,8
4yr92W_JhD0_2,/home/dipshikha/Music/cao/CISLR_v1.5-a_videos/4yr92W_JhD0_2.mp4,INVALID,frame_decode_failed,96,8
4zUppDrDP-Q_1,/home/dipshikha/Music/cao/CISLR_v1.5-a_videos/4zUppDrDP-Q_1.mp4,VALID,,,8
5-DDBSyDDqM_1,/home/dipshikha/Music/cao/CISLR_v1.5-a_videos/5-DDBSyDDqM_1.mp4,VALID,,,8
5-Twa3eHlf4,/home/dipshikha/Music/cao/CISLR_v1.5-a_videos/5-Twa3eHlf4.mp4,VALID,,,8
5-YpUXKTx2Q_1,/home/dipshikha/Music/cao/CISLR_v1.5-a_videos/5-YpUXKTx2Q_1.mp4,VALID,,,8
5-vEsZ3vXPs,/home/dipshikha/Music/cao/CISLR_v1.5-a_videos/5-vEsZ3vXPs.mp4,VALID,,,8
5-z6W_-oGLA,/home/dipshikha/Music/cao/CISLR_v1.5-a_videos/5-z6W_-oGLA.mp4,VALID,,,8
50A9vnIaQNE,/home/dipshikha/Music/cao/CISLR_v1.5-a_videos/50A9vnIaQNE.mp4,VALID,,,8
50Age2AKB6g,/home/dipshikha/Music/cao/CISLR_v1.5-a_videos/50Age2AKB6g.mp4,VALID,,,8
50ifEC4lOTQ,/home/dipshikha/Music/cao/CISLR_v1.5-a_videos/50ifEC4lOTQ.mp4,VALID,,,8
50jD8JNDy1s,/home/dipshikha/Music/cao/CISLR_v1.5-a_videos/50jD8JNDy1s.mp4,VALID,,,8
50rdgc3m1wM_1,/home/dipshikha/Music/cao/CISLR_v1.5-a_videos/50rdgc3m1wM_1.mp4,VALID,,,8
51zM9pARAnY_1,/home/dipshikha/Music/cao/CISLR_v1.5-a_videos/51zM9pARAnY_1.mp4,VALID,,,8
52KfVYsiiXw,/home/dipshikha/Music/cao/CISLR_v1.5-a_videos/52KfVYsiiXw.mp4,VALID,,,8
52PLBwiKgNs_1,/home/dipshikha/Music/cao/CISLR_v1.5-a_videos/52PLBwiKgNs_1.mp4,VALID,,,8
52a1sCV-74w_1,/home/dipshikha/Music/cao/CISLR_v1.5-a_videos/52a1sCV-74w_1.mp4,VALID,,,8
53Srb_Pjvt0_1,/home/dipshikha/Music/cao/CISLR_v1.5-a_videos/53Srb_Pjvt0_1.mp4,VALID,,,8
53i9PPrlt6o_1,/home/dipshikha/Music/cao/CISLR_v1.5-a_videos/53i9PPrlt6o_1.mp4,VALID,,,8
54Y12afDi_M_2,/home/dipshikha/Music/cao/CISLR_v1.5-a_videos/54Y12afDi_M_2.mp4,INVALID,frame_decode_failed,118,8
55QkR-ok9Wg_2,/home/dipshikha/Music/cao/CISLR_v1.5-a_videos/55QkR-ok9Wg_2.mp4,INVALID,frame_decode_failed,90,8
56068bo3XzU_2,/home/dipshikha/Music/cao/CISLR_v1.5-a_videos/56068bo3XzU_2.mp4,INVALID,frame_decode_failed,77,8
562GxmYvvsg_1,/home/dipshikha/Music/cao/CISLR_v1.5-a_videos/562GxmYvvsg_1.mp4,VALID,,,8
56AJoGhwvLI_1,/home/dipshikha/Music/cao/CISLR_v1.5-a_videos/56AJoGhwvLI_1.mp4,VALID,,,8
56SnemyXYDM_1,/home/dipshikha/Music/cao/CISLR_v1.5-a_videos/56SnemyXYDM_1.mp4,VALID,,,8
575bTm_lAtE,/home/dipshikha/Music/cao/CISLR_v1.5-a_videos/575bTm_lAtE.mp4,VALID,,,8
57wK5eB74gw,/home/dipshikha/Music/cao/CISLR_v1.5-a_videos/57wK5eB74gw.mp4,VALID,,,8
58CE934Cxk0_1,/home/dipshikha/Music/cao/CISLR_v1.5-a_videos/58CE934Cxk0_1.mp4,VALID,,,8
59fqI8xBVzw_1,/home/dipshikha/Music/cao/CISLR_v1.5-a_videos/59fqI8xBVzw_1.mp4,VALID,,,8
59i-nVlaygI,/home/dipshikha/Music/cao/CISLR_v1.5-a_videos/59i-nVlaygI.mp4,VALID,,,8
5AqV_omHThc_1,/home/dipshikha/Music/cao/CISLR_v1.5-a_videos/5AqV_omHThc_1.mp4,VALID,,,8
5B0lLJXGREY_1,/home/dipshikha/Music/cao/CISLR_v1.5-a_videos/5B0lLJXGREY_1.mp4,VALID,,,8
5BpSu2_wXqs_1,/home/dipshikha/Music/cao/CISLR_v1.5-a_videos/5BpSu2_wXqs_1.mp4,VALID,,,8
5BwB9bxmvGY_1,/home/dipshikha/Music/cao/CISLR_v1.5-a_videos/5BwB9bxmvGY_1.mp4,VALID,,,8
5C7Uj6oTrCI_2,/home/dipshikha/Music/cao/CISLR_v1.5-a_videos/5C7Uj6oTrCI_2.mp4,INVALID,frame_decode_failed,90,8
5DK7JulpR9g_1,/home/dipshikha/Music/cao/CISLR_v1.5-a_videos/5DK7JulpR9g_1.mp4,VALID,,,8
5DjHf74Wzyk,/home/dipshikha/Music/cao/CISLR_v1.5-a_videos/5DjHf74Wzyk.mp4,VALID,,,8
5FInx5vD418,/home/dipshikha/Music/cao/CISLR_v1.5-a_videos/5FInx5vD418.mp4,VALID,,,8
5FSC6Og1RBQ_2,/home/dipshikha/Music/cao/CISLR_v1.5-a_videos/5FSC6Og1RBQ_2.mp4,VALID,,,8
5G6-x1aI0yI_1,/home/dipshikha/Music/cao/CISLR_v1.5-a_videos/5G6-x1aI0yI_1.mp4,VALID,,,8
5GWUar402WQ,/home/dipshikha/Music/cao/CISLR_v1.5-a_videos/5GWUar402WQ.mp4,VALID,,,8
5GbIspbaNZA_2,/home/dipshikha/Music/cao/CISLR_v1.5-a_videos/5GbIspbaNZA_2.mp4,INVALID,frame_decode_failed,106,8
5HcRMHu5vNM,/home/dipshikha/Music/cao/CISLR_v1.5-a_videos/5HcRMHu5vNM.mp4,VALID,,,8
5ISUVe2dXX8_1,/home/dipshikha/Music/cao/CISLR_v1.5-a_videos/5ISUVe2dXX8_1.mp4,VALID,,,8
5J8efbi3d6A,/home/dipshikha/Music/cao/CISLR_v1.5-a_videos/5J8efbi3d6A.mp4,VALID,,,8
5Jr5AHU6DQI_1,/home/dipshikha/Music/cao/CISLR_v1.5-a_videos/5Jr5AHU6DQI_1.mp4,VALID,,,8
5JrVqdElpw4,/home/dipshikha/Music/cao/CISLR_v1.5-a_videos/5JrVqdElpw4.mp4,VALID,,,8
5MpBZLk82m8_1,/home/dipshikha/Music/cao/CISLR_v1.5-a_videos/5MpBZLk82m8_1.mp4,VALID,,,8
5MtZYbYZhIo,/home/dipshikha/Music/cao/CISLR_v1.5-a_videos/5MtZYbYZhIo.mp4,VALID,,,8
5NZ2WDtePsU_1,/home/dipshikha/Music/cao/CISLR_v1.5-a_videos/5NZ2WDtePsU_1.mp4,VALID,,,8
5NwQvEmIQdY,/home/dipshikha/Music/cao/CISLR_v1.5-a_videos/5NwQvEmIQdY.mp4,VALID,,,8
5NyBQ0If_iA,/home/dipshikha/Music/cao/CISLR_v1.5-a_videos/5NyBQ0If_iA.mp4,VALID,,,8
5PLTkywHZ50,/home/dipshikha/Music/cao/CISLR_v1.5-a_videos/5PLTkywHZ50.mp4,VALID,,,8
5QEBvIx9U0w,/home/dipshikha/Music/cao/CISLR_v1.5-a_videos/5QEBvIx9U0w.mp4,VALID,,,8
5QIrV6DdCG0,/home/dipshikha/Music/cao/CISLR_v1.5-a_videos/5QIrV6DdCG0.mp4,VALID,,,8
5QOHsTpMPlM_1,/home/dipshikha/Music/cao/CISLR_v1.5-a_videos/5QOHsTpMPlM_1.mp4,VALID,,,8
5QnbWBcMSSA_2,/home/dipshikha/Music/cao/CISLR_v1.5-a_videos/5QnbWBcMSSA_2.mp4,INVALID,frame_decode_failed,117,8
5Qu6asXdlFs,/home/dipshikha/Music/cao/CISLR_v1.5-a_videos/5Qu6asXdlFs.mp4,VALID,,,8
5RD0XpWkclQ,/home/dipshikha/Music/cao/CISLR_v1.5-a_videos/5RD0XpWkclQ.mp4,VALID,,,8
5SkNxNsxu_E_1,/home/dipshikha/Music/cao/CISLR_v1.5-a_videos/5SkNxNsxu_E_1.mp4,VALID,,,8
5T4-x5twTKo_2,/home/dipshikha/Music/cao/CISLR_v1.5-a_videos/5T4-x5twTKo_2.mp4,INVALID,frame_decode_failed,79,8
5TJpvP7Ksbk,/home/dipshikha/Music/cao/CISLR_v1.5-a_videos/5TJpvP7Ksbk.mp4,VALID,,,8
5TWOGQz75xc,/home/dipshikha/Music/cao/CISLR_v1.5-a_videos/5TWOGQz75xc.mp4,VALID,,,8
5ToU3NVFX_Q,/home/dipshikha/Music/cao/CISLR_v1.5-a_videos/5ToU3NVFX_Q.mp4,VALID,,,8
5U9kzmEMhoA,/home/dipshikha/Music/cao/CISLR_v1.5-a_videos/5U9kzmEMhoA.mp4,VALID,,,8
5Vs-9iTD6nA,/home/dipshikha/Music/cao/CISLR_v1.5-a_videos/5Vs-9iTD6nA.mp4,VALID,,,8
5WFDWbMDynQ,/home/dipshikha/Music/cao/CISLR_v1.5-a_videos/5WFDWbMDynQ.mp4,VALID,,,8
5WjkSj17yjE_1,/home/dipshikha/Music/cao/CISLR_v1.5-a_videos/5WjkSj17yjE_1.mp4,VALID,,,8
5YO6JToom0U,/home/dipshikha/Music/cao/CISLR_v1.5-a_videos/5YO6JToom0U.mp4,VALID,,,8
5YiMdn9qyYw,/home/dipshikha/Music/cao/CISLR_v1.5-a_videos/5YiMdn9qyYw.mp4,VALID,,,8
5Yw2lTDlGnY_1,/home/dipshikha/Music/cao/CISLR_v1.5-a_videos/5Yw2lTDlGnY_1.mp4,VALID,,,8
5ZQ26qxo_qY_1,/home/dipshikha/Music/cao/CISLR_v1.5-a_videos/5ZQ26qxo_qY_1.mp4,VALID,,,8
5Z_Rm0W-HgE,/home/dipshikha/Music/cao/CISLR_v1.5-a_videos/5Z_Rm0W-HgE.mp4,VALID,,,8
5_XwDbt8TGc,/home/dipshikha/Music/cao/CISLR_v1.5-a_videos/5_XwDbt8TGc.mp4,VALID,,,8
5anbkZmuIaQ,/home/dipshikha/Music/cao/CISLR_v1.5-a_videos/5anbkZmuIaQ.mp4,VALID,,,8
5at6UD4G24k_1,/home/dipshikha/Music/cao/CISLR_v1.5-a_videos/5at6UD4G24k_1.mp4,VALID,,,8
5b-82ujbB1g,/home/dipshikha/Music/cao/CISLR_v1.5-a_videos/5b-82ujbB1g.mp4,VALID,,,8
5buFHMBPDy4,/home/dipshikha/Music/cao/CISLR_v1.5-a_videos/5buFHMBPDy4.mp4,VALID,,,8
5bwdijeaEjE_1,/home/dipshikha/Music/cao/CISLR_v1.5-a_videos/5bwdijeaEjE_1.mp4,VALID,,,8
5c0M_nkTsmg,/home/dipshikha/Music/cao/CISLR_v1.5-a_videos/5c0M_nkTsmg.mp4,VALID,,,8
5cNi4x3S8RA,/home/dipshikha/Music/cao/CISLR_v1.5-a_videos/5cNi4x3S8RA.mp4,VALID,,,8
5cQsAM_VpBw,/home/dipshikha/Music/cao/CISLR_v1.5-a_videos/5cQsAM_VpBw.mp4,VALID,,,8
5dKLdjBujo4_1,/home/dipshikha/Music/cao/CISLR_v1.5-a_videos/5dKLdjBujo4_1.mp4,VALID,,,8
5dPJr4Pent8,/home/dipshikha/Music/cao/CISLR_v1.5-a_videos/5dPJr4Pent8.mp4,VALID,,,8
5dvE8jj59zQ_1,/home/dipshikha/Music/cao/CISLR_v1.5-a_videos/5dvE8jj59zQ_1.mp4,VALID,,,8
5fAIyKZuqjs_1,/home/dipshikha/Music/cao/CISLR_v1.5-a_videos/5fAIyKZuqjs_1.mp4,VALID,,,8
5gyfQ4lGoao_1,/home/dipshikha/Music/cao/CISLR_v1.5-a_videos/5gyfQ4lGoao_1.mp4,VALID,,,8
5j6Yr6SF5fE_1,/home/dipshikha/Music/cao/CISLR_v1.5-a_videos/5j6Yr6SF5fE_1.mp4,VALID,,,8
5jDsH5VpFBo,/home/dipshikha/Music/cao/CISLR_v1.5-a_videos/5jDsH5VpFBo.mp4,VALID,,,8
5johRx7KP7k,/home/dipshikha/Music/cao/CISLR_v1.5-a_videos/5johRx7KP7k.mp4,VALID,,,8
5js6qwxEL3Y,/home/dipshikha/Music/cao/CISLR_v1.5-a_videos/5js6qwxEL3Y.mp4,VALID,,,8
5kpV_69sODk_1,/home/dipshikha/Music/cao/CISLR_v1.5-a_videos/5kpV_69sODk_1.mp4,VALID,,,8
5lUAbnLn8YU_2,/home/dipshikha/Music/cao/CISLR_v1.5-a_videos/5lUAbnLn8YU_2.mp4,INVALID,frame_decode_failed,89,8
5luUUDnqHL0,/home/dipshikha/Music/cao/CISLR_v1.5-a_videos/5luUUDnqHL0.mp4,VALID,,,8
5mMQLQbzvuU_1,/home/dipshikha/Music/cao/CISLR_v1.5-a_videos/5mMQLQbzvuU_1.mp4,VALID,,,8
5n-rJGblvPA,/home/dipshikha/Music/cao/CISLR_v1.5-a_videos/5n-rJGblvPA.mp4,VALID,,,8
5nM7nJBkrvA_2,/home/dipshikha/Music/cao/CISLR_v1.5-a_videos/5nM7nJBkrvA_2.mp4,VALID,,,8
5naqubp3l2I_1,/home/dipshikha/Music/cao/CISLR_v1.5-a_videos/5naqubp3l2I_1.mp4,VALID,,,8
5nlcoXAOqFQ,/home/dipshikha/Music/cao/CISLR_v1.5-a_videos/5nlcoXAOqFQ.mp4,VALID,,,8
5oIuAvPIeUc_1,/home/dipshikha/Music/cao/CISLR_v1.5-a_videos/5oIuAvPIeUc_1.mp4,VALID,,,8
5oJk09B7YN4_2,/home/dipshikha/Music/cao/CISLR_v1.5-a_videos/5oJk09B7YN4_2.mp4,INVALID,frame_decode_failed,80,8
5oxAsvVFIqs,/home/dipshikha/Music/cao/CISLR_v1.5-a_videos/5oxAsvVFIqs.mp4,VALID,,,8
5p0_OOFy_NY,/home/dipshikha/Music/cao/CISLR_v1.5-a_videos/5p0_OOFy_NY.mp4,VALID,,,8
5p6D25oVSyI_1,/home/dipshikha/Music/cao/CISLR_v1.5-a_videos/5p6D25oVSyI_1.mp4,VALID,,,8
5pRxQFocP7I,/home/dipshikha/Music/cao/CISLR_v1.5-a_videos/5pRxQFocP7I.mp4,VALID,,,8
5pVbyAyMows_2,/home/dipshikha/Music/cao/CISLR_v1.5-a_videos/5pVbyAyMows_2.mp4,INVALID,frame_decode_failed,86,8
5pXM8FVyL7Y_2,/home/dipshikha/Music/cao/CISLR_v1.5-a_videos/5pXM8FVyL7Y_2.mp4,INVALID,frame_decode_failed,111,8
5rAIznB2Sg0,/home/dipshikha/Music/cao/CISLR_v1.5-a_videos/5rAIznB2Sg0.mp4,VALID,,,8
5reXwGDh438,/home/dipshikha/Music/cao/CISLR_v1.5-a_videos/5reXwGDh438.mp4,VALID,,,8
5sfiu9fyEt8,/home/dipshikha/Music/cao/CISLR_v1.5-a_videos/5sfiu9fyEt8.mp4,VALID,,,8
5smQtXAYAKM,/home/dipshikha/Music/cao/CISLR_v1.5-a_videos/5smQtXAYAKM.mp4,VALID,,,8
5uBzL7htLvA_1,/home/dipshikha/Music/cao/CISLR_v1.5-a_videos/5uBzL7htLvA_1.mp4,VALID,,,8
5udtEzoi0Lo,/home/dipshikha/Music/cao/CISLR_v1.5-a_videos/5udtEzoi0Lo.mp4,VALID,,,8
5ul1ArPWA-U_1,/home/dipshikha/Music/cao/CISLR_v1.5-a_videos/5ul1ArPWA-U_1.mp4,VALID,,,8
5uzypvZIzOI,/home/dipshikha/Music/cao/CISLR_v1.5-a_videos/5uzypvZIzOI.mp4,VALID,,,8
5vSILe--brU_2,/home/dipshikha/Music/cao/CISLR_v1.5-a_videos/5vSILe--brU_2.mp4,INVALID,frame_decode_failed,96,8
5vj022EoOLA,/home/dipshikha/Music/cao/CISLR_v1.5-a_videos/5vj022EoOLA.mp4,VALID,,,8
5vyTHPBq4Sg_1,/home/dipshikha/Music/cao/CISLR_v1.5-a_videos/5vyTHPBq4Sg_1.mp4,VALID,,,8
5xLVmxL3p0k,/home/dipshikha/Music/cao/CISLR_v1.5-a_videos/5xLVmxL3p0k.mp4,VALID,,,8
5xmJG9zQ9jw,/home/dipshikha/Music/cao/CISLR_v1.5-a_videos/5xmJG9zQ9jw.mp4,VALID,,,8
5xpCpxYgLGg,/home/dipshikha/Music/cao/CISLR_v1.5-a_videos/5xpCpxYgLGg.mp4,VALID,,,8
5y3eMNykOsA,/home/dipshikha/Music/cao/CISLR_v1.5-a_videos/5y3eMNykOsA.mp4,VALID,,,8
5y87G_irytQ,/home/dipshikha/Music/cao/CISLR_v1.5-a_videos/5y87G_irytQ.mp4,VALID,,,8
5yEAIUigL8o_2,/home/dipshikha/Music/cao/CISLR_v1.5-a_videos/5yEAIUigL8o_2.mp4,INVALID,frame_decode_failed,102,8
5ye1yjh3Z20,/home/dipshikha/Music/cao/CISLR_v1.5-a_videos/5ye1yjh3Z20.mp4,VALID,,,8
5yfuRyFh-qs_1,/home/dipshikha/Music/cao/CISLR_v1.5-a_videos/5yfuRyFh-qs_1.mp4,VALID,,,8
5zBLuemgyH8,/home/dipshikha/Music/cao/CISLR_v1.5-a_videos/5zBLuemgyH8.mp4,VALID,,,8
5zGzPqCNdn0_1,/home/dipshikha/Music/cao/CISLR_v1.5-a_videos/5zGzPqCNdn0_1.mp4,VALID,,,8
6-puAJsTDRQ,/home/dipshikha/Music/cao/CISLR_v1.5-a_videos/6-puAJsTDRQ.mp4,VALID,,,8
60gcpXhOpxg,/home/dipshikha/Music/cao/CISLR_v1.5-a_videos/60gcpXhOpxg.mp4,VALID,,,8
614YmkupYl0_1,/home/dipshikha/Music/cao/CISLR_v1.5-a_videos/614YmkupYl0_1.mp4,VALID,,,8
622-g3xXvgw_1,/home/dipshikha/Music/cao/CISLR_v1.5-a_videos/622-g3xXvgw_1.mp4,VALID,,,8
63LBwsyLl5s,/home/dipshikha/Music/cao/CISLR_v1.5-a_videos/63LBwsyLl5s.mp4,VALID,,,8
63NSXGtnLNQ,/home/dipshikha/Music/cao/CISLR_v1.5-a_videos/63NSXGtnLNQ.mp4,VALID,,,8
63ziYT2F6ps,/home/dipshikha/Music/cao/CISLR_v1.5-a_videos/63ziYT2F6ps.mp4,VALID,,,8
64Cdgzetaxs,/home/dipshikha/Music/cao/CISLR_v1.5-a_videos/64Cdgzetaxs.mp4,VALID,,,8
64cEWCYIWDo,/home/dipshikha/Music/cao/CISLR_v1.5-a_videos/64cEWCYIWDo.mp4,VALID,,,8
655X55UP2HM_1,/home/dipshikha/Music/cao/CISLR_v1.5-a_videos/655X55UP2HM_1.mp4,VALID,,,8
65N0VvcXr_Y,/home/dipshikha/Music/cao/CISLR_v1.5-a_videos/65N0VvcXr_Y.mp4,VALID,,,8
65whLEBzOCw,/home/dipshikha/Music/cao/CISLR_v1.5-a_videos/65whLEBzOCw.mp4,VALID,,,8
66XVsuuo9BA,/home/dipshikha/Music/cao/CISLR_v1.5-a_videos/66XVsuuo9BA.mp4,VALID,,,8
67RFKb9R-Rs,/home/dipshikha/Music/cao/CISLR_v1.5-a_videos/67RFKb9R-Rs.mp4,VALID,,,8
67rzuuIBt2A,/home/dipshikha/Music/cao/CISLR_v1.5-a_videos/67rzuuIBt2A.mp4,VALID,,,8
690vMI8P9Zc_1,/home/dipshikha/Music/cao/CISLR_v1.5-a_videos/690vMI8P9Zc_1.mp4,VALID,,,8
696laBQvzaA_2,/home/dipshikha/Music/cao/CISLR_v1.5-a_videos/696laBQvzaA_2.mp4,INVALID,frame_decode_failed,80,8
6AZvFIaf6UU_1,/home/dipshikha/Music/cao/CISLR_v1.5-a_videos/6AZvFIaf6UU_1.mp4,VALID,,,8
6BHgvzr83E8,/home/dipshikha/Music/cao/CISLR_v1.5-a_videos/6BHgvzr83E8.mp4,VALID,,,8
6BxN42ZQweM,/home/dipshikha/Music/cao/CISLR_v1.5-a_videos/6BxN42ZQweM.mp4,VALID,,,8
6CF-GjN1qCs,/home/dipshikha/Music/cao/CISLR_v1.5-a_videos/6CF-GjN1qCs.mp4,VALID,,,8
6Dzj5-OjQzU,/home/dipshikha/Music/cao/CISLR_v1.5-a_videos/6Dzj5-OjQzU.mp4,VALID,,,8
6E8c6WGZH_8_1,/home/dipshikha/Music/cao/CISLR_v1.5-a_videos/6E8c6WGZH_8_1.mp4,VALID,,,8
6EeXmMuxrQc_1,/home/dipshikha/Music/cao/CISLR_v1.5-a_videos/6EeXmMuxrQc_1.mp4,VALID,,,8
6GToY6IT_Pg_1,/home/dipshikha/Music/cao/CISLR_v1.5-a_videos/6GToY6IT_Pg_1.mp4,VALID,,,8
6J46Gkv1CzI,/home/dipshikha/Music/cao/CISLR_v1.5-a_videos/6J46Gkv1CzI.mp4,VALID,,,8
6JEcTQfX4yI_1,/home/dipshikha/Music/cao/CISLR_v1.5-a_videos/6JEcTQfX4yI_1.mp4,VALID,,,8
6Jc3GEN51ks,/home/dipshikha/Music/cao/CISLR_v1.5-a_videos/6Jc3GEN51ks.mp4,VALID,,,8
6KSKyvfyJGs,/home/dipshikha/Music/cao/CISLR_v1.5-a_videos/6KSKyvfyJGs.mp4,VALID,,,8
6M1rP2r672o_1,/home/dipshikha/Music/cao/CISLR_v1.5-a_videos/6M1rP2r672o_1.mp4,VALID,,,8
6MxUXd3IEfM_1,/home/dipshikha/Music/cao/CISLR_v1.5-a_videos/6MxUXd3IEfM_1.mp4,VALID,,,8
6N1X5V0C5d8,/home/dipshikha/Music/cao/CISLR_v1.5-a_videos/6N1X5V0C5d8.mp4,VALID,,,8
6NiPfrusu8E_1,/home/dipshikha/Music/cao/CISLR_v1.5-a_videos/6NiPfrusu8E_1.mp4,VALID,,,8
6OIXmWk9mhY_1,/home/dipshikha/Music/cao/CISLR_v1.5-a_videos/6OIXmWk9mhY_1.mp4,VALID,,,8
6P3Z2nkQD3c,/home/dipshikha/Music/cao/CISLR_v1.5-a_videos/6P3Z2nkQD3c.mp4,VALID,,,8
6QAnPWF0rLk_2,/home/dipshikha/Music/cao/CISLR_v1.5-a_videos/6QAnPWF0rLk_2.mp4,INVALID,frame_decode_failed,91,8
6RB0s_hkY_o_1,/home/dipshikha/Music/cao/CISLR_v1.5-a_videos/6RB0s_hkY_o_1.mp4,VALID,,,8
6SG2o63BKdM_1,/home/dipshikha/Music/cao/CISLR_v1.5-a_videos/6SG2o63BKdM_1.mp4,VALID,,,8
6SgubmEkZQM_1,/home/dipshikha/Music/cao/CISLR_v1.5-a_videos/6SgubmEkZQM_1.mp4,VALID,,,8
6T7sRjrH2hU,/home/dipshikha/Music/cao/CISLR_v1.5-a_videos/6T7sRjrH2hU.mp4,VALID,,,8
6UUmcqXYDLA_1,/home/dipshikha/Music/cao/CISLR_v1.5-a_videos/6UUmcqXYDLA_1.mp4,VALID,,,8
6UkQusxL7SI_1,/home/dipshikha/Music/cao/CISLR_v1.5-a_videos/6UkQusxL7SI_1.mp4,VALID,,,8
6X8mSzwuKWw_1,/home/dipshikha/Music/cao/CISLR_v1.5-a_videos/6X8mSzwuKWw_1.mp4,VALID,,,8
6Xyl6CNQ_f4,/home/dipshikha/Music/cao/CISLR_v1.5-a_videos/6Xyl6CNQ_f4.mp4,VALID,,,8
6YLxdNCHGpg,/home/dipshikha/Music/cao/CISLR_v1.5-a_videos/6YLxdNCHGpg.mp4,VALID,,,8
6YdDaQpd7-E_1,/home/dipshikha/Music/cao/CISLR_v1.5-a_videos/6YdDaQpd7-E_1.mp4,VALID,,,8
6ZWrFKv-PrI,/home/dipshikha/Music/cao/CISLR_v1.5-a_videos/6ZWrFKv-PrI.mp4,VALID,,,8
6ZaYY0vo6pk_1,/home/dipshikha/Music/cao/CISLR_v1.5-a_videos/6ZaYY0vo6pk_1.mp4,VALID,,,8
6adOKxf2hJY_2,/home/dipshikha/Music/cao/CISLR_v1.5-a_videos/6adOKxf2hJY_2.mp4,INVALID,frame_decode_failed,63,8
6ao-N2yvDYc_1,/home/dipshikha/Music/cao/CISLR_v1.5-a_videos/6ao-N2yvDYc_1.mp4,VALID,,,8
6aqON2kGdHA_1,/home/dipshikha/Music/cao/CISLR_v1.5-a_videos/6aqON2kGdHA_1.mp4,VALID,,,8
6bb5IDbiyzw,/home/dipshikha/Music/cao/CISLR_v1.5-a_videos/6bb5IDbiyzw.mp4,VALID,,,8
6bhBP3kbyds,/home/dipshikha/Music/cao/CISLR_v1.5-a_videos/6bhBP3kbyds.mp4,VALID,,,8
6buysVt7T14,/home/dipshikha/Music/cao/CISLR_v1.5-a_videos/6buysVt7T14.mp4,VALID,,,8
6c8Zy5HvpQQ,/home/dipshikha/Music/cao/CISLR_v1.5-a_videos/6c8Zy5HvpQQ.mp4,VALID,,,8
6d6qF1tF1yk,/home/dipshikha/Music/cao/CISLR_v1.5-a_videos/6d6qF1tF1yk.mp4,VALID,,,8
6e0T9ObBi14_1,/home/dipshikha/Music/cao/CISLR_v1.5-a_videos/6e0T9ObBi14_1.mp4,VALID,,,8
6eCbHVCJ9N0,/home/dipshikha/Music/cao/CISLR_v1.5-a_videos/6eCbHVCJ9N0.mp4,VALID,,,8
6f0v-e468AI,/home/dipshikha/Music/cao/CISLR_v1.5-a_videos/6f0v-e468AI.mp4,VALID,,,8
6f5kXjfqcU0_1,/home/dipshikha/Music/cao/CISLR_v1.5-a_videos/6f5kXjfqcU0_1.mp4,VALID,,,8
6iHv9-pIldQ,/home/dipshikha/Music/cao/CISLR_v1.5-a_videos/6iHv9-pIldQ.mp4,VALID,,,8
6ij6_5cxcfk,/home/dipshikha/Music/cao/CISLR_v1.5-a_videos/6ij6_5cxcfk.mp4,VALID,,,8
6ivNgy-ppH8_1,/home/dipshikha/Music/cao/CISLR_v1.5-a_videos/6ivNgy-ppH8_1.mp4,VALID,,,8
6jQ0I8KDlHg_2,/home/dipshikha/Music/cao/CISLR_v1.5-a_videos/6jQ0I8KDlHg_2.mp4,INVALID,frame_decode_failed,84,8
6kVsL2YCP7I,/home/dipshikha/Music/cao/CISLR_v1.5-a_videos/6kVsL2YCP7I.mp4,VALID,,,8
6l6GxuCUthA_2,/home/dipshikha/Music/cao/CISLR_v1.5-a_videos/6l6GxuCUthA_2.mp4,INVALID,frame_decode_failed,151,8
6l8NQiTrf_M_1,/home/dipshikha/Music/cao/CISLR_v1.5-a_videos/6l8NQiTrf_M_1.mp4,VALID,,,8
6lJS7YqGLVU,/home/dipshikha/Music/cao/CISLR_v1.5-a_videos/6lJS7YqGLVU.mp4,VALID,,,8
6m-jzzkuyGM,/home/dipshikha/Music/cao/CISLR_v1.5-a_videos/6m-jzzkuyGM.mp4,VALID,,,8
6mdmCIxWWfo_1,/home/dipshikha/Music/cao/CISLR_v1.5-a_videos/6mdmCIxWWfo_1.mp4,VALID,,,8
6nKQbhX9QHo,/home/dipshikha/Music/cao/CISLR_v1.5-a_videos/6nKQbhX9QHo.mp4,VALID,,,8
6nV_USsOh4w_2,/home/dipshikha/Music/cao/CISLR_v1.5-a_videos/6nV_USsOh4w_2.mp4,INVALID,frame_decode_failed,101,8
6oic47Y6lcc_1,/home/dipshikha/Music/cao/CISLR_v1.5-a_videos/6oic47Y6lcc_1.mp4,VALID,,,8
6pGyXMLfphA_1,/home/dipshikha/Music/cao/CISLR_v1.5-a_videos/6pGyXMLfphA_1.mp4,VALID,,,8
6q-qrk-VdXw_1,/home/dipshikha/Music/cao/CISLR_v1.5-a_videos/6q-qrk-VdXw_1.mp4,VALID,,,8
6r8MMPO3o9w_1,/home/dipshikha/Music/cao/CISLR_v1.5-a_videos/6r8MMPO3o9w_1.mp4,VALID,,,8
6rot7kh6uZ8_1,/home/dipshikha/Music/cao/CISLR_v1.5-a_videos/6rot7kh6uZ8_1.mp4,VALID,,,8
6s4UdZ5D58o,/home/dipshikha/Music/cao/CISLR_v1.5-a_videos/6s4UdZ5D58o.mp4,VALID,,,8
6sMzCN4STPU_1,/home/dipshikha/Music/cao/CISLR_v1.5-a_videos/6sMzCN4STPU_1.mp4,VALID,,,8
6sQeR9LXn-U_2,/home/dipshikha/Music/cao/CISLR_v1.5-a_videos/6sQeR9LXn-U_2.mp4,INVALID,frame_decode_failed,97,8
6t3agerx9rQ_2,/home/dipshikha/Music/cao/CISLR_v1.5-a_videos/6t3agerx9rQ_2.mp4,INVALID,frame_decode_failed,142,8
6tAfiAYopfo_1,/home/dipshikha/Music/cao/CISLR_v1.5-a_videos/6tAfiAYopfo_1.mp4,VALID,,,8
6u077PZEv0Y_1,/home/dipshikha/Music/cao/CISLR_v1.5-a_videos/6u077PZEv0Y_1.mp4,VALID,,,8
6uCWIe3S0tI,/home/dipshikha/Music/cao/CISLR_v1.5-a_videos/6uCWIe3S0tI.mp4,VALID,,,8
6vWqgLivxJg_2,/home/dipshikha/Music/cao/CISLR_v1.5-a_videos/6vWqgLivxJg_2.mp4,INVALID,frame_decode_failed,88,8
6wOOntcIJjE,/home/dipshikha/Music/cao/CISLR_v1.5-a_videos/6wOOntcIJjE.mp4,VALID,,,8
6wXGUZtHp5w,/home/dipshikha/Music/cao/CISLR_v1.5-a_videos/6wXGUZtHp5w.mp4,VALID,,,8
6xUFRFEzi4Y_2,/home/dipshikha/Music/cao/CISLR_v1.5-a_videos/6xUFRFEzi4Y_2.mp4,INVALID,frame_decode_failed,206,8
6y6ylBP0yc8,/home/dipshikha/Music/cao/CISLR_v1.5-a_videos/6y6ylBP0yc8.mp4,VALID,,,8
7-b8CgRyOtY_1,/home/dipshikha/Music/cao/CISLR_v1.5-a_videos/7-b8CgRyOtY_1.mp4,VALID,,,8
70EhU8eg6hQ,/home/dipshikha/Music/cao/CISLR_v1.5-a_videos/70EhU8eg6hQ.mp4,VALID,,,8
70hVqYWQIpc_1,/home/dipshikha/Music/cao/CISLR_v1.5-a_videos/70hVqYWQIpc_1.mp4,VALID,,,8
70wTMPGmS-U,/home/dipshikha/Music/cao/CISLR_v1.5-a_videos/70wTMPGmS-U.mp4,VALID,,,8
71ZZmuGbkO8_1,/home/dipshikha/Music/cao/CISLR_v1.5-a_videos/71ZZmuGbkO8_1.mp4,VALID,,,8
71zRPKBG0Sw,/home/dipshikha/Music/cao/CISLR_v1.5-a_videos/71zRPKBG0Sw.mp4,VALID,,,8
748qVYC4N1s,/home/dipshikha/Music/cao/CISLR_v1.5-a_videos/748qVYC4N1s.mp4,VALID,,,8
74CMVSgSmuQ_1,/home/dipshikha/Music/cao/CISLR_v1.5-a_videos/74CMVSgSmuQ_1.mp4,VALID,,,8
76BfFrybs0c,/home/dipshikha/Music/cao/CISLR_v1.5-a_videos/76BfFrybs0c.mp4,VALID,,,8
779eNGeW_Fo,/home/dipshikha/Music/cao/CISLR_v1.5-a_videos/779eNGeW_Fo.mp4,VALID,,,8
77A4jL_zT1I,/home/dipshikha/Music/cao/CISLR_v1.5-a_videos/77A4jL_zT1I.mp4,VALID,,,8
77Mi-wPnSZQ,/home/dipshikha/Music/cao/CISLR_v1.5-a_videos/77Mi-wPnSZQ.mp4,VALID,,,8
780_wVKvhts_1,/home/dipshikha/Music/cao/CISLR_v1.5-a_videos/780_wVKvhts_1.mp4,VALID,,,8
78YXhG9tLvk_1,/home/dipshikha/Music/cao/CISLR_v1.5-a_videos/78YXhG9tLvk_1.mp4,VALID,,,8
78hb7LPYmDU,/home/dipshikha/Music/cao/CISLR_v1.5-a_videos/78hb7LPYmDU.mp4,VALID,,,8
7AvSjQ7GV3c_1,/home/dipshikha/Music/cao/CISLR_v1.5-a_videos/7AvSjQ7GV3c_1.mp4,VALID,,,8
7BK0J1hZ7_Q,/home/dipshikha/Music/cao/CISLR_v1.5-a_videos/7BK0J1hZ7_Q.mp4,VALID,,,8
7BS16GXaOrY_2,/home/dipshikha/Music/cao/CISLR_v1.5-a_videos/7BS16GXaOrY_2.mp4,INVALID,frame_decode_failed,189,8
7ChtWi4wz8E_1,/home/dipshikha/Music/cao/CISLR_v1.5-a_videos/7ChtWi4wz8E_1.mp4,VALID,,,8
7D-_Ilut5Ns,/home/dipshikha/Music/cao/CISLR_v1.5-a_videos/7D-_Ilut5Ns.mp4,VALID,,,8
7EAhIFjcLPw_1,/home/dipshikha/Music/cao/CISLR_v1.5-a_videos/7EAhIFjcLPw_1.mp4,VALID,,,8
7EWF3Rsjn6Y,/home/dipshikha/Music/cao/CISLR_v1.5-a_videos/7EWF3Rsjn6Y.mp4,VALID,,,8
7Ef8k8x0ESQ_1,/home/dipshikha/Music/cao/CISLR_v1.5-a_videos/7Ef8k8x0ESQ_1.mp4,VALID,,,8
7EmJ9RQmT_w_1,/home/dipshikha/Music/cao/CISLR_v1.5-a_videos/7EmJ9RQmT_w_1.mp4,VALID,,,8
7F5-fio5ipg,/home/dipshikha/Music/cao/CISLR_v1.5-a_videos/7F5-fio5ipg.mp4,VALID,,,8
7FcFS0hXehs,/home/dipshikha/Music/cao/CISLR_v1.5-a_videos/7FcFS0hXehs.mp4,VALID,,,8
7Fi1Cawh4YY_2,/home/dipshikha/Music/cao/CISLR_v1.5-a_videos/7Fi1Cawh4YY_2.mp4,INVALID,frame_decode_failed,81,8
7FmS5KzjtL0_1,/home/dipshikha/Music/cao/CISLR_v1.5-a_videos/7FmS5KzjtL0_1.mp4,VALID,,,8
7FspuW_vgNc,/home/dipshikha/Music/cao/CISLR_v1.5-a_videos/7FspuW_vgNc.mp4,VALID,,,8
7HFTUAIevO8,/home/dipshikha/Music/cao/CISLR_v1.5-a_videos/7HFTUAIevO8.mp4,VALID,,,8
7HfVuSW5Alw_1,/home/dipshikha/Music/cao/CISLR_v1.5-a_videos/7HfVuSW5Alw_1.mp4,VALID,,,8
7Hpx20l91V8,/home/dipshikha/Music/cao/CISLR_v1.5-a_videos/7Hpx20l91V8.mp4,VALID,,,8
7I3kECWTA4w,/home/dipshikha/Music/cao/CISLR_v1.5-a_videos/7I3kECWTA4w.mp4,VALID,,,8
7JXTpPBaS8I,/home/dipshikha/Music/cao/CISLR_v1.5-a_videos/7JXTpPBaS8I.mp4,VALID,,,8
7KWNMKoNe8g,/home/dipshikha/Music/cao/CISLR_v1.5-a_videos/7KWNMKoNe8g.mp4,VALID,,,8
7LIiVsJI6W8_1,/home/dipshikha/Music/cao/CISLR_v1.5-a_videos/7LIiVsJI6W8_1.mp4,VALID,,,8
7LIrmOTBAok_1,/home/dipshikha/Music/cao/CISLR_v1.5-a_videos/7LIrmOTBAok_1.mp4,VALID,,,8
7LMLwdCweAs,/home/dipshikha/Music/cao/CISLR_v1.5-a_videos/7LMLwdCweAs.mp4,VALID,,,8
7LWzbtBSOi0_2,/home/dipshikha/Music/cao/CISLR_v1.5-a_videos/7LWzbtBSOi0_2.mp4,VALID,,,8
7LXVtTEP_IU_1,/home/dipshikha/Music/cao/CISLR_v1.5-a_videos/7LXVtTEP_IU_1.mp4,VALID,,,8
7Le7IfihZ0g,/home/dipshikha/Music/cao/CISLR_v1.5-a_videos/7Le7IfihZ0g.mp4,VALID,,,8
7MBisqj8VbE,/home/dipshikha/Music/cao/CISLR_v1.5-a_videos/7MBisqj8VbE.mp4,VALID,,,8
7MItzb6gz2c_1,/home/dipshikha/Music/cao/CISLR_v1.5-a_videos/7MItzb6gz2c_1.mp4,VALID,,,8
7O43NW_PICc,/home/dipshikha/Music/cao/CISLR_v1.5-a_videos/7O43NW_PICc.mp4,VALID,,,8
7OMdIhQ7zzM_1,/home/dipshikha/Music/cao/CISLR_v1.5-a_videos/7OMdIhQ7zzM_1.mp4,VALID,,,8
7OSI0FK-ka8_1,/home/dipshikha/Music/cao/CISLR_v1.5-a_videos/7OSI0FK-ka8_1.mp4,VALID,,,8
7P34KxZ_KLE_1,/home/dipshikha/Music/cao/CISLR_v1.5-a_videos/7P34KxZ_KLE_1.mp4,VALID,,,8
7P9YL1tEnVs,/home/dipshikha/Music/cao/CISLR_v1.5-a_videos/7P9YL1tEnVs.mp4,VALID,,,8
7PKlEo-ZLME,/home/dipshikha/Music/cao/CISLR_v1.5-a_videos/7PKlEo-ZLME.mp4,VALID,,,8
7R_b_tfp5lM,/home/dipshikha/Music/cao/CISLR_v1.5-a_videos/7R_b_tfp5lM.mp4,VALID,,,8
7RjhIe4sKm0,/home/dipshikha/Music/cao/CISLR_v1.5-a_videos/7RjhIe4sKm0.mp4,VALID,,,8
7Rl3OaaGNkY,/home/dipshikha/Music/cao/CISLR_v1.5-a_videos/7Rl3OaaGNkY.mp4,VALID,,,8
7SZTGACgaMk_1,/home/dipshikha/Music/cao/CISLR_v1.5-a_videos/7SZTGACgaMk_1.mp4,VALID,,,8
7TAkooD4Lyc,/home/dipshikha/Music/cao/CISLR_v1.5-a_videos/7TAkooD4Lyc.mp4,VALID,,,8
7VB_sLH5j4Q_1,/home/dipshikha/Music/cao/CISLR_v1.5-a_videos/7VB_sLH5j4Q_1.mp4,VALID,,,8
7ViTNBqzX6o_2,/home/dipshikha/Music/cao/CISLR_v1.5-a_videos/7ViTNBqzX6o_2.mp4,INVALID,frame_decode_failed,113,8
7Vn056hXh9U_1,/home/dipshikha/Music/cao/CISLR_v1.5-a_videos/7Vn056hXh9U_1.mp4,VALID,,,8
7Vn_Dto8Vq4_1,/home/dipshikha/Music/cao/CISLR_v1.5-a_videos/7Vn_Dto8Vq4_1.mp4,VALID,,,8
7W6zp8la1G4,/home/dipshikha/Music/cao/CISLR_v1.5-a_videos/7W6zp8la1G4.mp4,VALID,,,8
7ZQ4WwqhthM,/home/dipshikha/Music/cao/CISLR_v1.5-a_videos/7ZQ4WwqhthM.mp4,VALID,,,8
7_VrNljOvzI_1,/home/dipshikha/Music/cao/CISLR_v1.5-a_videos/7_VrNljOvzI_1.mp4,VALID,,,8
7aIfkOrtlBM_1,/home/dipshikha/Music/cao/CISLR_v1.5-a_videos/7aIfkOrtlBM_1.mp4,VALID,,,8
7al_t9swbtA,/home/dipshikha/Music/cao/CISLR_v1.5-a_videos/7al_t9swbtA.mp4,VALID,,,8
7bb5Lg8QKIs_1,/home/dipshikha/Music/cao/CISLR_v1.5-a_videos/7bb5Lg8QKIs_1.mp4,VALID,,,8
7bqtiz4KRnE,/home/dipshikha/Music/cao/CISLR_v1.5-a_videos/7bqtiz4KRnE.mp4,VALID,,,8
7c7A8VNHDg0,/home/dipshikha/Music/cao/CISLR_v1.5-a_videos/7c7A8VNHDg0.mp4,VALID,,,8
7ehztIhH_uA_2,/home/dipshikha/Music/cao/CISLR_v1.5-a_videos/7ehztIhH_uA_2.mp4,INVALID,frame_decode_failed,122,8
7fO_vanzHOw_1,/home/dipshikha/Music/cao/CISLR_v1.5-a_videos/7fO_vanzHOw_1.mp4,VALID,,,8
7fdPaEyfc9Y_1,/home/dipshikha/Music/cao/CISLR_v1.5-a_videos/7fdPaEyfc9Y_1.mp4,VALID,,,8
7gX_v77CcuU_1,/home/dipshikha/Music/cao/CISLR_v1.5-a_videos/7gX_v77CcuU_1.mp4,VALID,,,8
7ghzTv4t-MU_1,/home/dipshikha/Music/cao/CISLR_v1.5-a_videos/7ghzTv4t-MU_1.mp4,VALID,,,8
7gjYUfW4BEs_1,/home/dipshikha/Music/cao/CISLR_v1.5-a_videos/7gjYUfW4BEs_1.mp4,VALID,,,8
7h45o7GDrlo,/home/dipshikha/Music/cao/CISLR_v1.5-a_videos/7h45o7GDrlo.mp4,VALID,,,8
7hICMJlI2hQ_2,/home/dipshikha/Music/cao/CISLR_v1.5-a_videos/7hICMJlI2hQ_2.mp4,INVALID,frame_decode_failed,140,8
7hQwjcb-qlU,/home/dipshikha/Music/cao/CISLR_v1.5-a_videos/7hQwjcb-qlU.mp4,VALID,,,8
7iPa6A1bwuE,/home/dipshikha/Music/cao/CISLR_v1.5-a_videos/7iPa6A1bwuE.mp4,VALID,,,8
7kHYT1bESao,/home/dipshikha/Music/cao/CISLR_v1.5-a_videos/7kHYT1bESao.mp4,VALID,,,8
7kqD46WoJWQ_1,/home/dipshikha/Music/cao/CISLR_v1.5-a_videos/7kqD46WoJWQ_1.mp4,VALID,,,8
7n50MsM5c7A,/home/dipshikha/Music/cao/CISLR_v1.5-a_videos/7n50MsM5c7A.mp4,VALID,,,8
7nOhCp26zqo,/home/dipshikha/Music/cao/CISLR_v1.5-a_videos/7nOhCp26zqo.mp4,VALID,,,8
7nTC398KiPM,/home/dipshikha/Music/cao/CISLR_v1.5-a_videos/7nTC398KiPM.mp4,VALID,,,8
7ob8md8RHzg_1,/home/dipshikha/Music/cao/CISLR_v1.5-a_videos/7ob8md8RHzg_1.mp4,VALID,,,8
7poFsrrVPVk,/home/dipshikha/Music/cao/CISLR_v1.5-a_videos/7poFsrrVPVk.mp4,VALID,,,8
7qLPwuH3tVw,/home/dipshikha/Music/cao/CISLR_v1.5-a_videos/7qLPwuH3tVw.mp4,VALID,,,8
7r-E5BNnbZU,/home/dipshikha/Music/cao/CISLR_v1.5-a_videos/7r-E5BNnbZU.mp4,VALID,,,8
7rmoeayLR8Y_1,/home/dipshikha/Music/cao/CISLR_v1.5-a_videos/7rmoeayLR8Y_1.mp4,VALID,,,8
7rvnsRkA5WU_2,/home/dipshikha/Music/cao/CISLR_v1.5-a_videos/7rvnsRkA5WU_2.mp4,INVALID,frame_decode_failed,122,8
7s75Cr5aSJI,/home/dipshikha/Music/cao/CISLR_v1.5-a_videos/7s75Cr5aSJI.mp4,VALID,,,8
7sR29KFzUog,/home/dipshikha/Music/cao/CISLR_v1.5-a_videos/7sR29KFzUog.mp4,VALID,,,8
7spvXhsm6k0,/home/dipshikha/Music/cao/CISLR_v1.5-a_videos/7spvXhsm6k0.mp4,VALID,,,8
7swvJrXBA3I_1,/home/dipshikha/Music/cao/CISLR_v1.5-a_videos/7swvJrXBA3I_1.mp4,VALID,,,8
7tUKe_6Lxpk,/home/dipshikha/Music/cao/CISLR_v1.5-a_videos/7tUKe_6Lxpk.mp4,VALID,,,8
7u54vvW1UKQ,/home/dipshikha/Music/cao/CISLR_v1.5-a_videos/7u54vvW1UKQ.mp4,VALID,,,8
7usxzuFAysI_1,/home/dipshikha/Music/cao/CISLR_v1.5-a_videos/7usxzuFAysI_1.mp4,VALID,,,8
7vVeFsNN7uA,/home/dipshikha/Music/cao/CISLR_v1.5-a_videos/7vVeFsNN7uA.mp4,VALID,,,8
7veKecqLRlM_1,/home/dipshikha/Music/cao/CISLR_v1.5-a_videos/7veKecqLRlM_1.mp4,VALID,,,8
7w2Aev6pww0,/home/dipshikha/Music/cao/CISLR_v1.5-a_videos/7w2Aev6pww0.mp4,VALID,,,8
7xLp4cKj5eo_2,/home/dipshikha/Music/cao/CISLR_v1.5-a_videos/7xLp4cKj5eo_2.mp4,INVALID,frame_decode_failed,107,8
7xT3gRg4lpk_1,/home/dipshikha/Music/cao/CISLR_v1.5-a_videos/7xT3gRg4lpk_1.mp4,VALID,,,8
7zYJmIUn870_1,/home/dipshikha/Music/cao/CISLR_v1.5-a_videos/7zYJmIUn870_1.mp4,VALID,,,8
8-KFF8qu6IY_1,/home/dipshikha/Music/cao/CISLR_v1.5-a_videos/8-KFF8qu6IY_1.mp4,VALID,,,8
8-ifVHALpCw_1,/home/dipshikha/Music/cao/CISLR_v1.5-a_videos/8-ifVHALpCw_1.mp4,VALID,,,8
816BojVf1nk,/home/dipshikha/Music/cao/CISLR_v1.5-a_videos/816BojVf1nk.mp4,VALID,,,8
81n3FI_Di84_1,/home/dipshikha/Music/cao/CISLR_v1.5-a_videos/81n3FI_Di84_1.mp4,VALID,,,8
82w5E_szSfs_2,/home/dipshikha/Music/cao/CISLR_v1.5-a_videos/82w5E_szSfs_2.mp4,INVALID,frame_decode_failed,148,8
83gKsBHpPOM,/home/dipshikha/Music/cao/CISLR_v1.5-a_videos/83gKsBHpPOM.mp4,VALID,,,8
83vmd1I6Q4U,/home/dipshikha/Music/cao/CISLR_v1.5-a_videos/83vmd1I6Q4U.mp4,VALID,,,8
83zhg0Uf5jE,/home/dipshikha/Music/cao/CISLR_v1.5-a_videos/83zhg0Uf5jE.mp4,VALID,,,8
84G6by8Z7Ak,/home/dipshikha/Music/cao/CISLR_v1.5-a_videos/84G6by8Z7Ak.mp4,VALID,,,8
870f18p-XdE,/home/dipshikha/Music/cao/CISLR_v1.5-a_videos/870f18p-XdE.mp4,VALID,,,8
88Uj27nX_f4_1,/home/dipshikha/Music/cao/CISLR_v1.5-a_videos/88Uj27nX_f4_1.mp4,VALID,,,8
88cVTMvw2fw,/home/dipshikha/Music/cao/CISLR_v1.5-a_videos/88cVTMvw2fw.mp4,VALID,,,8
890291gO6Io_1,/home/dipshikha/Music/cao/CISLR_v1.5-a_videos/890291gO6Io_1.mp4,VALID,,,8
8A3qKZoz1ik,/home/dipshikha/Music/cao/CISLR_v1.5-a_videos/8A3qKZoz1ik.mp4,VALID,,,8
8AKc3tUUqso,/home/dipshikha/Music/cao/CISLR_v1.5-a_videos/8AKc3tUUqso.mp4,VALID,,,8
8CfsiPsHoQs_1,/home/dipshikha/Music/cao/CISLR_v1.5-a_videos/8CfsiPsHoQs_1.mp4,VALID,,,8
8CsqDF-3gGA,/home/dipshikha/Music/cao/CISLR_v1.5-a_videos/8CsqDF-3gGA.mp4,VALID,,,8
8D3_VYGa8Zk_1,/home/dipshikha/Music/cao/CISLR_v1.5-a_videos/8D3_VYGa8Zk_1.mp4,VALID,,,8
8DJVQADbpd0_1,/home/dipshikha/Music/cao/CISLR_v1.5-a_videos/8DJVQADbpd0_1.mp4,VALID,,,8
8Dx2cvy46lU,/home/dipshikha/Music/cao/CISLR_v1.5-a_videos/8Dx2cvy46lU.mp4,VALID,,,8
8EF9j5VqHzw,/home/dipshikha/Music/cao/CISLR_v1.5-a_videos/8EF9j5VqHzw.mp4,VALID,,,8
8FkwA1OENww_1,/home/dipshikha/Music/cao/CISLR_v1.5-a_videos/8FkwA1OENww_1.mp4,VALID,,,8
8FuV0BKlSrc_1,/home/dipshikha/Music/cao/CISLR_v1.5-a_videos/8FuV0BKlSrc_1.mp4,VALID,,,8
8HEymPeiThc,/home/dipshikha/Music/cao/CISLR_v1.5-a_videos/8HEymPeiThc.mp4,VALID,,,8
8I__oqg4_eE,/home/dipshikha/Music/cao/CISLR_v1.5-a_videos/8I__oqg4_eE.mp4,VALID,,,8
8JwPiK_tqTA,/home/dipshikha/Music/cao/CISLR_v1.5-a_videos/8JwPiK_tqTA.mp4,VALID,,,8
8K2LbLuX1_s_2,/home/dipshikha/Music/cao/CISLR_v1.5-a_videos/8K2LbLuX1_s_2.mp4,VALID,,,8
8KHW8o8XZb0_1,/home/dipshikha/Music/cao/CISLR_v1.5-a_videos/8KHW8o8XZb0_1.mp4,VALID,,,8
8NUflCsxZS0_1,/home/dipshikha/Music/cao/CISLR_v1.5-a_videos/8NUflCsxZS0_1.mp4,VALID,,,8
8O-mQYCFWoA,/home/dipshikha/Music/cao/CISLR_v1.5-a_videos/8O-mQYCFWoA.mp4,VALID,,,8
8ODE1njkZv0,/home/dipshikha/Music/cao/CISLR_v1.5-a_videos/8ODE1njkZv0.mp4,VALID,,,8
8OS9z5a2VfI_1,/home/dipshikha/Music/cao/CISLR_v1.5-a_videos/8OS9z5a2VfI_1.mp4,VALID,,,8
8PEVM1nTgqg_1,/home/dipshikha/Music/cao/CISLR_v1.5-a_videos/8PEVM1nTgqg_1.mp4,VALID,,,8
8TKDYaZqEFA,/home/dipshikha/Music/cao/CISLR_v1.5-a_videos/8TKDYaZqEFA.mp4,VALID,,,8
8Tsv4klWWuY,/home/dipshikha/Music/cao/CISLR_v1.5-a_videos/8Tsv4klWWuY.mp4,VALID,,,8
8UMcB8ZkgTk_1,/home/dipshikha/Music/cao/CISLR_v1.5-a_videos/8UMcB8ZkgTk_1.mp4,VALID,,,8
8VeV3_Y6Olw_1,/home/dipshikha/Music/cao/CISLR_v1.5-a_videos/8VeV3_Y6Olw_1.mp4,VALID,,,8
8W0rN_UGUDM,/home/dipshikha/Music/cao/CISLR_v1.5-a_videos/8W0rN_UGUDM.mp4,VALID,,,8
8WAJ_vejYOo,/home/dipshikha/Music/cao/CISLR_v1.5-a_videos/8WAJ_vejYOo.mp4,VALID,,,8
8WNV-TgaJTs_1,/home/dipshikha/Music/cao/CISLR_v1.5-a_videos/8WNV-TgaJTs_1.mp4,VALID,,,8
8WOkDhrU_Rg,/home/dipshikha/Music/cao/CISLR_v1.5-a_videos/8WOkDhrU_Rg.mp4,VALID,,,8
8Z_T-zrBEr8,/home/dipshikha/Music/cao/CISLR_v1.5-a_videos/8Z_T-zrBEr8.mp4,VALID,,,8
8Zq6uAa16MQ_1,/home/dipshikha/Music/cao/CISLR_v1.5-a_videos/8Zq6uAa16MQ_1.mp4,VALID,,,8
8_1PBGMAj9w_1,/home/dipshikha/Music/cao/CISLR_v1.5-a_videos/8_1PBGMAj9w_1.mp4,VALID,,,8
8aKZBVKWE5g_2,/home/dipshikha/Music/cao/CISLR_v1.5-a_videos/8aKZBVKWE5g_2.mp4,INVALID,frame_decode_failed,168,8
8arkJfd_jyQ,/home/dipshikha/Music/cao/CISLR_v1.5-a_videos/8arkJfd_jyQ.mp4,VALID,,,8
8bC_BlQw_eQ_1,/home/dipshikha/Music/cao/CISLR_v1.5-a_videos/8bC_BlQw_eQ_1.mp4,VALID,,,8
8biyNZmIKsk,/home/dipshikha/Music/cao/CISLR_v1.5-a_videos/8biyNZmIKsk.mp4,VALID,,,8
8c6jcLTId-8_1,/home/dipshikha/Music/cao/CISLR_v1.5-a_videos/8c6jcLTId-8_1.mp4,VALID,,,8
8cHmxgUpFyM_2,/home/dipshikha/Music/cao/CISLR_v1.5-a_videos/8cHmxgUpFyM_2.mp4,INVALID,frame_decode_failed,94,8
8cz9vIAyOPE,/home/dipshikha/Music/cao/CISLR_v1.5-a_videos/8cz9vIAyOPE.mp4,VALID,,,8
8eae5jZQ1zo,/home/dipshikha/Music/cao/CISLR_v1.5-a_videos/8eae5jZQ1zo.mp4,VALID,,,8
8edWFVV1lo4,/home/dipshikha/Music/cao/CISLR_v1.5-a_videos/8edWFVV1lo4.mp4,VALID,,,8
8fqQ2nm3B4Q,/home/dipshikha/Music/cao/CISLR_v1.5-a_videos/8fqQ2nm3B4Q.mp4,VALID,,,8
8fuKz0wYhWw_1,/home/dipshikha/Music/cao/CISLR_v1.5-a_videos/8fuKz0wYhWw_1.mp4,VALID,,,8
8gOeGenGvfg_1,/home/dipshikha/Music/cao/CISLR_v1.5-a_videos/8gOeGenGvfg_1.mp4,VALID,,,8
8gULClzsbQE,/home/dipshikha/Music/cao/CISLR_v1.5-a_videos/8gULClzsbQE.mp4,VALID,,,8
8gg1c5ZzWQc_1,/home/dipshikha/Music/cao/CISLR_v1.5-a_videos/8gg1c5ZzWQc_1.mp4,VALID,,,8
8gs46_Woylk_1,/home/dipshikha/Music/cao/CISLR_v1.5-a_videos/8gs46_Woylk_1.mp4,VALID,,,8
8hLvImVhOJM_1,/home/dipshikha/Music/cao/CISLR_v1.5-a_videos/8hLvImVhOJM_1.mp4,VALID,,,8
8hPNnF65IMg,/home/dipshikha/Music/cao/CISLR_v1.5-a_videos/8hPNnF65IMg.mp4,VALID,,,8
8iMs1y81En0_1,/home/dipshikha/Music/cao/CISLR_v1.5-a_videos/8iMs1y81En0_1.mp4,VALID,,,8
8j0lxGLcgRo_2,/home/dipshikha/Music/cao/CISLR_v1.5-a_videos/8j0lxGLcgRo_2.mp4,VALID,,,8
8jmBwGIKPmg_1,/home/dipshikha/Music/cao/CISLR_v1.5-a_videos/8jmBwGIKPmg_1.mp4,VALID,,,8
8lbfynog1yQ_1,/home/dipshikha/Music/cao/CISLR_v1.5-a_videos/8lbfynog1yQ_1.mp4,VALID,,,8
8m3p1BEhCUw,/home/dipshikha/Music/cao/CISLR_v1.5-a_videos/8m3p1BEhCUw.mp4,VALID,,,8
8mXwd_VuW1k_1,/home/dipshikha/Music/cao/CISLR_v1.5-a_videos/8mXwd_VuW1k_1.mp4,VALID,,,8
8m_WUuSGZHg,/home/dipshikha/Music/cao/CISLR_v1.5-a_videos/8m_WUuSGZHg.mp4,VALID,,,8
8m_cHzTpmeY_1,/home/dipshikha/Music/cao/CISLR_v1.5-a_videos/8m_cHzTpmeY_1.mp4,VALID,,,8
8mb_jgrFdeE_1,/home/dipshikha/Music/cao/CISLR_v1.5-a_videos/8mb_jgrFdeE_1.mp4,VALID,,,8
8pXV8kLacAI_2,/home/dipshikha/Music/cao/CISLR_v1.5-a_videos/8pXV8kLacAI_2.mp4,INVALID,frame_decode_failed,112,8
8pfW3gmsue8,/home/dipshikha/Music/cao/CISLR_v1.5-a_videos/8pfW3gmsue8.mp4,VALID,,,8
8r5QmLFv9Jc,/home/dipshikha/Music/cao/CISLR_v1.5-a_videos/8r5QmLFv9Jc.mp4,VALID,,,8
8rbvjjFfIPQ_2,/home/dipshikha/Music/cao/CISLR_v1.5-a_videos/8rbvjjFfIPQ_2.mp4,INVALID,frame_decode_failed,113,8
8snFGrMOv8c_2,/home/dipshikha/Music/cao/CISLR_v1.5-a_videos/8snFGrMOv8c_2.mp4,INVALID,frame_decode_failed,76,8
8tC5fhomuPw,/home/dipshikha/Music/cao/CISLR_v1.5-a_videos/8tC5fhomuPw.mp4,VALID,,,8
8tF644BWKNo_1,/home/dipshikha/Music/cao/CISLR_v1.5-a_videos/8tF644BWKNo_1.mp4,VALID,,,8
8tgBgXrOn6Y_1,/home/dipshikha/Music/cao/CISLR_v1.5-a_videos/8tgBgXrOn6Y_1.mp4,VALID,,,8
8ucWkX-wRrk,/home/dipshikha/Music/cao/CISLR_v1.5-a_videos/8ucWkX-wRrk.mp4,VALID,,,8
8vtQX3cugYc_1,/home/dipshikha/Music/cao/CISLR_v1.5-a_videos/8vtQX3cugYc_1.mp4,VALID,,,8
8w-jGg00BJ4_1,/home/dipshikha/Music/cao/CISLR_v1.5-a_videos/8w-jGg00BJ4_1.mp4,VALID,,,8
8wI11m_OvYo,/home/dipshikha/Music/cao/CISLR_v1.5-a_videos/8wI11m_OvYo.mp4,VALID,,,8
8wgrPnyzpMw,/home/dipshikha/Music/cao/CISLR_v1.5-a_videos/8wgrPnyzpMw.mp4,VALID,,,8
8xNtPv0InYE,/home/dipshikha/Music/cao/CISLR_v1.5-a_videos/8xNtPv0InYE.mp4,VALID,,,8
8yWcdPX31pM_1,/home/dipshikha/Music/cao/CISLR_v1.5-a_videos/8yWcdPX31pM_1.mp4,VALID,,,8
8z04XWMENWY,/home/dipshikha/Music/cao/CISLR_v1.5-a_videos/8z04XWMENWY.mp4,VALID,,,8
8z32TzNwU7U_1,/home/dipshikha/Music/cao/CISLR_v1.5-a_videos/8z32TzNwU7U_1.mp4,VALID,,,8
8zNQTYikGX0_1,/home/dipshikha/Music/cao/CISLR_v1.5-a_videos/8zNQTYikGX0_1.mp4,VALID,,,8
8zVGtdn_NLc,/home/dipshikha/Music/cao/CISLR_v1.5-a_videos/8zVGtdn_NLc.mp4,VALID,,,8
8zg5kbu8ZMA_1,/home/dipshikha/Music/cao/CISLR_v1.5-a_videos/8zg5kbu8ZMA_1.mp4,VALID,,,8
91WkA3SEDpM,/home/dipshikha/Music/cao/CISLR_v1.5-a_videos/91WkA3SEDpM.mp4,VALID,,,8
922S3GXI7eI,/home/dipshikha/Music/cao/CISLR_v1.5-a_videos/922S3GXI7eI.mp4,VALID,,,8
92HuQ3Vr13Q_1,/home/dipshikha/Music/cao/CISLR_v1.5-a_videos/92HuQ3Vr13Q_1.mp4,VALID,,,8
933fIHNLS9s,/home/dipshikha/Music/cao/CISLR_v1.5-a_videos/933fIHNLS9s.mp4,VALID,,,8
945eoq95GKM,/home/dipshikha/Music/cao/CISLR_v1.5-a_videos/945eoq95GKM.mp4,VALID,,,8
94KSlCCbBf0_1,/home/dipshikha/Music/cao/CISLR_v1.5-a_videos/94KSlCCbBf0_1.mp4,VALID,,,8
94r3k7n7oTs,/home/dipshikha/Music/cao/CISLR_v1.5-a_videos/94r3k7n7oTs.mp4,VALID,,,8
94yey9jGdsE_1,/home/dipshikha/Music/cao/CISLR_v1.5-a_videos/94yey9jGdsE_1.mp4,VALID,,,8
977nahhu-Zk,/home/dipshikha/Music/cao/CISLR_v1.5-a_videos/977nahhu-Zk.mp4,VALID,,,8
97UeCMhqWxw,/home/dipshikha/Music/cao/CISLR_v1.5-a_videos/97UeCMhqWxw.mp4,VALID,,,8
98QpyN3f8ZU,/home/dipshikha/Music/cao/CISLR_v1.5-a_videos/98QpyN3f8ZU.mp4,VALID,,,8
98UHa9YGWMg_1,/home/dipshikha/Music/cao/CISLR_v1.5-a_videos/98UHa9YGWMg_1.mp4,VALID,,,8
99N6O7wQL6o,/home/dipshikha/Music/cao/CISLR_v1.5-a_videos/99N6O7wQL6o.mp4,VALID,,,8
9A6I1vyyc4s,/home/dipshikha/Music/cao/CISLR_v1.5-a_videos/9A6I1vyyc4s.mp4,VALID,,,8
9AR3EYXYTNk_1,/home/dipshikha/Music/cao/CISLR_v1.5-a_videos/9AR3EYXYTNk_1.mp4,VALID,,,8
9B91YNQuBTg_1,/home/dipshikha/Music/cao/CISLR_v1.5-a_videos/9B91YNQuBTg_1.mp4,VALID,,,8
9BJ5ZQixW34,/home/dipshikha/Music/cao/CISLR_v1.5-a_videos/9BJ5ZQixW34.mp4,VALID,,,8
9BMHwqCSjag,/home/dipshikha/Music/cao/CISLR_v1.5-a_videos/9BMHwqCSjag.mp4,VALID,,,8
9BvwAQ7c9-c,/home/dipshikha/Music/cao/CISLR_v1.5-a_videos/9BvwAQ7c9-c.mp4,VALID,,,8
9D6zt9-uP88_1,/home/dipshikha/Music/cao/CISLR_v1.5-a_videos/9D6zt9-uP88_1.mp4,VALID,,,8
9E_Rr4c5UUc_1,/home/dipshikha/Music/cao/CISLR_v1.5-a_videos/9E_Rr4c5UUc_1.mp4,VALID,,,8
9FCa_zHS4-k,/home/dipshikha/Music/cao/CISLR_v1.5-a_videos/9FCa_zHS4-k.mp4,VALID,,,8
9GJUdPIquG4,/home/dipshikha/Music/cao/CISLR_v1.5-a_videos/9GJUdPIquG4.mp4,VALID,,,8
9Gb8falrx1Q,/home/dipshikha/Music/cao/CISLR_v1.5-a_videos/9Gb8falrx1Q.mp4,VALID,,,8
9Gl6dhM-XAY,/home/dipshikha/Music/cao/CISLR_v1.5-a_videos/9Gl6dhM-XAY.mp4,VALID,,,8
9GqUoFtKfNE,/home/dipshikha/Music/cao/CISLR_v1.5-a_videos/9GqUoFtKfNE.mp4,VALID,,,8
9HSEWDsdxgI_1,/home/dipshikha/Music/cao/CISLR_v1.5-a_videos/9HSEWDsdxgI_1.mp4,VALID,,,8
9HpOx_E5Q9Q_1,/home/dipshikha/Music/cao/CISLR_v1.5-a_videos/9HpOx_E5Q9Q_1.mp4,VALID,,,8
9IFKjY7Uuw0_1,/home/dipshikha/Music/cao/CISLR_v1.5-a_videos/9IFKjY7Uuw0_1.mp4,VALID,,,8
9Iq8DWRoeJA_2,/home/dipshikha/Music/cao/CISLR_v1.5-a_videos/9Iq8DWRoeJA_2.mp4,INVALID,frame_decode_failed,89,8
9JgVee1UGmI,/home/dipshikha/Music/cao/CISLR_v1.5-a_videos/9JgVee1UGmI.mp4,VALID,,,8
9KMPc_T4bU8,/home/dipshikha/Music/cao/CISLR_v1.5-a_videos/9KMPc_T4bU8.mp4,VALID,,,8
9KZbTecPlh0_1,/home/dipshikha/Music/cao/CISLR_v1.5-a_videos/9KZbTecPlh0_1.mp4,VALID,,,8
9LDQGtFRVhI,/home/dipshikha/Music/cao/CISLR_v1.5-a_videos/9LDQGtFRVhI.mp4,VALID,,,8
9LMQNfNdfRQ,/home/dipshikha/Music/cao/CISLR_v1.5-a_videos/9LMQNfNdfRQ.mp4,VALID,,,8
9LWMsCmHhaQ,/home/dipshikha/Music/cao/CISLR_v1.5-a_videos/9LWMsCmHhaQ.mp4,VALID,,,8
9LjYLI7ma7Y_1,/home/dipshikha/Music/cao/CISLR_v1.5-a_videos/9LjYLI7ma7Y_1.mp4,VALID,,,8
9MUevtG3yYc_2,/home/dipshikha/Music/cao/CISLR_v1.5-a_videos/9MUevtG3yYc_2.mp4,INVALID,frame_decode_failed,134,8
9NyNlhJnyng,/home/dipshikha/Music/cao/CISLR_v1.5-a_videos/9NyNlhJnyng.mp4,VALID,,,8
9OWi_u40bd4_1,/home/dipshikha/Music/cao/CISLR_v1.5-a_videos/9OWi_u40bd4_1.mp4,VALID,,,8
9QPvSQjo2oQ_1,/home/dipshikha/Music/cao/CISLR_v1.5-a_videos/9QPvSQjo2oQ_1.mp4,VALID,,,8
9QYn422W2pU_1,/home/dipshikha/Music/cao/CISLR_v1.5-a_videos/9QYn422W2pU_1.mp4,VALID,,,8
9R8mO744RdM,/home/dipshikha/Music/cao/CISLR_v1.5-a_videos/9R8mO744RdM.mp4,VALID,,,8
9TAdXqb-qcs_2,/home/dipshikha/Music/cao/CISLR_v1.5-a_videos/9TAdXqb-qcs_2.mp4,VALID,,,8
9TcOdm_p8dc,/home/dipshikha/Music/cao/CISLR_v1.5-a_videos/9TcOdm_p8dc.mp4,VALID,,,8
9TzR_2DZEKk,/home/dipshikha/Music/cao/CISLR_v1.5-a_videos/9TzR_2DZEKk.mp4,VALID,,,8
9VYxltnFK9k,/home/dipshikha/Music/cao/CISLR_v1.5-a_videos/9VYxltnFK9k.mp4,VALID,,,8
9VvSEg2LUHw_1,/home/dipshikha/Music/cao/CISLR_v1.5-a_videos/9VvSEg2LUHw_1.mp4,VALID,,,8
9ZFVsuD_DOA_1,/home/dipshikha/Music/cao/CISLR_v1.5-a_videos/9ZFVsuD_DOA_1.mp4,VALID,,,8
9ZaH5h9D4yI,/home/dipshikha/Music/cao/CISLR_v1.5-a_videos/9ZaH5h9D4yI.mp4,VALID,,,8
9_PxbDV7BcU_1,/home/dipshikha/Music/cao/CISLR_v1.5-a_videos/9_PxbDV7BcU_1.mp4,VALID,,,8
9bDbETVM0r4,/home/dipshikha/Music/cao/CISLR_v1.5-a_videos/9bDbETVM0r4.mp4,VALID,,,8
9bU0eltCrYQ,/home/dipshikha/Music/cao/CISLR_v1.5-a_videos/9bU0eltCrYQ.mp4,VALID,,,8
9bwbusx_8ik_1,/home/dipshikha/Music/cao/CISLR_v1.5-a_videos/9bwbusx_8ik_1.mp4,VALID,,,8
9cFEgJEFFB8_1,/home/dipshikha/Music/cao/CISLR_v1.5-a_videos/9cFEgJEFFB8_1.mp4,VALID,,,8
9cRQJXVdE3I_1,/home/dipshikha/Music/cao/CISLR_v1.5-a_videos/9cRQJXVdE3I_1.mp4,VALID,,,8
9c_bONRs12w,/home/dipshikha/Music/cao/CISLR_v1.5-a_videos/9c_bONRs12w.mp4,VALID,,,8
9gARyCGe8sY_1,/home/dipshikha/Music/cao/CISLR_v1.5-a_videos/9gARyCGe8sY_1.mp4,VALID,,,8
9h1DKNgyPZM,/home/dipshikha/Music/cao/CISLR_v1.5-a_videos/9h1DKNgyPZM.mp4,VALID,,,8
9hfrwKx2js8_1,/home/dipshikha/Music/cao/CISLR_v1.5-a_videos/9hfrwKx2js8_1.mp4,VALID,,,8
9hyc0l2c7I4,/home/dipshikha/Music/cao/CISLR_v1.5-a_videos/9hyc0l2c7I4.mp4,VALID,,,8
9in2Hz7k60U_1,/home/dipshikha/Music/cao/CISLR_v1.5-a_videos/9in2Hz7k60U_1.mp4,VALID,,,8
9j49KqnHN3s,/home/dipshikha/Music/cao/CISLR_v1.5-a_videos/9j49KqnHN3s.mp4,VALID,,,8
9jIu7tBsX70,/home/dipshikha/Music/cao/CISLR_v1.5-a_videos/9jIu7tBsX70.mp4,VALID,,,8
9jYJjEHnKTw,/home/dipshikha/Music/cao/CISLR_v1.5-a_videos/9jYJjEHnKTw.mp4,VALID,,,8
9lETXfWFER8_1,/home/dipshikha/Music/cao/CISLR_v1.5-a_videos/9lETXfWFER8_1.mp4,VALID,,,8
9l_mPRyG3Lw_2,/home/dipshikha/Music/cao/CISLR_v1.5-a_videos/9l_mPRyG3Lw_2.mp4,INVALID,frame_decode_failed,156,8
9odwds_amPo_1,/home/dipshikha/Music/cao/CISLR_v1.5-a_videos/9odwds_amPo_1.mp4,VALID,,,8
9oigD1xSV-g_1,/home/dipshikha/Music/cao/CISLR_v1.5-a_videos/9oigD1xSV-g_1.mp4,VALID,,,8
9oo3hDRFIhM_1,/home/dipshikha/Music/cao/CISLR_v1.5-a_videos/9oo3hDRFIhM_1.mp4,VALID,,,8
9pEAebpmkS0,/home/dipshikha/Music/cao/CISLR_v1.5-a_videos/9pEAebpmkS0.mp4,VALID,,,8
9pRb9SzUagk,/home/dipshikha/Music/cao/CISLR_v1.5-a_videos/9pRb9SzUagk.mp4,VALID,,,8
9qIeBRYxhjI_1,/home/dipshikha/Music/cao/CISLR_v1.5-a_videos/9qIeBRYxhjI_1.mp4,VALID,,,8
9qhBPFXW-b0,/home/dipshikha/Music/cao/CISLR_v1.5-a_videos/9qhBPFXW-b0.mp4,VALID,,,8
9qlCI50wdzY_1,/home/dipshikha/Music/cao/CISLR_v1.5-a_videos/9qlCI50wdzY_1.mp4,VALID,,,8
9r4aaMyWBvo_1,/home/dipshikha/Music/cao/CISLR_v1.5-a_videos/9r4aaMyWBvo_1.mp4,VALID,,,8
9r5BkbHQKg4,/home/dipshikha/Music/cao/CISLR_v1.5-a_videos/9r5BkbHQKg4.mp4,VALID,,,8
9rOnDWXhyaU,/home/dipshikha/Music/cao/CISLR_v1.5-a_videos/9rOnDWXhyaU.mp4,VALID,,,8
9sK2PFaxoHw,/home/dipshikha/Music/cao/CISLR_v1.5-a_videos/9sK2PFaxoHw.mp4,VALID,,,8
9tcU1uGTnFo,/home/dipshikha/Music/cao/CISLR_v1.5-a_videos/9tcU1uGTnFo.mp4,VALID,,,8
9tph00_pAf4,/home/dipshikha/Music/cao/CISLR_v1.5-a_videos/9tph00_pAf4.mp4,VALID,,,8
9uNB69GAxtk_1,/home/dipshikha/Music/cao/CISLR_v1.5-a_videos/9uNB69GAxtk_1.mp4,VALID,,,8
9vvemJ0nr-E,/home/dipshikha/Music/cao/CISLR_v1.5-a_videos/9vvemJ0nr-E.mp4,VALID,,,8
9wsyF_yvjfQ,/home/dipshikha/Music/cao/CISLR_v1.5-a_videos/9wsyF_yvjfQ.mp4,VALID,,,8
9xgeOH9Jl9U,/home/dipshikha/Music/cao/CISLR_v1.5-a_videos/9xgeOH9Jl9U.mp4,VALID,,,8
9yuJzZDgPRw_1,/home/dipshikha/Music/cao/CISLR_v1.5-a_videos/9yuJzZDgPRw_1.mp4,VALID,,,8
9zh_TIspgro_1,/home/dipshikha/Music/cao/CISLR_v1.5-a_videos/9zh_TIspgro_1.mp4,VALID,,,8
A-DmE3OOAfU,/home/dipshikha/Music/cao/CISLR_v1.5-a_videos/A-DmE3OOAfU.mp4,VALID,,,8
A-OYsPfNlNA_2,/home/dipshikha/Music/cao/CISLR_v1.5-a_videos/A-OYsPfNlNA_2.mp4,INVALID,frame_decode_failed,77,8
A-XKL0nXLoA_2,/home/dipshikha/Music/cao/CISLR_v1.5-a_videos/A-XKL0nXLoA_2.mp4,INVALID,frame_decode_failed,98,8
A0JzS62h92w_1,/home/dipshikha/Music/cao/CISLR_v1.5-a_videos/A0JzS62h92w_1.mp4,VALID,,,8
A0fQyTZj4Mk_2,/home/dipshikha/Music/cao/CISLR_v1.5-a_videos/A0fQyTZj4Mk_2.mp4,VALID,,,8
A131AL5rAPU_2,/home/dipshikha/Music/cao/CISLR_v1.5-a_videos/A131AL5rAPU_2.mp4,INVALID,frame_decode_failed,96,8
A2flwWtlgdQ,/home/dipshikha/Music/cao/CISLR_v1.5-a_videos/A2flwWtlgdQ.mp4,VALID,,,8
A2t3ucbTnzg_1,/home/dipshikha/Music/cao/CISLR_v1.5-a_videos/A2t3ucbTnzg_1.mp4,VALID,,,8
A3E7kL78NRs_1,/home/dipshikha/Music/cao/CISLR_v1.5-a_videos/A3E7kL78NRs_1.mp4,VALID,,,8
A3QOVwivz4Q_1,/home/dipshikha/Music/cao/CISLR_v1.5-a_videos/A3QOVwivz4Q_1.mp4,VALID,,,8
A3v05__5wIs,/home/dipshikha/Music/cao/CISLR_v1.5-a_videos/A3v05__5wIs.mp4,VALID,,,8
A3vRjp3UwrE_1,/home/dipshikha/Music/cao/CISLR_v1.5-a_videos/A3vRjp3UwrE_1.mp4,VALID,,,8
A4RELg59BW8,/home/dipshikha/Music/cao/CISLR_v1.5-a_videos/A4RELg59BW8.mp4,VALID,,,8
A4WC9h-V7gg_2,/home/dipshikha/Music/cao/CISLR_v1.5-a_videos/A4WC9h-V7gg_2.mp4,INVALID,frame_decode_failed,146,8
A4s4g4tpDwQ_2,/home/dipshikha/Music/cao/CISLR_v1.5-a_videos/A4s4g4tpDwQ_2.mp4,VALID,,,8
A6OkMmLkj50_1,/home/dipshikha/Music/cao/CISLR_v1.5-a_videos/A6OkMmLkj50_1.mp4,VALID,,,8
A6f3QRzvHV0,/home/dipshikha/Music/cao/CISLR_v1.5-a_videos/A6f3QRzvHV0.mp4,VALID,,,8
A7Z8eaNDLGg,/home/dipshikha/Music/cao/CISLR_v1.5-a_videos/A7Z8eaNDLGg.mp4,VALID,,,8
AApcKicSfHU,/home/dipshikha/Music/cao/CISLR_v1.5-a_videos/AApcKicSfHU.mp4,VALID,,,8
ABHbs7wII44,/home/dipshikha/Music/cao/CISLR_v1.5-a_videos/ABHbs7wII44.mp4,VALID,,,8
ABSyPhV0SCw,/home/dipshikha/Music/cao/CISLR_v1.5-a_videos/ABSyPhV0SCw.mp4,VALID,,,8
ACJG5VeKrvQ,/home/dipshikha/Music/cao/CISLR_v1.5-a_videos/ACJG5VeKrvQ.mp4,VALID,,,8
ADOlYPfw_T8,/home/dipshikha/Music/cao/CISLR_v1.5-a_videos/ADOlYPfw_T8.mp4,VALID,,,8
ADgKP4UpMkg,/home/dipshikha/Music/cao/CISLR_v1.5-a_videos/ADgKP4UpMkg.mp4,VALID,,,8
ADtWeEnpLfY,/home/dipshikha/Music/cao/CISLR_v1.5-a_videos/ADtWeEnpLfY.mp4,VALID,,,8
AEfFAtmkt6o,/home/dipshikha/Music/cao/CISLR_v1.5-a_videos/AEfFAtmkt6o.mp4,VALID,,,8
AEjUapb4Iwc,/home/dipshikha/Music/cao/CISLR_v1.5-a_videos/AEjUapb4Iwc.mp4,VALID,,,8
AF8n5CAR0m0_1,/home/dipshikha/Music/cao/CISLR_v1.5-a_videos/AF8n5CAR0m0_1.mp4,VALID,,,8
AFV4rZ8HFUI_2,/home/dipshikha/Music/cao/CISLR_v1.5-a_videos/AFV4rZ8HFUI_2.mp4,INVALID,frame_decode_failed,113,8
AGSQnRV3FY8_1,/home/dipshikha/Music/cao/CISLR_v1.5-a_videos/AGSQnRV3FY8_1.mp4,VALID,,,8
AHrIksqU13s,/home/dipshikha/Music/cao/CISLR_v1.5-a_videos/AHrIksqU13s.mp4,VALID,,,8
AJ0UWA48X-g,/home/dipshikha/Music/cao/CISLR_v1.5-a_videos/AJ0UWA48X-g.mp4,VALID,,,8
AJ0hvy4jJXY_1,/home/dipshikha/Music/cao/CISLR_v1.5-a_videos/AJ0hvy4jJXY_1.mp4,VALID,,,8
AJyoUbv1lzs,/home/dipshikha/Music/cao/CISLR_v1.5-a_videos/AJyoUbv1lzs.mp4,VALID,,,8
AKpYk0-0v8s_1,/home/dipshikha/Music/cao/CISLR_v1.5-a_videos/AKpYk0-0v8s_1.mp4,VALID,,,8
ALdikJXEJtc,/home/dipshikha/Music/cao/CISLR_v1.5-a_videos/ALdikJXEJtc.mp4,VALID,,,8
ALw4b7WFOR4_1,/home/dipshikha/Music/cao/CISLR_v1.5-a_videos/ALw4b7WFOR4_1.mp4,VALID,,,8
AMSxEvyhESk,/home/dipshikha/Music/cao/CISLR_v1.5-a_videos/AMSxEvyhESk.mp4,VALID,,,8
ANfL9O6wy4Y,/home/dipshikha/Music/cao/CISLR_v1.5-a_videos/ANfL9O6wy4Y.mp4,VALID,,,8
ANgOOb951fE_1,/home/dipshikha/Music/cao/CISLR_v1.5-a_videos/ANgOOb951fE_1.mp4,VALID,,,8
ANxPvptCW6w_1,/home/dipshikha/Music/cao/CISLR_v1.5-a_videos/ANxPvptCW6w_1.mp4,VALID,,,8
AO9vAsL-gXg,/home/dipshikha/Music/cao/CISLR_v1.5-a_videos/AO9vAsL-gXg.mp4,VALID,,,8
AQ_ba6r2-YM,/home/dipshikha/Music/cao/CISLR_v1.5-a_videos/AQ_ba6r2-YM.mp4,VALID,,,8
ARS_u1Op3gw,/home/dipshikha/Music/cao/CISLR_v1.5-a_videos/ARS_u1Op3gw.mp4,VALID,,,8
ARSm5la19W4_1,/home/dipshikha/Music/cao/CISLR_v1.5-a_videos/ARSm5la19W4_1.mp4,VALID,,,8
AUnzt1FRoRk,/home/dipshikha/Music/cao/CISLR_v1.5-a_videos/AUnzt1FRoRk.mp4,VALID,,,8
AUqBZl760Lg_1,/home/dipshikha/Music/cao/CISLR_v1.5-a_videos/AUqBZl760Lg_1.mp4,VALID,,,8
AV6KYwLsbfY,/home/dipshikha/Music/cao/CISLR_v1.5-a_videos/AV6KYwLsbfY.mp4,VALID,,,8
AVjyszuck8E,/home/dipshikha/Music/cao/CISLR_v1.5-a_videos/AVjyszuck8E.mp4,VALID,,,8
AWMcypBB9WY_1,/home/dipshikha/Music/cao/CISLR_v1.5-a_videos/AWMcypBB9WY_1.mp4,VALID,,,8
AX7RoHSCLPk_1,/home/dipshikha/Music/cao/CISLR_v1.5-a_videos/AX7RoHSCLPk_1.mp4,VALID,,,8
AXzNbOMMZ6Y,/home/dipshikha/Music/cao/CISLR_v1.5-a_videos/AXzNbOMMZ6Y.mp4,VALID,,,8
AY5ZDfd57vc,/home/dipshikha/Music/cao/CISLR_v1.5-a_videos/AY5ZDfd57vc.mp4,VALID,,,8
AYTEzWH7BYY,/home/dipshikha/Music/cao/CISLR_v1.5-a_videos/AYTEzWH7BYY.mp4,VALID,,,8
AZ71WPBDNuM,/home/dipshikha/Music/cao/CISLR_v1.5-a_videos/AZ71WPBDNuM.mp4,VALID,,,8
AZBsekRB7zY_1,/home/dipshikha/Music/cao/CISLR_v1.5-a_videos/AZBsekRB7zY_1.mp4,VALID,,,8
A_ghucv_daw,/home/dipshikha/Music/cao/CISLR_v1.5-a_videos/A_ghucv_daw.mp4,VALID,,,8
Aa8BKFLPRYs_1,/home/dipshikha/Music/cao/CISLR_v1.5-a_videos/Aa8BKFLPRYs_1.mp4,VALID,,,8
AaHFB_q7AO0,/home/dipshikha/Music/cao/CISLR_v1.5-a_videos/AaHFB_q7AO0.mp4,VALID,,,8
AaHmdX-mi5s,/home/dipshikha/Music/cao/CISLR_v1.5-a_videos/AaHmdX-mi5s.mp4,VALID,,,8
Aahly6_Ya3w_1,/home/dipshikha/Music/cao/CISLR_v1.5-a_videos/Aahly6_Ya3w_1.mp4,VALID,,,8
AbYawF3ki0k_1,/home/dipshikha/Music/cao/CISLR_v1.5-a_videos/AbYawF3ki0k_1.mp4,VALID,,,8
AcAbORUCKbM,/home/dipshikha/Music/cao/CISLR_v1.5-a_videos/AcAbORUCKbM.mp4,VALID,,,8
AclEDgleQ6M,/home/dipshikha/Music/cao/CISLR_v1.5-a_videos/AclEDgleQ6M.mp4,VALID,,,8
AdV7Zn6p0yg_1,/home/dipshikha/Music/cao/CISLR_v1.5-a_videos/AdV7Zn6p0yg_1.mp4,VALID,,,8
Adn8_szuH5A,/home/dipshikha/Music/cao/CISLR_v1.5-a_videos/Adn8_szuH5A.mp4,VALID,,,8
AectM0u3HLI_1,/home/dipshikha/Music/cao/CISLR_v1.5-a_videos/AectM0u3HLI_1.mp4,VALID,,,8
Aeq2jo3tSdA,/home/dipshikha/Music/cao/CISLR_v1.5-a_videos/Aeq2jo3tSdA.mp4,VALID,,,8
AfzXlh8OgnI,/home/dipshikha/Music/cao/CISLR_v1.5-a_videos/AfzXlh8OgnI.mp4,VALID,,,8
AgAIB4T8Z04,/home/dipshikha/Music/cao/CISLR_v1.5-a_videos/AgAIB4T8Z04.mp4,VALID,,,8
AgB-ICcX7Fg,/home/dipshikha/Music/cao/CISLR_v1.5-a_videos/AgB-ICcX7Fg.mp4,VALID,,,8
Ah8zB8BQYek,/home/dipshikha/Music/cao/CISLR_v1.5-a_videos/Ah8zB8BQYek.mp4,VALID,,,8
AhDjpH0xZAU,/home/dipshikha/Music/cao/CISLR_v1.5-a_videos/AhDjpH0xZAU.mp4,VALID,,,8
Ai8GHDxnOzE_2,/home/dipshikha/Music/cao/CISLR_v1.5-a_videos/Ai8GHDxnOzE_2.mp4,INVALID,frame_decode_failed,129,8
AjWZkexuKVI_2,/home/dipshikha/Music/cao/CISLR_v1.5-a_videos/AjWZkexuKVI_2.mp4,INVALID,frame_decode_failed,91,8
AkDOjtOtGGA_1,/home/dipshikha/Music/cao/CISLR_v1.5-a_videos/AkDOjtOtGGA_1.mp4,VALID,,,8
AkY2zmS18v0,/home/dipshikha/Music/cao/CISLR_v1.5-a_videos/AkY2zmS18v0.mp4,VALID,,,8
AmbZ5vym81g_1,/home/dipshikha/Music/cao/CISLR_v1.5-a_videos/AmbZ5vym81g_1.mp4,VALID,,,8
AnzLnEIXCI4_1,/home/dipshikha/Music/cao/CISLR_v1.5-a_videos/AnzLnEIXCI4_1.mp4,VALID,,,8
Ap36VoRZatU,/home/dipshikha/Music/cao/CISLR_v1.5-a_videos/Ap36VoRZatU.mp4,VALID,,,8
ApkQwiV28bY,/home/dipshikha/Music/cao/CISLR_v1.5-a_videos/ApkQwiV28bY.mp4,VALID,,,8
Aq_A-TmNfwk,/home/dipshikha/Music/cao/CISLR_v1.5-a_videos/Aq_A-TmNfwk.mp4,VALID,,,8
ArXzUJR5Vic,/home/dipshikha/Music/cao/CISLR_v1.5-a_videos/ArXzUJR5Vic.mp4,VALID,,,8
ArcfZOVJyc4,/home/dipshikha/Music/cao/CISLR_v1.5-a_videos/ArcfZOVJyc4.mp4,VALID,,,8
ArrUPiaqzHA,/home/dipshikha/Music/cao/CISLR_v1.5-a_videos/ArrUPiaqzHA.mp4,VALID,,,8
AuCxXmjvztU,/home/dipshikha/Music/cao/CISLR_v1.5-a_videos/AuCxXmjvztU.mp4,VALID,,,8
AuTgOkqjmKs,/home/dipshikha/Music/cao/CISLR_v1.5-a_videos/AuTgOkqjmKs.mp4,VALID,,,8
Aup_XGd3EqQ,/home/dipshikha/Music/cao/CISLR_v1.5-a_videos/Aup_XGd3EqQ.mp4,VALID,,,8
AwsLVn18lwo_2,/home/dipshikha/Music/cao/CISLR_v1.5-a_videos/AwsLVn18lwo_2.mp4,INVALID,frame_decode_failed,101,8
AygZ8ATgf_c,/home/dipshikha/Music/cao/CISLR_v1.5-a_videos/AygZ8ATgf_c.mp4,VALID,,,8
AzOpSq_iZCo_1,/home/dipshikha/Music/cao/CISLR_v1.5-a_videos/AzOpSq_iZCo_1.mp4,VALID,,,8
AzVqMQPhOWI_1,/home/dipshikha/Music/cao/CISLR_v1.5-a_videos/AzVqMQPhOWI_1.mp4,VALID,,,8
B0JKoyG_q0g,/home/dipshikha/Music/cao/CISLR_v1.5-a_videos/B0JKoyG_q0g.mp4,VALID,,,8
B0eoeNCs3RI_1,/home/dipshikha/Music/cao/CISLR_v1.5-a_videos/B0eoeNCs3RI_1.mp4,VALID,,,8
B0wM7GT2PKU_2,/home/dipshikha/Music/cao/CISLR_v1.5-a_videos/B0wM7GT2PKU_2.mp4,INVALID,frame_decode_failed,99,8
B2eH7OwcKQ0,/home/dipshikha/Music/cao/CISLR_v1.5-a_videos/B2eH7OwcKQ0.mp4,VALID,,,8
B34E37rWGWA_1,/home/dipshikha/Music/cao/CISLR_v1.5-a_videos/B34E37rWGWA_1.mp4,VALID,,,8
B34fwmoOvvI_1,/home/dipshikha/Music/cao/CISLR_v1.5-a_videos/B34fwmoOvvI_1.mp4,VALID,,,8
B3ViGdozfp4,/home/dipshikha/Music/cao/CISLR_v1.5-a_videos/B3ViGdozfp4.mp4,VALID,,,8
B4Anc1i1S1E,/home/dipshikha/Music/cao/CISLR_v1.5-a_videos/B4Anc1i1S1E.mp4,VALID,,,8
B4_sWGyQgrA,/home/dipshikha/Music/cao/CISLR_v1.5-a_videos/B4_sWGyQgrA.mp4,VALID,,,8
B5Qtp_-1gmo_1,/home/dipshikha/Music/cao/CISLR_v1.5-a_videos/B5Qtp_-1gmo_1.mp4,VALID,,,8
B6UQh9WuYAY,/home/dipshikha/Music/cao/CISLR_v1.5-a_videos/B6UQh9WuYAY.mp4,VALID,,,8
B6XbxlOZXm4_1,/home/dipshikha/Music/cao/CISLR_v1.5-a_videos/B6XbxlOZXm4_1.mp4,VALID,,,8
B6dVHrpiFws,/home/dipshikha/Music/cao/CISLR_v1.5-a_videos/B6dVHrpiFws.mp4,VALID,,,8
B71wV1k7n4M,/home/dipshikha/Music/cao/CISLR_v1.5-a_videos/B71wV1k7n4M.mp4,VALID,,,8
B9gcbXjMQwg_1,/home/dipshikha/Music/cao/CISLR_v1.5-a_videos/B9gcbXjMQwg_1.mp4,VALID,,,8
BAuCEJ4uKgE,/home/dipshikha/Music/cao/CISLR_v1.5-a_videos/BAuCEJ4uKgE.mp4,VALID,,,8
BCVSsSZSqm4,/home/dipshikha/Music/cao/CISLR_v1.5-a_videos/BCVSsSZSqm4.mp4,VALID,,,8
BD-PPGZahtU_1,/home/dipshikha/Music/cao/CISLR_v1.5-a_videos/BD-PPGZahtU_1.mp4,VALID,,,8
BD6ADUnsyio_1,/home/dipshikha/Music/cao/CISLR_v1.5-a_videos/BD6ADUnsyio_1.mp4,VALID,,,8
BDSIilJRj-4,/home/dipshikha/Music/cao/CISLR_v1.5-a_videos/BDSIilJRj-4.mp4,VALID,,,8
BEBfzPkE3EY,/home/dipshikha/Music/cao/CISLR_v1.5-a_videos/BEBfzPkE3EY.mp4,VALID,,,8
BEEOC2ZXhsg,/home/dipshikha/Music/cao/CISLR_v1.5-a_videos/BEEOC2ZXhsg.mp4,VALID,,,8
BFYTOi2N1w8,/home/dipshikha/Music/cao/CISLR_v1.5-a_videos/BFYTOi2N1w8.mp4,VALID,,,8
BGIG-XfX4BI,/home/dipshikha/Music/cao/CISLR_v1.5-a_videos/BGIG-XfX4BI.mp4,VALID,,,8
BGfcBh4woVU_1,/home/dipshikha/Music/cao/CISLR_v1.5-a_videos/BGfcBh4woVU_1.mp4,VALID,,,8
BI1IkyUrBT0,/home/dipshikha/Music/cao/CISLR_v1.5-a_videos/BI1IkyUrBT0.mp4,VALID,,,8
BI57SSk_cGU,/home/dipshikha/Music/cao/CISLR_v1.5-a_videos/BI57SSk_cGU.mp4,VALID,,,8
BIO33uNK_pY_1,/home/dipshikha/Music/cao/CISLR_v1.5-a_videos/BIO33uNK_pY_1.mp4,VALID,,,8
BJ_XRbrwsk0_1,/home/dipshikha/Music/cao/CISLR_v1.5-a_videos/BJ_XRbrwsk0_1.mp4,VALID,,,8
BJgvTIe5avM,/home/dipshikha/Music/cao/CISLR_v1.5-a_videos/BJgvTIe5avM.mp4,VALID,,,8
BLazXqvPnKk,/home/dipshikha/Music/cao/CISLR_v1.5-a_videos/BLazXqvPnKk.mp4,VALID,,,8
BMKm42g0s08_2,/home/dipshikha/Music/cao/CISLR_v1.5-a_videos/BMKm42g0s08_2.mp4,INVALID,frame_decode_failed,106,8
BMsUiLpUFQQ_1,/home/dipshikha/Music/cao/CISLR_v1.5-a_videos/BMsUiLpUFQQ_1.mp4,VALID,,,8
BMzjPIvzVfU,/home/dipshikha/Music/cao/CISLR_v1.5-a_videos/BMzjPIvzVfU.mp4,VALID,,,8
BN8N3UwtL00,/home/dipshikha/Music/cao/CISLR_v1.5-a_videos/BN8N3UwtL00.mp4,VALID,,,8
BNnUgdUKtf0,/home/dipshikha/Music/cao/CISLR_v1.5-a_videos/BNnUgdUKtf0.mp4,VALID,,,8
BPC5XCxTQDE_1,/home/dipshikha/Music/cao/CISLR_v1.5-a_videos/BPC5XCxTQDE_1.mp4,VALID,,,8
BPWGQ-KcisU_1,/home/dipshikha/Music/cao/CISLR_v1.5-a_videos/BPWGQ-KcisU_1.mp4,VALID,,,8
BPXMuyXJai8_2,/home/dipshikha/Music/cao/CISLR_v1.5-a_videos/BPXMuyXJai8_2.mp4,INVALID,frame_decode_failed,129,8
BQU7PK2GEw8,/home/dipshikha/Music/cao/CISLR_v1.5-a_videos/BQU7PK2GEw8.mp4,VALID,,,8
BSJyINZgfWY,/home/dipshikha/Music/cao/CISLR_v1.5-a_videos/BSJyINZgfWY.mp4,VALID,,,8
BS_TcCb8q0s_1,/home/dipshikha/Music/cao/CISLR_v1.5-a_videos/BS_TcCb8q0s_1.mp4,VALID,,,8
BSztT4FmVvg,/home/dipshikha/Music/cao/CISLR_v1.5-a_videos/BSztT4FmVvg.mp4,VALID,,,8
BT9rDLe3e_8,/home/dipshikha/Music/cao/CISLR_v1.5-a_videos/BT9rDLe3e_8.mp4,VALID,,,8
BTWoG55D4ns_2,/home/dipshikha/Music/cao/CISLR_v1.5-a_videos/BTWoG55D4ns_2.mp4,INVALID,frame_decode_failed,112,8
BU67b7LtyE0,/home/dipshikha/Music/cao/CISLR_v1.5-a_videos/BU67b7LtyE0.mp4,VALID,,,8
BUOXpYbLzTI_1,/home/dipshikha/Music/cao/CISLR_v1.5-a_videos/BUOXpYbLzTI_1.mp4,VALID,,,8
BUt4lIrC0E8_1,/home/dipshikha/Music/cao/CISLR_v1.5-a_videos/BUt4lIrC0E8_1.mp4,VALID,,,8
BUv48pwD90o,/home/dipshikha/Music/cao/CISLR_v1.5-a_videos/BUv48pwD90o.mp4,VALID,,,8
BVtBleg0HgA,/home/dipshikha/Music/cao/CISLR_v1.5-a_videos/BVtBleg0HgA.mp4,VALID,,,8
BVyAGCPGC9I,/home/dipshikha/Music/cao/CISLR_v1.5-a_videos/BVyAGCPGC9I.mp4,VALID,,,8
BWKieNmLY2c,/home/dipshikha/Music/cao/CISLR_v1.5-a_videos/BWKieNmLY2c.mp4,VALID,,,8
BWWtThOnwkE,/home/dipshikha/Music/cao/CISLR_v1.5-a_videos/BWWtThOnwkE.mp4,VALID,,,8
BX15HPM6TzE,/home/dipshikha/Music/cao/CISLR_v1.5-a_videos/BX15HPM6TzE.mp4,VALID,,,8
BXw0xmFB8pQ_1,/home/dipshikha/Music/cao/CISLR_v1.5-a_videos/BXw0xmFB8pQ_1.mp4,VALID,,,8
BYY1nIP7J-E,/home/dipshikha/Music/cao/CISLR_v1.5-a_videos/BYY1nIP7J-E.mp4,VALID,,,8
BYnUpQfk3Ts,/home/dipshikha/Music/cao/CISLR_v1.5-a_videos/BYnUpQfk3Ts.mp4,VALID,,,8
BaDaIkw-dmQ,/home/dipshikha/Music/cao/CISLR_v1.5-a_videos/BaDaIkw-dmQ.mp4,VALID,,,8
BauK2i6mmK4,/home/dipshikha/Music/cao/CISLR_v1.5-a_videos/BauK2i6mmK4.mp4,VALID,,,8
Bc_Km33uz74,/home/dipshikha/Music/cao/CISLR_v1.5-a_videos/Bc_Km33uz74.mp4,VALID,,,8
BdQCN4niLds,/home/dipshikha/Music/cao/CISLR_v1.5-a_videos/BdQCN4niLds.mp4,VALID,,,8
BdxydPFxfAA,/home/dipshikha/Music/cao/CISLR_v1.5-a_videos/BdxydPFxfAA.mp4,VALID,,,8
Bf2FG9YBics_1,/home/dipshikha/Music/cao/CISLR_v1.5-a_videos/Bf2FG9YBics_1.mp4,VALID,,,8
Bh9e-exemes_1,/home/dipshikha/Music/cao/CISLR_v1.5-a_videos/Bh9e-exemes_1.mp4,VALID,,,8
BiqToLUGbec_2,/home/dipshikha/Music/cao/CISLR_v1.5-a_videos/BiqToLUGbec_2.mp4,INVALID,frame_decode_failed,150,8
Bir6ea5EZ1c,/home/dipshikha/Music/cao/CISLR_v1.5-a_videos/Bir6ea5EZ1c.mp4,VALID,,,8
BkPmz2DBMEo,/home/dipshikha/Music/cao/CISLR_v1.5-a_videos/BkPmz2DBMEo.mp4,VALID,,,8
Bl_SheTtSt0,/home/dipshikha/Music/cao/CISLR_v1.5-a_videos/Bl_SheTtSt0.mp4,VALID,,,8
BmNYiO_-qFU_1,/home/dipshikha/Music/cao/CISLR_v1.5-a_videos/BmNYiO_-qFU_1.mp4,VALID,,,8
BnIXdnAD2EA_2,/home/dipshikha/Music/cao/CISLR_v1.5-a_videos/BnIXdnAD2EA_2.mp4,INVALID,frame_decode_failed,90,8
BnRQjGF_dIc_1,/home/dipshikha/Music/cao/CISLR_v1.5-a_videos/BnRQjGF_dIc_1.mp4,VALID,,,8
BnTXPFA6gHA_1,/home/dipshikha/Music/cao/CISLR_v1.5-a_videos/BnTXPFA6gHA_1.mp4,VALID,,,8
Bo35LBOce64,/home/dipshikha/Music/cao/CISLR_v1.5-a_videos/Bo35LBOce64.mp4,VALID,,,8
BoTn3ZPqyjk_1,/home/dipshikha/Music/cao/CISLR_v1.5-a_videos/BoTn3ZPqyjk_1.mp4,VALID,,,8
BpDvz3q-6pU_1,/home/dipshikha/Music/cao/CISLR_v1.5-a_videos/BpDvz3q-6pU_1.mp4,VALID,,,8
Bpg2wRBxGPI_1,/home/dipshikha/Music/cao/CISLR_v1.5-a_videos/Bpg2wRBxGPI_1.mp4,VALID,,,8
BpheOwGP6ZE_2,/home/dipshikha/Music/cao/CISLR_v1.5-a_videos/BpheOwGP6ZE_2.mp4,VALID,,,8
BqgTzj7IeZ0,/home/dipshikha/Music/cao/CISLR_v1.5-a_videos/BqgTzj7IeZ0.mp4,VALID,,,8
Bqq4Ir8T9Og_1,/home/dipshikha/Music/cao/CISLR_v1.5-a_videos/Bqq4Ir8T9Og_1.mp4,VALID,,,8
Br0rMI_5PzA_2,/home/dipshikha/Music/cao/CISLR_v1.5-a_videos/Br0rMI_5PzA_2.mp4,INVALID,frame_decode_failed,102,8
Brqv7-rpdTQ,/home/dipshikha/Music/cao/CISLR_v1.5-a_videos/Brqv7-rpdTQ.mp4,VALID,,,8
BtseOFOQ9j8,/home/dipshikha/Music/cao/CISLR_v1.5-a_videos/BtseOFOQ9j8.mp4,VALID,,,8
Bw8_jmAk28w_1,/home/dipshikha/Music/cao/CISLR_v1.5-a_videos/Bw8_jmAk28w_1.mp4,VALID,,,8
BxxS_OuUUv4_1,/home/dipshikha/Music/cao/CISLR_v1.5-a_videos/BxxS_OuUUv4_1.mp4,VALID,,,8
BzQFZNqQVsc_1,/home/dipshikha/Music/cao/CISLR_v1.5-a_videos/BzQFZNqQVsc_1.mp4,VALID,,,8
BzgPNh4W3GI_1,/home/dipshikha/Music/cao/CISLR_v1.5-a_videos/BzgPNh4W3GI_1.mp4,VALID,,,8
C-rIgD-yIvg,/home/dipshikha/Music/cao/CISLR_v1.5-a_videos/C-rIgD-yIvg.mp4,VALID,,,8
C0UywICFPWw_1,/home/dipshikha/Music/cao/CISLR_v1.5-a_videos/C0UywICFPWw_1.mp4,VALID,,,8
C15CAFPqP9g_1,/home/dipshikha/Music/cao/CISLR_v1.5-a_videos/C15CAFPqP9g_1.mp4,VALID,,,8
C201-UUFUDg,/home/dipshikha/Music/cao/CISLR_v1.5-a_videos/C201-UUFUDg.mp4,VALID,,,8
C2FMG7QWfCo,/home/dipshikha/Music/cao/CISLR_v1.5-a_videos/C2FMG7QWfCo.mp4,VALID,,,8
C34PxLKD8OM_1,/home/dipshikha/Music/cao/CISLR_v1.5-a_videos/C34PxLKD8OM_1.mp4,VALID,,,8
C4B6Nezrmxw_2,/home/dipshikha/Music/cao/CISLR_v1.5-a_videos/C4B6Nezrmxw_2.mp4,INVALID,frame_decode_failed,106,8
C5DI23vAhYo_1,/home/dipshikha/Music/cao/CISLR_v1.5-a_videos/C5DI23vAhYo_1.mp4,VALID,,,8
C5lKWeivlFY,/home/dipshikha/Music/cao/CISLR_v1.5-a_videos/C5lKWeivlFY.mp4,VALID,,,8
C6NYbD05HIo,/home/dipshikha/Music/cao/CISLR_v1.5-a_videos/C6NYbD05HIo.mp4,VALID,,,8
C7tQarNFXJo_1,/home/dipshikha/Music/cao/CISLR_v1.5-a_videos/C7tQarNFXJo_1.mp4,VALID,,,8
C9ZLmgNDV_Y,/home/dipshikha/Music/cao/CISLR_v1.5-a_videos/C9ZLmgNDV_Y.mp4,VALID,,,8
CAKl640s6UE,/home/dipshikha/Music/cao/CISLR_v1.5-a_videos/CAKl640s6UE.mp4,VALID,,,8
CBXCId8jHAA,/home/dipshikha/Music/cao/CISLR_v1.5-a_videos/CBXCId8jHAA.mp4,VALID,,,8
CBdApLFUzYs_1,/home/dipshikha/Music/cao/CISLR_v1.5-a_videos/CBdApLFUzYs_1.mp4,VALID,,,8
CBgYsD9T-uI_1,/home/dipshikha/Music/cao/CISLR_v1.5-a_videos/CBgYsD9T-uI_1.mp4,VALID,,,8
CCLHQe8fETs_2,/home/dipshikha/Music/cao/CISLR_v1.5-a_videos/CCLHQe8fETs_2.mp4,INVALID,frame_decode_failed,122,8
CD7q4E7thng,/home/dipshikha/Music/cao/CISLR_v1.5-a_videos/CD7q4E7thng.mp4,VALID,,,8
CDd6olbtjWE,/home/dipshikha/Music/cao/CISLR_v1.5-a_videos/CDd6olbtjWE.mp4,VALID,,,8
CEiO3djH-zg_2,/home/dipshikha/Music/cao/CISLR_v1.5-a_videos/CEiO3djH-zg_2.mp4,INVALID,frame_decode_failed,107,8
CEsvPmZQ7c4_1,/home/dipshikha/Music/cao/CISLR_v1.5-a_videos/CEsvPmZQ7c4_1.mp4,VALID,,,8
CGNDUJWk96I_2,/home/dipshikha/Music/cao/CISLR_v1.5-a_videos/CGNDUJWk96I_2.mp4,VALID,,,8
CGWUtV3bpgc_1,/home/dipshikha/Music/cao/CISLR_v1.5-a_videos/CGWUtV3bpgc_1.mp4,VALID,,,8
CH_cyrmtUd0_1,/home/dipshikha/Music/cao/CISLR_v1.5-a_videos/CH_cyrmtUd0_1.mp4,VALID,,,8
CHt94rpZVOI,/home/dipshikha/Music/cao/CISLR_v1.5-a_videos/CHt94rpZVOI.mp4,VALID,,,8
CKCqZpXdLU4_1,/home/dipshikha/Music/cao/CISLR_v1.5-a_videos/CKCqZpXdLU4_1.mp4,VALID,,,8
CKRWnL9qBDo_1,/home/dipshikha/Music/cao/CISLR_v1.5-a_videos/CKRWnL9qBDo_1.mp4,VALID,,,8
CKkHv_YeHWU,/home/dipshikha/Music/cao/CISLR_v1.5-a_videos/CKkHv_YeHWU.mp4,VALID,,,8
CLjivq1wW6E,/home/dipshikha/Music/cao/CISLR_v1.5-a_videos/CLjivq1wW6E.mp4,VALID,,,8
CLxxQFQiTic,/home/dipshikha/Music/cao/CISLR_v1.5-a_videos/CLxxQFQiTic.mp4,VALID,,,8
CNIlm20ulSs_1,/home/dipshikha/Music/cao/CISLR_v1.5-a_videos/CNIlm20ulSs_1.mp4,VALID,,,8
CNL5igD7Z9U_1,/home/dipshikha/Music/cao/CISLR_v1.5-a_videos/CNL5igD7Z9U_1.mp4,VALID,,,8
CNfxuVjZuh4_1,/home/dipshikha/Music/cao/CISLR_v1.5-a_videos/CNfxuVjZuh4_1.mp4,VALID,,,8
CNnZQINfB8E,/home/dipshikha/Music/cao/CISLR_v1.5-a_videos/CNnZQINfB8E.mp4,VALID,,,8
CO-YipjVoj4_1,/home/dipshikha/Music/cao/CISLR_v1.5-a_videos/CO-YipjVoj4_1.mp4,VALID,,,8
COAl-bQOrFU_2,/home/dipshikha/Music/cao/CISLR_v1.5-a_videos/COAl-bQOrFU_2.mp4,INVALID,frame_decode_failed,125,8
CPPp4bkc2M0,/home/dipshikha/Music/cao/CISLR_v1.5-a_videos/CPPp4bkc2M0.mp4,VALID,,,8
CPitVthnjH4,/home/dipshikha/Music/cao/CISLR_v1.5-a_videos/CPitVthnjH4.mp4,VALID,,,8
CPzNAqruek8,/home/dipshikha/Music/cao/CISLR_v1.5-a_videos/CPzNAqruek8.mp4,VALID,,,8
CR2NKbXEI-A,/home/dipshikha/Music/cao/CISLR_v1.5-a_videos/CR2NKbXEI-A.mp4,VALID,,,8
CTZLTOTcRtg_2,/home/dipshikha/Music/cao/CISLR_v1.5-a_videos/CTZLTOTcRtg_2.mp4,INVALID,frame_decode_failed,83,8
CU60FAVcxnc_1,/home/dipshikha/Music/cao/CISLR_v1.5-a_videos/CU60FAVcxnc_1.mp4,VALID,,,8
CUNH7UOyYGI_1,/home/dipshikha/Music/cao/CISLR_v1.5-a_videos/CUNH7UOyYGI_1.mp4,VALID,,,8
CXEDTo1PXCg,/home/dipshikha/Music/cao/CISLR_v1.5-a_videos/CXEDTo1PXCg.mp4,VALID,,,8
CXLZ3svHfGc,/home/dipshikha/Music/cao/CISLR_v1.5-a_videos/CXLZ3svHfGc.mp4,VALID,,,8
CXOPG4pJxDI_1,/home/dipshikha/Music/cao/CISLR_v1.5-a_videos/CXOPG4pJxDI_1.mp4,VALID,,,8
CX_0sOJ8AiI_1,/home/dipshikha/Music/cao/CISLR_v1.5-a_videos/CX_0sOJ8AiI_1.mp4,VALID,,,8
CXzmFPBwjzs_2,/home/dipshikha/Music/cao/CISLR_v1.5-a_videos/CXzmFPBwjzs_2.mp4,VALID,,,8
CYE_fagx7yo_2,/home/dipshikha/Music/cao/CISLR_v1.5-a_videos/CYE_fagx7yo_2.mp4,INVALID,frame_decode_failed,140,8
C_H7DeMnOQ8,/home/dipshikha/Music/cao/CISLR_v1.5-a_videos/C_H7DeMnOQ8.mp4,VALID,,,8
C_HK0uWAt8I,/home/dipshikha/Music/cao/CISLR_v1.5-a_videos/C_HK0uWAt8I.mp4,VALID,,,8
C_VE9wu76So,/home/dipshikha/Music/cao/CISLR_v1.5-a_videos/C_VE9wu76So.mp4,VALID,,,8
C_VIItfSFdU,/home/dipshikha/Music/cao/CISLR_v1.5-a_videos/C_VIItfSFdU.mp4,VALID,,,8
C_pnntfY2qw,/home/dipshikha/Music/cao/CISLR_v1.5-a_videos/C_pnntfY2qw.mp4,VALID,,,8
CbscRBBGtT8,/home/dipshikha/Music/cao/CISLR_v1.5-a_videos/CbscRBBGtT8.mp4,VALID,,,8
Cc7VwcMMTqk,/home/dipshikha/Music/cao/CISLR_v1.5-a_videos/Cc7VwcMMTqk.mp4,VALID,,,8
CcsJ-D4YAMI_1,/home/dipshikha/Music/cao/CISLR_v1.5-a_videos/CcsJ-D4YAMI_1.mp4,VALID,,,8
Cd0f7fvtGTg,/home/dipshikha/Music/cao/CISLR_v1.5-a_videos/Cd0f7fvtGTg.mp4,VALID,,,8
Cdb8BFpFWqo,/home/dipshikha/Music/cao/CISLR_v1.5-a_videos/Cdb8BFpFWqo.mp4,VALID,,,8
CeGVf78K8jg,/home/dipshikha/Music/cao/CISLR_v1.5-a_videos/CeGVf78K8jg.mp4,VALID,,,8
CfFtNMRV6Y8_1,/home/dipshikha/Music/cao/CISLR_v1.5-a_videos/CfFtNMRV6Y8_1.mp4,VALID,,,8
CfNlpbflIQU,/home/dipshikha/Music/cao/CISLR_v1.5-a_videos/CfNlpbflIQU.mp4,VALID,,,8
CfRFZ0IFp3Y_2,/home/dipshikha/Music/cao/CISLR_v1.5-a_videos/CfRFZ0IFp3Y_2.mp4,VALID,,,8
CgJ5_Y60Uu0_2,/home/dipshikha/Music/cao/CISLR_v1.5-a_videos/CgJ5_Y60Uu0_2.mp4,INVALID,frame_decode_failed,117,8
CggX-rNVSxc_1,/home/dipshikha/Music/cao/CISLR_v1.5-a_videos/CggX-rNVSxc_1.mp4,VALID,,,8
Cgk-fX-KFhw,/home/dipshikha/Music/cao/CISLR_v1.5-a_videos/Cgk-fX-KFhw.mp4,VALID,,,8
Cgs1MibMXJ0,/home/dipshikha/Music/cao/CISLR_v1.5-a_videos/Cgs1MibMXJ0.mp4,VALID,,,8
Ci-i1-FzGTU,/home/dipshikha/Music/cao/CISLR_v1.5-a_videos/Ci-i1-FzGTU.mp4,VALID,,,8
CjL55F1EpNk,/home/dipshikha/Music/cao/CISLR_v1.5-a_videos/CjL55F1EpNk.mp4,VALID,,,8
ClLC-JSUEq4,/home/dipshikha/Music/cao/CISLR_v1.5-a_videos/ClLC-JSUEq4.mp4,VALID,,,8
ClxK5dEsoZk_1,/home/dipshikha/Music/cao/CISLR_v1.5-a_videos/ClxK5dEsoZk_1.mp4,VALID,,,8
CmAtK2kV6GY,/home/dipshikha/Music/cao/CISLR_v1.5-a_videos/CmAtK2kV6GY.mp4,VALID,,,8
Cn1Q6q6XtMI,/home/dipshikha/Music/cao/CISLR_v1.5-a_videos/Cn1Q6q6XtMI.mp4,VALID,,,8
CoA255C3aAU_2,/home/dipshikha/Music/cao/CISLR_v1.5-a_videos/CoA255C3aAU_2.mp4,INVALID,frame_decode_failed,110,8
CoKtBDPhPbg,/home/dipshikha/Music/cao/CISLR_v1.5-a_videos/CoKtBDPhPbg.mp4,VALID,,,8
CoMoRzQiKm8_1,/home/dipshikha/Music/cao/CISLR_v1.5-a_videos/CoMoRzQiKm8_1.mp4,VALID,,,8
Codai31kUpE_1,/home/dipshikha/Music/cao/CISLR_v1.5-a_videos/Codai31kUpE_1.mp4,VALID,,,8
CowXY9IdbxA_2,/home/dipshikha/Music/cao/CISLR_v1.5-a_videos/CowXY9IdbxA_2.mp4,INVALID,frame_decode_failed,86,8
CpYIKn7qaIY,/home/dipshikha/Music/cao/CISLR_v1.5-a_videos/CpYIKn7qaIY.mp4,VALID,,,8
CpbiUt_BR3U,/home/dipshikha/Music/cao/CISLR_v1.5-a_videos/CpbiUt_BR3U.mp4,VALID,,,8
CqOegR2Dg14,/home/dipshikha/Music/cao/CISLR_v1.5-a_videos/CqOegR2Dg14.mp4,VALID,,,8
CqbFltbrM-s_1,/home/dipshikha/Music/cao/CISLR_v1.5-a_videos/CqbFltbrM-s_1.mp4,VALID,,,8
CqilPDcjxRc,/home/dipshikha/Music/cao/CISLR_v1.5-a_videos/CqilPDcjxRc.mp4,VALID,,,8
Cqtgx6BSkRk,/home/dipshikha/Music/cao/CISLR_v1.5-a_videos/Cqtgx6BSkRk.mp4,VALID,,,8
CrKUKDtOtSw,/home/dipshikha/Music/cao/CISLR_v1.5-a_videos/CrKUKDtOtSw.mp4,VALID,,,8
CsVqdOkFe4Y_1,/home/dipshikha/Music/cao/CISLR_v1.5-a_videos/CsVqdOkFe4Y_1.mp4,VALID,,,8
CtWGmhj6scQ_1,/home/dipshikha/Music/cao/CISLR_v1.5-a_videos/CtWGmhj6scQ_1.mp4,VALID,,,8
Ctij9uzbRTU,/home/dipshikha/Music/cao/CISLR_v1.5-a_videos/Ctij9uzbRTU.mp4,VALID,,,8
Ctsn9y9OSCk,/home/dipshikha/Music/cao/CISLR_v1.5-a_videos/Ctsn9y9OSCk.mp4,VALID,,,8
CuOhMZjaUS8_2,/home/dipshikha/Music/cao/CISLR_v1.5-a_videos/CuOhMZjaUS8_2.mp4,INVALID,frame_decode_failed,114,8
CujxTrMxQEw_1,/home/dipshikha/Music/cao/CISLR_v1.5-a_videos/CujxTrMxQEw_1.mp4,VALID,,,8
CvB9G9rAoNY,/home/dipshikha/Music/cao/CISLR_v1.5-a_videos/CvB9G9rAoNY.mp4,VALID,,,8
CveKv8LNSOI_1,/home/dipshikha/Music/cao/CISLR_v1.5-a_videos/CveKv8LNSOI_1.mp4,VALID,,,8
CvkYlSWEfL4_2,/home/dipshikha/Music/cao/CISLR_v1.5-a_videos/CvkYlSWEfL4_2.mp4,INVALID,frame_decode_failed,95,8
CvppYfpiXyM,/home/dipshikha/Music/cao/CISLR_v1.5-a_videos/CvppYfpiXyM.mp4,VALID,,,8
CwdQO_zlNyE,/home/dipshikha/Music/cao/CISLR_v1.5-a_videos/CwdQO_zlNyE.mp4,VALID,,,8
CyV5-k-6JFk,/home/dipshikha/Music/cao/CISLR_v1.5-a_videos/CyV5-k-6JFk.mp4,VALID,,,8
CyY-qOh0k4U_1,/home/dipshikha/Music/cao/CISLR_v1.5-a_videos/CyY-qOh0k4U_1.mp4,VALID,,,8
Cyn1WPoqLHM_1,/home/dipshikha/Music/cao/CISLR_v1.5-a_videos/Cyn1WPoqLHM_1.mp4,VALID,,,8
D-6BxGJ0ru8_1,/home/dipshikha/Music/cao/CISLR_v1.5-a_videos/D-6BxGJ0ru8_1.mp4,VALID,,,8
D-DoLPV-QRg_1,/home/dipshikha/Music/cao/CISLR_v1.5-a_videos/D-DoLPV-QRg_1.mp4,VALID,,,8
D12hlBiVjck,/home/dipshikha/Music/cao/CISLR_v1.5-a_videos/D12hlBiVjck.mp4,VALID,,,8
D19X5MhzZcE,/home/dipshikha/Music/cao/CISLR_v1.5-a_videos/D19X5MhzZcE.mp4,VALID,,,8
D2Ayu0l7M78,/home/dipshikha/Music/cao/CISLR_v1.5-a_videos/D2Ayu0l7M78.mp4,VALID,,,8
D2r4zIgoqkg,/home/dipshikha/Music/cao/CISLR_v1.5-a_videos/D2r4zIgoqkg.mp4,VALID,,,8
D2w1j6MXK-s_2,/home/dipshikha/Music/cao/CISLR_v1.5-a_videos/D2w1j6MXK-s_2.mp4,INVALID,frame_decode_failed,149,8
D3-jY-B3kFo,/home/dipshikha/Music/cao/CISLR_v1.5-a_videos/D3-jY-B3kFo.mp4,VALID,,,8
D38jZfxOtFs_1,/home/dipshikha/Music/cao/CISLR_v1.5-a_videos/D38jZfxOtFs_1.mp4,VALID,,,8
D3MeXacclFw,/home/dipshikha/Music/cao/CISLR_v1.5-a_videos/D3MeXacclFw.mp4,VALID,,,8
D3USBJo5zLA_1,/home/dipshikha/Music/cao/CISLR_v1.5-a_videos/D3USBJo5zLA_1.mp4,VALID,,,8
D4mWoGRHBYc_1,/home/dipshikha/Music/cao/CISLR_v1.5-a_videos/D4mWoGRHBYc_1.mp4,VALID,,,8
D5jXj8nf-Sg_1,/home/dipshikha/Music/cao/CISLR_v1.5-a_videos/D5jXj8nf-Sg_1.mp4,VALID,,,8
D5ynpqL8HC4_1,/home/dipshikha/Music/cao/CISLR_v1.5-a_videos/D5ynpqL8HC4_1.mp4,VALID,,,8
D6MP5temHtg_1,/home/dipshikha/Music/cao/CISLR_v1.5-a_videos/D6MP5temHtg_1.mp4,VALID,,,8
D6jjiguTEmI_1,/home/dipshikha/Music/cao/CISLR_v1.5-a_videos/D6jjiguTEmI_1.mp4,VALID,,,8
D7hi8QdSnq8,/home/dipshikha/Music/cao/CISLR_v1.5-a_videos/D7hi8QdSnq8.mp4,VALID,,,8
D9ihUabRKIQ_2,/home/dipshikha/Music/cao/CISLR_v1.5-a_videos/D9ihUabRKIQ_2.mp4,INVALID,frame_decode_failed,101,8
D9jI_HByl1Q,/home/dipshikha/Music/cao/CISLR_v1.5-a_videos/D9jI_HByl1Q.mp4,VALID,,,8
DAhaM4E1wSM,/home/dipshikha/Music/cao/CISLR_v1.5-a_videos/DAhaM4E1wSM.mp4,VALID,,,8
DBMZ92qq6fY_1,/home/dipshikha/Music/cao/CISLR_v1.5-a_videos/DBMZ92qq6fY_1.mp4,VALID,,,8
DCH3d-S6BlI,/home/dipshikha/Music/cao/CISLR_v1.5-a_videos/DCH3d-S6BlI.mp4,VALID,,,8
DCRybq5sYAA_1,/home/dipshikha/Music/cao/CISLR_v1.5-a_videos/DCRybq5sYAA_1.mp4,VALID,,,8
DCjd5dJLuF4,/home/dipshikha/Music/cao/CISLR_v1.5-a_videos/DCjd5dJLuF4.mp4,VALID,,,8
DD9K1ojKj_k,/home/dipshikha/Music/cao/CISLR_v1.5-a_videos/DD9K1ojKj_k.mp4,VALID,,,8
DF_pD6nnqRk,/home/dipshikha/Music/cao/CISLR_v1.5-a_videos/DF_pD6nnqRk.mp4,VALID,,,8
DG2hfDpWdMQ_1,/home/dipshikha/Music/cao/CISLR_v1.5-a_videos/DG2hfDpWdMQ_1.mp4,VALID,,,8
DHr0LlZd0cs_2,/home/dipshikha/Music/cao/CISLR_v1.5-a_videos/DHr0LlZd0cs_2.mp4,INVALID,frame_decode_failed,91,8
DJzxcG2JLTA,/home/dipshikha/Music/cao/CISLR_v1.5-a_videos/DJzxcG2JLTA.mp4,VALID,,,8
DKuMCtyj8ik_2,/home/dipshikha/Music/cao/CISLR_v1.5-a_videos/DKuMCtyj8ik_2.mp4,INVALID,frame_decode_failed,88,8
DMDAXFRPJBs_1,/home/dipshikha/Music/cao/CISLR_v1.5-a_videos/DMDAXFRPJBs_1.mp4,VALID,,,8
DM_xL10khbo_1,/home/dipshikha/Music/cao/CISLR_v1.5-a_videos/DM_xL10khbo_1.mp4,VALID,,,8
DMaN0jUw3pU,/home/dipshikha/Music/cao/CISLR_v1.5-a_videos/DMaN0jUw3pU.mp4,VALID,,,8
DMxZHUZ7u88_1,/home/dipshikha/Music/cao/CISLR_v1.5-a_videos/DMxZHUZ7u88_1.mp4,VALID,,,8
DNF5QY7x2Lc_1,/home/dipshikha/Music/cao/CISLR_v1.5-a_videos/DNF5QY7x2Lc_1.mp4,VALID,,,8
DNP9-5px_mA,/home/dipshikha/Music/cao/CISLR_v1.5-a_videos/DNP9-5px_mA.mp4,VALID,,,8
DNVOzTx47ew,/home/dipshikha/Music/cao/CISLR_v1.5-a_videos/DNVOzTx47ew.mp4,VALID,,,8
DNk0c1RwBJ0_1,/home/dipshikha/Music/cao/CISLR_v1.5-a_videos/DNk0c1RwBJ0_1.mp4,VALID,,,8
DOHpEalcflo,/home/dipshikha/Music/cao/CISLR_v1.5-a_videos/DOHpEalcflo.mp4,VALID,,,8
DPFh6Vtj8nY,/home/dipshikha/Music/cao/CISLR_v1.5-a_videos/DPFh6Vtj8nY.mp4,VALID,,,8
DPQ-TcGykDw_1,/home/dipshikha/Music/cao/CISLR_v1.5-a_videos/DPQ-TcGykDw_1.mp4,VALID,,,8
DPb0Ariw5Ic,/home/dipshikha/Music/cao/CISLR_v1.5-a_videos/DPb0Ariw5Ic.mp4,VALID,,,8
DQZ8UEoRnUs_1,/home/dipshikha/Music/cao/CISLR_v1.5-a_videos/DQZ8UEoRnUs_1.mp4,VALID,,,8
DQg2gfZHQ_0,/home/dipshikha/Music/cao/CISLR_v1.5-a_videos/DQg2gfZHQ_0.mp4,VALID,,,8
DQstNLzwuNg,/home/dipshikha/Music/cao/CISLR_v1.5-a_videos/DQstNLzwuNg.mp4,VALID,,,8
DRvjyDqrHq4_1,/home/dipshikha/Music/cao/CISLR_v1.5-a_videos/DRvjyDqrHq4_1.mp4,VALID,,,8
DSL5R_AGIiU,/home/dipshikha/Music/cao/CISLR_v1.5-a_videos/DSL5R_AGIiU.mp4,VALID,,,8
DSpymhe73eM_1,/home/dipshikha/Music/cao/CISLR_v1.5-a_videos/DSpymhe73eM_1.mp4,VALID,,,8
DSr0qd_JY8w,/home/dipshikha/Music/cao/CISLR_v1.5-a_videos/DSr0qd_JY8w.mp4,VALID,,,8
DTOsm_OuWLM,/home/dipshikha/Music/cao/CISLR_v1.5-a_videos/DTOsm_OuWLM.mp4,VALID,,,8
DTWS5Oy3kcY,/home/dipshikha/Music/cao/CISLR_v1.5-a_videos/DTWS5Oy3kcY.mp4,VALID,,,8
DU-O8ssmBHg_2,/home/dipshikha/Music/cao/CISLR_v1.5-a_videos/DU-O8ssmBHg_2.mp4,INVALID,frame_decode_failed,123,8
DU-odPNLPio_1,/home/dipshikha/Music/cao/CISLR_v1.5-a_videos/DU-odPNLPio_1.mp4,VALID,,,8
DV2QK-flhpc,/home/dipshikha/Music/cao/CISLR_v1.5-a_videos/DV2QK-flhpc.mp4,VALID,,,8
DVe5knz8gh8,/home/dipshikha/Music/cao/CISLR_v1.5-a_videos/DVe5knz8gh8.mp4,VALID,,,8
DXj1A4BNsQg,/home/dipshikha/Music/cao/CISLR_v1.5-a_videos/DXj1A4BNsQg.mp4,VALID,,,8
DY9ZAVPwT8o,/home/dipshikha/Music/cao/CISLR_v1.5-a_videos/DY9ZAVPwT8o.mp4,VALID,,,8
DZ55uUFJfTA_2,/home/dipshikha/Music/cao/CISLR_v1.5-a_videos/DZ55uUFJfTA_2.mp4,INVALID,frame_decode_failed,146,8
DZ6eHdrXGC8,/home/dipshikha/Music/cao/CISLR_v1.5-a_videos/DZ6eHdrXGC8.mp4,VALID,,,8
DbQXU9hA1AA_1,/home/dipshikha/Music/cao/CISLR_v1.5-a_videos/DbQXU9hA1AA_1.mp4,VALID,,,8
DbWWsUmMXUA_1,/home/dipshikha/Music/cao/CISLR_v1.5-a_videos/DbWWsUmMXUA_1.mp4,VALID,,,8
DbfHSSkk3Ss,/home/dipshikha/Music/cao/CISLR_v1.5-a_videos/DbfHSSkk3Ss.mp4,VALID,,,8
Dbz-hAaPPvg,/home/dipshikha/Music/cao/CISLR_v1.5-a_videos/Dbz-hAaPPvg.mp4,VALID,,,8
DcEY17TDRIw_1,/home/dipshikha/Music/cao/CISLR_v1.5-a_videos/DcEY17TDRIw_1.mp4,VALID,,,8
DcJKQkC-JjY_1,/home/dipshikha/Music/cao/CISLR_v1.5-a_videos/DcJKQkC-JjY_1.mp4,VALID,,,8
DcRRjyNfFJs_1,/home/dipshikha/Music/cao/CISLR_v1.5-a_videos/DcRRjyNfFJs_1.mp4,VALID,,,8
DdEgmEhWnRA,/home/dipshikha/Music/cao/CISLR_v1.5-a_videos/DdEgmEhWnRA.mp4,VALID,,,8
Dg95uOLJogg_1,/home/dipshikha/Music/cao/CISLR_v1.5-a_videos/Dg95uOLJogg_1.mp4,VALID,,,8
DgF0m14DBG0,/home/dipshikha/Music/cao/CISLR_v1.5-a_videos/DgF0m14DBG0.mp4,VALID,,,8
Dhg5hNpQxQU,/home/dipshikha/Music/cao/CISLR_v1.5-a_videos/Dhg5hNpQxQU.mp4,VALID,,,8
DhydZXrTFJ4_2,/home/dipshikha/Music/cao/CISLR_v1.5-a_videos/DhydZXrTFJ4_2.mp4,INVALID,frame_decode_failed,132,8
DjEe79bR1M4,/home/dipshikha/Music/cao/CISLR_v1.5-a_videos/DjEe79bR1M4.mp4,VALID,,,8
DkjjHEZzsHE_1,/home/dipshikha/Music/cao/CISLR_v1.5-a_videos/DkjjHEZzsHE_1.mp4,VALID,,,8
DlLsAg0WL68_1,/home/dipshikha/Music/cao/CISLR_v1.5-a_videos/DlLsAg0WL68_1.mp4,VALID,,,8
Dom49pxvY-M_2,/home/dipshikha/Music/cao/CISLR_v1.5-a_videos/Dom49pxvY-M_2.mp4,INVALID,frame_decode_failed,127,8
DpoUiyIlk2k,/home/dipshikha/Music/cao/CISLR_v1.5-a_videos/DpoUiyIlk2k.mp4,VALID,,,8
DqnTDIwMoFc,/home/dipshikha/Music/cao/CISLR_v1.5-a_videos/DqnTDIwMoFc.mp4,VALID,,,8
Dr99eNeltzU,/home/dipshikha/Music/cao/CISLR_v1.5-a_videos/Dr99eNeltzU.mp4,VALID,,,8
Ds0rhfDqBrM_1,/home/dipshikha/Music/cao/CISLR_v1.5-a_videos/Ds0rhfDqBrM_1.mp4,VALID,,,8
DsIehsrzx7o,/home/dipshikha/Music/cao/CISLR_v1.5-a_videos/DsIehsrzx7o.mp4,VALID,,,8
DtVx1FUTYaA_2,/home/dipshikha/Music/cao/CISLR_v1.5-a_videos/DtVx1FUTYaA_2.mp4,VALID,,,8
DtZFOZG8tTQ,/home/dipshikha/Music/cao/CISLR_v1.5-a_videos/DtZFOZG8tTQ.mp4,VALID,,,8
DtdeOvkYLo4_1,/home/dipshikha/Music/cao/CISLR_v1.5-a_videos/DtdeOvkYLo4_1.mp4,VALID,,,8
Dteba6UR1uY,/home/dipshikha/Music/cao/CISLR_v1.5-a_videos/Dteba6UR1uY.mp4,VALID,,,8
Dvpc0R8CfI0,/home/dipshikha/Music/cao/CISLR_v1.5-a_videos/Dvpc0R8CfI0.mp4,VALID,,,8
DwUajipOhHY,/home/dipshikha/Music/cao/CISLR_v1.5-a_videos/DwUajipOhHY.mp4,VALID,,,8
DwrOgyG1P7E_2,/home/dipshikha/Music/cao/CISLR_v1.5-a_videos/DwrOgyG1P7E_2.mp4,VALID,,,8
DxotcbkEnMY,/home/dipshikha/Music/cao/CISLR_v1.5-a_videos/DxotcbkEnMY.mp4,VALID,,,8
Dy9J-D3RVDw_1,/home/dipshikha/Music/cao/CISLR_v1.5-a_videos/Dy9J-D3RVDw_1.mp4,VALID,,,8
DyoiyeHahko_1,/home/dipshikha/Music/cao/CISLR_v1.5-a_videos/DyoiyeHahko_1.mp4,VALID,,,8
Dz2avlvSTYQ_1,/home/dipshikha/Music/cao/CISLR_v1.5-a_videos/Dz2avlvSTYQ_1.mp4,VALID,,,8
DzL4k1Vy3gc,/home/dipshikha/Music/cao/CISLR_v1.5-a_videos/DzL4k1Vy3gc.mp4,VALID,,,8
DzyfpdJYBwg,/home/dipshikha/Music/cao/CISLR_v1.5-a_videos/DzyfpdJYBwg.mp4,VALID,,,8
E1g2vckJJek_1,/home/dipshikha/Music/cao/CISLR_v1.5-a_videos/E1g2vckJJek_1.mp4,VALID,,,8
E2-FY4q-Kbg,/home/dipshikha/Music/cao/CISLR_v1.5-a_videos/E2-FY4q-Kbg.mp4,VALID,,,8
E2FirzckC_U_1,/home/dipshikha/Music/cao/CISLR_v1.5-a_videos/E2FirzckC_U_1.mp4,VALID,,,8
E2GOvDBZhdI_1,/home/dipshikha/Music/cao/CISLR_v1.5-a_videos/E2GOvDBZhdI_1.mp4,VALID,,,8
E2SKFVvnt0s,/home/dipshikha/Music/cao/CISLR_v1.5-a_videos/E2SKFVvnt0s.mp4,VALID,,,8
E3CEiwzCU94_1,/home/dipshikha/Music/cao/CISLR_v1.5-a_videos/E3CEiwzCU94_1.mp4,VALID,,,8
E3IAqXfMjWA,/home/dipshikha/Music/cao/CISLR_v1.5-a_videos/E3IAqXfMjWA.mp4,VALID,,,8
E4A1ApJjUkE_1,/home/dipshikha/Music/cao/CISLR_v1.5-a_videos/E4A1ApJjUkE_1.mp4,VALID,,,8
E4Kp5d5orgA_1,/home/dipshikha/Music/cao/CISLR_v1.5-a_videos/E4Kp5d5orgA_1.mp4,VALID,,,8
E4_sAfIiflQ,/home/dipshikha/Music/cao/CISLR_v1.5-a_videos/E4_sAfIiflQ.mp4,VALID,,,8
E4hL5jUFwCk,/home/dipshikha/Music/cao/CISLR_v1.5-a_videos/E4hL5jUFwCk.mp4,VALID,,,8
E5mWb7nGYmQ,/home/dipshikha/Music/cao/CISLR_v1.5-a_videos/E5mWb7nGYmQ.mp4,VALID,,,8
E5teJWyr2rA,/home/dipshikha/Music/cao/CISLR_v1.5-a_videos/E5teJWyr2rA.mp4,VALID,,,8
E6-Q2xXxUmc,/home/dipshikha/Music/cao/CISLR_v1.5-a_videos/E6-Q2xXxUmc.mp4,VALID,,,8
E6XeodyBzYs_1,/home/dipshikha/Music/cao/CISLR_v1.5-a_videos/E6XeodyBzYs_1.mp4,VALID,,,8
E6yxMBZEYhs,/home/dipshikha/Music/cao/CISLR_v1.5-a_videos/E6yxMBZEYhs.mp4,VALID,,,8
E7ASHBd0kDs,/home/dipshikha/Music/cao/CISLR_v1.5-a_videos/E7ASHBd0kDs.mp4,VALID,,,8
E7okhzFRINQ_1,/home/dipshikha/Music/cao/CISLR_v1.5-a_videos/E7okhzFRINQ_1.mp4,VALID,,,8
E7upPuPpLIY_1,/home/dipshikha/Music/cao/CISLR_v1.5-a_videos/E7upPuPpLIY_1.mp4,VALID,,,8
E8uf2VM3KCo,/home/dipshikha/Music/cao/CISLR_v1.5-a_videos/E8uf2VM3KCo.mp4,VALID,,,8
E91cfQBn8_4_1,/home/dipshikha/Music/cao/CISLR_v1.5-a_videos/E91cfQBn8_4_1.mp4,VALID,,,8
E93MkvU8Hs8,/home/dipshikha/Music/cao/CISLR_v1.5-a_videos/E93MkvU8Hs8.mp4,VALID,,,8
E99L8qeeuVk_1,/home/dipshikha/Music/cao/CISLR_v1.5-a_videos/E99L8qeeuVk_1.mp4,VALID,,,8
EBdRrVvw25g_2,/home/dipshikha/Music/cao/CISLR_v1.5-a_videos/EBdRrVvw25g_2.mp4,INVALID,frame_decode_failed,127,8
EDW7RoRvZOg_2,/home/dipshikha/Music/cao/CISLR_v1.5-a_videos/EDW7RoRvZOg_2.mp4,INVALID,frame_decode_failed,86,8
EDX7B93iM9k_1,/home/dipshikha/Music/cao/CISLR_v1.5-a_videos/EDX7B93iM9k_1.mp4,VALID,,,8
ED_25-_F0MI,/home/dipshikha/Music/cao/CISLR_v1.5-a_videos/ED_25-_F0MI.mp4,VALID,,,8
EDxRoZlrq5A_1,/home/dipshikha/Music/cao/CISLR_v1.5-a_videos/EDxRoZlrq5A_1.mp4,VALID,,,8
EE_BDdMNWTI_1,/home/dipshikha/Music/cao/CISLR_v1.5-a_videos/EE_BDdMNWTI_1.mp4,VALID,,,8
EEn5WhsNLfA,/home/dipshikha/Music/cao/CISLR_v1.5-a_videos/EEn5WhsNLfA.mp4,VALID,,,8
EF3PXbHGGUM_1,/home/dipshikha/Music/cao/CISLR_v1.5-a_videos/EF3PXbHGGUM_1.mp4,VALID,,,8
EFBQAgXgXEk_1,/home/dipshikha/Music/cao/CISLR_v1.5-a_videos/EFBQAgXgXEk_1.mp4,VALID,,,8
EFPl9sfDRkM,/home/dipshikha/Music/cao/CISLR_v1.5-a_videos/EFPl9sfDRkM.mp4,VALID,,,8
EGt1EA-YBNw,/home/dipshikha/Music/cao/CISLR_v1.5-a_videos/EGt1EA-YBNw.mp4,VALID,,,8
EHWONrQWsVE,/home/dipshikha/Music/cao/CISLR_v1.5-a_videos/EHWONrQWsVE.mp4,VALID,,,8
EI3Z7yP6_JQ,/home/dipshikha/Music/cao/CISLR_v1.5-a_videos/EI3Z7yP6_JQ.mp4,VALID,,,8
EIS2HUEopZM_1,/home/dipshikha/Music/cao/CISLR_v1.5-a_videos/EIS2HUEopZM_1.mp4,VALID,,,8
EI_dA2lZLds_1,/home/dipshikha/Music/cao/CISLR_v1.5-a_videos/EI_dA2lZLds_1.mp4,VALID,,,8
EJ0UG10b714,/home/dipshikha/Music/cao/CISLR_v1.5-a_videos/EJ0UG10b714.mp4,VALID,,,8
EJF-HPyHiYE,/home/dipshikha/Music/cao/CISLR_v1.5-a_videos/EJF-HPyHiYE.mp4,VALID,,,8
EJo7NBj1Qx4,/home/dipshikha/Music/cao/CISLR_v1.5-a_videos/EJo7NBj1Qx4.mp4,VALID,,,8
EK6tORg211g_1,/home/dipshikha/Music/cao/CISLR_v1.5-a_videos/EK6tORg211g_1.mp4,VALID,,,8
EKWgFRGdMwU,/home/dipshikha/Music/cao/CISLR_v1.5-a_videos/EKWgFRGdMwU.mp4,VALID,,,8
EKZWNoQFQuw,/home/dipshikha/Music/cao/CISLR_v1.5-a_videos/EKZWNoQFQuw.mp4,VALID,,,8
EKp6wIukZRc,/home/dipshikha/Music/cao/CISLR_v1.5-a_videos/EKp6wIukZRc.mp4,VALID,,,8
EL4UAMc2Kmc_2,/home/dipshikha/Music/cao/CISLR_v1.5-a_videos/EL4UAMc2Kmc_2.mp4,INVALID,frame_decode_failed,120,8
ELCvZrWheyk,/home/dipshikha/Music/cao/CISLR_v1.5-a_videos/ELCvZrWheyk.mp4,VALID,,,8
ENY1YTTzKao_1,/home/dipshikha/Music/cao/CISLR_v1.5-a_videos/ENY1YTTzKao_1.mp4,VALID,,,8
EQ1yzB0YoPY,/home/dipshikha/Music/cao/CISLR_v1.5-a_videos/EQ1yzB0YoPY.mp4,VALID,,,8
EQMR3agty8g_1,/home/dipshikha/Music/cao/CISLR_v1.5-a_videos/EQMR3agty8g_1.mp4,VALID,,,8
EQwPLL2v2bU,/home/dipshikha/Music/cao/CISLR_v1.5-a_videos/EQwPLL2v2bU.mp4,VALID,,,8
ERX99VRsSPA_1,/home/dipshikha/Music/cao/CISLR_v1.5-a_videos/ERX99VRsSPA_1.mp4,VALID,,,8
EVLxRwi3cNY_2,/home/dipshikha/Music/cao/CISLR_v1.5-a_videos/EVLxRwi3cNY_2.mp4,INVALID,frame_decode_failed,104,8
EVNgPUE-tys_1,/home/dipshikha/Music/cao/CISLR_v1.5-a_videos/EVNgPUE-tys_1.mp4,VALID,,,8
EVs45zQ6mTQ,/home/dipshikha/Music/cao/CISLR_v1.5-a_videos/EVs45zQ6mTQ.mp4,VALID,,,8
EW6ZzbkYD9g_1,/home/dipshikha/Music/cao/CISLR_v1.5-a_videos/EW6ZzbkYD9g_1.mp4,VALID,,,8
EWDMPkRnEHI,/home/dipshikha/Music/cao/CISLR_v1.5-a_videos/EWDMPkRnEHI.mp4,VALID,,,8
EWPzum2d02w_1,/home/dipshikha/Music/cao/CISLR_v1.5-a_videos/EWPzum2d02w_1.mp4,VALID,,,8
EWUNJsze6aE,/home/dipshikha/Music/cao/CISLR_v1.5-a_videos/EWUNJsze6aE.mp4,VALID,,,8
EXEEDnScQ8g_1,/home/dipshikha/Music/cao/CISLR_v1.5-a_videos/EXEEDnScQ8g_1.mp4,VALID,,,8
EXJmDDFi-5g,/home/dipshikha/Music/cao/CISLR_v1.5-a_videos/EXJmDDFi-5g.mp4,VALID,,,8
EXSLF0azSNs_2,/home/dipshikha/Music/cao/CISLR_v1.5-a_videos/EXSLF0azSNs_2.mp4,INVALID,frame_decode_failed,153,8
EXdh8IAeyUk_2,/home/dipshikha/Music/cao/CISLR_v1.5-a_videos/EXdh8IAeyUk_2.mp4,VALID,,,8
EXoZ4SeF5as_1,/home/dipshikha/Music/cao/CISLR_v1.5-a_videos/EXoZ4SeF5as_1.mp4,VALID,,,8
EYWI_5mkrbc_1,/home/dipshikha/Music/cao/CISLR_v1.5-a_videos/EYWI_5mkrbc_1.mp4,VALID,,,8
EYcuu4ETc4Y,/home/dipshikha/Music/cao/CISLR_v1.5-a_videos/EYcuu4ETc4Y.mp4,VALID,,,8
EYhsfoO3_ME_1,/home/dipshikha/Music/cao/CISLR_v1.5-a_videos/EYhsfoO3_ME_1.mp4,VALID,,,8
EZ9S6g3CBzM,/home/dipshikha/Music/cao/CISLR_v1.5-a_videos/EZ9S6g3CBzM.mp4,VALID,,,8
EZpZvb2wicY,/home/dipshikha/Music/cao/CISLR_v1.5-a_videos/EZpZvb2wicY.mp4,VALID,,,8
EZtR1UdIiBE,/home/dipshikha/Music/cao/CISLR_v1.5-a_videos/EZtR1UdIiBE.mp4,VALID,,,8
E_bwQ8SGo8w,/home/dipshikha/Music/cao/CISLR_v1.5-a_videos/E_bwQ8SGo8w.mp4,VALID,,,8
Eakl221Gpsg,/home/dipshikha/Music/cao/CISLR_v1.5-a_videos/Eakl221Gpsg.mp4,VALID,,,8
EcCzQVbFiwE,/home/dipshikha/Music/cao/CISLR_v1.5-a_videos/EcCzQVbFiwE.mp4,VALID,,,8
EdGYkgo-nX0_1,/home/dipshikha/Music/cao/CISLR_v1.5-a_videos/EdGYkgo-nX0_1.mp4,VALID,,,8
EekMLY_SxPo_1,/home/dipshikha/Music/cao/CISLR_v1.5-a_videos/EekMLY_SxPo_1.mp4,VALID,,,8
EfIcGuRmc84,/home/dipshikha/Music/cao/CISLR_v1.5-a_videos/EfIcGuRmc84.mp4,VALID,,,8
EgYYB3nHbyU_1,/home/dipshikha/Music/cao/CISLR_v1.5-a_videos/EgYYB3nHbyU_1.mp4,VALID,,,8
EgeA95Yf9IQ,/home/dipshikha/Music/cao/CISLR_v1.5-a_videos/EgeA95Yf9IQ.mp4,VALID,,,8
EgeuAsy-wmc_1,/home/dipshikha/Music/cao/CISLR_v1.5-a_videos/EgeuAsy-wmc_1.mp4,VALID,,,8
EgnE1hPwGRs,/home/dipshikha/Music/cao/CISLR_v1.5-a_videos/EgnE1hPwGRs.mp4,VALID,,,8
EhE2_Jd7F-o_2,/home/dipshikha/Music/cao/CISLR_v1.5-a_videos/EhE2_Jd7F-o_2.mp4,INVALID,frame_decode_failed,77,8
EhErcUPHNgg_1,/home/dipshikha/Music/cao/CISLR_v1.5-a_videos/EhErcUPHNgg_1.mp4,VALID,,,8
Ehm9mwSc-JU_2,/home/dipshikha/Music/cao/CISLR_v1.5-a_videos/Ehm9mwSc-JU_2.mp4,INVALID,frame_decode_failed,137,8
EkK_DEi9vog,/home/dipshikha/Music/cao/CISLR_v1.5-a_videos/EkK_DEi9vog.mp4,VALID,,,8
EkaFWDZrh2E,/home/dipshikha/Music/cao/CISLR_v1.5-a_videos/EkaFWDZrh2E.mp4,VALID,,,8
EkfwGwI4c6E,/home/dipshikha/Music/cao/CISLR_v1.5-a_videos/EkfwGwI4c6E.mp4,VALID,,,8
Ekmr93MXzCE,/home/dipshikha/Music/cao/CISLR_v1.5-a_videos/Ekmr93MXzCE.mp4,VALID,,,8
EktuCHkw7Ss,/home/dipshikha/Music/cao/CISLR_v1.5-a_videos/EktuCHkw7Ss.mp4,VALID,,,8
ElXP4DjT3H8_1,/home/dipshikha/Music/cao/CISLR_v1.5-a_videos/ElXP4DjT3H8_1.mp4,VALID,,,8
En8MHpUgipg_1,/home/dipshikha/Music/cao/CISLR_v1.5-a_videos/En8MHpUgipg_1.mp4,VALID,,,8
EnH0HaNPtsc_1,/home/dipshikha/Music/cao/CISLR_v1.5-a_videos/EnH0HaNPtsc_1.mp4,VALID,,,8
EnILR2WEkzc,/home/dipshikha/Music/cao/CISLR_v1.5-a_videos/EnILR2WEkzc.mp4,VALID,,,8
EnNw43_8YjY_1,/home/dipshikha/Music/cao/CISLR_v1.5-a_videos/EnNw43_8YjY_1.mp4,VALID,,,8
EnyO2ToSA20_1,/home/dipshikha/Music/cao/CISLR_v1.5-a_videos/EnyO2ToSA20_1.mp4,VALID,,,8
EopinjD2-4I_1,/home/dipshikha/Music/cao/CISLR_v1.5-a_videos/EopinjD2-4I_1.mp4,VALID,,,8
Eoz8FUQDCKY_2,/home/dipshikha/Music/cao/CISLR_v1.5-a_videos/Eoz8FUQDCKY_2.mp4,VALID,,,8
Ep_W1M6FWe0_1,/home/dipshikha/Music/cao/CISLR_v1.5-a_videos/Ep_W1M6FWe0_1.mp4,VALID,,,8
EpxAKEtJbdI,/home/dipshikha/Music/cao/CISLR_v1.5-a_videos/EpxAKEtJbdI.mp4,VALID,,,8
EqGyUaKwRjg,/home/dipshikha/Music/cao/CISLR_v1.5-a_videos/EqGyUaKwRjg.mp4,VALID,,,8
EsvQpLP_28E,/home/dipshikha/Music/cao/CISLR_v1.5-a_videos/EsvQpLP_28E.mp4,VALID,,,8
EuU5L4V0jsA,/home/dipshikha/Music/cao/CISLR_v1.5-a_videos/EuU5L4V0jsA.mp4,VALID,,,8
EvZvymz1nRo,/home/dipshikha/Music/cao/CISLR_v1.5-a_videos/EvZvymz1nRo.mp4,VALID,,,8
Evw-przGUxo_2,/home/dipshikha/Music/cao/CISLR_v1.5-a_videos/Evw-przGUxo_2.mp4,INVALID,frame_decode_failed,120,8
EvwF_HCmPxY,/home/dipshikha/Music/cao/CISLR_v1.5-a_videos/EvwF_HCmPxY.mp4,VALID,,,8
EwbZoVWQ6II,/home/dipshikha/Music/cao/CISLR_v1.5-a_videos/EwbZoVWQ6II.mp4,VALID,,,8
EwcX2aXTmUQ,/home/dipshikha/Music/cao/CISLR_v1.5-a_videos/EwcX2aXTmUQ.mp4,VALID,,,8
ExEPNAW_Zk4,/home/dipshikha/Music/cao/CISLR_v1.5-a_videos/ExEPNAW_Zk4.mp4,VALID,,,8
Ey1sb2Mq-00_1,/home/dipshikha/Music/cao/CISLR_v1.5-a_videos/Ey1sb2Mq-00_1.mp4,VALID,,,8
EyHkbtQEH4w_2,/home/dipshikha/Music/cao/CISLR_v1.5-a_videos/EyHkbtQEH4w_2.mp4,INVALID,frame_decode_failed,87,8
EzA7vpG_mnw,/home/dipshikha/Music/cao/CISLR_v1.5-a_videos/EzA7vpG_mnw.mp4,VALID,,,8
F-NlKJvZ17E_1,/home/dipshikha/Music/cao/CISLR_v1.5-a_videos/F-NlKJvZ17E_1.mp4,VALID,,,8
F-aZRY9C6HY_2,/home/dipshikha/Music/cao/CISLR_v1.5-a_videos/F-aZRY9C6HY_2.mp4,INVALID,frame_decode_failed,155,8
F-nZwpViPqM,/home/dipshikha/Music/cao/CISLR_v1.5-a_videos/F-nZwpViPqM.mp4,VALID,,,8
F0Yx7_4Ox0c,/home/dipshikha/Music/cao/CISLR_v1.5-a_videos/F0Yx7_4Ox0c.mp4,VALID,,,8
F1AvK4jxMuA,/home/dipshikha/Music/cao/CISLR_v1.5-a_videos/F1AvK4jxMuA.mp4,VALID,,,8
F2SfSlbRkj0,/home/dipshikha/Music/cao/CISLR_v1.5-a_videos/F2SfSlbRkj0.mp4,VALID,,,8
F2oFyH9CkpI,/home/dipshikha/Music/cao/CISLR_v1.5-a_videos/F2oFyH9CkpI.mp4,VALID,,,8
F2qZXlYNo38_1,/home/dipshikha/Music/cao/CISLR_v1.5-a_videos/F2qZXlYNo38_1.mp4,VALID,,,8
F3qQXP8EtRs,/home/dipshikha/Music/cao/CISLR_v1.5-a_videos/F3qQXP8EtRs.mp4,VALID,,,8
F6sn_h1Xea0,/home/dipshikha/Music/cao/CISLR_v1.5-a_videos/F6sn_h1Xea0.mp4,VALID,,,8
F7s5GtLbtGE,/home/dipshikha/Music/cao/CISLR_v1.5-a_videos/F7s5GtLbtGE.mp4,VALID,,,8
F9JOa0fXPI4,/home/dipshikha/Music/cao/CISLR_v1.5-a_videos/F9JOa0fXPI4.mp4,VALID,,,8
F9qYkNV06NE,/home/dipshikha/Music/cao/CISLR_v1.5-a_videos/F9qYkNV06NE.mp4,VALID,,,8
F9v9eNr0daA_1,/home/dipshikha/Music/cao/CISLR_v1.5-a_videos/F9v9eNr0daA_1.mp4,VALID,,,8
F9xcw575Q-A,/home/dipshikha/Music/cao/CISLR_v1.5-a_videos/F9xcw575Q-A.mp4,VALID,,,8
FAOHczmX7Kc,/home/dipshikha/Music/cao/CISLR_v1.5-a_videos/FAOHczmX7Kc.mp4,VALID,,,8
FCMh8YKvD-8_1,/home/dipshikha/Music/cao/CISLR_v1.5-a_videos/FCMh8YKvD-8_1.mp4,VALID,,,8
FCNV_86edvI_1,/home/dipshikha/Music/cao/CISLR_v1.5-a_videos/FCNV_86edvI_1.mp4,VALID,,,8
FDV5iLDQiFs_1,/home/dipshikha/Music/cao/CISLR_v1.5-a_videos/FDV5iLDQiFs_1.mp4,VALID,,,8
FDpm4DIIUqI,/home/dipshikha/Music/cao/CISLR_v1.5-a_videos/FDpm4DIIUqI.mp4,VALID,,,8
FEGl-ICREeE_1,/home/dipshikha/Music/cao/CISLR_v1.5-a_videos/FEGl-ICREeE_1.mp4,VALID,,,8
FEi50jcTxxI_1,/home/dipshikha/Music/cao/CISLR_v1.5-a_videos/FEi50jcTxxI_1.mp4,VALID,,,8
FFAd29BYBxs,/home/dipshikha/Music/cao/CISLR_v1.5-a_videos/FFAd29BYBxs.mp4,VALID,,,8
FGFEkUDv0Xs,/home/dipshikha/Music/cao/CISLR_v1.5-a_videos/FGFEkUDv0Xs.mp4,VALID,,,8
FHJGiOwpmJ8_1,/home/dipshikha/Music/cao/CISLR_v1.5-a_videos/FHJGiOwpmJ8_1.mp4,VALID,,,8
FIUecHseRiA,/home/dipshikha/Music/cao/CISLR_v1.5-a_videos/FIUecHseRiA.mp4,VALID,,,8
FIYZhJAQ3Qo,/home/dipshikha/Music/cao/CISLR_v1.5-a_videos/FIYZhJAQ3Qo.mp4,VALID,,,8
FIj5kYw23Og,/home/dipshikha/Music/cao/CISLR_v1.5-a_videos/FIj5kYw23Og.mp4,VALID,,,8
FKzGaTqUqGY_1,/home/dipshikha/Music/cao/CISLR_v1.5-a_videos/FKzGaTqUqGY_1.mp4,VALID,,,8
FMNrbQN6pX0_1,/home/dipshikha/Music/cao/CISLR_v1.5-a_videos/FMNrbQN6pX0_1.mp4,VALID,,,8
FNM7gqdOCzQ_1,/home/dipshikha/Music/cao/CISLR_v1.5-a_videos/FNM7gqdOCzQ_1.mp4,VALID,,,8
FNwSw0aI6yk,/home/dipshikha/Music/cao/CISLR_v1.5-a_videos/FNwSw0aI6yk.mp4,VALID,,,8
FOXxYHFHzto_2,/home/dipshikha/Music/cao/CISLR_v1.5-a_videos/FOXxYHFHzto_2.mp4,INVALID,frame_decode_failed,81,8
FPuKLNX3uKI,/home/dipshikha/Music/cao/CISLR_v1.5-a_videos/FPuKLNX3uKI.mp4,VALID,,,8
FWGaBkksG7c,/home/dipshikha/Music/cao/CISLR_v1.5-a_videos/FWGaBkksG7c.mp4,VALID,,,8
FX4qWqaO0aE_2,/home/dipshikha/Music/cao/CISLR_v1.5-a_videos/FX4qWqaO0aE_2.mp4,VALID,,,8
FXkWue_0HsY_1,/home/dipshikha/Music/cao/CISLR_v1.5-a_videos/FXkWue_0HsY_1.mp4,VALID,,,8
FYxrZhkb5Zc_2,/home/dipshikha/Music/cao/CISLR_v1.5-a_videos/FYxrZhkb5Zc_2.mp4,VALID,,,8
FZ5a1t1hKpw_1,/home/dipshikha/Music/cao/CISLR_v1.5-a_videos/FZ5a1t1hKpw_1.mp4,VALID,,,8
FZFeKGTeQ5k_1,/home/dipshikha/Music/cao/CISLR_v1.5-a_videos/FZFeKGTeQ5k_1.mp4,VALID,,,8
FZrTVPMOSTk_1,/home/dipshikha/Music/cao/CISLR_v1.5-a_videos/FZrTVPMOSTk_1.mp4,VALID,,,8
F_Bi2czPDcc,/home/dipshikha/Music/cao/CISLR_v1.5-a_videos/F_Bi2czPDcc.mp4,VALID,,,8
F_es2B9Sgo0,/home/dipshikha/Music/cao/CISLR_v1.5-a_videos/F_es2B9Sgo0.mp4,VALID,,,8
F_ssKRakSBs,/home/dipshikha/Music/cao/CISLR_v1.5-a_videos/F_ssKRakSBs.mp4,VALID,,,8
F_zWSg0n04A_2,/home/dipshikha/Music/cao/CISLR_v1.5-a_videos/F_zWSg0n04A_2.mp4,INVALID,frame_decode_failed,120,8
FeI5iTWw_6w_2,/home/dipshikha/Music/cao/CISLR_v1.5-a_videos/FeI5iTWw_6w_2.mp4,VALID,,,8
Fep0HNXm84k_1,/home/dipshikha/Music/cao/CISLR_v1.5-a_videos/Fep0HNXm84k_1.mp4,VALID,,,8
Fgkks8MEUi8_1,/home/dipshikha/Music/cao/CISLR_v1.5-a_videos/Fgkks8MEUi8_1.mp4,VALID,,,8
FhgAT_pNTIE,/home/dipshikha/Music/cao/CISLR_v1.5-a_videos/FhgAT_pNTIE.mp4,VALID,,,8
FhsR37rUlRo_1,/home/dipshikha/Music/cao/CISLR_v1.5-a_videos/FhsR37rUlRo_1.mp4,VALID,,,8
FiEj2MNIRAs_1,/home/dipshikha/Music/cao/CISLR_v1.5-a_videos/FiEj2MNIRAs_1.mp4,VALID,,,8
Fjx9s0fJjEA_1,/home/dipshikha/Music/cao/CISLR_v1.5-a_videos/Fjx9s0fJjEA_1.mp4,VALID,,,8
FkCaUqcqwpA,/home/dipshikha/Music/cao/CISLR_v1.5-a_videos/FkCaUqcqwpA.mp4,VALID,,,8
FkJ_uBF9n88_2,/home/dipshikha/Music/cao/CISLR_v1.5-a_videos/FkJ_uBF9n88_2.mp4,INVALID,frame_decode_failed,102,8
FlB4FQhBm5M,/home/dipshikha/Music/cao/CISLR_v1.5-a_videos/FlB4FQhBm5M.mp4,VALID,,,8
FlZ8Xekr-JA,/home/dipshikha/Music/cao/CISLR_v1.5-a_videos/FlZ8Xekr-JA.mp4,VALID,,,8
FlaNoLJsw-s,/home/dipshikha/Music/cao/CISLR_v1.5-a_videos/FlaNoLJsw-s.mp4,VALID,,,8
Fls8pLxuhZs,/home/dipshikha/Music/cao/CISLR_v1.5-a_videos/Fls8pLxuhZs.mp4,VALID,,,8
FmR82ugp5Ug_1,/home/dipshikha/Music/cao/CISLR_v1.5-a_videos/FmR82ugp5Ug_1.mp4,VALID,,,8
FnSIbbCAQ3s,/home/dipshikha/Music/cao/CISLR_v1.5-a_videos/FnSIbbCAQ3s.mp4,VALID,,,8
FnTehW6ik-Y_2,/home/dipshikha/Music/cao/CISLR_v1.5-a_videos/FnTehW6ik-Y_2.mp4,VALID,,,8
FogwGS1HzIQ,/home/dipshikha/Music/cao/CISLR_v1.5-a_videos/FogwGS1HzIQ.mp4,VALID,,,8
Fq1Pqke8_pE,/home/dipshikha/Music/cao/CISLR_v1.5-a_videos/Fq1Pqke8_pE.mp4,VALID,,,8
FqtbCwFHFrw_1,/home/dipshikha/Music/cao/CISLR_v1.5-a_videos/FqtbCwFHFrw_1.mp4,VALID,,,8
FrcAMp9yi1k_1,/home/dipshikha/Music/cao/CISLR_v1.5-a_videos/FrcAMp9yi1k_1.mp4,VALID,,,8
Fty9TY6f37g_1,/home/dipshikha/Music/cao/CISLR_v1.5-a_videos/Fty9TY6f37g_1.mp4,VALID,,,8
Fu6JYe2kAkg_1,/home/dipshikha/Music/cao/CISLR_v1.5-a_videos/Fu6JYe2kAkg_1.mp4,VALID,,,8
FuP3ROsNQoU,/home/dipshikha/Music/cao/CISLR_v1.5-a_videos/FuP3ROsNQoU.mp4,VALID,,,8
FuoBm8C2wRg_2,/home/dipshikha/Music/cao/CISLR_v1.5-a_videos/FuoBm8C2wRg_2.mp4,INVALID,frame_decode_failed,94,8
Fw0sNnw7Jd8,/home/dipshikha/Music/cao/CISLR_v1.5-a_videos/Fw0sNnw7Jd8.mp4,VALID,,,8
FxpR_7U84nQ,/home/dipshikha/Music/cao/CISLR_v1.5-a_videos/FxpR_7U84nQ.mp4,VALID,,,8
G-5rBFFWEIk_1,/home/dipshikha/Music/cao/CISLR_v1.5-a_videos/G-5rBFFWEIk_1.mp4,VALID,,,8
G-MJMctXHkY,/home/dipshikha/Music/cao/CISLR_v1.5-a_videos/G-MJMctXHkY.mp4,VALID,,,8
G-zchviTHUI_1,/home/dipshikha/Music/cao/CISLR_v1.5-a_videos/G-zchviTHUI_1.mp4,VALID,,,8
G1M2g_Bp2iM,/home/dipshikha/Music/cao/CISLR_v1.5-a_videos/G1M2g_Bp2iM.mp4,VALID,,,8
G1v0EK67zuc_1,/home/dipshikha/Music/cao/CISLR_v1.5-a_videos/G1v0EK67zuc_1.mp4,VALID,,,8
G2Lhs-1HRys,/home/dipshikha/Music/cao/CISLR_v1.5-a_videos/G2Lhs-1HRys.mp4,VALID,,,8
G3noibPzJ1w_1,/home/dipshikha/Music/cao/CISLR_v1.5-a_videos/G3noibPzJ1w_1.mp4,VALID,,,8
G4VFlxK9srU,/home/dipshikha/Music/cao/CISLR_v1.5-a_videos/G4VFlxK9srU.mp4,VALID,,,8
G6aKn9zvQ8g,/home/dipshikha/Music/cao/CISLR_v1.5-a_videos/G6aKn9zvQ8g.mp4,VALID,,,8
G9ClKgFVe4U,/home/dipshikha/Music/cao/CISLR_v1.5-a_videos/G9ClKgFVe4U.mp4,VALID,,,8
GA00BzF9EpE_2,/home/dipshikha/Music/cao/CISLR_v1.5-a_videos/GA00BzF9EpE_2.mp4,INVALID,frame_decode_failed,103,8
GBvOlmOfz7s,/home/dipshikha/Music/cao/CISLR_v1.5-a_videos/GBvOlmOfz7s.mp4,VALID,,,8
GDbeg02GKjA_2,/home/dipshikha/Music/cao/CISLR_v1.5-a_videos/GDbeg02GKjA_2.mp4,INVALID,frame_decode_failed,183,8
GE77ptzmP6g,/home/dipshikha/Music/cao/CISLR_v1.5-a_videos/GE77ptzmP6g.mp4,VALID,,,8
GES06kpvMl4_1,/home/dipshikha/Music/cao/CISLR_v1.5-a_videos/GES06kpvMl4_1.mp4,VALID,,,8
GGK97cywvBc,/home/dipshikha/Music/cao/CISLR_v1.5-a_videos/GGK97cywvBc.mp4,VALID,,,8
GGV55DgjlHM,/home/dipshikha/Music/cao/CISLR_v1.5-a_videos/GGV55DgjlHM.mp4,VALID,,,8
GH5LgcALHiM,/home/dipshikha/Music/cao/CISLR_v1.5-a_videos/GH5LgcALHiM.mp4,VALID,,,8
GHDSqpqhyUo,/home/dipshikha/Music/cao/CISLR_v1.5-a_videos/GHDSqpqhyUo.mp4,VALID,,,8
GHEnNurHKWk_1,/home/dipshikha/Music/cao/CISLR_v1.5-a_videos/GHEnNurHKWk_1.mp4,VALID,,,8
GHp2q1IoF6I,/home/dipshikha/Music/cao/CISLR_v1.5-a_videos/GHp2q1IoF6I.mp4,VALID,,,8
GK1Zc8T40Yo,/home/dipshikha/Music/cao/CISLR_v1.5-a_videos/GK1Zc8T40Yo.mp4,VALID,,,8
GKyaVPkBIvU,/home/dipshikha/Music/cao/CISLR_v1.5-a_videos/GKyaVPkBIvU.mp4,VALID,,,8
GLLwgmHVTGM_1,/home/dipshikha/Music/cao/CISLR_v1.5-a_videos/GLLwgmHVTGM_1.mp4,VALID,,,8
GM5YzHlNbtQ_1,/home/dipshikha/Music/cao/CISLR_v1.5-a_videos/GM5YzHlNbtQ_1.mp4,VALID,,,8
GMAuU7yQo1k_1,/home/dipshikha/Music/cao/CISLR_v1.5-a_videos/GMAuU7yQo1k_1.mp4,VALID,,,8
GN8ge3CZFWE_2,/home/dipshikha/Music/cao/CISLR_v1.5-a_videos/GN8ge3CZFWE_2.mp4,INVALID,frame_decode_failed,181,8
GN8sm5YR2kg,/home/dipshikha/Music/cao/CISLR_v1.5-a_videos/GN8sm5YR2kg.mp4,VALID,,,8
GNOV9MdthUU_1,/home/dipshikha/Music/cao/CISLR_v1.5-a_videos/GNOV9MdthUU_1.mp4,VALID,,,8
GNULrNz8c64,/home/dipshikha/Music/cao/CISLR_v1.5-a_videos/GNULrNz8c64.mp4,VALID,,,8
GOwke9T4QOU,/home/dipshikha/Music/cao/CISLR_v1.5-a_videos/GOwke9T4QOU.mp4,VALID,,,8
GOxL9etVT9c_1,/home/dipshikha/Music/cao/CISLR_v1.5-a_videos/GOxL9etVT9c_1.mp4,VALID,,,8
GPDJy25-tN8_2,/home/dipshikha/Music/cao/CISLR_v1.5-a_videos/GPDJy25-tN8_2.mp4,INVALID,frame_decode_failed,113,8
GPntxbUpP8E,/home/dipshikha/Music/cao/CISLR_v1.5-a_videos/GPntxbUpP8E.mp4,VALID,,,8
GRvD6_yvvdc_2,/home/dipshikha/Music/cao/CISLR_v1.5-a_videos/GRvD6_yvvdc_2.mp4,INVALID,frame_decode_failed,104,8
GSMQDwI83aI,/home/dipshikha/Music/cao/CISLR_v1.5-a_videos/GSMQDwI83aI.mp4,VALID,,,8
GTNV1gmJDSk,/home/dipshikha/Music/cao/CISLR_v1.5-a_videos/GTNV1gmJDSk.mp4,VALID,,,8
GUA7UJE53Qc,/home/dipshikha/Music/cao/CISLR_v1.5-a_videos/GUA7UJE53Qc.mp4,VALID,,,8
GWPzuYBtXA4_1,/home/dipshikha/Music/cao/CISLR_v1.5-a_videos/GWPzuYBtXA4_1.mp4,VALID,,,8
GWQ3h3xY7os,/home/dipshikha/Music/cao/CISLR_v1.5-a_videos/GWQ3h3xY7os.mp4,VALID,,,8
GWXw1ra-nu0_1,/home/dipshikha/Music/cao/CISLR_v1.5-a_videos/GWXw1ra-nu0_1.mp4,VALID,,,8
GXhOBQRBsb4,/home/dipshikha/Music/cao/CISLR_v1.5-a_videos/GXhOBQRBsb4.mp4,VALID,,,8
GZSpfYjY3lM,/home/dipshikha/Music/cao/CISLR_v1.5-a_videos/GZSpfYjY3lM.mp4,VALID,,,8
GZTuJ6NMvbw,/home/dipshikha/Music/cao/CISLR_v1.5-a_videos/GZTuJ6NMvbw.mp4,VALID,,,8
GZagTSm_qhM,/home/dipshikha/Music/cao/CISLR_v1.5-a_videos/GZagTSm_qhM.mp4,VALID,,,8
GeeCVBhDSKs,/home/dipshikha/Music/cao/CISLR_v1.5-a_videos/GeeCVBhDSKs.mp4,VALID,,,8
Gf4_V9dRgZk_1,/home/dipshikha/Music/cao/CISLR_v1.5-a_videos/Gf4_V9dRgZk_1.mp4,VALID,,,8
Gfmu5xPqDlI_1,/home/dipshikha/Music/cao/CISLR_v1.5-a_videos/Gfmu5xPqDlI_1.mp4,VALID,,,8
GgsIWmqqgoU,/home/dipshikha/Music/cao/CISLR_v1.5-a_videos/GgsIWmqqgoU.mp4,VALID,,,8
Gh-mMyOy1UY,/home/dipshikha/Music/cao/CISLR_v1.5-a_videos/Gh-mMyOy1UY.mp4,VALID,,,8
GhK-KsZ6mlo,/home/dipshikha/Music/cao/CISLR_v1.5-a_videos/GhK-KsZ6mlo.mp4,VALID,,,8
GhYMzZZMMJw_1,/home/dipshikha/Music/cao/CISLR_v1.5-a_videos/GhYMzZZMMJw_1.mp4,VALID,,,8
GiOVSFEP2UQ,/home/dipshikha/Music/cao/CISLR_v1.5-a_videos/GiOVSFEP2UQ.mp4,VALID,,,8
GjOTwnRW2RM,/home/dipshikha/Music/cao/CISLR_v1.5-a_videos/GjOTwnRW2RM.mp4,VALID,,,8
GjY2iudi9lM,/home/dipshikha/Music/cao/CISLR_v1.5-a_videos/GjY2iudi9lM.mp4,VALID,,,8
GjqR1Zt5Yjw,/home/dipshikha/Music/cao/CISLR_v1.5-a_videos/GjqR1Zt5Yjw.mp4,VALID,,,8
GktQpaPsNAk_2,/home/dipshikha/Music/cao/CISLR_v1.5-a_videos/GktQpaPsNAk_2.mp4,INVALID,frame_decode_failed,104,8
GlsK0Ejjyhg,/home/dipshikha/Music/cao/CISLR_v1.5-a_videos/GlsK0Ejjyhg.mp4,VALID,,,8
Gm2HCSz7Jqg_1,/home/dipshikha/Music/cao/CISLR_v1.5-a_videos/Gm2HCSz7Jqg_1.mp4,VALID,,,8
GoDqsUZU5yk_1,/home/dipshikha/Music/cao/CISLR_v1.5-a_videos/GoDqsUZU5yk_1.mp4,VALID,,,8
GoO-VsRxG18,/home/dipshikha/Music/cao/CISLR_v1.5-a_videos/GoO-VsRxG18.mp4,VALID,,,8
GogzZTi_jfM_1,/home/dipshikha/Music/cao/CISLR_v1.5-a_videos/GogzZTi_jfM_1.mp4,VALID,,,8
GppkFygxOyQ_1,/home/dipshikha/Music/cao/CISLR_v1.5-a_videos/GppkFygxOyQ_1.mp4,VALID,,,8
GsXkUJU2csA,/home/dipshikha/Music/cao/CISLR_v1.5-a_videos/GsXkUJU2csA.mp4,VALID,,,8
Gsl-Lhf3-PQ_1,/home/dipshikha/Music/cao/CISLR_v1.5-a_videos/Gsl-Lhf3-PQ_1.mp4,VALID,,,8
Gt1EHmS3kN0,/home/dipshikha/Music/cao/CISLR_v1.5-a_videos/Gt1EHmS3kN0.mp4,VALID,,,8
GtNAGLonyLA_2,/home/dipshikha/Music/cao/CISLR_v1.5-a_videos/GtNAGLonyLA_2.mp4,VALID,,,8
GtaZHYq-u_M_1,/home/dipshikha/Music/cao/CISLR_v1.5-a_videos/GtaZHYq-u_M_1.mp4,VALID,,,8
GvXNaIt8FiA_1,/home/dipshikha/Music/cao/CISLR_v1.5-a_videos/GvXNaIt8FiA_1.mp4,VALID,,,8
GvfT7dP2zhk_2,/home/dipshikha/Music/cao/CISLR_v1.5-a_videos/GvfT7dP2zhk_2.mp4,VALID,,,8
Gvg-342aMWE_1,/home/dipshikha/Music/cao/CISLR_v1.5-a_videos/Gvg-342aMWE_1.mp4,VALID,,,8
Gw8cGxVbFZY_1,/home/dipshikha/Music/cao/CISLR_v1.5-a_videos/Gw8cGxVbFZY_1.mp4,VALID,,,8
GxT75TdGS5E_1,/home/dipshikha/Music/cao/CISLR_v1.5-a_videos/GxT75TdGS5E_1.mp4,VALID,,,8
Gy0xJk_gGZ8_1,/home/dipshikha/Music/cao/CISLR_v1.5-a_videos/Gy0xJk_gGZ8_1.mp4,VALID,,,8
GybjWmdp4jM,/home/dipshikha/Music/cao/CISLR_v1.5-a_videos/GybjWmdp4jM.mp4,VALID,,,8
GyhrF2L7s74,/home/dipshikha/Music/cao/CISLR_v1.5-a_videos/GyhrF2L7s74.mp4,VALID,,,8
GzUACVmJWyc,/home/dipshikha/Music/cao/CISLR_v1.5-a_videos/GzUACVmJWyc.mp4,VALID,,,8
H-QyPKHdBpo_1,/home/dipshikha/Music/cao/CISLR_v1.5-a_videos/H-QyPKHdBpo_1.mp4,VALID,,,8
H0G_jCcuCWU,/home/dipshikha/Music/cao/CISLR_v1.5-a_videos/H0G_jCcuCWU.mp4,VALID,,,8
H1BtHoJ_5gs_1,/home/dipshikha/Music/cao/CISLR_v1.5-a_videos/H1BtHoJ_5gs_1.mp4,VALID,,,8
H1Zt1GDnh-8,/home/dipshikha/Music/cao/CISLR_v1.5-a_videos/H1Zt1GDnh-8.mp4,VALID,,,8
H2RHQ43Nly4_1,/home/dipshikha/Music/cao/CISLR_v1.5-a_videos/H2RHQ43Nly4_1.mp4,VALID,,,8
H4L55c2xeMI_1,/home/dipshikha/Music/cao/CISLR_v1.5-a_videos/H4L55c2xeMI_1.mp4,VALID,,,8
H4ymr2I-3P4_1,/home/dipshikha/Music/cao/CISLR_v1.5-a_videos/H4ymr2I-3P4_1.mp4,VALID,,,8
H5vUC_UZZfQ_1,/home/dipshikha/Music/cao/CISLR_v1.5-a_videos/H5vUC_UZZfQ_1.mp4,VALID,,,8
H6hAtqg32n8_2,/home/dipshikha/Music/cao/CISLR_v1.5-a_videos/H6hAtqg32n8_2.mp4,INVALID,frame_decode_failed,70,8
H6zu3PFDwnc_1,/home/dipshikha/Music/cao/CISLR_v1.5-a_videos/H6zu3PFDwnc_1.mp4,VALID,,,8
HB3JdzM5I8g_1,/home/dipshikha/Music/cao/CISLR_v1.5-a_videos/HB3JdzM5I8g_1.mp4,VALID,,,8
HBz_sjo1RHM,/home/dipshikha/Music/cao/CISLR_v1.5-a_videos/HBz_sjo1RHM.mp4,VALID,,,8
HCLav_Tthvk,/home/dipshikha/Music/cao/CISLR_v1.5-a_videos/HCLav_Tthvk.mp4,VALID,,,8
HCpfu2Ud4GE,/home/dipshikha/Music/cao/CISLR_v1.5-a_videos/HCpfu2Ud4GE.mp4,VALID,,,8
HDx7Jb5t5L0,/home/dipshikha/Music/cao/CISLR_v1.5-a_videos/HDx7Jb5t5L0.mp4,VALID,,,8
HE1mqIDP_Ik,/home/dipshikha/Music/cao/CISLR_v1.5-a_videos/HE1mqIDP_Ik.mp4,VALID,,,8
HE7cOw_O6cA,/home/dipshikha/Music/cao/CISLR_v1.5-a_videos/HE7cOw_O6cA.mp4,VALID,,,8
HIZYnYZpipc,/home/dipshikha/Music/cao/CISLR_v1.5-a_videos/HIZYnYZpipc.mp4,VALID,,,8
HJLgJ0K4-pk,/home/dipshikha/Music/cao/CISLR_v1.5-a_videos/HJLgJ0K4-pk.mp4,VALID,,,8
HJVvCxf2J4Y,/home/dipshikha/Music/cao/CISLR_v1.5-a_videos/HJVvCxf2J4Y.mp4,VALID,,,8
HLCUp2wfqLg_1,/home/dipshikha/Music/cao/CISLR_v1.5-a_videos/HLCUp2wfqLg_1.mp4,VALID,,,8
HLHBZen5qdE,/home/dipshikha/Music/cao/CISLR_v1.5-a_videos/HLHBZen5qdE.mp4,VALID,,,8
HLJXFFx-auI,/home/dipshikha/Music/cao/CISLR_v1.5-a_videos/HLJXFFx-auI.mp4,VALID,,,8
HLngaK2mDAo,/home/dipshikha/Music/cao/CISLR_v1.5-a_videos/HLngaK2mDAo.mp4,VALID,,,8
HMR5t5IGwCQ,/home/dipshikha/Music/cao/CISLR_v1.5-a_videos/HMR5t5IGwCQ.mp4,VALID,,,8
HMd3blEQ8g4,/home/dipshikha/Music/cao/CISLR_v1.5-a_videos/HMd3blEQ8g4.mp4,VALID,,,8
HNF-z7j8p0A,/home/dipshikha/Music/cao/CISLR_v1.5-a_videos/HNF-z7j8p0A.mp4,VALID,,,8
HN_Fa-Ow650_1,/home/dipshikha/Music/cao/CISLR_v1.5-a_videos/HN_Fa-Ow650_1.mp4,VALID,,,8
HPhGTpO7cvc_1,/home/dipshikha/Music/cao/CISLR_v1.5-a_videos/HPhGTpO7cvc_1.mp4,VALID,,,8
HSEV-Y2g3A8,/home/dipshikha/Music/cao/CISLR_v1.5-a_videos/HSEV-Y2g3A8.mp4,VALID,,,8
HSL4JTtYSXk_2,/home/dipshikha/Music/cao/CISLR_v1.5-a_videos/HSL4JTtYSXk_2.mp4,INVALID,frame_decode_failed,86,8
HSVMcyMhWvI_2,/home/dipshikha/Music/cao/CISLR_v1.5-a_videos/HSVMcyMhWvI_2.mp4,VALID,,,8
HSxlr1h3TyM,/home/dipshikha/Music/cao/CISLR_v1.5-a_videos/HSxlr1h3TyM.mp4,VALID,,,8
HTLUdvrsUTU,/home/dipshikha/Music/cao/CISLR_v1.5-a_videos/HTLUdvrsUTU.mp4,VALID,,,8
HT_22dYhzpI_1,/home/dipshikha/Music/cao/CISLR_v1.5-a_videos/HT_22dYhzpI_1.mp4,VALID,,,8
HToUF5z-YGw_1,/home/dipshikha/Music/cao/CISLR_v1.5-a_videos/HToUF5z-YGw_1.mp4,VALID,,,8
HUax1aYesBo,/home/dipshikha/Music/cao/CISLR_v1.5-a_videos/HUax1aYesBo.mp4,VALID,,,8
HV7L78k5KeE,/home/dipshikha/Music/cao/CISLR_v1.5-a_videos/HV7L78k5KeE.mp4,VALID,,,8
HWCGrOC9jmo_2,/home/dipshikha/Music/cao/CISLR_v1.5-a_videos/HWCGrOC9jmo_2.mp4,INVALID,frame_decode_failed,151,8
HWsnuUvNGuM_1,/home/dipshikha/Music/cao/CISLR_v1.5-a_videos/HWsnuUvNGuM_1.mp4,VALID,,,8
HYVbXUFLsno_1,/home/dipshikha/Music/cao/CISLR_v1.5-a_videos/HYVbXUFLsno_1.mp4,VALID,,,8
HZDbJEL4RA4_1,/home/dipshikha/Music/cao/CISLR_v1.5-a_videos/HZDbJEL4RA4_1.mp4,VALID,,,8
HZJbA05pxEg_1,/home/dipshikha/Music/cao/CISLR_v1.5-a_videos/HZJbA05pxEg_1.mp4,VALID,,,8
HZKmJZ3VpIg,/home/dipshikha/Music/cao/CISLR_v1.5-a_videos/HZKmJZ3VpIg.mp4,VALID,,,8
HZkFyzvt5LA,/home/dipshikha/Music/cao/CISLR_v1.5-a_videos/HZkFyzvt5LA.mp4,VALID,,,8
HaYoTqtme1k_1,/home/dipshikha/Music/cao/CISLR_v1.5-a_videos/HaYoTqtme1k_1.mp4,VALID,,,8
HbU2GkRlLb0,/home/dipshikha/Music/cao/CISLR_v1.5-a_videos/HbU2GkRlLb0.mp4,VALID,,,8
HbZjNSy4OHE_1,/home/dipshikha/Music/cao/CISLR_v1.5-a_videos/HbZjNSy4OHE_1.mp4,VALID,,,8
Hcp9WsOvexQ,/home/dipshikha/Music/cao/CISLR_v1.5-a_videos/Hcp9WsOvexQ.mp4,VALID,,,8
HdtJulX0Koo_2,/home/dipshikha/Music/cao/CISLR_v1.5-a_videos/HdtJulX0Koo_2.mp4,INVALID,frame_decode_failed,118,8
Hg3An9HPABQ,/home/dipshikha/Music/cao/CISLR_v1.5-a_videos/Hg3An9HPABQ.mp4,VALID,,,8
Hgv4G60B5Fc_2,/home/dipshikha/Music/cao/CISLR_v1.5-a_videos/Hgv4G60B5Fc_2.mp4,INVALID,frame_decode_failed,98,8
Hh69480i03w,/home/dipshikha/Music/cao/CISLR_v1.5-a_videos/Hh69480i03w.mp4,VALID,,,8
Hh7uTyKr5ck_1,/home/dipshikha/Music/cao/CISLR_v1.5-a_videos/Hh7uTyKr5ck_1.mp4,VALID,,,8
Hi65fS8-pjc,/home/dipshikha/Music/cao/CISLR_v1.5-a_videos/Hi65fS8-pjc.mp4,VALID,,,8
His11C0YFps,/home/dipshikha/Music/cao/CISLR_v1.5-a_videos/His11C0YFps.mp4,VALID,,,8
Hj28Cttz1Rs,/home/dipshikha/Music/cao/CISLR_v1.5-a_videos/Hj28Cttz1Rs.mp4,VALID,,,8
Hj4QeQhtsdQ,/home/dipshikha/Music/cao/CISLR_v1.5-a_videos/Hj4QeQhtsdQ.mp4,VALID,,,8
HjBMp6eChiY,/home/dipshikha/Music/cao/CISLR_v1.5-a_videos/HjBMp6eChiY.mp4,VALID,,,8
HjQ5ftX3H1c,/home/dipshikha/Music/cao/CISLR_v1.5-a_videos/HjQ5ftX3H1c.mp4,VALID,,,8
Hk0qqXk8-nU,/home/dipshikha/Music/cao/CISLR_v1.5-a_videos/Hk0qqXk8-nU.mp4,VALID,,,8
HkPXGBLKhKM,/home/dipshikha/Music/cao/CISLR_v1.5-a_videos/HkPXGBLKhKM.mp4,VALID,,,8
HlY4I1V3Wn8,/home/dipshikha/Music/cao/CISLR_v1.5-a_videos/HlY4I1V3Wn8.mp4,VALID,,,8
HnVaM3dWOO4_1,/home/dipshikha/Music/cao/CISLR_v1.5-a_videos/HnVaM3dWOO4_1.mp4,VALID,,,8
HnmeVz4t4Xk,/home/dipshikha/Music/cao/CISLR_v1.5-a_videos/HnmeVz4t4Xk.mp4,VALID,,,8
Homd_Xpbpac_1,/home/dipshikha/Music/cao/CISLR_v1.5-a_videos/Homd_Xpbpac_1.mp4,VALID,,,8
Hoyh1m0u62U,/home/dipshikha/Music/cao/CISLR_v1.5-a_videos/Hoyh1m0u62U.mp4,VALID,,,8
HpwU9tXDfpM,/home/dipshikha/Music/cao/CISLR_v1.5-a_videos/HpwU9tXDfpM.mp4,VALID,,,8
HqCWS-Gh9zY,/home/dipshikha/Music/cao/CISLR_v1.5-a_videos/HqCWS-Gh9zY.mp4,VALID,,,8
HqsZI1n6pGU,/home/dipshikha/Music/cao/CISLR_v1.5-a_videos/HqsZI1n6pGU.mp4,VALID,,,8
HrYfUg6i8DY_2,/home/dipshikha/Music/cao/CISLR_v1.5-a_videos/HrYfUg6i8DY_2.mp4,INVALID,frame_decode_failed,98,8
HsgYLaLxP5o_1,/home/dipshikha/Music/cao/CISLR_v1.5-a_videos/HsgYLaLxP5o_1.mp4,VALID,,,8
Ht6fXw6roFc,/home/dipshikha/Music/cao/CISLR_v1.5-a_videos/Ht6fXw6roFc.mp4,VALID,,,8
HtG9j-D3n8c,/home/dipshikha/Music/cao/CISLR_v1.5-a_videos/HtG9j-D3n8c.mp4,VALID,,,8
HuPD22JS5QA,/home/dipshikha/Music/cao/CISLR_v1.5-a_videos/HuPD22JS5QA.mp4,VALID,,,8
Hv3CUeYzFGk,/home/dipshikha/Music/cao/CISLR_v1.5-a_videos/Hv3CUeYzFGk.mp4,VALID,,,8
HvwdD5t8Llo_2,/home/dipshikha/Music/cao/CISLR_v1.5-a_videos/HvwdD5t8Llo_2.mp4,VALID,,,8
HwgChfSHtlI,/home/dipshikha/Music/cao/CISLR_v1.5-a_videos/HwgChfSHtlI.mp4,VALID,,,8
HyYH_y65nQs_1,/home/dipshikha/Music/cao/CISLR_v1.5-a_videos/HyYH_y65nQs_1.mp4,VALID,,,8
HymdtSakcww,/home/dipshikha/Music/cao/CISLR_v1.5-a_videos/HymdtSakcww.mp4,VALID,,,8
Hz77BEDzZ-E_1,/home/dipshikha/Music/cao/CISLR_v1.5-a_videos/Hz77BEDzZ-E_1.mp4,VALID,,,8
I1i5r5rd7vI_1,/home/dipshikha/Music/cao/CISLR_v1.5-a_videos/I1i5r5rd7vI_1.mp4,VALID,,,8
I1pC7URd7qM_1,/home/dipshikha/Music/cao/CISLR_v1.5-a_videos/I1pC7URd7qM_1.mp4,VALID,,,8
I2q6piLBbPo_1,/home/dipshikha/Music/cao/CISLR_v1.5-a_videos/I2q6piLBbPo_1.mp4,VALID,,,8
I2xOiEMrgM0_2,/home/dipshikha/Music/cao/CISLR_v1.5-a_videos/I2xOiEMrgM0_2.mp4,INVALID,frame_decode_failed,102,8
I3_S8sTuQT0,/home/dipshikha/Music/cao/CISLR_v1.5-a_videos/I3_S8sTuQT0.mp4,VALID,,,8
I4ZsuU5C6aw,/home/dipshikha/Music/cao/CISLR_v1.5-a_videos/I4ZsuU5C6aw.mp4,VALID,,,8
I4pibKfr0jU,/home/dipshikha/Music/cao/CISLR_v1.5-a_videos/I4pibKfr0jU.mp4,VALID,,,8
I5A2blkb1T8_1,/home/dipshikha/Music/cao/CISLR_v1.5-a_videos/I5A2blkb1T8_1.mp4,VALID,,,8
I5GA0QFoDos_1,/home/dipshikha/Music/cao/CISLR_v1.5-a_videos/I5GA0QFoDos_1.mp4,VALID,,,8
I5Nw8MVpZt8,/home/dipshikha/Music/cao/CISLR_v1.5-a_videos/I5Nw8MVpZt8.mp4,VALID,,,8
I6kZM0sKraQ,/home/dipshikha/Music/cao/CISLR_v1.5-a_videos/I6kZM0sKraQ.mp4,VALID,,,8
I77KHj-yyWQ,/home/dipshikha/Music/cao/CISLR_v1.5-a_videos/I77KHj-yyWQ.mp4,VALID,,,8
I8TH3Ef1yls_1,/home/dipshikha/Music/cao/CISLR_v1.5-a_videos/I8TH3Ef1yls_1.mp4,VALID,,,8
IA-RnnxesfI,/home/dipshikha/Music/cao/CISLR_v1.5-a_videos/IA-RnnxesfI.mp4,VALID,,,8
IATnhKazi7g,/home/dipshikha/Music/cao/CISLR_v1.5-a_videos/IATnhKazi7g.mp4,VALID,,,8
IAqSm0HcDDI_2,/home/dipshikha/Music/cao/CISLR_v1.5-a_videos/IAqSm0HcDDI_2.mp4,INVALID,frame_decode_failed,153,8
IB4I1T_sQxo,/home/dipshikha/Music/cao/CISLR_v1.5-a_videos/IB4I1T_sQxo.mp4,VALID,,,8
ICWffEGAP5Q,/home/dipshikha/Music/cao/CISLR_v1.5-a_videos/ICWffEGAP5Q.mp4,VALID,,,8
IER9rPq_O8o_1,/home/dipshikha/Music/cao/CISLR_v1.5-a_videos/IER9rPq_O8o_1.mp4,VALID,,,8
IGNLe81lZ-M,/home/dipshikha/Music/cao/CISLR_v1.5-a_videos/IGNLe81lZ-M.mp4,VALID,,,8
IGsDuTIs2ZU,/home/dipshikha/Music/cao/CISLR_v1.5-a_videos/IGsDuTIs2ZU.mp4,VALID,,,8
IGuFuS-aMpo,/home/dipshikha/Music/cao/CISLR_v1.5-a_videos/IGuFuS-aMpo.mp4,VALID,,,8
IH3kcXKQgt4,/home/dipshikha/Music/cao/CISLR_v1.5-a_videos/IH3kcXKQgt4.mp4,VALID,,,8
IIeXWQPIlqA_2,/home/dipshikha/Music/cao/CISLR_v1.5-a_videos/IIeXWQPIlqA_2.mp4,INVALID,frame_decode_failed,146,8
IIkkBf5KDmg,/home/dipshikha/Music/cao/CISLR_v1.5-a_videos/IIkkBf5KDmg.mp4,VALID,,,8
IItJ7hdAf_g,/home/dipshikha/Music/cao/CISLR_v1.5-a_videos/IItJ7hdAf_g.mp4,VALID,,,8
IL9zmsdJg5g,/home/dipshikha/Music/cao/CISLR_v1.5-a_videos/IL9zmsdJg5g.mp4,VALID,,,8
ILXJO86NsG8,/home/dipshikha/Music/cao/CISLR_v1.5-a_videos/ILXJO86NsG8.mp4,VALID,,,8
ILinyrxnsEs,/home/dipshikha/Music/cao/CISLR_v1.5-a_videos/ILinyrxnsEs.mp4,VALID,,,8
ILv9XMPLqoo,/home/dipshikha/Music/cao/CISLR_v1.5-a_videos/ILv9XMPLqoo.mp4,VALID,,,8
IMlXe5o44pc_1,/home/dipshikha/Music/cao/CISLR_v1.5-a_videos/IMlXe5o44pc_1.mp4,VALID,,,8
IMzhNeb2ziQ_1,/home/dipshikha/Music/cao/CISLR_v1.5-a_videos/IMzhNeb2ziQ_1.mp4,VALID,,,8
INYvz3YRvT4,/home/dipshikha/Music/cao/CISLR_v1.5-a_videos/INYvz3YRvT4.mp4,VALID,,,8
IO-b4Lt249Y,/home/dipshikha/Music/cao/CISLR_v1.5-a_videos/IO-b4Lt249Y.mp4,VALID,,,8
IO0nQfhpxh8,/home/dipshikha/Music/cao/CISLR_v1.5-a_videos/IO0nQfhpxh8.mp4,VALID,,,8
IOcKAmXpVUA,/home/dipshikha/Music/cao/CISLR_v1.5-a_videos/IOcKAmXpVUA.mp4,VALID,,,8
IOp7Ml6b4sk,/home/dipshikha/Music/cao/CISLR_v1.5-a_videos/IOp7Ml6b4sk.mp4,VALID,,,8
IOz0Yx8IpHU_1,/home/dipshikha/Music/cao/CISLR_v1.5-a_videos/IOz0Yx8IpHU_1.mp4,VALID,,,8
IP9M9Q_sJlU_1,/home/dipshikha/Music/cao/CISLR_v1.5-a_videos/IP9M9Q_sJlU_1.mp4,VALID,,,8
IPRNWTt4NDY_1,/home/dipshikha/Music/cao/CISLR_v1.5-a_videos/IPRNWTt4NDY_1.mp4,VALID,,,8
IQS9ORLYumE_1,/home/dipshikha/Music/cao/CISLR_v1.5-a_videos/IQS9ORLYumE_1.mp4,VALID,,,8
IQdo3niLRus_1,/home/dipshikha/Music/cao/CISLR_v1.5-a_videos/IQdo3niLRus_1.mp4,VALID,,,8
IRUYQfpLjhY,/home/dipshikha/Music/cao/CISLR_v1.5-a_videos/IRUYQfpLjhY.mp4,VALID,,,8
IRpEcHFlSk0_1,/home/dipshikha/Music/cao/CISLR_v1.5-a_videos/IRpEcHFlSk0_1.mp4,VALID,,,8
ITV9-ymtK_M_1,/home/dipshikha/Music/cao/CISLR_v1.5-a_videos/ITV9-ymtK_M_1.mp4,VALID,,,8
ITtZaBbXqyE_1,/home/dipshikha/Music/cao/CISLR_v1.5-a_videos/ITtZaBbXqyE_1.mp4,VALID,,,8
IUj1aN_hzQ8_1,/home/dipshikha/Music/cao/CISLR_v1.5-a_videos/IUj1aN_hzQ8_1.mp4,VALID,,,8
IUxURsL66jY,/home/dipshikha/Music/cao/CISLR_v1.5-a_videos/IUxURsL66jY.mp4,VALID,,,8
IVY4EYIVHMI,/home/dipshikha/Music/cao/CISLR_v1.5-a_videos/IVY4EYIVHMI.mp4,VALID,,,8
IWBVW-QyFEw,/home/dipshikha/Music/cao/CISLR_v1.5-a_videos/IWBVW-QyFEw.mp4,VALID,,,8
IWCiPFCUzI0,/home/dipshikha/Music/cao/CISLR_v1.5-a_videos/IWCiPFCUzI0.mp4,VALID,,,8
IWWZql-w610,/home/dipshikha/Music/cao/CISLR_v1.5-a_videos/IWWZql-w610.mp4,VALID,,,8
IWxnrliK3Mk_1,/home/dipshikha/Music/cao/CISLR_v1.5-a_videos/IWxnrliK3Mk_1.mp4,VALID,,,8
IZ5P9dAvZ5A_1,/home/dipshikha/Music/cao/CISLR_v1.5-a_videos/IZ5P9dAvZ5A_1.mp4,VALID,,,8
Ic7hCwzP2PI_1,/home/dipshikha/Music/cao/CISLR_v1.5-a_videos/Ic7hCwzP2PI_1.mp4,VALID,,,8
IctKxBrrjJI,/home/dipshikha/Music/cao/CISLR_v1.5-a_videos/IctKxBrrjJI.mp4,VALID,,,8
IdTIbvWgePA,/home/dipshikha/Music/cao/CISLR_v1.5-a_videos/IdTIbvWgePA.mp4,VALID,,,8
Idb2wQQ85ho,/home/dipshikha/Music/cao/CISLR_v1.5-a_videos/Idb2wQQ85ho.mp4,VALID,,,8
Idc4ADhTayI,/home/dipshikha/Music/cao/CISLR_v1.5-a_videos/Idc4ADhTayI.mp4,VALID,,,8
Idq3nOcunPw,/home/dipshikha/Music/cao/CISLR_v1.5-a_videos/Idq3nOcunPw.mp4,VALID,,,8
IdrYzD-b0MU_1,/home/dipshikha/Music/cao/CISLR_v1.5-a_videos/IdrYzD-b0MU_1.mp4,VALID,,,8
IeGTCdw-lFQ_1,/home/dipshikha/Music/cao/CISLR_v1.5-a_videos/IeGTCdw-lFQ_1.mp4,VALID,,,8
IghFboP-goM,/home/dipshikha/Music/cao/CISLR_v1.5-a_videos/IghFboP-goM.mp4,VALID,,,8
IhaMUrrY6yw_2,/home/dipshikha/Music/cao/CISLR_v1.5-a_videos/IhaMUrrY6yw_2.mp4,INVALID,frame_decode_failed,176,8
IhoXleQ5yy8_1,/home/dipshikha/Music/cao/CISLR_v1.5-a_videos/IhoXleQ5yy8_1.mp4,VALID,,,8
Ii2bgYmdoQo,/home/dipshikha/Music/cao/CISLR_v1.5-a_videos/Ii2bgYmdoQo.mp4,VALID,,,8
IiAx8ef2Rwo,/home/dipshikha/Music/cao/CISLR_v1.5-a_videos/IiAx8ef2Rwo.mp4,VALID,,,8
IihwJw1jkfA_1,/home/dipshikha/Music/cao/CISLR_v1.5-a_videos/IihwJw1jkfA_1.mp4,VALID,,,8
IijA65GKXKc,/home/dipshikha/Music/cao/CISLR_v1.5-a_videos/IijA65GKXKc.mp4,VALID,,,8
IioAwnwu91s,/home/dipshikha/Music/cao/CISLR_v1.5-a_videos/IioAwnwu91s.mp4,VALID,,,8
Iiz4Zy_pAGA_2,/home/dipshikha/Music/cao/CISLR_v1.5-a_videos/Iiz4Zy_pAGA_2.mp4,INVALID,frame_decode_failed,121,8
IjJkyhtkX58,/home/dipshikha/Music/cao/CISLR_v1.5-a_videos/IjJkyhtkX58.mp4,VALID,,,8
IkEVVymlfjk,/home/dipshikha/Music/cao/CISLR_v1.5-a_videos/IkEVVymlfjk.mp4,VALID,,,8
IkmV2lTGHL8_1,/home/dipshikha/Music/cao/CISLR_v1.5-a_videos/IkmV2lTGHL8_1.mp4,VALID,,,8
IommKlI9JqQ_1,/home/dipshikha/Music/cao/CISLR_v1.5-a_videos/IommKlI9JqQ_1.mp4,VALID,,,8
IphLasWnRHk_1,/home/dipshikha/Music/cao/CISLR_v1.5-a_videos/IphLasWnRHk_1.mp4,VALID,,,8
Iplh792WyLM,/home/dipshikha/Music/cao/CISLR_v1.5-a_videos/Iplh792WyLM.mp4,VALID,,,8
Ipvw2kyzr_w_1,/home/dipshikha/Music/cao/CISLR_v1.5-a_videos/Ipvw2kyzr_w_1.mp4,VALID,,,8
IqAQQves3xE,/home/dipshikha/Music/cao/CISLR_v1.5-a_videos/IqAQQves3xE.mp4,VALID,,,8
IqVx7zjG9s0_1,/home/dipshikha/Music/cao/CISLR_v1.5-a_videos/IqVx7zjG9s0_1.mp4,VALID,,,8
IsvFw88fne8,/home/dipshikha/Music/cao/CISLR_v1.5-a_videos/IsvFw88fne8.mp4,VALID,,,8
ItV99Fhz1X8_1,/home/dipshikha/Music/cao/CISLR_v1.5-a_videos/ItV99Fhz1X8_1.mp4,VALID,,,8
ItvaPW9FnxE,/home/dipshikha/Music/cao/CISLR_v1.5-a_videos/ItvaPW9FnxE.mp4,VALID,,,8
Iu1aKegaeek,/home/dipshikha/Music/cao/CISLR_v1.5-a_videos/Iu1aKegaeek.mp4,VALID,,,8
Iub1Yb-tOAI,/home/dipshikha/Music/cao/CISLR_v1.5-a_videos/Iub1Yb-tOAI.mp4,VALID,,,8
IvHyCTGWTOc,/home/dipshikha/Music/cao/CISLR_v1.5-a_videos/IvHyCTGWTOc.mp4,VALID,,,8
IvWnYjnrMZg_1,/home/dipshikha/Music/cao/CISLR_v1.5-a_videos/IvWnYjnrMZg_1.mp4,VALID,,,8
IwjaiMCqRSk,/home/dipshikha/Music/cao/CISLR_v1.5-a_videos/IwjaiMCqRSk.mp4,VALID,,,8
IxDZyvc3cRM,/home/dipshikha/Music/cao/CISLR_v1.5-a_videos/IxDZyvc3cRM.mp4,VALID,,,8
IylKyQ_81Zo,/home/dipshikha/Music/cao/CISLR_v1.5-a_videos/IylKyQ_81Zo.mp4,VALID,,,8
IzIT4zP2sTU,/home/dipshikha/Music/cao/CISLR_v1.5-a_videos/IzIT4zP2sTU.mp4,VALID,,,8
J06ynDbTJDY,/home/dipshikha/Music/cao/CISLR_v1.5-a_videos/J06ynDbTJDY.mp4,VALID,,,8
J0D4SC4WJQQ_1,/home/dipshikha/Music/cao/CISLR_v1.5-a_videos/J0D4SC4WJQQ_1.mp4,VALID,,,8
J0Jx4BIuGn0,/home/dipshikha/Music/cao/CISLR_v1.5-a_videos/J0Jx4BIuGn0.mp4,VALID,,,8
J0OaU0o7cL8,/home/dipshikha/Music/cao/CISLR_v1.5-a_videos/J0OaU0o7cL8.mp4,VALID,,,8
J3BJa0TWc8U_1,/home/dipshikha/Music/cao/CISLR_v1.5-a_videos/J3BJa0TWc8U_1.mp4,VALID,,,8
J79s05Z0NZ8,/home/dipshikha/Music/cao/CISLR_v1.5-a_videos/J79s05Z0NZ8.mp4,VALID,,,8
J7Bq-xjpcvs_1,/home/dipshikha/Music/cao/CISLR_v1.5-a_videos/J7Bq-xjpcvs_1.mp4,VALID,,,8
J81k9pkL1tg,/home/dipshikha/Music/cao/CISLR_v1.5-a_videos/J81k9pkL1tg.mp4,VALID,,,8
J9ZYf-S-gNI,/home/dipshikha/Music/cao/CISLR_v1.5-a_videos/J9ZYf-S-gNI.mp4,VALID,,,8
J9rhbSDTm4w_1,/home/dipshikha/Music/cao/CISLR_v1.5-a_videos/J9rhbSDTm4w_1.mp4,VALID,,,8
JAoQ3a0DIXQ,/home/dipshikha/Music/cao/CISLR_v1.5-a_videos/JAoQ3a0DIXQ.mp4,VALID,,,8
JAvrviPNIOI_1,/home/dipshikha/Music/cao/CISLR_v1.5-a_videos/JAvrviPNIOI_1.mp4,VALID,,,8
JBO4vOeqQxs_1,/home/dipshikha/Music/cao/CISLR_v1.5-a_videos/JBO4vOeqQxs_1.mp4,VALID,,,8
JC80hJOObmg,/home/dipshikha/Music/cao/CISLR_v1.5-a_videos/JC80hJOObmg.mp4,VALID,,,8
JDFAUSbxIhk_2,/home/dipshikha/Music/cao/CISLR_v1.5-a_videos/JDFAUSbxIhk_2.mp4,VALID,,,8
JDvfWq3CAAU_1,/home/dipshikha/Music/cao/CISLR_v1.5-a_videos/JDvfWq3CAAU_1.mp4,VALID,,,8
JE_6hkeERgY,/home/dipshikha/Music/cao/CISLR_v1.5-a_videos/JE_6hkeERgY.mp4,VALID,,,8
JFVB97UDh6o,/home/dipshikha/Music/cao/CISLR_v1.5-a_videos/JFVB97UDh6o.mp4,VALID,,,8
JG9WnZMN5ZA_1,/home/dipshikha/Music/cao/CISLR_v1.5-a_videos/JG9WnZMN5ZA_1.mp4,VALID,,,8
JGmPOUUxRzE,/home/dipshikha/Music/cao/CISLR_v1.5-a_videos/JGmPOUUxRzE.mp4,VALID,,,8
JHK7flaSzzM,/home/dipshikha/Music/cao/CISLR_v1.5-a_videos/JHK7flaSzzM.mp4,VALID,,,8
JHh44ooGaY4,/home/dipshikha/Music/cao/CISLR_v1.5-a_videos/JHh44ooGaY4.mp4,VALID,,,8
JHyzbf0wbL0,/home/dipshikha/Music/cao/CISLR_v1.5-a_videos/JHyzbf0wbL0.mp4,VALID,,,8
JIm7aysFevs_1,/home/dipshikha/Music/cao/CISLR_v1.5-a_videos/JIm7aysFevs_1.mp4,VALID,,,8
JKKejwob7W8_1,/home/dipshikha/Music/cao/CISLR_v1.5-a_videos/JKKejwob7W8_1.mp4,VALID,,,8
JLwyU0Pd35Y,/home/dipshikha/Music/cao/CISLR_v1.5-a_videos/JLwyU0Pd35Y.mp4,VALID,,,8
JMafDHZmr8s_1,/home/dipshikha/Music/cao/CISLR_v1.5-a_videos/JMafDHZmr8s_1.mp4,VALID,,,8
JN0xDQF2NWs,/home/dipshikha/Music/cao/CISLR_v1.5-a_videos/JN0xDQF2NWs.mp4,VALID,,,8
JO6xA9yQgUA,/home/dipshikha/Music/cao/CISLR_v1.5-a_videos/JO6xA9yQgUA.mp4,VALID,,,8
JPGOxP4NRRw_1,/home/dipshikha/Music/cao/CISLR_v1.5-a_videos/JPGOxP4NRRw_1.mp4,VALID,,,8
JPvEO-Q1N08,/home/dipshikha/Music/cao/CISLR_v1.5-a_videos/JPvEO-Q1N08.mp4,VALID,,,8
JQ0W7D0nvlY,/home/dipshikha/Music/cao/CISLR_v1.5-a_videos/JQ0W7D0nvlY.mp4,VALID,,,8
JRE6SRmb_yI_2,/home/dipshikha/Music/cao/CISLR_v1.5-a_videos/JRE6SRmb_yI_2.mp4,INVALID,frame_decode_failed,134,8
JSEGoqKaQM0,/home/dipshikha/Music/cao/CISLR_v1.5-a_videos/JSEGoqKaQM0.mp4,VALID,,,8
JUMBB2W1Q94,/home/dipshikha/Music/cao/CISLR_v1.5-a_videos/JUMBB2W1Q94.mp4,VALID,,,8
JVplYs4HTtE,/home/dipshikha/Music/cao/CISLR_v1.5-a_videos/JVplYs4HTtE.mp4,VALID,,,8
JW9yPJ2REK0_1,/home/dipshikha/Music/cao/CISLR_v1.5-a_videos/JW9yPJ2REK0_1.mp4,VALID,,,8
JWG3G2AfAO4_1,/home/dipshikha/Music/cao/CISLR_v1.5-a_videos/JWG3G2AfAO4_1.mp4,VALID,,,8
JWbMe5M36V8,/home/dipshikha/Music/cao/CISLR_v1.5-a_videos/JWbMe5M36V8.mp4,VALID,,,8
JWsKWK1W9q4_1,/home/dipshikha/Music/cao/CISLR_v1.5-a_videos/JWsKWK1W9q4_1.mp4,VALID,,,8
JXtbhw70wpY_1,/home/dipshikha/Music/cao/CISLR_v1.5-a_videos/JXtbhw70wpY_1.mp4,VALID,,,8
JYvB-eiJP-I,/home/dipshikha/Music/cao/CISLR_v1.5-a_videos/JYvB-eiJP-I.mp4,VALID,,,8
JZRAOigBYnM,/home/dipshikha/Music/cao/CISLR_v1.5-a_videos/JZRAOigBYnM.mp4,VALID,,,8
JZtlpCJqR-M_1,/home/dipshikha/Music/cao/CISLR_v1.5-a_videos/JZtlpCJqR-M_1.mp4,VALID,,,8
J_iH6uAoAJM,/home/dipshikha/Music/cao/CISLR_v1.5-a_videos/J_iH6uAoAJM.mp4,VALID,,,8
Jarh1WMa868_1,/home/dipshikha/Music/cao/CISLR_v1.5-a_videos/Jarh1WMa868_1.mp4,VALID,,,8
Jaw_nTMEwzY_1,/home/dipshikha/Music/cao/CISLR_v1.5-a_videos/Jaw_nTMEwzY_1.mp4,VALID,,,8
JbG_KfmEYm4_1,/home/dipshikha/Music/cao/CISLR_v1.5-a_videos/JbG_KfmEYm4_1.mp4,VALID,,,8
JckFhrO4KD0_1,/home/dipshikha/Music/cao/CISLR_v1.5-a_videos/JckFhrO4KD0_1.mp4,VALID,,,8
Jd-pxhXGefA_1,/home/dipshikha/Music/cao/CISLR_v1.5-a_videos/Jd-pxhXGefA_1.mp4,VALID,,,8
Jd3to2MXy6s,/home/dipshikha/Music/cao/CISLR_v1.5-a_videos/Jd3to2MXy6s.mp4,VALID,,,8
Je-ZDJTfVsw_1,/home/dipshikha/Music/cao/CISLR_v1.5-a_videos/Je-ZDJTfVsw_1.mp4,VALID,,,8
JeJLv2tM3nY_1,/home/dipshikha/Music/cao/CISLR_v1.5-a_videos/JeJLv2tM3nY_1.mp4,VALID,,,8
Jedn1-9fyXw,/home/dipshikha/Music/cao/CISLR_v1.5-a_videos/Jedn1-9fyXw.mp4,VALID,,,8
Jh4PPOr7tjo,/home/dipshikha/Music/cao/CISLR_v1.5-a_videos/Jh4PPOr7tjo.mp4,VALID,,,8
JiPwL-4i6Uo_1,/home/dipshikha/Music/cao/CISLR_v1.5-a_videos/JiPwL-4i6Uo_1.mp4,VALID,,,8
JjDVZDpPjbc,/home/dipshikha/Music/cao/CISLR_v1.5-a_videos/JjDVZDpPjbc.mp4,VALID,,,8
Jm23ZwhmPlQ,/home/dipshikha/Music/cao/CISLR_v1.5-a_videos/Jm23ZwhmPlQ.mp4,VALID,,,8
Jm2j6rZhGXo,/home/dipshikha/Music/cao/CISLR_v1.5-a_videos/Jm2j6rZhGXo.mp4,VALID,,,8
Jm8OXSwWnCY,/home/dipshikha/Music/cao/CISLR_v1.5-a_videos/Jm8OXSwWnCY.mp4,VALID,,,8
JmBmx8jNivk,/home/dipshikha/Music/cao/CISLR_v1.5-a_videos/JmBmx8jNivk.mp4,VALID,,,8
JmPgvxIFzGE,/home/dipshikha/Music/cao/CISLR_v1.5-a_videos/JmPgvxIFzGE.mp4,VALID,,,8
JmsjCb19HB4_1,/home/dipshikha/Music/cao/CISLR_v1.5-a_videos/JmsjCb19HB4_1.mp4,VALID,,,8
JqBJjFOxuLk,/home/dipshikha/Music/cao/CISLR_v1.5-a_videos/JqBJjFOxuLk.mp4,VALID,,,8
JqPK7r2pB_8_2,/home/dipshikha/Music/cao/CISLR_v1.5-a_videos/JqPK7r2pB_8_2.mp4,INVALID,frame_decode_failed,73,8
JqZFdQuy3QU,/home/dipshikha/Music/cao/CISLR_v1.5-a_videos/JqZFdQuy3QU.mp4,VALID,,,8
JqwXMlzSPoM,/home/dipshikha/Music/cao/CISLR_v1.5-a_videos/JqwXMlzSPoM.mp4,VALID,,,8
JsdNgRcC4wU_1,/home/dipshikha/Music/cao/CISLR_v1.5-a_videos/JsdNgRcC4wU_1.mp4,VALID,,,8
JtWmt2W6g-4_1,/home/dipshikha/Music/cao/CISLR_v1.5-a_videos/JtWmt2W6g-4_1.mp4,VALID,,,8
Jtk0QePDuds_1,/home/dipshikha/Music/cao/CISLR_v1.5-a_videos/Jtk0QePDuds_1.mp4,VALID,,,8
JtykP_hFReg,/home/dipshikha/Music/cao/CISLR_v1.5-a_videos/JtykP_hFReg.mp4,VALID,,,8
JumxHKPgPsw,/home/dipshikha/Music/cao/CISLR_v1.5-a_videos/JumxHKPgPsw.mp4,VALID,,,8
JvZwKXBG8sQ_1,/home/dipshikha/Music/cao/CISLR_v1.5-a_videos/JvZwKXBG8sQ_1.mp4,VALID,,,8
JwE82vJ5lF4,/home/dipshikha/Music/cao/CISLR_v1.5-a_videos/JwE82vJ5lF4.mp4,VALID,,,8
JxEGnvLxNu4_2,/home/dipshikha/Music/cao/CISLR_v1.5-a_videos/JxEGnvLxNu4_2.mp4,INVALID,frame_decode_failed,101,8
JxiY9s8T8eg,/home/dipshikha/Music/cao/CISLR_v1.5-a_videos/JxiY9s8T8eg.mp4,VALID,,,8
JyAbrgrmXFQ,/home/dipshikha/Music/cao/CISLR_v1.5-a_videos/JyAbrgrmXFQ.mp4,VALID,,,8
JybAScc2Ppo_1,/home/dipshikha/Music/cao/CISLR_v1.5-a_videos/JybAScc2Ppo_1.mp4,VALID,,,8
JzyZDgP62tM_1,/home/dipshikha/Music/cao/CISLR_v1.5-a_videos/JzyZDgP62tM_1.mp4,VALID,,,8
K-cAmlbGqqE_1,/home/dipshikha/Music/cao/CISLR_v1.5-a_videos/K-cAmlbGqqE_1.mp4,VALID,,,8
K0EyqFbG2N0_1,/home/dipshikha/Music/cao/CISLR_v1.5-a_videos/K0EyqFbG2N0_1.mp4,VALID,,,8
K0VsSQMEtMU,/home/dipshikha/Music/cao/CISLR_v1.5-a_videos/K0VsSQMEtMU.mp4,VALID,,,8
K1N6oh0nYvo_1,/home/dipshikha/Music/cao/CISLR_v1.5-a_videos/K1N6oh0nYvo_1.mp4,VALID,,,8
K5K6_yItMbc,/home/dipshikha/Music/cao/CISLR_v1.5-a_videos/K5K6_yItMbc.mp4,VALID,,,8
K5xvRicYsgQ,/home/dipshikha/Music/cao/CISLR_v1.5-a_videos/K5xvRicYsgQ.mp4,VALID,,,8
K6ef6wLNV6A_2,/home/dipshikha/Music/cao/CISLR_v1.5-a_videos/K6ef6wLNV6A_2.mp4,INVALID,frame_decode_failed,98,8
K8Se1Eiyqq8_2,/home/dipshikha/Music/cao/CISLR_v1.5-a_videos/K8Se1Eiyqq8_2.mp4,INVALID,frame_decode_failed,137,8
KAkggm-5ApA_2,/home/dipshikha/Music/cao/CISLR_v1.5-a_videos/KAkggm-5ApA_2.mp4,VALID,,,8
KAsaLUHY0y4,/home/dipshikha/Music/cao/CISLR_v1.5-a_videos/KAsaLUHY0y4.mp4,VALID,,,8
KB2cTekqy38,/home/dipshikha/Music/cao/CISLR_v1.5-a_videos/KB2cTekqy38.mp4,VALID,,,8
KBfrB3Kx5Kw_1,/home/dipshikha/Music/cao/CISLR_v1.5-a_videos/KBfrB3Kx5Kw_1.mp4,VALID,,,8
KCFYiQAly-Q_1,/home/dipshikha/Music/cao/CISLR_v1.5-a_videos/KCFYiQAly-Q_1.mp4,VALID,,,8
KD_mAE7nypI,/home/dipshikha/Music/cao/CISLR_v1.5-a_videos/KD_mAE7nypI.mp4,VALID,,,8
KEhIkzsFVhk_2,/home/dipshikha/Music/cao/CISLR_v1.5-a_videos/KEhIkzsFVhk_2.mp4,INVALID,frame_decode_failed,121,8
KF_6TkQc5Ag_2,/home/dipshikha/Music/cao/CISLR_v1.5-a_videos/KF_6TkQc5Ag_2.mp4,INVALID,frame_decode_failed,86,8
KGd-YJ5cDTM,/home/dipshikha/Music/cao/CISLR_v1.5-a_videos/KGd-YJ5cDTM.mp4,VALID,,,8
KIoc3qEV7No_1,/home/dipshikha/Music/cao/CISLR_v1.5-a_videos/KIoc3qEV7No_1.mp4,VALID,,,8
KJl7MI-S9ag_1,/home/dipshikha/Music/cao/CISLR_v1.5-a_videos/KJl7MI-S9ag_1.mp4,VALID,,,8
KKOqbdFgAgo,/home/dipshikha/Music/cao/CISLR_v1.5-a_videos/KKOqbdFgAgo.mp4,VALID,,,8
KKPPaj3WuIM_1,/home/dipshikha/Music/cao/CISLR_v1.5-a_videos/KKPPaj3WuIM_1.mp4,VALID,,,8
KKXbxgBsRoQ_1,/home/dipshikha/Music/cao/CISLR_v1.5-a_videos/KKXbxgBsRoQ_1.mp4,VALID,,,8
KKfE1JlLal8_1,/home/dipshikha/Music/cao/CISLR_v1.5-a_videos/KKfE1JlLal8_1.mp4,VALID,,,8
KLWmJJC8WvA,/home/dipshikha/Music/cao/CISLR_v1.5-a_videos/KLWmJJC8WvA.mp4,VALID,,,8
KMAl51jbqD8_1,/home/dipshikha/Music/cao/CISLR_v1.5-a_videos/KMAl51jbqD8_1.mp4,VALID,,,8
KN6wMRGjxGk,/home/dipshikha/Music/cao/CISLR_v1.5-a_videos/KN6wMRGjxGk.mp4,VALID,,,8
KNYxG5Owm6Y_1,/home/dipshikha/Music/cao/CISLR_v1.5-a_videos/KNYxG5Owm6Y_1.mp4,VALID,,,8
KNZbdGWxDfw,/home/dipshikha/Music/cao/CISLR_v1.5-a_videos/KNZbdGWxDfw.mp4,VALID,,,8
KNepaNAPVHM,/home/dipshikha/Music/cao/CISLR_v1.5-a_videos/KNepaNAPVHM.mp4,VALID,,,8
KNshT57aEW8_1,/home/dipshikha/Music/cao/CISLR_v1.5-a_videos/KNshT57aEW8_1.mp4,VALID,,,8
KO4tS6VabH0_1,/home/dipshikha/Music/cao/CISLR_v1.5-a_videos/KO4tS6VabH0_1.mp4,VALID,,,8
KOn9NUTFkp8_1,/home/dipshikha/Music/cao/CISLR_v1.5-a_videos/KOn9NUTFkp8_1.mp4,VALID,,,8
KRiQ8XKAhxY_1,/home/dipshikha/Music/cao/CISLR_v1.5-a_videos/KRiQ8XKAhxY_1.mp4,VALID,,,8
KRnfvBZ_V14,/home/dipshikha/Music/cao/CISLR_v1.5-a_videos/KRnfvBZ_V14.mp4,VALID,,,8
KT6xge7oPak_2,/home/dipshikha/Music/cao/CISLR_v1.5-a_videos/KT6xge7oPak_2.mp4,INVALID,frame_decode_failed,152,8
KTCV2tyighk_1,/home/dipshikha/Music/cao/CISLR_v1.5-a_videos/KTCV2tyighk_1.mp4,VALID,,,8
KTNP8wR6a_I,/home/dipshikha/Music/cao/CISLR_v1.5-a_videos/KTNP8wR6a_I.mp4,VALID,,,8
KU3jXLCl5ng,/home/dipshikha/Music/cao/CISLR_v1.5-a_videos/KU3jXLCl5ng.mp4,VALID,,,8
KVhmMplAyTE_1,/home/dipshikha/Music/cao/CISLR_v1.5-a_videos/KVhmMplAyTE_1.mp4,VALID,,,8
KVnMqcijBkQ_1,/home/dipshikha/Music/cao/CISLR_v1.5-a_videos/KVnMqcijBkQ_1.mp4,VALID,,,8
KXNl6DtK84A,/home/dipshikha/Music/cao/CISLR_v1.5-a_videos/KXNl6DtK84A.mp4,VALID,,,8
KYWyFwglnCE,/home/dipshikha/Music/cao/CISLR_v1.5-a_videos/KYWyFwglnCE.mp4,VALID,,,8
KYknqu3Sq8o,/home/dipshikha/Music/cao/CISLR_v1.5-a_videos/KYknqu3Sq8o.mp4,VALID,,,8
KYqKLRfxPQs_1,/home/dipshikha/Music/cao/CISLR_v1.5-a_videos/KYqKLRfxPQs_1.mp4,VALID,,,8
KZkI_RcaNjI_1,/home/dipshikha/Music/cao/CISLR_v1.5-a_videos/KZkI_RcaNjI_1.mp4,VALID,,,8
K_lfla-AAV4,/home/dipshikha/Music/cao/CISLR_v1.5-a_videos/K_lfla-AAV4.mp4,VALID,,,8
KbF95Py-dZI,/home/dipshikha/Music/cao/CISLR_v1.5-a_videos/KbF95Py-dZI.mp4,VALID,,,8
KcJguZ4bFWU_1,/home/dipshikha/Music/cao/CISLR_v1.5-a_videos/KcJguZ4bFWU_1.mp4,VALID,,,8
KcNbuobK5GI,/home/dipshikha/Music/cao/CISLR_v1.5-a_videos/KcNbuobK5GI.mp4,VALID,,,8
KcxcXM11Lmo,/home/dipshikha/Music/cao/CISLR_v1.5-a_videos/KcxcXM11Lmo.mp4,VALID,,,8
KeXpYtzYCGo_2,/home/dipshikha/Music/cao/CISLR_v1.5-a_videos/KeXpYtzYCGo_2.mp4,INVALID,frame_decode_failed,92,8
KfY5FcxSBFk_2,/home/dipshikha/Music/cao/CISLR_v1.5-a_videos/KfY5FcxSBFk_2.mp4,INVALID,frame_decode_failed,102,8
KfqRU_5sing,/home/dipshikha/Music/cao/CISLR_v1.5-a_videos/KfqRU_5sing.mp4,VALID,,,8
Kh30NOSJmBc,/home/dipshikha/Music/cao/CISLR_v1.5-a_videos/Kh30NOSJmBc.mp4,VALID,,,8
KhHs-1AePDw,/home/dipshikha/Music/cao/CISLR_v1.5-a_videos/KhHs-1AePDw.mp4,VALID,,,8
KicAz88jtLU_1,/home/dipshikha/Music/cao/CISLR_v1.5-a_videos/KicAz88jtLU_1.mp4,VALID,,,8
KicV8fyFj2U_2,/home/dipshikha/Music/cao/CISLR_v1.5-a_videos/KicV8fyFj2U_2.mp4,VALID,,,8
KkLXMOjfW1M_1,/home/dipshikha/Music/cao/CISLR_v1.5-a_videos/KkLXMOjfW1M_1.mp4,VALID,,,8
KlLTWfYX95g,/home/dipshikha/Music/cao/CISLR_v1.5-a_videos/KlLTWfYX95g.mp4,VALID,,,8
Km1_9ZLW-w0,/home/dipshikha/Music/cao/CISLR_v1.5-a_videos/Km1_9ZLW-w0.mp4,VALID,,,8
Km4I-9zMWD4,/home/dipshikha/Music/cao/CISLR_v1.5-a_videos/Km4I-9zMWD4.mp4,VALID,,,8
KmAO72itjok_1,/home/dipshikha/Music/cao/CISLR_v1.5-a_videos/KmAO72itjok_1.mp4,VALID,,,8
KnE_y9wziOc,/home/dipshikha/Music/cao/CISLR_v1.5-a_videos/KnE_y9wziOc.mp4,VALID,,,8
Ko2hEXvMWB4_1,/home/dipshikha/Music/cao/CISLR_v1.5-a_videos/Ko2hEXvMWB4_1.mp4,VALID,,,8
KoMeOserJ2M,/home/dipshikha/Music/cao/CISLR_v1.5-a_videos/KoMeOserJ2M.mp4,VALID,,,8
KoixXkIyiUM_2,/home/dipshikha/Music/cao/CISLR_v1.5-a_videos/KoixXkIyiUM_2.mp4,INVALID,frame_decode_failed,94,8
KotGJithHPs,/home/dipshikha/Music/cao/CISLR_v1.5-a_videos/KotGJithHPs.mp4,VALID,,,8
Ks0qQY_4_zo_1,/home/dipshikha/Music/cao/CISLR_v1.5-a_videos/Ks0qQY_4_zo_1.mp4,VALID,,,8
KsNrhfiqWHc,/home/dipshikha/Music/cao/CISLR_v1.5-a_videos/KsNrhfiqWHc.mp4,VALID,,,8
KsbMoTA5Rvk,/home/dipshikha/Music/cao/CISLR_v1.5-a_videos/KsbMoTA5Rvk.mp4,VALID,,,8
Ksqo7pUZGnM_1,/home/dipshikha/Music/cao/CISLR_v1.5-a_videos/Ksqo7pUZGnM_1.mp4,VALID,,,8
Kt4-ijSTM58,/home/dipshikha/Music/cao/CISLR_v1.5-a_videos/Kt4-ijSTM58.mp4,VALID,,,8
Ku52vuQCoak_2,/home/dipshikha/Music/cao/CISLR_v1.5-a_videos/Ku52vuQCoak_2.mp4,VALID,,,8
KuG1qosmz1w,/home/dipshikha/Music/cao/CISLR_v1.5-a_videos/KuG1qosmz1w.mp4,VALID,,,8
KuwgdEpM9Bw_1,/home/dipshikha/Music/cao/CISLR_v1.5-a_videos/KuwgdEpM9Bw_1.mp4,VALID,,,8
Kx46yWsDfrU,/home/dipshikha/Music/cao/CISLR_v1.5-a_videos/Kx46yWsDfrU.mp4,VALID,,,8
Ky8LfzgWGDU,/home/dipshikha/Music/cao/CISLR_v1.5-a_videos/Ky8LfzgWGDU.mp4,VALID,,,8
KzcNcvmdfUc_1,/home/dipshikha/Music/cao/CISLR_v1.5-a_videos/KzcNcvmdfUc_1.mp4,VALID,,,8
L0C9pyt3Iv0_1,/home/dipshikha/Music/cao/CISLR_v1.5-a_videos/L0C9pyt3Iv0_1.mp4,VALID,,,8
L0J8OikrRXQ_1,/home/dipshikha/Music/cao/CISLR_v1.5-a_videos/L0J8OikrRXQ_1.mp4,VALID,,,8
L0dm0QB0XNc_1,/home/dipshikha/Music/cao/CISLR_v1.5-a_videos/L0dm0QB0XNc_1.mp4,VALID,,,8
L1n0OnAH5YU,/home/dipshikha/Music/cao/CISLR_v1.5-a_videos/L1n0OnAH5YU.mp4,VALID,,,8
L2Kvwf8SEvE,/home/dipshikha/Music/cao/CISLR_v1.5-a_videos/L2Kvwf8SEvE.mp4,VALID,,,8
L2skBcrtvU4_1,/home/dipshikha/Music/cao/CISLR_v1.5-a_videos/L2skBcrtvU4_1.mp4,VALID,,,8
L37McuHckSI,/home/dipshikha/Music/cao/CISLR_v1.5-a_videos/L37McuHckSI.mp4,VALID,,,8
L3YJkEmPbaY_1,/home/dipshikha/Music/cao/CISLR_v1.5-a_videos/L3YJkEmPbaY_1.mp4,VALID,,,8
L4iyGvSJbBU,/home/dipshikha/Music/cao/CISLR_v1.5-a_videos/L4iyGvSJbBU.mp4,VALID,,,8
L4q4_7OOznw,/home/dipshikha/Music/cao/CISLR_v1.5-a_videos/L4q4_7OOznw.mp4,VALID,,,8
L5LPezmVNTY,/home/dipshikha/Music/cao/CISLR_v1.5-a_videos/L5LPezmVNTY.mp4,VALID,,,8
L6opOP8-MB4_1,/home/dipshikha/Music/cao/CISLR_v1.5-a_videos/L6opOP8-MB4_1.mp4,VALID,,,8
L77Jvnk92gI,/home/dipshikha/Music/cao/CISLR_v1.5-a_videos/L77Jvnk92gI.mp4,VALID,,,8
L8RxN_IwuxU,/home/dipshikha/Music/cao/CISLR_v1.5-a_videos/L8RxN_IwuxU.mp4,VALID,,,8
L8btjcJoJMQ_1,/home/dipshikha/Music/cao/CISLR_v1.5-a_videos/L8btjcJoJMQ_1.mp4,VALID,,,8
L9tJKkCTWfs_1,/home/dipshikha/Music/cao/CISLR_v1.5-a_videos/L9tJKkCTWfs_1.mp4,VALID,,,8
L9zst1EDfWQ,/home/dipshikha/Music/cao/CISLR_v1.5-a_videos/L9zst1EDfWQ.mp4,VALID,,,8
LAMyZKIAF9c,/home/dipshikha/Music/cao/CISLR_v1.5-a_videos/LAMyZKIAF9c.mp4,VALID,,,8
LAT-u9Ww5ZU,/home/dipshikha/Music/cao/CISLR_v1.5-a_videos/LAT-u9Ww5ZU.mp4,VALID,,,8
LAxFz0h8jVA,/home/dipshikha/Music/cao/CISLR_v1.5-a_videos/LAxFz0h8jVA.mp4,VALID,,,8
LBDJe5RV0Is_2,/home/dipshikha/Music/cao/CISLR_v1.5-a_videos/LBDJe5RV0Is_2.mp4,INVALID,frame_decode_failed,137,8
LBHkQz5_AX8_1,/home/dipshikha/Music/cao/CISLR_v1.5-a_videos/LBHkQz5_AX8_1.mp4,VALID,,,8
LCM-nxFhJA8,/home/dipshikha/Music/cao/CISLR_v1.5-a_videos/LCM-nxFhJA8.mp4,VALID,,,8
LCT8D8alG48_1,/home/dipshikha/Music/cao/CISLR_v1.5-a_videos/LCT8D8alG48_1.mp4,VALID,,,8
LEU5wPrJOEE_2,/home/dipshikha/Music/cao/CISLR_v1.5-a_videos/LEU5wPrJOEE_2.mp4,INVALID,frame_decode_failed,104,8
LEkQofDsLww_1,/home/dipshikha/Music/cao/CISLR_v1.5-a_videos/LEkQofDsLww_1.mp4,VALID,,,8
LEqwMyWAVG0_1,/home/dipshikha/Music/cao/CISLR_v1.5-a_videos/LEqwMyWAVG0_1.mp4,VALID,,,8
LFAMKxEzB_g,/home/dipshikha/Music/cao/CISLR_v1.5-a_videos/LFAMKxEzB_g.mp4,VALID,,,8
LFzg2ex5OPs_2,/home/dipshikha/Music/cao/CISLR_v1.5-a_videos/LFzg2ex5OPs_2.mp4,INVALID,frame_decode_failed,96,8
LG9lvVHK-xA,/home/dipshikha/Music/cao/CISLR_v1.5-a_videos/LG9lvVHK-xA.mp4,VALID,,,8
LGWGD0eoxFg,/home/dipshikha/Music/cao/CISLR_v1.5-a_videos/LGWGD0eoxFg.mp4,VALID,,,8
LH_-eRo-vYw,/home/dipshikha/Music/cao/CISLR_v1.5-a_videos/LH_-eRo-vYw.mp4,VALID,,,8
LIZdSKzcc7c_2,/home/dipshikha/Music/cao/CISLR_v1.5-a_videos/LIZdSKzcc7c_2.mp4,INVALID,frame_decode_failed,92,8
LJDiOMjjmgQ_1,/home/dipshikha/Music/cao/CISLR_v1.5-a_videos/LJDiOMjjmgQ_1.mp4,VALID,,,8
LLZBIVJyAW8_1,/home/dipshikha/Music/cao/CISLR_v1.5-a_videos/LLZBIVJyAW8_1.mp4,VALID,,,8
LMiCwHGzWWY,/home/dipshikha/Music/cao/CISLR_v1.5-a_videos/LMiCwHGzWWY.mp4,VALID,,,8
LNGTLVpK9pY,/home/dipshikha/Music/cao/CISLR_v1.5-a_videos/LNGTLVpK9pY.mp4,VALID,,,8
LNVUK4DX5GA,/home/dipshikha/Music/cao/CISLR_v1.5-a_videos/LNVUK4DX5GA.mp4,VALID,,,8
LNeQmfpFxKw,/home/dipshikha/Music/cao/CISLR_v1.5-a_videos/LNeQmfpFxKw.mp4,VALID,,,8
LOHFGeu_YVo_1,/home/dipshikha/Music/cao/CISLR_v1.5-a_videos/LOHFGeu_YVo_1.mp4,VALID,,,8
LOJcAGPKq50,/home/dipshikha/Music/cao/CISLR_v1.5-a_videos/LOJcAGPKq50.mp4,VALID,,,8
LPASkvwrEhg_1,/home/dipshikha/Music/cao/CISLR_v1.5-a_videos/LPASkvwrEhg_1.mp4,VALID,,,8
LRgu4y1wgyM_1,/home/dipshikha/Music/cao/CISLR_v1.5-a_videos/LRgu4y1wgyM_1.mp4,VALID,,,8
LUZ-fo_p2eM,/home/dipshikha/Music/cao/CISLR_v1.5-a_videos/LUZ-fo_p2eM.mp4,VALID,,,8
LUwTvq8IlG8_1,/home/dipshikha/Music/cao/CISLR_v1.5-a_videos/LUwTvq8IlG8_1.mp4,VALID,,,8
LVelMSPoeIk_2,/home/dipshikha/Music/cao/CISLR_v1.5-a_videos/LVelMSPoeIk_2.mp4,INVALID,frame_decode_failed,161,8
LVoWdSuY_DA,/home/dipshikha/Music/cao/CISLR_v1.5-a_videos/LVoWdSuY_DA.mp4,VALID,,,8
LVqnqzIAFGg,/home/dipshikha/Music/cao/CISLR_v1.5-a_videos/LVqnqzIAFGg.mp4,VALID,,,8
LVx3EA_f0yo_1,/home/dipshikha/Music/cao/CISLR_v1.5-a_videos/LVx3EA_f0yo_1.mp4,VALID,,,8
LWiXmjFqjIU_1,/home/dipshikha/Music/cao/CISLR_v1.5-a_videos/LWiXmjFqjIU_1.mp4,VALID,,,8
LY35ZmX5ZKA_1,/home/dipshikha/Music/cao/CISLR_v1.5-a_videos/LY35ZmX5ZKA_1.mp4,VALID,,,8
LY6maLw5JZg,/home/dipshikha/Music/cao/CISLR_v1.5-a_videos/LY6maLw5JZg.mp4,VALID,,,8
LYaC4yU2_AE,/home/dipshikha/Music/cao/CISLR_v1.5-a_videos/LYaC4yU2_AE.mp4,VALID,,,8
LYrq1Zc046M_2,/home/dipshikha/Music/cao/CISLR_v1.5-a_videos/LYrq1Zc046M_2.mp4,INVALID,frame_decode_failed,101,8
LZXA3I9E1gM,/home/dipshikha/Music/cao/CISLR_v1.5-a_videos/LZXA3I9E1gM.mp4,VALID,,,8
LZheGIIbAGs_2,/home/dipshikha/Music/cao/CISLR_v1.5-a_videos/LZheGIIbAGs_2.mp4,VALID,,,8
LZreqlssnWQ_1,/home/dipshikha/Music/cao/CISLR_v1.5-a_videos/LZreqlssnWQ_1.mp4,VALID,,,8
LbxSV8unB9M_1,/home/dipshikha/Music/cao/CISLR_v1.5-a_videos/LbxSV8unB9M_1.mp4,VALID,,,8
Ld9qDys95es,/home/dipshikha/Music/cao/CISLR_v1.5-a_videos/Ld9qDys95es.mp4,VALID,,,8
LdEwOck6U_w_2,/home/dipshikha/Music/cao/CISLR_v1.5-a_videos/LdEwOck6U_w_2.mp4,INVALID,frame_decode_failed,89,8
LdYbstdYCR8,/home/dipshikha/Music/cao/CISLR_v1.5-a_videos/LdYbstdYCR8.mp4,VALID,,,8
LdhMy2tqQB4_2,/home/dipshikha/Music/cao/CISLR_v1.5-a_videos/LdhMy2tqQB4_2.mp4,VALID,,,8
LeIkWWTH__A_1,/home/dipshikha/Music/cao/CISLR_v1.5-a_videos/LeIkWWTH__A_1.mp4,VALID,,,8
LeRzzzBBsmU,/home/dipshikha/Music/cao/CISLR_v1.5-a_videos/LeRzzzBBsmU.mp4,VALID,,,8
LfNnApnUb0k,/home/dipshikha/Music/cao/CISLR_v1.5-a_videos/LfNnApnUb0k.mp4,VALID,,,8
LfYldiPt7Uw_1,/home/dipshikha/Music/cao/CISLR_v1.5-a_videos/LfYldiPt7Uw_1.mp4,VALID,,,8
Lh8YfU2MNWc_1,/home/dipshikha/Music/cao/CISLR_v1.5-a_videos/Lh8YfU2MNWc_1.mp4,VALID,,,8
LiMHHFhjutc,/home/dipshikha/Music/cao/CISLR_v1.5-a_videos/LiMHHFhjutc.mp4,VALID,,,8
LipF082b75I,/home/dipshikha/Music/cao/CISLR_v1.5-a_videos/LipF082b75I.mp4,VALID,,,8
Lj9L7fUElLE,/home/dipshikha/Music/cao/CISLR_v1.5-a_videos/Lj9L7fUElLE.mp4,VALID,,,8
LjxomDXWlSU_1,/home/dipshikha/Music/cao/CISLR_v1.5-a_videos/LjxomDXWlSU_1.mp4,VALID,,,8
LkAdSi8XMnA_1,/home/dipshikha/Music/cao/CISLR_v1.5-a_videos/LkAdSi8XMnA_1.mp4,VALID,,,8
Ll1sRFunlD8,/home/dipshikha/Music/cao/CISLR_v1.5-a_videos/Ll1sRFunlD8.mp4,VALID,,,8
LlpSiou4X7w,/home/dipshikha/Music/cao/CISLR_v1.5-a_videos/LlpSiou4X7w.mp4,VALID,,,8
LoDs7v25rTw,/home/dipshikha/Music/cao/CISLR_v1.5-a_videos/LoDs7v25rTw.mp4,VALID,,,8
LpK4vi7gyoU,/home/dipshikha/Music/cao/CISLR_v1.5-a_videos/LpK4vi7gyoU.mp4,VALID,,,8
Lq13Nl5Ps58,/home/dipshikha/Music/cao/CISLR_v1.5-a_videos/Lq13Nl5Ps58.mp4,VALID,,,8
Lr1RBzRU5IY,/home/dipshikha/Music/cao/CISLR_v1.5-a_videos/Lr1RBzRU5IY.mp4,VALID,,,8
LtKLGzkfK7k,/home/dipshikha/Music/cao/CISLR_v1.5-a_videos/LtKLGzkfK7k.mp4,VALID,,,8
Lu_R01JQky8_1,/home/dipshikha/Music/cao/CISLR_v1.5-a_videos/Lu_R01JQky8_1.mp4,VALID,,,8
LyZNz7OHiBc,/home/dipshikha/Music/cao/CISLR_v1.5-a_videos/LyZNz7OHiBc.mp4,VALID,,,8
LzD3My7FOzI,/home/dipshikha/Music/cao/CISLR_v1.5-a_videos/LzD3My7FOzI.mp4,VALID,,,8
M-0j7OCBolw_1,/home/dipshikha/Music/cao/CISLR_v1.5-a_videos/M-0j7OCBolw_1.mp4,VALID,,,8
M-aaJfrtvaA,/home/dipshikha/Music/cao/CISLR_v1.5-a_videos/M-aaJfrtvaA.mp4,VALID,,,8
M-sKe4o73uE,/home/dipshikha/Music/cao/CISLR_v1.5-a_videos/M-sKe4o73uE.mp4,VALID,,,8
M0bcUWG8vrg,/home/dipshikha/Music/cao/CISLR_v1.5-a_videos/M0bcUWG8vrg.mp4,VALID,,,8
M1qOXnG0A6s,/home/dipshikha/Music/cao/CISLR_v1.5-a_videos/M1qOXnG0A6s.mp4,VALID,,,8
M4-wk97gffk_1,/home/dipshikha/Music/cao/CISLR_v1.5-a_videos/M4-wk97gffk_1.mp4,VALID,,,8
M7-RJmu46Fs_1,/home/dipshikha/Music/cao/CISLR_v1.5-a_videos/M7-RJmu46Fs_1.mp4,VALID,,,8
M7fd9b-5J64_1,/home/dipshikha/Music/cao/CISLR_v1.5-a_videos/M7fd9b-5J64_1.mp4,VALID,,,8
M9dzu-DC9Yg,/home/dipshikha/Music/cao/CISLR_v1.5-a_videos/M9dzu-DC9Yg.mp4,VALID,,,8
MB7HhOsEvxk,/home/dipshikha/Music/cao/CISLR_v1.5-a_videos/MB7HhOsEvxk.mp4,VALID,,,8
MBJe-opDrVg,/home/dipshikha/Music/cao/CISLR_v1.5-a_videos/MBJe-opDrVg.mp4,VALID,,,8
MBQiG5ZQFQM_1,/home/dipshikha/Music/cao/CISLR_v1.5-a_videos/MBQiG5ZQFQM_1.mp4,VALID,,,8
MDshuUzuAQQ_1,/home/dipshikha/Music/cao/CISLR_v1.5-a_videos/MDshuUzuAQQ_1.mp4,VALID,,,8
MFNsb1cUbDc,/home/dipshikha/Music/cao/CISLR_v1.5-a_videos/MFNsb1cUbDc.mp4,VALID,,,8
MGPdiPWgglk_1,/home/dipshikha/Music/cao/CISLR_v1.5-a_videos/MGPdiPWgglk_1.mp4,VALID,,,8
MGrjrGgjADY,/home/dipshikha/Music/cao/CISLR_v1.5-a_videos/MGrjrGgjADY.mp4,VALID,,,8
MH1cXARmtE0,/home/dipshikha/Music/cao/CISLR_v1.5-a_videos/MH1cXARmtE0.mp4,VALID,,,8
MH7f6cug0zU_1,/home/dipshikha/Music/cao/CISLR_v1.5-a_videos/MH7f6cug0zU_1.mp4,VALID,,,8
MHcb7CiK_IA_1,/home/dipshikha/Music/cao/CISLR_v1.5-a_videos/MHcb7CiK_IA_1.mp4,VALID,,,8
MI2Jae1agR4,/home/dipshikha/Music/cao/CISLR_v1.5-a_videos/MI2Jae1agR4.mp4,VALID,,,8
MIal50cVwM0_1,/home/dipshikha/Music/cao/CISLR_v1.5-a_videos/MIal50cVwM0_1.mp4,VALID,,,8
MJelSVaA5KY_1,/home/dipshikha/Music/cao/CISLR_v1.5-a_videos/MJelSVaA5KY_1.mp4,VALID,,,8
MKSKluySI3E,/home/dipshikha/Music/cao/CISLR_v1.5-a_videos/MKSKluySI3E.mp4,VALID,,,8
MKbBSGnFUPY,/home/dipshikha/Music/cao/CISLR_v1.5-a_videos/MKbBSGnFUPY.mp4,VALID,,,8
MN2qjSNQdMg,/home/dipshikha/Music/cao/CISLR_v1.5-a_videos/MN2qjSNQdMg.mp4,VALID,,,8
MOW2rm7IXxg_1,/home/dipshikha/Music/cao/CISLR_v1.5-a_videos/MOW2rm7IXxg_1.mp4,VALID,,,8
MOu0z-QaJww_1,/home/dipshikha/Music/cao/CISLR_v1.5-a_videos/MOu0z-QaJww_1.mp4,VALID,,,8
MOy1x8EroPs,/home/dipshikha/Music/cao/CISLR_v1.5-a_videos/MOy1x8EroPs.mp4,VALID,,,8
MPCAeXe2E0c,/home/dipshikha/Music/cao/CISLR_v1.5-a_videos/MPCAeXe2E0c.mp4,VALID,,,8
MRcVRxcFrVE,/home/dipshikha/Music/cao/CISLR_v1.5-a_videos/MRcVRxcFrVE.mp4,VALID,,,8
MRf9vcls4eQ,/home/dipshikha/Music/cao/CISLR_v1.5-a_videos/MRf9vcls4eQ.mp4,VALID,,,8
MT8KL4XePl8_1,/home/dipshikha/Music/cao/CISLR_v1.5-a_videos/MT8KL4XePl8_1.mp4,VALID,,,8
MUALhjDPcdE,/home/dipshikha/Music/cao/CISLR_v1.5-a_videos/MUALhjDPcdE.mp4,VALID,,,8
MUWVSQ7vqGE_1,/home/dipshikha/Music/cao/CISLR_v1.5-a_videos/MUWVSQ7vqGE_1.mp4,VALID,,,8
MXNChZEW6yI,/home/dipshikha/Music/cao/CISLR_v1.5-a_videos/MXNChZEW6yI.mp4,VALID,,,8
MY-9YI3Slvg_1,/home/dipshikha/Music/cao/CISLR_v1.5-a_videos/MY-9YI3Slvg_1.mp4,VALID,,,8
MYVwYIX47wQ,/home/dipshikha/Music/cao/CISLR_v1.5-a_videos/MYVwYIX47wQ.mp4,VALID,,,8
MYjYOTXhiZs,/home/dipshikha/Music/cao/CISLR_v1.5-a_videos/MYjYOTXhiZs.mp4,VALID,,,8
MZBRGZovo8A_1,/home/dipshikha/Music/cao/CISLR_v1.5-a_videos/MZBRGZovo8A_1.mp4,VALID,,,8
MZZ52lsCfSw,/home/dipshikha/Music/cao/CISLR_v1.5-a_videos/MZZ52lsCfSw.mp4,VALID,,,8
MZsQzU7tOfs,/home/dipshikha/Music/cao/CISLR_v1.5-a_videos/MZsQzU7tOfs.mp4,VALID,,,8
MbKRtuwkHPM,/home/dipshikha/Music/cao/CISLR_v1.5-a_videos/MbKRtuwkHPM.mp4,VALID,,,8
MbUT3Kfq4Dc_1,/home/dipshikha/Music/cao/CISLR_v1.5-a_videos/MbUT3Kfq4Dc_1.mp4,VALID,,,8
Mbu8042cTuA_1,/home/dipshikha/Music/cao/CISLR_v1.5-a_videos/Mbu8042cTuA_1.mp4,VALID,,,8
McHijMoln7U,/home/dipshikha/Music/cao/CISLR_v1.5-a_videos/McHijMoln7U.mp4,VALID,,,8
MeKJPAuFOgk_1,/home/dipshikha/Music/cao/CISLR_v1.5-a_videos/MeKJPAuFOgk_1.mp4,VALID,,,8
MeoJV0K0uTg_1,/home/dipshikha/Music/cao/CISLR_v1.5-a_videos/MeoJV0K0uTg_1.mp4,VALID,,,8
MflJey4lrQk,/home/dipshikha/Music/cao/CISLR_v1.5-a_videos/MflJey4lrQk.mp4,VALID,,,8
MhHOduyqKv4,/home/dipshikha/Music/cao/CISLR_v1.5-a_videos/MhHOduyqKv4.mp4,VALID,,,8
MhZrm3H1aBE,/home/dipshikha/Music/cao/CISLR_v1.5-a_videos/MhZrm3H1aBE.mp4,VALID,,,8
Mhwfin8V4sQ_1,/home/dipshikha/Music/cao/CISLR_v1.5-a_videos/Mhwfin8V4sQ_1.mp4,VALID,,,8
MiGluii6UII,/home/dipshikha/Music/cao/CISLR_v1.5-a_videos/MiGluii6UII.mp4,VALID,,,8
Miw0xZr0diU,/home/dipshikha/Music/cao/CISLR_v1.5-a_videos/Miw0xZr0diU.mp4,VALID,,,8
MjRPq3GCSZk,/home/dipshikha/Music/cao/CISLR_v1.5-a_videos/MjRPq3GCSZk.mp4,VALID,,,8
MlfKy5CzqVg_1,/home/dipshikha/Music/cao/CISLR_v1.5-a_videos/MlfKy5CzqVg_1.mp4,VALID,,,8
MmeNMGTN-aY_1,/home/dipshikha/Music/cao/CISLR_v1.5-a_videos/MmeNMGTN-aY_1.mp4,VALID,,,8
MmrdlTXfNco,/home/dipshikha/Music/cao/CISLR_v1.5-a_videos/MmrdlTXfNco.mp4,VALID,,,8
MnSaW7AFr1w_1,/home/dipshikha/Music/cao/CISLR_v1.5-a_videos/MnSaW7AFr1w_1.mp4,VALID,,,8
Moi8EgQo6rE_2,/home/dipshikha/Music/cao/CISLR_v1.5-a_videos/Moi8EgQo6rE_2.mp4,INVALID,frame_decode_failed,116,8
Mq8cmp7QjOY,/home/dipshikha/Music/cao/CISLR_v1.5-a_videos/Mq8cmp7QjOY.mp4,VALID,,,8
Mqa0sDOMArQ,/home/dipshikha/Music/cao/CISLR_v1.5-a_videos/Mqa0sDOMArQ.mp4,VALID,,,8
Mr30rM7vf4Q,/home/dipshikha/Music/cao/CISLR_v1.5-a_videos/Mr30rM7vf4Q.mp4,VALID,,,8
MrP80GmJveQ_2,/home/dipshikha/Music/cao/CISLR_v1.5-a_videos/MrP80GmJveQ_2.mp4,INVALID,frame_decode_failed,98,8
MsWnmwlUBik_2,/home/dipshikha/Music/cao/CISLR_v1.5-a_videos/MsWnmwlUBik_2.mp4,VALID,,,8
MsxYYS8q9Hw_1,/home/dipshikha/Music/cao/CISLR_v1.5-a_videos/MsxYYS8q9Hw_1.mp4,VALID,,,8
Mtm4Xg52b9c_1,/home/dipshikha/Music/cao/CISLR_v1.5-a_videos/Mtm4Xg52b9c_1.mp4,VALID,,,8
MtnBSpuX1IA,/home/dipshikha/Music/cao/CISLR_v1.5-a_videos/MtnBSpuX1IA.mp4,VALID,,,8
MtnXC9CWB6I_1,/home/dipshikha/Music/cao/CISLR_v1.5-a_videos/MtnXC9CWB6I_1.mp4,VALID,,,8
MwHD6LxnfXo,/home/dipshikha/Music/cao/CISLR_v1.5-a_videos/MwHD6LxnfXo.mp4,VALID,,,8
Mx_mNhBhWx0,/home/dipshikha/Music/cao/CISLR_v1.5-a_videos/Mx_mNhBhWx0.mp4,VALID,,,8
My4hzshl_RY_1,/home/dipshikha/Music/cao/CISLR_v1.5-a_videos/My4hzshl_RY_1.mp4,VALID,,,8
MyFCxLg44HY_2,/home/dipshikha/Music/cao/CISLR_v1.5-a_videos/MyFCxLg44HY_2.mp4,INVALID,frame_decode_failed,96,8
MzwOHZTi4OU,/home/dipshikha/Music/cao/CISLR_v1.5-a_videos/MzwOHZTi4OU.mp4,VALID,,,8
N0-cIcGCH3A,/home/dipshikha/Music/cao/CISLR_v1.5-a_videos/N0-cIcGCH3A.mp4,VALID,,,8
N05i2V0_8kI,/home/dipshikha/Music/cao/CISLR_v1.5-a_videos/N05i2V0_8kI.mp4,VALID,,,8
N0HOc0gJyRs_1,/home/dipshikha/Music/cao/CISLR_v1.5-a_videos/N0HOc0gJyRs_1.mp4,VALID,,,8
N0QNiLrVGl4,/home/dipshikha/Music/cao/CISLR_v1.5-a_videos/N0QNiLrVGl4.mp4,VALID,,,8
N0lQZi87koY,/home/dipshikha/Music/cao/CISLR_v1.5-a_videos/N0lQZi87koY.mp4,VALID,,,8
N13nVxyNA2Q,/home/dipshikha/Music/cao/CISLR_v1.5-a_videos/N13nVxyNA2Q.mp4,VALID,,,8
N1J4iPzvFDY_2,/home/dipshikha/Music/cao/CISLR_v1.5-a_videos/N1J4iPzvFDY_2.mp4,INVALID,frame_decode_failed,115,8
N1sRspbhlk8_2,/home/dipshikha/Music/cao/CISLR_v1.5-a_videos/N1sRspbhlk8_2.mp4,INVALID,frame_decode_failed,149,8
N2GsWA1smG8,/home/dipshikha/Music/cao/CISLR_v1.5-a_videos/N2GsWA1smG8.mp4,VALID,,,8
N4a_K3p9KG8,/home/dipshikha/Music/cao/CISLR_v1.5-a_videos/N4a_K3p9KG8.mp4,VALID,,,8
N4rsVFJsb1Y_1,/home/dipshikha/Music/cao/CISLR_v1.5-a_videos/N4rsVFJsb1Y_1.mp4,VALID,,,8
N53qGezr7MU,/home/dipshikha/Music/cao/CISLR_v1.5-a_videos/N53qGezr7MU.mp4,VALID,,,8
N62iv94HI18,/home/dipshikha/Music/cao/CISLR_v1.5-a_videos/N62iv94HI18.mp4,VALID,,,8
N6DxyKcaZVs,/home/dipshikha/Music/cao/CISLR_v1.5-a_videos/N6DxyKcaZVs.mp4,VALID,,,8
N6zCu36_1xI_2,/home/dipshikha/Music/cao/CISLR_v1.5-a_videos/N6zCu36_1xI_2.mp4,INVALID,frame_decode_failed,84,8
N7q37KQfzhk_1,/home/dipshikha/Music/cao/CISLR_v1.5-a_videos/N7q37KQfzhk_1.mp4,VALID,,,8
NA5iMrff4Cs,/home/dipshikha/Music/cao/CISLR_v1.5-a_videos/NA5iMrff4Cs.mp4,VALID,,,8
NAkU6Uj85R8,/home/dipshikha/Music/cao/CISLR_v1.5-a_videos/NAkU6Uj85R8.mp4,VALID,,,8
ND1WM_XYP4Q,/home/dipshikha/Music/cao/CISLR_v1.5-a_videos/ND1WM_XYP4Q.mp4,VALID,,,8
ND4_C6fI-BU,/home/dipshikha/Music/cao/CISLR_v1.5-a_videos/ND4_C6fI-BU.mp4,VALID,,,8
NFHHa94P-k8,/home/dipshikha/Music/cao/CISLR_v1.5-a_videos/NFHHa94P-k8.mp4,VALID,,,8
NFnBaFx_SWI,/home/dipshikha/Music/cao/CISLR_v1.5-a_videos/NFnBaFx_SWI.mp4,VALID,,,8
NGJkhj4AWbA_1,/home/dipshikha/Music/cao/CISLR_v1.5-a_videos/NGJkhj4AWbA_1.mp4,VALID,,,8
NGRn28khiEY,/home/dipshikha/Music/cao/CISLR_v1.5-a_videos/NGRn28khiEY.mp4,VALID,,,8
NJWphYVdS5I_1,/home/dipshikha/Music/cao/CISLR_v1.5-a_videos/NJWphYVdS5I_1.mp4,VALID,,,8
NJuhUVHvXi4_2,/home/dipshikha/Music/cao/CISLR_v1.5-a_videos/NJuhUVHvXi4_2.mp4,INVALID,frame_decode_failed,87,8
NLEkfw25jWU_2,/home/dipshikha/Music/cao/CISLR_v1.5-a_videos/NLEkfw25jWU_2.mp4,INVALID,frame_decode_failed,113,8
NLlTJ8yeeYM_1,/home/dipshikha/Music/cao/CISLR_v1.5-a_videos/NLlTJ8yeeYM_1.mp4,VALID,,,8
NMnARovUYLw_1,/home/dipshikha/Music/cao/CISLR_v1.5-a_videos/NMnARovUYLw_1.mp4,VALID,,,8
NMwrtYskaeU,/home/dipshikha/Music/cao/CISLR_v1.5-a_videos/NMwrtYskaeU.mp4,VALID,,,8
NNiFl_dTBk0_1,/home/dipshikha/Music/cao/CISLR_v1.5-a_videos/NNiFl_dTBk0_1.mp4,VALID,,,8
NQ7Gnl9nRuY,/home/dipshikha/Music/cao/CISLR_v1.5-a_videos/NQ7Gnl9nRuY.mp4,VALID,,,8
NQTfv_uhpfg,/home/dipshikha/Music/cao/CISLR_v1.5-a_videos/NQTfv_uhpfg.mp4,VALID,,,8
NS7WrHCEPVk_1,/home/dipshikha/Music/cao/CISLR_v1.5-a_videos/NS7WrHCEPVk_1.mp4,VALID,,,8
NSM4xH0MhHY,/home/dipshikha/Music/cao/CISLR_v1.5-a_videos/NSM4xH0MhHY.mp4,VALID,,,8
NT-LpmJHMcw,/home/dipshikha/Music/cao/CISLR_v1.5-a_videos/NT-LpmJHMcw.mp4,VALID,,,8
NTNbTr_PLqU_1,/home/dipshikha/Music/cao/CISLR_v1.5-a_videos/NTNbTr_PLqU_1.mp4,VALID,,,8
NUn7Lyw4H9U,/home/dipshikha/Music/cao/CISLR_v1.5-a_videos/NUn7Lyw4H9U.mp4,VALID,,,8
NVNirvNgU9g,/home/dipshikha/Music/cao/CISLR_v1.5-a_videos/NVNirvNgU9g.mp4,VALID,,,8
NW-BP9pf4JI_1,/home/dipshikha/Music/cao/CISLR_v1.5-a_videos/NW-BP9pf4JI_1.mp4,VALID,,,8
NXjRJs0Wxkg,/home/dipshikha/Music/cao/CISLR_v1.5-a_videos/NXjRJs0Wxkg.mp4,VALID,,,8
NY2fpEI5uDY_1,/home/dipshikha/Music/cao/CISLR_v1.5-a_videos/NY2fpEI5uDY_1.mp4,VALID,,,8
NY7NZeZ-ufw,/home/dipshikha/Music/cao/CISLR_v1.5-a_videos/NY7NZeZ-ufw.mp4,VALID,,,8
NYWcVvZIlwY_2,/home/dipshikha/Music/cao/CISLR_v1.5-a_videos/NYWcVvZIlwY_2.mp4,INVALID,frame_decode_failed,104,8
NYbiMxMfp3A,/home/dipshikha/Music/cao/CISLR_v1.5-a_videos/NYbiMxMfp3A.mp4,VALID,,,8
NZ3PZzNJ2hs_1,/home/dipshikha/Music/cao/CISLR_v1.5-a_videos/NZ3PZzNJ2hs_1.mp4,VALID,,,8
NZXhDTubUiI,/home/dipshikha/Music/cao/CISLR_v1.5-a_videos/NZXhDTubUiI.mp4,VALID,,,8
NZZkWB8jtls_2,/home/dipshikha/Music/cao/CISLR_v1.5-a_videos/NZZkWB8jtls_2.mp4,INVALID,frame_decode_failed,99,8
NZn29gNlDio,/home/dipshikha/Music/cao/CISLR_v1.5-a_videos/NZn29gNlDio.mp4,VALID,,,8
NZoSVSZeP7s_1,/home/dipshikha/Music/cao/CISLR_v1.5-a_videos/NZoSVSZeP7s_1.mp4,VALID,,,8
NZwNyVXvpTo_1,/home/dipshikha/Music/cao/CISLR_v1.5-a_videos/NZwNyVXvpTo_1.mp4,VALID,,,8
NaiHTSSvCuE_2,/home/dipshikha/Music/cao/CISLR_v1.5-a_videos/NaiHTSSvCuE_2.mp4,INVALID,frame_decode_failed,119,8
Nb7os_UNC0o_1,/home/dipshikha/Music/cao/CISLR_v1.5-a_videos/Nb7os_UNC0o_1.mp4,VALID,,,8
NbG_5zEsSoE,/home/dipshikha/Music/cao/CISLR_v1.5-a_videos/NbG_5zEsSoE.mp4,VALID,,,8
NbO2R-jwElw_1,/home/dipshikha/Music/cao/CISLR_v1.5-a_videos/NbO2R-jwElw_1.mp4,VALID,,,8
Ncpxyoe9VTE_1,/home/dipshikha/Music/cao/CISLR_v1.5-a_videos/Ncpxyoe9VTE_1.mp4,VALID,,,8
NcqHqk2ybW4_2,/home/dipshikha/Music/cao/CISLR_v1.5-a_videos/NcqHqk2ybW4_2.mp4,INVALID,frame_decode_failed,104,8
NeEUjskiXkY,/home/dipshikha/Music/cao/CISLR_v1.5-a_videos/NeEUjskiXkY.mp4,VALID,,,8
Ned2R4FgR7Y_1,/home/dipshikha/Music/cao/CISLR_v1.5-a_videos/Ned2R4FgR7Y_1.mp4,VALID,,,8
NfOadhavWHs_1,/home/dipshikha/Music/cao/CISLR_v1.5-a_videos/NfOadhavWHs_1.mp4,VALID,,,8
Ng4xJEF8wEg,/home/dipshikha/Music/cao/CISLR_v1.5-a_videos/Ng4xJEF8wEg.mp4,VALID,,,8
Ngrila2aXJg_1,/home/dipshikha/Music/cao/CISLR_v1.5-a_videos/Ngrila2aXJg_1.mp4,VALID,,,8
NhCDD4ktBjY_2,/home/dipshikha/Music/cao/CISLR_v1.5-a_videos/NhCDD4ktBjY_2.mp4,INVALID,frame_decode_failed,112,8
NhFLlpEnqK8,/home/dipshikha/Music/cao/CISLR_v1.5-a_videos/NhFLlpEnqK8.mp4,VALID,,,8
NiE43suq2F4_1,/home/dipshikha/Music/cao/CISLR_v1.5-a_videos/NiE43suq2F4_1.mp4,VALID,,,8
NiXOVcIQU7g_2,/home/dipshikha/Music/cao/CISLR_v1.5-a_videos/NiXOVcIQU7g_2.mp4,INVALID,frame_decode_failed,166,8
NjT3zasZLP0,/home/dipshikha/Music/cao/CISLR_v1.5-a_videos/NjT3zasZLP0.mp4,VALID,,,8
NjjNU4VrO00_1,/home/dipshikha/Music/cao/CISLR_v1.5-a_videos/NjjNU4VrO00_1.mp4,VALID,,,8
NjzsZG20E7U,/home/dipshikha/Music/cao/CISLR_v1.5-a_videos/NjzsZG20E7U.mp4,VALID,,,8
NkFzajnrYkA_1,/home/dipshikha/Music/cao/CISLR_v1.5-a_videos/NkFzajnrYkA_1.mp4,VALID,,,8
NkQLCSHvZcY_1,/home/dipshikha/Music/cao/CISLR_v1.5-a_videos/NkQLCSHvZcY_1.mp4,VALID,,,8
NmTBx9PgX-I_1,/home/dipshikha/Music/cao/CISLR_v1.5-a_videos/NmTBx9PgX-I_1.mp4,VALID,,,8
Nn3ooGh1n7w,/home/dipshikha/Music/cao/CISLR_v1.5-a_videos/Nn3ooGh1n7w.mp4,VALID,,,8
NnETy9fmveQ_1,/home/dipshikha/Music/cao/CISLR_v1.5-a_videos/NnETy9fmveQ_1.mp4,VALID,,,8
NnGjm_iFM1s,/home/dipshikha/Music/cao/CISLR_v1.5-a_videos/NnGjm_iFM1s.mp4,VALID,,,8
NnUnWcgPFC4,/home/dipshikha/Music/cao/CISLR_v1.5-a_videos/NnUnWcgPFC4.mp4,VALID,,,8
No2J7utvqrg,/home/dipshikha/Music/cao/CISLR_v1.5-a_videos/No2J7utvqrg.mp4,VALID,,,8
NoKq5zdDsQk,/home/dipshikha/Music/cao/CISLR_v1.5-a_videos/NoKq5zdDsQk.mp4,VALID,,,8
Non0cu5dbSs,/home/dipshikha/Music/cao/CISLR_v1.5-a_videos/Non0cu5dbSs.mp4,VALID,,,8
NpQQCK0Yk_g_1,/home/dipshikha/Music/cao/CISLR_v1.5-a_videos/NpQQCK0Yk_g_1.mp4,VALID,,,8
NpTKGzsDGoQ_1,/home/dipshikha/Music/cao/CISLR_v1.5-a_videos/NpTKGzsDGoQ_1.mp4,VALID,,,8
Nqh6_B0gfec,/home/dipshikha/Music/cao/CISLR_v1.5-a_videos/Nqh6_B0gfec.mp4,VALID,,,8
NqnV9iNS62M,/home/dipshikha/Music/cao/CISLR_v1.5-a_videos/NqnV9iNS62M.mp4,VALID,,,8
NqtEH9nZexY,/home/dipshikha/Music/cao/CISLR_v1.5-a_videos/NqtEH9nZexY.mp4,VALID,,,8
Nr80alTAMrw,/home/dipshikha/Music/cao/CISLR_v1.5-a_videos/Nr80alTAMrw.mp4,VALID,,,8
NrQ-7PGyl70_1,/home/dipshikha/Music/cao/CISLR_v1.5-a_videos/NrQ-7PGyl70_1.mp4,VALID,,,8
Ns3lBPP73Jk_1,/home/dipshikha/Music/cao/CISLR_v1.5-a_videos/Ns3lBPP73Jk_1.mp4,VALID,,,8
NsQZ8by-g_k,/home/dipshikha/Music/cao/CISLR_v1.5-a_videos/NsQZ8by-g_k.mp4,VALID,,,8
Nt5QgTWqBcU,/home/dipshikha/Music/cao/CISLR_v1.5-a_videos/Nt5QgTWqBcU.mp4,VALID,,,8
NtnfUEDzoPo,/home/dipshikha/Music/cao/CISLR_v1.5-a_videos/NtnfUEDzoPo.mp4,VALID,,,8
Nus1qk-Khiw,/home/dipshikha/Music/cao/CISLR_v1.5-a_videos/Nus1qk-Khiw.mp4,VALID,,,8
O-o5XXFpqEY_2,/home/dipshikha/Music/cao/CISLR_v1.5-a_videos/O-o5XXFpqEY_2.mp4,VALID,,,8
O1DOtxdULkQ_1,/home/dipshikha/Music/cao/CISLR_v1.5-a_videos/O1DOtxdULkQ_1.mp4,VALID,,,8
O1HMV7OKCZs_1,/home/dipshikha/Music/cao/CISLR_v1.5-a_videos/O1HMV7OKCZs_1.mp4,VALID,,,8
O2_ZeoKvo5I_1,/home/dipshikha/Music/cao/CISLR_v1.5-a_videos/O2_ZeoKvo5I_1.mp4,VALID,,,8
O4CkLiyI2a4,/home/dipshikha/Music/cao/CISLR_v1.5-a_videos/O4CkLiyI2a4.mp4,VALID,,,8
O6YJgD20e2g,/home/dipshikha/Music/cao/CISLR_v1.5-a_videos/O6YJgD20e2g.mp4,VALID,,,8
O8jMsqDMiRE,/home/dipshikha/Music/cao/CISLR_v1.5-a_videos/O8jMsqDMiRE.mp4,VALID,,,8
OBHeVltjXT0_1,/home/dipshikha/Music/cao/CISLR_v1.5-a_videos/OBHeVltjXT0_1.mp4,VALID,,,8
OBPTV3YthOw_1,/home/dipshikha/Music/cao/CISLR_v1.5-a_videos/OBPTV3YthOw_1.mp4,VALID,,,8
OC3FU_0GKBE,/home/dipshikha/Music/cao/CISLR_v1.5-a_videos/OC3FU_0GKBE.mp4,VALID,,,8
OC4C5-lLWxc,/home/dipshikha/Music/cao/CISLR_v1.5-a_videos/OC4C5-lLWxc.mp4,VALID,,,8
OC7HHIF25ik,/home/dipshikha/Music/cao/CISLR_v1.5-a_videos/OC7HHIF25ik.mp4,VALID,,,8
OCDSqlCaWlA_2,/home/dipshikha/Music/cao/CISLR_v1.5-a_videos/OCDSqlCaWlA_2.mp4,VALID,,,8
ODNZ6nd7uls,/home/dipshikha/Music/cao/CISLR_v1.5-a_videos/ODNZ6nd7uls.mp4,VALID,,,8
ODRI_ATiWnM,/home/dipshikha/Music/cao/CISLR_v1.5-a_videos/ODRI_ATiWnM.mp4,VALID,,,8
OE5sct8DJxM,/home/dipshikha/Music/cao/CISLR_v1.5-a_videos/OE5sct8DJxM.mp4,VALID,,,8
OEZKlgaRH4o,/home/dipshikha/Music/cao/CISLR_v1.5-a_videos/OEZKlgaRH4o.mp4,VALID,,,8
OEm1Uov-v9o_1,/home/dipshikha/Music/cao/CISLR_v1.5-a_videos/OEm1Uov-v9o_1.mp4,VALID,,,8
OGO8HQ6ZYUg_1,/home/dipshikha/Music/cao/CISLR_v1.5-a_videos/OGO8HQ6ZYUg_1.mp4,VALID,,,8
OJqZgTGpghQ,/home/dipshikha/Music/cao/CISLR_v1.5-a_videos/OJqZgTGpghQ.mp4,VALID,,,8
OL-CqbpYr8w,/home/dipshikha/Music/cao/CISLR_v1.5-a_videos/OL-CqbpYr8w.mp4,VALID,,,8
OM_yE9ewbcM,/home/dipshikha/Music/cao/CISLR_v1.5-a_videos/OM_yE9ewbcM.mp4,VALID,,,8
ONhI6iem9kg,/home/dipshikha/Music/cao/CISLR_v1.5-a_videos/ONhI6iem9kg.mp4,VALID,,,8
OP_7FlLGoAY_1,/home/dipshikha/Music/cao/CISLR_v1.5-a_videos/OP_7FlLGoAY_1.mp4,VALID,,,8
OQ1e6lpNybo,/home/dipshikha/Music/cao/CISLR_v1.5-a_videos/OQ1e6lpNybo.mp4,VALID,,,8
ORU-AfSTIwI,/home/dipshikha/Music/cao/CISLR_v1.5-a_videos/ORU-AfSTIwI.mp4,VALID,,,8
ORwg4bg9aeU,/home/dipshikha/Music/cao/CISLR_v1.5-a_videos/ORwg4bg9aeU.mp4,VALID,,,8
OSRpGh3d0cI,/home/dipshikha/Music/cao/CISLR_v1.5-a_videos/OSRpGh3d0cI.mp4,VALID,,,8
OTUecrbGM7E,/home/dipshikha/Music/cao/CISLR_v1.5-a_videos/OTUecrbGM7E.mp4,VALID,,,8
OTfPJGdUm50,/home/dipshikha/Music/cao/CISLR_v1.5-a_videos/OTfPJGdUm50.mp4,VALID,,,8
OTtrGki5gQg_1,/home/dipshikha/Music/cao/CISLR_v1.5-a_videos/OTtrGki5gQg_1.mp4,VALID,,,8
OU-XIIEFnw4,/home/dipshikha/Music/cao/CISLR_v1.5-a_videos/OU-XIIEFnw4.mp4,VALID,,,8
OUVv-5cwFaE_1,/home/dipshikha/Music/cao/CISLR_v1.5-a_videos/OUVv-5cwFaE_1.mp4,VALID,,,8
OUr2XSyxfsY,/home/dipshikha/Music/cao/CISLR_v1.5-a_videos/OUr2XSyxfsY.mp4,VALID,,,8
OX23xzI_GhY,/home/dipshikha/Music/cao/CISLR_v1.5-a_videos/OX23xzI_GhY.mp4,VALID,,,8
OXmN5c7MCUk,/home/dipshikha/Music/cao/CISLR_v1.5-a_videos/OXmN5c7MCUk.mp4,VALID,,,8
OYENl3VfTb4,/home/dipshikha/Music/cao/CISLR_v1.5-a_videos/OYENl3VfTb4.mp4,VALID,,,8
OZ2IdcRTgrs_1,/home/dipshikha/Music/cao/CISLR_v1.5-a_videos/OZ2IdcRTgrs_1.mp4,VALID,,,8
OZp4PyHgUC8,/home/dipshikha/Music/cao/CISLR_v1.5-a_videos/OZp4PyHgUC8.mp4,VALID,,,8
OaQqutxOEAE_1,/home/dipshikha/Music/cao/CISLR_v1.5-a_videos/OaQqutxOEAE_1.mp4,VALID,,,8
Oamv71HbOMA,/home/dipshikha/Music/cao/CISLR_v1.5-a_videos/Oamv71HbOMA.mp4,VALID,,,8
ObJnMFN4KQg_1,/home/dipshikha/Music/cao/CISLR_v1.5-a_videos/ObJnMFN4KQg_1.mp4,VALID,,,8
ObVcGiVYofE_1,/home/dipshikha/Music/cao/CISLR_v1.5-a_videos/ObVcGiVYofE_1.mp4,VALID,,,8
ObwZnI075E8,/home/dipshikha/Music/cao/CISLR_v1.5-a_videos/ObwZnI075E8.mp4,VALID,,,8
Oc7vrILPpCQ_1,/home/dipshikha/Music/cao/CISLR_v1.5-a_videos/Oc7vrILPpCQ_1.mp4,VALID,,,8
OcBBb1cbZqc_2,/home/dipshikha/Music/cao/CISLR_v1.5-a_videos/OcBBb1cbZqc_2.mp4,INVALID,frame_decode_failed,105,8
OchKEyyyoF0_1,/home/dipshikha/Music/cao/CISLR_v1.5-a_videos/OchKEyyyoF0_1.mp4,VALID,,,8
OelZVA_CCzo,/home/dipshikha/Music/cao/CISLR_v1.5-a_videos/OelZVA_CCzo.mp4,VALID,,,8
OfGkvEa9C-A_2,/home/dipshikha/Music/cao/CISLR_v1.5-a_videos/OfGkvEa9C-A_2.mp4,INVALID,frame_decode_failed,98,8
OhE6VRcxlKA,/home/dipshikha/Music/cao/CISLR_v1.5-a_videos/OhE6VRcxlKA.mp4,VALID,,,8
OhHLtn0U6K0_1,/home/dipshikha/Music/cao/CISLR_v1.5-a_videos/OhHLtn0U6K0_1.mp4,VALID,,,8
Oiewyo7WQ4w,/home/dipshikha/Music/cao/CISLR_v1.5-a_videos/Oiewyo7WQ4w.mp4,VALID,,,8
Oittiy14URk,/home/dipshikha/Music/cao/CISLR_v1.5-a_videos/Oittiy14URk.mp4,VALID,,,8
Ok6fbvE1cu0_1,/home/dipshikha/Music/cao/CISLR_v1.5-a_videos/Ok6fbvE1cu0_1.mp4,VALID,,,8
OkHQG79PRCk,/home/dipshikha/Music/cao/CISLR_v1.5-a_videos/OkHQG79PRCk.mp4,VALID,,,8
OnqiVVsNE8I_1,/home/dipshikha/Music/cao/CISLR_v1.5-a_videos/OnqiVVsNE8I_1.mp4,VALID,,,8
Op97JG5142c,/home/dipshikha/Music/cao/CISLR_v1.5-a_videos/Op97JG5142c.mp4,VALID,,,8
Oql_D1R8kVE,/home/dipshikha/Music/cao/CISLR_v1.5-a_videos/Oql_D1R8kVE.mp4,VALID,,,8
OqzxnQ6fGIw_1,/home/dipshikha/Music/cao/CISLR_v1.5-a_videos/OqzxnQ6fGIw_1.mp4,VALID,,,8
OrOlKiBzVAY_2,/home/dipshikha/Music/cao/CISLR_v1.5-a_videos/OrOlKiBzVAY_2.mp4,INVALID,frame_decode_failed,132,8
OrlYpvp8gnI_2,/home/dipshikha/Music/cao/CISLR_v1.5-a_videos/OrlYpvp8gnI_2.mp4,INVALID,frame_decode_failed,75,8
OrrlfNA40zg_2,/home/dipshikha/Music/cao/CISLR_v1.5-a_videos/OrrlfNA40zg_2.mp4,INVALID,frame_decode_failed,99,8
OsRTZjf3msw_1,/home/dipshikha/Music/cao/CISLR_v1.5-a_videos/OsRTZjf3msw_1.mp4,VALID,,,8
Ot-XctUkMY8,/home/dipshikha/Music/cao/CISLR_v1.5-a_videos/Ot-XctUkMY8.mp4,VALID,,,8
Ov-hdZ4oacg,/home/dipshikha/Music/cao/CISLR_v1.5-a_videos/Ov-hdZ4oacg.mp4,VALID,,,8
OvDIlDiFmnU,/home/dipshikha/Music/cao/CISLR_v1.5-a_videos/OvDIlDiFmnU.mp4,VALID,,,8
Owp1cwVnCok,/home/dipshikha/Music/cao/CISLR_v1.5-a_videos/Owp1cwVnCok.mp4,VALID,,,8
Oz4iaojP1LQ,/home/dipshikha/Music/cao/CISLR_v1.5-a_videos/Oz4iaojP1LQ.mp4,VALID,,,8
P-0wocPMVyQ,/home/dipshikha/Music/cao/CISLR_v1.5-a_videos/P-0wocPMVyQ.mp4,VALID,,,8
P-k3HOBisv8_1,/home/dipshikha/Music/cao/CISLR_v1.5-a_videos/P-k3HOBisv8_1.mp4,VALID,,,8
P18HvmCotMU_1,/home/dipshikha/Music/cao/CISLR_v1.5-a_videos/P18HvmCotMU_1.mp4,VALID,,,8
P1WDAwasyoI,/home/dipshikha/Music/cao/CISLR_v1.5-a_videos/P1WDAwasyoI.mp4,VALID,,,8
P29jupnZniw,/home/dipshikha/Music/cao/CISLR_v1.5-a_videos/P29jupnZniw.mp4,VALID,,,8
P2If73nwzYs,/home/dipshikha/Music/cao/CISLR_v1.5-a_videos/P2If73nwzYs.mp4,VALID,,,8
P2abspkSU_s,/home/dipshikha/Music/cao/CISLR_v1.5-a_videos/P2abspkSU_s.mp4,VALID,,,8
P3LobzeDo9E_1,/home/dipshikha/Music/cao/CISLR_v1.5-a_videos/P3LobzeDo9E_1.mp4,VALID,,,8
P3LqZYt2U30_1,/home/dipshikha/Music/cao/CISLR_v1.5-a_videos/P3LqZYt2U30_1.mp4,VALID,,,8
P3MpvLubTKw,/home/dipshikha/Music/cao/CISLR_v1.5-a_videos/P3MpvLubTKw.mp4,VALID,,,8
P3pALl9igN8,/home/dipshikha/Music/cao/CISLR_v1.5-a_videos/P3pALl9igN8.mp4,VALID,,,8
P4bcxgldVSQ_1,/home/dipshikha/Music/cao/CISLR_v1.5-a_videos/P4bcxgldVSQ_1.mp4,VALID,,,8
P5CapJo7Oe8_1,/home/dipshikha/Music/cao/CISLR_v1.5-a_videos/P5CapJo7Oe8_1.mp4,VALID,,,8
P5Dty8Ecdek,/home/dipshikha/Music/cao/CISLR_v1.5-a_videos/P5Dty8Ecdek.mp4,VALID,,,8
P6e7z3qKweg_2,/home/dipshikha/Music/cao/CISLR_v1.5-a_videos/P6e7z3qKweg_2.mp4,VALID,,,8
P7aSfqQTkTk_1,/home/dipshikha/Music/cao/CISLR_v1.5-a_videos/P7aSfqQTkTk_1.mp4,VALID,,,8
P8c9TRiU7HI,/home/dipshikha/Music/cao/CISLR_v1.5-a_videos/P8c9TRiU7HI.mp4,VALID,,,8
P8nCFvhToww_1,/home/dipshikha/Music/cao/CISLR_v1.5-a_videos/P8nCFvhToww_1.mp4,VALID,,,8
P91b_WSLDa8_1,/home/dipshikha/Music/cao/CISLR_v1.5-a_videos/P91b_WSLDa8_1.mp4,VALID,,,8
PAkQhoRDVMQ,/home/dipshikha/Music/cao/CISLR_v1.5-a_videos/PAkQhoRDVMQ.mp4,VALID,,,8
PB7rn__dcKg_1,/home/dipshikha/Music/cao/CISLR_v1.5-a_videos/PB7rn__dcKg_1.mp4,VALID,,,8
PBPb-_V8A_U,/home/dipshikha/Music/cao/CISLR_v1.5-a_videos/PBPb-_V8A_U.mp4,VALID,,,8
PFALmbyUi5A,/home/dipshikha/Music/cao/CISLR_v1.5-a_videos/PFALmbyUi5A.mp4,VALID,,,8
PGYE6puPzKU_1,/home/dipshikha/Music/cao/CISLR_v1.5-a_videos/PGYE6puPzKU_1.mp4,VALID,,,8
PGbVUlqDu1A,/home/dipshikha/Music/cao/CISLR_v1.5-a_videos/PGbVUlqDu1A.mp4,VALID,,,8
PGdVl8-IzJA,/home/dipshikha/Music/cao/CISLR_v1.5-a_videos/PGdVl8-IzJA.mp4,VALID,,,8
PGrGJBQGm3E_1,/home/dipshikha/Music/cao/CISLR_v1.5-a_videos/PGrGJBQGm3E_1.mp4,VALID,,,8
PGzUbRs5KcE_1,/home/dipshikha/Music/cao/CISLR_v1.5-a_videos/PGzUbRs5KcE_1.mp4,VALID,,,8
PI1wVAKM9t0_1,/home/dipshikha/Music/cao/CISLR_v1.5-a_videos/PI1wVAKM9t0_1.mp4,VALID,,,8
PI8mabNvaE0,/home/dipshikha/Music/cao/CISLR_v1.5-a_videos/PI8mabNvaE0.mp4,VALID,,,8
PJtAsebnGrM,/home/dipshikha/Music/cao/CISLR_v1.5-a_videos/PJtAsebnGrM.mp4,VALID,,,8
PK4bvgOLUWs,/home/dipshikha/Music/cao/CISLR_v1.5-a_videos/PK4bvgOLUWs.mp4,VALID,,,8
PKLiUylI7jY,/home/dipshikha/Music/cao/CISLR_v1.5-a_videos/PKLiUylI7jY.mp4,VALID,,,8
PKi9kC2RNzo_1,/home/dipshikha/Music/cao/CISLR_v1.5-a_videos/PKi9kC2RNzo_1.mp4,VALID,,,8
PLF4Zs0Q80Q,/home/dipshikha/Music/cao/CISLR_v1.5-a_videos/PLF4Zs0Q80Q.mp4,VALID,,,8
PLtRFkjPkxo_1,/home/dipshikha/Music/cao/CISLR_v1.5-a_videos/PLtRFkjPkxo_1.mp4,VALID,,,8
PMUPf08r0Jo,/home/dipshikha/Music/cao/CISLR_v1.5-a_videos/PMUPf08r0Jo.mp4,VALID,,,8
PMYXK-B1Few,/home/dipshikha/Music/cao/CISLR_v1.5-a_videos/PMYXK-B1Few.mp4,VALID,,,8
PMv7R76mAZA,/home/dipshikha/Music/cao/CISLR_v1.5-a_videos/PMv7R76mAZA.mp4,VALID,,,8
POwFUYdLjX8_1,/home/dipshikha/Music/cao/CISLR_v1.5-a_videos/POwFUYdLjX8_1.mp4,VALID,,,8
PP3bE6cjRdQ,/home/dipshikha/Music/cao/CISLR_v1.5-a_videos/PP3bE6cjRdQ.mp4,VALID,,,8
PQoocuBF2f8_1,/home/dipshikha/Music/cao/CISLR_v1.5-a_videos/PQoocuBF2f8_1.mp4,VALID,,,8
PRDX6PAOvF0_1,/home/dipshikha/Music/cao/CISLR_v1.5-a_videos/PRDX6PAOvF0_1.mp4,VALID,,,8
PSB4z3DAScs_1,/home/dipshikha/Music/cao/CISLR_v1.5-a_videos/PSB4z3DAScs_1.mp4,VALID,,,8
PTv4C3vii08_1,/home/dipshikha/Music/cao/CISLR_v1.5-a_videos/PTv4C3vii08_1.mp4,VALID,,,8
PUDnvoajVUk,/home/dipshikha/Music/cao/CISLR_v1.5-a_videos/PUDnvoajVUk.mp4,VALID,,,8
PVdmrokA81k,/home/dipshikha/Music/cao/CISLR_v1.5-a_videos/PVdmrokA81k.mp4,VALID,,,8
PVhCsYKStLI_2,/home/dipshikha/Music/cao/CISLR_v1.5-a_videos/PVhCsYKStLI_2.mp4,INVALID,frame_decode_failed,92,8
PWHh7NmzzV4,/home/dipshikha/Music/cao/CISLR_v1.5-a_videos/PWHh7NmzzV4.mp4,VALID,,,8
PWLWkd68QIA,/home/dipshikha/Music/cao/CISLR_v1.5-a_videos/PWLWkd68QIA.mp4,VALID,,,8
PWWRIQ49qHs_2,/home/dipshikha/Music/cao/CISLR_v1.5-a_videos/PWWRIQ49qHs_2.mp4,INVALID,frame_decode_failed,131,8
PWi1hx2Omgo,/home/dipshikha/Music/cao/CISLR_v1.5-a_videos/PWi1hx2Omgo.mp4,VALID,,,8
PWuJv2FHsvA_1,/home/dipshikha/Music/cao/CISLR_v1.5-a_videos/PWuJv2FHsvA_1.mp4,VALID,,,8
PX-5cHBSak0_2,/home/dipshikha/Music/cao/CISLR_v1.5-a_videos/PX-5cHBSak0_2.mp4,INVALID,frame_decode_failed,127,8
PXEWAfcfs_A_2,/home/dipshikha/Music/cao/CISLR_v1.5-a_videos/PXEWAfcfs_A_2.mp4,INVALID,frame_decode_failed,113,8
PY11Ny4fz3A_1,/home/dipshikha/Music/cao/CISLR_v1.5-a_videos/PY11Ny4fz3A_1.mp4,VALID,,,8
PZONaOEO8AQ_1,/home/dipshikha/Music/cao/CISLR_v1.5-a_videos/PZONaOEO8AQ_1.mp4,VALID,,,8
P_o20L8zhHU,/home/dipshikha/Music/cao/CISLR_v1.5-a_videos/P_o20L8zhHU.mp4,VALID,,,8
PaOVb_cMohw_1,/home/dipshikha/Music/cao/CISLR_v1.5-a_videos/PaOVb_cMohw_1.mp4,VALID,,,8
PaXZzVi_OsY_1,/home/dipshikha/Music/cao/CISLR_v1.5-a_videos/PaXZzVi_OsY_1.mp4,VALID,,,8
Pbf2EXs2e4k,/home/dipshikha/Music/cao/CISLR_v1.5-a_videos/Pbf2EXs2e4k.mp4,VALID,,,8
PbfCur5zsw8,/home/dipshikha/Music/cao/CISLR_v1.5-a_videos/PbfCur5zsw8.mp4,VALID,,,8
PerHf9tanw0_2,/home/dipshikha/Music/cao/CISLR_v1.5-a_videos/PerHf9tanw0_2.mp4,INVALID,frame_decode_failed,103,8
Pf8tWovZQ2U,/home/dipshikha/Music/cao/CISLR_v1.5-a_videos/Pf8tWovZQ2U.mp4,VALID,,,8
PffO6Uac1uY,/home/dipshikha/Music/cao/CISLR_v1.5-a_videos/PffO6Uac1uY.mp4,VALID,,,8
PiSY8MIVoMs_1,/home/dipshikha/Music/cao/CISLR_v1.5-a_videos/PiSY8MIVoMs_1.mp4,VALID,,,8
PijCNItuc1E_1,/home/dipshikha/Music/cao/CISLR_v1.5-a_videos/PijCNItuc1E_1.mp4,VALID,,,8
Pj0MkbEahC8,/home/dipshikha/Music/cao/CISLR_v1.5-a_videos/Pj0MkbEahC8.mp4,VALID,,,8
Pl5J3391Pao_1,/home/dipshikha/Music/cao/CISLR_v1.5-a_videos/Pl5J3391Pao_1.mp4,VALID,,,8
Pl5cCJ2SVN8_1,/home/dipshikha/Music/cao/CISLR_v1.5-a_videos/Pl5cCJ2SVN8_1.mp4,VALID,,,8
PlEUE-SExy8,/home/dipshikha/Music/cao/CISLR_v1.5-a_videos/PlEUE-SExy8.mp4,VALID,,,8
PlYZEnLNpdQ_1,/home/dipshikha/Music/cao/CISLR_v1.5-a_videos/PlYZEnLNpdQ_1.mp4,VALID,,,8
PnAOEoaN0tU_1,/home/dipshikha/Music/cao/CISLR_v1.5-a_videos/PnAOEoaN0tU_1.mp4,VALID,,,8
PnwR2TZB_9w,/home/dipshikha/Music/cao/CISLR_v1.5-a_videos/PnwR2TZB_9w.mp4,VALID,,,8
Ppbq_RDljyA_1,/home/dipshikha/Music/cao/CISLR_v1.5-a_videos/Ppbq_RDljyA_1.mp4,VALID,,,8
PqftjzLnMEM_1,/home/dipshikha/Music/cao/CISLR_v1.5-a_videos/PqftjzLnMEM_1.mp4,VALID,,,8
Pro1Tbg-LE8,/home/dipshikha/Music/cao/CISLR_v1.5-a_videos/Pro1Tbg-LE8.mp4,VALID,,,8
Ps4VoPyMAb8,/home/dipshikha/Music/cao/CISLR_v1.5-a_videos/Ps4VoPyMAb8.mp4,VALID,,,8
Psd08qZsYnQ,/home/dipshikha/Music/cao/CISLR_v1.5-a_videos/Psd08qZsYnQ.mp4,VALID,,,8
Psk7z4TM-yM,/home/dipshikha/Music/cao/CISLR_v1.5-a_videos/Psk7z4TM-yM.mp4,VALID,,,8
PxXzMm43V0U_1,/home/dipshikha/Music/cao/CISLR_v1.5-a_videos/PxXzMm43V0U_1.mp4,VALID,,,8
Py0R_2XywOQ,/home/dipshikha/Music/cao/CISLR_v1.5-a_videos/Py0R_2XywOQ.mp4,VALID,,,8
PyQVgJzE2-Y,/home/dipshikha/Music/cao/CISLR_v1.5-a_videos/PyQVgJzE2-Y.mp4,VALID,,,8
PzT1paHu8C4_2,/home/dipshikha/Music/cao/CISLR_v1.5-a_videos/PzT1paHu8C4_2.mp4,INVALID,frame_decode_failed,86,8
Q-S63Q62ZiU,/home/dipshikha/Music/cao/CISLR_v1.5-a_videos/Q-S63Q62ZiU.mp4,VALID,,,8
Q-Sg1afVMsE,/home/dipshikha/Music/cao/CISLR_v1.5-a_videos/Q-Sg1afVMsE.mp4,VALID,,,8
Q-jSZX4uAjY_1,/home/dipshikha/Music/cao/CISLR_v1.5-a_videos/Q-jSZX4uAjY_1.mp4,VALID,,,8
Q0HKbrbAj0A_1,/home/dipshikha/Music/cao/CISLR_v1.5-a_videos/Q0HKbrbAj0A_1.mp4,VALID,,,8
Q1zbpcSoTws,/home/dipshikha/Music/cao/CISLR_v1.5-a_videos/Q1zbpcSoTws.mp4,VALID,,,8
Q2gjYvb7fcE,/home/dipshikha/Music/cao/CISLR_v1.5-a_videos/Q2gjYvb7fcE.mp4,VALID,,,8
Q3oaDDt1Yc8_1,/home/dipshikha/Music/cao/CISLR_v1.5-a_videos/Q3oaDDt1Yc8_1.mp4,VALID,,,8
Q4WiRFOlOu0_1,/home/dipshikha/Music/cao/CISLR_v1.5-a_videos/Q4WiRFOlOu0_1.mp4,VALID,,,8
Q5uGiH8-uQk_1,/home/dipshikha/Music/cao/CISLR_v1.5-a_videos/Q5uGiH8-uQk_1.mp4,VALID,,,8
Q65na_iR_HQ,/home/dipshikha/Music/cao/CISLR_v1.5-a_videos/Q65na_iR_HQ.mp4,VALID,,,8
Q7Ggc0qz3Jo,/home/dipshikha/Music/cao/CISLR_v1.5-a_videos/Q7Ggc0qz3Jo.mp4,VALID,,,8
Q7rYOmLAa2o,/home/dipshikha/Music/cao/CISLR_v1.5-a_videos/Q7rYOmLAa2o.mp4,VALID,,,8
Q7wCb9WlhA0,/home/dipshikha/Music/cao/CISLR_v1.5-a_videos/Q7wCb9WlhA0.mp4,VALID,,,8
QBbAwvlhH0o_1,/home/dipshikha/Music/cao/CISLR_v1.5-a_videos/QBbAwvlhH0o_1.mp4,VALID,,,8
QBg2Y55juuY_1,/home/dipshikha/Music/cao/CISLR_v1.5-a_videos/QBg2Y55juuY_1.mp4,VALID,,,8
QBjMKvsK1sk_1,/home/dipshikha/Music/cao/CISLR_v1.5-a_videos/QBjMKvsK1sk_1.mp4,VALID,,,8
QE4UkDB3MyE,/home/dipshikha/Music/cao/CISLR_v1.5-a_videos/QE4UkDB3MyE.mp4,VALID,,,8
QF-_qNWaBaU_1,/home/dipshikha/Music/cao/CISLR_v1.5-a_videos/QF-_qNWaBaU_1.mp4,VALID,,,8
QHpNcX0Ugsc,/home/dipshikha/Music/cao/CISLR_v1.5-a_videos/QHpNcX0Ugsc.mp4,VALID,,,8
QIL8ey6N_vs,/home/dipshikha/Music/cao/CISLR_v1.5-a_videos/QIL8ey6N_vs.mp4,VALID,,,8
QIXGt2ddetI_1,/home/dipshikha/Music/cao/CISLR_v1.5-a_videos/QIXGt2ddetI_1.mp4,VALID,,,8
QIaK1zBDLkE,/home/dipshikha/Music/cao/CISLR_v1.5-a_videos/QIaK1zBDLkE.mp4,VALID,,,8
QJDAMIo3A6Y,/home/dipshikha/Music/cao/CISLR_v1.5-a_videos/QJDAMIo3A6Y.mp4,VALID,,,8
QJDOHjM9eb8,/home/dipshikha/Music/cao/CISLR_v1.5-a_videos/QJDOHjM9eb8.mp4,VALID,,,8
QKEuQ32GLNc_2,/home/dipshikha/Music/cao/CISLR_v1.5-a_videos/QKEuQ32GLNc_2.mp4,INVALID,frame_decode_failed,114,8
QLWJMrs77Kc,/home/dipshikha/Music/cao/CISLR_v1.5-a_videos/QLWJMrs77Kc.mp4,VALID,,,8
QLx1uWXhB1g,/home/dipshikha/Music/cao/CISLR_v1.5-a_videos/QLx1uWXhB1g.mp4,VALID,,,8
QMFllz8bqbI,/home/dipshikha/Music/cao/CISLR_v1.5-a_videos/QMFllz8bqbI.mp4,VALID,,,8
QNqJ9kQ5xT4,/home/dipshikha/Music/cao/CISLR_v1.5-a_videos/QNqJ9kQ5xT4.mp4,VALID,,,8
QOXSBvW5Pds_2,/home/dipshikha/Music/cao/CISLR_v1.5-a_videos/QOXSBvW5Pds_2.mp4,VALID,,,8
QRTBO6eAlFY,/home/dipshikha/Music/cao/CISLR_v1.5-a_videos/QRTBO6eAlFY.mp4,VALID,,,8
QRtqJ1CnS0U_1,/home/dipshikha/Music/cao/CISLR_v1.5-a_videos/QRtqJ1CnS0U_1.mp4,VALID,,,8
QSdgD2M4Xdw,/home/dipshikha/Music/cao/CISLR_v1.5-a_videos/QSdgD2M4Xdw.mp4,VALID,,,8
QSg-1wqJezg_1,/home/dipshikha/Music/cao/CISLR_v1.5-a_videos/QSg-1wqJezg_1.mp4,VALID,,,8
QT4Su3HeNoE_1,/home/dipshikha/Music/cao/CISLR_v1.5-a_videos/QT4Su3HeNoE_1.mp4,VALID,,,8
QU-ZlgFpBVw_2,/home/dipshikha/Music/cao/CISLR_v1.5-a_videos/QU-ZlgFpBVw_2.mp4,INVALID,frame_decode_failed,99,8
QVZZq9BDyhA_2,/home/dipshikha/Music/cao/CISLR_v1.5-a_videos/QVZZq9BDyhA_2.mp4,INVALID,frame_decode_failed,106,8
QVrRwXgj7GU_1,/home/dipshikha/Music/cao/CISLR_v1.5-a_videos/QVrRwXgj7GU_1.mp4,VALID,,,8
QWN6Q7XTChg_2,/home/dipshikha/Music/cao/CISLR_v1.5-a_videos/QWN6Q7XTChg_2.mp4,VALID,,,8
QWrJAZS_jNk_2,/home/dipshikha/Music/cao/CISLR_v1.5-a_videos/QWrJAZS_jNk_2.mp4,INVALID,frame_decode_failed,95,8
QX2YCbSelwo,/home/dipshikha/Music/cao/CISLR_v1.5-a_videos/QX2YCbSelwo.mp4,VALID,,,8
QXQ8ILhehkI,/home/dipshikha/Music/cao/CISLR_v1.5-a_videos/QXQ8ILhehkI.mp4,VALID,,,8
QXRCiVRaHsI_1,/home/dipshikha/Music/cao/CISLR_v1.5-a_videos/QXRCiVRaHsI_1.mp4,VALID,,,8
QYnm3ITnMb4_1,/home/dipshikha/Music/cao/CISLR_v1.5-a_videos/QYnm3ITnMb4_1.mp4,VALID,,,8
Q_wBjlTT4GY_1,/home/dipshikha/Music/cao/CISLR_v1.5-a_videos/Q_wBjlTT4GY_1.mp4,VALID,,,8
QaB25cChRXc_1,/home/dipshikha/Music/cao/CISLR_v1.5-a_videos/QaB25cChRXc_1.mp4,VALID,,,8
Qb3nTAfOz2Q,/home/dipshikha/Music/cao/CISLR_v1.5-a_videos/Qb3nTAfOz2Q.mp4,VALID,,,8
Qc72veU0a6g_1,/home/dipshikha/Music/cao/CISLR_v1.5-a_videos/Qc72veU0a6g_1.mp4,VALID,,,8
QcQGHMntX5c_1,/home/dipshikha/Music/cao/CISLR_v1.5-a_videos/QcQGHMntX5c_1.mp4,VALID,,,8
QdOmsCK3gHg_1,/home/dipshikha/Music/cao/CISLR_v1.5-a_videos/QdOmsCK3gHg_1.mp4,VALID,,,8
QeNE9BjginQ_1,/home/dipshikha/Music/cao/CISLR_v1.5-a_videos/QeNE9BjginQ_1.mp4,VALID,,,8
QfGq9Md-D2o_1,/home/dipshikha/Music/cao/CISLR_v1.5-a_videos/QfGq9Md-D2o_1.mp4,VALID,,,8
QhgyOz4p-iM_2,/home/dipshikha/Music/cao/CISLR_v1.5-a_videos/QhgyOz4p-iM_2.mp4,INVALID,frame_decode_failed,188,8
QhhIAUupAeo_1,/home/dipshikha/Music/cao/CISLR_v1.5-a_videos/QhhIAUupAeo_1.mp4,VALID,,,8
QiHtCEo3nEk,/home/dipshikha/Music/cao/CISLR_v1.5-a_videos/QiHtCEo3nEk.mp4,VALID,,,8
QiX_rb7Lm3I,/home/dipshikha/Music/cao/CISLR_v1.5-a_videos/QiX_rb7Lm3I.mp4,VALID,,,8
Qiit5KIeWFw_2,/home/dipshikha/Music/cao/CISLR_v1.5-a_videos/Qiit5KIeWFw_2.mp4,INVALID,frame_decode_failed,101,8
QkHS0W8x2M4,/home/dipshikha/Music/cao/CISLR_v1.5-a_videos/QkHS0W8x2M4.mp4,VALID,,,8
QkIAlWUDxPo_1,/home/dipshikha/Music/cao/CISLR_v1.5-a_videos/QkIAlWUDxPo_1.mp4,VALID,,,8
QlvGeWOzc-0_1,/home/dipshikha/Music/cao/CISLR_v1.5-a_videos/QlvGeWOzc-0_1.mp4,VALID,,,8
QmCEr-G9Nug,/home/dipshikha/Music/cao/CISLR_v1.5-a_videos/QmCEr-G9Nug.mp4,VALID,,,8
QmWhfW8wyMs,/home/dipshikha/Music/cao/CISLR_v1.5-a_videos/QmWhfW8wyMs.mp4,VALID,,,8
QmxDpQ8YY9k_2,/home/dipshikha/Music/cao/CISLR_v1.5-a_videos/QmxDpQ8YY9k_2.mp4,INVALID,frame_decode_failed,77,8
Qn3Yf2GDWn8,/home/dipshikha/Music/cao/CISLR_v1.5-a_videos/Qn3Yf2GDWn8.mp4,VALID,,,8
Qom3R9ndKoc,/home/dipshikha/Music/cao/CISLR_v1.5-a_videos/Qom3R9ndKoc.mp4,VALID,,,8
QowRgF354O8,/home/dipshikha/Music/cao/CISLR_v1.5-a_videos/QowRgF354O8.mp4,VALID,,,8
QqBeIG-uvM8,/home/dipshikha/Music/cao/CISLR_v1.5-a_videos/QqBeIG-uvM8.mp4,VALID,,,8
Qs2XJTA7LWU_2,/home/dipshikha/Music/cao/CISLR_v1.5-a_videos/Qs2XJTA7LWU_2.mp4,INVALID,frame_decode_failed,129,8
Qt7PxYKRi7c_1,/home/dipshikha/Music/cao/CISLR_v1.5-a_videos/Qt7PxYKRi7c_1.mp4,VALID,,,8
QtR5-M2w3RQ,/home/dipshikha/Music/cao/CISLR_v1.5-a_videos/QtR5-M2w3RQ.mp4,VALID,,,8
Qu5KH6X5dd8_1,/home/dipshikha/Music/cao/CISLR_v1.5-a_videos/Qu5KH6X5dd8_1.mp4,VALID,,,8
QvOMfMtfb7k_1,/home/dipshikha/Music/cao/CISLR_v1.5-a_videos/QvOMfMtfb7k_1.mp4,VALID,,,8
QvuS8pyY2a0_2,/home/dipshikha/Music/cao/CISLR_v1.5-a_videos/QvuS8pyY2a0_2.mp4,INVALID,frame_decode_failed,116,8
Qwa5c4aDFaY_1,/home/dipshikha/Music/cao/CISLR_v1.5-a_videos/Qwa5c4aDFaY_1.mp4,VALID,,,8
QxTqhAxngF0_1,/home/dipshikha/Music/cao/CISLR_v1.5-a_videos/QxTqhAxngF0_1.mp4,VALID,,,8
Qy07r-5SdkA_1,/home/dipshikha/Music/cao/CISLR_v1.5-a_videos/Qy07r-5SdkA_1.mp4,VALID,,,8
QyL43-YjgK8,/home/dipshikha/Music/cao/CISLR_v1.5-a_videos/QyL43-YjgK8.mp4,VALID,,,8
QyxD5H8-cHE,/home/dipshikha/Music/cao/CISLR_v1.5-a_videos/QyxD5H8-cHE.mp4,VALID,,,8
QzFmQvfUaa0_1,/home/dipshikha/Music/cao/CISLR_v1.5-a_videos/QzFmQvfUaa0_1.mp4,VALID,,,8
R-IpftpYr2g,/home/dipshikha/Music/cao/CISLR_v1.5-a_videos/R-IpftpYr2g.mp4,VALID,,,8
R-fKz1aaXRI_2,/home/dipshikha/Music/cao/CISLR_v1.5-a_videos/R-fKz1aaXRI_2.mp4,INVALID,frame_decode_failed,145,8
R22GF3-wqUY,/home/dipshikha/Music/cao/CISLR_v1.5-a_videos/R22GF3-wqUY.mp4,VALID,,,8
R3jDoLjKAa0,/home/dipshikha/Music/cao/CISLR_v1.5-a_videos/R3jDoLjKAa0.mp4,VALID,,,8
R3s7Vetdseg_2,/home/dipshikha/Music/cao/CISLR_v1.5-a_videos/R3s7Vetdseg_2.mp4,INVALID,frame_decode_failed,102,8
R4uJr2ys09Y_1,/home/dipshikha/Music/cao/CISLR_v1.5-a_videos/R4uJr2ys09Y_1.mp4,VALID,,,8
R5k5q5laIfk_2,/home/dipshikha/Music/cao/CISLR_v1.5-a_videos/R5k5q5laIfk_2.mp4,INVALID,frame_decode_failed,127,8
R5lzZf3MVaY_1,/home/dipshikha/Music/cao/CISLR_v1.5-a_videos/R5lzZf3MVaY_1.mp4,VALID,,,8
R6ILTJGPlUo,/home/dipshikha/Music/cao/CISLR_v1.5-a_videos/R6ILTJGPlUo.mp4,VALID,,,8
R7P29MkehIM_1,/home/dipshikha/Music/cao/CISLR_v1.5-a_videos/R7P29MkehIM_1.mp4,VALID,,,8
R7lhpy6_niU_2,/home/dipshikha/Music/cao/CISLR_v1.5-a_videos/R7lhpy6_niU_2.mp4,INVALID,frame_decode_failed,110,8
RCd8Aat8xa4_1,/home/dipshikha/Music/cao/CISLR_v1.5-a_videos/RCd8Aat8xa4_1.mp4,VALID,,,8
RCdDeF6erqo,/home/dipshikha/Music/cao/CISLR_v1.5-a_videos/RCdDeF6erqo.mp4,VALID,,,8
REPEztEF060_1,/home/dipshikha/Music/cao/CISLR_v1.5-a_videos/REPEztEF060_1.mp4,VALID,,,8
RGDTXsCvZBQ,/home/dipshikha/Music/cao/CISLR_v1.5-a_videos/RGDTXsCvZBQ.mp4,VALID,,,8
RHetQGTr7nU_1,/home/dipshikha/Music/cao/CISLR_v1.5-a_videos/RHetQGTr7nU_1.mp4,VALID,,,8
RJ2_mx6DsmA_1,/home/dipshikha/Music/cao/CISLR_v1.5-a_videos/RJ2_mx6DsmA_1.mp4,VALID,,,8
RJVa8OUU9pA_1,/home/dipshikha/Music/cao/CISLR_v1.5-a_videos/RJVa8OUU9pA_1.mp4,VALID,,,8
RKMKhsFem98,/home/dipshikha/Music/cao/CISLR_v1.5-a_videos/RKMKhsFem98.mp4,VALID,,,8
RN3kLXQdNcc,/home/dipshikha/Music/cao/CISLR_v1.5-a_videos/RN3kLXQdNcc.mp4,VALID,,,8
RPzCiRXVcr8,/home/dipshikha/Music/cao/CISLR_v1.5-a_videos/RPzCiRXVcr8.mp4,VALID,,,8
RQ02eJz61lk_1,/home/dipshikha/Music/cao/CISLR_v1.5-a_videos/RQ02eJz61lk_1.mp4,VALID,,,8
RQEHiQQ25bY_1,/home/dipshikha/Music/cao/CISLR_v1.5-a_videos/RQEHiQQ25bY_1.mp4,VALID,,,8
RRX3vZmNyw4_1,/home/dipshikha/Music/cao/CISLR_v1.5-a_videos/RRX3vZmNyw4_1.mp4,VALID,,,8
RTvZD8AZs64,/home/dipshikha/Music/cao/CISLR_v1.5-a_videos/RTvZD8AZs64.mp4,VALID,,,8
RVKZfvYZHks_1,/home/dipshikha/Music/cao/CISLR_v1.5-a_videos/RVKZfvYZHks_1.mp4,VALID,,,8
RZymw-Gk26s_1,/home/dipshikha/Music/cao/CISLR_v1.5-a_videos/RZymw-Gk26s_1.mp4,VALID,,,8
R_6XeLEZzu0_1,/home/dipshikha/Music/cao/CISLR_v1.5-a_videos/R_6XeLEZzu0_1.mp4,VALID,,,8
Ra22ZVhrcxw,/home/dipshikha/Music/cao/CISLR_v1.5-a_videos/Ra22ZVhrcxw.mp4,VALID,,,8
RaTUMGgYYTY,/home/dipshikha/Music/cao/CISLR_v1.5-a_videos/RaTUMGgYYTY.mp4,VALID,,,8
Rah844Dfxf8,/home/dipshikha/Music/cao/CISLR_v1.5-a_videos/Rah844Dfxf8.mp4,VALID,,,8
RbTU0PE3ebM,/home/dipshikha/Music/cao/CISLR_v1.5-a_videos/RbTU0PE3ebM.mp4,VALID,,,8
Rc4vFhGRgIs,/home/dipshikha/Music/cao/CISLR_v1.5-a_videos/Rc4vFhGRgIs.mp4,VALID,,,8
RcWDXAwySlM,/home/dipshikha/Music/cao/CISLR_v1.5-a_videos/RcWDXAwySlM.mp4,VALID,,,8
RcZ64U1ydeg,/home/dipshikha/Music/cao/CISLR_v1.5-a_videos/RcZ64U1ydeg.mp4,VALID,,,8
Rd6B7wNJ2wQ,/home/dipshikha/Music/cao/CISLR_v1.5-a_videos/Rd6B7wNJ2wQ.mp4,VALID,,,8
RdhTo_18rQg,/home/dipshikha/Music/cao/CISLR_v1.5-a_videos/RdhTo_18rQg.mp4,VALID,,,8
ReA3MBOOJZU_1,/home/dipshikha/Music/cao/CISLR_v1.5-a_videos/ReA3MBOOJZU_1.mp4,VALID,,,8
ReGozpDkRcc,/home/dipshikha/Music/cao/CISLR_v1.5-a_videos/ReGozpDkRcc.mp4,VALID,,,8
RfhBkV1VBNo_1,/home/dipshikha/Music/cao/CISLR_v1.5-a_videos/RfhBkV1VBNo_1.mp4,VALID,,,8
RhS6nAUP3C4,/home/dipshikha/Music/cao/CISLR_v1.5-a_videos/RhS6nAUP3C4.mp4,VALID,,,8
RiAJCOudSjM_1,/home/dipshikha/Music/cao/CISLR_v1.5-a_videos/RiAJCOudSjM_1.mp4,VALID,,,8
RiyB_IpLUoA,/home/dipshikha/Music/cao/CISLR_v1.5-a_videos/RiyB_IpLUoA.mp4,VALID,,,8
Rj6pX9wzxqA_1,/home/dipshikha/Music/cao/CISLR_v1.5-a_videos/Rj6pX9wzxqA_1.mp4,VALID,,,8
RjI4uWN3FXg_1,/home/dipshikha/Music/cao/CISLR_v1.5-a_videos/RjI4uWN3FXg_1.mp4,VALID,,,8
RjlLl95EtCQ_1,/home/dipshikha/Music/cao/CISLR_v1.5-a_videos/RjlLl95EtCQ_1.mp4,VALID,,,8
Rjv2fm62JAY_1,/home/dipshikha/Music/cao/CISLR_v1.5-a_videos/Rjv2fm62JAY_1.mp4,VALID,,,8
RlIkYzzsHpg_1,/home/dipshikha/Music/cao/CISLR_v1.5-a_videos/RlIkYzzsHpg_1.mp4,VALID,,,8
Rloiqc9KybA,/home/dipshikha/Music/cao/CISLR_v1.5-a_videos/Rloiqc9KybA.mp4,VALID,,,8
Rmwh_Cfw9GE,/home/dipshikha/Music/cao/CISLR_v1.5-a_videos/Rmwh_Cfw9GE.mp4,VALID,,,8
RmxC2ESB77I,/home/dipshikha/Music/cao/CISLR_v1.5-a_videos/RmxC2ESB77I.mp4,VALID,,,8
RnbKUzEYGq8_1,/home/dipshikha/Music/cao/CISLR_v1.5-a_videos/RnbKUzEYGq8_1.mp4,VALID,,,8
RnqeyToK1I8,/home/dipshikha/Music/cao/CISLR_v1.5-a_videos/RnqeyToK1I8.mp4,VALID,,,8
Ro2y0_fypc4_1,/home/dipshikha/Music/cao/CISLR_v1.5-a_videos/Ro2y0_fypc4_1.mp4,VALID,,,8
Roe3st2xwgQ,/home/dipshikha/Music/cao/CISLR_v1.5-a_videos/Roe3st2xwgQ.mp4,VALID,,,8
RorIn-P_3DI,/home/dipshikha/Music/cao/CISLR_v1.5-a_videos/RorIn-P_3DI.mp4,VALID,,,8
RpZGZHEgtYI,/home/dipshikha/Music/cao/CISLR_v1.5-a_videos/RpZGZHEgtYI.mp4,VALID,,,8
RpoDGwIp43s,/home/dipshikha/Music/cao/CISLR_v1.5-a_videos/RpoDGwIp43s.mp4,VALID,,,8
RrtHIJ1gjL0,/home/dipshikha/Music/cao/CISLR_v1.5-a_videos/RrtHIJ1gjL0.mp4,VALID,,,8
RryRyaLEaeM,/home/dipshikha/Music/cao/CISLR_v1.5-a_videos/RryRyaLEaeM.mp4,VALID,,,8
Rs0EKMMQqPI,/home/dipshikha/Music/cao/CISLR_v1.5-a_videos/Rs0EKMMQqPI.mp4,VALID,,,8
RsVR6VKYIbw,/home/dipshikha/Music/cao/CISLR_v1.5-a_videos/RsVR6VKYIbw.mp4,VALID,,,8
RtOOeGlFdh4_1,/home/dipshikha/Music/cao/CISLR_v1.5-a_videos/RtOOeGlFdh4_1.mp4,VALID,,,8
Rty4lN6R8LY_1,/home/dipshikha/Music/cao/CISLR_v1.5-a_videos/Rty4lN6R8LY_1.mp4,VALID,,,8
Rv7YAemJwp8,/home/dipshikha/Music/cao/CISLR_v1.5-a_videos/Rv7YAemJwp8.mp4,VALID,,,8
RwIFUiFGMGw,/home/dipshikha/Music/cao/CISLR_v1.5-a_videos/RwIFUiFGMGw.mp4,VALID,,,8
Rwtcr4Lp9TQ_2,/home/dipshikha/Music/cao/CISLR_v1.5-a_videos/Rwtcr4Lp9TQ_2.mp4,INVALID,frame_decode_failed,95,8
Rxj7JFcWujk_1,/home/dipshikha/Music/cao/CISLR_v1.5-a_videos/Rxj7JFcWujk_1.mp4,VALID,,,8
RxqkJA2EG0s,/home/dipshikha/Music/cao/CISLR_v1.5-a_videos/RxqkJA2EG0s.mp4,VALID,,,8
S-BjndLCySU,/home/dipshikha/Music/cao/CISLR_v1.5-a_videos/S-BjndLCySU.mp4,VALID,,,8
S-v0z93Qc6I_1,/home/dipshikha/Music/cao/CISLR_v1.5-a_videos/S-v0z93Qc6I_1.mp4,VALID,,,8
S06jHWa7Brk_1,/home/dipshikha/Music/cao/CISLR_v1.5-a_videos/S06jHWa7Brk_1.mp4,VALID,,,8
S1eFafNFNOE,/home/dipshikha/Music/cao/CISLR_v1.5-a_videos/S1eFafNFNOE.mp4,VALID,,,8
S21lcUrY_pM,/home/dipshikha/Music/cao/CISLR_v1.5-a_videos/S21lcUrY_pM.mp4,VALID,,,8
S23VB6dVnw8_1,/home/dipshikha/Music/cao/CISLR_v1.5-a_videos/S23VB6dVnw8_1.mp4,VALID,,,8
S3pN7MBKPU0,/home/dipshikha/Music/cao/CISLR_v1.5-a_videos/S3pN7MBKPU0.mp4,VALID,,,8
S4GZ0J3GZvQ,/home/dipshikha/Music/cao/CISLR_v1.5-a_videos/S4GZ0J3GZvQ.mp4,VALID,,,8
S4Ygl6RqD98,/home/dipshikha/Music/cao/CISLR_v1.5-a_videos/S4Ygl6RqD98.mp4,VALID,,,8
S5iQxTVeKNE_2,/home/dipshikha/Music/cao/CISLR_v1.5-a_videos/S5iQxTVeKNE_2.mp4,INVALID,frame_decode_failed,92,8
S9wg2vb8-Aw,/home/dipshikha/Music/cao/CISLR_v1.5-a_videos/S9wg2vb8-Aw.mp4,VALID,,,8
SBeMy0KGdEw_1,/home/dipshikha/Music/cao/CISLR_v1.5-a_videos/SBeMy0KGdEw_1.mp4,VALID,,,8
SCNfdbheXqo_1,/home/dipshikha/Music/cao/CISLR_v1.5-a_videos/SCNfdbheXqo_1.mp4,VALID,,,8
SCd7SRCOr9o_1,/home/dipshikha/Music/cao/CISLR_v1.5-a_videos/SCd7SRCOr9o_1.mp4,VALID,,,8
SEYjG-0Mi3U,/home/dipshikha/Music/cao/CISLR_v1.5-a_videos/SEYjG-0Mi3U.mp4,VALID,,,8
SEmdCAG7t24_1,/home/dipshikha/Music/cao/CISLR_v1.5-a_videos/SEmdCAG7t24_1.mp4,VALID,,,8
SEuUIH_SeVc_1,/home/dipshikha/Music/cao/CISLR_v1.5-a_videos/SEuUIH_SeVc_1.mp4,VALID,,,8
SF7r2SG-fck,/home/dipshikha/Music/cao/CISLR_v1.5-a_videos/SF7r2SG-fck.mp4,VALID,,,8
SG-B3o7bMAc,/home/dipshikha/Music/cao/CISLR_v1.5-a_videos/SG-B3o7bMAc.mp4,VALID,,,8
SGsTDG4Awfk_1,/home/dipshikha/Music/cao/CISLR_v1.5-a_videos/SGsTDG4Awfk_1.mp4,VALID,,,8
SHPaqAaE29Q_1,/home/dipshikha/Music/cao/CISLR_v1.5-a_videos/SHPaqAaE29Q_1.mp4,VALID,,,8
SHsq8VSKV_M,/home/dipshikha/Music/cao/CISLR_v1.5-a_videos/SHsq8VSKV_M.mp4,VALID,,,8
SINe8jrjQfA_1,/home/dipshikha/Music/cao/CISLR_v1.5-a_videos/SINe8jrjQfA_1.mp4,VALID,,,8
SIR3vIJJECY,/home/dipshikha/Music/cao/CISLR_v1.5-a_videos/SIR3vIJJECY.mp4,VALID,,,8
SInKhy-06qA,/home/dipshikha/Music/cao/CISLR_v1.5-a_videos/SInKhy-06qA.mp4,VALID,,,8
SIqQlHOR0JM,/home/dipshikha/Music/cao/CISLR_v1.5-a_videos/SIqQlHOR0JM.mp4,VALID,,,8
SJJSpU8MFDs_2,/home/dipshikha/Music/cao/CISLR_v1.5-a_videos/SJJSpU8MFDs_2.mp4,INVALID,frame_decode_failed,68,8
SJrFnoOcTcI,/home/dipshikha/Music/cao/CISLR_v1.5-a_videos/SJrFnoOcTcI.mp4,VALID,,,8
SKlTYkUBVvQ_1,/home/dipshikha/Music/cao/CISLR_v1.5-a_videos/SKlTYkUBVvQ_1.mp4,VALID,,,8
SKzJwTW4NQ8,/home/dipshikha/Music/cao/CISLR_v1.5-a_videos/SKzJwTW4NQ8.mp4,VALID,,,8
SMEVutE0yBw,/home/dipshikha/Music/cao/CISLR_v1.5-a_videos/SMEVutE0yBw.mp4,VALID,,,8
SOkA4zA7ahE_1,/home/dipshikha/Music/cao/CISLR_v1.5-a_videos/SOkA4zA7ahE_1.mp4,VALID,,,8
SPVkNI9K4wA_1,/home/dipshikha/Music/cao/CISLR_v1.5-a_videos/SPVkNI9K4wA_1.mp4,VALID,,,8
SPqwUnfpXvg_2,/home/dipshikha/Music/cao/CISLR_v1.5-a_videos/SPqwUnfpXvg_2.mp4,INVALID,frame_decode_failed,87,8
SQ6O9z7AJpM,/home/dipshikha/Music/cao/CISLR_v1.5-a_videos/SQ6O9z7AJpM.mp4,VALID,,,8
SQXRw3c2dYw,/home/dipshikha/Music/cao/CISLR_v1.5-a_videos/SQXRw3c2dYw.mp4,VALID,,,8
SQZyez6oDKg,/home/dipshikha/Music/cao/CISLR_v1.5-a_videos/SQZyez6oDKg.mp4,VALID,,,8
SQsT1oeLr4g,/home/dipshikha/Music/cao/CISLR_v1.5-a_videos/SQsT1oeLr4g.mp4,VALID,,,8
SQymUlHks-I,/home/dipshikha/Music/cao/CISLR_v1.5-a_videos/SQymUlHks-I.mp4,VALID,,,8
SREF6XRNv0w,/home/dipshikha/Music/cao/CISLR_v1.5-a_videos/SREF6XRNv0w.mp4,VALID,,,8
STJ38FSDE8w,/home/dipshikha/Music/cao/CISLR_v1.5-a_videos/STJ38FSDE8w.mp4,VALID,,,8
STNM0hUpfhQ,/home/dipshikha/Music/cao/CISLR_v1.5-a_videos/STNM0hUpfhQ.mp4,VALID,,,8
STXgnu97Y6Y_1,/home/dipshikha/Music/cao/CISLR_v1.5-a_videos/STXgnu97Y6Y_1.mp4,VALID,,,8
STdeLMDk8Sc,/home/dipshikha/Music/cao/CISLR_v1.5-a_videos/STdeLMDk8Sc.mp4,VALID,,,8
STn1cOJ8Pms,/home/dipshikha/Music/cao/CISLR_v1.5-a_videos/STn1cOJ8Pms.mp4,VALID,,,8
SVIuCiTrn_8_2,/home/dipshikha/Music/cao/CISLR_v1.5-a_videos/SVIuCiTrn_8_2.mp4,INVALID,frame_decode_failed,99,8
SWWKwdMT9qQ,/home/dipshikha/Music/cao/CISLR_v1.5-a_videos/SWWKwdMT9qQ.mp4,VALID,,,8
SYNNpD0n0U0_2,/home/dipshikha/Music/cao/CISLR_v1.5-a_videos/SYNNpD0n0U0_2.mp4,INVALID,frame_decode_failed,122,8
SYlMAasD3Aw,/home/dipshikha/Music/cao/CISLR_v1.5-a_videos/SYlMAasD3Aw.mp4,VALID,,,8
SZeSrHZy0dM_1,/home/dipshikha/Music/cao/CISLR_v1.5-a_videos/SZeSrHZy0dM_1.mp4,VALID,,,8
Sb7r4EnLG-A_2,/home/dipshikha/Music/cao/CISLR_v1.5-a_videos/Sb7r4EnLG-A_2.mp4,INVALID,frame_decode_failed,152,8
SbYK9K-klAw,/home/dipshikha/Music/cao/CISLR_v1.5-a_videos/SbYK9K-klAw.mp4,VALID,,,8
ScstGTIjdOY_2,/home/dipshikha/Music/cao/CISLR_v1.5-a_videos/ScstGTIjdOY_2.mp4,INVALID,frame_decode_failed,145,8
Sd07nnmlTAE_2,/home/dipshikha/Music/cao/CISLR_v1.5-a_videos/Sd07nnmlTAE_2.mp4,INVALID,frame_decode_failed,142,8
Sd7e5qVlMB8,/home/dipshikha/Music/cao/CISLR_v1.5-a_videos/Sd7e5qVlMB8.mp4,VALID,,,8
SdBirBu-dak,/home/dipshikha/Music/cao/CISLR_v1.5-a_videos/SdBirBu-dak.mp4,VALID,,,8
Sh3P9rHIKOM,/home/dipshikha/Music/cao/CISLR_v1.5-a_videos/Sh3P9rHIKOM.mp4,VALID,,,8
ShXISzBU1Ug_2,/home/dipshikha/Music/cao/CISLR_v1.5-a_videos/ShXISzBU1Ug_2.mp4,INVALID,frame_decode_failed,137,8
SiP1g7kh1nE,/home/dipshikha/Music/cao/CISLR_v1.5-a_videos/SiP1g7kh1nE.mp4,VALID,,,8
SiRYkIO7AmQ_2,/home/dipshikha/Music/cao/CISLR_v1.5-a_videos/SiRYkIO7AmQ_2.mp4,VALID,,,8
SifysRkEATg_1,/home/dipshikha/Music/cao/CISLR_v1.5-a_videos/SifysRkEATg_1.mp4,VALID,,,8
SknrxI_nq64_1,/home/dipshikha/Music/cao/CISLR_v1.5-a_videos/SknrxI_nq64_1.mp4,VALID,,,8
SmgLg_SSvZg_1,/home/dipshikha/Music/cao/CISLR_v1.5-a_videos/SmgLg_SSvZg_1.mp4,VALID,,,8
SoxMQgRbBsA,/home/dipshikha/Music/cao/CISLR_v1.5-a_videos/SoxMQgRbBsA.mp4,VALID,,,8
SqIhCix7O9I,/home/dipshikha/Music/cao/CISLR_v1.5-a_videos/SqIhCix7O9I.mp4,VALID,,,8
SqN3GrAvif8,/home/dipshikha/Music/cao/CISLR_v1.5-a_videos/SqN3GrAvif8.mp4,VALID,,,8
SqjG2lMm-NU_1,/home/dipshikha/Music/cao/CISLR_v1.5-a_videos/SqjG2lMm-NU_1.mp4,VALID,,,8
SqoYBOJfc9w_1,/home/dipshikha/Music/cao/CISLR_v1.5-a_videos/SqoYBOJfc9w_1.mp4,VALID,,,8
Srl_Gk0vjLE,/home/dipshikha/Music/cao/CISLR_v1.5-a_videos/Srl_Gk0vjLE.mp4,VALID,,,8
SsDjl4tijyg_1,/home/dipshikha/Music/cao/CISLR_v1.5-a_videos/SsDjl4tijyg_1.mp4,VALID,,,8
Sv-nLK45XFA_1,/home/dipshikha/Music/cao/CISLR_v1.5-a_videos/Sv-nLK45XFA_1.mp4,VALID,,,8
SwLX5yOifFI,/home/dipshikha/Music/cao/CISLR_v1.5-a_videos/SwLX5yOifFI.mp4,VALID,,,8
SwLs3Kowas8_1,/home/dipshikha/Music/cao/CISLR_v1.5-a_videos/SwLs3Kowas8_1.mp4,VALID,,,8
Swad8O2a5Qc_1,/home/dipshikha/Music/cao/CISLR_v1.5-a_videos/Swad8O2a5Qc_1.mp4,VALID,,,8
Swny54RpOVw_1,/home/dipshikha/Music/cao/CISLR_v1.5-a_videos/Swny54RpOVw_1.mp4,VALID,,,8
SwtT_BdLe3A_1,/home/dipshikha/Music/cao/CISLR_v1.5-a_videos/SwtT_BdLe3A_1.mp4,VALID,,,8
SxLd_Jwhy80,/home/dipshikha/Music/cao/CISLR_v1.5-a_videos/SxLd_Jwhy80.mp4,VALID,,,8
SyRmYT523cU,/home/dipshikha/Music/cao/CISLR_v1.5-a_videos/SyRmYT523cU.mp4,VALID,,,8
Sz-NQ2ENlqA_1,/home/dipshikha/Music/cao/CISLR_v1.5-a_videos/Sz-NQ2ENlqA_1.mp4,VALID,,,8
T--ANw8Oxkk,/home/dipshikha/Music/cao/CISLR_v1.5-a_videos/T--ANw8Oxkk.mp4,VALID,,,8
T1M8kXkQJAY,/home/dipshikha/Music/cao/CISLR_v1.5-a_videos/T1M8kXkQJAY.mp4,VALID,,,8
T3wOnHCetE0_1,/home/dipshikha/Music/cao/CISLR_v1.5-a_videos/T3wOnHCetE0_1.mp4,VALID,,,8
T45Hsn9ABV4,/home/dipshikha/Music/cao/CISLR_v1.5-a_videos/T45Hsn9ABV4.mp4,VALID,,,8
T4BQsAvPno8_1,/home/dipshikha/Music/cao/CISLR_v1.5-a_videos/T4BQsAvPno8_1.mp4,VALID,,,8
T4VLu2P-X9s_1,/home/dipshikha/Music/cao/CISLR_v1.5-a_videos/T4VLu2P-X9s_1.mp4,VALID,,,8
T6vd9Criu48,/home/dipshikha/Music/cao/CISLR_v1.5-a_videos/T6vd9Criu48.mp4,VALID,,,8
T7afcYzRNU0_2,/home/dipshikha/Music/cao/CISLR_v1.5-a_videos/T7afcYzRNU0_2.mp4,INVALID,frame_decode_failed,126,8
T7b0UnZEOvM_1,/home/dipshikha/Music/cao/CISLR_v1.5-a_videos/T7b0UnZEOvM_1.mp4,VALID,,,8
T8I_n42FuBc,/home/dipshikha/Music/cao/CISLR_v1.5-a_videos/T8I_n42FuBc.mp4,VALID,,,8
T8g7H3Ie5YU,/home/dipshikha/Music/cao/CISLR_v1.5-a_videos/T8g7H3Ie5YU.mp4,VALID,,,8
T976ElYJ-qY,/home/dipshikha/Music/cao/CISLR_v1.5-a_videos/T976ElYJ-qY.mp4,VALID,,,8
TBZtRv2owM8,/home/dipshikha/Music/cao/CISLR_v1.5-a_videos/TBZtRv2owM8.mp4,VALID,,,8
TCHTGgRtZeI_1,/home/dipshikha/Music/cao/CISLR_v1.5-a_videos/TCHTGgRtZeI_1.mp4,VALID,,,8
TDbdRtOwX10,/home/dipshikha/Music/cao/CISLR_v1.5-a_videos/TDbdRtOwX10.mp4,VALID,,,8
TDdKRcFO4k8,/home/dipshikha/Music/cao/CISLR_v1.5-a_videos/TDdKRcFO4k8.mp4,VALID,,,8
TDlj5kHwiTk,/home/dipshikha/Music/cao/CISLR_v1.5-a_videos/TDlj5kHwiTk.mp4,VALID,,,8
TGckzkVJiio_1,/home/dipshikha/Music/cao/CISLR_v1.5-a_videos/TGckzkVJiio_1.mp4,VALID,,,8
THp4JJ3PWvo_1,/home/dipshikha/Music/cao/CISLR_v1.5-a_videos/THp4JJ3PWvo_1.mp4,VALID,,,8
TING64HUZ2k_2,/home/dipshikha/Music/cao/CISLR_v1.5-a_videos/TING64HUZ2k_2.mp4,VALID,,,8
TIlcuqK-fr8_1,/home/dipshikha/Music/cao/CISLR_v1.5-a_videos/TIlcuqK-fr8_1.mp4,VALID,,,8
TIr35oN6iSE,/home/dipshikha/Music/cao/CISLR_v1.5-a_videos/TIr35oN6iSE.mp4,VALID,,,8
TIzjrc3-71E,/home/dipshikha/Music/cao/CISLR_v1.5-a_videos/TIzjrc3-71E.mp4,VALID,,,8
TJJHfurpn-I,/home/dipshikha/Music/cao/CISLR_v1.5-a_videos/TJJHfurpn-I.mp4,VALID,,,8
TJQdtS0Dkyw,/home/dipshikha/Music/cao/CISLR_v1.5-a_videos/TJQdtS0Dkyw.mp4,VALID,,,8
TK3H8rmoV1Q,/home/dipshikha/Music/cao/CISLR_v1.5-a_videos/TK3H8rmoV1Q.mp4,VALID,,,8
TKsGy30vLtI,/home/dipshikha/Music/cao/CISLR_v1.5-a_videos/TKsGy30vLtI.mp4,VALID,,,8
TL4iZGEw9CY,/home/dipshikha/Music/cao/CISLR_v1.5-a_videos/TL4iZGEw9CY.mp4,VALID,,,8
TLN5DkTzcX8,/home/dipshikha/Music/cao/CISLR_v1.5-a_videos/TLN5DkTzcX8.mp4,VALID,,,8
TLXAEKQwcBY,/home/dipshikha/Music/cao/CISLR_v1.5-a_videos/TLXAEKQwcBY.mp4,VALID,,,8
TLf8Uvxntpg_2,/home/dipshikha/Music/cao/CISLR_v1.5-a_videos/TLf8Uvxntpg_2.mp4,INVALID,frame_decode_failed,112,8
TN5HogAE-fs,/home/dipshikha/Music/cao/CISLR_v1.5-a_videos/TN5HogAE-fs.mp4,VALID,,,8
TNNoq5pS-WQ_1,/home/dipshikha/Music/cao/CISLR_v1.5-a_videos/TNNoq5pS-WQ_1.mp4,VALID,,,8
TNODnmQ9R1M_1,/home/dipshikha/Music/cao/CISLR_v1.5-a_videos/TNODnmQ9R1M_1.mp4,VALID,,,8
TOK4IBhtuYI,/home/dipshikha/Music/cao/CISLR_v1.5-a_videos/TOK4IBhtuYI.mp4,VALID,,,8
TPCuCv8TjE8_1,/home/dipshikha/Music/cao/CISLR_v1.5-a_videos/TPCuCv8TjE8_1.mp4,VALID,,,8
TPwPNPP1rpI,/home/dipshikha/Music/cao/CISLR_v1.5-a_videos/TPwPNPP1rpI.mp4,VALID,,,8
TQeI5Uixibg,/home/dipshikha/Music/cao/CISLR_v1.5-a_videos/TQeI5Uixibg.mp4,VALID,,,8
TR30xmE3v0s,/home/dipshikha/Music/cao/CISLR_v1.5-a_videos/TR30xmE3v0s.mp4,VALID,,,8
TRIMTrqzSOc_1,/home/dipshikha/Music/cao/CISLR_v1.5-a_videos/TRIMTrqzSOc_1.mp4,VALID,,,8
TSBR8lkAmaQ,/home/dipshikha/Music/cao/CISLR_v1.5-a_videos/TSBR8lkAmaQ.mp4,VALID,,,8
TSoaGw5OEb0_1,/home/dipshikha/Music/cao/CISLR_v1.5-a_videos/TSoaGw5OEb0_1.mp4,VALID,,,8
TW2KbOGRx2I,/home/dipshikha/Music/cao/CISLR_v1.5-a_videos/TW2KbOGRx2I.mp4,VALID,,,8
TXe-rPMd1q4_1,/home/dipshikha/Music/cao/CISLR_v1.5-a_videos/TXe-rPMd1q4_1.mp4,VALID,,,8
TXtLoo3D-xQ,/home/dipshikha/Music/cao/CISLR_v1.5-a_videos/TXtLoo3D-xQ.mp4,VALID,,,8
TYiNnkTwP0w,/home/dipshikha/Music/cao/CISLR_v1.5-a_videos/TYiNnkTwP0w.mp4,VALID,,,8
TZEYZ0PggwY_1,/home/dipshikha/Music/cao/CISLR_v1.5-a_videos/TZEYZ0PggwY_1.mp4,VALID,,,8
TZkleWcH-wU_2,/home/dipshikha/Music/cao/CISLR_v1.5-a_videos/TZkleWcH-wU_2.mp4,INVALID,frame_decode_failed,146,8
TZqRg598wGQ,/home/dipshikha/Music/cao/CISLR_v1.5-a_videos/TZqRg598wGQ.mp4,VALID,,,8
TdwAJ3968lM,/home/dipshikha/Music/cao/CISLR_v1.5-a_videos/TdwAJ3968lM.mp4,VALID,,,8
Te9AcG7ugOc,/home/dipshikha/Music/cao/CISLR_v1.5-a_videos/Te9AcG7ugOc.mp4,VALID,,,8
TelHvRCbKco_1,/home/dipshikha/Music/cao/CISLR_v1.5-a_videos/TelHvRCbKco_1.mp4,VALID,,,8
TftELGOtnLM_2,/home/dipshikha/Music/cao/CISLR_v1.5-a_videos/TftELGOtnLM_2.mp4,INVALID,frame_decode_failed,97,8
ThLhLlan5Yo_1,/home/dipshikha/Music/cao/CISLR_v1.5-a_videos/ThLhLlan5Yo_1.mp4,VALID,,,8
Ti-7CP2GtaI_1,/home/dipshikha/Music/cao/CISLR_v1.5-a_videos/Ti-7CP2GtaI_1.mp4,VALID,,,8
TihAh8jvRTs_2,/home/dipshikha/Music/cao/CISLR_v1.5-a_videos/TihAh8jvRTs_2.mp4,INVALID,frame_decode_failed,98,8
TirzXnBaSt0,/home/dipshikha/Music/cao/CISLR_v1.5-a_videos/TirzXnBaSt0.mp4,VALID,,,8
Tj5FRh9ASMU,/home/dipshikha/Music/cao/CISLR_v1.5-a_videos/Tj5FRh9ASMU.mp4,VALID,,,8
TkREyqdJoCI,/home/dipshikha/Music/cao/CISLR_v1.5-a_videos/TkREyqdJoCI.mp4,VALID,,,8
TkWzFh1m6KU_1,/home/dipshikha/Music/cao/CISLR_v1.5-a_videos/TkWzFh1m6KU_1.mp4,VALID,,,8
TlGf_1YuYyE_1,/home/dipshikha/Music/cao/CISLR_v1.5-a_videos/TlGf_1YuYyE_1.mp4,VALID,,,8
TnGCg69kb1s_1,/home/dipshikha/Music/cao/CISLR_v1.5-a_videos/TnGCg69kb1s_1.mp4,VALID,,,8
Tp0lrE7068E,/home/dipshikha/Music/cao/CISLR_v1.5-a_videos/Tp0lrE7068E.mp4,VALID,,,8
Tpyp71m96Nk_1,/home/dipshikha/Music/cao/CISLR_v1.5-a_videos/Tpyp71m96Nk_1.mp4,VALID,,,8
TqSyQEAlkU8_2,/home/dipshikha/Music/cao/CISLR_v1.5-a_videos/TqSyQEAlkU8_2.mp4,INVALID,frame_decode_failed,74,8
TrCMG8Jm2_c,/home/dipshikha/Music/cao/CISLR_v1.5-a_videos/TrCMG8Jm2_c.mp4,VALID,,,8
TrGBcTGTlhI,/home/dipshikha/Music/cao/CISLR_v1.5-a_videos/TrGBcTGTlhI.mp4,VALID,,,8
TspS8Y62sXs,/home/dipshikha/Music/cao/CISLR_v1.5-a_videos/TspS8Y62sXs.mp4,VALID,,,8
Tuq_-EuFAhI,/home/dipshikha/Music/cao/CISLR_v1.5-a_videos/Tuq_-EuFAhI.mp4,VALID,,,8
Tw2qPxlzf6Q,/home/dipshikha/Music/cao/CISLR_v1.5-a_videos/Tw2qPxlzf6Q.mp4,VALID,,,8
Tw8BsgjnKIg,/home/dipshikha/Music/cao/CISLR_v1.5-a_videos/Tw8BsgjnKIg.mp4,VALID,,,8
TwD2W_F22dE_2,/home/dipshikha/Music/cao/CISLR_v1.5-a_videos/TwD2W_F22dE_2.mp4,INVALID,frame_decode_failed,130,8
Ty8eDa-6gQ0,/home/dipshikha/Music/cao/CISLR_v1.5-a_videos/Ty8eDa-6gQ0.mp4,VALID,,,8
Tyn9hWjEn5A_1,/home/dipshikha/Music/cao/CISLR_v1.5-a_videos/Tyn9hWjEn5A_1.mp4,VALID,,,8
TziAcjoELVE_1,/home/dipshikha/Music/cao/CISLR_v1.5-a_videos/TziAcjoELVE_1.mp4,VALID,,,8
U-3Gvctw8Do_1,/home/dipshikha/Music/cao/CISLR_v1.5-a_videos/U-3Gvctw8Do_1.mp4,VALID,,,8
U-MdJz1XGpg_1,/home/dipshikha/Music/cao/CISLR_v1.5-a_videos/U-MdJz1XGpg_1.mp4,VALID,,,8
U1TZROWBuoo,/home/dipshikha/Music/cao/CISLR_v1.5-a_videos/U1TZROWBuoo.mp4,VALID,,,8
U1jYplNZtN0_1,/home/dipshikha/Music/cao/CISLR_v1.5-a_videos/U1jYplNZtN0_1.mp4,VALID,,,8
U2W9kUCDsgU_1,/home/dipshikha/Music/cao/CISLR_v1.5-a_videos/U2W9kUCDsgU_1.mp4,VALID,,,8
U3w2AbN_8Og_1,/home/dipshikha/Music/cao/CISLR_v1.5-a_videos/U3w2AbN_8Og_1.mp4,VALID,,,8
U4dnLRpeTN8,/home/dipshikha/Music/cao/CISLR_v1.5-a_videos/U4dnLRpeTN8.mp4,VALID,,,8
U4zeXOlfF2c,/home/dipshikha/Music/cao/CISLR_v1.5-a_videos/U4zeXOlfF2c.mp4,VALID,,,8
U5lSxZnyve4_1,/home/dipshikha/Music/cao/CISLR_v1.5-a_videos/U5lSxZnyve4_1.mp4,VALID,,,8
U8-__KRMRSM,/home/dipshikha/Music/cao/CISLR_v1.5-a_videos/U8-__KRMRSM.mp4,VALID,,,8
U8TyoD2LxLU,/home/dipshikha/Music/cao/CISLR_v1.5-a_videos/U8TyoD2LxLU.mp4,VALID,,,8
U9WAeaZQgtE_2,/home/dipshikha/Music/cao/CISLR_v1.5-a_videos/U9WAeaZQgtE_2.mp4,INVALID,frame_decode_failed,74,8
UAHpTtftpWE_1,/home/dipshikha/Music/cao/CISLR_v1.5-a_videos/UAHpTtftpWE_1.mp4,VALID,,,8
UB4Z8Wzkj5g,/home/dipshikha/Music/cao/CISLR_v1.5-a_videos/UB4Z8Wzkj5g.mp4,VALID,,,8
UD02Bmbm1kk,/home/dipshikha/Music/cao/CISLR_v1.5-a_videos/UD02Bmbm1kk.mp4,VALID,,,8
UDCvZbi5eMw_2,/home/dipshikha/Music/cao/CISLR_v1.5-a_videos/UDCvZbi5eMw_2.mp4,INVALID,frame_decode_failed,173,8
UDcg2skGRXM_1,/home/dipshikha/Music/cao/CISLR_v1.5-a_videos/UDcg2skGRXM_1.mp4,VALID,,,8
UE2dRDkXVOw_1,/home/dipshikha/Music/cao/CISLR_v1.5-a_videos/UE2dRDkXVOw_1.mp4,VALID,,,8
UGFkd_LTNW0_2,/home/dipshikha/Music/cao/CISLR_v1.5-a_videos/UGFkd_LTNW0_2.mp4,VALID,,,8
UGMQBqwFQzg_1,/home/dipshikha/Music/cao/CISLR_v1.5-a_videos/UGMQBqwFQzg_1.mp4,VALID,,,8
UGX6actjbuM,/home/dipshikha/Music/cao/CISLR_v1.5-a_videos/UGX6actjbuM.mp4,VALID,,,8
UJHjwQ7yclM,/home/dipshikha/Music/cao/CISLR_v1.5-a_videos/UJHjwQ7yclM.mp4,VALID,,,8
UJe2UCSOExA,/home/dipshikha/Music/cao/CISLR_v1.5-a_videos/UJe2UCSOExA.mp4,VALID,,,8
UK3lCFwSt7A,/home/dipshikha/Music/cao/CISLR_v1.5-a_videos/UK3lCFwSt7A.mp4,VALID,,,8
ULLLdCsmxDU_1,/home/dipshikha/Music/cao/CISLR_v1.5-a_videos/ULLLdCsmxDU_1.mp4,VALID,,,8
UMGZsGFUVcA_1,/home/dipshikha/Music/cao/CISLR_v1.5-a_videos/UMGZsGFUVcA_1.mp4,VALID,,,8
UMMYGhp1SD4,/home/dipshikha/Music/cao/CISLR_v1.5-a_videos/UMMYGhp1SD4.mp4,VALID,,,8
UNNkbxYzexA,/home/dipshikha/Music/cao/CISLR_v1.5-a_videos/UNNkbxYzexA.mp4,VALID,,,8
UOF_LN4gRRw_1,/home/dipshikha/Music/cao/CISLR_v1.5-a_videos/UOF_LN4gRRw_1.mp4,VALID,,,8
UOFozu6HCwg_1,/home/dipshikha/Music/cao/CISLR_v1.5-a_videos/UOFozu6HCwg_1.mp4,VALID,,,8
UOktZawGna4,/home/dipshikha/Music/cao/CISLR_v1.5-a_videos/UOktZawGna4.mp4,VALID,,,8
UPBonZ_8HIM,/home/dipshikha/Music/cao/CISLR_v1.5-a_videos/UPBonZ_8HIM.mp4,VALID,,,8
UPh2mJTMLIQ,/home/dipshikha/Music/cao/CISLR_v1.5-a_videos/UPh2mJTMLIQ.mp4,VALID,,,8
UQh8UwdcnBI_1,/home/dipshikha/Music/cao/CISLR_v1.5-a_videos/UQh8UwdcnBI_1.mp4,VALID,,,8
URJUqJrqo_8,/home/dipshikha/Music/cao/CISLR_v1.5-a_videos/URJUqJrqo_8.mp4,VALID,,,8
URTZQEPHVxk,/home/dipshikha/Music/cao/CISLR_v1.5-a_videos/URTZQEPHVxk.mp4,VALID,,,8
US1v85XAz0c,/home/dipshikha/Music/cao/CISLR_v1.5-a_videos/US1v85XAz0c.mp4,VALID,,,8
USyI1R3TCr4,/home/dipshikha/Music/cao/CISLR_v1.5-a_videos/USyI1R3TCr4.mp4,VALID,,,8
UTkhiWX3IBk,/home/dipshikha/Music/cao/CISLR_v1.5-a_videos/UTkhiWX3IBk.mp4,VALID,,,8
UWWGrijcLSs,/home/dipshikha/Music/cao/CISLR_v1.5-a_videos/UWWGrijcLSs.mp4,VALID,,,8
UXoVPWIYL4k_2,/home/dipshikha/Music/cao/CISLR_v1.5-a_videos/UXoVPWIYL4k_2.mp4,INVALID,frame_decode_failed,98,8
UY6S37YeDTE_1,/home/dipshikha/Music/cao/CISLR_v1.5-a_videos/UY6S37YeDTE_1.mp4,VALID,,,8
UYS5jKTw0Ik_1,/home/dipshikha/Music/cao/CISLR_v1.5-a_videos/UYS5jKTw0Ik_1.mp4,VALID,,,8
UYYmJtinmNg,/home/dipshikha/Music/cao/CISLR_v1.5-a_videos/UYYmJtinmNg.mp4,VALID,,,8
Ua00PZ_-QKE_1,/home/dipshikha/Music/cao/CISLR_v1.5-a_videos/Ua00PZ_-QKE_1.mp4,VALID,,,8
Ua8OAMfzWAQ_1,/home/dipshikha/Music/cao/CISLR_v1.5-a_videos/Ua8OAMfzWAQ_1.mp4,VALID,,,8
UbEMzE9pxXU,/home/dipshikha/Music/cao/CISLR_v1.5-a_videos/UbEMzE9pxXU.mp4,VALID,,,8
UbQHwZHQSRM,/home/dipshikha/Music/cao/CISLR_v1.5-a_videos/UbQHwZHQSRM.mp4,VALID,,,8
UbZzQI8wKY8_2,/home/dipshikha/Music/cao/CISLR_v1.5-a_videos/UbZzQI8wKY8_2.mp4,VALID,,,8
Ubg4ASlf83o_1,/home/dipshikha/Music/cao/CISLR_v1.5-a_videos/Ubg4ASlf83o_1.mp4,VALID,,,8
Ubkc3VIH4QY,/home/dipshikha/Music/cao/CISLR_v1.5-a_videos/Ubkc3VIH4QY.mp4,VALID,,,8
UceHJJVBBzU,/home/dipshikha/Music/cao/CISLR_v1.5-a_videos/UceHJJVBBzU.mp4,VALID,,,8
Uctb3c7u__M_1,/home/dipshikha/Music/cao/CISLR_v1.5-a_videos/Uctb3c7u__M_1.mp4,VALID,,,8
UdD80Owt1n8_1,/home/dipshikha/Music/cao/CISLR_v1.5-a_videos/UdD80Owt1n8_1.mp4,VALID,,,8
Uf6P20S4HbI_1,/home/dipshikha/Music/cao/CISLR_v1.5-a_videos/Uf6P20S4HbI_1.mp4,VALID,,,8
UfA1NhqdyRQ_1,/home/dipshikha/Music/cao/CISLR_v1.5-a_videos/UfA1NhqdyRQ_1.mp4,VALID,,,8
UfJyWbJ_RpQ_2,/home/dipshikha/Music/cao/CISLR_v1.5-a_videos/UfJyWbJ_RpQ_2.mp4,VALID,,,8
UfYeaYNJV8E_1,/home/dipshikha/Music/cao/CISLR_v1.5-a_videos/UfYeaYNJV8E_1.mp4,VALID,,,8
UfZyeijqQeY_1,/home/dipshikha/Music/cao/CISLR_v1.5-a_videos/UfZyeijqQeY_1.mp4,VALID,,,8
UhtjXl2_OcA_1,/home/dipshikha/Music/cao/CISLR_v1.5-a_videos/UhtjXl2_OcA_1.mp4,VALID,,,8
UivWWBHOnAc,/home/dipshikha/Music/cao/CISLR_v1.5-a_videos/UivWWBHOnAc.mp4,VALID,,,8
UjkcbDkHvxY,/home/dipshikha/Music/cao/CISLR_v1.5-a_videos/UjkcbDkHvxY.mp4,VALID,,,8
Ujw6xa-mmZM,/home/dipshikha/Music/cao/CISLR_v1.5-a_videos/Ujw6xa-mmZM.mp4,VALID,,,8
Uk2g1CB1O2s_1,/home/dipshikha/Music/cao/CISLR_v1.5-a_videos/Uk2g1CB1O2s_1.mp4,VALID,,,8
UksWdbYQW2k_2,/home/dipshikha/Music/cao/CISLR_v1.5-a_videos/UksWdbYQW2k_2.mp4,INVALID,frame_decode_failed,127,8
UmIy-iRAW48,/home/dipshikha/Music/cao/CISLR_v1.5-a_videos/UmIy-iRAW48.mp4,VALID,,,8
UoBpthYc-HE,/home/dipshikha/Music/cao/CISLR_v1.5-a_videos/UoBpthYc-HE.mp4,VALID,,,8
UpDvz4TFXuY,/home/dipshikha/Music/cao/CISLR_v1.5-a_videos/UpDvz4TFXuY.mp4,VALID,,,8
UrDzxGca4Vg,/home/dipshikha/Music/cao/CISLR_v1.5-a_videos/UrDzxGca4Vg.mp4,VALID,,,8
Us3qUIzVN30_1,/home/dipshikha/Music/cao/CISLR_v1.5-a_videos/Us3qUIzVN30_1.mp4,VALID,,,8
UsfdUqWfoko_1,/home/dipshikha/Music/cao/CISLR_v1.5-a_videos/UsfdUqWfoko_1.mp4,VALID,,,8
UtDbK5h2P5s,/home/dipshikha/Music/cao/CISLR_v1.5-a_videos/UtDbK5h2P5s.mp4,VALID,,,8
UtIn2Jira9w,/home/dipshikha/Music/cao/CISLR_v1.5-a_videos/UtIn2Jira9w.mp4,VALID,,,8
UuYeKt00J9s_2,/home/dipshikha/Music/cao/CISLR_v1.5-a_videos/UuYeKt00J9s_2.mp4,VALID,,,8
UwWaRajzxt0,/home/dipshikha/Music/cao/CISLR_v1.5-a_videos/UwWaRajzxt0.mp4,VALID,,,8
UwjyKkkLN7o_1,/home/dipshikha/Music/cao/CISLR_v1.5-a_videos/UwjyKkkLN7o_1.mp4,VALID,,,8
UxC_mC9iK-I,/home/dipshikha/Music/cao/CISLR_v1.5-a_videos/UxC_mC9iK-I.mp4,VALID,,,8
UyOvMtr_ZOE_1,/home/dipshikha/Music/cao/CISLR_v1.5-a_videos/UyOvMtr_ZOE_1.mp4,VALID,,,8
UyuuFpV2QCg,/home/dipshikha/Music/cao/CISLR_v1.5-a_videos/UyuuFpV2QCg.mp4,VALID,,,8
Uyx_b73fxUc,/home/dipshikha/Music/cao/CISLR_v1.5-a_videos/Uyx_b73fxUc.mp4,VALID,,,8
Uz_wWiAtIUY,/home/dipshikha/Music/cao/CISLR_v1.5-a_videos/Uz_wWiAtIUY.mp4,VALID,,,8
V-YrxoE9qBE,/home/dipshikha/Music/cao/CISLR_v1.5-a_videos/V-YrxoE9qBE.mp4,VALID,,,8
V0VRDcoop14_1,/home/dipshikha/Music/cao/CISLR_v1.5-a_videos/V0VRDcoop14_1.mp4,VALID,,,8
V1-w01T8L84_1,/home/dipshikha/Music/cao/CISLR_v1.5-a_videos/V1-w01T8L84_1.mp4,VALID,,,8
V1dlIBcgvjo,/home/dipshikha/Music/cao/CISLR_v1.5-a_videos/V1dlIBcgvjo.mp4,VALID,,,8
V2MPSLmneX0,/home/dipshikha/Music/cao/CISLR_v1.5-a_videos/V2MPSLmneX0.mp4,VALID,,,8
V2xejNSSroM,/home/dipshikha/Music/cao/CISLR_v1.5-a_videos/V2xejNSSroM.mp4,VALID,,,8
V3YYjAXQwmI_2,/home/dipshikha/Music/cao/CISLR_v1.5-a_videos/V3YYjAXQwmI_2.mp4,VALID,,,8
V3bwmMHBHzE,/home/dipshikha/Music/cao/CISLR_v1.5-a_videos/V3bwmMHBHzE.mp4,VALID,,,8
V3nAp-Rq1W0_1,/home/dipshikha/Music/cao/CISLR_v1.5-a_videos/V3nAp-Rq1W0_1.mp4,VALID,,,8
V3vmgiymarA,/home/dipshikha/Music/cao/CISLR_v1.5-a_videos/V3vmgiymarA.mp4,VALID,,,8
V41e4s7n5jY_1,/home/dipshikha/Music/cao/CISLR_v1.5-a_videos/V41e4s7n5jY_1.mp4,VALID,,,8
V4nZC24tRJ4_2,/home/dipshikha/Music/cao/CISLR_v1.5-a_videos/V4nZC24tRJ4_2.mp4,VALID,,,8
V5ZoFg0ZI08_1,/home/dipshikha/Music/cao/CISLR_v1.5-a_videos/V5ZoFg0ZI08_1.mp4,VALID,,,8
V5ays4bEcFE,/home/dipshikha/Music/cao/CISLR_v1.5-a_videos/V5ays4bEcFE.mp4,VALID,,,8
V5pMbP6wR8k,/home/dipshikha/Music/cao/CISLR_v1.5-a_videos/V5pMbP6wR8k.mp4,VALID,,,8
V6STX-F9V8o_1,/home/dipshikha/Music/cao/CISLR_v1.5-a_videos/V6STX-F9V8o_1.mp4,VALID,,,8
V762TGrdsYI,/home/dipshikha/Music/cao/CISLR_v1.5-a_videos/V762TGrdsYI.mp4,VALID,,,8
V94cJaXyYpY,/home/dipshikha/Music/cao/CISLR_v1.5-a_videos/V94cJaXyYpY.mp4,VALID,,,8
VA6jHsfpa4g,/home/dipshikha/Music/cao/CISLR_v1.5-a_videos/VA6jHsfpa4g.mp4,VALID,,,8
VAGtePDt80E_1,/home/dipshikha/Music/cao/CISLR_v1.5-a_videos/VAGtePDt80E_1.mp4,VALID,,,8
VBM4ss11k-k,/home/dipshikha/Music/cao/CISLR_v1.5-a_videos/VBM4ss11k-k.mp4,VALID,,,8
VBX7WykbnZM,/home/dipshikha/Music/cao/CISLR_v1.5-a_videos/VBX7WykbnZM.mp4,VALID,,,8
VBdO8sQJM1s_1,/home/dipshikha/Music/cao/CISLR_v1.5-a_videos/VBdO8sQJM1s_1.mp4,VALID,,,8
VBnTbBdLA1M_2,/home/dipshikha/Music/cao/CISLR_v1.5-a_videos/VBnTbBdLA1M_2.mp4,INVALID,frame_decode_failed,102,8
VBvgxVhTCU4,/home/dipshikha/Music/cao/CISLR_v1.5-a_videos/VBvgxVhTCU4.mp4,VALID,,,8
VCAyZMacKXM,/home/dipshikha/Music/cao/CISLR_v1.5-a_videos/VCAyZMacKXM.mp4,VALID,,,8
VCOeuYSrcMI_1,/home/dipshikha/Music/cao/CISLR_v1.5-a_videos/VCOeuYSrcMI_1.mp4,VALID,,,8
VCjWwq5ww18_1,/home/dipshikha/Music/cao/CISLR_v1.5-a_videos/VCjWwq5ww18_1.mp4,VALID,,,8
VDET3icqk6A,/home/dipshikha/Music/cao/CISLR_v1.5-a_videos/VDET3icqk6A.mp4,VALID,,,8
VDbvWI5QT70,/home/dipshikha/Music/cao/CISLR_v1.5-a_videos/VDbvWI5QT70.mp4,VALID,,,8
VGY3MIoFFoU_2,/home/dipshikha/Music/cao/CISLR_v1.5-a_videos/VGY3MIoFFoU_2.mp4,INVALID,frame_decode_failed,95,8
VGa4oRGUQ-w,/home/dipshikha/Music/cao/CISLR_v1.5-a_videos/VGa4oRGUQ-w.mp4,VALID,,,8
VH9BKxQgE4I,/home/dipshikha/Music/cao/CISLR_v1.5-a_videos/VH9BKxQgE4I.mp4,VALID,,,8
VHEz_cYLDe8,/home/dipshikha/Music/cao/CISLR_v1.5-a_videos/VHEz_cYLDe8.mp4,VALID,,,8
VHdpLk4GK08_2,/home/dipshikha/Music/cao/CISLR_v1.5-a_videos/VHdpLk4GK08_2.mp4,INVALID,frame_decode_failed,118,8
VKeDxmyvczg_1,/home/dipshikha/Music/cao/CISLR_v1.5-a_videos/VKeDxmyvczg_1.mp4,VALID,,,8
VL83qtgsLCk,/home/dipshikha/Music/cao/CISLR_v1.5-a_videos/VL83qtgsLCk.mp4,VALID,,,8
VMI2RvR_tNA,/home/dipshikha/Music/cao/CISLR_v1.5-a_videos/VMI2RvR_tNA.mp4,VALID,,,8
VO1Wuqwc4wg,/home/dipshikha/Music/cao/CISLR_v1.5-a_videos/VO1Wuqwc4wg.mp4,VALID,,,8
VOEpCw8MRuo,/home/dipshikha/Music/cao/CISLR_v1.5-a_videos/VOEpCw8MRuo.mp4,VALID,,,8
VPB0XOlm-qE,/home/dipshikha/Music/cao/CISLR_v1.5-a_videos/VPB0XOlm-qE.mp4,VALID,,,8
VRTBNXGQAVY,/home/dipshikha/Music/cao/CISLR_v1.5-a_videos/VRTBNXGQAVY.mp4,VALID,,,8
VRhdtFEOlXs,/home/dipshikha/Music/cao/CISLR_v1.5-a_videos/VRhdtFEOlXs.mp4,VALID,,,8
VWNsruK2Yk0_1,/home/dipshikha/Music/cao/CISLR_v1.5-a_videos/VWNsruK2Yk0_1.mp4,VALID,,,8
VX-0YdOVhIE,/home/dipshikha/Music/cao/CISLR_v1.5-a_videos/VX-0YdOVhIE.mp4,VALID,,,8
VYVrUCzDt_w_1,/home/dipshikha/Music/cao/CISLR_v1.5-a_videos/VYVrUCzDt_w_1.mp4,VALID,,,8
V_NJjyZpYY4,/home/dipshikha/Music/cao/CISLR_v1.5-a_videos/V_NJjyZpYY4.mp4,VALID,,,8
VaWad6GHjNM_1,/home/dipshikha/Music/cao/CISLR_v1.5-a_videos/VaWad6GHjNM_1.mp4,VALID,,,8
Va_b6_X-wOs,/home/dipshikha/Music/cao/CISLR_v1.5-a_videos/Va_b6_X-wOs.mp4,VALID,,,8
VbRmhM7sUGo,/home/dipshikha/Music/cao/CISLR_v1.5-a_videos/VbRmhM7sUGo.mp4,VALID,,,8
VbiFEC7SKhg_2,/home/dipshikha/Music/cao/CISLR_v1.5-a_videos/VbiFEC7SKhg_2.mp4,VALID,,,8
Vc0YkcqRNAM,/home/dipshikha/Music/cao/CISLR_v1.5-a_videos/Vc0YkcqRNAM.mp4,VALID,,,8
Vc81XotPSFs,/home/dipshikha/Music/cao/CISLR_v1.5-a_videos/Vc81XotPSFs.mp4,VALID,,,8
VcOM49u8maQ,/home/dipshikha/Music/cao/CISLR_v1.5-a_videos/VcOM49u8maQ.mp4,VALID,,,8
VdG0pGDoCzM,/home/dipshikha/Music/cao/CISLR_v1.5-a_videos/VdG0pGDoCzM.mp4,VALID,,,8
VdaOSlNkCEY,/home/dipshikha/Music/cao/CISLR_v1.5-a_videos/VdaOSlNkCEY.mp4,VALID,,,8
VfKd7mog6AA,/home/dipshikha/Music/cao/CISLR_v1.5-a_videos/VfKd7mog6AA.mp4,VALID,,,8
VfQpOfUkVg8,/home/dipshikha/Music/cao/CISLR_v1.5-a_videos/VfQpOfUkVg8.mp4,VALID,,,8
Vft0oixnLPs,/home/dipshikha/Music/cao/CISLR_v1.5-a_videos/Vft0oixnLPs.mp4,VALID,,,8
VgrQMDa1vlI,/home/dipshikha/Music/cao/CISLR_v1.5-a_videos/VgrQMDa1vlI.mp4,VALID,,,8
VhB51KKUi10,/home/dipshikha/Music/cao/CISLR_v1.5-a_videos/VhB51KKUi10.mp4,VALID,,,8
VhpYWt3XsNk,/home/dipshikha/Music/cao/CISLR_v1.5-a_videos/VhpYWt3XsNk.mp4,VALID,,,8
VhsF-apA_D8_1,/home/dipshikha/Music/cao/CISLR_v1.5-a_videos/VhsF-apA_D8_1.mp4,VALID,,,8
VigebdpoRlI,/home/dipshikha/Music/cao/CISLR_v1.5-a_videos/VigebdpoRlI.mp4,VALID,,,8
Vl5pPd0iGy8_2,/home/dipshikha/Music/cao/CISLR_v1.5-a_videos/Vl5pPd0iGy8_2.mp4,VALID,,,8
VoGbGa9k9K8_1,/home/dipshikha/Music/cao/CISLR_v1.5-a_videos/VoGbGa9k9K8_1.mp4,VALID,,,8
VqF3Q_7eQDc_1,/home/dipshikha/Music/cao/CISLR_v1.5-a_videos/VqF3Q_7eQDc_1.mp4,VALID,,,8
VqIMqvX3c20,/home/dipshikha/Music/cao/CISLR_v1.5-a_videos/VqIMqvX3c20.mp4,VALID,,,8
VqeazWZzEp4,/home/dipshikha/Music/cao/CISLR_v1.5-a_videos/VqeazWZzEp4.mp4,VALID,,,8
VsCf7FnMXn0_1,/home/dipshikha/Music/cao/CISLR_v1.5-a_videos/VsCf7FnMXn0_1.mp4,VALID,,,8
VsZTOd6ZyJ4_1,/home/dipshikha/Music/cao/CISLR_v1.5-a_videos/VsZTOd6ZyJ4_1.mp4,VALID,,,8
VvCX63OKLoA_1,/home/dipshikha/Music/cao/CISLR_v1.5-a_videos/VvCX63OKLoA_1.mp4,VALID,,,8
VvT_rRyfhYs,/home/dipshikha/Music/cao/CISLR_v1.5-a_videos/VvT_rRyfhYs.mp4,VALID,,,8
VvrNTIzW2g8_1,/home/dipshikha/Music/cao/CISLR_v1.5-a_videos/VvrNTIzW2g8_1.mp4,VALID,,,8
VvsXemECtHM_1,/home/dipshikha/Music/cao/CISLR_v1.5-a_videos/VvsXemECtHM_1.mp4,VALID,,,8
VyjKJB6Koyk,/home/dipshikha/Music/cao/CISLR_v1.5-a_videos/VyjKJB6Koyk.mp4,VALID,,,8
VylWxxPSBOo,/home/dipshikha/Music/cao/CISLR_v1.5-a_videos/VylWxxPSBOo.mp4,VALID,,,8
Vym9FKyQnLQ_1,/home/dipshikha/Music/cao/CISLR_v1.5-a_videos/Vym9FKyQnLQ_1.mp4,VALID,,,8
W1JjuXkqfyA,/home/dipshikha/Music/cao/CISLR_v1.5-a_videos/W1JjuXkqfyA.mp4,VALID,,,8
W2MiLfsDFyU,/home/dipshikha/Music/cao/CISLR_v1.5-a_videos/W2MiLfsDFyU.mp4,VALID,,,8
W2nI_GK8rY4_1,/home/dipshikha/Music/cao/CISLR_v1.5-a_videos/W2nI_GK8rY4_1.mp4,VALID,,,8
W3mz1IrwitA,/home/dipshikha/Music/cao/CISLR_v1.5-a_videos/W3mz1IrwitA.mp4,VALID,,,8
W45SsK9W5qc_1,/home/dipshikha/Music/cao/CISLR_v1.5-a_videos/W45SsK9W5qc_1.mp4,VALID,,,8
W4DGPU0uPEw_1,/home/dipshikha/Music/cao/CISLR_v1.5-a_videos/W4DGPU0uPEw_1.mp4,VALID,,,8
W4I02aYytbg,/home/dipshikha/Music/cao/CISLR_v1.5-a_videos/W4I02aYytbg.mp4,VALID,,,8
W5EDhJ6YeyE,/home/dipshikha/Music/cao/CISLR_v1.5-a_videos/W5EDhJ6YeyE.mp4,VALID,,,8
W5RDOklZQxc,/home/dipshikha/Music/cao/CISLR_v1.5-a_videos/W5RDOklZQxc.mp4,VALID,,,8
W5yf-VHdSsg_2,/home/dipshikha/Music/cao/CISLR_v1.5-a_videos/W5yf-VHdSsg_2.mp4,VALID,,,8
W6k4SdELuOA,/home/dipshikha/Music/cao/CISLR_v1.5-a_videos/W6k4SdELuOA.mp4,VALID,,,8
W8978OLdbx0,/home/dipshikha/Music/cao/CISLR_v1.5-a_videos/W8978OLdbx0.mp4,VALID,,,8
W8DhdsaqA1A,/home/dipshikha/Music/cao/CISLR_v1.5-a_videos/W8DhdsaqA1A.mp4,VALID,,,8
W96HGg5hT2Y_1,/home/dipshikha/Music/cao/CISLR_v1.5-a_videos/W96HGg5hT2Y_1.mp4,VALID,,,8
W98Zz8BTu7A_1,/home/dipshikha/Music/cao/CISLR_v1.5-a_videos/W98Zz8BTu7A_1.mp4,VALID,,,8
W9OUQR3I6nU_2,/home/dipshikha/Music/cao/CISLR_v1.5-a_videos/W9OUQR3I6nU_2.mp4,INVALID,frame_decode_failed,99,8
WA9_DgdTz7M_1,/home/dipshikha/Music/cao/CISLR_v1.5-a_videos/WA9_DgdTz7M_1.mp4,VALID,,,8
WAJPb-9uOMI,/home/dipshikha/Music/cao/CISLR_v1.5-a_videos/WAJPb-9uOMI.mp4,VALID,,,8
WBM9qyakPIo_1,/home/dipshikha/Music/cao/CISLR_v1.5-a_videos/WBM9qyakPIo_1.mp4,VALID,,,8
WBcTr4MBhHY_1,/home/dipshikha/Music/cao/CISLR_v1.5-a_videos/WBcTr4MBhHY_1.mp4,VALID,,,8
WDHSvLNLkdM,/home/dipshikha/Music/cao/CISLR_v1.5-a_videos/WDHSvLNLkdM.mp4,VALID,,,8
WERWKq12o8g,/home/dipshikha/Music/cao/CISLR_v1.5-a_videos/WERWKq12o8g.mp4,VALID,,,8
WGdXSExEco8,/home/dipshikha/Music/cao/CISLR_v1.5-a_videos/WGdXSExEco8.mp4,VALID,,,8
WGp_XsdMsp8,/home/dipshikha/Music/cao/CISLR_v1.5-a_videos/WGp_XsdMsp8.mp4,VALID,,,8
WGvrtl9p1eY,/home/dipshikha/Music/cao/CISLR_v1.5-a_videos/WGvrtl9p1eY.mp4,VALID,,,8
WHmrq95mmOw,/home/dipshikha/Music/cao/CISLR_v1.5-a_videos/WHmrq95mmOw.mp4,VALID,,,8
WISR3HEeKgU,/home/dipshikha/Music/cao/CISLR_v1.5-a_videos/WISR3HEeKgU.mp4,VALID,,,8
WKgIi8YdHtI,/home/dipshikha/Music/cao/CISLR_v1.5-a_videos/WKgIi8YdHtI.mp4,VALID,,,8
WMZ6Yh1FSP4_1,/home/dipshikha/Music/cao/CISLR_v1.5-a_videos/WMZ6Yh1FSP4_1.mp4,VALID,,,8
WNcSoq9M-FU,/home/dipshikha/Music/cao/CISLR_v1.5-a_videos/WNcSoq9M-FU.mp4,VALID,,,8
WNeSwJJ4J7o,/home/dipshikha/Music/cao/CISLR_v1.5-a_videos/WNeSwJJ4J7o.mp4,VALID,,,8
WPckRR8epk8_1,/home/dipshikha/Music/cao/CISLR_v1.5-a_videos/WPckRR8epk8_1.mp4,VALID,,,8
WQpetmGGa2Y,/home/dipshikha/Music/cao/CISLR_v1.5-a_videos/WQpetmGGa2Y.mp4,VALID,,,8
WQtuFPPXrts_1,/home/dipshikha/Music/cao/CISLR_v1.5-a_videos/WQtuFPPXrts_1.mp4,VALID,,,8
WUH-YL4puUI_1,/home/dipshikha/Music/cao/CISLR_v1.5-a_videos/WUH-YL4puUI_1.mp4,VALID,,,8
WUTYbHOHrnM,/home/dipshikha/Music/cao/CISLR_v1.5-a_videos/WUTYbHOHrnM.mp4,VALID,,,8
WVaqG1MJyr4_1,/home/dipshikha/Music/cao/CISLR_v1.5-a_videos/WVaqG1MJyr4_1.mp4,VALID,,,8
WXDDCUpUoUo,/home/dipshikha/Music/cao/CISLR_v1.5-a_videos/WXDDCUpUoUo.mp4,VALID,,,8
WYEvZx_EaEo,/home/dipshikha/Music/cao/CISLR_v1.5-a_videos/WYEvZx_EaEo.mp4,VALID,,,8
WYav7_mmBHc_1,/home/dipshikha/Music/cao/CISLR_v1.5-a_videos/WYav7_mmBHc_1.mp4,VALID,,,8
WYgbIDwh3pQ_1,/home/dipshikha/Music/cao/CISLR_v1.5-a_videos/WYgbIDwh3pQ_1.mp4,VALID,,,8
WYoKVNCSH30_1,/home/dipshikha/Music/cao/CISLR_v1.5-a_videos/WYoKVNCSH30_1.mp4,VALID,,,8
WaTcrOr3-gk,/home/dipshikha/Music/cao/CISLR_v1.5-a_videos/WaTcrOr3-gk.mp4,VALID,,,8
WaYyPwTPsY4,/home/dipshikha/Music/cao/CISLR_v1.5-a_videos/WaYyPwTPsY4.mp4,VALID,,,8
Wasx0HPXASQ,/home/dipshikha/Music/cao/CISLR_v1.5-a_videos/Wasx0HPXASQ.mp4,VALID,,,8
WcmCeaR7Kk4,/home/dipshikha/Music/cao/CISLR_v1.5-a_videos/WcmCeaR7Kk4.mp4,VALID,,,8
WegWM9MfmYo,/home/dipshikha/Music/cao/CISLR_v1.5-a_videos/WegWM9MfmYo.mp4,VALID,,,8
Wi0iDXiVO3Q,/home/dipshikha/Music/cao/CISLR_v1.5-a_videos/Wi0iDXiVO3Q.mp4,VALID,,,8
WiOoeG7LL6I,/home/dipshikha/Music/cao/CISLR_v1.5-a_videos/WiOoeG7LL6I.mp4,VALID,,,8
WihSOQ3tQkw_1,/home/dipshikha/Music/cao/CISLR_v1.5-a_videos/WihSOQ3tQkw_1.mp4,VALID,,,8
WjM69tcGYT4,/home/dipshikha/Music/cao/CISLR_v1.5-a_videos/WjM69tcGYT4.mp4,VALID,,,8
WjikjzSwWqo_1,/home/dipshikha/Music/cao/CISLR_v1.5-a_videos/WjikjzSwWqo_1.mp4,VALID,,,8
Wli68zezuKs_1,/home/dipshikha/Music/cao/CISLR_v1.5-a_videos/Wli68zezuKs_1.mp4,VALID,,,8
WnMFiznX8XY_1,/home/dipshikha/Music/cao/CISLR_v1.5-a_videos/WnMFiznX8XY_1.mp4,VALID,,,8
WoCa7_MyCog_2,/home/dipshikha/Music/cao/CISLR_v1.5-a_videos/WoCa7_MyCog_2.mp4,INVALID,frame_decode_failed,116,8
WqC9XaIJz8w_1,/home/dipshikha/Music/cao/CISLR_v1.5-a_videos/WqC9XaIJz8w_1.mp4,VALID,,,8
WqPLcJouptA_2,/home/dipshikha/Music/cao/CISLR_v1.5-a_videos/WqPLcJouptA_2.mp4,INVALID,frame_decode_failed,140,8
WqWsOMVE56M_1,/home/dipshikha/Music/cao/CISLR_v1.5-a_videos/WqWsOMVE56M_1.mp4,VALID,,,8
Wro4Idj6K5s,/home/dipshikha/Music/cao/CISLR_v1.5-a_videos/Wro4Idj6K5s.mp4,VALID,,,8
WuGMN12WHWc_1,/home/dipshikha/Music/cao/CISLR_v1.5-a_videos/WuGMN12WHWc_1.mp4,VALID,,,8
WuoR5g21H1Q,/home/dipshikha/Music/cao/CISLR_v1.5-a_videos/WuoR5g21H1Q.mp4,VALID,,,8
Wv59G4v5X2Y,/home/dipshikha/Music/cao/CISLR_v1.5-a_videos/Wv59G4v5X2Y.mp4,VALID,,,8
WviZ3J-pPPI_1,/home/dipshikha/Music/cao/CISLR_v1.5-a_videos/WviZ3J-pPPI_1.mp4,VALID,,,8
WwD4gB4M3XA_2,/home/dipshikha/Music/cao/CISLR_v1.5-a_videos/WwD4gB4M3XA_2.mp4,INVALID,frame_decode_failed,99,8
WwlvxaeHNGI,/home/dipshikha/Music/cao/CISLR_v1.5-a_videos/WwlvxaeHNGI.mp4,VALID,,,8
WzQaqtHXGOc,/home/dipshikha/Music/cao/CISLR_v1.5-a_videos/WzQaqtHXGOc.mp4,VALID,,,8
X1g2HV45ghU,/home/dipshikha/Music/cao/CISLR_v1.5-a_videos/X1g2HV45ghU.mp4,VALID,,,8
X2LpR5Hc7YE,/home/dipshikha/Music/cao/CISLR_v1.5-a_videos/X2LpR5Hc7YE.mp4,VALID,,,8
X3YXNM8tpD8,/home/dipshikha/Music/cao/CISLR_v1.5-a_videos/X3YXNM8tpD8.mp4,VALID,,,8
X4AM6n6lNhw_1,/home/dipshikha/Music/cao/CISLR_v1.5-a_videos/X4AM6n6lNhw_1.mp4,VALID,,,8
X4Vs1TVkNss,/home/dipshikha/Music/cao/CISLR_v1.5-a_videos/X4Vs1TVkNss.mp4,VALID,,,8
X6SdTvnlu94_1,/home/dipshikha/Music/cao/CISLR_v1.5-a_videos/X6SdTvnlu94_1.mp4,VALID,,,8
X6V6ixAK0bI,/home/dipshikha/Music/cao/CISLR_v1.5-a_videos/X6V6ixAK0bI.mp4,VALID,,,8
X7cTwzYjoko,/home/dipshikha/Music/cao/CISLR_v1.5-a_videos/X7cTwzYjoko.mp4,VALID,,,8
X7vnmMCdV48,/home/dipshikha/Music/cao/CISLR_v1.5-a_videos/X7vnmMCdV48.mp4,VALID,,,8
X8RjdHHXbCY_2,/home/dipshikha/Music/cao/CISLR_v1.5-a_videos/X8RjdHHXbCY_2.mp4,VALID,,,8
X9wanmhpROw_1,/home/dipshikha/Music/cao/CISLR_v1.5-a_videos/X9wanmhpROw_1.mp4,VALID,,,8
XAvOgSgdGDA,/home/dipshikha/Music/cao/CISLR_v1.5-a_videos/XAvOgSgdGDA.mp4,VALID,,,8
XCPgFzW3yUE_1,/home/dipshikha/Music/cao/CISLR_v1.5-a_videos/XCPgFzW3yUE_1.mp4,VALID,,,8
XCYJTR2fzss_1,/home/dipshikha/Music/cao/CISLR_v1.5-a_videos/XCYJTR2fzss_1.mp4,VALID,,,8
XDO5mNV8P8o,/home/dipshikha/Music/cao/CISLR_v1.5-a_videos/XDO5mNV8P8o.mp4,VALID,,,8
XDSaCZLa0o0,/home/dipshikha/Music/cao/CISLR_v1.5-a_videos/XDSaCZLa0o0.mp4,VALID,,,8
XE2bfzfoTro,/home/dipshikha/Music/cao/CISLR_v1.5-a_videos/XE2bfzfoTro.mp4,VALID,,,8
XECPEZiJD4E_2,/home/dipshikha/Music/cao/CISLR_v1.5-a_videos/XECPEZiJD4E_2.mp4,VALID,,,8
XEQsvpY65LY_1,/home/dipshikha/Music/cao/CISLR_v1.5-a_videos/XEQsvpY65LY_1.mp4,VALID,,,8
XFDOnLG4P7Y,/home/dipshikha/Music/cao/CISLR_v1.5-a_videos/XFDOnLG4P7Y.mp4,VALID,,,8
XHJhdPI69bU_1,/home/dipshikha/Music/cao/CISLR_v1.5-a_videos/XHJhdPI69bU_1.mp4,VALID,,,8
XI4MKE3j4no,/home/dipshikha/Music/cao/CISLR_v1.5-a_videos/XI4MKE3j4no.mp4,VALID,,,8
XIKz5RlhRZU,/home/dipshikha/Music/cao/CISLR_v1.5-a_videos/XIKz5RlhRZU.mp4,VALID,,,8
XJlP6BgrAow,/home/dipshikha/Music/cao/CISLR_v1.5-a_videos/XJlP6BgrAow.mp4,VALID,,,8
XJmhK6SxaMQ,/home/dipshikha/Music/cao/CISLR_v1.5-a_videos/XJmhK6SxaMQ.mp4,VALID,,,8
XMtMf2GRxxk,/home/dipshikha/Music/cao/CISLR_v1.5-a_videos/XMtMf2GRxxk.mp4,VALID,,,8
XNwWFLtgL8I,/home/dipshikha/Music/cao/CISLR_v1.5-a_videos/XNwWFLtgL8I.mp4,VALID,,,8
XNzRI_vkkxM_1,/home/dipshikha/Music/cao/CISLR_v1.5-a_videos/XNzRI_vkkxM_1.mp4,VALID,,,8
XOHJjemMcW8_2,/home/dipshikha/Music/cao/CISLR_v1.5-a_videos/XOHJjemMcW8_2.mp4,INVALID,frame_decode_failed,91,8
XOqFl-yg95M_2,/home/dipshikha/Music/cao/CISLR_v1.5-a_videos/XOqFl-yg95M_2.mp4,VALID,,,8
XP1X2toQb3s,/home/dipshikha/Music/cao/CISLR_v1.5-a_videos/XP1X2toQb3s.mp4,VALID,,,8
XQgxYpjO6jU_2,/home/dipshikha/Music/cao/CISLR_v1.5-a_videos/XQgxYpjO6jU_2.mp4,VALID,,,8
XR2EElHLeWE_2,/home/dipshikha/Music/cao/CISLR_v1.5-a_videos/XR2EElHLeWE_2.mp4,VALID,,,8
XR_LQZfd3F8,/home/dipshikha/Music/cao/CISLR_v1.5-a_videos/XR_LQZfd3F8.mp4,VALID,,,8
XSz3T7I9Fbg_1,/home/dipshikha/Music/cao/CISLR_v1.5-a_videos/XSz3T7I9Fbg_1.mp4,VALID,,,8
XT42tl2wl_4,/home/dipshikha/Music/cao/CISLR_v1.5-a_videos/XT42tl2wl_4.mp4,VALID,,,8
XT4QvSmPJRQ_1,/home/dipshikha/Music/cao/CISLR_v1.5-a_videos/XT4QvSmPJRQ_1.mp4,VALID,,,8
XTZcfTHZlW0,/home/dipshikha/Music/cao/CISLR_v1.5-a_videos/XTZcfTHZlW0.mp4,VALID,,,8
XV9orqztWis,/home/dipshikha/Music/cao/CISLR_v1.5-a_videos/XV9orqztWis.mp4,VALID,,,8
XVlUiV0aFOM_1,/home/dipshikha/Music/cao/CISLR_v1.5-a_videos/XVlUiV0aFOM_1.mp4,VALID,,,8
XVyV9wkauSw_1,/home/dipshikha/Music/cao/CISLR_v1.5-a_videos/XVyV9wkauSw_1.mp4,VALID,,,8
XWvuOZR3KRY_1,/home/dipshikha/Music/cao/CISLR_v1.5-a_videos/XWvuOZR3KRY_1.mp4,VALID,,,8
XWwz6oS8uz8,/home/dipshikha/Music/cao/CISLR_v1.5-a_videos/XWwz6oS8uz8.mp4,VALID,,,8
XaifQVBtgpw_1,/home/dipshikha/Music/cao/CISLR_v1.5-a_videos/XaifQVBtgpw_1.mp4,VALID,,,8
XalS8Nhpxy8,/home/dipshikha/Music/cao/CISLR_v1.5-a_videos/XalS8Nhpxy8.mp4,VALID,,,8
XbKXIrsb2Sw,/home/dipshikha/Music/cao/CISLR_v1.5-a_videos/XbKXIrsb2Sw.mp4,VALID,,,8
XbKePH5Af7I_1,/home/dipshikha/Music/cao/CISLR_v1.5-a_videos/XbKePH5Af7I_1.mp4,VALID,,,8
Xbglx4_9h88,/home/dipshikha/Music/cao/CISLR_v1.5-a_videos/Xbglx4_9h88.mp4,VALID,,,8
Xbumrid_U8k_1,/home/dipshikha/Music/cao/CISLR_v1.5-a_videos/Xbumrid_U8k_1.mp4,VALID,,,8
XclyR8ijJbo_1,/home/dipshikha/Music/cao/CISLR_v1.5-a_videos/XclyR8ijJbo_1.mp4,VALID,,,8
XdGYd0-mOy8,/home/dipshikha/Music/cao/CISLR_v1.5-a_videos/XdGYd0-mOy8.mp4,VALID,,,8
Xds_c4kK0UQ_2,/home/dipshikha/Music/cao/CISLR_v1.5-a_videos/Xds_c4kK0UQ_2.mp4,INVALID,frame_decode_failed,78,8
Xf0NPEArdgY,/home/dipshikha/Music/cao/CISLR_v1.5-a_videos/Xf0NPEArdgY.mp4,VALID,,,8
XgbPX-5ddNM,/home/dipshikha/Music/cao/CISLR_v1.5-a_videos/XgbPX-5ddNM.mp4,VALID,,,8
XgnLpUYDvoE,/home/dipshikha/Music/cao/CISLR_v1.5-a_videos/XgnLpUYDvoE.mp4,VALID,,,8
XhewfEcC070,/home/dipshikha/Music/cao/CISLR_v1.5-a_videos/XhewfEcC070.mp4,VALID,,,8
XhiIueAytF4,/home/dipshikha/Music/cao/CISLR_v1.5-a_videos/XhiIueAytF4.mp4,VALID,,,8
XhxvdfUYX1E_1,/home/dipshikha/Music/cao/CISLR_v1.5-a_videos/XhxvdfUYX1E_1.mp4,VALID,,,8
Xj4aXWm1Ivk,/home/dipshikha/Music/cao/CISLR_v1.5-a_videos/Xj4aXWm1Ivk.mp4,VALID,,,8
Xjnz65u4rsc_1,/home/dipshikha/Music/cao/CISLR_v1.5-a_videos/Xjnz65u4rsc_1.mp4,VALID,,,8
XlHIH3wgbr4_1,/home/dipshikha/Music/cao/CISLR_v1.5-a_videos/XlHIH3wgbr4_1.mp4,VALID,,,8
Xlo5HX0NVO0,/home/dipshikha/Music/cao/CISLR_v1.5-a_videos/Xlo5HX0NVO0.mp4,VALID,,,8
Xlq9pRiAwLA_1,/home/dipshikha/Music/cao/CISLR_v1.5-a_videos/Xlq9pRiAwLA_1.mp4,VALID,,,8
XnTZYBLuwos,/home/dipshikha/Music/cao/CISLR_v1.5-a_videos/XnTZYBLuwos.mp4,VALID,,,8
XnkB49W7JEI,/home/dipshikha/Music/cao/CISLR_v1.5-a_videos/XnkB49W7JEI.mp4,VALID,,,8
XpYDSeC0hTA_1,/home/dipshikha/Music/cao/CISLR_v1.5-a_videos/XpYDSeC0hTA_1.mp4,VALID,,,8
XqH46D16YDI_1,/home/dipshikha/Music/cao/CISLR_v1.5-a_videos/XqH46D16YDI_1.mp4,VALID,,,8
XqcaXXg2ncs,/home/dipshikha/Music/cao/CISLR_v1.5-a_videos/XqcaXXg2ncs.mp4,VALID,,,8
XqqYCaMA1oM,/home/dipshikha/Music/cao/CISLR_v1.5-a_videos/XqqYCaMA1oM.mp4,VALID,,,8
Xqqb4UhRPMI_1,/home/dipshikha/Music/cao/CISLR_v1.5-a_videos/Xqqb4UhRPMI_1.mp4,VALID,,,8
Xt6ujzVtikU_2,/home/dipshikha/Music/cao/CISLR_v1.5-a_videos/Xt6ujzVtikU_2.mp4,INVALID,frame_decode_failed,96,8
Xvw_2UBBL30_2,/home/dipshikha/Music/cao/CISLR_v1.5-a_videos/Xvw_2UBBL30_2.mp4,INVALID,frame_decode_failed,113,8
Xw90mtR4Z7c_2,/home/dipshikha/Music/cao/CISLR_v1.5-a_videos/Xw90mtR4Z7c_2.mp4,INVALID,frame_decode_failed,85,8
XwQxJ5FXoQ8,/home/dipshikha/Music/cao/CISLR_v1.5-a_videos/XwQxJ5FXoQ8.mp4,VALID,,,8
XyDptoi7dw4,/home/dipshikha/Music/cao/CISLR_v1.5-a_videos/XyDptoi7dw4.mp4,VALID,,,8
XzFGTYxVrW0_2,/home/dipshikha/Music/cao/CISLR_v1.5-a_videos/XzFGTYxVrW0_2.mp4,VALID,,,8
XzRvTWXXufk,/home/dipshikha/Music/cao/CISLR_v1.5-a_videos/XzRvTWXXufk.mp4,VALID,,,8
Y0G5Sqs-lYw,/home/dipshikha/Music/cao/CISLR_v1.5-a_videos/Y0G5Sqs-lYw.mp4,VALID,,,8
Y0JhQ12-JVE,/home/dipshikha/Music/cao/CISLR_v1.5-a_videos/Y0JhQ12-JVE.mp4,VALID,,,8
Y1KyjzkkP4E_1,/home/dipshikha/Music/cao/CISLR_v1.5-a_videos/Y1KyjzkkP4E_1.mp4,VALID,,,8
Y1_xQfLPThU_1,/home/dipshikha/Music/cao/CISLR_v1.5-a_videos/Y1_xQfLPThU_1.mp4,VALID,,,8
Y1qTt6mL5ck,/home/dipshikha/Music/cao/CISLR_v1.5-a_videos/Y1qTt6mL5ck.mp4,VALID,,,8
Y1sJK9C1Y14,/home/dipshikha/Music/cao/CISLR_v1.5-a_videos/Y1sJK9C1Y14.mp4,VALID,,,8
Y2uzoxP4eZc,/home/dipshikha/Music/cao/CISLR_v1.5-a_videos/Y2uzoxP4eZc.mp4,VALID,,,8
Y66DFt19PyE,/home/dipshikha/Music/cao/CISLR_v1.5-a_videos/Y66DFt19PyE.mp4,VALID,,,8
Y7Smdq0HgqY,/home/dipshikha/Music/cao/CISLR_v1.5-a_videos/Y7Smdq0HgqY.mp4,VALID,,,8
Y7eYIdnqRSU,/home/dipshikha/Music/cao/CISLR_v1.5-a_videos/Y7eYIdnqRSU.mp4,VALID,,,8
Y9MkvKtXngo,/home/dipshikha/Music/cao/CISLR_v1.5-a_videos/Y9MkvKtXngo.mp4,VALID,,,8
YAn2NmtqmkU_1,/home/dipshikha/Music/cao/CISLR_v1.5-a_videos/YAn2NmtqmkU_1.mp4,VALID,,,8
YCnpEJTrtb4,/home/dipshikha/Music/cao/CISLR_v1.5-a_videos/YCnpEJTrtb4.mp4,VALID,,,8
YCunYHD0SVY,/home/dipshikha/Music/cao/CISLR_v1.5-a_videos/YCunYHD0SVY.mp4,VALID,,,8
YCuxJLH5fK0_2,/home/dipshikha/Music/cao/CISLR_v1.5-a_videos/YCuxJLH5fK0_2.mp4,INVALID,frame_decode_failed,95,8
YDCikAndHLU_1,/home/dipshikha/Music/cao/CISLR_v1.5-a_videos/YDCikAndHLU_1.mp4,VALID,,,8
YELxiOno-Q4_1,/home/dipshikha/Music/cao/CISLR_v1.5-a_videos/YELxiOno-Q4_1.mp4,VALID,,,8
YFrtVUeFoe4,/home/dipshikha/Music/cao/CISLR_v1.5-a_videos/YFrtVUeFoe4.mp4,VALID,,,8
YGISt7qQBCw,/home/dipshikha/Music/cao/CISLR_v1.5-a_videos/YGISt7qQBCw.mp4,VALID,,,8
YHRvUilX5yc_1,/home/dipshikha/Music/cao/CISLR_v1.5-a_videos/YHRvUilX5yc_1.mp4,VALID,,,8
YHl7zDSdzVE,/home/dipshikha/Music/cao/CISLR_v1.5-a_videos/YHl7zDSdzVE.mp4,VALID,,,8
YIns3vxfhnk,/home/dipshikha/Music/cao/CISLR_v1.5-a_videos/YIns3vxfhnk.mp4,VALID,,,8
YJTInZmt8eE,/home/dipshikha/Music/cao/CISLR_v1.5-a_videos/YJTInZmt8eE.mp4,VALID,,,8
YKeS_ZBqjUs,/home/dipshikha/Music/cao/CISLR_v1.5-a_videos/YKeS_ZBqjUs.mp4,VALID,,,8
YMao9qfTNDs,/home/dipshikha/Music/cao/CISLR_v1.5-a_videos/YMao9qfTNDs.mp4,VALID,,,8
YMuk_8H4EWM,/home/dipshikha/Music/cao/CISLR_v1.5-a_videos/YMuk_8H4EWM.mp4,VALID,,,8
YMzAv4AKiZI_1,/home/dipshikha/Music/cao/CISLR_v1.5-a_videos/YMzAv4AKiZI_1.mp4,VALID,,,8
YOouxgzRLPY_1,/home/dipshikha/Music/cao/CISLR_v1.5-a_videos/YOouxgzRLPY_1.mp4,VALID,,,8
YPnTIhCizr0,/home/dipshikha/Music/cao/CISLR_v1.5-a_videos/YPnTIhCizr0.mp4,VALID,,,8
YQflbkaOx2g,/home/dipshikha/Music/cao/CISLR_v1.5-a_videos/YQflbkaOx2g.mp4,VALID,,,8
YRc3fxOAnOg,/home/dipshikha/Music/cao/CISLR_v1.5-a_videos/YRc3fxOAnOg.mp4,VALID,,,8
YRlUUOC7_-0_1,/home/dipshikha/Music/cao/CISLR_v1.5-a_videos/YRlUUOC7_-0_1.mp4,VALID,,,8
YSKXGgR-m4Y_1,/home/dipshikha/Music/cao/CISLR_v1.5-a_videos/YSKXGgR-m4Y_1.mp4,VALID,,,8
YSgIm4RE1E4_1,/home/dipshikha/Music/cao/CISLR_v1.5-a_videos/YSgIm4RE1E4_1.mp4,VALID,,,8
YT1x1wgyjLQ_1,/home/dipshikha/Music/cao/CISLR_v1.5-a_videos/YT1x1wgyjLQ_1.mp4,VALID,,,8
YT3NbB5D_AU_1,/home/dipshikha/Music/cao/CISLR_v1.5-a_videos/YT3NbB5D_AU_1.mp4,VALID,,,8
YW5naaaX4ag_1,/home/dipshikha/Music/cao/CISLR_v1.5-a_videos/YW5naaaX4ag_1.mp4,VALID,,,8
YYJ96CO6dt0,/home/dipshikha/Music/cao/CISLR_v1.5-a_videos/YYJ96CO6dt0.mp4,VALID,,,8
YZNxu9uehxA_1,/home/dipshikha/Music/cao/CISLR_v1.5-a_videos/YZNxu9uehxA_1.mp4,VALID,,,8
Y_T9AimBaqk_1,/home/dipshikha/Music/cao/CISLR_v1.5-a_videos/Y_T9AimBaqk_1.mp4,VALID,,,8
YcSno6m_WPQ_1,/home/dipshikha/Music/cao/CISLR_v1.5-a_videos/YcSno6m_WPQ_1.mp4,VALID,,,8
YcTowX_Es6E,/home/dipshikha/Music/cao/CISLR_v1.5-a_videos/YcTowX_Es6E.mp4,VALID,,,8
YewyTxkCShU,/home/dipshikha/Music/cao/CISLR_v1.5-a_videos/YewyTxkCShU.mp4,VALID,,,8
YfPizjRLLBk_1,/home/dipshikha/Music/cao/CISLR_v1.5-a_videos/YfPizjRLLBk_1.mp4,VALID,,,8
YfbeV360wAA,/home/dipshikha/Music/cao/CISLR_v1.5-a_videos/YfbeV360wAA.mp4,VALID,,,8
YgZcsvejUF0,/home/dipshikha/Music/cao/CISLR_v1.5-a_videos/YgZcsvejUF0.mp4,VALID,,,8
YhHAI3h-Pno,/home/dipshikha/Music/cao/CISLR_v1.5-a_videos/YhHAI3h-Pno.mp4,VALID,,,8
Yipdqci-cG4,/home/dipshikha/Music/cao/CISLR_v1.5-a_videos/Yipdqci-cG4.mp4,VALID,,,8
YjFFLGIxdsw,/home/dipshikha/Music/cao/CISLR_v1.5-a_videos/YjFFLGIxdsw.mp4,VALID,,,8
YkjhmBTDRSE,/home/dipshikha/Music/cao/CISLR_v1.5-a_videos/YkjhmBTDRSE.mp4,VALID,,,8
Ykv_2L4-7RY,/home/dipshikha/Music/cao/CISLR_v1.5-a_videos/Ykv_2L4-7RY.mp4,VALID,,,8
YlpdAUskBYI,/home/dipshikha/Music/cao/CISLR_v1.5-a_videos/YlpdAUskBYI.mp4,VALID,,,8
YnKRMSyKkJk_1,/home/dipshikha/Music/cao/CISLR_v1.5-a_videos/YnKRMSyKkJk_1.mp4,VALID,,,8
YoqthDSpmXU,/home/dipshikha/Music/cao/CISLR_v1.5-a_videos/YoqthDSpmXU.mp4,VALID,,,8
Yp-T6g3cBAU_1,/home/dipshikha/Music/cao/CISLR_v1.5-a_videos/Yp-T6g3cBAU_1.mp4,VALID,,,8
Yrzxd9xMdf4_1,/home/dipshikha/Music/cao/CISLR_v1.5-a_videos/Yrzxd9xMdf4_1.mp4,VALID,,,8
YscdSP4txHA,/home/dipshikha/Music/cao/CISLR_v1.5-a_videos/YscdSP4txHA.mp4,VALID,,,8
Ystk7l_FXfM,/home/dipshikha/Music/cao/CISLR_v1.5-a_videos/Ystk7l_FXfM.mp4,VALID,,,8
YtxxtvSqLN0,/home/dipshikha/Music/cao/CISLR_v1.5-a_videos/YtxxtvSqLN0.mp4,VALID,,,8
Yu6K4sXguXs_1,/home/dipshikha/Music/cao/CISLR_v1.5-a_videos/Yu6K4sXguXs_1.mp4,VALID,,,8
YufUJ48avIM,/home/dipshikha/Music/cao/CISLR_v1.5-a_videos/YufUJ48avIM.mp4,VALID,,,8
YwFKOE6S4C0_1,/home/dipshikha/Music/cao/CISLR_v1.5-a_videos/YwFKOE6S4C0_1.mp4,VALID,,,8
Ywv9sPO2h8U_1,/home/dipshikha/Music/cao/CISLR_v1.5-a_videos/Ywv9sPO2h8U_1.mp4,VALID,,,8
Yx69VxUEjg4_1,/home/dipshikha/Music/cao/CISLR_v1.5-a_videos/Yx69VxUEjg4_1.mp4,VALID,,,8
YzE81xCkrbs_1,/home/dipshikha/Music/cao/CISLR_v1.5-a_videos/YzE81xCkrbs_1.mp4,VALID,,,8
YzFnEXBbgqk,/home/dipshikha/Music/cao/CISLR_v1.5-a_videos/YzFnEXBbgqk.mp4,VALID,,,8
YzMaVzYqmoI,/home/dipshikha/Music/cao/CISLR_v1.5-a_videos/YzMaVzYqmoI.mp4,VALID,,,8
Z-WSsu6coz0_1,/home/dipshikha/Music/cao/CISLR_v1.5-a_videos/Z-WSsu6coz0_1.mp4,VALID,,,8
Z-eYQ41xjss_1,/home/dipshikha/Music/cao/CISLR_v1.5-a_videos/Z-eYQ41xjss_1.mp4,VALID,,,8
Z1du80pIIo0,/home/dipshikha/Music/cao/CISLR_v1.5-a_videos/Z1du80pIIo0.mp4,VALID,,,8
Z1rwaj311WE_1,/home/dipshikha/Music/cao/CISLR_v1.5-a_videos/Z1rwaj311WE_1.mp4,VALID,,,8
Z3CJVJpzaio_1,/home/dipshikha/Music/cao/CISLR_v1.5-a_videos/Z3CJVJpzaio_1.mp4,VALID,,,8
Z3vKfnZktzo,/home/dipshikha/Music/cao/CISLR_v1.5-a_videos/Z3vKfnZktzo.mp4,VALID,,,8
Z40K5gHMTUI_1,/home/dipshikha/Music/cao/CISLR_v1.5-a_videos/Z40K5gHMTUI_1.mp4,VALID,,,8
Z45tFt5f02s_1,/home/dipshikha/Music/cao/CISLR_v1.5-a_videos/Z45tFt5f02s_1.mp4,VALID,,,8
Z57OPDQI-AM_2,/home/dipshikha/Music/cao/CISLR_v1.5-a_videos/Z57OPDQI-AM_2.mp4,VALID,,,8
Z6tnoY_mWJI,/home/dipshikha/Music/cao/CISLR_v1.5-a_videos/Z6tnoY_mWJI.mp4,VALID,,,8
Z7SDxmGugRY_2,/home/dipshikha/Music/cao/CISLR_v1.5-a_videos/Z7SDxmGugRY_2.mp4,INVALID,frame_decode_failed,104,8
Z7rp2PsMEnM_1,/home/dipshikha/Music/cao/CISLR_v1.5-a_videos/Z7rp2PsMEnM_1.mp4,VALID,,,8
Z90_kV0h1d8_1,/home/dipshikha/Music/cao/CISLR_v1.5-a_videos/Z90_kV0h1d8_1.mp4,VALID,,,8
ZD4iPTVebqg,/home/dipshikha/Music/cao/CISLR_v1.5-a_videos/ZD4iPTVebqg.mp4,VALID,,,8
ZE26UZXyMDs_1,/home/dipshikha/Music/cao/CISLR_v1.5-a_videos/ZE26UZXyMDs_1.mp4,VALID,,,8
ZES6f5bu19M,/home/dipshikha/Music/cao/CISLR_v1.5-a_videos/ZES6f5bu19M.mp4,VALID,,,8
ZGH9wRwlXSA_1,/home/dipshikha/Music/cao/CISLR_v1.5-a_videos/ZGH9wRwlXSA_1.mp4,VALID,,,8
ZGZMh2l-Kro_1,/home/dipshikha/Music/cao/CISLR_v1.5-a_videos/ZGZMh2l-Kro_1.mp4,VALID,,,8
ZH6w06bHVJs,/home/dipshikha/Music/cao/CISLR_v1.5-a_videos/ZH6w06bHVJs.mp4,VALID,,,8
ZHn-DlqMC3c_1,/home/dipshikha/Music/cao/CISLR_v1.5-a_videos/ZHn-DlqMC3c_1.mp4,VALID,,,8
ZKrESO7NJkw,/home/dipshikha/Music/cao/CISLR_v1.5-a_videos/ZKrESO7NJkw.mp4,VALID,,,8
ZLMSgBfkRgc,/home/dipshikha/Music/cao/CISLR_v1.5-a_videos/ZLMSgBfkRgc.mp4,VALID,,,8
ZLj7E6Q5ZUg_1,/home/dipshikha/Music/cao/CISLR_v1.5-a_videos/ZLj7E6Q5ZUg_1.mp4,VALID,,,8
ZM0n1zjza48,/home/dipshikha/Music/cao/CISLR_v1.5-a_videos/ZM0n1zjza48.mp4,VALID,,,8
ZM95iphl6eM,/home/dipshikha/Music/cao/CISLR_v1.5-a_videos/ZM95iphl6eM.mp4,VALID,,,8
ZQXv3lFCkp8_2,/home/dipshikha/Music/cao/CISLR_v1.5-a_videos/ZQXv3lFCkp8_2.mp4,INVALID,frame_decode_failed,91,8
ZQzqGalXdEU_1,/home/dipshikha/Music/cao/CISLR_v1.5-a_videos/ZQzqGalXdEU_1.mp4,VALID,,,8
ZRb_4bhHAus_1,/home/dipshikha/Music/cao/CISLR_v1.5-a_videos/ZRb_4bhHAus_1.mp4,VALID,,,8
ZT-CEOMhqAI_1,/home/dipshikha/Music/cao/CISLR_v1.5-a_videos/ZT-CEOMhqAI_1.mp4,VALID,,,8
ZTdHkUXOcHU_2,/home/dipshikha/Music/cao/CISLR_v1.5-a_videos/ZTdHkUXOcHU_2.mp4,INVALID,frame_decode_failed,94,8
ZTyOfVeFBgA_2,/home/dipshikha/Music/cao/CISLR_v1.5-a_videos/ZTyOfVeFBgA_2.mp4,VALID,,,8
ZU74gADGVD4,/home/dipshikha/Music/cao/CISLR_v1.5-a_videos/ZU74gADGVD4.mp4,VALID,,,8
ZUL1-j2VL6w,/home/dipshikha/Music/cao/CISLR_v1.5-a_videos/ZUL1-j2VL6w.mp4,VALID,,,8
ZWdAqWE-J3k,/home/dipshikha/Music/cao/CISLR_v1.5-a_videos/ZWdAqWE-J3k.mp4,VALID,,,8
ZYzl-LchceU_1,/home/dipshikha/Music/cao/CISLR_v1.5-a_videos/ZYzl-LchceU_1.mp4,VALID,,,8
ZZtr21utYZU,/home/dipshikha/Music/cao/CISLR_v1.5-a_videos/ZZtr21utYZU.mp4,VALID,,,8
Z_LPvE-ICAw_1,/home/dipshikha/Music/cao/CISLR_v1.5-a_videos/Z_LPvE-ICAw_1.mp4,VALID,,,8
Za7gQoC8eaA_1,/home/dipshikha/Music/cao/CISLR_v1.5-a_videos/Za7gQoC8eaA_1.mp4,VALID,,,8
ZaBfhzfL_II,/home/dipshikha/Music/cao/CISLR_v1.5-a_videos/ZaBfhzfL_II.mp4,VALID,,,8
ZaNS5RUpBAM_1,/home/dipshikha/Music/cao/CISLR_v1.5-a_videos/ZaNS5RUpBAM_1.mp4,VALID,,,8
Zb_TG66NcQM,/home/dipshikha/Music/cao/CISLR_v1.5-a_videos/Zb_TG66NcQM.mp4,VALID,,,8
Zc9o_U0ilpU,/home/dipshikha/Music/cao/CISLR_v1.5-a_videos/Zc9o_U0ilpU.mp4,VALID,,,8
ZcKsHron__8,/home/dipshikha/Music/cao/CISLR_v1.5-a_videos/ZcKsHron__8.mp4,VALID,,,8
ZcxtRrRVHFE,/home/dipshikha/Music/cao/CISLR_v1.5-a_videos/ZcxtRrRVHFE.mp4,VALID,,,8
ZfvUujCbJR0,/home/dipshikha/Music/cao/CISLR_v1.5-a_videos/ZfvUujCbJR0.mp4,VALID,,,8
Zgt1aed1imY,/home/dipshikha/Music/cao/CISLR_v1.5-a_videos/Zgt1aed1imY.mp4,VALID,,,8
Zj_vIX40c4U,/home/dipshikha/Music/cao/CISLR_v1.5-a_videos/Zj_vIX40c4U.mp4,VALID,,,8
ZkswCQRgxvQ_1,/home/dipshikha/Music/cao/CISLR_v1.5-a_videos/ZkswCQRgxvQ_1.mp4,VALID,,,8
ZlEsSpNpRWc_1,/home/dipshikha/Music/cao/CISLR_v1.5-a_videos/ZlEsSpNpRWc_1.mp4,VALID,,,8
ZlHosNYMQwE,/home/dipshikha/Music/cao/CISLR_v1.5-a_videos/ZlHosNYMQwE.mp4,VALID,,,8
ZmwQgw19ceU,/home/dipshikha/Music/cao/CISLR_v1.5-a_videos/ZmwQgw19ceU.mp4,VALID,,,8
Zn0fVlU7o9Y_1,/home/dipshikha/Music/cao/CISLR_v1.5-a_videos/Zn0fVlU7o9Y_1.mp4,VALID,,,8
Zr3LQ0FwcUM,/home/dipshikha/Music/cao/CISLR_v1.5-a_videos/Zr3LQ0FwcUM.mp4,VALID,,,8
Zrcq4sIJPH0_1,/home/dipshikha/Music/cao/CISLR_v1.5-a_videos/Zrcq4sIJPH0_1.mp4,VALID,,,8
ZrzSxs277R8,/home/dipshikha/Music/cao/CISLR_v1.5-a_videos/ZrzSxs277R8.mp4,VALID,,,8
ZsQM3Ip3WP4,/home/dipshikha/Music/cao/CISLR_v1.5-a_videos/ZsQM3Ip3WP4.mp4,VALID,,,8
ZtAKgVo5KFQ_2,/home/dipshikha/Music/cao/CISLR_v1.5-a_videos/ZtAKgVo5KFQ_2.mp4,INVALID,frame_decode_failed,92,8
ZuMVWIDZEQI_1,/home/dipshikha/Music/cao/CISLR_v1.5-a_videos/ZuMVWIDZEQI_1.mp4,VALID,,,8
ZuVsJQ_IKxc_1,/home/dipshikha/Music/cao/CISLR_v1.5-a_videos/ZuVsJQ_IKxc_1.mp4,VALID,,,8
_-U30DSj-t0_2,/home/dipshikha/Music/cao/CISLR_v1.5-a_videos/_-U30DSj-t0_2.mp4,VALID,,,8
_16L9IQXOm8_1,/home/dipshikha/Music/cao/CISLR_v1.5-a_videos/_16L9IQXOm8_1.mp4,VALID,,,8
_1vtXVjFtg0_1,/home/dipshikha/Music/cao/CISLR_v1.5-a_videos/_1vtXVjFtg0_1.mp4,VALID,,,8
_2TlWc7fctg,/home/dipshikha/Music/cao/CISLR_v1.5-a_videos/_2TlWc7fctg.mp4,VALID,,,8
_4oE2cTO6V4,/home/dipshikha/Music/cao/CISLR_v1.5-a_videos/_4oE2cTO6V4.mp4,VALID,,,8
_5-p1Ci-LQI,/home/dipshikha/Music/cao/CISLR_v1.5-a_videos/_5-p1Ci-LQI.mp4,VALID,,,8
_7E0eolOh4c,/home/dipshikha/Music/cao/CISLR_v1.5-a_videos/_7E0eolOh4c.mp4,VALID,,,8
_7G2Uzs6TTE_1,/home/dipshikha/Music/cao/CISLR_v1.5-a_videos/_7G2Uzs6TTE_1.mp4,VALID,,,8
_8BciHWrpOA,/home/dipshikha/Music/cao/CISLR_v1.5-a_videos/_8BciHWrpOA.mp4,VALID,,,8
_8bxz4NREvk,/home/dipshikha/Music/cao/CISLR_v1.5-a_videos/_8bxz4NREvk.mp4,VALID,,,8
_9JUz_eRGKk_1,/home/dipshikha/Music/cao/CISLR_v1.5-a_videos/_9JUz_eRGKk_1.mp4,VALID,,,8
_9fyR8lD1Uo_2,/home/dipshikha/Music/cao/CISLR_v1.5-a_videos/_9fyR8lD1Uo_2.mp4,INVALID,frame_decode_failed,106,8
_CKSfuSN8qY,/home/dipshikha/Music/cao/CISLR_v1.5-a_videos/_CKSfuSN8qY.mp4,VALID,,,8
_Dzn4G-zY6Y,/home/dipshikha/Music/cao/CISLR_v1.5-a_videos/_Dzn4G-zY6Y.mp4,VALID,,,8
_FpLmutBgNQ_2,/home/dipshikha/Music/cao/CISLR_v1.5-a_videos/_FpLmutBgNQ_2.mp4,INVALID,frame_decode_failed,116,8
_GG3jvZWj_4,/home/dipshikha/Music/cao/CISLR_v1.5-a_videos/_GG3jvZWj_4.mp4,VALID,,,8
_HPV8-2Xdx8,/home/dipshikha/Music/cao/CISLR_v1.5-a_videos/_HPV8-2Xdx8.mp4,VALID,,,8
_J3ub2IKdWM,/home/dipshikha/Music/cao/CISLR_v1.5-a_videos/_J3ub2IKdWM.mp4,VALID,,,8
_JhAFFdTuQk,/home/dipshikha/Music/cao/CISLR_v1.5-a_videos/_JhAFFdTuQk.mp4,VALID,,,8
_K6fZSaEvfY,/home/dipshikha/Music/cao/CISLR_v1.5-a_videos/_K6fZSaEvfY.mp4,VALID,,,8
_KD_lxiKv6o_1,/home/dipshikha/Music/cao/CISLR_v1.5-a_videos/_KD_lxiKv6o_1.mp4,VALID,,,8
_KNZJg6KmXo_1,/home/dipshikha/Music/cao/CISLR_v1.5-a_videos/_KNZJg6KmXo_1.mp4,VALID,,,8
_MQLjVv71vA_2,/home/dipshikha/Music/cao/CISLR_v1.5-a_videos/_MQLjVv71vA_2.mp4,INVALID,frame_decode_failed,155,8
_NQG94L6Ook,/home/dipshikha/Music/cao/CISLR_v1.5-a_videos/_NQG94L6Ook.mp4,VALID,,,8
_P4bfLS4TnU,/home/dipshikha/Music/cao/CISLR_v1.5-a_videos/_P4bfLS4TnU.mp4,VALID,,,8
_QKUHg7BOt0_1,/home/dipshikha/Music/cao/CISLR_v1.5-a_videos/_QKUHg7BOt0_1.mp4,VALID,,,8
_QuzEYjeK5o_1,/home/dipshikha/Music/cao/CISLR_v1.5-a_videos/_QuzEYjeK5o_1.mp4,VALID,,,8
_RUSSzoAwkI_1,/home/dipshikha/Music/cao/CISLR_v1.5-a_videos/_RUSSzoAwkI_1.mp4,VALID,,,8
_SL5nKedSfM,/home/dipshikha/Music/cao/CISLR_v1.5-a_videos/_SL5nKedSfM.mp4,VALID,,,8
_UPbbNrJVTI,/home/dipshikha/Music/cao/CISLR_v1.5-a_videos/_UPbbNrJVTI.mp4,VALID,,,8
_VoVLROfTak_1,/home/dipshikha/Music/cao/CISLR_v1.5-a_videos/_VoVLROfTak_1.mp4,VALID,,,8
_WJFCAKQNOk_2,/home/dipshikha/Music/cao/CISLR_v1.5-a_videos/_WJFCAKQNOk_2.mp4,INVALID,frame_decode_failed,161,8
_Zk6T8osdEc,/home/dipshikha/Music/cao/CISLR_v1.5-a_videos/_Zk6T8osdEc.mp4,VALID,,,8
__Rz2PaTB1c,/home/dipshikha/Music/cao/CISLR_v1.5-a_videos/__Rz2PaTB1c.mp4,VALID,,,8
__cUle3-80c_2,/home/dipshikha/Music/cao/CISLR_v1.5-a_videos/__cUle3-80c_2.mp4,VALID,,,8
_eYKufKYrnM,/home/dipshikha/Music/cao/CISLR_v1.5-a_videos/_eYKufKYrnM.mp4,VALID,,,8
_erfAmrdyIM,/home/dipshikha/Music/cao/CISLR_v1.5-a_videos/_erfAmrdyIM.mp4,VALID,,,8
_g40sO4Upvg,/home/dipshikha/Music/cao/CISLR_v1.5-a_videos/_g40sO4Upvg.mp4,VALID,,,8
_g4EWTEciww,/home/dipshikha/Music/cao/CISLR_v1.5-a_videos/_g4EWTEciww.mp4,VALID,,,8
_gSbFjpWY5c_1,/home/dipshikha/Music/cao/CISLR_v1.5-a_videos/_gSbFjpWY5c_1.mp4,VALID,,,8
_gdCYZeEcTY,/home/dipshikha/Music/cao/CISLR_v1.5-a_videos/_gdCYZeEcTY.mp4,VALID,,,8
_guaVXmbJsE,/home/dipshikha/Music/cao/CISLR_v1.5-a_videos/_guaVXmbJsE.mp4,VALID,,,8
_hrzFsvu4iI_2,/home/dipshikha/Music/cao/CISLR_v1.5-a_videos/_hrzFsvu4iI_2.mp4,INVALID,frame_decode_failed,119,8
_jbbOFSVFyY,/home/dipshikha/Music/cao/CISLR_v1.5-a_videos/_jbbOFSVFyY.mp4,VALID,,,8
_l5aWVYPWik_1,/home/dipshikha/Music/cao/CISLR_v1.5-a_videos/_l5aWVYPWik_1.mp4,VALID,,,8
_lF0BZafFlw,/home/dipshikha/Music/cao/CISLR_v1.5-a_videos/_lF0BZafFlw.mp4,VALID,,,8
_mAt07ZKGeg,/home/dipshikha/Music/cao/CISLR_v1.5-a_videos/_mAt07ZKGeg.mp4,VALID,,,8
_mmkfKN0-dg,/home/dipshikha/Music/cao/CISLR_v1.5-a_videos/_mmkfKN0-dg.mp4,VALID,,,8
_n7v_yu-uiY_1,/home/dipshikha/Music/cao/CISLR_v1.5-a_videos/_n7v_yu-uiY_1.mp4,VALID,,,8
_otCOj9YmMs,/home/dipshikha/Music/cao/CISLR_v1.5-a_videos/_otCOj9YmMs.mp4,VALID,,,8
_pDr9N-HtgQ_1,/home/dipshikha/Music/cao/CISLR_v1.5-a_videos/_pDr9N-HtgQ_1.mp4,VALID,,,8
_qABLoRjm18_1,/home/dipshikha/Music/cao/CISLR_v1.5-a_videos/_qABLoRjm18_1.mp4,VALID,,,8
_sBMoMv15aQ_1,/home/dipshikha/Music/cao/CISLR_v1.5-a_videos/_sBMoMv15aQ_1.mp4,VALID,,,8
_uvEsXwbAKw_2,/home/dipshikha/Music/cao/CISLR_v1.5-a_videos/_uvEsXwbAKw_2.mp4,VALID,,,8
_v0ZCfpOs8c,/home/dipshikha/Music/cao/CISLR_v1.5-a_videos/_v0ZCfpOs8c.mp4,VALID,,,8
_vlN9I_YSG8,/home/dipshikha/Music/cao/CISLR_v1.5-a_videos/_vlN9I_YSG8.mp4,VALID,,,8
_vpJKqAQ_u8_2,/home/dipshikha/Music/cao/CISLR_v1.5-a_videos/_vpJKqAQ_u8_2.mp4,INVALID,frame_decode_failed,135,8
_wR2epuH6m8_1,/home/dipshikha/Music/cao/CISLR_v1.5-a_videos/_wR2epuH6m8_1.mp4,VALID,,,8
_yuawBKn9O0_1,/home/dipshikha/Music/cao/CISLR_v1.5-a_videos/_yuawBKn9O0_1.mp4,VALID,,,8
_zIhoXYpQfQ,/home/dipshikha/Music/cao/CISLR_v1.5-a_videos/_zIhoXYpQfQ.mp4,VALID,,,8
a1Nj8ScIhho,/home/dipshikha/Music/cao/CISLR_v1.5-a_videos/a1Nj8ScIhho.mp4,VALID,,,8
a3ZwnyHdlGI,/home/dipshikha/Music/cao/CISLR_v1.5-a_videos/a3ZwnyHdlGI.mp4,VALID,,,8
a3qDF39okh0,/home/dipshikha/Music/cao/CISLR_v1.5-a_videos/a3qDF39okh0.mp4,VALID,,,8
a4PC3Klb_OA_1,/home/dipshikha/Music/cao/CISLR_v1.5-a_videos/a4PC3Klb_OA_1.mp4,VALID,,,8
a5kEZgbaT7w,/home/dipshikha/Music/cao/CISLR_v1.5-a_videos/a5kEZgbaT7w.mp4,VALID,,,8
a6CyJGTNsG8,/home/dipshikha/Music/cao/CISLR_v1.5-a_videos/a6CyJGTNsG8.mp4,VALID,,,8
a7LNu3_mPAo,/home/dipshikha/Music/cao/CISLR_v1.5-a_videos/a7LNu3_mPAo.mp4,VALID,,,8
a7hNqWODhnU,/home/dipshikha/Music/cao/CISLR_v1.5-a_videos/a7hNqWODhnU.mp4,VALID,,,8
a7kvbMiKkuQ_1,/home/dipshikha/Music/cao/CISLR_v1.5-a_videos/a7kvbMiKkuQ_1.mp4,VALID,,,8
a9xB9EN33FY,/home/dipshikha/Music/cao/CISLR_v1.5-a_videos/a9xB9EN33FY.mp4,VALID,,,8
aAOnQ9s6SlM_1,/home/dipshikha/Music/cao/CISLR_v1.5-a_videos/aAOnQ9s6SlM_1.mp4,VALID,,,8
aBFl_E3z3m0,/home/dipshikha/Music/cao/CISLR_v1.5-a_videos/aBFl_E3z3m0.mp4,VALID,,,8
aBWOTIxuGus,/home/dipshikha/Music/cao/CISLR_v1.5-a_videos/aBWOTIxuGus.mp4,VALID,,,8
aCSZ-jr5Y_o,/home/dipshikha/Music/cao/CISLR_v1.5-a_videos/aCSZ-jr5Y_o.mp4,VALID,,,8
aF30g7ajjas_1,/home/dipshikha/Music/cao/CISLR_v1.5-a_videos/aF30g7ajjas_1.mp4,VALID,,,8
aFOyoIR4gqw,/home/dipshikha/Music/cao/CISLR_v1.5-a_videos/aFOyoIR4gqw.mp4,VALID,,,8
aHhWeircCv4,/home/dipshikha/Music/cao/CISLR_v1.5-a_videos/aHhWeircCv4.mp4,VALID,,,8
aHmj7r_Ts70_1,/home/dipshikha/Music/cao/CISLR_v1.5-a_videos/aHmj7r_Ts70_1.mp4,VALID,,,8
aIJKbhWx3So,/home/dipshikha/Music/cao/CISLR_v1.5-a_videos/aIJKbhWx3So.mp4,VALID,,,8
aJeKWqpMr7Y_2,/home/dipshikha/Music/cao/CISLR_v1.5-a_videos/aJeKWqpMr7Y_2.mp4,VALID,,,8
aJkcfI5vUd4_1,/home/dipshikha/Music/cao/CISLR_v1.5-a_videos/aJkcfI5vUd4_1.mp4,VALID,,,8
aKKqKv1FFrU_1,/home/dipshikha/Music/cao/CISLR_v1.5-a_videos/aKKqKv1FFrU_1.mp4,VALID,,,8
aK_immPV5TM,/home/dipshikha/Music/cao/CISLR_v1.5-a_videos/aK_immPV5TM.mp4,VALID,,,8
aLFLtt_Hy5Q_2,/home/dipshikha/Music/cao/CISLR_v1.5-a_videos/aLFLtt_Hy5Q_2.mp4,INVALID,frame_decode_failed,182,8
aL_AGq7MxBk_1,/home/dipshikha/Music/cao/CISLR_v1.5-a_videos/aL_AGq7MxBk_1.mp4,VALID,,,8
aMs5U3qDEJ4_1,/home/dipshikha/Music/cao/CISLR_v1.5-a_videos/aMs5U3qDEJ4_1.mp4,VALID,,,8
aNthcGq-FqI_1,/home/dipshikha/Music/cao/CISLR_v1.5-a_videos/aNthcGq-FqI_1.mp4,VALID,,,8
aO1B2sAfigI,/home/dipshikha/Music/cao/CISLR_v1.5-a_videos/aO1B2sAfigI.mp4,VALID,,,8
aOR-2KDf9pA_2,/home/dipshikha/Music/cao/CISLR_v1.5-a_videos/aOR-2KDf9pA_2.mp4,INVALID,frame_decode_failed,156,8
aQ6GM2E-3-k,/home/dipshikha/Music/cao/CISLR_v1.5-a_videos/aQ6GM2E-3-k.mp4,VALID,,,8
aRMlrpN0MzU_1,/home/dipshikha/Music/cao/CISLR_v1.5-a_videos/aRMlrpN0MzU_1.mp4,VALID,,,8
aS2e07FE2uw,/home/dipshikha/Music/cao/CISLR_v1.5-a_videos/aS2e07FE2uw.mp4,VALID,,,8
aSHLJIU6ZeE_1,/home/dipshikha/Music/cao/CISLR_v1.5-a_videos/aSHLJIU6ZeE_1.mp4,VALID,,,8
aTHCIoGVi0k,/home/dipshikha/Music/cao/CISLR_v1.5-a_videos/aTHCIoGVi0k.mp4,VALID,,,8
aTp3Y4ABxB4,/home/dipshikha/Music/cao/CISLR_v1.5-a_videos/aTp3Y4ABxB4.mp4,VALID,,,8
aVXHUzd1cW4,/home/dipshikha/Music/cao/CISLR_v1.5-a_videos/aVXHUzd1cW4.mp4,VALID,,,8
aVxK8yw7z7I,/home/dipshikha/Music/cao/CISLR_v1.5-a_videos/aVxK8yw7z7I.mp4,VALID,,,8
aW1uRjayEEQ_1,/home/dipshikha/Music/cao/CISLR_v1.5-a_videos/aW1uRjayEEQ_1.mp4,VALID,,,8
aW8jBRmN24M_1,/home/dipshikha/Music/cao/CISLR_v1.5-a_videos/aW8jBRmN24M_1.mp4,VALID,,,8
aXHoCMyVez8,/home/dipshikha/Music/cao/CISLR_v1.5-a_videos/aXHoCMyVez8.mp4,VALID,,,8
aXvpcfjK7Sg,/home/dipshikha/Music/cao/CISLR_v1.5-a_videos/aXvpcfjK7Sg.mp4,VALID,,,8
aYQ97trsr6k_1,/home/dipshikha/Music/cao/CISLR_v1.5-a_videos/aYQ97trsr6k_1.mp4,VALID,,,8
aYbsN9GG3kY_1,/home/dipshikha/Music/cao/CISLR_v1.5-a_videos/aYbsN9GG3kY_1.mp4,VALID,,,8
aYjNOmE73zE,/home/dipshikha/Music/cao/CISLR_v1.5-a_videos/aYjNOmE73zE.mp4,VALID,,,8
a_yFlzuJ7oY_1,/home/dipshikha/Music/cao/CISLR_v1.5-a_videos/a_yFlzuJ7oY_1.mp4,VALID,,,8
aawUzeSXJpU,/home/dipshikha/Music/cao/CISLR_v1.5-a_videos/aawUzeSXJpU.mp4,VALID,,,8
abz1iHHIktI_1,/home/dipshikha/Music/cao/CISLR_v1.5-a_videos/abz1iHHIktI_1.mp4,VALID,,,8
acdKVU7bbhw,/home/dipshikha/Music/cao/CISLR_v1.5-a_videos/acdKVU7bbhw.mp4,VALID,,,8
ae55QOIEGEk_1,/home/dipshikha/Music/cao/CISLR_v1.5-a_videos/ae55QOIEGEk_1.mp4,VALID,,,8
ae7r5dnrG34,/home/dipshikha/Music/cao/CISLR_v1.5-a_videos/ae7r5dnrG34.mp4,VALID,,,8
aeJSYb8CmS8_2,/home/dipshikha/Music/cao/CISLR_v1.5-a_videos/aeJSYb8CmS8_2.mp4,INVALID,frame_decode_failed,173,8
aePcBtCpcPA,/home/dipshikha/Music/cao/CISLR_v1.5-a_videos/aePcBtCpcPA.mp4,VALID,,,8
aeaHJYnML2E_1,/home/dipshikha/Music/cao/CISLR_v1.5-a_videos/aeaHJYnML2E_1.mp4,VALID,,,8
afB8ioKoVh8_1,/home/dipshikha/Music/cao/CISLR_v1.5-a_videos/afB8ioKoVh8_1.mp4,VALID,,,8
afZNvfwjxEA_1,/home/dipshikha/Music/cao/CISLR_v1.5-a_videos/afZNvfwjxEA_1.mp4,VALID,,,8
ag8J-3yc7PE,/home/dipshikha/Music/cao/CISLR_v1.5-a_videos/ag8J-3yc7PE.mp4,VALID,,,8
ahUSb4o3pKw,/home/dipshikha/Music/cao/CISLR_v1.5-a_videos/ahUSb4o3pKw.mp4,VALID,,,8
ajczOXxcx_s,/home/dipshikha/Music/cao/CISLR_v1.5-a_videos/ajczOXxcx_s.mp4,VALID,,,8
ak5WS3_FBv8_1,/home/dipshikha/Music/cao/CISLR_v1.5-a_videos/ak5WS3_FBv8_1.mp4,VALID,,,8
alyadcV43G8_1,/home/dipshikha/Music/cao/CISLR_v1.5-a_videos/alyadcV43G8_1.mp4,VALID,,,8
amB7PkF8fWQ,/home/dipshikha/Music/cao/CISLR_v1.5-a_videos/amB7PkF8fWQ.mp4,VALID,,,8
amb6frWEiDU,/home/dipshikha/Music/cao/CISLR_v1.5-a_videos/amb6frWEiDU.mp4,VALID,,,8
aodgodCQNX8,/home/dipshikha/Music/cao/CISLR_v1.5-a_videos/aodgodCQNX8.mp4,VALID,,,8
aoicBWQGk0Y,/home/dipshikha/Music/cao/CISLR_v1.5-a_videos/aoicBWQGk0Y.mp4,VALID,,,8
ap3r07toNRc_1,/home/dipshikha/Music/cao/CISLR_v1.5-a_videos/ap3r07toNRc_1.mp4,VALID,,,8
apPABUUQDLA_1,/home/dipshikha/Music/cao/CISLR_v1.5-a_videos/apPABUUQDLA_1.mp4,VALID,,,8
aqym4tojhqQ_1,/home/dipshikha/Music/cao/CISLR_v1.5-a_videos/aqym4tojhqQ_1.mp4,VALID,,,8
araXKMU7R4g,/home/dipshikha/Music/cao/CISLR_v1.5-a_videos/araXKMU7R4g.mp4,VALID,,,8
atIObXII22k,/home/dipshikha/Music/cao/CISLR_v1.5-a_videos/atIObXII22k.mp4,VALID,,,8
atyCov9u9no,/home/dipshikha/Music/cao/CISLR_v1.5-a_videos/atyCov9u9no.mp4,VALID,,,8
ava3Ux-MDDE_1,/home/dipshikha/Music/cao/CISLR_v1.5-a_videos/ava3Ux-MDDE_1.mp4,VALID,,,8
axEFBCXFyt8_1,/home/dipshikha/Music/cao/CISLR_v1.5-a_videos/axEFBCXFyt8_1.mp4,VALID,,,8
ay7OzoG5fk8,/home/dipshikha/Music/cao/CISLR_v1.5-a_videos/ay7OzoG5fk8.mp4,VALID,,,8
ay96dkDBYMs,/home/dipshikha/Music/cao/CISLR_v1.5-a_videos/ay96dkDBYMs.mp4,VALID,,,8
azP0G1dB1KY_1,/home/dipshikha/Music/cao/CISLR_v1.5-a_videos/azP0G1dB1KY_1.mp4,VALID,,,8
b00DR5Ly-Y0_1,/home/dipshikha/Music/cao/CISLR_v1.5-a_videos/b00DR5Ly-Y0_1.mp4,VALID,,,8
b00epXFNL5U,/home/dipshikha/Music/cao/CISLR_v1.5-a_videos/b00epXFNL5U.mp4,VALID,,,8
b03dkzGkDV4_1,/home/dipshikha/Music/cao/CISLR_v1.5-a_videos/b03dkzGkDV4_1.mp4,VALID,,,8
b0zVJUx-H0Y_1,/home/dipshikha/Music/cao/CISLR_v1.5-a_videos/b0zVJUx-H0Y_1.mp4,VALID,,,8
b1Cbwx9LrQM_1,/home/dipshikha/Music/cao/CISLR_v1.5-a_videos/b1Cbwx9LrQM_1.mp4,VALID,,,8
b1kVeCRjm1M,/home/dipshikha/Music/cao/CISLR_v1.5-a_videos/b1kVeCRjm1M.mp4,VALID,,,8
b23vl51AH4U,/home/dipshikha/Music/cao/CISLR_v1.5-a_videos/b23vl51AH4U.mp4,VALID,,,8
b4ki5taIk0s_1,/home/dipshikha/Music/cao/CISLR_v1.5-a_videos/b4ki5taIk0s_1.mp4,VALID,,,8
b4ywpRBTw4o,/home/dipshikha/Music/cao/CISLR_v1.5-a_videos/b4ywpRBTw4o.mp4,VALID,,,8
b5pF8YU_ILs,/home/dipshikha/Music/cao/CISLR_v1.5-a_videos/b5pF8YU_ILs.mp4,VALID,,,8
b67oA7lAXi0_2,/home/dipshikha/Music/cao/CISLR_v1.5-a_videos/b67oA7lAXi0_2.mp4,INVALID,frame_decode_failed,107,8
b6mge7fT8p4_1,/home/dipshikha/Music/cao/CISLR_v1.5-a_videos/b6mge7fT8p4_1.mp4,VALID,,,8
b7EQniqN7rs_1,/home/dipshikha/Music/cao/CISLR_v1.5-a_videos/b7EQniqN7rs_1.mp4,VALID,,,8
b7U7TWlmbOs_1,/home/dipshikha/Music/cao/CISLR_v1.5-a_videos/b7U7TWlmbOs_1.mp4,VALID,,,8
b8BlqEQCtiY_2,/home/dipshikha/Music/cao/CISLR_v1.5-a_videos/b8BlqEQCtiY_2.mp4,INVALID,frame_decode_failed,141,8
b8ZOlo8oXbQ_2,/home/dipshikha/Music/cao/CISLR_v1.5-a_videos/b8ZOlo8oXbQ_2.mp4,INVALID,frame_decode_failed,110,8
b8z6CTJw-TI,/home/dipshikha/Music/cao/CISLR_v1.5-a_videos/b8z6CTJw-TI.mp4,VALID,,,8
b9Ad8smAqhs,/home/dipshikha/Music/cao/CISLR_v1.5-a_videos/b9Ad8smAqhs.mp4,VALID,,,8
b9_2HxUsi0s,/home/dipshikha/Music/cao/CISLR_v1.5-a_videos/b9_2HxUsi0s.mp4,VALID,,,8
bA7mLrTdy60,/home/dipshikha/Music/cao/CISLR_v1.5-a_videos/bA7mLrTdy60.mp4,VALID,,,8
bBzWwcYyMK8_2,/home/dipshikha/Music/cao/CISLR_v1.5-a_videos/bBzWwcYyMK8_2.mp4,INVALID,frame_decode_failed,141,8
bC7wNuiLgHI_1,/home/dipshikha/Music/cao/CISLR_v1.5-a_videos/bC7wNuiLgHI_1.mp4,VALID,,,8
bDOUOr8c5EM_1,/home/dipshikha/Music/cao/CISLR_v1.5-a_videos/bDOUOr8c5EM_1.mp4,VALID,,,8
bEgGF4YuHm0,/home/dipshikha/Music/cao/CISLR_v1.5-a_videos/bEgGF4YuHm0.mp4,VALID,,,8
bEmiFY64B3c_2,/home/dipshikha/Music/cao/CISLR_v1.5-a_videos/bEmiFY64B3c_2.mp4,INVALID,frame_decode_failed,139,8
bFEz8r3xfMI,/home/dipshikha/Music/cao/CISLR_v1.5-a_videos/bFEz8r3xfMI.mp4,VALID,,,8
bF_5-TAoxTo,/home/dipshikha/Music/cao/CISLR_v1.5-a_videos/bF_5-TAoxTo.mp4,VALID,,,8
bGzdNLa1O9o,/home/dipshikha/Music/cao/CISLR_v1.5-a_videos/bGzdNLa1O9o.mp4,VALID,,,8
bH3KEeVn-rU_1,/home/dipshikha/Music/cao/CISLR_v1.5-a_videos/bH3KEeVn-rU_1.mp4,VALID,,,8
bIha_uKKc-U,/home/dipshikha/Music/cao/CISLR_v1.5-a_videos/bIha_uKKc-U.mp4,VALID,,,8
bJ1Nsi71fnE_2,/home/dipshikha/Music/cao/CISLR_v1.5-a_videos/bJ1Nsi71fnE_2.mp4,VALID,,,8
bKliVu0i0SI,/home/dipshikha/Music/cao/CISLR_v1.5-a_videos/bKliVu0i0SI.mp4,VALID,,,8
bMY7k6ug38E,/home/dipshikha/Music/cao/CISLR_v1.5-a_videos/bMY7k6ug38E.mp4,VALID,,,8
bNPBUXiWYYI,/home/dipshikha/Music/cao/CISLR_v1.5-a_videos/bNPBUXiWYYI.mp4,VALID,,,8
bOqgzRbAuqg_1,/home/dipshikha/Music/cao/CISLR_v1.5-a_videos/bOqgzRbAuqg_1.mp4,VALID,,,8
bR89wUFYe8I_1,/home/dipshikha/Music/cao/CISLR_v1.5-a_videos/bR89wUFYe8I_1.mp4,VALID,,,8
bRG0I-FNuII_1,/home/dipshikha/Music/cao/CISLR_v1.5-a_videos/bRG0I-FNuII_1.mp4,VALID,,,8
bS8Bh2t9PSA,/home/dipshikha/Music/cao/CISLR_v1.5-a_videos/bS8Bh2t9PSA.mp4,VALID,,,8
bUybAkPWQH0_2,/home/dipshikha/Music/cao/CISLR_v1.5-a_videos/bUybAkPWQH0_2.mp4,INVALID,frame_decode_failed,127,8
bYZKoGWvfyM_1,/home/dipshikha/Music/cao/CISLR_v1.5-a_videos/bYZKoGWvfyM_1.mp4,VALID,,,8
bYyLAeq4yNY_2,/home/dipshikha/Music/cao/CISLR_v1.5-a_videos/bYyLAeq4yNY_2.mp4,VALID,,,8
bZLyr43R2t4_1,/home/dipshikha/Music/cao/CISLR_v1.5-a_videos/bZLyr43R2t4_1.mp4,VALID,,,8
bZnTQsP8FCY_1,/home/dipshikha/Music/cao/CISLR_v1.5-a_videos/bZnTQsP8FCY_1.mp4,VALID,,,8
b_TvDsf97GY,/home/dipshikha/Music/cao/CISLR_v1.5-a_videos/b_TvDsf97GY.mp4,VALID,,,8
b_cuB9Hjx34,/home/dipshikha/Music/cao/CISLR_v1.5-a_videos/b_cuB9Hjx34.mp4,VALID,,,8
bacheB1uzFE,/home/dipshikha/Music/cao/CISLR_v1.5-a_videos/bacheB1uzFE.mp4,VALID,,,8
baqITtRxH5U_1,/home/dipshikha/Music/cao/CISLR_v1.5-a_videos/baqITtRxH5U_1.mp4,VALID,,,8
bbWGXTXiw4k,/home/dipshikha/Music/cao/CISLR_v1.5-a_videos/bbWGXTXiw4k.mp4,VALID,,,8
bdn3KzMo_rM_2,/home/dipshikha/Music/cao/CISLR_v1.5-a_videos/bdn3KzMo_rM_2.mp4,INVALID,frame_decode_failed,150,8
benrZFXwf4g_1,/home/dipshikha/Music/cao/CISLR_v1.5-a_videos/benrZFXwf4g_1.mp4,VALID,,,8
bfc3A5WT7O0,/home/dipshikha/Music/cao/CISLR_v1.5-a_videos/bfc3A5WT7O0.mp4,VALID,,,8
bhMRCTyJyNI_1,/home/dipshikha/Music/cao/CISLR_v1.5-a_videos/bhMRCTyJyNI_1.mp4,VALID,,,8
bhPu5UgetR8,/home/dipshikha/Music/cao/CISLR_v1.5-a_videos/bhPu5UgetR8.mp4,VALID,,,8
bhY9tXL3Z0w_1,/home/dipshikha/Music/cao/CISLR_v1.5-a_videos/bhY9tXL3Z0w_1.mp4,VALID,,,8
bi4xQMdEcVo_1,/home/dipshikha/Music/cao/CISLR_v1.5-a_videos/bi4xQMdEcVo_1.mp4,VALID,,,8
biAm9EJuH8w_2,/home/dipshikha/Music/cao/CISLR_v1.5-a_videos/biAm9EJuH8w_2.mp4,VALID,,,8
biSlYwhDtc4,/home/dipshikha/Music/cao/CISLR_v1.5-a_videos/biSlYwhDtc4.mp4,VALID,,,8
bjJtF35pjhI,/home/dipshikha/Music/cao/CISLR_v1.5-a_videos/bjJtF35pjhI.mp4,VALID,,,8
bkJI2VTpAwA,/home/dipshikha/Music/cao/CISLR_v1.5-a_videos/bkJI2VTpAwA.mp4,VALID,,,8
bmnbIMDM4MY_1,/home/dipshikha/Music/cao/CISLR_v1.5-a_videos/bmnbIMDM4MY_1.mp4,VALID,,,8
boWOpxe2CRY,/home/dipshikha/Music/cao/CISLR_v1.5-a_videos/boWOpxe2CRY.mp4,VALID,,,8
bp32ckPVj6s_1,/home/dipshikha/Music/cao/CISLR_v1.5-a_videos/bp32ckPVj6s_1.mp4,VALID,,,8
bpK_n3OqDDw,/home/dipshikha/Music/cao/CISLR_v1.5-a_videos/bpK_n3OqDDw.mp4,VALID,,,8
bq0BIQJzsbY_2,/home/dipshikha/Music/cao/CISLR_v1.5-a_videos/bq0BIQJzsbY_2.mp4,INVALID,frame_decode_failed,142,8
bq2QpJpjWUs,/home/dipshikha/Music/cao/CISLR_v1.5-a_videos/bq2QpJpjWUs.mp4,VALID,,,8
bqTLB7fccW8_1,/home/dipshikha/Music/cao/CISLR_v1.5-a_videos/bqTLB7fccW8_1.mp4,VALID,,,8
bsDAoxpr8Sc_1,/home/dipshikha/Music/cao/CISLR_v1.5-a_videos/bsDAoxpr8Sc_1.mp4,VALID,,,8
buBZGkwchow,/home/dipshikha/Music/cao/CISLR_v1.5-a_videos/buBZGkwchow.mp4,VALID,,,8
bubXTcY0A2E_2,/home/dipshikha/Music/cao/CISLR_v1.5-a_videos/bubXTcY0A2E_2.mp4,INVALID,frame_decode_failed,76,8
bwrBPuatbGQ_1,/home/dipshikha/Music/cao/CISLR_v1.5-a_videos/bwrBPuatbGQ_1.mp4,VALID,,,8
bxQU88YWOhg,/home/dipshikha/Music/cao/CISLR_v1.5-a_videos/bxQU88YWOhg.mp4,VALID,,,8
by5LPvJU5OY_1,/home/dipshikha/Music/cao/CISLR_v1.5-a_videos/by5LPvJU5OY_1.mp4,VALID,,,8
bz6nldNgnjU,/home/dipshikha/Music/cao/CISLR_v1.5-a_videos/bz6nldNgnjU.mp4,VALID,,,8
bz7Stt4IzGc,/home/dipshikha/Music/cao/CISLR_v1.5-a_videos/bz7Stt4IzGc.mp4,VALID,,,8
c-iylYqUcUw,/home/dipshikha/Music/cao/CISLR_v1.5-a_videos/c-iylYqUcUw.mp4,VALID,,,8
c02rBJWw1fo,/home/dipshikha/Music/cao/CISLR_v1.5-a_videos/c02rBJWw1fo.mp4,VALID,,,8
c05vX2BcjUs_2,/home/dipshikha/Music/cao/CISLR_v1.5-a_videos/c05vX2BcjUs_2.mp4,INVALID,frame_decode_failed,64,8
c26UiFPMTcw,/home/dipshikha/Music/cao/CISLR_v1.5-a_videos/c26UiFPMTcw.mp4,VALID,,,8
c5txohM_Pv8,/home/dipshikha/Music/cao/CISLR_v1.5-a_videos/c5txohM_Pv8.mp4,VALID,,,8
c6lgZeRgbuM_1,/home/dipshikha/Music/cao/CISLR_v1.5-a_videos/c6lgZeRgbuM_1.mp4,VALID,,,8
c8cBnLAFa40,/home/dipshikha/Music/cao/CISLR_v1.5-a_videos/c8cBnLAFa40.mp4,VALID,,,8
c8vOZMKsBC8_2,/home/dipshikha/Music/cao/CISLR_v1.5-a_videos/c8vOZMKsBC8_2.mp4,INVALID,frame_decode_failed,91,8
c9Kcl0vkQh4,/home/dipshikha/Music/cao/CISLR_v1.5-a_videos/c9Kcl0vkQh4.mp4,VALID,,,8
c9hrMSMJFgw,/home/dipshikha/Music/cao/CISLR_v1.5-a_videos/c9hrMSMJFgw.mp4,VALID,,,8
cBtN1DlLXAs,/home/dipshikha/Music/cao/CISLR_v1.5-a_videos/cBtN1DlLXAs.mp4,VALID,,,8
cEclg4wFkQY,/home/dipshikha/Music/cao/CISLR_v1.5-a_videos/cEclg4wFkQY.mp4,VALID,,,8
cFdYCBpZGEw_1,/home/dipshikha/Music/cao/CISLR_v1.5-a_videos/cFdYCBpZGEw_1.mp4,VALID,,,8
cHTrAwUZtNY,/home/dipshikha/Music/cao/CISLR_v1.5-a_videos/cHTrAwUZtNY.mp4,VALID,,,8
cIPxnJAUd74,/home/dipshikha/Music/cao/CISLR_v1.5-a_videos/cIPxnJAUd74.mp4,VALID,,,8
cIyDQeSqcnk,/home/dipshikha/Music/cao/CISLR_v1.5-a_videos/cIyDQeSqcnk.mp4,VALID,,,8
cKkCZ_GYpkk,/home/dipshikha/Music/cao/CISLR_v1.5-a_videos/cKkCZ_GYpkk.mp4,VALID,,,8
cMIJrgJVkzc_1,/home/dipshikha/Music/cao/CISLR_v1.5-a_videos/cMIJrgJVkzc_1.mp4,VALID,,,8
cMeg0EWN2mY_1,/home/dipshikha/Music/cao/CISLR_v1.5-a_videos/cMeg0EWN2mY_1.mp4,VALID,,,8
cMm2cWGKt6Q,/home/dipshikha/Music/cao/CISLR_v1.5-a_videos/cMm2cWGKt6Q.mp4,VALID,,,8
cN4cdQ7Uvhw_1,/home/dipshikha/Music/cao/CISLR_v1.5-a_videos/cN4cdQ7Uvhw_1.mp4,VALID,,,8
cNL6z2IayOU,/home/dipshikha/Music/cao/CISLR_v1.5-a_videos/cNL6z2IayOU.mp4,VALID,,,8
cPSQyj-JTpM,/home/dipshikha/Music/cao/CISLR_v1.5-a_videos/cPSQyj-JTpM.mp4,VALID,,,8
cSyNdG5W6i0_2,/home/dipshikha/Music/cao/CISLR_v1.5-a_videos/cSyNdG5W6i0_2.mp4,INVALID,frame_decode_failed,147,8
cTLsY2Pa848_1,/home/dipshikha/Music/cao/CISLR_v1.5-a_videos/cTLsY2Pa848_1.mp4,VALID,,,8
cW1M5CUdCmk,/home/dipshikha/Music/cao/CISLR_v1.5-a_videos/cW1M5CUdCmk.mp4,VALID,,,8
cWsTOcbwNJg_1,/home/dipshikha/Music/cao/CISLR_v1.5-a_videos/cWsTOcbwNJg_1.mp4,VALID,,,8
cXKAkxMNEYI,/home/dipshikha/Music/cao/CISLR_v1.5-a_videos/cXKAkxMNEYI.mp4,VALID,,,8
cXX9Fqj1fuE,/home/dipshikha/Music/cao/CISLR_v1.5-a_videos/cXX9Fqj1fuE.mp4,VALID,,,8
cZ4RwsITk3c_2,/home/dipshikha/Music/cao/CISLR_v1.5-a_videos/cZ4RwsITk3c_2.mp4,INVALID,frame_decode_failed,115,8
c_CVbagPDA8_1,/home/dipshikha/Music/cao/CISLR_v1.5-a_videos/c_CVbagPDA8_1.mp4,VALID,,,8
c_N193NzE94_1,/home/dipshikha/Music/cao/CISLR_v1.5-a_videos/c_N193NzE94_1.mp4,VALID,,,8
c_i7AAEhy3E_1,/home/dipshikha/Music/cao/CISLR_v1.5-a_videos/c_i7AAEhy3E_1.mp4,VALID,,,8
caIqDNu--II,/home/dipshikha/Music/cao/CISLR_v1.5-a_videos/caIqDNu--II.mp4,VALID,,,8
cclXS3qW2bI,/home/dipshikha/Music/cao/CISLR_v1.5-a_videos/cclXS3qW2bI.mp4,VALID,,,8
cdg2loc35vs,/home/dipshikha/Music/cao/CISLR_v1.5-a_videos/cdg2loc35vs.mp4,VALID,,,8
cfAXWBaT88Y_1,/home/dipshikha/Music/cao/CISLR_v1.5-a_videos/cfAXWBaT88Y_1.mp4,VALID,,,8
cfPvMQAbTy8,/home/dipshikha/Music/cao/CISLR_v1.5-a_videos/cfPvMQAbTy8.mp4,VALID,,,8
cfiEadKO-jY,/home/dipshikha/Music/cao/CISLR_v1.5-a_videos/cfiEadKO-jY.mp4,VALID,,,8
cg4E83GKGJk_1,/home/dipshikha/Music/cao/CISLR_v1.5-a_videos/cg4E83GKGJk_1.mp4,VALID,,,8
cg9Qwgaezdg,/home/dipshikha/Music/cao/CISLR_v1.5-a_videos/cg9Qwgaezdg.mp4,VALID,,,8
cjlXzFSoIco_1,/home/dipshikha/Music/cao/CISLR_v1.5-a_videos/cjlXzFSoIco_1.mp4,VALID,,,8
clwF6d-MIBw_2,/home/dipshikha/Music/cao/CISLR_v1.5-a_videos/clwF6d-MIBw_2.mp4,INVALID,frame_decode_failed,143,8
clxS63kY4zs_1,/home/dipshikha/Music/cao/CISLR_v1.5-a_videos/clxS63kY4zs_1.mp4,VALID,,,8
cmFVOsYv2Nk,/home/dipshikha/Music/cao/CISLR_v1.5-a_videos/cmFVOsYv2Nk.mp4,VALID,,,8
cpbTXmt7XwA_1,/home/dipshikha/Music/cao/CISLR_v1.5-a_videos/cpbTXmt7XwA_1.mp4,VALID,,,8
crOKuw1QwVk,/home/dipshikha/Music/cao/CISLR_v1.5-a_videos/crOKuw1QwVk.mp4,VALID,,,8
cuv95axJkJg,/home/dipshikha/Music/cao/CISLR_v1.5-a_videos/cuv95axJkJg.mp4,VALID,,,8
cwDDoB4ZOZY,/home/dipshikha/Music/cao/CISLR_v1.5-a_videos/cwDDoB4ZOZY.mp4,VALID,,,8
cwEfR3ySdZg,/home/dipshikha/Music/cao/CISLR_v1.5-a_videos/cwEfR3ySdZg.mp4,VALID,,,8
cxqz0EbY4yE,/home/dipshikha/Music/cao/CISLR_v1.5-a_videos/cxqz0EbY4yE.mp4,VALID,,,8
cycfuVbrlOQ_1,/home/dipshikha/Music/cao/CISLR_v1.5-a_videos/cycfuVbrlOQ_1.mp4,VALID,,,8
czE3uNUVUKA,/home/dipshikha/Music/cao/CISLR_v1.5-a_videos/czE3uNUVUKA.mp4,VALID,,,8
czmizKva6TQ_1,/home/dipshikha/Music/cao/CISLR_v1.5-a_videos/czmizKva6TQ_1.mp4,VALID,,,8
d3tDqVfbgCg_1,/home/dipshikha/Music/cao/CISLR_v1.5-a_videos/d3tDqVfbgCg_1.mp4,VALID,,,8
d4zWp5T3P-w,/home/dipshikha/Music/cao/CISLR_v1.5-a_videos/d4zWp5T3P-w.mp4,VALID,,,8
d5SWvjzXUbs_1,/home/dipshikha/Music/cao/CISLR_v1.5-a_videos/d5SWvjzXUbs_1.mp4,VALID,,,8
d5gBuuQWncc_1,/home/dipshikha/Music/cao/CISLR_v1.5-a_videos/d5gBuuQWncc_1.mp4,VALID,,,8
d73jrF3Tevc_1,/home/dipshikha/Music/cao/CISLR_v1.5-a_videos/d73jrF3Tevc_1.mp4,VALID,,,8
d9MAodEjHsc,/home/dipshikha/Music/cao/CISLR_v1.5-a_videos/d9MAodEjHsc.mp4,VALID,,,8
d9qLL38zaZ0,/home/dipshikha/Music/cao/CISLR_v1.5-a_videos/d9qLL38zaZ0.mp4,VALID,,,8
d9s1JfE1Rv0,/home/dipshikha/Music/cao/CISLR_v1.5-a_videos/d9s1JfE1Rv0.mp4,VALID,,,8
dCvX2SjAybM,/home/dipshikha/Music/cao/CISLR_v1.5-a_videos/dCvX2SjAybM.mp4,VALID,,,8
dDJCclqr7jo,/home/dipshikha/Music/cao/CISLR_v1.5-a_videos/dDJCclqr7jo.mp4,VALID,,,8
dFNIhuujLGo,/home/dipshikha/Music/cao/CISLR_v1.5-a_videos/dFNIhuujLGo.mp4,VALID,,,8
dFstSkKTdJs_2,/home/dipshikha/Music/cao/CISLR_v1.5-a_videos/dFstSkKTdJs_2.mp4,INVALID,frame_decode_failed,136,8
dGP1h8tXPGY,/home/dipshikha/Music/cao/CISLR_v1.5-a_videos/dGP1h8tXPGY.mp4,VALID,,,8
dGg9jffJ8us,/home/dipshikha/Music/cao/CISLR_v1.5-a_videos/dGg9jffJ8us.mp4,VALID,,,8
dNSKKwUJdGI_1,/home/dipshikha/Music/cao/CISLR_v1.5-a_videos/dNSKKwUJdGI_1.mp4,VALID,,,8
dNrwv9tT8qY_2,/home/dipshikha/Music/cao/CISLR_v1.5-a_videos/dNrwv9tT8qY_2.mp4,INVALID,frame_decode_failed,112,8
dOdFMkRCpWI,/home/dipshikha/Music/cao/CISLR_v1.5-a_videos/dOdFMkRCpWI.mp4,VALID,,,8
dQs0quEuTls,/home/dipshikha/Music/cao/CISLR_v1.5-a_videos/dQs0quEuTls.mp4,VALID,,,8
dRZkuKTLcis,/home/dipshikha/Music/cao/CISLR_v1.5-a_videos/dRZkuKTLcis.mp4,VALID,,,8
dT9dCqGuDCE,/home/dipshikha/Music/cao/CISLR_v1.5-a_videos/dT9dCqGuDCE.mp4,VALID,,,8
dTjzMwNtA1o_1,/home/dipshikha/Music/cao/CISLR_v1.5-a_videos/dTjzMwNtA1o_1.mp4,VALID,,,8
dWGCRKIqUb0,/home/dipshikha/Music/cao/CISLR_v1.5-a_videos/dWGCRKIqUb0.mp4,VALID,,,8
dXn51-btduM_1,/home/dipshikha/Music/cao/CISLR_v1.5-a_videos/dXn51-btduM_1.mp4,VALID,,,8
dY77Eo9bfNg_2,/home/dipshikha/Music/cao/CISLR_v1.5-a_videos/dY77Eo9bfNg_2.mp4,INVALID,frame_decode_failed,193,8
d_-8DagcQRQ,/home/dipshikha/Music/cao/CISLR_v1.5-a_videos/d_-8DagcQRQ.mp4,VALID,,,8
d_GdVQe7Jrk_1,/home/dipshikha/Music/cao/CISLR_v1.5-a_videos/d_GdVQe7Jrk_1.mp4,VALID,,,8
ddUcwkYlh5E,/home/dipshikha/Music/cao/CISLR_v1.5-a_videos/ddUcwkYlh5E.mp4,VALID,,,8
ddanfdSlKGA_1,/home/dipshikha/Music/cao/CISLR_v1.5-a_videos/ddanfdSlKGA_1.mp4,VALID,,,8
ddpIUqF0dEg,/home/dipshikha/Music/cao/CISLR_v1.5-a_videos/ddpIUqF0dEg.mp4,VALID,,,8
dduOBzdGYug,/home/dipshikha/Music/cao/CISLR_v1.5-a_videos/dduOBzdGYug.mp4,VALID,,,8
df3ewqju9L8,/home/dipshikha/Music/cao/CISLR_v1.5-a_videos/df3ewqju9L8.mp4,VALID,,,8
dfF51UQf_AM,/home/dipshikha/Music/cao/CISLR_v1.5-a_videos/dfF51UQf_AM.mp4,VALID,,,8
dguva7pmiNk_1,/home/dipshikha/Music/cao/CISLR_v1.5-a_videos/dguva7pmiNk_1.mp4,VALID,,,8
dhPr_hzP8oM,/home/dipshikha/Music/cao/CISLR_v1.5-a_videos/dhPr_hzP8oM.mp4,VALID,,,8
dhYooos0RiE,/home/dipshikha/Music/cao/CISLR_v1.5-a_videos/dhYooos0RiE.mp4,VALID,,,8
dhy4BOXYtEs_2,/home/dipshikha/Music/cao/CISLR_v1.5-a_videos/dhy4BOXYtEs_2.mp4,INVALID,frame_decode_failed,89,8
diGBpMN_-WM,/home/dipshikha/Music/cao/CISLR_v1.5-a_videos/diGBpMN_-WM.mp4,VALID,,,8
diWGuc9GzL8,/home/dipshikha/Music/cao/CISLR_v1.5-a_videos/diWGuc9GzL8.mp4,VALID,,,8
ditvJHcM784_1,/home/dipshikha/Music/cao/CISLR_v1.5-a_videos/ditvJHcM784_1.mp4,VALID,,,8
dk9QGWXU2kY_2,/home/dipshikha/Music/cao/CISLR_v1.5-a_videos/dk9QGWXU2kY_2.mp4,INVALID,frame_decode_failed,90,8
dllJRt0_AGQ,/home/dipshikha/Music/cao/CISLR_v1.5-a_videos/dllJRt0_AGQ.mp4,VALID,,,8
dm6hv7A_XGI,/home/dipshikha/Music/cao/CISLR_v1.5-a_videos/dm6hv7A_XGI.mp4,VALID,,,8
dmDV7FGfc0E_2,/home/dipshikha/Music/cao/CISLR_v1.5-a_videos/dmDV7FGfc0E_2.mp4,VALID,,,8
dmspcOTLMP8_1,/home/dipshikha/Music/cao/CISLR_v1.5-a_videos/dmspcOTLMP8_1.mp4,VALID,,,8
dnl45S16tjs,/home/dipshikha/Music/cao/CISLR_v1.5-a_videos/dnl45S16tjs.mp4,VALID,,,8
dq2YpgXqCn8,/home/dipshikha/Music/cao/CISLR_v1.5-a_videos/dq2YpgXqCn8.mp4,VALID,,,8
dqZy_QkKqNM,/home/dipshikha/Music/cao/CISLR_v1.5-a_videos/dqZy_QkKqNM.mp4,VALID,,,8
drY08LJIVLw_1,/home/dipshikha/Music/cao/CISLR_v1.5-a_videos/drY08LJIVLw_1.mp4,VALID,,,8
du_72ySABJM,/home/dipshikha/Music/cao/CISLR_v1.5-a_videos/du_72ySABJM.mp4,VALID,,,8
dwuDZ2R6yV0_1,/home/dipshikha/Music/cao/CISLR_v1.5-a_videos/dwuDZ2R6yV0_1.mp4,VALID,,,8
dxPUI_h_LAk,/home/dipshikha/Music/cao/CISLR_v1.5-a_videos/dxPUI_h_LAk.mp4,VALID,,,8
dxoUqsSHx4E,/home/dipshikha/Music/cao/CISLR_v1.5-a_videos/dxoUqsSHx4E.mp4,VALID,,,8
dxvGVA3-j9k,/home/dipshikha/Music/cao/CISLR_v1.5-a_videos/dxvGVA3-j9k.mp4,VALID,,,8
e0SfMAxA-jo,/home/dipshikha/Music/cao/CISLR_v1.5-a_videos/e0SfMAxA-jo.mp4,VALID,,,8
e0VLtZBWLHY_1,/home/dipshikha/Music/cao/CISLR_v1.5-a_videos/e0VLtZBWLHY_1.mp4,VALID,,,8
e0WS9OgJpFs_1,/home/dipshikha/Music/cao/CISLR_v1.5-a_videos/e0WS9OgJpFs_1.mp4,VALID,,,8
e3GI7PCF70Y_1,/home/dipshikha/Music/cao/CISLR_v1.5-a_videos/e3GI7PCF70Y_1.mp4,VALID,,,8
e4C5ez28e1w_1,/home/dipshikha/Music/cao/CISLR_v1.5-a_videos/e4C5ez28e1w_1.mp4,VALID,,,8
e4lux9dnPcw_1,/home/dipshikha/Music/cao/CISLR_v1.5-a_videos/e4lux9dnPcw_1.mp4,VALID,,,8
e4rgP9qVQlo_1,/home/dipshikha/Music/cao/CISLR_v1.5-a_videos/e4rgP9qVQlo_1.mp4,VALID,,,8
e6oOrAWzRak_1,/home/dipshikha/Music/cao/CISLR_v1.5-a_videos/e6oOrAWzRak_1.mp4,VALID,,,8
e7FqJXEP2h0_1,/home/dipshikha/Music/cao/CISLR_v1.5-a_videos/e7FqJXEP2h0_1.mp4,VALID,,,8
e7GHpJSlm1U_2,/home/dipshikha/Music/cao/CISLR_v1.5-a_videos/e7GHpJSlm1U_2.mp4,INVALID,frame_decode_failed,124,8
e8r0Tt42W7Q,/home/dipshikha/Music/cao/CISLR_v1.5-a_videos/e8r0Tt42W7Q.mp4,VALID,,,8
e9pXePHQJnM_2,/home/dipshikha/Music/cao/CISLR_v1.5-a_videos/e9pXePHQJnM_2.mp4,VALID,,,8
eAFoZUaOwac,/home/dipshikha/Music/cao/CISLR_v1.5-a_videos/eAFoZUaOwac.mp4,VALID,,,8
eB-n9xBA7Uk_1,/home/dipshikha/Music/cao/CISLR_v1.5-a_videos/eB-n9xBA7Uk_1.mp4,VALID,,,8
eB9zCNo5R88_1,/home/dipshikha/Music/cao/CISLR_v1.5-a_videos/eB9zCNo5R88_1.mp4,VALID,,,8
eBiQCRMwX1A,/home/dipshikha/Music/cao/CISLR_v1.5-a_videos/eBiQCRMwX1A.mp4,VALID,,,8
eBn_I264LVs,/home/dipshikha/Music/cao/CISLR_v1.5-a_videos/eBn_I264LVs.mp4,VALID,,,8
eD1Hy4MJuRw_1,/home/dipshikha/Music/cao/CISLR_v1.5-a_videos/eD1Hy4MJuRw_1.mp4,VALID,,,8
eELQUxt6rUE_1,/home/dipshikha/Music/cao/CISLR_v1.5-a_videos/eELQUxt6rUE_1.mp4,VALID,,,8
eFb4OLllu9I_1,/home/dipshikha/Music/cao/CISLR_v1.5-a_videos/eFb4OLllu9I_1.mp4,VALID,,,8
eGXitOKnND8,/home/dipshikha/Music/cao/CISLR_v1.5-a_videos/eGXitOKnND8.mp4,VALID,,,8
eH7rPf10P-w,/home/dipshikha/Music/cao/CISLR_v1.5-a_videos/eH7rPf10P-w.mp4,VALID,,,8
eH_v5Kwbkx8_2,/home/dipshikha/Music/cao/CISLR_v1.5-a_videos/eH_v5Kwbkx8_2.mp4,INVALID,frame_decode_failed,96,8
eJ8Brka8TKw,/home/dipshikha/Music/cao/CISLR_v1.5-a_videos/eJ8Brka8TKw.mp4,VALID,,,8
eJ8fFy6Litw,/home/dipshikha/Music/cao/CISLR_v1.5-a_videos/eJ8fFy6Litw.mp4,VALID,,,8
eKESeb6rZGw,/home/dipshikha/Music/cao/CISLR_v1.5-a_videos/eKESeb6rZGw.mp4,VALID,,,8
eKHR8uZXbHE,/home/dipshikha/Music/cao/CISLR_v1.5-a_videos/eKHR8uZXbHE.mp4,VALID,,,8
eKQhdwlBO_U_1,/home/dipshikha/Music/cao/CISLR_v1.5-a_videos/eKQhdwlBO_U_1.mp4,VALID,,,8
eKfjQx-16GU,/home/dipshikha/Music/cao/CISLR_v1.5-a_videos/eKfjQx-16GU.mp4,VALID,,,8
eNA2jaQ3PgU,/home/dipshikha/Music/cao/CISLR_v1.5-a_videos/eNA2jaQ3PgU.mp4,VALID,,,8
eNAP3Ae71MY,/home/dipshikha/Music/cao/CISLR_v1.5-a_videos/eNAP3Ae71MY.mp4,VALID,,,8
eNbHxuaMpAw_1,/home/dipshikha/Music/cao/CISLR_v1.5-a_videos/eNbHxuaMpAw_1.mp4,VALID,,,8
eNwMbD5wsow_1,/home/dipshikha/Music/cao/CISLR_v1.5-a_videos/eNwMbD5wsow_1.mp4,VALID,,,8
ePBmpfIy7-c_1,/home/dipshikha/Music/cao/CISLR_v1.5-a_videos/ePBmpfIy7-c_1.mp4,VALID,,,8
eQ5_2D_y2CM_1,/home/dipshikha/Music/cao/CISLR_v1.5-a_videos/eQ5_2D_y2CM_1.mp4,VALID,,,8
eRpqfK08yI4_2,/home/dipshikha/Music/cao/CISLR_v1.5-a_videos/eRpqfK08yI4_2.mp4,INVALID,frame_decode_failed,129,8
eRr2PaNsu9U,/home/dipshikha/Music/cao/CISLR_v1.5-a_videos/eRr2PaNsu9U.mp4,VALID,,,8
eSFyfkFVTIU,/home/dipshikha/Music/cao/CISLR_v1.5-a_videos/eSFyfkFVTIU.mp4,VALID,,,8
eTKkv1WCs0Y_1,/home/dipshikha/Music/cao/CISLR_v1.5-a_videos/eTKkv1WCs0Y_1.mp4,VALID,,,8
eU8dCYk_41Y_1,/home/dipshikha/Music/cao/CISLR_v1.5-a_videos/eU8dCYk_41Y_1.mp4,VALID,,,8
eUB3bcNRzU8,/home/dipshikha/Music/cao/CISLR_v1.5-a_videos/eUB3bcNRzU8.mp4,VALID,,,8
eU_A9agtfeo_1,/home/dipshikha/Music/cao/CISLR_v1.5-a_videos/eU_A9agtfeo_1.mp4,VALID,,,8
eWbekocb_go,/home/dipshikha/Music/cao/CISLR_v1.5-a_videos/eWbekocb_go.mp4,VALID,,,8
eYDkqbfQD7E_1,/home/dipshikha/Music/cao/CISLR_v1.5-a_videos/eYDkqbfQD7E_1.mp4,VALID,,,8
eYe_qYNO81o,/home/dipshikha/Music/cao/CISLR_v1.5-a_videos/eYe_qYNO81o.mp4,VALID,,,8
eZ3vcetOBEE_2,/home/dipshikha/Music/cao/CISLR_v1.5-a_videos/eZ3vcetOBEE_2.mp4,INVALID,frame_decode_failed,167,8
e_2UcnQtmng_1,/home/dipshikha/Music/cao/CISLR_v1.5-a_videos/e_2UcnQtmng_1.mp4,VALID,,,8
e_i6YwNoSUY,/home/dipshikha/Music/cao/CISLR_v1.5-a_videos/e_i6YwNoSUY.mp4,VALID,,,8
ea8VG_U1OM4,/home/dipshikha/Music/cao/CISLR_v1.5-a_videos/ea8VG_U1OM4.mp4,VALID,,,8
edkUTr95raw,/home/dipshikha/Music/cao/CISLR_v1.5-a_videos/edkUTr95raw.mp4,VALID,,,8
eeMbTJ1Jyl4,/home/dipshikha/Music/cao/CISLR_v1.5-a_videos/eeMbTJ1Jyl4.mp4,VALID,,,8
eeVBDqHOrEQ_1,/home/dipshikha/Music/cao/CISLR_v1.5-a_videos/eeVBDqHOrEQ_1.mp4,VALID,,,8
eh4PJUNc3GQ_2,/home/dipshikha/Music/cao/CISLR_v1.5-a_videos/eh4PJUNc3GQ_2.mp4,INVALID,frame_decode_failed,98,8
eheMtSsA-ww,/home/dipshikha/Music/cao/CISLR_v1.5-a_videos/eheMtSsA-ww.mp4,VALID,,,8
ei3OdPKC1-4,/home/dipshikha/Music/cao/CISLR_v1.5-a_videos/ei3OdPKC1-4.mp4,VALID,,,8
eihGwOuNl1E,/home/dipshikha/Music/cao/CISLR_v1.5-a_videos/eihGwOuNl1E.mp4,VALID,,,8
ejX8KhT7JRY,/home/dipshikha/Music/cao/CISLR_v1.5-a_videos/ejX8KhT7JRY.mp4,VALID,,,8
en2QnH6V6t0,/home/dipshikha/Music/cao/CISLR_v1.5-a_videos/en2QnH6V6t0.mp4,VALID,,,8
en7qAq3Vc1c,/home/dipshikha/Music/cao/CISLR_v1.5-a_videos/en7qAq3Vc1c.mp4,VALID,,,8
enZ-JZqbhk8_2,/home/dipshikha/Music/cao/CISLR_v1.5-a_videos/enZ-JZqbhk8_2.mp4,INVALID,frame_decode_failed,91,8
eo4vVNZ8vk4_2,/home/dipshikha/Music/cao/CISLR_v1.5-a_videos/eo4vVNZ8vk4_2.mp4,VALID,,,8
epwPALMP-X8,/home/dipshikha/Music/cao/CISLR_v1.5-a_videos/epwPALMP-X8.mp4,VALID,,,8
eq2GVYo6G_g,/home/dipshikha/Music/cao/CISLR_v1.5-a_videos/eq2GVYo6G_g.mp4,VALID,,,8
es0vjVM5AFY_1,/home/dipshikha/Music/cao/CISLR_v1.5-a_videos/es0vjVM5AFY_1.mp4,VALID,,,8
eseyrC-e-s8,/home/dipshikha/Music/cao/CISLR_v1.5-a_videos/eseyrC-e-s8.mp4,VALID,,,8
esjHmLoXTKQ_1,/home/dipshikha/Music/cao/CISLR_v1.5-a_videos/esjHmLoXTKQ_1.mp4,VALID,,,8
etCT8acNlAk_1,/home/dipshikha/Music/cao/CISLR_v1.5-a_videos/etCT8acNlAk_1.mp4,VALID,,,8
eu6jtNK_qfI_1,/home/dipshikha/Music/cao/CISLR_v1.5-a_videos/eu6jtNK_qfI_1.mp4,VALID,,,8
evEAhw7lHBI,/home/dipshikha/Music/cao/CISLR_v1.5-a_videos/evEAhw7lHBI.mp4,VALID,,,8
evjthp31SBc_1,/home/dipshikha/Music/cao/CISLR_v1.5-a_videos/evjthp31SBc_1.mp4,VALID,,,8
ewHq-NjArVY,/home/dipshikha/Music/cao/CISLR_v1.5-a_videos/ewHq-NjArVY.mp4,VALID,,,8
exZSpHQ5Zhg_1,/home/dipshikha/Music/cao/CISLR_v1.5-a_videos/exZSpHQ5Zhg_1.mp4,VALID,,,8
eyzf4IkhbxE,/home/dipshikha/Music/cao/CISLR_v1.5-a_videos/eyzf4IkhbxE.mp4,VALID,,,8
f--3Qilcxvs,/home/dipshikha/Music/cao/CISLR_v1.5-a_videos/f--3Qilcxvs.mp4,VALID,,,8
f0lX1hYxleg,/home/dipshikha/Music/cao/CISLR_v1.5-a_videos/f0lX1hYxleg.mp4,VALID,,,8
f2KRTlDrsI0_1,/home/dipshikha/Music/cao/CISLR_v1.5-a_videos/f2KRTlDrsI0_1.mp4,VALID,,,8
f2RCrBoqFVw,/home/dipshikha/Music/cao/CISLR_v1.5-a_videos/f2RCrBoqFVw.mp4,VALID,,,8
f64zpSopa3E,/home/dipshikha/Music/cao/CISLR_v1.5-a_videos/f64zpSopa3E.mp4,VALID,,,8
f8BAnw57PFY,/home/dipshikha/Music/cao/CISLR_v1.5-a_videos/f8BAnw57PFY.mp4,VALID,,,8
f8TsAfMDsVU_1,/home/dipshikha/Music/cao/CISLR_v1.5-a_videos/f8TsAfMDsVU_1.mp4,VALID,,,8
f9rCwRfIxKw,/home/dipshikha/Music/cao/CISLR_v1.5-a_videos/f9rCwRfIxKw.mp4,VALID,,,8
fAbE9RGaHr0,/home/dipshikha/Music/cao/CISLR_v1.5-a_videos/fAbE9RGaHr0.mp4,VALID,,,8
fB1PbgyU880,/home/dipshikha/Music/cao/CISLR_v1.5-a_videos/fB1PbgyU880.mp4,VALID,,,8
fB6rpU-9SSU,/home/dipshikha/Music/cao/CISLR_v1.5-a_videos/fB6rpU-9SSU.mp4,VALID,,,8
fBS58EQ-ryw_2,/home/dipshikha/Music/cao/CISLR_v1.5-a_videos/fBS58EQ-ryw_2.mp4,INVALID,frame_decode_failed,133,8
fBzuEo6DNDc,/home/dipshikha/Music/cao/CISLR_v1.5-a_videos/fBzuEo6DNDc.mp4,VALID,,,8
fCC3_lRJ2es_1,/home/dipshikha/Music/cao/CISLR_v1.5-a_videos/fCC3_lRJ2es_1.mp4,VALID,,,8
fCd20l7-3Mo,/home/dipshikha/Music/cao/CISLR_v1.5-a_videos/fCd20l7-3Mo.mp4,VALID,,,8
fCfnAjFQ8k4,/home/dipshikha/Music/cao/CISLR_v1.5-a_videos/fCfnAjFQ8k4.mp4,VALID,,,8
fCt-Gci84f8_1,/home/dipshikha/Music/cao/CISLR_v1.5-a_videos/fCt-Gci84f8_1.mp4,VALID,,,8
fEfVaSRjWY4,/home/dipshikha/Music/cao/CISLR_v1.5-a_videos/fEfVaSRjWY4.mp4,VALID,,,8
fKwQPZnzJCg,/home/dipshikha/Music/cao/CISLR_v1.5-a_videos/fKwQPZnzJCg.mp4,VALID,,,8
fLNCrNgXMuU,/home/dipshikha/Music/cao/CISLR_v1.5-a_videos/fLNCrNgXMuU.mp4,VALID,,,8
fQBJzNtf6rU_1,/home/dipshikha/Music/cao/CISLR_v1.5-a_videos/fQBJzNtf6rU_1.mp4,VALID,,,8
fQcXVe8_ZLw,/home/dipshikha/Music/cao/CISLR_v1.5-a_videos/fQcXVe8_ZLw.mp4,VALID,,,8
fS8tS7dCIhA_1,/home/dipshikha/Music/cao/CISLR_v1.5-a_videos/fS8tS7dCIhA_1.mp4,VALID,,,8
fVM3O_zqrWc,/home/dipshikha/Music/cao/CISLR_v1.5-a_videos/fVM3O_zqrWc.mp4,VALID,,,8
fZsaGLA9Z3s_1,/home/dipshikha/Music/cao/CISLR_v1.5-a_videos/fZsaGLA9Z3s_1.mp4,VALID,,,8
fauftUvYPls,/home/dipshikha/Music/cao/CISLR_v1.5-a_videos/fauftUvYPls.mp4,VALID,,,8
fb4zZYQWRUI,/home/dipshikha/Music/cao/CISLR_v1.5-a_videos/fb4zZYQWRUI.mp4,VALID,,,8
fccxaqUbuXU_1,/home/dipshikha/Music/cao/CISLR_v1.5-a_videos/fccxaqUbuXU_1.mp4,VALID,,,8
fe3uPTqXfxQ,/home/dipshikha/Music/cao/CISLR_v1.5-a_videos/fe3uPTqXfxQ.mp4,VALID,,,8
fhURcNQNqgo,/home/dipshikha/Music/cao/CISLR_v1.5-a_videos/fhURcNQNqgo.mp4,VALID,,,8
fjiQoursQB8,/home/dipshikha/Music/cao/CISLR_v1.5-a_videos/fjiQoursQB8.mp4,VALID,,,8
fkbNA8acuv4,/home/dipshikha/Music/cao/CISLR_v1.5-a_videos/fkbNA8acuv4.mp4,VALID,,,8
fmWmAAtfkBU,/home/dipshikha/Music/cao/CISLR_v1.5-a_videos/fmWmAAtfkBU.mp4,VALID,,,8
fnOThtPRhVM,/home/dipshikha/Music/cao/CISLR_v1.5-a_videos/fnOThtPRhVM.mp4,VALID,,,8
fsA2L4hL5Cc_1,/home/dipshikha/Music/cao/CISLR_v1.5-a_videos/fsA2L4hL5Cc_1.mp4,VALID,,,8
fvn1QE0yfPE,/home/dipshikha/Music/cao/CISLR_v1.5-a_videos/fvn1QE0yfPE.mp4,VALID,,,8
fvpPTKgvPJY,/home/dipshikha/Music/cao/CISLR_v1.5-a_videos/fvpPTKgvPJY.mp4,VALID,,,8
fx9psR2uzxs,/home/dipshikha/Music/cao/CISLR_v1.5-a_videos/fx9psR2uzxs.mp4,VALID,,,8
fxaFxNiUcSA,/home/dipshikha/Music/cao/CISLR_v1.5-a_videos/fxaFxNiUcSA.mp4,VALID,,,8
fySF9xDtT40,/home/dipshikha/Music/cao/CISLR_v1.5-a_videos/fySF9xDtT40.mp4,VALID,,,8
g-ErxwuqzTk_1,/home/dipshikha/Music/cao/CISLR_v1.5-a_videos/g-ErxwuqzTk_1.mp4,VALID,,,8
g-sQif-_tqo,/home/dipshikha/Music/cao/CISLR_v1.5-a_videos/g-sQif-_tqo.mp4,VALID,,,8
g1vbPEqLqFo_2,/home/dipshikha/Music/cao/CISLR_v1.5-a_videos/g1vbPEqLqFo_2.mp4,VALID,,,8
g1yiti_ayE8_2,/home/dipshikha/Music/cao/CISLR_v1.5-a_videos/g1yiti_ayE8_2.mp4,INVALID,frame_decode_failed,89,8
g358Yz5xFt0_1,/home/dipshikha/Music/cao/CISLR_v1.5-a_videos/g358Yz5xFt0_1.mp4,VALID,,,8
g3QqEJhvyYE_1,/home/dipshikha/Music/cao/CISLR_v1.5-a_videos/g3QqEJhvyYE_1.mp4,VALID,,,8
g3Zp-9UhexE,/home/dipshikha/Music/cao/CISLR_v1.5-a_videos/g3Zp-9UhexE.mp4,VALID,,,8
g6N1jD8-u2U,/home/dipshikha/Music/cao/CISLR_v1.5-a_videos/g6N1jD8-u2U.mp4,VALID,,,8
g6hYRF6ahSE,/home/dipshikha/Music/cao/CISLR_v1.5-a_videos/g6hYRF6ahSE.mp4,VALID,,,8
g8--b-O60kM,/home/dipshikha/Music/cao/CISLR_v1.5-a_videos/g8--b-O60kM.mp4,VALID,,,8
g8H6NFJ8o7w,/home/dipshikha/Music/cao/CISLR_v1.5-a_videos/g8H6NFJ8o7w.mp4,VALID,,,8
g8JIlO5P5Vw,/home/dipshikha/Music/cao/CISLR_v1.5-a_videos/g8JIlO5P5Vw.mp4,VALID,,,8
g8ZrP9KZGlk,/home/dipshikha/Music/cao/CISLR_v1.5-a_videos/g8ZrP9KZGlk.mp4,VALID,,,8
g9SpsCvyEfc_1,/home/dipshikha/Music/cao/CISLR_v1.5-a_videos/g9SpsCvyEfc_1.mp4,VALID,,,8
gBXLHNjB5Co_1,/home/dipshikha/Music/cao/CISLR_v1.5-a_videos/gBXLHNjB5Co_1.mp4,VALID,,,8
gEGlTYbGvLI_1,/home/dipshikha/Music/cao/CISLR_v1.5-a_videos/gEGlTYbGvLI_1.mp4,VALID,,,8
gG-xmfo-y3A,/home/dipshikha/Music/cao/CISLR_v1.5-a_videos/gG-xmfo-y3A.mp4,VALID,,,8
gHKbG1LDbDU,/home/dipshikha/Music/cao/CISLR_v1.5-a_videos/gHKbG1LDbDU.mp4,VALID,,,8
gIOJ8eh7GRQ_1,/home/dipshikha/Music/cao/CISLR_v1.5-a_videos/gIOJ8eh7GRQ_1.mp4,VALID,,,8
gIbD-xkQiJg_1,/home/dipshikha/Music/cao/CISLR_v1.5-a_videos/gIbD-xkQiJg_1.mp4,VALID,,,8
gKJXWarD5LM_1,/home/dipshikha/Music/cao/CISLR_v1.5-a_videos/gKJXWarD5LM_1.mp4,VALID,,,8
gKyJmtZ6JZY_2,/home/dipshikha/Music/cao/CISLR_v1.5-a_videos/gKyJmtZ6JZY_2.mp4,INVALID,frame_decode_failed,110,8
gLH8E10Xex8,/home/dipshikha/Music/cao/CISLR_v1.5-a_videos/gLH8E10Xex8.mp4,VALID,,,8
gMJuEhuQYAg,/home/dipshikha/Music/cao/CISLR_v1.5-a_videos/gMJuEhuQYAg.mp4,VALID,,,8
gNuAOCWJkZc,/home/dipshikha/Music/cao/CISLR_v1.5-a_videos/gNuAOCWJkZc.mp4,VALID,,,8
gO0DCs4VUEI_1,/home/dipshikha/Music/cao/CISLR_v1.5-a_videos/gO0DCs4VUEI_1.mp4,VALID,,,8
gPKQvW2CXhg,/home/dipshikha/Music/cao/CISLR_v1.5-a_videos/gPKQvW2CXhg.mp4,VALID,,,8
gQMKC4C-H80_2,/home/dipshikha/Music/cao/CISLR_v1.5-a_videos/gQMKC4C-H80_2.mp4,INVALID,frame_decode_failed,87,8
gQ_fr_Rv8sE_1,/home/dipshikha/Music/cao/CISLR_v1.5-a_videos/gQ_fr_Rv8sE_1.mp4,VALID,,,8
gR1Kd5i82-0,/home/dipshikha/Music/cao/CISLR_v1.5-a_videos/gR1Kd5i82-0.mp4,VALID,,,8
gRI_3iZrN5U_2,/home/dipshikha/Music/cao/CISLR_v1.5-a_videos/gRI_3iZrN5U_2.mp4,VALID,,,8
gRvbXIwDvh4_2,/home/dipshikha/Music/cao/CISLR_v1.5-a_videos/gRvbXIwDvh4_2.mp4,INVALID,frame_decode_failed,141,8
gSoXECyR_-s_1,/home/dipshikha/Music/cao/CISLR_v1.5-a_videos/gSoXECyR_-s_1.mp4,VALID,,,8
gT_hnPLlO7k,/home/dipshikha/Music/cao/CISLR_v1.5-a_videos/gT_hnPLlO7k.mp4,VALID,,,8
gTnUL6YyXRA,/home/dipshikha/Music/cao/CISLR_v1.5-a_videos/gTnUL6YyXRA.mp4,VALID,,,8
gYAOz-CJruo_1,/home/dipshikha/Music/cao/CISLR_v1.5-a_videos/gYAOz-CJruo_1.mp4,VALID,,,8
gYbNVGvRcms,/home/dipshikha/Music/cao/CISLR_v1.5-a_videos/gYbNVGvRcms.mp4,VALID,,,8
gYbT8Fh2WXA_1,/home/dipshikha/Music/cao/CISLR_v1.5-a_videos/gYbT8Fh2WXA_1.mp4,VALID,,,8
g_WGhzxUi4E_1,/home/dipshikha/Music/cao/CISLR_v1.5-a_videos/g_WGhzxUi4E_1.mp4,VALID,,,8
ga-B-UhiVNo,/home/dipshikha/Music/cao/CISLR_v1.5-a_videos/ga-B-UhiVNo.mp4,VALID,,,8
gbD4G_rYL6E,/home/dipshikha/Music/cao/CISLR_v1.5-a_videos/gbD4G_rYL6E.mp4,VALID,,,8
geLlRLZnNhQ,/home/dipshikha/Music/cao/CISLR_v1.5-a_videos/geLlRLZnNhQ.mp4,VALID,,,8
geZegwhqVSE_1,/home/dipshikha/Music/cao/CISLR_v1.5-a_videos/geZegwhqVSE_1.mp4,VALID,,,8
gfDGWjaDaTk,/home/dipshikha/Music/cao/CISLR_v1.5-a_videos/gfDGWjaDaTk.mp4,VALID,,,8
gfg0aOxyM_Q_1,/home/dipshikha/Music/cao/CISLR_v1.5-a_videos/gfg0aOxyM_Q_1.mp4,VALID,,,8
gfgQWafpuLo_1,/home/dipshikha/Music/cao/CISLR_v1.5-a_videos/gfgQWafpuLo_1.mp4,VALID,,,8
gfmk3_98I9E_1,/home/dipshikha/Music/cao/CISLR_v1.5-a_videos/gfmk3_98I9E_1.mp4,VALID,,,8
ggeNzh5at2g_1,/home/dipshikha/Music/cao/CISLR_v1.5-a_videos/ggeNzh5at2g_1.mp4,VALID,,,8
ghyJZVAibyA,/home/dipshikha/Music/cao/CISLR_v1.5-a_videos/ghyJZVAibyA.mp4,VALID,,,8
ghyz0Xiumg0_1,/home/dipshikha/Music/cao/CISLR_v1.5-a_videos/ghyz0Xiumg0_1.mp4,VALID,,,8
gjPP4lI0HM0,/home/dipshikha/Music/cao/CISLR_v1.5-a_videos/gjPP4lI0HM0.mp4,VALID,,,8
gjpsKc4rYEM,/home/dipshikha/Music/cao/CISLR_v1.5-a_videos/gjpsKc4rYEM.mp4,VALID,,,8
gjqfGxN2SxE,/home/dipshikha/Music/cao/CISLR_v1.5-a_videos/gjqfGxN2SxE.mp4,VALID,,,8
gmtBcUWzdwE,/home/dipshikha/Music/cao/CISLR_v1.5-a_videos/gmtBcUWzdwE.mp4,VALID,,,8
gnQLgdWLk0c,/home/dipshikha/Music/cao/CISLR_v1.5-a_videos/gnQLgdWLk0c.mp4,VALID,,,8
gp87To3L1DY_1,/home/dipshikha/Music/cao/CISLR_v1.5-a_videos/gp87To3L1DY_1.mp4,VALID,,,8
gsI77j_jlvg_1,/home/dipshikha/Music/cao/CISLR_v1.5-a_videos/gsI77j_jlvg_1.mp4,VALID,,,8
guOIIr835FE,/home/dipshikha/Music/cao/CISLR_v1.5-a_videos/guOIIr835FE.mp4,VALID,,,8
guhzTYs8TN8_2,/home/dipshikha/Music/cao/CISLR_v1.5-a_videos/guhzTYs8TN8_2.mp4,VALID,,,8
gvEzY4sw5Z0_1,/home/dipshikha/Music/cao/CISLR_v1.5-a_videos/gvEzY4sw5Z0_1.mp4,VALID,,,8
gvFkCJni120,/home/dipshikha/Music/cao/CISLR_v1.5-a_videos/gvFkCJni120.mp4,VALID,,,8
gwK7IZYEgK8_1,/home/dipshikha/Music/cao/CISLR_v1.5-a_videos/gwK7IZYEgK8_1.mp4,VALID,,,8
gxFroPz8ydI_1,/home/dipshikha/Music/cao/CISLR_v1.5-a_videos/gxFroPz8ydI_1.mp4,VALID,,,8
gy8DIBO3KPo_1,/home/dipshikha/Music/cao/CISLR_v1.5-a_videos/gy8DIBO3KPo_1.mp4,VALID,,,8
gzp_nV5PK1o_1,/home/dipshikha/Music/cao/CISLR_v1.5-a_videos/gzp_nV5PK1o_1.mp4,VALID,,,8
h1mgzeLHaMY,/home/dipshikha/Music/cao/CISLR_v1.5-a_videos/h1mgzeLHaMY.mp4,VALID,,,8
h3ZdKfu7Vws,/home/dipshikha/Music/cao/CISLR_v1.5-a_videos/h3ZdKfu7Vws.mp4,VALID,,,8
h3c9_id8RWg,/home/dipshikha/Music/cao/CISLR_v1.5-a_videos/h3c9_id8RWg.mp4,VALID,,,8
h4y0h7GDHA8,/home/dipshikha/Music/cao/CISLR_v1.5-a_videos/h4y0h7GDHA8.mp4,VALID,,,8
h6GYmPOMrDc_1,/home/dipshikha/Music/cao/CISLR_v1.5-a_videos/h6GYmPOMrDc_1.mp4,VALID,,,8
h6LSVGsUiRA,/home/dipshikha/Music/cao/CISLR_v1.5-a_videos/h6LSVGsUiRA.mp4,VALID,,,8
h70xLaGjPIM,/home/dipshikha/Music/cao/CISLR_v1.5-a_videos/h70xLaGjPIM.mp4,VALID,,,8
h7wUxp1gTSo_2,/home/dipshikha/Music/cao/CISLR_v1.5-a_videos/h7wUxp1gTSo_2.mp4,VALID,,,8
h8yZIUn2J7o_2,/home/dipshikha/Music/cao/CISLR_v1.5-a_videos/h8yZIUn2J7o_2.mp4,INVALID,frame_decode_failed,93,8
h8zjYuaiBK8_1,/home/dipshikha/Music/cao/CISLR_v1.5-a_videos/h8zjYuaiBK8_1.mp4,VALID,,,8
hAPJsvuQdkI,/home/dipshikha/Music/cao/CISLR_v1.5-a_videos/hAPJsvuQdkI.mp4,VALID,,,8
hBs7tvBHjzQ_1,/home/dipshikha/Music/cao/CISLR_v1.5-a_videos/hBs7tvBHjzQ_1.mp4,VALID,,,8
hD6EdyqWw0c,/home/dipshikha/Music/cao/CISLR_v1.5-a_videos/hD6EdyqWw0c.mp4,VALID,,,8
hGE-45zVP8w_1,/home/dipshikha/Music/cao/CISLR_v1.5-a_videos/hGE-45zVP8w_1.mp4,VALID,,,8
hHLoe4rXNNk_1,/home/dipshikha/Music/cao/CISLR_v1.5-a_videos/hHLoe4rXNNk_1.mp4,VALID,,,8
hJ2fPuzgv_s_2,/home/dipshikha/Music/cao/CISLR_v1.5-a_videos/hJ2fPuzgv_s_2.mp4,INVALID,frame_decode_failed,140,8
hKT6dEhxTAE,/home/dipshikha/Music/cao/CISLR_v1.5-a_videos/hKT6dEhxTAE.mp4,VALID,,,8
hMLtjJ2H09Y_1,/home/dipshikha/Music/cao/CISLR_v1.5-a_videos/hMLtjJ2H09Y_1.mp4,VALID,,,8
hN6_eLx9tkU_1,/home/dipshikha/Music/cao/CISLR_v1.5-a_videos/hN6_eLx9tkU_1.mp4,VALID,,,8
hO9pTrkhSlA,/home/dipshikha/Music/cao/CISLR_v1.5-a_videos/hO9pTrkhSlA.mp4,VALID,,,8
hR9Q-3L5tGY,/home/dipshikha/Music/cao/CISLR_v1.5-a_videos/hR9Q-3L5tGY.mp4,VALID,,,8
hTe8e7lfC-M_1,/home/dipshikha/Music/cao/CISLR_v1.5-a_videos/hTe8e7lfC-M_1.mp4,VALID,,,8
hTjWdQrM-LY_2,/home/dipshikha/Music/cao/CISLR_v1.5-a_videos/hTjWdQrM-LY_2.mp4,INVALID,frame_decode_failed,142,8
hTxZxP5ypNk,/home/dipshikha/Music/cao/CISLR_v1.5-a_videos/hTxZxP5ypNk.mp4,VALID,,,8
hWrC71CmNus_1,/home/dipshikha/Music/cao/CISLR_v1.5-a_videos/hWrC71CmNus_1.mp4,VALID,,,8
hXHLEKBaaNM,/home/dipshikha/Music/cao/CISLR_v1.5-a_videos/hXHLEKBaaNM.mp4,VALID,,,8
hXp201_ejX8,/home/dipshikha/Music/cao/CISLR_v1.5-a_videos/hXp201_ejX8.mp4,VALID,,,8
hYAtE5G_a9c_1,/home/dipshikha/Music/cao/CISLR_v1.5-a_videos/hYAtE5G_a9c_1.mp4,VALID,,,8
hZ7K25SvzRM,/home/dipshikha/Music/cao/CISLR_v1.5-a_videos/hZ7K25SvzRM.mp4,VALID,,,8
hZGHZ9sLtlg,/home/dipshikha/Music/cao/CISLR_v1.5-a_videos/hZGHZ9sLtlg.mp4,VALID,,,8
hc5PzdRYMUk,/home/dipshikha/Music/cao/CISLR_v1.5-a_videos/hc5PzdRYMUk.mp4,VALID,,,8
hd1_aU5WhjA_1,/home/dipshikha/Music/cao/CISLR_v1.5-a_videos/hd1_aU5WhjA_1.mp4,VALID,,,8
hdJr3U_BZ38_1,/home/dipshikha/Music/cao/CISLR_v1.5-a_videos/hdJr3U_BZ38_1.mp4,VALID,,,8
hdMpGpG4LJ4,/home/dipshikha/Music/cao/CISLR_v1.5-a_videos/hdMpGpG4LJ4.mp4,VALID,,,8
he8ICzchdmA,/home/dipshikha/Music/cao/CISLR_v1.5-a_videos/he8ICzchdmA.mp4,VALID,,,8
hga2Zs6wmWw,/home/dipshikha/Music/cao/CISLR_v1.5-a_videos/hga2Zs6wmWw.mp4,VALID,,,8
hhE3F517e40,/home/dipshikha/Music/cao/CISLR_v1.5-a_videos/hhE3F517e40.mp4,VALID,,,8
hhIHJjxkrt4,/home/dipshikha/Music/cao/CISLR_v1.5-a_videos/hhIHJjxkrt4.mp4,VALID,,,8
hhnc9qkIwVw,/home/dipshikha/Music/cao/CISLR_v1.5-a_videos/hhnc9qkIwVw.mp4,VALID,,,8
hi_YVOlxY8Y_1,/home/dipshikha/Music/cao/CISLR_v1.5-a_videos/hi_YVOlxY8Y_1.mp4,VALID,,,8
hjLBNqNbuQQ_1,/home/dipshikha/Music/cao/CISLR_v1.5-a_videos/hjLBNqNbuQQ_1.mp4,VALID,,,8
hl1aZKaSZ7I_1,/home/dipshikha/Music/cao/CISLR_v1.5-a_videos/hl1aZKaSZ7I_1.mp4,VALID,,,8
hlRsj56XQh4,/home/dipshikha/Music/cao/CISLR_v1.5-a_videos/hlRsj56XQh4.mp4,VALID,,,8
hlWNjgLwXUM,/home/dipshikha/Music/cao/CISLR_v1.5-a_videos/hlWNjgLwXUM.mp4,VALID,,,8
hpVSyk3uJQg_1,/home/dipshikha/Music/cao/CISLR_v1.5-a_videos/hpVSyk3uJQg_1.mp4,VALID,,,8
i-CTcAiWx8Q_1,/home/dipshikha/Music/cao/CISLR_v1.5-a_videos/i-CTcAiWx8Q_1.mp4,VALID,,,8
i-SvPceDJYw,/home/dipshikha/Music/cao/CISLR_v1.5-a_videos/i-SvPceDJYw.mp4,VALID,,,8
i07VeT58iLA_1,/home/dipshikha/Music/cao/CISLR_v1.5-a_videos/i07VeT58iLA_1.mp4,VALID,,,8
i1HQutvRGa4_1,/home/dipshikha/Music/cao/CISLR_v1.5-a_videos/i1HQutvRGa4_1.mp4,VALID,,,8
i4SoQNXcpik_2,/home/dipshikha/Music/cao/CISLR_v1.5-a_videos/i4SoQNXcpik_2.mp4,INVALID,frame_decode_failed,180,8
i4i1dYe1hDE_1,/home/dipshikha/Music/cao/CISLR_v1.5-a_videos/i4i1dYe1hDE_1.mp4,VALID,,,8
i4rgDyw5mc8,/home/dipshikha/Music/cao/CISLR_v1.5-a_videos/i4rgDyw5mc8.mp4,VALID,,,8
i5D0tObXY54_2,/home/dipshikha/Music/cao/CISLR_v1.5-a_videos/i5D0tObXY54_2.mp4,INVALID,frame_decode_failed,63,8
i5dtwGBooaI_1,/home/dipshikha/Music/cao/CISLR_v1.5-a_videos/i5dtwGBooaI_1.mp4,VALID,,,8
i6snKEGzUUo,/home/dipshikha/Music/cao/CISLR_v1.5-a_videos/i6snKEGzUUo.mp4,VALID,,,8
i81W1xO6sBc_1,/home/dipshikha/Music/cao/CISLR_v1.5-a_videos/i81W1xO6sBc_1.mp4,VALID,,,8
iAKpmP9dGuw,/home/dipshikha/Music/cao/CISLR_v1.5-a_videos/iAKpmP9dGuw.mp4,VALID,,,8
iASooj0B1tY,/home/dipshikha/Music/cao/CISLR_v1.5-a_videos/iASooj0B1tY.mp4,VALID,,,8
iBQVdGzJnoY_1,/home/dipshikha/Music/cao/CISLR_v1.5-a_videos/iBQVdGzJnoY_1.mp4,VALID,,,8
iCGVvvNuvLM,/home/dipshikha/Music/cao/CISLR_v1.5-a_videos/iCGVvvNuvLM.mp4,VALID,,,8
iCZL3lk119A,/home/dipshikha/Music/cao/CISLR_v1.5-a_videos/iCZL3lk119A.mp4,VALID,,,8
iCxWZbtfqH4_1,/home/dipshikha/Music/cao/CISLR_v1.5-a_videos/iCxWZbtfqH4_1.mp4,VALID,,,8
iEwyPUtL9s0,/home/dipshikha/Music/cao/CISLR_v1.5-a_videos/iEwyPUtL9s0.mp4,VALID,,,8
iGDJKo1-w5k,/home/dipshikha/Music/cao/CISLR_v1.5-a_videos/iGDJKo1-w5k.mp4,VALID,,,8
iLJr7ZAPfLE,/home/dipshikha/Music/cao/CISLR_v1.5-a_videos/iLJr7ZAPfLE.mp4,VALID,,,8
iLLV5LaC4e4_2,/home/dipshikha/Music/cao/CISLR_v1.5-a_videos/iLLV5LaC4e4_2.mp4,INVALID,frame_decode_failed,112,8
iLnDUh6SJSo,/home/dipshikha/Music/cao/CISLR_v1.5-a_videos/iLnDUh6SJSo.mp4,VALID,,,8
iRN0N_yzgE0_1,/home/dipshikha/Music/cao/CISLR_v1.5-a_videos/iRN0N_yzgE0_1.mp4,VALID,,,8
iRZbZObhJ9g_2,/home/dipshikha/Music/cao/CISLR_v1.5-a_videos/iRZbZObhJ9g_2.mp4,VALID,,,8
iT0YsG0QkbU,/home/dipshikha/Music/cao/CISLR_v1.5-a_videos/iT0YsG0QkbU.mp4,VALID,,,8
iTgS0k5G4HM,/home/dipshikha/Music/cao/CISLR_v1.5-a_videos/iTgS0k5G4HM.mp4,VALID,,,8
iTkwAlp7t9k_1,/home/dipshikha/Music/cao/CISLR_v1.5-a_videos/iTkwAlp7t9k_1.mp4,VALID,,,8
iUx2uTIIwjw_1,/home/dipshikha/Music/cao/CISLR_v1.5-a_videos/iUx2uTIIwjw_1.mp4,VALID,,,8
iWPV3pCRN64_1,/home/dipshikha/Music/cao/CISLR_v1.5-a_videos/iWPV3pCRN64_1.mp4,VALID,,,8
iWpgiYUT23c,/home/dipshikha/Music/cao/CISLR_v1.5-a_videos/iWpgiYUT23c.mp4,VALID,,,8
iZmhl0855b8_1,/home/dipshikha/Music/cao/CISLR_v1.5-a_videos/iZmhl0855b8_1.mp4,VALID,,,8
ibTYqJp5cJ4,/home/dipshikha/Music/cao/CISLR_v1.5-a_videos/ibTYqJp5cJ4.mp4,VALID,,,8
icD4b5yxifw_1,/home/dipshikha/Music/cao/CISLR_v1.5-a_videos/icD4b5yxifw_1.mp4,VALID,,,8
if-ioOMit8I,/home/dipshikha/Music/cao/CISLR_v1.5-a_videos/if-ioOMit8I.mp4,VALID,,,8
ihytBUA_38Q_1,/home/dipshikha/Music/cao/CISLR_v1.5-a_videos/ihytBUA_38Q_1.mp4,VALID,,,8
iiWPq-IKhXQ,/home/dipshikha/Music/cao/CISLR_v1.5-a_videos/iiWPq-IKhXQ.mp4,VALID,,,8
iiYu_W7B91w_2,/home/dipshikha/Music/cao/CISLR_v1.5-a_videos/iiYu_W7B91w_2.mp4,VALID,,,8
ijMeKPPK14c,/home/dipshikha/Music/cao/CISLR_v1.5-a_videos/ijMeKPPK14c.mp4,VALID,,,8
ijZEAkDX9Tw_1,/home/dipshikha/Music/cao/CISLR_v1.5-a_videos/ijZEAkDX9Tw_1.mp4,VALID,,,8
ikrmT6T1GbE_2,/home/dipshikha/Music/cao/CISLR_v1.5-a_videos/ikrmT6T1GbE_2.mp4,INVALID,frame_decode_failed,171,8
ilYT_sRF0UI,/home/dipshikha/Music/cao/CISLR_v1.5-a_videos/ilYT_sRF0UI.mp4,VALID,,,8
inPHcp6Pz8U,/home/dipshikha/Music/cao/CISLR_v1.5-a_videos/inPHcp6Pz8U.mp4,VALID,,,8
in_tDYVG__E_1,/home/dipshikha/Music/cao/CISLR_v1.5-a_videos/in_tDYVG__E_1.mp4,VALID,,,8
ioEb1Aqyq10,/home/dipshikha/Music/cao/CISLR_v1.5-a_videos/ioEb1Aqyq10.mp4,VALID,,,8
iqlb1r9YIAc,/home/dipshikha/Music/cao/CISLR_v1.5-a_videos/iqlb1r9YIAc.mp4,VALID,,,8
ir2j5tb_Dtc,/home/dipshikha/Music/cao/CISLR_v1.5-a_videos/ir2j5tb_Dtc.mp4,VALID,,,8
isrocVWrxaM,/home/dipshikha/Music/cao/CISLR_v1.5-a_videos/isrocVWrxaM.mp4,VALID,,,8
itp7CE5KiEQ,/home/dipshikha/Music/cao/CISLR_v1.5-a_videos/itp7CE5KiEQ.mp4,VALID,,,8
iu7j255lYQU,/home/dipshikha/Music/cao/CISLR_v1.5-a_videos/iu7j255lYQU.mp4,VALID,,,8
iuWCFhzXAw4_1,/home/dipshikha/Music/cao/CISLR_v1.5-a_videos/iuWCFhzXAw4_1.mp4,VALID,,,8
iwb4_ty2_fY_1,/home/dipshikha/Music/cao/CISLR_v1.5-a_videos/iwb4_ty2_fY_1.mp4,VALID,,,8
iyvaYVAqszM,/home/dipshikha/Music/cao/CISLR_v1.5-a_videos/iyvaYVAqszM.mp4,VALID,,,8
izOLXRN3PMs,/home/dipshikha/Music/cao/CISLR_v1.5-a_videos/izOLXRN3PMs.mp4,VALID,,,8
izdqbJ_kMkE,/home/dipshikha/Music/cao/CISLR_v1.5-a_videos/izdqbJ_kMkE.mp4,VALID,,,8
izjMpJOgofI,/home/dipshikha/Music/cao/CISLR_v1.5-a_videos/izjMpJOgofI.mp4,VALID,,,8
izuX0loa1Oc,/home/dipshikha/Music/cao/CISLR_v1.5-a_videos/izuX0loa1Oc.mp4,VALID,,,8
j-qHEAz6J6A,/home/dipshikha/Music/cao/CISLR_v1.5-a_videos/j-qHEAz6J6A.mp4,VALID,,,8
j0FRtPBWKaM_1,/home/dipshikha/Music/cao/CISLR_v1.5-a_videos/j0FRtPBWKaM_1.mp4,VALID,,,8
j0KYjVbQn2k,/home/dipshikha/Music/cao/CISLR_v1.5-a_videos/j0KYjVbQn2k.mp4,VALID,,,8
j0m4en9JPMo,/home/dipshikha/Music/cao/CISLR_v1.5-a_videos/j0m4en9JPMo.mp4,VALID,,,8
j0xVU_Y5o2s,/home/dipshikha/Music/cao/CISLR_v1.5-a_videos/j0xVU_Y5o2s.mp4,VALID,,,8
j22q83rv6hg,/home/dipshikha/Music/cao/CISLR_v1.5-a_videos/j22q83rv6hg.mp4,VALID,,,8
j2TJMBMK4tw_1,/home/dipshikha/Music/cao/CISLR_v1.5-a_videos/j2TJMBMK4tw_1.mp4,VALID,,,8
j3M1eyb-Kjo_1,/home/dipshikha/Music/cao/CISLR_v1.5-a_videos/j3M1eyb-Kjo_1.mp4,VALID,,,8
j6JhN79aivA_1,/home/dipshikha/Music/cao/CISLR_v1.5-a_videos/j6JhN79aivA_1.mp4,VALID,,,8
j7WkWV09J6k_1,/home/dipshikha/Music/cao/CISLR_v1.5-a_videos/j7WkWV09J6k_1.mp4,VALID,,,8
j8DclxLUXs4_1,/home/dipshikha/Music/cao/CISLR_v1.5-a_videos/j8DclxLUXs4_1.mp4,VALID,,,8
jB1wqkujn00,/home/dipshikha/Music/cao/CISLR_v1.5-a_videos/jB1wqkujn00.mp4,VALID,,,8
jBmmS3Hm6ik,/home/dipshikha/Music/cao/CISLR_v1.5-a_videos/jBmmS3Hm6ik.mp4,VALID,,,8
jFdwRqDDa_Q,/home/dipshikha/Music/cao/CISLR_v1.5-a_videos/jFdwRqDDa_Q.mp4,VALID,,,8
jFy2xrByJhE_1,/home/dipshikha/Music/cao/CISLR_v1.5-a_videos/jFy2xrByJhE_1.mp4,VALID,,,8
jI62F9LgRlI,/home/dipshikha/Music/cao/CISLR_v1.5-a_videos/jI62F9LgRlI.mp4,VALID,,,8
jJe3JfQi_Js,/home/dipshikha/Music/cao/CISLR_v1.5-a_videos/jJe3JfQi_Js.mp4,VALID,,,8
jKOcleZ9e5Y,/home/dipshikha/Music/cao/CISLR_v1.5-a_videos/jKOcleZ9e5Y.mp4,VALID,,,8
jKUC0tUYcIM,/home/dipshikha/Music/cao/CISLR_v1.5-a_videos/jKUC0tUYcIM.mp4,VALID,,,8
jKw2bzJc-NY_2,/home/dipshikha/Music/cao/CISLR_v1.5-a_videos/jKw2bzJc-NY_2.mp4,INVALID,frame_decode_failed,97,8
jMT-IXiUqYU,/home/dipshikha/Music/cao/CISLR_v1.5-a_videos/jMT-IXiUqYU.mp4,VALID,,,8
jNqoK6dGDe4_1,/home/dipshikha/Music/cao/CISLR_v1.5-a_videos/jNqoK6dGDe4_1.mp4,VALID,,,8
jO4x18b1bfA,/home/dipshikha/Music/cao/CISLR_v1.5-a_videos/jO4x18b1bfA.mp4,VALID,,,8
jOZclErOnvc_1,/home/dipshikha/Music/cao/CISLR_v1.5-a_videos/jOZclErOnvc_1.mp4,VALID,,,8
jTC_PIGT7yU_1,/home/dipshikha/Music/cao/CISLR_v1.5-a_videos/jTC_PIGT7yU_1.mp4,VALID,,,8
jTQgtnpAMII_1,/home/dipshikha/Music/cao/CISLR_v1.5-a_videos/jTQgtnpAMII_1.mp4,VALID,,,8
jVWOCjBjwfo_2,/home/dipshikha/Music/cao/CISLR_v1.5-a_videos/jVWOCjBjwfo_2.mp4,INVALID,frame_decode_failed,179,8
jYxKWo87YZg_1,/home/dipshikha/Music/cao/CISLR_v1.5-a_videos/jYxKWo87YZg_1.mp4,VALID,,,8
jZrzxlOJBSQ,/home/dipshikha/Music/cao/CISLR_v1.5-a_videos/jZrzxlOJBSQ.mp4,VALID,,,8
japf1wZMgiQ,/home/dipshikha/Music/cao/CISLR_v1.5-a_videos/japf1wZMgiQ.mp4,VALID,,,8
jax7fVU9f8E,/home/dipshikha/Music/cao/CISLR_v1.5-a_videos/jax7fVU9f8E.mp4,VALID,,,8
jb7aGNEBsvE_1,/home/dipshikha/Music/cao/CISLR_v1.5-a_videos/jb7aGNEBsvE_1.mp4,VALID,,,8
jbWFtVsidmE_1,/home/dipshikha/Music/cao/CISLR_v1.5-a_videos/jbWFtVsidmE_1.mp4,VALID,,,8
jbybGuk6DA8,/home/dipshikha/Music/cao/CISLR_v1.5-a_videos/jbybGuk6DA8.mp4,VALID,,,8
jc2G1aW5DQU,/home/dipshikha/Music/cao/CISLR_v1.5-a_videos/jc2G1aW5DQU.mp4,VALID,,,8
jd2L93yHNIg_2,/home/dipshikha/Music/cao/CISLR_v1.5-a_videos/jd2L93yHNIg_2.mp4,INVALID,frame_decode_failed,179,8
ji3I5Iw0e3Q_1,/home/dipshikha/Music/cao/CISLR_v1.5-a_videos/ji3I5Iw0e3Q_1.mp4,VALID,,,8
jiOH72jjdnE_1,/home/dipshikha/Music/cao/CISLR_v1.5-a_videos/jiOH72jjdnE_1.mp4,VALID,,,8
jk-q6T9ioJw,/home/dipshikha/Music/cao/CISLR_v1.5-a_videos/jk-q6T9ioJw.mp4,VALID,,,8
jml-E067HJc_2,/home/dipshikha/Music/cao/CISLR_v1.5-a_videos/jml-E067HJc_2.mp4,INVALID,frame_decode_failed,80,8
jnDhq0g0meA,/home/dipshikha/Music/cao/CISLR_v1.5-a_videos/jnDhq0g0meA.mp4,VALID,,,8
joYn4YE3jFg_2,/home/dipshikha/Music/cao/CISLR_v1.5-a_videos/joYn4YE3jFg_2.mp4,INVALID,frame_decode_failed,91,8
jp3iGdpZyO4_1,/home/dipshikha/Music/cao/CISLR_v1.5-a_videos/jp3iGdpZyO4_1.mp4,VALID,,,8
jp_IEErEgzQ,/home/dipshikha/Music/cao/CISLR_v1.5-a_videos/jp_IEErEgzQ.mp4,VALID,,,8
jrqzCgrsKbo,/home/dipshikha/Music/cao/CISLR_v1.5-a_videos/jrqzCgrsKbo.mp4,VALID,,,8
jrxgxM0Pj7g,/home/dipshikha/Music/cao/CISLR_v1.5-a_videos/jrxgxM0Pj7g.mp4,VALID,,,8
jtZUN6jTcUc_1,/home/dipshikha/Music/cao/CISLR_v1.5-a_videos/jtZUN6jTcUc_1.mp4,VALID,,,8
jthDJHPun0I_1,/home/dipshikha/Music/cao/CISLR_v1.5-a_videos/jthDJHPun0I_1.mp4,VALID,,,8
juL9VaVeWPs,/home/dipshikha/Music/cao/CISLR_v1.5-a_videos/juL9VaVeWPs.mp4,VALID,,,8
jvJvFTBSXuw,/home/dipshikha/Music/cao/CISLR_v1.5-a_videos/jvJvFTBSXuw.mp4,VALID,,,8
jvTF5BY3UI4,/home/dipshikha/Music/cao/CISLR_v1.5-a_videos/jvTF5BY3UI4.mp4,VALID,,,8
jwGZ64BB2pg,/home/dipshikha/Music/cao/CISLR_v1.5-a_videos/jwGZ64BB2pg.mp4,VALID,,,8
jwjeDemhdv4,/home/dipshikha/Music/cao/CISLR_v1.5-a_videos/jwjeDemhdv4.mp4,VALID,,,8
jwxh6Lo8GrI_2,/home/dipshikha/Music/cao/CISLR_v1.5-a_videos/jwxh6Lo8GrI_2.mp4,INVALID,frame_decode_failed,173,8
jyg5sxHBh88_1,/home/dipshikha/Music/cao/CISLR_v1.5-a_videos/jyg5sxHBh88_1.mp4,VALID,,,8
jzoSaQe5fdU,/home/dipshikha/Music/cao/CISLR_v1.5-a_videos/jzoSaQe5fdU.mp4,VALID,,,8
k-7zsj7-VLg,/home/dipshikha/Music/cao/CISLR_v1.5-a_videos/k-7zsj7-VLg.mp4,VALID,,,8
k-8lCTgAjGU,/home/dipshikha/Music/cao/CISLR_v1.5-a_videos/k-8lCTgAjGU.mp4,VALID,,,8
k-WaxvAgxrU,/home/dipshikha/Music/cao/CISLR_v1.5-a_videos/k-WaxvAgxrU.mp4,VALID,,,8
k-cDnMe7pp8_1,/home/dipshikha/Music/cao/CISLR_v1.5-a_videos/k-cDnMe7pp8_1.mp4,VALID,,,8
k0jZGXF0xNY_2,/home/dipshikha/Music/cao/CISLR_v1.5-a_videos/k0jZGXF0xNY_2.mp4,INVALID,frame_decode_failed,141,8
k0oU46NwtCQ_1,/home/dipshikha/Music/cao/CISLR_v1.5-a_videos/k0oU46NwtCQ_1.mp4,VALID,,,8
k1DohVb9Ck0,/home/dipshikha/Music/cao/CISLR_v1.5-a_videos/k1DohVb9Ck0.mp4,VALID,,,8
k4TV4QwuYNc,/home/dipshikha/Music/cao/CISLR_v1.5-a_videos/k4TV4QwuYNc.mp4,VALID,,,8
k4UEchc9VnM_2,/home/dipshikha/Music/cao/CISLR_v1.5-a_videos/k4UEchc9VnM_2.mp4,VALID,,,8
k8Gk1M_pWlk,/home/dipshikha/Music/cao/CISLR_v1.5-a_videos/k8Gk1M_pWlk.mp4,VALID,,,8
k8gt1UnMkR4_1,/home/dipshikha/Music/cao/CISLR_v1.5-a_videos/k8gt1UnMkR4_1.mp4,VALID,,,8
k96ZQYGYriA,/home/dipshikha/Music/cao/CISLR_v1.5-a_videos/k96ZQYGYriA.mp4,VALID,,,8
kA7ozrVfQjM_2,/home/dipshikha/Music/cao/CISLR_v1.5-a_videos/kA7ozrVfQjM_2.mp4,INVALID,frame_decode_failed,110,8
kBaDVYUWeoc,/home/dipshikha/Music/cao/CISLR_v1.5-a_videos/kBaDVYUWeoc.mp4,VALID,,,8
kBahUhpt6H0_1,/home/dipshikha/Music/cao/CISLR_v1.5-a_videos/kBahUhpt6H0_1.mp4,VALID,,,8
kCUX4h_p3J0_1,/home/dipshikha/Music/cao/CISLR_v1.5-a_videos/kCUX4h_p3J0_1.mp4,VALID,,,8
kGa7Bq3pYqQ,/home/dipshikha/Music/cao/CISLR_v1.5-a_videos/kGa7Bq3pYqQ.mp4,VALID,,,8
kGacw2buj-A,/home/dipshikha/Music/cao/CISLR_v1.5-a_videos/kGacw2buj-A.mp4,VALID,,,8
kKlexawuuCQ_1,/home/dipshikha/Music/cao/CISLR_v1.5-a_videos/kKlexawuuCQ_1.mp4,VALID,,,8
kKwahC0ZvJM,/home/dipshikha/Music/cao/CISLR_v1.5-a_videos/kKwahC0ZvJM.mp4,VALID,,,8
kLSAkQXXOVs_1,/home/dipshikha/Music/cao/CISLR_v1.5-a_videos/kLSAkQXXOVs_1.mp4,VALID,,,8
kMebuYjYjHA_1,/home/dipshikha/Music/cao/CISLR_v1.5-a_videos/kMebuYjYjHA_1.mp4,VALID,,,8
kN26O2zO-cQ_1,/home/dipshikha/Music/cao/CISLR_v1.5-a_videos/kN26O2zO-cQ_1.mp4,VALID,,,8
kO5NaIjjtn0,/home/dipshikha/Music/cao/CISLR_v1.5-a_videos/kO5NaIjjtn0.mp4,VALID,,,8
kOGEagUa-XA_1,/home/dipshikha/Music/cao/CISLR_v1.5-a_videos/kOGEagUa-XA_1.mp4,VALID,,,8
kPF8HIor4D0_1,/home/dipshikha/Music/cao/CISLR_v1.5-a_videos/kPF8HIor4D0_1.mp4,VALID,,,8
kSNvIZi2cpg_1,/home/dipshikha/Music/cao/CISLR_v1.5-a_videos/kSNvIZi2cpg_1.mp4,VALID,,,8
kSPgPYgFMfc,/home/dipshikha/Music/cao/CISLR_v1.5-a_videos/kSPgPYgFMfc.mp4,VALID,,,8
kSbesZjIkmo,/home/dipshikha/Music/cao/CISLR_v1.5-a_videos/kSbesZjIkmo.mp4,VALID,,,8
kV7Oo7D26Gw,/home/dipshikha/Music/cao/CISLR_v1.5-a_videos/kV7Oo7D26Gw.mp4,VALID,,,8
kVWLNRW6HTw_1,/home/dipshikha/Music/cao/CISLR_v1.5-a_videos/kVWLNRW6HTw_1.mp4,VALID,,,8
kWHNVZbueII_1,/home/dipshikha/Music/cao/CISLR_v1.5-a_videos/kWHNVZbueII_1.mp4,VALID,,,8
kX2zG8GYM_k_1,/home/dipshikha/Music/cao/CISLR_v1.5-a_videos/kX2zG8GYM_k_1.mp4,VALID,,,8
kXSOWHHAteo,/home/dipshikha/Music/cao/CISLR_v1.5-a_videos/kXSOWHHAteo.mp4,VALID,,,8
kYO_FhDcRXE_1,/home/dipshikha/Music/cao/CISLR_v1.5-a_videos/kYO_FhDcRXE_1.mp4,VALID,,,8
kYSK3akxd7s,/home/dipshikha/Music/cao/CISLR_v1.5-a_videos/kYSK3akxd7s.mp4,VALID,,,8
k_yOFdGbgeg,/home/dipshikha/Music/cao/CISLR_v1.5-a_videos/k_yOFdGbgeg.mp4,VALID,,,8
kdMxj-h-rRs,/home/dipshikha/Music/cao/CISLR_v1.5-a_videos/kdMxj-h-rRs.mp4,VALID,,,8
ke1DcSSwifs,/home/dipshikha/Music/cao/CISLR_v1.5-a_videos/ke1DcSSwifs.mp4,VALID,,,8
kfSr1QvbHZA_1,/home/dipshikha/Music/cao/CISLR_v1.5-a_videos/kfSr1QvbHZA_1.mp4,VALID,,,8
kfTE4DFPuN4_1,/home/dipshikha/Music/cao/CISLR_v1.5-a_videos/kfTE4DFPuN4_1.mp4,VALID,,,8
kfb__18uzpw,/home/dipshikha/Music/cao/CISLR_v1.5-a_videos/kfb__18uzpw.mp4,VALID,,,8
kglFBS70qFM_2,/home/dipshikha/Music/cao/CISLR_v1.5-a_videos/kglFBS70qFM_2.mp4,INVALID,frame_decode_failed,94,8
ki-uVp9OioM_1,/home/dipshikha/Music/cao/CISLR_v1.5-a_videos/ki-uVp9OioM_1.mp4,VALID,,,8
kncWaeUb5Ps,/home/dipshikha/Music/cao/CISLR_v1.5-a_videos/kncWaeUb5Ps.mp4,VALID,,,8
kol8vlW0KxE_1,/home/dipshikha/Music/cao/CISLR_v1.5-a_videos/kol8vlW0KxE_1.mp4,VALID,,,8
kpVwMOWsclA_1,/home/dipshikha/Music/cao/CISLR_v1.5-a_videos/kpVwMOWsclA_1.mp4,VALID,,,8
kqBV5yAFq-A_1,/home/dipshikha/Music/cao/CISLR_v1.5-a_videos/kqBV5yAFq-A_1.mp4,VALID,,,8
kqm4fF_sp4M,/home/dipshikha/Music/cao/CISLR_v1.5-a_videos/kqm4fF_sp4M.mp4,VALID,,,8
krcq0GUvMNQ_1,/home/dipshikha/Music/cao/CISLR_v1.5-a_videos/krcq0GUvMNQ_1.mp4,VALID,,,8
krnKXV-ct3Q,/home/dipshikha/Music/cao/CISLR_v1.5-a_videos/krnKXV-ct3Q.mp4,VALID,,,8
ktkkqkosNMY_1,/home/dipshikha/Music/cao/CISLR_v1.5-a_videos/ktkkqkosNMY_1.mp4,VALID,,,8
kusWSSN4xjI,/home/dipshikha/Music/cao/CISLR_v1.5-a_videos/kusWSSN4xjI.mp4,VALID,,,8
kvm9DLxYlGo_1,/home/dipshikha/Music/cao/CISLR_v1.5-a_videos/kvm9DLxYlGo_1.mp4,VALID,,,8
kwphB-3eDMU,/home/dipshikha/Music/cao/CISLR_v1.5-a_videos/kwphB-3eDMU.mp4,VALID,,,8
kyMdUjCgk_k,/home/dipshikha/Music/cao/CISLR_v1.5-a_videos/kyMdUjCgk_k.mp4,VALID,,,8
l0DbNgp0b38_1,/home/dipshikha/Music/cao/CISLR_v1.5-a_videos/l0DbNgp0b38_1.mp4,VALID,,,8
l1xyWyTDKy4_1,/home/dipshikha/Music/cao/CISLR_v1.5-a_videos/l1xyWyTDKy4_1.mp4,VALID,,,8
l2aqBT_Vbyw,/home/dipshikha/Music/cao/CISLR_v1.5-a_videos/l2aqBT_Vbyw.mp4,VALID,,,8
l3EHKw-sUDY_1,/home/dipshikha/Music/cao/CISLR_v1.5-a_videos/l3EHKw-sUDY_1.mp4,VALID,,,8
l3rjbQ5M6xg_2,/home/dipshikha/Music/cao/CISLR_v1.5-a_videos/l3rjbQ5M6xg_2.mp4,INVALID,frame_decode_failed,132,8
l47uS7f0ZSI_1,/home/dipshikha/Music/cao/CISLR_v1.5-a_videos/l47uS7f0ZSI_1.mp4,VALID,,,8
l7HZNntVoGw,/home/dipshikha/Music/cao/CISLR_v1.5-a_videos/l7HZNntVoGw.mp4,VALID,,,8
l7tvPoyzWRI,/home/dipshikha/Music/cao/CISLR_v1.5-a_videos/l7tvPoyzWRI.mp4,VALID,,,8
l87H6gm74b8_2,/home/dipshikha/Music/cao/CISLR_v1.5-a_videos/l87H6gm74b8_2.mp4,VALID,,,8
l8Aq3ttf3lk,/home/dipshikha/Music/cao/CISLR_v1.5-a_videos/l8Aq3ttf3lk.mp4,VALID,,,8
lBaVjlCTfNo,/home/dipshikha/Music/cao/CISLR_v1.5-a_videos/lBaVjlCTfNo.mp4,VALID,,,8
lCeMDi4ZRrk,/home/dipshikha/Music/cao/CISLR_v1.5-a_videos/lCeMDi4ZRrk.mp4,VALID,,,8
lDS2BP2Sias,/home/dipshikha/Music/cao/CISLR_v1.5-a_videos/lDS2BP2Sias.mp4,VALID,,,8
lD_M0hAktqU_1,/home/dipshikha/Music/cao/CISLR_v1.5-a_videos/lD_M0hAktqU_1.mp4,VALID,,,8
lF3h9t_N8fA,/home/dipshikha/Music/cao/CISLR_v1.5-a_videos/lF3h9t_N8fA.mp4,VALID,,,8
lH6pT7nQb9A,/home/dipshikha/Music/cao/CISLR_v1.5-a_videos/lH6pT7nQb9A.mp4,VALID,,,8
lJeijKlq1Qo,/home/dipshikha/Music/cao/CISLR_v1.5-a_videos/lJeijKlq1Qo.mp4,VALID,,,8
lJsUQT5Ztv8,/home/dipshikha/Music/cao/CISLR_v1.5-a_videos/lJsUQT5Ztv8.mp4,VALID,,,8
lL9bFfJ9t9E,/home/dipshikha/Music/cao/CISLR_v1.5-a_videos/lL9bFfJ9t9E.mp4,VALID,,,8
lNHaEWqFnZk,/home/dipshikha/Music/cao/CISLR_v1.5-a_videos/lNHaEWqFnZk.mp4,VALID,,,8
lQpBuFX4L1I,/home/dipshikha/Music/cao/CISLR_v1.5-a_videos/lQpBuFX4L1I.mp4,VALID,,,8
lRYgVqrUDl0,/home/dipshikha/Music/cao/CISLR_v1.5-a_videos/lRYgVqrUDl0.mp4,VALID,,,8
lSwvLtI69Ls_1,/home/dipshikha/Music/cao/CISLR_v1.5-a_videos/lSwvLtI69Ls_1.mp4,VALID,,,8
lTbpj1XKVWg,/home/dipshikha/Music/cao/CISLR_v1.5-a_videos/lTbpj1XKVWg.mp4,VALID,,,8
lTzvesFWOYI,/home/dipshikha/Music/cao/CISLR_v1.5-a_videos/lTzvesFWOYI.mp4,VALID,,,8
lYadClPZWkY,/home/dipshikha/Music/cao/CISLR_v1.5-a_videos/lYadClPZWkY.mp4,VALID,,,8
lZlKIjW-0HU,/home/dipshikha/Music/cao/CISLR_v1.5-a_videos/lZlKIjW-0HU.mp4,VALID,,,8
l_FTpIhhBg8,/home/dipshikha/Music/cao/CISLR_v1.5-a_videos/l_FTpIhhBg8.mp4,VALID,,,8
l_QL6DBEeFk,/home/dipshikha/Music/cao/CISLR_v1.5-a_videos/l_QL6DBEeFk.mp4,VALID,,,8
l_q1yjr1iz8_1,/home/dipshikha/Music/cao/CISLR_v1.5-a_videos/l_q1yjr1iz8_1.mp4,VALID,,,8
lc1lDSduLXk_2,/home/dipshikha/Music/cao/CISLR_v1.5-a_videos/lc1lDSduLXk_2.mp4,INVALID,frame_decode_failed,173,8
lcw-m4_hZUY_2,/home/dipshikha/Music/cao/CISLR_v1.5-a_videos/lcw-m4_hZUY_2.mp4,VALID,,,8
lg8a0VGcHKQ,/home/dipshikha/Music/cao/CISLR_v1.5-a_videos/lg8a0VGcHKQ.mp4,VALID,,,8
lggh2K7490s,/home/dipshikha/Music/cao/CISLR_v1.5-a_videos/lggh2K7490s.mp4,VALID,,,8
lhRSYduQK60,/home/dipshikha/Music/cao/CISLR_v1.5-a_videos/lhRSYduQK60.mp4,VALID,,,8
lkXLuq4RHCc,/home/dipshikha/Music/cao/CISLR_v1.5-a_videos/lkXLuq4RHCc.mp4,VALID,,,8
llB8wpBo7O0_1,/home/dipshikha/Music/cao/CISLR_v1.5-a_videos/llB8wpBo7O0_1.mp4,VALID,,,8
lmHzZtmO_30_1,/home/dipshikha/Music/cao/CISLR_v1.5-a_videos/lmHzZtmO_30_1.mp4,VALID,,,8
lmJjVrDDXiQ,/home/dipshikha/Music/cao/CISLR_v1.5-a_videos/lmJjVrDDXiQ.mp4,VALID,,,8
lnZbgS3LNog_1,/home/dipshikha/Music/cao/CISLR_v1.5-a_videos/lnZbgS3LNog_1.mp4,VALID,,,8
lnjKJelSCnI_1,/home/dipshikha/Music/cao/CISLR_v1.5-a_videos/lnjKJelSCnI_1.mp4,VALID,,,8
loVv4NlyfvQ,/home/dipshikha/Music/cao/CISLR_v1.5-a_videos/loVv4NlyfvQ.mp4,VALID,,,8
lpwbRVY9-vY,/home/dipshikha/Music/cao/CISLR_v1.5-a_videos/lpwbRVY9-vY.mp4,VALID,,,8
lqPqubp-3IE,/home/dipshikha/Music/cao/CISLR_v1.5-a_videos/lqPqubp-3IE.mp4,VALID,,,8
lquuC45v24M,/home/dipshikha/Music/cao/CISLR_v1.5-a_videos/lquuC45v24M.mp4,VALID,,,8
lrvP6pB8--A_2,/home/dipshikha/Music/cao/CISLR_v1.5-a_videos/lrvP6pB8--A_2.mp4,INVALID,frame_decode_failed,77,8
lsaavtEzqKs_1,/home/dipshikha/Music/cao/CISLR_v1.5-a_videos/lsaavtEzqKs_1.mp4,VALID,,,8
lsp2o-yBY10,/home/dipshikha/Music/cao/CISLR_v1.5-a_videos/lsp2o-yBY10.mp4,VALID,,,8
lts3gE45zV4,/home/dipshikha/Music/cao/CISLR_v1.5-a_videos/lts3gE45zV4.mp4,VALID,,,8
lxP9Dga73Rw_1,/home/dipshikha/Music/cao/CISLR_v1.5-a_videos/lxP9Dga73Rw_1.mp4,VALID,,,8
lypZOubhfds,/home/dipshikha/Music/cao/CISLR_v1.5-a_videos/lypZOubhfds.mp4,VALID,,,8
lyx-vjcl6KA_1,/home/dipshikha/Music/cao/CISLR_v1.5-a_videos/lyx-vjcl6KA_1.mp4,VALID,,,8
lz2BCCFiYmQ,/home/dipshikha/Music/cao/CISLR_v1.5-a_videos/lz2BCCFiYmQ.mp4,VALID,,,8
lzCeQ6VI2zU,/home/dipshikha/Music/cao/CISLR_v1.5-a_videos/lzCeQ6VI2zU.mp4,VALID,,,8
lzTXlugHZCg_1,/home/dipshikha/Music/cao/CISLR_v1.5-a_videos/lzTXlugHZCg_1.mp4,VALID,,,8
lzUMKuDPzls,/home/dipshikha/Music/cao/CISLR_v1.5-a_videos/lzUMKuDPzls.mp4,VALID,,,8
m-B9NoejhTg_2,/home/dipshikha/Music/cao/CISLR_v1.5-a_videos/m-B9NoejhTg_2.mp4,INVALID,frame_decode_failed,155,8
m-YncUJ0SpA,/home/dipshikha/Music/cao/CISLR_v1.5-a_videos/m-YncUJ0SpA.mp4,VALID,,,8
m0gLC72xKDs,/home/dipshikha/Music/cao/CISLR_v1.5-a_videos/m0gLC72xKDs.mp4,VALID,,,8
m3AFwuIwkiQ_2,/home/dipshikha/Music/cao/CISLR_v1.5-a_videos/m3AFwuIwkiQ_2.mp4,INVALID,frame_decode_failed,117,8
m4ogvwOrsZc_1,/home/dipshikha/Music/cao/CISLR_v1.5-a_videos/m4ogvwOrsZc_1.mp4,VALID,,,8
m4qwdzErX5g_2,/home/dipshikha/Music/cao/CISLR_v1.5-a_videos/m4qwdzErX5g_2.mp4,VALID,,,8
m5OgF_1NIBU,/home/dipshikha/Music/cao/CISLR_v1.5-a_videos/m5OgF_1NIBU.mp4,VALID,,,8
m6s5zgf0gpI_2,/home/dipshikha/Music/cao/CISLR_v1.5-a_videos/m6s5zgf0gpI_2.mp4,INVALID,frame_decode_failed,101,8
m745tmPqMgI,/home/dipshikha/Music/cao/CISLR_v1.5-a_videos/m745tmPqMgI.mp4,VALID,,,8
m7F7GzaBG7s,/home/dipshikha/Music/cao/CISLR_v1.5-a_videos/m7F7GzaBG7s.mp4,VALID,,,8
m8MBKbGzY6s_1,/home/dipshikha/Music/cao/CISLR_v1.5-a_videos/m8MBKbGzY6s_1.mp4,VALID,,,8
m8c-LCkr39Y,/home/dipshikha/Music/cao/CISLR_v1.5-a_videos/m8c-LCkr39Y.mp4,VALID,,,8
m95rHmULP1k_1,/home/dipshikha/Music/cao/CISLR_v1.5-a_videos/m95rHmULP1k_1.mp4,VALID,,,8
mDQmu9H4-e8,/home/dipshikha/Music/cao/CISLR_v1.5-a_videos/mDQmu9H4-e8.mp4,VALID,,,8
mDef1KqeBTw,/home/dipshikha/Music/cao/CISLR_v1.5-a_videos/mDef1KqeBTw.mp4,VALID,,,8
mE9xzpyh5GM_1,/home/dipshikha/Music/cao/CISLR_v1.5-a_videos/mE9xzpyh5GM_1.mp4,VALID,,,8
mGWaaXCKdx4_1,/home/dipshikha/Music/cao/CISLR_v1.5-a_videos/mGWaaXCKdx4_1.mp4,VALID,,,8
mIun6SVIyEA,/home/dipshikha/Music/cao/CISLR_v1.5-a_videos/mIun6SVIyEA.mp4,VALID,,,8
mKT_yIIVqbA_1,/home/dipshikha/Music/cao/CISLR_v1.5-a_videos/mKT_yIIVqbA_1.mp4,VALID,,,8
mLANykny44w,/home/dipshikha/Music/cao/CISLR_v1.5-a_videos/mLANykny44w.mp4,VALID,,,8
mLirLDw62Dk_1,/home/dipshikha/Music/cao/CISLR_v1.5-a_videos/mLirLDw62Dk_1.mp4,VALID,,,8
mNf1uFIbIfI_1,/home/dipshikha/Music/cao/CISLR_v1.5-a_videos/mNf1uFIbIfI_1.mp4,VALID,,,8
mOkpsL3dtYU_1,/home/dipshikha/Music/cao/CISLR_v1.5-a_videos/mOkpsL3dtYU_1.mp4,VALID,,,8
mPEgUoTSEoY_1,/home/dipshikha/Music/cao/CISLR_v1.5-a_videos/mPEgUoTSEoY_1.mp4,VALID,,,8
mPZ37Qlg4B8,/home/dipshikha/Music/cao/CISLR_v1.5-a_videos/mPZ37Qlg4B8.mp4,VALID,,,8
mQPmk_qj6wM_1,/home/dipshikha/Music/cao/CISLR_v1.5-a_videos/mQPmk_qj6wM_1.mp4,VALID,,,8
mRodiqQBduE,/home/dipshikha/Music/cao/CISLR_v1.5-a_videos/mRodiqQBduE.mp4,VALID,,,8
mTuXlaWeVf8,/home/dipshikha/Music/cao/CISLR_v1.5-a_videos/mTuXlaWeVf8.mp4,VALID,,,8
mUeSvl1T5Sk,/home/dipshikha/Music/cao/CISLR_v1.5-a_videos/mUeSvl1T5Sk.mp4,VALID,,,8
mUhcz7RyFqI_1,/home/dipshikha/Music/cao/CISLR_v1.5-a_videos/mUhcz7RyFqI_1.mp4,VALID,,,8
mWBceiU6iR4_1,/home/dipshikha/Music/cao/CISLR_v1.5-a_videos/mWBceiU6iR4_1.mp4,VALID,,,8
mWHH9UopPFs,/home/dipshikha/Music/cao/CISLR_v1.5-a_videos/mWHH9UopPFs.mp4,VALID,,,8
mY5LdfQ0sjQ,/home/dipshikha/Music/cao/CISLR_v1.5-a_videos/mY5LdfQ0sjQ.mp4,VALID,,,8
mZ8Tmp9I2Is,/home/dipshikha/Music/cao/CISLR_v1.5-a_videos/mZ8Tmp9I2Is.mp4,VALID,,,8
md3sDbLwP_I,/home/dipshikha/Music/cao/CISLR_v1.5-a_videos/md3sDbLwP_I.mp4,VALID,,,8
mh7hK_GB1yQ,/home/dipshikha/Music/cao/CISLR_v1.5-a_videos/mh7hK_GB1yQ.mp4,VALID,,,8
mhO9nuyQ28I,/home/dipshikha/Music/cao/CISLR_v1.5-a_videos/mhO9nuyQ28I.mp4,VALID,,,8
mikGymYxces_1,/home/dipshikha/Music/cao/CISLR_v1.5-a_videos/mikGymYxces_1.mp4,VALID,,,8
mkgTT7rVBAQ_1,/home/dipshikha/Music/cao/CISLR_v1.5-a_videos/mkgTT7rVBAQ_1.mp4,VALID,,,8
mkl9CmVJ2tM_1,/home/dipshikha/Music/cao/CISLR_v1.5-a_videos/mkl9CmVJ2tM_1.mp4,VALID,,,8
mn1rYKlKYt4_2,/home/dipshikha/Music/cao/CISLR_v1.5-a_videos/mn1rYKlKYt4_2.mp4,INVALID,frame_decode_failed,109,8
mq9WIJ0BxY8,/home/dipshikha/Music/cao/CISLR_v1.5-a_videos/mq9WIJ0BxY8.mp4,VALID,,,8
msAFTkGIkKY,/home/dipshikha/Music/cao/CISLR_v1.5-a_videos/msAFTkGIkKY.mp4,VALID,,,8
msFZgjGHhCw_1,/home/dipshikha/Music/cao/CISLR_v1.5-a_videos/msFZgjGHhCw_1.mp4,VALID,,,8
mySSsdvhhZI_1,/home/dipshikha/Music/cao/CISLR_v1.5-a_videos/mySSsdvhhZI_1.mp4,VALID,,,8
mztpaGS8lno_1,/home/dipshikha/Music/cao/CISLR_v1.5-a_videos/mztpaGS8lno_1.mp4,VALID,,,8
n162JtquPPo,/home/dipshikha/Music/cao/CISLR_v1.5-a_videos/n162JtquPPo.mp4,VALID,,,8
n2XiOTb_y0E,/home/dipshikha/Music/cao/CISLR_v1.5-a_videos/n2XiOTb_y0E.mp4,VALID,,,8
n4ITD16-c9Q,/home/dipshikha/Music/cao/CISLR_v1.5-a_videos/n4ITD16-c9Q.mp4,VALID,,,8
n5UUf4qS9vo,/home/dipshikha/Music/cao/CISLR_v1.5-a_videos/n5UUf4qS9vo.mp4,VALID,,,8
n7sdyYH_Vss,/home/dipshikha/Music/cao/CISLR_v1.5-a_videos/n7sdyYH_Vss.mp4,VALID,,,8
nBp-9HnOvow_1,/home/dipshikha/Music/cao/CISLR_v1.5-a_videos/nBp-9HnOvow_1.mp4,VALID,,,8
nGBnt1hkNA4,/home/dipshikha/Music/cao/CISLR_v1.5-a_videos/nGBnt1hkNA4.mp4,VALID,,,8
nGiuyZ9jIds,/home/dipshikha/Music/cao/CISLR_v1.5-a_videos/nGiuyZ9jIds.mp4,VALID,,,8
nH5V7jQYZfU_1,/home/dipshikha/Music/cao/CISLR_v1.5-a_videos/nH5V7jQYZfU_1.mp4,VALID,,,8
nHEWuB2F5O4_2,/home/dipshikha/Music/cao/CISLR_v1.5-a_videos/nHEWuB2F5O4_2.mp4,VALID,,,8
nHoSIUvNUhA,/home/dipshikha/Music/cao/CISLR_v1.5-a_videos/nHoSIUvNUhA.mp4,VALID,,,8
nIw0e8QMIko,/home/dipshikha/Music/cao/CISLR_v1.5-a_videos/nIw0e8QMIko.mp4,VALID,,,8
nN5836JqV6o,/home/dipshikha/Music/cao/CISLR_v1.5-a_videos/nN5836JqV6o.mp4,VALID,,,8
nPFOofWkMZc,/home/dipshikha/Music/cao/CISLR_v1.5-a_videos/nPFOofWkMZc.mp4,VALID,,,8
nQhm9tWvaog,/home/dipshikha/Music/cao/CISLR_v1.5-a_videos/nQhm9tWvaog.mp4,VALID,,,8
nRHDYOP78eE,/home/dipshikha/Music/cao/CISLR_v1.5-a_videos/nRHDYOP78eE.mp4,VALID,,,8
nSEzV5TYaZk,/home/dipshikha/Music/cao/CISLR_v1.5-a_videos/nSEzV5TYaZk.mp4,VALID,,,8
nU2c599HQUM_1,/home/dipshikha/Music/cao/CISLR_v1.5-a_videos/nU2c599HQUM_1.mp4,VALID,,,8
nWsRyI0iqEQ,/home/dipshikha/Music/cao/CISLR_v1.5-a_videos/nWsRyI0iqEQ.mp4,VALID,,,8
nZC6NXo3SAc,/home/dipshikha/Music/cao/CISLR_v1.5-a_videos/nZC6NXo3SAc.mp4,VALID,,,8
nZp9HgnRg2Q_1,/home/dipshikha/Music/cao/CISLR_v1.5-a_videos/nZp9HgnRg2Q_1.mp4,VALID,,,8
n_8B2_ChR7I,/home/dipshikha/Music/cao/CISLR_v1.5-a_videos/n_8B2_ChR7I.mp4,VALID,,,8
nbGetUh9P74_1,/home/dipshikha/Music/cao/CISLR_v1.5-a_videos/nbGetUh9P74_1.mp4,VALID,,,8
ncAPREMR3JA,/home/dipshikha/Music/cao/CISLR_v1.5-a_videos/ncAPREMR3JA.mp4,VALID,,,8
ndCTFD1P_qo,/home/dipshikha/Music/cao/CISLR_v1.5-a_videos/ndCTFD1P_qo.mp4,VALID,,,8
ndTLR5u4IKc,/home/dipshikha/Music/cao/CISLR_v1.5-a_videos/ndTLR5u4IKc.mp4,VALID,,,8
ndh4le8xfHY_1,/home/dipshikha/Music/cao/CISLR_v1.5-a_videos/ndh4le8xfHY_1.mp4,VALID,,,8
nejz8c9gkFE_2,/home/dipshikha/Music/cao/CISLR_v1.5-a_videos/nejz8c9gkFE_2.mp4,VALID,,,8
ngk26A8JXKk,/home/dipshikha/Music/cao/CISLR_v1.5-a_videos/ngk26A8JXKk.mp4,VALID,,,8
nhi8hvvKDe0_1,/home/dipshikha/Music/cao/CISLR_v1.5-a_videos/nhi8hvvKDe0_1.mp4,VALID,,,8
nhlsBwo95ms_1,/home/dipshikha/Music/cao/CISLR_v1.5-a_videos/nhlsBwo95ms_1.mp4,VALID,,,8
nmC9PhWItts,/home/dipshikha/Music/cao/CISLR_v1.5-a_videos/nmC9PhWItts.mp4,VALID,,,8
nnnPWu4bf60_2,/home/dipshikha/Music/cao/CISLR_v1.5-a_videos/nnnPWu4bf60_2.mp4,INVALID,frame_decode_failed,149,8
nnpCEu2kzrs_1,/home/dipshikha/Music/cao/CISLR_v1.5-a_videos/nnpCEu2kzrs_1.mp4,VALID,,,8
npDGGJ0M-wc_1,/home/dipshikha/Music/cao/CISLR_v1.5-a_videos/npDGGJ0M-wc_1.mp4,VALID,,,8
nqBsZsXrUk0_1,/home/dipshikha/Music/cao/CISLR_v1.5-a_videos/nqBsZsXrUk0_1.mp4,VALID,,,8
nqN1KzFQ-nk,/home/dipshikha/Music/cao/CISLR_v1.5-a_videos/nqN1KzFQ-nk.mp4,VALID,,,8
nru9lQCilqs_1,/home/dipshikha/Music/cao/CISLR_v1.5-a_videos/nru9lQCilqs_1.mp4,VALID,,,8
nsmhWfsLTLc_1,/home/dipshikha/Music/cao/CISLR_v1.5-a_videos/nsmhWfsLTLc_1.mp4,VALID,,,8
nt0_JZPdo-Y,/home/dipshikha/Music/cao/CISLR_v1.5-a_videos/nt0_JZPdo-Y.mp4,VALID,,,8
nt6YlBv1Qv0,/home/dipshikha/Music/cao/CISLR_v1.5-a_videos/nt6YlBv1Qv0.mp4,VALID,,,8
nuTB6o4EeUU_1,/home/dipshikha/Music/cao/CISLR_v1.5-a_videos/nuTB6o4EeUU_1.mp4,VALID,,,8
nur8ELm8QV4,/home/dipshikha/Music/cao/CISLR_v1.5-a_videos/nur8ELm8QV4.mp4,VALID,,,8
nv_OhAg7zNE_1,/home/dipshikha/Music/cao/CISLR_v1.5-a_videos/nv_OhAg7zNE_1.mp4,VALID,,,8
nweVa6JYyYw,/home/dipshikha/Music/cao/CISLR_v1.5-a_videos/nweVa6JYyYw.mp4,VALID,,,8
ny7-NbuyCuY,/home/dipshikha/Music/cao/CISLR_v1.5-a_videos/ny7-NbuyCuY.mp4,VALID,,,8
nyjlcCkgQVI_1,/home/dipshikha/Music/cao/CISLR_v1.5-a_videos/nyjlcCkgQVI_1.mp4,VALID,,,8
o-H6UeceSts,/home/dipshikha/Music/cao/CISLR_v1.5-a_videos/o-H6UeceSts.mp4,VALID,,,8
o-Y-aBPo_xw,/home/dipshikha/Music/cao/CISLR_v1.5-a_videos/o-Y-aBPo_xw.mp4,VALID,,,8
o1HHyNHRKaw_1,/home/dipshikha/Music/cao/CISLR_v1.5-a_videos/o1HHyNHRKaw_1.mp4,VALID,,,8
o2drDly41iw_2,/home/dipshikha/Music/cao/CISLR_v1.5-a_videos/o2drDly41iw_2.mp4,INVALID,frame_decode_failed,185,8
o3UvzZTcMqY,/home/dipshikha/Music/cao/CISLR_v1.5-a_videos/o3UvzZTcMqY.mp4,VALID,,,8
o4GtA7kt0xc_1,/home/dipshikha/Music/cao/CISLR_v1.5-a_videos/o4GtA7kt0xc_1.mp4,VALID,,,8
o4zm0Ga1olU_1,/home/dipshikha/Music/cao/CISLR_v1.5-a_videos/o4zm0Ga1olU_1.mp4,VALID,,,8
o610N3lN8Zo,/home/dipshikha/Music/cao/CISLR_v1.5-a_videos/o610N3lN8Zo.mp4,VALID,,,8
o68UYF2jW_o,/home/dipshikha/Music/cao/CISLR_v1.5-a_videos/o68UYF2jW_o.mp4,VALID,,,8
o7TVosWSogI,/home/dipshikha/Music/cao/CISLR_v1.5-a_videos/o7TVosWSogI.mp4,VALID,,,8
o7f9Ny0BfQU,/home/dipshikha/Music/cao/CISLR_v1.5-a_videos/o7f9Ny0BfQU.mp4,VALID,,,8
o90151UDeTo_1,/home/dipshikha/Music/cao/CISLR_v1.5-a_videos/o90151UDeTo_1.mp4,VALID,,,8
o95thycjZd0,/home/dipshikha/Music/cao/CISLR_v1.5-a_videos/o95thycjZd0.mp4,VALID,,,8
o9vIJZ9h9dQ,/home/dipshikha/Music/cao/CISLR_v1.5-a_videos/o9vIJZ9h9dQ.mp4,VALID,,,8
oAbVUktjGi0_1,/home/dipshikha/Music/cao/CISLR_v1.5-a_videos/oAbVUktjGi0_1.mp4,VALID,,,8
oAhY6BKcbG0,/home/dipshikha/Music/cao/CISLR_v1.5-a_videos/oAhY6BKcbG0.mp4,VALID,,,8
oBlFP8OmGmI_1,/home/dipshikha/Music/cao/CISLR_v1.5-a_videos/oBlFP8OmGmI_1.mp4,VALID,,,8
oClte_ZOU3o,/home/dipshikha/Music/cao/CISLR_v1.5-a_videos/oClte_ZOU3o.mp4,VALID,,,8
oDkQtwBcNJE,/home/dipshikha/Music/cao/CISLR_v1.5-a_videos/oDkQtwBcNJE.mp4,VALID,,,8
oEb4cNh9cng,/home/dipshikha/Music/cao/CISLR_v1.5-a_videos/oEb4cNh9cng.mp4,VALID,,,8
oH5IJ53C4Nk,/home/dipshikha/Music/cao/CISLR_v1.5-a_videos/oH5IJ53C4Nk.mp4,VALID,,,8
oK0JcoPqnuY,/home/dipshikha/Music/cao/CISLR_v1.5-a_videos/oK0JcoPqnuY.mp4,VALID,,,8
oKJinRbyd5c,/home/dipshikha/Music/cao/CISLR_v1.5-a_videos/oKJinRbyd5c.mp4,VALID,,,8
oKZLgXGojzE_1,/home/dipshikha/Music/cao/CISLR_v1.5-a_videos/oKZLgXGojzE_1.mp4,VALID,,,8
oL5-8eYbp3I,/home/dipshikha/Music/cao/CISLR_v1.5-a_videos/oL5-8eYbp3I.mp4,VALID,,,8
oLG6MTeNo2k_1,/home/dipshikha/Music/cao/CISLR_v1.5-a_videos/oLG6MTeNo2k_1.mp4,VALID,,,8
oLKRnSnr58c,/home/dipshikha/Music/cao/CISLR_v1.5-a_videos/oLKRnSnr58c.mp4,VALID,,,8
oLYzn3tvSWQ_1,/home/dipshikha/Music/cao/CISLR_v1.5-a_videos/oLYzn3tvSWQ_1.mp4,VALID,,,8
oNRtJ5PQ4NU,/home/dipshikha/Music/cao/CISLR_v1.5-a_videos/oNRtJ5PQ4NU.mp4,VALID,,,8
oPypd7lSD84_1,/home/dipshikha/Music/cao/CISLR_v1.5-a_videos/oPypd7lSD84_1.mp4,VALID,,,8
oQNOHd5JtqA,/home/dipshikha/Music/cao/CISLR_v1.5-a_videos/oQNOHd5JtqA.mp4,VALID,,,8
oQZt_Mg6WFQ,/home/dipshikha/Music/cao/CISLR_v1.5-a_videos/oQZt_Mg6WFQ.mp4,VALID,,,8
oQhxACPhL1k,/home/dipshikha/Music/cao/CISLR_v1.5-a_videos/oQhxACPhL1k.mp4,VALID,,,8
oRJn3LprR4U,/home/dipshikha/Music/cao/CISLR_v1.5-a_videos/oRJn3LprR4U.mp4,VALID,,,8
oRWZCnGJmjY_1,/home/dipshikha/Music/cao/CISLR_v1.5-a_videos/oRWZCnGJmjY_1.mp4,VALID,,,8
oRcnRJ4g8GY,/home/dipshikha/Music/cao/CISLR_v1.5-a_videos/oRcnRJ4g8GY.mp4,VALID,,,8
oSG1xo9mKto,/home/dipshikha/Music/cao/CISLR_v1.5-a_videos/oSG1xo9mKto.mp4,VALID,,,8
oSjumbZ6yhI,/home/dipshikha/Music/cao/CISLR_v1.5-a_videos/oSjumbZ6yhI.mp4,VALID,,,8
oUcoHPxXsbA,/home/dipshikha/Music/cao/CISLR_v1.5-a_videos/oUcoHPxXsbA.mp4,VALID,,,8
oWCU9EhTFuY_2,/home/dipshikha/Music/cao/CISLR_v1.5-a_videos/oWCU9EhTFuY_2.mp4,INVALID,frame_decode_failed,122,8
oY37vXA7tXk,/home/dipshikha/Music/cao/CISLR_v1.5-a_videos/oY37vXA7tXk.mp4,VALID,,,8
oYPDwA6rGqc_1,/home/dipshikha/Music/cao/CISLR_v1.5-a_videos/oYPDwA6rGqc_1.mp4,VALID,,,8
oZ2YUZsC7hA_2,/home/dipshikha/Music/cao/CISLR_v1.5-a_videos/oZ2YUZsC7hA_2.mp4,INVALID,frame_decode_failed,173,8
oZGsu4mt2e4_2,/home/dipshikha/Music/cao/CISLR_v1.5-a_videos/oZGsu4mt2e4_2.mp4,INVALID,frame_decode_failed,94,8
oZjgBn_Aml4_1,/home/dipshikha/Music/cao/CISLR_v1.5-a_videos/oZjgBn_Aml4_1.mp4,VALID,,,8
o_Dvm4U4sLo,/home/dipshikha/Music/cao/CISLR_v1.5-a_videos/o_Dvm4U4sLo.mp4,VALID,,,8
o_ThmWoMwYM_2,/home/dipshikha/Music/cao/CISLR_v1.5-a_videos/o_ThmWoMwYM_2.mp4,VALID,,,8
oaBVfRn6GPA_1,/home/dipshikha/Music/cao/CISLR_v1.5-a_videos/oaBVfRn6GPA_1.mp4,VALID,,,8
ofZ6Jo2XUn8,/home/dipshikha/Music/cao/CISLR_v1.5-a_videos/ofZ6Jo2XUn8.mp4,VALID,,,8
ogn8OCqqQ7k,/home/dipshikha/Music/cao/CISLR_v1.5-a_videos/ogn8OCqqQ7k.mp4,VALID,,,8
ohjswsB3XdQ,/home/dipshikha/Music/cao/CISLR_v1.5-a_videos/ohjswsB3XdQ.mp4,VALID,,,8
oizhgT9YG74,/home/dipshikha/Music/cao/CISLR_v1.5-a_videos/oizhgT9YG74.mp4,VALID,,,8
ojCn0dDr1m0,/home/dipshikha/Music/cao/CISLR_v1.5-a_videos/ojCn0dDr1m0.mp4,VALID,,,8
ojf8g4q0xvU_1,/home/dipshikha/Music/cao/CISLR_v1.5-a_videos/ojf8g4q0xvU_1.mp4,VALID,,,8
oksjclh3Z3M,/home/dipshikha/Music/cao/CISLR_v1.5-a_videos/oksjclh3Z3M.mp4,VALID,,,8
omEpmBorZUg_1,/home/dipshikha/Music/cao/CISLR_v1.5-a_videos/omEpmBorZUg_1.mp4,VALID,,,8
omcdxRmGHMM,/home/dipshikha/Music/cao/CISLR_v1.5-a_videos/omcdxRmGHMM.mp4,VALID,,,8
onsdyXAWNqY,/home/dipshikha/Music/cao/CISLR_v1.5-a_videos/onsdyXAWNqY.mp4,VALID,,,8
opvfqSmc3TM_1,/home/dipshikha/Music/cao/CISLR_v1.5-a_videos/opvfqSmc3TM_1.mp4,VALID,,,8
osKMM2nRMaI,/home/dipshikha/Music/cao/CISLR_v1.5-a_videos/osKMM2nRMaI.mp4,VALID,,,8
ouQmvo795rE,/home/dipshikha/Music/cao/CISLR_v1.5-a_videos/ouQmvo795rE.mp4,VALID,,,8
ouqUEVpF0v4,/home/dipshikha/Music/cao/CISLR_v1.5-a_videos/ouqUEVpF0v4.mp4,VALID,,,8
ov-SGBORI6Y,/home/dipshikha/Music/cao/CISLR_v1.5-a_videos/ov-SGBORI6Y.mp4,VALID,,,8
p1cUjAAJGtc_1,/home/dipshikha/Music/cao/CISLR_v1.5-a_videos/p1cUjAAJGtc_1.mp4,VALID,,,8
p2fONcgegyM_1,/home/dipshikha/Music/cao/CISLR_v1.5-a_videos/p2fONcgegyM_1.mp4,VALID,,,8
p2tLsgPiaWw,/home/dipshikha/Music/cao/CISLR_v1.5-a_videos/p2tLsgPiaWw.mp4,VALID,,,8
p2tdvIBIU0c_1,/home/dipshikha/Music/cao/CISLR_v1.5-a_videos/p2tdvIBIU0c_1.mp4,VALID,,,8
p5Fbfjwa6lo_2,/home/dipshikha/Music/cao/CISLR_v1.5-a_videos/p5Fbfjwa6lo_2.mp4,INVALID,frame_decode_failed,137,8
p7oldq2vCto_1,/home/dipshikha/Music/cao/CISLR_v1.5-a_videos/p7oldq2vCto_1.mp4,VALID,,,8
p8RRLvEnKIY_2,/home/dipshikha/Music/cao/CISLR_v1.5-a_videos/p8RRLvEnKIY_2.mp4,INVALID,frame_decode_failed,80,8
pAo8Zc96Tu8,/home/dipshikha/Music/cao/CISLR_v1.5-a_videos/pAo8Zc96Tu8.mp4,VALID,,,8
pAtADV-ujaQ,/home/dipshikha/Music/cao/CISLR_v1.5-a_videos/pAtADV-ujaQ.mp4,VALID,,,8
pCOcHCIK5rc_1,/home/dipshikha/Music/cao/CISLR_v1.5-a_videos/pCOcHCIK5rc_1.mp4,VALID,,,8
pEM47kqgTEc,/home/dipshikha/Music/cao/CISLR_v1.5-a_videos/pEM47kqgTEc.mp4,VALID,,,8
pEdQoefPlaI_1,/home/dipshikha/Music/cao/CISLR_v1.5-a_videos/pEdQoefPlaI_1.mp4,VALID,,,8
pFvqiGdzRH4_1,/home/dipshikha/Music/cao/CISLR_v1.5-a_videos/pFvqiGdzRH4_1.mp4,VALID,,,8
pG0n_OYfyQ4_1,/home/dipshikha/Music/cao/CISLR_v1.5-a_videos/pG0n_OYfyQ4_1.mp4,VALID,,,8
pHKwOx-oGic,/home/dipshikha/Music/cao/CISLR_v1.5-a_videos/pHKwOx-oGic.mp4,VALID,,,8
pHgHQOTWz-U,/home/dipshikha/Music/cao/CISLR_v1.5-a_videos/pHgHQOTWz-U.mp4,VALID,,,8
pJZsB91xhWE_1,/home/dipshikha/Music/cao/CISLR_v1.5-a_videos/pJZsB91xhWE_1.mp4,VALID,,,8
pJi25JN7TwU_1,/home/dipshikha/Music/cao/CISLR_v1.5-a_videos/pJi25JN7TwU_1.mp4,VALID,,,8
pKb4DHICBuo,/home/dipshikha/Music/cao/CISLR_v1.5-a_videos/pKb4DHICBuo.mp4,VALID,,,8
pNiWeRZM59o,/home/dipshikha/Music/cao/CISLR_v1.5-a_videos/pNiWeRZM59o.mp4,VALID,,,8
pQ0xpEJDynQ_1,/home/dipshikha/Music/cao/CISLR_v1.5-a_videos/pQ0xpEJDynQ_1.mp4,VALID,,,8
pQlSVEXVTg0_1,/home/dipshikha/Music/cao/CISLR_v1.5-a_videos/pQlSVEXVTg0_1.mp4,VALID,,,8
pUUQ1UG90rU,/home/dipshikha/Music/cao/CISLR_v1.5-a_videos/pUUQ1UG90rU.mp4,VALID,,,8
pUfkesVaSYc,/home/dipshikha/Music/cao/CISLR_v1.5-a_videos/pUfkesVaSYc.mp4,VALID,,,8
pVFFflkBVio,/home/dipshikha/Music/cao/CISLR_v1.5-a_videos/pVFFflkBVio.mp4,VALID,,,8
pWeJhQGITxI_1,/home/dipshikha/Music/cao/CISLR_v1.5-a_videos/pWeJhQGITxI_1.mp4,VALID,,,8
pXODwFAlZUg_1,/home/dipshikha/Music/cao/CISLR_v1.5-a_videos/pXODwFAlZUg_1.mp4,VALID,,,8
pZ3sCNXcd_8,/home/dipshikha/Music/cao/CISLR_v1.5-a_videos/pZ3sCNXcd_8.mp4,VALID,,,8
p___W5DGZYM,/home/dipshikha/Music/cao/CISLR_v1.5-a_videos/p___W5DGZYM.mp4,VALID,,,8
pcIRZ8YeSwY,/home/dipshikha/Music/cao/CISLR_v1.5-a_videos/pcIRZ8YeSwY.mp4,VALID,,,8
pcszWYZUdr4,/home/dipshikha/Music/cao/CISLR_v1.5-a_videos/pcszWYZUdr4.mp4,VALID,,,8
ped2hI_0Lu4_1,/home/dipshikha/Music/cao/CISLR_v1.5-a_videos/ped2hI_0Lu4_1.mp4,VALID,,,8
pgB67M7B9RY,/home/dipshikha/Music/cao/CISLR_v1.5-a_videos/pgB67M7B9RY.mp4,VALID,,,8
pgg0OdGUi9Q_2,/home/dipshikha/Music/cao/CISLR_v1.5-a_videos/pgg0OdGUi9Q_2.mp4,INVALID,frame_decode_failed,136,8
ph86UNnfHM4_1,/home/dipshikha/Music/cao/CISLR_v1.5-a_videos/ph86UNnfHM4_1.mp4,VALID,,,8
pi2WpXIFSN8_1,/home/dipshikha/Music/cao/CISLR_v1.5-a_videos/pi2WpXIFSN8_1.mp4,VALID,,,8
pl4fBwS1VKA,/home/dipshikha/Music/cao/CISLR_v1.5-a_videos/pl4fBwS1VKA.mp4,VALID,,,8
pp-VaOe9Aek_1,/home/dipshikha/Music/cao/CISLR_v1.5-a_videos/pp-VaOe9Aek_1.mp4,VALID,,,8
pqdymDbWmpM_1,/home/dipshikha/Music/cao/CISLR_v1.5-a_videos/pqdymDbWmpM_1.mp4,VALID,,,8
pr_5nYeLFKc_2,/home/dipshikha/Music/cao/CISLR_v1.5-a_videos/pr_5nYeLFKc_2.mp4,INVALID,frame_decode_failed,92,8
prb13TWFfLY,/home/dipshikha/Music/cao/CISLR_v1.5-a_videos/prb13TWFfLY.mp4,VALID,,,8
ptxxnMh-dvg,/home/dipshikha/Music/cao/CISLR_v1.5-a_videos/ptxxnMh-dvg.mp4,VALID,,,8
puQHunAHML8,/home/dipshikha/Music/cao/CISLR_v1.5-a_videos/puQHunAHML8.mp4,VALID,,,8
pvCPTa5YUSQ,/home/dipshikha/Music/cao/CISLR_v1.5-a_videos/pvCPTa5YUSQ.mp4,VALID,,,8
pwGHjBM_o0A,/home/dipshikha/Music/cao/CISLR_v1.5-a_videos/pwGHjBM_o0A.mp4,VALID,,,8
pxQQZrTl_S0_1,/home/dipshikha/Music/cao/CISLR_v1.5-a_videos/pxQQZrTl_S0_1.mp4,VALID,,,8
pxlwsuM4GeY_1,/home/dipshikha/Music/cao/CISLR_v1.5-a_videos/pxlwsuM4GeY_1.mp4,VALID,,,8
pyrA60I4x5k,/home/dipshikha/Music/cao/CISLR_v1.5-a_videos/pyrA60I4x5k.mp4,VALID,,,8
pyuu4e4fioE_1,/home/dipshikha/Music/cao/CISLR_v1.5-a_videos/pyuu4e4fioE_1.mp4,VALID,,,8
pz-WdE_67TE,/home/dipshikha/Music/cao/CISLR_v1.5-a_videos/pz-WdE_67TE.mp4,VALID,,,8
q0NQtFrQljs,/home/dipshikha/Music/cao/CISLR_v1.5-a_videos/q0NQtFrQljs.mp4,VALID,,,8
q2wNudHNr3Q,/home/dipshikha/Music/cao/CISLR_v1.5-a_videos/q2wNudHNr3Q.mp4,VALID,,,8
q5h35OmM1Zc_1,/home/dipshikha/Music/cao/CISLR_v1.5-a_videos/q5h35OmM1Zc_1.mp4,VALID,,,8
q6RWNvLf2kA,/home/dipshikha/Music/cao/CISLR_v1.5-a_videos/q6RWNvLf2kA.mp4,VALID,,,8
q79Rs300DoY_1,/home/dipshikha/Music/cao/CISLR_v1.5-a_videos/q79Rs300DoY_1.mp4,VALID,,,8
q8YYLFkGEwI_1,/home/dipshikha/Music/cao/CISLR_v1.5-a_videos/q8YYLFkGEwI_1.mp4,VALID,,,8
q8nqvTW4ZBE,/home/dipshikha/Music/cao/CISLR_v1.5-a_videos/q8nqvTW4ZBE.mp4,VALID,,,8
qB4HOTYT1VA,/home/dipshikha/Music/cao/CISLR_v1.5-a_videos/qB4HOTYT1VA.mp4,VALID,,,8
qBNL8tfKk_8_1,/home/dipshikha/Music/cao/CISLR_v1.5-a_videos/qBNL8tfKk_8_1.mp4,VALID,,,8
qBsdlxgyHU4_1,/home/dipshikha/Music/cao/CISLR_v1.5-a_videos/qBsdlxgyHU4_1.mp4,VALID,,,8
qCoHkpGP5CA,/home/dipshikha/Music/cao/CISLR_v1.5-a_videos/qCoHkpGP5CA.mp4,VALID,,,8
qFOJk1w7PIs_1,/home/dipshikha/Music/cao/CISLR_v1.5-a_videos/qFOJk1w7PIs_1.mp4,VALID,,,8
qGXvLJud7iE_2,/home/dipshikha/Music/cao/CISLR_v1.5-a_videos/qGXvLJud7iE_2.mp4,INVALID,frame_decode_failed,120,8
qIYgR-Dvb6I_1,/home/dipshikha/Music/cao/CISLR_v1.5-a_videos/qIYgR-Dvb6I_1.mp4,VALID,,,8
qI_HL9U9_UE,/home/dipshikha/Music/cao/CISLR_v1.5-a_videos/qI_HL9U9_UE.mp4,VALID,,,8
qJ25qL-gfX8,/home/dipshikha/Music/cao/CISLR_v1.5-a_videos/qJ25qL-gfX8.mp4,VALID,,,8
qLAU7iI1Cfs,/home/dipshikha/Music/cao/CISLR_v1.5-a_videos/qLAU7iI1Cfs.mp4,VALID,,,8
qMDStZsjwX0,/home/dipshikha/Music/cao/CISLR_v1.5-a_videos/qMDStZsjwX0.mp4,VALID,,,8
qNUrBAQsL5s_1,/home/dipshikha/Music/cao/CISLR_v1.5-a_videos/qNUrBAQsL5s_1.mp4,VALID,,,8
qN_4AbN4yS8_1,/home/dipshikha/Music/cao/CISLR_v1.5-a_videos/qN_4AbN4yS8_1.mp4,VALID,,,8
qP3z3jT3ENc,/home/dipshikha/Music/cao/CISLR_v1.5-a_videos/qP3z3jT3ENc.mp4,VALID,,,8
qR9b5ntUm50,/home/dipshikha/Music/cao/CISLR_v1.5-a_videos/qR9b5ntUm50.mp4,VALID,,,8
qRqxwR1617A,/home/dipshikha/Music/cao/CISLR_v1.5-a_videos/qRqxwR1617A.mp4,VALID,,,8
qSD4IBK27Zg,/home/dipshikha/Music/cao/CISLR_v1.5-a_videos/qSD4IBK27Zg.mp4,VALID,,,8
qSuPoYq-8lc,/home/dipshikha/Music/cao/CISLR_v1.5-a_videos/qSuPoYq-8lc.mp4,VALID,,,8
qTKpCqiDQZI,/home/dipshikha/Music/cao/CISLR_v1.5-a_videos/qTKpCqiDQZI.mp4,VALID,,,8
qUIXw4OObjQ_1,/home/dipshikha/Music/cao/CISLR_v1.5-a_videos/qUIXw4OObjQ_1.mp4,VALID,,,8
qW80XrM1yWQ,/home/dipshikha/Music/cao/CISLR_v1.5-a_videos/qW80XrM1yWQ.mp4,VALID,,,8
qWzBMXkJ-DM,/home/dipshikha/Music/cao/CISLR_v1.5-a_videos/qWzBMXkJ-DM.mp4,VALID,,,8
qXPZr651bTY_1,/home/dipshikha/Music/cao/CISLR_v1.5-a_videos/qXPZr651bTY_1.mp4,VALID,,,8
qXV1KRvMA-Y,/home/dipshikha/Music/cao/CISLR_v1.5-a_videos/qXV1KRvMA-Y.mp4,VALID,,,8
qYk4iw7qgmc,/home/dipshikha/Music/cao/CISLR_v1.5-a_videos/qYk4iw7qgmc.mp4,VALID,,,8
qa59arBbolM_1,/home/dipshikha/Music/cao/CISLR_v1.5-a_videos/qa59arBbolM_1.mp4,VALID,,,8
qbqRDmqdD3o_1,/home/dipshikha/Music/cao/CISLR_v1.5-a_videos/qbqRDmqdD3o_1.mp4,VALID,,,8
qfxkW7YYQTU,/home/dipshikha/Music/cao/CISLR_v1.5-a_videos/qfxkW7YYQTU.mp4,VALID,,,8
qgH8zxbIQr4_1,/home/dipshikha/Music/cao/CISLR_v1.5-a_videos/qgH8zxbIQr4_1.mp4,VALID,,,8
qh52MLe84Fw_1,/home/dipshikha/Music/cao/CISLR_v1.5-a_videos/qh52MLe84Fw_1.mp4,VALID,,,8
qhy4d9BzMIw_1,/home/dipshikha/Music/cao/CISLR_v1.5-a_videos/qhy4d9BzMIw_1.mp4,VALID,,,8
qiTht8WDOvI_1,/home/dipshikha/Music/cao/CISLR_v1.5-a_videos/qiTht8WDOvI_1.mp4,VALID,,,8
qjRRaPtsqf4,/home/dipshikha/Music/cao/CISLR_v1.5-a_videos/qjRRaPtsqf4.mp4,VALID,,,8
qjlkVQxsQJg_1,/home/dipshikha/Music/cao/CISLR_v1.5-a_videos/qjlkVQxsQJg_1.mp4,VALID,,,8
qksJ3uwtD1o_1,/home/dipshikha/Music/cao/CISLR_v1.5-a_videos/qksJ3uwtD1o_1.mp4,VALID,,,8
qkzrIpdfelI_2,/home/dipshikha/Music/cao/CISLR_v1.5-a_videos/qkzrIpdfelI_2.mp4,VALID,,,8
qnlNXXR-M7c_2,/home/dipshikha/Music/cao/CISLR_v1.5-a_videos/qnlNXXR-M7c_2.mp4,INVALID,frame_decode_failed,141,8
qp4Sw-QAMD4,/home/dipshikha/Music/cao/CISLR_v1.5-a_videos/qp4Sw-QAMD4.mp4,VALID,,,8
qpynNeUIkM4,/home/dipshikha/Music/cao/CISLR_v1.5-a_videos/qpynNeUIkM4.mp4,VALID,,,8
qrAKx_t3qYk,/home/dipshikha/Music/cao/CISLR_v1.5-a_videos/qrAKx_t3qYk.mp4,VALID,,,8
qrQAkUxy0KE_2,/home/dipshikha/Music/cao/CISLR_v1.5-a_videos/qrQAkUxy0KE_2.mp4,INVALID,frame_decode_failed,98,8
qrkzRim1Qc0,/home/dipshikha/Music/cao/CISLR_v1.5-a_videos/qrkzRim1Qc0.mp4,VALID,,,8
qsLUWtIB5eM_1,/home/dipshikha/Music/cao/CISLR_v1.5-a_videos/qsLUWtIB5eM_1.mp4,VALID,,,8
qtblK4nxVok_1,/home/dipshikha/Music/cao/CISLR_v1.5-a_videos/qtblK4nxVok_1.mp4,VALID,,,8
qtmO-0Fsjz8_1,/home/dipshikha/Music/cao/CISLR_v1.5-a_videos/qtmO-0Fsjz8_1.mp4,VALID,,,8
qvpipwu40zk_1,/home/dipshikha/Music/cao/CISLR_v1.5-a_videos/qvpipwu40zk_1.mp4,VALID,,,8
qweRHfBQxEg,/home/dipshikha/Music/cao/CISLR_v1.5-a_videos/qweRHfBQxEg.mp4,VALID,,,8
r-FVBdwV9VI,/home/dipshikha/Music/cao/CISLR_v1.5-a_videos/r-FVBdwV9VI.mp4,VALID,,,8
r-HB7BtP1JM_2,/home/dipshikha/Music/cao/CISLR_v1.5-a_videos/r-HB7BtP1JM_2.mp4,INVALID,frame_decode_failed,128,8
r-Og6CaFJUA,/home/dipshikha/Music/cao/CISLR_v1.5-a_videos/r-Og6CaFJUA.mp4,VALID,,,8
r15J1z-vQIM,/home/dipshikha/Music/cao/CISLR_v1.5-a_videos/r15J1z-vQIM.mp4,VALID,,,8
r2UtCMULRmI_2,/home/dipshikha/Music/cao/CISLR_v1.5-a_videos/r2UtCMULRmI_2.mp4,INVALID,frame_decode_failed,95,8
r2tTgaCMDWo_1,/home/dipshikha/Music/cao/CISLR_v1.5-a_videos/r2tTgaCMDWo_1.mp4,VALID,,,8
r3H0vo7q6qY,/home/dipshikha/Music/cao/CISLR_v1.5-a_videos/r3H0vo7q6qY.mp4,VALID,,,8
r3HsR87-sN8,/home/dipshikha/Music/cao/CISLR_v1.5-a_videos/r3HsR87-sN8.mp4,VALID,,,8
r3MqV1WicvY_1,/home/dipshikha/Music/cao/CISLR_v1.5-a_videos/r3MqV1WicvY_1.mp4,VALID,,,8
r3XLYw0EMlg_1,/home/dipshikha/Music/cao/CISLR_v1.5-a_videos/r3XLYw0EMlg_1.mp4,VALID,,,8
r4sVEIO1jZE_1,/home/dipshikha/Music/cao/CISLR_v1.5-a_videos/r4sVEIO1jZE_1.mp4,VALID,,,8
r777eDg0fX0_1,/home/dipshikha/Music/cao/CISLR_v1.5-a_videos/r777eDg0fX0_1.mp4,VALID,,,8
r7Po-epk8iY,/home/dipshikha/Music/cao/CISLR_v1.5-a_videos/r7Po-epk8iY.mp4,VALID,,,8
r7T0UqigDqg,/home/dipshikha/Music/cao/CISLR_v1.5-a_videos/r7T0UqigDqg.mp4,VALID,,,8
r83lka7D8KM_2,/home/dipshikha/Music/cao/CISLR_v1.5-a_videos/r83lka7D8KM_2.mp4,INVALID,frame_decode_failed,137,8
r9JwYFol1EM_1,/home/dipshikha/Music/cao/CISLR_v1.5-a_videos/r9JwYFol1EM_1.mp4,VALID,,,8
r9Lc4qHj-cg_1,/home/dipshikha/Music/cao/CISLR_v1.5-a_videos/r9Lc4qHj-cg_1.mp4,VALID,,,8
r9XwyFRQsqY,/home/dipshikha/Music/cao/CISLR_v1.5-a_videos/r9XwyFRQsqY.mp4,VALID,,,8
rBPJARGhPNg,/home/dipshikha/Music/cao/CISLR_v1.5-a_videos/rBPJARGhPNg.mp4,VALID,,,8
rBi-dpJFZuA,/home/dipshikha/Music/cao/CISLR_v1.5-a_videos/rBi-dpJFZuA.mp4,VALID,,,8
rC5QdAVnv0I,/home/dipshikha/Music/cao/CISLR_v1.5-a_videos/rC5QdAVnv0I.mp4,VALID,,,8
rD5-gbf9Gzg,/home/dipshikha/Music/cao/CISLR_v1.5-a_videos/rD5-gbf9Gzg.mp4,VALID,,,8
rD5QxDhHIxw_1,/home/dipshikha/Music/cao/CISLR_v1.5-a_videos/rD5QxDhHIxw_1.mp4,VALID,,,8
rEBOoE50Ghw_1,/home/dipshikha/Music/cao/CISLR_v1.5-a_videos/rEBOoE50Ghw_1.mp4,VALID,,,8
rEtGA49vlaU,/home/dipshikha/Music/cao/CISLR_v1.5-a_videos/rEtGA49vlaU.mp4,VALID,,,8
rFFoZPPKsC8,/home/dipshikha/Music/cao/CISLR_v1.5-a_videos/rFFoZPPKsC8.mp4,VALID,,,8
rFkWotSdjdk,/home/dipshikha/Music/cao/CISLR_v1.5-a_videos/rFkWotSdjdk.mp4,VALID,,,8
rJjNfXvVaaY_2,/home/dipshikha/Music/cao/CISLR_v1.5-a_videos/rJjNfXvVaaY_2.mp4,INVALID,frame_decode_failed,61,8
rKzMbfGElSE_1,/home/dipshikha/Music/cao/CISLR_v1.5-a_videos/rKzMbfGElSE_1.mp4,VALID,,,8
rN9rKeJZmqI,/home/dipshikha/Music/cao/CISLR_v1.5-a_videos/rN9rKeJZmqI.mp4,VALID,,,8
rNyD10XoXcU_2,/home/dipshikha/Music/cao/CISLR_v1.5-a_videos/rNyD10XoXcU_2.mp4,INVALID,frame_decode_failed,115,8
rOZhirQPdr4,/home/dipshikha/Music/cao/CISLR_v1.5-a_videos/rOZhirQPdr4.mp4,VALID,,,8
rOjimhh-dqE_1,/home/dipshikha/Music/cao/CISLR_v1.5-a_videos/rOjimhh-dqE_1.mp4,VALID,,,8
rOonVQYaM-A_1,/home/dipshikha/Music/cao/CISLR_v1.5-a_videos/rOonVQYaM-A_1.mp4,VALID,,,8
rP-VqYz6Lyk_1,/home/dipshikha/Music/cao/CISLR_v1.5-a_videos/rP-VqYz6Lyk_1.mp4,VALID,,,8
rQkxqEgXEYQ,/home/dipshikha/Music/cao/CISLR_v1.5-a_videos/rQkxqEgXEYQ.mp4,VALID,,,8
rSeg8yH3Lgg_1,/home/dipshikha/Music/cao/CISLR_v1.5-a_videos/rSeg8yH3Lgg_1.mp4,VALID,,,8
rUXhFDo3Bv0,/home/dipshikha/Music/cao/CISLR_v1.5-a_videos/rUXhFDo3Bv0.mp4,VALID,,,8
rUZD2TQcbvI,/home/dipshikha/Music/cao/CISLR_v1.5-a_videos/rUZD2TQcbvI.mp4,VALID,,,8
rVBNDX51--w,/home/dipshikha/Music/cao/CISLR_v1.5-a_videos/rVBNDX51--w.mp4,VALID,,,8
rVEOXcTj1NU,/home/dipshikha/Music/cao/CISLR_v1.5-a_videos/rVEOXcTj1NU.mp4,VALID,,,8
rW8bfuuzfgI,/home/dipshikha/Music/cao/CISLR_v1.5-a_videos/rW8bfuuzfgI.mp4,VALID,,,8
rWCFmpbmMPw_1,/home/dipshikha/Music/cao/CISLR_v1.5-a_videos/rWCFmpbmMPw_1.mp4,VALID,,,8
rZnNOW47uNk_1,/home/dipshikha/Music/cao/CISLR_v1.5-a_videos/rZnNOW47uNk_1.mp4,VALID,,,8
r_tsg9162uc_1,/home/dipshikha/Music/cao/CISLR_v1.5-a_videos/r_tsg9162uc_1.mp4,VALID,,,8
raF-yOcZpkk,/home/dipshikha/Music/cao/CISLR_v1.5-a_videos/raF-yOcZpkk.mp4,VALID,,,8
rbXizQI1XOM,/home/dipshikha/Music/cao/CISLR_v1.5-a_videos/rbXizQI1XOM.mp4,VALID,,,8
rbdcr9AQtrE_1,/home/dipshikha/Music/cao/CISLR_v1.5-a_videos/rbdcr9AQtrE_1.mp4,VALID,,,8
rc7GRaEyQHQ,/home/dipshikha/Music/cao/CISLR_v1.5-a_videos/rc7GRaEyQHQ.mp4,VALID,,,8
rdW1Snzd9cs,/home/dipshikha/Music/cao/CISLR_v1.5-a_videos/rdW1Snzd9cs.mp4,VALID,,,8
rfTcUTbx4ZU,/home/dipshikha/Music/cao/CISLR_v1.5-a_videos/rfTcUTbx4ZU.mp4,VALID,,,8
rhbOs1NZYRM,/home/dipshikha/Music/cao/CISLR_v1.5-a_videos/rhbOs1NZYRM.mp4,VALID,,,8
rj0GN2scIsU,/home/dipshikha/Music/cao/CISLR_v1.5-a_videos/rj0GN2scIsU.mp4,VALID,,,8
rjAoqYLMHrI_1,/home/dipshikha/Music/cao/CISLR_v1.5-a_videos/rjAoqYLMHrI_1.mp4,VALID,,,8
rjZmgbqdoRQ,/home/dipshikha/Music/cao/CISLR_v1.5-a_videos/rjZmgbqdoRQ.mp4,VALID,,,8
rmgyo8yyqfo,/home/dipshikha/Music/cao/CISLR_v1.5-a_videos/rmgyo8yyqfo.mp4,VALID,,,8
rnK5ck1th4Q_2,/home/dipshikha/Music/cao/CISLR_v1.5-a_videos/rnK5ck1th4Q_2.mp4,VALID,,,8
rrgx0TM2nfc_1,/home/dipshikha/Music/cao/CISLR_v1.5-a_videos/rrgx0TM2nfc_1.mp4,VALID,,,8
rrjpij1UdL0,/home/dipshikha/Music/cao/CISLR_v1.5-a_videos/rrjpij1UdL0.mp4,VALID,,,8
rrqJccrO4vo_1,/home/dipshikha/Music/cao/CISLR_v1.5-a_videos/rrqJccrO4vo_1.mp4,VALID,,,8
rs7TTTwmbBo_1,/home/dipshikha/Music/cao/CISLR_v1.5-a_videos/rs7TTTwmbBo_1.mp4,VALID,,,8
rskg3zep4Gs,/home/dipshikha/Music/cao/CISLR_v1.5-a_videos/rskg3zep4Gs.mp4,VALID,,,8
rt9BRaQYqkg,/home/dipshikha/Music/cao/CISLR_v1.5-a_videos/rt9BRaQYqkg.mp4,VALID,,,8
ru9ZDRu566k,/home/dipshikha/Music/cao/CISLR_v1.5-a_videos/ru9ZDRu566k.mp4,VALID,,,8
runWN1EzmEE,/home/dipshikha/Music/cao/CISLR_v1.5-a_videos/runWN1EzmEE.mp4,VALID,,,8
rvAlXnalbqU_1,/home/dipshikha/Music/cao/CISLR_v1.5-a_videos/rvAlXnalbqU_1.mp4,VALID,,,8
rvOBl50SewA_1,/home/dipshikha/Music/cao/CISLR_v1.5-a_videos/rvOBl50SewA_1.mp4,VALID,,,8
rvZ_e5KC2Mw_1,/home/dipshikha/Music/cao/CISLR_v1.5-a_videos/rvZ_e5KC2Mw_1.mp4,VALID,,,8
rwocxlQmNvM_1,/home/dipshikha/Music/cao/CISLR_v1.5-a_videos/rwocxlQmNvM_1.mp4,VALID,,,8
rxLiUBQv4s4,/home/dipshikha/Music/cao/CISLR_v1.5-a_videos/rxLiUBQv4s4.mp4,VALID,,,8
rxS-0_0rVV4_1,/home/dipshikha/Music/cao/CISLR_v1.5-a_videos/rxS-0_0rVV4_1.mp4,VALID,,,8
rzVyqTff8MY_1,/home/dipshikha/Music/cao/CISLR_v1.5-a_videos/rzVyqTff8MY_1.mp4,VALID,,,8
rzY50tnGKNg,/home/dipshikha/Music/cao/CISLR_v1.5-a_videos/rzY50tnGKNg.mp4,VALID,,,8
s09swjiVGok,/home/dipshikha/Music/cao/CISLR_v1.5-a_videos/s09swjiVGok.mp4,VALID,,,8
s13W7g7VnJ8_1,/home/dipshikha/Music/cao/CISLR_v1.5-a_videos/s13W7g7VnJ8_1.mp4,VALID,,,8
s1tq1t4LDuM,/home/dipshikha/Music/cao/CISLR_v1.5-a_videos/s1tq1t4LDuM.mp4,VALID,,,8
s3tJWRZegCw,/home/dipshikha/Music/cao/CISLR_v1.5-a_videos/s3tJWRZegCw.mp4,VALID,,,8
s4ez79CSE58,/home/dipshikha/Music/cao/CISLR_v1.5-a_videos/s4ez79CSE58.mp4,VALID,,,8
s5kbd2DCqpk,/home/dipshikha/Music/cao/CISLR_v1.5-a_videos/s5kbd2DCqpk.mp4,VALID,,,8
s5mQsATayMM,/home/dipshikha/Music/cao/CISLR_v1.5-a_videos/s5mQsATayMM.mp4,VALID,,,8
s6C3AecUXiY_1,/home/dipshikha/Music/cao/CISLR_v1.5-a_videos/s6C3AecUXiY_1.mp4,VALID,,,8
s7LkPeqby9A,/home/dipshikha/Music/cao/CISLR_v1.5-a_videos/s7LkPeqby9A.mp4,VALID,,,8
s8wH4rgfn20_1,/home/dipshikha/Music/cao/CISLR_v1.5-a_videos/s8wH4rgfn20_1.mp4,VALID,,,8
s91r7_fA4O4_1,/home/dipshikha/Music/cao/CISLR_v1.5-a_videos/s91r7_fA4O4_1.mp4,VALID,,,8
sAQO6QDpXPM_1,/home/dipshikha/Music/cao/CISLR_v1.5-a_videos/sAQO6QDpXPM_1.mp4,VALID,,,8
sDKms4XnnWM,/home/dipshikha/Music/cao/CISLR_v1.5-a_videos/sDKms4XnnWM.mp4,VALID,,,8
sErgS9d1UdM,/home/dipshikha/Music/cao/CISLR_v1.5-a_videos/sErgS9d1UdM.mp4,VALID,,,8
sFjn3cTFUT4,/home/dipshikha/Music/cao/CISLR_v1.5-a_videos/sFjn3cTFUT4.mp4,VALID,,,8
sFyFmt6-rc0,/home/dipshikha/Music/cao/CISLR_v1.5-a_videos/sFyFmt6-rc0.mp4,VALID,,,8
sGzaDUwWF18,/home/dipshikha/Music/cao/CISLR_v1.5-a_videos/sGzaDUwWF18.mp4,VALID,,,8
sHXOURRWbpg_1,/home/dipshikha/Music/cao/CISLR_v1.5-a_videos/sHXOURRWbpg_1.mp4,VALID,,,8
sMdon0OffjU,/home/dipshikha/Music/cao/CISLR_v1.5-a_videos/sMdon0OffjU.mp4,VALID,,,8
sNQ2sQ75wJ8,/home/dipshikha/Music/cao/CISLR_v1.5-a_videos/sNQ2sQ75wJ8.mp4,VALID,,,8
sOOzZZY-gQI,/home/dipshikha/Music/cao/CISLR_v1.5-a_videos/sOOzZZY-gQI.mp4,VALID,,,8
sORWtcK5Cl4,/home/dipshikha/Music/cao/CISLR_v1.5-a_videos/sORWtcK5Cl4.mp4,VALID,,,8
sOXdM996SmA_1,/home/dipshikha/Music/cao/CISLR_v1.5-a_videos/sOXdM996SmA_1.mp4,VALID,,,8
sOfglCTtdsY_1,/home/dipshikha/Music/cao/CISLR_v1.5-a_videos/sOfglCTtdsY_1.mp4,VALID,,,8
sPqivRKBiNc,/home/dipshikha/Music/cao/CISLR_v1.5-a_videos/sPqivRKBiNc.mp4,VALID,,,8
sQwcW3szYW8_2,/home/dipshikha/Music/cao/CISLR_v1.5-a_videos/sQwcW3szYW8_2.mp4,INVALID,frame_decode_failed,129,8
sT540WDiY_U,/home/dipshikha/Music/cao/CISLR_v1.5-a_videos/sT540WDiY_U.mp4,VALID,,,8
sXWMPF_Enus,/home/dipshikha/Music/cao/CISLR_v1.5-a_videos/sXWMPF_Enus.mp4,VALID,,,8
sZ1qra1mVEU_1,/home/dipshikha/Music/cao/CISLR_v1.5-a_videos/sZ1qra1mVEU_1.mp4,VALID,,,8
sZKjZfzGTVg,/home/dipshikha/Music/cao/CISLR_v1.5-a_videos/sZKjZfzGTVg.mp4,VALID,,,8
sZYTPis34fI_1,/home/dipshikha/Music/cao/CISLR_v1.5-a_videos/sZYTPis34fI_1.mp4,VALID,,,8
sZ_d3pRaDzY,/home/dipshikha/Music/cao/CISLR_v1.5-a_videos/sZ_d3pRaDzY.mp4,VALID,,,8
sZpGP0kZeqo_1,/home/dipshikha/Music/cao/CISLR_v1.5-a_videos/sZpGP0kZeqo_1.mp4,VALID,,,8
seuq2MSa2X0_1,/home/dipshikha/Music/cao/CISLR_v1.5-a_videos/seuq2MSa2X0_1.mp4,VALID,,,8
sfB6sqRdrFY,/home/dipshikha/Music/cao/CISLR_v1.5-a_videos/sfB6sqRdrFY.mp4,VALID,,,8
siXvRrMuC0s,/home/dipshikha/Music/cao/CISLR_v1.5-a_videos/siXvRrMuC0s.mp4,VALID,,,8
sj9wd5B3KfQ_1,/home/dipshikha/Music/cao/CISLR_v1.5-a_videos/sj9wd5B3KfQ_1.mp4,VALID,,,8
sjzz-U6f2E0_1,/home/dipshikha/Music/cao/CISLR_v1.5-a_videos/sjzz-U6f2E0_1.mp4,VALID,,,8
sklN8_APb_s,/home/dipshikha/Music/cao/CISLR_v1.5-a_videos/sklN8_APb_s.mp4,VALID,,,8
sm67xCmbfNs_1,/home/dipshikha/Music/cao/CISLR_v1.5-a_videos/sm67xCmbfNs_1.mp4,VALID,,,8
smJOWK8guVY_1,/home/dipshikha/Music/cao/CISLR_v1.5-a_videos/smJOWK8guVY_1.mp4,VALID,,,8
sp7GuSz7GRE,/home/dipshikha/Music/cao/CISLR_v1.5-a_videos/sp7GuSz7GRE.mp4,VALID,,,8
su2McEzbxzg_2,/home/dipshikha/Music/cao/CISLR_v1.5-a_videos/su2McEzbxzg_2.mp4,INVALID,frame_decode_failed,86,8
svQLNa2vzFI,/home/dipshikha/Music/cao/CISLR_v1.5-a_videos/svQLNa2vzFI.mp4,VALID,,,8
sw0z81Ri4ps,/home/dipshikha/Music/cao/CISLR_v1.5-a_videos/sw0z81Ri4ps.mp4,VALID,,,8
syVYgoc2dUI_2,/home/dipshikha/Music/cao/CISLR_v1.5-a_videos/syVYgoc2dUI_2.mp4,INVALID,frame_decode_failed,129,8
syXsQXIoZEI,/home/dipshikha/Music/cao/CISLR_v1.5-a_videos/syXsQXIoZEI.mp4,VALID,,,8
syeNmftfElg,/home/dipshikha/Music/cao/CISLR_v1.5-a_videos/syeNmftfElg.mp4,VALID,,,8
syi9ijwHDR0_1,/home/dipshikha/Music/cao/CISLR_v1.5-a_videos/syi9ijwHDR0_1.mp4,VALID,,,8
t3QUjMIwyxE_1,/home/dipshikha/Music/cao/CISLR_v1.5-a_videos/t3QUjMIwyxE_1.mp4,VALID,,,8
t5uTmmYDQdI_1,/home/dipshikha/Music/cao/CISLR_v1.5-a_videos/t5uTmmYDQdI_1.mp4,VALID,,,8
t6HMWWJR398_1,/home/dipshikha/Music/cao/CISLR_v1.5-a_videos/t6HMWWJR398_1.mp4,VALID,,,8
t6P93AbQbjQ_1,/home/dipshikha/Music/cao/CISLR_v1.5-a_videos/t6P93AbQbjQ_1.mp4,VALID,,,8
t6mh1uRdQQw_1,/home/dipshikha/Music/cao/CISLR_v1.5-a_videos/t6mh1uRdQQw_1.mp4,VALID,,,8
t729MGitv94,/home/dipshikha/Music/cao/CISLR_v1.5-a_videos/t729MGitv94.mp4,VALID,,,8
t7nY3ygqVlQ,/home/dipshikha/Music/cao/CISLR_v1.5-a_videos/t7nY3ygqVlQ.mp4,VALID,,,8
tAVnVRAbkz8_2,/home/dipshikha/Music/cao/CISLR_v1.5-a_videos/tAVnVRAbkz8_2.mp4,VALID,,,8
tB9EhSaD8MY_1,/home/dipshikha/Music/cao/CISLR_v1.5-a_videos/tB9EhSaD8MY_1.mp4,VALID,,,8
tB_xkoYZGBY_1,/home/dipshikha/Music/cao/CISLR_v1.5-a_videos/tB_xkoYZGBY_1.mp4,VALID,,,8
tD71RsErB30,/home/dipshikha/Music/cao/CISLR_v1.5-a_videos/tD71RsErB30.mp4,VALID,,,8
tD_WEFLyuDY,/home/dipshikha/Music/cao/CISLR_v1.5-a_videos/tD_WEFLyuDY.mp4,VALID,,,8
tDtIQ2M-GRo,/home/dipshikha/Music/cao/CISLR_v1.5-a_videos/tDtIQ2M-GRo.mp4,VALID,,,8
tDtdGkG9-OE,/home/dipshikha/Music/cao/CISLR_v1.5-a_videos/tDtdGkG9-OE.mp4,VALID,,,8
tDvbCVB02yA,/home/dipshikha/Music/cao/CISLR_v1.5-a_videos/tDvbCVB02yA.mp4,VALID,,,8
tF3WaFt4kdY,/home/dipshikha/Music/cao/CISLR_v1.5-a_videos/tF3WaFt4kdY.mp4,VALID,,,8
tFftFv6aIjE_1,/home/dipshikha/Music/cao/CISLR_v1.5-a_videos/tFftFv6aIjE_1.mp4,VALID,,,8
tHNhqhFdMgQ,/home/dipshikha/Music/cao/CISLR_v1.5-a_videos/tHNhqhFdMgQ.mp4,VALID,,,8
tHSogBpBi5A,/home/dipshikha/Music/cao/CISLR_v1.5-a_videos/tHSogBpBi5A.mp4,VALID,,,8
tI8qa4gE3uQ_2,/home/dipshikha/Music/cao/CISLR_v1.5-a_videos/tI8qa4gE3uQ_2.mp4,INVALID,frame_decode_failed,95,8
tKKM601QlDM_2,/home/dipshikha/Music/cao/CISLR_v1.5-a_videos/tKKM601QlDM_2.mp4,INVALID,frame_decode_failed,89,8
tKNmTJAEhBI_1,/home/dipshikha/Music/cao/CISLR_v1.5-a_videos/tKNmTJAEhBI_1.mp4,VALID,,,8
tKdTQmBRJks_2,/home/dipshikha/Music/cao/CISLR_v1.5-a_videos/tKdTQmBRJks_2.mp4,INVALID,frame_decode_failed,143,8
tKmXdtC6FLA,/home/dipshikha/Music/cao/CISLR_v1.5-a_videos/tKmXdtC6FLA.mp4,VALID,,,8
tMKMjQtqO2U_2,/home/dipshikha/Music/cao/CISLR_v1.5-a_videos/tMKMjQtqO2U_2.mp4,INVALID,frame_decode_failed,96,8
tNNf1uxRiDU,/home/dipshikha/Music/cao/CISLR_v1.5-a_videos/tNNf1uxRiDU.mp4,VALID,,,8
tNObn5kXF7Y_1,/home/dipshikha/Music/cao/CISLR_v1.5-a_videos/tNObn5kXF7Y_1.mp4,VALID,,,8
tPNg2Waa57k,/home/dipshikha/Music/cao/CISLR_v1.5-a_videos/tPNg2Waa57k.mp4,VALID,,,8
tPpANCTOBgs_1,/home/dipshikha/Music/cao/CISLR_v1.5-a_videos/tPpANCTOBgs_1.mp4,VALID,,,8
tPy0Fs9D3CA,/home/dipshikha/Music/cao/CISLR_v1.5-a_videos/tPy0Fs9D3CA.mp4,VALID,,,8
tRo9FnfeFj8,/home/dipshikha/Music/cao/CISLR_v1.5-a_videos/tRo9FnfeFj8.mp4,VALID,,,8
tS9ulw9g7uA_1,/home/dipshikha/Music/cao/CISLR_v1.5-a_videos/tS9ulw9g7uA_1.mp4,VALID,,,8
tSSAkPEkMn8_1,/home/dipshikha/Music/cao/CISLR_v1.5-a_videos/tSSAkPEkMn8_1.mp4,VALID,,,8
tS_WbbhJD2I,/home/dipshikha/Music/cao/CISLR_v1.5-a_videos/tS_WbbhJD2I.mp4,VALID,,,8
tSc2wja2FZU,/home/dipshikha/Music/cao/CISLR_v1.5-a_videos/tSc2wja2FZU.mp4,VALID,,,8
tSgEtTP4jkM_1,/home/dipshikha/Music/cao/CISLR_v1.5-a_videos/tSgEtTP4jkM_1.mp4,VALID,,,8
tTM_n97xYp4,/home/dipshikha/Music/cao/CISLR_v1.5-a_videos/tTM_n97xYp4.mp4,VALID,,,8
tUegsOrBY1U_1,/home/dipshikha/Music/cao/CISLR_v1.5-a_videos/tUegsOrBY1U_1.mp4,VALID,,,8
tY45mTvKGKc,/home/dipshikha/Music/cao/CISLR_v1.5-a_videos/tY45mTvKGKc.mp4,VALID,,,8
tY7LqqsBV5Y,/home/dipshikha/Music/cao/CISLR_v1.5-a_videos/tY7LqqsBV5Y.mp4,VALID,,,8
tZRz_YRiaYw,/home/dipshikha/Music/cao/CISLR_v1.5-a_videos/tZRz_YRiaYw.mp4,VALID,,,8
ta3rguAgy9M_1,/home/dipshikha/Music/cao/CISLR_v1.5-a_videos/ta3rguAgy9M_1.mp4,VALID,,,8
tahzIp5we8o,/home/dipshikha/Music/cao/CISLR_v1.5-a_videos/tahzIp5we8o.mp4,VALID,,,8
tbKfPkTlfQk_1,/home/dipshikha/Music/cao/CISLR_v1.5-a_videos/tbKfPkTlfQk_1.mp4,VALID,,,8
tbjIgLxJxic_2,/home/dipshikha/Music/cao/CISLR_v1.5-a_videos/tbjIgLxJxic_2.mp4,VALID,,,8
tcHUMXaIuw0,/home/dipshikha/Music/cao/CISLR_v1.5-a_videos/tcHUMXaIuw0.mp4,VALID,,,8
tcLqrt9QnPA_1,/home/dipshikha/Music/cao/CISLR_v1.5-a_videos/tcLqrt9QnPA_1.mp4,VALID,,,8
tcPXoZXEs2g,/home/dipshikha/Music/cao/CISLR_v1.5-a_videos/tcPXoZXEs2g.mp4,VALID,,,8
tcvRMX6s_b8_1,/home/dipshikha/Music/cao/CISLR_v1.5-a_videos/tcvRMX6s_b8_1.mp4,VALID,,,8
tgq3cpoyWB4,/home/dipshikha/Music/cao/CISLR_v1.5-a_videos/tgq3cpoyWB4.mp4,VALID,,,8
tkqalXOIXJA,/home/dipshikha/Music/cao/CISLR_v1.5-a_videos/tkqalXOIXJA.mp4,VALID,,,8
tm_qJX6hHFg,/home/dipshikha/Music/cao/CISLR_v1.5-a_videos/tm_qJX6hHFg.mp4,VALID,,,8
tnQmQCzJKfI,/home/dipshikha/Music/cao/CISLR_v1.5-a_videos/tnQmQCzJKfI.mp4,VALID,,,8
todyjVC_JTs,/home/dipshikha/Music/cao/CISLR_v1.5-a_videos/todyjVC_JTs.mp4,VALID,,,8
tq85NQ0vOkA,/home/dipshikha/Music/cao/CISLR_v1.5-a_videos/tq85NQ0vOkA.mp4,VALID,,,8
tr9YJUmvus8_1,/home/dipshikha/Music/cao/CISLR_v1.5-a_videos/tr9YJUmvus8_1.mp4,VALID,,,8
tt4b-WhpGQo,/home/dipshikha/Music/cao/CISLR_v1.5-a_videos/tt4b-WhpGQo.mp4,VALID,,,8
tuWWc-SdvF0_1,/home/dipshikha/Music/cao/CISLR_v1.5-a_videos/tuWWc-SdvF0_1.mp4,VALID,,,8
twc2FUfpUYs,/home/dipshikha/Music/cao/CISLR_v1.5-a_videos/twc2FUfpUYs.mp4,VALID,,,8
txywF-r9y2Q_1,/home/dipshikha/Music/cao/CISLR_v1.5-a_videos/txywF-r9y2Q_1.mp4,VALID,,,8
ty_tchoaG4Y_2,/home/dipshikha/Music/cao/CISLR_v1.5-a_videos/ty_tchoaG4Y_2.mp4,VALID,,,8
tzW3OXlSkNw_1,/home/dipshikha/Music/cao/CISLR_v1.5-a_videos/tzW3OXlSkNw_1.mp4,VALID,,,8
u0ztdPXq6mY_1,/home/dipshikha/Music/cao/CISLR_v1.5-a_videos/u0ztdPXq6mY_1.mp4,VALID,,,8
u1PuKrTDzdI,/home/dipshikha/Music/cao/CISLR_v1.5-a_videos/u1PuKrTDzdI.mp4,VALID,,,8
u2IcV4xxNSA,/home/dipshikha/Music/cao/CISLR_v1.5-a_videos/u2IcV4xxNSA.mp4,VALID,,,8
u2O5QPKSzGo,/home/dipshikha/Music/cao/CISLR_v1.5-a_videos/u2O5QPKSzGo.mp4,VALID,,,8
u2VLr8CRVGc_1,/home/dipshikha/Music/cao/CISLR_v1.5-a_videos/u2VLr8CRVGc_1.mp4,VALID,,,8
u2_aJhGSIpY_1,/home/dipshikha/Music/cao/CISLR_v1.5-a_videos/u2_aJhGSIpY_1.mp4,VALID,,,8
u3CQB1epJcM_1,/home/dipshikha/Music/cao/CISLR_v1.5-a_videos/u3CQB1epJcM_1.mp4,VALID,,,8
u4LSjLeQ1Xw,/home/dipshikha/Music/cao/CISLR_v1.5-a_videos/u4LSjLeQ1Xw.mp4,VALID,,,8
u6eoD3GXOZE,/home/dipshikha/Music/cao/CISLR_v1.5-a_videos/u6eoD3GXOZE.mp4,VALID,,,8
u7dV3wCpaqM,/home/dipshikha/Music/cao/CISLR_v1.5-a_videos/u7dV3wCpaqM.mp4,VALID,,,8
u7twaE6fj9s,/home/dipshikha/Music/cao/CISLR_v1.5-a_videos/u7twaE6fj9s.mp4,VALID,,,8
uBRoAycaSBM,/home/dipshikha/Music/cao/CISLR_v1.5-a_videos/uBRoAycaSBM.mp4,VALID,,,8
uBtYh10h6RU_1,/home/dipshikha/Music/cao/CISLR_v1.5-a_videos/uBtYh10h6RU_1.mp4,VALID,,,8
uDwYK-AccH0,/home/dipshikha/Music/cao/CISLR_v1.5-a_videos/uDwYK-AccH0.mp4,VALID,,,8
uE8YfF7bTGM,/home/dipshikha/Music/cao/CISLR_v1.5-a_videos/uE8YfF7bTGM.mp4,VALID,,,8
uEWef2ILEC8,/home/dipshikha/Music/cao/CISLR_v1.5-a_videos/uEWef2ILEC8.mp4,VALID,,,8
uEtH33ZDk_s_1,/home/dipshikha/Music/cao/CISLR_v1.5-a_videos/uEtH33ZDk_s_1.mp4,VALID,,,8
uHMNUWk8UAM,/home/dipshikha/Music/cao/CISLR_v1.5-a_videos/uHMNUWk8UAM.mp4,VALID,,,8
uHTklDGcEfw_1,/home/dipshikha/Music/cao/CISLR_v1.5-a_videos/uHTklDGcEfw_1.mp4,VALID,,,8
uIJEGc6U5iU,/home/dipshikha/Music/cao/CISLR_v1.5-a_videos/uIJEGc6U5iU.mp4,VALID,,,8
uK6EyYdjXtE_1,/home/dipshikha/Music/cao/CISLR_v1.5-a_videos/uK6EyYdjXtE_1.mp4,VALID,,,8
uK8G7-89HCI_1,/home/dipshikha/Music/cao/CISLR_v1.5-a_videos/uK8G7-89HCI_1.mp4,VALID,,,8
uKWcQt8U4lA,/home/dipshikha/Music/cao/CISLR_v1.5-a_videos/uKWcQt8U4lA.mp4,VALID,,,8
uOHx8MflCBQ_1,/home/dipshikha/Music/cao/CISLR_v1.5-a_videos/uOHx8MflCBQ_1.mp4,VALID,,,8
uOxGDdDq-Os_2,/home/dipshikha/Music/cao/CISLR_v1.5-a_videos/uOxGDdDq-Os_2.mp4,VALID,,,8
uPfJ7YCwEGQ_1,/home/dipshikha/Music/cao/CISLR_v1.5-a_videos/uPfJ7YCwEGQ_1.mp4,VALID,,,8
uQRHhIcXvEM,/home/dipshikha/Music/cao/CISLR_v1.5-a_videos/uQRHhIcXvEM.mp4,VALID,,,8
uRwmFRKMF58,/home/dipshikha/Music/cao/CISLR_v1.5-a_videos/uRwmFRKMF58.mp4,VALID,,,8
uU562ik7UXU_2,/home/dipshikha/Music/cao/CISLR_v1.5-a_videos/uU562ik7UXU_2.mp4,INVALID,frame_decode_failed,98,8
uVE9xX6fcp8_1,/home/dipshikha/Music/cao/CISLR_v1.5-a_videos/uVE9xX6fcp8_1.mp4,VALID,,,8
uZB4kRSkd_g,/home/dipshikha/Music/cao/CISLR_v1.5-a_videos/uZB4kRSkd_g.mp4,VALID,,,8
uZuvBINbAqo_1,/home/dipshikha/Music/cao/CISLR_v1.5-a_videos/uZuvBINbAqo_1.mp4,VALID,,,8
ubBmCChM6Ag,/home/dipshikha/Music/cao/CISLR_v1.5-a_videos/ubBmCChM6Ag.mp4,VALID,,,8
ueNkV6ktC4g_2,/home/dipshikha/Music/cao/CISLR_v1.5-a_videos/ueNkV6ktC4g_2.mp4,INVALID,frame_decode_failed,101,8
ueiJkNzXxzw,/home/dipshikha/Music/cao/CISLR_v1.5-a_videos/ueiJkNzXxzw.mp4,VALID,,,8
uek2JAfcUhk,/home/dipshikha/Music/cao/CISLR_v1.5-a_videos/uek2JAfcUhk.mp4,VALID,,,8
ufTWb8-_rGA,/home/dipshikha/Music/cao/CISLR_v1.5-a_videos/ufTWb8-_rGA.mp4,VALID,,,8
ui_ACRhp1jY,/home/dipshikha/Music/cao/CISLR_v1.5-a_videos/ui_ACRhp1jY.mp4,VALID,,,8
ulX1EaESaM4,/home/dipshikha/Music/cao/CISLR_v1.5-a_videos/ulX1EaESaM4.mp4,VALID,,,8
umCgstR_pg8,/home/dipshikha/Music/cao/CISLR_v1.5-a_videos/umCgstR_pg8.mp4,VALID,,,8
uohsAyKLTbI_1,/home/dipshikha/Music/cao/CISLR_v1.5-a_videos/uohsAyKLTbI_1.mp4,VALID,,,8
upAZkdtoF_Q,/home/dipshikha/Music/cao/CISLR_v1.5-a_videos/upAZkdtoF_Q.mp4,VALID,,,8
upRlxxQUZp8_1,/home/dipshikha/Music/cao/CISLR_v1.5-a_videos/upRlxxQUZp8_1.mp4,VALID,,,8
uqZJa7q4N5U,/home/dipshikha/Music/cao/CISLR_v1.5-a_videos/uqZJa7q4N5U.mp4,VALID,,,8
uqaIszhdKfc,/home/dipshikha/Music/cao/CISLR_v1.5-a_videos/uqaIszhdKfc.mp4,VALID,,,8
uqfvjaFYDQg,/home/dipshikha/Music/cao/CISLR_v1.5-a_videos/uqfvjaFYDQg.mp4,VALID,,,8
usqVbUoBfnE,/home/dipshikha/Music/cao/CISLR_v1.5-a_videos/usqVbUoBfnE.mp4,VALID,,,8
ut1NzAKHBXQ,/home/dipshikha/Music/cao/CISLR_v1.5-a_videos/ut1NzAKHBXQ.mp4,VALID,,,8
uu93d2sk9F0_2,/home/dipshikha/Music/cao/CISLR_v1.5-a_videos/uu93d2sk9F0_2.mp4,INVALID,frame_decode_failed,74,8
uvBjcE-mwC0,/home/dipshikha/Music/cao/CISLR_v1.5-a_videos/uvBjcE-mwC0.mp4,VALID,,,8
uvKTMTQqfu0,/home/dipshikha/Music/cao/CISLR_v1.5-a_videos/uvKTMTQqfu0.mp4,VALID,,,8
uw-zItX8w9g_1,/home/dipshikha/Music/cao/CISLR_v1.5-a_videos/uw-zItX8w9g_1.mp4,VALID,,,8
uwDxpyWDKEI,/home/dipshikha/Music/cao/CISLR_v1.5-a_videos/uwDxpyWDKEI.mp4,VALID,,,8
uyRfqa6Am-M_1,/home/dipshikha/Music/cao/CISLR_v1.5-a_videos/uyRfqa6Am-M_1.mp4,VALID,,,8
v0Ic3Von93I,/home/dipshikha/Music/cao/CISLR_v1.5-a_videos/v0Ic3Von93I.mp4,VALID,,,8
v0Rb3W378JA,/home/dipshikha/Music/cao/CISLR_v1.5-a_videos/v0Rb3W378JA.mp4,VALID,,,8
v1TI57zaJKw,/home/dipshikha/Music/cao/CISLR_v1.5-a_videos/v1TI57zaJKw.mp4,VALID,,,8
v2ak0hp1ZTw,/home/dipshikha/Music/cao/CISLR_v1.5-a_videos/v2ak0hp1ZTw.mp4,VALID,,,8
v2gPD7nTa0U_2,/home/dipshikha/Music/cao/CISLR_v1.5-a_videos/v2gPD7nTa0U_2.mp4,VALID,,,8
v2jaNOh-Rcc,/home/dipshikha/Music/cao/CISLR_v1.5-a_videos/v2jaNOh-Rcc.mp4,VALID,,,8
v4dtaEki4f8,/home/dipshikha/Music/cao/CISLR_v1.5-a_videos/v4dtaEki4f8.mp4,VALID,,,8
v5F3fOpfrBI,/home/dipshikha/Music/cao/CISLR_v1.5-a_videos/v5F3fOpfrBI.mp4,VALID,,,8
v8gTUo-ln6Q_1,/home/dipshikha/Music/cao/CISLR_v1.5-a_videos/v8gTUo-ln6Q_1.mp4,VALID,,,8
vAuu3hDoGhU_1,/home/dipshikha/Music/cao/CISLR_v1.5-a_videos/vAuu3hDoGhU_1.mp4,VALID,,,8
vBRmLg-XJZc_1,/home/dipshikha/Music/cao/CISLR_v1.5-a_videos/vBRmLg-XJZc_1.mp4,VALID,,,8
vBd0XrgKlCA,/home/dipshikha/Music/cao/CISLR_v1.5-a_videos/vBd0XrgKlCA.mp4,VALID,,,8
vDrReANaXZY_2,/home/dipshikha/Music/cao/CISLR_v1.5-a_videos/vDrReANaXZY_2.mp4,INVALID,frame_decode_failed,109,8
vEHf2s9hu20_2,/home/dipshikha/Music/cao/CISLR_v1.5-a_videos/vEHf2s9hu20_2.mp4,INVALID,frame_decode_failed,197,8
vFJOA9dR7Bw,/home/dipshikha/Music/cao/CISLR_v1.5-a_videos/vFJOA9dR7Bw.mp4,VALID,,,8
vFSdw3lE-5M,/home/dipshikha/Music/cao/CISLR_v1.5-a_videos/vFSdw3lE-5M.mp4,VALID,,,8
vFYN8jgOhb8,/home/dipshikha/Music/cao/CISLR_v1.5-a_videos/vFYN8jgOhb8.mp4,VALID,,,8
vFZMA4_VtAY,/home/dipshikha/Music/cao/CISLR_v1.5-a_videos/vFZMA4_VtAY.mp4,VALID,,,8
vFbghqf1jZg,/home/dipshikha/Music/cao/CISLR_v1.5-a_videos/vFbghqf1jZg.mp4,VALID,,,8
vLbvf0zEj5M,/home/dipshikha/Music/cao/CISLR_v1.5-a_videos/vLbvf0zEj5M.mp4,VALID,,,8
vM9tngFYH1c,/home/dipshikha/Music/cao/CISLR_v1.5-a_videos/vM9tngFYH1c.mp4,VALID,,,8
vOW-yOcVU80_2,/home/dipshikha/Music/cao/CISLR_v1.5-a_videos/vOW-yOcVU80_2.mp4,VALID,,,8
vPmpk0u_sls,/home/dipshikha/Music/cao/CISLR_v1.5-a_videos/vPmpk0u_sls.mp4,VALID,,,8
vS5fnczMHcA,/home/dipshikha/Music/cao/CISLR_v1.5-a_videos/vS5fnczMHcA.mp4,VALID,,,8
vSEUaTn35j4,/home/dipshikha/Music/cao/CISLR_v1.5-a_videos/vSEUaTn35j4.mp4,VALID,,,8
vSK-jsgpaXQ,/home/dipshikha/Music/cao/CISLR_v1.5-a_videos/vSK-jsgpaXQ.mp4,VALID,,,8
vTgiUguTQW0_2,/home/dipshikha/Music/cao/CISLR_v1.5-a_videos/vTgiUguTQW0_2.mp4,INVALID,frame_decode_failed,104,8
vV1FizHByPw,/home/dipshikha/Music/cao/CISLR_v1.5-a_videos/vV1FizHByPw.mp4,VALID,,,8
vVGXtFbW5RI_2,/home/dipshikha/Music/cao/CISLR_v1.5-a_videos/vVGXtFbW5RI_2.mp4,INVALID,frame_decode_failed,130,8
vVylNakRi6s,/home/dipshikha/Music/cao/CISLR_v1.5-a_videos/vVylNakRi6s.mp4,VALID,,,8
vYWosOoYH1U_1,/home/dipshikha/Music/cao/CISLR_v1.5-a_videos/vYWosOoYH1U_1.mp4,VALID,,,8
vZMGPJSJaFg,/home/dipshikha/Music/cao/CISLR_v1.5-a_videos/vZMGPJSJaFg.mp4,VALID,,,8
v_7Bg4-cPjg,/home/dipshikha/Music/cao/CISLR_v1.5-a_videos/v_7Bg4-cPjg.mp4,VALID,,,8
v_BzLSp7PLM,/home/dipshikha/Music/cao/CISLR_v1.5-a_videos/v_BzLSp7PLM.mp4,VALID,,,8
vasldMsoKDg_2,/home/dipshikha/Music/cao/CISLR_v1.5-a_videos/vasldMsoKDg_2.mp4,INVALID,frame_decode_failed,116,8
vawgyWPeIiM,/home/dipshikha/Music/cao/CISLR_v1.5-a_videos/vawgyWPeIiM.mp4,VALID,,,8
vbsNiOkm0BU,/home/dipshikha/Music/cao/CISLR_v1.5-a_videos/vbsNiOkm0BU.mp4,VALID,,,8
vdntxBdRdZg,/home/dipshikha/Music/cao/CISLR_v1.5-a_videos/vdntxBdRdZg.mp4,VALID,,,8
ve8zSDsdFzs,/home/dipshikha/Music/cao/CISLR_v1.5-a_videos/ve8zSDsdFzs.mp4,VALID,,,8
vesSu5AjSN4,/home/dipshikha/Music/cao/CISLR_v1.5-a_videos/vesSu5AjSN4.mp4,VALID,,,8
vgtE5_6_VD4,/home/dipshikha/Music/cao/CISLR_v1.5-a_videos/vgtE5_6_VD4.mp4,VALID,,,8
vhPLDKNYuEg_1,/home/dipshikha/Music/cao/CISLR_v1.5-a_videos/vhPLDKNYuEg_1.mp4,VALID,,,8
vhqQBxbUVy0_1,/home/dipshikha/Music/cao/CISLR_v1.5-a_videos/vhqQBxbUVy0_1.mp4,VALID,,,8
vj85ZSkQDVo,/home/dipshikha/Music/cao/CISLR_v1.5-a_videos/vj85ZSkQDVo.mp4,VALID,,,8
vmAkJRlUSzI_1,/home/dipshikha/Music/cao/CISLR_v1.5-a_videos/vmAkJRlUSzI_1.mp4,VALID,,,8
vqWFY4rbASg,/home/dipshikha/Music/cao/CISLR_v1.5-a_videos/vqWFY4rbASg.mp4,VALID,,,8
vvCzSnLu_4Q,/home/dipshikha/Music/cao/CISLR_v1.5-a_videos/vvCzSnLu_4Q.mp4,VALID,,,8
vvsfyFEY7lo,/home/dipshikha/Music/cao/CISLR_v1.5-a_videos/vvsfyFEY7lo.mp4,VALID,,,8
vwTIplMTPZA_2,/home/dipshikha/Music/cao/CISLR_v1.5-a_videos/vwTIplMTPZA_2.mp4,INVALID,frame_decode_failed,93,8
vwpHHohq8II,/home/dipshikha/Music/cao/CISLR_v1.5-a_videos/vwpHHohq8II.mp4,VALID,,,8
vycU4cMW3_U_1,/home/dipshikha/Music/cao/CISLR_v1.5-a_videos/vycU4cMW3_U_1.mp4,VALID,,,8
vyvFWSdT7V4_1,/home/dipshikha/Music/cao/CISLR_v1.5-a_videos/vyvFWSdT7V4_1.mp4,VALID,,,8
w0C2Lq7hMsQ,/home/dipshikha/Music/cao/CISLR_v1.5-a_videos/w0C2Lq7hMsQ.mp4,VALID,,,8
w2bUy2rPYPI,/home/dipshikha/Music/cao/CISLR_v1.5-a_videos/w2bUy2rPYPI.mp4,VALID,,,8
w49chg-Y92g,/home/dipshikha/Music/cao/CISLR_v1.5-a_videos/w49chg-Y92g.mp4,VALID,,,8
w5hHBBDrypI_1,/home/dipshikha/Music/cao/CISLR_v1.5-a_videos/w5hHBBDrypI_1.mp4,VALID,,,8
w87_PYaYQz4,/home/dipshikha/Music/cao/CISLR_v1.5-a_videos/w87_PYaYQz4.mp4,VALID,,,8
w9Jz12VoOYQ_1,/home/dipshikha/Music/cao/CISLR_v1.5-a_videos/w9Jz12VoOYQ_1.mp4,VALID,,,8
wC9iVMmSTeE_2,/home/dipshikha/Music/cao/CISLR_v1.5-a_videos/wC9iVMmSTeE_2.mp4,INVALID,frame_decode_failed,90,8
wEfxi8YvQLI,/home/dipshikha/Music/cao/CISLR_v1.5-a_videos/wEfxi8YvQLI.mp4,VALID,,,8
wHl7V93XdWA,/home/dipshikha/Music/cao/CISLR_v1.5-a_videos/wHl7V93XdWA.mp4,VALID,,,8
wJS3We_1ets_1,/home/dipshikha/Music/cao/CISLR_v1.5-a_videos/wJS3We_1ets_1.mp4,VALID,,,8
wK7Y3bBPwtI,/home/dipshikha/Music/cao/CISLR_v1.5-a_videos/wK7Y3bBPwtI.mp4,VALID,,,8
wKBVwR3BraE,/home/dipshikha/Music/cao/CISLR_v1.5-a_videos/wKBVwR3BraE.mp4,VALID,,,8
wKDAEDyBAY0,/home/dipshikha/Music/cao/CISLR_v1.5-a_videos/wKDAEDyBAY0.mp4,VALID,,,8
wKzWwmm8bgE,/home/dipshikha/Music/cao/CISLR_v1.5-a_videos/wKzWwmm8bgE.mp4,VALID,,,8
wOwsXFMF1aA,/home/dipshikha/Music/cao/CISLR_v1.5-a_videos/wOwsXFMF1aA.mp4,VALID,,,8
wPkxTCa_Dj4_1,/home/dipshikha/Music/cao/CISLR_v1.5-a_videos/wPkxTCa_Dj4_1.mp4,VALID,,,8
wQ5nwBznVk8_1,/home/dipshikha/Music/cao/CISLR_v1.5-a_videos/wQ5nwBznVk8_1.mp4,VALID,,,8
wRjTHPy0jes,/home/dipshikha/Music/cao/CISLR_v1.5-a_videos/wRjTHPy0jes.mp4,VALID,,,8
wX-5GS2Om7k,/home/dipshikha/Music/cao/CISLR_v1.5-a_videos/wX-5GS2Om7k.mp4,VALID,,,8
wZBe3IUlYLo,/home/dipshikha/Music/cao/CISLR_v1.5-a_videos/wZBe3IUlYLo.mp4,VALID,,,8
wZYbp0lRGhU,/home/dipshikha/Music/cao/CISLR_v1.5-a_videos/wZYbp0lRGhU.mp4,VALID,,,8
wZeZ2Hr8VEg_1,/home/dipshikha/Music/cao/CISLR_v1.5-a_videos/wZeZ2Hr8VEg_1.mp4,VALID,,,8
wa6VGunvMoo,/home/dipshikha/Music/cao/CISLR_v1.5-a_videos/wa6VGunvMoo.mp4,VALID,,,8
wcG4jvqJVDc_1,/home/dipshikha/Music/cao/CISLR_v1.5-a_videos/wcG4jvqJVDc_1.mp4,VALID,,,8
wcvifjsKYo0_2,/home/dipshikha/Music/cao/CISLR_v1.5-a_videos/wcvifjsKYo0_2.mp4,INVALID,frame_decode_failed,138,8
wf5rLp6YTCQ_1,/home/dipshikha/Music/cao/CISLR_v1.5-a_videos/wf5rLp6YTCQ_1.mp4,VALID,,,8
wgb8ncghBN4_2,/home/dipshikha/Music/cao/CISLR_v1.5-a_videos/wgb8ncghBN4_2.mp4,INVALID,frame_decode_failed,107,8
whLOS_LCl9U,/home/dipshikha/Music/cao/CISLR_v1.5-a_videos/whLOS_LCl9U.mp4,VALID,,,8
whkRlb-0s94_1,/home/dipshikha/Music/cao/CISLR_v1.5-a_videos/whkRlb-0s94_1.mp4,VALID,,,8
wi-dI81iYSY_1,/home/dipshikha/Music/cao/CISLR_v1.5-a_videos/wi-dI81iYSY_1.mp4,VALID,,,8
wku-gtLtQyI_1,/home/dipshikha/Music/cao/CISLR_v1.5-a_videos/wku-gtLtQyI_1.mp4,VALID,,,8
wlPKT6teWGk_1,/home/dipshikha/Music/cao/CISLR_v1.5-a_videos/wlPKT6teWGk_1.mp4,VALID,,,8
wnhTdzfceXA_1,/home/dipshikha/Music/cao/CISLR_v1.5-a_videos/wnhTdzfceXA_1.mp4,VALID,,,8
woQgNTk9IIE,/home/dipshikha/Music/cao/CISLR_v1.5-a_videos/woQgNTk9IIE.mp4,VALID,,,8
wpmDoeOl2qY,/home/dipshikha/Music/cao/CISLR_v1.5-a_videos/wpmDoeOl2qY.mp4,VALID,,,8
wq4yQ4OdJ5U_2,/home/dipshikha/Music/cao/CISLR_v1.5-a_videos/wq4yQ4OdJ5U_2.mp4,VALID,,,8
wru3RdDTafg,/home/dipshikha/Music/cao/CISLR_v1.5-a_videos/wru3RdDTafg.mp4,VALID,,,8
wsRNKesle6I_1,/home/dipshikha/Music/cao/CISLR_v1.5-a_videos/wsRNKesle6I_1.mp4,VALID,,,8
wsWElJBdZcA,/home/dipshikha/Music/cao/CISLR_v1.5-a_videos/wsWElJBdZcA.mp4,VALID,,,8
wsXbxNK7ROM_2,/home/dipshikha/Music/cao/CISLR_v1.5-a_videos/wsXbxNK7ROM_2.mp4,VALID,,,8
wsy4LqAJq8E_1,/home/dipshikha/Music/cao/CISLR_v1.5-a_videos/wsy4LqAJq8E_1.mp4,VALID,,,8
wtXCZaGIQsk,/home/dipshikha/Music/cao/CISLR_v1.5-a_videos/wtXCZaGIQsk.mp4,VALID,,,8
wu_tcc63EjM_2,/home/dipshikha/Music/cao/CISLR_v1.5-a_videos/wu_tcc63EjM_2.mp4,VALID,,,8
wwTa3v_SLew,/home/dipshikha/Music/cao/CISLR_v1.5-a_videos/wwTa3v_SLew.mp4,VALID,,,8
wwVkDiHS9FM_1,/home/dipshikha/Music/cao/CISLR_v1.5-a_videos/wwVkDiHS9FM_1.mp4,VALID,,,8
wwf3PXeSfsg_1,/home/dipshikha/Music/cao/CISLR_v1.5-a_videos/wwf3PXeSfsg_1.mp4,VALID,,,8
wxH6fMp_1PY_1,/home/dipshikha/Music/cao/CISLR_v1.5-a_videos/wxH6fMp_1PY_1.mp4,VALID,,,8
wyDi2hGYZmg,/home/dipshikha/Music/cao/CISLR_v1.5-a_videos/wyDi2hGYZmg.mp4,VALID,,,8
wyq5UGADJrw_1,/home/dipshikha/Music/cao/CISLR_v1.5-a_videos/wyq5UGADJrw_1.mp4,VALID,,,8
wyu_qsxDouM_1,/home/dipshikha/Music/cao/CISLR_v1.5-a_videos/wyu_qsxDouM_1.mp4,VALID,,,8
x-Bc7ssevU8,/home/dipshikha/Music/cao/CISLR_v1.5-a_videos/x-Bc7ssevU8.mp4,VALID,,,8
x-anjlR2rMc,/home/dipshikha/Music/cao/CISLR_v1.5-a_videos/x-anjlR2rMc.mp4,VALID,,,8
x-lubm0ha08,/home/dipshikha/Music/cao/CISLR_v1.5-a_videos/x-lubm0ha08.mp4,VALID,,,8
x2fCZCCqh3E_1,/home/dipshikha/Music/cao/CISLR_v1.5-a_videos/x2fCZCCqh3E_1.mp4,VALID,,,8
x3H9ltkR_vM,/home/dipshikha/Music/cao/CISLR_v1.5-a_videos/x3H9ltkR_vM.mp4,VALID,,,8
x3JBmtirJQ0_1,/home/dipshikha/Music/cao/CISLR_v1.5-a_videos/x3JBmtirJQ0_1.mp4,VALID,,,8
x3WXPajc1UQ,/home/dipshikha/Music/cao/CISLR_v1.5-a_videos/x3WXPajc1UQ.mp4,VALID,,,8
x3nuREvEwis,/home/dipshikha/Music/cao/CISLR_v1.5-a_videos/x3nuREvEwis.mp4,VALID,,,8
x4I6cO9p77Y_1,/home/dipshikha/Music/cao/CISLR_v1.5-a_videos/x4I6cO9p77Y_1.mp4,VALID,,,8
x77fC4-wJ8c,/home/dipshikha/Music/cao/CISLR_v1.5-a_videos/x77fC4-wJ8c.mp4,VALID,,,8
xBLGhif1BWI,/home/dipshikha/Music/cao/CISLR_v1.5-a_videos/xBLGhif1BWI.mp4,VALID,,,8
xBvqQ50Vlcg_1,/home/dipshikha/Music/cao/CISLR_v1.5-a_videos/xBvqQ50Vlcg_1.mp4,VALID,,,8
xBwnNDnOPGM,/home/dipshikha/Music/cao/CISLR_v1.5-a_videos/xBwnNDnOPGM.mp4,VALID,,,8
xD3S5OUhSRs,/home/dipshikha/Music/cao/CISLR_v1.5-a_videos/xD3S5OUhSRs.mp4,VALID,,,8
xDFgS6-OSkY,/home/dipshikha/Music/cao/CISLR_v1.5-a_videos/xDFgS6-OSkY.mp4,VALID,,,8
xEKHtFeWzSM_2,/home/dipshikha/Music/cao/CISLR_v1.5-a_videos/xEKHtFeWzSM_2.mp4,INVALID,frame_decode_failed,96,8
xEUbXwWImbc_1,/home/dipshikha/Music/cao/CISLR_v1.5-a_videos/xEUbXwWImbc_1.mp4,VALID,,,8
xFB6kz5WkvA_1,/home/dipshikha/Music/cao/CISLR_v1.5-a_videos/xFB6kz5WkvA_1.mp4,VALID,,,8
xGmkipo2jsM_1,/home/dipshikha/Music/cao/CISLR_v1.5-a_videos/xGmkipo2jsM_1.mp4,VALID,,,8
xH84YCP65HE,/home/dipshikha/Music/cao/CISLR_v1.5-a_videos/xH84YCP65HE.mp4,VALID,,,8
xHgqrgu0NB0,/home/dipshikha/Music/cao/CISLR_v1.5-a_videos/xHgqrgu0NB0.mp4,VALID,,,8
xL-DC_wV5_E_1,/home/dipshikha/Music/cao/CISLR_v1.5-a_videos/xL-DC_wV5_E_1.mp4,VALID,,,8
xLWzYC5VgPA_2,/home/dipshikha/Music/cao/CISLR_v1.5-a_videos/xLWzYC5VgPA_2.mp4,INVALID,frame_decode_failed,144,8
xMvpodrz6dM,/home/dipshikha/Music/cao/CISLR_v1.5-a_videos/xMvpodrz6dM.mp4,VALID,,,8
xND6JDuQ05A_1,/home/dipshikha/Music/cao/CISLR_v1.5-a_videos/xND6JDuQ05A_1.mp4,VALID,,,8
xOxrAcyAcII,/home/dipshikha/Music/cao/CISLR_v1.5-a_videos/xOxrAcyAcII.mp4,VALID,,,8
xPkil4VFr0A,/home/dipshikha/Music/cao/CISLR_v1.5-a_videos/xPkil4VFr0A.mp4,VALID,,,8
xQ24Y6Y7wvE_1,/home/dipshikha/Music/cao/CISLR_v1.5-a_videos/xQ24Y6Y7wvE_1.mp4,VALID,,,8
xQIXN-eQZ7I,/home/dipshikha/Music/cao/CISLR_v1.5-a_videos/xQIXN-eQZ7I.mp4,VALID,,,8
xQgu-lCEmO4_2,/home/dipshikha/Music/cao/CISLR_v1.5-a_videos/xQgu-lCEmO4_2.mp4,INVALID,frame_decode_failed,156,8
xS2EEES-n8I_1,/home/dipshikha/Music/cao/CISLR_v1.5-a_videos/xS2EEES-n8I_1.mp4,VALID,,,8
xSAoWBeLvfo,/home/dipshikha/Music/cao/CISLR_v1.5-a_videos/xSAoWBeLvfo.mp4,VALID,,,8
xTQHYVNuH2I,/home/dipshikha/Music/cao/CISLR_v1.5-a_videos/xTQHYVNuH2I.mp4,VALID,,,8
xTu2lteTqAY,/home/dipshikha/Music/cao/CISLR_v1.5-a_videos/xTu2lteTqAY.mp4,VALID,,,8
xVCIBUlDlkE_1,/home/dipshikha/Music/cao/CISLR_v1.5-a_videos/xVCIBUlDlkE_1.mp4,VALID,,,8
xVgr78Og8o8_1,/home/dipshikha/Music/cao/CISLR_v1.5-a_videos/xVgr78Og8o8_1.mp4,VALID,,,8
xVuM_WPsOB8_1,/home/dipshikha/Music/cao/CISLR_v1.5-a_videos/xVuM_WPsOB8_1.mp4,VALID,,,8
xWlgNHh5ino,/home/dipshikha/Music/cao/CISLR_v1.5-a_videos/xWlgNHh5ino.mp4,VALID,,,8
xYWHiCUuoi4_1,/home/dipshikha/Music/cao/CISLR_v1.5-a_videos/xYWHiCUuoi4_1.mp4,VALID,,,8
xZUbYeF9fkI_1,/home/dipshikha/Music/cao/CISLR_v1.5-a_videos/xZUbYeF9fkI_1.mp4,VALID,,,8
xbBwbQ6AZv4,/home/dipshikha/Music/cao/CISLR_v1.5-a_videos/xbBwbQ6AZv4.mp4,VALID,,,8
xbw9Df1DFa8_1,/home/dipshikha/Music/cao/CISLR_v1.5-a_videos/xbw9Df1DFa8_1.mp4,VALID,,,8
xcL50crTgMs,/home/dipshikha/Music/cao/CISLR_v1.5-a_videos/xcL50crTgMs.mp4,VALID,,,8
xcd8lsPxlP4_1,/home/dipshikha/Music/cao/CISLR_v1.5-a_videos/xcd8lsPxlP4_1.mp4,VALID,,,8
xeYJvtWDsnA,/home/dipshikha/Music/cao/CISLR_v1.5-a_videos/xeYJvtWDsnA.mp4,VALID,,,8
xfKR5ftbHKg_1,/home/dipshikha/Music/cao/CISLR_v1.5-a_videos/xfKR5ftbHKg_1.mp4,VALID,,,8
xgKs0R0K6M4,/home/dipshikha/Music/cao/CISLR_v1.5-a_videos/xgKs0R0K6M4.mp4,VALID,,,8
xgtcWuX0mdU_2,/home/dipshikha/Music/cao/CISLR_v1.5-a_videos/xgtcWuX0mdU_2.mp4,INVALID,frame_decode_failed,77,8
xiUZYUTW660_1,/home/dipshikha/Music/cao/CISLR_v1.5-a_videos/xiUZYUTW660_1.mp4,VALID,,,8
xj41dOgAdK8_1,/home/dipshikha/Music/cao/CISLR_v1.5-a_videos/xj41dOgAdK8_1.mp4,VALID,,,8
xjCStYhMoBE,/home/dipshikha/Music/cao/CISLR_v1.5-a_videos/xjCStYhMoBE.mp4,VALID,,,8
xm1ZPkvHnL8_1,/home/dipshikha/Music/cao/CISLR_v1.5-a_videos/xm1ZPkvHnL8_1.mp4,VALID,,,8
xoSQfP-1A-c,/home/dipshikha/Music/cao/CISLR_v1.5-a_videos/xoSQfP-1A-c.mp4,VALID,,,8
xoqqrOjlpD8_1,/home/dipshikha/Music/cao/CISLR_v1.5-a_videos/xoqqrOjlpD8_1.mp4,VALID,,,8
xpy5egrPAZ0,/home/dipshikha/Music/cao/CISLR_v1.5-a_videos/xpy5egrPAZ0.mp4,VALID,,,8
xtolpEBm2ro,/home/dipshikha/Music/cao/CISLR_v1.5-a_videos/xtolpEBm2ro.mp4,VALID,,,8
xuh2imuKrI0,/home/dipshikha/Music/cao/CISLR_v1.5-a_videos/xuh2imuKrI0.mp4,VALID,,,8
xwhBXEev13o_1,/home/dipshikha/Music/cao/CISLR_v1.5-a_videos/xwhBXEev13o_1.mp4,VALID,,,8
xwn7XQRbQnc_2,/home/dipshikha/Music/cao/CISLR_v1.5-a_videos/xwn7XQRbQnc_2.mp4,INVALID,frame_decode_failed,136,8
xx6t3kFyJuo,/home/dipshikha/Music/cao/CISLR_v1.5-a_videos/xx6t3kFyJuo.mp4,VALID,,,8
xzu_Y3NfigY,/home/dipshikha/Music/cao/CISLR_v1.5-a_videos/xzu_Y3NfigY.mp4,VALID,,,8
y-bSGi85wc0,/home/dipshikha/Music/cao/CISLR_v1.5-a_videos/y-bSGi85wc0.mp4,VALID,,,8
y-rA7UuFbVM,/home/dipshikha/Music/cao/CISLR_v1.5-a_videos/y-rA7UuFbVM.mp4,VALID,,,8
y0Qqh0iQ4HU_2,/home/dipshikha/Music/cao/CISLR_v1.5-a_videos/y0Qqh0iQ4HU_2.mp4,INVALID,frame_decode_failed,123,8
y1hvKgvxm5Q,/home/dipshikha/Music/cao/CISLR_v1.5-a_videos/y1hvKgvxm5Q.mp4,VALID,,,8
y4CEIJJVt64,/home/dipshikha/Music/cao/CISLR_v1.5-a_videos/y4CEIJJVt64.mp4,VALID,,,8
y6Y7pN0nzX8_1,/home/dipshikha/Music/cao/CISLR_v1.5-a_videos/y6Y7pN0nzX8_1.mp4,VALID,,,8
y78hQDvKB_M,/home/dipshikha/Music/cao/CISLR_v1.5-a_videos/y78hQDvKB_M.mp4,VALID,,,8
y89shn98vQo_2,/home/dipshikha/Music/cao/CISLR_v1.5-a_videos/y89shn98vQo_2.mp4,INVALID,frame_decode_failed,99,8
y8OT5FWMEl8_2,/home/dipshikha/Music/cao/CISLR_v1.5-a_videos/y8OT5FWMEl8_2.mp4,INVALID,frame_decode_failed,131,8
y938xCsUbpo,/home/dipshikha/Music/cao/CISLR_v1.5-a_videos/y938xCsUbpo.mp4,VALID,,,8
y9c93mGmbHc_1,/home/dipshikha/Music/cao/CISLR_v1.5-a_videos/y9c93mGmbHc_1.mp4,VALID,,,8
yBcTyoUaFYU_1,/home/dipshikha/Music/cao/CISLR_v1.5-a_videos/yBcTyoUaFYU_1.mp4,VALID,,,8
yBu6pCi5gag,/home/dipshikha/Music/cao/CISLR_v1.5-a_videos/yBu6pCi5gag.mp4,VALID,,,8
yD9wwZmkJlw,/home/dipshikha/Music/cao/CISLR_v1.5-a_videos/yD9wwZmkJlw.mp4,VALID,,,8
yEId-2X8Fpw_1,/home/dipshikha/Music/cao/CISLR_v1.5-a_videos/yEId-2X8Fpw_1.mp4,VALID,,,8
yG1xsd6JyfA,/home/dipshikha/Music/cao/CISLR_v1.5-a_videos/yG1xsd6JyfA.mp4,VALID,,,8
yHBEcGgShh4,/home/dipshikha/Music/cao/CISLR_v1.5-a_videos/yHBEcGgShh4.mp4,VALID,,,8
yHWecq-Xzdc_1,/home/dipshikha/Music/cao/CISLR_v1.5-a_videos/yHWecq-Xzdc_1.mp4,VALID,,,8
yHfQFast5r0_1,/home/dipshikha/Music/cao/CISLR_v1.5-a_videos/yHfQFast5r0_1.mp4,VALID,,,8
yHgMtQOPid4_1,/home/dipshikha/Music/cao/CISLR_v1.5-a_videos/yHgMtQOPid4_1.mp4,VALID,,,8
yHnry-jqo3E_1,/home/dipshikha/Music/cao/CISLR_v1.5-a_videos/yHnry-jqo3E_1.mp4,VALID,,,8
yI2JracrYZs_1,/home/dipshikha/Music/cao/CISLR_v1.5-a_videos/yI2JracrYZs_1.mp4,VALID,,,8
yK14YhUwajU,/home/dipshikha/Music/cao/CISLR_v1.5-a_videos/yK14YhUwajU.mp4,VALID,,,8
yK2We-yP8MA,/home/dipshikha/Music/cao/CISLR_v1.5-a_videos/yK2We-yP8MA.mp4,VALID,,,8
yLSyQAouIYw,/home/dipshikha/Music/cao/CISLR_v1.5-a_videos/yLSyQAouIYw.mp4,VALID,,,8
yLnePZ71izk,/home/dipshikha/Music/cao/CISLR_v1.5-a_videos/yLnePZ71izk.mp4,VALID,,,8
yLpc_-hWZAA,/home/dipshikha/Music/cao/CISLR_v1.5-a_videos/yLpc_-hWZAA.mp4,VALID,,,8
yLphnfhAV_o,/home/dipshikha/Music/cao/CISLR_v1.5-a_videos/yLphnfhAV_o.mp4,VALID,,,8
yMNGS-VZZj4,/home/dipshikha/Music/cao/CISLR_v1.5-a_videos/yMNGS-VZZj4.mp4,VALID,,,8
yN_t_vc97fI_1,/home/dipshikha/Music/cao/CISLR_v1.5-a_videos/yN_t_vc97fI_1.mp4,VALID,,,8
yOTZBisOdZs_1,/home/dipshikha/Music/cao/CISLR_v1.5-a_videos/yOTZBisOdZs_1.mp4,VALID,,,8
yOkZgJliKfo_1,/home/dipshikha/Music/cao/CISLR_v1.5-a_videos/yOkZgJliKfo_1.mp4,VALID,,,8
yQ1BONWNLrE,/home/dipshikha/Music/cao/CISLR_v1.5-a_videos/yQ1BONWNLrE.mp4,VALID,,,8
yRoamy-gOgY,/home/dipshikha/Music/cao/CISLR_v1.5-a_videos/yRoamy-gOgY.mp4,VALID,,,8
yS4sjP4C-ko,/home/dipshikha/Music/cao/CISLR_v1.5-a_videos/yS4sjP4C-ko.mp4,VALID,,,8
ySSixQMf7is,/home/dipshikha/Music/cao/CISLR_v1.5-a_videos/ySSixQMf7is.mp4,VALID,,,8
yTmK54y80bs,/home/dipshikha/Music/cao/CISLR_v1.5-a_videos/yTmK54y80bs.mp4,VALID,,,8
yUHZhwPUfRk_1,/home/dipshikha/Music/cao/CISLR_v1.5-a_videos/yUHZhwPUfRk_1.mp4,VALID,,,8
yVGctxtkXqA,/home/dipshikha/Music/cao/CISLR_v1.5-a_videos/yVGctxtkXqA.mp4,VALID,,,8
yVNuNrwFZ1c_2,/home/dipshikha/Music/cao/CISLR_v1.5-a_videos/yVNuNrwFZ1c_2.mp4,INVALID,frame_decode_failed,130,8
yVj4srfLfSc,/home/dipshikha/Music/cao/CISLR_v1.5-a_videos/yVj4srfLfSc.mp4,VALID,,,8
yW6uqjLFKgU_2,/home/dipshikha/Music/cao/CISLR_v1.5-a_videos/yW6uqjLFKgU_2.mp4,VALID,,,8
yXrES1RSoV8,/home/dipshikha/Music/cao/CISLR_v1.5-a_videos/yXrES1RSoV8.mp4,VALID,,,8
yYJBee_uP-A_1,/home/dipshikha/Music/cao/CISLR_v1.5-a_videos/yYJBee_uP-A_1.mp4,VALID,,,8
yYXL6MOhLUo,/home/dipshikha/Music/cao/CISLR_v1.5-a_videos/yYXL6MOhLUo.mp4,VALID,,,8
yYf_JyfDvLU,/home/dipshikha/Music/cao/CISLR_v1.5-a_videos/yYf_JyfDvLU.mp4,VALID,,,8
yYgwZxLlykw_1,/home/dipshikha/Music/cao/CISLR_v1.5-a_videos/yYgwZxLlykw_1.mp4,VALID,,,8
yYn7-CCwLkM_1,/home/dipshikha/Music/cao/CISLR_v1.5-a_videos/yYn7-CCwLkM_1.mp4,VALID,,,8
yZ6LzjeoTsY,/home/dipshikha/Music/cao/CISLR_v1.5-a_videos/yZ6LzjeoTsY.mp4,VALID,,,8
y_q_egfFoq0,/home/dipshikha/Music/cao/CISLR_v1.5-a_videos/y_q_egfFoq0.mp4,VALID,,,8
yeArkcTSTdw_1,/home/dipshikha/Music/cao/CISLR_v1.5-a_videos/yeArkcTSTdw_1.mp4,VALID,,,8
yffUIRSERd0_2,/home/dipshikha/Music/cao/CISLR_v1.5-a_videos/yffUIRSERd0_2.mp4,INVALID,frame_decode_failed,128,8
yftcPJvbkhg,/home/dipshikha/Music/cao/CISLR_v1.5-a_videos/yftcPJvbkhg.mp4,VALID,,,8
yi14hGwVzKM,/home/dipshikha/Music/cao/CISLR_v1.5-a_videos/yi14hGwVzKM.mp4,VALID,,,8
yiVSKw0srMA,/home/dipshikha/Music/cao/CISLR_v1.5-a_videos/yiVSKw0srMA.mp4,VALID,,,8
yjFM1hV0hy8_1,/home/dipshikha/Music/cao/CISLR_v1.5-a_videos/yjFM1hV0hy8_1.mp4,VALID,,,8
ylCAApFrP88,/home/dipshikha/Music/cao/CISLR_v1.5-a_videos/ylCAApFrP88.mp4,VALID,,,8
ym0KmkKQBW0_2,/home/dipshikha/Music/cao/CISLR_v1.5-a_videos/ym0KmkKQBW0_2.mp4,INVALID,frame_decode_failed,128,8
ym9Nx-zkmEM,/home/dipshikha/Music/cao/CISLR_v1.5-a_videos/ym9Nx-zkmEM.mp4,VALID,,,8
ynTx1KLLvng_1,/home/dipshikha/Music/cao/CISLR_v1.5-a_videos/ynTx1KLLvng_1.mp4,VALID,,,8
ynZd-HeXGnc,/home/dipshikha/Music/cao/CISLR_v1.5-a_videos/ynZd-HeXGnc.mp4,VALID,,,8
yo9-6O8jNXQ_1,/home/dipshikha/Music/cao/CISLR_v1.5-a_videos/yo9-6O8jNXQ_1.mp4,VALID,,,8
yoG_mrM8Hg8,/home/dipshikha/Music/cao/CISLR_v1.5-a_videos/yoG_mrM8Hg8.mp4,VALID,,,8
ypWkhczB2tY,/home/dipshikha/Music/cao/CISLR_v1.5-a_videos/ypWkhczB2tY.mp4,VALID,,,8
yr0Mkvkfmi8_2,/home/dipshikha/Music/cao/CISLR_v1.5-a_videos/yr0Mkvkfmi8_2.mp4,INVALID,frame_decode_failed,124,8
ytA5JcAmS48,/home/dipshikha/Music/cao/CISLR_v1.5-a_videos/ytA5JcAmS48.mp4,VALID,,,8
yuJ6ZBt0MBw,/home/dipshikha/Music/cao/CISLR_v1.5-a_videos/yuJ6ZBt0MBw.mp4,VALID,,,8
yv3O0xFD6O8,/home/dipshikha/Music/cao/CISLR_v1.5-a_videos/yv3O0xFD6O8.mp4,VALID,,,8
ywSGE7YCdCM_1,/home/dipshikha/Music/cao/CISLR_v1.5-a_videos/ywSGE7YCdCM_1.mp4,VALID,,,8
yylUDwKKvxY,/home/dipshikha/Music/cao/CISLR_v1.5-a_videos/yylUDwKKvxY.mp4,VALID,,,8
yymmblO1-8U_1,/home/dipshikha/Music/cao/CISLR_v1.5-a_videos/yymmblO1-8U_1.mp4,VALID,,,8
z-ke4RyMx_w,/home/dipshikha/Music/cao/CISLR_v1.5-a_videos/z-ke4RyMx_w.mp4,VALID,,,8
z-uZFPcqtcQ,/home/dipshikha/Music/cao/CISLR_v1.5-a_videos/z-uZFPcqtcQ.mp4,VALID,,,8
z1X_LnA8wRE_1,/home/dipshikha/Music/cao/CISLR_v1.5-a_videos/z1X_LnA8wRE_1.mp4,VALID,,,8
z2uEKj1aWd4,/home/dipshikha/Music/cao/CISLR_v1.5-a_videos/z2uEKj1aWd4.mp4,VALID,,,8
z3iLB12a_O4,/home/dipshikha/Music/cao/CISLR_v1.5-a_videos/z3iLB12a_O4.mp4,VALID,,,8
z5qHAG8YSrE,/home/dipshikha/Music/cao/CISLR_v1.5-a_videos/z5qHAG8YSrE.mp4,VALID,,,8
z6Y6UJn7Mr8_1,/home/dipshikha/Music/cao/CISLR_v1.5-a_videos/z6Y6UJn7Mr8_1.mp4,VALID,,,8
z8Yx1NXXgYM_1,/home/dipshikha/Music/cao/CISLR_v1.5-a_videos/z8Yx1NXXgYM_1.mp4,VALID,,,8
z8d961aDuUA_1,/home/dipshikha/Music/cao/CISLR_v1.5-a_videos/z8d961aDuUA_1.mp4,VALID,,,8
z9fE3-r78UE,/home/dipshikha/Music/cao/CISLR_v1.5-a_videos/z9fE3-r78UE.mp4,VALID,,,8
zCAa4hAv2AY,/home/dipshikha/Music/cao/CISLR_v1.5-a_videos/zCAa4hAv2AY.mp4,VALID,,,8
zCRxd9PBDXY_1,/home/dipshikha/Music/cao/CISLR_v1.5-a_videos/zCRxd9PBDXY_1.mp4,VALID,,,8
zEhEGpPHGLE,/home/dipshikha/Music/cao/CISLR_v1.5-a_videos/zEhEGpPHGLE.mp4,VALID,,,8
zEpIbqDKEh8,/home/dipshikha/Music/cao/CISLR_v1.5-a_videos/zEpIbqDKEh8.mp4,VALID,,,8
zEv81qWK7yQ_1,/home/dipshikha/Music/cao/CISLR_v1.5-a_videos/zEv81qWK7yQ_1.mp4,VALID,,,8
zFykwvdCws8_1,/home/dipshikha/Music/cao/CISLR_v1.5-a_videos/zFykwvdCws8_1.mp4,VALID,,,8
zG_P--gEuOU_2,/home/dipshikha/Music/cao/CISLR_v1.5-a_videos/zG_P--gEuOU_2.mp4,INVALID,frame_decode_failed,73,8
zHuGuas_2f8,/home/dipshikha/Music/cao/CISLR_v1.5-a_videos/zHuGuas_2f8.mp4,VALID,,,8
zJRmEhzjtco,/home/dipshikha/Music/cao/CISLR_v1.5-a_videos/zJRmEhzjtco.mp4,VALID,,,8
zLxJPYBRIEM,/home/dipshikha/Music/cao/CISLR_v1.5-a_videos/zLxJPYBRIEM.mp4,VALID,,,8
zMSTQmwzW_s_1,/home/dipshikha/Music/cao/CISLR_v1.5-a_videos/zMSTQmwzW_s_1.mp4,VALID,,,8
zMVhZxmiK-s,/home/dipshikha/Music/cao/CISLR_v1.5-a_videos/zMVhZxmiK-s.mp4,VALID,,,8
zRAHq3wDY8A_1,/home/dipshikha/Music/cao/CISLR_v1.5-a_videos/zRAHq3wDY8A_1.mp4,VALID,,,8
zSXKZb2Frqc_1,/home/dipshikha/Music/cao/CISLR_v1.5-a_videos/zSXKZb2Frqc_1.mp4,VALID,,,8
zTxivCXMjdU_2,/home/dipshikha/Music/cao/CISLR_v1.5-a_videos/zTxivCXMjdU_2.mp4,VALID,,,8
zU-UAPxXzjU,/home/dipshikha/Music/cao/CISLR_v1.5-a_videos/zU-UAPxXzjU.mp4,VALID,,,8
zUFDbkEtC_E_2,/home/dipshikha/Music/cao/CISLR_v1.5-a_videos/zUFDbkEtC_E_2.mp4,INVALID,frame_decode_failed,173,8
zUzBN5DY_3A,/home/dipshikha/Music/cao/CISLR_v1.5-a_videos/zUzBN5DY_3A.mp4,VALID,,,8
zWdWqozClE4,/home/dipshikha/Music/cao/CISLR_v1.5-a_videos/zWdWqozClE4.mp4,VALID,,,8
zYuR7aEr3SI_2,/home/dipshikha/Music/cao/CISLR_v1.5-a_videos/zYuR7aEr3SI_2.mp4,INVALID,frame_decode_failed,109,8
zZdJ4ZLnw2U,/home/dipshikha/Music/cao/CISLR_v1.5-a_videos/zZdJ4ZLnw2U.mp4,VALID,,,8
z_736hEJX_M,/home/dipshikha/Music/cao/CISLR_v1.5-a_videos/z_736hEJX_M.mp4,VALID,,,8
zajXjC-yusI_2,/home/dipshikha/Music/cao/CISLR_v1.5-a_videos/zajXjC-yusI_2.mp4,INVALID,frame_decode_failed,92,8
zaxDTYvEeZw_2,/home/dipshikha/Music/cao/CISLR_v1.5-a_videos/zaxDTYvEeZw_2.mp4,VALID,,,8
zc7cBfgwiyI_1,/home/dipshikha/Music/cao/CISLR_v1.5-a_videos/zc7cBfgwiyI_1.mp4,VALID,,,8
zdGKXf_2HFA,/home/dipshikha/Music/cao/CISLR_v1.5-a_videos/zdGKXf_2HFA.mp4,VALID,,,8
zdZNbKoJejY_1,/home/dipshikha/Music/cao/CISLR_v1.5-a_videos/zdZNbKoJejY_1.mp4,VALID,,,8
zgJBDuqbPHM,/home/dipshikha/Music/cao/CISLR_v1.5-a_videos/zgJBDuqbPHM.mp4,VALID,,,8
zgQAKKtXOZY,/home/dipshikha/Music/cao/CISLR_v1.5-a_videos/zgQAKKtXOZY.mp4,VALID,,,8
zgq2AwN0qxs_1,/home/dipshikha/Music/cao/CISLR_v1.5-a_videos/zgq2AwN0qxs_1.mp4,VALID,,,8
zhxo7cEkSF8_1,/home/dipshikha/Music/cao/CISLR_v1.5-a_videos/zhxo7cEkSF8_1.mp4,VALID,,,8
zk-I0DPD4gk_1,/home/dipshikha/Music/cao/CISLR_v1.5-a_videos/zk-I0DPD4gk_1.mp4,VALID,,,8
zkLkrnOdDA0,/home/dipshikha/Music/cao/CISLR_v1.5-a_videos/zkLkrnOdDA0.mp4,VALID,,,8
znGl0a0R3io_2,/home/dipshikha/Music/cao/CISLR_v1.5-a_videos/znGl0a0R3io_2.mp4,INVALID,frame_decode_failed,106,8
zoM2D2UeE18_2,/home/dipshikha/Music/cao/CISLR_v1.5-a_videos/zoM2D2UeE18_2.mp4,INVALID,frame_decode_failed,95,8
zrNSPG0BAPo,/home/dipshikha/Music/cao/CISLR_v1.5-a_videos/zrNSPG0BAPo.mp4,VALID,,,8
zsaHFTWOIms_1,/home/dipshikha/Music/cao/CISLR_v1.5-a_videos/zsaHFTWOIms_1.mp4,VALID,,,8
zskDexexPRo_2_Trim,/home/dipshikha/Music/cao/CISLR_v1.5-a_videos/zskDexexPRo_2_Trim.mp4,VALID,,,8
zultm2vBHws_2,/home/dipshikha/Music/cao/CISLR_v1.5-a_videos/zultm2vBHws_2.mp4,VALID,,,8
zuwgMn6oS-Q_1,/home/dipshikha/Music/cao/CISLR_v1.5-a_videos/zuwgMn6oS-Q_1.mp4,VALID,,,8
zvDd4Lvma58_1,/home/dipshikha/Music/cao/CISLR_v1.5-a_videos/zvDd4Lvma58_1.mp4,VALID,,,8
zvhxuidq68g,/home/dipshikha/Music/cao/CISLR_v1.5-a_videos/zvhxuidq68g.mp4,VALID,,,8
zwQFJqvvgqQ,/home/dipshikha/Music/cao/CISLR_v1.5-a_videos/zwQFJqvvgqQ.mp4,VALID,,,8
zwl-CJnhrYI_1,/home/dipshikha/Music/cao/CISLR_v1.5-a_videos/zwl-CJnhrYI_1.mp4,VALID,,,8
zxXFqg4uC_I_1,/home/dipshikha/Music/cao/CISLR_v1.5-a_videos/zxXFqg4uC_I_1.mp4,VALID,,,8
zxwuZPkYjrQ,/home/dipshikha/Music/cao/CISLR_v1.5-a_videos/zxwuZPkYjrQ.mp4,VALID,,,8
