uid,gloss,duration,category,video_exists,video_path,split,readable,fps,frame_count,width,height,duration_seconds
--7-rCNOiK0_1,branch,6.0,flora and fauna,True,/home/dipshikha/Music/cao/CISLR_v1.5-a_videos/--7-rCNOiK0_1.mp4,train,True,30.0,90,300,300,3.0
-02y2VaVBmw,divorce petition,11.0,legal,True,/home/dipshikha/Music/cao/CISLR_v1.5-a_videos/-02y2VaVBmw.mp4,train,True,25.0,252,300,300,10.08
-03Dju3yPHE,air conditioner,5.0,machine,True,/home/dipshikha/Music/cao/CISLR_v1.5-a_videos/-03Dju3yPHE.mp4,train,True,25.0,108,300,300,4.32
-0Oo1kPonYQ,stapoo,6.0,sport,True,/home/dipshikha/Music/cao/CISLR_v1.5-a_videos/-0Oo1kPonYQ.mp4,train,True,25.0,143,300,300,5.72
-0XujLX2_9I_2,application,6.0,action,True,/home/dipshikha/Music/cao/CISLR_v1.5-a_videos/-0XujLX2_9I_2.mp4,train,True,30.0,70,300,300,2.333333333333333
-0gxfDidW6U,purple flowered plants,11.0,flora and fauna,True,/home/dipshikha/Music/cao/CISLR_v1.5-a_videos/-0gxfDidW6U.mp4,train,True,25.0,253,300,300,10.12
-1AseGWh7vU,school uniform,4.0,wearable,True,/home/dipshikha/Music/cao/CISLR_v1.5-a_videos/-1AseGWh7vU.mp4,train,True,25.0,83,300,300,3.32
-1aXmLMzHUI_1,squeeze,7.0,action,True,/home/dipshikha/Music/cao/CISLR_v1.5-a_videos/-1aXmLMzHUI_1.mp4,train,True,25.0,88,300,300,3.52
-2_NUxX4PVA_2,electrical energy,9.0,physics,True,/home/dipshikha/Music/cao/CISLR_v1.5-a_videos/-2_NUxX4PVA_2.mp4,train,True,30.0,119,300,300,3.966666666666667
-2iGhOnza38_1,raid,7.0,event,True,/home/dipshikha/Music/cao/CISLR_v1.5-a_videos/-2iGhOnza38_1.mp4,train,True,30.0,90,300,300,3.0
-37kn1vV9gc_1,defend,5.0,action,True,/home/dipshikha/Music/cao/CISLR_v1.5-a_videos/-37kn1vV9gc_1.mp4,train,True,25.0,50,300,300,2.0
-3db5Hhn4mI_1,win,5.0,comparator,True,/home/dipshikha/Music/cao/CISLR_v1.5-a_videos/-3db5Hhn4mI_1.mp4,train,True,25.0,75,300,300,3.0
-4MbWP5T-cU,thank you,3.0,gesture,True,/home/dipshikha/Music/cao/CISLR_v1.5-a_videos/-4MbWP5T-cU.mp4,train,True,25.0,75,300,300,3.0
-5QTvDlGTcs_1,preliminary,7.0,attribute,True,/home/dipshikha/Music/cao/CISLR_v1.5-a_videos/-5QTvDlGTcs_1.mp4,train,True,30.0,120,300,300,4.0
-5lgXJQG0EM_1,doctor,7.0,profession,True,/home/dipshikha/Music/cao/CISLR_v1.5-a_videos/-5lgXJQG0EM_1.mp4,train,True,25.0,88,300,300,3.52
-5p4hn8J87A_2,hour,7.0,time,True,/home/dipshikha/Music/cao/CISLR_v1.5-a_videos/-5p4hn8J87A_2.mp4,train,True,30.0,78,300,300,2.6
-65ryXubYjo,testify,14.0,action,True,/home/dipshikha/Music/cao/CISLR_v1.5-a_videos/-65ryXubYjo.mp4,train,True,25.0,342,300,300,13.68
-7IkPH6iIQA,uncle,3.0,relation,True,/home/dipshikha/Music/cao/CISLR_v1.5-a_videos/-7IkPH6iIQA.mp4,train,True,25.0,72,300,300,2.88
-8CjLUfRlbw_1,pig,7.0,flora and fauna,True,/home/dipshikha/Music/cao/CISLR_v1.5-a_videos/-8CjLUfRlbw_1.mp4,train,True,30.0,105,300,300,3.5
-A1P5WbuNo8,ladder,6.0,transport,True,/home/dipshikha/Music/cao/CISLR_v1.5-a_videos/-A1P5WbuNo8.mp4,train,True,25.0,146,300,300,5.84
-AvE2V_2a-c_1,cup,6.0,utility item,True,/home/dipshikha/Music/cao/CISLR_v1.5-a_videos/-AvE2V_2a-c_1.mp4,train,True,30.0,75,300,300,2.5
-C18cQCkCcw,pencil,4.0,utility item,True,/home/dipshikha/Music/cao/CISLR_v1.5-a_videos/-C18cQCkCcw.mp4,train,True,25.0,79,300,300,3.16
-DDBcacIfeA_1,cosmetics,7.0,substance,True,/home/dipshikha/Music/cao/CISLR_v1.5-a_videos/-DDBcacIfeA_1.mp4,train,True,25.0,88,300,300,3.52
-DHtnmdlaGk,agra,5.0,geography,True,/home/dipshikha/Music/cao/CISLR_v1.5-a_videos/-DHtnmdlaGk.mp4,train,True,25.0,113,300,300,4.52
-DsyH0Vd_7E,halter top,11.0,wearable,True,/home/dipshikha/Music/cao/CISLR_v1.5-a_videos/-DsyH0Vd_7E.mp4,train,True,25.0,253,300,300,10.12
-E1n5hTjako_1,compact disc,8.0,computer,True,/home/dipshikha/Music/cao/CISLR_v1.5-a_videos/-E1n5hTjako_1.mp4,train,True,25.0,88,300,300,3.52
-EGNTwA_sEE_1,land acquisition,9.0,legal,True,/home/dipshikha/Music/cao/CISLR_v1.5-a_videos/-EGNTwA_sEE_1.mp4,train,True,30.0,119,300,300,3.966666666666667
-Em79Yvwac4_1,think,7.0,action,True,/home/dipshikha/Music/cao/CISLR_v1.5-a_videos/-Em79Yvwac4_1.mp4,train,True,30.0,91,300,300,3.033333333333333
-F7HjAaemJU,sexual reproduction,13.0,biology,True,/home/dipshikha/Music/cao/CISLR_v1.5-a_videos/-F7HjAaemJU.mp4,train,True,24.0,306,300,300,12.75
-HOXFEzH00I_1,circus,6.0,entertainment,True,/home/dipshikha/Music/cao/CISLR_v1.5-a_videos/-HOXFEzH00I_1.mp4,train,True,25.0,63,300,300,2.52
-H_VzAnfyKk,coconut,4.0,foods and drinks,True,/home/dipshikha/Music/cao/CISLR_v1.5-a_videos/-H_VzAnfyKk.mp4,train,True,25.0,92,300,300,3.68
-I0sjwzg0tY_2,amplitude,15.0,physics,True,/home/dipshikha/Music/cao/CISLR_v1.5-a_videos/-I0sjwzg0tY_2.mp4,train,True,30.0,197,300,300,6.566666666666666
-IInvCVJXas,mushroom production,7.0,process,True,/home/dipshikha/Music/cao/CISLR_v1.5-a_videos/-IInvCVJXas.mp4,train,True,25.0,151,300,300,6.04
-IKgn_mGZrw_2,immiscibility,8.0,attribute,True,/home/dipshikha/Music/cao/CISLR_v1.5-a_videos/-IKgn_mGZrw_2.mp4,train,True,30.0,100,300,300,3.333333333333333
-It9bwqowig,twitter,4.0,internet,True,/home/dipshikha/Music/cao/CISLR_v1.5-a_videos/-It9bwqowig.mp4,train,True,25.0,79,300,300,3.16
-JYukZxN6wQ_1,ugly,7.0,quality,True,/home/dipshikha/Music/cao/CISLR_v1.5-a_videos/-JYukZxN6wQ_1.mp4,train,True,25.0,77,300,300,3.08
-JcpfOHc0nE,blood pressure,6.0,medical,True,/home/dipshikha/Music/cao/CISLR_v1.5-a_videos/-JcpfOHc0nE.mp4,train,True,25.0,132,300,300,5.28
-Jr9EZz7Epo_1,eclipse,7.0,event,True,/home/dipshikha/Music/cao/CISLR_v1.5-a_videos/-Jr9EZz7Epo_1.mp4,train,True,25.0,75,300,300,3.0
-Lnou_Pop1o,reservation,13.0,group,True,/home/dipshikha/Music/cao/CISLR_v1.5-a_videos/-Lnou_Pop1o.mp4,train,True,25.0,323,300,300,12.92
-MS1EdYqs48,gujarat,5.0,geography,True,/home/dipshikha/Music/cao/CISLR_v1.5-a_videos/-MS1EdYqs48.mp4,train,True,25.0,106,300,300,4.24
-MjxNEvHUFw,rollerpaint,8.0,instrument,True,/home/dipshikha/Music/cao/CISLR_v1.5-a_videos/-MjxNEvHUFw.mp4,train,True,25.0,193,300,300,7.72
-N-gNuk_5PQ_1,unencumbered,8.0,banking,True,/home/dipshikha/Music/cao/CISLR_v1.5-a_videos/-N-gNuk_5PQ_1.mp4,train,True,30.0,112,300,300,3.733333333333333
-NAB02gnpgo,polo shrit,6.0,wearable,True,/home/dipshikha/Music/cao/CISLR_v1.5-a_videos/-NAB02gnpgo.mp4,train,True,25.0,144,300,300,5.76
-NCwiz-skM0_1,lame,7.0,biology,True,/home/dipshikha/Music/cao/CISLR_v1.5-a_videos/-NCwiz-skM0_1.mp4,train,True,25.0,75,300,300,3.0
-NIz596Y27Q,severally,7.0,quantity,True,/home/dipshikha/Music/cao/CISLR_v1.5-a_videos/-NIz596Y27Q.mp4,train,True,30.0,102,300,300,3.4
-NIz596Y27Q_1,severally,7.0,quantity,True,/home/dipshikha/Music/cao/CISLR_v1.5-a_videos/-NIz596Y27Q_1.mp4,test,True,30.0,45,300,300,1.5
-NQKa7Pmhx4,nine,4.0,math,True,/home/dipshikha/Music/cao/CISLR_v1.5-a_videos/-NQKa7Pmhx4.mp4,train,True,25.0,95,300,300,3.8
-NXGOOSb2sk,increase,5.0,comparator,True,/home/dipshikha/Music/cao/CISLR_v1.5-a_videos/-NXGOOSb2sk.mp4,train,True,25.0,112,300,300,4.48
-NpA8OS_Oj0_1,tennis,6.0,sport,True,/home/dipshikha/Music/cao/CISLR_v1.5-a_videos/-NpA8OS_Oj0_1.mp4,train,True,25.0,65,300,300,2.6
-Oq_e89164c_1,deer,7.0,flora and fauna,True,/home/dipshikha/Music/cao/CISLR_v1.5-a_videos/-Oq_e89164c_1.mp4,train,True,30.0,90,300,300,3.0
-PFwmd8NQgI_1,fixed rate,7.0,banking,True,/home/dipshikha/Music/cao/CISLR_v1.5-a_videos/-PFwmd8NQgI_1.mp4,train,True,30.0,105,300,300,3.5
-PGXFLhDfS0_1,teacher,6.0,profession,True,/home/dipshikha/Music/cao/CISLR_v1.5-a_videos/-PGXFLhDfS0_1.mp4,train,True,25.0,68,300,300,2.72
-QF3_AuexYY,yolk,8.0,foods and drinks,True,/home/dipshikha/Music/cao/CISLR_v1.5-a_videos/-QF3_AuexYY.mp4,train,True,24.0,173,300,300,7.208333333333333
-R02rqkyxHc_1,can,6.0,attribute,True,/home/dipshikha/Music/cao/CISLR_v1.5-a_videos/-R02rqkyxHc_1.mp4,train,True,25.0,63,300,300,2.52
-RTVD5tM__A_1,hot,6.0,sensation,True,/home/dipshikha/Music/cao/CISLR_v1.5-a_videos/-RTVD5tM__A_1.mp4,train,True,25.0,63,300,300,2.52
-SVSp2VtfRw_1,tired,7.0,sensation,True,/home/dipshikha/Music/cao/CISLR_v1.5-a_videos/-SVSp2VtfRw_1.mp4,train,True,25.0,78,300,300,3.12
-Sbg5dqo9cQ_1,undertaking,10.0,legal,True,/home/dipshikha/Music/cao/CISLR_v1.5-a_videos/-Sbg5dqo9cQ_1.mp4,train,True,30.0,144,300,300,4.8
-Tfg5XTzi0c_1,complaint,7.0,process,True,/home/dipshikha/Music/cao/CISLR_v1.5-a_videos/-Tfg5XTzi0c_1.mp4,train,True,30.0,90,300,300,3.0
-UjDGBnJuQE,basic,5.0,quality,True,/home/dipshikha/Music/cao/CISLR_v1.5-a_videos/-UjDGBnJuQE.mp4,train,True,25.0,104,300,300,4.16
-V3IfRctpxQ_1,kilometer,7.0,metric,True,/home/dipshikha/Music/cao/CISLR_v1.5-a_videos/-V3IfRctpxQ_1.mp4,train,True,25.0,75,300,300,3.0
-VvuJx-TroA_1,day after,6.0,time,True,/home/dipshikha/Music/cao/CISLR_v1.5-a_videos/-VvuJx-TroA_1.mp4,train,True,30.0,90,300,300,3.0
-W13ICFg13E,calendar year,12.0,time,True,/home/dipshikha/Music/cao/CISLR_v1.5-a_videos/-W13ICFg13E.mp4,train,True,24.0,284,300,300,11.833333333333334
-WuiIyEI6JU_1,prospectus,7.0,utility item,True,/home/dipshikha/Music/cao/CISLR_v1.5-a_videos/-WuiIyEI6JU_1.mp4,train,True,30.0,91,300,300,3.033333333333333
-XHIq_olkt0,ripe,5.0,quality,True,/home/dipshikha/Music/cao/CISLR_v1.5-a_videos/-XHIq_olkt0.mp4,train,True,25.0,109,300,300,4.36
-ZJNHmctH-g_2,neutral,10.0,physics,True,/home/dipshikha/Music/cao/CISLR_v1.5-a_videos/-ZJNHmctH-g_2.mp4,train,True,30.0,145,300,300,4.833333333333333
-_axtLgdFao_1,diaeases,8.0,medical,True,/home/dipshikha/Music/cao/CISLR_v1.5-a_videos/-_axtLgdFao_1.mp4,train,True,30.0,120,300,300,4.0
-_ecaCc5kEM_1,par - above,8.0,comparator,True,/home/dipshikha/Music/cao/CISLR_v1.5-a_videos/-_ecaCc5kEM_1.mp4,train,True,30.0,104,300,300,3.466666666666667
-_ozohdfbV0,arrest,3.0,legal,True,/home/dipshikha/Music/cao/CISLR_v1.5-a_videos/-_ozohdfbV0.mp4,train,True,25.0,57,300,300,2.28
-ayQ9-eEVPk,rafter,15.0,construction,True,/home/dipshikha/Music/cao/CISLR_v1.5-a_videos/-ayQ9-eEVPk.mp4,train,True,24.0,343,300,300,14.291666666666666
-bUi5WuO58M_1,negligence,9.0,attribute,True,/home/dipshikha/Music/cao/CISLR_v1.5-a_videos/-bUi5WuO58M_1.mp4,train,True,30.0,120,300,300,4.0
-cw3ySwZG-0_1,trouble,7.0,stage,True,/home/dipshikha/Music/cao/CISLR_v1.5-a_videos/-cw3ySwZG-0_1.mp4,train,True,30.0,100,300,300,3.333333333333333
-erR2LqPMDo_1,insects,7.0,flora and fauna,True,/home/dipshikha/Music/cao/CISLR_v1.5-a_videos/-erR2LqPMDo_1.mp4,train,True,30.0,102,300,300,3.4
-i21y0g32n8,family tree,14.0,group,True,/home/dipshikha/Music/cao/CISLR_v1.5-a_videos/-i21y0g32n8.mp4,train,True,25.0,333,300,300,13.32
-i5XH3VNyZc_1,cobbler,7.0,profession,True,/home/dipshikha/Music/cao/CISLR_v1.5-a_videos/-i5XH3VNyZc_1.mp4,train,True,25.0,88,300,300,3.52
-j9UB4-TMdw,blouse,6.0,wearable,True,/home/dipshikha/Music/cao/CISLR_v1.5-a_videos/-j9UB4-TMdw.mp4,train,True,25.0,124,300,300,4.96
-js9xT4ze2M_1,difference,8.0,comparator,True,/home/dipshikha/Music/cao/CISLR_v1.5-a_videos/-js9xT4ze2M_1.mp4,train,True,30.0,105,300,300,3.5
-kAnMQUsNqY,cancel,5.0,action,True,/home/dipshikha/Music/cao/CISLR_v1.5-a_videos/-kAnMQUsNqY.mp4,train,True,25.0,108,300,300,4.32
-kNkN1zSAfc,sometimes,4.0,abstract,True,/home/dipshikha/Music/cao/CISLR_v1.5-a_videos/-kNkN1zSAfc.mp4,train,True,25.0,95,300,300,3.8
-mGXVBz8pfs_1,criticize,6.0,action,True,/home/dipshikha/Music/cao/CISLR_v1.5-a_videos/-mGXVBz8pfs_1.mp4,train,True,25.0,75,300,300,3.0
-nITY8LhYgc,iron,5.0,metal and minerals,True,/home/dipshikha/Music/cao/CISLR_v1.5-a_videos/-nITY8LhYgc.mp4,train,True,25.0,110,300,300,4.4
-ntsKq84BZI_2,statlonary wave,10.0,physics,True,/home/dipshikha/Music/cao/CISLR_v1.5-a_videos/-ntsKq84BZI_2.mp4,train,True,30.0,116,300,300,3.8666666666666663
-oJL0D3n2e0,best,3.0,quality,True,/home/dipshikha/Music/cao/CISLR_v1.5-a_videos/-oJL0D3n2e0.mp4,train,True,25.0,75,300,300,3.0
-oLpcbfuNIc_2,speclfic heat,8.0,physics,True,/home/dipshikha/Music/cao/CISLR_v1.5-a_videos/-oLpcbfuNIc_2.mp4,train,True,30.0,96,300,300,3.2
-oy6L89CeWU_1,cry,7.0,behavior,True,/home/dipshikha/Music/cao/CISLR_v1.5-a_videos/-oy6L89CeWU_1.mp4,train,True,25.0,75,300,300,3.0
-p-Uj-p_Gso,see you tomorrow,4.0,greeting,True,/home/dipshikha/Music/cao/CISLR_v1.5-a_videos/-p-Uj-p_Gso.mp4,train,True,25.0,91,300,300,3.64
-pH80nLq8FY,table tennis,5.0,sport,True,/home/dipshikha/Music/cao/CISLR_v1.5-a_videos/-pH80nLq8FY.mp4,train,True,25.0,117,300,300,4.68
-pOaEEbLhEY_1,invent,6.0,process,True,/home/dipshikha/Music/cao/CISLR_v1.5-a_videos/-pOaEEbLhEY_1.mp4,train,True,25.0,73,300,300,2.92
-pc9BOR8QtA,panaji,4.0,geography,True,/home/dipshikha/Music/cao/CISLR_v1.5-a_videos/-pc9BOR8QtA.mp4,train,True,25.0,92,300,300,3.68
-qAGBp1JAh4_1,ruler,6.0,utility item,True,/home/dipshikha/Music/cao/CISLR_v1.5-a_videos/-qAGBp1JAh4_1.mp4,train,True,25.0,67,300,300,2.68
-qEvxlqG6xs_1,taxable,9.0,legal,True,/home/dipshikha/Music/cao/CISLR_v1.5-a_videos/-qEvxlqG6xs_1.mp4,train,True,30.0,131,300,300,4.366666666666666
-qhN2FaYkUc,anonymous,4.0,abstract,True,/home/dipshikha/Music/cao/CISLR_v1.5-a_videos/-qhN2FaYkUc.mp4,train,True,25.0,83,300,300,3.32
-qzWfnV26kw_1,with,6.0,abstract,True,/home/dipshikha/Music/cao/CISLR_v1.5-a_videos/-qzWfnV26kw_1.mp4,train,True,25.0,67,300,300,2.68
-rahbCV2Pp4,understand,4.0,action,True,/home/dipshikha/Music/cao/CISLR_v1.5-a_videos/-rahbCV2Pp4.mp4,train,True,25.0,83,300,300,3.32
-rwYVwVdHns_1,trust deed,8.0,banking,True,/home/dipshikha/Music/cao/CISLR_v1.5-a_videos/-rwYVwVdHns_1.mp4,train,True,30.0,104,300,300,3.466666666666667
-s7h4Re7Atk_1,residence,9.0,construction,True,/home/dipshikha/Music/cao/CISLR_v1.5-a_videos/-s7h4Re7Atk_1.mp4,train,True,30.0,122,300,300,4.066666666666666
-syzD8b7Uog,fork,5.0,utility item,True,/home/dipshikha/Music/cao/CISLR_v1.5-a_videos/-syzD8b7Uog.mp4,train,True,25.0,106,300,300,4.24
-tXNpnzr08M,hack saw blade,7.0,instrument,True,/home/dipshikha/Music/cao/CISLR_v1.5-a_videos/-tXNpnzr08M.mp4,train,True,25.0,157,300,300,6.28
-vcgtHff_po,motivate,4.0,action,True,/home/dipshikha/Music/cao/CISLR_v1.5-a_videos/-vcgtHff_po.mp4,train,True,25.0,96,300,300,3.84
-wpVNpcGvFk,yellow flowered plants,11.0,attribute,True,/home/dipshikha/Music/cao/CISLR_v1.5-a_videos/-wpVNpcGvFk.mp4,train,True,25.0,250,300,300,10.0
-x6DzWY7lmk,united nations,5.0,organisation,True,/home/dipshikha/Music/cao/CISLR_v1.5-a_videos/-x6DzWY7lmk.mp4,train,True,25.0,112,300,300,4.48
-x6oHEcUExQ,subtract,4.0,math,True,/home/dipshikha/Music/cao/CISLR_v1.5-a_videos/-x6oHEcUExQ.mp4,train,True,25.0,98,300,300,3.92
-xNmG6y1-9E,air vistara,6.0,transport,True,/home/dipshikha/Music/cao/CISLR_v1.5-a_videos/-xNmG6y1-9E.mp4,train,True,25.0,144,300,300,5.76
-y-dWznF2js_1,rough,7.0,sensation,True,/home/dipshikha/Music/cao/CISLR_v1.5-a_videos/-y-dWznF2js_1.mp4,train,True,25.0,79,300,300,3.16
0-pxIcGvk3w,brown,7.0,attribute,True,/home/dipshikha/Music/cao/CISLR_v1.5-a_videos/0-pxIcGvk3w.mp4,train,True,25.0,163,300,300,6.52
01THMylW6Mw,lok janshakti party,4.0,politics,True,/home/dipshikha/Music/cao/CISLR_v1.5-a_videos/01THMylW6Mw.mp4,train,True,25.0,87,300,300,3.48
01UZKDp47Ao_1,boil,6.0,action,True,/home/dipshikha/Music/cao/CISLR_v1.5-a_videos/01UZKDp47Ao_1.mp4,train,True,25.0,63,300,300,2.52
039-5dIML0I_2,depth,9.0,attribute,True,/home/dipshikha/Music/cao/CISLR_v1.5-a_videos/039-5dIML0I_2.mp4,train,True,30.0,103,300,300,3.433333333333333
03N4I9dc3RQ_1,spendthrift,7.0,action,True,/home/dipshikha/Music/cao/CISLR_v1.5-a_videos/03N4I9dc3RQ_1.mp4,train,True,25.0,75,300,300,3.0
03UqtTd9opc,pani puri,5.0,foods and drinks,True,/home/dipshikha/Music/cao/CISLR_v1.5-a_videos/03UqtTd9opc.mp4,train,True,25.0,108,300,300,4.32
04qLwQo-2MM,what is your name,4.0,abstract,True,/home/dipshikha/Music/cao/CISLR_v1.5-a_videos/04qLwQo-2MM.mp4,train,True,25.0,88,300,300,3.52
06C4S0EBhBg_1,average,9.0,math,True,/home/dipshikha/Music/cao/CISLR_v1.5-a_videos/06C4S0EBhBg_1.mp4,train,True,30.0,135,300,300,4.5
06FBQEEqthQ_1,seizure,10.0,medical,True,/home/dipshikha/Music/cao/CISLR_v1.5-a_videos/06FBQEEqthQ_1.mp4,train,True,30.0,165,300,300,5.5
06lnhzFJMgo,idle talk,4.0,process,True,/home/dipshikha/Music/cao/CISLR_v1.5-a_videos/06lnhzFJMgo.mp4,train,True,25.0,97,300,300,3.88
06tYXs9inPk_1,branch,6.0,flora and fauna,True,/home/dipshikha/Music/cao/CISLR_v1.5-a_videos/06tYXs9inPk_1.mp4,test,True,30.0,90,300,300,3.0
07jCt4FqQxY,method,5.0,math,True,/home/dipshikha/Music/cao/CISLR_v1.5-a_videos/07jCt4FqQxY.mp4,train,True,25.0,102,300,300,4.08
08E4Dr0zyKk_2,difference,7.0,comparator,True,/home/dipshikha/Music/cao/CISLR_v1.5-a_videos/08E4Dr0zyKk_2.mp4,test,True,30.0,78,300,300,2.6
08z_-ESgSP0,bucket,5.0,utility item,True,/home/dipshikha/Music/cao/CISLR_v1.5-a_videos/08z_-ESgSP0.mp4,train,True,25.0,106,300,300,4.24
09G-3IZyKrI_1,judge,6.0,authority,True,/home/dipshikha/Music/cao/CISLR_v1.5-a_videos/09G-3IZyKrI_1.mp4,train,True,25.0,63,300,300,2.52
09qovLrSjow_1,whale,8.0,flora and fauna,True,/home/dipshikha/Music/cao/CISLR_v1.5-a_videos/09qovLrSjow_1.mp4,train,True,30.0,120,300,300,4.0
0AH93vop9YA_1,frock,8.0,wearable,True,/home/dipshikha/Music/cao/CISLR_v1.5-a_videos/0AH93vop9YA_1.mp4,train,True,25.0,100,300,300,4.0
0AUmueBrflo,notesheet,5.0,utility item,True,/home/dipshikha/Music/cao/CISLR_v1.5-a_videos/0AUmueBrflo.mp4,train,True,24.0,110,300,300,4.583333333333333
0AW9acHJhNI,bharatiya janata party,3.0,politics,True,/home/dipshikha/Music/cao/CISLR_v1.5-a_videos/0AW9acHJhNI.mp4,train,True,25.0,64,300,300,2.56
0BC8wWXW_wc,driver,5.0,profession,True,/home/dipshikha/Music/cao/CISLR_v1.5-a_videos/0BC8wWXW_wc.mp4,train,True,25.0,109,300,300,4.36
0BOyMqB1KUQ_1,accommodation,11.0,construction,True,/home/dipshikha/Music/cao/CISLR_v1.5-a_videos/0BOyMqB1KUQ_1.mp4,train,True,30.0,150,300,300,5.0
0C-nMsdpftw,designer,11.0,profession,True,/home/dipshikha/Music/cao/CISLR_v1.5-a_videos/0C-nMsdpftw.mp4,train,True,25.0,270,300,300,10.8
0CUyYc1R3OA,colombia,4.0,geography,True,/home/dipshikha/Music/cao/CISLR_v1.5-a_videos/0CUyYc1R3OA.mp4,train,True,25.0,84,300,300,3.36
0CvaaVM5mNs,leaders,14.0,authority,True,/home/dipshikha/Music/cao/CISLR_v1.5-a_videos/0CvaaVM5mNs.mp4,train,True,24.0,315,300,300,13.125
0DYb-qL1t0A,tomorrow,3.0,time,True,/home/dipshikha/Music/cao/CISLR_v1.5-a_videos/0DYb-qL1t0A.mp4,train,True,25.0,63,300,300,2.52
0DYcaZmhlkY,weather,7.0,weather,True,/home/dipshikha/Music/cao/CISLR_v1.5-a_videos/0DYcaZmhlkY.mp4,train,True,25.0,165,300,300,6.6
0E2yd3OjjsU,movie,4.0,entertainment,True,/home/dipshikha/Music/cao/CISLR_v1.5-a_videos/0E2yd3OjjsU.mp4,train,True,25.0,94,300,300,3.76
0EQEGldp9YA_1,footpath,7.0,construction,True,/home/dipshikha/Music/cao/CISLR_v1.5-a_videos/0EQEGldp9YA_1.mp4,train,True,25.0,88,300,300,3.52
0ETSwMTLaac_2,attractive force,9.0,physics,True,/home/dipshikha/Music/cao/CISLR_v1.5-a_videos/0ETSwMTLaac_2.mp4,train,True,30.0,98,300,300,3.2666666666666666
0F7sYNf4uxU,put,4.0,action,True,/home/dipshikha/Music/cao/CISLR_v1.5-a_videos/0F7sYNf4uxU.mp4,train,True,25.0,80,300,300,3.2
0FHckg-WrEo,diving,5.0,sport,True,/home/dipshikha/Music/cao/CISLR_v1.5-a_videos/0FHckg-WrEo.mp4,train,True,25.0,115,300,300,4.6
0F_szwrQs1g_2,artificial,8.0,abstract,True,/home/dipshikha/Music/cao/CISLR_v1.5-a_videos/0F_szwrQs1g_2.mp4,train,True,30.0,87,300,300,2.9
0G7Xo4NN4fk,polisher,14.0,profession,True,/home/dipshikha/Music/cao/CISLR_v1.5-a_videos/0G7Xo4NN4fk.mp4,train,True,25.0,346,300,300,13.84
0GYeM3IGjn8_1,school bus,6.0,transport,True,/home/dipshikha/Music/cao/CISLR_v1.5-a_videos/0GYeM3IGjn8_1.mp4,train,True,25.0,75,300,300,3.0
0HNvZZloffc_1,light,6.0,quantity,True,/home/dipshikha/Music/cao/CISLR_v1.5-a_videos/0HNvZZloffc_1.mp4,train,True,25.0,63,300,300,2.52
0IF3Nx6idPQ_1,zonal,9.0,geography,True,/home/dipshikha/Music/cao/CISLR_v1.5-a_videos/0IF3Nx6idPQ_1.mp4,train,True,30.0,120,300,300,4.0
0IQ02IKMzUk_1,torch,7.0,electronic and electrical,True,/home/dipshikha/Music/cao/CISLR_v1.5-a_videos/0IQ02IKMzUk_1.mp4,train,True,30.0,105,300,300,3.5
0IhvPwnhGOg,national capital region,5.0,geography,True,/home/dipshikha/Music/cao/CISLR_v1.5-a_videos/0IhvPwnhGOg.mp4,train,True,25.0,108,300,300,4.32
0JIsxA88oss_2,grey,9.0,colour,True,/home/dipshikha/Music/cao/CISLR_v1.5-a_videos/0JIsxA88oss_2.mp4,train,True,30.0,106,300,300,3.533333333333333
0Kcn-1OPd84,reverse,3.0,abstract,True,/home/dipshikha/Music/cao/CISLR_v1.5-a_videos/0Kcn-1OPd84.mp4,train,True,25.0,70,300,300,2.8
0KeSJQiRAgo_1,coolie,6.0,profession,True,/home/dipshikha/Music/cao/CISLR_v1.5-a_videos/0KeSJQiRAgo_1.mp4,train,True,25.0,63,300,300,2.52
0LXJqXx8dVU,sari,4.0,wearable,True,/home/dipshikha/Music/cao/CISLR_v1.5-a_videos/0LXJqXx8dVU.mp4,train,True,25.0,87,300,300,3.48
0N47JPzl2Ow_1,adjustment,11.0,metric,True,/home/dipshikha/Music/cao/CISLR_v1.5-a_videos/0N47JPzl2Ow_1.mp4,train,True,30.0,150,300,300,5.0
0NMbSbEZ7G8_1,disappear,5.0,action,True,/home/dipshikha/Music/cao/CISLR_v1.5-a_videos/0NMbSbEZ7G8_1.mp4,train,True,25.0,50,300,300,2.0
0NPpa4rNMoI_1,input,8.0,process,True,/home/dipshikha/Music/cao/CISLR_v1.5-a_videos/0NPpa4rNMoI_1.mp4,train,True,30.0,120,300,300,4.0
0NUyw07V03g,promotion,4.0,organisation,True,/home/dipshikha/Music/cao/CISLR_v1.5-a_videos/0NUyw07V03g.mp4,train,True,25.0,91,300,300,3.64
0O7xxbvMct0,institution,7.0,organisation,True,/home/dipshikha/Music/cao/CISLR_v1.5-a_videos/0O7xxbvMct0.mp4,train,True,25.0,165,300,300,6.6
0OMlCdUKFSg,backdoor,4.0,miscellaneous object,True,/home/dipshikha/Music/cao/CISLR_v1.5-a_videos/0OMlCdUKFSg.mp4,train,True,24.0,84,300,300,3.5
0OxY1muGJhc,godet,14.0,wearable,True,/home/dipshikha/Music/cao/CISLR_v1.5-a_videos/0OxY1muGJhc.mp4,train,True,25.0,336,300,300,13.44
0PKQWh0-C8o,slip,4.0,action,True,/home/dipshikha/Music/cao/CISLR_v1.5-a_videos/0PKQWh0-C8o.mp4,train,True,25.0,80,300,300,3.2
0PQM_cS1Jyg_1,funny,7.0,sensation,True,/home/dipshikha/Music/cao/CISLR_v1.5-a_videos/0PQM_cS1Jyg_1.mp4,train,True,25.0,75,300,300,3.0
0PwKF0pTwpg,receipt,6.0,banking,True,/home/dipshikha/Music/cao/CISLR_v1.5-a_videos/0PwKF0pTwpg.mp4,train,True,25.0,131,300,300,5.24
0QITb6bNnHc,hearing,4.0,sound,True,/home/dipshikha/Music/cao/CISLR_v1.5-a_videos/0QITb6bNnHc.mp4,train,True,25.0,87,300,300,3.48
0Qk8-_ZEmHM_2,precaution,7.0,abstract,True,/home/dipshikha/Music/cao/CISLR_v1.5-a_videos/0Qk8-_ZEmHM_2.mp4,train,True,30.0,96,300,300,3.2
0R6qq874H4c,propeller pump,15.0,instrument,True,/home/dipshikha/Music/cao/CISLR_v1.5-a_videos/0R6qq874H4c.mp4,train,True,24.0,349,300,300,14.541666666666666
0REGTy6eqSc,team,4.0,group,True,/home/dipshikha/Music/cao/CISLR_v1.5-a_videos/0REGTy6eqSc.mp4,train,True,25.0,87,300,300,3.48
0RIpHMSqV4c,bank of maharashtra,4.0,banking,True,/home/dipshikha/Music/cao/CISLR_v1.5-a_videos/0RIpHMSqV4c.mp4,train,True,24.0,87,300,300,3.625
0RiCicL3Zg8_1,interest,9.0,banking,True,/home/dipshikha/Music/cao/CISLR_v1.5-a_videos/0RiCicL3Zg8_1.mp4,train,True,30.0,150,300,300,5.0
0RlsG9iQ6rk_1,window dressing,8.0,banking,True,/home/dipshikha/Music/cao/CISLR_v1.5-a_videos/0RlsG9iQ6rk_1.mp4,train,True,30.0,120,300,300,4.0
0TGJCFJv2iU,mahavir jayanti,4.0,event,True,/home/dipshikha/Music/cao/CISLR_v1.5-a_videos/0TGJCFJv2iU.mp4,train,True,25.0,96,300,300,3.84
0ThvAhpHsDM,squirrel,4.0,flora and fauna,True,/home/dipshikha/Music/cao/CISLR_v1.5-a_videos/0ThvAhpHsDM.mp4,train,True,30.0,89,300,300,2.966666666666667
0UyMbBSxbM4,minority,4.0,group,True,/home/dipshikha/Music/cao/CISLR_v1.5-a_videos/0UyMbBSxbM4.mp4,train,True,25.0,84,300,300,3.36
0VSRJo2xZfI,breeds of poultry,11.0,flora and fauna,True,/home/dipshikha/Music/cao/CISLR_v1.5-a_videos/0VSRJo2xZfI.mp4,train,True,24.0,259,300,300,10.791666666666666
0VvmrIYSsR0_1,marth,6.0,human,True,/home/dipshikha/Music/cao/CISLR_v1.5-a_videos/0VvmrIYSsR0_1.mp4,train,True,30.0,90,300,300,3.0
0Xhmme0IrvU,mature,13.0,behavior,True,/home/dipshikha/Music/cao/CISLR_v1.5-a_videos/0Xhmme0IrvU.mp4,train,True,25.0,304,300,300,12.16
0YIk1iTjDVY_1,monday,6.0,time,True,/home/dipshikha/Music/cao/CISLR_v1.5-a_videos/0YIk1iTjDVY_1.mp4,train,True,30.0,90,300,300,3.0
0ZMXZUybS9M_1,until,6.0,time,True,/home/dipshikha/Music/cao/CISLR_v1.5-a_videos/0ZMXZUybS9M_1.mp4,train,True,30.0,90,300,300,3.0
0_3gIUNTp8U,translate,4.0,action,True,/home/dipshikha/Music/cao/CISLR_v1.5-a_videos/0_3gIUNTp8U.mp4,train,True,25.0,75,300,300,3.0
0_aBnLgwYuk,backdate,4.0,time,True,/home/dipshikha/Music/cao/CISLR_v1.5-a_videos/0_aBnLgwYuk.mp4,train,True,24.0,72,300,300,3.0
0_dU4pT_Ch4,conference,5.0,group,True,/home/dipshikha/Music/cao/CISLR_v1.5-a_videos/0_dU4pT_Ch4.mp4,train,True,25.0,108,300,300,4.32
0cLdo9cL7y4,full stomach,5.0,sensation,True,/home/dipshikha/Music/cao/CISLR_v1.5-a_videos/0cLdo9cL7y4.mp4,train,True,25.0,107,300,300,4.28
0dz5Em9gsjk,sacrifice,4.0,action,True,/home/dipshikha/Music/cao/CISLR_v1.5-a_videos/0dz5Em9gsjk.mp4,train,True,25.0,98,300,300,3.92
0eCFVHc06YA_1,bell,5.0,miscellaneous object,True,/home/dipshikha/Music/cao/CISLR_v1.5-a_videos/0eCFVHc06YA_1.mp4,train,True,25.0,63,300,300,2.52
0eNooDbmED4,oviparous,13.0,biology,True,/home/dipshikha/Music/cao/CISLR_v1.5-a_videos/0eNooDbmED4.mp4,train,True,25.0,318,300,300,12.72
0egx6MUyz0w,exporting graphics,15.0,computer,True,/home/dipshikha/Music/cao/CISLR_v1.5-a_videos/0egx6MUyz0w.mp4,train,True,24.0,350,300,300,14.583333333333334
0fKqgIRvg-8,jharkhand,5.0,geography,True,/home/dipshikha/Music/cao/CISLR_v1.5-a_videos/0fKqgIRvg-8.mp4,train,True,25.0,109,300,300,4.36
0fO9xNyE9eU_1,obedience,7.0,behavior,True,/home/dipshikha/Music/cao/CISLR_v1.5-a_videos/0fO9xNyE9eU_1.mp4,train,True,30.0,90,300,300,3.0
0fdRLmUIlZE_2,indigo,10.0,colour,True,/home/dipshikha/Music/cao/CISLR_v1.5-a_videos/0fdRLmUIlZE_2.mp4,train,True,30.0,131,300,300,4.366666666666666
0ggPraT35p0,ranveer singh,4.0,human,True,/home/dipshikha/Music/cao/CISLR_v1.5-a_videos/0ggPraT35p0.mp4,train,True,25.0,90,300,300,3.6
0hEQ8ufcIQU,amritsar,4.0,geography,True,/home/dipshikha/Music/cao/CISLR_v1.5-a_videos/0hEQ8ufcIQU.mp4,train,True,25.0,99,300,300,3.96
0hZluINun1Y,paraguay,3.0,geography,True,/home/dipshikha/Music/cao/CISLR_v1.5-a_videos/0hZluINun1Y.mp4,train,True,25.0,64,300,300,2.56
0hhs7A5uf3E,vision,4.0,abstract,True,/home/dipshikha/Music/cao/CISLR_v1.5-a_videos/0hhs7A5uf3E.mp4,train,True,25.0,89,300,300,3.56
0hkuayZghpM_1,circle,11.0,math,True,/home/dipshikha/Music/cao/CISLR_v1.5-a_videos/0hkuayZghpM_1.mp4,train,True,30.0,165,300,300,5.5
0i1qCUd3BdM_1,increase,8.0,comparator,True,/home/dipshikha/Music/cao/CISLR_v1.5-a_videos/0i1qCUd3BdM_1.mp4,test,True,30.0,135,300,300,4.5
0ijcVXYEvY8_2,tldal energy,9.0,physics,True,/home/dipshikha/Music/cao/CISLR_v1.5-a_videos/0ijcVXYEvY8_2.mp4,train,True,30.0,112,300,300,3.733333333333333
0klM2u7dV9M,aam aadmi party,4.0,politics,True,/home/dipshikha/Music/cao/CISLR_v1.5-a_videos/0klM2u7dV9M.mp4,train,True,24.0,71,300,300,2.958333333333333
0kr-oJWV_wI_2,circular motion,11.0,physics,True,/home/dipshikha/Music/cao/CISLR_v1.5-a_videos/0kr-oJWV_wI_2.mp4,train,True,30.0,138,300,300,4.6
0lrX7s_3ScY,bowled out,4.0,sport,True,/home/dipshikha/Music/cao/CISLR_v1.5-a_videos/0lrX7s_3ScY.mp4,train,True,25.0,77,300,300,3.08
0ly7tC51g_o_1,sundry debtors,9.0,group,True,/home/dipshikha/Music/cao/CISLR_v1.5-a_videos/0ly7tC51g_o_1.mp4,train,True,30.0,120,300,300,4.0
0msmxYxchSc,meditate,7.0,action,True,/home/dipshikha/Music/cao/CISLR_v1.5-a_videos/0msmxYxchSc.mp4,train,True,25.0,156,300,300,6.24
0nJrw8f2FLs_1,scold,6.0,action,True,/home/dipshikha/Music/cao/CISLR_v1.5-a_videos/0nJrw8f2FLs_1.mp4,train,True,25.0,75,300,300,3.0
0nVI2GBhbUQ_1,particulars,10.0,attribute,True,/home/dipshikha/Music/cao/CISLR_v1.5-a_videos/0nVI2GBhbUQ_1.mp4,train,True,30.0,165,300,300,5.5
0n_FeKAXjUI,manage,4.0,action,True,/home/dipshikha/Music/cao/CISLR_v1.5-a_videos/0n_FeKAXjUI.mp4,train,True,25.0,84,300,300,3.36
0oJ_jMGRJCE,roof garden,8.0,construction,True,/home/dipshikha/Music/cao/CISLR_v1.5-a_videos/0oJ_jMGRJCE.mp4,train,True,25.0,185,300,300,7.4
0oWHR36xnT8_1,this,5.0,relation,True,/home/dipshikha/Music/cao/CISLR_v1.5-a_videos/0oWHR36xnT8_1.mp4,train,True,25.0,50,300,300,2.0
0p_iET-2TRw,pencil,4.0,utility item,True,/home/dipshikha/Music/cao/CISLR_v1.5-a_videos/0p_iET-2TRw.mp4,test,True,25.0,90,300,300,3.6
0q7mwfrGneM_1,monday,5.0,time,True,/home/dipshikha/Music/cao/CISLR_v1.5-a_videos/0q7mwfrGneM_1.mp4,test,True,30.0,60,300,300,2.0
0qDR-9wAiXk,diesel,6.0,transport,True,/home/dipshikha/Music/cao/CISLR_v1.5-a_videos/0qDR-9wAiXk.mp4,train,True,25.0,129,300,300,5.16
0rN_yoKLCRw_1,vault,10.0,banking,True,/home/dipshikha/Music/cao/CISLR_v1.5-a_videos/0rN_yoKLCRw_1.mp4,train,True,30.0,150,300,300,5.0
0sE5EMDNsDo,sorry,3.0,greeting,True,/home/dipshikha/Music/cao/CISLR_v1.5-a_videos/0sE5EMDNsDo.mp4,train,True,25.0,74,300,300,2.96
0t5NaJwemgI_1,mother,9.0,relation,True,/home/dipshikha/Music/cao/CISLR_v1.5-a_videos/0t5NaJwemgI_1.mp4,train,True,30.0,120,300,300,4.0
0tUzIPQ31n8_1,drop,6.0,action,True,/home/dipshikha/Music/cao/CISLR_v1.5-a_videos/0tUzIPQ31n8_1.mp4,train,True,25.0,63,300,300,2.52
0uvuluJqqAM,listen,3.0,action,True,/home/dipshikha/Music/cao/CISLR_v1.5-a_videos/0uvuluJqqAM.mp4,train,True,25.0,72,300,300,2.88
0vbtRdb9zTI_2,telephone,7.0,electronic and electrical,True,/home/dipshikha/Music/cao/CISLR_v1.5-a_videos/0vbtRdb9zTI_2.mp4,train,True,30.0,74,300,300,2.466666666666667
0vx6xWIEP_0_1,night,6.0,time,True,/home/dipshikha/Music/cao/CISLR_v1.5-a_videos/0vx6xWIEP_0_1.mp4,train,True,30.0,90,300,300,3.0
0wB165T8JuA,dirndl  skirt,13.0,wearable,True,/home/dipshikha/Music/cao/CISLR_v1.5-a_videos/0wB165T8JuA.mp4,train,True,25.0,325,300,300,13.0
0wY8TKOu5z0_1,audiologist,7.0,profession,True,/home/dipshikha/Music/cao/CISLR_v1.5-a_videos/0wY8TKOu5z0_1.mp4,train,True,25.0,88,300,300,3.52
0xVWH6F3Fz0,lose,4.0,sport,True,/home/dipshikha/Music/cao/CISLR_v1.5-a_videos/0xVWH6F3Fz0.mp4,train,True,25.0,88,300,300,3.52
0xrgLBuhXG0,milter hat,8.0,wearable,True,/home/dipshikha/Music/cao/CISLR_v1.5-a_videos/0xrgLBuhXG0.mp4,train,True,25.0,180,300,300,7.2
0xxg0V8sb3w_1,audit,10.0,banking,True,/home/dipshikha/Music/cao/CISLR_v1.5-a_videos/0xxg0V8sb3w_1.mp4,train,True,30.0,135,300,300,4.5
0ykPPmSC3Wk,box pleats,6.0,wearable,True,/home/dipshikha/Music/cao/CISLR_v1.5-a_videos/0ykPPmSC3Wk.mp4,train,True,25.0,138,300,300,5.52
0zTZkTkBAoU,world federation of the deaf youth section,4.0,organisation,True,/home/dipshikha/Music/cao/CISLR_v1.5-a_videos/0zTZkTkBAoU.mp4,train,True,25.0,89,300,300,3.56
0zqOg8HwQiM,ball bearing,13.0,machine,True,/home/dipshikha/Music/cao/CISLR_v1.5-a_videos/0zqOg8HwQiM.mp4,train,True,25.0,318,300,300,12.72
1-Zz07NcsKM,eleven,4.0,math,True,/home/dipshikha/Music/cao/CISLR_v1.5-a_videos/1-Zz07NcsKM.mp4,train,True,25.0,85,300,300,3.4
1-wpwyfm1Mg_1,angry,7.0,emotion,True,/home/dipshikha/Music/cao/CISLR_v1.5-a_videos/1-wpwyfm1Mg_1.mp4,train,True,30.0,90,300,300,3.0
10KuxOH6cYM_1,interest,7.0,behavior,True,/home/dipshikha/Music/cao/CISLR_v1.5-a_videos/10KuxOH6cYM_1.mp4,test,True,30.0,90,300,300,3.0
11derBixy2I_1,day,5.0,time,True,/home/dipshikha/Music/cao/CISLR_v1.5-a_videos/11derBixy2I_1.mp4,train,True,30.0,75,300,300,2.5
12zIYqZt4m8_1,person,9.0,human,True,/home/dipshikha/Music/cao/CISLR_v1.5-a_videos/12zIYqZt4m8_1.mp4,train,True,30.0,120,300,300,4.0
14AboByr9GE_1,kind,8.0,behavior,True,/home/dipshikha/Music/cao/CISLR_v1.5-a_videos/14AboByr9GE_1.mp4,train,True,30.0,105,300,300,3.5
14yNmnzY7X0_1,legal,8.0,legal,True,/home/dipshikha/Music/cao/CISLR_v1.5-a_videos/14yNmnzY7X0_1.mp4,train,True,30.0,120,300,300,4.0
16P4ngMXeLM,4g,3.0,internet,True,/home/dipshikha/Music/cao/CISLR_v1.5-a_videos/16P4ngMXeLM.mp4,train,True,25.0,73,300,300,2.92
17ar03dZ7bQ_1,security,9.0,legal,True,/home/dipshikha/Music/cao/CISLR_v1.5-a_videos/17ar03dZ7bQ_1.mp4,train,True,30.0,120,300,300,4.0
17sdVu62Og4,cut  line,12.0,instrument,True,/home/dipshikha/Music/cao/CISLR_v1.5-a_videos/17sdVu62Og4.mp4,train,True,25.0,288,300,300,11.52
181pBJw-eWg,july,4.0,time,True,/home/dipshikha/Music/cao/CISLR_v1.5-a_videos/181pBJw-eWg.mp4,train,True,25.0,97,300,300,3.88
18NS94mBGS4,grow,5.0,time,True,/home/dipshikha/Music/cao/CISLR_v1.5-a_videos/18NS94mBGS4.mp4,train,True,25.0,68,300,300,2.72
18Os6IiQRes_2,metre,8.0,metric,True,/home/dipshikha/Music/cao/CISLR_v1.5-a_videos/18Os6IiQRes_2.mp4,train,True,30.0,87,300,300,2.9
18Wi03A6brU,national,4.0,geography,True,/home/dipshikha/Music/cao/CISLR_v1.5-a_videos/18Wi03A6brU.mp4,train,True,25.0,91,300,300,3.64
18bO_HQbsF4_1,hurt,5.0,sensation,True,/home/dipshikha/Music/cao/CISLR_v1.5-a_videos/18bO_HQbsF4_1.mp4,train,True,25.0,50,300,300,2.0
18f9RKQp4zw,resign,4.0,action,True,/home/dipshikha/Music/cao/CISLR_v1.5-a_videos/18f9RKQp4zw.mp4,train,True,25.0,78,300,300,3.12
18hKLmAVIMg_1,june,6.0,time,True,/home/dipshikha/Music/cao/CISLR_v1.5-a_videos/18hKLmAVIMg_1.mp4,train,True,30.0,90,300,300,3.0
1AId61ylQL0,v neck,9.0,wearable,True,/home/dipshikha/Music/cao/CISLR_v1.5-a_videos/1AId61ylQL0.mp4,train,True,25.0,205,300,300,8.2
1B-XlHxT32g_1,parents,10.0,relation,True,/home/dipshikha/Music/cao/CISLR_v1.5-a_videos/1B-XlHxT32g_1.mp4,train,True,30.0,135,300,300,4.5
1B3HK-qQTHI_1,share,7.0,action,True,/home/dipshikha/Music/cao/CISLR_v1.5-a_videos/1B3HK-qQTHI_1.mp4,train,True,25.0,75,300,300,3.0
1B_wGNSS-uY,pink,6.0,abstract,True,/home/dipshikha/Music/cao/CISLR_v1.5-a_videos/1B_wGNSS-uY.mp4,train,True,25.0,133,300,300,5.32
1CVlY8md0JI_1,hire charges,10.0,banking,True,/home/dipshikha/Music/cao/CISLR_v1.5-a_videos/1CVlY8md0JI_1.mp4,train,True,30.0,135,300,300,4.5
1DMSk1W0LSY_1,amritsar,6.0,geography,True,/home/dipshikha/Music/cao/CISLR_v1.5-a_videos/1DMSk1W0LSY_1.mp4,test,True,25.0,63,300,300,2.52
1EoEG8Pvc8Q,wifi,4.0,internet,True,/home/dipshikha/Music/cao/CISLR_v1.5-a_videos/1EoEG8Pvc8Q.mp4,train,True,25.0,95,300,300,3.8
1F-Blrvtuos_2,south pole,12.0,geography,True,/home/dipshikha/Music/cao/CISLR_v1.5-a_videos/1F-Blrvtuos_2.mp4,train,True,30.0,144,300,300,4.8
1FXtTMWGzMY_1,matchbox,7.0,miscellaneous object,True,/home/dipshikha/Music/cao/CISLR_v1.5-a_videos/1FXtTMWGzMY_1.mp4,train,True,30.0,90,300,300,3.0
1FirQ_71-j0,ellipse tool,10.0,instrument,True,/home/dipshikha/Music/cao/CISLR_v1.5-a_videos/1FirQ_71-j0.mp4,train,True,24.0,226,300,300,9.416666666666666
1FnNbApsiHg,poultry science,12.0,flora and fauna,True,/home/dipshikha/Music/cao/CISLR_v1.5-a_videos/1FnNbApsiHg.mp4,train,True,24.0,277,300,300,11.541666666666666
1G3VZ_HWTWI,expertise,4.0,quality,True,/home/dipshikha/Music/cao/CISLR_v1.5-a_videos/1G3VZ_HWTWI.mp4,train,True,25.0,80,300,300,3.2
1GJkBoBf-S0_1,stand,7.0,action,True,/home/dipshikha/Music/cao/CISLR_v1.5-a_videos/1GJkBoBf-S0_1.mp4,train,True,30.0,90,300,300,3.0
1HI4TKdLMOw,sign,3.0,gesture,True,/home/dipshikha/Music/cao/CISLR_v1.5-a_videos/1HI4TKdLMOw.mp4,train,True,25.0,70,300,300,2.8
1IQ2ygYhtG0_1,pure,7.0,attribute,True,/home/dipshikha/Music/cao/CISLR_v1.5-a_videos/1IQ2ygYhtG0_1.mp4,train,True,25.0,88,300,300,3.52
1IZPvJn7an0,discuss,5.0,process,True,/home/dipshikha/Music/cao/CISLR_v1.5-a_videos/1IZPvJn7an0.mp4,train,True,25.0,103,300,300,4.12
1Ih8aIET1t8,air deccan,5.0,transport,True,/home/dipshikha/Music/cao/CISLR_v1.5-a_videos/1Ih8aIET1t8.mp4,train,True,25.0,108,300,300,4.32
1KCDw7XLgU0,mahavir jayanti,4.0,event,True,/home/dipshikha/Music/cao/CISLR_v1.5-a_videos/1KCDw7XLgU0.mp4,test,True,25.0,97,300,300,3.88
1L1W-NyiguQ_1,mouth,8.0,biology,True,/home/dipshikha/Music/cao/CISLR_v1.5-a_videos/1L1W-NyiguQ_1.mp4,train,True,30.0,105,300,300,3.5
1MKJ9LGRot8_1,race,6.0,event,True,/home/dipshikha/Music/cao/CISLR_v1.5-a_videos/1MKJ9LGRot8_1.mp4,train,True,25.0,63,300,300,2.52
1MPaj2JcH1c,kotak mahindra bank,5.0,banking,True,/home/dipshikha/Music/cao/CISLR_v1.5-a_videos/1MPaj2JcH1c.mp4,train,True,24.0,117,300,300,4.875
1Mh8DMTca88,tap,5.0,utility item,True,/home/dipshikha/Music/cao/CISLR_v1.5-a_videos/1Mh8DMTca88.mp4,train,True,25.0,114,300,300,4.56
1N2-vwG1gMs_1,elbow,7.0,biology,True,/home/dipshikha/Music/cao/CISLR_v1.5-a_videos/1N2-vwG1gMs_1.mp4,train,True,30.0,105,300,300,3.5
1NNgGxZWunM_2,semi solid,8.0,math,True,/home/dipshikha/Music/cao/CISLR_v1.5-a_videos/1NNgGxZWunM_2.mp4,train,True,30.0,97,300,300,3.2333333333333334
1NcamL3P63A,safe,4.0,attribute,True,/home/dipshikha/Music/cao/CISLR_v1.5-a_videos/1NcamL3P63A.mp4,train,True,25.0,74,300,300,2.96
1NqEYBhtmZE,sign,5.0,gesture,True,/home/dipshikha/Music/cao/CISLR_v1.5-a_videos/1NqEYBhtmZE.mp4,test,True,25.0,105,300,300,4.2
1O3tCXovrw8,humid,5.0,weather,True,/home/dipshikha/Music/cao/CISLR_v1.5-a_videos/1O3tCXovrw8.mp4,train,True,25.0,101,300,300,4.04
1O9PueJaMDw_1,dhothi,7.0,wearable,True,/home/dipshikha/Music/cao/CISLR_v1.5-a_videos/1O9PueJaMDw_1.mp4,train,True,25.0,88,300,300,3.52
1OGWcDShnx4_1,lorry,6.0,transport,True,/home/dipshikha/Music/cao/CISLR_v1.5-a_videos/1OGWcDShnx4_1.mp4,train,True,25.0,63,300,300,2.52
1OPTSnDAImg,private,5.0,attribute,True,/home/dipshikha/Music/cao/CISLR_v1.5-a_videos/1OPTSnDAImg.mp4,train,True,25.0,102,300,300,4.08
1OZTqBF7fFg,deposit slip,8.0,banking,True,/home/dipshikha/Music/cao/CISLR_v1.5-a_videos/1OZTqBF7fFg.mp4,train,True,24.0,173,300,300,7.208333333333333
1PVMa5B3rMs,soup,5.0,foods and drinks,True,/home/dipshikha/Music/cao/CISLR_v1.5-a_videos/1PVMa5B3rMs.mp4,train,True,25.0,106,300,300,4.24
1QOS_slPJS4,device setting,9.0,electronic and electrical,True,/home/dipshikha/Music/cao/CISLR_v1.5-a_videos/1QOS_slPJS4.mp4,train,True,24.0,193,300,300,8.041666666666666
1R3n6vTHqzs_1,it,6.0,language,True,/home/dipshikha/Music/cao/CISLR_v1.5-a_videos/1R3n6vTHqzs_1.mp4,train,True,25.0,75,300,300,3.0
1Rdm3h9voMQ_1,nepal,6.0,geography,True,/home/dipshikha/Music/cao/CISLR_v1.5-a_videos/1Rdm3h9voMQ_1.mp4,train,True,25.0,75,300,300,3.0
1RxiKpQqaJM,online banking,5.0,banking,True,/home/dipshikha/Music/cao/CISLR_v1.5-a_videos/1RxiKpQqaJM.mp4,train,True,24.0,110,300,300,4.583333333333333
1SPhtgudjI4_1,year of harvest,8.0,time,True,/home/dipshikha/Music/cao/CISLR_v1.5-a_videos/1SPhtgudjI4_1.mp4,train,True,30.0,105,300,300,3.5
1STccvjvCKQ,selfish,3.0,behavior,True,/home/dipshikha/Music/cao/CISLR_v1.5-a_videos/1STccvjvCKQ.mp4,train,True,25.0,69,300,300,2.76
1SWHwkSeN5M,assume,6.0,action,True,/home/dipshikha/Music/cao/CISLR_v1.5-a_videos/1SWHwkSeN5M.mp4,train,True,25.0,132,300,300,5.28
1SkZMNfDITQ,hard drive,5.0,electronic and electrical,True,/home/dipshikha/Music/cao/CISLR_v1.5-a_videos/1SkZMNfDITQ.mp4,train,True,25.0,111,300,300,4.44
1T-rlcPbebo,hygiene,5.0,attribute,True,/home/dipshikha/Music/cao/CISLR_v1.5-a_videos/1T-rlcPbebo.mp4,train,True,25.0,115,300,300,4.6
1TZXeenr980_1,hope,7.0,action,True,/home/dipshikha/Music/cao/CISLR_v1.5-a_videos/1TZXeenr980_1.mp4,train,True,30.0,90,300,300,3.0
1TiirpYN_W8,line,6.0,math,True,/home/dipshikha/Music/cao/CISLR_v1.5-a_videos/1TiirpYN_W8.mp4,train,True,25.0,147,300,300,5.88
1ULJICYKp4E,grammar,5.0,language,True,/home/dipshikha/Music/cao/CISLR_v1.5-a_videos/1ULJICYKp4E.mp4,train,True,25.0,120,300,300,4.8
1VHhWnMU21Y,ninth,6.0,math,True,/home/dipshikha/Music/cao/CISLR_v1.5-a_videos/1VHhWnMU21Y.mp4,train,True,25.0,149,300,300,5.96
1VMQKUMCDqc,yoke,9.0,wearable,True,/home/dipshikha/Music/cao/CISLR_v1.5-a_videos/1VMQKUMCDqc.mp4,train,True,25.0,204,300,300,8.16
1VYE8MAF6yY_1,hanuman,6.0,religious,True,/home/dipshikha/Music/cao/CISLR_v1.5-a_videos/1VYE8MAF6yY_1.mp4,train,True,25.0,63,300,300,2.52
1XEZmymH4e4,pisciculture,13.0,biology,True,/home/dipshikha/Music/cao/CISLR_v1.5-a_videos/1XEZmymH4e4.mp4,train,True,24.0,300,300,300,12.5
1XFe7SCIQKw,anonymous,15.0,abstract,True,/home/dipshikha/Music/cao/CISLR_v1.5-a_videos/1XFe7SCIQKw.mp4,test,True,25.0,356,300,300,14.24
1XGaQTl0iQs_1,draftsmen,7.0,profession,True,/home/dipshikha/Music/cao/CISLR_v1.5-a_videos/1XGaQTl0iQs_1.mp4,train,True,25.0,75,300,300,3.0
1XLi2MXWjGc_1,today,6.0,time,True,/home/dipshikha/Music/cao/CISLR_v1.5-a_videos/1XLi2MXWjGc_1.mp4,train,True,30.0,75,300,300,2.5
1Xr-mIMAgvY,ground water,11.0,substance,True,/home/dipshikha/Music/cao/CISLR_v1.5-a_videos/1Xr-mIMAgvY.mp4,train,True,24.0,262,300,300,10.916666666666666
1Zy29R7mOcM,suffer,5.0,action,True,/home/dipshikha/Music/cao/CISLR_v1.5-a_videos/1Zy29R7mOcM.mp4,train,True,25.0,105,300,300,4.2
1_PI2OxnryQ_1,gas stove,7.0,instrument,True,/home/dipshikha/Music/cao/CISLR_v1.5-a_videos/1_PI2OxnryQ_1.mp4,train,True,30.0,90,300,300,3.0
1aZYCh3HDZY,before,4.0,spatial position,True,/home/dipshikha/Music/cao/CISLR_v1.5-a_videos/1aZYCh3HDZY.mp4,train,True,25.0,87,300,300,3.48
1d0uOp_sG00,kidney cancer renal cell,4.0,biology,True,/home/dipshikha/Music/cao/CISLR_v1.5-a_videos/1d0uOp_sG00.mp4,train,True,25.0,94,300,300,3.76
1d6PKNBVh04,sample,5.0,abstract,True,/home/dipshikha/Music/cao/CISLR_v1.5-a_videos/1d6PKNBVh04.mp4,train,True,30.0,118,300,300,3.933333333333333
1dsbO78Qh5I,ready,4.0,abstract,True,/home/dipshikha/Music/cao/CISLR_v1.5-a_videos/1dsbO78Qh5I.mp4,train,True,25.0,85,300,300,3.4
1dzqHHOtvXI,vietnam,3.0,geography,True,/home/dipshikha/Music/cao/CISLR_v1.5-a_videos/1dzqHHOtvXI.mp4,train,True,25.0,67,300,300,2.68
1eodwdZ3isc,deadline,3.0,time,True,/home/dipshikha/Music/cao/CISLR_v1.5-a_videos/1eodwdZ3isc.mp4,train,True,25.0,74,300,300,2.96
1f6OchgCQrE,me,5.0,human,True,/home/dipshikha/Music/cao/CISLR_v1.5-a_videos/1f6OchgCQrE.mp4,train,True,25.0,120,300,300,4.8
1gZ9QlblgGs_1,syndication,10.0,commerce,True,/home/dipshikha/Music/cao/CISLR_v1.5-a_videos/1gZ9QlblgGs_1.mp4,train,True,30.0,135,300,300,4.5
1h164VbpnFo_1,pay,7.0,banking,True,/home/dipshikha/Music/cao/CISLR_v1.5-a_videos/1h164VbpnFo_1.mp4,train,True,25.0,75,300,300,3.0
1hBXvK7TuNo_1,prime minister,7.0,authority,True,/home/dipshikha/Music/cao/CISLR_v1.5-a_videos/1hBXvK7TuNo_1.mp4,train,True,25.0,75,300,300,3.0
1hghU7py9HI_1,corruption,7.0,legal,True,/home/dipshikha/Music/cao/CISLR_v1.5-a_videos/1hghU7py9HI_1.mp4,train,True,30.0,90,300,300,3.0
1hobNL7ofvg_2,resonance,11.0,sound,True,/home/dipshikha/Music/cao/CISLR_v1.5-a_videos/1hobNL7ofvg_2.mp4,train,True,30.0,138,300,300,4.6
1hzdxU-RztQ_1,mountain,9.0,geography,True,/home/dipshikha/Music/cao/CISLR_v1.5-a_videos/1hzdxU-RztQ_1.mp4,train,True,25.0,100,300,300,4.0
1iCtgbRsFnE,popcorn,5.0,foods and drinks,True,/home/dipshikha/Music/cao/CISLR_v1.5-a_videos/1iCtgbRsFnE.mp4,train,True,25.0,118,300,300,4.72
1iZij0vXGiQ_1,client,15.0,human,True,/home/dipshikha/Music/cao/CISLR_v1.5-a_videos/1iZij0vXGiQ_1.mp4,train,True,30.0,225,300,300,7.5
1iqG_Rkp7f0,volkswagen,4.0,organisation,True,/home/dipshikha/Music/cao/CISLR_v1.5-a_videos/1iqG_Rkp7f0.mp4,train,True,25.0,96,300,300,3.84
1js4OwpNYrc,attitude,4.0,behavior,True,/home/dipshikha/Music/cao/CISLR_v1.5-a_videos/1js4OwpNYrc.mp4,train,True,25.0,87,300,300,3.48
1kJrmgJ0EMs,all india foundation of deaf women,4.0,organisation,True,/home/dipshikha/Music/cao/CISLR_v1.5-a_videos/1kJrmgJ0EMs.mp4,train,True,25.0,99,300,300,3.96
1kRjJqOY1q0_1,double entry,11.0,banking,True,/home/dipshikha/Music/cao/CISLR_v1.5-a_videos/1kRjJqOY1q0_1.mp4,train,True,30.0,150,300,300,5.0
1kasuHeFIuw,language,3.0,language,True,/home/dipshikha/Music/cao/CISLR_v1.5-a_videos/1kasuHeFIuw.mp4,train,True,25.0,67,300,300,2.68
1lGwbhBsuu4,backache,8.0,medical,True,/home/dipshikha/Music/cao/CISLR_v1.5-a_videos/1lGwbhBsuu4.mp4,train,True,25.0,193,300,300,7.72
1leH92mkoBI_1,snakes,6.0,flora and fauna,True,/home/dipshikha/Music/cao/CISLR_v1.5-a_videos/1leH92mkoBI_1.mp4,train,True,30.0,75,300,300,2.5
1mWlliCFyxM,escape,4.0,action,True,/home/dipshikha/Music/cao/CISLR_v1.5-a_videos/1mWlliCFyxM.mp4,train,True,25.0,92,300,300,3.68
1nnXT-QVPpI_1,wrestling,6.0,sport,True,/home/dipshikha/Music/cao/CISLR_v1.5-a_videos/1nnXT-QVPpI_1.mp4,train,True,25.0,75,300,300,3.0
1ocgYJL04To_1,skirt,7.0,wearable,True,/home/dipshikha/Music/cao/CISLR_v1.5-a_videos/1ocgYJL04To_1.mp4,train,True,25.0,75,300,300,3.0
1p0Yw8NfadM_1,balance,8.0,banking,True,/home/dipshikha/Music/cao/CISLR_v1.5-a_videos/1p0Yw8NfadM_1.mp4,train,True,30.0,105,300,300,3.5
1pTz3GSNi6w_1,elbow,8.0,biology,True,/home/dipshikha/Music/cao/CISLR_v1.5-a_videos/1pTz3GSNi6w_1.mp4,test,True,30.0,105,300,300,3.5
1qV27cyAjEY,insect,7.0,flora and fauna,True,/home/dipshikha/Music/cao/CISLR_v1.5-a_videos/1qV27cyAjEY.mp4,train,True,25.0,174,300,300,6.96
1rPm_3Csg8M_1,stock closing,9.0,banking,True,/home/dipshikha/Music/cao/CISLR_v1.5-a_videos/1rPm_3Csg8M_1.mp4,train,True,30.0,150,300,300,5.0
1rjhkQSKHSI,gold,4.0,metal and minerals,True,/home/dipshikha/Music/cao/CISLR_v1.5-a_videos/1rjhkQSKHSI.mp4,train,True,25.0,85,300,300,3.4
1s1-9Ve6LN8_1,thief,6.0,profession,True,/home/dipshikha/Music/cao/CISLR_v1.5-a_videos/1s1-9Ve6LN8_1.mp4,train,True,25.0,75,300,300,3.0
1s1kck3BMLM,gulab jamun,5.0,foods and drinks,True,/home/dipshikha/Music/cao/CISLR_v1.5-a_videos/1s1kck3BMLM.mp4,train,True,25.0,108,300,300,4.32
1sZ4BSOC8nc,grandmother,5.0,relation,True,/home/dipshikha/Music/cao/CISLR_v1.5-a_videos/1sZ4BSOC8nc.mp4,train,True,25.0,112,300,300,4.48
1tA9YYn3oys,e office portal,9.0,internet,True,/home/dipshikha/Music/cao/CISLR_v1.5-a_videos/1tA9YYn3oys.mp4,train,True,24.0,201,300,300,8.375
1tIRnOnG1LI_1,tuberculosis,9.0,medical,True,/home/dipshikha/Music/cao/CISLR_v1.5-a_videos/1tIRnOnG1LI_1.mp4,train,True,30.0,135,300,300,4.5
1tRmBdfaCwQ,reward,4.0,miscellaneous object,True,/home/dipshikha/Music/cao/CISLR_v1.5-a_videos/1tRmBdfaCwQ.mp4,train,True,25.0,78,300,300,3.12
1tst7-aazJo,warn,3.0,action,True,/home/dipshikha/Music/cao/CISLR_v1.5-a_videos/1tst7-aazJo.mp4,train,True,25.0,73,300,300,2.92
1tyx9hWefCk,similar,5.0,comparator,True,/home/dipshikha/Music/cao/CISLR_v1.5-a_videos/1tyx9hWefCk.mp4,train,True,25.0,101,300,300,4.04
1uQyCwx-fEE_1,announce,6.0,action,True,/home/dipshikha/Music/cao/CISLR_v1.5-a_videos/1uQyCwx-fEE_1.mp4,train,True,25.0,63,300,300,2.52
1uiUwkOZyis,milk bottle,5.0,utility item,True,/home/dipshikha/Music/cao/CISLR_v1.5-a_videos/1uiUwkOZyis.mp4,train,True,25.0,118,300,300,4.72
1vIbJ1xeH6c_1,berth,8.0,transport,True,/home/dipshikha/Music/cao/CISLR_v1.5-a_videos/1vIbJ1xeH6c_1.mp4,train,True,25.0,88,300,300,3.52
1vPiHLNlbBw,engineer,5.0,profession,True,/home/dipshikha/Music/cao/CISLR_v1.5-a_videos/1vPiHLNlbBw.mp4,train,True,25.0,117,300,300,4.68
1vj0PwGPGss,death certificate,3.0,readable,True,/home/dipshikha/Music/cao/CISLR_v1.5-a_videos/1vj0PwGPGss.mp4,train,True,24.0,70,300,300,2.9166666666666665
1vjgq4r7OQs,lacing,11.0,process,True,/home/dipshikha/Music/cao/CISLR_v1.5-a_videos/1vjgq4r7OQs.mp4,train,True,25.0,252,300,300,10.08
1vpIZUFKZpQ,lunch,3.0,foods and drinks,True,/home/dipshikha/Music/cao/CISLR_v1.5-a_videos/1vpIZUFKZpQ.mp4,train,True,25.0,70,300,300,2.8
1wTikbR4vsE,scared,4.0,emotion,True,/home/dipshikha/Music/cao/CISLR_v1.5-a_videos/1wTikbR4vsE.mp4,train,True,25.0,92,300,300,3.68
1wVR6wsoIfw_2,complete,8.0,process,True,/home/dipshikha/Music/cao/CISLR_v1.5-a_videos/1wVR6wsoIfw_2.mp4,train,True,30.0,80,300,300,2.6666666666666665
1w_bYsmoFKA,email,4.0,internet,True,/home/dipshikha/Music/cao/CISLR_v1.5-a_videos/1w_bYsmoFKA.mp4,train,True,25.0,98,300,300,3.92
1wmnjSPpUHs,calculator,5.0,math,True,/home/dipshikha/Music/cao/CISLR_v1.5-a_videos/1wmnjSPpUHs.mp4,train,True,25.0,108,300,300,4.32
1x9a9JTehm8,dissent,5.0,action,True,/home/dipshikha/Music/cao/CISLR_v1.5-a_videos/1x9a9JTehm8.mp4,train,True,25.0,114,300,300,4.56
1xOrQM7AP9g,vector graphics,8.0,computer,True,/home/dipshikha/Music/cao/CISLR_v1.5-a_videos/1xOrQM7AP9g.mp4,train,True,24.0,181,300,300,7.541666666666667
1xTATM3v8k4,umbrella,3.0,utility item,True,/home/dipshikha/Music/cao/CISLR_v1.5-a_videos/1xTATM3v8k4.mp4,train,True,25.0,54,300,300,2.16
1yVn9e5zDKU,isl,5.0,language,True,/home/dipshikha/Music/cao/CISLR_v1.5-a_videos/1yVn9e5zDKU.mp4,train,True,25.0,110,300,300,4.4
1yd6Uo25Ge0_1,hate,7.0,emotion,True,/home/dipshikha/Music/cao/CISLR_v1.5-a_videos/1yd6Uo25Ge0_1.mp4,train,True,25.0,88,300,300,3.52
1yd8COXSRrg_2,simultaneous,10.0,time,True,/home/dipshikha/Music/cao/CISLR_v1.5-a_videos/1yd8COXSRrg_2.mp4,train,True,30.0,114,300,300,3.8
1z5RuDOokzk,guilt,5.0,emotion,True,/home/dipshikha/Music/cao/CISLR_v1.5-a_videos/1z5RuDOokzk.mp4,train,True,25.0,120,300,300,4.8
1zOTclxTpZ0_1,drive,6.0,transport,True,/home/dipshikha/Music/cao/CISLR_v1.5-a_videos/1zOTclxTpZ0_1.mp4,train,True,25.0,75,300,300,3.0
2-0sLH5bX0k,oriya,6.0,language,True,/home/dipshikha/Music/cao/CISLR_v1.5-a_videos/2-0sLH5bX0k.mp4,train,True,25.0,148,300,300,5.92
2-6FnMinc3U,knife,5.0,utility item,True,/home/dipshikha/Music/cao/CISLR_v1.5-a_videos/2-6FnMinc3U.mp4,train,True,25.0,104,300,300,4.16
2-VcJVXUBKw_1,leave compensatory,10.0,profession,True,/home/dipshikha/Music/cao/CISLR_v1.5-a_videos/2-VcJVXUBKw_1.mp4,train,True,29.916666666666668,135,300,300,4.512534818941504
2-YiNRKp7xI,legged robots,13.0,electronic and electrical,True,/home/dipshikha/Music/cao/CISLR_v1.5-a_videos/2-YiNRKp7xI.mp4,train,True,24.0,290,300,300,12.083333333333334
2-oX2aeeV9M,welding hand screen,6.0,miscellaneous object,True,/home/dipshikha/Music/cao/CISLR_v1.5-a_videos/2-oX2aeeV9M.mp4,train,True,25.0,145,300,300,5.8
203WGsHFjhI,divorce,6.0,legal,True,/home/dipshikha/Music/cao/CISLR_v1.5-a_videos/203WGsHFjhI.mp4,train,True,25.0,128,300,300,5.12
20ZBNdEFT6c_1,police,6.0,profession,True,/home/dipshikha/Music/cao/CISLR_v1.5-a_videos/20ZBNdEFT6c_1.mp4,train,True,25.0,75,300,300,3.0
21Y0f3QHoKo,rupee,5.0,banking,True,/home/dipshikha/Music/cao/CISLR_v1.5-a_videos/21Y0f3QHoKo.mp4,train,True,25.0,104,300,300,4.16
23L4Zan3GuY,shaving razor,4.0,utility item,True,/home/dipshikha/Music/cao/CISLR_v1.5-a_videos/23L4Zan3GuY.mp4,train,True,25.0,99,300,300,3.96
23kjqyecBwE,fine,4.0,emotion,True,/home/dipshikha/Music/cao/CISLR_v1.5-a_videos/23kjqyecBwE.mp4,train,True,25.0,84,300,300,3.36
25Ju8FP3zV8,parliament,5.0,legal,True,/home/dipshikha/Music/cao/CISLR_v1.5-a_videos/25Ju8FP3zV8.mp4,train,True,25.0,105,300,300,4.2
267RgFdcIM8_2,mho,9.0,metric,True,/home/dipshikha/Music/cao/CISLR_v1.5-a_videos/267RgFdcIM8_2.mp4,train,True,30.0,118,300,300,3.933333333333333
26vEFQYbzvc,krishna,5.0,religious,True,/home/dipshikha/Music/cao/CISLR_v1.5-a_videos/26vEFQYbzvc.mp4,train,True,25.0,100,300,300,4.0
27q3W_M38Ts_1,flood,9.0,event,True,/home/dipshikha/Music/cao/CISLR_v1.5-a_videos/27q3W_M38Ts_1.mp4,train,True,25.0,100,300,300,4.0
299nspHeeag_2,colllsion,8.0,physics,True,/home/dipshikha/Music/cao/CISLR_v1.5-a_videos/299nspHeeag_2.mp4,train,True,30.0,91,300,300,3.033333333333333
2AGfP7x3obk_1,sit,7.0,action,True,/home/dipshikha/Music/cao/CISLR_v1.5-a_videos/2AGfP7x3obk_1.mp4,train,True,30.0,90,300,300,3.0
2BI51rfBot0_1,decrease,9.0,comparator,True,/home/dipshikha/Music/cao/CISLR_v1.5-a_videos/2BI51rfBot0_1.mp4,train,True,30.0,120,300,300,4.0
2CbOSGxS80s,video relay service,4.0,electronic and electrical,True,/home/dipshikha/Music/cao/CISLR_v1.5-a_videos/2CbOSGxS80s.mp4,train,True,25.0,92,300,300,3.68
2Cf1btUy1NI,nephew,5.0,relation,True,/home/dipshikha/Music/cao/CISLR_v1.5-a_videos/2Cf1btUy1NI.mp4,train,True,25.0,108,300,300,4.32
2CjHiFW898s,jasminum sambac,9.0,flora and fauna,True,/home/dipshikha/Music/cao/CISLR_v1.5-a_videos/2CjHiFW898s.mp4,train,True,25.0,216,300,300,8.64
2CrAogKMFeo_1,balcony,9.0,construction,True,/home/dipshikha/Music/cao/CISLR_v1.5-a_videos/2CrAogKMFeo_1.mp4,train,True,30.0,135,300,300,4.5
2DAexoF0SsA_1,thief,6.0,profession,True,/home/dipshikha/Music/cao/CISLR_v1.5-a_videos/2DAexoF0SsA_1.mp4,test,True,25.0,75,300,300,3.0
2DspG3QZfrU,taste,14.0,sensation,True,/home/dipshikha/Music/cao/CISLR_v1.5-a_videos/2DspG3QZfrU.mp4,train,True,24.0,312,300,300,13.0
2EgTWnIIS3Q_1,matchbox,8.0,miscellaneous object,True,/home/dipshikha/Music/cao/CISLR_v1.5-a_videos/2EgTWnIIS3Q_1.mp4,test,True,30.0,105,300,300,3.5
2GL0HkOQVmA,shy,4.0,behavior,True,/home/dipshikha/Music/cao/CISLR_v1.5-a_videos/2GL0HkOQVmA.mp4,train,True,25.0,78,300,300,3.12
2GS4eJRYIi8,get up,4.0,process,True,/home/dipshikha/Music/cao/CISLR_v1.5-a_videos/2GS4eJRYIi8.mp4,train,True,25.0,91,300,300,3.64
2GYl9B7mF4A_2,straight,8.0,spatial position,True,/home/dipshikha/Music/cao/CISLR_v1.5-a_videos/2GYl9B7mF4A_2.mp4,train,True,30.0,93,300,300,3.1
2HZkAQx4QXg_1,laboratary,8.0,education,True,/home/dipshikha/Music/cao/CISLR_v1.5-a_videos/2HZkAQx4QXg_1.mp4,train,True,25.0,88,300,300,3.52
2Hp-Yy2Qwn0_1,suspend,11.0,legal,True,/home/dipshikha/Music/cao/CISLR_v1.5-a_videos/2Hp-Yy2Qwn0_1.mp4,train,True,30.0,150,300,300,5.0
2JY-9q3ehfY,ladder,6.0,transport,True,/home/dipshikha/Music/cao/CISLR_v1.5-a_videos/2JY-9q3ehfY.mp4,test,True,25.0,136,300,300,5.44
2KrNWzeY_dU,paytm payments bank,6.0,banking,True,/home/dipshikha/Music/cao/CISLR_v1.5-a_videos/2KrNWzeY_dU.mp4,train,True,24.0,126,300,300,5.25
2LLe-kRAu0o,inauguration,4.0,event,True,/home/dipshikha/Music/cao/CISLR_v1.5-a_videos/2LLe-kRAu0o.mp4,train,True,25.0,92,300,300,3.68
2L_H8HYM5hE,accounts,4.0,banking,True,/home/dipshikha/Music/cao/CISLR_v1.5-a_videos/2L_H8HYM5hE.mp4,train,True,25.0,97,300,300,3.88
2MlaLGpWk74,keying,14.0,action,True,/home/dipshikha/Music/cao/CISLR_v1.5-a_videos/2MlaLGpWk74.mp4,train,True,24.0,315,300,300,13.125
2MvrW4Vw7ZU,indigo,6.0,colour,True,/home/dipshikha/Music/cao/CISLR_v1.5-a_videos/2MvrW4Vw7ZU.mp4,test,True,25.0,132,300,300,5.28
2NNiSDCb0ek_1,deaf,7.0,medical,True,/home/dipshikha/Music/cao/CISLR_v1.5-a_videos/2NNiSDCb0ek_1.mp4,train,True,25.0,75,300,300,3.0
2OZj2Tt8dAA_1,sugar,6.0,foods and drinks,True,/home/dipshikha/Music/cao/CISLR_v1.5-a_videos/2OZj2Tt8dAA_1.mp4,train,True,25.0,63,300,300,2.52
2Os6w6jmxIg,scissors,4.0,utility item,True,/home/dipshikha/Music/cao/CISLR_v1.5-a_videos/2Os6w6jmxIg.mp4,train,True,25.0,80,300,300,3.2
2PcBSQ4A8XM,parrot,5.0,flora and fauna,True,/home/dipshikha/Music/cao/CISLR_v1.5-a_videos/2PcBSQ4A8XM.mp4,train,True,25.0,118,300,300,4.72
2QrMULTorPY,meghalaya,4.0,geography,True,/home/dipshikha/Music/cao/CISLR_v1.5-a_videos/2QrMULTorPY.mp4,train,True,25.0,96,300,300,3.84
2R_HbT1AO0c,flush door,5.0,construction,True,/home/dipshikha/Music/cao/CISLR_v1.5-a_videos/2R_HbT1AO0c.mp4,train,True,25.0,121,300,300,4.84
2SBugE72qbg_1,nose,8.0,biology,True,/home/dipshikha/Music/cao/CISLR_v1.5-a_videos/2SBugE72qbg_1.mp4,train,True,29.916666666666668,150,300,300,5.013927576601671
2U643_QFXA8_2,engine,9.0,machine,True,/home/dipshikha/Music/cao/CISLR_v1.5-a_videos/2U643_QFXA8_2.mp4,train,True,30.0,99,300,300,3.3
2UL2iPLFUTE,rank,5.0,organisation,True,/home/dipshikha/Music/cao/CISLR_v1.5-a_videos/2UL2iPLFUTE.mp4,train,True,25.0,101,300,300,4.04
2VUCXrEllWo_1,ghee,6.0,foods and drinks,True,/home/dipshikha/Music/cao/CISLR_v1.5-a_videos/2VUCXrEllWo_1.mp4,train,True,25.0,63,300,300,2.52
2VssiV_sEIo,burden,15.0,emotion,True,/home/dipshikha/Music/cao/CISLR_v1.5-a_videos/2VssiV_sEIo.mp4,train,True,25.0,372,300,300,14.88
2WBsjTVGFDw_1,thursday,6.0,time,True,/home/dipshikha/Music/cao/CISLR_v1.5-a_videos/2WBsjTVGFDw_1.mp4,train,True,30.0,75,300,300,2.5
2WzVp7AncT4_2,coherent,7.0,physics,True,/home/dipshikha/Music/cao/CISLR_v1.5-a_videos/2WzVp7AncT4_2.mp4,train,True,30.0,84,300,300,2.8
2XXjH0ZsdTg_1,heavy,7.0,attribute,True,/home/dipshikha/Music/cao/CISLR_v1.5-a_videos/2XXjH0ZsdTg_1.mp4,train,True,25.0,75,300,300,3.0
2XbRuRKOfRE,kuwait,4.0,geography,True,/home/dipshikha/Music/cao/CISLR_v1.5-a_videos/2XbRuRKOfRE.mp4,train,True,25.0,80,300,300,3.2
2ZARB_EzwH4_1,term of office,11.0,legal,True,/home/dipshikha/Music/cao/CISLR_v1.5-a_videos/2ZARB_EzwH4_1.mp4,train,True,30.0,165,300,300,5.5
2ZMZ0wFUmdI_1,toothbrush,7.0,utility item,True,/home/dipshikha/Music/cao/CISLR_v1.5-a_videos/2ZMZ0wFUmdI_1.mp4,train,True,30.0,90,300,300,3.0
2bDOqi4YXtI,paragraph,4.0,language,True,/home/dipshikha/Music/cao/CISLR_v1.5-a_videos/2bDOqi4YXtI.mp4,train,True,25.0,84,300,300,3.36
2bxNtdmwWmo_1,salary,8.0,banking,True,/home/dipshikha/Music/cao/CISLR_v1.5-a_videos/2bxNtdmwWmo_1.mp4,train,True,30.0,105,300,300,3.5
2c8it0IZnyw_1,miss,5.0,emotion,True,/home/dipshikha/Music/cao/CISLR_v1.5-a_videos/2c8it0IZnyw_1.mp4,train,True,25.0,50,300,300,2.0
2cCGTlNYZCQ,manipur,4.0,geography,True,/home/dipshikha/Music/cao/CISLR_v1.5-a_videos/2cCGTlNYZCQ.mp4,train,True,25.0,85,300,300,3.4
2cDgDbxkXFE,parents,4.0,relation,True,/home/dipshikha/Music/cao/CISLR_v1.5-a_videos/2cDgDbxkXFE.mp4,test,True,25.0,80,300,300,3.2
2cNWWG800gc_1,memo,7.0,legal,True,/home/dipshikha/Music/cao/CISLR_v1.5-a_videos/2cNWWG800gc_1.mp4,train,True,30.0,90,300,300,3.0
2cW9Z4UPvgA_1,bill,7.0,banking,True,/home/dipshikha/Music/cao/CISLR_v1.5-a_videos/2cW9Z4UPvgA_1.mp4,train,True,30.0,105,300,300,3.5
2dd7JFwQPh0,permanent,4.0,attribute,True,/home/dipshikha/Music/cao/CISLR_v1.5-a_videos/2dd7JFwQPh0.mp4,train,True,25.0,83,300,300,3.32
2e5SUxTjVvI,delhi,4.0,geography,True,/home/dipshikha/Music/cao/CISLR_v1.5-a_videos/2e5SUxTjVvI.mp4,train,True,25.0,99,300,300,3.96
2gAXTX3_db8_1,servant,7.0,profession,True,/home/dipshikha/Music/cao/CISLR_v1.5-a_videos/2gAXTX3_db8_1.mp4,train,True,25.0,75,300,300,3.0
2iB4Rwtng94,albania,4.0,geography,True,/home/dipshikha/Music/cao/CISLR_v1.5-a_videos/2iB4Rwtng94.mp4,train,True,25.0,90,300,300,3.6
2iWRUv6eMls,twenty,4.0,quantity,True,/home/dipshikha/Music/cao/CISLR_v1.5-a_videos/2iWRUv6eMls.mp4,train,True,25.0,95,300,300,3.8
2ieSeOjAJZE,dustbin,5.0,utility item,True,/home/dipshikha/Music/cao/CISLR_v1.5-a_videos/2ieSeOjAJZE.mp4,train,True,25.0,104,300,300,4.16
2kHyMlPqHpg_1,majority,9.0,quantity,True,/home/dipshikha/Music/cao/CISLR_v1.5-a_videos/2kHyMlPqHpg_1.mp4,train,True,30.0,150,300,300,5.0
2kg98yjEHcE,summon,11.0,legal,True,/home/dipshikha/Music/cao/CISLR_v1.5-a_videos/2kg98yjEHcE.mp4,train,True,25.0,273,300,300,10.92
2kiOvqNPlEE,soldier,5.0,profession,True,/home/dipshikha/Music/cao/CISLR_v1.5-a_videos/2kiOvqNPlEE.mp4,train,True,25.0,113,300,300,4.52
2lPUKkvlZvE,mean,4.0,behavior,True,/home/dipshikha/Music/cao/CISLR_v1.5-a_videos/2lPUKkvlZvE.mp4,train,True,25.0,97,300,300,3.88
2lX7iTDBWP8_1,april,6.0,time,True,/home/dipshikha/Music/cao/CISLR_v1.5-a_videos/2lX7iTDBWP8_1.mp4,train,True,30.0,90,300,300,3.0
2mKv8y9bYI0,powerlines,10.0,electronic and electrical,True,/home/dipshikha/Music/cao/CISLR_v1.5-a_videos/2mKv8y9bYI0.mp4,train,True,25.0,241,300,300,9.64
2mZBDcRjP-Q_1,weaver,6.0,profession,True,/home/dipshikha/Music/cao/CISLR_v1.5-a_videos/2mZBDcRjP-Q_1.mp4,train,True,25.0,63,300,300,2.52
2nQwUc_jbRY_1,stars,7.0,astronomical,True,/home/dipshikha/Music/cao/CISLR_v1.5-a_videos/2nQwUc_jbRY_1.mp4,train,True,25.0,75,300,300,3.0
2oHjc0njDdo,election,5.0,event,True,/home/dipshikha/Music/cao/CISLR_v1.5-a_videos/2oHjc0njDdo.mp4,train,True,25.0,102,300,300,4.08
2oYEEIt4HFs,each,4.0,quantity,True,/home/dipshikha/Music/cao/CISLR_v1.5-a_videos/2oYEEIt4HFs.mp4,train,True,25.0,100,300,300,4.0
2p00fwBvXEs_1,state,5.0,geography,True,/home/dipshikha/Music/cao/CISLR_v1.5-a_videos/2p00fwBvXEs_1.mp4,train,True,25.0,63,300,300,2.52
2pjUxRe91qU_1,teeth,7.0,biology,True,/home/dipshikha/Music/cao/CISLR_v1.5-a_videos/2pjUxRe91qU_1.mp4,train,True,30.0,90,300,300,3.0
2praG1zS_-c_1,breathe,8.0,action,True,/home/dipshikha/Music/cao/CISLR_v1.5-a_videos/2praG1zS_-c_1.mp4,train,True,30.0,120,300,300,4.0
2qRR4hQZAdA_1,change,4.0,action,True,/home/dipshikha/Music/cao/CISLR_v1.5-a_videos/2qRR4hQZAdA_1.mp4,train,True,25.0,38,300,300,1.52
2qV_PsuKKvE_1,peteti,8.0,event,True,/home/dipshikha/Music/cao/CISLR_v1.5-a_videos/2qV_PsuKKvE_1.mp4,train,True,25.0,88,300,300,3.52
2tX3eQTM1Lc_2,colour filter,12.0,colour,True,/home/dipshikha/Music/cao/CISLR_v1.5-a_videos/2tX3eQTM1Lc_2.mp4,train,True,30.0,151,300,300,5.033333333333333
2tawxaYAZcA,panama,3.0,geography,True,/home/dipshikha/Music/cao/CISLR_v1.5-a_videos/2tawxaYAZcA.mp4,train,True,25.0,61,300,300,2.44
2tp3AspW6TA,karnataka,4.0,geography,True,/home/dipshikha/Music/cao/CISLR_v1.5-a_videos/2tp3AspW6TA.mp4,train,True,25.0,90,300,300,3.6
2u2aH81FDWM,preposition,7.0,language,True,/home/dipshikha/Music/cao/CISLR_v1.5-a_videos/2u2aH81FDWM.mp4,train,True,25.0,162,300,300,6.48
2uRtqd5Mxmc,riverine,15.0,geography,True,/home/dipshikha/Music/cao/CISLR_v1.5-a_videos/2uRtqd5Mxmc.mp4,train,True,24.0,345,300,300,14.375
2vUvW-0XfUE,bharatiya janata party,4.0,politics,True,/home/dipshikha/Music/cao/CISLR_v1.5-a_videos/2vUvW-0XfUE.mp4,test,True,24.0,87,300,300,3.625
2vdw_PjA8FE,role,4.0,action,True,/home/dipshikha/Music/cao/CISLR_v1.5-a_videos/2vdw_PjA8FE.mp4,train,True,25.0,80,300,300,3.2
2vfL9h_KiJE_1,peon,7.0,profession,True,/home/dipshikha/Music/cao/CISLR_v1.5-a_videos/2vfL9h_KiJE_1.mp4,train,True,25.0,88,300,300,3.52
2w6c7g7ZPKo_1,labourer,9.0,profession,True,/home/dipshikha/Music/cao/CISLR_v1.5-a_videos/2w6c7g7ZPKo_1.mp4,train,True,30.0,120,300,300,4.0
2wA4J_9FFIc_1,foot,7.0,biology,True,/home/dipshikha/Music/cao/CISLR_v1.5-a_videos/2wA4J_9FFIc_1.mp4,train,True,30.0,90,300,300,3.0
2yARXoO8Nrg_2,amount,8.0,metric,True,/home/dipshikha/Music/cao/CISLR_v1.5-a_videos/2yARXoO8Nrg_2.mp4,train,True,30.0,99,300,300,3.3
2yDcFJQ3t8Y,zebra crossing,6.0,transport,True,/home/dipshikha/Music/cao/CISLR_v1.5-a_videos/2yDcFJQ3t8Y.mp4,train,True,25.0,139,300,300,5.56
2yJXBFhvqk0_1,shop,6.0,action,True,/home/dipshikha/Music/cao/CISLR_v1.5-a_videos/2yJXBFhvqk0_1.mp4,train,True,25.0,75,300,300,3.0
2yqiuXXxZ3Y_1,cheque postdated,12.0,banking,True,/home/dipshikha/Music/cao/CISLR_v1.5-a_videos/2yqiuXXxZ3Y_1.mp4,train,True,30.0,165,300,300,5.5
2zv3MpREUNA,private secretaryps,14.0,profession,True,/home/dipshikha/Music/cao/CISLR_v1.5-a_videos/2zv3MpREUNA.mp4,train,True,24.0,327,300,300,13.625
3-JaJnYcae8_1,durga,6.0,religious,True,/home/dipshikha/Music/cao/CISLR_v1.5-a_videos/3-JaJnYcae8_1.mp4,train,True,25.0,63,300,300,2.52
30OIyeGhcQM,swallow,7.0,biology,True,/home/dipshikha/Music/cao/CISLR_v1.5-a_videos/30OIyeGhcQM.mp4,train,True,25.0,168,300,300,6.72
31IAr_rm054_1,face,7.0,biology,True,/home/dipshikha/Music/cao/CISLR_v1.5-a_videos/31IAr_rm054_1.mp4,train,True,30.0,105,300,300,3.5
31l98A8z-h4,sikhism,4.0,religious,True,/home/dipshikha/Music/cao/CISLR_v1.5-a_videos/31l98A8z-h4.mp4,train,True,25.0,89,300,300,3.56
32OshNWYUgE_1,evening,7.0,time,True,/home/dipshikha/Music/cao/CISLR_v1.5-a_videos/32OshNWYUgE_1.mp4,train,True,30.0,90,300,300,3.0
32SWjSJrL0s_1,spot exchange,8.0,banking,True,/home/dipshikha/Music/cao/CISLR_v1.5-a_videos/32SWjSJrL0s_1.mp4,train,True,30.0,120,300,300,4.0
33mc9fTI8tE_1,goods,10.0,utility item,True,/home/dipshikha/Music/cao/CISLR_v1.5-a_videos/33mc9fTI8tE_1.mp4,train,True,30.0,180,300,300,6.0
33nznChivz8_1,hang,6.0,action,True,/home/dipshikha/Music/cao/CISLR_v1.5-a_videos/33nznChivz8_1.mp4,train,True,25.0,63,300,300,2.52
34UjBeye-E0_1,advertisement,7.0,internet,True,/home/dipshikha/Music/cao/CISLR_v1.5-a_videos/34UjBeye-E0_1.mp4,train,True,25.0,75,300,300,3.0
34WMjwYFdsI,dissent,5.0,action,True,/home/dipshikha/Music/cao/CISLR_v1.5-a_videos/34WMjwYFdsI.mp4,test,True,25.0,103,300,300,4.12
36-jdo8Gt4o,sun,3.0,astronomical,True,/home/dipshikha/Music/cao/CISLR_v1.5-a_videos/36-jdo8Gt4o.mp4,train,True,25.0,72,300,300,2.88
37KfHOkm_mM_1,lnaugurate,7.0,process,True,/home/dipshikha/Music/cao/CISLR_v1.5-a_videos/37KfHOkm_mM_1.mp4,train,True,25.0,75,300,300,3.0
37bLyyxKZKs,punish,4.0,action,True,/home/dipshikha/Music/cao/CISLR_v1.5-a_videos/37bLyyxKZKs.mp4,train,True,25.0,86,300,300,3.44
37i_Xt_w0Rs,capable,6.0,attribute,True,/home/dipshikha/Music/cao/CISLR_v1.5-a_videos/37i_Xt_w0Rs.mp4,train,True,25.0,126,300,300,5.04
37z5dnLqYms,ovi viviparous,15.0,biology,True,/home/dipshikha/Music/cao/CISLR_v1.5-a_videos/37z5dnLqYms.mp4,train,True,25.0,374,300,300,14.96
380a54uCumQ,bike suspension,9.0,machine,True,/home/dipshikha/Music/cao/CISLR_v1.5-a_videos/380a54uCumQ.mp4,train,True,24.0,210,300,300,8.75
38_FvLAz4Lo_1,police,7.0,profession,True,/home/dipshikha/Music/cao/CISLR_v1.5-a_videos/38_FvLAz4Lo_1.mp4,test,True,25.0,75,300,300,3.0
38hLbeCJAtA_1,decrease,6.0,comparator,True,/home/dipshikha/Music/cao/CISLR_v1.5-a_videos/38hLbeCJAtA_1.mp4,test,True,25.0,63,300,300,2.52
39tZrKjvdQM,hard,5.0,quality,True,/home/dipshikha/Music/cao/CISLR_v1.5-a_videos/39tZrKjvdQM.mp4,train,True,25.0,102,300,300,4.08
3Azhh428me8,october,5.0,time,True,/home/dipshikha/Music/cao/CISLR_v1.5-a_videos/3Azhh428me8.mp4,train,True,25.0,120,300,300,4.8
3BJDzOlCGcc_1,down,5.0,spatial position,True,/home/dipshikha/Music/cao/CISLR_v1.5-a_videos/3BJDzOlCGcc_1.mp4,train,True,25.0,50,300,300,2.0
3DOyNnKRg0c_1,tribal,8.0,group,True,/home/dipshikha/Music/cao/CISLR_v1.5-a_videos/3DOyNnKRg0c_1.mp4,train,True,30.0,105,300,300,3.5
3DSsRKPkiGI,nappy,6.0,utility item,True,/home/dipshikha/Music/cao/CISLR_v1.5-a_videos/3DSsRKPkiGI.mp4,train,True,25.0,138,300,300,5.52
3DVy0Znsfj0_1,title,12.0,attribute,True,/home/dipshikha/Music/cao/CISLR_v1.5-a_videos/3DVy0Znsfj0_1.mp4,train,True,30.0,165,300,300,5.5
3DeQ1zZ5pjo_1,delhi,6.0,geography,True,/home/dipshikha/Music/cao/CISLR_v1.5-a_videos/3DeQ1zZ5pjo_1.mp4,test,True,25.0,75,300,300,3.0
3ETJPlFTcwk_1,spilt,7.0,action,True,/home/dipshikha/Music/cao/CISLR_v1.5-a_videos/3ETJPlFTcwk_1.mp4,train,True,30.0,105,300,300,3.5
3EU1DcenjJw,tripura,5.0,geography,True,/home/dipshikha/Music/cao/CISLR_v1.5-a_videos/3EU1DcenjJw.mp4,train,True,25.0,103,300,300,4.12
3Eq8FeSFJpY,scan,5.0,action,True,/home/dipshikha/Music/cao/CISLR_v1.5-a_videos/3Eq8FeSFJpY.mp4,train,True,25.0,106,300,300,4.24
3FY7bYQBJ8M,alcohol,4.0,foods and drinks,True,/home/dipshikha/Music/cao/CISLR_v1.5-a_videos/3FY7bYQBJ8M.mp4,train,True,25.0,92,300,300,3.68
3FhNDV9UDzc,ruthless,5.0,behavior,True,/home/dipshikha/Music/cao/CISLR_v1.5-a_videos/3FhNDV9UDzc.mp4,train,True,25.0,105,300,300,4.2
3FlXNEmG6h0,lemon,5.0,foods and drinks,True,/home/dipshikha/Music/cao/CISLR_v1.5-a_videos/3FlXNEmG6h0.mp4,train,True,25.0,104,300,300,4.16
3GbJlbAKUy8_2,erect,6.0,attribute,True,/home/dipshikha/Music/cao/CISLR_v1.5-a_videos/3GbJlbAKUy8_2.mp4,train,True,30.0,54,300,300,1.8
3GlZqV3RSp0,jump,6.0,process,True,/home/dipshikha/Music/cao/CISLR_v1.5-a_videos/3GlZqV3RSp0.mp4,train,True,25.0,142,300,300,5.68
3HMUM-9pQj0,archery,4.0,sport,True,/home/dipshikha/Music/cao/CISLR_v1.5-a_videos/3HMUM-9pQj0.mp4,train,True,25.0,96,300,300,3.84
3I1fwIgGXv8,name,3.0,language,True,/home/dipshikha/Music/cao/CISLR_v1.5-a_videos/3I1fwIgGXv8.mp4,train,True,25.0,67,300,300,2.68
3I2-zG4Ymb4,force,4.0,physics,True,/home/dipshikha/Music/cao/CISLR_v1.5-a_videos/3I2-zG4Ymb4.mp4,train,True,25.0,99,300,300,3.96
3IHHaKspcfA,pole vault,5.0,miscellaneous object,True,/home/dipshikha/Music/cao/CISLR_v1.5-a_videos/3IHHaKspcfA.mp4,train,True,25.0,121,300,300,4.84
3KS9SiHwRVI,africa,4.0,geography,True,/home/dipshikha/Music/cao/CISLR_v1.5-a_videos/3KS9SiHwRVI.mp4,train,True,25.0,86,300,300,3.44
3L80qKk4daI_2,printed circuit board,11.0,electronic and electrical,True,/home/dipshikha/Music/cao/CISLR_v1.5-a_videos/3L80qKk4daI_2.mp4,train,True,30.0,132,300,300,4.4
3MeFx_eYZK0_1,under subscribed,7.0,banking,True,/home/dipshikha/Music/cao/CISLR_v1.5-a_videos/3MeFx_eYZK0_1.mp4,train,True,30.0,90,300,300,3.0
3MoTC6iB3xQ,organization,4.0,organisation,True,/home/dipshikha/Music/cao/CISLR_v1.5-a_videos/3MoTC6iB3xQ.mp4,train,True,25.0,86,300,300,3.44
3MxE482U2Ns,pull someone's leg,3.0,action,True,/home/dipshikha/Music/cao/CISLR_v1.5-a_videos/3MxE482U2Ns.mp4,train,True,25.0,72,300,300,2.88
3NIFg2ExoMs,scratch,5.0,action,True,/home/dipshikha/Music/cao/CISLR_v1.5-a_videos/3NIFg2ExoMs.mp4,train,True,25.0,115,300,300,4.6
3NPxIy6OXzg_1,drawer,8.0,construction,True,/home/dipshikha/Music/cao/CISLR_v1.5-a_videos/3NPxIy6OXzg_1.mp4,train,True,30.0,120,300,300,4.0
3NUcsb2W1OQ_1,tusks,6.0,biology,True,/home/dipshikha/Music/cao/CISLR_v1.5-a_videos/3NUcsb2W1OQ_1.mp4,train,True,30.0,75,300,300,2.5
3OHkLPutuYM,legalese,15.0,legal,True,/home/dipshikha/Music/cao/CISLR_v1.5-a_videos/3OHkLPutuYM.mp4,train,True,25.0,353,300,300,14.12
3R3KvYV43nQ_1,shop,6.0,action,True,/home/dipshikha/Music/cao/CISLR_v1.5-a_videos/3R3KvYV43nQ_1.mp4,test,True,25.0,63,300,300,2.52
3RKj4XQRxkc_2,metal,9.0,metal and minerals,True,/home/dipshikha/Music/cao/CISLR_v1.5-a_videos/3RKj4XQRxkc_2.mp4,train,True,30.0,110,300,300,3.6666666666666665
3Rn7sqmjgWo_2,osmosis,7.0,physics,True,/home/dipshikha/Music/cao/CISLR_v1.5-a_videos/3Rn7sqmjgWo_2.mp4,train,True,30.0,50,300,300,1.6666666666666667
3S1RLtVj7PE,sweater,4.0,wearable,True,/home/dipshikha/Music/cao/CISLR_v1.5-a_videos/3S1RLtVj7PE.mp4,train,True,25.0,81,300,300,3.24
3SBcHgw6wRM,minor,8.0,behavior,True,/home/dipshikha/Music/cao/CISLR_v1.5-a_videos/3SBcHgw6wRM.mp4,train,True,25.0,194,300,300,7.76
3SIXJfwYlFw,anniversary,9.0,event,True,/home/dipshikha/Music/cao/CISLR_v1.5-a_videos/3SIXJfwYlFw.mp4,train,True,25.0,215,300,300,8.6
3SRihi99gjc_1,home,8.0,geography,True,/home/dipshikha/Music/cao/CISLR_v1.5-a_videos/3SRihi99gjc_1.mp4,train,True,30.0,120,300,300,4.0
3SRqBpgSrqI_1,week,6.0,time,True,/home/dipshikha/Music/cao/CISLR_v1.5-a_videos/3SRqBpgSrqI_1.mp4,train,True,30.0,75,300,300,2.5
3SS49K8MK1w,belt loops,7.0,wearable,True,/home/dipshikha/Music/cao/CISLR_v1.5-a_videos/3SS49K8MK1w.mp4,train,True,25.0,169,300,300,6.76
3Sct_ii1-yQ_1,drawer,11.0,construction,True,/home/dipshikha/Music/cao/CISLR_v1.5-a_videos/3Sct_ii1-yQ_1.mp4,test,True,30.0,165,300,300,5.5
3T5RJ1_NFrM_1,milk,6.0,foods and drinks,True,/home/dipshikha/Music/cao/CISLR_v1.5-a_videos/3T5RJ1_NFrM_1.mp4,train,True,25.0,63,300,300,2.52
3TNpBwr-Cxo_2,transformation of energy,9.0,physics,True,/home/dipshikha/Music/cao/CISLR_v1.5-a_videos/3TNpBwr-Cxo_2.mp4,train,True,30.0,112,300,300,3.733333333333333
3TSVb2e1zJw_1,saturday,6.0,time,True,/home/dipshikha/Music/cao/CISLR_v1.5-a_videos/3TSVb2e1zJw_1.mp4,train,True,30.0,75,300,300,2.5
3UYC9939yQw_1,improve,5.0,time,True,/home/dipshikha/Music/cao/CISLR_v1.5-a_videos/3UYC9939yQw_1.mp4,train,True,25.0,50,300,300,2.0
3VP2rlxefJI,magnetic ink character recognition,15.0,computer,True,/home/dipshikha/Music/cao/CISLR_v1.5-a_videos/3VP2rlxefJI.mp4,train,True,24.0,336,300,300,14.0
3VSNwJnUmdA,adobe acrobat reader,9.0,computer,True,/home/dipshikha/Music/cao/CISLR_v1.5-a_videos/3VSNwJnUmdA.mp4,train,True,25.0,202,300,300,8.08
3WEkK4AaiV4,kidney beans,6.0,foods and drinks,True,/home/dipshikha/Music/cao/CISLR_v1.5-a_videos/3WEkK4AaiV4.mp4,train,True,25.0,144,300,300,5.76
3X2TOqyDgv8,peas,4.0,foods and drinks,True,/home/dipshikha/Music/cao/CISLR_v1.5-a_videos/3X2TOqyDgv8.mp4,train,True,25.0,98,300,300,3.92
3X7DZIiH2ZQ,uzbekistan,4.0,geography,True,/home/dipshikha/Music/cao/CISLR_v1.5-a_videos/3X7DZIiH2ZQ.mp4,train,True,25.0,82,300,300,3.28
3XCX0YETmuk_1,sunday,6.0,time,True,/home/dipshikha/Music/cao/CISLR_v1.5-a_videos/3XCX0YETmuk_1.mp4,train,True,30.0,75,300,300,2.5
3Y7KPnUv9kA,animals,4.0,flora and fauna,True,/home/dipshikha/Music/cao/CISLR_v1.5-a_videos/3Y7KPnUv9kA.mp4,train,True,25.0,86,300,300,3.44
3aJtWIMsFx8,cpi,4.0,education,True,/home/dipshikha/Music/cao/CISLR_v1.5-a_videos/3aJtWIMsFx8.mp4,train,True,24.0,81,300,300,3.375
3bAW9KtLSXk,gardener,5.0,profession,True,/home/dipshikha/Music/cao/CISLR_v1.5-a_videos/3bAW9KtLSXk.mp4,train,True,25.0,114,300,300,4.56
3bV2PgWlc7M,peas,4.0,foods and drinks,True,/home/dipshikha/Music/cao/CISLR_v1.5-a_videos/3bV2PgWlc7M.mp4,test,True,25.0,82,300,300,3.28
3cluYDK8u08_1,acting,11.0,action,True,/home/dipshikha/Music/cao/CISLR_v1.5-a_videos/3cluYDK8u08_1.mp4,train,True,30.0,150,300,300,5.0
3cp85oNRRj8_1,tongs,6.0,instrument,True,/home/dipshikha/Music/cao/CISLR_v1.5-a_videos/3cp85oNRRj8_1.mp4,train,True,30.0,90,300,300,3.0
3dJCO6ExmY0,real estate agent,6.0,profession,True,/home/dipshikha/Music/cao/CISLR_v1.5-a_videos/3dJCO6ExmY0.mp4,train,True,25.0,127,300,300,5.08
3e4K5QbywVc,ports tab,5.0,electronic and electrical,True,/home/dipshikha/Music/cao/CISLR_v1.5-a_videos/3e4K5QbywVc.mp4,train,True,24.0,98,300,300,4.083333333333333
3fG2P5D8Jm0_1,open,6.0,action,True,/home/dipshikha/Music/cao/CISLR_v1.5-a_videos/3fG2P5D8Jm0_1.mp4,train,True,25.0,63,300,300,2.52
3fKtgE9aQso,yesterday,3.0,time,True,/home/dipshikha/Music/cao/CISLR_v1.5-a_videos/3fKtgE9aQso.mp4,train,True,25.0,64,300,300,2.56
3g-VyVR_iyU,nervous,4.0,emotion,True,/home/dipshikha/Music/cao/CISLR_v1.5-a_videos/3g-VyVR_iyU.mp4,train,True,25.0,88,300,300,3.52
3gymi4f7hps_1,lay off,8.0,banking,True,/home/dipshikha/Music/cao/CISLR_v1.5-a_videos/3gymi4f7hps_1.mp4,train,True,30.0,120,300,300,4.0
3h4uBHZ4J2Q_1,december,6.0,time,True,/home/dipshikha/Music/cao/CISLR_v1.5-a_videos/3h4uBHZ4J2Q_1.mp4,train,True,30.0,75,300,300,2.5
3hIkQEZ923Q_1,joumal entry,10.0,readable,True,/home/dipshikha/Music/cao/CISLR_v1.5-a_videos/3hIkQEZ923Q_1.mp4,train,True,30.0,135,300,300,4.5
3hTK036o_F4_1,group,9.0,group,True,/home/dipshikha/Music/cao/CISLR_v1.5-a_videos/3hTK036o_F4_1.mp4,train,True,30.0,135,300,300,4.5
3ir8Rnwx8TY,potato,4.0,foods and drinks,True,/home/dipshikha/Music/cao/CISLR_v1.5-a_videos/3ir8Rnwx8TY.mp4,train,True,25.0,79,300,300,3.16
3jg1TpRzkGs,ear,5.0,biology,True,/home/dipshikha/Music/cao/CISLR_v1.5-a_videos/3jg1TpRzkGs.mp4,train,True,25.0,106,300,300,4.24
3kNaobravCU,office,3.0,organisation,True,/home/dipshikha/Music/cao/CISLR_v1.5-a_videos/3kNaobravCU.mp4,train,True,25.0,63,300,300,2.52
3kbyPG13anw_1,tell,7.0,action,True,/home/dipshikha/Music/cao/CISLR_v1.5-a_videos/3kbyPG13anw_1.mp4,train,True,30.0,105,300,300,3.5
3lMNHGXNQ3Q,uganda,4.0,geography,True,/home/dipshikha/Music/cao/CISLR_v1.5-a_videos/3lMNHGXNQ3Q.mp4,train,True,25.0,81,300,300,3.24
3muHDD0neyo,warm,3.0,weather,True,/home/dipshikha/Music/cao/CISLR_v1.5-a_videos/3muHDD0neyo.mp4,train,True,25.0,74,300,300,2.96
3n8cKQOSZfM,semicircle,4.0,math,True,/home/dipshikha/Music/cao/CISLR_v1.5-a_videos/3n8cKQOSZfM.mp4,train,True,25.0,84,300,300,3.36
3ncXcBiwveA,magician,4.0,profession,True,/home/dipshikha/Music/cao/CISLR_v1.5-a_videos/3ncXcBiwveA.mp4,train,True,25.0,95,300,300,3.8
3nnG7x_qkck_1,night,7.0,time,True,/home/dipshikha/Music/cao/CISLR_v1.5-a_videos/3nnG7x_qkck_1.mp4,test,True,30.0,90,300,300,3.0
3pZp4IFQCuA,parts,3.0,math,True,/home/dipshikha/Music/cao/CISLR_v1.5-a_videos/3pZp4IFQCuA.mp4,train,True,25.0,64,300,300,2.56
3ppf7DdzKvA,search,4.0,action,True,/home/dipshikha/Music/cao/CISLR_v1.5-a_videos/3ppf7DdzKvA.mp4,train,True,25.0,76,300,300,3.04
3pqDm0UKO14,first coat,10.0,wearable,True,/home/dipshikha/Music/cao/CISLR_v1.5-a_videos/3pqDm0UKO14.mp4,train,True,25.0,229,300,300,9.16
3qKiJRMOzsc,watermelon,4.0,foods and drinks,True,/home/dipshikha/Music/cao/CISLR_v1.5-a_videos/3qKiJRMOzsc.mp4,train,True,25.0,100,300,300,4.0
3sX8OzIgyIc_2,capacity,11.0,quantity,True,/home/dipshikha/Music/cao/CISLR_v1.5-a_videos/3sX8OzIgyIc_2.mp4,train,True,30.0,141,300,300,4.7
3snObAxKXOQ,dress,3.0,wearable,True,/home/dipshikha/Music/cao/CISLR_v1.5-a_videos/3snObAxKXOQ.mp4,train,True,25.0,66,300,300,2.64
3t63THdE5wM,each,5.0,quantity,True,/home/dipshikha/Music/cao/CISLR_v1.5-a_videos/3t63THdE5wM.mp4,test,True,25.0,118,300,300,4.72
3tFefLfXIn4_1,september,6.0,time,True,/home/dipshikha/Music/cao/CISLR_v1.5-a_videos/3tFefLfXIn4_1.mp4,train,True,30.0,75,300,300,2.5
3uHfsQnqReY_1,bathroom,11.0,construction,True,/home/dipshikha/Music/cao/CISLR_v1.5-a_videos/3uHfsQnqReY_1.mp4,train,True,30.0,150,300,300,5.0
3uW2Y--Yd9U,sand paper,14.0,utility item,True,/home/dipshikha/Music/cao/CISLR_v1.5-a_videos/3uW2Y--Yd9U.mp4,train,True,25.0,349,300,300,13.96
3uyNF9yZCCw_1,sand,9.0,geography,True,/home/dipshikha/Music/cao/CISLR_v1.5-a_videos/3uyNF9yZCCw_1.mp4,train,True,25.0,100,300,300,4.0
3v5Id7dDttk,buddha purnima,6.0,religious,True,/home/dipshikha/Music/cao/CISLR_v1.5-a_videos/3v5Id7dDttk.mp4,train,True,25.0,146,300,300,5.84
3vAxsFOJdVo,germany,4.0,geography,True,/home/dipshikha/Music/cao/CISLR_v1.5-a_videos/3vAxsFOJdVo.mp4,train,True,25.0,97,300,300,3.88
3vXJ605MFbU,maybe,3.0,language,True,/home/dipshikha/Music/cao/CISLR_v1.5-a_videos/3vXJ605MFbU.mp4,train,True,25.0,64,300,300,2.56
3wKsYea6rfs_1,wood,7.0,miscellaneous object,True,/home/dipshikha/Music/cao/CISLR_v1.5-a_videos/3wKsYea6rfs_1.mp4,train,True,30.0,105,300,300,3.5
3wgPDtFtXWE_1,waive,5.0,action,True,/home/dipshikha/Music/cao/CISLR_v1.5-a_videos/3wgPDtFtXWE_1.mp4,train,True,30.0,75,300,300,2.5
3xKJDf869EY,value,3.0,attribute,True,/home/dipshikha/Music/cao/CISLR_v1.5-a_videos/3xKJDf869EY.mp4,train,True,25.0,70,300,300,2.8
3y-nQO6e5iQ,go air,5.0,organisation,True,/home/dipshikha/Music/cao/CISLR_v1.5-a_videos/3y-nQO6e5iQ.mp4,train,True,25.0,120,300,300,4.8
3y4vcRJBNs0,restart,6.0,action,True,/home/dipshikha/Music/cao/CISLR_v1.5-a_videos/3y4vcRJBNs0.mp4,train,True,25.0,144,300,300,5.76
3yRZjuvtEd0_1,arm,8.0,biology,True,/home/dipshikha/Music/cao/CISLR_v1.5-a_videos/3yRZjuvtEd0_1.mp4,train,True,30.0,105,300,300,3.5
3ymIgijDrC0,owl,5.0,flora and fauna,True,/home/dipshikha/Music/cao/CISLR_v1.5-a_videos/3ymIgijDrC0.mp4,train,True,25.0,102,300,300,4.08
3zXseLcBn4A_1,entertainment,5.0,entertainment,True,/home/dipshikha/Music/cao/CISLR_v1.5-a_videos/3zXseLcBn4A_1.mp4,train,True,25.0,63,300,300,2.52
3zbf5Y2id1U_2,universe,12.0,astronomical,True,/home/dipshikha/Music/cao/CISLR_v1.5-a_videos/3zbf5Y2id1U_2.mp4,train,True,30.0,157,300,300,5.233333333333333
4--6iRQ6-7A,amazon,5.0,organisation,True,/home/dipshikha/Music/cao/CISLR_v1.5-a_videos/4--6iRQ6-7A.mp4,train,True,25.0,109,300,300,4.36
4-LrYNRVVZk_1,delete,8.0,action,True,/home/dipshikha/Music/cao/CISLR_v1.5-a_videos/4-LrYNRVVZk_1.mp4,train,True,30.0,120,300,300,4.0
4-d6EGJjZNk,travel,4.0,action,True,/home/dipshikha/Music/cao/CISLR_v1.5-a_videos/4-d6EGJjZNk.mp4,train,True,25.0,87,300,300,3.48
40AA6WkT-Ys_2,centrifugal,14.0,physics,True,/home/dipshikha/Music/cao/CISLR_v1.5-a_videos/40AA6WkT-Ys_2.mp4,train,True,30.0,185,300,300,6.166666666666667
413unEDKRXQ,dwarf,6.0,attribute,True,/home/dipshikha/Music/cao/CISLR_v1.5-a_videos/413unEDKRXQ.mp4,train,True,25.0,135,300,300,5.4
41OGaqeAUMg,glass block,9.0,substance,True,/home/dipshikha/Music/cao/CISLR_v1.5-a_videos/41OGaqeAUMg.mp4,train,True,24.0,213,300,300,8.875
42CmhRt0ANs_2,electric charge,9.0,physics,True,/home/dipshikha/Music/cao/CISLR_v1.5-a_videos/42CmhRt0ANs_2.mp4,train,True,30.0,94,300,300,3.1333333333333333
42WTTq2hqh8_1,bill,8.0,banking,True,/home/dipshikha/Music/cao/CISLR_v1.5-a_videos/42WTTq2hqh8_1.mp4,test,True,30.0,120,300,300,4.0
42axCoiER4s,similar,4.0,comparator,True,/home/dipshikha/Music/cao/CISLR_v1.5-a_videos/42axCoiER4s.mp4,test,True,25.0,90,300,300,3.6
42cPzLjkVEs_1,statement of account,9.0,banking,True,/home/dipshikha/Music/cao/CISLR_v1.5-a_videos/42cPzLjkVEs_1.mp4,train,True,30.0,135,300,300,4.5
44mCQaeKBVw,last month,5.0,time,True,/home/dipshikha/Music/cao/CISLR_v1.5-a_videos/44mCQaeKBVw.mp4,train,True,25.0,111,300,300,4.44
44ueVmAA5W4,acceptance letter,6.0,education,True,/home/dipshikha/Music/cao/CISLR_v1.5-a_videos/44ueVmAA5W4.mp4,train,True,24.0,133,300,300,5.541666666666667
46-lhzhJf78,praise,4.0,action,True,/home/dipshikha/Music/cao/CISLR_v1.5-a_videos/46-lhzhJf78.mp4,train,True,25.0,87,300,300,3.48
461WaV7kRxw_1,sky,6.0,abstract,True,/home/dipshikha/Music/cao/CISLR_v1.5-a_videos/461WaV7kRxw_1.mp4,train,True,30.0,75,300,300,2.5
46EMlBxuYAU,tailor,5.0,profession,True,/home/dipshikha/Music/cao/CISLR_v1.5-a_videos/46EMlBxuYAU.mp4,train,True,25.0,108,300,300,4.32
46eCCVvkyIc,jawaharlal nehru,4.0,human,True,/home/dipshikha/Music/cao/CISLR_v1.5-a_videos/46eCCVvkyIc.mp4,train,True,25.0,99,300,300,3.96
46tD7Du6BNs,measuring tape,5.0,instrument,True,/home/dipshikha/Music/cao/CISLR_v1.5-a_videos/46tD7Du6BNs.mp4,train,True,25.0,114,300,300,4.56
48ODiLP2VgA,summary,5.0,education,True,/home/dipshikha/Music/cao/CISLR_v1.5-a_videos/48ODiLP2VgA.mp4,train,True,25.0,115,300,300,4.6
49bdeG9jPdM,nematode control,15.0,biology,True,/home/dipshikha/Music/cao/CISLR_v1.5-a_videos/49bdeG9jPdM.mp4,train,True,25.0,358,300,300,14.32
49c0qMhaE20,hydraulic sprayer,10.0,utility item,True,/home/dipshikha/Music/cao/CISLR_v1.5-a_videos/49c0qMhaE20.mp4,train,True,24.0,220,300,300,9.166666666666666
4AMULo6htKw,disconnect,7.0,action,True,/home/dipshikha/Music/cao/CISLR_v1.5-a_videos/4AMULo6htKw.mp4,train,True,25.0,165,300,300,6.6
4ANEdd5HfAs,withdraw money from bank,6.0,banking,True,/home/dipshikha/Music/cao/CISLR_v1.5-a_videos/4ANEdd5HfAs.mp4,train,True,24.0,141,300,300,5.875
4BBTQpBwAXw_1,rectification,8.0,chemistry,True,/home/dipshikha/Music/cao/CISLR_v1.5-a_videos/4BBTQpBwAXw_1.mp4,train,True,30.0,105,300,300,3.5
4BNqHj-lQaE,list,5.0,readable,True,/home/dipshikha/Music/cao/CISLR_v1.5-a_videos/4BNqHj-lQaE.mp4,train,True,25.0,111,300,300,4.44
4C5snSNt79Q_1,hours,6.0,time,True,/home/dipshikha/Music/cao/CISLR_v1.5-a_videos/4C5snSNt79Q_1.mp4,train,True,30.0,90,300,300,3.0
4CrR5m-eSIs,ring spanner,11.0,instrument,True,/home/dipshikha/Music/cao/CISLR_v1.5-a_videos/4CrR5m-eSIs.mp4,train,True,25.0,253,300,300,10.12
4EihrPe_PfY,recent,5.0,time,True,/home/dipshikha/Music/cao/CISLR_v1.5-a_videos/4EihrPe_PfY.mp4,train,True,25.0,101,300,300,4.04
4FQuX9bwT2I,flower for medical importance,10.0,flora and fauna,True,/home/dipshikha/Music/cao/CISLR_v1.5-a_videos/4FQuX9bwT2I.mp4,train,True,24.0,236,300,300,9.833333333333334
4FldxWjLykY,arunachal pradesh,4.0,geography,True,/home/dipshikha/Music/cao/CISLR_v1.5-a_videos/4FldxWjLykY.mp4,train,True,25.0,97,300,300,3.88
4GH0wBiRfX4_1,security continuing,10.0,legal,True,/home/dipshikha/Music/cao/CISLR_v1.5-a_videos/4GH0wBiRfX4_1.mp4,train,True,30.0,165,300,300,5.5
4HMKoVmJQ0E_1,key,7.0,utility item,True,/home/dipshikha/Music/cao/CISLR_v1.5-a_videos/4HMKoVmJQ0E_1.mp4,train,True,30.0,105,300,300,3.5
4I-jm9Ng7YU_1,minimum,9.0,comparator,True,/home/dipshikha/Music/cao/CISLR_v1.5-a_videos/4I-jm9Ng7YU_1.mp4,train,True,30.0,135,300,300,4.5
4ILXbXTUUp4,periods,3.0,biology,True,/home/dipshikha/Music/cao/CISLR_v1.5-a_videos/4ILXbXTUUp4.mp4,train,True,25.0,69,300,300,2.76
4IR40ptGTIU_1,rat,6.0,flora and fauna,True,/home/dipshikha/Music/cao/CISLR_v1.5-a_videos/4IR40ptGTIU_1.mp4,train,True,30.0,75,300,300,2.5
4Irn82ukR2M_1,post card,8.0,readable,True,/home/dipshikha/Music/cao/CISLR_v1.5-a_videos/4Irn82ukR2M_1.mp4,train,True,25.0,88,300,300,3.52
4J5r3KmJCPU_1,follow,8.0,action,True,/home/dipshikha/Music/cao/CISLR_v1.5-a_videos/4J5r3KmJCPU_1.mp4,train,True,30.0,120,300,300,4.0
4JLkY7vGCHM_1,typist,6.0,profession,True,/home/dipshikha/Music/cao/CISLR_v1.5-a_videos/4JLkY7vGCHM_1.mp4,train,True,25.0,75,300,300,3.0
4JPQ0EUdcbg,repair,4.0,action,True,/home/dipshikha/Music/cao/CISLR_v1.5-a_videos/4JPQ0EUdcbg.mp4,train,True,25.0,93,300,300,3.72
4K-4FU5l7cY_1,time,6.0,time,True,/home/dipshikha/Music/cao/CISLR_v1.5-a_videos/4K-4FU5l7cY_1.mp4,train,True,30.0,90,300,300,3.0
4KOdh-2oe8Y,cop,6.0,profession,True,/home/dipshikha/Music/cao/CISLR_v1.5-a_videos/4KOdh-2oe8Y.mp4,train,True,25.0,135,300,300,5.4
4KjtR4PwJVM_1,differential rate of interest,11.0,banking,True,/home/dipshikha/Music/cao/CISLR_v1.5-a_videos/4KjtR4PwJVM_1.mp4,train,True,30.0,165,300,300,5.5
4KttVgLezuY_1,mysore,7.0,geography,True,/home/dipshikha/Music/cao/CISLR_v1.5-a_videos/4KttVgLezuY_1.mp4,train,True,25.0,75,300,300,3.0
4LM1k8KifiY,situation,4.0,time,True,/home/dipshikha/Music/cao/CISLR_v1.5-a_videos/4LM1k8KifiY.mp4,train,True,25.0,91,300,300,3.64
4LndvMQ2dO0,weightlifting,3.0,sport,True,/home/dipshikha/Music/cao/CISLR_v1.5-a_videos/4LndvMQ2dO0.mp4,train,True,25.0,71,300,300,2.84
4MB7jUMQvac,autumn,10.0,time,True,/home/dipshikha/Music/cao/CISLR_v1.5-a_videos/4MB7jUMQvac.mp4,train,True,25.0,231,300,300,9.24
4MDuw5Pj-94_1,balance closing,10.0,banking,True,/home/dipshikha/Music/cao/CISLR_v1.5-a_videos/4MDuw5Pj-94_1.mp4,train,True,30.0,135,300,300,4.5
4NzoLuGTigs,electric bus,13.0,transport,True,/home/dipshikha/Music/cao/CISLR_v1.5-a_videos/4NzoLuGTigs.mp4,train,True,24.0,311,300,300,12.958333333333334
4OMY6uJx-O4_1,fresh,8.0,quality,True,/home/dipshikha/Music/cao/CISLR_v1.5-a_videos/4OMY6uJx-O4_1.mp4,train,True,25.0,50,300,300,2.0
4Os2Hh06GPc_1,earth,8.0,geography,True,/home/dipshikha/Music/cao/CISLR_v1.5-a_videos/4Os2Hh06GPc_1.mp4,train,True,25.0,88,300,300,3.52
4P7EFM3C4MM,smog,15.0,chemistry,True,/home/dipshikha/Music/cao/CISLR_v1.5-a_videos/4P7EFM3C4MM.mp4,train,True,25.0,365,300,300,14.6
4Q0ANLHhzwk_1,sun,6.0,astronomical,True,/home/dipshikha/Music/cao/CISLR_v1.5-a_videos/4Q0ANLHhzwk_1.mp4,test,True,25.0,75,300,300,3.0
4QdYqEbZu8Q,recently,5.0,time,True,/home/dipshikha/Music/cao/CISLR_v1.5-a_videos/4QdYqEbZu8Q.mp4,train,True,25.0,104,300,300,4.16
4QkxfvOC3go_1,how much,6.0,quantity,True,/home/dipshikha/Music/cao/CISLR_v1.5-a_videos/4QkxfvOC3go_1.mp4,train,True,25.0,63,300,300,2.52
4Qm7AgT_VKg_1,income tax,8.0,banking,True,/home/dipshikha/Music/cao/CISLR_v1.5-a_videos/4Qm7AgT_VKg_1.mp4,train,True,30.0,105,300,300,3.5
4RBAWNsG8Hk_1,geometry,8.0,math,True,/home/dipshikha/Music/cao/CISLR_v1.5-a_videos/4RBAWNsG8Hk_1.mp4,train,True,25.0,88,300,300,3.52
4RNnYGS3E34_1,feather,7.0,flora and fauna,True,/home/dipshikha/Music/cao/CISLR_v1.5-a_videos/4RNnYGS3E34_1.mp4,train,True,30.0,90,300,300,3.0
4RTN56hfFTM_2,nuclear reactor,13.0,physics,True,/home/dipshikha/Music/cao/CISLR_v1.5-a_videos/4RTN56hfFTM_2.mp4,train,True,30.0,166,300,300,5.533333333333333
4Ruem9NXrqw_1,std,9.0,medical,True,/home/dipshikha/Music/cao/CISLR_v1.5-a_videos/4Ruem9NXrqw_1.mp4,train,True,25.0,100,300,300,4.0
4SRWa0Z5c8Q,hollow blocks,10.0,construction,True,/home/dipshikha/Music/cao/CISLR_v1.5-a_videos/4SRWa0Z5c8Q.mp4,train,True,25.0,227,300,300,9.08
4SlMtTeUkEE_1,monday,5.0,time,True,/home/dipshikha/Music/cao/CISLR_v1.5-a_videos/4SlMtTeUkEE_1.mp4,test,True,30.0,75,300,300,2.5
4TLvls1tSgA_1,company,10.0,organisation,True,/home/dipshikha/Music/cao/CISLR_v1.5-a_videos/4TLvls1tSgA_1.mp4,train,True,30.0,135,300,300,4.5
4TXbOxz60R4,online,6.0,internet,True,/home/dipshikha/Music/cao/CISLR_v1.5-a_videos/4TXbOxz60R4.mp4,train,True,25.0,126,300,300,5.04
4TubhVVN1ds_1,father-in-law,11.0,relation,True,/home/dipshikha/Music/cao/CISLR_v1.5-a_videos/4TubhVVN1ds_1.mp4,train,True,30.0,150,300,300,5.0
4TymgqvinvY,socks,3.0,wearable,True,/home/dipshikha/Music/cao/CISLR_v1.5-a_videos/4TymgqvinvY.mp4,train,True,25.0,73,300,300,2.92
4UMMRCc0Iak,addendum,7.0,readable,True,/home/dipshikha/Music/cao/CISLR_v1.5-a_videos/4UMMRCc0Iak.mp4,train,True,24.0,146,300,300,6.083333333333333
4UvD29cSe1U_1,duration,10.0,time,True,/home/dipshikha/Music/cao/CISLR_v1.5-a_videos/4UvD29cSe1U_1.mp4,train,True,30.0,150,300,300,5.0
4Vj5NM9KRzY,tuberculosis,4.0,medical,True,/home/dipshikha/Music/cao/CISLR_v1.5-a_videos/4Vj5NM9KRzY.mp4,test,True,25.0,91,300,300,3.64
4WDhqg6s8lw_1,take,5.0,action,True,/home/dipshikha/Music/cao/CISLR_v1.5-a_videos/4WDhqg6s8lw_1.mp4,train,True,25.0,63,300,300,2.52
4WuV_HD-hZ0_1,vegetarian,6.0,foods and drinks,True,/home/dipshikha/Music/cao/CISLR_v1.5-a_videos/4WuV_HD-hZ0_1.mp4,train,True,25.0,75,300,300,3.0
4XFgnsejElI,photocopy,5.0,miscellaneous object,True,/home/dipshikha/Music/cao/CISLR_v1.5-a_videos/4XFgnsejElI.mp4,train,True,25.0,104,300,300,4.16
4XYSXKlhpE0_1,suspend payment,12.0,banking,True,/home/dipshikha/Music/cao/CISLR_v1.5-a_videos/4XYSXKlhpE0_1.mp4,train,True,30.0,195,300,300,6.5
4ZGhwybcIc0,separate,4.0,action,True,/home/dipshikha/Music/cao/CISLR_v1.5-a_videos/4ZGhwybcIc0.mp4,train,True,25.0,80,300,300,3.2
4ZJOFmnUXOI_1,acknowledgement,13.0,action,True,/home/dipshikha/Music/cao/CISLR_v1.5-a_videos/4ZJOFmnUXOI_1.mp4,train,True,30.0,195,300,300,6.5
4ZhRcyVJKu4_1,way,6.0,process,True,/home/dipshikha/Music/cao/CISLR_v1.5-a_videos/4ZhRcyVJKu4_1.mp4,train,True,30.0,90,300,300,3.0
4aB00bo7A5M_2,diesel,10.0,transport,True,/home/dipshikha/Music/cao/CISLR_v1.5-a_videos/4aB00bo7A5M_2.mp4,test,True,30.0,107,300,300,3.566666666666667
4accXsYqRnA,what,3.0,abstract,True,/home/dipshikha/Music/cao/CISLR_v1.5-a_videos/4accXsYqRnA.mp4,train,True,25.0,65,300,300,2.6
4aqQ1oxaHVU_1,measure,6.0,math,True,/home/dipshikha/Music/cao/CISLR_v1.5-a_videos/4aqQ1oxaHVU_1.mp4,train,True,25.0,63,300,300,2.52
4bEmX9n5WqQ,aunt,6.0,relation,True,/home/dipshikha/Music/cao/CISLR_v1.5-a_videos/4bEmX9n5WqQ.mp4,train,True,25.0,146,300,300,5.84
4bUNNgy6hOg_1,air,7.0,substance,True,/home/dipshikha/Music/cao/CISLR_v1.5-a_videos/4bUNNgy6hOg_1.mp4,train,True,25.0,75,300,300,3.0
4bjLAMYZciw,strange,5.0,behavior,True,/home/dipshikha/Music/cao/CISLR_v1.5-a_videos/4bjLAMYZciw.mp4,train,True,25.0,101,300,300,4.04
4bzRDATIEGY,ladder,8.0,transport,True,/home/dipshikha/Music/cao/CISLR_v1.5-a_videos/4bzRDATIEGY.mp4,test,True,25.0,195,300,300,7.8
4ee_deI0hZA_1,olympics,5.0,sport,True,/home/dipshikha/Music/cao/CISLR_v1.5-a_videos/4ee_deI0hZA_1.mp4,train,True,25.0,63,300,300,2.52
4epyVRUXIWA,computer,4.0,computer,True,/home/dipshikha/Music/cao/CISLR_v1.5-a_videos/4epyVRUXIWA.mp4,train,True,25.0,93,300,300,3.72
4f7OqHEUjDs,elevation,15.0,geography,True,/home/dipshikha/Music/cao/CISLR_v1.5-a_videos/4f7OqHEUjDs.mp4,train,True,25.0,366,300,300,14.64
4fOrzw3MpL4_1,reservation,7.0,group,True,/home/dipshikha/Music/cao/CISLR_v1.5-a_videos/4fOrzw3MpL4_1.mp4,test,True,25.0,75,300,300,3.0
4fPciu-8Bmw_1,sing,6.0,action,True,/home/dipshikha/Music/cao/CISLR_v1.5-a_videos/4fPciu-8Bmw_1.mp4,train,True,25.0,63,300,300,2.52
4g99hQUlSd4_1,climb down,6.0,action,True,/home/dipshikha/Music/cao/CISLR_v1.5-a_videos/4g99hQUlSd4_1.mp4,train,True,25.0,75,300,300,3.0
4gyV6cLT2o4_1,form,9.0,readable,True,/home/dipshikha/Music/cao/CISLR_v1.5-a_videos/4gyV6cLT2o4_1.mp4,train,True,30.0,120,300,300,4.0
4gzoWw7xiig,date of retirement,13.0,time,True,/home/dipshikha/Music/cao/CISLR_v1.5-a_videos/4gzoWw7xiig.mp4,train,True,24.0,308,300,300,12.833333333333334
4hI14OUpXoc,reaper bainder,15.0,instrument,True,/home/dipshikha/Music/cao/CISLR_v1.5-a_videos/4hI14OUpXoc.mp4,train,True,24.0,357,300,300,14.875
4i5RCrOMoZk_1,kerala,6.0,geography,True,/home/dipshikha/Music/cao/CISLR_v1.5-a_videos/4i5RCrOMoZk_1.mp4,train,True,25.0,75,300,300,3.0
4iLJjksh3C8,smoke,4.0,chemistry,True,/home/dipshikha/Music/cao/CISLR_v1.5-a_videos/4iLJjksh3C8.mp4,train,True,25.0,84,300,300,3.36
4imVoSmU5vc,mauritius,4.0,geography,True,/home/dipshikha/Music/cao/CISLR_v1.5-a_videos/4imVoSmU5vc.mp4,train,True,25.0,78,300,300,3.12
4iyCzQFjHV4,construction,5.0,construction,True,/home/dipshikha/Music/cao/CISLR_v1.5-a_videos/4iyCzQFjHV4.mp4,train,True,25.0,105,300,300,4.2
4jSr_zyFag0_2,radiation,10.0,physics,True,/home/dipshikha/Music/cao/CISLR_v1.5-a_videos/4jSr_zyFag0_2.mp4,train,True,30.0,120,300,300,4.0
4joUJiIztMI_1,bad,8.0,quality,True,/home/dipshikha/Music/cao/CISLR_v1.5-a_videos/4joUJiIztMI_1.mp4,train,True,30.0,105,300,300,3.5
4kKAKsQ5mGU_2,force,11.0,physics,True,/home/dipshikha/Music/cao/CISLR_v1.5-a_videos/4kKAKsQ5mGU_2.mp4,test,True,30.0,146,300,300,4.866666666666666
4lQ5qbaS0Gg_1,cupboard,8.0,utility item,True,/home/dipshikha/Music/cao/CISLR_v1.5-a_videos/4lQ5qbaS0Gg_1.mp4,train,True,30.0,120,300,300,4.0
4m7m4ClAPJA,unfair dismissal,12.0,action,True,/home/dipshikha/Music/cao/CISLR_v1.5-a_videos/4m7m4ClAPJA.mp4,train,True,25.0,284,300,300,11.36
4mBsmsNlAco,classification of fungus,9.0,action,True,/home/dipshikha/Music/cao/CISLR_v1.5-a_videos/4mBsmsNlAco.mp4,train,True,25.0,218,300,300,8.72
4mzBkoNvj34,queue,3.0,group,True,/home/dipshikha/Music/cao/CISLR_v1.5-a_videos/4mzBkoNvj34.mp4,train,True,25.0,70,300,300,2.8
4nHooc3YAYI_1,india,8.0,geography,True,/home/dipshikha/Music/cao/CISLR_v1.5-a_videos/4nHooc3YAYI_1.mp4,train,True,25.0,88,300,300,3.52
4oJ4RzPUxyQ_1,city,5.0,geography,True,/home/dipshikha/Music/cao/CISLR_v1.5-a_videos/4oJ4RzPUxyQ_1.mp4,train,True,25.0,63,300,300,2.52
4oV0XT2-nKE_2,solld fueis,9.0,substance,True,/home/dipshikha/Music/cao/CISLR_v1.5-a_videos/4oV0XT2-nKE_2.mp4,train,True,30.0,108,300,300,3.6
4onhprzwUMw,everyday,4.0,time,True,/home/dipshikha/Music/cao/CISLR_v1.5-a_videos/4onhprzwUMw.mp4,train,True,25.0,98,300,300,3.92
4pCZtQ36l1k,informal,5.0,attribute,True,/home/dipshikha/Music/cao/CISLR_v1.5-a_videos/4pCZtQ36l1k.mp4,train,True,25.0,109,300,300,4.36
4qH-OH2VhXk,appliances control,13.0,electronic and electrical,True,/home/dipshikha/Music/cao/CISLR_v1.5-a_videos/4qH-OH2VhXk.mp4,train,True,25.0,324,300,300,12.96
4rK-NM-p-Fw_2,pump,8.0,machine,True,/home/dipshikha/Music/cao/CISLR_v1.5-a_videos/4rK-NM-p-Fw_2.mp4,train,True,30.0,85,300,300,2.833333333333333
4rworePKeMo,wavy hair,5.0,attribute,True,/home/dipshikha/Music/cao/CISLR_v1.5-a_videos/4rworePKeMo.mp4,train,True,25.0,114,300,300,4.56
4tKpSwmWzRc,ten thousand,6.0,math,True,/home/dipshikha/Music/cao/CISLR_v1.5-a_videos/4tKpSwmWzRc.mp4,train,True,25.0,141,300,300,5.64
4uvlneM9L7I,blue flowered plants,11.0,flora and fauna,True,/home/dipshikha/Music/cao/CISLR_v1.5-a_videos/4uvlneM9L7I.mp4,train,True,25.0,263,300,300,10.52
4w17tl-wULc_1,resignation,7.0,action,True,/home/dipshikha/Music/cao/CISLR_v1.5-a_videos/4w17tl-wULc_1.mp4,train,True,30.0,105,300,300,3.5
4w6FgMm-XfU_1,remember,7.0,action,True,/home/dipshikha/Music/cao/CISLR_v1.5-a_videos/4w6FgMm-XfU_1.mp4,train,True,25.0,75,300,300,3.0
4wFoBAr9SJk,mating method of poultry,14.0,biology,True,/home/dipshikha/Music/cao/CISLR_v1.5-a_videos/4wFoBAr9SJk.mp4,train,True,24.0,334,300,300,13.916666666666666
4xXU89_oMx0,sub directory,10.0,computer,True,/home/dipshikha/Music/cao/CISLR_v1.5-a_videos/4xXU89_oMx0.mp4,train,True,25.0,236,300,300,9.44
4xoxfnCknFc,advantages of drainage,12.0,construction,True,/home/dipshikha/Music/cao/CISLR_v1.5-a_videos/4xoxfnCknFc.mp4,train,True,24.0,276,300,300,11.5
4xykTArwSSg,air india,6.0,transport,True,/home/dipshikha/Music/cao/CISLR_v1.5-a_videos/4xykTArwSSg.mp4,train,True,25.0,144,300,300,5.76
4yEYl3wJ-2g_1,mandatory,7.0,legal,True,/home/dipshikha/Music/cao/CISLR_v1.5-a_videos/4yEYl3wJ-2g_1.mp4,train,True,30.0,90,300,300,3.0
4yJrFqyUKuA,asystole,5.0,medical,True,/home/dipshikha/Music/cao/CISLR_v1.5-a_videos/4yJrFqyUKuA.mp4,train,True,25.0,108,300,300,4.32
4yr92W_JhD0_2,microwave,8.0,electronic and electrical,True,/home/dipshikha/Music/cao/CISLR_v1.5-a_videos/4yr92W_JhD0_2.mp4,train,True,30.0,97,300,300,3.2333333333333334
4zUppDrDP-Q_1,officer,7.0,profession,True,/home/dipshikha/Music/cao/CISLR_v1.5-a_videos/4zUppDrDP-Q_1.mp4,train,True,25.0,75,300,300,3.0
5-DDBSyDDqM_1,bedsheet,9.0,utility item,True,/home/dipshikha/Music/cao/CISLR_v1.5-a_videos/5-DDBSyDDqM_1.mp4,train,True,30.0,135,300,300,4.5
5-Twa3eHlf4,slap,3.0,action,True,/home/dipshikha/Music/cao/CISLR_v1.5-a_videos/5-Twa3eHlf4.mp4,train,True,25.0,65,300,300,2.6
5-YpUXKTx2Q_1,grandson,11.0,relation,True,/home/dipshikha/Music/cao/CISLR_v1.5-a_videos/5-YpUXKTx2Q_1.mp4,train,True,30.0,165,300,300,5.5
5-vEsZ3vXPs,like social media,4.0,internet,True,/home/dipshikha/Music/cao/CISLR_v1.5-a_videos/5-vEsZ3vXPs.mp4,train,True,25.0,77,300,300,3.08
5-z6W_-oGLA,htc mobile,6.0,organisation,True,/home/dipshikha/Music/cao/CISLR_v1.5-a_videos/5-z6W_-oGLA.mp4,train,True,25.0,144,300,300,5.76
50A9vnIaQNE,biscuit,3.0,foods and drinks,True,/home/dipshikha/Music/cao/CISLR_v1.5-a_videos/50A9vnIaQNE.mp4,train,True,25.0,68,300,300,2.72
50Age2AKB6g,infection,15.0,biology,True,/home/dipshikha/Music/cao/CISLR_v1.5-a_videos/50Age2AKB6g.mp4,train,True,25.0,371,300,300,14.84
50ifEC4lOTQ,funeral pyre,5.0,construction,True,/home/dipshikha/Music/cao/CISLR_v1.5-a_videos/50ifEC4lOTQ.mp4,train,True,25.0,125,300,300,5.0
50jD8JNDy1s,already,3.0,time,True,/home/dipshikha/Music/cao/CISLR_v1.5-a_videos/50jD8JNDy1s.mp4,train,True,25.0,59,300,300,2.36
50rdgc3m1wM_1,lotus,6.0,flora and fauna,True,/home/dipshikha/Music/cao/CISLR_v1.5-a_videos/50rdgc3m1wM_1.mp4,train,True,30.0,90,300,300,3.0
51zM9pARAnY_1,blood,8.0,biology,True,/home/dipshikha/Music/cao/CISLR_v1.5-a_videos/51zM9pARAnY_1.mp4,train,True,30.0,105,300,300,3.5
52KfVYsiiXw,shooting,3.0,action,True,/home/dipshikha/Music/cao/CISLR_v1.5-a_videos/52KfVYsiiXw.mp4,train,True,25.0,71,300,300,2.84
52PLBwiKgNs_1,irrevocable,11.0,attribute,True,/home/dipshikha/Music/cao/CISLR_v1.5-a_videos/52PLBwiKgNs_1.mp4,train,True,30.0,165,300,300,5.5
52TTzIUKAAI,monday,4.0,time,True,/home/dipshikha/Music/cao/CISLR_v1.5-a_videos/52TTzIUKAAI.mp4,test,True,25.0,87,300,300,3.48
52a1sCV-74w_1,do,6.0,action,True,/home/dipshikha/Music/cao/CISLR_v1.5-a_videos/52a1sCV-74w_1.mp4,train,True,25.0,63,300,300,2.52
53Srb_Pjvt0_1,pyjama,7.0,wearable,True,/home/dipshikha/Music/cao/CISLR_v1.5-a_videos/53Srb_Pjvt0_1.mp4,train,True,25.0,88,300,300,3.52
53i9PPrlt6o_1,narrow,7.0,quality,True,/home/dipshikha/Music/cao/CISLR_v1.5-a_videos/53i9PPrlt6o_1.mp4,train,True,25.0,75,300,300,3.0
543L-qWLyCY_1,slip,6.0,action,True,/home/dipshikha/Music/cao/CISLR_v1.5-a_videos/543L-qWLyCY_1.mp4,test,True,25.0,63,300,300,2.52
54Y12afDi_M_2,potentiometer,10.0,instrument,True,/home/dipshikha/Music/cao/CISLR_v1.5-a_videos/54Y12afDi_M_2.mp4,train,True,30.0,119,300,300,3.966666666666667
55QkR-ok9Wg_2,alternate current,8.0,physics,True,/home/dipshikha/Music/cao/CISLR_v1.5-a_videos/55QkR-ok9Wg_2.mp4,train,True,30.0,91,300,300,3.033333333333333
56068bo3XzU_2,acceleration,7.0,physics,True,/home/dipshikha/Music/cao/CISLR_v1.5-a_videos/56068bo3XzU_2.mp4,train,True,30.0,78,300,300,2.6
562GxmYvvsg_1,guwahati,5.0,geography,True,/home/dipshikha/Music/cao/CISLR_v1.5-a_videos/562GxmYvvsg_1.mp4,train,True,25.0,50,300,300,2.0
56AJoGhwvLI_1,retail,10.0,quantity,True,/home/dipshikha/Music/cao/CISLR_v1.5-a_videos/56AJoGhwvLI_1.mp4,train,True,30.0,165,300,300,5.5
56SnemyXYDM_1,monetary,7.0,banking,True,/home/dipshikha/Music/cao/CISLR_v1.5-a_videos/56SnemyXYDM_1.mp4,train,True,30.0,120,300,300,4.0
575bTm_lAtE,hsbc bank,5.0,organisation,True,/home/dipshikha/Music/cao/CISLR_v1.5-a_videos/575bTm_lAtE.mp4,train,True,25.0,111,300,300,4.44
57wK5eB74gw,consultant,6.0,profession,True,/home/dipshikha/Music/cao/CISLR_v1.5-a_videos/57wK5eB74gw.mp4,train,True,25.0,141,300,300,5.64
58CE934Cxk0_1,ride,8.0,attribute,True,/home/dipshikha/Music/cao/CISLR_v1.5-a_videos/58CE934Cxk0_1.mp4,train,True,25.0,88,300,300,3.52
59fqI8xBVzw_1,allow,6.0,action,True,/home/dipshikha/Music/cao/CISLR_v1.5-a_videos/59fqI8xBVzw_1.mp4,train,True,25.0,63,300,300,2.52
59i-nVlaygI,triangle,3.0,math,True,/home/dipshikha/Music/cao/CISLR_v1.5-a_videos/59i-nVlaygI.mp4,train,True,25.0,60,300,300,2.4
5AqV_omHThc_1,rate,5.0,banking,True,/home/dipshikha/Music/cao/CISLR_v1.5-a_videos/5AqV_omHThc_1.mp4,train,True,30.0,60,300,300,2.0
5B0lLJXGREY_1,calcutta,6.0,geography,True,/home/dipshikha/Music/cao/CISLR_v1.5-a_videos/5B0lLJXGREY_1.mp4,train,True,25.0,63,300,300,2.52
5BpSu2_wXqs_1,smooth,8.0,quality,True,/home/dipshikha/Music/cao/CISLR_v1.5-a_videos/5BpSu2_wXqs_1.mp4,train,True,25.0,88,300,300,3.52
5BwB9bxmvGY_1,account day,8.0,banking,True,/home/dipshikha/Music/cao/CISLR_v1.5-a_videos/5BwB9bxmvGY_1.mp4,train,True,30.0,105,300,300,3.5
5C7Uj6oTrCI_2,coordinate,8.0,action,True,/home/dipshikha/Music/cao/CISLR_v1.5-a_videos/5C7Uj6oTrCI_2.mp4,train,True,30.0,91,300,300,3.033333333333333
5DK7JulpR9g_1,duster,6.0,utility item,True,/home/dipshikha/Music/cao/CISLR_v1.5-a_videos/5DK7JulpR9g_1.mp4,train,True,25.0,63,300,300,2.52
5DjHf74Wzyk,late,4.0,time,True,/home/dipshikha/Music/cao/CISLR_v1.5-a_videos/5DjHf74Wzyk.mp4,train,True,25.0,91,300,300,3.64
5Dmdenxy5PQ_1,triangle,10.0,math,True,/home/dipshikha/Music/cao/CISLR_v1.5-a_videos/5Dmdenxy5PQ_1.mp4,test,True,30.0,150,300,300,5.0
5FInx5vD418,musician,7.0,profession,True,/home/dipshikha/Music/cao/CISLR_v1.5-a_videos/5FInx5vD418.mp4,train,True,25.0,151,300,300,6.04
5FSC6Og1RBQ_2,water,8.0,substance,True,/home/dipshikha/Music/cao/CISLR_v1.5-a_videos/5FSC6Og1RBQ_2.mp4,train,True,30.0,78,300,300,2.6
5G6-x1aI0yI_1,nominate,6.0,action,True,/home/dipshikha/Music/cao/CISLR_v1.5-a_videos/5G6-x1aI0yI_1.mp4,train,True,30.0,105,300,300,3.5
5GWUar402WQ,paytm,5.0,banking,True,/home/dipshikha/Music/cao/CISLR_v1.5-a_videos/5GWUar402WQ.mp4,train,True,25.0,118,300,300,4.72
5GbIspbaNZA_2,rubber,9.0,utility item,True,/home/dipshikha/Music/cao/CISLR_v1.5-a_videos/5GbIspbaNZA_2.mp4,train,True,30.0,107,300,300,3.566666666666667
5HcRMHu5vNM,rotating tool,12.0,instrument,True,/home/dipshikha/Music/cao/CISLR_v1.5-a_videos/5HcRMHu5vNM.mp4,train,True,24.0,265,300,300,11.041666666666666
5IDn1RRczUo_1,computer,8.0,computer,True,/home/dipshikha/Music/cao/CISLR_v1.5-a_videos/5IDn1RRczUo_1.mp4,test,True,25.0,88,300,300,3.52
5ISUVe2dXX8_1,agriculture,10.0,profession,True,/home/dipshikha/Music/cao/CISLR_v1.5-a_videos/5ISUVe2dXX8_1.mp4,train,True,30.0,135,300,300,4.5
5J8efbi3d6A,bobbinet,8.0,wearable,True,/home/dipshikha/Music/cao/CISLR_v1.5-a_videos/5J8efbi3d6A.mp4,train,True,25.0,196,300,300,7.84
5Joy5x30t6E,deer,4.0,flora and fauna,True,/home/dipshikha/Music/cao/CISLR_v1.5-a_videos/5Joy5x30t6E.mp4,test,True,25.0,91,300,300,3.64
5Jr5AHU6DQI_1,throat,7.0,biology,True,/home/dipshikha/Music/cao/CISLR_v1.5-a_videos/5Jr5AHU6DQI_1.mp4,train,True,30.0,90,300,300,3.0
5JrVqdElpw4,cabbage,5.0,foods and drinks,True,/home/dipshikha/Music/cao/CISLR_v1.5-a_videos/5JrVqdElpw4.mp4,train,True,25.0,121,300,300,4.84
5MpBZLk82m8_1,litre,6.0,metric,True,/home/dipshikha/Music/cao/CISLR_v1.5-a_videos/5MpBZLk82m8_1.mp4,train,True,25.0,75,300,300,3.0
5MtZYbYZhIo,astronaut,7.0,profession,True,/home/dipshikha/Music/cao/CISLR_v1.5-a_videos/5MtZYbYZhIo.mp4,train,True,25.0,155,300,300,6.2
5NZ2WDtePsU_1,goat,6.0,flora and fauna,True,/home/dipshikha/Music/cao/CISLR_v1.5-a_videos/5NZ2WDtePsU_1.mp4,train,True,30.0,90,300,300,3.0
5NwQvEmIQdY,manner,4.0,emotion,True,/home/dipshikha/Music/cao/CISLR_v1.5-a_videos/5NwQvEmIQdY.mp4,train,True,25.0,91,300,300,3.64
5NyBQ0If_iA,environment,4.0,biology,True,/home/dipshikha/Music/cao/CISLR_v1.5-a_videos/5NyBQ0If_iA.mp4,train,True,25.0,76,300,300,3.04
5PHRpx9Lqzc,tongs,5.0,instrument,True,/home/dipshikha/Music/cao/CISLR_v1.5-a_videos/5PHRpx9Lqzc.mp4,test,True,25.0,122,300,300,4.88
5PLTkywHZ50,red flowered plants,11.0,flora and fauna,True,/home/dipshikha/Music/cao/CISLR_v1.5-a_videos/5PLTkywHZ50.mp4,train,True,25.0,251,300,300,10.04
5QEBvIx9U0w,gun,3.0,machine,True,/home/dipshikha/Music/cao/CISLR_v1.5-a_videos/5QEBvIx9U0w.mp4,train,True,25.0,70,300,300,2.8
5QIrV6DdCG0,co accused,14.0,legal,True,/home/dipshikha/Music/cao/CISLR_v1.5-a_videos/5QIrV6DdCG0.mp4,train,True,25.0,340,300,300,13.6
5QOHsTpMPlM_1,fire,8.0,substance,True,/home/dipshikha/Music/cao/CISLR_v1.5-a_videos/5QOHsTpMPlM_1.mp4,train,True,25.0,100,300,300,4.0
5QnbWBcMSSA_2,independent,10.0,attribute,True,/home/dipshikha/Music/cao/CISLR_v1.5-a_videos/5QnbWBcMSSA_2.mp4,train,True,30.0,118,300,300,3.933333333333333
5Qu6asXdlFs,interview,6.0,process,True,/home/dipshikha/Music/cao/CISLR_v1.5-a_videos/5Qu6asXdlFs.mp4,train,True,25.0,132,300,300,5.28
5RD0XpWkclQ,kilometre,9.0,metric,True,/home/dipshikha/Music/cao/CISLR_v1.5-a_videos/5RD0XpWkclQ.mp4,train,True,25.0,210,300,300,8.4
5SkNxNsxu_E_1,date,5.0,time,True,/home/dipshikha/Music/cao/CISLR_v1.5-a_videos/5SkNxNsxu_E_1.mp4,train,True,30.0,75,300,300,2.5
5T4-x5twTKo_2,distribute,7.0,action,True,/home/dipshikha/Music/cao/CISLR_v1.5-a_videos/5T4-x5twTKo_2.mp4,train,True,30.0,80,300,300,2.6666666666666665
5TJpvP7Ksbk,indoor gardening,11.0,profession,True,/home/dipshikha/Music/cao/CISLR_v1.5-a_videos/5TJpvP7Ksbk.mp4,train,True,25.0,265,300,300,10.6
5TWOGQz75xc,paan,5.0,foods and drinks,True,/home/dipshikha/Music/cao/CISLR_v1.5-a_videos/5TWOGQz75xc.mp4,train,True,25.0,125,300,300,5.0
5TdjY77NHDE_1,funny,6.0,sensation,True,/home/dipshikha/Music/cao/CISLR_v1.5-a_videos/5TdjY77NHDE_1.mp4,test,True,25.0,75,300,300,3.0
5ToU3NVFX_Q,weekly,11.0,time,True,/home/dipshikha/Music/cao/CISLR_v1.5-a_videos/5ToU3NVFX_Q.mp4,train,True,25.0,274,300,300,10.96
5U9kzmEMhoA,soil physics,15.0,physics,True,/home/dipshikha/Music/cao/CISLR_v1.5-a_videos/5U9kzmEMhoA.mp4,train,True,25.0,370,300,300,14.8
5Vs-9iTD6nA,ingadulicis,13.0,flora and fauna,True,/home/dipshikha/Music/cao/CISLR_v1.5-a_videos/5Vs-9iTD6nA.mp4,train,True,24.0,296,300,300,12.333333333333334
5WFDWbMDynQ,vodka,4.0,foods and drinks,True,/home/dipshikha/Music/cao/CISLR_v1.5-a_videos/5WFDWbMDynQ.mp4,train,True,25.0,77,300,300,3.08
5WjkSj17yjE_1,wait,6.0,action,True,/home/dipshikha/Music/cao/CISLR_v1.5-a_videos/5WjkSj17yjE_1.mp4,train,True,25.0,63,300,300,2.52
5YO6JToom0U,public,4.0,attribute,True,/home/dipshikha/Music/cao/CISLR_v1.5-a_videos/5YO6JToom0U.mp4,train,True,25.0,98,300,300,3.92
5YiMdn9qyYw,seam ripper,11.0,instrument,True,/home/dipshikha/Music/cao/CISLR_v1.5-a_videos/5YiMdn9qyYw.mp4,train,True,25.0,264,300,300,10.56
5Yw2lTDlGnY_1,wednesday,5.0,time,True,/home/dipshikha/Music/cao/CISLR_v1.5-a_videos/5Yw2lTDlGnY_1.mp4,train,True,30.0,90,300,300,3.0
5ZQ26qxo_qY_1,fall,5.0,action,True,/home/dipshikha/Music/cao/CISLR_v1.5-a_videos/5ZQ26qxo_qY_1.mp4,train,True,25.0,63,300,300,2.52
5Z_Rm0W-HgE,indian sign language research and training centre,5.0,organisation,True,/home/dipshikha/Music/cao/CISLR_v1.5-a_videos/5Z_Rm0W-HgE.mp4,train,True,25.0,117,300,300,4.68
5Zpf5yMNgc0_1,hot,5.0,sensation,True,/home/dipshikha/Music/cao/CISLR_v1.5-a_videos/5Zpf5yMNgc0_1.mp4,test,True,25.0,63,300,300,2.52
5_XwDbt8TGc,grass,4.0,flora and fauna,True,/home/dipshikha/Music/cao/CISLR_v1.5-a_videos/5_XwDbt8TGc.mp4,train,True,25.0,92,300,300,3.68
5abyQsJRQIY,kidney beans,4.0,foods and drinks,True,/home/dipshikha/Music/cao/CISLR_v1.5-a_videos/5abyQsJRQIY.mp4,test,True,25.0,95,300,300,3.8
5anbkZmuIaQ,age,4.0,stage,True,/home/dipshikha/Music/cao/CISLR_v1.5-a_videos/5anbkZmuIaQ.mp4,train,True,25.0,87,300,300,3.48
5at6UD4G24k_1,valid,7.0,legal,True,/home/dipshikha/Music/cao/CISLR_v1.5-a_videos/5at6UD4G24k_1.mp4,train,True,30.0,90,300,300,3.0
5b-82ujbB1g,glass cutter,14.0,instrument,True,/home/dipshikha/Music/cao/CISLR_v1.5-a_videos/5b-82ujbB1g.mp4,train,True,24.0,323,300,300,13.458333333333334
5buFHMBPDy4,wound,4.0,medical,True,/home/dipshikha/Music/cao/CISLR_v1.5-a_videos/5buFHMBPDy4.mp4,train,True,25.0,99,300,300,3.96
5bwdijeaEjE_1,fear,7.0,emotion,True,/home/dipshikha/Music/cao/CISLR_v1.5-a_videos/5bwdijeaEjE_1.mp4,train,True,30.0,90,300,300,3.0
5c0M_nkTsmg,knock,3.0,gesture,True,/home/dipshikha/Music/cao/CISLR_v1.5-a_videos/5c0M_nkTsmg.mp4,train,True,25.0,72,300,300,2.88
5cNi4x3S8RA,reporter,4.0,profession,True,/home/dipshikha/Music/cao/CISLR_v1.5-a_videos/5cNi4x3S8RA.mp4,train,True,25.0,88,300,300,3.52
5cQsAM_VpBw,beam,7.0,construction,True,/home/dipshikha/Music/cao/CISLR_v1.5-a_videos/5cQsAM_VpBw.mp4,train,True,25.0,166,300,300,6.64
5dKLdjBujo4_1,scope,9.0,abstract,True,/home/dipshikha/Music/cao/CISLR_v1.5-a_videos/5dKLdjBujo4_1.mp4,train,True,30.0,150,300,300,5.0
5dPJr4Pent8,peacock,4.0,flora and fauna,True,/home/dipshikha/Music/cao/CISLR_v1.5-a_videos/5dPJr4Pent8.mp4,train,True,25.0,96,300,300,3.84
5dvE8jj59zQ_1,account charges,13.0,banking,True,/home/dipshikha/Music/cao/CISLR_v1.5-a_videos/5dvE8jj59zQ_1.mp4,train,True,29.916666666666668,210,300,300,7.01949860724234
5fAIyKZuqjs_1,puja,6.0,religious,True,/home/dipshikha/Music/cao/CISLR_v1.5-a_videos/5fAIyKZuqjs_1.mp4,train,True,25.0,75,300,300,3.0
5gyfQ4lGoao_1,page,6.0,utility item,True,/home/dipshikha/Music/cao/CISLR_v1.5-a_videos/5gyfQ4lGoao_1.mp4,train,True,25.0,63,300,300,2.52
5j6Yr6SF5fE_1,wolf,5.0,flora and fauna,True,/home/dipshikha/Music/cao/CISLR_v1.5-a_videos/5j6Yr6SF5fE_1.mp4,train,True,30.0,75,300,300,2.5
5jDsH5VpFBo,play,4.0,action,True,/home/dipshikha/Music/cao/CISLR_v1.5-a_videos/5jDsH5VpFBo.mp4,train,True,25.0,88,300,300,3.52
5johRx7KP7k,stone masonry,7.0,construction,True,/home/dipshikha/Music/cao/CISLR_v1.5-a_videos/5johRx7KP7k.mp4,train,True,25.0,168,300,300,6.72
5js6qwxEL3Y,on the basis of major causal agents,15.0,biology,True,/home/dipshikha/Music/cao/CISLR_v1.5-a_videos/5js6qwxEL3Y.mp4,train,True,25.0,368,300,300,14.72
5ketMObfFu8_1,torch,7.0,electronic and electrical,True,/home/dipshikha/Music/cao/CISLR_v1.5-a_videos/5ketMObfFu8_1.mp4,test,True,30.0,90,300,300,3.0
5kpV_69sODk_1,lightning,6.0,weather,True,/home/dipshikha/Music/cao/CISLR_v1.5-a_videos/5kpV_69sODk_1.mp4,train,True,25.0,63,300,300,2.52
5lUAbnLn8YU_2,thermal energy,8.0,physics,True,/home/dipshikha/Music/cao/CISLR_v1.5-a_videos/5lUAbnLn8YU_2.mp4,train,True,30.0,90,300,300,3.0
5luUUDnqHL0,guava,4.0,foods and drinks,True,/home/dipshikha/Music/cao/CISLR_v1.5-a_videos/5luUUDnqHL0.mp4,train,True,25.0,86,300,300,3.44
5mMQLQbzvuU_1,national anthem,8.0,sound,True,/home/dipshikha/Music/cao/CISLR_v1.5-a_videos/5mMQLQbzvuU_1.mp4,train,True,25.0,88,300,300,3.52
5mRd9gulCKs,rubber,5.0,utility item,True,/home/dipshikha/Music/cao/CISLR_v1.5-a_videos/5mRd9gulCKs.mp4,test,True,25.0,109,300,300,4.36
5n-rJGblvPA,abscond,4.0,action,True,/home/dipshikha/Music/cao/CISLR_v1.5-a_videos/5n-rJGblvPA.mp4,train,True,25.0,80,300,300,3.2
5nM7nJBkrvA_2,stearn engine,9.0,transport,True,/home/dipshikha/Music/cao/CISLR_v1.5-a_videos/5nM7nJBkrvA_2.mp4,train,True,30.0,73,300,300,2.433333333333333
5naqubp3l2I_1,games,6.0,sport,True,/home/dipshikha/Music/cao/CISLR_v1.5-a_videos/5naqubp3l2I_1.mp4,train,True,25.0,63,300,300,2.52
5nlcoXAOqFQ,return,4.0,action,True,/home/dipshikha/Music/cao/CISLR_v1.5-a_videos/5nlcoXAOqFQ.mp4,train,True,25.0,78,300,300,3.12
5oIuAvPIeUc_1,christian,6.0,religious,True,/home/dipshikha/Music/cao/CISLR_v1.5-a_videos/5oIuAvPIeUc_1.mp4,train,True,25.0,63,300,300,2.52
5oJk09B7YN4_2,upward,7.0,spatial position,True,/home/dipshikha/Music/cao/CISLR_v1.5-a_videos/5oJk09B7YN4_2.mp4,train,True,30.0,81,300,300,2.7
5ov1E2nBePg_1,office,6.0,organisation,True,/home/dipshikha/Music/cao/CISLR_v1.5-a_videos/5ov1E2nBePg_1.mp4,test,True,25.0,63,300,300,2.52
5oxAsvVFIqs,banner,4.0,miscellaneous object,True,/home/dipshikha/Music/cao/CISLR_v1.5-a_videos/5oxAsvVFIqs.mp4,train,True,24.0,74,300,300,3.083333333333333
5p0_OOFy_NY,indonesia,4.0,geography,True,/home/dipshikha/Music/cao/CISLR_v1.5-a_videos/5p0_OOFy_NY.mp4,train,True,25.0,94,300,300,3.76
5p6D25oVSyI_1,knowledge working,11.0,abstract,True,/home/dipshikha/Music/cao/CISLR_v1.5-a_videos/5p6D25oVSyI_1.mp4,train,True,30.0,180,300,300,6.0
5pRxQFocP7I,yak,5.0,flora and fauna,True,/home/dipshikha/Music/cao/CISLR_v1.5-a_videos/5pRxQFocP7I.mp4,train,True,25.0,122,300,300,4.88
5pVbyAyMows_2,power,8.0,attribute,True,/home/dipshikha/Music/cao/CISLR_v1.5-a_videos/5pVbyAyMows_2.mp4,train,True,30.0,87,300,300,2.9
5pXM8FVyL7Y_2,chain reaction,10.0,chemistry,True,/home/dipshikha/Music/cao/CISLR_v1.5-a_videos/5pXM8FVyL7Y_2.mp4,train,True,30.0,112,300,300,3.733333333333333
5pYCIsZH-H4,pencil,4.0,utility item,True,/home/dipshikha/Music/cao/CISLR_v1.5-a_videos/5pYCIsZH-H4.mp4,test,True,25.0,91,300,300,3.64
5rAIznB2Sg0,range,5.0,math,True,/home/dipshikha/Music/cao/CISLR_v1.5-a_videos/5rAIznB2Sg0.mp4,train,True,25.0,101,300,300,4.04
5reXwGDh438,seventy,4.0,math,True,/home/dipshikha/Music/cao/CISLR_v1.5-a_videos/5reXwGDh438.mp4,train,True,25.0,97,300,300,3.88
5rku2NSGq94,bathroom,4.0,construction,True,/home/dipshikha/Music/cao/CISLR_v1.5-a_videos/5rku2NSGq94.mp4,test,True,25.0,88,300,300,3.52
5sQnSTQKZgw_1,bill,9.0,banking,True,/home/dipshikha/Music/cao/CISLR_v1.5-a_videos/5sQnSTQKZgw_1.mp4,test,True,30.0,120,300,300,4.0
5sfiu9fyEt8,lady,3.0,human,True,/home/dipshikha/Music/cao/CISLR_v1.5-a_videos/5sfiu9fyEt8.mp4,train,True,25.0,73,300,300,2.92
5smQtXAYAKM,thrice,5.0,comparator,True,/home/dipshikha/Music/cao/CISLR_v1.5-a_videos/5smQtXAYAKM.mp4,train,True,25.0,114,300,300,4.56
5uBzL7htLvA_1,oath,6.0,legal,True,/home/dipshikha/Music/cao/CISLR_v1.5-a_videos/5uBzL7htLvA_1.mp4,train,True,25.0,63,300,300,2.52
5udtEzoi0Lo,niger,3.0,geography,True,/home/dipshikha/Music/cao/CISLR_v1.5-a_videos/5udtEzoi0Lo.mp4,train,True,25.0,66,300,300,2.64
5ul1ArPWA-U_1,lic,10.0,banking,True,/home/dipshikha/Music/cao/CISLR_v1.5-a_videos/5ul1ArPWA-U_1.mp4,train,True,30.0,180,300,300,6.0
5uzypvZIzOI,jaipur,5.0,geography,True,/home/dipshikha/Music/cao/CISLR_v1.5-a_videos/5uzypvZIzOI.mp4,train,True,25.0,108,300,300,4.32
5vSILe--brU_2,mile,8.0,metric,True,/home/dipshikha/Music/cao/CISLR_v1.5-a_videos/5vSILe--brU_2.mp4,train,True,30.0,97,300,300,3.2333333333333334
5vj022EoOLA,outdo,4.0,action,True,/home/dipshikha/Music/cao/CISLR_v1.5-a_videos/5vj022EoOLA.mp4,train,True,25.0,97,300,300,3.88
5vyTHPBq4Sg_1,badminton,6.0,sport,True,/home/dipshikha/Music/cao/CISLR_v1.5-a_videos/5vyTHPBq4Sg_1.mp4,train,True,25.0,75,300,300,3.0
5xLVmxL3p0k,muslim,4.0,religious,True,/home/dipshikha/Music/cao/CISLR_v1.5-a_videos/5xLVmxL3p0k.mp4,train,True,25.0,76,300,300,3.04
5xmJG9zQ9jw,alive,4.0,stage,True,/home/dipshikha/Music/cao/CISLR_v1.5-a_videos/5xmJG9zQ9jw.mp4,train,True,25.0,91,300,300,3.64
5xpCpxYgLGg,accompany,4.0,group,True,/home/dipshikha/Music/cao/CISLR_v1.5-a_videos/5xpCpxYgLGg.mp4,train,True,25.0,100,300,300,4.0
5y3eMNykOsA,apartment,4.0,construction,True,/home/dipshikha/Music/cao/CISLR_v1.5-a_videos/5y3eMNykOsA.mp4,train,True,25.0,95,300,300,3.8
5y87G_irytQ,unite,4.0,action,True,/home/dipshikha/Music/cao/CISLR_v1.5-a_videos/5y87G_irytQ.mp4,train,True,25.0,83,300,300,3.32
5yEAIUigL8o_2,cohesive,8.0,physics,True,/home/dipshikha/Music/cao/CISLR_v1.5-a_videos/5yEAIUigL8o_2.mp4,train,True,30.0,103,300,300,3.433333333333333
5ye1yjh3Z20,make a long story short,4.0,process,True,/home/dipshikha/Music/cao/CISLR_v1.5-a_videos/5ye1yjh3Z20.mp4,train,True,25.0,88,300,300,3.52
5yfuRyFh-qs_1,embroidery,7.0,wearable,True,/home/dipshikha/Music/cao/CISLR_v1.5-a_videos/5yfuRyFh-qs_1.mp4,train,True,25.0,75,300,300,3.0
5zBLuemgyH8,individual,5.0,quantity,True,/home/dipshikha/Music/cao/CISLR_v1.5-a_videos/5zBLuemgyH8.mp4,train,True,25.0,103,300,300,4.12
5zGzPqCNdn0_1,surat,6.0,geography,True,/home/dipshikha/Music/cao/CISLR_v1.5-a_videos/5zGzPqCNdn0_1.mp4,train,True,25.0,63,300,300,2.52
5zUlp2QmgiA_1,pyjama,7.0,wearable,True,/home/dipshikha/Music/cao/CISLR_v1.5-a_videos/5zUlp2QmgiA_1.mp4,test,True,25.0,88,300,300,3.52
6-puAJsTDRQ,england,5.0,geography,True,/home/dipshikha/Music/cao/CISLR_v1.5-a_videos/6-puAJsTDRQ.mp4,train,True,25.0,117,300,300,4.68
60gcpXhOpxg,pen,4.0,utility item,True,/home/dipshikha/Music/cao/CISLR_v1.5-a_videos/60gcpXhOpxg.mp4,train,True,25.0,88,300,300,3.52
614YmkupYl0_1,lie,6.0,action,True,/home/dipshikha/Music/cao/CISLR_v1.5-a_videos/614YmkupYl0_1.mp4,train,True,30.0,90,300,300,3.0
622-g3xXvgw_1,mug,7.0,utility item,True,/home/dipshikha/Music/cao/CISLR_v1.5-a_videos/622-g3xXvgw_1.mp4,train,True,30.0,90,300,300,3.0
63BPw0sMbtQ_1,calculator,7.0,math,True,/home/dipshikha/Music/cao/CISLR_v1.5-a_videos/63BPw0sMbtQ_1.mp4,test,True,25.0,75,300,300,3.0
63LBwsyLl5s,tall,4.0,attribute,True,/home/dipshikha/Music/cao/CISLR_v1.5-a_videos/63LBwsyLl5s.mp4,train,True,25.0,97,300,300,3.88
63NSXGtnLNQ,science,4.0,education,True,/home/dipshikha/Music/cao/CISLR_v1.5-a_videos/63NSXGtnLNQ.mp4,train,True,25.0,89,300,300,3.56
63ziYT2F6ps,jasmine,5.0,flora and fauna,True,/home/dipshikha/Music/cao/CISLR_v1.5-a_videos/63ziYT2F6ps.mp4,train,True,25.0,121,300,300,4.84
64Cdgzetaxs,capital,5.0,legal,True,/home/dipshikha/Music/cao/CISLR_v1.5-a_videos/64Cdgzetaxs.mp4,train,True,25.0,109,300,300,4.36
64cEWCYIWDo,cereal disease,10.0,medical,True,/home/dipshikha/Music/cao/CISLR_v1.5-a_videos/64cEWCYIWDo.mp4,train,True,25.0,226,300,300,9.04
655X55UP2HM_1,vote,8.0,action,True,/home/dipshikha/Music/cao/CISLR_v1.5-a_videos/655X55UP2HM_1.mp4,train,True,25.0,88,300,300,3.52
65N0VvcXr_Y,parricide,10.0,legal,True,/home/dipshikha/Music/cao/CISLR_v1.5-a_videos/65N0VvcXr_Y.mp4,train,True,24.0,231,300,300,9.625
65whLEBzOCw,e-book,4.0,readable,True,/home/dipshikha/Music/cao/CISLR_v1.5-a_videos/65whLEBzOCw.mp4,train,True,25.0,88,300,300,3.52
66XVsuuo9BA,researcher,6.0,human,True,/home/dipshikha/Music/cao/CISLR_v1.5-a_videos/66XVsuuo9BA.mp4,train,True,25.0,132,300,300,5.28
672SUsSwn10,day,4.0,time,True,/home/dipshikha/Music/cao/CISLR_v1.5-a_videos/672SUsSwn10.mp4,test,True,25.0,95,300,300,3.8
67RFKb9R-Rs,potential,10.0,attribute,True,/home/dipshikha/Music/cao/CISLR_v1.5-a_videos/67RFKb9R-Rs.mp4,train,True,25.0,248,300,300,9.92
67rzuuIBt2A,architect,14.0,profession,True,/home/dipshikha/Music/cao/CISLR_v1.5-a_videos/67rzuuIBt2A.mp4,train,True,25.0,325,300,300,13.0
690vMI8P9Zc_1,management,7.0,profession,True,/home/dipshikha/Music/cao/CISLR_v1.5-a_videos/690vMI8P9Zc_1.mp4,train,True,30.0,120,300,300,4.0
696laBQvzaA_2,volcano,7.0,geography,True,/home/dipshikha/Music/cao/CISLR_v1.5-a_videos/696laBQvzaA_2.mp4,train,True,30.0,81,300,300,2.7
6AZvFIaf6UU_1,restore,7.0,action,True,/home/dipshikha/Music/cao/CISLR_v1.5-a_videos/6AZvFIaf6UU_1.mp4,train,True,29.916666666666668,105,300,300,3.5097493036211698
6BHgvzr83E8,toothpick,4.0,utility item,True,/home/dipshikha/Music/cao/CISLR_v1.5-a_videos/6BHgvzr83E8.mp4,train,True,25.0,78,300,300,3.12
6BxN42ZQweM,newsreader,8.0,computer,True,/home/dipshikha/Music/cao/CISLR_v1.5-a_videos/6BxN42ZQweM.mp4,train,True,25.0,191,300,300,7.64
6CF-GjN1qCs,noun,4.0,language,True,/home/dipshikha/Music/cao/CISLR_v1.5-a_videos/6CF-GjN1qCs.mp4,train,True,25.0,83,300,300,3.32
6D-tRJn3T6E,day after,9.0,time,True,/home/dipshikha/Music/cao/CISLR_v1.5-a_videos/6D-tRJn3T6E.mp4,test,True,25.0,210,300,300,8.4
6Dzj5-OjQzU,rock drill machine,8.0,machine,True,/home/dipshikha/Music/cao/CISLR_v1.5-a_videos/6Dzj5-OjQzU.mp4,train,True,25.0,178,300,300,7.12
6E8c6WGZH_8_1,hollow,6.0,spatial position,True,/home/dipshikha/Music/cao/CISLR_v1.5-a_videos/6E8c6WGZH_8_1.mp4,train,True,25.0,63,300,300,2.52
6EeXmMuxrQc_1,silk,9.0,wearable,True,/home/dipshikha/Music/cao/CISLR_v1.5-a_videos/6EeXmMuxrQc_1.mp4,train,True,29.916666666666668,120,300,300,4.011142061281337
6GToY6IT_Pg_1,confident,7.0,emotion,True,/home/dipshikha/Music/cao/CISLR_v1.5-a_videos/6GToY6IT_Pg_1.mp4,train,True,30.0,90,300,300,3.0
6J46Gkv1CzI,column,14.0,construction,True,/home/dipshikha/Music/cao/CISLR_v1.5-a_videos/6J46Gkv1CzI.mp4,train,True,24.0,312,300,300,13.0
6JEcTQfX4yI_1,belief,7.0,abstract,True,/home/dipshikha/Music/cao/CISLR_v1.5-a_videos/6JEcTQfX4yI_1.mp4,train,True,30.0,90,300,300,3.0
6Jc3GEN51ks,visa,4.0,legal,True,/home/dipshikha/Music/cao/CISLR_v1.5-a_videos/6Jc3GEN51ks.mp4,train,True,25.0,88,300,300,3.52
6KSKyvfyJGs,full,4.0,sensation,True,/home/dipshikha/Music/cao/CISLR_v1.5-a_videos/6KSKyvfyJGs.mp4,train,True,25.0,91,300,300,3.64
6M1rP2r672o_1,aeroplane,7.0,transport,True,/home/dipshikha/Music/cao/CISLR_v1.5-a_videos/6M1rP2r672o_1.mp4,train,True,25.0,88,300,300,3.52
6MpvtbLWDbo,permanent,5.0,attribute,True,/home/dipshikha/Music/cao/CISLR_v1.5-a_videos/6MpvtbLWDbo.mp4,test,True,25.0,124,300,300,4.96
6MxUXd3IEfM_1,pond,9.0,geography,True,/home/dipshikha/Music/cao/CISLR_v1.5-a_videos/6MxUXd3IEfM_1.mp4,train,True,25.0,100,300,300,4.0
6N1X5V0C5d8,doe,10.0,flora and fauna,True,/home/dipshikha/Music/cao/CISLR_v1.5-a_videos/6N1X5V0C5d8.mp4,train,True,24.0,231,300,300,9.625
6NiPfrusu8E_1,unregistered,7.0,legal,True,/home/dipshikha/Music/cao/CISLR_v1.5-a_videos/6NiPfrusu8E_1.mp4,train,True,30.0,120,300,300,4.0
6OIXmWk9mhY_1,groundnut,6.0,foods and drinks,True,/home/dipshikha/Music/cao/CISLR_v1.5-a_videos/6OIXmWk9mhY_1.mp4,train,True,25.0,63,300,300,2.52
6O_VhGkView_1,lie,6.0,action,True,/home/dipshikha/Music/cao/CISLR_v1.5-a_videos/6O_VhGkView_1.mp4,test,True,30.0,75,300,300,2.5
6P3Z2nkQD3c,gutka,3.0,foods and drinks,True,/home/dipshikha/Music/cao/CISLR_v1.5-a_videos/6P3Z2nkQD3c.mp4,train,True,25.0,70,300,300,2.8
6QAnPWF0rLk_2,infrasonic,8.0,physics,True,/home/dipshikha/Music/cao/CISLR_v1.5-a_videos/6QAnPWF0rLk_2.mp4,train,True,30.0,92,300,300,3.066666666666667
6RB0s_hkY_o_1,repurchase,6.0,action,True,/home/dipshikha/Music/cao/CISLR_v1.5-a_videos/6RB0s_hkY_o_1.mp4,train,True,30.0,75,300,300,2.5
6RFwCF9xelU_1,thursday,7.0,time,True,/home/dipshikha/Music/cao/CISLR_v1.5-a_videos/6RFwCF9xelU_1.mp4,test,True,30.0,90,300,300,3.0
6SG2o63BKdM_1,stock in hand,8.0,banking,True,/home/dipshikha/Music/cao/CISLR_v1.5-a_videos/6SG2o63BKdM_1.mp4,train,True,30.0,120,300,300,4.0
6SgubmEkZQM_1,wash,6.0,action,True,/home/dipshikha/Music/cao/CISLR_v1.5-a_videos/6SgubmEkZQM_1.mp4,train,True,25.0,75,300,300,3.0
6T7sRjrH2hU,same,4.0,comparator,True,/home/dipshikha/Music/cao/CISLR_v1.5-a_videos/6T7sRjrH2hU.mp4,train,True,25.0,85,300,300,3.4
6UUmcqXYDLA_1,brinjal,6.0,foods and drinks,True,/home/dipshikha/Music/cao/CISLR_v1.5-a_videos/6UUmcqXYDLA_1.mp4,train,True,25.0,75,300,300,3.0
6UkQusxL7SI_1,know,7.0,action,True,/home/dipshikha/Music/cao/CISLR_v1.5-a_videos/6UkQusxL7SI_1.mp4,train,True,25.0,88,300,300,3.52
6X8mSzwuKWw_1,drink,6.0,action,True,/home/dipshikha/Music/cao/CISLR_v1.5-a_videos/6X8mSzwuKWw_1.mp4,train,True,25.0,63,300,300,2.52
6Xyl6CNQ_f4,one crore,5.0,math,True,/home/dipshikha/Music/cao/CISLR_v1.5-a_videos/6Xyl6CNQ_f4.mp4,train,True,25.0,114,300,300,4.56
6YLxdNCHGpg,determined,12.0,emotion,True,/home/dipshikha/Music/cao/CISLR_v1.5-a_videos/6YLxdNCHGpg.mp4,train,True,25.0,293,300,300,11.72
6YdDaQpd7-E_1,bangalore,5.0,geography,True,/home/dipshikha/Music/cao/CISLR_v1.5-a_videos/6YdDaQpd7-E_1.mp4,train,True,25.0,63,300,300,2.52
6ZWrFKv-PrI,noon,4.0,time,True,/home/dipshikha/Music/cao/CISLR_v1.5-a_videos/6ZWrFKv-PrI.mp4,train,True,25.0,90,300,300,3.6
6ZaYY0vo6pk_1,train,6.0,transport,True,/home/dipshikha/Music/cao/CISLR_v1.5-a_videos/6ZaYY0vo6pk_1.mp4,train,True,25.0,75,300,300,3.0
6_vArDwgWLI_1,reservation,7.0,group,True,/home/dipshikha/Music/cao/CISLR_v1.5-a_videos/6_vArDwgWLI_1.mp4,test,True,30.0,105,300,300,3.5
6adOKxf2hJY_2,vibration,6.0,physics,True,/home/dipshikha/Music/cao/CISLR_v1.5-a_videos/6adOKxf2hJY_2.mp4,train,True,30.0,64,300,300,2.1333333333333333
6al4AYYeD6A,cobbler,5.0,profession,True,/home/dipshikha/Music/cao/CISLR_v1.5-a_videos/6al4AYYeD6A.mp4,test,True,25.0,108,300,300,4.32
6ao-N2yvDYc_1,letter,7.0,readable,True,/home/dipshikha/Music/cao/CISLR_v1.5-a_videos/6ao-N2yvDYc_1.mp4,train,True,25.0,88,300,300,3.52
6aqON2kGdHA_1,swim,7.0,action,True,/home/dipshikha/Music/cao/CISLR_v1.5-a_videos/6aqON2kGdHA_1.mp4,train,True,25.0,75,300,300,3.0
6bb5IDbiyzw,rehabilitation,3.0,process,True,/home/dipshikha/Music/cao/CISLR_v1.5-a_videos/6bb5IDbiyzw.mp4,train,True,25.0,74,300,300,2.96
6bhBP3kbyds,war,5.0,abstract,True,/home/dipshikha/Music/cao/CISLR_v1.5-a_videos/6bhBP3kbyds.mp4,train,True,25.0,124,300,300,4.96
6buysVt7T14,bertha,9.0,wearable,True,/home/dipshikha/Music/cao/CISLR_v1.5-a_videos/6buysVt7T14.mp4,train,True,25.0,211,300,300,8.44
6c8Zy5HvpQQ,fog,5.0,weather,True,/home/dipshikha/Music/cao/CISLR_v1.5-a_videos/6c8Zy5HvpQQ.mp4,train,True,25.0,120,300,300,4.8
6d6qF1tF1yk,bushes,8.0,flora and fauna,True,/home/dipshikha/Music/cao/CISLR_v1.5-a_videos/6d6qF1tF1yk.mp4,train,True,25.0,184,300,300,7.36
6e0T9ObBi14_1,overcharge,6.0,banking,True,/home/dipshikha/Music/cao/CISLR_v1.5-a_videos/6e0T9ObBi14_1.mp4,train,True,30.0,105,300,300,3.5
6eCbHVCJ9N0,lead,4.0,authority,True,/home/dipshikha/Music/cao/CISLR_v1.5-a_videos/6eCbHVCJ9N0.mp4,train,True,25.0,97,300,300,3.88
6f0v-e468AI,community,5.0,group,True,/home/dipshikha/Music/cao/CISLR_v1.5-a_videos/6f0v-e468AI.mp4,train,True,25.0,122,300,300,4.88
6f5kXjfqcU0_1,avoid,5.0,action,True,/home/dipshikha/Music/cao/CISLR_v1.5-a_videos/6f5kXjfqcU0_1.mp4,train,True,25.0,50,300,300,2.0
6gXuMMAxOm0,interest,5.0,behavior,True,/home/dipshikha/Music/cao/CISLR_v1.5-a_videos/6gXuMMAxOm0.mp4,test,True,25.0,110,300,300,4.4
6iHv9-pIldQ,sailor pants,10.0,wearable,True,/home/dipshikha/Music/cao/CISLR_v1.5-a_videos/6iHv9-pIldQ.mp4,train,True,25.0,240,300,300,9.6
6ij6_5cxcfk,trip,5.0,event,True,/home/dipshikha/Music/cao/CISLR_v1.5-a_videos/6ij6_5cxcfk.mp4,train,True,25.0,110,300,300,4.4
6ivNgy-ppH8_1,year financial,7.0,banking,True,/home/dipshikha/Music/cao/CISLR_v1.5-a_videos/6ivNgy-ppH8_1.mp4,train,True,30.0,90,300,300,3.0
6jQ0I8KDlHg_2,slower,7.0,comparator,True,/home/dipshikha/Music/cao/CISLR_v1.5-a_videos/6jQ0I8KDlHg_2.mp4,train,True,30.0,85,300,300,2.833333333333333
6kVsL2YCP7I,grapes,4.0,foods and drinks,True,/home/dipshikha/Music/cao/CISLR_v1.5-a_videos/6kVsL2YCP7I.mp4,train,True,25.0,90,300,300,3.6
6l6GxuCUthA_2,conductor,12.0,physics,True,/home/dipshikha/Music/cao/CISLR_v1.5-a_videos/6l6GxuCUthA_2.mp4,train,True,30.0,152,300,300,5.066666666666666
6l8NQiTrf_M_1,chat,8.0,action,True,/home/dipshikha/Music/cao/CISLR_v1.5-a_videos/6l8NQiTrf_M_1.mp4,train,True,30.0,120,300,300,4.0
6lJS7YqGLVU,service,3.0,action,True,/home/dipshikha/Music/cao/CISLR_v1.5-a_videos/6lJS7YqGLVU.mp4,train,True,25.0,68,300,300,2.72
6m-jzzkuyGM,politics,4.0,politics,True,/home/dipshikha/Music/cao/CISLR_v1.5-a_videos/6m-jzzkuyGM.mp4,train,True,25.0,98,300,300,3.92
6mdmCIxWWfo_1,pf,6.0,banking,True,/home/dipshikha/Music/cao/CISLR_v1.5-a_videos/6mdmCIxWWfo_1.mp4,train,True,30.0,90,300,300,3.0
6nKQbhX9QHo,strong,5.0,quality,True,/home/dipshikha/Music/cao/CISLR_v1.5-a_videos/6nKQbhX9QHo.mp4,train,True,25.0,125,300,300,5.0
6nV_USsOh4w_2,mathematical,8.0,math,True,/home/dipshikha/Music/cao/CISLR_v1.5-a_videos/6nV_USsOh4w_2.mp4,train,True,30.0,102,300,300,3.4
6oKB5PY2M64,swim,5.0,action,True,/home/dipshikha/Music/cao/CISLR_v1.5-a_videos/6oKB5PY2M64.mp4,test,True,25.0,117,300,300,4.68
6oic47Y6lcc_1,si,9.0,metric,True,/home/dipshikha/Music/cao/CISLR_v1.5-a_videos/6oic47Y6lcc_1.mp4,train,True,30.0,135,300,300,4.5
6pGyXMLfphA_1,lucky,7.0,quality,True,/home/dipshikha/Music/cao/CISLR_v1.5-a_videos/6pGyXMLfphA_1.mp4,train,True,25.0,75,300,300,3.0
6q-qrk-VdXw_1,valley,8.0,geography,True,/home/dipshikha/Music/cao/CISLR_v1.5-a_videos/6q-qrk-VdXw_1.mp4,train,True,25.0,100,300,300,4.0
6r8MMPO3o9w_1,deposit,10.0,banking,True,/home/dipshikha/Music/cao/CISLR_v1.5-a_videos/6r8MMPO3o9w_1.mp4,train,True,30.0,135,300,300,4.5
6rTPgPHDnGU,attitude,4.0,behavior,True,/home/dipshikha/Music/cao/CISLR_v1.5-a_videos/6rTPgPHDnGU.mp4,test,True,25.0,81,300,300,3.24
6rot7kh6uZ8_1,warehouse,10.0,construction,True,/home/dipshikha/Music/cao/CISLR_v1.5-a_videos/6rot7kh6uZ8_1.mp4,train,True,30.0,135,300,300,4.5
6s4UdZ5D58o,january,3.0,time,True,/home/dipshikha/Music/cao/CISLR_v1.5-a_videos/6s4UdZ5D58o.mp4,train,True,25.0,68,300,300,2.72
6sMzCN4STPU_1,loose leaf binder,11.0,utility item,True,/home/dipshikha/Music/cao/CISLR_v1.5-a_videos/6sMzCN4STPU_1.mp4,train,True,30.0,165,300,300,5.5
6sQeR9LXn-U_2,yellow,9.0,attribute,True,/home/dipshikha/Music/cao/CISLR_v1.5-a_videos/6sQeR9LXn-U_2.mp4,train,True,30.0,98,300,300,3.2666666666666666
6t3agerx9rQ_2,oscillation,11.0,physics,True,/home/dipshikha/Music/cao/CISLR_v1.5-a_videos/6t3agerx9rQ_2.mp4,train,True,30.0,143,300,300,4.766666666666667
6tAfiAYopfo_1,share holder,9.0,banking,True,/home/dipshikha/Music/cao/CISLR_v1.5-a_videos/6tAfiAYopfo_1.mp4,train,True,30.0,120,300,300,4.0
6u077PZEv0Y_1,bottle,6.0,utility item,True,/home/dipshikha/Music/cao/CISLR_v1.5-a_videos/6u077PZEv0Y_1.mp4,train,True,30.0,75,300,300,2.5
6uCWIe3S0tI,backup,4.0,abstract,True,/home/dipshikha/Music/cao/CISLR_v1.5-a_videos/6uCWIe3S0tI.mp4,train,True,24.0,71,300,300,2.958333333333333
6vWqgLivxJg_2,rest,8.0,action,True,/home/dipshikha/Music/cao/CISLR_v1.5-a_videos/6vWqgLivxJg_2.mp4,train,True,30.0,89,300,300,2.966666666666667
6wOOntcIJjE,rum,4.0,foods and drinks,True,/home/dipshikha/Music/cao/CISLR_v1.5-a_videos/6wOOntcIJjE.mp4,train,True,25.0,89,300,300,3.56
6wXGUZtHp5w,twenty one,5.0,quantity,True,/home/dipshikha/Music/cao/CISLR_v1.5-a_videos/6wXGUZtHp5w.mp4,train,True,25.0,107,300,300,4.28
6x41e1s898c_1,group,9.0,group,True,/home/dipshikha/Music/cao/CISLR_v1.5-a_videos/6x41e1s898c_1.mp4,test,True,30.0,120,300,300,4.0
6xUFRFEzi4Y_2,compass,15.0,instrument,True,/home/dipshikha/Music/cao/CISLR_v1.5-a_videos/6xUFRFEzi4Y_2.mp4,train,True,30.0,207,300,300,6.9
6y6ylBP0yc8,cheque,6.0,banking,True,/home/dipshikha/Music/cao/CISLR_v1.5-a_videos/6y6ylBP0yc8.mp4,train,True,25.0,129,300,300,5.16
6zIJ0xpo2xM_1,grass,6.0,flora and fauna,True,/home/dipshikha/Music/cao/CISLR_v1.5-a_videos/6zIJ0xpo2xM_1.mp4,test,True,30.0,75,300,300,2.5
6zvOKDKmWRc_1,blouse,7.0,wearable,True,/home/dipshikha/Music/cao/CISLR_v1.5-a_videos/6zvOKDKmWRc_1.mp4,test,True,25.0,75,300,300,3.0
7-U7JLrcGHo,aeroplane,4.0,transport,True,/home/dipshikha/Music/cao/CISLR_v1.5-a_videos/7-U7JLrcGHo.mp4,test,True,25.0,82,300,300,3.28
7-b8CgRyOtY_1,profession,7.0,profession,True,/home/dipshikha/Music/cao/CISLR_v1.5-a_videos/7-b8CgRyOtY_1.mp4,train,True,30.0,105,300,300,3.5
70EhU8eg6hQ,ammeter,11.0,physics,True,/home/dipshikha/Music/cao/CISLR_v1.5-a_videos/70EhU8eg6hQ.mp4,train,True,25.0,253,300,300,10.12
70hVqYWQIpc_1,waves,8.0,physics,True,/home/dipshikha/Music/cao/CISLR_v1.5-a_videos/70hVqYWQIpc_1.mp4,train,True,25.0,88,300,300,3.52
70wTMPGmS-U,secret,4.0,attribute,True,/home/dipshikha/Music/cao/CISLR_v1.5-a_videos/70wTMPGmS-U.mp4,train,True,25.0,87,300,300,3.48
71MQl0F0_No,letter,5.0,readable,True,/home/dipshikha/Music/cao/CISLR_v1.5-a_videos/71MQl0F0_No.mp4,test,True,25.0,109,300,300,4.36
71ZZmuGbkO8_1,unbalance,9.0,banking,True,/home/dipshikha/Music/cao/CISLR_v1.5-a_videos/71ZZmuGbkO8_1.mp4,train,True,30.0,120,300,300,4.0
71zRPKBG0Sw,sloped roof,5.0,construction,True,/home/dipshikha/Music/cao/CISLR_v1.5-a_videos/71zRPKBG0Sw.mp4,train,True,25.0,117,300,300,4.68
748qVYC4N1s,chennai,4.0,geography,True,/home/dipshikha/Music/cao/CISLR_v1.5-a_videos/748qVYC4N1s.mp4,train,True,25.0,78,300,300,3.12
74CMVSgSmuQ_1,registrar,7.0,profession,True,/home/dipshikha/Music/cao/CISLR_v1.5-a_videos/74CMVSgSmuQ_1.mp4,train,True,30.0,105,300,300,3.5
76BfFrybs0c,back date,15.0,time,True,/home/dipshikha/Music/cao/CISLR_v1.5-a_videos/76BfFrybs0c.mp4,train,True,25.0,357,300,300,14.28
76nlaB0l3kk,december,4.0,time,True,/home/dipshikha/Music/cao/CISLR_v1.5-a_videos/76nlaB0l3kk.mp4,test,True,25.0,100,300,300,4.0
779eNGeW_Fo,draft,4.0,legal,True,/home/dipshikha/Music/cao/CISLR_v1.5-a_videos/779eNGeW_Fo.mp4,train,True,25.0,77,300,300,3.08
77A4jL_zT1I,view,5.0,action,True,/home/dipshikha/Music/cao/CISLR_v1.5-a_videos/77A4jL_zT1I.mp4,train,True,25.0,115,300,300,4.6
77Mi-wPnSZQ,typographical error,15.0,action,True,/home/dipshikha/Music/cao/CISLR_v1.5-a_videos/77Mi-wPnSZQ.mp4,train,True,25.0,358,300,300,14.32
780_wVKvhts_1,sunflower,7.0,flora and fauna,True,/home/dipshikha/Music/cao/CISLR_v1.5-a_videos/780_wVKvhts_1.mp4,train,True,29.916666666666668,90,300,300,3.0083565459610027
78YXhG9tLvk_1,orange,9.0,abstract,True,/home/dipshikha/Music/cao/CISLR_v1.5-a_videos/78YXhG9tLvk_1.mp4,train,True,30.0,120,300,300,4.0
78hb7LPYmDU,divide,4.0,action,True,/home/dipshikha/Music/cao/CISLR_v1.5-a_videos/78hb7LPYmDU.mp4,train,True,25.0,97,300,300,3.88
7AvSjQ7GV3c_1,sphere,10.0,abstract,True,/home/dipshikha/Music/cao/CISLR_v1.5-a_videos/7AvSjQ7GV3c_1.mp4,train,True,30.0,135,300,300,4.5
7BK0J1hZ7_Q,vacation,4.0,event,True,/home/dipshikha/Music/cao/CISLR_v1.5-a_videos/7BK0J1hZ7_Q.mp4,train,True,25.0,82,300,300,3.28
7BS16GXaOrY_2,pole,14.0,astronomical,True,/home/dipshikha/Music/cao/CISLR_v1.5-a_videos/7BS16GXaOrY_2.mp4,train,True,30.0,190,300,300,6.333333333333333
7ChtWi4wz8E_1,friday,6.0,time,True,/home/dipshikha/Music/cao/CISLR_v1.5-a_videos/7ChtWi4wz8E_1.mp4,train,True,30.0,75,300,300,2.5
7D-_Ilut5Ns,union bank of india,5.0,organisation,True,/home/dipshikha/Music/cao/CISLR_v1.5-a_videos/7D-_Ilut5Ns.mp4,train,True,24.0,113,300,300,4.708333333333333
7DFNLpdTyc8_1,praise,7.0,action,True,/home/dipshikha/Music/cao/CISLR_v1.5-a_videos/7DFNLpdTyc8_1.mp4,test,True,25.0,75,300,300,3.0
7EAhIFjcLPw_1,post dated,9.0,time,True,/home/dipshikha/Music/cao/CISLR_v1.5-a_videos/7EAhIFjcLPw_1.mp4,train,True,30.0,120,300,300,4.0
7EWF3Rsjn6Y,salt,5.0,foods and drinks,True,/home/dipshikha/Music/cao/CISLR_v1.5-a_videos/7EWF3Rsjn6Y.mp4,train,True,25.0,119,300,300,4.76
7Ef8k8x0ESQ_1,bud,6.0,flora and fauna,True,/home/dipshikha/Music/cao/CISLR_v1.5-a_videos/7Ef8k8x0ESQ_1.mp4,train,True,30.0,75,300,300,2.5
7EmJ9RQmT_w_1,bury,8.0,action,True,/home/dipshikha/Music/cao/CISLR_v1.5-a_videos/7EmJ9RQmT_w_1.mp4,train,True,30.0,120,300,300,4.0
7F5-fio5ipg,beading needles,14.0,utility item,True,/home/dipshikha/Music/cao/CISLR_v1.5-a_videos/7F5-fio5ipg.mp4,train,True,25.0,348,300,300,13.92
7FcFS0hXehs,hundred,4.0,math,True,/home/dipshikha/Music/cao/CISLR_v1.5-a_videos/7FcFS0hXehs.mp4,train,True,25.0,99,300,300,3.96
7Fi1Cawh4YY_2,radio,7.0,electronic and electrical,True,/home/dipshikha/Music/cao/CISLR_v1.5-a_videos/7Fi1Cawh4YY_2.mp4,train,True,30.0,82,300,300,2.7333333333333334
7FmS5KzjtL0_1,account closed,12.0,banking,True,/home/dipshikha/Music/cao/CISLR_v1.5-a_videos/7FmS5KzjtL0_1.mp4,train,True,30.0,195,300,300,6.5
7FspuW_vgNc,cowl  sleeve,12.0,wearable,True,/home/dipshikha/Music/cao/CISLR_v1.5-a_videos/7FspuW_vgNc.mp4,train,True,25.0,300,300,300,12.0
7HFTUAIevO8,percentage,5.0,math,True,/home/dipshikha/Music/cao/CISLR_v1.5-a_videos/7HFTUAIevO8.mp4,train,True,25.0,105,300,300,4.2
7HfVuSW5Alw_1,guilty,7.0,emotion,True,/home/dipshikha/Music/cao/CISLR_v1.5-a_videos/7HfVuSW5Alw_1.mp4,train,True,30.0,105,300,300,3.5
7Hpx20l91V8,stationary work,14.0,physics,True,/home/dipshikha/Music/cao/CISLR_v1.5-a_videos/7Hpx20l91V8.mp4,train,True,24.0,334,300,300,13.916666666666666
7I3kECWTA4w,coat,3.0,wearable,True,/home/dipshikha/Music/cao/CISLR_v1.5-a_videos/7I3kECWTA4w.mp4,train,True,25.0,68,300,300,2.72
7JXTpPBaS8I,owner,4.0,human,True,/home/dipshikha/Music/cao/CISLR_v1.5-a_videos/7JXTpPBaS8I.mp4,train,True,25.0,96,300,300,3.84
7JdpsRQl8eY,bharatiya janata party,4.0,politics,True,/home/dipshikha/Music/cao/CISLR_v1.5-a_videos/7JdpsRQl8eY.mp4,test,True,24.0,75,300,300,3.125
7KWNMKoNe8g,bicycle shorts,13.0,wearable,True,/home/dipshikha/Music/cao/CISLR_v1.5-a_videos/7KWNMKoNe8g.mp4,train,True,25.0,323,300,300,12.92
7LIiVsJI6W8_1,over head projector,8.0,instrument,True,/home/dipshikha/Music/cao/CISLR_v1.5-a_videos/7LIiVsJI6W8_1.mp4,train,True,25.0,88,300,300,3.52
7LIrmOTBAok_1,finish,5.0,action,True,/home/dipshikha/Music/cao/CISLR_v1.5-a_videos/7LIrmOTBAok_1.mp4,train,True,25.0,50,300,300,2.0
7LMLwdCweAs,agave fillifera,14.0,flora and fauna,True,/home/dipshikha/Music/cao/CISLR_v1.5-a_videos/7LMLwdCweAs.mp4,train,True,24.0,314,300,300,13.083333333333334
7LWzbtBSOi0_2,machines,8.0,machine,True,/home/dipshikha/Music/cao/CISLR_v1.5-a_videos/7LWzbtBSOi0_2.mp4,train,True,30.0,84,300,300,2.8
7LXVtTEP_IU_1,sea,8.0,geography,True,/home/dipshikha/Music/cao/CISLR_v1.5-a_videos/7LXVtTEP_IU_1.mp4,train,True,25.0,125,300,300,5.0
7Le7IfihZ0g,shock,3.0,behavior,True,/home/dipshikha/Music/cao/CISLR_v1.5-a_videos/7Le7IfihZ0g.mp4,train,True,25.0,31,300,300,1.24
7MBisqj8VbE,sheep,5.0,flora and fauna,True,/home/dipshikha/Music/cao/CISLR_v1.5-a_videos/7MBisqj8VbE.mp4,train,True,25.0,118,300,300,4.72
7MItzb6gz2c_1,deputation,10.0,authority,True,/home/dipshikha/Music/cao/CISLR_v1.5-a_videos/7MItzb6gz2c_1.mp4,train,True,30.0,135,300,300,4.5
7MN-nFtrnjs_1,bill,9.0,banking,True,/home/dipshikha/Music/cao/CISLR_v1.5-a_videos/7MN-nFtrnjs_1.mp4,test,True,30.0,135,300,300,4.5
7O43NW_PICc,dog,4.0,flora and fauna,True,/home/dipshikha/Music/cao/CISLR_v1.5-a_videos/7O43NW_PICc.mp4,train,True,25.0,90,300,300,3.6
7OMdIhQ7zzM_1,loan,7.0,banking,True,/home/dipshikha/Music/cao/CISLR_v1.5-a_videos/7OMdIhQ7zzM_1.mp4,train,True,30.0,90,300,300,3.0
7OSI0FK-ka8_1,enemy,8.0,relation,True,/home/dipshikha/Music/cao/CISLR_v1.5-a_videos/7OSI0FK-ka8_1.mp4,train,True,30.0,120,300,300,4.0
7P34KxZ_KLE_1,territorial,11.0,banking,True,/home/dipshikha/Music/cao/CISLR_v1.5-a_videos/7P34KxZ_KLE_1.mp4,train,True,30.0,150,300,300,5.0
7P9YL1tEnVs,bright,4.0,attribute,True,/home/dipshikha/Music/cao/CISLR_v1.5-a_videos/7P9YL1tEnVs.mp4,train,True,25.0,83,300,300,3.32
7PKlEo-ZLME,example,4.0,abstract,True,/home/dipshikha/Music/cao/CISLR_v1.5-a_videos/7PKlEo-ZLME.mp4,train,True,25.0,97,300,300,3.88
7R_b_tfp5lM,tuesday,3.0,time,True,/home/dipshikha/Music/cao/CISLR_v1.5-a_videos/7R_b_tfp5lM.mp4,train,True,25.0,73,300,300,2.92
7RjhIe4sKm0,washerman,7.0,profession,True,/home/dipshikha/Music/cao/CISLR_v1.5-a_videos/7RjhIe4sKm0.mp4,train,True,25.0,164,300,300,6.56
7Rl3OaaGNkY,necklace,5.0,utility item,True,/home/dipshikha/Music/cao/CISLR_v1.5-a_videos/7Rl3OaaGNkY.mp4,train,True,25.0,120,300,300,4.8
7Rq6uvvCPd0,september,4.0,time,True,/home/dipshikha/Music/cao/CISLR_v1.5-a_videos/7Rq6uvvCPd0.mp4,test,True,25.0,83,300,300,3.32
7S1IJ8OrInU,escape,4.0,action,True,/home/dipshikha/Music/cao/CISLR_v1.5-a_videos/7S1IJ8OrInU.mp4,test,True,25.0,88,300,300,3.52
7SZTGACgaMk_1,vada,6.0,foods and drinks,True,/home/dipshikha/Music/cao/CISLR_v1.5-a_videos/7SZTGACgaMk_1.mp4,train,True,25.0,75,300,300,3.0
7TAkooD4Lyc,might,3.0,language,True,/home/dipshikha/Music/cao/CISLR_v1.5-a_videos/7TAkooD4Lyc.mp4,train,True,25.0,70,300,300,2.8
7VB_sLH5j4Q_1,there,6.0,geography,True,/home/dipshikha/Music/cao/CISLR_v1.5-a_videos/7VB_sLH5j4Q_1.mp4,train,True,25.0,75,300,300,3.0
7ViTNBqzX6o_2,frictional force,10.0,physics,True,/home/dipshikha/Music/cao/CISLR_v1.5-a_videos/7ViTNBqzX6o_2.mp4,train,True,30.0,114,300,300,3.8
7Vn056hXh9U_1,red,10.0,abstract,True,/home/dipshikha/Music/cao/CISLR_v1.5-a_videos/7Vn056hXh9U_1.mp4,train,True,30.0,135,300,300,4.5
7Vn_Dto8Vq4_1,famous,7.0,attribute,True,/home/dipshikha/Music/cao/CISLR_v1.5-a_videos/7Vn_Dto8Vq4_1.mp4,train,True,25.0,75,300,300,3.0
7W6zp8la1G4,energy meter,9.0,physics,True,/home/dipshikha/Music/cao/CISLR_v1.5-a_videos/7W6zp8la1G4.mp4,train,True,25.0,210,300,300,8.4
7WLX7jxH84k_1,tuesday,5.0,time,True,/home/dipshikha/Music/cao/CISLR_v1.5-a_videos/7WLX7jxH84k_1.mp4,test,True,30.0,75,300,300,2.5
7YQ0D3swwMk,profession,6.0,profession,True,/home/dipshikha/Music/cao/CISLR_v1.5-a_videos/7YQ0D3swwMk.mp4,test,True,25.0,131,300,300,5.24
7ZQ4WwqhthM,nap fabrick,9.0,utility item,True,/home/dipshikha/Music/cao/CISLR_v1.5-a_videos/7ZQ4WwqhthM.mp4,train,True,25.0,205,300,300,8.2
7_VrNljOvzI_1,real,7.0,attribute,True,/home/dipshikha/Music/cao/CISLR_v1.5-a_videos/7_VrNljOvzI_1.mp4,train,True,25.0,75,300,300,3.0
7aIfkOrtlBM_1,video cassette recorder,9.0,electronic and electrical,True,/home/dipshikha/Music/cao/CISLR_v1.5-a_videos/7aIfkOrtlBM_1.mp4,train,True,25.0,100,300,300,4.0
7al_t9swbtA,snail,4.0,flora and fauna,True,/home/dipshikha/Music/cao/CISLR_v1.5-a_videos/7al_t9swbtA.mp4,train,True,25.0,86,300,300,3.44
7bb5Lg8QKIs_1,hair,8.0,biology,True,/home/dipshikha/Music/cao/CISLR_v1.5-a_videos/7bb5Lg8QKIs_1.mp4,train,True,30.0,150,300,300,5.0
7bqtiz4KRnE,why,3.0,abstract,True,/home/dipshikha/Music/cao/CISLR_v1.5-a_videos/7bqtiz4KRnE.mp4,train,True,25.0,74,300,300,2.96
7c7A8VNHDg0,burundi,3.0,geography,True,/home/dipshikha/Music/cao/CISLR_v1.5-a_videos/7c7A8VNHDg0.mp4,train,True,25.0,73,300,300,2.92
7ehztIhH_uA_2,gas,10.0,physics,True,/home/dipshikha/Music/cao/CISLR_v1.5-a_videos/7ehztIhH_uA_2.mp4,train,True,30.0,123,300,300,4.1
7fO_vanzHOw_1,priest,6.0,profession,True,/home/dipshikha/Music/cao/CISLR_v1.5-a_videos/7fO_vanzHOw_1.mp4,train,True,25.0,75,300,300,3.0
7fdPaEyfc9Y_1,your,7.0,relation,True,/home/dipshikha/Music/cao/CISLR_v1.5-a_videos/7fdPaEyfc9Y_1.mp4,train,True,25.0,75,300,300,3.0
7gX_v77CcuU_1,press,6.0,action,True,/home/dipshikha/Music/cao/CISLR_v1.5-a_videos/7gX_v77CcuU_1.mp4,train,True,25.0,75,300,300,3.0
7ghzTv4t-MU_1,papaya,7.0,foods and drinks,True,/home/dipshikha/Music/cao/CISLR_v1.5-a_videos/7ghzTv4t-MU_1.mp4,train,True,25.0,75,300,300,3.0
7gjYUfW4BEs_1,semi urban,10.0,attribute,True,/home/dipshikha/Music/cao/CISLR_v1.5-a_videos/7gjYUfW4BEs_1.mp4,train,True,30.0,165,300,300,5.5
7h45o7GDrlo,juhu beach,4.0,geography,True,/home/dipshikha/Music/cao/CISLR_v1.5-a_videos/7h45o7GDrlo.mp4,train,True,25.0,94,300,300,3.76
7hICMJlI2hQ_2,resistor,11.0,physics,True,/home/dipshikha/Music/cao/CISLR_v1.5-a_videos/7hICMJlI2hQ_2.mp4,train,True,30.0,141,300,300,4.7
7hQwjcb-qlU,natural numbers,9.0,math,True,/home/dipshikha/Music/cao/CISLR_v1.5-a_videos/7hQwjcb-qlU.mp4,train,True,25.0,216,300,300,8.64
7iPa6A1bwuE,asymmetrical design,8.0,attribute,True,/home/dipshikha/Music/cao/CISLR_v1.5-a_videos/7iPa6A1bwuE.mp4,train,True,24.0,169,300,300,7.041666666666667
7j8hKnkT0yw_1,face,8.0,biology,True,/home/dipshikha/Music/cao/CISLR_v1.5-a_videos/7j8hKnkT0yw_1.mp4,test,True,30.0,135,300,300,4.5
7kEbmn2BWIA,india,5.0,geography,True,/home/dipshikha/Music/cao/CISLR_v1.5-a_videos/7kEbmn2BWIA.mp4,test,True,25.0,108,300,300,4.32
7kHYT1bESao,external parasite,11.0,biology,True,/home/dipshikha/Music/cao/CISLR_v1.5-a_videos/7kHYT1bESao.mp4,train,True,24.0,255,300,300,10.625
7kHhJbwb-xg,interest,5.0,banking,True,/home/dipshikha/Music/cao/CISLR_v1.5-a_videos/7kHhJbwb-xg.mp4,test,True,25.0,124,300,300,4.96
7kqD46WoJWQ_1,brave,6.0,emotion,True,/home/dipshikha/Music/cao/CISLR_v1.5-a_videos/7kqD46WoJWQ_1.mp4,train,True,30.0,90,300,300,3.0
7ktA4sMqKSo_1,grow,6.0,time,True,/home/dipshikha/Music/cao/CISLR_v1.5-a_videos/7ktA4sMqKSo_1.mp4,test,True,30.0,90,300,300,3.0
7n50MsM5c7A,bugle,5.0,sound,True,/home/dipshikha/Music/cao/CISLR_v1.5-a_videos/7n50MsM5c7A.mp4,train,True,25.0,125,300,300,5.0
7nOhCp26zqo,netherlands,3.0,geography,True,/home/dipshikha/Music/cao/CISLR_v1.5-a_videos/7nOhCp26zqo.mp4,train,True,25.0,73,300,300,2.92
7nTC398KiPM,therapist,11.0,profession,True,/home/dipshikha/Music/cao/CISLR_v1.5-a_videos/7nTC398KiPM.mp4,train,True,25.0,254,300,300,10.16
7ob8md8RHzg_1,hop,6.0,action,True,/home/dipshikha/Music/cao/CISLR_v1.5-a_videos/7ob8md8RHzg_1.mp4,train,True,25.0,63,300,300,2.52
7poFsrrVPVk,commerce,5.0,commerce,True,/home/dipshikha/Music/cao/CISLR_v1.5-a_videos/7poFsrrVPVk.mp4,train,True,25.0,102,300,300,4.08
7qLPwuH3tVw,they,4.0,relation,True,/home/dipshikha/Music/cao/CISLR_v1.5-a_videos/7qLPwuH3tVw.mp4,train,True,25.0,82,300,300,3.28
7r-E5BNnbZU,shocked,3.0,behavior,True,/home/dipshikha/Music/cao/CISLR_v1.5-a_videos/7r-E5BNnbZU.mp4,train,True,25.0,73,300,300,2.92
7rmoeayLR8Y_1,steel,8.0,metal and minerals,True,/home/dipshikha/Music/cao/CISLR_v1.5-a_videos/7rmoeayLR8Y_1.mp4,train,True,30.0,105,300,300,3.5
7rvnsRkA5WU_2,area,10.0,geography,True,/home/dipshikha/Music/cao/CISLR_v1.5-a_videos/7rvnsRkA5WU_2.mp4,train,True,30.0,123,300,300,4.1
7s75Cr5aSJI,shutdown,5.0,process,True,/home/dipshikha/Music/cao/CISLR_v1.5-a_videos/7s75Cr5aSJI.mp4,train,True,25.0,120,300,300,4.8
7sR29KFzUog,touch,6.0,sensation,True,/home/dipshikha/Music/cao/CISLR_v1.5-a_videos/7sR29KFzUog.mp4,train,True,25.0,148,300,300,5.92
7spvXhsm6k0,proof,4.0,miscellaneous object,True,/home/dipshikha/Music/cao/CISLR_v1.5-a_videos/7spvXhsm6k0.mp4,train,True,25.0,98,300,300,3.92
7swvJrXBA3I_1,family,9.0,group,True,/home/dipshikha/Music/cao/CISLR_v1.5-a_videos/7swvJrXBA3I_1.mp4,train,True,30.0,135,300,300,4.5
7tUKe_6Lxpk,baton,11.0,instrument,True,/home/dipshikha/Music/cao/CISLR_v1.5-a_videos/7tUKe_6Lxpk.mp4,train,True,25.0,256,300,300,10.24
7u54vvW1UKQ,rajdhani train,3.0,transport,True,/home/dipshikha/Music/cao/CISLR_v1.5-a_videos/7u54vvW1UKQ.mp4,train,True,25.0,73,300,300,2.92
7usxzuFAysI_1,year,5.0,time,True,/home/dipshikha/Music/cao/CISLR_v1.5-a_videos/7usxzuFAysI_1.mp4,train,True,30.0,60,300,300,2.0
7vVeFsNN7uA,mason,5.0,profession,True,/home/dipshikha/Music/cao/CISLR_v1.5-a_videos/7vVeFsNN7uA.mp4,train,True,25.0,108,300,300,4.32
7veKecqLRlM_1,stove,8.0,utility item,True,/home/dipshikha/Music/cao/CISLR_v1.5-a_videos/7veKecqLRlM_1.mp4,train,True,30.0,105,300,300,3.5
7w2Aev6pww0,rule,4.0,authority,True,/home/dipshikha/Music/cao/CISLR_v1.5-a_videos/7w2Aev6pww0.mp4,train,True,25.0,90,300,300,3.6
7xLp4cKj5eo_2,spherical mirror,9.0,physics,True,/home/dipshikha/Music/cao/CISLR_v1.5-a_videos/7xLp4cKj5eo_2.mp4,train,True,30.0,108,300,300,3.6
7xT3gRg4lpk_1,wealth,9.0,abstract,True,/home/dipshikha/Music/cao/CISLR_v1.5-a_videos/7xT3gRg4lpk_1.mp4,train,True,30.0,150,300,300,5.0
7zKiKasH-ec_2,pink,12.0,abstract,True,/home/dipshikha/Music/cao/CISLR_v1.5-a_videos/7zKiKasH-ec_2.mp4,test,True,30.0,145,300,300,4.833333333333333
7zYJmIUn870_1,earn,9.0,profession,True,/home/dipshikha/Music/cao/CISLR_v1.5-a_videos/7zYJmIUn870_1.mp4,train,True,30.0,120,300,300,4.0
8-KFF8qu6IY_1,vadodara,6.0,geography,True,/home/dipshikha/Music/cao/CISLR_v1.5-a_videos/8-KFF8qu6IY_1.mp4,train,True,25.0,63,300,300,2.52
8-ifVHALpCw_1,endorsement,9.0,banking,True,/home/dipshikha/Music/cao/CISLR_v1.5-a_videos/8-ifVHALpCw_1.mp4,train,True,30.0,135,300,300,4.5
816BojVf1nk,tata mobile,5.0,electronic and electrical,True,/home/dipshikha/Music/cao/CISLR_v1.5-a_videos/816BojVf1nk.mp4,train,True,25.0,120,300,300,4.8
81n3FI_Di84_1,interrogation,10.0,legal,True,/home/dipshikha/Music/cao/CISLR_v1.5-a_videos/81n3FI_Di84_1.mp4,train,True,30.0,180,300,300,6.0
82w5E_szSfs_2,cylinder,12.0,math,True,/home/dipshikha/Music/cao/CISLR_v1.5-a_videos/82w5E_szSfs_2.mp4,train,True,30.0,149,300,300,4.966666666666667
83gKsBHpPOM,aspiration,4.0,abstract,True,/home/dipshikha/Music/cao/CISLR_v1.5-a_videos/83gKsBHpPOM.mp4,train,True,25.0,100,300,300,4.0
83vmd1I6Q4U,carcinoid tumor,8.0,medical,True,/home/dipshikha/Music/cao/CISLR_v1.5-a_videos/83vmd1I6Q4U.mp4,train,True,25.0,194,300,300,7.76
83zhg0Uf5jE,ceiling,13.0,construction,True,/home/dipshikha/Music/cao/CISLR_v1.5-a_videos/83zhg0Uf5jE.mp4,train,True,25.0,301,300,300,12.04
84G6by8Z7Ak,surface water,14.0,geography,True,/home/dipshikha/Music/cao/CISLR_v1.5-a_videos/84G6by8Z7Ak.mp4,train,True,24.0,325,300,300,13.541666666666666
870f18p-XdE,save,4.0,action,True,/home/dipshikha/Music/cao/CISLR_v1.5-a_videos/870f18p-XdE.mp4,train,True,25.0,94,300,300,3.76
88Uj27nX_f4_1,bad debts,8.0,banking,True,/home/dipshikha/Music/cao/CISLR_v1.5-a_videos/88Uj27nX_f4_1.mp4,train,True,30.0,120,300,300,4.0
88cVTMvw2fw,garden,4.0,construction,True,/home/dipshikha/Music/cao/CISLR_v1.5-a_videos/88cVTMvw2fw.mp4,train,True,25.0,76,300,300,3.04
890291gO6Io_1,debt doubtful,10.0,banking,True,/home/dipshikha/Music/cao/CISLR_v1.5-a_videos/890291gO6Io_1.mp4,train,True,30.0,135,300,300,4.5
8A3qKZoz1ik,degree,5.0,education,True,/home/dipshikha/Music/cao/CISLR_v1.5-a_videos/8A3qKZoz1ik.mp4,train,True,25.0,108,300,300,4.32
8AKc3tUUqso,sweet,4.0,attribute,True,/home/dipshikha/Music/cao/CISLR_v1.5-a_videos/8AKc3tUUqso.mp4,train,True,25.0,89,300,300,3.56
8CfsiPsHoQs_1,hearing aid,8.0,sound,True,/home/dipshikha/Music/cao/CISLR_v1.5-a_videos/8CfsiPsHoQs_1.mp4,train,True,25.0,88,300,300,3.52
8CsqDF-3gGA,suppress,4.0,action,True,/home/dipshikha/Music/cao/CISLR_v1.5-a_videos/8CsqDF-3gGA.mp4,train,True,25.0,94,300,300,3.76
8D3_VYGa8Zk_1,terrace,9.0,construction,True,/home/dipshikha/Music/cao/CISLR_v1.5-a_videos/8D3_VYGa8Zk_1.mp4,train,True,30.0,120,300,300,4.0
8DJVQADbpd0_1,cook,5.0,foods and drinks,True,/home/dipshikha/Music/cao/CISLR_v1.5-a_videos/8DJVQADbpd0_1.mp4,train,True,25.0,63,300,300,2.52
8Dx2cvy46lU,yardstick,8.0,utility item,True,/home/dipshikha/Music/cao/CISLR_v1.5-a_videos/8Dx2cvy46lU.mp4,train,True,25.0,193,300,300,7.72
8EF9j5VqHzw,calendar,4.0,time,True,/home/dipshikha/Music/cao/CISLR_v1.5-a_videos/8EF9j5VqHzw.mp4,train,True,25.0,100,300,300,4.0
8FU08s4mBkI_1,iron,7.0,metal and minerals,True,/home/dipshikha/Music/cao/CISLR_v1.5-a_videos/8FU08s4mBkI_1.mp4,test,True,30.0,105,300,300,3.5
8FkwA1OENww_1,cold,5.0,sensation,True,/home/dipshikha/Music/cao/CISLR_v1.5-a_videos/8FkwA1OENww_1.mp4,train,True,25.0,63,300,300,2.52
8FuV0BKlSrc_1,punctual,7.0,attribute,True,/home/dipshikha/Music/cao/CISLR_v1.5-a_videos/8FuV0BKlSrc_1.mp4,train,True,30.0,105,300,300,3.5
8G5NgkTRK8s,capital,4.0,legal,True,/home/dipshikha/Music/cao/CISLR_v1.5-a_videos/8G5NgkTRK8s.mp4,test,True,25.0,80,300,300,3.2
8HEymPeiThc,network,9.0,internet,True,/home/dipshikha/Music/cao/CISLR_v1.5-a_videos/8HEymPeiThc.mp4,train,True,25.0,216,300,300,8.64
8I__oqg4_eE,total,4.0,quantity,True,/home/dipshikha/Music/cao/CISLR_v1.5-a_videos/8I__oqg4_eE.mp4,train,True,25.0,79,300,300,3.16
8JwPiK_tqTA,jet airways,6.0,transport,True,/home/dipshikha/Music/cao/CISLR_v1.5-a_videos/8JwPiK_tqTA.mp4,train,True,25.0,132,300,300,5.28
8K2LbLuX1_s_2,noise,9.0,sound,True,/home/dipshikha/Music/cao/CISLR_v1.5-a_videos/8K2LbLuX1_s_2.mp4,train,True,30.0,108,300,300,3.6
8KHW8o8XZb0_1,drama,6.0,action,True,/home/dipshikha/Music/cao/CISLR_v1.5-a_videos/8KHW8o8XZb0_1.mp4,train,True,25.0,63,300,300,2.52
8L3-sQV1BmU,divide,5.0,action,True,/home/dipshikha/Music/cao/CISLR_v1.5-a_videos/8L3-sQV1BmU.mp4,test,True,25.0,102,300,300,4.08
8NUflCsxZS0_1,frank,6.0,behavior,True,/home/dipshikha/Music/cao/CISLR_v1.5-a_videos/8NUflCsxZS0_1.mp4,train,True,25.0,75,300,300,3.0
8NqmODtSLgI_2,red,6.0,abstract,True,/home/dipshikha/Music/cao/CISLR_v1.5-a_videos/8NqmODtSLgI_2.mp4,test,True,30.0,90,300,300,3.0
8O-mQYCFWoA,pakistan,4.0,geography,True,/home/dipshikha/Music/cao/CISLR_v1.5-a_videos/8O-mQYCFWoA.mp4,train,True,25.0,99,300,300,3.96
8ODE1njkZv0,committee,4.0,group,True,/home/dipshikha/Music/cao/CISLR_v1.5-a_videos/8ODE1njkZv0.mp4,train,True,25.0,96,300,300,3.84
8OS9z5a2VfI_1,depreciation,9.0,comparator,True,/home/dipshikha/Music/cao/CISLR_v1.5-a_videos/8OS9z5a2VfI_1.mp4,train,True,30.0,135,300,300,4.5
8PEVM1nTgqg_1,respect,7.0,gesture,True,/home/dipshikha/Music/cao/CISLR_v1.5-a_videos/8PEVM1nTgqg_1.mp4,train,True,25.0,88,300,300,3.52
8TKDYaZqEFA,puppet,8.0,miscellaneous object,True,/home/dipshikha/Music/cao/CISLR_v1.5-a_videos/8TKDYaZqEFA.mp4,train,True,25.0,177,300,300,7.08
8TXKaIN4emc_1,yellow,8.0,attribute,True,/home/dipshikha/Music/cao/CISLR_v1.5-a_videos/8TXKaIN4emc_1.mp4,test,True,30.0,120,300,300,4.0
8Tsv4klWWuY,mechanic,6.0,profession,True,/home/dipshikha/Music/cao/CISLR_v1.5-a_videos/8Tsv4klWWuY.mp4,train,True,25.0,137,300,300,5.48
8UMcB8ZkgTk_1,payee,8.0,banking,True,/home/dipshikha/Music/cao/CISLR_v1.5-a_videos/8UMcB8ZkgTk_1.mp4,train,True,30.0,135,300,300,4.5
8VeV3_Y6Olw_1,fax,8.0,electronic and electrical,True,/home/dipshikha/Music/cao/CISLR_v1.5-a_videos/8VeV3_Y6Olw_1.mp4,train,True,25.0,88,300,300,3.52
8W0rN_UGUDM,positive,4.0,abstract,True,/home/dipshikha/Music/cao/CISLR_v1.5-a_videos/8W0rN_UGUDM.mp4,train,True,25.0,81,300,300,3.24
8WAJ_vejYOo,vegetables,4.0,foods and drinks,True,/home/dipshikha/Music/cao/CISLR_v1.5-a_videos/8WAJ_vejYOo.mp4,train,True,25.0,100,300,300,4.0
8WNV-TgaJTs_1,revenue,9.0,banking,True,/home/dipshikha/Music/cao/CISLR_v1.5-a_videos/8WNV-TgaJTs_1.mp4,train,True,30.0,165,300,300,5.5
8WOkDhrU_Rg,sleeve band,10.0,utility item,True,/home/dipshikha/Music/cao/CISLR_v1.5-a_videos/8WOkDhrU_Rg.mp4,train,True,25.0,240,300,300,9.6
8ZD3FvK3NYY_1,yesterday,6.0,time,True,/home/dipshikha/Music/cao/CISLR_v1.5-a_videos/8ZD3FvK3NYY_1.mp4,test,True,30.0,90,300,300,3.0
8Z_T-zrBEr8,royal enfield,5.0,organisation,True,/home/dipshikha/Music/cao/CISLR_v1.5-a_videos/8Z_T-zrBEr8.mp4,train,True,25.0,108,300,300,4.32
8Zq6uAa16MQ_1,daughter,10.0,relation,True,/home/dipshikha/Music/cao/CISLR_v1.5-a_videos/8Zq6uAa16MQ_1.mp4,train,True,30.0,150,300,300,5.0
8_1PBGMAj9w_1,giraffe,6.0,flora and fauna,True,/home/dipshikha/Music/cao/CISLR_v1.5-a_videos/8_1PBGMAj9w_1.mp4,train,True,30.0,75,300,300,2.5
8aKZBVKWE5g_2,orbit,13.0,astronomical,True,/home/dipshikha/Music/cao/CISLR_v1.5-a_videos/8aKZBVKWE5g_2.mp4,train,True,30.0,169,300,300,5.633333333333334
8arkJfd_jyQ,writer,3.0,human,True,/home/dipshikha/Music/cao/CISLR_v1.5-a_videos/8arkJfd_jyQ.mp4,train,True,25.0,65,300,300,2.6
8axJ8fy9vI4_1,hate,6.0,emotion,True,/home/dipshikha/Music/cao/CISLR_v1.5-a_videos/8axJ8fy9vI4_1.mp4,test,True,25.0,75,300,300,3.0
8bC_BlQw_eQ_1,earthquake,7.0,event,True,/home/dipshikha/Music/cao/CISLR_v1.5-a_videos/8bC_BlQw_eQ_1.mp4,train,True,25.0,75,300,300,3.0
8biyNZmIKsk,limit,4.0,metric,True,/home/dipshikha/Music/cao/CISLR_v1.5-a_videos/8biyNZmIKsk.mp4,train,True,25.0,88,300,300,3.52
8c6jcLTId-8_1,hire purchase,10.0,banking,True,/home/dipshikha/Music/cao/CISLR_v1.5-a_videos/8c6jcLTId-8_1.mp4,train,True,30.0,150,300,300,5.0
8cHmxgUpFyM_2,inelastic,8.0,substance,True,/home/dipshikha/Music/cao/CISLR_v1.5-a_videos/8cHmxgUpFyM_2.mp4,train,True,30.0,95,300,300,3.1666666666666665
8cz9vIAyOPE,period time,5.0,time,True,/home/dipshikha/Music/cao/CISLR_v1.5-a_videos/8cz9vIAyOPE.mp4,train,True,25.0,110,300,300,4.4
8eae5jZQ1zo,clever,5.0,behavior,True,/home/dipshikha/Music/cao/CISLR_v1.5-a_videos/8eae5jZQ1zo.mp4,train,True,25.0,105,300,300,4.2
8edWFVV1lo4,projector,4.0,instrument,True,/home/dipshikha/Music/cao/CISLR_v1.5-a_videos/8edWFVV1lo4.mp4,train,True,25.0,82,300,300,3.28
8fqQ2nm3B4Q,stare,6.0,action,True,/home/dipshikha/Music/cao/CISLR_v1.5-a_videos/8fqQ2nm3B4Q.mp4,train,True,25.0,128,300,300,5.12
8fuKz0wYhWw_1,uncertainity,8.0,time,True,/home/dipshikha/Music/cao/CISLR_v1.5-a_videos/8fuKz0wYhWw_1.mp4,train,True,30.0,120,300,300,4.0
8gAE5cho4ck,office,3.0,organisation,True,/home/dipshikha/Music/cao/CISLR_v1.5-a_videos/8gAE5cho4ck.mp4,test,True,25.0,64,300,300,2.56
8gOeGenGvfg_1,card,5.0,utility item,True,/home/dipshikha/Music/cao/CISLR_v1.5-a_videos/8gOeGenGvfg_1.mp4,train,True,25.0,50,300,300,2.0
8gULClzsbQE,video card,13.0,electronic and electrical,True,/home/dipshikha/Music/cao/CISLR_v1.5-a_videos/8gULClzsbQE.mp4,train,True,24.0,289,300,300,12.041666666666666
8gdHlsqexzI_1,insect,8.0,flora and fauna,True,/home/dipshikha/Music/cao/CISLR_v1.5-a_videos/8gdHlsqexzI_1.mp4,test,True,30.0,105,300,300,3.5
8gg1c5ZzWQc_1,toilet,6.0,construction,True,/home/dipshikha/Music/cao/CISLR_v1.5-a_videos/8gg1c5ZzWQc_1.mp4,train,True,30.0,90,300,300,3.0
8gs46_Woylk_1,monkey,6.0,flora and fauna,True,/home/dipshikha/Music/cao/CISLR_v1.5-a_videos/8gs46_Woylk_1.mp4,train,True,29.916666666666668,75,300,300,2.5069637883008355
8hLvImVhOJM_1,fingers,7.0,human,True,/home/dipshikha/Music/cao/CISLR_v1.5-a_videos/8hLvImVhOJM_1.mp4,train,True,30.0,120,300,300,4.0
8hPNnF65IMg,good afternoon,4.0,greeting,True,/home/dipshikha/Music/cao/CISLR_v1.5-a_videos/8hPNnF65IMg.mp4,train,True,25.0,82,300,300,3.28
8iMs1y81En0_1,temperature,7.0,weather,True,/home/dipshikha/Music/cao/CISLR_v1.5-a_videos/8iMs1y81En0_1.mp4,train,True,25.0,75,300,300,3.0
8j0lxGLcgRo_2,property,9.0,banking,True,/home/dipshikha/Music/cao/CISLR_v1.5-a_videos/8j0lxGLcgRo_2.mp4,train,True,30.0,120,300,300,4.0
8jmBwGIKPmg_1,lfc,9.0,banking,True,/home/dipshikha/Music/cao/CISLR_v1.5-a_videos/8jmBwGIKPmg_1.mp4,train,True,30.0,135,300,300,4.5
8lbfynog1yQ_1,annual report,14.0,banking,True,/home/dipshikha/Music/cao/CISLR_v1.5-a_videos/8lbfynog1yQ_1.mp4,train,True,29.916666666666668,210,300,300,7.01949860724234
8m3p1BEhCUw,virus,5.0,medical,True,/home/dipshikha/Music/cao/CISLR_v1.5-a_videos/8m3p1BEhCUw.mp4,train,True,25.0,101,300,300,4.04
8mXwd_VuW1k_1,our,5.0,relation,True,/home/dipshikha/Music/cao/CISLR_v1.5-a_videos/8mXwd_VuW1k_1.mp4,train,True,25.0,63,300,300,2.52
8m_WUuSGZHg,pencil leg,12.0,wearable,True,/home/dipshikha/Music/cao/CISLR_v1.5-a_videos/8m_WUuSGZHg.mp4,train,True,25.0,288,300,300,11.52
8m_cHzTpmeY_1,satisfactory,6.0,attribute,True,/home/dipshikha/Music/cao/CISLR_v1.5-a_videos/8m_cHzTpmeY_1.mp4,train,True,30.0,90,300,300,3.0
8mb_jgrFdeE_1,crayons,11.0,utility item,True,/home/dipshikha/Music/cao/CISLR_v1.5-a_videos/8mb_jgrFdeE_1.mp4,train,True,30.0,150,300,300,5.0
8pLSdUH-S5U,amritsar,4.0,geography,True,/home/dipshikha/Music/cao/CISLR_v1.5-a_videos/8pLSdUH-S5U.mp4,test,True,25.0,89,300,300,3.56
8pXV8kLacAI_2,interval,10.0,time,True,/home/dipshikha/Music/cao/CISLR_v1.5-a_videos/8pXV8kLacAI_2.mp4,train,True,30.0,113,300,300,3.7666666666666666
8pfW3gmsue8,away,4.0,spatial position,True,/home/dipshikha/Music/cao/CISLR_v1.5-a_videos/8pfW3gmsue8.mp4,train,True,25.0,90,300,300,3.6
8r5QmLFv9Jc,bath tub,5.0,utility item,True,/home/dipshikha/Music/cao/CISLR_v1.5-a_videos/8r5QmLFv9Jc.mp4,train,True,25.0,108,300,300,4.32
8rbvjjFfIPQ_2,gamma ray,10.0,physics,True,/home/dipshikha/Music/cao/CISLR_v1.5-a_videos/8rbvjjFfIPQ_2.mp4,train,True,30.0,114,300,300,3.8
8snFGrMOv8c_2,reversible,7.0,attribute,True,/home/dipshikha/Music/cao/CISLR_v1.5-a_videos/8snFGrMOv8c_2.mp4,train,True,30.0,77,300,300,2.566666666666667
8tC5fhomuPw,row house,14.0,construction,True,/home/dipshikha/Music/cao/CISLR_v1.5-a_videos/8tC5fhomuPw.mp4,train,True,24.0,323,300,300,13.458333333333334
8tF644BWKNo_1,ganapathi,6.0,religious,True,/home/dipshikha/Music/cao/CISLR_v1.5-a_videos/8tF644BWKNo_1.mp4,train,True,25.0,75,300,300,3.0
8tgBgXrOn6Y_1,rice,5.0,foods and drinks,True,/home/dipshikha/Music/cao/CISLR_v1.5-a_videos/8tgBgXrOn6Y_1.mp4,train,True,25.0,63,300,300,2.52
8ucWkX-wRrk,pilot,5.0,profession,True,/home/dipshikha/Music/cao/CISLR_v1.5-a_videos/8ucWkX-wRrk.mp4,train,True,25.0,121,300,300,4.84
8vtQX3cugYc_1,proceeding,8.0,legal,True,/home/dipshikha/Music/cao/CISLR_v1.5-a_videos/8vtQX3cugYc_1.mp4,train,True,30.0,120,300,300,4.0
8w-jGg00BJ4_1,necessary,6.0,comparator,True,/home/dipshikha/Music/cao/CISLR_v1.5-a_videos/8w-jGg00BJ4_1.mp4,train,True,25.0,63,300,300,2.52
8wI11m_OvYo,business,5.0,banking,True,/home/dipshikha/Music/cao/CISLR_v1.5-a_videos/8wI11m_OvYo.mp4,train,True,25.0,102,300,300,4.08
8wgrPnyzpMw,where,3.0,abstract,True,/home/dipshikha/Music/cao/CISLR_v1.5-a_videos/8wgrPnyzpMw.mp4,train,True,25.0,62,300,300,2.48
8xNtPv0InYE,mild steel rod,8.0,instrument,True,/home/dipshikha/Music/cao/CISLR_v1.5-a_videos/8xNtPv0InYE.mp4,train,True,25.0,179,300,300,7.16
8yWcdPX31pM_1,village,6.0,geography,True,/home/dipshikha/Music/cao/CISLR_v1.5-a_videos/8yWcdPX31pM_1.mp4,train,True,25.0,75,300,300,3.0
8z04XWMENWY,secretary,4.0,profession,True,/home/dipshikha/Music/cao/CISLR_v1.5-a_videos/8z04XWMENWY.mp4,train,True,25.0,96,300,300,3.84
8z32TzNwU7U_1,proud,6.0,attribute,True,/home/dipshikha/Music/cao/CISLR_v1.5-a_videos/8z32TzNwU7U_1.mp4,train,True,30.0,90,300,300,3.0
8zNQTYikGX0_1,him,7.0,language,True,/home/dipshikha/Music/cao/CISLR_v1.5-a_videos/8zNQTYikGX0_1.mp4,train,True,25.0,75,300,300,3.0
8zVGtdn_NLc,cropping tool,8.0,instrument,True,/home/dipshikha/Music/cao/CISLR_v1.5-a_videos/8zVGtdn_NLc.mp4,train,True,24.0,189,300,300,7.875
8zg5kbu8ZMA_1,pant,6.0,wearable,True,/home/dipshikha/Music/cao/CISLR_v1.5-a_videos/8zg5kbu8ZMA_1.mp4,train,True,25.0,63,300,300,2.52
91WkA3SEDpM,noise pollution,6.0,sound,True,/home/dipshikha/Music/cao/CISLR_v1.5-a_videos/91WkA3SEDpM.mp4,train,True,25.0,128,300,300,5.12
9200bHjUzac_1,germany,7.0,geography,True,/home/dipshikha/Music/cao/CISLR_v1.5-a_videos/9200bHjUzac_1.mp4,test,True,25.0,75,300,300,3.0
922S3GXI7eI,meet,4.0,group,True,/home/dipshikha/Music/cao/CISLR_v1.5-a_videos/922S3GXI7eI.mp4,train,True,25.0,87,300,300,3.48
92HuQ3Vr13Q_1,curved,6.0,math,True,/home/dipshikha/Music/cao/CISLR_v1.5-a_videos/92HuQ3Vr13Q_1.mp4,train,True,25.0,63,300,300,2.52
933fIHNLS9s,nurse,6.0,profession,True,/home/dipshikha/Music/cao/CISLR_v1.5-a_videos/933fIHNLS9s.mp4,train,True,25.0,144,300,300,5.76
93GUaFv2z84_1,bury,8.0,action,True,/home/dipshikha/Music/cao/CISLR_v1.5-a_videos/93GUaFv2z84_1.mp4,test,True,30.0,120,300,300,4.0
945eoq95GKM,rhinoceros,5.0,flora and fauna,True,/home/dipshikha/Music/cao/CISLR_v1.5-a_videos/945eoq95GKM.mp4,train,True,25.0,102,300,300,4.08
94KSlCCbBf0_1,dollar,6.0,commerce,True,/home/dipshikha/Music/cao/CISLR_v1.5-a_videos/94KSlCCbBf0_1.mp4,train,True,25.0,63,300,300,2.52
94r3k7n7oTs,prove,4.0,action,True,/home/dipshikha/Music/cao/CISLR_v1.5-a_videos/94r3k7n7oTs.mp4,train,True,25.0,98,300,300,3.92
94yey9jGdsE_1,dish,7.0,utility item,True,/home/dipshikha/Music/cao/CISLR_v1.5-a_videos/94yey9jGdsE_1.mp4,train,True,25.0,75,300,300,3.0
95KlTHhKlmk,weekly,4.0,time,True,/home/dipshikha/Music/cao/CISLR_v1.5-a_videos/95KlTHhKlmk.mp4,test,True,25.0,91,300,300,3.64
96JTPuAvmno,hard,4.0,quality,True,/home/dipshikha/Music/cao/CISLR_v1.5-a_videos/96JTPuAvmno.mp4,test,True,25.0,95,300,300,3.8
977nahhu-Zk,socket,5.0,electronic and electrical,True,/home/dipshikha/Music/cao/CISLR_v1.5-a_videos/977nahhu-Zk.mp4,train,True,25.0,108,300,300,4.32
97UeCMhqWxw,top,4.0,comparator,True,/home/dipshikha/Music/cao/CISLR_v1.5-a_videos/97UeCMhqWxw.mp4,train,True,25.0,89,300,300,3.56
98QpyN3f8ZU,jackfrui,6.0,foods and drinks,True,/home/dipshikha/Music/cao/CISLR_v1.5-a_videos/98QpyN3f8ZU.mp4,train,True,25.0,135,300,300,5.4
98UHa9YGWMg_1,confirmed member,10.0,human,True,/home/dipshikha/Music/cao/CISLR_v1.5-a_videos/98UHa9YGWMg_1.mp4,train,True,30.0,165,300,300,5.5
98wq5RZYq90_1,age,8.0,stage,True,/home/dipshikha/Music/cao/CISLR_v1.5-a_videos/98wq5RZYq90_1.mp4,test,True,30.0,120,300,300,4.0
99N6O7wQL6o,online editing,12.0,internet,True,/home/dipshikha/Music/cao/CISLR_v1.5-a_videos/99N6O7wQL6o.mp4,train,True,24.0,284,300,300,11.833333333333334
9A6I1vyyc4s,summer,5.0,weather,True,/home/dipshikha/Music/cao/CISLR_v1.5-a_videos/9A6I1vyyc4s.mp4,train,True,25.0,116,300,300,4.64
9AR3EYXYTNk_1,valuable consideration,8.0,abstract,True,/home/dipshikha/Music/cao/CISLR_v1.5-a_videos/9AR3EYXYTNk_1.mp4,train,True,30.0,105,300,300,3.5
9B91YNQuBTg_1,purchase,6.0,action,True,/home/dipshikha/Music/cao/CISLR_v1.5-a_videos/9B91YNQuBTg_1.mp4,train,True,30.0,90,300,300,3.0
9BJ5ZQixW34,die,4.0,stage,True,/home/dipshikha/Music/cao/CISLR_v1.5-a_videos/9BJ5ZQixW34.mp4,train,True,25.0,93,300,300,3.72
9BMHwqCSjag,georgia,4.0,geography,True,/home/dipshikha/Music/cao/CISLR_v1.5-a_videos/9BMHwqCSjag.mp4,train,True,25.0,80,300,300,3.2
9BvwAQ7c9-c,cd,4.0,computer,True,/home/dipshikha/Music/cao/CISLR_v1.5-a_videos/9BvwAQ7c9-c.mp4,train,True,25.0,88,300,300,3.52
9D6zt9-uP88_1,flexible,6.0,attribute,True,/home/dipshikha/Music/cao/CISLR_v1.5-a_videos/9D6zt9-uP88_1.mp4,train,True,25.0,75,300,300,3.0
9E_Rr4c5UUc_1,island,9.0,geography,True,/home/dipshikha/Music/cao/CISLR_v1.5-a_videos/9E_Rr4c5UUc_1.mp4,train,True,25.0,100,300,300,4.0
9FCa_zHS4-k,recognize,5.0,action,True,/home/dipshikha/Music/cao/CISLR_v1.5-a_videos/9FCa_zHS4-k.mp4,train,True,25.0,120,300,300,4.8
9GJUdPIquG4,newly married,12.0,geography,True,/home/dipshikha/Music/cao/CISLR_v1.5-a_videos/9GJUdPIquG4.mp4,train,True,25.0,281,300,300,11.24
9Gb8falrx1Q,adoptive parent,12.0,relation,True,/home/dipshikha/Music/cao/CISLR_v1.5-a_videos/9Gb8falrx1Q.mp4,train,True,25.0,298,300,300,11.92
9Gl6dhM-XAY,law,4.0,legal,True,/home/dipshikha/Music/cao/CISLR_v1.5-a_videos/9Gl6dhM-XAY.mp4,train,True,25.0,100,300,300,4.0
9GqUoFtKfNE,title bar,15.0,attribute,True,/home/dipshikha/Music/cao/CISLR_v1.5-a_videos/9GqUoFtKfNE.mp4,train,True,25.0,360,300,300,14.4
9HSEWDsdxgI_1,chair,6.0,utility item,True,/home/dipshikha/Music/cao/CISLR_v1.5-a_videos/9HSEWDsdxgI_1.mp4,train,True,30.0,75,300,300,2.5
9HpOx_E5Q9Q_1,cough,6.0,medical,True,/home/dipshikha/Music/cao/CISLR_v1.5-a_videos/9HpOx_E5Q9Q_1.mp4,train,True,30.0,90,300,300,3.0
9IFKjY7Uuw0_1,museum,6.0,geography,True,/home/dipshikha/Music/cao/CISLR_v1.5-a_videos/9IFKjY7Uuw0_1.mp4,train,True,25.0,63,300,300,2.52
9Iq8DWRoeJA_2,gram,8.0,metric,True,/home/dipshikha/Music/cao/CISLR_v1.5-a_videos/9Iq8DWRoeJA_2.mp4,train,True,30.0,90,300,300,3.0
9JgVee1UGmI,on the basis of propagation,15.0,physics,True,/home/dipshikha/Music/cao/CISLR_v1.5-a_videos/9JgVee1UGmI.mp4,train,True,24.0,357,300,300,14.875
9KMPc_T4bU8,guess,5.0,foods and drinks,True,/home/dipshikha/Music/cao/CISLR_v1.5-a_videos/9KMPc_T4bU8.mp4,train,True,25.0,118,300,300,4.72
9KZbTecPlh0_1,singapore,7.0,geography,True,/home/dipshikha/Music/cao/CISLR_v1.5-a_videos/9KZbTecPlh0_1.mp4,train,True,25.0,75,300,300,3.0
9LDQGtFRVhI,christmas,4.0,event,True,/home/dipshikha/Music/cao/CISLR_v1.5-a_videos/9LDQGtFRVhI.mp4,train,True,25.0,91,300,300,3.64
9LMQNfNdfRQ,high court,11.0,legal,True,/home/dipshikha/Music/cao/CISLR_v1.5-a_videos/9LMQNfNdfRQ.mp4,train,True,25.0,254,300,300,10.16
9LWMsCmHhaQ,piece,7.0,miscellaneous object,True,/home/dipshikha/Music/cao/CISLR_v1.5-a_videos/9LWMsCmHhaQ.mp4,train,True,25.0,159,300,300,6.36
9LXAp02OXko_1,pilot,8.0,profession,True,/home/dipshikha/Music/cao/CISLR_v1.5-a_videos/9LXAp02OXko_1.mp4,test,True,25.0,88,300,300,3.52
9LjYLI7ma7Y_1,retire,8.0,action,True,/home/dipshikha/Music/cao/CISLR_v1.5-a_videos/9LjYLI7ma7Y_1.mp4,train,True,30.0,135,300,300,4.5
9MUevtG3yYc_2,optical fiber cable,11.0,electronic and electrical,True,/home/dipshikha/Music/cao/CISLR_v1.5-a_videos/9MUevtG3yYc_2.mp4,train,True,30.0,135,300,300,4.5
9NyNlhJnyng,tortoise,5.0,flora and fauna,True,/home/dipshikha/Music/cao/CISLR_v1.5-a_videos/9NyNlhJnyng.mp4,train,True,25.0,101,300,300,4.04
9OWi_u40bd4_1,paws,6.0,flora and fauna,True,/home/dipshikha/Music/cao/CISLR_v1.5-a_videos/9OWi_u40bd4_1.mp4,train,True,30.0,90,300,300,3.0
9QPvSQjo2oQ_1,cash book,10.0,banking,True,/home/dipshikha/Music/cao/CISLR_v1.5-a_videos/9QPvSQjo2oQ_1.mp4,train,True,30.0,150,300,300,5.0
9QYn422W2pU_1,tax profession,10.0,legal,True,/home/dipshikha/Music/cao/CISLR_v1.5-a_videos/9QYn422W2pU_1.mp4,train,True,30.0,135,300,300,4.5
9R8mO744RdM,cell,9.0,abstract,True,/home/dipshikha/Music/cao/CISLR_v1.5-a_videos/9R8mO744RdM.mp4,train,True,25.0,216,300,300,8.64
9RdiJAmwOtw_1,age,8.0,stage,True,/home/dipshikha/Music/cao/CISLR_v1.5-a_videos/9RdiJAmwOtw_1.mp4,test,True,30.0,120,300,300,4.0
9TAdXqb-qcs_2,year under report,9.0,banking,True,/home/dipshikha/Music/cao/CISLR_v1.5-a_videos/9TAdXqb-qcs_2.mp4,train,True,30.0,120,300,300,4.0
9TcOdm_p8dc,during,6.0,time,True,/home/dipshikha/Music/cao/CISLR_v1.5-a_videos/9TcOdm_p8dc.mp4,train,True,25.0,128,300,300,5.12
9TzR_2DZEKk,muffler,9.0,wearable,True,/home/dipshikha/Music/cao/CISLR_v1.5-a_videos/9TzR_2DZEKk.mp4,train,True,25.0,205,300,300,8.2
9VYxltnFK9k,hemophilia,11.0,biology,True,/home/dipshikha/Music/cao/CISLR_v1.5-a_videos/9VYxltnFK9k.mp4,train,True,25.0,261,300,300,10.44
9VvSEg2LUHw_1,rent,6.0,legal,True,/home/dipshikha/Music/cao/CISLR_v1.5-a_videos/9VvSEg2LUHw_1.mp4,train,True,30.0,90,300,300,3.0
9WpI_sLgb00,christmas,4.0,event,True,/home/dipshikha/Music/cao/CISLR_v1.5-a_videos/9WpI_sLgb00.mp4,test,True,25.0,84,300,300,3.36
9ZFVsuD_DOA_1,month,6.0,time,True,/home/dipshikha/Music/cao/CISLR_v1.5-a_videos/9ZFVsuD_DOA_1.mp4,train,True,30.0,75,300,300,2.5
9ZaH5h9D4yI,auger,7.0,instrument,True,/home/dipshikha/Music/cao/CISLR_v1.5-a_videos/9ZaH5h9D4yI.mp4,train,True,25.0,173,300,300,6.92
9_PxbDV7BcU_1,camel,6.0,flora and fauna,True,/home/dipshikha/Music/cao/CISLR_v1.5-a_videos/9_PxbDV7BcU_1.mp4,train,True,30.0,75,300,300,2.5
9bDbETVM0r4,offline editing,9.0,action,True,/home/dipshikha/Music/cao/CISLR_v1.5-a_videos/9bDbETVM0r4.mp4,train,True,24.0,208,300,300,8.666666666666666
9bU0eltCrYQ,world association of sign language interpreters,4.0,organisation,True,/home/dipshikha/Music/cao/CISLR_v1.5-a_videos/9bU0eltCrYQ.mp4,train,True,25.0,93,300,300,3.72
9bwbusx_8ik_1,square,13.0,math,True,/home/dipshikha/Music/cao/CISLR_v1.5-a_videos/9bwbusx_8ik_1.mp4,train,True,30.0,180,300,300,6.0
9cFEgJEFFB8_1,horns,7.0,biology,True,/home/dipshikha/Music/cao/CISLR_v1.5-a_videos/9cFEgJEFFB8_1.mp4,train,True,30.0,90,300,300,3.0
9cRQJXVdE3I_1,instigate,7.0,action,True,/home/dipshikha/Music/cao/CISLR_v1.5-a_videos/9cRQJXVdE3I_1.mp4,train,True,30.0,105,300,300,3.5
9c_bONRs12w,geography,3.0,geography,True,/home/dipshikha/Music/cao/CISLR_v1.5-a_videos/9c_bONRs12w.mp4,train,True,25.0,70,300,300,2.8
9e62cz2TIdo_1,angry,6.0,emotion,True,/home/dipshikha/Music/cao/CISLR_v1.5-a_videos/9e62cz2TIdo_1.mp4,test,True,30.0,90,300,300,3.0
9e7G2jc3tso_1,christmas,7.0,event,True,/home/dipshikha/Music/cao/CISLR_v1.5-a_videos/9e7G2jc3tso_1.mp4,test,True,25.0,88,300,300,3.52
9gARyCGe8sY_1,cow,7.0,flora and fauna,True,/home/dipshikha/Music/cao/CISLR_v1.5-a_videos/9gARyCGe8sY_1.mp4,train,True,30.0,90,300,300,3.0
9gZg_sd9G88,sheep,6.0,flora and fauna,True,/home/dipshikha/Music/cao/CISLR_v1.5-a_videos/9gZg_sd9G88.mp4,test,True,25.0,126,300,300,5.04
9h1DKNgyPZM,cuffs,11.0,instrument,True,/home/dipshikha/Music/cao/CISLR_v1.5-a_videos/9h1DKNgyPZM.mp4,train,True,25.0,253,300,300,10.12
9hfrwKx2js8_1,concentrate,8.0,sensation,True,/home/dipshikha/Music/cao/CISLR_v1.5-a_videos/9hfrwKx2js8_1.mp4,train,True,30.0,105,300,300,3.5
9hyc0l2c7I4,complainant and complaint,10.0,legal,True,/home/dipshikha/Music/cao/CISLR_v1.5-a_videos/9hyc0l2c7I4.mp4,train,True,25.0,84,300,300,3.36
9in2Hz7k60U_1,house,8.0,construction,True,/home/dipshikha/Music/cao/CISLR_v1.5-a_videos/9in2Hz7k60U_1.mp4,train,True,30.0,120,300,300,4.0
9j49KqnHN3s,blindness and low vision,6.0,medical,True,/home/dipshikha/Music/cao/CISLR_v1.5-a_videos/9j49KqnHN3s.mp4,train,True,25.0,128,300,300,5.12
9jIu7tBsX70,herps virus,5.0,flora and fauna,True,/home/dipshikha/Music/cao/CISLR_v1.5-a_videos/9jIu7tBsX70.mp4,train,True,25.0,107,300,300,4.28
9jYJjEHnKTw,bank of baroda,5.0,banking,True,/home/dipshikha/Music/cao/CISLR_v1.5-a_videos/9jYJjEHnKTw.mp4,train,True,24.0,102,300,300,4.25
9lETXfWFER8_1,shoulder,8.0,biology,True,/home/dipshikha/Music/cao/CISLR_v1.5-a_videos/9lETXfWFER8_1.mp4,train,True,30.0,105,300,300,3.5
9l_mPRyG3Lw_2,wave length,12.0,physics,True,/home/dipshikha/Music/cao/CISLR_v1.5-a_videos/9l_mPRyG3Lw_2.mp4,train,True,30.0,157,300,300,5.233333333333333
9nYAc6GEbNo_1,oath,5.0,legal,True,/home/dipshikha/Music/cao/CISLR_v1.5-a_videos/9nYAc6GEbNo_1.mp4,test,True,25.0,63,300,300,2.52
9odwds_amPo_1,medicine,7.0,substance,True,/home/dipshikha/Music/cao/CISLR_v1.5-a_videos/9odwds_amPo_1.mp4,train,True,25.0,88,300,300,3.52
9oigD1xSV-g_1,warning,6.0,legal,True,/home/dipshikha/Music/cao/CISLR_v1.5-a_videos/9oigD1xSV-g_1.mp4,train,True,30.0,105,300,300,3.5
9oo3hDRFIhM_1,brain,9.0,biology,True,/home/dipshikha/Music/cao/CISLR_v1.5-a_videos/9oo3hDRFIhM_1.mp4,train,True,30.0,120,300,300,4.0
9pEAebpmkS0,carpet,6.0,utility item,True,/home/dipshikha/Music/cao/CISLR_v1.5-a_videos/9pEAebpmkS0.mp4,train,True,25.0,131,300,300,5.24
9pRb9SzUagk,curing,13.0,medical,True,/home/dipshikha/Music/cao/CISLR_v1.5-a_videos/9pRb9SzUagk.mp4,train,True,25.0,316,300,300,12.64
9qIeBRYxhjI_1,partnership deed,10.0,relation,True,/home/dipshikha/Music/cao/CISLR_v1.5-a_videos/9qIeBRYxhjI_1.mp4,train,True,30.0,135,300,300,4.5
9qLTvYXHLdU,amount,5.0,metric,True,/home/dipshikha/Music/cao/CISLR_v1.5-a_videos/9qLTvYXHLdU.mp4,test,True,25.0,111,300,300,4.44
9qhBPFXW-b0,cross belt drive,13.0,machine,True,/home/dipshikha/Music/cao/CISLR_v1.5-a_videos/9qhBPFXW-b0.mp4,train,True,25.0,321,300,300,12.84
9qlCI50wdzY_1,unlucky,7.0,attribute,True,/home/dipshikha/Music/cao/CISLR_v1.5-a_videos/9qlCI50wdzY_1.mp4,train,True,25.0,75,300,300,3.0
9r4aaMyWBvo_1,teller,10.0,human,True,/home/dipshikha/Music/cao/CISLR_v1.5-a_videos/9r4aaMyWBvo_1.mp4,train,True,30.0,135,300,300,4.5
9r5BkbHQKg4,sailboat,5.0,transport,True,/home/dipshikha/Music/cao/CISLR_v1.5-a_videos/9r5BkbHQKg4.mp4,train,True,25.0,99,300,300,3.96
9rOnDWXhyaU,should,3.0,language,True,/home/dipshikha/Music/cao/CISLR_v1.5-a_videos/9rOnDWXhyaU.mp4,train,True,25.0,74,300,300,2.96
9sK2PFaxoHw,upset,4.0,behavior,True,/home/dipshikha/Music/cao/CISLR_v1.5-a_videos/9sK2PFaxoHw.mp4,train,True,25.0,81,300,300,3.24
9tcU1uGTnFo,composition of milk,6.0,foods and drinks,True,/home/dipshikha/Music/cao/CISLR_v1.5-a_videos/9tcU1uGTnFo.mp4,train,True,24.0,127,300,300,5.291666666666667
9tph00_pAf4,winner,4.0,human,True,/home/dipshikha/Music/cao/CISLR_v1.5-a_videos/9tph00_pAf4.mp4,train,True,25.0,80,300,300,3.2
9uNB69GAxtk_1,plumber,6.0,profession,True,/home/dipshikha/Music/cao/CISLR_v1.5-a_videos/9uNB69GAxtk_1.mp4,train,True,25.0,75,300,300,3.0
9uSE_BJx1Po,bad,3.0,quality,True,/home/dipshikha/Music/cao/CISLR_v1.5-a_videos/9uSE_BJx1Po.mp4,test,True,25.0,68,300,300,2.72
9vvemJ0nr-E,without,5.0,abstract,True,/home/dipshikha/Music/cao/CISLR_v1.5-a_videos/9vvemJ0nr-E.mp4,train,True,25.0,107,300,300,4.28
9wsyF_yvjfQ,nematology,13.0,biology,True,/home/dipshikha/Music/cao/CISLR_v1.5-a_videos/9wsyF_yvjfQ.mp4,train,True,25.0,305,300,300,12.2
9xgeOH9Jl9U,wake,4.0,action,True,/home/dipshikha/Music/cao/CISLR_v1.5-a_videos/9xgeOH9Jl9U.mp4,train,True,25.0,100,300,300,4.0
9y_XoHypC2Q_1,coat,7.0,wearable,True,/home/dipshikha/Music/cao/CISLR_v1.5-a_videos/9y_XoHypC2Q_1.mp4,test,True,25.0,75,300,300,3.0
9yuJzZDgPRw_1,birth,9.0,stage,True,/home/dipshikha/Music/cao/CISLR_v1.5-a_videos/9yuJzZDgPRw_1.mp4,train,True,30.0,135,300,300,4.5
9zh_TIspgro_1,seconds,6.0,time,True,/home/dipshikha/Music/cao/CISLR_v1.5-a_videos/9zh_TIspgro_1.mp4,train,True,30.0,90,300,300,3.0
A-DmE3OOAfU,electricity,4.0,physics,True,/home/dipshikha/Music/cao/CISLR_v1.5-a_videos/A-DmE3OOAfU.mp4,train,True,25.0,82,300,300,3.28
A-OYsPfNlNA_2,horizontal,7.0,spatial position,True,/home/dipshikha/Music/cao/CISLR_v1.5-a_videos/A-OYsPfNlNA_2.mp4,train,True,30.0,78,300,300,2.6
A-XKL0nXLoA_2,explain,8.0,action,True,/home/dipshikha/Music/cao/CISLR_v1.5-a_videos/A-XKL0nXLoA_2.mp4,train,True,30.0,99,300,300,3.3
A0JzS62h92w_1,butterfly,6.0,flora and fauna,True,/home/dipshikha/Music/cao/CISLR_v1.5-a_videos/A0JzS62h92w_1.mp4,train,True,30.0,90,300,300,3.0
A0fQyTZj4Mk_2,electromagnetic wave,12.0,physics,True,/home/dipshikha/Music/cao/CISLR_v1.5-a_videos/A0fQyTZj4Mk_2.mp4,train,True,30.0,144,300,300,4.8
A131AL5rAPU_2,reflection,8.0,physics,True,/home/dipshikha/Music/cao/CISLR_v1.5-a_videos/A131AL5rAPU_2.mp4,train,True,30.0,97,300,300,3.2333333333333334
A2flwWtlgdQ,politician,4.0,profession,True,/home/dipshikha/Music/cao/CISLR_v1.5-a_videos/A2flwWtlgdQ.mp4,train,True,25.0,92,300,300,3.68
A2t3ucbTnzg_1,debit advice,11.0,banking,True,/home/dipshikha/Music/cao/CISLR_v1.5-a_videos/A2t3ucbTnzg_1.mp4,train,True,30.0,150,300,300,5.0
A3E7kL78NRs_1,shiva,6.0,religious,True,/home/dipshikha/Music/cao/CISLR_v1.5-a_videos/A3E7kL78NRs_1.mp4,train,True,25.0,63,300,300,2.52
A3QOVwivz4Q_1,foreign,7.0,geography,True,/home/dipshikha/Music/cao/CISLR_v1.5-a_videos/A3QOVwivz4Q_1.mp4,train,True,30.0,120,300,300,4.0
A3v05__5wIs,types of farm planning,13.0,flora and fauna,True,/home/dipshikha/Music/cao/CISLR_v1.5-a_videos/A3v05__5wIs.mp4,train,True,24.0,296,300,300,12.333333333333334
A3vRjp3UwrE_1,legal claim,9.0,legal,True,/home/dipshikha/Music/cao/CISLR_v1.5-a_videos/A3vRjp3UwrE_1.mp4,train,True,30.0,135,300,300,4.5
A4RELg59BW8,butter,6.0,foods and drinks,True,/home/dipshikha/Music/cao/CISLR_v1.5-a_videos/A4RELg59BW8.mp4,train,True,24.0,128,300,300,5.333333333333333
A4WC9h-V7gg_2,cone,12.0,miscellaneous object,True,/home/dipshikha/Music/cao/CISLR_v1.5-a_videos/A4WC9h-V7gg_2.mp4,train,True,30.0,147,300,300,4.9
A4s4g4tpDwQ_2,electrode,10.0,chemistry,True,/home/dipshikha/Music/cao/CISLR_v1.5-a_videos/A4s4g4tpDwQ_2.mp4,train,True,30.0,116,300,300,3.8666666666666663
A6OkMmLkj50_1,tear sheet,9.0,action,True,/home/dipshikha/Music/cao/CISLR_v1.5-a_videos/A6OkMmLkj50_1.mp4,train,True,30.0,120,300,300,4.0
A6f3QRzvHV0,next year,4.0,time,True,/home/dipshikha/Music/cao/CISLR_v1.5-a_videos/A6f3QRzvHV0.mp4,train,True,25.0,89,300,300,3.56
A7GtKqvxPNA,can,11.0,utility item,True,/home/dipshikha/Music/cao/CISLR_v1.5-a_videos/A7GtKqvxPNA.mp4,test,True,25.0,263,300,300,10.52
A7Z8eaNDLGg,director,6.0,authority,True,/home/dipshikha/Music/cao/CISLR_v1.5-a_videos/A7Z8eaNDLGg.mp4,train,True,25.0,128,300,300,5.12
A8fPXgxSQ-k,aeroplane,4.0,transport,True,/home/dipshikha/Music/cao/CISLR_v1.5-a_videos/A8fPXgxSQ-k.mp4,test,True,25.0,82,300,300,3.28
AApcKicSfHU,haji ali dargah,6.0,religious,True,/home/dipshikha/Music/cao/CISLR_v1.5-a_videos/AApcKicSfHU.mp4,train,True,25.0,149,300,300,5.96
ABHbs7wII44,security guard,4.0,profession,True,/home/dipshikha/Music/cao/CISLR_v1.5-a_videos/ABHbs7wII44.mp4,train,True,25.0,76,300,300,3.04
ABSyPhV0SCw,thread gauge,14.0,instrument,True,/home/dipshikha/Music/cao/CISLR_v1.5-a_videos/ABSyPhV0SCw.mp4,train,True,25.0,337,300,300,13.48
ACJG5VeKrvQ,dust,6.0,miscellaneous object,True,/home/dipshikha/Music/cao/CISLR_v1.5-a_videos/ACJG5VeKrvQ.mp4,train,True,25.0,137,300,300,5.48
AD8RcVimCyw_1,distribute,5.0,action,True,/home/dipshikha/Music/cao/CISLR_v1.5-a_videos/AD8RcVimCyw_1.mp4,test,True,25.0,50,300,300,2.0
ADOlYPfw_T8,funds,6.0,banking,True,/home/dipshikha/Music/cao/CISLR_v1.5-a_videos/ADOlYPfw_T8.mp4,train,True,25.0,127,300,300,5.08
ADgKP4UpMkg,raster graphics,15.0,computer,True,/home/dipshikha/Music/cao/CISLR_v1.5-a_videos/ADgKP4UpMkg.mp4,train,True,24.0,359,300,300,14.958333333333334
ADtWeEnpLfY,wind,6.0,weather,True,/home/dipshikha/Music/cao/CISLR_v1.5-a_videos/ADtWeEnpLfY.mp4,train,True,25.0,127,300,300,5.08
AEfFAtmkt6o,that,5.0,relation,True,/home/dipshikha/Music/cao/CISLR_v1.5-a_videos/AEfFAtmkt6o.mp4,train,True,25.0,120,300,300,4.8
AEjUapb4Iwc,assam,5.0,geography,True,/home/dipshikha/Music/cao/CISLR_v1.5-a_videos/AEjUapb4Iwc.mp4,train,True,25.0,100,300,300,4.0
AF8n5CAR0m0_1,hole,6.0,spatial position,True,/home/dipshikha/Music/cao/CISLR_v1.5-a_videos/AF8n5CAR0m0_1.mp4,train,True,30.0,75,300,300,2.5
AFV4rZ8HFUI_2,electronics,10.0,electronic and electrical,True,/home/dipshikha/Music/cao/CISLR_v1.5-a_videos/AFV4rZ8HFUI_2.mp4,train,True,30.0,114,300,300,3.8
AGADAbFPPH4_1,shoulder,7.0,biology,True,/home/dipshikha/Music/cao/CISLR_v1.5-a_videos/AGADAbFPPH4_1.mp4,test,True,30.0,105,300,300,3.5
AGSQnRV3FY8_1,full moon day,9.0,event,True,/home/dipshikha/Music/cao/CISLR_v1.5-a_videos/AGSQnRV3FY8_1.mp4,train,True,25.0,113,300,300,4.52
AHrIksqU13s,earth rammer,9.0,machine,True,/home/dipshikha/Music/cao/CISLR_v1.5-a_videos/AHrIksqU13s.mp4,train,True,25.0,207,300,300,8.28
AJ0UWA48X-g,abdicate,15.0,action,True,/home/dipshikha/Music/cao/CISLR_v1.5-a_videos/AJ0UWA48X-g.mp4,train,True,25.0,369,300,300,14.76
AJ0hvy4jJXY_1,duck,7.0,flora and fauna,True,/home/dipshikha/Music/cao/CISLR_v1.5-a_videos/AJ0hvy4jJXY_1.mp4,train,True,30.0,105,300,300,3.5
AJyoUbv1lzs,bilingual,4.0,language,True,/home/dipshikha/Music/cao/CISLR_v1.5-a_videos/AJyoUbv1lzs.mp4,train,True,25.0,90,300,300,3.6
AKpYk0-0v8s_1,drawing,10.0,action,True,/home/dipshikha/Music/cao/CISLR_v1.5-a_videos/AKpYk0-0v8s_1.mp4,train,True,30.0,135,300,300,4.5
ALdikJXEJtc,club,4.0,organisation,True,/home/dipshikha/Music/cao/CISLR_v1.5-a_videos/ALdikJXEJtc.mp4,train,True,25.0,98,300,300,3.92
ALw4b7WFOR4_1,waste,6.0,abstract,True,/home/dipshikha/Music/cao/CISLR_v1.5-a_videos/ALw4b7WFOR4_1.mp4,train,True,25.0,63,300,300,2.52
AMSxEvyhESk,professor,5.0,profession,True,/home/dipshikha/Music/cao/CISLR_v1.5-a_videos/AMSxEvyhESk.mp4,train,True,25.0,108,300,300,4.32
ANfL9O6wy4Y,two days after,3.0,time,True,/home/dipshikha/Music/cao/CISLR_v1.5-a_videos/ANfL9O6wy4Y.mp4,train,True,25.0,68,300,300,2.72
ANgOOb951fE_1,words and figures,8.0,language,True,/home/dipshikha/Music/cao/CISLR_v1.5-a_videos/ANgOOb951fE_1.mp4,train,True,30.0,105,300,300,3.5
ANxPvptCW6w_1,punjabi,7.0,language,True,/home/dipshikha/Music/cao/CISLR_v1.5-a_videos/ANxPvptCW6w_1.mp4,train,True,25.0,88,300,300,3.52
AO9vAsL-gXg,masonry bit,14.0,instrument,True,/home/dipshikha/Music/cao/CISLR_v1.5-a_videos/AO9vAsL-gXg.mp4,train,True,25.0,349,300,300,13.96
AQ_ba6r2-YM,carpenter,4.0,profession,True,/home/dipshikha/Music/cao/CISLR_v1.5-a_videos/AQ_ba6r2-YM.mp4,train,True,25.0,97,300,300,3.88
ARS_u1Op3gw,types of water garden,11.0,flora and fauna,True,/home/dipshikha/Music/cao/CISLR_v1.5-a_videos/ARS_u1Op3gw.mp4,train,True,25.0,268,300,300,10.72
ARSm5la19W4_1,maharastra,7.0,geography,True,/home/dipshikha/Music/cao/CISLR_v1.5-a_videos/ARSm5la19W4_1.mp4,train,True,25.0,88,300,300,3.52
AUnzt1FRoRk,qualification,4.0,abstract,True,/home/dipshikha/Music/cao/CISLR_v1.5-a_videos/AUnzt1FRoRk.mp4,train,True,25.0,82,300,300,3.28
AUqBZl760Lg_1,principal,7.0,authority,True,/home/dipshikha/Music/cao/CISLR_v1.5-a_videos/AUqBZl760Lg_1.mp4,train,True,25.0,88,300,300,3.52
AV6KYwLsbfY,infanticide,13.0,action,True,/home/dipshikha/Music/cao/CISLR_v1.5-a_videos/AV6KYwLsbfY.mp4,train,True,25.0,300,300,300,12.0
AVjyszuck8E,freeze,3.0,process,True,/home/dipshikha/Music/cao/CISLR_v1.5-a_videos/AVjyszuck8E.mp4,train,True,25.0,71,300,300,2.84
AW-lxiaveRY,sand,5.0,geography,True,/home/dipshikha/Music/cao/CISLR_v1.5-a_videos/AW-lxiaveRY.mp4,test,True,25.0,111,300,300,4.44
AWMcypBB9WY_1,ring,6.0,miscellaneous object,True,/home/dipshikha/Music/cao/CISLR_v1.5-a_videos/AWMcypBB9WY_1.mp4,train,True,25.0,63,300,300,2.52
AX7RoHSCLPk_1,jesus,5.0,religious,True,/home/dipshikha/Music/cao/CISLR_v1.5-a_videos/AX7RoHSCLPk_1.mp4,train,True,25.0,63,300,300,2.52
AXkvz_N39pg,wifi,4.0,internet,True,/home/dipshikha/Music/cao/CISLR_v1.5-a_videos/AXkvz_N39pg.mp4,test,True,25.0,99,300,300,3.96
AXzNbOMMZ6Y,bodice,7.0,wearable,True,/home/dipshikha/Music/cao/CISLR_v1.5-a_videos/AXzNbOMMZ6Y.mp4,train,True,25.0,163,300,300,6.52
AY5ZDfd57vc,pen drive,5.0,electronic and electrical,True,/home/dipshikha/Music/cao/CISLR_v1.5-a_videos/AY5ZDfd57vc.mp4,train,True,25.0,110,300,300,4.4
AYTEzWH7BYY,assistant professor,5.0,profession,True,/home/dipshikha/Music/cao/CISLR_v1.5-a_videos/AYTEzWH7BYY.mp4,train,True,25.0,121,300,300,4.84
AZ71WPBDNuM,format,15.0,attribute,True,/home/dipshikha/Music/cao/CISLR_v1.5-a_videos/AZ71WPBDNuM.mp4,train,True,24.0,339,300,300,14.125
AZBsekRB7zY_1,track,8.0,construction,True,/home/dipshikha/Music/cao/CISLR_v1.5-a_videos/AZBsekRB7zY_1.mp4,train,True,25.0,88,300,300,3.52
A_ghucv_daw,panic,5.0,emotion,True,/home/dipshikha/Music/cao/CISLR_v1.5-a_videos/A_ghucv_daw.mp4,train,True,25.0,122,300,300,4.88
Aa8BKFLPRYs_1,bite,7.0,action,True,/home/dipshikha/Music/cao/CISLR_v1.5-a_videos/Aa8BKFLPRYs_1.mp4,train,True,30.0,90,300,300,3.0
AaHFB_q7AO0,headache,4.0,biology,True,/home/dipshikha/Music/cao/CISLR_v1.5-a_videos/AaHFB_q7AO0.mp4,train,True,25.0,89,300,300,3.56
AaHmdX-mi5s,costa rica,4.0,geography,True,/home/dipshikha/Music/cao/CISLR_v1.5-a_videos/AaHmdX-mi5s.mp4,train,True,25.0,85,300,300,3.4
Aahly6_Ya3w_1,in front of,6.0,spatial position,True,/home/dipshikha/Music/cao/CISLR_v1.5-a_videos/Aahly6_Ya3w_1.mp4,train,True,25.0,63,300,300,2.52
AbYawF3ki0k_1,discover,8.0,process,True,/home/dipshikha/Music/cao/CISLR_v1.5-a_videos/AbYawF3ki0k_1.mp4,train,True,25.0,113,300,300,4.52
AcAbORUCKbM,lines and pins,15.0,utility item,True,/home/dipshikha/Music/cao/CISLR_v1.5-a_videos/AcAbORUCKbM.mp4,train,True,25.0,353,300,300,14.12
AclEDgleQ6M,variable,10.0,math,True,/home/dipshikha/Music/cao/CISLR_v1.5-a_videos/AclEDgleQ6M.mp4,train,True,25.0,227,300,300,9.08
AdV7Zn6p0yg_1,snake,6.0,flora and fauna,True,/home/dipshikha/Music/cao/CISLR_v1.5-a_videos/AdV7Zn6p0yg_1.mp4,train,True,30.0,75,300,300,2.5
Adn8_szuH5A,select,4.0,action,True,/home/dipshikha/Music/cao/CISLR_v1.5-a_videos/Adn8_szuH5A.mp4,train,True,25.0,98,300,300,3.92
AectM0u3HLI_1,ahemedabad,6.0,geography,True,/home/dipshikha/Music/cao/CISLR_v1.5-a_videos/AectM0u3HLI_1.mp4,train,True,25.0,63,300,300,2.52
Aeq2jo3tSdA,topic,4.0,attribute,True,/home/dipshikha/Music/cao/CISLR_v1.5-a_videos/Aeq2jo3tSdA.mp4,train,True,25.0,82,300,300,3.28
AfgaiVsTy_k,reporter,7.0,profession,True,/home/dipshikha/Music/cao/CISLR_v1.5-a_videos/AfgaiVsTy_k.mp4,test,True,25.0,174,300,300,6.96
AfzXlh8OgnI,promote,5.0,action,True,/home/dipshikha/Music/cao/CISLR_v1.5-a_videos/AfzXlh8OgnI.mp4,train,True,25.0,109,300,300,4.36
AgAIB4T8Z04,tiles cutter,15.0,instrument,True,/home/dipshikha/Music/cao/CISLR_v1.5-a_videos/AgAIB4T8Z04.mp4,train,True,25.0,364,300,300,14.56
AgB-ICcX7Fg,egypt,3.0,geography,True,/home/dipshikha/Music/cao/CISLR_v1.5-a_videos/AgB-ICcX7Fg.mp4,train,True,25.0,74,300,300,2.96
Ah8zB8BQYek,take a bath,5.0,action,True,/home/dipshikha/Music/cao/CISLR_v1.5-a_videos/Ah8zB8BQYek.mp4,train,True,25.0,122,300,300,4.88
AhDjpH0xZAU,nineteen,4.0,math,True,/home/dipshikha/Music/cao/CISLR_v1.5-a_videos/AhDjpH0xZAU.mp4,train,True,25.0,96,300,300,3.84
Ai8GHDxnOzE_2,clinical thermometer,10.0,medical,True,/home/dipshikha/Music/cao/CISLR_v1.5-a_videos/Ai8GHDxnOzE_2.mp4,train,True,30.0,130,300,300,4.333333333333333
AjSoS7r4qJI_1,hard,7.0,quality,True,/home/dipshikha/Music/cao/CISLR_v1.5-a_videos/AjSoS7r4qJI_1.mp4,test,True,25.0,75,300,300,3.0
AjWZkexuKVI_2,action,8.0,action,True,/home/dipshikha/Music/cao/CISLR_v1.5-a_videos/AjWZkexuKVI_2.mp4,train,True,30.0,92,300,300,3.066666666666667
AkDOjtOtGGA_1,holi,6.0,event,True,/home/dipshikha/Music/cao/CISLR_v1.5-a_videos/AkDOjtOtGGA_1.mp4,train,True,25.0,75,300,300,3.0
AkY2zmS18v0,kidney disease,6.0,biology,True,/home/dipshikha/Music/cao/CISLR_v1.5-a_videos/AkY2zmS18v0.mp4,train,True,25.0,130,300,300,5.2
AmPGr5AueGI_1,dress,7.0,wearable,True,/home/dipshikha/Music/cao/CISLR_v1.5-a_videos/AmPGr5AueGI_1.mp4,test,True,25.0,75,300,300,3.0
AmbZ5vym81g_1,blow,6.0,action,True,/home/dipshikha/Music/cao/CISLR_v1.5-a_videos/AmbZ5vym81g_1.mp4,train,True,25.0,75,300,300,3.0
AnzLnEIXCI4_1,lake,10.0,geography,True,/home/dipshikha/Music/cao/CISLR_v1.5-a_videos/AnzLnEIXCI4_1.mp4,train,True,25.0,125,300,300,5.0
Ap36VoRZatU,neck band,6.0,utility item,True,/home/dipshikha/Music/cao/CISLR_v1.5-a_videos/Ap36VoRZatU.mp4,train,True,25.0,132,300,300,5.28
ApkQwiV28bY,cajanus inducus,11.0,foods and drinks,True,/home/dipshikha/Music/cao/CISLR_v1.5-a_videos/ApkQwiV28bY.mp4,train,True,25.0,255,300,300,10.2
Aq_A-TmNfwk,delegation,13.0,organisation,True,/home/dipshikha/Music/cao/CISLR_v1.5-a_videos/Aq_A-TmNfwk.mp4,train,True,24.0,303,300,300,12.625
ArXzUJR5Vic,salyx tetra sperma,13.0,biology,True,/home/dipshikha/Music/cao/CISLR_v1.5-a_videos/ArXzUJR5Vic.mp4,train,True,25.0,321,300,300,12.84
ArcfZOVJyc4,carrom,3.0,sport,True,/home/dipshikha/Music/cao/CISLR_v1.5-a_videos/ArcfZOVJyc4.mp4,train,True,25.0,71,300,300,2.84
ArrUPiaqzHA,license,5.0,legal,True,/home/dipshikha/Music/cao/CISLR_v1.5-a_videos/ArrUPiaqzHA.mp4,train,True,25.0,101,300,300,4.04
AuCxXmjvztU,drug abuse and addiction,9.0,stage,True,/home/dipshikha/Music/cao/CISLR_v1.5-a_videos/AuCxXmjvztU.mp4,train,True,25.0,214,300,300,8.56
AuTgOkqjmKs,pick axe,4.0,instrument,True,/home/dipshikha/Music/cao/CISLR_v1.5-a_videos/AuTgOkqjmKs.mp4,train,True,25.0,98,300,300,3.92
Aup_XGd3EqQ,roofing tiles,6.0,utility item,True,/home/dipshikha/Music/cao/CISLR_v1.5-a_videos/Aup_XGd3EqQ.mp4,train,True,25.0,124,300,300,4.96
AwsLVn18lwo_2,least count,8.0,metric,True,/home/dipshikha/Music/cao/CISLR_v1.5-a_videos/AwsLVn18lwo_2.mp4,train,True,30.0,102,300,300,3.4
AygZ8ATgf_c,vaishno devi,6.0,religious,True,/home/dipshikha/Music/cao/CISLR_v1.5-a_videos/AygZ8ATgf_c.mp4,train,True,25.0,133,300,300,5.32
AzOpSq_iZCo_1,complain,6.0,process,True,/home/dipshikha/Music/cao/CISLR_v1.5-a_videos/AzOpSq_iZCo_1.mp4,train,True,25.0,63,300,300,2.52
AzVqMQPhOWI_1,we,5.0,group,True,/home/dipshikha/Music/cao/CISLR_v1.5-a_videos/AzVqMQPhOWI_1.mp4,train,True,25.0,63,300,300,2.52
Azhplpvwi6Q,calculator,4.0,math,True,/home/dipshikha/Music/cao/CISLR_v1.5-a_videos/Azhplpvwi6Q.mp4,test,True,25.0,100,300,300,4.0
B0JKoyG_q0g,eyebrow,5.0,biology,True,/home/dipshikha/Music/cao/CISLR_v1.5-a_videos/B0JKoyG_q0g.mp4,train,True,25.0,103,300,300,4.12
B0eoeNCs3RI_1,add,7.0,math,True,/home/dipshikha/Music/cao/CISLR_v1.5-a_videos/B0eoeNCs3RI_1.mp4,train,True,25.0,75,300,300,3.0
B0wM7GT2PKU_2,formula,8.0,math,True,/home/dipshikha/Music/cao/CISLR_v1.5-a_videos/B0wM7GT2PKU_2.mp4,train,True,30.0,100,300,300,3.333333333333333
B1plqHKGoW4_1,deer,6.0,flora and fauna,True,/home/dipshikha/Music/cao/CISLR_v1.5-a_videos/B1plqHKGoW4_1.mp4,test,True,30.0,75,300,300,2.5
B2JFlPUsxQY,form,8.0,readable,True,/home/dipshikha/Music/cao/CISLR_v1.5-a_videos/B2JFlPUsxQY.mp4,test,True,25.0,180,300,300,7.2
B2eH7OwcKQ0,relay race,5.0,event,True,/home/dipshikha/Music/cao/CISLR_v1.5-a_videos/B2eH7OwcKQ0.mp4,train,True,25.0,117,300,300,4.68
B34E37rWGWA_1,term technical,10.0,banking,True,/home/dipshikha/Music/cao/CISLR_v1.5-a_videos/B34E37rWGWA_1.mp4,train,True,30.0,135,300,300,4.5
B34fwmoOvvI_1,false,6.0,abstract,True,/home/dipshikha/Music/cao/CISLR_v1.5-a_videos/B34fwmoOvvI_1.mp4,train,True,30.0,90,300,300,3.0
B3ViGdozfp4,kidnap,4.0,group,True,/home/dipshikha/Music/cao/CISLR_v1.5-a_videos/B3ViGdozfp4.mp4,train,True,25.0,99,300,300,3.96
B4Anc1i1S1E,software developer,11.0,profession,True,/home/dipshikha/Music/cao/CISLR_v1.5-a_videos/B4Anc1i1S1E.mp4,train,True,25.0,264,300,300,10.56
B4_sWGyQgrA,maths,3.0,math,True,/home/dipshikha/Music/cao/CISLR_v1.5-a_videos/B4_sWGyQgrA.mp4,train,True,25.0,73,300,300,2.92
B5Qtp_-1gmo_1,liquor,6.0,substance,True,/home/dipshikha/Music/cao/CISLR_v1.5-a_videos/B5Qtp_-1gmo_1.mp4,train,True,25.0,63,300,300,2.52
B6UQh9WuYAY,once,4.0,math,True,/home/dipshikha/Music/cao/CISLR_v1.5-a_videos/B6UQh9WuYAY.mp4,train,True,25.0,95,300,300,3.8
B6XbxlOZXm4_1,discharge,9.0,action,True,/home/dipshikha/Music/cao/CISLR_v1.5-a_videos/B6XbxlOZXm4_1.mp4,train,True,30.0,135,300,300,4.5
B6dVHrpiFws,onion,4.0,foods and drinks,True,/home/dipshikha/Music/cao/CISLR_v1.5-a_videos/B6dVHrpiFws.mp4,train,True,25.0,90,300,300,3.6
B71wV1k7n4M,pain,4.0,sensation,True,/home/dipshikha/Music/cao/CISLR_v1.5-a_videos/B71wV1k7n4M.mp4,train,True,25.0,86,300,300,3.44
B9gcbXjMQwg_1,small coin depot,11.0,construction,True,/home/dipshikha/Music/cao/CISLR_v1.5-a_videos/B9gcbXjMQwg_1.mp4,train,True,30.0,180,300,300,6.0
BAuCEJ4uKgE,together,4.0,group,True,/home/dipshikha/Music/cao/CISLR_v1.5-a_videos/BAuCEJ4uKgE.mp4,train,True,25.0,99,300,300,3.96
BCVSsSZSqm4,australia,5.0,geography,True,/home/dipshikha/Music/cao/CISLR_v1.5-a_videos/BCVSsSZSqm4.mp4,train,True,25.0,115,300,300,4.6
BD-PPGZahtU_1,loose,6.0,quality,True,/home/dipshikha/Music/cao/CISLR_v1.5-a_videos/BD-PPGZahtU_1.mp4,train,True,25.0,75,300,300,3.0
BD6ADUnsyio_1,clock,8.0,utility item,True,/home/dipshikha/Music/cao/CISLR_v1.5-a_videos/BD6ADUnsyio_1.mp4,train,True,30.0,105,300,300,3.5
BDSIilJRj-4,passbook printing machine,6.0,banking,True,/home/dipshikha/Music/cao/CISLR_v1.5-a_videos/BDSIilJRj-4.mp4,train,True,25.0,124,300,300,4.96
BDyD3b5IvEA_1,tusks,6.0,biology,True,/home/dipshikha/Music/cao/CISLR_v1.5-a_videos/BDyD3b5IvEA_1.mp4,test,True,30.0,75,300,300,2.5
BEBfzPkE3EY,tree,5.0,flora and fauna,True,/home/dipshikha/Music/cao/CISLR_v1.5-a_videos/BEBfzPkE3EY.mp4,train,True,25.0,114,300,300,4.56
BEEOC2ZXhsg,not,4.0,abstract,True,/home/dipshikha/Music/cao/CISLR_v1.5-a_videos/BEEOC2ZXhsg.mp4,train,True,25.0,96,300,300,3.84
BFYTOi2N1w8,big,3.0,attribute,True,/home/dipshikha/Music/cao/CISLR_v1.5-a_videos/BFYTOi2N1w8.mp4,train,True,25.0,70,300,300,2.8
BGIG-XfX4BI,niece,4.0,relation,True,/home/dipshikha/Music/cao/CISLR_v1.5-a_videos/BGIG-XfX4BI.mp4,train,True,25.0,88,300,300,3.52
BGfcBh4woVU_1,fight,5.0,action,True,/home/dipshikha/Music/cao/CISLR_v1.5-a_videos/BGfcBh4woVU_1.mp4,train,True,25.0,63,300,300,2.52
BGjmN9lRDH0,legal,4.0,legal,True,/home/dipshikha/Music/cao/CISLR_v1.5-a_videos/BGjmN9lRDH0.mp4,test,True,25.0,76,300,300,3.04
BI1IkyUrBT0,possible,4.0,attribute,True,/home/dipshikha/Music/cao/CISLR_v1.5-a_videos/BI1IkyUrBT0.mp4,train,True,25.0,97,300,300,3.88
BI57SSk_cGU,cartoon,4.0,entertainment,True,/home/dipshikha/Music/cao/CISLR_v1.5-a_videos/BI57SSk_cGU.mp4,train,True,25.0,88,300,300,3.52
BIO33uNK_pY_1,bus stand,6.0,construction,True,/home/dipshikha/Music/cao/CISLR_v1.5-a_videos/BIO33uNK_pY_1.mp4,train,True,25.0,63,300,300,2.52
BJ_XRbrwsk0_1,bear,6.0,flora and fauna,True,/home/dipshikha/Music/cao/CISLR_v1.5-a_videos/BJ_XRbrwsk0_1.mp4,train,True,30.0,90,300,300,3.0
BJgvTIe5avM,shaving trimmer,6.0,utility item,True,/home/dipshikha/Music/cao/CISLR_v1.5-a_videos/BJgvTIe5avM.mp4,train,True,25.0,125,300,300,5.0
BLazXqvPnKk,in,4.0,spatial position,True,/home/dipshikha/Music/cao/CISLR_v1.5-a_videos/BLazXqvPnKk.mp4,train,True,25.0,93,300,300,3.72
BMKm42g0s08_2,mechanics,9.0,physics,True,/home/dipshikha/Music/cao/CISLR_v1.5-a_videos/BMKm42g0s08_2.mp4,train,True,30.0,107,300,300,3.566666666666667
BMsUiLpUFQQ_1,repairer,7.0,human,True,/home/dipshikha/Music/cao/CISLR_v1.5-a_videos/BMsUiLpUFQQ_1.mp4,train,True,30.0,90,300,300,3.0
BMzjPIvzVfU,answer,3.0,action,True,/home/dipshikha/Music/cao/CISLR_v1.5-a_videos/BMzjPIvzVfU.mp4,train,True,25.0,73,300,300,2.92
BN8N3UwtL00,exclude,5.0,action,True,/home/dipshikha/Music/cao/CISLR_v1.5-a_videos/BN8N3UwtL00.mp4,train,True,25.0,106,300,300,4.24
BNNY7s6UnX4_1,india,7.0,geography,True,/home/dipshikha/Music/cao/CISLR_v1.5-a_videos/BNNY7s6UnX4_1.mp4,test,True,25.0,75,300,300,3.0
BNnUgdUKtf0,nagaland,4.0,geography,True,/home/dipshikha/Music/cao/CISLR_v1.5-a_videos/BNnUgdUKtf0.mp4,train,True,25.0,78,300,300,3.12
BPC5XCxTQDE_1,cremate,12.0,action,True,/home/dipshikha/Music/cao/CISLR_v1.5-a_videos/BPC5XCxTQDE_1.mp4,train,True,30.0,180,300,300,6.0
BPWGQ-KcisU_1,library,8.0,readable,True,/home/dipshikha/Music/cao/CISLR_v1.5-a_videos/BPWGQ-KcisU_1.mp4,train,True,25.0,88,300,300,3.52
BPXMuyXJai8_2,energy,11.0,physics,True,/home/dipshikha/Music/cao/CISLR_v1.5-a_videos/BPXMuyXJai8_2.mp4,train,True,30.0,130,300,300,4.333333333333333
BQU7PK2GEw8,afghanistan,4.0,geography,True,/home/dipshikha/Music/cao/CISLR_v1.5-a_videos/BQU7PK2GEw8.mp4,train,True,25.0,91,300,300,3.64
BSJyINZgfWY,ball cricket,5.0,sport,True,/home/dipshikha/Music/cao/CISLR_v1.5-a_videos/BSJyINZgfWY.mp4,train,True,25.0,114,300,300,4.56
BS_TcCb8q0s_1,bengali,6.0,language,True,/home/dipshikha/Music/cao/CISLR_v1.5-a_videos/BS_TcCb8q0s_1.mp4,train,True,25.0,75,300,300,3.0
BSezNX5k4dA_2,law,7.0,legal,True,/home/dipshikha/Music/cao/CISLR_v1.5-a_videos/BSezNX5k4dA_2.mp4,test,True,30.0,76,300,300,2.533333333333333
BSztT4FmVvg,button down,5.0,action,True,/home/dipshikha/Music/cao/CISLR_v1.5-a_videos/BSztT4FmVvg.mp4,train,True,25.0,114,300,300,4.56
BT9rDLe3e_8,shears,7.0,instrument,True,/home/dipshikha/Music/cao/CISLR_v1.5-a_videos/BT9rDLe3e_8.mp4,train,True,25.0,169,300,300,6.76
BTWoG55D4ns_2,fluid pressure,10.0,physics,True,/home/dipshikha/Music/cao/CISLR_v1.5-a_videos/BTWoG55D4ns_2.mp4,train,True,30.0,113,300,300,3.7666666666666666
BU67b7LtyE0,gujarati,3.0,geography,True,/home/dipshikha/Music/cao/CISLR_v1.5-a_videos/BU67b7LtyE0.mp4,train,True,25.0,62,300,300,2.48
BUOXpYbLzTI_1,wide,6.0,attribute,True,/home/dipshikha/Music/cao/CISLR_v1.5-a_videos/BUOXpYbLzTI_1.mp4,train,True,25.0,75,300,300,3.0
BUdAJ_WWdxo_1,foot,7.0,biology,True,/home/dipshikha/Music/cao/CISLR_v1.5-a_videos/BUdAJ_WWdxo_1.mp4,test,True,30.0,90,300,300,3.0
BUt4lIrC0E8_1,slow,7.0,attribute,True,/home/dipshikha/Music/cao/CISLR_v1.5-a_videos/BUt4lIrC0E8_1.mp4,train,True,25.0,88,300,300,3.52
BUv48pwD90o,exam,6.0,education,True,/home/dipshikha/Music/cao/CISLR_v1.5-a_videos/BUv48pwD90o.mp4,train,True,25.0,136,300,300,5.44
BVtBleg0HgA,message video,5.0,internet,True,/home/dipshikha/Music/cao/CISLR_v1.5-a_videos/BVtBleg0HgA.mp4,train,True,24.0,112,300,300,4.666666666666667
BVyAGCPGC9I,bacteria,5.0,biology,True,/home/dipshikha/Music/cao/CISLR_v1.5-a_videos/BVyAGCPGC9I.mp4,train,True,25.0,105,300,300,4.2
BWKieNmLY2c,beer,4.0,foods and drinks,True,/home/dipshikha/Music/cao/CISLR_v1.5-a_videos/BWKieNmLY2c.mp4,train,True,25.0,91,300,300,3.64
BWWtThOnwkE,interest on savings account,7.0,banking,True,/home/dipshikha/Music/cao/CISLR_v1.5-a_videos/BWWtThOnwkE.mp4,train,True,24.0,162,300,300,6.75
BX15HPM6TzE,interpret,4.0,action,True,/home/dipshikha/Music/cao/CISLR_v1.5-a_videos/BX15HPM6TzE.mp4,train,True,25.0,99,300,300,3.96
BXw0xmFB8pQ_1,she,6.0,abstract,True,/home/dipshikha/Music/cao/CISLR_v1.5-a_videos/BXw0xmFB8pQ_1.mp4,train,True,25.0,75,300,300,3.0
BYY1nIP7J-E,kali mata,5.0,religious,True,/home/dipshikha/Music/cao/CISLR_v1.5-a_videos/BYY1nIP7J-E.mp4,train,True,25.0,106,300,300,4.24
BYnUpQfk3Ts,five,5.0,math,True,/home/dipshikha/Music/cao/CISLR_v1.5-a_videos/BYnUpQfk3Ts.mp4,train,True,25.0,101,300,300,4.04
BaDaIkw-dmQ,appearance,12.0,attribute,True,/home/dipshikha/Music/cao/CISLR_v1.5-a_videos/BaDaIkw-dmQ.mp4,train,True,24.0,266,300,300,11.083333333333334
BaXoF_r5D4w,pain,3.0,sensation,True,/home/dipshikha/Music/cao/CISLR_v1.5-a_videos/BaXoF_r5D4w.mp4,test,True,25.0,65,300,300,2.6
BauK2i6mmK4,younger sister,4.0,relation,True,/home/dipshikha/Music/cao/CISLR_v1.5-a_videos/BauK2i6mmK4.mp4,train,True,25.0,79,300,300,3.16
Bc5uO2zRNJA,throat,4.0,biology,True,/home/dipshikha/Music/cao/CISLR_v1.5-a_videos/Bc5uO2zRNJA.mp4,test,True,25.0,98,300,300,3.92
Bc_Km33uz74,level,4.0,abstract,True,/home/dipshikha/Music/cao/CISLR_v1.5-a_videos/Bc_Km33uz74.mp4,train,True,25.0,90,300,300,3.6
BdQCN4niLds,cooker,5.0,foods and drinks,True,/home/dipshikha/Music/cao/CISLR_v1.5-a_videos/BdQCN4niLds.mp4,train,True,25.0,115,300,300,4.6
BdxydPFxfAA,storm,6.0,weather,True,/home/dipshikha/Music/cao/CISLR_v1.5-a_videos/BdxydPFxfAA.mp4,train,True,25.0,136,300,300,5.44
Bf2FG9YBics_1,mogra,7.0,flora and fauna,True,/home/dipshikha/Music/cao/CISLR_v1.5-a_videos/Bf2FG9YBics_1.mp4,train,True,30.0,90,300,300,3.0
Bh9e-exemes_1,class room,7.0,education,True,/home/dipshikha/Music/cao/CISLR_v1.5-a_videos/Bh9e-exemes_1.mp4,train,True,25.0,75,300,300,3.0
BiqToLUGbec_2,spiral,12.0,abstract,True,/home/dipshikha/Music/cao/CISLR_v1.5-a_videos/BiqToLUGbec_2.mp4,train,True,30.0,151,300,300,5.033333333333333
Bir6ea5EZ1c,association of sign language interpreters,4.0,organisation,True,/home/dipshikha/Music/cao/CISLR_v1.5-a_videos/Bir6ea5EZ1c.mp4,train,True,25.0,87,300,300,3.48
BkPmz2DBMEo,underground symptoms,12.0,medical,True,/home/dipshikha/Music/cao/CISLR_v1.5-a_videos/BkPmz2DBMEo.mp4,train,True,25.0,284,300,300,11.36
BlV_8p_hgLA_1,horns,6.0,biology,True,/home/dipshikha/Music/cao/CISLR_v1.5-a_videos/BlV_8p_hgLA_1.mp4,test,True,30.0,90,300,300,3.0
Bl_SheTtSt0,body,4.0,biology,True,/home/dipshikha/Music/cao/CISLR_v1.5-a_videos/Bl_SheTtSt0.mp4,train,True,25.0,90,300,300,3.6
BmNYiO_-qFU_1,mat,8.0,utility item,True,/home/dipshikha/Music/cao/CISLR_v1.5-a_videos/BmNYiO_-qFU_1.mp4,train,True,30.0,105,300,300,3.5
Bmq6b73OAQ4_1,watermelon,7.0,foods and drinks,True,/home/dipshikha/Music/cao/CISLR_v1.5-a_videos/Bmq6b73OAQ4_1.mp4,test,True,25.0,75,300,300,3.0
BnIXdnAD2EA_2,bimetallic,8.0,metal and minerals,True,/home/dipshikha/Music/cao/CISLR_v1.5-a_videos/BnIXdnAD2EA_2.mp4,train,True,30.0,91,300,300,3.033333333333333
BnRQjGF_dIc_1,those,5.0,relation,True,/home/dipshikha/Music/cao/CISLR_v1.5-a_videos/BnRQjGF_dIc_1.mp4,train,True,25.0,63,300,300,2.52
BnTXPFA6gHA_1,small pox,6.0,medical,True,/home/dipshikha/Music/cao/CISLR_v1.5-a_videos/BnTXPFA6gHA_1.mp4,train,True,30.0,90,300,300,3.0
Bo35LBOce64,wine,3.0,foods and drinks,True,/home/dipshikha/Music/cao/CISLR_v1.5-a_videos/Bo35LBOce64.mp4,train,True,25.0,72,300,300,2.88
BoTn3ZPqyjk_1,switch,6.0,electronic and electrical,True,/home/dipshikha/Music/cao/CISLR_v1.5-a_videos/BoTn3ZPqyjk_1.mp4,train,True,25.0,63,300,300,2.52
BpDvz3q-6pU_1,learn,6.0,action,True,/home/dipshikha/Music/cao/CISLR_v1.5-a_videos/BpDvz3q-6pU_1.mp4,train,True,25.0,75,300,300,3.0
Bpg2wRBxGPI_1,terms of service,11.0,legal,True,/home/dipshikha/Music/cao/CISLR_v1.5-a_videos/Bpg2wRBxGPI_1.mp4,train,True,30.0,180,300,300,6.0
BpheOwGP6ZE_2,east,8.0,spatial position,True,/home/dipshikha/Music/cao/CISLR_v1.5-a_videos/BpheOwGP6ZE_2.mp4,train,True,30.0,84,300,300,2.8
BqgTzj7IeZ0,bhubaneswar,4.0,geography,True,/home/dipshikha/Music/cao/CISLR_v1.5-a_videos/BqgTzj7IeZ0.mp4,train,True,25.0,99,300,300,3.96
Bqq4Ir8T9Og_1,ratio,7.0,math,True,/home/dipshikha/Music/cao/CISLR_v1.5-a_videos/Bqq4Ir8T9Og_1.mp4,train,True,30.0,90,300,300,3.0
Br0rMI_5PzA_2,film,9.0,instrument,True,/home/dipshikha/Music/cao/CISLR_v1.5-a_videos/Br0rMI_5PzA_2.mp4,train,True,30.0,103,300,300,3.433333333333333
BrDv3nkZnCE_1,full,6.0,sensation,True,/home/dipshikha/Music/cao/CISLR_v1.5-a_videos/BrDv3nkZnCE_1.mp4,test,True,25.0,63,300,300,2.52
Brqv7-rpdTQ,teach,3.0,action,True,/home/dipshikha/Music/cao/CISLR_v1.5-a_videos/Brqv7-rpdTQ.mp4,train,True,25.0,73,300,300,2.92
BtseOFOQ9j8,carnivorus fishes,12.0,flora and fauna,True,/home/dipshikha/Music/cao/CISLR_v1.5-a_videos/BtseOFOQ9j8.mp4,train,True,24.0,277,300,300,11.541666666666666
BvOKe8KiGPU,tall,4.0,attribute,True,/home/dipshikha/Music/cao/CISLR_v1.5-a_videos/BvOKe8KiGPU.mp4,test,True,25.0,81,300,300,3.24
Bw8_jmAk28w_1,soft,7.0,quality,True,/home/dipshikha/Music/cao/CISLR_v1.5-a_videos/Bw8_jmAk28w_1.mp4,train,True,25.0,75,300,300,3.0
BxxS_OuUUv4_1,vault safe deposit,8.0,banking,True,/home/dipshikha/Music/cao/CISLR_v1.5-a_videos/BxxS_OuUUv4_1.mp4,train,True,30.0,120,300,300,4.0
BzQFZNqQVsc_1,flag,7.0,miscellaneous object,True,/home/dipshikha/Music/cao/CISLR_v1.5-a_videos/BzQFZNqQVsc_1.mp4,train,True,25.0,75,300,300,3.0
BzgPNh4W3GI_1,pillow,9.0,utility item,True,/home/dipshikha/Music/cao/CISLR_v1.5-a_videos/BzgPNh4W3GI_1.mp4,train,True,30.0,120,300,300,4.0
C-rIgD-yIvg,busy,6.0,behavior,True,/home/dipshikha/Music/cao/CISLR_v1.5-a_videos/C-rIgD-yIvg.mp4,train,True,25.0,135,300,300,5.4
C0UywICFPWw_1,wedding,7.0,event,True,/home/dipshikha/Music/cao/CISLR_v1.5-a_videos/C0UywICFPWw_1.mp4,train,True,30.0,105,300,300,3.5
C0znUIY2osY,east,3.0,spatial position,True,/home/dipshikha/Music/cao/CISLR_v1.5-a_videos/C0znUIY2osY.mp4,test,True,25.0,54,300,300,2.16
C15CAFPqP9g_1,cockroach,7.0,flora and fauna,True,/home/dipshikha/Music/cao/CISLR_v1.5-a_videos/C15CAFPqP9g_1.mp4,train,True,30.0,90,300,300,3.0
C201-UUFUDg,nationalist congress party,5.0,politics,True,/home/dipshikha/Music/cao/CISLR_v1.5-a_videos/C201-UUFUDg.mp4,train,True,25.0,102,300,300,4.08
C2FMG7QWfCo,avalanche,7.0,event,True,/home/dipshikha/Music/cao/CISLR_v1.5-a_videos/C2FMG7QWfCo.mp4,train,True,25.0,161,300,300,6.44
C34PxLKD8OM_1,toes,9.0,biology,True,/home/dipshikha/Music/cao/CISLR_v1.5-a_videos/C34PxLKD8OM_1.mp4,train,True,30.0,120,300,300,4.0
C39QX6etLxw_1,business,6.0,banking,True,/home/dipshikha/Music/cao/CISLR_v1.5-a_videos/C39QX6etLxw_1.mp4,test,True,25.0,75,300,300,3.0
C4B6Nezrmxw_2,original,9.0,attribute,True,/home/dipshikha/Music/cao/CISLR_v1.5-a_videos/C4B6Nezrmxw_2.mp4,train,True,30.0,107,300,300,3.566666666666667
C5DI23vAhYo_1,lion,6.0,flora and fauna,True,/home/dipshikha/Music/cao/CISLR_v1.5-a_videos/C5DI23vAhYo_1.mp4,train,True,30.0,90,300,300,3.0
C5lKWeivlFY,youth association of the deaf india,3.0,organisation,True,/home/dipshikha/Music/cao/CISLR_v1.5-a_videos/C5lKWeivlFY.mp4,train,True,25.0,70,300,300,2.8
C6Lf2U0ZDmQ_1,angry,6.0,emotion,True,/home/dipshikha/Music/cao/CISLR_v1.5-a_videos/C6Lf2U0ZDmQ_1.mp4,test,True,30.0,90,300,300,3.0
C6NYbD05HIo,bank branch name,6.0,banking,True,/home/dipshikha/Music/cao/CISLR_v1.5-a_videos/C6NYbD05HIo.mp4,train,True,24.0,139,300,300,5.791666666666667
C7tQarNFXJo_1,voluntarily,6.0,behavior,True,/home/dipshikha/Music/cao/CISLR_v1.5-a_videos/C7tQarNFXJo_1.mp4,train,True,30.0,105,300,300,3.5
C7zW-Cuv3tU_1,parrot,7.0,flora and fauna,True,/home/dipshikha/Music/cao/CISLR_v1.5-a_videos/C7zW-Cuv3tU_1.mp4,test,True,30.0,90,300,300,3.0
C8NKSCbnodM_1,sea,8.0,geography,True,/home/dipshikha/Music/cao/CISLR_v1.5-a_videos/C8NKSCbnodM_1.mp4,test,True,25.0,100,300,300,4.0
C9ZLmgNDV_Y,salman khan,4.0,human,True,/home/dipshikha/Music/cao/CISLR_v1.5-a_videos/C9ZLmgNDV_Y.mp4,train,True,25.0,78,300,300,3.12
CAKl640s6UE,reason,3.0,abstract,True,/home/dipshikha/Music/cao/CISLR_v1.5-a_videos/CAKl640s6UE.mp4,train,True,25.0,71,300,300,2.84
CBXCId8jHAA,teaser bull,14.0,medical,True,/home/dipshikha/Music/cao/CISLR_v1.5-a_videos/CBXCId8jHAA.mp4,train,True,24.0,335,300,300,13.958333333333334
CBdApLFUzYs_1,far,6.0,spatial position,True,/home/dipshikha/Music/cao/CISLR_v1.5-a_videos/CBdApLFUzYs_1.mp4,train,True,25.0,75,300,300,3.0
CBgYsD9T-uI_1,watch,8.0,action,True,/home/dipshikha/Music/cao/CISLR_v1.5-a_videos/CBgYsD9T-uI_1.mp4,train,True,30.0,105,300,300,3.5
CCLHQe8fETs_2,projectile motion,10.0,physics,True,/home/dipshikha/Music/cao/CISLR_v1.5-a_videos/CCLHQe8fETs_2.mp4,train,True,30.0,123,300,300,4.1
CD7q4E7thng,true,4.0,abstract,True,/home/dipshikha/Music/cao/CISLR_v1.5-a_videos/CD7q4E7thng.mp4,train,True,25.0,74,300,300,2.96
CDd6olbtjWE,local,5.0,spatial position,True,/home/dipshikha/Music/cao/CISLR_v1.5-a_videos/CDd6olbtjWE.mp4,train,True,25.0,101,300,300,4.04
CEHCaHC8hK0,sit,3.0,action,True,/home/dipshikha/Music/cao/CISLR_v1.5-a_videos/CEHCaHC8hK0.mp4,test,True,25.0,75,300,300,3.0
CELYbb3X9fk,mechanic,6.0,profession,True,/home/dipshikha/Music/cao/CISLR_v1.5-a_videos/CELYbb3X9fk.mp4,test,True,25.0,144,300,300,5.76
CEiO3djH-zg_2,superposltion,9.0,physics,True,/home/dipshikha/Music/cao/CISLR_v1.5-a_videos/CEiO3djH-zg_2.mp4,train,True,30.0,108,300,300,3.6
CEsvPmZQ7c4_1,slim,7.0,attribute,True,/home/dipshikha/Music/cao/CISLR_v1.5-a_videos/CEsvPmZQ7c4_1.mp4,train,True,25.0,75,300,300,3.0
CGNDUJWk96I_2,positive error,9.0,math,True,/home/dipshikha/Music/cao/CISLR_v1.5-a_videos/CGNDUJWk96I_2.mp4,train,True,30.0,120,300,300,4.0
CGWUtV3bpgc_1,kanpur,6.0,geography,True,/home/dipshikha/Music/cao/CISLR_v1.5-a_videos/CGWUtV3bpgc_1.mp4,train,True,25.0,75,300,300,3.0
CH_cyrmtUd0_1,mixer,6.0,machine,True,/home/dipshikha/Music/cao/CISLR_v1.5-a_videos/CH_cyrmtUd0_1.mp4,train,True,30.0,75,300,300,2.5
CHt94rpZVOI,vodafone,5.0,organisation,True,/home/dipshikha/Music/cao/CISLR_v1.5-a_videos/CHt94rpZVOI.mp4,train,True,25.0,108,300,300,4.32
CKCqZpXdLU4_1,bridge,6.0,construction,True,/home/dipshikha/Music/cao/CISLR_v1.5-a_videos/CKCqZpXdLU4_1.mp4,train,True,25.0,75,300,300,3.0
CKRWnL9qBDo_1,hide,5.0,spatial position,True,/home/dipshikha/Music/cao/CISLR_v1.5-a_videos/CKRWnL9qBDo_1.mp4,train,True,25.0,63,300,300,2.52
CKkHv_YeHWU,corn,5.0,foods and drinks,True,/home/dipshikha/Music/cao/CISLR_v1.5-a_videos/CKkHv_YeHWU.mp4,train,True,25.0,118,300,300,4.72
CLjivq1wW6E,bile duct cancer,15.0,medical,True,/home/dipshikha/Music/cao/CISLR_v1.5-a_videos/CLjivq1wW6E.mp4,train,True,25.0,375,300,300,15.0
CLxxQFQiTic,zip,4.0,utility item,True,/home/dipshikha/Music/cao/CISLR_v1.5-a_videos/CLxxQFQiTic.mp4,train,True,25.0,78,300,300,3.12
CNIlm20ulSs_1,expensive,7.0,attribute,True,/home/dipshikha/Music/cao/CISLR_v1.5-a_videos/CNIlm20ulSs_1.mp4,train,True,25.0,88,300,300,3.52
CNL5igD7Z9U_1,twins,9.0,biology,True,/home/dipshikha/Music/cao/CISLR_v1.5-a_videos/CNL5igD7Z9U_1.mp4,train,True,30.0,120,300,300,4.0
CNfxuVjZuh4_1,inch,6.0,metric,True,/home/dipshikha/Music/cao/CISLR_v1.5-a_videos/CNfxuVjZuh4_1.mp4,train,True,25.0,75,300,300,3.0
CNnZQINfB8E,college,6.0,education,True,/home/dipshikha/Music/cao/CISLR_v1.5-a_videos/CNnZQINfB8E.mp4,train,True,25.0,130,300,300,5.2
CO-YipjVoj4_1,certificate,6.0,readable,True,/home/dipshikha/Music/cao/CISLR_v1.5-a_videos/CO-YipjVoj4_1.mp4,train,True,25.0,75,300,300,3.0
COAl-bQOrFU_2,refractive index,10.0,physics,True,/home/dipshikha/Music/cao/CISLR_v1.5-a_videos/COAl-bQOrFU_2.mp4,train,True,30.0,126,300,300,4.2
CPPp4bkc2M0,classification of hedges,11.0,action,True,/home/dipshikha/Music/cao/CISLR_v1.5-a_videos/CPPp4bkc2M0.mp4,train,True,25.0,257,300,300,10.28
CPitVthnjH4,love marriage,15.0,relation,True,/home/dipshikha/Music/cao/CISLR_v1.5-a_videos/CPitVthnjH4.mp4,train,True,24.0,339,300,300,14.125
CPzNAqruek8,post office,4.0,construction,True,/home/dipshikha/Music/cao/CISLR_v1.5-a_videos/CPzNAqruek8.mp4,train,True,25.0,99,300,300,3.96
CR2NKbXEI-A,rail road switch,7.0,transport,True,/home/dipshikha/Music/cao/CISLR_v1.5-a_videos/CR2NKbXEI-A.mp4,train,True,24.0,158,300,300,6.583333333333333
CRdSfDtdSj8_2,pole,12.0,astronomical,True,/home/dipshikha/Music/cao/CISLR_v1.5-a_videos/CRdSfDtdSj8_2.mp4,test,True,30.0,148,300,300,4.933333333333334
CSY_YI5A3uw_1,september,6.0,time,True,/home/dipshikha/Music/cao/CISLR_v1.5-a_videos/CSY_YI5A3uw_1.mp4,test,True,30.0,75,300,300,2.5
CTZLTOTcRtg_2,velocity,7.0,physics,True,/home/dipshikha/Music/cao/CISLR_v1.5-a_videos/CTZLTOTcRtg_2.mp4,train,True,30.0,84,300,300,2.8
CU60FAVcxnc_1,solicitor,9.0,profession,True,/home/dipshikha/Music/cao/CISLR_v1.5-a_videos/CU60FAVcxnc_1.mp4,train,True,30.0,135,300,300,4.5
CUNH7UOyYGI_1,spider,6.0,flora and fauna,True,/home/dipshikha/Music/cao/CISLR_v1.5-a_videos/CUNH7UOyYGI_1.mp4,train,True,30.0,75,300,300,2.5
CXEDTo1PXCg,no,4.0,abstract,True,/home/dipshikha/Music/cao/CISLR_v1.5-a_videos/CXEDTo1PXCg.mp4,train,True,25.0,78,300,300,3.12
CXLZ3svHfGc,lace edge binding,9.0,process,True,/home/dipshikha/Music/cao/CISLR_v1.5-a_videos/CXLZ3svHfGc.mp4,train,True,25.0,216,300,300,8.64
CXOPG4pJxDI_1,hear,8.0,sound,True,/home/dipshikha/Music/cao/CISLR_v1.5-a_videos/CXOPG4pJxDI_1.mp4,train,True,30.0,120,300,300,4.0
CX_0sOJ8AiI_1,bus,6.0,transport,True,/home/dipshikha/Music/cao/CISLR_v1.5-a_videos/CX_0sOJ8AiI_1.mp4,train,True,25.0,63,300,300,2.52
CXzmFPBwjzs_2,north pole,11.0,geography,True,/home/dipshikha/Music/cao/CISLR_v1.5-a_videos/CXzmFPBwjzs_2.mp4,train,True,30.0,116,300,300,3.8666666666666663
CYE_fagx7yo_2,liquid fuels,11.0,substance,True,/home/dipshikha/Music/cao/CISLR_v1.5-a_videos/CYE_fagx7yo_2.mp4,train,True,30.0,141,300,300,4.7
C_7MNhDkut4,tripura,5.0,geography,True,/home/dipshikha/Music/cao/CISLR_v1.5-a_videos/C_7MNhDkut4.mp4,test,True,25.0,104,300,300,4.16
C_H7DeMnOQ8,abuttal,8.0,legal,True,/home/dipshikha/Music/cao/CISLR_v1.5-a_videos/C_H7DeMnOQ8.mp4,train,True,25.0,198,300,300,7.92
C_HK0uWAt8I,november,5.0,time,True,/home/dipshikha/Music/cao/CISLR_v1.5-a_videos/C_HK0uWAt8I.mp4,train,True,25.0,111,300,300,4.44
C_VE9wu76So,potty,4.0,biology,True,/home/dipshikha/Music/cao/CISLR_v1.5-a_videos/C_VE9wu76So.mp4,train,True,25.0,83,300,300,3.32
C_VIItfSFdU,ewe,10.0,flora and fauna,True,/home/dipshikha/Music/cao/CISLR_v1.5-a_videos/C_VIItfSFdU.mp4,train,True,24.0,219,300,300,9.125
C_pnntfY2qw,l square,7.0,instrument,True,/home/dipshikha/Music/cao/CISLR_v1.5-a_videos/C_pnntfY2qw.mp4,train,True,25.0,168,300,300,6.72
CbscRBBGtT8,tractor,4.0,transport,True,/home/dipshikha/Music/cao/CISLR_v1.5-a_videos/CbscRBBGtT8.mp4,train,True,25.0,92,300,300,3.68
Cc7VwcMMTqk,gas tractor,8.0,transport,True,/home/dipshikha/Music/cao/CISLR_v1.5-a_videos/Cc7VwcMMTqk.mp4,train,True,24.0,179,300,300,7.458333333333333
CcX4eD-UArI_2,circle,13.0,math,True,/home/dipshikha/Music/cao/CISLR_v1.5-a_videos/CcX4eD-UArI_2.mp4,test,True,30.0,166,300,300,5.533333333333333
CcsJ-D4YAMI_1,morning,7.0,time,True,/home/dipshikha/Music/cao/CISLR_v1.5-a_videos/CcsJ-D4YAMI_1.mp4,train,True,30.0,90,300,300,3.0
Cd0f7fvtGTg,absent,5.0,abstract,True,/home/dipshikha/Music/cao/CISLR_v1.5-a_videos/Cd0f7fvtGTg.mp4,train,True,25.0,108,300,300,4.32
Cdb8BFpFWqo,division,3.0,action,True,/home/dipshikha/Music/cao/CISLR_v1.5-a_videos/Cdb8BFpFWqo.mp4,train,True,24.0,70,300,300,2.9166666666666665
CeGVf78K8jg,anorak,8.0,wearable,True,/home/dipshikha/Music/cao/CISLR_v1.5-a_videos/CeGVf78K8jg.mp4,train,True,25.0,180,300,300,7.2
CfFtNMRV6Y8_1,cap,6.0,wearable,True,/home/dipshikha/Music/cao/CISLR_v1.5-a_videos/CfFtNMRV6Y8_1.mp4,train,True,25.0,63,300,300,2.52
CfNlpbflIQU,court hall,9.0,legal,True,/home/dipshikha/Music/cao/CISLR_v1.5-a_videos/CfNlpbflIQU.mp4,train,True,25.0,219,300,300,8.76
CfRFZ0IFp3Y_2,thermometer,9.0,miscellaneous object,True,/home/dipshikha/Music/cao/CISLR_v1.5-a_videos/CfRFZ0IFp3Y_2.mp4,train,True,30.0,96,300,300,3.2
CgJ5_Y60Uu0_2,piston,9.0,miscellaneous object,True,/home/dipshikha/Music/cao/CISLR_v1.5-a_videos/CgJ5_Y60Uu0_2.mp4,train,True,30.0,118,300,300,3.933333333333333
CggX-rNVSxc_1,omit,6.0,action,True,/home/dipshikha/Music/cao/CISLR_v1.5-a_videos/CggX-rNVSxc_1.mp4,train,True,25.0,75,300,300,3.0
Cgk-fX-KFhw,livelihood,5.0,abstract,True,/home/dipshikha/Music/cao/CISLR_v1.5-a_videos/Cgk-fX-KFhw.mp4,train,True,25.0,101,300,300,4.04
Cgs1MibMXJ0,eat,4.0,action,True,/home/dipshikha/Music/cao/CISLR_v1.5-a_videos/Cgs1MibMXJ0.mp4,train,True,25.0,88,300,300,3.52
Ci-i1-FzGTU,superfast express,6.0,transport,True,/home/dipshikha/Music/cao/CISLR_v1.5-a_videos/Ci-i1-FzGTU.mp4,train,True,25.0,144,300,300,5.76
CjL55F1EpNk,contractual,6.0,legal,True,/home/dipshikha/Music/cao/CISLR_v1.5-a_videos/CjL55F1EpNk.mp4,train,True,25.0,130,300,300,5.2
CjZKfMv3QsA_2,increase,9.0,comparator,True,/home/dipshikha/Music/cao/CISLR_v1.5-a_videos/CjZKfMv3QsA_2.mp4,test,True,30.0,109,300,300,3.633333333333333
ClLC-JSUEq4,coloured follage shrubs,10.0,flora and fauna,True,/home/dipshikha/Music/cao/CISLR_v1.5-a_videos/ClLC-JSUEq4.mp4,train,True,25.0,227,300,300,9.08
ClwPsyQ5iKQ_1,late,6.0,time,True,/home/dipshikha/Music/cao/CISLR_v1.5-a_videos/ClwPsyQ5iKQ_1.mp4,test,True,30.0,90,300,300,3.0
ClxK5dEsoZk_1,abeyance,8.0,banking,True,/home/dipshikha/Music/cao/CISLR_v1.5-a_videos/ClxK5dEsoZk_1.mp4,train,True,30.0,105,300,300,3.5
CmAtK2kV6GY,pray,4.0,action,True,/home/dipshikha/Music/cao/CISLR_v1.5-a_videos/CmAtK2kV6GY.mp4,train,True,25.0,88,300,300,3.52
Cn1Q6q6XtMI,skiing,3.0,sport,True,/home/dipshikha/Music/cao/CISLR_v1.5-a_videos/Cn1Q6q6XtMI.mp4,train,True,25.0,65,300,300,2.6
CoA255C3aAU_2,inverse,9.0,math,True,/home/dipshikha/Music/cao/CISLR_v1.5-a_videos/CoA255C3aAU_2.mp4,train,True,30.0,111,300,300,3.7
CoKtBDPhPbg,self-reflect,5.0,attribute,True,/home/dipshikha/Music/cao/CISLR_v1.5-a_videos/CoKtBDPhPbg.mp4,train,True,25.0,118,300,300,4.72
CoMoRzQiKm8_1,coin,9.0,banking,True,/home/dipshikha/Music/cao/CISLR_v1.5-a_videos/CoMoRzQiKm8_1.mp4,train,True,30.0,120,300,300,4.0
Codai31kUpE_1,give,6.0,action,True,/home/dipshikha/Music/cao/CISLR_v1.5-a_videos/Codai31kUpE_1.mp4,train,True,25.0,63,300,300,2.52
CowXY9IdbxA_2,uniform,8.0,quantity,True,/home/dipshikha/Music/cao/CISLR_v1.5-a_videos/CowXY9IdbxA_2.mp4,train,True,30.0,87,300,300,2.9
CoxdEUEw9Lw,wolf,6.0,flora and fauna,True,/home/dipshikha/Music/cao/CISLR_v1.5-a_videos/CoxdEUEw9Lw.mp4,test,True,25.0,126,300,300,5.04
CpYIKn7qaIY,left,4.0,spatial position,True,/home/dipshikha/Music/cao/CISLR_v1.5-a_videos/CpYIKn7qaIY.mp4,train,True,25.0,93,300,300,3.72
CpbiUt_BR3U,process,4.0,event,True,/home/dipshikha/Music/cao/CISLR_v1.5-a_videos/CpbiUt_BR3U.mp4,train,True,25.0,85,300,300,3.4
CqOegR2Dg14,dwarf ornamental hedges,14.0,flora and fauna,True,/home/dipshikha/Music/cao/CISLR_v1.5-a_videos/CqOegR2Dg14.mp4,train,True,25.0,347,300,300,13.88
CqbFltbrM-s_1,lock,8.0,machine,True,/home/dipshikha/Music/cao/CISLR_v1.5-a_videos/CqbFltbrM-s_1.mp4,train,True,30.0,105,300,300,3.5
CqilPDcjxRc,fly,4.0,flora and fauna,True,/home/dipshikha/Music/cao/CISLR_v1.5-a_videos/CqilPDcjxRc.mp4,train,True,25.0,78,300,300,3.12
Cqtgx6BSkRk,umpire,5.0,human,True,/home/dipshikha/Music/cao/CISLR_v1.5-a_videos/Cqtgx6BSkRk.mp4,train,True,25.0,111,300,300,4.44
CrKUKDtOtSw,foundation,10.0,construction,True,/home/dipshikha/Music/cao/CISLR_v1.5-a_videos/CrKUKDtOtSw.mp4,train,True,25.0,234,300,300,9.36
CsVqdOkFe4Y_1,pick,6.0,action,True,/home/dipshikha/Music/cao/CISLR_v1.5-a_videos/CsVqdOkFe4Y_1.mp4,train,True,25.0,75,300,300,3.0
Csudbq04CV0,cook,5.0,foods and drinks,True,/home/dipshikha/Music/cao/CISLR_v1.5-a_videos/Csudbq04CV0.mp4,test,True,25.0,124,300,300,4.96
CtWGmhj6scQ_1,vehicles,7.0,transport,True,/home/dipshikha/Music/cao/CISLR_v1.5-a_videos/CtWGmhj6scQ_1.mp4,train,True,25.0,75,300,300,3.0
Ctij9uzbRTU,younger,4.0,comparator,True,/home/dipshikha/Music/cao/CISLR_v1.5-a_videos/Ctij9uzbRTU.mp4,train,True,25.0,100,300,300,4.0
Ctsn9y9OSCk,stationery,6.0,utility item,True,/home/dipshikha/Music/cao/CISLR_v1.5-a_videos/Ctsn9y9OSCk.mp4,train,True,25.0,127,300,300,5.08
CuOhMZjaUS8_2,magnet,9.0,physics,True,/home/dipshikha/Music/cao/CISLR_v1.5-a_videos/CuOhMZjaUS8_2.mp4,train,True,30.0,115,300,300,3.8333333333333335
CujxTrMxQEw_1,declaration,12.0,action,True,/home/dipshikha/Music/cao/CISLR_v1.5-a_videos/CujxTrMxQEw_1.mp4,train,True,30.0,195,300,300,6.5
CvB9G9rAoNY,stuck,5.0,stage,True,/home/dipshikha/Music/cao/CISLR_v1.5-a_videos/CvB9G9rAoNY.mp4,train,True,25.0,104,300,300,4.16
CveKv8LNSOI_1,insult,6.0,action,True,/home/dipshikha/Music/cao/CISLR_v1.5-a_videos/CveKv8LNSOI_1.mp4,train,True,30.0,90,300,300,3.0
CvkYlSWEfL4_2,simple  microscope,8.0,instrument,True,/home/dipshikha/Music/cao/CISLR_v1.5-a_videos/CvkYlSWEfL4_2.mp4,train,True,30.0,96,300,300,3.2
CvppYfpiXyM,wood plane,10.0,miscellaneous object,True,/home/dipshikha/Music/cao/CISLR_v1.5-a_videos/CvppYfpiXyM.mp4,train,True,25.0,226,300,300,9.04
Cw13fIyVSNA,take,4.0,action,True,/home/dipshikha/Music/cao/CISLR_v1.5-a_videos/Cw13fIyVSNA.mp4,test,True,25.0,81,300,300,3.24
CwdQO_zlNyE,side mirror,6.0,utility item,True,/home/dipshikha/Music/cao/CISLR_v1.5-a_videos/CwdQO_zlNyE.mp4,train,True,24.0,134,300,300,5.583333333333333
CyV5-k-6JFk,mizoram,5.0,geography,True,/home/dipshikha/Music/cao/CISLR_v1.5-a_videos/CyV5-k-6JFk.mp4,train,True,25.0,110,300,300,4.4
CyY-qOh0k4U_1,account closing,14.0,banking,True,/home/dipshikha/Music/cao/CISLR_v1.5-a_videos/CyY-qOh0k4U_1.mp4,train,True,30.0,210,300,300,7.0
Cyn1WPoqLHM_1,town,6.0,geography,True,/home/dipshikha/Music/cao/CISLR_v1.5-a_videos/Cyn1WPoqLHM_1.mp4,train,True,25.0,63,300,300,2.52
Cz3KCbolavI,camel,5.0,flora and fauna,True,/home/dipshikha/Music/cao/CISLR_v1.5-a_videos/Cz3KCbolavI.mp4,test,True,25.0,119,300,300,4.76
D-6BxGJ0ru8_1,wish,7.0,abstract,True,/home/dipshikha/Music/cao/CISLR_v1.5-a_videos/D-6BxGJ0ru8_1.mp4,train,True,25.0,75,300,300,3.0
D-6KziM3_ac,monkey,7.0,flora and fauna,True,/home/dipshikha/Music/cao/CISLR_v1.5-a_videos/D-6KziM3_ac.mp4,test,True,25.0,173,300,300,6.92
D-DoLPV-QRg_1,unlawful,7.0,legal,True,/home/dipshikha/Music/cao/CISLR_v1.5-a_videos/D-DoLPV-QRg_1.mp4,train,True,30.0,90,300,300,3.0
D12hlBiVjck,opposite,4.0,comparator,True,/home/dipshikha/Music/cao/CISLR_v1.5-a_videos/D12hlBiVjck.mp4,train,True,25.0,86,300,300,3.44
D19X5MhzZcE,english,3.0,language,True,/home/dipshikha/Music/cao/CISLR_v1.5-a_videos/D19X5MhzZcE.mp4,train,True,25.0,62,300,300,2.48
D1NuUfSrJq8_1,yellow,8.0,attribute,True,/home/dipshikha/Music/cao/CISLR_v1.5-a_videos/D1NuUfSrJq8_1.mp4,test,True,30.0,120,300,300,4.0
D2Ayu0l7M78,tonic,4.0,substance,True,/home/dipshikha/Music/cao/CISLR_v1.5-a_videos/D2Ayu0l7M78.mp4,train,True,25.0,85,300,300,3.4
D2r4zIgoqkg,andhra pradesh,4.0,geography,True,/home/dipshikha/Music/cao/CISLR_v1.5-a_videos/D2r4zIgoqkg.mp4,train,True,25.0,98,300,300,3.92
D2w1j6MXK-s_2,hydrautic lift,12.0,machine,True,/home/dipshikha/Music/cao/CISLR_v1.5-a_videos/D2w1j6MXK-s_2.mp4,train,True,30.0,150,300,300,5.0
D3-jY-B3kFo,unix,7.0,computer,True,/home/dipshikha/Music/cao/CISLR_v1.5-a_videos/D3-jY-B3kFo.mp4,train,True,25.0,155,300,300,6.2
D38jZfxOtFs_1,europe,8.0,geography,True,/home/dipshikha/Music/cao/CISLR_v1.5-a_videos/D38jZfxOtFs_1.mp4,train,True,25.0,88,300,300,3.52
D3MeXacclFw,breathalyzer test,12.0,medical,True,/home/dipshikha/Music/cao/CISLR_v1.5-a_videos/D3MeXacclFw.mp4,train,True,25.0,297,300,300,11.88
D3USBJo5zLA_1,introduce,6.0,action,True,/home/dipshikha/Music/cao/CISLR_v1.5-a_videos/D3USBJo5zLA_1.mp4,train,True,25.0,75,300,300,3.0
D4mWoGRHBYc_1,disapproval,9.0,gesture,True,/home/dipshikha/Music/cao/CISLR_v1.5-a_videos/D4mWoGRHBYc_1.mp4,train,True,30.0,120,300,300,4.0
D5jXj8nf-Sg_1,spoil,7.0,action,True,/home/dipshikha/Music/cao/CISLR_v1.5-a_videos/D5jXj8nf-Sg_1.mp4,train,True,25.0,75,300,300,3.0
D5ynpqL8HC4_1,multiply,7.0,math,True,/home/dipshikha/Music/cao/CISLR_v1.5-a_videos/D5ynpqL8HC4_1.mp4,train,True,25.0,75,300,300,3.0
D6MP5temHtg_1,chocolate,6.0,foods and drinks,True,/home/dipshikha/Music/cao/CISLR_v1.5-a_videos/D6MP5temHtg_1.mp4,train,True,25.0,63,300,300,2.52
D6jjiguTEmI_1,account profit and loss,15.0,banking,True,/home/dipshikha/Music/cao/CISLR_v1.5-a_videos/D6jjiguTEmI_1.mp4,train,True,30.0,210,300,300,7.0
D7hi8QdSnq8,middle,4.0,comparator,True,/home/dipshikha/Music/cao/CISLR_v1.5-a_videos/D7hi8QdSnq8.mp4,train,True,25.0,95,300,300,3.8
D9ihUabRKIQ_2,green,8.0,colour,True,/home/dipshikha/Music/cao/CISLR_v1.5-a_videos/D9ihUabRKIQ_2.mp4,train,True,30.0,102,300,300,3.4
D9jI_HByl1Q,united arab emirates,4.0,geography,True,/home/dipshikha/Music/cao/CISLR_v1.5-a_videos/D9jI_HByl1Q.mp4,train,True,25.0,93,300,300,3.72
DA0Ma_9R3HU,pick,3.0,action,True,/home/dipshikha/Music/cao/CISLR_v1.5-a_videos/DA0Ma_9R3HU.mp4,test,True,25.0,67,300,300,2.68
DAgfV9RRVsw_1,umbrella,8.0,utility item,True,/home/dipshikha/Music/cao/CISLR_v1.5-a_videos/DAgfV9RRVsw_1.mp4,test,True,30.0,120,300,300,4.0
DAhaM4E1wSM,candle,6.0,utility item,True,/home/dipshikha/Music/cao/CISLR_v1.5-a_videos/DAhaM4E1wSM.mp4,train,True,25.0,124,300,300,4.96
DAkf0SjQpuk_1,alive,6.0,stage,True,/home/dipshikha/Music/cao/CISLR_v1.5-a_videos/DAkf0SjQpuk_1.mp4,test,True,30.0,75,300,300,2.5
DBMZ92qq6fY_1,bible,6.0,readable,True,/home/dipshikha/Music/cao/CISLR_v1.5-a_videos/DBMZ92qq6fY_1.mp4,train,True,25.0,75,300,300,3.0
DBUTlAHjWlI,fine,4.0,legal,True,/home/dipshikha/Music/cao/CISLR_v1.5-a_videos/DBUTlAHjWlI.mp4,test,True,25.0,93,300,300,3.72
DCH3d-S6BlI,endure,4.0,action,True,/home/dipshikha/Music/cao/CISLR_v1.5-a_videos/DCH3d-S6BlI.mp4,train,True,25.0,94,300,300,3.76
DCRybq5sYAA_1,winding up,7.0,action,True,/home/dipshikha/Music/cao/CISLR_v1.5-a_videos/DCRybq5sYAA_1.mp4,train,True,30.0,105,300,300,3.5
DCjd5dJLuF4,zebra,5.0,flora and fauna,True,/home/dipshikha/Music/cao/CISLR_v1.5-a_videos/DCjd5dJLuF4.mp4,train,True,25.0,122,300,300,4.88
DCwA5BuGHa8_1,they,4.0,relation,True,/home/dipshikha/Music/cao/CISLR_v1.5-a_videos/DCwA5BuGHa8_1.mp4,test,True,25.0,50,300,300,2.0
DD9K1ojKj_k,taj hotel,7.0,construction,True,/home/dipshikha/Music/cao/CISLR_v1.5-a_videos/DD9K1ojKj_k.mp4,train,True,25.0,158,300,300,6.32
DDusbrXIyaA,tailor,5.0,profession,True,/home/dipshikha/Music/cao/CISLR_v1.5-a_videos/DDusbrXIyaA.mp4,test,True,25.0,108,300,300,4.32
DF_pD6nnqRk,monocotyledonae,11.0,flora and fauna,True,/home/dipshikha/Music/cao/CISLR_v1.5-a_videos/DF_pD6nnqRk.mp4,train,True,25.0,252,300,300,10.08
DG2hfDpWdMQ_1,good,7.0,quality,True,/home/dipshikha/Music/cao/CISLR_v1.5-a_videos/DG2hfDpWdMQ_1.mp4,train,True,30.0,90,300,300,3.0
DHihi8AG0ck_1,cancel,6.0,action,True,/home/dipshikha/Music/cao/CISLR_v1.5-a_videos/DHihi8AG0ck_1.mp4,test,True,30.0,90,300,300,3.0
DHr0LlZd0cs_2,attraction,8.0,physics,True,/home/dipshikha/Music/cao/CISLR_v1.5-a_videos/DHr0LlZd0cs_2.mp4,train,True,30.0,92,300,300,3.066666666666667
DJzxcG2JLTA,experiment,6.0,process,True,/home/dipshikha/Music/cao/CISLR_v1.5-a_videos/DJzxcG2JLTA.mp4,train,True,25.0,135,300,300,5.4
DKuMCtyj8ik_2,infinity,8.0,math,True,/home/dipshikha/Music/cao/CISLR_v1.5-a_videos/DKuMCtyj8ik_2.mp4,train,True,30.0,89,300,300,2.966666666666667
DMDAXFRPJBs_1,rose,7.0,flora and fauna,True,/home/dipshikha/Music/cao/CISLR_v1.5-a_videos/DMDAXFRPJBs_1.mp4,train,True,30.0,90,300,300,3.0
DM_xL10khbo_1,skin,9.0,biology,True,/home/dipshikha/Music/cao/CISLR_v1.5-a_videos/DM_xL10khbo_1.mp4,train,True,30.0,120,300,300,4.0
DMaN0jUw3pU,pickle,7.0,foods and drinks,True,/home/dipshikha/Music/cao/CISLR_v1.5-a_videos/DMaN0jUw3pU.mp4,train,True,25.0,160,300,300,6.4
DMxZHUZ7u88_1,seat,6.0,utility item,True,/home/dipshikha/Music/cao/CISLR_v1.5-a_videos/DMxZHUZ7u88_1.mp4,train,True,25.0,75,300,300,3.0
DNF5QY7x2Lc_1,hardworking,8.0,behavior,True,/home/dipshikha/Music/cao/CISLR_v1.5-a_videos/DNF5QY7x2Lc_1.mp4,train,True,30.0,105,300,300,3.5
DNP9-5px_mA,hook worm disease,9.0,biology,True,/home/dipshikha/Music/cao/CISLR_v1.5-a_videos/DNP9-5px_mA.mp4,train,True,25.0,208,300,300,8.32
DNVOzTx47ew,gas lighter,5.0,utility item,True,/home/dipshikha/Music/cao/CISLR_v1.5-a_videos/DNVOzTx47ew.mp4,train,True,25.0,115,300,300,4.6
DNk0c1RwBJ0_1,solve,7.0,action,True,/home/dipshikha/Music/cao/CISLR_v1.5-a_videos/DNk0c1RwBJ0_1.mp4,train,True,25.0,75,300,300,3.0
DOHpEalcflo,podium,8.0,miscellaneous object,True,/home/dipshikha/Music/cao/CISLR_v1.5-a_videos/DOHpEalcflo.mp4,train,True,25.0,181,300,300,7.24
DPFh6Vtj8nY,indian sign language interpreters association,3.0,organisation,True,/home/dipshikha/Music/cao/CISLR_v1.5-a_videos/DPFh6Vtj8nY.mp4,train,True,25.0,69,300,300,2.76
DPQ-TcGykDw_1,baby,9.0,stage,True,/home/dipshikha/Music/cao/CISLR_v1.5-a_videos/DPQ-TcGykDw_1.mp4,train,True,30.0,120,300,300,4.0
DPb0Ariw5Ic,event,5.0,event,True,/home/dipshikha/Music/cao/CISLR_v1.5-a_videos/DPb0Ariw5Ic.mp4,train,True,25.0,102,300,300,4.08
DQZ8UEoRnUs_1,fool,6.0,behavior,True,/home/dipshikha/Music/cao/CISLR_v1.5-a_videos/DQZ8UEoRnUs_1.mp4,train,True,25.0,63,300,300,2.52
DQg2gfZHQ_0,subdivision,5.0,authority,True,/home/dipshikha/Music/cao/CISLR_v1.5-a_videos/DQg2gfZHQ_0.mp4,train,True,25.0,117,300,300,4.68
DQstNLzwuNg,concealment of identity,14.0,legal,True,/home/dipshikha/Music/cao/CISLR_v1.5-a_videos/DQstNLzwuNg.mp4,train,True,25.0,341,300,300,13.64
DRvjyDqrHq4_1,floor,8.0,construction,True,/home/dipshikha/Music/cao/CISLR_v1.5-a_videos/DRvjyDqrHq4_1.mp4,train,True,30.0,120,300,300,4.0
DSL5R_AGIiU,computing,13.0,computer,True,/home/dipshikha/Music/cao/CISLR_v1.5-a_videos/DSL5R_AGIiU.mp4,train,True,24.0,296,300,300,12.333333333333334
DSpymhe73eM_1,seed,7.0,foods and drinks,True,/home/dipshikha/Music/cao/CISLR_v1.5-a_videos/DSpymhe73eM_1.mp4,train,True,30.0,90,300,300,3.0
DSr0qd_JY8w,india gate,6.0,construction,True,/home/dipshikha/Music/cao/CISLR_v1.5-a_videos/DSr0qd_JY8w.mp4,train,True,25.0,129,300,300,5.16
DTOsm_OuWLM,kindhearted,6.0,attribute,True,/home/dipshikha/Music/cao/CISLR_v1.5-a_videos/DTOsm_OuWLM.mp4,train,True,25.0,134,300,300,5.36
DTWS5Oy3kcY,maharashtra,4.0,geography,True,/home/dipshikha/Music/cao/CISLR_v1.5-a_videos/DTWS5Oy3kcY.mp4,train,True,25.0,84,300,300,3.36
DU-O8ssmBHg_2,diagonal,10.0,math,True,/home/dipshikha/Music/cao/CISLR_v1.5-a_videos/DU-O8ssmBHg_2.mp4,train,True,30.0,124,300,300,4.133333333333334
DU-odPNLPio_1,attachment of property,13.0,banking,True,/home/dipshikha/Music/cao/CISLR_v1.5-a_videos/DU-odPNLPio_1.mp4,train,True,29.916666666666668,180,300,300,6.016713091922005
DV2QK-flhpc,absolve,12.0,legal,True,/home/dipshikha/Music/cao/CISLR_v1.5-a_videos/DV2QK-flhpc.mp4,train,True,25.0,296,300,300,11.84
DVe5knz8gh8,triple,4.0,quantity,True,/home/dipshikha/Music/cao/CISLR_v1.5-a_videos/DVe5knz8gh8.mp4,train,True,25.0,90,300,300,3.6
DXj1A4BNsQg,traffic,5.0,abstract,True,/home/dipshikha/Music/cao/CISLR_v1.5-a_videos/DXj1A4BNsQg.mp4,train,True,25.0,119,300,300,4.76
DY9ZAVPwT8o,stumps,5.0,sport,True,/home/dipshikha/Music/cao/CISLR_v1.5-a_videos/DY9ZAVPwT8o.mp4,train,True,25.0,124,300,300,4.96
DZ55uUFJfTA_2,lunar eclipse,12.0,astronomical,True,/home/dipshikha/Music/cao/CISLR_v1.5-a_videos/DZ55uUFJfTA_2.mp4,train,True,30.0,147,300,300,4.9
DZ6eHdrXGC8,green hand,9.0,behavior,True,/home/dipshikha/Music/cao/CISLR_v1.5-a_videos/DZ6eHdrXGC8.mp4,train,True,24.0,197,300,300,8.208333333333334
DbQXU9hA1AA_1,mix,6.0,process,True,/home/dipshikha/Music/cao/CISLR_v1.5-a_videos/DbQXU9hA1AA_1.mp4,train,True,25.0,75,300,300,3.0
DbWWsUmMXUA_1,banana,7.0,foods and drinks,True,/home/dipshikha/Music/cao/CISLR_v1.5-a_videos/DbWWsUmMXUA_1.mp4,train,True,25.0,88,300,300,3.52
DbfHSSkk3Ss,nail cutter,5.0,utility item,True,/home/dipshikha/Music/cao/CISLR_v1.5-a_videos/DbfHSSkk3Ss.mp4,train,True,25.0,116,300,300,4.64
Dbt8wFNY5RI_1,straight,6.0,spatial position,True,/home/dipshikha/Music/cao/CISLR_v1.5-a_videos/Dbt8wFNY5RI_1.mp4,test,True,25.0,63,300,300,2.52
Dbz-hAaPPvg,chain surveying,9.0,metric,True,/home/dipshikha/Music/cao/CISLR_v1.5-a_videos/Dbz-hAaPPvg.mp4,train,True,24.0,213,300,300,8.875
DcEY17TDRIw_1,aluminium,8.0,metal and minerals,True,/home/dipshikha/Music/cao/CISLR_v1.5-a_videos/DcEY17TDRIw_1.mp4,train,True,30.0,105,300,300,3.5
DcJKQkC-JjY_1,transport,7.0,transport,True,/home/dipshikha/Music/cao/CISLR_v1.5-a_videos/DcJKQkC-JjY_1.mp4,train,True,30.0,90,300,300,3.0
DcRRjyNfFJs_1,destroy,6.0,action,True,/home/dipshikha/Music/cao/CISLR_v1.5-a_videos/DcRRjyNfFJs_1.mp4,train,True,25.0,63,300,300,2.52
DdEgmEhWnRA,parkinsonia aculeata,15.0,biology,True,/home/dipshikha/Music/cao/CISLR_v1.5-a_videos/DdEgmEhWnRA.mp4,train,True,25.0,368,300,300,14.72
DfohDPZVlrA_1,mother,9.0,relation,True,/home/dipshikha/Music/cao/CISLR_v1.5-a_videos/DfohDPZVlrA_1.mp4,test,True,30.0,120,300,300,4.0
Dg1FJhcTg2E_2,east,8.0,spatial position,True,/home/dipshikha/Music/cao/CISLR_v1.5-a_videos/Dg1FJhcTg2E_2.mp4,test,True,30.0,87,300,300,2.9
Dg95uOLJogg_1,copper,9.0,metal and minerals,True,/home/dipshikha/Music/cao/CISLR_v1.5-a_videos/Dg95uOLJogg_1.mp4,train,True,30.0,120,300,300,4.0
DgF0m14DBG0,to retailers,12.0,process,True,/home/dipshikha/Music/cao/CISLR_v1.5-a_videos/DgF0m14DBG0.mp4,train,True,25.0,290,300,300,11.6
Dgq7SU6Khls_1,tomorrow,7.0,time,True,/home/dipshikha/Music/cao/CISLR_v1.5-a_videos/Dgq7SU6Khls_1.mp4,test,True,30.0,90,300,300,3.0
Dh69YPn9pzU,tractor,7.0,transport,True,/home/dipshikha/Music/cao/CISLR_v1.5-a_videos/Dh69YPn9pzU.mp4,test,True,24.0,150,300,300,6.25
Dhg5hNpQxQU,tube well,11.0,construction,True,/home/dipshikha/Music/cao/CISLR_v1.5-a_videos/Dhg5hNpQxQU.mp4,train,True,24.0,244,300,300,10.166666666666666
DhydZXrTFJ4_2,pentode,11.0,electronic and electrical,True,/home/dipshikha/Music/cao/CISLR_v1.5-a_videos/DhydZXrTFJ4_2.mp4,train,True,30.0,133,300,300,4.433333333333334
DjEe79bR1M4,sunset,5.0,event,True,/home/dipshikha/Music/cao/CISLR_v1.5-a_videos/DjEe79bR1M4.mp4,train,True,25.0,104,300,300,4.16
DkjjHEZzsHE_1,husband,9.0,relation,True,/home/dipshikha/Music/cao/CISLR_v1.5-a_videos/DkjjHEZzsHE_1.mp4,train,True,30.0,135,300,300,4.5
DlLsAg0WL68_1,careful,7.0,attribute,True,/home/dipshikha/Music/cao/CISLR_v1.5-a_videos/DlLsAg0WL68_1.mp4,train,True,25.0,88,300,300,3.52
DlTdx-rVtfo,unfair dismissal,6.0,action,True,/home/dipshikha/Music/cao/CISLR_v1.5-a_videos/DlTdx-rVtfo.mp4,test,True,25.0,128,300,300,5.12
DlyWuMwYeVc_2,orange,12.0,abstract,True,/home/dipshikha/Music/cao/CISLR_v1.5-a_videos/DlyWuMwYeVc_2.mp4,test,True,30.0,147,300,300,4.9
Dom49pxvY-M_2,translation of motion,10.0,physics,True,/home/dipshikha/Music/cao/CISLR_v1.5-a_videos/Dom49pxvY-M_2.mp4,train,True,30.0,128,300,300,4.266666666666667
DpoUiyIlk2k,forget,4.0,action,True,/home/dipshikha/Music/cao/CISLR_v1.5-a_videos/DpoUiyIlk2k.mp4,train,True,25.0,89,300,300,3.56
DqnTDIwMoFc,system of feeding poultry,13.0,organisation,True,/home/dipshikha/Music/cao/CISLR_v1.5-a_videos/DqnTDIwMoFc.mp4,train,True,24.0,307,300,300,12.791666666666666
Dr99eNeltzU,3g,3.0,internet,True,/home/dipshikha/Music/cao/CISLR_v1.5-a_videos/Dr99eNeltzU.mp4,train,True,25.0,72,300,300,2.88
Ds0rhfDqBrM_1,profit,6.0,banking,True,/home/dipshikha/Music/cao/CISLR_v1.5-a_videos/Ds0rhfDqBrM_1.mp4,train,True,25.0,63,300,300,2.52
DsIehsrzx7o,pizza,4.0,foods and drinks,True,/home/dipshikha/Music/cao/CISLR_v1.5-a_videos/DsIehsrzx7o.mp4,train,True,25.0,90,300,300,3.6
DtVx1FUTYaA_2,sink,9.0,process,True,/home/dipshikha/Music/cao/CISLR_v1.5-a_videos/DtVx1FUTYaA_2.mp4,train,True,30.0,96,300,300,3.2
DtZFOZG8tTQ,stair tread,8.0,construction,True,/home/dipshikha/Music/cao/CISLR_v1.5-a_videos/DtZFOZG8tTQ.mp4,train,True,25.0,177,300,300,7.08
DtdeOvkYLo4_1,egg,6.0,foods and drinks,True,/home/dipshikha/Music/cao/CISLR_v1.5-a_videos/DtdeOvkYLo4_1.mp4,train,True,30.0,90,300,300,3.0
Dteba6UR1uY,plastering,11.0,action,True,/home/dipshikha/Music/cao/CISLR_v1.5-a_videos/Dteba6UR1uY.mp4,train,True,25.0,269,300,300,10.76
Dvpc0R8CfI0,quantity,4.0,quantity,True,/home/dipshikha/Music/cao/CISLR_v1.5-a_videos/Dvpc0R8CfI0.mp4,train,True,25.0,96,300,300,3.84
DwUajipOhHY,motor,6.0,electronic and electrical,True,/home/dipshikha/Music/cao/CISLR_v1.5-a_videos/DwUajipOhHY.mp4,train,True,25.0,132,300,300,5.28
DwrOgyG1P7E_2,carburetor,7.0,machine,True,/home/dipshikha/Music/cao/CISLR_v1.5-a_videos/DwrOgyG1P7E_2.mp4,train,True,30.0,49,300,300,1.6333333333333333
DxotcbkEnMY,general secretary,4.0,profession,True,/home/dipshikha/Music/cao/CISLR_v1.5-a_videos/DxotcbkEnMY.mp4,train,True,25.0,100,300,300,4.0
Dy9J-D3RVDw_1,coimbatore,5.0,geography,True,/home/dipshikha/Music/cao/CISLR_v1.5-a_videos/Dy9J-D3RVDw_1.mp4,train,True,25.0,63,300,300,2.52
DyoiyeHahko_1,small farmer,10.0,profession,True,/home/dipshikha/Music/cao/CISLR_v1.5-a_videos/DyoiyeHahko_1.mp4,train,True,30.0,135,300,300,4.5
Dywl939W0wU,introduce,4.0,action,True,/home/dipshikha/Music/cao/CISLR_v1.5-a_videos/Dywl939W0wU.mp4,test,True,25.0,94,300,300,3.76
Dz2avlvSTYQ_1,read,6.0,action,True,/home/dipshikha/Music/cao/CISLR_v1.5-a_videos/Dz2avlvSTYQ_1.mp4,train,True,25.0,75,300,300,3.0
Dz9dFM4Pg3g,allow,3.0,action,True,/home/dipshikha/Music/cao/CISLR_v1.5-a_videos/Dz9dFM4Pg3g.mp4,test,True,25.0,72,300,300,2.88
DzL4k1Vy3gc,sandwich,4.0,foods and drinks,True,/home/dipshikha/Music/cao/CISLR_v1.5-a_videos/DzL4k1Vy3gc.mp4,train,True,25.0,87,300,300,3.48
DzyfpdJYBwg,profile levelling,14.0,physics,True,/home/dipshikha/Music/cao/CISLR_v1.5-a_videos/DzyfpdJYBwg.mp4,train,True,25.0,327,300,300,13.08
E1bMcpst-p8_1,flood,9.0,event,True,/home/dipshikha/Music/cao/CISLR_v1.5-a_videos/E1bMcpst-p8_1.mp4,test,True,25.0,100,300,300,4.0
E1g2vckJJek_1,wheat,5.0,foods and drinks,True,/home/dipshikha/Music/cao/CISLR_v1.5-a_videos/E1g2vckJJek_1.mp4,train,True,25.0,63,300,300,2.52
E2-FY4q-Kbg,debate,5.0,action,True,/home/dipshikha/Music/cao/CISLR_v1.5-a_videos/E2-FY4q-Kbg.mp4,train,True,25.0,118,300,300,4.72
E2FirzckC_U_1,weak,7.0,quality,True,/home/dipshikha/Music/cao/CISLR_v1.5-a_videos/E2FirzckC_U_1.mp4,train,True,25.0,75,300,300,3.0
E2GOvDBZhdI_1,resume,8.0,action,True,/home/dipshikha/Music/cao/CISLR_v1.5-a_videos/E2GOvDBZhdI_1.mp4,train,True,30.0,120,300,300,4.0
E2SKFVvnt0s,veteran,13.0,human,True,/home/dipshikha/Music/cao/CISLR_v1.5-a_videos/E2SKFVvnt0s.mp4,train,True,24.0,311,300,300,12.958333333333334
E3CEiwzCU94_1,conciliation,11.0,process,True,/home/dipshikha/Music/cao/CISLR_v1.5-a_videos/E3CEiwzCU94_1.mp4,train,True,30.0,165,300,300,5.5
E3IAqXfMjWA,lassi,5.0,foods and drinks,True,/home/dipshikha/Music/cao/CISLR_v1.5-a_videos/E3IAqXfMjWA.mp4,train,True,25.0,125,300,300,5.0
E4A1ApJjUkE_1,main,9.0,quality,True,/home/dipshikha/Music/cao/CISLR_v1.5-a_videos/E4A1ApJjUkE_1.mp4,train,True,30.0,135,300,300,4.5
E4Kp5d5orgA_1,land improvement reform,10.0,legal,True,/home/dipshikha/Music/cao/CISLR_v1.5-a_videos/E4Kp5d5orgA_1.mp4,train,True,30.0,135,300,300,4.5
E4_sAfIiflQ,demand draft,6.0,banking,True,/home/dipshikha/Music/cao/CISLR_v1.5-a_videos/E4_sAfIiflQ.mp4,train,True,24.0,127,300,300,5.291666666666667
E4hL5jUFwCk,gloves,4.0,wearable,True,/home/dipshikha/Music/cao/CISLR_v1.5-a_videos/E4hL5jUFwCk.mp4,train,True,25.0,90,300,300,3.6
E4rnCudFi8c,disappear,5.0,action,True,/home/dipshikha/Music/cao/CISLR_v1.5-a_videos/E4rnCudFi8c.mp4,test,True,25.0,108,300,300,4.32
E5mWb7nGYmQ,vishnu,5.0,religious,True,/home/dipshikha/Music/cao/CISLR_v1.5-a_videos/E5mWb7nGYmQ.mp4,train,True,25.0,101,300,300,4.04
E5teJWyr2rA,coach,6.0,sport,True,/home/dipshikha/Music/cao/CISLR_v1.5-a_videos/E5teJWyr2rA.mp4,train,True,25.0,132,300,300,5.28
E6-Q2xXxUmc,varieties of mushroom,10.0,foods and drinks,True,/home/dipshikha/Music/cao/CISLR_v1.5-a_videos/E6-Q2xXxUmc.mp4,train,True,25.0,236,300,300,9.44
E6XeodyBzYs_1,deed of sale,12.0,event,True,/home/dipshikha/Music/cao/CISLR_v1.5-a_videos/E6XeodyBzYs_1.mp4,train,True,30.0,165,300,300,5.5
E6yxMBZEYhs,notify,3.0,action,True,/home/dipshikha/Music/cao/CISLR_v1.5-a_videos/E6yxMBZEYhs.mp4,train,True,25.0,67,300,300,2.68
E7ASHBd0kDs,canada,4.0,geography,True,/home/dipshikha/Music/cao/CISLR_v1.5-a_videos/E7ASHBd0kDs.mp4,train,True,25.0,76,300,300,3.04
E7okhzFRINQ_1,plate,7.0,utility item,True,/home/dipshikha/Music/cao/CISLR_v1.5-a_videos/E7okhzFRINQ_1.mp4,train,True,30.0,105,300,300,3.5
E7upPuPpLIY_1,poor,7.0,abstract,True,/home/dipshikha/Music/cao/CISLR_v1.5-a_videos/E7upPuPpLIY_1.mp4,train,True,25.0,75,300,300,3.0
E8uf2VM3KCo,get,4.0,action,True,/home/dipshikha/Music/cao/CISLR_v1.5-a_videos/E8uf2VM3KCo.mp4,train,True,25.0,100,300,300,4.0
E91cfQBn8_4_1,help,7.0,process,True,/home/dipshikha/Music/cao/CISLR_v1.5-a_videos/E91cfQBn8_4_1.mp4,train,True,30.0,90,300,300,3.0
E93MkvU8Hs8,balcony garden,7.0,construction,True,/home/dipshikha/Music/cao/CISLR_v1.5-a_videos/E93MkvU8Hs8.mp4,train,True,25.0,174,300,300,6.96
E99L8qeeuVk_1,bench,6.0,utility item,True,/home/dipshikha/Music/cao/CISLR_v1.5-a_videos/E99L8qeeuVk_1.mp4,train,True,25.0,63,300,300,2.52
EBdRrVvw25g_2,liquid,10.0,physics,True,/home/dipshikha/Music/cao/CISLR_v1.5-a_videos/EBdRrVvw25g_2.mp4,train,True,30.0,128,300,300,4.266666666666667
ED7sE5v2jKE,solve,4.0,action,True,/home/dipshikha/Music/cao/CISLR_v1.5-a_videos/ED7sE5v2jKE.mp4,test,True,25.0,84,300,300,3.36
EDDN3o-FX9Q,manipur,4.0,geography,True,/home/dipshikha/Music/cao/CISLR_v1.5-a_videos/EDDN3o-FX9Q.mp4,test,True,25.0,84,300,300,3.36
EDEbbnnbHeo_1,july,6.0,time,True,/home/dipshikha/Music/cao/CISLR_v1.5-a_videos/EDEbbnnbHeo_1.mp4,test,True,30.0,90,300,300,3.0
EDW7RoRvZOg_2,minute,8.0,time,True,/home/dipshikha/Music/cao/CISLR_v1.5-a_videos/EDW7RoRvZOg_2.mp4,train,True,30.0,87,300,300,2.9
EDX7B93iM9k_1,hip,7.0,biology,True,/home/dipshikha/Music/cao/CISLR_v1.5-a_videos/EDX7B93iM9k_1.mp4,train,True,30.0,90,300,300,3.0
ED_25-_F0MI,bookshelf,6.0,utility item,True,/home/dipshikha/Music/cao/CISLR_v1.5-a_videos/ED_25-_F0MI.mp4,train,True,25.0,135,300,300,5.4
EDxRoZlrq5A_1,measles,7.0,biology,True,/home/dipshikha/Music/cao/CISLR_v1.5-a_videos/EDxRoZlrq5A_1.mp4,train,True,30.0,90,300,300,3.0
EE1cuwsn1IY,hate,5.0,emotion,True,/home/dipshikha/Music/cao/CISLR_v1.5-a_videos/EE1cuwsn1IY.mp4,test,True,25.0,106,300,300,4.24
EE_BDdMNWTI_1,sector,10.0,math,True,/home/dipshikha/Music/cao/CISLR_v1.5-a_videos/EE_BDdMNWTI_1.mp4,train,True,30.0,135,300,300,4.5
EEn5WhsNLfA,minister,4.0,authority,True,/home/dipshikha/Music/cao/CISLR_v1.5-a_videos/EEn5WhsNLfA.mp4,train,True,25.0,98,300,300,3.92
EF3PXbHGGUM_1,yearly,8.0,time,True,/home/dipshikha/Music/cao/CISLR_v1.5-a_videos/EF3PXbHGGUM_1.mp4,train,True,30.0,120,300,300,4.0
EFBQAgXgXEk_1,sheet charge,9.0,legal,True,/home/dipshikha/Music/cao/CISLR_v1.5-a_videos/EFBQAgXgXEk_1.mp4,train,True,30.0,150,300,300,5.0
EFPl9sfDRkM,prefer,5.0,action,True,/home/dipshikha/Music/cao/CISLR_v1.5-a_videos/EFPl9sfDRkM.mp4,train,True,25.0,122,300,300,4.88
EFd9_rQVW6k,pizza,4.0,foods and drinks,True,/home/dipshikha/Music/cao/CISLR_v1.5-a_videos/EFd9_rQVW6k.mp4,test,True,25.0,90,300,300,3.6
EFuaKRVN4Yw,week,4.0,time,True,/home/dipshikha/Music/cao/CISLR_v1.5-a_videos/EFuaKRVN4Yw.mp4,test,True,25.0,75,300,300,3.0
EGt1EA-YBNw,conclude,6.0,process,True,/home/dipshikha/Music/cao/CISLR_v1.5-a_videos/EGt1EA-YBNw.mp4,train,True,25.0,133,300,300,5.32
EHWONrQWsVE,baldness,8.0,attribute,True,/home/dipshikha/Music/cao/CISLR_v1.5-a_videos/EHWONrQWsVE.mp4,train,True,25.0,192,300,300,7.68
EI3Z7yP6_JQ,my,3.0,language,True,/home/dipshikha/Music/cao/CISLR_v1.5-a_videos/EI3Z7yP6_JQ.mp4,train,True,25.0,61,300,300,2.44
EI4ConsbYws_2,geography,10.0,geography,True,/home/dipshikha/Music/cao/CISLR_v1.5-a_videos/EI4ConsbYws_2.mp4,test,True,30.0,123,300,300,4.1
EIS2HUEopZM_1,sweets,5.0,foods and drinks,True,/home/dipshikha/Music/cao/CISLR_v1.5-a_videos/EIS2HUEopZM_1.mp4,train,True,25.0,63,300,300,2.52
EI_dA2lZLds_1,reasonable notice,7.0,legal,True,/home/dipshikha/Music/cao/CISLR_v1.5-a_videos/EI_dA2lZLds_1.mp4,train,True,30.0,105,300,300,3.5
EJ0UG10b714,wise,4.0,attribute,True,/home/dipshikha/Music/cao/CISLR_v1.5-a_videos/EJ0UG10b714.mp4,train,True,25.0,98,300,300,3.92
EJF-HPyHiYE,post,4.0,action,True,/home/dipshikha/Music/cao/CISLR_v1.5-a_videos/EJF-HPyHiYE.mp4,train,True,25.0,90,300,300,3.6
EJo7NBj1Qx4,serial killer,10.0,human,True,/home/dipshikha/Music/cao/CISLR_v1.5-a_videos/EJo7NBj1Qx4.mp4,train,True,25.0,246,300,300,9.84
EK6tORg211g_1,devil,5.0,religious,True,/home/dipshikha/Music/cao/CISLR_v1.5-a_videos/EK6tORg211g_1.mp4,train,True,25.0,63,300,300,2.52
EKWgFRGdMwU,antartica,5.0,geography,True,/home/dipshikha/Music/cao/CISLR_v1.5-a_videos/EKWgFRGdMwU.mp4,train,True,25.0,107,300,300,4.28
EKZWNoQFQuw,palm tree,6.0,flora and fauna,True,/home/dipshikha/Music/cao/CISLR_v1.5-a_videos/EKZWNoQFQuw.mp4,train,True,25.0,128,300,300,5.12
EKp6wIukZRc,kilogram,8.0,metric,True,/home/dipshikha/Music/cao/CISLR_v1.5-a_videos/EKp6wIukZRc.mp4,train,True,25.0,186,300,300,7.44
EKr1gGcQlXk_1,kerala,7.0,geography,True,/home/dipshikha/Music/cao/CISLR_v1.5-a_videos/EKr1gGcQlXk_1.mp4,test,True,25.0,75,300,300,3.0
EL4UAMc2Kmc_2,circuit,10.0,physics,True,/home/dipshikha/Music/cao/CISLR_v1.5-a_videos/EL4UAMc2Kmc_2.mp4,train,True,30.0,121,300,300,4.033333333333333
ELCvZrWheyk,initiative,8.0,behavior,True,/home/dipshikha/Music/cao/CISLR_v1.5-a_videos/ELCvZrWheyk.mp4,train,True,25.0,184,300,300,7.36
ELX_Ak3IKgE_1,north pole,8.0,geography,True,/home/dipshikha/Music/cao/CISLR_v1.5-a_videos/ELX_Ak3IKgE_1.mp4,test,True,25.0,88,300,300,3.52
ENY1YTTzKao_1,pepper,6.0,foods and drinks,True,/home/dipshikha/Music/cao/CISLR_v1.5-a_videos/ENY1YTTzKao_1.mp4,train,True,25.0,63,300,300,2.52
EPIpofZRHBY_1,purchase,8.0,action,True,/home/dipshikha/Music/cao/CISLR_v1.5-a_videos/EPIpofZRHBY_1.mp4,test,True,30.0,105,300,300,3.5
EQ1yzB0YoPY,delegate west bengal,3.0,authority,True,/home/dipshikha/Music/cao/CISLR_v1.5-a_videos/EQ1yzB0YoPY.mp4,train,True,24.0,70,300,300,2.9166666666666665
EQMR3agty8g_1,bearer,10.0,banking,True,/home/dipshikha/Music/cao/CISLR_v1.5-a_videos/EQMR3agty8g_1.mp4,train,True,30.0,135,300,300,4.5
EQpjjm6rZTw,peon,11.0,profession,True,/home/dipshikha/Music/cao/CISLR_v1.5-a_videos/EQpjjm6rZTw.mp4,test,True,25.0,269,300,300,10.76
EQwPLL2v2bU,neck,4.0,biology,True,/home/dipshikha/Music/cao/CISLR_v1.5-a_videos/EQwPLL2v2bU.mp4,train,True,25.0,88,300,300,3.52
ERX99VRsSPA_1,walk,8.0,action,True,/home/dipshikha/Music/cao/CISLR_v1.5-a_videos/ERX99VRsSPA_1.mp4,train,True,30.0,120,300,300,4.0
EUJyZCB8UoE,skin,4.0,biology,True,/home/dipshikha/Music/cao/CISLR_v1.5-a_videos/EUJyZCB8UoE.mp4,test,True,25.0,87,300,300,3.48
EVLxRwi3cNY_2,technoiogy,9.0,abstract,True,/home/dipshikha/Music/cao/CISLR_v1.5-a_videos/EVLxRwi3cNY_2.mp4,train,True,30.0,105,300,300,3.5
EVNgPUE-tys_1,milkman,6.0,profession,True,/home/dipshikha/Music/cao/CISLR_v1.5-a_videos/EVNgPUE-tys_1.mp4,train,True,25.0,75,300,300,3.0
EVs45zQ6mTQ,on the basis of use of pond,15.0,biology,True,/home/dipshikha/Music/cao/CISLR_v1.5-a_videos/EVs45zQ6mTQ.mp4,train,True,24.0,357,300,300,14.875
EW6ZzbkYD9g_1,penal interest,8.0,banking,True,/home/dipshikha/Music/cao/CISLR_v1.5-a_videos/EW6ZzbkYD9g_1.mp4,train,True,30.0,120,300,300,4.0
EWDMPkRnEHI,radish,4.0,foods and drinks,True,/home/dipshikha/Music/cao/CISLR_v1.5-a_videos/EWDMPkRnEHI.mp4,train,True,25.0,76,300,300,3.04
EWPzum2d02w_1,curtain,9.0,utility item,True,/home/dipshikha/Music/cao/CISLR_v1.5-a_videos/EWPzum2d02w_1.mp4,train,True,30.0,120,300,300,4.0
EWUNJsze6aE,housefly,6.0,flora and fauna,True,/home/dipshikha/Music/cao/CISLR_v1.5-a_videos/EWUNJsze6aE.mp4,train,True,25.0,132,300,300,5.28
EXEEDnScQ8g_1,shares redeemable,9.0,banking,True,/home/dipshikha/Music/cao/CISLR_v1.5-a_videos/EXEEDnScQ8g_1.mp4,train,True,30.0,135,300,300,4.5
EXJmDDFi-5g,door,4.0,construction,True,/home/dipshikha/Music/cao/CISLR_v1.5-a_videos/EXJmDDFi-5g.mp4,train,True,25.0,90,300,300,3.6
EXSLF0azSNs_2,number system,12.0,math,True,/home/dipshikha/Music/cao/CISLR_v1.5-a_videos/EXSLF0azSNs_2.mp4,train,True,30.0,154,300,300,5.133333333333334
EXdh8IAeyUk_2,rotational motion,12.0,physics,True,/home/dipshikha/Music/cao/CISLR_v1.5-a_videos/EXdh8IAeyUk_2.mp4,train,True,30.0,139,300,300,4.633333333333334
EXoZ4SeF5as_1,then,7.0,time,True,/home/dipshikha/Music/cao/CISLR_v1.5-a_videos/EXoZ4SeF5as_1.mp4,train,True,30.0,105,300,300,3.5
EYWI_5mkrbc_1,free,7.0,behavior,True,/home/dipshikha/Music/cao/CISLR_v1.5-a_videos/EYWI_5mkrbc_1.mp4,train,True,30.0,105,300,300,3.5
EYcuu4ETc4Y,herpes,7.0,biology,True,/home/dipshikha/Music/cao/CISLR_v1.5-a_videos/EYcuu4ETc4Y.mp4,train,True,25.0,155,300,300,6.2
EYhsfoO3_ME_1,shirt,7.0,wearable,True,/home/dipshikha/Music/cao/CISLR_v1.5-a_videos/EYhsfoO3_ME_1.mp4,train,True,25.0,75,300,300,3.0
EZ9S6g3CBzM,sweep,9.0,action,True,/home/dipshikha/Music/cao/CISLR_v1.5-a_videos/EZ9S6g3CBzM.mp4,train,True,25.0,217,300,300,8.68
EZpZvb2wicY,okay,4.0,gesture,True,/home/dipshikha/Music/cao/CISLR_v1.5-a_videos/EZpZvb2wicY.mp4,train,True,25.0,95,300,300,3.8
EZtR1UdIiBE,peru,4.0,geography,True,/home/dipshikha/Music/cao/CISLR_v1.5-a_videos/EZtR1UdIiBE.mp4,train,True,25.0,77,300,300,3.08
E_bwQ8SGo8w,foundation organization,7.0,organisation,True,/home/dipshikha/Music/cao/CISLR_v1.5-a_videos/E_bwQ8SGo8w.mp4,train,True,25.0,165,300,300,6.6
Eakl221Gpsg,floppy disk,12.0,computer,True,/home/dipshikha/Music/cao/CISLR_v1.5-a_videos/Eakl221Gpsg.mp4,train,True,25.0,286,300,300,11.44
Eakrhy1WezE,share,4.0,action,True,/home/dipshikha/Music/cao/CISLR_v1.5-a_videos/Eakrhy1WezE.mp4,test,True,25.0,86,300,300,3.44
Eb1zmjEoyGQ,oriya,6.0,language,True,/home/dipshikha/Music/cao/CISLR_v1.5-a_videos/Eb1zmjEoyGQ.mp4,test,True,25.0,134,300,300,5.36
EbmFC4EitxU,pencil,3.0,utility item,True,/home/dipshikha/Music/cao/CISLR_v1.5-a_videos/EbmFC4EitxU.mp4,test,True,25.0,59,300,300,2.36
EcCzQVbFiwE,support,5.0,action,True,/home/dipshikha/Music/cao/CISLR_v1.5-a_videos/EcCzQVbFiwE.mp4,train,True,25.0,104,300,300,4.16
EdGBkBi0xQ4,cold,4.0,sensation,True,/home/dipshikha/Music/cao/CISLR_v1.5-a_videos/EdGBkBi0xQ4.mp4,test,True,25.0,89,300,300,3.56
EdGYkgo-nX0_1,authorised signature,10.0,authority,True,/home/dipshikha/Music/cao/CISLR_v1.5-a_videos/EdGYkgo-nX0_1.mp4,train,True,30.0,150,300,300,5.0
EekMLY_SxPo_1,in advance,9.0,time,True,/home/dipshikha/Music/cao/CISLR_v1.5-a_videos/EekMLY_SxPo_1.mp4,train,True,30.0,135,300,300,4.5
EfIcGuRmc84,footage,11.0,computer,True,/home/dipshikha/Music/cao/CISLR_v1.5-a_videos/EfIcGuRmc84.mp4,train,True,24.0,241,300,300,10.041666666666666
Eg7eVi4c11k,grow,3.0,time,True,/home/dipshikha/Music/cao/CISLR_v1.5-a_videos/Eg7eVi4c11k.mp4,test,True,25.0,65,300,300,2.6
EgYYB3nHbyU_1,sum,8.0,math,True,/home/dipshikha/Music/cao/CISLR_v1.5-a_videos/EgYYB3nHbyU_1.mp4,train,True,30.0,120,300,300,4.0
EgeA95Yf9IQ,soil,6.0,geography,True,/home/dipshikha/Music/cao/CISLR_v1.5-a_videos/EgeA95Yf9IQ.mp4,train,True,25.0,133,300,300,5.32
EgeuAsy-wmc_1,leak,7.0,process,True,/home/dipshikha/Music/cao/CISLR_v1.5-a_videos/EgeuAsy-wmc_1.mp4,train,True,25.0,88,300,300,3.52
EgnE1hPwGRs,manjira,6.0,sound,True,/home/dipshikha/Music/cao/CISLR_v1.5-a_videos/EgnE1hPwGRs.mp4,train,True,25.0,130,300,300,5.2
EhE2_Jd7F-o_2,weekly return,6.0,banking,True,/home/dipshikha/Music/cao/CISLR_v1.5-a_videos/EhE2_Jd7F-o_2.mp4,train,True,30.0,78,300,300,2.6
EhErcUPHNgg_1,questions,5.0,abstract,True,/home/dipshikha/Music/cao/CISLR_v1.5-a_videos/EhErcUPHNgg_1.mp4,train,True,25.0,63,300,300,2.52
Ehm9mwSc-JU_2,direction,11.0,geography,True,/home/dipshikha/Music/cao/CISLR_v1.5-a_videos/Ehm9mwSc-JU_2.mp4,train,True,30.0,138,300,300,4.6
Eic6GMcQ9Tc,sing,4.0,action,True,/home/dipshikha/Music/cao/CISLR_v1.5-a_videos/Eic6GMcQ9Tc.mp4,test,True,25.0,90,300,300,3.6
EilGxC4fZ4g_1,plate,7.0,utility item,True,/home/dipshikha/Music/cao/CISLR_v1.5-a_videos/EilGxC4fZ4g_1.mp4,test,True,30.0,90,300,300,3.0
Ejk3rD52uc0_1,tonic,8.0,substance,True,/home/dipshikha/Music/cao/CISLR_v1.5-a_videos/Ejk3rD52uc0_1.mp4,test,True,30.0,120,300,300,4.0
EkK_DEi9vog,mobile,4.0,electronic and electrical,True,/home/dipshikha/Music/cao/CISLR_v1.5-a_videos/EkK_DEi9vog.mp4,train,True,25.0,88,300,300,3.52
EkaFWDZrh2E,spur,5.0,action,True,/home/dipshikha/Music/cao/CISLR_v1.5-a_videos/EkaFWDZrh2E.mp4,train,True,25.0,120,300,300,4.8
EkfwGwI4c6E,fast growing temporary hedges,12.0,flora and fauna,True,/home/dipshikha/Music/cao/CISLR_v1.5-a_videos/EkfwGwI4c6E.mp4,train,True,25.0,292,300,300,11.68
Ekmr93MXzCE,portugal,3.0,geography,True,/home/dipshikha/Music/cao/CISLR_v1.5-a_videos/Ekmr93MXzCE.mp4,train,True,25.0,58,300,300,2.32
EktuCHkw7Ss,shoot,4.0,action,True,/home/dipshikha/Music/cao/CISLR_v1.5-a_videos/EktuCHkw7Ss.mp4,train,True,25.0,78,300,300,3.12
ElXP4DjT3H8_1,friend,10.0,relation,True,/home/dipshikha/Music/cao/CISLR_v1.5-a_videos/ElXP4DjT3H8_1.mp4,train,True,30.0,135,300,300,4.5
EmUsRBX9664_2,day,8.0,time,True,/home/dipshikha/Music/cao/CISLR_v1.5-a_videos/EmUsRBX9664_2.mp4,test,True,30.0,95,300,300,3.1666666666666665
En8MHpUgipg_1,recurring,6.0,abstract,True,/home/dipshikha/Music/cao/CISLR_v1.5-a_videos/En8MHpUgipg_1.mp4,train,True,30.0,90,300,300,3.0
EnH0HaNPtsc_1,horse cart,7.0,transport,True,/home/dipshikha/Music/cao/CISLR_v1.5-a_videos/EnH0HaNPtsc_1.mp4,train,True,25.0,75,300,300,3.0
EnILR2WEkzc,shoulder pads,13.0,utility item,True,/home/dipshikha/Music/cao/CISLR_v1.5-a_videos/EnILR2WEkzc.mp4,train,True,25.0,325,300,300,13.0
EnNw43_8YjY_1,argue,6.0,behavior,True,/home/dipshikha/Music/cao/CISLR_v1.5-a_videos/EnNw43_8YjY_1.mp4,train,True,25.0,63,300,300,2.52
Eni6gYBX_-g,saturday,4.0,time,True,/home/dipshikha/Music/cao/CISLR_v1.5-a_videos/Eni6gYBX_-g.mp4,test,True,25.0,76,300,300,3.04
EnyO2ToSA20_1,bat,6.0,sport,True,/home/dipshikha/Music/cao/CISLR_v1.5-a_videos/EnyO2ToSA20_1.mp4,train,True,25.0,63,300,300,2.52
EopinjD2-4I_1,knowledge,6.0,abstract,True,/home/dipshikha/Music/cao/CISLR_v1.5-a_videos/EopinjD2-4I_1.mp4,train,True,25.0,63,300,300,2.52
Eoz8FUQDCKY_2,repulsive force,11.0,physics,True,/home/dipshikha/Music/cao/CISLR_v1.5-a_videos/Eoz8FUQDCKY_2.mp4,train,True,30.0,126,300,300,4.2
Ep_W1M6FWe0_1,active,7.0,behavior,True,/home/dipshikha/Music/cao/CISLR_v1.5-a_videos/Ep_W1M6FWe0_1.mp4,train,True,25.0,75,300,300,3.0
EpxAKEtJbdI,itself,3.0,language,True,/home/dipshikha/Music/cao/CISLR_v1.5-a_videos/EpxAKEtJbdI.mp4,train,True,25.0,56,300,300,2.24
EqGyUaKwRjg,virat kohli,4.0,human,True,/home/dipshikha/Music/cao/CISLR_v1.5-a_videos/EqGyUaKwRjg.mp4,train,True,25.0,93,300,300,3.72
EsvQpLP_28E,steel rack,10.0,utility item,True,/home/dipshikha/Music/cao/CISLR_v1.5-a_videos/EsvQpLP_28E.mp4,train,True,25.0,245,300,300,9.8
EuU5L4V0jsA,flower for recreation,10.0,flora and fauna,True,/home/dipshikha/Music/cao/CISLR_v1.5-a_videos/EuU5L4V0jsA.mp4,train,True,24.0,220,300,300,9.166666666666666
EvZvymz1nRo,karate,3.0,sport,True,/home/dipshikha/Music/cao/CISLR_v1.5-a_videos/EvZvymz1nRo.mp4,train,True,25.0,69,300,300,2.76
Evw-przGUxo_2,s.i unit,10.0,metric,True,/home/dipshikha/Music/cao/CISLR_v1.5-a_videos/Evw-przGUxo_2.mp4,train,True,30.0,121,300,300,4.033333333333333
EvwF_HCmPxY,lg mobile,5.0,organisation,True,/home/dipshikha/Music/cao/CISLR_v1.5-a_videos/EvwF_HCmPxY.mp4,train,True,25.0,121,300,300,4.84
EwbZoVWQ6II,religion,5.0,religious,True,/home/dipshikha/Music/cao/CISLR_v1.5-a_videos/EwbZoVWQ6II.mp4,train,True,25.0,124,300,300,4.96
EwcX2aXTmUQ,tulip sleeve,9.0,wearable,True,/home/dipshikha/Music/cao/CISLR_v1.5-a_videos/EwcX2aXTmUQ.mp4,train,True,25.0,205,300,300,8.2
ExEPNAW_Zk4,swimming,5.0,process,True,/home/dipshikha/Music/cao/CISLR_v1.5-a_videos/ExEPNAW_Zk4.mp4,train,True,25.0,118,300,300,4.72
Ey1sb2Mq-00_1,belt,6.0,wearable,True,/home/dipshikha/Music/cao/CISLR_v1.5-a_videos/Ey1sb2Mq-00_1.mp4,train,True,25.0,75,300,300,3.0
EyHkbtQEH4w_2,west,8.0,spatial position,True,/home/dipshikha/Music/cao/CISLR_v1.5-a_videos/EyHkbtQEH4w_2.mp4,train,True,30.0,88,300,300,2.933333333333333
EzA7vpG_mnw,kitchen,6.0,foods and drinks,True,/home/dipshikha/Music/cao/CISLR_v1.5-a_videos/EzA7vpG_mnw.mp4,train,True,25.0,144,300,300,5.76
F-NlKJvZ17E_1,cover,6.0,action,True,/home/dipshikha/Music/cao/CISLR_v1.5-a_videos/F-NlKJvZ17E_1.mp4,train,True,25.0,63,300,300,2.52
F-aZRY9C6HY_2,osclllatory motion,12.0,physics,True,/home/dipshikha/Music/cao/CISLR_v1.5-a_videos/F-aZRY9C6HY_2.mp4,train,True,30.0,156,300,300,5.2
F-nZwpViPqM,perform,6.0,action,True,/home/dipshikha/Music/cao/CISLR_v1.5-a_videos/F-nZwpViPqM.mp4,train,True,25.0,136,300,300,5.44
F0Yx7_4Ox0c,shine,4.0,attribute,True,/home/dipshikha/Music/cao/CISLR_v1.5-a_videos/F0Yx7_4Ox0c.mp4,train,True,25.0,100,300,300,4.0
F1AvK4jxMuA,nearly,5.0,attribute,True,/home/dipshikha/Music/cao/CISLR_v1.5-a_videos/F1AvK4jxMuA.mp4,train,True,25.0,114,300,300,4.56
F2SfSlbRkj0,sympathy,6.0,emotion,True,/home/dipshikha/Music/cao/CISLR_v1.5-a_videos/F2SfSlbRkj0.mp4,train,True,25.0,136,300,300,5.44
F2oFyH9CkpI,psychology,4.0,biology,True,/home/dipshikha/Music/cao/CISLR_v1.5-a_videos/F2oFyH9CkpI.mp4,train,True,25.0,91,300,300,3.64
F2qZXlYNo38_1,white collar job,9.0,profession,True,/home/dipshikha/Music/cao/CISLR_v1.5-a_videos/F2qZXlYNo38_1.mp4,train,True,30.0,135,300,300,4.5
F3qQXP8EtRs,basic pay,9.0,banking,True,/home/dipshikha/Music/cao/CISLR_v1.5-a_videos/F3qQXP8EtRs.mp4,train,True,24.0,211,300,300,8.791666666666666
F6sn_h1Xea0,nice to meet you,4.0,greeting,True,/home/dipshikha/Music/cao/CISLR_v1.5-a_videos/F6sn_h1Xea0.mp4,train,True,25.0,83,300,300,3.32
F7s5GtLbtGE,tinda,5.0,flora and fauna,True,/home/dipshikha/Music/cao/CISLR_v1.5-a_videos/F7s5GtLbtGE.mp4,train,True,25.0,110,300,300,4.4
F7wUQReGNEw,earth,4.0,geography,True,/home/dipshikha/Music/cao/CISLR_v1.5-a_videos/F7wUQReGNEw.mp4,test,True,25.0,89,300,300,3.56
F8ZmweysvHM,deaf,4.0,medical,True,/home/dipshikha/Music/cao/CISLR_v1.5-a_videos/F8ZmweysvHM.mp4,test,True,25.0,85,300,300,3.4
F9JOa0fXPI4,few,4.0,quantity,True,/home/dipshikha/Music/cao/CISLR_v1.5-a_videos/F9JOa0fXPI4.mp4,train,True,25.0,78,300,300,3.12
F9qYkNV06NE,fir,10.0,legal,True,/home/dipshikha/Music/cao/CISLR_v1.5-a_videos/F9qYkNV06NE.mp4,train,True,30.0,36,300,300,1.2
F9v9eNr0daA_1,vendor,6.0,profession,True,/home/dipshikha/Music/cao/CISLR_v1.5-a_videos/F9v9eNr0daA_1.mp4,train,True,30.0,90,300,300,3.0
F9xcw575Q-A,zoo,6.0,geography,True,/home/dipshikha/Music/cao/CISLR_v1.5-a_videos/F9xcw575Q-A.mp4,train,True,25.0,141,300,300,5.64
FAOHczmX7Kc,rolls royce,5.0,organisation,True,/home/dipshikha/Music/cao/CISLR_v1.5-a_videos/FAOHczmX7Kc.mp4,train,True,25.0,108,300,300,4.32
FCHXqa0qVDo,mile,7.0,metric,True,/home/dipshikha/Music/cao/CISLR_v1.5-a_videos/FCHXqa0qVDo.mp4,test,True,25.0,159,300,300,6.36
FCMh8YKvD-8_1,like,7.0,comparator,True,/home/dipshikha/Music/cao/CISLR_v1.5-a_videos/FCMh8YKvD-8_1.mp4,train,True,25.0,75,300,300,3.0
FCNV_86edvI_1,alone,6.0,emotion,True,/home/dipshikha/Music/cao/CISLR_v1.5-a_videos/FCNV_86edvI_1.mp4,train,True,25.0,75,300,300,3.0
FD8LpV-MqEM,deadline,5.0,time,True,/home/dipshikha/Music/cao/CISLR_v1.5-a_videos/FD8LpV-MqEM.mp4,test,True,25.0,112,300,300,4.48
FDV5iLDQiFs_1,bolt,6.0,instrument,True,/home/dipshikha/Music/cao/CISLR_v1.5-a_videos/FDV5iLDQiFs_1.mp4,train,True,25.0,63,300,300,2.52
FDpm4DIIUqI,cut,3.0,action,True,/home/dipshikha/Music/cao/CISLR_v1.5-a_videos/FDpm4DIIUqI.mp4,train,True,25.0,70,300,300,2.8
FEGl-ICREeE_1,newspaper,7.0,readable,True,/home/dipshikha/Music/cao/CISLR_v1.5-a_videos/FEGl-ICREeE_1.mp4,train,True,30.0,105,300,300,3.5
FEi50jcTxxI_1,stop,5.0,stage,True,/home/dipshikha/Music/cao/CISLR_v1.5-a_videos/FEi50jcTxxI_1.mp4,train,True,25.0,63,300,300,2.52
FFAd29BYBxs,self,3.0,relation,True,/home/dipshikha/Music/cao/CISLR_v1.5-a_videos/FFAd29BYBxs.mp4,train,True,25.0,60,300,300,2.4
FG0lFws-PWo_1,brown,8.0,attribute,True,/home/dipshikha/Music/cao/CISLR_v1.5-a_videos/FG0lFws-PWo_1.mp4,test,True,30.0,120,300,300,4.0
FGFEkUDv0Xs,policy,5.0,legal,True,/home/dipshikha/Music/cao/CISLR_v1.5-a_videos/FGFEkUDv0Xs.mp4,train,True,25.0,104,300,300,4.16
FHJGiOwpmJ8_1,surname,10.0,group,True,/home/dipshikha/Music/cao/CISLR_v1.5-a_videos/FHJGiOwpmJ8_1.mp4,train,True,30.0,135,300,300,4.5
FHwjyQeLNuY,stop,5.0,stage,True,/home/dipshikha/Music/cao/CISLR_v1.5-a_videos/FHwjyQeLNuY.mp4,test,True,25.0,108,300,300,4.32
FIUecHseRiA,light fixture,7.0,electronic and electrical,True,/home/dipshikha/Music/cao/CISLR_v1.5-a_videos/FIUecHseRiA.mp4,train,True,25.0,167,300,300,6.68
FIYZhJAQ3Qo,passbook bank,5.0,banking,True,/home/dipshikha/Music/cao/CISLR_v1.5-a_videos/FIYZhJAQ3Qo.mp4,train,True,24.0,102,300,300,4.25
FIj5kYw23Og,sikkim,4.0,religious,True,/home/dipshikha/Music/cao/CISLR_v1.5-a_videos/FIj5kYw23Og.mp4,train,True,25.0,95,300,300,3.8
FKzGaTqUqGY_1,prosecution,6.0,legal,True,/home/dipshikha/Music/cao/CISLR_v1.5-a_videos/FKzGaTqUqGY_1.mp4,train,True,30.0,75,300,300,2.5
FLG6F5h_LiY_1,tuesday,5.0,time,True,/home/dipshikha/Music/cao/CISLR_v1.5-a_videos/FLG6F5h_LiY_1.mp4,test,True,30.0,60,300,300,2.0
FMNrbQN6pX0_1,boxing,5.0,sport,True,/home/dipshikha/Music/cao/CISLR_v1.5-a_videos/FMNrbQN6pX0_1.mp4,train,True,25.0,63,300,300,2.52
FNM7gqdOCzQ_1,russia,7.0,geography,True,/home/dipshikha/Music/cao/CISLR_v1.5-a_videos/FNM7gqdOCzQ_1.mp4,train,True,25.0,100,300,300,4.0
FNwSw0aI6yk,success,4.0,stage,True,/home/dipshikha/Music/cao/CISLR_v1.5-a_videos/FNwSw0aI6yk.mp4,train,True,25.0,86,300,300,3.44
FOXxYHFHzto_2,material,7.0,substance,True,/home/dipshikha/Music/cao/CISLR_v1.5-a_videos/FOXxYHFHzto_2.mp4,train,True,30.0,82,300,300,2.7333333333333334
FP83TXugYq4_1,shooting,7.0,action,True,/home/dipshikha/Music/cao/CISLR_v1.5-a_videos/FP83TXugYq4_1.mp4,test,True,25.0,88,300,300,3.52
FPuKLNX3uKI,star,5.0,astronomical,True,/home/dipshikha/Music/cao/CISLR_v1.5-a_videos/FPuKLNX3uKI.mp4,train,True,25.0,104,300,300,4.16
FQYd1BVpZ54,sit,3.0,action,True,/home/dipshikha/Music/cao/CISLR_v1.5-a_videos/FQYd1BVpZ54.mp4,test,True,25.0,75,300,300,3.0
FR_SoS24QTs_1,clever,7.0,behavior,True,/home/dipshikha/Music/cao/CISLR_v1.5-a_videos/FR_SoS24QTs_1.mp4,test,True,30.0,105,300,300,3.5
FSKTNkpTx5Q_1,october,6.0,time,True,/home/dipshikha/Music/cao/CISLR_v1.5-a_videos/FSKTNkpTx5Q_1.mp4,test,True,30.0,90,300,300,3.0
FTNGNvDqp-g,hair,4.0,biology,True,/home/dipshikha/Music/cao/CISLR_v1.5-a_videos/FTNGNvDqp-g.mp4,test,True,25.0,94,300,300,3.76
FWGaBkksG7c,submerged weeds,15.0,flora and fauna,True,/home/dipshikha/Music/cao/CISLR_v1.5-a_videos/FWGaBkksG7c.mp4,train,True,24.0,345,300,300,14.375
FX4qWqaO0aE_2,bolling point,10.0,chemistry,True,/home/dipshikha/Music/cao/CISLR_v1.5-a_videos/FX4qWqaO0aE_2.mp4,train,True,30.0,120,300,300,4.0
FXDVdq4xfbw_1,nervous,7.0,emotion,True,/home/dipshikha/Music/cao/CISLR_v1.5-a_videos/FXDVdq4xfbw_1.mp4,test,True,25.0,88,300,300,3.52
FXkWue_0HsY_1,push,6.0,action,True,/home/dipshikha/Music/cao/CISLR_v1.5-a_videos/FXkWue_0HsY_1.mp4,train,True,25.0,63,300,300,2.52
FYU1yAIBMKk,teach,4.0,action,True,/home/dipshikha/Music/cao/CISLR_v1.5-a_videos/FYU1yAIBMKk.mp4,test,True,25.0,84,300,300,3.36
FYxrZhkb5Zc_2,bread board,10.0,electronic and electrical,True,/home/dipshikha/Music/cao/CISLR_v1.5-a_videos/FYxrZhkb5Zc_2.mp4,train,True,30.0,117,300,300,3.9
FZ5a1t1hKpw_1,ticket checker,8.0,profession,True,/home/dipshikha/Music/cao/CISLR_v1.5-a_videos/FZ5a1t1hKpw_1.mp4,train,True,25.0,88,300,300,3.52
FZFeKGTeQ5k_1,owe,5.0,action,True,/home/dipshikha/Music/cao/CISLR_v1.5-a_videos/FZFeKGTeQ5k_1.mp4,train,True,30.0,75,300,300,2.5
FZrTVPMOSTk_1,august,6.0,time,True,/home/dipshikha/Music/cao/CISLR_v1.5-a_videos/FZrTVPMOSTk_1.mp4,train,True,30.0,75,300,300,2.5
F_Bi2czPDcc,greedy,4.0,behavior,True,/home/dipshikha/Music/cao/CISLR_v1.5-a_videos/F_Bi2czPDcc.mp4,train,True,25.0,86,300,300,3.44
F_es2B9Sgo0,things,4.0,miscellaneous object,True,/home/dipshikha/Music/cao/CISLR_v1.5-a_videos/F_es2B9Sgo0.mp4,train,True,25.0,75,300,300,3.0
F_ssKRakSBs,goal,4.0,abstract,True,/home/dipshikha/Music/cao/CISLR_v1.5-a_videos/F_ssKRakSBs.mp4,train,True,25.0,78,300,300,3.12
F_zWSg0n04A_2,uitraviolet ray,10.0,physics,True,/home/dipshikha/Music/cao/CISLR_v1.5-a_videos/F_zWSg0n04A_2.mp4,train,True,30.0,121,300,300,4.033333333333333
FathKZe6_LI,key,5.0,utility item,True,/home/dipshikha/Music/cao/CISLR_v1.5-a_videos/FathKZe6_LI.mp4,test,True,25.0,104,300,300,4.16
FdxGN0ru6F8,india,4.0,geography,True,/home/dipshikha/Music/cao/CISLR_v1.5-a_videos/FdxGN0ru6F8.mp4,test,True,25.0,85,300,300,3.4
FeI5iTWw_6w_2,refraction,9.0,physics,True,/home/dipshikha/Music/cao/CISLR_v1.5-a_videos/FeI5iTWw_6w_2.mp4,train,True,30.0,106,300,300,3.533333333333333
Fep0HNXm84k_1,grandfather,11.0,relation,True,/home/dipshikha/Music/cao/CISLR_v1.5-a_videos/Fep0HNXm84k_1.mp4,train,True,30.0,150,300,300,5.0
FfuRz0AuxMs,pay,3.0,banking,True,/home/dipshikha/Music/cao/CISLR_v1.5-a_videos/FfuRz0AuxMs.mp4,test,True,25.0,63,300,300,2.52
FgId5lNxRyM_1,magnet,7.0,physics,True,/home/dipshikha/Music/cao/CISLR_v1.5-a_videos/FgId5lNxRyM_1.mp4,test,True,30.0,105,300,300,3.5
Fgkks8MEUi8_1,wool,9.0,utility item,True,/home/dipshikha/Music/cao/CISLR_v1.5-a_videos/Fgkks8MEUi8_1.mp4,train,True,30.0,120,300,300,4.0
FhgAT_pNTIE,meat,5.0,foods and drinks,True,/home/dipshikha/Music/cao/CISLR_v1.5-a_videos/FhgAT_pNTIE.mp4,train,True,25.0,103,300,300,4.12
FhsR37rUlRo_1,easter,8.0,religious,True,/home/dipshikha/Music/cao/CISLR_v1.5-a_videos/FhsR37rUlRo_1.mp4,train,True,25.0,88,300,300,3.52
FiEj2MNIRAs_1,fill,5.0,action,True,/home/dipshikha/Music/cao/CISLR_v1.5-a_videos/FiEj2MNIRAs_1.mp4,train,True,25.0,63,300,300,2.52
Fjx9s0fJjEA_1,want,6.0,abstract,True,/home/dipshikha/Music/cao/CISLR_v1.5-a_videos/Fjx9s0fJjEA_1.mp4,train,True,25.0,75,300,300,3.0
FkCaUqcqwpA,drug,3.0,substance,True,/home/dipshikha/Music/cao/CISLR_v1.5-a_videos/FkCaUqcqwpA.mp4,train,True,25.0,72,300,300,2.88
FkJ_uBF9n88_2,water pollution,8.0,geography,True,/home/dipshikha/Music/cao/CISLR_v1.5-a_videos/FkJ_uBF9n88_2.mp4,train,True,30.0,103,300,300,3.433333333333333
FlB4FQhBm5M,silver,4.0,metal and minerals,True,/home/dipshikha/Music/cao/CISLR_v1.5-a_videos/FlB4FQhBm5M.mp4,train,True,25.0,82,300,300,3.28
FlZ8Xekr-JA,work,3.0,action,True,/home/dipshikha/Music/cao/CISLR_v1.5-a_videos/FlZ8Xekr-JA.mp4,train,True,25.0,62,300,300,2.48
FlaNoLJsw-s,remove,4.0,action,True,/home/dipshikha/Music/cao/CISLR_v1.5-a_videos/FlaNoLJsw-s.mp4,train,True,25.0,75,300,300,3.0
Fls8pLxuhZs,confirm,5.0,process,True,/home/dipshikha/Music/cao/CISLR_v1.5-a_videos/Fls8pLxuhZs.mp4,train,True,25.0,114,300,300,4.56
FmDMlXXPl9c_1,want,6.0,abstract,True,/home/dipshikha/Music/cao/CISLR_v1.5-a_videos/FmDMlXXPl9c_1.mp4,test,True,25.0,63,300,300,2.52
FmR82ugp5Ug_1,shimla,6.0,geography,True,/home/dipshikha/Music/cao/CISLR_v1.5-a_videos/FmR82ugp5Ug_1.mp4,train,True,25.0,63,300,300,2.52
FnSIbbCAQ3s,sculptor,11.0,profession,True,/home/dipshikha/Music/cao/CISLR_v1.5-a_videos/FnSIbbCAQ3s.mp4,train,True,25.0,264,300,300,10.56
FnTehW6ik-Y_2,altitude,8.0,geography,True,/home/dipshikha/Music/cao/CISLR_v1.5-a_videos/FnTehW6ik-Y_2.mp4,train,True,30.0,78,300,300,2.6
FogwGS1HzIQ,fat test of milk,12.0,process,True,/home/dipshikha/Music/cao/CISLR_v1.5-a_videos/FogwGS1HzIQ.mp4,train,True,24.0,282,300,300,11.75
Fq1Pqke8_pE,floppy drive,13.0,computer,True,/home/dipshikha/Music/cao/CISLR_v1.5-a_videos/Fq1Pqke8_pE.mp4,train,True,25.0,316,300,300,12.64
FqtbCwFHFrw_1,fraud,5.0,banking,True,/home/dipshikha/Music/cao/CISLR_v1.5-a_videos/FqtbCwFHFrw_1.mp4,train,True,30.0,75,300,300,2.5
FrcAMp9yi1k_1,urgent,7.0,time,True,/home/dipshikha/Music/cao/CISLR_v1.5-a_videos/FrcAMp9yi1k_1.mp4,train,True,30.0,105,300,300,3.5
Fty9TY6f37g_1,sweat,8.0,biology,True,/home/dipshikha/Music/cao/CISLR_v1.5-a_videos/Fty9TY6f37g_1.mp4,train,True,30.0,105,300,300,3.5
Fu11XkNRBis,simultaneous,4.0,time,True,/home/dipshikha/Music/cao/CISLR_v1.5-a_videos/Fu11XkNRBis.mp4,test,True,25.0,84,300,300,3.36
Fu6JYe2kAkg_1,pass,9.0,abstract,True,/home/dipshikha/Music/cao/CISLR_v1.5-a_videos/Fu6JYe2kAkg_1.mp4,train,True,30.0,150,300,300,5.0
FuP3ROsNQoU,grommets,12.0,machine,True,/home/dipshikha/Music/cao/CISLR_v1.5-a_videos/FuP3ROsNQoU.mp4,train,True,25.0,289,300,300,11.56
FuoBm8C2wRg_2,interruption,8.0,action,True,/home/dipshikha/Music/cao/CISLR_v1.5-a_videos/FuoBm8C2wRg_2.mp4,train,True,29.916666666666668,95,300,300,3.1754874651810585
Fw0sNnw7Jd8,bigamy,12.0,relation,True,/home/dipshikha/Music/cao/CISLR_v1.5-a_videos/Fw0sNnw7Jd8.mp4,train,True,25.0,275,300,300,11.0
FxpR_7U84nQ,ally,14.0,group,True,/home/dipshikha/Music/cao/CISLR_v1.5-a_videos/FxpR_7U84nQ.mp4,train,True,25.0,347,300,300,13.88
G-5rBFFWEIk_1,herself,6.0,language,True,/home/dipshikha/Music/cao/CISLR_v1.5-a_videos/G-5rBFFWEIk_1.mp4,train,True,25.0,75,300,300,3.0
G-MJMctXHkY,peter pan collar,9.0,wearable,True,/home/dipshikha/Music/cao/CISLR_v1.5-a_videos/G-MJMctXHkY.mp4,train,True,25.0,217,300,300,8.68
G-xw6dwoiBc,balance,4.0,banking,True,/home/dipshikha/Music/cao/CISLR_v1.5-a_videos/G-xw6dwoiBc.mp4,test,True,25.0,98,300,300,3.92
G-zchviTHUI_1,cricket,5.0,sport,True,/home/dipshikha/Music/cao/CISLR_v1.5-a_videos/G-zchviTHUI_1.mp4,train,True,25.0,63,300,300,2.52
G0Ii_arG_iA_1,rule,5.0,authority,True,/home/dipshikha/Music/cao/CISLR_v1.5-a_videos/G0Ii_arG_iA_1.mp4,test,True,25.0,63,300,300,2.52
G1M2g_Bp2iM,roughages,15.0,foods and drinks,True,/home/dipshikha/Music/cao/CISLR_v1.5-a_videos/G1M2g_Bp2iM.mp4,train,True,24.0,229,300,300,9.541666666666666
G1kA8fiQM3Q,cartoon,12.0,entertainment,True,/home/dipshikha/Music/cao/CISLR_v1.5-a_videos/G1kA8fiQM3Q.mp4,test,True,25.0,284,300,300,11.36
G1v0EK67zuc_1,hot to feel,7.0,sensation,True,/home/dipshikha/Music/cao/CISLR_v1.5-a_videos/G1v0EK67zuc_1.mp4,train,True,25.0,75,300,300,3.0
G2Lhs-1HRys,uncomfortable,5.0,behavior,True,/home/dipshikha/Music/cao/CISLR_v1.5-a_videos/G2Lhs-1HRys.mp4,train,True,25.0,112,300,300,4.48
G3noibPzJ1w_1,fish,6.0,foods and drinks,True,/home/dipshikha/Music/cao/CISLR_v1.5-a_videos/G3noibPzJ1w_1.mp4,train,True,30.0,90,300,300,3.0
G4VFlxK9srU,kinds of germination,13.0,biology,True,/home/dipshikha/Music/cao/CISLR_v1.5-a_videos/G4VFlxK9srU.mp4,train,True,24.0,300,300,300,12.5
G6aKn9zvQ8g,cheque drop box,8.0,banking,True,/home/dipshikha/Music/cao/CISLR_v1.5-a_videos/G6aKn9zvQ8g.mp4,train,True,24.0,184,300,300,7.666666666666667
G7LqVtoayeo,brain,7.0,biology,True,/home/dipshikha/Music/cao/CISLR_v1.5-a_videos/G7LqVtoayeo.mp4,test,True,25.0,168,300,300,6.72
G9ClKgFVe4U,mumbai,4.0,geography,True,/home/dipshikha/Music/cao/CISLR_v1.5-a_videos/G9ClKgFVe4U.mp4,train,True,25.0,92,300,300,3.68
G9MUHd-IjF4_1,election,8.0,event,True,/home/dipshikha/Music/cao/CISLR_v1.5-a_videos/G9MUHd-IjF4_1.mp4,test,True,25.0,88,300,300,3.52
GA00BzF9EpE_2,photographic plate,8.0,instrument,True,/home/dipshikha/Music/cao/CISLR_v1.5-a_videos/GA00BzF9EpE_2.mp4,train,True,30.0,104,300,300,3.466666666666667
GAP_IrJE0F0_1,before,5.0,spatial position,True,/home/dipshikha/Music/cao/CISLR_v1.5-a_videos/GAP_IrJE0F0_1.mp4,test,True,25.0,63,300,300,2.52
GBvOlmOfz7s,photoperiodism,14.0,biology,True,/home/dipshikha/Music/cao/CISLR_v1.5-a_videos/GBvOlmOfz7s.mp4,train,True,24.0,334,300,300,13.916666666666666
GDbeg02GKjA_2,latitude,14.0,geography,True,/home/dipshikha/Music/cao/CISLR_v1.5-a_videos/GDbeg02GKjA_2.mp4,train,True,30.0,184,300,300,6.133333333333334
GE77ptzmP6g,duffle,9.0,wearable,True,/home/dipshikha/Music/cao/CISLR_v1.5-a_videos/GE77ptzmP6g.mp4,train,True,25.0,217,300,300,8.68
GES06kpvMl4_1,account current,8.0,banking,True,/home/dipshikha/Music/cao/CISLR_v1.5-a_videos/GES06kpvMl4_1.mp4,train,True,30.0,120,300,300,4.0
GFWW1CO5rf0_1,selfish,7.0,behavior,True,/home/dipshikha/Music/cao/CISLR_v1.5-a_videos/GFWW1CO5rf0_1.mp4,test,True,25.0,75,300,300,3.0
GGBp_AxOgjE_2,average,8.0,math,True,/home/dipshikha/Music/cao/CISLR_v1.5-a_videos/GGBp_AxOgjE_2.mp4,test,True,30.0,102,300,300,3.4
GGK97cywvBc,bag,4.0,utility item,True,/home/dipshikha/Music/cao/CISLR_v1.5-a_videos/GGK97cywvBc.mp4,train,True,25.0,97,300,300,3.88
GGV55DgjlHM,nokia mobile,6.0,electronic and electrical,True,/home/dipshikha/Music/cao/CISLR_v1.5-a_videos/GGV55DgjlHM.mp4,train,True,25.0,144,300,300,5.76
GGbmYniJ_EM,principal,4.0,authority,True,/home/dipshikha/Music/cao/CISLR_v1.5-a_videos/GGbmYniJ_EM.mp4,test,True,25.0,80,300,300,3.2
GH5LgcALHiM,tooth,4.0,biology,True,/home/dipshikha/Music/cao/CISLR_v1.5-a_videos/GH5LgcALHiM.mp4,train,True,25.0,77,300,300,3.08
GHDSqpqhyUo,budget,5.0,banking,True,/home/dipshikha/Music/cao/CISLR_v1.5-a_videos/GHDSqpqhyUo.mp4,train,True,24.0,98,300,300,4.083333333333333
GHEnNurHKWk_1,leave medical,9.0,profession,True,/home/dipshikha/Music/cao/CISLR_v1.5-a_videos/GHEnNurHKWk_1.mp4,train,True,30.0,120,300,300,4.0
GHp2q1IoF6I,seventeen,4.0,math,True,/home/dipshikha/Music/cao/CISLR_v1.5-a_videos/GHp2q1IoF6I.mp4,train,True,25.0,92,300,300,3.68
GIoPLi8lba4,name,5.0,language,True,/home/dipshikha/Music/cao/CISLR_v1.5-a_videos/GIoPLi8lba4.mp4,test,True,25.0,114,300,300,4.56
GK1Zc8T40Yo,pan,8.0,utility item,True,/home/dipshikha/Music/cao/CISLR_v1.5-a_videos/GK1Zc8T40Yo.mp4,train,True,30.0,209,300,300,6.966666666666667
GKyaVPkBIvU,stapler,4.0,utility item,True,/home/dipshikha/Music/cao/CISLR_v1.5-a_videos/GKyaVPkBIvU.mp4,train,True,25.0,91,300,300,3.64
GLLwgmHVTGM_1,over,6.0,spatial position,True,/home/dipshikha/Music/cao/CISLR_v1.5-a_videos/GLLwgmHVTGM_1.mp4,train,True,25.0,75,300,300,3.0
GM5YzHlNbtQ_1,cloth,8.0,wearable,True,/home/dipshikha/Music/cao/CISLR_v1.5-a_videos/GM5YzHlNbtQ_1.mp4,train,True,25.0,100,300,300,4.0
GMAuU7yQo1k_1,cucumber,7.0,foods and drinks,True,/home/dipshikha/Music/cao/CISLR_v1.5-a_videos/GMAuU7yQo1k_1.mp4,train,True,25.0,75,300,300,3.0
GN8ge3CZFWE_2,molecuiar motion,14.0,physics,True,/home/dipshikha/Music/cao/CISLR_v1.5-a_videos/GN8ge3CZFWE_2.mp4,train,True,30.0,182,300,300,6.066666666666666
GN8sm5YR2kg,subway,6.0,construction,True,/home/dipshikha/Music/cao/CISLR_v1.5-a_videos/GN8sm5YR2kg.mp4,train,True,25.0,143,300,300,5.72
GNOV9MdthUU_1,tomato,7.0,foods and drinks,True,/home/dipshikha/Music/cao/CISLR_v1.5-a_videos/GNOV9MdthUU_1.mp4,train,True,25.0,88,300,300,3.52
GNULrNz8c64,scraping,6.0,action,True,/home/dipshikha/Music/cao/CISLR_v1.5-a_videos/GNULrNz8c64.mp4,train,True,25.0,114,300,300,4.56
GOwke9T4QOU,verb,4.0,language,True,/home/dipshikha/Music/cao/CISLR_v1.5-a_videos/GOwke9T4QOU.mp4,train,True,25.0,82,300,300,3.28
GOxL9etVT9c_1,under developed,7.0,quality,True,/home/dipshikha/Music/cao/CISLR_v1.5-a_videos/GOxL9etVT9c_1.mp4,train,True,30.0,105,300,300,3.5
GPDJy25-tN8_2,audio frequency,10.0,sound,True,/home/dipshikha/Music/cao/CISLR_v1.5-a_videos/GPDJy25-tN8_2.mp4,train,True,30.0,114,300,300,3.8
GPntxbUpP8E,full frame,15.0,attribute,True,/home/dipshikha/Music/cao/CISLR_v1.5-a_videos/GPntxbUpP8E.mp4,train,True,24.0,343,300,300,14.291666666666666
GQaw-x-oXM0,pencil,4.0,utility item,True,/home/dipshikha/Music/cao/CISLR_v1.5-a_videos/GQaw-x-oXM0.mp4,test,True,25.0,86,300,300,3.44
GRvD6_yvvdc_2,prism,9.0,instrument,True,/home/dipshikha/Music/cao/CISLR_v1.5-a_videos/GRvD6_yvvdc_2.mp4,train,True,30.0,105,300,300,3.5
GSMQDwI83aI,hair clip,4.0,utility item,True,/home/dipshikha/Music/cao/CISLR_v1.5-a_videos/GSMQDwI83aI.mp4,train,True,25.0,93,300,300,3.72
GSeKuIBIGWs_1,concentrate,8.0,sensation,True,/home/dipshikha/Music/cao/CISLR_v1.5-a_videos/GSeKuIBIGWs_1.mp4,test,True,30.0,120,300,300,4.0
GTNV1gmJDSk,climb,5.0,action,True,/home/dipshikha/Music/cao/CISLR_v1.5-a_videos/GTNV1gmJDSk.mp4,train,True,25.0,114,300,300,4.56
GUA7UJE53Qc,concrete,6.0,construction,True,/home/dipshikha/Music/cao/CISLR_v1.5-a_videos/GUA7UJE53Qc.mp4,train,True,25.0,141,300,300,5.64
GWE16XtuLOE_2,wind,8.0,weather,True,/home/dipshikha/Music/cao/CISLR_v1.5-a_videos/GWE16XtuLOE_2.mp4,test,True,30.0,84,300,300,2.8
GWPzuYBtXA4_1,unauthorised,8.0,legal,True,/home/dipshikha/Music/cao/CISLR_v1.5-a_videos/GWPzuYBtXA4_1.mp4,train,True,30.0,105,300,300,3.5
GWQ3h3xY7os,pressure cooker,4.0,utility item,True,/home/dipshikha/Music/cao/CISLR_v1.5-a_videos/GWQ3h3xY7os.mp4,train,True,25.0,96,300,300,3.84
GWXw1ra-nu0_1,leave extraordinary,8.0,profession,True,/home/dipshikha/Music/cao/CISLR_v1.5-a_videos/GWXw1ra-nu0_1.mp4,train,True,30.0,105,300,300,3.5
GWn73nB7NsA,reservation,5.0,group,True,/home/dipshikha/Music/cao/CISLR_v1.5-a_videos/GWn73nB7NsA.mp4,test,True,25.0,115,300,300,4.6
GXhOBQRBsb4,instagram,3.0,internet,True,/home/dipshikha/Music/cao/CISLR_v1.5-a_videos/GXhOBQRBsb4.mp4,train,True,25.0,61,300,300,2.44
GXpfHLOLU_4,meghalaya,4.0,geography,True,/home/dipshikha/Music/cao/CISLR_v1.5-a_videos/GXpfHLOLU_4.mp4,test,True,25.0,96,300,300,3.84
GYVZ3VpzJRI,banana,4.0,foods and drinks,True,/home/dipshikha/Music/cao/CISLR_v1.5-a_videos/GYVZ3VpzJRI.mp4,test,True,25.0,84,300,300,3.36
GZSpfYjY3lM,pause,5.0,time,True,/home/dipshikha/Music/cao/CISLR_v1.5-a_videos/GZSpfYjY3lM.mp4,train,True,25.0,106,300,300,4.24
GZTuJ6NMvbw,piano,8.0,instrument,True,/home/dipshikha/Music/cao/CISLR_v1.5-a_videos/GZTuJ6NMvbw.mp4,train,True,25.0,177,300,300,7.08
GZagTSm_qhM,shade,7.0,utility item,True,/home/dipshikha/Music/cao/CISLR_v1.5-a_videos/GZagTSm_qhM.mp4,train,True,25.0,167,300,300,6.68
GZq28EIBmQs,good,4.0,quality,True,/home/dipshikha/Music/cao/CISLR_v1.5-a_videos/GZq28EIBmQs.mp4,test,True,25.0,97,300,300,3.88
GcR4QYxAdmY,enemy,3.0,relation,True,/home/dipshikha/Music/cao/CISLR_v1.5-a_videos/GcR4QYxAdmY.mp4,test,True,25.0,73,300,300,2.92
Gch0TZZQ_90_1,public,10.0,attribute,True,/home/dipshikha/Music/cao/CISLR_v1.5-a_videos/Gch0TZZQ_90_1.mp4,test,True,30.0,150,300,300,5.0
Ge1eIkRgtJk,gold,7.0,metal and minerals,True,/home/dipshikha/Music/cao/CISLR_v1.5-a_videos/Ge1eIkRgtJk.mp4,test,True,30.0,208,300,300,6.933333333333334
GeVnlqGHpEA,surat,4.0,geography,True,/home/dipshikha/Music/cao/CISLR_v1.5-a_videos/GeVnlqGHpEA.mp4,test,True,25.0,98,300,300,3.92
GeeCVBhDSKs,own,4.0,relation,True,/home/dipshikha/Music/cao/CISLR_v1.5-a_videos/GeeCVBhDSKs.mp4,train,True,25.0,87,300,300,3.48
Gf-58Ft9qEA_1,butter,6.0,foods and drinks,True,/home/dipshikha/Music/cao/CISLR_v1.5-a_videos/Gf-58Ft9qEA_1.mp4,test,True,25.0,63,300,300,2.52
Gf4_V9dRgZk_1,diabeletes,8.0,medical,True,/home/dipshikha/Music/cao/CISLR_v1.5-a_videos/Gf4_V9dRgZk_1.mp4,train,True,30.0,105,300,300,3.5
Gfmu5xPqDlI_1,versus,8.0,comparator,True,/home/dipshikha/Music/cao/CISLR_v1.5-a_videos/Gfmu5xPqDlI_1.mp4,train,True,30.0,105,300,300,3.5
GgsIWmqqgoU,janitor,6.0,profession,True,/home/dipshikha/Music/cao/CISLR_v1.5-a_videos/GgsIWmqqgoU.mp4,train,True,25.0,132,300,300,5.28
Gh-mMyOy1UY,on,4.0,spatial position,True,/home/dipshikha/Music/cao/CISLR_v1.5-a_videos/Gh-mMyOy1UY.mp4,train,True,25.0,83,300,300,3.32
GhK-KsZ6mlo,bull,5.0,flora and fauna,True,/home/dipshikha/Music/cao/CISLR_v1.5-a_videos/GhK-KsZ6mlo.mp4,train,True,25.0,121,300,300,4.84
GhYMzZZMMJw_1,hand,7.0,biology,True,/home/dipshikha/Music/cao/CISLR_v1.5-a_videos/GhYMzZZMMJw_1.mp4,train,True,30.0,90,300,300,3.0
GiOVSFEP2UQ,call,5.0,action,True,/home/dipshikha/Music/cao/CISLR_v1.5-a_videos/GiOVSFEP2UQ.mp4,train,True,25.0,108,300,300,4.32
GjOTwnRW2RM,foolish,6.0,behavior,True,/home/dipshikha/Music/cao/CISLR_v1.5-a_videos/GjOTwnRW2RM.mp4,train,True,25.0,144,300,300,5.76
GjY2iudi9lM,association,4.0,organisation,True,/home/dipshikha/Music/cao/CISLR_v1.5-a_videos/GjY2iudi9lM.mp4,train,True,25.0,84,300,300,3.36
GjqR1Zt5Yjw,pune,4.0,geography,True,/home/dipshikha/Music/cao/CISLR_v1.5-a_videos/GjqR1Zt5Yjw.mp4,train,True,25.0,98,300,300,3.92
GkpQNio4dSE,shy,3.0,behavior,True,/home/dipshikha/Music/cao/CISLR_v1.5-a_videos/GkpQNio4dSE.mp4,test,True,25.0,72,300,300,2.88
GktQpaPsNAk_2,main scale,9.0,instrument,True,/home/dipshikha/Music/cao/CISLR_v1.5-a_videos/GktQpaPsNAk_2.mp4,train,True,30.0,105,300,300,3.5
Gl6b4xJGc5k_1,friday,5.0,time,True,/home/dipshikha/Music/cao/CISLR_v1.5-a_videos/Gl6b4xJGc5k_1.mp4,test,True,30.0,60,300,300,2.0
GleVWSS5dmo,pen drive,4.0,electronic and electrical,True,/home/dipshikha/Music/cao/CISLR_v1.5-a_videos/GleVWSS5dmo.mp4,test,True,25.0,100,300,300,4.0
GlsK0Ejjyhg,blackboard duster,8.0,education,True,/home/dipshikha/Music/cao/CISLR_v1.5-a_videos/GlsK0Ejjyhg.mp4,train,True,25.0,181,300,300,7.24
Gm2HCSz7Jqg_1,father,9.0,relation,True,/home/dipshikha/Music/cao/CISLR_v1.5-a_videos/Gm2HCSz7Jqg_1.mp4,train,True,30.0,135,300,300,4.5
GoDqsUZU5yk_1,woman,10.0,human,True,/home/dipshikha/Music/cao/CISLR_v1.5-a_videos/GoDqsUZU5yk_1.mp4,train,True,30.0,135,300,300,4.5
GoO-VsRxG18,losses due to exessive water,10.0,biology,True,/home/dipshikha/Music/cao/CISLR_v1.5-a_videos/GoO-VsRxG18.mp4,train,True,24.0,235,300,300,9.791666666666666
GogzZTi_jfM_1,reform,12.0,action,True,/home/dipshikha/Music/cao/CISLR_v1.5-a_videos/GogzZTi_jfM_1.mp4,train,True,30.0,165,300,300,5.5
Gpjn1Iun6CI,warm,7.0,weather,True,/home/dipshikha/Music/cao/CISLR_v1.5-a_videos/Gpjn1Iun6CI.mp4,test,True,25.0,154,300,300,6.16
GppkFygxOyQ_1,dislike,6.0,comparator,True,/home/dipshikha/Music/cao/CISLR_v1.5-a_videos/GppkFygxOyQ_1.mp4,train,True,25.0,75,300,300,3.0
GqCMtSaTMwQ_1,november,5.0,time,True,/home/dipshikha/Music/cao/CISLR_v1.5-a_videos/GqCMtSaTMwQ_1.mp4,test,True,30.0,75,300,300,2.5
GrNwG3wnIsI_1,capital,7.0,legal,True,/home/dipshikha/Music/cao/CISLR_v1.5-a_videos/GrNwG3wnIsI_1.mp4,test,True,25.0,88,300,300,3.52
GsXkUJU2csA,methods of drainage,9.0,instrument,True,/home/dipshikha/Music/cao/CISLR_v1.5-a_videos/GsXkUJU2csA.mp4,train,True,24.0,207,300,300,8.625
Gsl-Lhf3-PQ_1,year book,7.0,readable,True,/home/dipshikha/Music/cao/CISLR_v1.5-a_videos/Gsl-Lhf3-PQ_1.mp4,train,True,30.0,90,300,300,3.0
Gt1EHmS3kN0,kerning,12.0,attribute,True,/home/dipshikha/Music/cao/CISLR_v1.5-a_videos/Gt1EHmS3kN0.mp4,train,True,24.0,265,300,300,11.041666666666666
GtNAGLonyLA_2,nucleus,11.0,physics,True,/home/dipshikha/Music/cao/CISLR_v1.5-a_videos/GtNAGLonyLA_2.mp4,train,True,30.0,124,300,300,4.133333333333334
GtaZHYq-u_M_1,dig,5.0,action,True,/home/dipshikha/Music/cao/CISLR_v1.5-a_videos/GtaZHYq-u_M_1.mp4,train,True,25.0,63,300,300,2.52
Gu2kSZvVPUs_1,mason,7.0,profession,True,/home/dipshikha/Music/cao/CISLR_v1.5-a_videos/Gu2kSZvVPUs_1.mp4,test,True,25.0,75,300,300,3.0
Gv8Q72yX4Yk,environment,4.0,biology,True,/home/dipshikha/Music/cao/CISLR_v1.5-a_videos/Gv8Q72yX4Yk.mp4,test,True,25.0,84,300,300,3.36
GvXNaIt8FiA_1,idd,8.0,event,True,/home/dipshikha/Music/cao/CISLR_v1.5-a_videos/GvXNaIt8FiA_1.mp4,train,True,25.0,88,300,300,3.52
GvfT7dP2zhk_2,sunlight,10.0,physics,True,/home/dipshikha/Music/cao/CISLR_v1.5-a_videos/GvfT7dP2zhk_2.mp4,train,True,30.0,115,300,300,3.8333333333333335
Gvg-342aMWE_1,finance,7.0,banking,True,/home/dipshikha/Music/cao/CISLR_v1.5-a_videos/Gvg-342aMWE_1.mp4,train,True,30.0,105,300,300,3.5
Gw8cGxVbFZY_1,head,7.0,biology,True,/home/dipshikha/Music/cao/CISLR_v1.5-a_videos/Gw8cGxVbFZY_1.mp4,train,True,30.0,105,300,300,3.5
GxT75TdGS5E_1,strong room,8.0,quality,True,/home/dipshikha/Music/cao/CISLR_v1.5-a_videos/GxT75TdGS5E_1.mp4,train,True,30.0,135,300,300,4.5
GxrEeXKP7mQ_2,input,9.0,process,True,/home/dipshikha/Music/cao/CISLR_v1.5-a_videos/GxrEeXKP7mQ_2.mp4,test,True,30.0,93,300,300,3.1
Gy0xJk_gGZ8_1,operation,6.0,medical,True,/home/dipshikha/Music/cao/CISLR_v1.5-a_videos/Gy0xJk_gGZ8_1.mp4,train,True,25.0,63,300,300,2.52
GyQ1wh7tiaU_1,bear,6.0,flora and fauna,True,/home/dipshikha/Music/cao/CISLR_v1.5-a_videos/GyQ1wh7tiaU_1.mp4,test,True,30.0,90,300,300,3.0
GybjWmdp4jM,suzuki car,5.0,transport,True,/home/dipshikha/Music/cao/CISLR_v1.5-a_videos/GybjWmdp4jM.mp4,train,True,25.0,121,300,300,4.84
GyhrF2L7s74,vocation,5.0,profession,True,/home/dipshikha/Music/cao/CISLR_v1.5-a_videos/GyhrF2L7s74.mp4,train,True,25.0,106,300,300,4.24
GzUACVmJWyc,misunderstand,4.0,emotion,True,/home/dipshikha/Music/cao/CISLR_v1.5-a_videos/GzUACVmJWyc.mp4,train,True,25.0,81,300,300,3.24
H-CvK4W6-SM,week,6.0,time,True,/home/dipshikha/Music/cao/CISLR_v1.5-a_videos/H-CvK4W6-SM.mp4,test,True,30.0,157,300,300,5.233333333333333
H-PnLVGWrto_1,shy,6.0,behavior,True,/home/dipshikha/Music/cao/CISLR_v1.5-a_videos/H-PnLVGWrto_1.mp4,test,True,25.0,75,300,300,3.0
H-QyPKHdBpo_1,examination,7.0,education,True,/home/dipshikha/Music/cao/CISLR_v1.5-a_videos/H-QyPKHdBpo_1.mp4,train,True,25.0,75,300,300,3.0
H-ZAN_q1XtI_1,lose,5.0,sport,True,/home/dipshikha/Music/cao/CISLR_v1.5-a_videos/H-ZAN_q1XtI_1.mp4,test,True,25.0,63,300,300,2.52
H0G_jCcuCWU,which,4.0,abstract,True,/home/dipshikha/Music/cao/CISLR_v1.5-a_videos/H0G_jCcuCWU.mp4,train,True,25.0,76,300,300,3.04
H0k_c6twr-Y_1,date,5.0,time,True,/home/dipshikha/Music/cao/CISLR_v1.5-a_videos/H0k_c6twr-Y_1.mp4,test,True,30.0,75,300,300,2.5
H1BtHoJ_5gs_1,reply,6.0,action,True,/home/dipshikha/Music/cao/CISLR_v1.5-a_videos/H1BtHoJ_5gs_1.mp4,train,True,25.0,75,300,300,3.0
H1Zt1GDnh-8,startle,6.0,behavior,True,/home/dipshikha/Music/cao/CISLR_v1.5-a_videos/H1Zt1GDnh-8.mp4,train,True,25.0,129,300,300,5.16
H2RHQ43Nly4_1,fat,6.0,attribute,True,/home/dipshikha/Music/cao/CISLR_v1.5-a_videos/H2RHQ43Nly4_1.mp4,train,True,25.0,75,300,300,3.0
H4L55c2xeMI_1,plough,6.0,instrument,True,/home/dipshikha/Music/cao/CISLR_v1.5-a_videos/H4L55c2xeMI_1.mp4,train,True,25.0,75,300,300,3.0
H4pn0Iqrg8A,notify,5.0,action,True,/home/dipshikha/Music/cao/CISLR_v1.5-a_videos/H4pn0Iqrg8A.mp4,test,True,25.0,116,300,300,4.64
H4ymr2I-3P4_1,level rate,11.0,banking,True,/home/dipshikha/Music/cao/CISLR_v1.5-a_videos/H4ymr2I-3P4_1.mp4,train,True,30.0,165,300,300,5.5
H5ta0C2Sz2I,baby,9.0,stage,True,/home/dipshikha/Music/cao/CISLR_v1.5-a_videos/H5ta0C2Sz2I.mp4,test,True,30.0,245,300,300,8.166666666666666
H5vUC_UZZfQ_1,cancer,8.0,medical,True,/home/dipshikha/Music/cao/CISLR_v1.5-a_videos/H5vUC_UZZfQ_1.mp4,train,True,30.0,120,300,300,4.0
H6hAtqg32n8_2,speed,7.0,physics,True,/home/dipshikha/Music/cao/CISLR_v1.5-a_videos/H6hAtqg32n8_2.mp4,train,True,30.0,71,300,300,2.3666666666666667
H6zu3PFDwnc_1,mumps,6.0,biology,True,/home/dipshikha/Music/cao/CISLR_v1.5-a_videos/H6zu3PFDwnc_1.mp4,train,True,30.0,75,300,300,2.5
H84q83Jmhhk,return,4.0,action,True,/home/dipshikha/Music/cao/CISLR_v1.5-a_videos/H84q83Jmhhk.mp4,test,True,25.0,87,300,300,3.48
H90EE4ZyShY,arunachal pradesh,5.0,geography,True,/home/dipshikha/Music/cao/CISLR_v1.5-a_videos/H90EE4ZyShY.mp4,test,True,25.0,100,300,300,4.0
H9nx2rpmH04,straight,3.0,spatial position,True,/home/dipshikha/Music/cao/CISLR_v1.5-a_videos/H9nx2rpmH04.mp4,test,True,25.0,68,300,300,2.72
HB3JdzM5I8g_1,disolution,10.0,banking,True,/home/dipshikha/Music/cao/CISLR_v1.5-a_videos/HB3JdzM5I8g_1.mp4,train,True,30.0,135,300,300,4.5
HBz_sjo1RHM,decide,7.0,action,True,/home/dipshikha/Music/cao/CISLR_v1.5-a_videos/HBz_sjo1RHM.mp4,train,True,30.0,200,300,300,6.666666666666667
HCLav_Tthvk,tamil,4.0,language,True,/home/dipshikha/Music/cao/CISLR_v1.5-a_videos/HCLav_Tthvk.mp4,train,True,25.0,96,300,300,3.84
HCpfu2Ud4GE,supreme court,12.0,construction,True,/home/dipshikha/Music/cao/CISLR_v1.5-a_videos/HCpfu2Ud4GE.mp4,train,True,25.0,275,300,300,11.0
HDx7Jb5t5L0,swine farming,11.0,process,True,/home/dipshikha/Music/cao/CISLR_v1.5-a_videos/HDx7Jb5t5L0.mp4,train,True,24.0,242,300,300,10.083333333333334
HE1mqIDP_Ik,punjab national bank,5.0,organisation,True,/home/dipshikha/Music/cao/CISLR_v1.5-a_videos/HE1mqIDP_Ik.mp4,train,True,24.0,109,300,300,4.541666666666667
HE7cOw_O6cA,century,11.0,time,True,/home/dipshikha/Music/cao/CISLR_v1.5-a_videos/HE7cOw_O6cA.mp4,train,True,25.0,271,300,300,10.84
HG8PkQFk6po_1,cut,6.0,action,True,/home/dipshikha/Music/cao/CISLR_v1.5-a_videos/HG8PkQFk6po_1.mp4,test,True,25.0,63,300,300,2.52
HIZYnYZpipc,split,4.0,action,True,/home/dipshikha/Music/cao/CISLR_v1.5-a_videos/HIZYnYZpipc.mp4,train,True,25.0,96,300,300,3.84
HJLgJ0K4-pk,reduce,5.0,action,True,/home/dipshikha/Music/cao/CISLR_v1.5-a_videos/HJLgJ0K4-pk.mp4,train,True,25.0,101,300,300,4.04
HJVvCxf2J4Y,west indies,4.0,geography,True,/home/dipshikha/Music/cao/CISLR_v1.5-a_videos/HJVvCxf2J4Y.mp4,train,True,25.0,90,300,300,3.6
HK6mbwMGSew,insult,4.0,action,True,/home/dipshikha/Music/cao/CISLR_v1.5-a_videos/HK6mbwMGSew.mp4,test,True,25.0,79,300,300,3.16
HKlXMGJXHZs,triangle,9.0,math,True,/home/dipshikha/Music/cao/CISLR_v1.5-a_videos/HKlXMGJXHZs.mp4,test,True,30.0,261,300,300,8.7
HLCUp2wfqLg_1,joumal,13.0,readable,True,/home/dipshikha/Music/cao/CISLR_v1.5-a_videos/HLCUp2wfqLg_1.mp4,train,True,30.0,180,300,300,6.0
HLHBZen5qdE,font weight,7.0,attribute,True,/home/dipshikha/Music/cao/CISLR_v1.5-a_videos/HLHBZen5qdE.mp4,train,True,24.0,159,300,300,6.625
HLJXFFx-auI,stressed,4.0,behavior,True,/home/dipshikha/Music/cao/CISLR_v1.5-a_videos/HLJXFFx-auI.mp4,train,True,25.0,78,300,300,3.12
HLLUUMdZkFk_1,sweep,7.0,action,True,/home/dipshikha/Music/cao/CISLR_v1.5-a_videos/HLLUUMdZkFk_1.mp4,test,True,25.0,75,300,300,3.0
HLngaK2mDAo,bosnia-herzegovina,4.0,geography,True,/home/dipshikha/Music/cao/CISLR_v1.5-a_videos/HLngaK2mDAo.mp4,train,True,25.0,89,300,300,3.56
HMR5t5IGwCQ,epistaxis,10.0,medical,True,/home/dipshikha/Music/cao/CISLR_v1.5-a_videos/HMR5t5IGwCQ.mp4,train,True,25.0,228,300,300,9.12
HMd3blEQ8g4,namibia,3.0,geography,True,/home/dipshikha/Music/cao/CISLR_v1.5-a_videos/HMd3blEQ8g4.mp4,train,True,25.0,74,300,300,2.96
HNF-z7j8p0A,repeat,4.0,action,True,/home/dipshikha/Music/cao/CISLR_v1.5-a_videos/HNF-z7j8p0A.mp4,train,True,25.0,98,300,300,3.92
HN_Fa-Ow650_1,sc,9.0,group,True,/home/dipshikha/Music/cao/CISLR_v1.5-a_videos/HN_Fa-Ow650_1.mp4,train,True,30.0,150,300,300,5.0
HPhGTpO7cvc_1,bowl,5.0,utility item,True,/home/dipshikha/Music/cao/CISLR_v1.5-a_videos/HPhGTpO7cvc_1.mp4,train,True,30.0,75,300,300,2.5
HRUodmwylRw_1,sunflower,7.0,flora and fauna,True,/home/dipshikha/Music/cao/CISLR_v1.5-a_videos/HRUodmwylRw_1.mp4,test,True,30.0,90,300,300,3.0
HSEV-Y2g3A8,come,3.0,process,True,/home/dipshikha/Music/cao/CISLR_v1.5-a_videos/HSEV-Y2g3A8.mp4,train,True,25.0,66,300,300,2.64
HSL4JTtYSXk_2,size,8.0,quantity,True,/home/dipshikha/Music/cao/CISLR_v1.5-a_videos/HSL4JTtYSXk_2.mp4,train,True,29.916666666666668,87,300,300,2.9080779944289694
HSVMcyMhWvI_2,heat engine,10.0,machine,True,/home/dipshikha/Music/cao/CISLR_v1.5-a_videos/HSVMcyMhWvI_2.mp4,train,True,30.0,95,300,300,3.1666666666666665
HSxlr1h3TyM,pamphlet,6.0,utility item,True,/home/dipshikha/Music/cao/CISLR_v1.5-a_videos/HSxlr1h3TyM.mp4,train,True,25.0,136,300,300,5.44
HTLUdvrsUTU,to consumers,7.0,process,True,/home/dipshikha/Music/cao/CISLR_v1.5-a_videos/HTLUdvrsUTU.mp4,train,True,25.0,163,300,300,6.52
HT_22dYhzpI_1,shoe,7.0,wearable,True,/home/dipshikha/Music/cao/CISLR_v1.5-a_videos/HT_22dYhzpI_1.mp4,train,True,25.0,88,300,300,3.52
HToUF5z-YGw_1,urdu,7.0,language,True,/home/dipshikha/Music/cao/CISLR_v1.5-a_videos/HToUF5z-YGw_1.mp4,train,True,25.0,88,300,300,3.52
HTy7MUaROK8,january,6.0,time,True,/home/dipshikha/Music/cao/CISLR_v1.5-a_videos/HTy7MUaROK8.mp4,test,True,29.916666666666668,171,300,300,5.715877437325905
HUax1aYesBo,nothing,4.0,abstract,True,/home/dipshikha/Music/cao/CISLR_v1.5-a_videos/HUax1aYesBo.mp4,train,True,25.0,80,300,300,3.2
HV7L78k5KeE,seventh,6.0,math,True,/home/dipshikha/Music/cao/CISLR_v1.5-a_videos/HV7L78k5KeE.mp4,train,True,25.0,143,300,300,5.72
HWCGrOC9jmo_2,revolution,12.0,event,True,/home/dipshikha/Music/cao/CISLR_v1.5-a_videos/HWCGrOC9jmo_2.mp4,train,True,29.916666666666668,152,300,300,5.080779944289693
HWsnuUvNGuM_1,immediate,8.0,time,True,/home/dipshikha/Music/cao/CISLR_v1.5-a_videos/HWsnuUvNGuM_1.mp4,train,True,30.0,105,300,300,3.5
HYVbXUFLsno_1,milli litre,6.0,metric,True,/home/dipshikha/Music/cao/CISLR_v1.5-a_videos/HYVbXUFLsno_1.mp4,train,True,25.0,75,300,300,3.0
HZDbJEL4RA4_1,parental,10.0,relation,True,/home/dipshikha/Music/cao/CISLR_v1.5-a_videos/HZDbJEL4RA4_1.mp4,train,True,30.0,150,300,300,5.0
HZJbA05pxEg_1,ooty,6.0,geography,True,/home/dipshikha/Music/cao/CISLR_v1.5-a_videos/HZJbA05pxEg_1.mp4,train,True,25.0,75,300,300,3.0
HZKmJZ3VpIg,style,3.0,attribute,True,/home/dipshikha/Music/cao/CISLR_v1.5-a_videos/HZKmJZ3VpIg.mp4,train,True,25.0,55,300,300,2.2
HZkFyzvt5LA,power hacksaw,10.0,instrument,True,/home/dipshikha/Music/cao/CISLR_v1.5-a_videos/HZkFyzvt5LA.mp4,train,True,25.0,228,300,300,9.12
HaYoTqtme1k_1,designing,6.0,action,True,/home/dipshikha/Music/cao/CISLR_v1.5-a_videos/HaYoTqtme1k_1.mp4,train,True,25.0,63,300,300,2.52
HahAjlg8Uxc_2,destroy,8.0,action,True,/home/dipshikha/Music/cao/CISLR_v1.5-a_videos/HahAjlg8Uxc_2.mp4,test,True,30.0,87,300,300,2.9
HbU2GkRlLb0,ball pein hammer,15.0,utility item,True,/home/dipshikha/Music/cao/CISLR_v1.5-a_videos/HbU2GkRlLb0.mp4,train,True,25.0,360,300,300,14.4
HbZjNSy4OHE_1,waterfall,7.0,geography,True,/home/dipshikha/Music/cao/CISLR_v1.5-a_videos/HbZjNSy4OHE_1.mp4,train,True,25.0,88,300,300,3.52
Hbj74PbhIzc,hygiene,15.0,attribute,True,/home/dipshikha/Music/cao/CISLR_v1.5-a_videos/Hbj74PbhIzc.mp4,test,True,25.0,359,300,300,14.36
Hcp9WsOvexQ,jack plane,4.0,instrument,True,/home/dipshikha/Music/cao/CISLR_v1.5-a_videos/Hcp9WsOvexQ.mp4,train,True,25.0,90,300,300,3.6
Hdt6acHjd3I_1,meet,6.0,group,True,/home/dipshikha/Music/cao/CISLR_v1.5-a_videos/Hdt6acHjd3I_1.mp4,test,True,25.0,63,300,300,2.52
HdtJulX0Koo_2,direct current,10.0,physics,True,/home/dipshikha/Music/cao/CISLR_v1.5-a_videos/HdtJulX0Koo_2.mp4,train,True,30.0,119,300,300,3.966666666666667
Hdvjnsplcx8_1,knife,6.0,utility item,True,/home/dipshikha/Music/cao/CISLR_v1.5-a_videos/Hdvjnsplcx8_1.mp4,test,True,30.0,90,300,300,3.0
Hg3An9HPABQ,milter stripes,9.0,wearable,True,/home/dipshikha/Music/cao/CISLR_v1.5-a_videos/Hg3An9HPABQ.mp4,train,True,25.0,217,300,300,8.68
Hgv4G60B5Fc_2,development,9.0,action,True,/home/dipshikha/Music/cao/CISLR_v1.5-a_videos/Hgv4G60B5Fc_2.mp4,train,True,30.0,99,300,300,3.3
Hh69480i03w,transgender,5.0,group,True,/home/dipshikha/Music/cao/CISLR_v1.5-a_videos/Hh69480i03w.mp4,train,True,25.0,104,300,300,4.16
Hh7uTyKr5ck_1,office hours,8.0,time,True,/home/dipshikha/Music/cao/CISLR_v1.5-a_videos/Hh7uTyKr5ck_1.mp4,train,True,30.0,120,300,300,4.0
Hi65fS8-pjc,html,15.0,internet,True,/home/dipshikha/Music/cao/CISLR_v1.5-a_videos/Hi65fS8-pjc.mp4,train,True,25.0,361,300,300,14.44
HiKegjOx1kw,friend,10.0,relation,True,/home/dipshikha/Music/cao/CISLR_v1.5-a_videos/HiKegjOx1kw.mp4,test,True,30.0,289,300,300,9.633333333333333
His11C0YFps,picture,4.0,miscellaneous object,True,/home/dipshikha/Music/cao/CISLR_v1.5-a_videos/His11C0YFps.mp4,train,True,25.0,86,300,300,3.44
Hj28Cttz1Rs,recurring deposit,4.0,banking,True,/home/dipshikha/Music/cao/CISLR_v1.5-a_videos/Hj28Cttz1Rs.mp4,train,True,24.0,81,300,300,3.375
Hj4QeQhtsdQ,tubelight,8.0,electronic and electrical,True,/home/dipshikha/Music/cao/CISLR_v1.5-a_videos/Hj4QeQhtsdQ.mp4,train,True,30.0,215,300,300,7.166666666666667
HjBMp6eChiY,allergy,7.0,medical,True,/home/dipshikha/Music/cao/CISLR_v1.5-a_videos/HjBMp6eChiY.mp4,train,True,30.0,194,300,300,6.466666666666667
HjQ5ftX3H1c,theirs,4.0,relation,True,/home/dipshikha/Music/cao/CISLR_v1.5-a_videos/HjQ5ftX3H1c.mp4,train,True,25.0,100,300,300,4.0
Hk0qqXk8-nU,wales,3.0,geography,True,/home/dipshikha/Music/cao/CISLR_v1.5-a_videos/Hk0qqXk8-nU.mp4,train,True,25.0,67,300,300,2.68
HkPXGBLKhKM,mouth organ,5.0,biology,True,/home/dipshikha/Music/cao/CISLR_v1.5-a_videos/HkPXGBLKhKM.mp4,train,True,25.0,118,300,300,4.72
Hkv0JPEwiEE,explain,4.0,action,True,/home/dipshikha/Music/cao/CISLR_v1.5-a_videos/Hkv0JPEwiEE.mp4,test,True,25.0,78,300,300,3.12
HlY4I1V3Wn8,railway hedges,15.0,transport,True,/home/dipshikha/Music/cao/CISLR_v1.5-a_videos/HlY4I1V3Wn8.mp4,train,True,25.0,372,300,300,14.88
HnVaM3dWOO4_1,chandigarh,5.0,geography,True,/home/dipshikha/Music/cao/CISLR_v1.5-a_videos/HnVaM3dWOO4_1.mp4,train,True,25.0,63,300,300,2.52
HnmeVz4t4Xk,supervisor,6.0,action,True,/home/dipshikha/Music/cao/CISLR_v1.5-a_videos/HnmeVz4t4Xk.mp4,train,True,25.0,130,300,300,5.2
HnmjmqSfmPs,make a long story short,11.0,process,True,/home/dipshikha/Music/cao/CISLR_v1.5-a_videos/HnmjmqSfmPs.mp4,test,True,25.0,251,300,300,10.04
HnydoJ4McR8,litre,5.0,metric,True,/home/dipshikha/Music/cao/CISLR_v1.5-a_videos/HnydoJ4McR8.mp4,test,True,25.0,103,300,300,4.12
Ho8vUmQ7Y1s_1,receipt,6.0,banking,True,/home/dipshikha/Music/cao/CISLR_v1.5-a_videos/Ho8vUmQ7Y1s_1.mp4,test,True,30.0,75,300,300,2.5
Homd_Xpbpac_1,initial,8.0,time,True,/home/dipshikha/Music/cao/CISLR_v1.5-a_videos/Homd_Xpbpac_1.mp4,train,True,30.0,105,300,300,3.5
Hoyh1m0u62U,ball point needle,9.0,utility item,True,/home/dipshikha/Music/cao/CISLR_v1.5-a_videos/Hoyh1m0u62U.mp4,train,True,25.0,209,300,300,8.36
HpwU9tXDfpM,inheritance,13.0,relation,True,/home/dipshikha/Music/cao/CISLR_v1.5-a_videos/HpwU9tXDfpM.mp4,train,True,25.0,313,300,300,12.52
HqCWS-Gh9zY,shank button,13.0,wearable,True,/home/dipshikha/Music/cao/CISLR_v1.5-a_videos/HqCWS-Gh9zY.mp4,train,True,25.0,301,300,300,12.04
HqEam06JRKo,aeroplane,4.0,transport,True,/home/dipshikha/Music/cao/CISLR_v1.5-a_videos/HqEam06JRKo.mp4,test,True,25.0,82,300,300,3.28
HqsZI1n6pGU,handkerchief,4.0,utility item,True,/home/dipshikha/Music/cao/CISLR_v1.5-a_videos/HqsZI1n6pGU.mp4,train,True,25.0,85,300,300,3.4
HrYfUg6i8DY_2,distance,8.0,metric,True,/home/dipshikha/Music/cao/CISLR_v1.5-a_videos/HrYfUg6i8DY_2.mp4,train,True,30.0,99,300,300,3.3
HsgYLaLxP5o_1,knit,7.0,process,True,/home/dipshikha/Music/cao/CISLR_v1.5-a_videos/HsgYLaLxP5o_1.mp4,train,True,25.0,88,300,300,3.52
Ht6fXw6roFc,four cricket,4.0,sport,True,/home/dipshikha/Music/cao/CISLR_v1.5-a_videos/Ht6fXw6roFc.mp4,train,True,25.0,87,300,300,3.48
HtG9j-D3n8c,varanasi,4.0,geography,True,/home/dipshikha/Music/cao/CISLR_v1.5-a_videos/HtG9j-D3n8c.mp4,train,True,25.0,92,300,300,3.68
HuPD22JS5QA,diet,6.0,foods and drinks,True,/home/dipshikha/Music/cao/CISLR_v1.5-a_videos/HuPD22JS5QA.mp4,train,True,25.0,136,300,300,5.44
HufgJPpb1kQ,bus,4.0,transport,True,/home/dipshikha/Music/cao/CISLR_v1.5-a_videos/HufgJPpb1kQ.mp4,test,True,25.0,100,300,300,4.0
Hv3CUeYzFGk,one and a half hours,4.0,time,True,/home/dipshikha/Music/cao/CISLR_v1.5-a_videos/Hv3CUeYzFGk.mp4,train,True,25.0,76,300,300,3.04
HvwdD5t8Llo_2,pressure,8.0,physics,True,/home/dipshikha/Music/cao/CISLR_v1.5-a_videos/HvwdD5t8Llo_2.mp4,train,True,30.0,84,300,300,2.8
HwgChfSHtlI,a lot,4.0,quantity,True,/home/dipshikha/Music/cao/CISLR_v1.5-a_videos/HwgChfSHtlI.mp4,train,True,25.0,84,300,300,3.36
HyYH_y65nQs_1,not negotiable,8.0,attribute,True,/home/dipshikha/Music/cao/CISLR_v1.5-a_videos/HyYH_y65nQs_1.mp4,train,True,30.0,120,300,300,4.0
HymdtSakcww,label,4.0,action,True,/home/dipshikha/Music/cao/CISLR_v1.5-a_videos/HymdtSakcww.mp4,train,True,25.0,83,300,300,3.32
HyqvSSccYGM,things,7.0,miscellaneous object,True,/home/dipshikha/Music/cao/CISLR_v1.5-a_videos/HyqvSSccYGM.mp4,test,True,30.0,181,300,300,6.033333333333333
Hz77BEDzZ-E_1,cutout,7.0,sound,True,/home/dipshikha/Music/cao/CISLR_v1.5-a_videos/Hz77BEDzZ-E_1.mp4,train,True,25.0,88,300,300,3.52
I1i5r5rd7vI_1,camera,7.0,electronic and electrical,True,/home/dipshikha/Music/cao/CISLR_v1.5-a_videos/I1i5r5rd7vI_1.mp4,train,True,25.0,75,300,300,3.0
I1pC7URd7qM_1,tease,6.0,behavior,True,/home/dipshikha/Music/cao/CISLR_v1.5-a_videos/I1pC7URd7qM_1.mp4,train,True,25.0,75,300,300,3.0
I2q6piLBbPo_1,priority,7.0,attribute,True,/home/dipshikha/Music/cao/CISLR_v1.5-a_videos/I2q6piLBbPo_1.mp4,train,True,30.0,90,300,300,3.0
I2xOiEMrgM0_2,chemical energy,8.0,chemistry,True,/home/dipshikha/Music/cao/CISLR_v1.5-a_videos/I2xOiEMrgM0_2.mp4,train,True,30.0,103,300,300,3.433333333333333
I3_S8sTuQT0,deputy director,5.0,authority,True,/home/dipshikha/Music/cao/CISLR_v1.5-a_videos/I3_S8sTuQT0.mp4,train,True,25.0,118,300,300,4.72
I3haAOluERo,wait,5.0,action,True,/home/dipshikha/Music/cao/CISLR_v1.5-a_videos/I3haAOluERo.mp4,test,True,25.0,108,300,300,4.32
I4ZsuU5C6aw,right now,4.0,time,True,/home/dipshikha/Music/cao/CISLR_v1.5-a_videos/I4ZsuU5C6aw.mp4,train,True,25.0,100,300,300,4.0
I4pibKfr0jU,buffalo,5.0,flora and fauna,True,/home/dipshikha/Music/cao/CISLR_v1.5-a_videos/I4pibKfr0jU.mp4,train,True,25.0,121,300,300,4.84
I5A2blkb1T8_1,cycle,6.0,transport,True,/home/dipshikha/Music/cao/CISLR_v1.5-a_videos/I5A2blkb1T8_1.mp4,train,True,25.0,63,300,300,2.52
I5GA0QFoDos_1,copy,7.0,action,True,/home/dipshikha/Music/cao/CISLR_v1.5-a_videos/I5GA0QFoDos_1.mp4,train,True,25.0,75,300,300,3.0
I5IcpZp0BfE,mean,4.0,behavior,True,/home/dipshikha/Music/cao/CISLR_v1.5-a_videos/I5IcpZp0BfE.mp4,test,True,25.0,97,300,300,3.88
I5Nw8MVpZt8,mirror,5.0,physics,True,/home/dipshikha/Music/cao/CISLR_v1.5-a_videos/I5Nw8MVpZt8.mp4,train,True,25.0,109,300,300,4.36
I6kZM0sKraQ,score,7.0,metric,True,/home/dipshikha/Music/cao/CISLR_v1.5-a_videos/I6kZM0sKraQ.mp4,train,True,25.0,168,300,300,6.72
I77KHj-yyWQ,debit card,4.0,banking,True,/home/dipshikha/Music/cao/CISLR_v1.5-a_videos/I77KHj-yyWQ.mp4,train,True,25.0,79,300,300,3.16
I8TH3Ef1yls_1,allah,6.0,religious,True,/home/dipshikha/Music/cao/CISLR_v1.5-a_videos/I8TH3Ef1yls_1.mp4,train,True,25.0,63,300,300,2.52
I9OiCuVT6TQ,bus,4.0,transport,True,/home/dipshikha/Music/cao/CISLR_v1.5-a_videos/I9OiCuVT6TQ.mp4,test,True,25.0,100,300,300,4.0
IA-RnnxesfI,button hole,8.0,wearable,True,/home/dipshikha/Music/cao/CISLR_v1.5-a_videos/IA-RnnxesfI.mp4,train,True,25.0,176,300,300,7.04
IATnhKazi7g,technology,4.0,abstract,True,/home/dipshikha/Music/cao/CISLR_v1.5-a_videos/IATnhKazi7g.mp4,train,True,25.0,90,300,300,3.6
IAd2idq-iPI_1,coin,6.0,banking,True,/home/dipshikha/Music/cao/CISLR_v1.5-a_videos/IAd2idq-iPI_1.mp4,test,True,25.0,63,300,300,2.52
IAqSm0HcDDI_2,electron,12.0,physics,True,/home/dipshikha/Music/cao/CISLR_v1.5-a_videos/IAqSm0HcDDI_2.mp4,train,True,30.0,154,300,300,5.133333333333334
IB4I1T_sQxo,ifsc,5.0,readable,True,/home/dipshikha/Music/cao/CISLR_v1.5-a_videos/IB4I1T_sQxo.mp4,train,True,24.0,114,300,300,4.75
IBYqJ-C2FsA,nurse,5.0,profession,True,/home/dipshikha/Music/cao/CISLR_v1.5-a_videos/IBYqJ-C2FsA.mp4,test,True,25.0,120,300,300,4.8
ICWffEGAP5Q,drug overdose,8.0,stage,True,/home/dipshikha/Music/cao/CISLR_v1.5-a_videos/ICWffEGAP5Q.mp4,train,True,25.0,177,300,300,7.08
ICiBChM7NL0_1,sweet,6.0,attribute,True,/home/dipshikha/Music/cao/CISLR_v1.5-a_videos/ICiBChM7NL0_1.mp4,test,True,25.0,75,300,300,3.0
IER9rPq_O8o_1,source,7.0,stage,True,/home/dipshikha/Music/cao/CISLR_v1.5-a_videos/IER9rPq_O8o_1.mp4,train,True,30.0,90,300,300,3.0
IE_CEe3ZkCI_1,tonic,8.0,substance,True,/home/dipshikha/Music/cao/CISLR_v1.5-a_videos/IE_CEe3ZkCI_1.mp4,test,True,30.0,105,300,300,3.5
IGNLe81lZ-M,seamline pocket,10.0,wearable,True,/home/dipshikha/Music/cao/CISLR_v1.5-a_videos/IGNLe81lZ-M.mp4,train,True,25.0,241,300,300,9.64
IGR8WsvfoXs,tap,5.0,utility item,True,/home/dipshikha/Music/cao/CISLR_v1.5-a_videos/IGR8WsvfoXs.mp4,test,True,25.0,104,300,300,4.16
IGogDBcwAnU_1,clever,8.0,behavior,True,/home/dipshikha/Music/cao/CISLR_v1.5-a_videos/IGogDBcwAnU_1.mp4,test,True,30.0,105,300,300,3.5
IGsDuTIs2ZU,quickly,4.0,time,True,/home/dipshikha/Music/cao/CISLR_v1.5-a_videos/IGsDuTIs2ZU.mp4,train,True,25.0,85,300,300,3.4
IGuFuS-aMpo,sharp,6.0,attribute,True,/home/dipshikha/Music/cao/CISLR_v1.5-a_videos/IGuFuS-aMpo.mp4,train,True,25.0,128,300,300,5.12
IH3kcXKQgt4,barricade,5.0,miscellaneous object,True,/home/dipshikha/Music/cao/CISLR_v1.5-a_videos/IH3kcXKQgt4.mp4,train,True,25.0,109,300,300,4.36
IIeXWQPIlqA_2,spectrometer,12.0,instrument,True,/home/dipshikha/Music/cao/CISLR_v1.5-a_videos/IIeXWQPIlqA_2.mp4,train,True,30.0,147,300,300,4.9
IIkkBf5KDmg,fast track court,14.0,legal,True,/home/dipshikha/Music/cao/CISLR_v1.5-a_videos/IIkkBf5KDmg.mp4,train,True,25.0,338,300,300,13.52
IItJ7hdAf_g,company secretary,6.0,profession,True,/home/dipshikha/Music/cao/CISLR_v1.5-a_videos/IItJ7hdAf_g.mp4,train,True,25.0,144,300,300,5.76
IL9zmsdJg5g,cervical cancer,10.0,medical,True,/home/dipshikha/Music/cao/CISLR_v1.5-a_videos/IL9zmsdJg5g.mp4,train,True,25.0,229,300,300,9.16
ILXJO86NsG8,reliance mobile,6.0,electronic and electrical,True,/home/dipshikha/Music/cao/CISLR_v1.5-a_videos/ILXJO86NsG8.mp4,train,True,25.0,126,300,300,5.04
ILinyrxnsEs,sixty,5.0,quantity,True,/home/dipshikha/Music/cao/CISLR_v1.5-a_videos/ILinyrxnsEs.mp4,train,True,25.0,119,300,300,4.76
ILv9XMPLqoo,very wealthy person,5.0,human,True,/home/dipshikha/Music/cao/CISLR_v1.5-a_videos/ILv9XMPLqoo.mp4,train,True,25.0,104,300,300,4.16
IMZb4D-ulNs,percentage,5.0,math,True,/home/dipshikha/Music/cao/CISLR_v1.5-a_videos/IMZb4D-ulNs.mp4,test,True,25.0,105,300,300,4.2
IMlXe5o44pc_1,address,8.0,geography,True,/home/dipshikha/Music/cao/CISLR_v1.5-a_videos/IMlXe5o44pc_1.mp4,train,True,30.0,120,300,300,4.0
IMzhNeb2ziQ_1,juice,6.0,foods and drinks,True,/home/dipshikha/Music/cao/CISLR_v1.5-a_videos/IMzhNeb2ziQ_1.mp4,train,True,25.0,63,300,300,2.52
INYvz3YRvT4,wedding reception,13.0,event,True,/home/dipshikha/Music/cao/CISLR_v1.5-a_videos/INYvz3YRvT4.mp4,train,True,25.0,316,300,300,12.64
INdSYgk8Ed0_1,island,9.0,geography,True,/home/dipshikha/Music/cao/CISLR_v1.5-a_videos/INdSYgk8Ed0_1.mp4,test,True,25.0,100,300,300,4.0
IO-b4Lt249Y,suspect,5.0,legal,True,/home/dipshikha/Music/cao/CISLR_v1.5-a_videos/IO-b4Lt249Y.mp4,train,True,25.0,108,300,300,4.32
IO0nQfhpxh8,education,5.0,education,True,/home/dipshikha/Music/cao/CISLR_v1.5-a_videos/IO0nQfhpxh8.mp4,train,True,25.0,105,300,300,4.2
IOS2_Xy4yg0,friday,5.0,time,True,/home/dipshikha/Music/cao/CISLR_v1.5-a_videos/IOS2_Xy4yg0.mp4,test,True,25.0,115,300,300,4.6
IOUl-SHyP4Y_1,testify,9.0,action,True,/home/dipshikha/Music/cao/CISLR_v1.5-a_videos/IOUl-SHyP4Y_1.mp4,test,True,30.0,120,300,300,4.0
IOaZtwg1czk_1,interest,12.0,banking,True,/home/dipshikha/Music/cao/CISLR_v1.5-a_videos/IOaZtwg1czk_1.mp4,test,True,30.0,195,300,300,6.5
IOcKAmXpVUA,gionee,6.0,organisation,True,/home/dipshikha/Music/cao/CISLR_v1.5-a_videos/IOcKAmXpVUA.mp4,train,True,25.0,126,300,300,5.04
IOp7Ml6b4sk,right,3.0,spatial position,True,/home/dipshikha/Music/cao/CISLR_v1.5-a_videos/IOp7Ml6b4sk.mp4,train,True,25.0,73,300,300,2.92
IOz0Yx8IpHU_1,across,6.0,spatial position,True,/home/dipshikha/Music/cao/CISLR_v1.5-a_videos/IOz0Yx8IpHU_1.mp4,train,True,25.0,63,300,300,2.52
IP9M9Q_sJlU_1,six monthly,8.0,time,True,/home/dipshikha/Music/cao/CISLR_v1.5-a_videos/IP9M9Q_sJlU_1.mp4,train,True,30.0,120,300,300,4.0
IPRNWTt4NDY_1,objection,6.0,action,True,/home/dipshikha/Music/cao/CISLR_v1.5-a_videos/IPRNWTt4NDY_1.mp4,train,True,30.0,90,300,300,3.0
IPUJ9bHGQgM,waterfall,5.0,geography,True,/home/dipshikha/Music/cao/CISLR_v1.5-a_videos/IPUJ9bHGQgM.mp4,test,True,25.0,111,300,300,4.44
IQS9ORLYumE_1,additional,8.0,quantity,True,/home/dipshikha/Music/cao/CISLR_v1.5-a_videos/IQS9ORLYumE_1.mp4,train,True,30.0,105,300,300,3.5
IQdo3niLRus_1,bug,6.0,flora and fauna,True,/home/dipshikha/Music/cao/CISLR_v1.5-a_videos/IQdo3niLRus_1.mp4,train,True,30.0,75,300,300,2.5
IRT4-x0KYrI_1,tree,6.0,flora and fauna,True,/home/dipshikha/Music/cao/CISLR_v1.5-a_videos/IRT4-x0KYrI_1.mp4,test,True,30.0,90,300,300,3.0
IRUYQfpLjhY,tornado,5.0,weather,True,/home/dipshikha/Music/cao/CISLR_v1.5-a_videos/IRUYQfpLjhY.mp4,train,True,25.0,124,300,300,4.96
IRmlHHtW_Q0_1,thank you,6.0,gesture,True,/home/dipshikha/Music/cao/CISLR_v1.5-a_videos/IRmlHHtW_Q0_1.mp4,test,True,30.0,90,300,300,3.0
IRpEcHFlSk0_1,stay,7.0,action,True,/home/dipshikha/Music/cao/CISLR_v1.5-a_videos/IRpEcHFlSk0_1.mp4,train,True,25.0,88,300,300,3.52
ITV9-ymtK_M_1,exchange,5.0,action,True,/home/dipshikha/Music/cao/CISLR_v1.5-a_videos/ITV9-ymtK_M_1.mp4,train,True,25.0,63,300,300,2.52
ITnvvRnzDsI_1,self,7.0,relation,True,/home/dipshikha/Music/cao/CISLR_v1.5-a_videos/ITnvvRnzDsI_1.mp4,test,True,25.0,75,300,300,3.0
ITtZaBbXqyE_1,farm,7.0,construction,True,/home/dipshikha/Music/cao/CISLR_v1.5-a_videos/ITtZaBbXqyE_1.mp4,train,True,30.0,105,300,300,3.5
IUj1aN_hzQ8_1,birthday,7.0,event,True,/home/dipshikha/Music/cao/CISLR_v1.5-a_videos/IUj1aN_hzQ8_1.mp4,train,True,30.0,90,300,300,3.0
IUxURsL66jY,huge,4.0,math,True,/home/dipshikha/Music/cao/CISLR_v1.5-a_videos/IUxURsL66jY.mp4,train,True,25.0,84,300,300,3.36
IVY4EYIVHMI,food,4.0,foods and drinks,True,/home/dipshikha/Music/cao/CISLR_v1.5-a_videos/IVY4EYIVHMI.mp4,train,True,25.0,82,300,300,3.28
IWBVW-QyFEw,fox,6.0,flora and fauna,True,/home/dipshikha/Music/cao/CISLR_v1.5-a_videos/IWBVW-QyFEw.mp4,train,True,25.0,146,300,300,5.84
IWCiPFCUzI0,janmashtami,5.0,event,True,/home/dipshikha/Music/cao/CISLR_v1.5-a_videos/IWCiPFCUzI0.mp4,train,True,25.0,120,300,300,4.8
IWWZql-w610,leave,7.0,profession,True,/home/dipshikha/Music/cao/CISLR_v1.5-a_videos/IWWZql-w610.mp4,train,True,25.0,154,300,300,6.16
IWxnrliK3Mk_1,bath,6.0,action,True,/home/dipshikha/Music/cao/CISLR_v1.5-a_videos/IWxnrliK3Mk_1.mp4,train,True,25.0,63,300,300,2.52
IYf_zhHRbWw_1,eat,7.0,action,True,/home/dipshikha/Music/cao/CISLR_v1.5-a_videos/IYf_zhHRbWw_1.mp4,test,True,30.0,90,300,300,3.0
IZ5P9dAvZ5A_1,default,12.0,stage,True,/home/dipshikha/Music/cao/CISLR_v1.5-a_videos/IZ5P9dAvZ5A_1.mp4,train,True,29.916666666666668,180,300,300,6.016713091922005
I_TQyqgYvoA,area,4.0,geography,True,/home/dipshikha/Music/cao/CISLR_v1.5-a_videos/I_TQyqgYvoA.mp4,test,True,25.0,96,300,300,3.84
Ic7hCwzP2PI_1,irregular,10.0,attribute,True,/home/dipshikha/Music/cao/CISLR_v1.5-a_videos/Ic7hCwzP2PI_1.mp4,train,True,30.0,150,300,300,5.0
IctKxBrrjJI,interpreter,4.0,profession,True,/home/dipshikha/Music/cao/CISLR_v1.5-a_videos/IctKxBrrjJI.mp4,train,True,25.0,86,300,300,3.44
IdF3Z-HI8QY_1,on,5.0,spatial position,True,/home/dipshikha/Music/cao/CISLR_v1.5-a_videos/IdF3Z-HI8QY_1.mp4,test,True,25.0,50,300,300,2.0
IdTIbvWgePA,muharram,5.0,event,True,/home/dipshikha/Music/cao/CISLR_v1.5-a_videos/IdTIbvWgePA.mp4,train,True,25.0,105,300,300,4.2
Idb2wQQ85ho,brahma,5.0,religious,True,/home/dipshikha/Music/cao/CISLR_v1.5-a_videos/Idb2wQQ85ho.mp4,train,True,25.0,107,300,300,4.28
Idc4ADhTayI,leaf,4.0,flora and fauna,True,/home/dipshikha/Music/cao/CISLR_v1.5-a_videos/Idc4ADhTayI.mp4,train,True,25.0,87,300,300,3.48
Idq3nOcunPw,deepika padukone,4.0,human,True,/home/dipshikha/Music/cao/CISLR_v1.5-a_videos/Idq3nOcunPw.mp4,train,True,25.0,76,300,300,3.04
IdrYzD-b0MU_1,march,7.0,time,True,/home/dipshikha/Music/cao/CISLR_v1.5-a_videos/IdrYzD-b0MU_1.mp4,train,True,30.0,90,300,300,3.0
IeGTCdw-lFQ_1,account commission,9.0,banking,True,/home/dipshikha/Music/cao/CISLR_v1.5-a_videos/IeGTCdw-lFQ_1.mp4,train,True,30.0,120,300,300,4.0
IfL2BoxCI_U_1,remember,7.0,action,True,/home/dipshikha/Music/cao/CISLR_v1.5-a_videos/IfL2BoxCI_U_1.mp4,test,True,25.0,88,300,300,3.52
IghFboP-goM,slovakia,4.0,geography,True,/home/dipshikha/Music/cao/CISLR_v1.5-a_videos/IghFboP-goM.mp4,train,True,25.0,83,300,300,3.32
IgilYoGrZlg,repair,4.0,action,True,/home/dipshikha/Music/cao/CISLR_v1.5-a_videos/IgilYoGrZlg.mp4,test,True,25.0,84,300,300,3.36
IhUPDOGqMaw,true,4.0,abstract,True,/home/dipshikha/Music/cao/CISLR_v1.5-a_videos/IhUPDOGqMaw.mp4,test,True,25.0,85,300,300,3.4
IhaMUrrY6yw_2,physics,14.0,physics,True,/home/dipshikha/Music/cao/CISLR_v1.5-a_videos/IhaMUrrY6yw_2.mp4,train,True,30.0,177,300,300,5.9
IhoXleQ5yy8_1,point,8.0,math,True,/home/dipshikha/Music/cao/CISLR_v1.5-a_videos/IhoXleQ5yy8_1.mp4,train,True,30.0,105,300,300,3.5
Ii2bgYmdoQo,vegetable preservation,15.0,process,True,/home/dipshikha/Music/cao/CISLR_v1.5-a_videos/Ii2bgYmdoQo.mp4,train,True,25.0,370,300,300,14.8
IiAx8ef2Rwo,hidden file,6.0,utility item,True,/home/dipshikha/Music/cao/CISLR_v1.5-a_videos/IiAx8ef2Rwo.mp4,train,True,24.0,120,300,300,5.0
IihwJw1jkfA_1,allotment,11.0,banking,True,/home/dipshikha/Music/cao/CISLR_v1.5-a_videos/IihwJw1jkfA_1.mp4,train,True,30.0,150,300,300,5.0
IijA65GKXKc,surgeon,5.0,profession,True,/home/dipshikha/Music/cao/CISLR_v1.5-a_videos/IijA65GKXKc.mp4,train,True,25.0,117,300,300,4.68
IioAwnwu91s,mali,3.0,geography,True,/home/dipshikha/Music/cao/CISLR_v1.5-a_videos/IioAwnwu91s.mp4,train,True,25.0,56,300,300,2.24
Iiz4Zy_pAGA_2,voltmeter,10.0,instrument,True,/home/dipshikha/Music/cao/CISLR_v1.5-a_videos/Iiz4Zy_pAGA_2.mp4,train,True,30.0,122,300,300,4.066666666666666
IjJkyhtkX58,numpad,12.0,computer,True,/home/dipshikha/Music/cao/CISLR_v1.5-a_videos/IjJkyhtkX58.mp4,train,True,25.0,300,300,300,12.0
Iji2l3tYxHc,today,3.0,time,True,/home/dipshikha/Music/cao/CISLR_v1.5-a_videos/Iji2l3tYxHc.mp4,test,True,25.0,62,300,300,2.48
IjyH501MJjY_1,agra,5.0,geography,True,/home/dipshikha/Music/cao/CISLR_v1.5-a_videos/IjyH501MJjY_1.mp4,test,True,25.0,63,300,300,2.52
IkEVVymlfjk,non access,14.0,abstract,True,/home/dipshikha/Music/cao/CISLR_v1.5-a_videos/IkEVVymlfjk.mp4,train,True,25.0,345,300,300,13.8
Ika-iBJ4-Ns,wash,4.0,action,True,/home/dipshikha/Music/cao/CISLR_v1.5-a_videos/Ika-iBJ4-Ns.mp4,test,True,25.0,90,300,300,3.6
IkmV2lTGHL8_1,under review,6.0,process,True,/home/dipshikha/Music/cao/CISLR_v1.5-a_videos/IkmV2lTGHL8_1.mp4,train,True,30.0,90,300,300,3.0
Il9Z5pMnfDo,cheque,5.0,banking,True,/home/dipshikha/Music/cao/CISLR_v1.5-a_videos/Il9Z5pMnfDo.mp4,test,True,25.0,120,300,300,4.8
IlFz5jLv0HA,christian,6.0,religious,True,/home/dipshikha/Music/cao/CISLR_v1.5-a_videos/IlFz5jLv0HA.mp4,test,True,25.0,135,300,300,5.4
IlO3fdD1Ytk,shoulder,4.0,biology,True,/home/dipshikha/Music/cao/CISLR_v1.5-a_videos/IlO3fdD1Ytk.mp4,test,True,25.0,95,300,300,3.8
IljBrnpRkLI,over,5.0,spatial position,True,/home/dipshikha/Music/cao/CISLR_v1.5-a_videos/IljBrnpRkLI.mp4,test,True,25.0,123,300,300,4.92
IommKlI9JqQ_1,feel,6.0,sensation,True,/home/dipshikha/Music/cao/CISLR_v1.5-a_videos/IommKlI9JqQ_1.mp4,train,True,25.0,63,300,300,2.52
IphLasWnRHk_1,bank,5.0,banking,True,/home/dipshikha/Music/cao/CISLR_v1.5-a_videos/IphLasWnRHk_1.mp4,train,True,25.0,63,300,300,2.52
Iplh792WyLM,flower for beautification,8.0,flora and fauna,True,/home/dipshikha/Music/cao/CISLR_v1.5-a_videos/Iplh792WyLM.mp4,train,True,24.0,187,300,300,7.791666666666667
Ipvw2kyzr_w_1,final accounts,10.0,banking,True,/home/dipshikha/Music/cao/CISLR_v1.5-a_videos/Ipvw2kyzr_w_1.mp4,train,True,30.0,150,300,300,5.0
IqAQQves3xE,essel world,5.0,entertainment,True,/home/dipshikha/Music/cao/CISLR_v1.5-a_videos/IqAQQves3xE.mp4,train,True,25.0,107,300,300,4.28
IqVx7zjG9s0_1,hill,9.0,geography,True,/home/dipshikha/Music/cao/CISLR_v1.5-a_videos/IqVx7zjG9s0_1.mp4,train,True,25.0,100,300,300,4.0
Iqjt_znBgeE,gas stove,4.0,instrument,True,/home/dipshikha/Music/cao/CISLR_v1.5-a_videos/Iqjt_znBgeE.mp4,test,True,25.0,100,300,300,4.0
Ir-Qe2kkROw,wifi,4.0,internet,True,/home/dipshikha/Music/cao/CISLR_v1.5-a_videos/Ir-Qe2kkROw.mp4,test,True,25.0,97,300,300,3.88
IsvFw88fne8,shillong,4.0,geography,True,/home/dipshikha/Music/cao/CISLR_v1.5-a_videos/IsvFw88fne8.mp4,train,True,25.0,98,300,300,3.92
ItV99Fhz1X8_1,merger,8.0,organisation,True,/home/dipshikha/Music/cao/CISLR_v1.5-a_videos/ItV99Fhz1X8_1.mp4,train,True,30.0,120,300,300,4.0
ItvaPW9FnxE,algeria,4.0,geography,True,/home/dipshikha/Music/cao/CISLR_v1.5-a_videos/ItvaPW9FnxE.mp4,train,True,25.0,90,300,300,3.6
Iu0WhShkyw0,pause,6.0,time,True,/home/dipshikha/Music/cao/CISLR_v1.5-a_videos/Iu0WhShkyw0.mp4,test,True,25.0,138,300,300,5.52
Iu1aKegaeek,funeral,9.0,event,True,/home/dipshikha/Music/cao/CISLR_v1.5-a_videos/Iu1aKegaeek.mp4,train,True,30.0,101,300,300,3.3666666666666667
IuIV6N8k4Ik_1,thursday,6.0,time,True,/home/dipshikha/Music/cao/CISLR_v1.5-a_videos/IuIV6N8k4Ik_1.mp4,test,True,30.0,75,300,300,2.5
Iub1Yb-tOAI,video,3.0,computer,True,/home/dipshikha/Music/cao/CISLR_v1.5-a_videos/Iub1Yb-tOAI.mp4,train,True,25.0,72,300,300,2.88
IvHyCTGWTOc,biased,8.0,attribute,True,/home/dipshikha/Music/cao/CISLR_v1.5-a_videos/IvHyCTGWTOc.mp4,train,True,25.0,195,300,300,7.8
IvWnYjnrMZg_1,himachal pradesh,7.0,geography,True,/home/dipshikha/Music/cao/CISLR_v1.5-a_videos/IvWnYjnrMZg_1.mp4,train,True,25.0,88,300,300,3.52
IwjaiMCqRSk,cinema,4.0,entertainment,True,/home/dipshikha/Music/cao/CISLR_v1.5-a_videos/IwjaiMCqRSk.mp4,train,True,25.0,97,300,300,3.88
IxDZyvc3cRM,president,4.0,authority,True,/home/dipshikha/Music/cao/CISLR_v1.5-a_videos/IxDZyvc3cRM.mp4,train,True,25.0,92,300,300,3.68
IylKyQ_81Zo,licence,15.0,legal,True,/home/dipshikha/Music/cao/CISLR_v1.5-a_videos/IylKyQ_81Zo.mp4,train,True,25.0,369,300,300,14.76
Iz9sVAKjbMU_1,iron,7.0,metal and minerals,True,/home/dipshikha/Music/cao/CISLR_v1.5-a_videos/Iz9sVAKjbMU_1.mp4,test,True,30.0,105,300,300,3.5
IzIT4zP2sTU,parameter,8.0,computer,True,/home/dipshikha/Music/cao/CISLR_v1.5-a_videos/IzIT4zP2sTU.mp4,train,True,25.0,192,300,300,7.68
J06ynDbTJDY,mtnl,5.0,organisation,True,/home/dipshikha/Music/cao/CISLR_v1.5-a_videos/J06ynDbTJDY.mp4,train,True,25.0,108,300,300,4.32
J0D4SC4WJQQ_1,institute,7.0,organisation,True,/home/dipshikha/Music/cao/CISLR_v1.5-a_videos/J0D4SC4WJQQ_1.mp4,train,True,30.0,90,300,300,3.0
J0Jx4BIuGn0,television,4.0,electronic and electrical,True,/home/dipshikha/Music/cao/CISLR_v1.5-a_videos/J0Jx4BIuGn0.mp4,train,True,25.0,90,300,300,3.6
J0OaU0o7cL8,pond on the basis of situation,14.0,geography,True,/home/dipshikha/Music/cao/CISLR_v1.5-a_videos/J0OaU0o7cL8.mp4,train,True,24.0,326,300,300,13.583333333333334
J0vgYiSZ0Zk_1,profit,7.0,banking,True,/home/dipshikha/Music/cao/CISLR_v1.5-a_videos/J0vgYiSZ0Zk_1.mp4,test,True,25.0,75,300,300,3.0
J36iHjTW6Jo,reward,4.0,miscellaneous object,True,/home/dipshikha/Music/cao/CISLR_v1.5-a_videos/J36iHjTW6Jo.mp4,test,True,25.0,78,300,300,3.12
J3BJa0TWc8U_1,incompetence,7.0,attribute,True,/home/dipshikha/Music/cao/CISLR_v1.5-a_videos/J3BJa0TWc8U_1.mp4,train,True,30.0,105,300,300,3.5
J4G3ltp807A,notify,5.0,action,True,/home/dipshikha/Music/cao/CISLR_v1.5-a_videos/J4G3ltp807A.mp4,test,True,25.0,102,300,300,4.08
J6YkOCzKPpA_1,coconut,7.0,foods and drinks,True,/home/dipshikha/Music/cao/CISLR_v1.5-a_videos/J6YkOCzKPpA_1.mp4,test,True,25.0,88,300,300,3.52
J79s05Z0NZ8,whatever,3.0,abstract,True,/home/dipshikha/Music/cao/CISLR_v1.5-a_videos/J79s05Z0NZ8.mp4,train,True,25.0,68,300,300,2.72
J7Bq-xjpcvs_1,leader,7.0,authority,True,/home/dipshikha/Music/cao/CISLR_v1.5-a_videos/J7Bq-xjpcvs_1.mp4,train,True,25.0,75,300,300,3.0
J81k9pkL1tg,tvs bike,5.0,transport,True,/home/dipshikha/Music/cao/CISLR_v1.5-a_videos/J81k9pkL1tg.mp4,train,True,25.0,121,300,300,4.84
J84aAikfD88,sweater,4.0,wearable,True,/home/dipshikha/Music/cao/CISLR_v1.5-a_videos/J84aAikfD88.mp4,test,True,25.0,95,300,300,3.8
J9ZYf-S-gNI,wall garden,15.0,construction,True,/home/dipshikha/Music/cao/CISLR_v1.5-a_videos/J9ZYf-S-gNI.mp4,train,True,25.0,364,300,300,14.56
J9rhbSDTm4w_1,black,8.0,quality,True,/home/dipshikha/Music/cao/CISLR_v1.5-a_videos/J9rhbSDTm4w_1.mp4,train,True,30.0,120,300,300,4.0
JAoQ3a0DIXQ,spanner,9.0,instrument,True,/home/dipshikha/Music/cao/CISLR_v1.5-a_videos/JAoQ3a0DIXQ.mp4,train,True,25.0,204,300,300,8.16
JAvrviPNIOI_1,illiterate,7.0,education,True,/home/dipshikha/Music/cao/CISLR_v1.5-a_videos/JAvrviPNIOI_1.mp4,train,True,25.0,75,300,300,3.0
JBO4vOeqQxs_1,parent,10.0,relation,True,/home/dipshikha/Music/cao/CISLR_v1.5-a_videos/JBO4vOeqQxs_1.mp4,train,True,30.0,150,300,300,5.0
JC80hJOObmg,mango,4.0,foods and drinks,True,/home/dipshikha/Music/cao/CISLR_v1.5-a_videos/JC80hJOObmg.mp4,train,True,25.0,77,300,300,3.08
JD1NFsUtYrg_1,pan,8.0,utility item,True,/home/dipshikha/Music/cao/CISLR_v1.5-a_videos/JD1NFsUtYrg_1.mp4,test,True,30.0,105,300,300,3.5
JDFAUSbxIhk_2,compare,8.0,process,True,/home/dipshikha/Music/cao/CISLR_v1.5-a_videos/JDFAUSbxIhk_2.mp4,train,True,30.0,84,300,300,2.8
JDvfWq3CAAU_1,kangaroo,6.0,flora and fauna,True,/home/dipshikha/Music/cao/CISLR_v1.5-a_videos/JDvfWq3CAAU_1.mp4,train,True,30.0,90,300,300,3.0
JE_6hkeERgY,donkey,5.0,flora and fauna,True,/home/dipshikha/Music/cao/CISLR_v1.5-a_videos/JE_6hkeERgY.mp4,train,True,25.0,103,300,300,4.12
JFVB97UDh6o,category,4.0,abstract,True,/home/dipshikha/Music/cao/CISLR_v1.5-a_videos/JFVB97UDh6o.mp4,train,True,25.0,95,300,300,3.8
JFrHbTIRXp0_1,hard,7.0,quality,True,/home/dipshikha/Music/cao/CISLR_v1.5-a_videos/JFrHbTIRXp0_1.mp4,test,True,25.0,75,300,300,3.0
JG9WnZMN5ZA_1,account suit filed,12.0,banking,True,/home/dipshikha/Music/cao/CISLR_v1.5-a_videos/JG9WnZMN5ZA_1.mp4,train,True,30.0,165,300,300,5.5
JGDj06htv-A_1,few,5.0,quantity,True,/home/dipshikha/Music/cao/CISLR_v1.5-a_videos/JGDj06htv-A_1.mp4,test,True,25.0,63,300,300,2.52
JGiAZZ8byeU_1,forget,7.0,action,True,/home/dipshikha/Music/cao/CISLR_v1.5-a_videos/JGiAZZ8byeU_1.mp4,test,True,25.0,75,300,300,3.0
JGmPOUUxRzE,stairs,4.0,construction,True,/home/dipshikha/Music/cao/CISLR_v1.5-a_videos/JGmPOUUxRzE.mp4,train,True,25.0,95,300,300,3.8
JHK7flaSzzM,applause,4.0,action,True,/home/dipshikha/Music/cao/CISLR_v1.5-a_videos/JHK7flaSzzM.mp4,train,True,25.0,85,300,300,3.4
JHh44ooGaY4,school bag,4.0,utility item,True,/home/dipshikha/Music/cao/CISLR_v1.5-a_videos/JHh44ooGaY4.mp4,train,True,25.0,84,300,300,3.36
JHyzbf0wbL0,youtube,5.0,internet,True,/home/dipshikha/Music/cao/CISLR_v1.5-a_videos/JHyzbf0wbL0.mp4,train,True,25.0,114,300,300,4.56
JIm7aysFevs_1,order,7.0,action,True,/home/dipshikha/Music/cao/CISLR_v1.5-a_videos/JIm7aysFevs_1.mp4,train,True,25.0,75,300,300,3.0
JJ2y6sfvlUA_1,tongs,7.0,instrument,True,/home/dipshikha/Music/cao/CISLR_v1.5-a_videos/JJ2y6sfvlUA_1.mp4,test,True,30.0,90,300,300,3.0
JJ4iKa2vdoM_1,floor,8.0,construction,True,/home/dipshikha/Music/cao/CISLR_v1.5-a_videos/JJ4iKa2vdoM_1.mp4,test,True,30.0,120,300,300,4.0
JJamPbb5o_A,same,4.0,comparator,True,/home/dipshikha/Music/cao/CISLR_v1.5-a_videos/JJamPbb5o_A.mp4,test,True,25.0,78,300,300,3.12
JKKejwob7W8_1,eye,6.0,biology,True,/home/dipshikha/Music/cao/CISLR_v1.5-a_videos/JKKejwob7W8_1.mp4,train,True,30.0,90,300,300,3.0
JLwyU0Pd35Y,tolerate,5.0,behavior,True,/home/dipshikha/Music/cao/CISLR_v1.5-a_videos/JLwyU0Pd35Y.mp4,train,True,25.0,107,300,300,4.28
JMafDHZmr8s_1,recruitment,6.0,action,True,/home/dipshikha/Music/cao/CISLR_v1.5-a_videos/JMafDHZmr8s_1.mp4,train,True,30.0,90,300,300,3.0
JN0xDQF2NWs,tunic,10.0,wearable,True,/home/dipshikha/Music/cao/CISLR_v1.5-a_videos/JN0xDQF2NWs.mp4,train,True,25.0,229,300,300,9.16
JO6xA9yQgUA,track ball,13.0,action,True,/home/dipshikha/Music/cao/CISLR_v1.5-a_videos/JO6xA9yQgUA.mp4,train,True,25.0,318,300,300,12.72
JPGOxP4NRRw_1,stitch,7.0,process,True,/home/dipshikha/Music/cao/CISLR_v1.5-a_videos/JPGOxP4NRRw_1.mp4,train,True,25.0,75,300,300,3.0
JPvEO-Q1N08,personal,4.0,relation,True,/home/dipshikha/Music/cao/CISLR_v1.5-a_videos/JPvEO-Q1N08.mp4,train,True,25.0,95,300,300,3.8
JQ0W7D0nvlY,starve,7.0,action,True,/home/dipshikha/Music/cao/CISLR_v1.5-a_videos/JQ0W7D0nvlY.mp4,train,True,25.0,160,300,300,6.4
JRE6SRmb_yI_2,clockwise,11.0,spatial position,True,/home/dipshikha/Music/cao/CISLR_v1.5-a_videos/JRE6SRmb_yI_2.mp4,train,True,30.0,135,300,300,4.5
JSEGoqKaQM0,job,5.0,profession,True,/home/dipshikha/Music/cao/CISLR_v1.5-a_videos/JSEGoqKaQM0.mp4,train,True,25.0,121,300,300,4.84
JSf7HjXTT78_1,yellow,10.0,attribute,True,/home/dipshikha/Music/cao/CISLR_v1.5-a_videos/JSf7HjXTT78_1.mp4,test,True,30.0,150,300,300,5.0
JSgfX7o3cCI_1,cow,7.0,flora and fauna,True,/home/dipshikha/Music/cao/CISLR_v1.5-a_videos/JSgfX7o3cCI_1.mp4,test,True,30.0,90,300,300,3.0
JTfbRXxg4mU_1,false,7.0,abstract,True,/home/dipshikha/Music/cao/CISLR_v1.5-a_videos/JTfbRXxg4mU_1.mp4,test,True,30.0,90,300,300,3.0
JUMBB2W1Q94,glue,4.0,substance,True,/home/dipshikha/Music/cao/CISLR_v1.5-a_videos/JUMBB2W1Q94.mp4,train,True,25.0,76,300,300,3.04
JVplYs4HTtE,piping,12.0,wearable,True,/home/dipshikha/Music/cao/CISLR_v1.5-a_videos/JVplYs4HTtE.mp4,train,True,25.0,288,300,300,11.52
JW9yPJ2REK0_1,difficult,5.0,attribute,True,/home/dipshikha/Music/cao/CISLR_v1.5-a_videos/JW9yPJ2REK0_1.mp4,train,True,25.0,63,300,300,2.52
JWG3G2AfAO4_1,cement,6.0,construction,True,/home/dipshikha/Music/cao/CISLR_v1.5-a_videos/JWG3G2AfAO4_1.mp4,train,True,25.0,75,300,300,3.0
JWbMe5M36V8,aquatic plants of various colour,13.0,flora and fauna,True,/home/dipshikha/Music/cao/CISLR_v1.5-a_videos/JWbMe5M36V8.mp4,train,True,25.0,304,300,300,12.16
JWsKWK1W9q4_1,regret,7.0,emotion,True,/home/dipshikha/Music/cao/CISLR_v1.5-a_videos/JWsKWK1W9q4_1.mp4,train,True,25.0,88,300,300,3.52
JXkN1Nb0WmI_1,gloves,6.0,wearable,True,/home/dipshikha/Music/cao/CISLR_v1.5-a_videos/JXkN1Nb0WmI_1.mp4,test,True,25.0,75,300,300,3.0
JXtbhw70wpY_1,credit,10.0,banking,True,/home/dipshikha/Music/cao/CISLR_v1.5-a_videos/JXtbhw70wpY_1.mp4,train,True,30.0,150,300,300,5.0
JYvB-eiJP-I,catch,4.0,action,True,/home/dipshikha/Music/cao/CISLR_v1.5-a_videos/JYvB-eiJP-I.mp4,train,True,25.0,77,300,300,3.08
JZLbNmS3Lu4_1,duck,7.0,flora and fauna,True,/home/dipshikha/Music/cao/CISLR_v1.5-a_videos/JZLbNmS3Lu4_1.mp4,test,True,30.0,90,300,300,3.0
JZRAOigBYnM,personality,12.0,attribute,True,/home/dipshikha/Music/cao/CISLR_v1.5-a_videos/JZRAOigBYnM.mp4,train,True,25.0,293,300,300,11.72
JZtlpCJqR-M_1,delegate,10.0,authority,True,/home/dipshikha/Music/cao/CISLR_v1.5-a_videos/JZtlpCJqR-M_1.mp4,train,True,30.0,135,300,300,4.5
J_iH6uAoAJM,orissa,4.0,geography,True,/home/dipshikha/Music/cao/CISLR_v1.5-a_videos/J_iH6uAoAJM.mp4,train,True,25.0,99,300,300,3.96
JabTaO_zQ-M_2,key,7.0,utility item,True,/home/dipshikha/Music/cao/CISLR_v1.5-a_videos/JabTaO_zQ-M_2.mp4,test,True,30.0,78,300,300,2.6
Jarh1WMa868_1,happy,7.0,emotion,True,/home/dipshikha/Music/cao/CISLR_v1.5-a_videos/Jarh1WMa868_1.mp4,train,True,30.0,90,300,300,3.0
Jaw_nTMEwzY_1,gossip,6.0,action,True,/home/dipshikha/Music/cao/CISLR_v1.5-a_videos/Jaw_nTMEwzY_1.mp4,train,True,25.0,63,300,300,2.52
JbG_KfmEYm4_1,script,9.0,readable,True,/home/dipshikha/Music/cao/CISLR_v1.5-a_videos/JbG_KfmEYm4_1.mp4,train,True,30.0,120,300,300,4.0
JckFhrO4KD0_1,ramzan,9.0,event,True,/home/dipshikha/Music/cao/CISLR_v1.5-a_videos/JckFhrO4KD0_1.mp4,train,True,25.0,100,300,300,4.0
Jd-pxhXGefA_1,stop gap,6.0,quantity,True,/home/dipshikha/Music/cao/CISLR_v1.5-a_videos/Jd-pxhXGefA_1.mp4,train,True,30.0,90,300,300,3.0
Jd3to2MXy6s,medal,5.0,utility item,True,/home/dipshikha/Music/cao/CISLR_v1.5-a_videos/Jd3to2MXy6s.mp4,train,True,25.0,101,300,300,4.04
Je-ZDJTfVsw_1,promise,7.0,action,True,/home/dipshikha/Music/cao/CISLR_v1.5-a_videos/Je-ZDJTfVsw_1.mp4,train,True,30.0,105,300,300,3.5
JeJLv2tM3nY_1,breakfast,6.0,foods and drinks,True,/home/dipshikha/Music/cao/CISLR_v1.5-a_videos/JeJLv2tM3nY_1.mp4,train,True,25.0,75,300,300,3.0
Jedn1-9fyXw,bridegroom,9.0,human,True,/home/dipshikha/Music/cao/CISLR_v1.5-a_videos/Jedn1-9fyXw.mp4,train,True,25.0,217,300,300,8.68
Jh4PPOr7tjo,annual plants,14.0,flora and fauna,True,/home/dipshikha/Music/cao/CISLR_v1.5-a_videos/Jh4PPOr7tjo.mp4,train,True,24.0,330,300,300,13.75
JiPwL-4i6Uo_1,establishment,9.0,organisation,True,/home/dipshikha/Music/cao/CISLR_v1.5-a_videos/JiPwL-4i6Uo_1.mp4,train,True,30.0,135,300,300,4.5
JjDVZDpPjbc,store,4.0,action,True,/home/dipshikha/Music/cao/CISLR_v1.5-a_videos/JjDVZDpPjbc.mp4,train,True,25.0,84,300,300,3.36
JjQDPdI82Tw_1,twins,9.0,biology,True,/home/dipshikha/Music/cao/CISLR_v1.5-a_videos/JjQDPdI82Tw_1.mp4,test,True,30.0,135,300,300,4.5
Jm23ZwhmPlQ,clumsy,12.0,behavior,True,/home/dipshikha/Music/cao/CISLR_v1.5-a_videos/Jm23ZwhmPlQ.mp4,train,True,25.0,291,300,300,11.64
Jm2j6rZhGXo,delicious,5.0,attribute,True,/home/dipshikha/Music/cao/CISLR_v1.5-a_videos/Jm2j6rZhGXo.mp4,train,True,25.0,124,300,300,4.96
Jm8OXSwWnCY,audi,6.0,organisation,True,/home/dipshikha/Music/cao/CISLR_v1.5-a_videos/Jm8OXSwWnCY.mp4,train,True,25.0,144,300,300,5.76
JmBmx8jNivk,classification of vegetables,9.0,action,True,/home/dipshikha/Music/cao/CISLR_v1.5-a_videos/JmBmx8jNivk.mp4,train,True,25.0,209,300,300,8.36
JmPgvxIFzGE,oriental bank of commerce,6.0,organisation,True,/home/dipshikha/Music/cao/CISLR_v1.5-a_videos/JmPgvxIFzGE.mp4,train,True,24.0,120,300,300,5.0
JmsjCb19HB4_1,coffee,6.0,foods and drinks,True,/home/dipshikha/Music/cao/CISLR_v1.5-a_videos/JmsjCb19HB4_1.mp4,train,True,25.0,63,300,300,2.52
Jn9jwPcSKag,plate,5.0,utility item,True,/home/dipshikha/Music/cao/CISLR_v1.5-a_videos/Jn9jwPcSKag.mp4,test,True,25.0,124,300,300,4.96
JqBJjFOxuLk,dithering,12.0,sound,True,/home/dipshikha/Music/cao/CISLR_v1.5-a_videos/JqBJjFOxuLk.mp4,train,True,24.0,275,300,300,11.458333333333334
JqPK7r2pB_8_2,south,7.0,spatial position,True,/home/dipshikha/Music/cao/CISLR_v1.5-a_videos/JqPK7r2pB_8_2.mp4,train,True,30.0,74,300,300,2.466666666666667
JqUNaUjxigE,job,6.0,profession,True,/home/dipshikha/Music/cao/CISLR_v1.5-a_videos/JqUNaUjxigE.mp4,test,True,25.0,126,300,300,5.04
JqZFdQuy3QU,false flooring,9.0,construction,True,/home/dipshikha/Music/cao/CISLR_v1.5-a_videos/JqZFdQuy3QU.mp4,train,True,25.0,205,300,300,8.2
JqwXMlzSPoM,poultry feeds,13.0,flora and fauna,True,/home/dipshikha/Music/cao/CISLR_v1.5-a_videos/JqwXMlzSPoM.mp4,train,True,24.0,299,300,300,12.458333333333334
JsdNgRcC4wU_1,bring,6.0,action,True,/home/dipshikha/Music/cao/CISLR_v1.5-a_videos/JsdNgRcC4wU_1.mp4,train,True,25.0,63,300,300,2.52
JtWmt2W6g-4_1,immovable property,8.0,legal,True,/home/dipshikha/Music/cao/CISLR_v1.5-a_videos/JtWmt2W6g-4_1.mp4,train,True,30.0,105,300,300,3.5
Jtk0QePDuds_1,sofa,7.0,utility item,True,/home/dipshikha/Music/cao/CISLR_v1.5-a_videos/Jtk0QePDuds_1.mp4,train,True,30.0,105,300,300,3.5
JtykP_hFReg,message,4.0,readable,True,/home/dipshikha/Music/cao/CISLR_v1.5-a_videos/JtykP_hFReg.mp4,train,True,25.0,93,300,300,3.72
JumxHKPgPsw,shark,6.0,flora and fauna,True,/home/dipshikha/Music/cao/CISLR_v1.5-a_videos/JumxHKPgPsw.mp4,train,True,25.0,136,300,300,5.44
JvZwKXBG8sQ_1,predecessor,10.0,stage,True,/home/dipshikha/Music/cao/CISLR_v1.5-a_videos/JvZwKXBG8sQ_1.mp4,train,True,30.0,135,300,300,4.5
JwE82vJ5lF4,sweet lime,4.0,foods and drinks,True,/home/dipshikha/Music/cao/CISLR_v1.5-a_videos/JwE82vJ5lF4.mp4,train,True,25.0,87,300,300,3.48
JwvgzR8JBQw,leaf,4.0,flora and fauna,True,/home/dipshikha/Music/cao/CISLR_v1.5-a_videos/JwvgzR8JBQw.mp4,test,True,25.0,90,300,300,3.6
JxEGnvLxNu4_2,contraction,9.0,physics,True,/home/dipshikha/Music/cao/CISLR_v1.5-a_videos/JxEGnvLxNu4_2.mp4,train,True,30.0,102,300,300,3.4
JxiY9s8T8eg,drainage,15.0,miscellaneous object,True,/home/dipshikha/Music/cao/CISLR_v1.5-a_videos/JxiY9s8T8eg.mp4,train,True,25.0,350,300,300,14.0
JyAbrgrmXFQ,drip irrigation,14.0,process,True,/home/dipshikha/Music/cao/CISLR_v1.5-a_videos/JyAbrgrmXFQ.mp4,train,True,24.0,332,300,300,13.833333333333334
JybAScc2Ppo_1,speech therapist,7.0,profession,True,/home/dipshikha/Music/cao/CISLR_v1.5-a_videos/JybAScc2Ppo_1.mp4,train,True,25.0,75,300,300,3.0
JzyZDgP62tM_1,refrigerater,7.0,utility item,True,/home/dipshikha/Music/cao/CISLR_v1.5-a_videos/JzyZDgP62tM_1.mp4,train,True,30.0,90,300,300,3.0
K-cAmlbGqqE_1,direct appointment,8.0,authority,True,/home/dipshikha/Music/cao/CISLR_v1.5-a_videos/K-cAmlbGqqE_1.mp4,train,True,30.0,105,300,300,3.5
K0EyqFbG2N0_1,charge sheet,11.0,banking,True,/home/dipshikha/Music/cao/CISLR_v1.5-a_videos/K0EyqFbG2N0_1.mp4,train,True,30.0,150,300,300,5.0
K0VsSQMEtMU,west bengal,4.0,geography,True,/home/dipshikha/Music/cao/CISLR_v1.5-a_videos/K0VsSQMEtMU.mp4,train,True,25.0,94,300,300,3.76
K1N6oh0nYvo_1,faith,6.0,abstract,True,/home/dipshikha/Music/cao/CISLR_v1.5-a_videos/K1N6oh0nYvo_1.mp4,train,True,30.0,90,300,300,3.0
K3pj5alsYHc,valley,5.0,geography,True,/home/dipshikha/Music/cao/CISLR_v1.5-a_videos/K3pj5alsYHc.mp4,test,True,25.0,114,300,300,4.56
K4bb2bBt1uY,same,4.0,comparator,True,/home/dipshikha/Music/cao/CISLR_v1.5-a_videos/K4bb2bBt1uY.mp4,test,True,25.0,96,300,300,3.84
K5K6_yItMbc,hill garden,12.0,geography,True,/home/dipshikha/Music/cao/CISLR_v1.5-a_videos/K5K6_yItMbc.mp4,train,True,25.0,287,300,300,11.48
K5qR4GaiYqc,form,7.0,readable,True,/home/dipshikha/Music/cao/CISLR_v1.5-a_videos/K5qR4GaiYqc.mp4,test,True,25.0,166,300,300,6.64
K5xvRicYsgQ,agricultural robot,15.0,electronic and electrical,True,/home/dipshikha/Music/cao/CISLR_v1.5-a_videos/K5xvRicYsgQ.mp4,train,True,24.0,336,300,300,14.0
K6ef6wLNV6A_2,negative error,9.0,math,True,/home/dipshikha/Music/cao/CISLR_v1.5-a_videos/K6ef6wLNV6A_2.mp4,train,True,30.0,99,300,300,3.3
K8Se1Eiyqq8_2,vaccum,11.0,physics,True,/home/dipshikha/Music/cao/CISLR_v1.5-a_videos/K8Se1Eiyqq8_2.mp4,train,True,30.0,138,300,300,4.6
K9BFoOaBA18_1,body,6.0,biology,True,/home/dipshikha/Music/cao/CISLR_v1.5-a_videos/K9BFoOaBA18_1.mp4,test,True,30.0,75,300,300,2.5
KAkggm-5ApA_2,merchant,9.0,profession,True,/home/dipshikha/Music/cao/CISLR_v1.5-a_videos/KAkggm-5ApA_2.mp4,train,True,30.0,120,300,300,4.0
KAsaLUHY0y4,former,5.0,comparator,True,/home/dipshikha/Music/cao/CISLR_v1.5-a_videos/KAsaLUHY0y4.mp4,train,True,25.0,119,300,300,4.76
KAyF64u5G0w,english,4.0,language,True,/home/dipshikha/Music/cao/CISLR_v1.5-a_videos/KAyF64u5G0w.mp4,test,True,24.0,89,300,300,3.7083333333333335
KB2cTekqy38,flower for controlling soil erosion,11.0,flora and fauna,True,/home/dipshikha/Music/cao/CISLR_v1.5-a_videos/KB2cTekqy38.mp4,train,True,24.0,260,300,300,10.833333333333334
KBfrB3Kx5Kw_1,always,6.0,time,True,/home/dipshikha/Music/cao/CISLR_v1.5-a_videos/KBfrB3Kx5Kw_1.mp4,train,True,25.0,75,300,300,3.0
KCFYiQAly-Q_1,fare,9.0,banking,True,/home/dipshikha/Music/cao/CISLR_v1.5-a_videos/KCFYiQAly-Q_1.mp4,train,True,30.0,120,300,300,4.0
KDUJ4CR6_dE,panaji,4.0,geography,True,/home/dipshikha/Music/cao/CISLR_v1.5-a_videos/KDUJ4CR6_dE.mp4,test,True,25.0,92,300,300,3.68
KD_mAE7nypI,manager,6.0,profession,True,/home/dipshikha/Music/cao/CISLR_v1.5-a_videos/KD_mAE7nypI.mp4,train,True,25.0,144,300,300,5.76
KEa28LtX2W4_1,mixer,7.0,machine,True,/home/dipshikha/Music/cao/CISLR_v1.5-a_videos/KEa28LtX2W4_1.mp4,test,True,30.0,90,300,300,3.0
KEcsIGtSp88_1,chennai,6.0,geography,True,/home/dipshikha/Music/cao/CISLR_v1.5-a_videos/KEcsIGtSp88_1.mp4,test,True,25.0,63,300,300,2.52
KEhIkzsFVhk_2,eletronegative force,10.0,physics,True,/home/dipshikha/Music/cao/CISLR_v1.5-a_videos/KEhIkzsFVhk_2.mp4,train,True,30.0,122,300,300,4.066666666666666
KF_6TkQc5Ag_2,beaker,8.0,chemistry,True,/home/dipshikha/Music/cao/CISLR_v1.5-a_videos/KF_6TkQc5Ag_2.mp4,train,True,29.916666666666668,87,300,300,2.9080779944289694
KG_OHYYtnoQ_1,red,10.0,abstract,True,/home/dipshikha/Music/cao/CISLR_v1.5-a_videos/KG_OHYYtnoQ_1.mp4,test,True,30.0,135,300,300,4.5
KGd-YJ5cDTM,paper,5.0,utility item,True,/home/dipshikha/Music/cao/CISLR_v1.5-a_videos/KGd-YJ5cDTM.mp4,train,True,25.0,102,300,300,4.08
KHbIUov_fKY,noun,6.0,language,True,/home/dipshikha/Music/cao/CISLR_v1.5-a_videos/KHbIUov_fKY.mp4,test,True,25.0,134,300,300,5.36
KIoc3qEV7No_1,outstanding,10.0,quality,True,/home/dipshikha/Music/cao/CISLR_v1.5-a_videos/KIoc3qEV7No_1.mp4,train,True,30.0,135,300,300,4.5
KJl7MI-S9ag_1,verification,8.0,legal,True,/home/dipshikha/Music/cao/CISLR_v1.5-a_videos/KJl7MI-S9ag_1.mp4,train,True,30.0,105,300,300,3.5
KKOqbdFgAgo,nutrition,13.0,medical,True,/home/dipshikha/Music/cao/CISLR_v1.5-a_videos/KKOqbdFgAgo.mp4,train,True,25.0,310,300,300,12.4
KKPPaj3WuIM_1,sitar,7.0,instrument,True,/home/dipshikha/Music/cao/CISLR_v1.5-a_videos/KKPPaj3WuIM_1.mp4,train,True,25.0,75,300,300,3.0
KKXbxgBsRoQ_1,mistake,6.0,abstract,True,/home/dipshikha/Music/cao/CISLR_v1.5-a_videos/KKXbxgBsRoQ_1.mp4,train,True,30.0,90,300,300,3.0
KKfE1JlLal8_1,basketball,6.0,sport,True,/home/dipshikha/Music/cao/CISLR_v1.5-a_videos/KKfE1JlLal8_1.mp4,train,True,25.0,63,300,300,2.52
KLWmJJC8WvA,millionaire,6.0,behavior,True,/home/dipshikha/Music/cao/CISLR_v1.5-a_videos/KLWmJJC8WvA.mp4,train,True,25.0,148,300,300,5.92
KLpXMM5NiYQ,triangle,4.0,math,True,/home/dipshikha/Music/cao/CISLR_v1.5-a_videos/KLpXMM5NiYQ.mp4,test,True,25.0,79,300,300,3.16
KMAl51jbqD8_1,nose stud,5.0,wearable,True,/home/dipshikha/Music/cao/CISLR_v1.5-a_videos/KMAl51jbqD8_1.mp4,train,True,25.0,63,300,300,2.52
KMB0F5vWexE_1,during,6.0,time,True,/home/dipshikha/Music/cao/CISLR_v1.5-a_videos/KMB0F5vWexE_1.mp4,test,True,25.0,63,300,300,2.52
KN6wMRGjxGk,government,4.0,authority,True,/home/dipshikha/Music/cao/CISLR_v1.5-a_videos/KN6wMRGjxGk.mp4,train,True,25.0,98,300,300,3.92
KNYxG5Owm6Y_1,unclaimed,9.0,banking,True,/home/dipshikha/Music/cao/CISLR_v1.5-a_videos/KNYxG5Owm6Y_1.mp4,train,True,30.0,150,300,300,5.0
KNZbdGWxDfw,outside,3.0,spatial position,True,/home/dipshikha/Music/cao/CISLR_v1.5-a_videos/KNZbdGWxDfw.mp4,train,True,25.0,68,300,300,2.72
KNepaNAPVHM,apiculture bee keeping,15.0,profession,True,/home/dipshikha/Music/cao/CISLR_v1.5-a_videos/KNepaNAPVHM.mp4,train,True,24.0,349,300,300,14.541666666666666
KNshT57aEW8_1,spill,5.0,action,True,/home/dipshikha/Music/cao/CISLR_v1.5-a_videos/KNshT57aEW8_1.mp4,train,True,25.0,63,300,300,2.52
KO4tS6VabH0_1,lazy,8.0,attribute,True,/home/dipshikha/Music/cao/CISLR_v1.5-a_videos/KO4tS6VabH0_1.mp4,train,True,30.0,105,300,300,3.5
KOn9NUTFkp8_1,glass,7.0,substance,True,/home/dipshikha/Music/cao/CISLR_v1.5-a_videos/KOn9NUTFkp8_1.mp4,train,True,30.0,105,300,300,3.5
KP83EtWUOqQ_2,minimum,8.0,comparator,True,/home/dipshikha/Music/cao/CISLR_v1.5-a_videos/KP83EtWUOqQ_2.mp4,test,True,30.0,71,300,300,2.3666666666666667
KPIxtz5y-AQ,paytm,4.0,banking,True,/home/dipshikha/Music/cao/CISLR_v1.5-a_videos/KPIxtz5y-AQ.mp4,test,True,25.0,95,300,300,3.8
KRiQ8XKAhxY_1,bone,8.0,medical,True,/home/dipshikha/Music/cao/CISLR_v1.5-a_videos/KRiQ8XKAhxY_1.mp4,train,True,30.0,105,300,300,3.5
KRnfvBZ_V14,doubt,4.0,attribute,True,/home/dipshikha/Music/cao/CISLR_v1.5-a_videos/KRnfvBZ_V14.mp4,train,True,25.0,91,300,300,3.64
KT6xge7oPak_2,distribution,11.0,action,True,/home/dipshikha/Music/cao/CISLR_v1.5-a_videos/KT6xge7oPak_2.mp4,train,True,30.0,153,300,300,5.1
KTCV2tyighk_1,toast,5.0,action,True,/home/dipshikha/Music/cao/CISLR_v1.5-a_videos/KTCV2tyighk_1.mp4,train,True,25.0,63,300,300,2.52
KTNP8wR6a_I,sharpening stone,11.0,instrument,True,/home/dipshikha/Music/cao/CISLR_v1.5-a_videos/KTNP8wR6a_I.mp4,train,True,25.0,253,300,300,10.12
KU3jXLCl5ng,snow,6.0,weather,True,/home/dipshikha/Music/cao/CISLR_v1.5-a_videos/KU3jXLCl5ng.mp4,train,True,25.0,132,300,300,5.28
KVIEAqtUyxE_1,soldier,7.0,profession,True,/home/dipshikha/Music/cao/CISLR_v1.5-a_videos/KVIEAqtUyxE_1.mp4,test,True,25.0,88,300,300,3.52
KVe4agrfeOA_1,fingers,9.0,human,True,/home/dipshikha/Music/cao/CISLR_v1.5-a_videos/KVe4agrfeOA_1.mp4,test,True,30.0,150,300,300,5.0
KVhmMplAyTE_1,ghost,6.0,religious,True,/home/dipshikha/Music/cao/CISLR_v1.5-a_videos/KVhmMplAyTE_1.mp4,train,True,25.0,63,300,300,2.52
KVnMqcijBkQ_1,pretend,7.0,action,True,/home/dipshikha/Music/cao/CISLR_v1.5-a_videos/KVnMqcijBkQ_1.mp4,train,True,25.0,75,300,300,3.0
KVxHxFu6C1U,relay race,4.0,event,True,/home/dipshikha/Music/cao/CISLR_v1.5-a_videos/KVxHxFu6C1U.mp4,test,True,25.0,85,300,300,3.4
KXNl6DtK84A,jamun,5.0,foods and drinks,True,/home/dipshikha/Music/cao/CISLR_v1.5-a_videos/KXNl6DtK84A.mp4,train,True,25.0,115,300,300,4.6
KXnSguJGdN8,sorry,4.0,greeting,True,/home/dipshikha/Music/cao/CISLR_v1.5-a_videos/KXnSguJGdN8.mp4,test,True,25.0,85,300,300,3.4
KXzzVhXY0F4_1,light,6.0,physics,True,/home/dipshikha/Music/cao/CISLR_v1.5-a_videos/KXzzVhXY0F4_1.mp4,test,True,30.0,90,300,300,3.0
KYU0N1_c7so_1,cremate,12.0,action,True,/home/dipshikha/Music/cao/CISLR_v1.5-a_videos/KYU0N1_c7so_1.mp4,test,True,30.0,165,300,300,5.5
KYWyFwglnCE,mouthwash,5.0,substance,True,/home/dipshikha/Music/cao/CISLR_v1.5-a_videos/KYWyFwglnCE.mp4,train,True,25.0,113,300,300,4.52
KYknqu3Sq8o,bump cutter,10.0,construction,True,/home/dipshikha/Music/cao/CISLR_v1.5-a_videos/KYknqu3Sq8o.mp4,train,True,25.0,234,300,300,9.36
KYqKLRfxPQs_1,sunrise,8.0,event,True,/home/dipshikha/Music/cao/CISLR_v1.5-a_videos/KYqKLRfxPQs_1.mp4,train,True,25.0,88,300,300,3.52
KZkI_RcaNjI_1,rajasthan,7.0,geography,True,/home/dipshikha/Music/cao/CISLR_v1.5-a_videos/KZkI_RcaNjI_1.mp4,train,True,25.0,88,300,300,3.52
K_d8eu4SgG0_1,explain,6.0,action,True,/home/dipshikha/Music/cao/CISLR_v1.5-a_videos/K_d8eu4SgG0_1.mp4,test,True,25.0,75,300,300,3.0
K_lfla-AAV4,compass surveying,13.0,process,True,/home/dipshikha/Music/cao/CISLR_v1.5-a_videos/K_lfla-AAV4.mp4,train,True,24.0,300,300,300,12.5
KbF95Py-dZI,crawler loader,6.0,machine,True,/home/dipshikha/Music/cao/CISLR_v1.5-a_videos/KbF95Py-dZI.mp4,train,True,25.0,126,300,300,5.04
Kb_ozOWxAfQ_1,my,7.0,language,True,/home/dipshikha/Music/cao/CISLR_v1.5-a_videos/Kb_ozOWxAfQ_1.mp4,test,True,25.0,75,300,300,3.0
KbmqszvRUmQ,policy,5.0,legal,True,/home/dipshikha/Music/cao/CISLR_v1.5-a_videos/KbmqszvRUmQ.mp4,test,True,25.0,104,300,300,4.16
KcJguZ4bFWU_1,what time,6.0,abstract,True,/home/dipshikha/Music/cao/CISLR_v1.5-a_videos/KcJguZ4bFWU_1.mp4,train,True,25.0,63,300,300,2.52
KcNbuobK5GI,skating,5.0,sport,True,/home/dipshikha/Music/cao/CISLR_v1.5-a_videos/KcNbuobK5GI.mp4,train,True,25.0,117,300,300,4.68
KcxcXM11Lmo,mushroom,4.0,foods and drinks,True,/home/dipshikha/Music/cao/CISLR_v1.5-a_videos/KcxcXM11Lmo.mp4,train,True,25.0,84,300,300,3.36
KeXpYtzYCGo_2,random,8.0,abstract,True,/home/dipshikha/Music/cao/CISLR_v1.5-a_videos/KeXpYtzYCGo_2.mp4,train,True,30.0,93,300,300,3.1
KfY5FcxSBFk_2,globe,9.0,geography,True,/home/dipshikha/Music/cao/CISLR_v1.5-a_videos/KfY5FcxSBFk_2.mp4,train,True,30.0,103,300,300,3.433333333333333
KfqRU_5sing,guinea,4.0,geography,True,/home/dipshikha/Music/cao/CISLR_v1.5-a_videos/KfqRU_5sing.mp4,train,True,25.0,86,300,300,3.44
Kh30NOSJmBc,fornication,15.0,action,True,/home/dipshikha/Music/cao/CISLR_v1.5-a_videos/Kh30NOSJmBc.mp4,train,True,25.0,351,300,300,14.04
KhHs-1AePDw,bless,5.0,action,True,/home/dipshikha/Music/cao/CISLR_v1.5-a_videos/KhHs-1AePDw.mp4,train,True,25.0,120,300,300,4.8
KicAz88jtLU_1,tariff,7.0,legal,True,/home/dipshikha/Music/cao/CISLR_v1.5-a_videos/KicAz88jtLU_1.mp4,train,True,30.0,105,300,300,3.5
KicV8fyFj2U_2,voit,8.0,metric,True,/home/dipshikha/Music/cao/CISLR_v1.5-a_videos/KicV8fyFj2U_2.mp4,train,True,30.0,81,300,300,2.7
KjuOnxtgNrs_1,touch,6.0,sensation,True,/home/dipshikha/Music/cao/CISLR_v1.5-a_videos/KjuOnxtgNrs_1.mp4,test,True,25.0,63,300,300,2.52
KkLXMOjfW1M_1,bihar,6.0,geography,True,/home/dipshikha/Music/cao/CISLR_v1.5-a_videos/KkLXMOjfW1M_1.mp4,train,True,25.0,75,300,300,3.0
KlLTWfYX95g,milling cutter convex,6.0,instrument,True,/home/dipshikha/Music/cao/CISLR_v1.5-a_videos/KlLTWfYX95g.mp4,train,True,25.0,149,300,300,5.96
Km1_9ZLW-w0,query,4.0,abstract,True,/home/dipshikha/Music/cao/CISLR_v1.5-a_videos/Km1_9ZLW-w0.mp4,train,True,25.0,95,300,300,3.8
Km4I-9zMWD4,soil survey,12.0,geography,True,/home/dipshikha/Music/cao/CISLR_v1.5-a_videos/Km4I-9zMWD4.mp4,train,True,24.0,275,300,300,11.458333333333334
KmAO72itjok_1,crow,8.0,flora and fauna,True,/home/dipshikha/Music/cao/CISLR_v1.5-a_videos/KmAO72itjok_1.mp4,train,True,30.0,105,300,300,3.5
KnE_y9wziOc,cherry,4.0,foods and drinks,True,/home/dipshikha/Music/cao/CISLR_v1.5-a_videos/KnE_y9wziOc.mp4,train,True,25.0,89,300,300,3.56
Ko2hEXvMWB4_1,jaundice,8.0,biology,True,/home/dipshikha/Music/cao/CISLR_v1.5-a_videos/Ko2hEXvMWB4_1.mp4,train,True,30.0,120,300,300,4.0
KoMeOserJ2M,burn,5.0,sensation,True,/home/dipshikha/Music/cao/CISLR_v1.5-a_videos/KoMeOserJ2M.mp4,train,True,25.0,102,300,300,4.08
KoixXkIyiUM_2,bulb,8.0,utility item,True,/home/dipshikha/Music/cao/CISLR_v1.5-a_videos/KoixXkIyiUM_2.mp4,train,True,30.0,95,300,300,3.1666666666666665
KotGJithHPs,asphyxia,13.0,medical,True,/home/dipshikha/Music/cao/CISLR_v1.5-a_videos/KotGJithHPs.mp4,train,True,25.0,323,300,300,12.92
KqdHyxm3XDA,amazon,5.0,organisation,True,/home/dipshikha/Music/cao/CISLR_v1.5-a_videos/KqdHyxm3XDA.mp4,test,True,25.0,102,300,300,4.08
Ks0qQY_4_zo_1,vigilance,7.0,behavior,True,/home/dipshikha/Music/cao/CISLR_v1.5-a_videos/Ks0qQY_4_zo_1.mp4,train,True,30.0,105,300,300,3.5
KsNrhfiqWHc,weave,4.0,process,True,/home/dipshikha/Music/cao/CISLR_v1.5-a_videos/KsNrhfiqWHc.mp4,train,True,25.0,100,300,300,4.0
KsbMoTA5Rvk,comfortable,5.0,sensation,True,/home/dipshikha/Music/cao/CISLR_v1.5-a_videos/KsbMoTA5Rvk.mp4,train,True,25.0,108,300,300,4.32
Ksqo7pUZGnM_1,trust,6.0,emotion,True,/home/dipshikha/Music/cao/CISLR_v1.5-a_videos/Ksqo7pUZGnM_1.mp4,train,True,30.0,90,300,300,3.0
Kt4-ijSTM58,chart,5.0,readable,True,/home/dipshikha/Music/cao/CISLR_v1.5-a_videos/Kt4-ijSTM58.mp4,train,True,25.0,125,300,300,5.0
KtYQWbd8c2c,weak,3.0,quality,True,/home/dipshikha/Music/cao/CISLR_v1.5-a_videos/KtYQWbd8c2c.mp4,test,True,25.0,65,300,300,2.6
KtjbWweEkKE,paragraph,11.0,language,True,/home/dipshikha/Music/cao/CISLR_v1.5-a_videos/KtjbWweEkKE.mp4,test,True,25.0,258,300,300,10.32
Ku52vuQCoak_2,echo,11.0,action,True,/home/dipshikha/Music/cao/CISLR_v1.5-a_videos/Ku52vuQCoak_2.mp4,train,True,30.0,132,300,300,4.4
KuG1qosmz1w,on cloud nine,15.0,emotion,True,/home/dipshikha/Music/cao/CISLR_v1.5-a_videos/KuG1qosmz1w.mp4,train,True,25.0,370,300,300,14.8
KuwgdEpM9Bw_1,electrician,7.0,profession,True,/home/dipshikha/Music/cao/CISLR_v1.5-a_videos/KuwgdEpM9Bw_1.mp4,train,True,25.0,75,300,300,3.0
Kx46yWsDfrU,build,7.0,action,True,/home/dipshikha/Music/cao/CISLR_v1.5-a_videos/Kx46yWsDfrU.mp4,train,True,25.0,152,300,300,6.08
Kxj8mG2kNCc,mother,3.0,relation,True,/home/dipshikha/Music/cao/CISLR_v1.5-a_videos/Kxj8mG2kNCc.mp4,test,True,25.0,71,300,300,2.84
Ky8LfzgWGDU,very hot,4.0,weather,True,/home/dipshikha/Music/cao/CISLR_v1.5-a_videos/Ky8LfzgWGDU.mp4,train,True,25.0,91,300,300,3.64
KzcNcvmdfUc_1,classification,11.0,action,True,/home/dipshikha/Music/cao/CISLR_v1.5-a_videos/KzcNcvmdfUc_1.mp4,train,True,30.0,165,300,300,5.5
L-u8WLA5E18_1,decide,7.0,action,True,/home/dipshikha/Music/cao/CISLR_v1.5-a_videos/L-u8WLA5E18_1.mp4,test,True,30.0,90,300,300,3.0
L0C9pyt3Iv0_1,chickoo,7.0,foods and drinks,True,/home/dipshikha/Music/cao/CISLR_v1.5-a_videos/L0C9pyt3Iv0_1.mp4,train,True,25.0,75,300,300,3.0
L0J8OikrRXQ_1,competition,8.0,event,True,/home/dipshikha/Music/cao/CISLR_v1.5-a_videos/L0J8OikrRXQ_1.mp4,train,True,30.0,120,300,300,4.0
L0dm0QB0XNc_1,receive,6.0,action,True,/home/dipshikha/Music/cao/CISLR_v1.5-a_videos/L0dm0QB0XNc_1.mp4,train,True,25.0,75,300,300,3.0
L1n0OnAH5YU,samsung mobile,5.0,electronic and electrical,True,/home/dipshikha/Music/cao/CISLR_v1.5-a_videos/L1n0OnAH5YU.mp4,train,True,25.0,121,300,300,4.84
L2Kvwf8SEvE,transparent,4.0,attribute,True,/home/dipshikha/Music/cao/CISLR_v1.5-a_videos/L2Kvwf8SEvE.mp4,train,True,25.0,92,300,300,3.68
L2skBcrtvU4_1,sikh,6.0,religious,True,/home/dipshikha/Music/cao/CISLR_v1.5-a_videos/L2skBcrtvU4_1.mp4,train,True,25.0,63,300,300,2.52
L37McuHckSI,good morning,4.0,greeting,True,/home/dipshikha/Music/cao/CISLR_v1.5-a_videos/L37McuHckSI.mp4,train,True,25.0,91,300,300,3.64
L3YJkEmPbaY_1,sparrow,8.0,flora and fauna,True,/home/dipshikha/Music/cao/CISLR_v1.5-a_videos/L3YJkEmPbaY_1.mp4,train,True,30.0,105,300,300,3.5
L3zllm-N0pA_1,amount,8.0,banking,True,/home/dipshikha/Music/cao/CISLR_v1.5-a_videos/L3zllm-N0pA_1.mp4,test,True,30.0,120,300,300,4.0
L42e09-GlGE_1,australia,7.0,geography,True,/home/dipshikha/Music/cao/CISLR_v1.5-a_videos/L42e09-GlGE_1.mp4,test,True,25.0,75,300,300,3.0
L4iyGvSJbBU,arm hole,12.0,wearable,True,/home/dipshikha/Music/cao/CISLR_v1.5-a_videos/L4iyGvSJbBU.mp4,train,True,25.0,277,300,300,11.08
L4q4_7OOznw,goa,4.0,geography,True,/home/dipshikha/Music/cao/CISLR_v1.5-a_videos/L4q4_7OOznw.mp4,train,True,25.0,99,300,300,3.96
L5LPezmVNTY,honey,5.0,foods and drinks,True,/home/dipshikha/Music/cao/CISLR_v1.5-a_videos/L5LPezmVNTY.mp4,train,True,24.0,104,300,300,4.333333333333333
L5N6iSUREkg_1,point,8.0,math,True,/home/dipshikha/Music/cao/CISLR_v1.5-a_videos/L5N6iSUREkg_1.mp4,test,True,30.0,120,300,300,4.0
L6opOP8-MB4_1,account,10.0,banking,True,/home/dipshikha/Music/cao/CISLR_v1.5-a_videos/L6opOP8-MB4_1.mp4,train,True,30.0,150,300,300,5.0
L77Jvnk92gI,reception,14.0,behavior,True,/home/dipshikha/Music/cao/CISLR_v1.5-a_videos/L77Jvnk92gI.mp4,train,True,25.0,346,300,300,13.84
L8RxN_IwuxU,marigold,5.0,flora and fauna,True,/home/dipshikha/Music/cao/CISLR_v1.5-a_videos/L8RxN_IwuxU.mp4,train,True,25.0,121,300,300,4.84
L8btjcJoJMQ_1,time limit,12.0,time,True,/home/dipshikha/Music/cao/CISLR_v1.5-a_videos/L8btjcJoJMQ_1.mp4,train,True,30.0,165,300,300,5.5
L9tJKkCTWfs_1,another,6.0,group,True,/home/dipshikha/Music/cao/CISLR_v1.5-a_videos/L9tJKkCTWfs_1.mp4,train,True,25.0,63,300,300,2.52
L9zst1EDfWQ,report,3.0,metric,True,/home/dipshikha/Music/cao/CISLR_v1.5-a_videos/L9zst1EDfWQ.mp4,train,True,25.0,71,300,300,2.84
LAMyZKIAF9c,millilitre,6.0,metric,True,/home/dipshikha/Music/cao/CISLR_v1.5-a_videos/LAMyZKIAF9c.mp4,train,True,25.0,132,300,300,5.28
LAT-u9Ww5ZU,yes,4.0,comparator,True,/home/dipshikha/Music/cao/CISLR_v1.5-a_videos/LAT-u9Ww5ZU.mp4,train,True,25.0,86,300,300,3.44
LAxFz0h8jVA,asia,5.0,geography,True,/home/dipshikha/Music/cao/CISLR_v1.5-a_videos/LAxFz0h8jVA.mp4,train,True,25.0,116,300,300,4.64
LBDJe5RV0Is_2,society marketing,10.0,commerce,True,/home/dipshikha/Music/cao/CISLR_v1.5-a_videos/LBDJe5RV0Is_2.mp4,train,True,30.0,138,300,300,4.6
LBHkQz5_AX8_1,top management,11.0,comparator,True,/home/dipshikha/Music/cao/CISLR_v1.5-a_videos/LBHkQz5_AX8_1.mp4,train,True,30.0,165,300,300,5.5
LBjLmVz_ae0_1,telephone,7.0,electronic and electrical,True,/home/dipshikha/Music/cao/CISLR_v1.5-a_videos/LBjLmVz_ae0_1.mp4,test,True,25.0,75,300,300,3.0
LCM-nxFhJA8,actuary,4.0,profession,True,/home/dipshikha/Music/cao/CISLR_v1.5-a_videos/LCM-nxFhJA8.mp4,train,True,25.0,94,300,300,3.76
LCT8D8alG48_1,credit voucher,12.0,banking,True,/home/dipshikha/Music/cao/CISLR_v1.5-a_videos/LCT8D8alG48_1.mp4,train,True,30.0,180,300,300,6.0
LEU5wPrJOEE_2,virtual image,9.0,physics,True,/home/dipshikha/Music/cao/CISLR_v1.5-a_videos/LEU5wPrJOEE_2.mp4,train,True,30.0,105,300,300,3.5
LEkQofDsLww_1,lend,6.0,banking,True,/home/dipshikha/Music/cao/CISLR_v1.5-a_videos/LEkQofDsLww_1.mp4,train,True,25.0,75,300,300,3.0
LEqwMyWAVG0_1,computerisation,8.0,computer,True,/home/dipshikha/Music/cao/CISLR_v1.5-a_videos/LEqwMyWAVG0_1.mp4,train,True,30.0,105,300,300,3.5
LFAMKxEzB_g,hot air balloon,5.0,transport,True,/home/dipshikha/Music/cao/CISLR_v1.5-a_videos/LFAMKxEzB_g.mp4,train,True,25.0,109,300,300,4.36
LFFS1Hdq7cA_1,lunch,6.0,foods and drinks,True,/home/dipshikha/Music/cao/CISLR_v1.5-a_videos/LFFS1Hdq7cA_1.mp4,test,True,25.0,63,300,300,2.52
LFzg2ex5OPs_2,perfect,9.0,attribute,True,/home/dipshikha/Music/cao/CISLR_v1.5-a_videos/LFzg2ex5OPs_2.mp4,train,True,30.0,97,300,300,3.2333333333333334
LG9lvVHK-xA,target,4.0,abstract,True,/home/dipshikha/Music/cao/CISLR_v1.5-a_videos/LG9lvVHK-xA.mp4,train,True,25.0,79,300,300,3.16
LGWGD0eoxFg,chickenpox,4.0,medical,True,/home/dipshikha/Music/cao/CISLR_v1.5-a_videos/LGWGD0eoxFg.mp4,train,True,25.0,84,300,300,3.36
LH_-eRo-vYw,points,4.0,math,True,/home/dipshikha/Music/cao/CISLR_v1.5-a_videos/LH_-eRo-vYw.mp4,train,True,25.0,95,300,300,3.8
LIZdSKzcc7c_2,electromagnet,8.0,physics,True,/home/dipshikha/Music/cao/CISLR_v1.5-a_videos/LIZdSKzcc7c_2.mp4,train,True,30.0,93,300,300,3.1
LJDiOMjjmgQ_1,inefficient,8.0,quality,True,/home/dipshikha/Music/cao/CISLR_v1.5-a_videos/LJDiOMjjmgQ_1.mp4,train,True,30.0,105,300,300,3.5
LJErvGH5rVU_1,bug,6.0,flora and fauna,True,/home/dipshikha/Music/cao/CISLR_v1.5-a_videos/LJErvGH5rVU_1.mp4,test,True,30.0,75,300,300,2.5
LJZaMf1NGs0,snake,4.0,flora and fauna,True,/home/dipshikha/Music/cao/CISLR_v1.5-a_videos/LJZaMf1NGs0.mp4,test,True,25.0,91,300,300,3.64
LKNKVzQj9S4_1,rubber,7.0,utility item,True,/home/dipshikha/Music/cao/CISLR_v1.5-a_videos/LKNKVzQj9S4_1.mp4,test,True,30.0,90,300,300,3.0
LLRVhSkiGkc,judge,8.0,authority,True,/home/dipshikha/Music/cao/CISLR_v1.5-a_videos/LLRVhSkiGkc.mp4,test,True,25.0,192,300,300,7.68
LLZBIVJyAW8_1,open dated,9.0,time,True,/home/dipshikha/Music/cao/CISLR_v1.5-a_videos/LLZBIVJyAW8_1.mp4,train,True,30.0,135,300,300,4.5
LMiCwHGzWWY,multi storey building,7.0,construction,True,/home/dipshikha/Music/cao/CISLR_v1.5-a_videos/LMiCwHGzWWY.mp4,train,True,25.0,158,300,300,6.32
LNGTLVpK9pY,family court,15.0,legal,True,/home/dipshikha/Music/cao/CISLR_v1.5-a_videos/LNGTLVpK9pY.mp4,train,True,25.0,353,300,300,14.12
LNVUK4DX5GA,wave,7.0,physics,True,/home/dipshikha/Music/cao/CISLR_v1.5-a_videos/LNVUK4DX5GA.mp4,train,True,25.0,165,300,300,6.6
LNeQmfpFxKw,lauki,5.0,foods and drinks,True,/home/dipshikha/Music/cao/CISLR_v1.5-a_videos/LNeQmfpFxKw.mp4,train,True,25.0,104,300,300,4.16
LOHFGeu_YVo_1,quote,6.0,abstract,True,/home/dipshikha/Music/cao/CISLR_v1.5-a_videos/LOHFGeu_YVo_1.mp4,train,True,25.0,63,300,300,2.52
LOJcAGPKq50,thirty,5.0,math,True,/home/dipshikha/Music/cao/CISLR_v1.5-a_videos/LOJcAGPKq50.mp4,train,True,25.0,121,300,300,4.84
LPASkvwrEhg_1,emoluments,9.0,banking,True,/home/dipshikha/Music/cao/CISLR_v1.5-a_videos/LPASkvwrEhg_1.mp4,train,True,30.0,120,300,300,4.0
LRAKP8hKHTs_1,snow,9.0,weather,True,/home/dipshikha/Music/cao/CISLR_v1.5-a_videos/LRAKP8hKHTs_1.mp4,test,True,25.0,113,300,300,4.52
LRgu4y1wgyM_1,sculpture,6.0,miscellaneous object,True,/home/dipshikha/Music/cao/CISLR_v1.5-a_videos/LRgu4y1wgyM_1.mp4,train,True,25.0,63,300,300,2.52
LSrto7ULuac,trust,4.0,emotion,True,/home/dipshikha/Music/cao/CISLR_v1.5-a_videos/LSrto7ULuac.mp4,test,True,25.0,78,300,300,3.12
LSysLOgMsG8_1,search,8.0,action,True,/home/dipshikha/Music/cao/CISLR_v1.5-a_videos/LSysLOgMsG8_1.mp4,test,True,25.0,88,300,300,3.52
LUZ-fo_p2eM,kiss,5.0,action,True,/home/dipshikha/Music/cao/CISLR_v1.5-a_videos/LUZ-fo_p2eM.mp4,train,True,25.0,111,300,300,4.44
LUwTvq8IlG8_1,wrong,6.0,comparator,True,/home/dipshikha/Music/cao/CISLR_v1.5-a_videos/LUwTvq8IlG8_1.mp4,train,True,30.0,90,300,300,3.0
LVelMSPoeIk_2,stepup transformer,12.0,physics,True,/home/dipshikha/Music/cao/CISLR_v1.5-a_videos/LVelMSPoeIk_2.mp4,train,True,30.0,162,300,300,5.4
LVoWdSuY_DA,broom,5.0,utility item,True,/home/dipshikha/Music/cao/CISLR_v1.5-a_videos/LVoWdSuY_DA.mp4,train,True,25.0,103,300,300,4.12
LVqnqzIAFGg,jammu & kashmir,5.0,geography,True,/home/dipshikha/Music/cao/CISLR_v1.5-a_videos/LVqnqzIAFGg.mp4,train,True,25.0,108,300,300,4.32
LVx3EA_f0yo_1,shave,7.0,action,True,/home/dipshikha/Music/cao/CISLR_v1.5-a_videos/LVx3EA_f0yo_1.mp4,train,True,25.0,75,300,300,3.0
LWiXmjFqjIU_1,bread,6.0,foods and drinks,True,/home/dipshikha/Music/cao/CISLR_v1.5-a_videos/LWiXmjFqjIU_1.mp4,train,True,25.0,63,300,300,2.52
LY35ZmX5ZKA_1,nest,7.0,flora and fauna,True,/home/dipshikha/Music/cao/CISLR_v1.5-a_videos/LY35ZmX5ZKA_1.mp4,train,True,30.0,90,300,300,3.0
LY6maLw5JZg,bajaj bike,5.0,transport,True,/home/dipshikha/Music/cao/CISLR_v1.5-a_videos/LY6maLw5JZg.mp4,train,True,25.0,108,300,300,4.32
LYQL5Is2IP0,without,5.0,abstract,True,/home/dipshikha/Music/cao/CISLR_v1.5-a_videos/LYQL5Is2IP0.mp4,test,True,25.0,105,300,300,4.2
LYRpKbuXtw8,drug,4.0,substance,True,/home/dipshikha/Music/cao/CISLR_v1.5-a_videos/LYRpKbuXtw8.mp4,test,True,25.0,77,300,300,3.08
LYaC4yU2_AE,online shopping,4.0,internet,True,/home/dipshikha/Music/cao/CISLR_v1.5-a_videos/LYaC4yU2_AE.mp4,train,True,25.0,80,300,300,3.2
LYfzb9LaUHw_2,earth,8.0,geography,True,/home/dipshikha/Music/cao/CISLR_v1.5-a_videos/LYfzb9LaUHw_2.mp4,test,True,30.0,100,300,300,3.333333333333333
LYrq1Zc046M_2,tuning fork,9.0,physics,True,/home/dipshikha/Music/cao/CISLR_v1.5-a_videos/LYrq1Zc046M_2.mp4,train,True,30.0,102,300,300,3.4
LZNIKt_FVwI_1,earn,6.0,profession,True,/home/dipshikha/Music/cao/CISLR_v1.5-a_videos/LZNIKt_FVwI_1.mp4,test,True,25.0,75,300,300,3.0
LZXA3I9E1gM,tool,5.0,instrument,True,/home/dipshikha/Music/cao/CISLR_v1.5-a_videos/LZXA3I9E1gM.mp4,train,True,25.0,120,300,300,4.8
LZheGIIbAGs_2,final,7.0,stage,True,/home/dipshikha/Music/cao/CISLR_v1.5-a_videos/LZheGIIbAGs_2.mp4,train,True,30.0,74,300,300,2.466666666666667
LZreqlssnWQ_1,love,7.0,emotion,True,/home/dipshikha/Music/cao/CISLR_v1.5-a_videos/LZreqlssnWQ_1.mp4,train,True,25.0,75,300,300,3.0
LashuTkELEo_2,alternate current,8.0,physics,True,/home/dipshikha/Music/cao/CISLR_v1.5-a_videos/LashuTkELEo_2.mp4,test,True,30.0,90,300,300,3.0
LbxSV8unB9M_1,afternoon,6.0,time,True,/home/dipshikha/Music/cao/CISLR_v1.5-a_videos/LbxSV8unB9M_1.mp4,train,True,30.0,75,300,300,2.5
LcIgsxb9F1Y_1,birth,9.0,stage,True,/home/dipshikha/Music/cao/CISLR_v1.5-a_videos/LcIgsxb9F1Y_1.mp4,test,True,30.0,120,300,300,4.0
Ld5T9glcT2k_1,things,6.0,miscellaneous object,True,/home/dipshikha/Music/cao/CISLR_v1.5-a_videos/Ld5T9glcT2k_1.mp4,test,True,30.0,90,300,300,3.0
Ld9qDys95es,jellyfish,5.0,flora and fauna,True,/home/dipshikha/Music/cao/CISLR_v1.5-a_videos/Ld9qDys95es.mp4,train,True,25.0,104,300,300,4.16
LdB-xdR0WlM_2,cold,7.0,sensation,True,/home/dipshikha/Music/cao/CISLR_v1.5-a_videos/LdB-xdR0WlM_2.mp4,test,True,30.0,72,300,300,2.4
LdEwOck6U_w_2,thermal,8.0,wearable,True,/home/dipshikha/Music/cao/CISLR_v1.5-a_videos/LdEwOck6U_w_2.mp4,train,True,30.0,90,300,300,3.0
LdYbstdYCR8,bmw,5.0,organisation,True,/home/dipshikha/Music/cao/CISLR_v1.5-a_videos/LdYbstdYCR8.mp4,train,True,25.0,121,300,300,4.84
LdhMy2tqQB4_2,in lieu of,8.0,comparator,True,/home/dipshikha/Music/cao/CISLR_v1.5-a_videos/LdhMy2tqQB4_2.mp4,train,True,30.0,116,300,300,3.8666666666666663
LeIkWWTH__A_1,quotation,8.0,abstract,True,/home/dipshikha/Music/cao/CISLR_v1.5-a_videos/LeIkWWTH__A_1.mp4,train,True,30.0,105,300,300,3.5
LeRzzzBBsmU,graft,5.0,biology,True,/home/dipshikha/Music/cao/CISLR_v1.5-a_videos/LeRzzzBBsmU.mp4,train,True,25.0,105,300,300,4.2
LfNnApnUb0k,yamaha bike,4.0,transport,True,/home/dipshikha/Music/cao/CISLR_v1.5-a_videos/LfNnApnUb0k.mp4,train,True,25.0,97,300,300,3.88
LfYldiPt7Uw_1,holy,8.0,religious,True,/home/dipshikha/Music/cao/CISLR_v1.5-a_videos/LfYldiPt7Uw_1.mp4,train,True,25.0,88,300,300,3.52
LfeTLkxBG30,skirt,3.0,wearable,True,/home/dipshikha/Music/cao/CISLR_v1.5-a_videos/LfeTLkxBG30.mp4,test,True,25.0,65,300,300,2.6
LfpizDfWhns_1,query,7.0,abstract,True,/home/dipshikha/Music/cao/CISLR_v1.5-a_videos/LfpizDfWhns_1.mp4,test,True,30.0,90,300,300,3.0
Lh8YfU2MNWc_1,experience,5.0,abstract,True,/home/dipshikha/Music/cao/CISLR_v1.5-a_videos/Lh8YfU2MNWc_1.mp4,train,True,25.0,50,300,300,2.0
LiMHHFhjutc,son,3.0,relation,True,/home/dipshikha/Music/cao/CISLR_v1.5-a_videos/LiMHHFhjutc.mp4,train,True,25.0,75,300,300,3.0
LipF082b75I,pinking shears,9.0,instrument,True,/home/dipshikha/Music/cao/CISLR_v1.5-a_videos/LipF082b75I.mp4,train,True,25.0,216,300,300,8.64
Lj9L7fUElLE,match,4.0,event,True,/home/dipshikha/Music/cao/CISLR_v1.5-a_videos/Lj9L7fUElLE.mp4,train,True,25.0,81,300,300,3.24
LjoBu4KD33Y,complain,4.0,process,True,/home/dipshikha/Music/cao/CISLR_v1.5-a_videos/LjoBu4KD33Y.mp4,test,True,25.0,99,300,300,3.96
LjwZPYHjqds,tripura,5.0,geography,True,/home/dipshikha/Music/cao/CISLR_v1.5-a_videos/LjwZPYHjqds.mp4,test,True,25.0,102,300,300,4.08
LjxomDXWlSU_1,hindu undivided family,11.0,group,True,/home/dipshikha/Music/cao/CISLR_v1.5-a_videos/LjxomDXWlSU_1.mp4,train,True,30.0,150,300,300,5.0
LkAdSi8XMnA_1,map,8.0,geography,True,/home/dipshikha/Music/cao/CISLR_v1.5-a_videos/LkAdSi8XMnA_1.mp4,train,True,25.0,100,300,300,4.0
Lkztp3ZDShA,view,4.0,action,True,/home/dipshikha/Music/cao/CISLR_v1.5-a_videos/Lkztp3ZDShA.mp4,test,True,25.0,89,300,300,3.56
Ll1sRFunlD8,anti corruption law,5.0,legal,True,/home/dipshikha/Music/cao/CISLR_v1.5-a_videos/Ll1sRFunlD8.mp4,train,True,24.0,111,300,300,4.625
LlpSiou4X7w,elephant,4.0,flora and fauna,True,/home/dipshikha/Music/cao/CISLR_v1.5-a_videos/LlpSiou4X7w.mp4,train,True,25.0,100,300,300,4.0
LmFIEd0Ejq8,process,4.0,event,True,/home/dipshikha/Music/cao/CISLR_v1.5-a_videos/LmFIEd0Ejq8.mp4,test,True,25.0,93,300,300,3.72
Lngoh_uQHzw_1,month,5.0,time,True,/home/dipshikha/Music/cao/CISLR_v1.5-a_videos/Lngoh_uQHzw_1.mp4,test,True,30.0,60,300,300,2.0
LoDs7v25rTw,civil engineering,4.0,education,True,/home/dipshikha/Music/cao/CISLR_v1.5-a_videos/LoDs7v25rTw.mp4,train,True,25.0,89,300,300,3.56
LpK4vi7gyoU,dubai,5.0,geography,True,/home/dipshikha/Music/cao/CISLR_v1.5-a_videos/LpK4vi7gyoU.mp4,train,True,25.0,115,300,300,4.6
Lq13Nl5Ps58,abacus,7.0,instrument,True,/home/dipshikha/Music/cao/CISLR_v1.5-a_videos/Lq13Nl5Ps58.mp4,train,True,25.0,163,300,300,6.52
LqLnP37No_Y,switch,4.0,electronic and electrical,True,/home/dipshikha/Music/cao/CISLR_v1.5-a_videos/LqLnP37No_Y.mp4,test,True,25.0,95,300,300,3.8
Lr1RBzRU5IY,prevent,12.0,action,True,/home/dipshikha/Music/cao/CISLR_v1.5-a_videos/Lr1RBzRU5IY.mp4,train,True,25.0,282,300,300,11.28
LtKLGzkfK7k,semi aniline skin,10.0,miscellaneous object,True,/home/dipshikha/Music/cao/CISLR_v1.5-a_videos/LtKLGzkfK7k.mp4,train,True,25.0,228,300,300,9.12
Lu0AwKQ33Sw,concrete,6.0,construction,True,/home/dipshikha/Music/cao/CISLR_v1.5-a_videos/Lu0AwKQ33Sw.mp4,test,True,25.0,141,300,300,5.64
Lu_R01JQky8_1,apple,7.0,flora and fauna,True,/home/dipshikha/Music/cao/CISLR_v1.5-a_videos/Lu_R01JQky8_1.mp4,train,True,25.0,88,300,300,3.52
Lv_-f-V3ylE,slap,4.0,action,True,/home/dipshikha/Music/cao/CISLR_v1.5-a_videos/Lv_-f-V3ylE.mp4,test,True,25.0,80,300,300,3.2
LwD7BG_zdXM,reporter,7.0,profession,True,/home/dipshikha/Music/cao/CISLR_v1.5-a_videos/LwD7BG_zdXM.mp4,test,True,25.0,152,300,300,6.08
LyZNz7OHiBc,clear,4.0,attribute,True,/home/dipshikha/Music/cao/CISLR_v1.5-a_videos/LyZNz7OHiBc.mp4,train,True,25.0,81,300,300,3.24
Lypi1wvlQ5s_1,socks,6.0,wearable,True,/home/dipshikha/Music/cao/CISLR_v1.5-a_videos/Lypi1wvlQ5s_1.mp4,test,True,25.0,75,300,300,3.0
LzD3My7FOzI,professional,5.0,attribute,True,/home/dipshikha/Music/cao/CISLR_v1.5-a_videos/LzD3My7FOzI.mp4,train,True,25.0,103,300,300,4.12
M-0j7OCBolw_1,brass,9.0,metal and minerals,True,/home/dipshikha/Music/cao/CISLR_v1.5-a_videos/M-0j7OCBolw_1.mp4,train,True,30.0,120,300,300,4.0
M-aaJfrtvaA,weapon,8.0,utility item,True,/home/dipshikha/Music/cao/CISLR_v1.5-a_videos/M-aaJfrtvaA.mp4,train,True,25.0,182,300,300,7.28
M-sKe4o73uE,i don't know,4.0,action,True,/home/dipshikha/Music/cao/CISLR_v1.5-a_videos/M-sKe4o73uE.mp4,train,True,25.0,94,300,300,3.76
M0bcUWG8vrg,hyderabad,6.0,geography,True,/home/dipshikha/Music/cao/CISLR_v1.5-a_videos/M0bcUWG8vrg.mp4,train,True,25.0,136,300,300,5.44
M1qOXnG0A6s,lower court,15.0,legal,True,/home/dipshikha/Music/cao/CISLR_v1.5-a_videos/M1qOXnG0A6s.mp4,train,True,25.0,360,300,300,14.4
M24VjuHEfgo,wait,4.0,action,True,/home/dipshikha/Music/cao/CISLR_v1.5-a_videos/M24VjuHEfgo.mp4,test,True,25.0,95,300,300,3.8
M4-wk97gffk_1,debt,9.0,banking,True,/home/dipshikha/Music/cao/CISLR_v1.5-a_videos/M4-wk97gffk_1.mp4,train,True,30.0,135,300,300,4.5
M5ML0oF4VzU,can,6.0,utility item,True,/home/dipshikha/Music/cao/CISLR_v1.5-a_videos/M5ML0oF4VzU.mp4,test,True,25.0,138,300,300,5.52
M5d-xq3xJi4,manner,5.0,emotion,True,/home/dipshikha/Music/cao/CISLR_v1.5-a_videos/M5d-xq3xJi4.mp4,test,True,25.0,114,300,300,4.56
M7-RJmu46Fs_1,fumiture,11.0,utility item,True,/home/dipshikha/Music/cao/CISLR_v1.5-a_videos/M7-RJmu46Fs_1.mp4,train,True,30.0,150,300,300,5.0
M7fd9b-5J64_1,blind,6.0,medical,True,/home/dipshikha/Music/cao/CISLR_v1.5-a_videos/M7fd9b-5J64_1.mp4,train,True,25.0,63,300,300,2.52
M84ritBmcTE,egypt,4.0,geography,True,/home/dipshikha/Music/cao/CISLR_v1.5-a_videos/M84ritBmcTE.mp4,test,True,25.0,81,300,300,3.24
M9A3PKPxbdY_1,door,8.0,construction,True,/home/dipshikha/Music/cao/CISLR_v1.5-a_videos/M9A3PKPxbdY_1.mp4,test,True,30.0,105,300,300,3.5
M9dzu-DC9Yg,judaism,5.0,religious,True,/home/dipshikha/Music/cao/CISLR_v1.5-a_videos/M9dzu-DC9Yg.mp4,train,True,25.0,105,300,300,4.2
MAZVS8doD6E,learn,6.0,action,True,/home/dipshikha/Music/cao/CISLR_v1.5-a_videos/MAZVS8doD6E.mp4,test,True,25.0,138,300,300,5.52
MB7HhOsEvxk,expiry,6.0,banking,True,/home/dipshikha/Music/cao/CISLR_v1.5-a_videos/MB7HhOsEvxk.mp4,train,True,25.0,127,300,300,5.08
MBJe-opDrVg,banker,7.0,banking,True,/home/dipshikha/Music/cao/CISLR_v1.5-a_videos/MBJe-opDrVg.mp4,train,True,25.0,168,300,300,6.72
MBQiG5ZQFQM_1,angle,10.0,math,True,/home/dipshikha/Music/cao/CISLR_v1.5-a_videos/MBQiG5ZQFQM_1.mp4,train,True,30.0,150,300,300,5.0
MBpTWWSc1JE_1,science,6.0,education,True,/home/dipshikha/Music/cao/CISLR_v1.5-a_videos/MBpTWWSc1JE_1.mp4,test,True,25.0,75,300,300,3.0
MDshuUzuAQQ_1,drown,6.0,action,True,/home/dipshikha/Music/cao/CISLR_v1.5-a_videos/MDshuUzuAQQ_1.mp4,train,True,25.0,63,300,300,2.52
ME7pnv4k_l0_1,good,7.0,quality,True,/home/dipshikha/Music/cao/CISLR_v1.5-a_videos/ME7pnv4k_l0_1.mp4,test,True,30.0,90,300,300,3.0
MF1FXsA8yXw,hot,5.0,sensation,True,/home/dipshikha/Music/cao/CISLR_v1.5-a_videos/MF1FXsA8yXw.mp4,test,True,25.0,116,300,300,4.64
MFNsb1cUbDc,automatic,4.0,abstract,True,/home/dipshikha/Music/cao/CISLR_v1.5-a_videos/MFNsb1cUbDc.mp4,train,True,25.0,93,300,300,3.72
MFWHZG1Xnr4,livelihood,4.0,abstract,True,/home/dipshikha/Music/cao/CISLR_v1.5-a_videos/MFWHZG1Xnr4.mp4,test,True,25.0,80,300,300,3.2
MGPdiPWgglk_1,lgnore,5.0,action,True,/home/dipshikha/Music/cao/CISLR_v1.5-a_videos/MGPdiPWgglk_1.mp4,train,True,25.0,63,300,300,2.52
MGrjrGgjADY,rich,4.0,attribute,True,/home/dipshikha/Music/cao/CISLR_v1.5-a_videos/MGrjrGgjADY.mp4,train,True,25.0,75,300,300,3.0
MH1cXARmtE0,sequential,6.0,attribute,True,/home/dipshikha/Music/cao/CISLR_v1.5-a_videos/MH1cXARmtE0.mp4,train,True,25.0,135,300,300,5.4
MH7f6cug0zU_1,re pledge,6.0,banking,True,/home/dipshikha/Music/cao/CISLR_v1.5-a_videos/MH7f6cug0zU_1.mp4,train,True,30.0,75,300,300,2.5
MHcb7CiK_IA_1,accessories,11.0,instrument,True,/home/dipshikha/Music/cao/CISLR_v1.5-a_videos/MHcb7CiK_IA_1.mp4,train,True,30.0,150,300,300,5.0
MI2Jae1agR4,news,4.0,entertainment,True,/home/dipshikha/Music/cao/CISLR_v1.5-a_videos/MI2Jae1agR4.mp4,train,True,25.0,78,300,300,3.12
MIal50cVwM0_1,x-ray,6.0,medical,True,/home/dipshikha/Music/cao/CISLR_v1.5-a_videos/MIal50cVwM0_1.mp4,train,True,25.0,75,300,300,3.0
MJTOje2ViH4,our,4.0,relation,True,/home/dipshikha/Music/cao/CISLR_v1.5-a_videos/MJTOje2ViH4.mp4,test,True,25.0,79,300,300,3.16
MJelSVaA5KY_1,roar,5.0,sound,True,/home/dipshikha/Music/cao/CISLR_v1.5-a_videos/MJelSVaA5KY_1.mp4,train,True,30.0,60,300,300,2.0
MKSKluySI3E,timid,5.0,behavior,True,/home/dipshikha/Music/cao/CISLR_v1.5-a_videos/MKSKluySI3E.mp4,train,True,25.0,102,300,300,4.08
MKbBSGnFUPY,fluted  pleats,14.0,wearable,True,/home/dipshikha/Music/cao/CISLR_v1.5-a_videos/MKbBSGnFUPY.mp4,train,True,25.0,336,300,300,13.44
MKirgaLINXQ_1,trouble,7.0,stage,True,/home/dipshikha/Music/cao/CISLR_v1.5-a_videos/MKirgaLINXQ_1.mp4,test,True,30.0,90,300,300,3.0
MLAL7ASrh5s,pure,4.0,attribute,True,/home/dipshikha/Music/cao/CISLR_v1.5-a_videos/MLAL7ASrh5s.mp4,test,True,25.0,94,300,300,3.76
MMHxvuN8Z_0_1,job,8.0,profession,True,/home/dipshikha/Music/cao/CISLR_v1.5-a_videos/MMHxvuN8Z_0_1.mp4,test,True,30.0,120,300,300,4.0
MMrUJwt_8oQ,orange,4.0,foods and drinks,True,/home/dipshikha/Music/cao/CISLR_v1.5-a_videos/MMrUJwt_8oQ.mp4,test,True,25.0,76,300,300,3.04
MMzsqe-mNmc,qualification,4.0,abstract,True,/home/dipshikha/Music/cao/CISLR_v1.5-a_videos/MMzsqe-mNmc.mp4,test,True,25.0,96,300,300,3.84
MN2qjSNQdMg,steering wheel,6.0,utility item,True,/home/dipshikha/Music/cao/CISLR_v1.5-a_videos/MN2qjSNQdMg.mp4,train,True,24.0,136,300,300,5.666666666666667
MNCeezFR_YI,bread,4.0,foods and drinks,True,/home/dipshikha/Music/cao/CISLR_v1.5-a_videos/MNCeezFR_YI.mp4,test,True,25.0,94,300,300,3.76
MONtOZhRgek_2,positive,8.0,abstract,True,/home/dipshikha/Music/cao/CISLR_v1.5-a_videos/MONtOZhRgek_2.mp4,test,True,30.0,80,300,300,2.6666666666666665
MOW2rm7IXxg_1,solid,7.0,substance,True,/home/dipshikha/Music/cao/CISLR_v1.5-a_videos/MOW2rm7IXxg_1.mp4,train,True,25.0,75,300,300,3.0
MOu0z-QaJww_1,lay out,11.0,banking,True,/home/dipshikha/Music/cao/CISLR_v1.5-a_videos/MOu0z-QaJww_1.mp4,train,True,30.0,150,300,300,5.0
MOy1x8EroPs,bandit munger,4.0,profession,True,/home/dipshikha/Music/cao/CISLR_v1.5-a_videos/MOy1x8EroPs.mp4,train,True,24.0,71,300,300,2.958333333333333
MPCAeXe2E0c,three days after,4.0,time,True,/home/dipshikha/Music/cao/CISLR_v1.5-a_videos/MPCAeXe2E0c.mp4,train,True,25.0,86,300,300,3.44
MRcVRxcFrVE,glue gun,15.0,machine,True,/home/dipshikha/Music/cao/CISLR_v1.5-a_videos/MRcVRxcFrVE.mp4,train,True,25.0,373,300,300,14.92
MRf9vcls4eQ,restaurant,4.0,construction,True,/home/dipshikha/Music/cao/CISLR_v1.5-a_videos/MRf9vcls4eQ.mp4,train,True,25.0,95,300,300,3.8
MT8KL4XePl8_1,year calender,8.0,readable,True,/home/dipshikha/Music/cao/CISLR_v1.5-a_videos/MT8KL4XePl8_1.mp4,train,True,30.0,120,300,300,4.0
MTAoneZNzeQ,allow,3.0,action,True,/home/dipshikha/Music/cao/CISLR_v1.5-a_videos/MTAoneZNzeQ.mp4,test,True,25.0,63,300,300,2.52
MUALhjDPcdE,bank account number,4.0,banking,True,/home/dipshikha/Music/cao/CISLR_v1.5-a_videos/MUALhjDPcdE.mp4,train,True,24.0,89,300,300,3.7083333333333335
MUWVSQ7vqGE_1,supersession,9.0,action,True,/home/dipshikha/Music/cao/CISLR_v1.5-a_videos/MUWVSQ7vqGE_1.mp4,train,True,30.0,120,300,300,4.0
MVggQBRCOIw_1,september,5.0,time,True,/home/dipshikha/Music/cao/CISLR_v1.5-a_videos/MVggQBRCOIw_1.mp4,test,True,30.0,75,300,300,2.5
MWnrLOwPLqQ_1,kitchen,8.0,foods and drinks,True,/home/dipshikha/Music/cao/CISLR_v1.5-a_videos/MWnrLOwPLqQ_1.mp4,test,True,30.0,120,300,300,4.0
MXNChZEW6yI,denmark,3.0,geography,True,/home/dipshikha/Music/cao/CISLR_v1.5-a_videos/MXNChZEW6yI.mp4,train,True,25.0,74,300,300,2.96
MXmTYGHWvvE,yes,3.0,comparator,True,/home/dipshikha/Music/cao/CISLR_v1.5-a_videos/MXmTYGHWvvE.mp4,test,True,25.0,73,300,300,2.92
MY-9YI3Slvg_1,posting,7.0,readable,True,/home/dipshikha/Music/cao/CISLR_v1.5-a_videos/MY-9YI3Slvg_1.mp4,train,True,29.916666666666668,90,300,300,3.0083565459610027
MYVwYIX47wQ,never,5.0,abstract,True,/home/dipshikha/Music/cao/CISLR_v1.5-a_videos/MYVwYIX47wQ.mp4,train,True,25.0,103,300,300,4.12
MYfR4Ec-zU0_1,association,9.0,organisation,True,/home/dipshikha/Music/cao/CISLR_v1.5-a_videos/MYfR4Ec-zU0_1.mp4,test,True,30.0,120,300,300,4.0
MYjYOTXhiZs,residential building,6.0,construction,True,/home/dipshikha/Music/cao/CISLR_v1.5-a_videos/MYjYOTXhiZs.mp4,train,True,25.0,125,300,300,5.0
MZBRGZovo8A_1,punishment,5.0,action,True,/home/dipshikha/Music/cao/CISLR_v1.5-a_videos/MZBRGZovo8A_1.mp4,train,True,25.0,63,300,300,2.52
MZZ52lsCfSw,seven,4.0,math,True,/home/dipshikha/Music/cao/CISLR_v1.5-a_videos/MZZ52lsCfSw.mp4,train,True,25.0,81,300,300,3.24
MZsQzU7tOfs,ban,4.0,action,True,/home/dipshikha/Music/cao/CISLR_v1.5-a_videos/MZsQzU7tOfs.mp4,train,True,25.0,77,300,300,3.08
M_F0YMifj5g_1,zebra crossing,7.0,transport,True,/home/dipshikha/Music/cao/CISLR_v1.5-a_videos/M_F0YMifj5g_1.mp4,test,True,25.0,75,300,300,3.0
MbKRtuwkHPM,wild swine,13.0,medical,True,/home/dipshikha/Music/cao/CISLR_v1.5-a_videos/MbKRtuwkHPM.mp4,train,True,24.0,288,300,300,12.0
MbUT3Kfq4Dc_1,beat,6.0,action,True,/home/dipshikha/Music/cao/CISLR_v1.5-a_videos/MbUT3Kfq4Dc_1.mp4,train,True,25.0,63,300,300,2.52
Mbu8042cTuA_1,back,8.0,spatial position,True,/home/dipshikha/Music/cao/CISLR_v1.5-a_videos/Mbu8042cTuA_1.mp4,train,True,30.0,105,300,300,3.5
McHijMoln7U,knowledgeable,4.0,attribute,True,/home/dipshikha/Music/cao/CISLR_v1.5-a_videos/McHijMoln7U.mp4,train,True,25.0,98,300,300,3.92
MeJB3ZRQQcY,hygiene,5.0,attribute,True,/home/dipshikha/Music/cao/CISLR_v1.5-a_videos/MeJB3ZRQQcY.mp4,test,True,25.0,124,300,300,4.96
MeKJPAuFOgk_1,bhopal,6.0,geography,True,/home/dipshikha/Music/cao/CISLR_v1.5-a_videos/MeKJPAuFOgk_1.mp4,train,True,25.0,63,300,300,2.52
MeoJV0K0uTg_1,pass book,8.0,banking,True,/home/dipshikha/Music/cao/CISLR_v1.5-a_videos/MeoJV0K0uTg_1.mp4,train,True,30.0,105,300,300,3.5
MflJey4lrQk,hair dryer,6.0,utility item,True,/home/dipshikha/Music/cao/CISLR_v1.5-a_videos/MflJey4lrQk.mp4,train,True,25.0,133,300,300,5.32
MhHOduyqKv4,two,3.0,quantity,True,/home/dipshikha/Music/cao/CISLR_v1.5-a_videos/MhHOduyqKv4.mp4,train,True,25.0,54,300,300,2.16
MhUpw_qPCHU_2,ammeter,8.0,physics,True,/home/dipshikha/Music/cao/CISLR_v1.5-a_videos/MhUpw_qPCHU_2.mp4,test,True,30.0,93,300,300,3.1
MhZrm3H1aBE,join,4.0,group,True,/home/dipshikha/Music/cao/CISLR_v1.5-a_videos/MhZrm3H1aBE.mp4,train,True,25.0,90,300,300,3.6
Mhwfin8V4sQ_1,round,9.0,math,True,/home/dipshikha/Music/cao/CISLR_v1.5-a_videos/Mhwfin8V4sQ_1.mp4,train,True,30.0,120,300,300,4.0
MiGluii6UII,maruti car,5.0,transport,True,/home/dipshikha/Music/cao/CISLR_v1.5-a_videos/MiGluii6UII.mp4,train,True,25.0,120,300,300,4.8
Miw0xZr0diU,roti,5.0,foods and drinks,True,/home/dipshikha/Music/cao/CISLR_v1.5-a_videos/Miw0xZr0diU.mp4,train,True,25.0,105,300,300,4.2
MjRPq3GCSZk,weird,4.0,abstract,True,/home/dipshikha/Music/cao/CISLR_v1.5-a_videos/MjRPq3GCSZk.mp4,train,True,25.0,87,300,300,3.48
MlZ9Hx3mkBk_1,onion,5.0,foods and drinks,True,/home/dipshikha/Music/cao/CISLR_v1.5-a_videos/MlZ9Hx3mkBk_1.mp4,test,True,25.0,63,300,300,2.52
MlfKy5CzqVg_1,withhold,7.0,banking,True,/home/dipshikha/Music/cao/CISLR_v1.5-a_videos/MlfKy5CzqVg_1.mp4,train,True,30.0,90,300,300,3.0
MmeNMGTN-aY_1,hippo,7.0,flora and fauna,True,/home/dipshikha/Music/cao/CISLR_v1.5-a_videos/MmeNMGTN-aY_1.mp4,train,True,30.0,90,300,300,3.0
MmrdlTXfNco,uttar pradesh,4.0,geography,True,/home/dipshikha/Music/cao/CISLR_v1.5-a_videos/MmrdlTXfNco.mp4,train,True,25.0,84,300,300,3.36
MnSaW7AFr1w_1,weigh,6.0,abstract,True,/home/dipshikha/Music/cao/CISLR_v1.5-a_videos/MnSaW7AFr1w_1.mp4,train,True,25.0,75,300,300,3.0
Mo-VXbTe0bs_1,january,6.0,time,True,/home/dipshikha/Music/cao/CISLR_v1.5-a_videos/Mo-VXbTe0bs_1.mp4,test,True,30.0,75,300,300,2.5
Moi8EgQo6rE_2,atom,9.0,chemistry,True,/home/dipshikha/Music/cao/CISLR_v1.5-a_videos/Moi8EgQo6rE_2.mp4,train,True,30.0,117,300,300,3.9
MpOh9MQvWbY,belt,4.0,wearable,True,/home/dipshikha/Music/cao/CISLR_v1.5-a_videos/MpOh9MQvWbY.mp4,test,True,25.0,96,300,300,3.84
Mq1c27rJxqY_1,mirror,7.0,physics,True,/home/dipshikha/Music/cao/CISLR_v1.5-a_videos/Mq1c27rJxqY_1.mp4,test,True,30.0,105,300,300,3.5
Mq8cmp7QjOY,mason square,11.0,instrument,True,/home/dipshikha/Music/cao/CISLR_v1.5-a_videos/Mq8cmp7QjOY.mp4,train,True,25.0,264,300,300,10.56
Mqa0sDOMArQ,exercise,4.0,medical,True,/home/dipshikha/Music/cao/CISLR_v1.5-a_videos/Mqa0sDOMArQ.mp4,train,True,25.0,81,300,300,3.24
Mr30rM7vf4Q,dizzy,5.0,sensation,True,/home/dipshikha/Music/cao/CISLR_v1.5-a_videos/Mr30rM7vf4Q.mp4,train,True,25.0,119,300,300,4.76
MrP80GmJveQ_2,spectrum,9.0,physics,True,/home/dipshikha/Music/cao/CISLR_v1.5-a_videos/MrP80GmJveQ_2.mp4,train,True,30.0,99,300,300,3.3
MsWnmwlUBik_2,angular velocity,8.0,physics,True,/home/dipshikha/Music/cao/CISLR_v1.5-a_videos/MsWnmwlUBik_2.mp4,train,True,30.0,89,300,300,2.966666666666667
MsxYYS8q9Hw_1,result,6.0,abstract,True,/home/dipshikha/Music/cao/CISLR_v1.5-a_videos/MsxYYS8q9Hw_1.mp4,train,True,25.0,63,300,300,2.52
Mtm4Xg52b9c_1,subscription,9.0,entertainment,True,/home/dipshikha/Music/cao/CISLR_v1.5-a_videos/Mtm4Xg52b9c_1.mp4,train,True,30.0,120,300,300,4.0
MtnBSpuX1IA,value scale,10.0,metric,True,/home/dipshikha/Music/cao/CISLR_v1.5-a_videos/MtnBSpuX1IA.mp4,train,True,25.0,229,300,300,9.16
MtnXC9CWB6I_1,horse,6.0,flora and fauna,True,/home/dipshikha/Music/cao/CISLR_v1.5-a_videos/MtnXC9CWB6I_1.mp4,train,True,30.0,90,300,300,3.0
MwHD6LxnfXo,website,4.0,internet,True,/home/dipshikha/Music/cao/CISLR_v1.5-a_videos/MwHD6LxnfXo.mp4,train,True,25.0,77,300,300,3.08
Mx_mNhBhWx0,toy,7.0,entertainment,True,/home/dipshikha/Music/cao/CISLR_v1.5-a_videos/Mx_mNhBhWx0.mp4,train,True,25.0,153,300,300,6.12
Mxlci8amm_0_1,necklace,6.0,utility item,True,/home/dipshikha/Music/cao/CISLR_v1.5-a_videos/Mxlci8amm_0_1.mp4,test,True,25.0,75,300,300,3.0
My4hzshl_RY_1,us,5.0,group,True,/home/dipshikha/Music/cao/CISLR_v1.5-a_videos/My4hzshl_RY_1.mp4,train,True,25.0,50,300,300,2.0
MyFCxLg44HY_2,capillary tube,8.0,medical,True,/home/dipshikha/Music/cao/CISLR_v1.5-a_videos/MyFCxLg44HY_2.mp4,train,True,30.0,97,300,300,3.2333333333333334
MzwOHZTi4OU,shaving brush,4.0,utility item,True,/home/dipshikha/Music/cao/CISLR_v1.5-a_videos/MzwOHZTi4OU.mp4,train,True,25.0,88,300,300,3.52
N0-cIcGCH3A,kazakhstan,3.0,geography,True,/home/dipshikha/Music/cao/CISLR_v1.5-a_videos/N0-cIcGCH3A.mp4,train,True,25.0,70,300,300,2.8
N05i2V0_8kI,malaysia,4.0,geography,True,/home/dipshikha/Music/cao/CISLR_v1.5-a_videos/N05i2V0_8kI.mp4,train,True,25.0,77,300,300,3.08
N0HOc0gJyRs_1,laugh,6.0,gesture,True,/home/dipshikha/Music/cao/CISLR_v1.5-a_videos/N0HOc0gJyRs_1.mp4,train,True,25.0,75,300,300,3.0
N0OMPBVVK3o,praise,4.0,action,True,/home/dipshikha/Music/cao/CISLR_v1.5-a_videos/N0OMPBVVK3o.mp4,test,True,25.0,76,300,300,3.04
N0QNiLrVGl4,casio,5.0,sound,True,/home/dipshikha/Music/cao/CISLR_v1.5-a_videos/N0QNiLrVGl4.mp4,train,True,25.0,114,300,300,4.56
N0Tgyn59Erw_1,waterfall,7.0,geography,True,/home/dipshikha/Music/cao/CISLR_v1.5-a_videos/N0Tgyn59Erw_1.mp4,test,True,25.0,88,300,300,3.52
N0bpk_dzCuk,bite,6.0,action,True,/home/dipshikha/Music/cao/CISLR_v1.5-a_videos/N0bpk_dzCuk.mp4,test,True,25.0,144,300,300,5.76
N0lQZi87koY,meeting,4.0,group,True,/home/dipshikha/Music/cao/CISLR_v1.5-a_videos/N0lQZi87koY.mp4,train,True,25.0,92,300,300,3.68
N13nVxyNA2Q,setting of cement,8.0,construction,True,/home/dipshikha/Music/cao/CISLR_v1.5-a_videos/N13nVxyNA2Q.mp4,train,True,25.0,183,300,300,7.32
N1J4iPzvFDY_2,apparatus,10.0,instrument,True,/home/dipshikha/Music/cao/CISLR_v1.5-a_videos/N1J4iPzvFDY_2.mp4,train,True,29.916666666666668,116,300,300,3.877437325905292
N1sRspbhlk8_2,geothermal energy,12.0,physics,True,/home/dipshikha/Music/cao/CISLR_v1.5-a_videos/N1sRspbhlk8_2.mp4,train,True,30.0,150,300,300,5.0
N2GsWA1smG8,amazed,4.0,emotion,True,/home/dipshikha/Music/cao/CISLR_v1.5-a_videos/N2GsWA1smG8.mp4,train,True,25.0,89,300,300,3.56
N4NevefkpsQ,cycle,5.0,transport,True,/home/dipshikha/Music/cao/CISLR_v1.5-a_videos/N4NevefkpsQ.mp4,test,True,25.0,99,300,300,3.96
N4a_K3p9KG8,tractive work,14.0,quality,True,/home/dipshikha/Music/cao/CISLR_v1.5-a_videos/N4a_K3p9KG8.mp4,train,True,24.0,334,300,300,13.916666666666666
N4rsVFJsb1Y_1,accumulated,13.0,quantity,True,/home/dipshikha/Music/cao/CISLR_v1.5-a_videos/N4rsVFJsb1Y_1.mp4,train,True,30.0,180,300,300,6.0
N51UnxHrRZg,process,4.0,event,True,/home/dipshikha/Music/cao/CISLR_v1.5-a_videos/N51UnxHrRZg.mp4,test,True,25.0,95,300,300,3.8
N53qGezr7MU,woodpecker,6.0,flora and fauna,True,/home/dipshikha/Music/cao/CISLR_v1.5-a_videos/N53qGezr7MU.mp4,train,True,25.0,135,300,300,5.4
N62iv94HI18,thailand,3.0,geography,True,/home/dipshikha/Music/cao/CISLR_v1.5-a_videos/N62iv94HI18.mp4,train,True,25.0,69,300,300,2.76
N6DxyKcaZVs,lighthouse,7.0,construction,True,/home/dipshikha/Music/cao/CISLR_v1.5-a_videos/N6DxyKcaZVs.mp4,train,True,25.0,165,300,300,6.6
N6zCu36_1xI_2,blue,8.0,quality,True,/home/dipshikha/Music/cao/CISLR_v1.5-a_videos/N6zCu36_1xI_2.mp4,train,True,30.0,85,300,300,2.833333333333333
N7q37KQfzhk_1,sufficient,10.0,quantity,True,/home/dipshikha/Music/cao/CISLR_v1.5-a_videos/N7q37KQfzhk_1.mp4,train,True,30.0,135,300,300,4.5
N9JQMzE7_DI,england,3.0,geography,True,/home/dipshikha/Music/cao/CISLR_v1.5-a_videos/N9JQMzE7_DI.mp4,test,True,25.0,67,300,300,2.68
N9XgekP7Qtg,hidden file,6.0,utility item,True,/home/dipshikha/Music/cao/CISLR_v1.5-a_videos/N9XgekP7Qtg.mp4,test,True,24.0,120,300,300,5.0
NA5iMrff4Cs,elastic,12.0,attribute,True,/home/dipshikha/Music/cao/CISLR_v1.5-a_videos/NA5iMrff4Cs.mp4,train,True,25.0,277,300,300,11.08
NATVmGM4bpQ_1,year,8.0,time,True,/home/dipshikha/Music/cao/CISLR_v1.5-a_videos/NATVmGM4bpQ_1.mp4,test,True,30.0,105,300,300,3.5
NAiENsui-oc_1,lie,6.0,action,True,/home/dipshikha/Music/cao/CISLR_v1.5-a_videos/NAiENsui-oc_1.mp4,test,True,30.0,75,300,300,2.5
NAkU6Uj85R8,zipper foot,8.0,utility item,True,/home/dipshikha/Music/cao/CISLR_v1.5-a_videos/NAkU6Uj85R8.mp4,train,True,25.0,192,300,300,7.68
NBEVpBk-9VI,soft,4.0,quality,True,/home/dipshikha/Music/cao/CISLR_v1.5-a_videos/NBEVpBk-9VI.mp4,test,True,25.0,82,300,300,3.28
NC0iEaE7Ba4,tuesday,3.0,time,True,/home/dipshikha/Music/cao/CISLR_v1.5-a_videos/NC0iEaE7Ba4.mp4,test,True,30.0,73,300,300,2.433333333333333
NCRLLU_dxcM_1,sparrow,9.0,flora and fauna,True,/home/dipshikha/Music/cao/CISLR_v1.5-a_videos/NCRLLU_dxcM_1.mp4,test,True,30.0,120,300,300,4.0
ND1WM_XYP4Q,numerical control,10.0,math,True,/home/dipshikha/Music/cao/CISLR_v1.5-a_videos/ND1WM_XYP4Q.mp4,train,True,25.0,228,300,300,9.12
ND4_C6fI-BU,society,5.0,group,True,/home/dipshikha/Music/cao/CISLR_v1.5-a_videos/ND4_C6fI-BU.mp4,train,True,25.0,124,300,300,4.96
NFHHa94P-k8,concrete mixture,11.0,construction,True,/home/dipshikha/Music/cao/CISLR_v1.5-a_videos/NFHHa94P-k8.mp4,train,True,25.0,254,300,300,10.16
NFnBaFx_SWI,annual for foliage beauty,14.0,flora and fauna,True,/home/dipshikha/Music/cao/CISLR_v1.5-a_videos/NFnBaFx_SWI.mp4,train,True,25.0,334,300,300,13.36
NGJkhj4AWbA_1,sick,6.0,medical,True,/home/dipshikha/Music/cao/CISLR_v1.5-a_videos/NGJkhj4AWbA_1.mp4,train,True,30.0,75,300,300,2.5
NGRn28khiEY,rainy season vegetables,11.0,flora and fauna,True,/home/dipshikha/Music/cao/CISLR_v1.5-a_videos/NGRn28khiEY.mp4,train,True,25.0,262,300,300,10.48
NGfUhD-kG1M,change,4.0,action,True,/home/dipshikha/Music/cao/CISLR_v1.5-a_videos/NGfUhD-kG1M.mp4,test,True,25.0,91,300,300,3.64
NJWphYVdS5I_1,justice,6.0,legal,True,/home/dipshikha/Music/cao/CISLR_v1.5-a_videos/NJWphYVdS5I_1.mp4,train,True,25.0,63,300,300,2.52
NJZoju_a6Ig_1,hang,6.0,action,True,/home/dipshikha/Music/cao/CISLR_v1.5-a_videos/NJZoju_a6Ig_1.mp4,test,True,25.0,63,300,300,2.52
NJuhUVHvXi4_2,created,8.0,action,True,/home/dipshikha/Music/cao/CISLR_v1.5-a_videos/NJuhUVHvXi4_2.mp4,train,True,30.0,88,300,300,2.933333333333333
NKaU1IK6k94_1,august,6.0,time,True,/home/dipshikha/Music/cao/CISLR_v1.5-a_videos/NKaU1IK6k94_1.mp4,test,True,30.0,75,300,300,2.5
NLEkfw25jWU_2,focal length,10.0,physics,True,/home/dipshikha/Music/cao/CISLR_v1.5-a_videos/NLEkfw25jWU_2.mp4,train,True,30.0,114,300,300,3.8
NLlTJ8yeeYM_1,honorarium,8.0,banking,True,/home/dipshikha/Music/cao/CISLR_v1.5-a_videos/NLlTJ8yeeYM_1.mp4,train,True,30.0,120,300,300,4.0
NLy90nqeNko_1,singapore,8.0,geography,True,/home/dipshikha/Music/cao/CISLR_v1.5-a_videos/NLy90nqeNko_1.mp4,test,True,25.0,100,300,300,4.0
NMajC62MvaQ_1,work,6.0,action,True,/home/dipshikha/Music/cao/CISLR_v1.5-a_videos/NMajC62MvaQ_1.mp4,test,True,30.0,75,300,300,2.5
NMnARovUYLw_1,vomit,7.0,medical,True,/home/dipshikha/Music/cao/CISLR_v1.5-a_videos/NMnARovUYLw_1.mp4,train,True,25.0,88,300,300,3.52
NMwrtYskaeU,leaf spring,14.0,transport,True,/home/dipshikha/Music/cao/CISLR_v1.5-a_videos/NMwrtYskaeU.mp4,train,True,24.0,329,300,300,13.708333333333334
NNiFl_dTBk0_1,throw,6.0,action,True,/home/dipshikha/Music/cao/CISLR_v1.5-a_videos/NNiFl_dTBk0_1.mp4,train,True,25.0,75,300,300,3.0
NPrAFhC6vWk_1,body,7.0,biology,True,/home/dipshikha/Music/cao/CISLR_v1.5-a_videos/NPrAFhC6vWk_1.mp4,test,True,30.0,90,300,300,3.0
NPxCD7p6M80_1,small pox,6.0,medical,True,/home/dipshikha/Music/cao/CISLR_v1.5-a_videos/NPxCD7p6M80_1.mp4,test,True,30.0,90,300,300,3.0
NQ7Gnl9nRuY,window,6.0,construction,True,/home/dipshikha/Music/cao/CISLR_v1.5-a_videos/NQ7Gnl9nRuY.mp4,train,True,25.0,126,300,300,5.04
NQTfv_uhpfg,winter,4.0,time,True,/home/dipshikha/Music/cao/CISLR_v1.5-a_videos/NQTfv_uhpfg.mp4,train,True,25.0,94,300,300,3.76
NROeKyImRuI_1,food,6.0,foods and drinks,True,/home/dipshikha/Music/cao/CISLR_v1.5-a_videos/NROeKyImRuI_1.mp4,test,True,25.0,63,300,300,2.52
NS7WrHCEPVk_1,penality,6.0,legal,True,/home/dipshikha/Music/cao/CISLR_v1.5-a_videos/NS7WrHCEPVk_1.mp4,train,True,30.0,75,300,300,2.5
NSERnk7V4ZA_1,careful,7.0,attribute,True,/home/dipshikha/Music/cao/CISLR_v1.5-a_videos/NSERnk7V4ZA_1.mp4,test,True,25.0,75,300,300,3.0
NSM4xH0MhHY,benign,13.0,medical,True,/home/dipshikha/Music/cao/CISLR_v1.5-a_videos/NSM4xH0MhHY.mp4,train,True,25.0,312,300,300,12.48
NSwtAmwDTZE_1,sand,9.0,geography,True,/home/dipshikha/Music/cao/CISLR_v1.5-a_videos/NSwtAmwDTZE_1.mp4,test,True,25.0,100,300,300,4.0
NT-LpmJHMcw,mediocre,4.0,quality,True,/home/dipshikha/Music/cao/CISLR_v1.5-a_videos/NT-LpmJHMcw.mp4,train,True,25.0,83,300,300,3.32
NTNbTr_PLqU_1,participation,8.0,action,True,/home/dipshikha/Music/cao/CISLR_v1.5-a_videos/NTNbTr_PLqU_1.mp4,train,True,30.0,105,300,300,3.5
NUKt0kkYSg4,sick,4.0,medical,True,/home/dipshikha/Music/cao/CISLR_v1.5-a_videos/NUKt0kkYSg4.mp4,test,True,25.0,81,300,300,3.24
NUn7Lyw4H9U,wheeled robots,11.0,electronic and electrical,True,/home/dipshikha/Music/cao/CISLR_v1.5-a_videos/NUn7Lyw4H9U.mp4,train,True,24.0,254,300,300,10.583333333333334
NVNirvNgU9g,pledge,4.0,legal,True,/home/dipshikha/Music/cao/CISLR_v1.5-a_videos/NVNirvNgU9g.mp4,train,True,25.0,86,300,300,3.44
NW-BP9pf4JI_1,girl,9.0,human,True,/home/dipshikha/Music/cao/CISLR_v1.5-a_videos/NW-BP9pf4JI_1.mp4,train,True,30.0,135,300,300,4.5
NWx2vBB9F7g_1,pig,7.0,flora and fauna,True,/home/dipshikha/Music/cao/CISLR_v1.5-a_videos/NWx2vBB9F7g_1.mp4,test,True,30.0,105,300,300,3.5
NXEPPzd8AXk_1,freeze,6.0,process,True,/home/dipshikha/Music/cao/CISLR_v1.5-a_videos/NXEPPzd8AXk_1.mp4,test,True,25.0,63,300,300,2.52
NXjRJs0Wxkg,wedge,12.0,machine,True,/home/dipshikha/Music/cao/CISLR_v1.5-a_videos/NXjRJs0Wxkg.mp4,train,True,25.0,298,300,300,11.92
NY2fpEI5uDY_1,world,6.0,geography,True,/home/dipshikha/Music/cao/CISLR_v1.5-a_videos/NY2fpEI5uDY_1.mp4,train,True,25.0,63,300,300,2.52
NY7NZeZ-ufw,research farm,12.0,education,True,/home/dipshikha/Music/cao/CISLR_v1.5-a_videos/NY7NZeZ-ufw.mp4,train,True,24.0,265,300,300,11.041666666666666
NYWcVvZIlwY_2,external,9.0,attribute,True,/home/dipshikha/Music/cao/CISLR_v1.5-a_videos/NYWcVvZIlwY_2.mp4,train,True,30.0,105,300,300,3.5
NYbiMxMfp3A,brown sport of rice,13.0,medical,True,/home/dipshikha/Music/cao/CISLR_v1.5-a_videos/NYbiMxMfp3A.mp4,train,True,25.0,312,300,300,12.48
NZ2sunnoc7k,torch,4.0,electronic and electrical,True,/home/dipshikha/Music/cao/CISLR_v1.5-a_videos/NZ2sunnoc7k.mp4,test,True,25.0,98,300,300,3.92
NZ3PZzNJ2hs_1,magic,6.0,abstract,True,/home/dipshikha/Music/cao/CISLR_v1.5-a_videos/NZ3PZzNJ2hs_1.mp4,train,True,25.0,63,300,300,2.52
NZXhDTubUiI,videographer,7.0,profession,True,/home/dipshikha/Music/cao/CISLR_v1.5-a_videos/NZXhDTubUiI.mp4,train,True,25.0,164,300,300,6.56
NZZkWB8jtls_2,adjustable screw,9.0,instrument,True,/home/dipshikha/Music/cao/CISLR_v1.5-a_videos/NZZkWB8jtls_2.mp4,train,True,30.0,100,300,300,3.333333333333333
NZn29gNlDio,stress,5.0,physics,True,/home/dipshikha/Music/cao/CISLR_v1.5-a_videos/NZn29gNlDio.mp4,train,True,25.0,104,300,300,4.16
NZoSVSZeP7s_1,prohibit,8.0,action,True,/home/dipshikha/Music/cao/CISLR_v1.5-a_videos/NZoSVSZeP7s_1.mp4,train,True,30.0,120,300,300,4.0
NZwNyVXvpTo_1,money,6.0,banking,True,/home/dipshikha/Music/cao/CISLR_v1.5-a_videos/NZwNyVXvpTo_1.mp4,train,True,25.0,63,300,300,2.52
NaiHTSSvCuE_2,telescope,10.0,instrument,True,/home/dipshikha/Music/cao/CISLR_v1.5-a_videos/NaiHTSSvCuE_2.mp4,train,True,30.0,120,300,300,4.0
Nb7os_UNC0o_1,hen,6.0,flora and fauna,True,/home/dipshikha/Music/cao/CISLR_v1.5-a_videos/Nb7os_UNC0o_1.mp4,train,True,30.0,75,300,300,2.5
Nb8uJ822Tig,tinda,5.0,flora and fauna,True,/home/dipshikha/Music/cao/CISLR_v1.5-a_videos/Nb8uJ822Tig.mp4,test,True,25.0,109,300,300,4.36
NbG_5zEsSoE,express,4.0,action,True,/home/dipshikha/Music/cao/CISLR_v1.5-a_videos/NbG_5zEsSoE.mp4,train,True,25.0,93,300,300,3.72
NbO2R-jwElw_1,moneylender,8.0,profession,True,/home/dipshikha/Music/cao/CISLR_v1.5-a_videos/NbO2R-jwElw_1.mp4,train,True,30.0,105,300,300,3.5
Ncpxyoe9VTE_1,crime,5.0,legal,True,/home/dipshikha/Music/cao/CISLR_v1.5-a_videos/Ncpxyoe9VTE_1.mp4,train,True,25.0,63,300,300,2.52
NcqHqk2ybW4_2,parallel,9.0,math,True,/home/dipshikha/Music/cao/CISLR_v1.5-a_videos/NcqHqk2ybW4_2.mp4,train,True,30.0,105,300,300,3.5
Ncynk9HDp3c_1,swallow,9.0,biology,True,/home/dipshikha/Music/cao/CISLR_v1.5-a_videos/Ncynk9HDp3c_1.mp4,test,True,30.0,120,300,300,4.0
NeEUjskiXkY,layered skirt,11.0,wearable,True,/home/dipshikha/Music/cao/CISLR_v1.5-a_videos/NeEUjskiXkY.mp4,train,True,25.0,265,300,300,10.6
NeXKnG1-7cU_1,false,6.0,abstract,True,/home/dipshikha/Music/cao/CISLR_v1.5-a_videos/NeXKnG1-7cU_1.mp4,test,True,30.0,75,300,300,2.5
Ned2R4FgR7Y_1,calculation,9.0,math,True,/home/dipshikha/Music/cao/CISLR_v1.5-a_videos/Ned2R4FgR7Y_1.mp4,train,True,30.0,120,300,300,4.0
NfOadhavWHs_1,demand,7.0,action,True,/home/dipshikha/Music/cao/CISLR_v1.5-a_videos/NfOadhavWHs_1.mp4,train,True,30.0,105,300,300,3.5
Nfxj5lRpg2o_1,pakistan,7.0,geography,True,/home/dipshikha/Music/cao/CISLR_v1.5-a_videos/Nfxj5lRpg2o_1.mp4,test,True,25.0,75,300,300,3.0
Ng4xJEF8wEg,mucosal disease,13.0,biology,True,/home/dipshikha/Music/cao/CISLR_v1.5-a_videos/Ng4xJEF8wEg.mp4,train,True,24.0,288,300,300,12.0
Ngrila2aXJg_1,conveyance allowance,9.0,legal,True,/home/dipshikha/Music/cao/CISLR_v1.5-a_videos/Ngrila2aXJg_1.mp4,train,True,30.0,120,300,300,4.0
NhCDD4ktBjY_2,loud speaker,9.0,electronic and electrical,True,/home/dipshikha/Music/cao/CISLR_v1.5-a_videos/NhCDD4ktBjY_2.mp4,train,True,30.0,113,300,300,3.7666666666666666
NhFLlpEnqK8,punjab,4.0,geography,True,/home/dipshikha/Music/cao/CISLR_v1.5-a_videos/NhFLlpEnqK8.mp4,train,True,25.0,79,300,300,3.16
NhVVvn7cwd4,russia,3.0,geography,True,/home/dipshikha/Music/cao/CISLR_v1.5-a_videos/NhVVvn7cwd4.mp4,test,True,25.0,58,300,300,2.32
Ni3iHE6bas8,unite,4.0,action,True,/home/dipshikha/Music/cao/CISLR_v1.5-a_videos/Ni3iHE6bas8.mp4,test,True,25.0,83,300,300,3.32
Ni5kmFuBXzI,wednesday,4.0,time,True,/home/dipshikha/Music/cao/CISLR_v1.5-a_videos/Ni5kmFuBXzI.mp4,test,True,25.0,81,300,300,3.24
NiE43suq2F4_1,patience,7.0,behavior,True,/home/dipshikha/Music/cao/CISLR_v1.5-a_videos/NiE43suq2F4_1.mp4,train,True,30.0,90,300,300,3.0
NiIyd5WjjFg,put,4.0,action,True,/home/dipshikha/Music/cao/CISLR_v1.5-a_videos/NiIyd5WjjFg.mp4,test,True,25.0,94,300,300,3.76
NiXOVcIQU7g_2,static electricity,13.0,physics,True,/home/dipshikha/Music/cao/CISLR_v1.5-a_videos/NiXOVcIQU7g_2.mp4,train,True,30.0,167,300,300,5.566666666666666
NjT3zasZLP0,harmonium,5.0,sound,True,/home/dipshikha/Music/cao/CISLR_v1.5-a_videos/NjT3zasZLP0.mp4,train,True,25.0,122,300,300,4.88
NjjNU4VrO00_1,stage,7.0,stage,True,/home/dipshikha/Music/cao/CISLR_v1.5-a_videos/NjjNU4VrO00_1.mp4,train,True,25.0,75,300,300,3.0
NjzsZG20E7U,strength,4.0,attribute,True,/home/dipshikha/Music/cao/CISLR_v1.5-a_videos/NjzsZG20E7U.mp4,train,True,25.0,84,300,300,3.36
NkFzajnrYkA_1,method of accounting,10.0,banking,True,/home/dipshikha/Music/cao/CISLR_v1.5-a_videos/NkFzajnrYkA_1.mp4,train,True,29.916666666666668,150,300,300,5.013927576601671
NkQLCSHvZcY_1,field,8.0,geography,True,/home/dipshikha/Music/cao/CISLR_v1.5-a_videos/NkQLCSHvZcY_1.mp4,train,True,30.0,120,300,300,4.0
NmPpZgrECW0,police,4.0,profession,True,/home/dipshikha/Music/cao/CISLR_v1.5-a_videos/NmPpZgrECW0.mp4,test,True,25.0,89,300,300,3.56
NmTBx9PgX-I_1,quality,6.0,quality,True,/home/dipshikha/Music/cao/CISLR_v1.5-a_videos/NmTBx9PgX-I_1.mp4,train,True,30.0,90,300,300,3.0
NmmgvY4gy40_1,cheque,6.0,banking,True,/home/dipshikha/Music/cao/CISLR_v1.5-a_videos/NmmgvY4gy40_1.mp4,test,True,25.0,75,300,300,3.0
Nn3ooGh1n7w,rude,15.0,attribute,True,/home/dipshikha/Music/cao/CISLR_v1.5-a_videos/Nn3ooGh1n7w.mp4,train,True,25.0,364,300,300,14.56
NnETy9fmveQ_1,small enterprise,10.0,commerce,True,/home/dipshikha/Music/cao/CISLR_v1.5-a_videos/NnETy9fmveQ_1.mp4,train,True,30.0,135,300,300,4.5
NnGjm_iFM1s,vent,11.0,wearable,True,/home/dipshikha/Music/cao/CISLR_v1.5-a_videos/NnGjm_iFM1s.mp4,train,True,25.0,265,300,300,10.6
NnUnWcgPFC4,digging bar,6.0,instrument,True,/home/dipshikha/Music/cao/CISLR_v1.5-a_videos/NnUnWcgPFC4.mp4,train,True,25.0,127,300,300,5.08
No2J7utvqrg,ballon pump,6.0,machine,True,/home/dipshikha/Music/cao/CISLR_v1.5-a_videos/No2J7utvqrg.mp4,train,True,24.0,137,300,300,5.708333333333333
NoKq5zdDsQk,smile,4.0,action,True,/home/dipshikha/Music/cao/CISLR_v1.5-a_videos/NoKq5zdDsQk.mp4,train,True,25.0,79,300,300,3.16
Non0cu5dbSs,party,4.0,event,True,/home/dipshikha/Music/cao/CISLR_v1.5-a_videos/Non0cu5dbSs.mp4,train,True,25.0,87,300,300,3.48
NpQQCK0Yk_g_1,taluk,7.0,legal,True,/home/dipshikha/Music/cao/CISLR_v1.5-a_videos/NpQQCK0Yk_g_1.mp4,train,True,25.0,88,300,300,3.52
NpTKGzsDGoQ_1,par - at,8.0,comparator,True,/home/dipshikha/Music/cao/CISLR_v1.5-a_videos/NpTKGzsDGoQ_1.mp4,train,True,30.0,120,300,300,4.0
Nqh6_B0gfec,adopt,4.0,relation,True,/home/dipshikha/Music/cao/CISLR_v1.5-a_videos/Nqh6_B0gfec.mp4,train,True,25.0,94,300,300,3.76
NqnV9iNS62M,reproduction,14.0,biology,True,/home/dipshikha/Music/cao/CISLR_v1.5-a_videos/NqnV9iNS62M.mp4,train,True,25.0,327,300,300,13.08
NqtEH9nZexY,water logged hedges,12.0,flora and fauna,True,/home/dipshikha/Music/cao/CISLR_v1.5-a_videos/NqtEH9nZexY.mp4,train,True,25.0,296,300,300,11.84
Nr80alTAMrw,baseball jacket,12.0,sport,True,/home/dipshikha/Music/cao/CISLR_v1.5-a_videos/Nr80alTAMrw.mp4,train,True,25.0,288,300,300,11.52
NrQ-7PGyl70_1,output,8.0,miscellaneous object,True,/home/dipshikha/Music/cao/CISLR_v1.5-a_videos/NrQ-7PGyl70_1.mp4,train,True,30.0,120,300,300,4.0
Ns3lBPP73Jk_1,taxi,6.0,transport,True,/home/dipshikha/Music/cao/CISLR_v1.5-a_videos/Ns3lBPP73Jk_1.mp4,train,True,25.0,63,300,300,2.52
NsQZ8by-g_k,sibling,4.0,relation,True,/home/dipshikha/Music/cao/CISLR_v1.5-a_videos/NsQZ8by-g_k.mp4,train,True,25.0,88,300,300,3.52
Nt5QgTWqBcU,olericulture,12.0,biology,True,/home/dipshikha/Music/cao/CISLR_v1.5-a_videos/Nt5QgTWqBcU.mp4,train,True,25.0,275,300,300,11.0
NtnfUEDzoPo,telangana,5.0,geography,True,/home/dipshikha/Music/cao/CISLR_v1.5-a_videos/NtnfUEDzoPo.mp4,train,True,25.0,117,300,300,4.68
NuTEITSEAUA,papaya,5.0,foods and drinks,True,/home/dipshikha/Music/cao/CISLR_v1.5-a_videos/NuTEITSEAUA.mp4,test,True,25.0,105,300,300,4.2
Nud7Ld9x7Z4,perfect,3.0,attribute,True,/home/dipshikha/Music/cao/CISLR_v1.5-a_videos/Nud7Ld9x7Z4.mp4,test,True,25.0,55,300,300,2.2
Nus1qk-Khiw,north-east,5.0,spatial position,True,/home/dipshikha/Music/cao/CISLR_v1.5-a_videos/Nus1qk-Khiw.mp4,train,True,25.0,105,300,300,4.2
NvxJw6Zi6UA_1,toothbrush,7.0,utility item,True,/home/dipshikha/Music/cao/CISLR_v1.5-a_videos/NvxJw6Zi6UA_1.mp4,test,True,30.0,90,300,300,3.0
NxxURb8wKd0,punjabi,4.0,language,True,/home/dipshikha/Music/cao/CISLR_v1.5-a_videos/NxxURb8wKd0.mp4,test,True,25.0,75,300,300,3.0
NypNRzPI2Hg,punjab,4.0,geography,True,/home/dipshikha/Music/cao/CISLR_v1.5-a_videos/NypNRzPI2Hg.mp4,test,True,25.0,85,300,300,3.4
O-H9plmvvoE,prime minister,4.0,authority,True,/home/dipshikha/Music/cao/CISLR_v1.5-a_videos/O-H9plmvvoE.mp4,test,True,25.0,97,300,300,3.88
O-o5XXFpqEY_2,heavier,8.0,comparator,True,/home/dipshikha/Music/cao/CISLR_v1.5-a_videos/O-o5XXFpqEY_2.mp4,train,True,30.0,80,300,300,2.6666666666666665
O1DOtxdULkQ_1,misbehaviour,9.0,emotion,True,/home/dipshikha/Music/cao/CISLR_v1.5-a_videos/O1DOtxdULkQ_1.mp4,train,True,30.0,120,300,300,4.0
O1HMV7OKCZs_1,cheque gift,10.0,banking,True,/home/dipshikha/Music/cao/CISLR_v1.5-a_videos/O1HMV7OKCZs_1.mp4,train,True,30.0,135,300,300,4.5
O2_3lA8kVVE,brain,5.0,biology,True,/home/dipshikha/Music/cao/CISLR_v1.5-a_videos/O2_3lA8kVVE.mp4,test,True,25.0,108,300,300,4.32
O2_ZeoKvo5I_1,queen,7.0,authority,True,/home/dipshikha/Music/cao/CISLR_v1.5-a_videos/O2_ZeoKvo5I_1.mp4,train,True,25.0,63,300,300,2.52
O3SeL_0pvTs_1,sunday,6.0,time,True,/home/dipshikha/Music/cao/CISLR_v1.5-a_videos/O3SeL_0pvTs_1.mp4,test,True,30.0,75,300,300,2.5
O4CkLiyI2a4,shearling,8.0,action,True,/home/dipshikha/Music/cao/CISLR_v1.5-a_videos/O4CkLiyI2a4.mp4,train,True,25.0,192,300,300,7.68
O4sOntiraJc,punish,4.0,action,True,/home/dipshikha/Music/cao/CISLR_v1.5-a_videos/O4sOntiraJc.mp4,test,True,25.0,85,300,300,3.4
O6YJgD20e2g,goodbye,5.0,greeting,True,/home/dipshikha/Music/cao/CISLR_v1.5-a_videos/O6YJgD20e2g.mp4,train,True,25.0,108,300,300,4.32
O8jMsqDMiRE,who,4.0,abstract,True,/home/dipshikha/Music/cao/CISLR_v1.5-a_videos/O8jMsqDMiRE.mp4,train,True,25.0,78,300,300,3.12
O9Dk6KdQ4to_1,transparent,7.0,attribute,True,/home/dipshikha/Music/cao/CISLR_v1.5-a_videos/O9Dk6KdQ4to_1.mp4,test,True,25.0,75,300,300,3.0
O9ZwfYTIETI,together,4.0,group,True,/home/dipshikha/Music/cao/CISLR_v1.5-a_videos/O9ZwfYTIETI.mp4,test,True,25.0,96,300,300,3.84
O9pRqLLFUEE_1,happy,7.0,emotion,True,/home/dipshikha/Music/cao/CISLR_v1.5-a_videos/O9pRqLLFUEE_1.mp4,test,True,30.0,105,300,300,3.5
OB6FvmCHsDg,invent,6.0,process,True,/home/dipshikha/Music/cao/CISLR_v1.5-a_videos/OB6FvmCHsDg.mp4,test,True,25.0,144,300,300,5.76
OBHeVltjXT0_1,young,6.0,attribute,True,/home/dipshikha/Music/cao/CISLR_v1.5-a_videos/OBHeVltjXT0_1.mp4,train,True,25.0,75,300,300,3.0
OBPTV3YthOw_1,out,6.0,spatial position,True,/home/dipshikha/Music/cao/CISLR_v1.5-a_videos/OBPTV3YthOw_1.mp4,train,True,25.0,63,300,300,2.52
OBRmS71p6TU_1,stars,7.0,astronomical,True,/home/dipshikha/Music/cao/CISLR_v1.5-a_videos/OBRmS71p6TU_1.mp4,test,True,25.0,75,300,300,3.0
OC3FU_0GKBE,astigmatism,15.0,medical,True,/home/dipshikha/Music/cao/CISLR_v1.5-a_videos/OC3FU_0GKBE.mp4,train,True,25.0,360,300,300,14.4
OC4C5-lLWxc,float,6.0,action,True,/home/dipshikha/Music/cao/CISLR_v1.5-a_videos/OC4C5-lLWxc.mp4,train,True,25.0,131,300,300,5.24
OC7HHIF25ik,box,5.0,utility item,True,/home/dipshikha/Music/cao/CISLR_v1.5-a_videos/OC7HHIF25ik.mp4,train,True,25.0,118,300,300,4.72
OCDSqlCaWlA_2,refrigerator,10.0,utility item,True,/home/dipshikha/Music/cao/CISLR_v1.5-a_videos/OCDSqlCaWlA_2.mp4,train,True,30.0,101,300,300,3.3666666666666667
OCcDnB5VdgU_1,window,8.0,construction,True,/home/dipshikha/Music/cao/CISLR_v1.5-a_videos/OCcDnB5VdgU_1.mp4,test,True,30.0,105,300,300,3.5
ODFZJd2f9X8,amazon,4.0,organisation,True,/home/dipshikha/Music/cao/CISLR_v1.5-a_videos/ODFZJd2f9X8.mp4,test,True,25.0,96,300,300,3.84
ODNZ6nd7uls,actress,14.0,profession,True,/home/dipshikha/Music/cao/CISLR_v1.5-a_videos/ODNZ6nd7uls.mp4,train,True,25.0,336,300,300,13.44
ODRI_ATiWnM,jagannath ratha yatra,6.0,transport,True,/home/dipshikha/Music/cao/CISLR_v1.5-a_videos/ODRI_ATiWnM.mp4,train,True,25.0,135,300,300,5.4
OE5sct8DJxM,cock,9.0,flora and fauna,True,/home/dipshikha/Music/cao/CISLR_v1.5-a_videos/OE5sct8DJxM.mp4,train,True,24.0,204,300,300,8.5
OELaDZo5R7I,brain,4.0,biology,True,/home/dipshikha/Music/cao/CISLR_v1.5-a_videos/OELaDZo5R7I.mp4,test,True,25.0,90,300,300,3.6
OEZKlgaRH4o,alarm,4.0,utility item,True,/home/dipshikha/Music/cao/CISLR_v1.5-a_videos/OEZKlgaRH4o.mp4,train,True,25.0,91,300,300,3.64
OEm1Uov-v9o_1,training,11.0,action,True,/home/dipshikha/Music/cao/CISLR_v1.5-a_videos/OEm1Uov-v9o_1.mp4,train,True,30.0,150,300,300,5.0
OF-9aiQTAfM,hanuman,5.0,religious,True,/home/dipshikha/Music/cao/CISLR_v1.5-a_videos/OF-9aiQTAfM.mp4,test,True,25.0,106,300,300,4.24
OGO8HQ6ZYUg_1,overtime allowance,9.0,banking,True,/home/dipshikha/Music/cao/CISLR_v1.5-a_videos/OGO8HQ6ZYUg_1.mp4,train,True,30.0,120,300,300,4.0
OHFdjCUkpME_1,elephant,6.0,flora and fauna,True,/home/dipshikha/Music/cao/CISLR_v1.5-a_videos/OHFdjCUkpME_1.mp4,test,True,30.0,90,300,300,3.0
OJqZgTGpghQ,deal,5.0,commerce,True,/home/dipshikha/Music/cao/CISLR_v1.5-a_videos/OJqZgTGpghQ.mp4,train,True,25.0,121,300,300,4.84
OL-CqbpYr8w,quiet,4.0,sound,True,/home/dipshikha/Music/cao/CISLR_v1.5-a_videos/OL-CqbpYr8w.mp4,train,True,25.0,81,300,300,3.24
OL_k_mBRxbA,pyjama,3.0,wearable,True,/home/dipshikha/Music/cao/CISLR_v1.5-a_videos/OL_k_mBRxbA.mp4,test,True,25.0,69,300,300,2.76
OM_yE9ewbcM,digital electronics,13.0,electronic and electrical,True,/home/dipshikha/Music/cao/CISLR_v1.5-a_videos/OM_yE9ewbcM.mp4,train,True,25.0,324,300,300,12.96
ON8Ou8j8BjY,principal,3.0,authority,True,/home/dipshikha/Music/cao/CISLR_v1.5-a_videos/ON8Ou8j8BjY.mp4,test,True,25.0,64,300,300,2.56
ONhI6iem9kg,hat,3.0,wearable,True,/home/dipshikha/Music/cao/CISLR_v1.5-a_videos/ONhI6iem9kg.mp4,train,True,25.0,71,300,300,2.84
OP1V4l-DdcA_1,hope,7.0,action,True,/home/dipshikha/Music/cao/CISLR_v1.5-a_videos/OP1V4l-DdcA_1.mp4,test,True,30.0,90,300,300,3.0
OP_7FlLGoAY_1,premium,8.0,attribute,True,/home/dipshikha/Music/cao/CISLR_v1.5-a_videos/OP_7FlLGoAY_1.mp4,train,True,30.0,105,300,300,3.5
OPfZfLKxZTU_1,instigate,7.0,action,True,/home/dipshikha/Music/cao/CISLR_v1.5-a_videos/OPfZfLKxZTU_1.mp4,test,True,30.0,105,300,300,3.5
OQ1e6lpNybo,maha shivaratri,4.0,event,True,/home/dipshikha/Music/cao/CISLR_v1.5-a_videos/OQ1e6lpNybo.mp4,train,True,25.0,99,300,300,3.96
ORU-AfSTIwI,rip out,10.0,action,True,/home/dipshikha/Music/cao/CISLR_v1.5-a_videos/ORU-AfSTIwI.mp4,train,True,25.0,229,300,300,9.16
ORwg4bg9aeU,rock gardening,14.0,entertainment,True,/home/dipshikha/Music/cao/CISLR_v1.5-a_videos/ORwg4bg9aeU.mp4,train,True,25.0,348,300,300,13.92
OSRpGh3d0cI,long term,4.0,legal,True,/home/dipshikha/Music/cao/CISLR_v1.5-a_videos/OSRpGh3d0cI.mp4,train,True,25.0,87,300,300,3.48
OSxSHGU_WOo_1,false,6.0,abstract,True,/home/dipshikha/Music/cao/CISLR_v1.5-a_videos/OSxSHGU_WOo_1.mp4,test,True,30.0,90,300,300,3.0
OTUecrbGM7E,roof griders,11.0,construction,True,/home/dipshikha/Music/cao/CISLR_v1.5-a_videos/OTUecrbGM7E.mp4,train,True,24.0,253,300,300,10.541666666666666
OTfPJGdUm50,nature,5.0,biology,True,/home/dipshikha/Music/cao/CISLR_v1.5-a_videos/OTfPJGdUm50.mp4,train,True,25.0,117,300,300,4.68
OTtrGki5gQg_1,angel,6.0,religious,True,/home/dipshikha/Music/cao/CISLR_v1.5-a_videos/OTtrGki5gQg_1.mp4,train,True,25.0,63,300,300,2.52
OU-XIIEFnw4,garage,6.0,construction,True,/home/dipshikha/Music/cao/CISLR_v1.5-a_videos/OU-XIIEFnw4.mp4,train,True,25.0,135,300,300,5.4
OUQa0HC_ORM_1,understand,5.0,action,True,/home/dipshikha/Music/cao/CISLR_v1.5-a_videos/OUQa0HC_ORM_1.mp4,test,True,25.0,63,300,300,2.52
OUVv-5cwFaE_1,dosa,6.0,foods and drinks,True,/home/dipshikha/Music/cao/CISLR_v1.5-a_videos/OUVv-5cwFaE_1.mp4,train,True,25.0,75,300,300,3.0
OUr2XSyxfsY,seminar,5.0,event,True,/home/dipshikha/Music/cao/CISLR_v1.5-a_videos/OUr2XSyxfsY.mp4,train,True,25.0,120,300,300,4.8
OWya5pey33I,read,5.0,action,True,/home/dipshikha/Music/cao/CISLR_v1.5-a_videos/OWya5pey33I.mp4,test,True,25.0,102,300,300,4.08
OX23xzI_GhY,land,4.0,geography,True,/home/dipshikha/Music/cao/CISLR_v1.5-a_videos/OX23xzI_GhY.mp4,train,True,25.0,97,300,300,3.88
OXmN5c7MCUk,kumbh mela,4.0,event,True,/home/dipshikha/Music/cao/CISLR_v1.5-a_videos/OXmN5c7MCUk.mp4,train,True,25.0,91,300,300,3.64
OYENl3VfTb4,south indian bank,5.0,organisation,True,/home/dipshikha/Music/cao/CISLR_v1.5-a_videos/OYENl3VfTb4.mp4,train,True,24.0,108,300,300,4.5
OYQVWFoke9E,pick,8.0,action,True,/home/dipshikha/Music/cao/CISLR_v1.5-a_videos/OYQVWFoke9E.mp4,test,True,25.0,183,300,300,7.32
OZ2IdcRTgrs_1,insurance,8.0,banking,True,/home/dipshikha/Music/cao/CISLR_v1.5-a_videos/OZ2IdcRTgrs_1.mp4,train,True,30.0,105,300,300,3.5
OZp4PyHgUC8,public gardens,9.0,construction,True,/home/dipshikha/Music/cao/CISLR_v1.5-a_videos/OZp4PyHgUC8.mp4,train,True,25.0,213,300,300,8.52
OaQqutxOEAE_1,eagle,8.0,flora and fauna,True,/home/dipshikha/Music/cao/CISLR_v1.5-a_videos/OaQqutxOEAE_1.mp4,train,True,30.0,120,300,300,4.0
Oamv71HbOMA,apex court,10.0,legal,True,/home/dipshikha/Music/cao/CISLR_v1.5-a_videos/Oamv71HbOMA.mp4,train,True,25.0,240,300,300,9.6
Oaqk8I-2-IE,tool,5.0,instrument,True,/home/dipshikha/Music/cao/CISLR_v1.5-a_videos/Oaqk8I-2-IE.mp4,test,True,25.0,121,300,300,4.84
ObJnMFN4KQg_1,company joint stock,12.0,commerce,True,/home/dipshikha/Music/cao/CISLR_v1.5-a_videos/ObJnMFN4KQg_1.mp4,train,True,30.0,165,300,300,5.5
ObVcGiVYofE_1,forged,9.0,quality,True,/home/dipshikha/Music/cao/CISLR_v1.5-a_videos/ObVcGiVYofE_1.mp4,train,True,30.0,120,300,300,4.0
ObrkXqrK96M,peon,5.0,profession,True,/home/dipshikha/Music/cao/CISLR_v1.5-a_videos/ObrkXqrK96M.mp4,test,True,25.0,109,300,300,4.36
ObwZnI075E8,melt,7.0,process,True,/home/dipshikha/Music/cao/CISLR_v1.5-a_videos/ObwZnI075E8.mp4,train,True,25.0,153,300,300,6.12
Oc7vrILPpCQ_1,first charge,8.0,banking,True,/home/dipshikha/Music/cao/CISLR_v1.5-a_videos/Oc7vrILPpCQ_1.mp4,train,True,30.0,105,300,300,3.5
OcBBb1cbZqc_2,natural,9.0,biology,True,/home/dipshikha/Music/cao/CISLR_v1.5-a_videos/OcBBb1cbZqc_2.mp4,train,True,30.0,106,300,300,3.533333333333333
OcSgDKInrg8,hot,4.0,sensation,True,/home/dipshikha/Music/cao/CISLR_v1.5-a_videos/OcSgDKInrg8.mp4,test,True,25.0,89,300,300,3.56
OchKEyyyoF0_1,money order,9.0,legal,True,/home/dipshikha/Music/cao/CISLR_v1.5-a_videos/OchKEyyyoF0_1.mp4,train,True,25.0,100,300,300,4.0
OeV_XZBC3VA_1,separate,6.0,action,True,/home/dipshikha/Music/cao/CISLR_v1.5-a_videos/OeV_XZBC3VA_1.mp4,test,True,25.0,75,300,300,3.0
OelZVA_CCzo,superficial,6.0,quality,True,/home/dipshikha/Music/cao/CISLR_v1.5-a_videos/OelZVA_CCzo.mp4,train,True,25.0,129,300,300,5.16
OfCw-0gAd6E,order,15.0,action,True,/home/dipshikha/Music/cao/CISLR_v1.5-a_videos/OfCw-0gAd6E.mp4,test,True,25.0,356,300,300,14.24
OfGHhLbHWq4_1,spoil,6.0,action,True,/home/dipshikha/Music/cao/CISLR_v1.5-a_videos/OfGHhLbHWq4_1.mp4,test,True,25.0,63,300,300,2.52
OfGkvEa9C-A_2,object,8.0,miscellaneous object,True,/home/dipshikha/Music/cao/CISLR_v1.5-a_videos/OfGkvEa9C-A_2.mp4,train,True,30.0,99,300,300,3.3
OhE6VRcxlKA,disc brake master cylinder,14.0,machine,True,/home/dipshikha/Music/cao/CISLR_v1.5-a_videos/OhE6VRcxlKA.mp4,train,True,24.0,334,300,300,13.916666666666666
OhHLtn0U6K0_1,initials,8.0,banking,True,/home/dipshikha/Music/cao/CISLR_v1.5-a_videos/OhHLtn0U6K0_1.mp4,train,True,30.0,105,300,300,3.5
Ohcc1XNi-s4,meeting,4.0,group,True,/home/dipshikha/Music/cao/CISLR_v1.5-a_videos/Ohcc1XNi-s4.mp4,test,True,25.0,88,300,300,3.52
Oi__gIjhBk0_1,engineer,7.0,profession,True,/home/dipshikha/Music/cao/CISLR_v1.5-a_videos/Oi__gIjhBk0_1.mp4,test,True,25.0,75,300,300,3.0
Oiewyo7WQ4w,netflix,4.0,organisation,True,/home/dipshikha/Music/cao/CISLR_v1.5-a_videos/Oiewyo7WQ4w.mp4,train,True,25.0,84,300,300,3.36
Oittiy14URk,left indent,8.0,attribute,True,/home/dipshikha/Music/cao/CISLR_v1.5-a_videos/Oittiy14URk.mp4,train,True,24.0,190,300,300,7.916666666666667
OjJ2Vu0k5d8,animals,6.0,flora and fauna,True,/home/dipshikha/Music/cao/CISLR_v1.5-a_videos/OjJ2Vu0k5d8.mp4,test,True,25.0,133,300,300,5.32
OjPz3neEd7U_1,measure,6.0,math,True,/home/dipshikha/Music/cao/CISLR_v1.5-a_videos/OjPz3neEd7U_1.mp4,test,True,25.0,75,300,300,3.0
OjYou9zLuDM_1,daughter,10.0,relation,True,/home/dipshikha/Music/cao/CISLR_v1.5-a_videos/OjYou9zLuDM_1.mp4,test,True,30.0,135,300,300,4.5
Ok6fbvE1cu0_1,alarm system,11.0,electronic and electrical,True,/home/dipshikha/Music/cao/CISLR_v1.5-a_videos/Ok6fbvE1cu0_1.mp4,train,True,30.0,150,300,300,5.0
OkC4seOp-00,wash,5.0,action,True,/home/dipshikha/Music/cao/CISLR_v1.5-a_videos/OkC4seOp-00.mp4,test,True,25.0,102,300,300,4.08
OkHQG79PRCk,classification based on the transplanting capacity,14.0,action,True,/home/dipshikha/Music/cao/CISLR_v1.5-a_videos/OkHQG79PRCk.mp4,train,True,25.0,331,300,300,13.24
OnqiVVsNE8I_1,locker,10.0,machine,True,/home/dipshikha/Music/cao/CISLR_v1.5-a_videos/OnqiVVsNE8I_1.mp4,train,True,30.0,135,300,300,4.5
OoFz4JC0sjU_1,cover,6.0,action,True,/home/dipshikha/Music/cao/CISLR_v1.5-a_videos/OoFz4JC0sjU_1.mp4,test,True,25.0,63,300,300,2.52
Op97JG5142c,kinds of honey bee found in india,10.0,flora and fauna,True,/home/dipshikha/Music/cao/CISLR_v1.5-a_videos/Op97JG5142c.mp4,train,True,24.0,219,300,300,9.125
Oql_D1R8kVE,building structure,6.0,construction,True,/home/dipshikha/Music/cao/CISLR_v1.5-a_videos/Oql_D1R8kVE.mp4,train,True,25.0,131,300,300,5.24
OqzxnQ6fGIw_1,out of print,8.0,event,True,/home/dipshikha/Music/cao/CISLR_v1.5-a_videos/OqzxnQ6fGIw_1.mp4,train,True,29.916666666666668,120,300,300,4.011142061281337
OrOlKiBzVAY_2,molecule,11.0,physics,True,/home/dipshikha/Music/cao/CISLR_v1.5-a_videos/OrOlKiBzVAY_2.mp4,train,True,30.0,133,300,300,4.433333333333334
OrlYpvp8gnI_2,condition,7.0,quality,True,/home/dipshikha/Music/cao/CISLR_v1.5-a_videos/OrlYpvp8gnI_2.mp4,train,True,30.0,76,300,300,2.533333333333333
OrrlfNA40zg_2,perpendicular,8.0,math,True,/home/dipshikha/Music/cao/CISLR_v1.5-a_videos/OrrlfNA40zg_2.mp4,train,True,30.0,100,300,300,3.333333333333333
OsRTZjf3msw_1,disbursement,9.0,banking,True,/home/dipshikha/Music/cao/CISLR_v1.5-a_videos/OsRTZjf3msw_1.mp4,train,True,30.0,135,300,300,4.5
Ot-XctUkMY8,buddhist,4.0,religious,True,/home/dipshikha/Music/cao/CISLR_v1.5-a_videos/Ot-XctUkMY8.mp4,train,True,25.0,91,300,300,3.64
OuOKDmE7q2c_1,parliament,7.0,legal,True,/home/dipshikha/Music/cao/CISLR_v1.5-a_videos/OuOKDmE7q2c_1.mp4,test,True,25.0,88,300,300,3.52
Ov-hdZ4oacg,marry,5.0,action,True,/home/dipshikha/Music/cao/CISLR_v1.5-a_videos/Ov-hdZ4oacg.mp4,train,True,25.0,119,300,300,4.76
OvDIlDiFmnU,school,3.0,organisation,True,/home/dipshikha/Music/cao/CISLR_v1.5-a_videos/OvDIlDiFmnU.mp4,train,True,25.0,65,300,300,2.6
OwI1yeom0EM,surname,4.0,group,True,/home/dipshikha/Music/cao/CISLR_v1.5-a_videos/OwI1yeom0EM.mp4,test,True,25.0,83,300,300,3.32
Owp1cwVnCok,question,4.0,abstract,True,/home/dipshikha/Music/cao/CISLR_v1.5-a_videos/Owp1cwVnCok.mp4,train,True,25.0,78,300,300,3.12
Oy09VfmP5sQ,action,4.0,action,True,/home/dipshikha/Music/cao/CISLR_v1.5-a_videos/Oy09VfmP5sQ.mp4,test,True,25.0,79,300,300,3.16
Oz4iaojP1LQ,retention of moisture,15.0,biology,True,/home/dipshikha/Music/cao/CISLR_v1.5-a_videos/Oz4iaojP1LQ.mp4,train,True,25.0,360,300,300,14.4
P-0wocPMVyQ,tagetus,11.0,flora and fauna,True,/home/dipshikha/Music/cao/CISLR_v1.5-a_videos/P-0wocPMVyQ.mp4,train,True,25.0,255,300,300,10.2
P-35FnAOLeo_1,walk,9.0,action,True,/home/dipshikha/Music/cao/CISLR_v1.5-a_videos/P-35FnAOLeo_1.mp4,test,True,30.0,120,300,300,4.0
P-k3HOBisv8_1,i,6.0,language,True,/home/dipshikha/Music/cao/CISLR_v1.5-a_videos/P-k3HOBisv8_1.mp4,train,True,25.0,63,300,300,2.52
P18HvmCotMU_1,information,7.0,legal,True,/home/dipshikha/Music/cao/CISLR_v1.5-a_videos/P18HvmCotMU_1.mp4,train,True,30.0,105,300,300,3.5
P1WDAwasyoI,safety goggle,9.0,wearable,True,/home/dipshikha/Music/cao/CISLR_v1.5-a_videos/P1WDAwasyoI.mp4,train,True,25.0,217,300,300,8.68
P1r-uVbFZ00_1,cold,6.0,biology,True,/home/dipshikha/Music/cao/CISLR_v1.5-a_videos/P1r-uVbFZ00_1.mp4,test,True,30.0,90,300,300,3.0
P29jupnZniw,close up,8.0,action,True,/home/dipshikha/Music/cao/CISLR_v1.5-a_videos/P29jupnZniw.mp4,train,True,24.0,183,300,300,7.625
P2If73nwzYs,tabernaemontana coronaria,11.0,medical,True,/home/dipshikha/Music/cao/CISLR_v1.5-a_videos/P2If73nwzYs.mp4,train,True,25.0,269,300,300,10.76
P2OKqOpct8s,grey,8.0,colour,True,/home/dipshikha/Music/cao/CISLR_v1.5-a_videos/P2OKqOpct8s.mp4,test,True,25.0,180,300,300,7.2
P2YHoSAHJUg_1,train,5.0,action,True,/home/dipshikha/Music/cao/CISLR_v1.5-a_videos/P2YHoSAHJUg_1.mp4,test,True,25.0,63,300,300,2.52
P2abspkSU_s,able,7.0,abstract,True,/home/dipshikha/Music/cao/CISLR_v1.5-a_videos/P2abspkSU_s.mp4,train,True,25.0,160,300,300,6.4
P3LobzeDo9E_1,sad,7.0,emotion,True,/home/dipshikha/Music/cao/CISLR_v1.5-a_videos/P3LobzeDo9E_1.mp4,train,True,30.0,90,300,300,3.0
P3LqZYt2U30_1,economic,11.0,education,True,/home/dipshikha/Music/cao/CISLR_v1.5-a_videos/P3LqZYt2U30_1.mp4,train,True,30.0,150,300,300,5.0
P3MpvLubTKw,sms notification,10.0,internet,True,/home/dipshikha/Music/cao/CISLR_v1.5-a_videos/P3MpvLubTKw.mp4,train,True,25.0,234,300,300,9.36
P3pALl9igN8,flatfoot,11.0,human,True,/home/dipshikha/Music/cao/CISLR_v1.5-a_videos/P3pALl9igN8.mp4,train,True,25.0,265,300,300,10.6
P4bcxgldVSQ_1,benefit,7.0,banking,True,/home/dipshikha/Music/cao/CISLR_v1.5-a_videos/P4bcxgldVSQ_1.mp4,train,True,30.0,90,300,300,3.0
P58pF-HenyU,pause,5.0,time,True,/home/dipshikha/Music/cao/CISLR_v1.5-a_videos/P58pF-HenyU.mp4,test,True,25.0,108,300,300,4.32
P5CapJo7Oe8_1,overseas,7.0,spatial position,True,/home/dipshikha/Music/cao/CISLR_v1.5-a_videos/P5CapJo7Oe8_1.mp4,train,True,30.0,90,300,300,3.0
P5Dty8Ecdek,nuncupative will,10.0,legal,True,/home/dipshikha/Music/cao/CISLR_v1.5-a_videos/P5Dty8Ecdek.mp4,train,True,25.0,238,300,300,9.52
P6e7z3qKweg_2,fossll fueis,10.0,substance,True,/home/dipshikha/Music/cao/CISLR_v1.5-a_videos/P6e7z3qKweg_2.mp4,train,True,30.0,117,300,300,3.9
P7aSfqQTkTk_1,yourself,7.0,abstract,True,/home/dipshikha/Music/cao/CISLR_v1.5-a_videos/P7aSfqQTkTk_1.mp4,train,True,25.0,75,300,300,3.0
P8c9TRiU7HI,invite,5.0,action,True,/home/dipshikha/Music/cao/CISLR_v1.5-a_videos/P8c9TRiU7HI.mp4,train,True,25.0,103,300,300,4.12
P8nCFvhToww_1,remind,8.0,action,True,/home/dipshikha/Music/cao/CISLR_v1.5-a_videos/P8nCFvhToww_1.mp4,train,True,25.0,75,300,300,3.0
P8q4ktLxy-A_1,pain,7.0,sensation,True,/home/dipshikha/Music/cao/CISLR_v1.5-a_videos/P8q4ktLxy-A_1.mp4,test,True,30.0,90,300,300,3.0
P91b_WSLDa8_1,system,9.0,instrument,True,/home/dipshikha/Music/cao/CISLR_v1.5-a_videos/P91b_WSLDa8_1.mp4,train,True,30.0,120,300,300,4.0
P9GAmYhGhJ0,janmashtami,5.0,event,True,/home/dipshikha/Music/cao/CISLR_v1.5-a_videos/P9GAmYhGhJ0.mp4,test,True,25.0,111,300,300,4.44
PAkQhoRDVMQ,debug,11.0,computer,True,/home/dipshikha/Music/cao/CISLR_v1.5-a_videos/PAkQhoRDVMQ.mp4,train,True,25.0,264,300,300,10.56
PB7rn__dcKg_1,fan,6.0,electronic and electrical,True,/home/dipshikha/Music/cao/CISLR_v1.5-a_videos/PB7rn__dcKg_1.mp4,train,True,30.0,90,300,300,3.0
PBPb-_V8A_U,mouse,5.0,flora and fauna,True,/home/dipshikha/Music/cao/CISLR_v1.5-a_videos/PBPb-_V8A_U.mp4,train,True,25.0,112,300,300,4.48
PFALmbyUi5A,microphone,5.0,electronic and electrical,True,/home/dipshikha/Music/cao/CISLR_v1.5-a_videos/PFALmbyUi5A.mp4,train,True,25.0,103,300,300,4.12
PFH8OX7kSEA,online,7.0,internet,True,/home/dipshikha/Music/cao/CISLR_v1.5-a_videos/PFH8OX7kSEA.mp4,test,True,25.0,168,300,300,6.72
PGYE6puPzKU_1,chappels,6.0,wearable,True,/home/dipshikha/Music/cao/CISLR_v1.5-a_videos/PGYE6puPzKU_1.mp4,train,True,25.0,75,300,300,3.0
PGbVUlqDu1A,hawker,14.0,profession,True,/home/dipshikha/Music/cao/CISLR_v1.5-a_videos/PGbVUlqDu1A.mp4,train,True,29.97002997002997,414,300,300,13.8138
PGdVl8-IzJA,mother tongue,7.0,language,True,/home/dipshikha/Music/cao/CISLR_v1.5-a_videos/PGdVl8-IzJA.mp4,train,True,25.0,171,300,300,6.84
PGrGJBQGm3E_1,sales retum,8.0,banking,True,/home/dipshikha/Music/cao/CISLR_v1.5-a_videos/PGrGJBQGm3E_1.mp4,train,True,30.0,120,300,300,4.0
PGzUbRs5KcE_1,stone,7.0,metal and minerals,True,/home/dipshikha/Music/cao/CISLR_v1.5-a_videos/PGzUbRs5KcE_1.mp4,train,True,25.0,88,300,300,3.52
PI1wVAKM9t0_1,true copy,8.0,quality,True,/home/dipshikha/Music/cao/CISLR_v1.5-a_videos/PI1wVAKM9t0_1.mp4,train,True,30.0,105,300,300,3.5
PI6SVXN35Rg,praise,5.0,action,True,/home/dipshikha/Music/cao/CISLR_v1.5-a_videos/PI6SVXN35Rg.mp4,test,True,25.0,103,300,300,4.12
PI8mabNvaE0,netaji subhas chandra bose,6.0,human,True,/home/dipshikha/Music/cao/CISLR_v1.5-a_videos/PI8mabNvaE0.mp4,train,True,25.0,140,300,300,5.6
PJtAsebnGrM,convertible  collar,7.0,wearable,True,/home/dipshikha/Music/cao/CISLR_v1.5-a_videos/PJtAsebnGrM.mp4,train,True,25.0,168,300,300,6.72
PK4bvgOLUWs,try,4.0,action,True,/home/dipshikha/Music/cao/CISLR_v1.5-a_videos/PK4bvgOLUWs.mp4,train,True,25.0,88,300,300,3.52
PKLiUylI7jY,beetroot,6.0,foods and drinks,True,/home/dipshikha/Music/cao/CISLR_v1.5-a_videos/PKLiUylI7jY.mp4,train,True,25.0,135,300,300,5.4
PKi9kC2RNzo_1,fluctuation,10.0,action,True,/home/dipshikha/Music/cao/CISLR_v1.5-a_videos/PKi9kC2RNzo_1.mp4,train,True,30.0,135,300,300,4.5
PKyGYvB0Mf0,tripura,5.0,geography,True,/home/dipshikha/Music/cao/CISLR_v1.5-a_videos/PKyGYvB0Mf0.mp4,test,True,25.0,112,300,300,4.48
PLF4Zs0Q80Q,ball room,11.0,construction,True,/home/dipshikha/Music/cao/CISLR_v1.5-a_videos/PLF4Zs0Q80Q.mp4,train,True,24.0,249,300,300,10.375
PLtRFkjPkxo_1,genius,4.0,behavior,True,/home/dipshikha/Music/cao/CISLR_v1.5-a_videos/PLtRFkjPkxo_1.mp4,train,True,25.0,50,300,300,2.0
PMUPf08r0Jo,tecoma stans,11.0,flora and fauna,True,/home/dipshikha/Music/cao/CISLR_v1.5-a_videos/PMUPf08r0Jo.mp4,train,True,25.0,260,300,300,10.4
PMYXK-B1Few,hypoxia,10.0,biology,True,/home/dipshikha/Music/cao/CISLR_v1.5-a_videos/PMYXK-B1Few.mp4,train,True,25.0,241,300,300,9.64
PMv7R76mAZA,rowdy,6.0,behavior,True,/home/dipshikha/Music/cao/CISLR_v1.5-a_videos/PMv7R76mAZA.mp4,train,True,25.0,126,300,300,5.04
PODw7DyLs64_1,play,7.0,action,True,/home/dipshikha/Music/cao/CISLR_v1.5-a_videos/PODw7DyLs64_1.mp4,test,True,25.0,88,300,300,3.52
POwFUYdLjX8_1,sailor,8.0,profession,True,/home/dipshikha/Music/cao/CISLR_v1.5-a_videos/POwFUYdLjX8_1.mp4,train,True,25.0,100,300,300,4.0
PP3bE6cjRdQ,mouth spray,4.0,substance,True,/home/dipshikha/Music/cao/CISLR_v1.5-a_videos/PP3bE6cjRdQ.mp4,train,True,25.0,86,300,300,3.44
PQ5BHjzvK5A_1,zebra,7.0,flora and fauna,True,/home/dipshikha/Music/cao/CISLR_v1.5-a_videos/PQ5BHjzvK5A_1.mp4,test,True,29.916666666666668,90,300,300,3.0083565459610027
PQBIO5wAinc_1,copper,9.0,metal and minerals,True,/home/dipshikha/Music/cao/CISLR_v1.5-a_videos/PQBIO5wAinc_1.mp4,test,True,30.0,120,300,300,4.0
PQoocuBF2f8_1,go,6.0,process,True,/home/dipshikha/Music/cao/CISLR_v1.5-a_videos/PQoocuBF2f8_1.mp4,train,True,25.0,63,300,300,2.52
PRDX6PAOvF0_1,rhinocerous,6.0,flora and fauna,True,/home/dipshikha/Music/cao/CISLR_v1.5-a_videos/PRDX6PAOvF0_1.mp4,train,True,30.0,75,300,300,2.5
PSB4z3DAScs_1,volley ball,5.0,sport,True,/home/dipshikha/Music/cao/CISLR_v1.5-a_videos/PSB4z3DAScs_1.mp4,train,True,25.0,63,300,300,2.52
PTv4C3vii08_1,surcharge,9.0,banking,True,/home/dipshikha/Music/cao/CISLR_v1.5-a_videos/PTv4C3vii08_1.mp4,train,True,30.0,120,300,300,4.0
PU5hB6j8ivk,unfair dismissal,12.0,action,True,/home/dipshikha/Music/cao/CISLR_v1.5-a_videos/PU5hB6j8ivk.mp4,test,True,25.0,285,300,300,11.4
PUDnvoajVUk,office branch,7.0,organisation,True,/home/dipshikha/Music/cao/CISLR_v1.5-a_videos/PUDnvoajVUk.mp4,train,True,25.0,157,300,300,6.28
PUtHYOs4aXQ,summary,5.0,education,True,/home/dipshikha/Music/cao/CISLR_v1.5-a_videos/PUtHYOs4aXQ.mp4,test,True,25.0,104,300,300,4.16
PUwW0NPqTh0_1,force,6.0,physics,True,/home/dipshikha/Music/cao/CISLR_v1.5-a_videos/PUwW0NPqTh0_1.mp4,test,True,25.0,63,300,300,2.52
PVdmrokA81k,record video,4.0,action,True,/home/dipshikha/Music/cao/CISLR_v1.5-a_videos/PVdmrokA81k.mp4,train,True,25.0,95,300,300,3.8
PVhCsYKStLI_2,put up,7.0,action,True,/home/dipshikha/Music/cao/CISLR_v1.5-a_videos/PVhCsYKStLI_2.mp4,train,True,30.0,93,300,300,3.1
PWHh7NmzzV4,special,3.0,attribute,True,/home/dipshikha/Music/cao/CISLR_v1.5-a_videos/PWHh7NmzzV4.mp4,train,True,25.0,75,300,300,3.0
PWLWkd68QIA,notch collar,10.0,wearable,True,/home/dipshikha/Music/cao/CISLR_v1.5-a_videos/PWLWkd68QIA.mp4,train,True,25.0,240,300,300,9.6
PWWRIQ49qHs_2,tally,9.0,gesture,True,/home/dipshikha/Music/cao/CISLR_v1.5-a_videos/PWWRIQ49qHs_2.mp4,train,True,30.0,132,300,300,4.4
PWi1hx2Omgo,jewelery,6.0,utility item,True,/home/dipshikha/Music/cao/CISLR_v1.5-a_videos/PWi1hx2Omgo.mp4,train,True,25.0,126,300,300,5.04
PWuJv2FHsvA_1,bed,8.0,utility item,True,/home/dipshikha/Music/cao/CISLR_v1.5-a_videos/PWuJv2FHsvA_1.mp4,train,True,30.0,120,300,300,4.0
PX-5cHBSak0_2,uranus,10.0,astronomical,True,/home/dipshikha/Music/cao/CISLR_v1.5-a_videos/PX-5cHBSak0_2.mp4,train,True,30.0,128,300,300,4.266666666666667
PXEWAfcfs_A_2,appreciation,8.0,emotion,True,/home/dipshikha/Music/cao/CISLR_v1.5-a_videos/PXEWAfcfs_A_2.mp4,train,True,30.0,114,300,300,3.8
PY11Ny4fz3A_1,paid up capital,9.0,banking,True,/home/dipshikha/Music/cao/CISLR_v1.5-a_videos/PY11Ny4fz3A_1.mp4,train,True,30.0,135,300,300,4.5
PZONaOEO8AQ_1,small,7.0,quality,True,/home/dipshikha/Music/cao/CISLR_v1.5-a_videos/PZONaOEO8AQ_1.mp4,train,True,25.0,75,300,300,3.0
P_o20L8zhHU,themselves,5.0,relation,True,/home/dipshikha/Music/cao/CISLR_v1.5-a_videos/P_o20L8zhHU.mp4,train,True,25.0,113,300,300,4.52
PaFoWYRBizg,abdicate,12.0,action,True,/home/dipshikha/Music/cao/CISLR_v1.5-a_videos/PaFoWYRBizg.mp4,test,True,24.0,284,300,300,11.833333333333334
PaOVb_cMohw_1,hindu,5.0,religious,True,/home/dipshikha/Music/cao/CISLR_v1.5-a_videos/PaOVb_cMohw_1.mp4,train,True,25.0,63,300,300,2.52
PaXZzVi_OsY_1,region,6.0,spatial position,True,/home/dipshikha/Music/cao/CISLR_v1.5-a_videos/PaXZzVi_OsY_1.mp4,train,True,30.0,75,300,300,2.5
Pb7q2FmzWS8_1,mat,8.0,utility item,True,/home/dipshikha/Music/cao/CISLR_v1.5-a_videos/Pb7q2FmzWS8_1.mp4,test,True,30.0,105,300,300,3.5
Pbf2EXs2e4k,catch  stitch,11.0,wearable,True,/home/dipshikha/Music/cao/CISLR_v1.5-a_videos/Pbf2EXs2e4k.mp4,train,True,25.0,273,300,300,10.92
PbfCur5zsw8,poison,9.0,medical,True,/home/dipshikha/Music/cao/CISLR_v1.5-a_videos/PbfCur5zsw8.mp4,train,True,25.0,205,300,300,8.2
PeH-ArgS-fw_1,brown,8.0,attribute,True,/home/dipshikha/Music/cao/CISLR_v1.5-a_videos/PeH-ArgS-fw_1.mp4,test,True,30.0,120,300,300,4.0
PemmRc-BA94,kerala,5.0,geography,True,/home/dipshikha/Music/cao/CISLR_v1.5-a_videos/PemmRc-BA94.mp4,test,True,25.0,111,300,300,4.44
PerHf9tanw0_2,anticlockwise,8.0,metric,True,/home/dipshikha/Music/cao/CISLR_v1.5-a_videos/PerHf9tanw0_2.mp4,train,True,30.0,104,300,300,3.466666666666667
Pf8tWovZQ2U,baluster,7.0,construction,True,/home/dipshikha/Music/cao/CISLR_v1.5-a_videos/Pf8tWovZQ2U.mp4,train,True,25.0,150,300,300,6.0
PffO6Uac1uY,permission,4.0,abstract,True,/home/dipshikha/Music/cao/CISLR_v1.5-a_videos/PffO6Uac1uY.mp4,train,True,25.0,76,300,300,3.04
Pgm4Qs_l-EE_1,buffalo,7.0,flora and fauna,True,/home/dipshikha/Music/cao/CISLR_v1.5-a_videos/Pgm4Qs_l-EE_1.mp4,test,True,30.0,105,300,300,3.5
PhkRGU9K9ZY_1,light,6.0,physics,True,/home/dipshikha/Music/cao/CISLR_v1.5-a_videos/PhkRGU9K9ZY_1.mp4,test,True,30.0,90,300,300,3.0
PiSY8MIVoMs_1,ice cream,6.0,foods and drinks,True,/home/dipshikha/Music/cao/CISLR_v1.5-a_videos/PiSY8MIVoMs_1.mp4,train,True,25.0,75,300,300,3.0
PijCNItuc1E_1,site,9.0,construction,True,/home/dipshikha/Music/cao/CISLR_v1.5-a_videos/PijCNItuc1E_1.mp4,train,True,30.0,120,300,300,4.0
Pj0MkbEahC8,toothpaste,5.0,utility item,True,/home/dipshikha/Music/cao/CISLR_v1.5-a_videos/Pj0MkbEahC8.mp4,train,True,25.0,107,300,300,4.28
Pl5J3391Pao_1,cash remmitance,10.0,banking,True,/home/dipshikha/Music/cao/CISLR_v1.5-a_videos/Pl5J3391Pao_1.mp4,train,True,30.0,135,300,300,4.5
Pl5cCJ2SVN8_1,junior,10.0,attribute,True,/home/dipshikha/Music/cao/CISLR_v1.5-a_videos/Pl5cCJ2SVN8_1.mp4,train,True,30.0,135,300,300,4.5
PlEUE-SExy8,canara bank,5.0,banking,True,/home/dipshikha/Music/cao/CISLR_v1.5-a_videos/PlEUE-SExy8.mp4,train,True,24.0,118,300,300,4.916666666666667
PlYZEnLNpdQ_1,shipping freight,10.0,transport,True,/home/dipshikha/Music/cao/CISLR_v1.5-a_videos/PlYZEnLNpdQ_1.mp4,train,True,30.0,135,300,300,4.5
PlitAZnyimo_1,noon,7.0,time,True,/home/dipshikha/Music/cao/CISLR_v1.5-a_videos/PlitAZnyimo_1.mp4,test,True,30.0,105,300,300,3.5
PnAOEoaN0tU_1,rotate,7.0,action,True,/home/dipshikha/Music/cao/CISLR_v1.5-a_videos/PnAOEoaN0tU_1.mp4,train,True,25.0,75,300,300,3.0
PnwR2TZB_9w,pickpocket,13.0,action,True,/home/dipshikha/Music/cao/CISLR_v1.5-a_videos/PnwR2TZB_9w.mp4,train,True,25.0,309,300,300,12.36
PpE3Mdz1Z4w,seed,5.0,foods and drinks,True,/home/dipshikha/Music/cao/CISLR_v1.5-a_videos/PpE3Mdz1Z4w.mp4,test,True,25.0,119,300,300,4.76
Ppbq_RDljyA_1,france,7.0,geography,True,/home/dipshikha/Music/cao/CISLR_v1.5-a_videos/Ppbq_RDljyA_1.mp4,train,True,25.0,75,300,300,3.0
Pq-OLkv13Bw,light,4.0,physics,True,/home/dipshikha/Music/cao/CISLR_v1.5-a_videos/Pq-OLkv13Bw.mp4,test,True,25.0,82,300,300,3.28
Pq7GkdMqan8,rough,4.0,sensation,True,/home/dipshikha/Music/cao/CISLR_v1.5-a_videos/Pq7GkdMqan8.mp4,test,True,25.0,89,300,300,3.56
PqOEUuH2gj4,try,3.0,action,True,/home/dipshikha/Music/cao/CISLR_v1.5-a_videos/PqOEUuH2gj4.mp4,test,True,25.0,74,300,300,2.96
PqftjzLnMEM_1,stock,6.0,banking,True,/home/dipshikha/Music/cao/CISLR_v1.5-a_videos/PqftjzLnMEM_1.mp4,train,True,30.0,75,300,300,2.5
Pqm1i-zg24o_1,eagle,9.0,flora and fauna,True,/home/dipshikha/Music/cao/CISLR_v1.5-a_videos/Pqm1i-zg24o_1.mp4,test,True,30.0,120,300,300,4.0
Pro1Tbg-LE8,swap,3.0,action,True,/home/dipshikha/Music/cao/CISLR_v1.5-a_videos/Pro1Tbg-LE8.mp4,train,True,25.0,72,300,300,2.88
Ps4VoPyMAb8,baseball,5.0,sport,True,/home/dipshikha/Music/cao/CISLR_v1.5-a_videos/Ps4VoPyMAb8.mp4,train,True,25.0,103,300,300,4.12
Psd08qZsYnQ,word pad,9.0,utility item,True,/home/dipshikha/Music/cao/CISLR_v1.5-a_videos/Psd08qZsYnQ.mp4,train,True,25.0,209,300,300,8.36
PsdIuGsFt9c_1,remove,7.0,action,True,/home/dipshikha/Music/cao/CISLR_v1.5-a_videos/PsdIuGsFt9c_1.mp4,test,True,25.0,75,300,300,3.0
Psk7z4TM-yM,wiring,13.0,action,True,/home/dipshikha/Music/cao/CISLR_v1.5-a_videos/Psk7z4TM-yM.mp4,train,True,25.0,314,300,300,12.56
Pu9zSjEsqnk,bell,6.0,miscellaneous object,True,/home/dipshikha/Music/cao/CISLR_v1.5-a_videos/Pu9zSjEsqnk.mp4,test,True,25.0,142,300,300,5.68
PvzM89FGSp0,advertisement,4.0,internet,True,/home/dipshikha/Music/cao/CISLR_v1.5-a_videos/PvzM89FGSp0.mp4,test,True,25.0,89,300,300,3.56
PxXzMm43V0U_1,accuse,6.0,action,True,/home/dipshikha/Music/cao/CISLR_v1.5-a_videos/PxXzMm43V0U_1.mp4,train,True,25.0,63,300,300,2.52
Py0R_2XywOQ,capsicum,5.0,foods and drinks,True,/home/dipshikha/Music/cao/CISLR_v1.5-a_videos/Py0R_2XywOQ.mp4,train,True,25.0,122,300,300,4.88
Py2RBS-e9Xg,tree,5.0,flora and fauna,True,/home/dipshikha/Music/cao/CISLR_v1.5-a_videos/Py2RBS-e9Xg.mp4,test,True,25.0,115,300,300,4.6
PyQVgJzE2-Y,electric car,10.0,transport,True,/home/dipshikha/Music/cao/CISLR_v1.5-a_videos/PyQVgJzE2-Y.mp4,train,True,24.0,231,300,300,9.625
PzT1paHu8C4_2,photographic camera,8.0,instrument,True,/home/dipshikha/Music/cao/CISLR_v1.5-a_videos/PzT1paHu8C4_2.mp4,train,True,30.0,87,300,300,2.9
Q-S63Q62ZiU,venezuela,4.0,geography,True,/home/dipshikha/Music/cao/CISLR_v1.5-a_videos/Q-S63Q62ZiU.mp4,train,True,25.0,81,300,300,3.24
Q-Sg1afVMsE,flowers for pot,8.0,flora and fauna,True,/home/dipshikha/Music/cao/CISLR_v1.5-a_videos/Q-Sg1afVMsE.mp4,train,True,24.0,190,300,300,7.916666666666667
Q-jSZX4uAjY_1,coal,9.0,metal and minerals,True,/home/dipshikha/Music/cao/CISLR_v1.5-a_videos/Q-jSZX4uAjY_1.mp4,train,True,30.0,120,300,300,4.0
Q0HKbrbAj0A_1,chief,5.0,authority,True,/home/dipshikha/Music/cao/CISLR_v1.5-a_videos/Q0HKbrbAj0A_1.mp4,train,True,25.0,50,300,300,2.0
Q0SJzhLv0SQ_1,kind,8.0,behavior,True,/home/dipshikha/Music/cao/CISLR_v1.5-a_videos/Q0SJzhLv0SQ_1.mp4,test,True,30.0,105,300,300,3.5
Q1FtAjA_raE,walk,4.0,action,True,/home/dipshikha/Music/cao/CISLR_v1.5-a_videos/Q1FtAjA_raE.mp4,test,True,25.0,84,300,300,3.36
Q1zbpcSoTws,cataract,7.0,medical,True,/home/dipshikha/Music/cao/CISLR_v1.5-a_videos/Q1zbpcSoTws.mp4,train,True,25.0,170,300,300,6.8
Q25uAMfX5Fc,remember,4.0,action,True,/home/dipshikha/Music/cao/CISLR_v1.5-a_videos/Q25uAMfX5Fc.mp4,test,True,25.0,80,300,300,3.2
Q2gjYvb7fcE,birth defect,10.0,medical,True,/home/dipshikha/Music/cao/CISLR_v1.5-a_videos/Q2gjYvb7fcE.mp4,train,True,25.0,240,300,300,9.6
Q3oaDDt1Yc8_1,record,7.0,action,True,/home/dipshikha/Music/cao/CISLR_v1.5-a_videos/Q3oaDDt1Yc8_1.mp4,train,True,30.0,105,300,300,3.5
Q4JcKkId3Aw_2,kilogram,8.0,metric,True,/home/dipshikha/Music/cao/CISLR_v1.5-a_videos/Q4JcKkId3Aw_2.mp4,test,True,30.0,98,300,300,3.2666666666666666
Q4WiRFOlOu0_1,easy,6.0,comparator,True,/home/dipshikha/Music/cao/CISLR_v1.5-a_videos/Q4WiRFOlOu0_1.mp4,train,True,25.0,63,300,300,2.52
Q5uGiH8-uQk_1,paint,7.0,action,True,/home/dipshikha/Music/cao/CISLR_v1.5-a_videos/Q5uGiH8-uQk_1.mp4,train,True,25.0,75,300,300,3.0
Q65na_iR_HQ,messages videos,6.0,internet,True,/home/dipshikha/Music/cao/CISLR_v1.5-a_videos/Q65na_iR_HQ.mp4,train,True,24.0,140,300,300,5.833333333333333
Q7Ggc0qz3Jo,ridge board,15.0,construction,True,/home/dipshikha/Music/cao/CISLR_v1.5-a_videos/Q7Ggc0qz3Jo.mp4,train,True,24.0,345,300,300,14.375
Q7rYOmLAa2o,nigeria,4.0,geography,True,/home/dipshikha/Music/cao/CISLR_v1.5-a_videos/Q7rYOmLAa2o.mp4,train,True,25.0,83,300,300,3.32
Q7wCb9WlhA0,counsel,3.0,organisation,True,/home/dipshikha/Music/cao/CISLR_v1.5-a_videos/Q7wCb9WlhA0.mp4,train,True,25.0,67,300,300,2.68
Q9w0G35HNLw,anti corruption law,11.0,legal,True,/home/dipshikha/Music/cao/CISLR_v1.5-a_videos/Q9w0G35HNLw.mp4,test,True,24.0,243,300,300,10.125
QBbAwvlhH0o_1,below,6.0,spatial position,True,/home/dipshikha/Music/cao/CISLR_v1.5-a_videos/QBbAwvlhH0o_1.mp4,train,True,25.0,63,300,300,2.52
QBg2Y55juuY_1,football,7.0,sport,True,/home/dipshikha/Music/cao/CISLR_v1.5-a_videos/QBg2Y55juuY_1.mp4,train,True,25.0,75,300,300,3.0
QBjMKvsK1sk_1,black board,6.0,education,True,/home/dipshikha/Music/cao/CISLR_v1.5-a_videos/QBjMKvsK1sk_1.mp4,train,True,25.0,75,300,300,3.0
QE4UkDB3MyE,you,3.0,relation,True,/home/dipshikha/Music/cao/CISLR_v1.5-a_videos/QE4UkDB3MyE.mp4,train,True,25.0,68,300,300,2.72
QEKQr_KeKe4,easy,5.0,comparator,True,/home/dipshikha/Music/cao/CISLR_v1.5-a_videos/QEKQr_KeKe4.mp4,test,True,25.0,122,300,300,4.88
QF-_qNWaBaU_1,voucher,7.0,utility item,True,/home/dipshikha/Music/cao/CISLR_v1.5-a_videos/QF-_qNWaBaU_1.mp4,train,True,30.0,90,300,300,3.0
QF_QXmNelLk,tall,4.0,attribute,True,/home/dipshikha/Music/cao/CISLR_v1.5-a_videos/QF_QXmNelLk.mp4,test,True,25.0,81,300,300,3.24
QGozGZ4rg9c_1,biscuit,6.0,foods and drinks,True,/home/dipshikha/Music/cao/CISLR_v1.5-a_videos/QGozGZ4rg9c_1.mp4,test,True,25.0,63,300,300,2.52
QHpNcX0Ugsc,mongolia,3.0,geography,True,/home/dipshikha/Music/cao/CISLR_v1.5-a_videos/QHpNcX0Ugsc.mp4,train,True,25.0,73,300,300,2.92
QIL8ey6N_vs,red rot of sugarcane,10.0,flora and fauna,True,/home/dipshikha/Music/cao/CISLR_v1.5-a_videos/QIL8ey6N_vs.mp4,train,True,25.0,243,300,300,9.72
QIXGt2ddetI_1,bedroom,10.0,construction,True,/home/dipshikha/Music/cao/CISLR_v1.5-a_videos/QIXGt2ddetI_1.mp4,train,True,30.0,150,300,300,5.0
QIaK1zBDLkE,cambodia,3.0,geography,True,/home/dipshikha/Music/cao/CISLR_v1.5-a_videos/QIaK1zBDLkE.mp4,train,True,25.0,74,300,300,2.96
QJDAMIo3A6Y,diwali,4.0,event,True,/home/dipshikha/Music/cao/CISLR_v1.5-a_videos/QJDAMIo3A6Y.mp4,train,True,25.0,90,300,300,3.6
QJDOHjM9eb8,beautiful,3.0,attribute,True,/home/dipshikha/Music/cao/CISLR_v1.5-a_videos/QJDOHjM9eb8.mp4,train,True,25.0,65,300,300,2.6
QKEuQ32GLNc_2,electrical tester,9.0,instrument,True,/home/dipshikha/Music/cao/CISLR_v1.5-a_videos/QKEuQ32GLNc_2.mp4,train,True,30.0,115,300,300,3.8333333333333335
QLWJMrs77Kc,electrical burns,9.0,medical,True,/home/dipshikha/Music/cao/CISLR_v1.5-a_videos/QLWJMrs77Kc.mp4,train,True,25.0,204,300,300,8.16
QLx1uWXhB1g,abstention,11.0,action,True,/home/dipshikha/Music/cao/CISLR_v1.5-a_videos/QLx1uWXhB1g.mp4,train,True,25.0,252,300,300,10.08
QM3TDqfMMWY_1,process,6.0,event,True,/home/dipshikha/Music/cao/CISLR_v1.5-a_videos/QM3TDqfMMWY_1.mp4,test,True,30.0,90,300,300,3.0
QMEYstHkpA0_2,light,7.0,physics,True,/home/dipshikha/Music/cao/CISLR_v1.5-a_videos/QMEYstHkpA0_2.mp4,test,True,30.0,84,300,300,2.8
QMFllz8bqbI,zipper,6.0,utility item,True,/home/dipshikha/Music/cao/CISLR_v1.5-a_videos/QMFllz8bqbI.mp4,train,True,25.0,145,300,300,5.8
QNqJ9kQ5xT4,norfolk jacket,9.0,wearable,True,/home/dipshikha/Music/cao/CISLR_v1.5-a_videos/QNqJ9kQ5xT4.mp4,train,True,25.0,217,300,300,8.68
QOXSBvW5Pds_2,zero error,8.0,quality,True,/home/dipshikha/Music/cao/CISLR_v1.5-a_videos/QOXSBvW5Pds_2.mp4,train,True,30.0,84,300,300,2.8
QPHySC61DCY_1,bud,6.0,flora and fauna,True,/home/dipshikha/Music/cao/CISLR_v1.5-a_videos/QPHySC61DCY_1.mp4,test,True,30.0,75,300,300,2.5
QQJQeK3IU4o_2,round,13.0,math,True,/home/dipshikha/Music/cao/CISLR_v1.5-a_videos/QQJQeK3IU4o_2.mp4,test,True,30.0,165,300,300,5.5
QRTBO6eAlFY,adult,4.0,stage,True,/home/dipshikha/Music/cao/CISLR_v1.5-a_videos/QRTBO6eAlFY.mp4,train,True,24.0,90,300,300,3.75
QRTZR4dcC6k_2,black,10.0,quality,True,/home/dipshikha/Music/cao/CISLR_v1.5-a_videos/QRTZR4dcC6k_2.mp4,test,True,30.0,95,300,300,3.1666666666666665
QRtqJ1CnS0U_1,cave,9.0,geography,True,/home/dipshikha/Music/cao/CISLR_v1.5-a_videos/QRtqJ1CnS0U_1.mp4,train,True,25.0,113,300,300,4.52
QSdgD2M4Xdw,word,4.0,language,True,/home/dipshikha/Music/cao/CISLR_v1.5-a_videos/QSdgD2M4Xdw.mp4,train,True,25.0,94,300,300,3.76
QSg-1wqJezg_1,ask,7.0,action,True,/home/dipshikha/Music/cao/CISLR_v1.5-a_videos/QSg-1wqJezg_1.mp4,train,True,25.0,75,300,300,3.0
QT4Su3HeNoE_1,under valuation,13.0,quality,True,/home/dipshikha/Music/cao/CISLR_v1.5-a_videos/QT4Su3HeNoE_1.mp4,train,True,29.916666666666668,180,300,300,6.016713091922005
QTSZAgSMfio_2,division,9.0,action,True,/home/dipshikha/Music/cao/CISLR_v1.5-a_videos/QTSZAgSMfio_2.mp4,test,True,30.0,106,300,300,3.533333333333333
QTyJEcqXDTg_1,duck,7.0,flora and fauna,True,/home/dipshikha/Music/cao/CISLR_v1.5-a_videos/QTyJEcqXDTg_1.mp4,test,True,30.0,90,300,300,3.0
QU-ZlgFpBVw_2,compression,8.0,physics,True,/home/dipshikha/Music/cao/CISLR_v1.5-a_videos/QU-ZlgFpBVw_2.mp4,train,True,30.0,100,300,300,3.333333333333333
QVZZq9BDyhA_2,interference,9.0,process,True,/home/dipshikha/Music/cao/CISLR_v1.5-a_videos/QVZZq9BDyhA_2.mp4,train,True,30.0,107,300,300,3.566666666666667
QVrRwXgj7GU_1,worth,7.0,abstract,True,/home/dipshikha/Music/cao/CISLR_v1.5-a_videos/QVrRwXgj7GU_1.mp4,train,True,30.0,90,300,300,3.0
QWN6Q7XTChg_2,rhythmic,11.0,sound,True,/home/dipshikha/Music/cao/CISLR_v1.5-a_videos/QWN6Q7XTChg_2.mp4,train,True,30.0,132,300,300,4.4
QWrJAZS_jNk_2,quota,7.0,banking,True,/home/dipshikha/Music/cao/CISLR_v1.5-a_videos/QWrJAZS_jNk_2.mp4,train,True,30.0,96,300,300,3.2
QX2YCbSelwo,rjd,6.0,politics,True,/home/dipshikha/Music/cao/CISLR_v1.5-a_videos/QX2YCbSelwo.mp4,train,True,24.0,119,300,300,4.958333333333333
QXQ8ILhehkI,thirteen,4.0,math,True,/home/dipshikha/Music/cao/CISLR_v1.5-a_videos/QXQ8ILhehkI.mp4,train,True,25.0,84,300,300,3.36
QXRCiVRaHsI_1,these,5.0,relation,True,/home/dipshikha/Music/cao/CISLR_v1.5-a_videos/QXRCiVRaHsI_1.mp4,train,True,25.0,50,300,300,2.0
QYaPv88J2iE,kitchen,6.0,foods and drinks,True,/home/dipshikha/Music/cao/CISLR_v1.5-a_videos/QYaPv88J2iE.mp4,test,True,25.0,143,300,300,5.72
QYkPPw0ePck,seed,7.0,foods and drinks,True,/home/dipshikha/Music/cao/CISLR_v1.5-a_videos/QYkPPw0ePck.mp4,test,True,30.0,58,300,300,1.9333333333333331
QYnm3ITnMb4_1,product,7.0,miscellaneous object,True,/home/dipshikha/Music/cao/CISLR_v1.5-a_videos/QYnm3ITnMb4_1.mp4,train,True,30.0,105,300,300,3.5
Q_wBjlTT4GY_1,dim,8.0,attribute,True,/home/dipshikha/Music/cao/CISLR_v1.5-a_videos/Q_wBjlTT4GY_1.mp4,train,True,25.0,88,300,300,3.52
QaB25cChRXc_1,courier,10.0,transport,True,/home/dipshikha/Music/cao/CISLR_v1.5-a_videos/QaB25cChRXc_1.mp4,train,True,30.0,150,300,300,5.0
Qb3nTAfOz2Q,country,7.0,geography,True,/home/dipshikha/Music/cao/CISLR_v1.5-a_videos/Qb3nTAfOz2Q.mp4,train,True,25.0,151,300,300,6.04
Qc72veU0a6g_1,ball,5.0,sport,True,/home/dipshikha/Music/cao/CISLR_v1.5-a_videos/Qc72veU0a6g_1.mp4,train,True,25.0,50,300,300,2.0
QcQGHMntX5c_1,signature,7.0,readable,True,/home/dipshikha/Music/cao/CISLR_v1.5-a_videos/QcQGHMntX5c_1.mp4,train,True,30.0,90,300,300,3.0
QdOmsCK3gHg_1,jam,6.0,foods and drinks,True,/home/dipshikha/Music/cao/CISLR_v1.5-a_videos/QdOmsCK3gHg_1.mp4,train,True,25.0,75,300,300,3.0
QeNE9BjginQ_1,specimen,10.0,biology,True,/home/dipshikha/Music/cao/CISLR_v1.5-a_videos/QeNE9BjginQ_1.mp4,train,True,30.0,135,300,300,4.5
QfGq9Md-D2o_1,cash receipt,9.0,banking,True,/home/dipshikha/Music/cao/CISLR_v1.5-a_videos/QfGq9Md-D2o_1.mp4,train,True,30.0,120,300,300,4.0
QhgyOz4p-iM_2,stepdown transformer,15.0,physics,True,/home/dipshikha/Music/cao/CISLR_v1.5-a_videos/QhgyOz4p-iM_2.mp4,train,True,30.0,189,300,300,6.3
QhhIAUupAeo_1,nut,6.0,instrument,True,/home/dipshikha/Music/cao/CISLR_v1.5-a_videos/QhhIAUupAeo_1.mp4,train,True,25.0,75,300,300,3.0
Qhvb075HF_Y,clock,5.0,utility item,True,/home/dipshikha/Music/cao/CISLR_v1.5-a_videos/Qhvb075HF_Y.mp4,test,True,25.0,103,300,300,4.12
QiHtCEo3nEk,paper clip,5.0,utility item,True,/home/dipshikha/Music/cao/CISLR_v1.5-a_videos/QiHtCEo3nEk.mp4,train,True,25.0,111,300,300,4.44
QiX_rb7Lm3I,close friend,6.0,relation,True,/home/dipshikha/Music/cao/CISLR_v1.5-a_videos/QiX_rb7Lm3I.mp4,train,True,25.0,150,300,300,6.0
Qiit5KIeWFw_2,music,9.0,sound,True,/home/dipshikha/Music/cao/CISLR_v1.5-a_videos/Qiit5KIeWFw_2.mp4,train,True,30.0,102,300,300,3.4
QkHS0W8x2M4,bellboy jacket,5.0,wearable,True,/home/dipshikha/Music/cao/CISLR_v1.5-a_videos/QkHS0W8x2M4.mp4,train,True,25.0,112,300,300,4.48
QkIAlWUDxPo_1,account head,12.0,banking,True,/home/dipshikha/Music/cao/CISLR_v1.5-a_videos/QkIAlWUDxPo_1.mp4,train,True,30.0,180,300,300,6.0
QlEKJLgEWMg,quantity,4.0,quantity,True,/home/dipshikha/Music/cao/CISLR_v1.5-a_videos/QlEKJLgEWMg.mp4,test,True,25.0,86,300,300,3.44
QlqLuC-1u1U_1,mother,9.0,relation,True,/home/dipshikha/Music/cao/CISLR_v1.5-a_videos/QlqLuC-1u1U_1.mp4,test,True,30.0,135,300,300,4.5
QlvGeWOzc-0_1,south america,8.0,geography,True,/home/dipshikha/Music/cao/CISLR_v1.5-a_videos/QlvGeWOzc-0_1.mp4,train,True,25.0,88,300,300,3.52
QlxwXFyAhOw_1,gardener,7.0,profession,True,/home/dipshikha/Music/cao/CISLR_v1.5-a_videos/QlxwXFyAhOw_1.mp4,test,True,25.0,75,300,300,3.0
QmCEr-G9Nug,bus conductor,5.0,human,True,/home/dipshikha/Music/cao/CISLR_v1.5-a_videos/QmCEr-G9Nug.mp4,train,True,25.0,120,300,300,4.8
QmWhfW8wyMs,start,5.0,stage,True,/home/dipshikha/Music/cao/CISLR_v1.5-a_videos/QmWhfW8wyMs.mp4,train,True,25.0,99,300,300,3.96
QmxDpQ8YY9k_2,refusal,6.0,abstract,True,/home/dipshikha/Music/cao/CISLR_v1.5-a_videos/QmxDpQ8YY9k_2.mp4,train,True,30.0,78,300,300,2.6
Qn3Yf2GDWn8,states,5.0,geography,True,/home/dipshikha/Music/cao/CISLR_v1.5-a_videos/Qn3Yf2GDWn8.mp4,train,True,25.0,124,300,300,4.96
Qo2EdbZg68A,onion,5.0,foods and drinks,True,/home/dipshikha/Music/cao/CISLR_v1.5-a_videos/Qo2EdbZg68A.mp4,test,True,25.0,109,300,300,4.36
Qom3R9ndKoc,regulator,5.0,electronic and electrical,True,/home/dipshikha/Music/cao/CISLR_v1.5-a_videos/Qom3R9ndKoc.mp4,train,True,25.0,121,300,300,4.84
QowRgF354O8,quarter,12.0,math,True,/home/dipshikha/Music/cao/CISLR_v1.5-a_videos/QowRgF354O8.mp4,train,True,25.0,291,300,300,11.64
QpcvD-hUihA_1,rank,8.0,organisation,True,/home/dipshikha/Music/cao/CISLR_v1.5-a_videos/QpcvD-hUihA_1.mp4,test,True,29.916666666666668,105,300,300,3.5097493036211698
QqBeIG-uvM8,camouflage,9.0,attribute,True,/home/dipshikha/Music/cao/CISLR_v1.5-a_videos/QqBeIG-uvM8.mp4,train,True,25.0,216,300,300,8.64
QqCdT8DJ2r0_1,window,8.0,construction,True,/home/dipshikha/Music/cao/CISLR_v1.5-a_videos/QqCdT8DJ2r0_1.mp4,test,True,30.0,120,300,300,4.0
Qs2XJTA7LWU_2,potential energy,11.0,physics,True,/home/dipshikha/Music/cao/CISLR_v1.5-a_videos/Qs2XJTA7LWU_2.mp4,train,True,30.0,130,300,300,4.333333333333333
QsQkRAFAKWM,delegate,3.0,authority,True,/home/dipshikha/Music/cao/CISLR_v1.5-a_videos/QsQkRAFAKWM.mp4,test,True,24.0,69,300,300,2.875
QsgOFiTSpa8_1,school bag,6.0,utility item,True,/home/dipshikha/Music/cao/CISLR_v1.5-a_videos/QsgOFiTSpa8_1.mp4,test,True,25.0,63,300,300,2.52
Qt7PxYKRi7c_1,write,6.0,action,True,/home/dipshikha/Music/cao/CISLR_v1.5-a_videos/Qt7PxYKRi7c_1.mp4,train,True,25.0,75,300,300,3.0
QtR5-M2w3RQ,consent,6.0,process,True,/home/dipshikha/Music/cao/CISLR_v1.5-a_videos/QtR5-M2w3RQ.mp4,train,True,25.0,131,300,300,5.24
Qu5KH6X5dd8_1,he,7.0,language,True,/home/dipshikha/Music/cao/CISLR_v1.5-a_videos/Qu5KH6X5dd8_1.mp4,train,True,25.0,88,300,300,3.52
QvOMfMtfb7k_1,rate concessional,6.0,banking,True,/home/dipshikha/Music/cao/CISLR_v1.5-a_videos/QvOMfMtfb7k_1.mp4,train,True,30.0,90,300,300,3.0
QvuS8pyY2a0_2,decimal,9.0,math,True,/home/dipshikha/Music/cao/CISLR_v1.5-a_videos/QvuS8pyY2a0_2.mp4,train,True,30.0,117,300,300,3.9
Qwa5c4aDFaY_1,heart,8.0,biology,True,/home/dipshikha/Music/cao/CISLR_v1.5-a_videos/Qwa5c4aDFaY_1.mp4,train,True,30.0,105,300,300,3.5
QxTqhAxngF0_1,sub head,9.0,authority,True,/home/dipshikha/Music/cao/CISLR_v1.5-a_videos/QxTqhAxngF0_1.mp4,train,True,30.0,135,300,300,4.5
Qy07r-5SdkA_1,little,6.0,quantity,True,/home/dipshikha/Music/cao/CISLR_v1.5-a_videos/Qy07r-5SdkA_1.mp4,train,True,25.0,63,300,300,2.52
QyL43-YjgK8,nice,4.0,quality,True,/home/dipshikha/Music/cao/CISLR_v1.5-a_videos/QyL43-YjgK8.mp4,train,True,25.0,78,300,300,3.12
Qy_q0sAucuw,teacher,5.0,profession,True,/home/dipshikha/Music/cao/CISLR_v1.5-a_videos/Qy_q0sAucuw.mp4,test,True,25.0,108,300,300,4.32
QyxD5H8-cHE,slow passenger train,5.0,transport,True,/home/dipshikha/Music/cao/CISLR_v1.5-a_videos/QyxD5H8-cHE.mp4,train,True,25.0,116,300,300,4.64
QzFmQvfUaa0_1,self balancing,9.0,attribute,True,/home/dipshikha/Music/cao/CISLR_v1.5-a_videos/QzFmQvfUaa0_1.mp4,train,True,30.0,135,300,300,4.5
QzVK5LtCZkw_1,trouble,6.0,stage,True,/home/dipshikha/Music/cao/CISLR_v1.5-a_videos/QzVK5LtCZkw_1.mp4,test,True,30.0,90,300,300,3.0
R-IpftpYr2g,bored,5.0,attribute,True,/home/dipshikha/Music/cao/CISLR_v1.5-a_videos/R-IpftpYr2g.mp4,train,True,25.0,109,300,300,4.36
R-fKz1aaXRI_2,random motion,11.0,physics,True,/home/dipshikha/Music/cao/CISLR_v1.5-a_videos/R-fKz1aaXRI_2.mp4,train,True,30.0,146,300,300,4.866666666666666
R07yPaWBR8g,operation,6.0,medical,True,/home/dipshikha/Music/cao/CISLR_v1.5-a_videos/R07yPaWBR8g.mp4,test,True,25.0,138,300,300,5.52
R0JV03iiFtU,promotion,6.0,organisation,True,/home/dipshikha/Music/cao/CISLR_v1.5-a_videos/R0JV03iiFtU.mp4,test,True,25.0,126,300,300,5.04
R1jaD2vHFNY_1,monday,5.0,time,True,/home/dipshikha/Music/cao/CISLR_v1.5-a_videos/R1jaD2vHFNY_1.mp4,test,True,30.0,60,300,300,2.0
R1moiZ5YFMw_2,wave,8.0,physics,True,/home/dipshikha/Music/cao/CISLR_v1.5-a_videos/R1moiZ5YFMw_2.mp4,test,True,30.0,102,300,300,3.4
R22GF3-wqUY,traditional,5.0,abstract,True,/home/dipshikha/Music/cao/CISLR_v1.5-a_videos/R22GF3-wqUY.mp4,train,True,25.0,116,300,300,4.64
R3jDoLjKAa0,bias cowl dress,9.0,wearable,True,/home/dipshikha/Music/cao/CISLR_v1.5-a_videos/R3jDoLjKAa0.mp4,train,True,25.0,207,300,300,8.28
R3jedCIQWrE,star,5.0,astronomical,True,/home/dipshikha/Music/cao/CISLR_v1.5-a_videos/R3jedCIQWrE.mp4,test,True,25.0,104,300,300,4.16
R3s7Vetdseg_2,wind energy,9.0,physics,True,/home/dipshikha/Music/cao/CISLR_v1.5-a_videos/R3s7Vetdseg_2.mp4,train,True,30.0,103,300,300,3.433333333333333
R4uJr2ys09Y_1,affidavit,11.0,banking,True,/home/dipshikha/Music/cao/CISLR_v1.5-a_videos/R4uJr2ys09Y_1.mp4,train,True,29.916666666666668,150,300,300,5.013927576601671
R5k5q5laIfk_2,calorie,10.0,foods and drinks,True,/home/dipshikha/Music/cao/CISLR_v1.5-a_videos/R5k5q5laIfk_2.mp4,train,True,30.0,128,300,300,4.266666666666667
R5lzZf3MVaY_1,sanction,5.0,legal,True,/home/dipshikha/Music/cao/CISLR_v1.5-a_videos/R5lzZf3MVaY_1.mp4,train,True,30.0,75,300,300,2.5
R6ILTJGPlUo,goldfish,6.0,flora and fauna,True,/home/dipshikha/Music/cao/CISLR_v1.5-a_videos/R6ILTJGPlUo.mp4,train,True,25.0,130,300,300,5.2
R6KdIjSPkvo,vision,5.0,abstract,True,/home/dipshikha/Music/cao/CISLR_v1.5-a_videos/R6KdIjSPkvo.mp4,test,True,25.0,112,300,300,4.48
R7P29MkehIM_1,plastic,7.0,miscellaneous object,True,/home/dipshikha/Music/cao/CISLR_v1.5-a_videos/R7P29MkehIM_1.mp4,train,True,30.0,105,300,300,3.5
R7lhpy6_niU_2,angle of refraction,10.0,physics,True,/home/dipshikha/Music/cao/CISLR_v1.5-a_videos/R7lhpy6_niU_2.mp4,train,True,30.0,111,300,300,3.7
RAvAYYM05v4,shimla,4.0,geography,True,/home/dipshikha/Music/cao/CISLR_v1.5-a_videos/RAvAYYM05v4.mp4,test,True,25.0,85,300,300,3.4
RCd8Aat8xa4_1,hockey,5.0,sport,True,/home/dipshikha/Music/cao/CISLR_v1.5-a_videos/RCd8Aat8xa4_1.mp4,train,True,25.0,63,300,300,2.52
RCdDeF6erqo,chamber,15.0,construction,True,/home/dipshikha/Music/cao/CISLR_v1.5-a_videos/RCdDeF6erqo.mp4,train,True,25.0,362,300,300,14.48
RDrpOAnwThg_1,iron,7.0,metal and minerals,True,/home/dipshikha/Music/cao/CISLR_v1.5-a_videos/RDrpOAnwThg_1.mp4,test,True,30.0,90,300,300,3.0
REPEztEF060_1,envelope,6.0,utility item,True,/home/dipshikha/Music/cao/CISLR_v1.5-a_videos/REPEztEF060_1.mp4,train,True,25.0,75,300,300,3.0
RGDTXsCvZBQ,thousand,5.0,math,True,/home/dipshikha/Music/cao/CISLR_v1.5-a_videos/RGDTXsCvZBQ.mp4,train,True,25.0,117,300,300,4.68
RHetQGTr7nU_1,continue,6.0,process,True,/home/dipshikha/Music/cao/CISLR_v1.5-a_videos/RHetQGTr7nU_1.mp4,train,True,25.0,63,300,300,2.52
RIWIAARKqCo,africa,4.0,geography,True,/home/dipshikha/Music/cao/CISLR_v1.5-a_videos/RIWIAARKqCo.mp4,test,True,25.0,86,300,300,3.44
RIo6nyBv2oY_1,table tennis,5.0,sport,True,/home/dipshikha/Music/cao/CISLR_v1.5-a_videos/RIo6nyBv2oY_1.mp4,test,True,25.0,63,300,300,2.52
RJ2_mx6DsmA_1,brush,5.0,utility item,True,/home/dipshikha/Music/cao/CISLR_v1.5-a_videos/RJ2_mx6DsmA_1.mp4,train,True,25.0,63,300,300,2.52
RJVa8OUU9pA_1,close,5.0,action,True,/home/dipshikha/Music/cao/CISLR_v1.5-a_videos/RJVa8OUU9pA_1.mp4,train,True,25.0,50,300,300,2.0
RKMKhsFem98,jd u,4.0,politics,True,/home/dipshikha/Music/cao/CISLR_v1.5-a_videos/RKMKhsFem98.mp4,train,True,25.0,95,300,300,3.8
RLYcKEP4af0,rjd,4.0,politics,True,/home/dipshikha/Music/cao/CISLR_v1.5-a_videos/RLYcKEP4af0.mp4,test,True,25.0,87,300,300,3.48
RMFMc1KxwPM_1,why,5.0,abstract,True,/home/dipshikha/Music/cao/CISLR_v1.5-a_videos/RMFMc1KxwPM_1.mp4,test,True,25.0,63,300,300,2.52
RMo1aaidZJo_1,august,6.0,time,True,/home/dipshikha/Music/cao/CISLR_v1.5-a_videos/RMo1aaidZJo_1.mp4,test,True,30.0,75,300,300,2.5
RN3kLXQdNcc,paramedic,7.0,medical,True,/home/dipshikha/Music/cao/CISLR_v1.5-a_videos/RN3kLXQdNcc.mp4,train,True,25.0,152,300,300,6.08
ROF9TjG0q34_1,tamil,6.0,language,True,/home/dipshikha/Music/cao/CISLR_v1.5-a_videos/ROF9TjG0q34_1.mp4,test,True,25.0,75,300,300,3.0
RPzCiRXVcr8,meager,4.0,quantity,True,/home/dipshikha/Music/cao/CISLR_v1.5-a_videos/RPzCiRXVcr8.mp4,train,True,25.0,89,300,300,3.56
RQ02eJz61lk_1,mosque,6.0,religious,True,/home/dipshikha/Music/cao/CISLR_v1.5-a_videos/RQ02eJz61lk_1.mp4,train,True,25.0,75,300,300,3.0
RQEHiQQ25bY_1,ambulance,7.0,medical,True,/home/dipshikha/Music/cao/CISLR_v1.5-a_videos/RQEHiQQ25bY_1.mp4,train,True,25.0,88,300,300,3.52
RRX3vZmNyw4_1,sound,7.0,sound,True,/home/dipshikha/Music/cao/CISLR_v1.5-a_videos/RRX3vZmNyw4_1.mp4,train,True,25.0,75,300,300,3.0
RTvZD8AZs64,large,4.0,quantity,True,/home/dipshikha/Music/cao/CISLR_v1.5-a_videos/RTvZD8AZs64.mp4,train,True,25.0,84,300,300,3.36
RUKgTVVuVcg,increase,5.0,comparator,True,/home/dipshikha/Music/cao/CISLR_v1.5-a_videos/RUKgTVVuVcg.mp4,test,True,25.0,115,300,300,4.6
RVKZfvYZHks_1,cheat,6.0,action,True,/home/dipshikha/Music/cao/CISLR_v1.5-a_videos/RVKZfvYZHks_1.mp4,train,True,30.0,75,300,300,2.5
RX34_NaukPo_1,tortoise,6.0,flora and fauna,True,/home/dipshikha/Music/cao/CISLR_v1.5-a_videos/RX34_NaukPo_1.mp4,test,True,30.0,75,300,300,2.5
RYeWs0MPMEA_1,terrace,9.0,construction,True,/home/dipshikha/Music/cao/CISLR_v1.5-a_videos/RYeWs0MPMEA_1.mp4,test,True,30.0,135,300,300,4.5
RZo8XEvx1G8,confirm,5.0,process,True,/home/dipshikha/Music/cao/CISLR_v1.5-a_videos/RZo8XEvx1G8.mp4,test,True,25.0,122,300,300,4.88
RZymw-Gk26s_1,denomination,12.0,banking,True,/home/dipshikha/Music/cao/CISLR_v1.5-a_videos/RZymw-Gk26s_1.mp4,train,True,30.0,180,300,300,6.0
R_6XeLEZzu0_1,proforma,8.0,legal,True,/home/dipshikha/Music/cao/CISLR_v1.5-a_videos/R_6XeLEZzu0_1.mp4,train,True,30.0,105,300,300,3.5
Ra22ZVhrcxw,revise,13.0,action,True,/home/dipshikha/Music/cao/CISLR_v1.5-a_videos/Ra22ZVhrcxw.mp4,train,True,25.0,309,300,300,12.36
RaT4rhSnixI_1,friday,5.0,time,True,/home/dipshikha/Music/cao/CISLR_v1.5-a_videos/RaT4rhSnixI_1.mp4,test,True,30.0,75,300,300,2.5
RaTUMGgYYTY,pdp,5.0,politics,True,/home/dipshikha/Music/cao/CISLR_v1.5-a_videos/RaTUMGgYYTY.mp4,train,True,24.0,116,300,300,4.833333333333333
Rah844Dfxf8,water lifting equipments,13.0,electronic and electrical,True,/home/dipshikha/Music/cao/CISLR_v1.5-a_videos/Rah844Dfxf8.mp4,train,True,24.0,300,300,300,12.5
RbTU0PE3ebM,notification,5.0,legal,True,/home/dipshikha/Music/cao/CISLR_v1.5-a_videos/RbTU0PE3ebM.mp4,train,True,25.0,120,300,300,4.8
Rc4vFhGRgIs,cat,4.0,flora and fauna,True,/home/dipshikha/Music/cao/CISLR_v1.5-a_videos/Rc4vFhGRgIs.mp4,train,True,25.0,96,300,300,3.84
RcWDXAwySlM,power sockets,6.0,electronic and electrical,True,/home/dipshikha/Music/cao/CISLR_v1.5-a_videos/RcWDXAwySlM.mp4,train,True,25.0,149,300,300,5.96
RcZ64U1ydeg,clown,7.0,entertainment,True,/home/dipshikha/Music/cao/CISLR_v1.5-a_videos/RcZ64U1ydeg.mp4,train,True,25.0,154,300,300,6.16
Rc_b4h5nFqo,bottle,5.0,utility item,True,/home/dipshikha/Music/cao/CISLR_v1.5-a_videos/Rc_b4h5nFqo.mp4,test,True,25.0,117,300,300,4.68
Rd6B7wNJ2wQ,pair,6.0,group,True,/home/dipshikha/Music/cao/CISLR_v1.5-a_videos/Rd6B7wNJ2wQ.mp4,train,True,25.0,132,300,300,5.28
RdhTo_18rQg,sightseeing,6.0,entertainment,True,/home/dipshikha/Music/cao/CISLR_v1.5-a_videos/RdhTo_18rQg.mp4,train,True,25.0,141,300,300,5.64
RdySS4hQE0s,division,15.0,action,True,/home/dipshikha/Music/cao/CISLR_v1.5-a_videos/RdySS4hQE0s.mp4,test,True,25.0,353,300,300,14.12
ReA3MBOOJZU_1,secondary,8.0,attribute,True,/home/dipshikha/Music/cao/CISLR_v1.5-a_videos/ReA3MBOOJZU_1.mp4,train,True,30.0,120,300,300,4.0
ReGozpDkRcc,dream,4.0,behavior,True,/home/dipshikha/Music/cao/CISLR_v1.5-a_videos/ReGozpDkRcc.mp4,train,True,25.0,84,300,300,3.36
RfTlPy0yoLg,beer,4.0,foods and drinks,True,/home/dipshikha/Music/cao/CISLR_v1.5-a_videos/RfTlPy0yoLg.mp4,test,True,25.0,76,300,300,3.04
RfhBkV1VBNo_1,tribunal,6.0,legal,True,/home/dipshikha/Music/cao/CISLR_v1.5-a_videos/RfhBkV1VBNo_1.mp4,train,True,30.0,90,300,300,3.0
RhEpVt-AEK8,lion,7.0,flora and fauna,True,/home/dipshikha/Music/cao/CISLR_v1.5-a_videos/RhEpVt-AEK8.mp4,test,True,25.0,150,300,300,6.0
RhS6nAUP3C4,united kingdom,3.0,geography,True,/home/dipshikha/Music/cao/CISLR_v1.5-a_videos/RhS6nAUP3C4.mp4,train,True,25.0,67,300,300,2.68
RhzIqPFf72k_1,mountain,9.0,geography,True,/home/dipshikha/Music/cao/CISLR_v1.5-a_videos/RhzIqPFf72k_1.mp4,test,True,25.0,100,300,300,4.0
RiAJCOudSjM_1,interim,7.0,profession,True,/home/dipshikha/Music/cao/CISLR_v1.5-a_videos/RiAJCOudSjM_1.mp4,train,True,30.0,90,300,300,3.0
RiyB_IpLUoA,chamfering,7.0,process,True,/home/dipshikha/Music/cao/CISLR_v1.5-a_videos/RiyB_IpLUoA.mp4,train,True,25.0,169,300,300,6.76
Rj6pX9wzxqA_1,sister,13.0,relation,True,/home/dipshikha/Music/cao/CISLR_v1.5-a_videos/Rj6pX9wzxqA_1.mp4,train,True,30.0,180,300,300,6.0
RjDvvpbDcHk,bihar,4.0,geography,True,/home/dipshikha/Music/cao/CISLR_v1.5-a_videos/RjDvvpbDcHk.mp4,test,True,25.0,99,300,300,3.96
RjI4uWN3FXg_1,potentiality,7.0,attribute,True,/home/dipshikha/Music/cao/CISLR_v1.5-a_videos/RjI4uWN3FXg_1.mp4,train,True,30.0,90,300,300,3.0
RjlLl95EtCQ_1,half,9.0,math,True,/home/dipshikha/Music/cao/CISLR_v1.5-a_videos/RjlLl95EtCQ_1.mp4,train,True,30.0,120,300,300,4.0
Rjv2fm62JAY_1,claim,8.0,action,True,/home/dipshikha/Music/cao/CISLR_v1.5-a_videos/Rjv2fm62JAY_1.mp4,train,True,30.0,120,300,300,4.0
RkMTKS4AjQU_1,bite,7.0,action,True,/home/dipshikha/Music/cao/CISLR_v1.5-a_videos/RkMTKS4AjQU_1.mp4,test,True,30.0,105,300,300,3.5
RlC8ZTPuOBU_1,interest,7.0,behavior,True,/home/dipshikha/Music/cao/CISLR_v1.5-a_videos/RlC8ZTPuOBU_1.mp4,test,True,30.0,105,300,300,3.5
RlIkYzzsHpg_1,at,6.0,spatial position,True,/home/dipshikha/Music/cao/CISLR_v1.5-a_videos/RlIkYzzsHpg_1.mp4,train,True,25.0,63,300,300,2.52
Rloiqc9KybA,brick,4.0,construction,True,/home/dipshikha/Music/cao/CISLR_v1.5-a_videos/Rloiqc9KybA.mp4,train,True,25.0,95,300,300,3.8
Rmwh_Cfw9GE,draughtsman,7.0,profession,True,/home/dipshikha/Music/cao/CISLR_v1.5-a_videos/Rmwh_Cfw9GE.mp4,train,True,25.0,168,300,300,6.72
RmxC2ESB77I,milk adultration,9.0,biology,True,/home/dipshikha/Music/cao/CISLR_v1.5-a_videos/RmxC2ESB77I.mp4,train,True,24.0,207,300,300,8.625
RnbKUzEYGq8_1,reconsider,7.0,abstract,True,/home/dipshikha/Music/cao/CISLR_v1.5-a_videos/RnbKUzEYGq8_1.mp4,train,True,30.0,90,300,300,3.0
RnqeyToK1I8,drizzle,7.0,weather,True,/home/dipshikha/Music/cao/CISLR_v1.5-a_videos/RnqeyToK1I8.mp4,train,True,25.0,164,300,300,6.56
Ro2y0_fypc4_1,signal,5.0,gesture,True,/home/dipshikha/Music/cao/CISLR_v1.5-a_videos/Ro2y0_fypc4_1.mp4,train,True,25.0,63,300,300,2.52
Roe3st2xwgQ,disability,4.0,biology,True,/home/dipshikha/Music/cao/CISLR_v1.5-a_videos/Roe3st2xwgQ.mp4,train,True,25.0,96,300,300,3.84
Roh9CQ2tF3Y,watch,3.0,action,True,/home/dipshikha/Music/cao/CISLR_v1.5-a_videos/Roh9CQ2tF3Y.mp4,test,True,25.0,67,300,300,2.68
RorIn-P_3DI,have,4.0,action,True,/home/dipshikha/Music/cao/CISLR_v1.5-a_videos/RorIn-P_3DI.mp4,train,True,25.0,77,300,300,3.08
RpLX2iGqahI,pair,4.0,group,True,/home/dipshikha/Music/cao/CISLR_v1.5-a_videos/RpLX2iGqahI.mp4,test,True,25.0,96,300,300,3.84
RpZGZHEgtYI,bake,4.0,foods and drinks,True,/home/dipshikha/Music/cao/CISLR_v1.5-a_videos/RpZGZHEgtYI.mp4,train,True,25.0,100,300,300,4.0
RpoDGwIp43s,hotel,5.0,construction,True,/home/dipshikha/Music/cao/CISLR_v1.5-a_videos/RpoDGwIp43s.mp4,train,True,25.0,107,300,300,4.28
RqddJENqoOY,go,3.0,process,True,/home/dipshikha/Music/cao/CISLR_v1.5-a_videos/RqddJENqoOY.mp4,test,True,25.0,73,300,300,2.92
RrtHIJ1gjL0,dicoty ledoneae,11.0,flora and fauna,True,/home/dipshikha/Music/cao/CISLR_v1.5-a_videos/RrtHIJ1gjL0.mp4,train,True,25.0,260,300,300,10.4
RryRyaLEaeM,arc welding,15.0,process,True,/home/dipshikha/Music/cao/CISLR_v1.5-a_videos/RryRyaLEaeM.mp4,train,True,25.0,372,300,300,14.88
Rs0EKMMQqPI,kenya,3.0,geography,True,/home/dipshikha/Music/cao/CISLR_v1.5-a_videos/Rs0EKMMQqPI.mp4,train,True,25.0,70,300,300,2.8
Rs5qSbsnJKs_1,roar,6.0,sound,True,/home/dipshikha/Music/cao/CISLR_v1.5-a_videos/Rs5qSbsnJKs_1.mp4,test,True,30.0,90,300,300,3.0
RsVR6VKYIbw,section  admin,11.0,authority,True,/home/dipshikha/Music/cao/CISLR_v1.5-a_videos/RsVR6VKYIbw.mp4,train,True,24.0,251,300,300,10.458333333333334
RtOOeGlFdh4_1,head office,8.0,profession,True,/home/dipshikha/Music/cao/CISLR_v1.5-a_videos/RtOOeGlFdh4_1.mp4,train,True,30.0,105,300,300,3.5
Rty4lN6R8LY_1,car,5.0,transport,True,/home/dipshikha/Music/cao/CISLR_v1.5-a_videos/Rty4lN6R8LY_1.mp4,train,True,25.0,63,300,300,2.52
Rv-ass03RkM_1,original,9.0,attribute,True,/home/dipshikha/Music/cao/CISLR_v1.5-a_videos/Rv-ass03RkM_1.mp4,test,True,30.0,135,300,300,4.5
Rv7YAemJwp8,revolving chair,5.0,utility item,True,/home/dipshikha/Music/cao/CISLR_v1.5-a_videos/Rv7YAemJwp8.mp4,train,True,25.0,104,300,300,4.16
RwIFUiFGMGw,luck,4.0,abstract,True,/home/dipshikha/Music/cao/CISLR_v1.5-a_videos/RwIFUiFGMGw.mp4,train,True,25.0,87,300,300,3.48
RwdFk6p7tyo,very hot,5.0,weather,True,/home/dipshikha/Music/cao/CISLR_v1.5-a_videos/RwdFk6p7tyo.mp4,test,True,25.0,110,300,300,4.4
Rwtcr4Lp9TQ_2,irreversible,8.0,attribute,True,/home/dipshikha/Music/cao/CISLR_v1.5-a_videos/Rwtcr4Lp9TQ_2.mp4,train,True,30.0,96,300,300,3.2
Rxj7JFcWujk_1,van,6.0,transport,True,/home/dipshikha/Music/cao/CISLR_v1.5-a_videos/Rxj7JFcWujk_1.mp4,train,True,25.0,75,300,300,3.0
RxqkJA2EG0s,identity card,5.0,utility item,True,/home/dipshikha/Music/cao/CISLR_v1.5-a_videos/RxqkJA2EG0s.mp4,train,True,25.0,104,300,300,4.16
RyuTiOy4BBI,steel,4.0,metal and minerals,True,/home/dipshikha/Music/cao/CISLR_v1.5-a_videos/RyuTiOy4BBI.mp4,test,True,25.0,98,300,300,3.92
S-BjndLCySU,plum,4.0,foods and drinks,True,/home/dipshikha/Music/cao/CISLR_v1.5-a_videos/S-BjndLCySU.mp4,train,True,25.0,93,300,300,3.72
S-v0z93Qc6I_1,roll,8.0,action,True,/home/dipshikha/Music/cao/CISLR_v1.5-a_videos/S-v0z93Qc6I_1.mp4,train,True,25.0,88,300,300,3.52
S06jHWa7Brk_1,whistle,5.0,sound,True,/home/dipshikha/Music/cao/CISLR_v1.5-a_videos/S06jHWa7Brk_1.mp4,train,True,25.0,63,300,300,2.52
S0eE3CkrjZU_1,fox,6.0,flora and fauna,True,/home/dipshikha/Music/cao/CISLR_v1.5-a_videos/S0eE3CkrjZU_1.mp4,test,True,30.0,75,300,300,2.5
S0nGLXH4H5Y,tennis,5.0,sport,True,/home/dipshikha/Music/cao/CISLR_v1.5-a_videos/S0nGLXH4H5Y.mp4,test,True,25.0,120,300,300,4.8
S1eFafNFNOE,switzerland,3.0,geography,True,/home/dipshikha/Music/cao/CISLR_v1.5-a_videos/S1eFafNFNOE.mp4,train,True,25.0,68,300,300,2.72
S21lcUrY_pM,approximate,4.0,metric,True,/home/dipshikha/Music/cao/CISLR_v1.5-a_videos/S21lcUrY_pM.mp4,train,True,25.0,91,300,300,3.64
S23VB6dVnw8_1,introduction,9.0,process,True,/home/dipshikha/Music/cao/CISLR_v1.5-a_videos/S23VB6dVnw8_1.mp4,train,True,30.0,120,300,300,4.0
S3pN7MBKPU0,smell,5.0,sensation,True,/home/dipshikha/Music/cao/CISLR_v1.5-a_videos/S3pN7MBKPU0.mp4,train,True,25.0,102,300,300,4.08
S4GZ0J3GZvQ,sweden,3.0,geography,True,/home/dipshikha/Music/cao/CISLR_v1.5-a_videos/S4GZ0J3GZvQ.mp4,train,True,25.0,62,300,300,2.48
S4Ygl6RqD98,idfc bank,5.0,organisation,True,/home/dipshikha/Music/cao/CISLR_v1.5-a_videos/S4Ygl6RqD98.mp4,train,True,24.0,117,300,300,4.875
S5iQxTVeKNE_2,dry cell,8.0,chemistry,True,/home/dipshikha/Music/cao/CISLR_v1.5-a_videos/S5iQxTVeKNE_2.mp4,train,True,30.0,93,300,300,3.1
S9wg2vb8-Aw,bandage,4.0,medical,True,/home/dipshikha/Music/cao/CISLR_v1.5-a_videos/S9wg2vb8-Aw.mp4,train,True,25.0,77,300,300,3.08
SAPfIHh1BPg_1,cat,7.0,flora and fauna,True,/home/dipshikha/Music/cao/CISLR_v1.5-a_videos/SAPfIHh1BPg_1.mp4,test,True,30.0,105,300,300,3.5
SB50UhgrFMY,muslim,3.0,religious,True,/home/dipshikha/Music/cao/CISLR_v1.5-a_videos/SB50UhgrFMY.mp4,test,True,25.0,71,300,300,2.84
SBeMy0KGdEw_1,refresher course,7.0,education,True,/home/dipshikha/Music/cao/CISLR_v1.5-a_videos/SBeMy0KGdEw_1.mp4,train,True,30.0,90,300,300,3.0
SCNfdbheXqo_1,succession,11.0,relation,True,/home/dipshikha/Music/cao/CISLR_v1.5-a_videos/SCNfdbheXqo_1.mp4,train,True,30.0,150,300,300,5.0
SCd7SRCOr9o_1,first floor,8.0,construction,True,/home/dipshikha/Music/cao/CISLR_v1.5-a_videos/SCd7SRCOr9o_1.mp4,train,True,30.0,105,300,300,3.5
SDQ1doHsLn0,superficial,6.0,quality,True,/home/dipshikha/Music/cao/CISLR_v1.5-a_videos/SDQ1doHsLn0.mp4,test,True,25.0,143,300,300,5.72
SEVIbuIk3AU_2,sphere,10.0,abstract,True,/home/dipshikha/Music/cao/CISLR_v1.5-a_videos/SEVIbuIk3AU_2.mp4,test,True,30.0,113,300,300,3.7666666666666666
SEVkZ5qhIC0_1,swallow,7.0,biology,True,/home/dipshikha/Music/cao/CISLR_v1.5-a_videos/SEVkZ5qhIC0_1.mp4,test,True,30.0,105,300,300,3.5
SEYjG-0Mi3U,death row,10.0,event,True,/home/dipshikha/Music/cao/CISLR_v1.5-a_videos/SEYjG-0Mi3U.mp4,train,True,25.0,249,300,300,9.96
SEmdCAG7t24_1,regulation,7.0,authority,True,/home/dipshikha/Music/cao/CISLR_v1.5-a_videos/SEmdCAG7t24_1.mp4,train,True,30.0,90,300,300,3.0
SEuUIH_SeVc_1,balance sheet,11.0,banking,True,/home/dipshikha/Music/cao/CISLR_v1.5-a_videos/SEuUIH_SeVc_1.mp4,train,True,30.0,150,300,300,5.0
SF7r2SG-fck,desktop cleanup wizard,8.0,computer,True,/home/dipshikha/Music/cao/CISLR_v1.5-a_videos/SF7r2SG-fck.mp4,train,True,24.0,180,300,300,7.5
SFD6zesDMMY,pray,4.0,action,True,/home/dipshikha/Music/cao/CISLR_v1.5-a_videos/SFD6zesDMMY.mp4,test,True,25.0,87,300,300,3.48
SFP1Y49gip0_1,friday,6.0,time,True,/home/dipshikha/Music/cao/CISLR_v1.5-a_videos/SFP1Y49gip0_1.mp4,test,True,30.0,75,300,300,2.5
SG-B3o7bMAc,since,4.0,time,True,/home/dipshikha/Music/cao/CISLR_v1.5-a_videos/SG-B3o7bMAc.mp4,train,True,25.0,90,300,300,3.6
SGLYqU0p4X4,south,4.0,spatial position,True,/home/dipshikha/Music/cao/CISLR_v1.5-a_videos/SGLYqU0p4X4.mp4,test,True,25.0,79,300,300,3.16
SGsTDG4Awfk_1,fast,6.0,attribute,True,/home/dipshikha/Music/cao/CISLR_v1.5-a_videos/SGsTDG4Awfk_1.mp4,train,True,25.0,75,300,300,3.0
SHPaqAaE29Q_1,re issue,8.0,banking,True,/home/dipshikha/Music/cao/CISLR_v1.5-a_videos/SHPaqAaE29Q_1.mp4,train,True,30.0,105,300,300,3.5
SHsq8VSKV_M,korea,3.0,geography,True,/home/dipshikha/Music/cao/CISLR_v1.5-a_videos/SHsq8VSKV_M.mp4,train,True,25.0,70,300,300,2.8
SINe8jrjQfA_1,needle,7.0,utility item,True,/home/dipshikha/Music/cao/CISLR_v1.5-a_videos/SINe8jrjQfA_1.mp4,train,True,25.0,75,300,300,3.0
SIR3vIJJECY,disease,10.0,biology,True,/home/dipshikha/Music/cao/CISLR_v1.5-a_videos/SIR3vIJJECY.mp4,train,True,25.0,233,300,300,9.32
SInKhy-06qA,sign language,4.0,language,True,/home/dipshikha/Music/cao/CISLR_v1.5-a_videos/SInKhy-06qA.mp4,train,True,25.0,79,300,300,3.16
SIqQlHOR0JM,industrial building,8.0,construction,True,/home/dipshikha/Music/cao/CISLR_v1.5-a_videos/SIqQlHOR0JM.mp4,train,True,25.0,192,300,300,7.68
SJJSpU8MFDs_2,unit,7.0,metric,True,/home/dipshikha/Music/cao/CISLR_v1.5-a_videos/SJJSpU8MFDs_2.mp4,train,True,30.0,69,300,300,2.3
SJaqmqaD77k,website,4.0,internet,True,/home/dipshikha/Music/cao/CISLR_v1.5-a_videos/SJaqmqaD77k.mp4,test,True,25.0,81,300,300,3.24
SJrFnoOcTcI,spherical structure,14.0,utility item,True,/home/dipshikha/Music/cao/CISLR_v1.5-a_videos/SJrFnoOcTcI.mp4,train,True,25.0,348,300,300,13.92
SJxqZH9B3zw,jaundice,5.0,biology,True,/home/dipshikha/Music/cao/CISLR_v1.5-a_videos/SJxqZH9B3zw.mp4,test,True,25.0,118,300,300,4.72
SKlTYkUBVvQ_1,boy,9.0,human,True,/home/dipshikha/Music/cao/CISLR_v1.5-a_videos/SKlTYkUBVvQ_1.mp4,train,True,30.0,135,300,300,4.5
SKzJwTW4NQ8,dairy science,9.0,profession,True,/home/dipshikha/Music/cao/CISLR_v1.5-a_videos/SKzJwTW4NQ8.mp4,train,True,24.0,196,300,300,8.166666666666666
SMEVutE0yBw,excuse me,4.0,action,True,/home/dipshikha/Music/cao/CISLR_v1.5-a_videos/SMEVutE0yBw.mp4,train,True,25.0,90,300,300,3.6
SOMg4XV_dEY,diwali,6.0,event,True,/home/dipshikha/Music/cao/CISLR_v1.5-a_videos/SOMg4XV_dEY.mp4,test,True,25.0,150,300,300,6.0
SOkA4zA7ahE_1,jeep,6.0,transport,True,/home/dipshikha/Music/cao/CISLR_v1.5-a_videos/SOkA4zA7ahE_1.mp4,train,True,25.0,63,300,300,2.52
SPF11a6Uwy4_1,chennai,5.0,geography,True,/home/dipshikha/Music/cao/CISLR_v1.5-a_videos/SPF11a6Uwy4_1.mp4,test,True,25.0,63,300,300,2.52
SPVkNI9K4wA_1,calm,8.0,emotion,True,/home/dipshikha/Music/cao/CISLR_v1.5-a_videos/SPVkNI9K4wA_1.mp4,train,True,25.0,88,300,300,3.52
SP_OSl0wle0_2,initial,9.0,time,True,/home/dipshikha/Music/cao/CISLR_v1.5-a_videos/SP_OSl0wle0_2.mp4,test,True,30.0,107,300,300,3.566666666666667
SPqwUnfpXvg_2,octal,8.0,math,True,/home/dipshikha/Music/cao/CISLR_v1.5-a_videos/SPqwUnfpXvg_2.mp4,train,True,30.0,88,300,300,2.933333333333333
SQ6O9z7AJpM,hydropneumatic sprayer,14.0,machine,True,/home/dipshikha/Music/cao/CISLR_v1.5-a_videos/SQ6O9z7AJpM.mp4,train,True,24.0,328,300,300,13.666666666666666
SQXRw3c2dYw,utility of mushroom,7.0,flora and fauna,True,/home/dipshikha/Music/cao/CISLR_v1.5-a_videos/SQXRw3c2dYw.mp4,train,True,25.0,168,300,300,6.72
SQZyez6oDKg,plenty,6.0,attribute,True,/home/dipshikha/Music/cao/CISLR_v1.5-a_videos/SQZyez6oDKg.mp4,train,True,25.0,134,300,300,5.36
SQsT1oeLr4g,cotter ring,15.0,metal and minerals,True,/home/dipshikha/Music/cao/CISLR_v1.5-a_videos/SQsT1oeLr4g.mp4,train,True,24.0,346,300,300,14.416666666666666
SQymUlHks-I,pram,5.0,instrument,True,/home/dipshikha/Music/cao/CISLR_v1.5-a_videos/SQymUlHks-I.mp4,train,True,25.0,118,300,300,4.72
SREF6XRNv0w,plumb bob and line,10.0,instrument,True,/home/dipshikha/Music/cao/CISLR_v1.5-a_videos/SREF6XRNv0w.mp4,train,True,25.0,243,300,300,9.72
SSkoetdv7G4,sculptor,6.0,profession,True,/home/dipshikha/Music/cao/CISLR_v1.5-a_videos/SSkoetdv7G4.mp4,test,True,25.0,139,300,300,5.56
STJ38FSDE8w,part,4.0,math,True,/home/dipshikha/Music/cao/CISLR_v1.5-a_videos/STJ38FSDE8w.mp4,train,True,25.0,76,300,300,3.04
STNM0hUpfhQ,long day plant,15.0,flora and fauna,True,/home/dipshikha/Music/cao/CISLR_v1.5-a_videos/STNM0hUpfhQ.mp4,train,True,24.0,346,300,300,14.416666666666666
STXgnu97Y6Y_1,kurta,6.0,wearable,True,/home/dipshikha/Music/cao/CISLR_v1.5-a_videos/STXgnu97Y6Y_1.mp4,train,True,25.0,75,300,300,3.0
STdeLMDk8Sc,jacket,4.0,wearable,True,/home/dipshikha/Music/cao/CISLR_v1.5-a_videos/STdeLMDk8Sc.mp4,train,True,25.0,87,300,300,3.48
STn1cOJ8Pms,boring machine,6.0,machine,True,/home/dipshikha/Music/cao/CISLR_v1.5-a_videos/STn1cOJ8Pms.mp4,train,True,25.0,144,300,300,5.76
SUBSvmdSrXc_1,saturday,5.0,time,True,/home/dipshikha/Music/cao/CISLR_v1.5-a_videos/SUBSvmdSrXc_1.mp4,test,True,30.0,75,300,300,2.5
SUGgjeP54CQ,car,4.0,transport,True,/home/dipshikha/Music/cao/CISLR_v1.5-a_videos/SUGgjeP54CQ.mp4,test,True,25.0,80,300,300,3.2
SULzv6BHjHs_1,monday,5.0,time,True,/home/dipshikha/Music/cao/CISLR_v1.5-a_videos/SULzv6BHjHs_1.mp4,test,True,30.0,60,300,300,2.0
SVIuCiTrn_8_2,observation,8.0,action,True,/home/dipshikha/Music/cao/CISLR_v1.5-a_videos/SVIuCiTrn_8_2.mp4,train,True,30.0,100,300,300,3.333333333333333
SVxNsaZs3dI_1,full,6.0,sensation,True,/home/dipshikha/Music/cao/CISLR_v1.5-a_videos/SVxNsaZs3dI_1.mp4,test,True,25.0,63,300,300,2.52
SWWKwdMT9qQ,close relation,5.0,relation,True,/home/dipshikha/Music/cao/CISLR_v1.5-a_videos/SWWKwdMT9qQ.mp4,train,True,25.0,103,300,300,4.12
SWi723tppLE_1,weak,7.0,quality,True,/home/dipshikha/Music/cao/CISLR_v1.5-a_videos/SWi723tppLE_1.mp4,test,True,25.0,75,300,300,3.0
SWq-SiX-v20_1,sunset,7.0,event,True,/home/dipshikha/Music/cao/CISLR_v1.5-a_videos/SWq-SiX-v20_1.mp4,test,True,25.0,75,300,300,3.0
SYNNpD0n0U0_2,binary,10.0,math,True,/home/dipshikha/Music/cao/CISLR_v1.5-a_videos/SYNNpD0n0U0_2.mp4,train,True,30.0,123,300,300,4.1
SYlMAasD3Aw,extra,5.0,quantity,True,/home/dipshikha/Music/cao/CISLR_v1.5-a_videos/SYlMAasD3Aw.mp4,train,True,25.0,104,300,300,4.16
SYrln3Ug1Lk,radio,5.0,electronic and electrical,True,/home/dipshikha/Music/cao/CISLR_v1.5-a_videos/SYrln3Ug1Lk.mp4,test,True,25.0,112,300,300,4.48
SZeSrHZy0dM_1,parsi,5.0,religious,True,/home/dipshikha/Music/cao/CISLR_v1.5-a_videos/SZeSrHZy0dM_1.mp4,train,True,25.0,63,300,300,2.52
SaqUZcI2zDA,post,7.0,internet,True,/home/dipshikha/Music/cao/CISLR_v1.5-a_videos/SaqUZcI2zDA.mp4,test,True,24.0,147,300,300,6.125
Sb7r4EnLG-A_2,transformer,12.0,electronic and electrical,True,/home/dipshikha/Music/cao/CISLR_v1.5-a_videos/Sb7r4EnLG-A_2.mp4,train,True,30.0,153,300,300,5.1
SbYK9K-klAw,double click,7.0,computer,True,/home/dipshikha/Music/cao/CISLR_v1.5-a_videos/SbYK9K-klAw.mp4,train,True,25.0,156,300,300,6.24
SccmMdkBiAU_1,chat,8.0,action,True,/home/dipshikha/Music/cao/CISLR_v1.5-a_videos/SccmMdkBiAU_1.mp4,test,True,29.916666666666668,120,300,300,4.011142061281337
ScoqXyTkXp8_1,wrong,7.0,comparator,True,/home/dipshikha/Music/cao/CISLR_v1.5-a_videos/ScoqXyTkXp8_1.mp4,test,True,30.0,90,300,300,3.0
ScstGTIjdOY_2,security convertible,10.0,legal,True,/home/dipshikha/Music/cao/CISLR_v1.5-a_videos/ScstGTIjdOY_2.mp4,train,True,30.0,146,300,300,4.866666666666666
Sd07nnmlTAE_2,wavemotion,11.0,physics,True,/home/dipshikha/Music/cao/CISLR_v1.5-a_videos/Sd07nnmlTAE_2.mp4,train,True,30.0,143,300,300,4.766666666666667
Sd7e5qVlMB8,photograph,6.0,miscellaneous object,True,/home/dipshikha/Music/cao/CISLR_v1.5-a_videos/Sd7e5qVlMB8.mp4,train,True,25.0,142,300,300,5.68
SdBirBu-dak,cause of action,12.0,action,True,/home/dipshikha/Music/cao/CISLR_v1.5-a_videos/SdBirBu-dak.mp4,train,True,25.0,290,300,300,11.6
SdsEu8iuUpE,christmas,4.0,event,True,/home/dipshikha/Music/cao/CISLR_v1.5-a_videos/SdsEu8iuUpE.mp4,test,True,25.0,76,300,300,3.04
SewBqDY49qs,eclipse,5.0,event,True,/home/dipshikha/Music/cao/CISLR_v1.5-a_videos/SewBqDY49qs.mp4,test,True,25.0,114,300,300,4.56
Sh3P9rHIKOM,three,4.0,math,True,/home/dipshikha/Music/cao/CISLR_v1.5-a_videos/Sh3P9rHIKOM.mp4,train,True,25.0,90,300,300,3.6
Sh5c_9ADHFs,paper clip,4.0,utility item,True,/home/dipshikha/Music/cao/CISLR_v1.5-a_videos/Sh5c_9ADHFs.mp4,test,True,25.0,90,300,300,3.6
ShXISzBU1Ug_2,gas equation,11.0,physics,True,/home/dipshikha/Music/cao/CISLR_v1.5-a_videos/ShXISzBU1Ug_2.mp4,train,True,30.0,138,300,300,4.6
SiP1g7kh1nE,ms windows,10.0,computer,True,/home/dipshikha/Music/cao/CISLR_v1.5-a_videos/SiP1g7kh1nE.mp4,train,True,25.0,240,300,300,9.6
SiRYkIO7AmQ_2,video camera,11.0,electronic and electrical,True,/home/dipshikha/Music/cao/CISLR_v1.5-a_videos/SiRYkIO7AmQ_2.mp4,train,True,30.0,124,300,300,4.133333333333334
SifysRkEATg_1,sly,6.0,attribute,True,/home/dipshikha/Music/cao/CISLR_v1.5-a_videos/SifysRkEATg_1.mp4,train,True,30.0,90,300,300,3.0
SjfLsGRnuGo,name,3.0,language,True,/home/dipshikha/Music/cao/CISLR_v1.5-a_videos/SjfLsGRnuGo.mp4,test,True,25.0,67,300,300,2.68
SknrxI_nq64_1,postman,5.0,profession,True,/home/dipshikha/Music/cao/CISLR_v1.5-a_videos/SknrxI_nq64_1.mp4,train,True,25.0,63,300,300,2.52
SlORjr0kUM4,water,4.0,substance,True,/home/dipshikha/Music/cao/CISLR_v1.5-a_videos/SlORjr0kUM4.mp4,test,True,25.0,81,300,300,3.24
Sm7Cei87rg4_1,hardworking,8.0,behavior,True,/home/dipshikha/Music/cao/CISLR_v1.5-a_videos/Sm7Cei87rg4_1.mp4,test,True,30.0,105,300,300,3.5
SmgLg_SSvZg_1,supply,6.0,commerce,True,/home/dipshikha/Music/cao/CISLR_v1.5-a_videos/SmgLg_SSvZg_1.mp4,train,True,25.0,63,300,300,2.52
SnUlY4XhAG0,profit,5.0,banking,True,/home/dipshikha/Music/cao/CISLR_v1.5-a_videos/SnUlY4XhAG0.mp4,test,True,25.0,113,300,300,4.52
SojDDNUsSew_1,monday,6.0,time,True,/home/dipshikha/Music/cao/CISLR_v1.5-a_videos/SojDDNUsSew_1.mp4,test,True,30.0,75,300,300,2.5
SoxMQgRbBsA,brothel,7.0,construction,True,/home/dipshikha/Music/cao/CISLR_v1.5-a_videos/SoxMQgRbBsA.mp4,train,True,25.0,170,300,300,6.8
SqIhCix7O9I,gas pipe,7.0,instrument,True,/home/dipshikha/Music/cao/CISLR_v1.5-a_videos/SqIhCix7O9I.mp4,train,True,25.0,163,300,300,6.52
SqN3GrAvif8,construction contract,15.0,construction,True,/home/dipshikha/Music/cao/CISLR_v1.5-a_videos/SqN3GrAvif8.mp4,train,True,25.0,359,300,300,14.36
SqXx7G7FX5A,singapore,5.0,geography,True,/home/dipshikha/Music/cao/CISLR_v1.5-a_videos/SqXx7G7FX5A.mp4,test,True,25.0,108,300,300,4.32
SqjG2lMm-NU_1,god,6.0,religious,True,/home/dipshikha/Music/cao/CISLR_v1.5-a_videos/SqjG2lMm-NU_1.mp4,train,True,25.0,63,300,300,2.52
SqoYBOJfc9w_1,job consciousness,11.0,profession,True,/home/dipshikha/Music/cao/CISLR_v1.5-a_videos/SqoYBOJfc9w_1.mp4,train,True,30.0,150,300,300,5.0
Srl_Gk0vjLE,tattoo,5.0,attribute,True,/home/dipshikha/Music/cao/CISLR_v1.5-a_videos/Srl_Gk0vjLE.mp4,train,True,25.0,107,300,300,4.28
SsDjl4tijyg_1,paying slip,9.0,banking,True,/home/dipshikha/Music/cao/CISLR_v1.5-a_videos/SsDjl4tijyg_1.mp4,train,True,30.0,120,300,300,4.0
Ssub7QHvQIA,shoot,3.0,action,True,/home/dipshikha/Music/cao/CISLR_v1.5-a_videos/Ssub7QHvQIA.mp4,test,True,25.0,71,300,300,2.84
Sv-nLK45XFA_1,dasara,7.0,religious,True,/home/dipshikha/Music/cao/CISLR_v1.5-a_videos/Sv-nLK45XFA_1.mp4,train,True,25.0,75,300,300,3.0
SvabwOUNAEE,august,4.0,time,True,/home/dipshikha/Music/cao/CISLR_v1.5-a_videos/SvabwOUNAEE.mp4,test,True,25.0,92,300,300,3.68
Svm8Kk4Vr2Q_1,stand,7.0,action,True,/home/dipshikha/Music/cao/CISLR_v1.5-a_videos/Svm8Kk4Vr2Q_1.mp4,test,True,30.0,90,300,300,3.0
SwLX5yOifFI,saina nehwal,4.0,human,True,/home/dipshikha/Music/cao/CISLR_v1.5-a_videos/SwLX5yOifFI.mp4,train,True,25.0,89,300,300,3.56
SwLs3Kowas8_1,charge,10.0,banking,True,/home/dipshikha/Music/cao/CISLR_v1.5-a_videos/SwLs3Kowas8_1.mp4,train,True,30.0,135,300,300,4.5
Swad8O2a5Qc_1,equator,8.0,geography,True,/home/dipshikha/Music/cao/CISLR_v1.5-a_videos/Swad8O2a5Qc_1.mp4,train,True,25.0,88,300,300,3.52
Swny54RpOVw_1,interfere,6.0,process,True,/home/dipshikha/Music/cao/CISLR_v1.5-a_videos/Swny54RpOVw_1.mp4,train,True,25.0,63,300,300,2.52
SwtT_BdLe3A_1,bitter,5.0,sensation,True,/home/dipshikha/Music/cao/CISLR_v1.5-a_videos/SwtT_BdLe3A_1.mp4,train,True,25.0,63,300,300,2.52
Sx34-t7A_xM_1,mumps,6.0,biology,True,/home/dipshikha/Music/cao/CISLR_v1.5-a_videos/Sx34-t7A_xM_1.mp4,test,True,30.0,90,300,300,3.0
SxLd_Jwhy80,micromax mobile,6.0,electronic and electrical,True,/home/dipshikha/Music/cao/CISLR_v1.5-a_videos/SxLd_Jwhy80.mp4,train,True,25.0,132,300,300,5.28
SyRmYT523cU,sob,4.0,emotion,True,/home/dipshikha/Music/cao/CISLR_v1.5-a_videos/SyRmYT523cU.mp4,train,True,25.0,95,300,300,3.8
SyZFNqdlRmc_1,breathe,8.0,action,True,/home/dipshikha/Music/cao/CISLR_v1.5-a_videos/SyZFNqdlRmc_1.mp4,test,True,30.0,120,300,300,4.0
Sz-NQ2ENlqA_1,cauliflower,7.0,foods and drinks,True,/home/dipshikha/Music/cao/CISLR_v1.5-a_videos/Sz-NQ2ENlqA_1.mp4,train,True,25.0,88,300,300,3.52
T--ANw8Oxkk,uttarakhand,4.0,geography,True,/home/dipshikha/Music/cao/CISLR_v1.5-a_videos/T--ANw8Oxkk.mp4,train,True,25.0,84,300,300,3.36
T1M8kXkQJAY,pullet,11.0,flora and fauna,True,/home/dipshikha/Music/cao/CISLR_v1.5-a_videos/T1M8kXkQJAY.mp4,train,True,24.0,242,300,300,10.083333333333334
T3DNMjNynU0_1,school,7.0,organisation,True,/home/dipshikha/Music/cao/CISLR_v1.5-a_videos/T3DNMjNynU0_1.mp4,test,True,25.0,75,300,300,3.0
T3wOnHCetE0_1,daily list,11.0,banking,True,/home/dipshikha/Music/cao/CISLR_v1.5-a_videos/T3wOnHCetE0_1.mp4,train,True,30.0,150,300,300,5.0
T4-Q9pABqYs,waterfall,5.0,geography,True,/home/dipshikha/Music/cao/CISLR_v1.5-a_videos/T4-Q9pABqYs.mp4,test,True,25.0,111,300,300,4.44
T41OsrviQCY,birthday,4.0,event,True,/home/dipshikha/Music/cao/CISLR_v1.5-a_videos/T41OsrviQCY.mp4,test,True,25.0,96,300,300,3.84
T45Hsn9ABV4,jordan,3.0,geography,True,/home/dipshikha/Music/cao/CISLR_v1.5-a_videos/T45Hsn9ABV4.mp4,train,True,25.0,71,300,300,2.84
T4BQsAvPno8_1,leave preparatory to retirement,11.0,profession,True,/home/dipshikha/Music/cao/CISLR_v1.5-a_videos/T4BQsAvPno8_1.mp4,train,True,30.0,165,300,300,5.5
T4VLu2P-X9s_1,staff,12.0,group,True,/home/dipshikha/Music/cao/CISLR_v1.5-a_videos/T4VLu2P-X9s_1.mp4,train,True,30.0,180,300,300,6.0
T4ySB6yP-m0_1,fire,8.0,substance,True,/home/dipshikha/Music/cao/CISLR_v1.5-a_videos/T4ySB6yP-m0_1.mp4,test,True,25.0,100,300,300,4.0
T5JAHMxSu2w_1,right,6.0,abstract,True,/home/dipshikha/Music/cao/CISLR_v1.5-a_videos/T5JAHMxSu2w_1.mp4,test,True,30.0,90,300,300,3.0
T6vd9Criu48,six,4.0,quantity,True,/home/dipshikha/Music/cao/CISLR_v1.5-a_videos/T6vd9Criu48.mp4,train,True,25.0,82,300,300,3.28
T7RBzS7EJ6A_1,husband,9.0,relation,True,/home/dipshikha/Music/cao/CISLR_v1.5-a_videos/T7RBzS7EJ6A_1.mp4,test,True,30.0,120,300,300,4.0
T7RIPkBR3ik_1,woman,11.0,human,True,/home/dipshikha/Music/cao/CISLR_v1.5-a_videos/T7RIPkBR3ik_1.mp4,test,True,30.0,150,300,300,5.0
T7afcYzRNU0_2,wattmeter,10.0,instrument,True,/home/dipshikha/Music/cao/CISLR_v1.5-a_videos/T7afcYzRNU0_2.mp4,train,True,30.0,127,300,300,4.233333333333333
T7b0UnZEOvM_1,minutes,6.0,time,True,/home/dipshikha/Music/cao/CISLR_v1.5-a_videos/T7b0UnZEOvM_1.mp4,train,True,30.0,90,300,300,3.0
T7v9JbH90I0_1,confident,7.0,emotion,True,/home/dipshikha/Music/cao/CISLR_v1.5-a_videos/T7v9JbH90I0_1.mp4,test,True,30.0,105,300,300,3.5
T8I_n42FuBc,plant physiology,15.0,biology,True,/home/dipshikha/Music/cao/CISLR_v1.5-a_videos/T8I_n42FuBc.mp4,train,True,25.0,359,300,300,14.36
T8g7H3Ie5YU,boyfriend,5.0,relation,True,/home/dipshikha/Music/cao/CISLR_v1.5-a_videos/T8g7H3Ie5YU.mp4,train,True,25.0,102,300,300,4.08
T976ElYJ-qY,enjoy,4.0,action,True,/home/dipshikha/Music/cao/CISLR_v1.5-a_videos/T976ElYJ-qY.mp4,train,True,25.0,90,300,300,3.6
T9GMyhxIv5k_1,iron,7.0,metal and minerals,True,/home/dipshikha/Music/cao/CISLR_v1.5-a_videos/T9GMyhxIv5k_1.mp4,test,True,30.0,90,300,300,3.0
T9eBnmIRtqg,like,5.0,comparator,True,/home/dipshikha/Music/cao/CISLR_v1.5-a_videos/T9eBnmIRtqg.mp4,test,True,25.0,109,300,300,4.36
T9nijwnbCqw,rajasthan,4.0,geography,True,/home/dipshikha/Music/cao/CISLR_v1.5-a_videos/T9nijwnbCqw.mp4,test,True,25.0,98,300,300,3.92
TBZtRv2owM8,bacterial diseases animals,15.0,biology,True,/home/dipshikha/Music/cao/CISLR_v1.5-a_videos/TBZtRv2owM8.mp4,train,True,24.0,347,300,300,14.458333333333334
TCGWpLngbVA_1,prove,9.0,action,True,/home/dipshikha/Music/cao/CISLR_v1.5-a_videos/TCGWpLngbVA_1.mp4,test,True,25.0,75,300,300,3.0
TCHTGgRtZeI_1,tender,12.0,legal,True,/home/dipshikha/Music/cao/CISLR_v1.5-a_videos/TCHTGgRtZeI_1.mp4,train,True,30.0,180,300,300,6.0
TDbdRtOwX10,ballast device,9.0,miscellaneous object,True,/home/dipshikha/Music/cao/CISLR_v1.5-a_videos/TDbdRtOwX10.mp4,train,True,25.0,209,300,300,8.36
TDdKRcFO4k8,fingerspell,4.0,gesture,True,/home/dipshikha/Music/cao/CISLR_v1.5-a_videos/TDdKRcFO4k8.mp4,train,True,25.0,86,300,300,3.44
TDlj5kHwiTk,behind,3.0,spatial position,True,/home/dipshikha/Music/cao/CISLR_v1.5-a_videos/TDlj5kHwiTk.mp4,train,True,25.0,67,300,300,2.68
TEkWFmWdQ8Q_1,donkey,6.0,flora and fauna,True,/home/dipshikha/Music/cao/CISLR_v1.5-a_videos/TEkWFmWdQ8Q_1.mp4,test,True,30.0,90,300,300,3.0
TGckzkVJiio_1,seniority,9.0,authority,True,/home/dipshikha/Music/cao/CISLR_v1.5-a_videos/TGckzkVJiio_1.mp4,train,True,30.0,120,300,300,4.0
THp4JJ3PWvo_1,dam,7.0,construction,True,/home/dipshikha/Music/cao/CISLR_v1.5-a_videos/THp4JJ3PWvo_1.mp4,train,True,25.0,88,300,300,3.52
TING64HUZ2k_2,ernission,8.0,action,True,/home/dipshikha/Music/cao/CISLR_v1.5-a_videos/TING64HUZ2k_2.mp4,train,True,30.0,89,300,300,2.966666666666667
TIlcuqK-fr8_1,delivery,9.0,action,True,/home/dipshikha/Music/cao/CISLR_v1.5-a_videos/TIlcuqK-fr8_1.mp4,train,True,30.0,120,300,300,4.0
TIr35oN6iSE,wallet,5.0,banking,True,/home/dipshikha/Music/cao/CISLR_v1.5-a_videos/TIr35oN6iSE.mp4,train,True,25.0,107,300,300,4.28
TIzjrc3-71E,apiculturist,13.0,profession,True,/home/dipshikha/Music/cao/CISLR_v1.5-a_videos/TIzjrc3-71E.mp4,train,True,24.0,289,300,300,12.041666666666666
TJJHfurpn-I,runs,4.0,sport,True,/home/dipshikha/Music/cao/CISLR_v1.5-a_videos/TJJHfurpn-I.mp4,train,True,25.0,88,300,300,3.52
TJQdtS0Dkyw,section,7.0,group,True,/home/dipshikha/Music/cao/CISLR_v1.5-a_videos/TJQdtS0Dkyw.mp4,train,True,25.0,156,300,300,6.24
TJeHXGVDCms,temperature,7.0,weather,True,/home/dipshikha/Music/cao/CISLR_v1.5-a_videos/TJeHXGVDCms.mp4,test,True,25.0,152,300,300,6.08
TK3H8rmoV1Q,burger,6.0,foods and drinks,True,/home/dipshikha/Music/cao/CISLR_v1.5-a_videos/TK3H8rmoV1Q.mp4,train,True,25.0,135,300,300,5.4
TKsGy30vLtI,environmental pollution,7.0,biology,True,/home/dipshikha/Music/cao/CISLR_v1.5-a_videos/TKsGy30vLtI.mp4,train,True,25.0,173,300,300,6.92
TL4iZGEw9CY,neat,4.0,quality,True,/home/dipshikha/Music/cao/CISLR_v1.5-a_videos/TL4iZGEw9CY.mp4,train,True,25.0,88,300,300,3.52
TLN5DkTzcX8,quarrel,4.0,action,True,/home/dipshikha/Music/cao/CISLR_v1.5-a_videos/TLN5DkTzcX8.mp4,train,True,25.0,77,300,300,3.08
TLXAEKQwcBY,spain,3.0,geography,True,/home/dipshikha/Music/cao/CISLR_v1.5-a_videos/TLXAEKQwcBY.mp4,train,True,25.0,56,300,300,2.24
TLf8Uvxntpg_2,x ray,10.0,medical,True,/home/dipshikha/Music/cao/CISLR_v1.5-a_videos/TLf8Uvxntpg_2.mp4,train,True,30.0,113,300,300,3.7666666666666666
TMANBpLx6s0_1,tomorrow,6.0,time,True,/home/dipshikha/Music/cao/CISLR_v1.5-a_videos/TMANBpLx6s0_1.mp4,test,True,30.0,75,300,300,2.5
TN5HogAE-fs,water pump,5.0,electronic and electrical,True,/home/dipshikha/Music/cao/CISLR_v1.5-a_videos/TN5HogAE-fs.mp4,train,True,25.0,104,300,300,4.16
TNNoq5pS-WQ_1,volume,5.0,sound,True,/home/dipshikha/Music/cao/CISLR_v1.5-a_videos/TNNoq5pS-WQ_1.mp4,train,True,30.0,75,300,300,2.5
TNODnmQ9R1M_1,spot and forward,10.0,action,True,/home/dipshikha/Music/cao/CISLR_v1.5-a_videos/TNODnmQ9R1M_1.mp4,train,True,30.0,135,300,300,4.5
TOK4IBhtuYI,giga byte,13.0,metric,True,/home/dipshikha/Music/cao/CISLR_v1.5-a_videos/TOK4IBhtuYI.mp4,train,True,25.0,312,300,300,12.48
TPCuCv8TjE8_1,cheque stale,9.0,banking,True,/home/dipshikha/Music/cao/CISLR_v1.5-a_videos/TPCuCv8TjE8_1.mp4,train,True,30.0,120,300,300,4.0
TPdAyuJYQtE,bill,4.0,banking,True,/home/dipshikha/Music/cao/CISLR_v1.5-a_videos/TPdAyuJYQtE.mp4,test,True,25.0,94,300,300,3.76
TPwPNPP1rpI,social,5.0,behavior,True,/home/dipshikha/Music/cao/CISLR_v1.5-a_videos/TPwPNPP1rpI.mp4,train,True,25.0,106,300,300,4.24
TQeI5Uixibg,pomegranate,5.0,foods and drinks,True,/home/dipshikha/Music/cao/CISLR_v1.5-a_videos/TQeI5Uixibg.mp4,train,True,25.0,121,300,300,4.84
TQpNNdkU0ZI_1,jaundice,8.0,biology,True,/home/dipshikha/Music/cao/CISLR_v1.5-a_videos/TQpNNdkU0ZI_1.mp4,test,True,30.0,120,300,300,4.0
TR30xmE3v0s,battered child syndrome,10.0,medical,True,/home/dipshikha/Music/cao/CISLR_v1.5-a_videos/TR30xmE3v0s.mp4,train,True,25.0,240,300,300,9.6
TRIMTrqzSOc_1,zone,8.0,geography,True,/home/dipshikha/Music/cao/CISLR_v1.5-a_videos/TRIMTrqzSOc_1.mp4,train,True,30.0,105,300,300,3.5
TR_tbUxLUco,it,4.0,language,True,/home/dipshikha/Music/cao/CISLR_v1.5-a_videos/TR_tbUxLUco.mp4,test,True,25.0,75,300,300,3.0
TRgM0lzJs-4,best,4.0,quality,True,/home/dipshikha/Music/cao/CISLR_v1.5-a_videos/TRgM0lzJs-4.mp4,test,True,25.0,82,300,300,3.28
TSBR8lkAmaQ,bike silencer pipe,8.0,instrument,True,/home/dipshikha/Music/cao/CISLR_v1.5-a_videos/TSBR8lkAmaQ.mp4,train,True,24.0,173,300,300,7.208333333333333
TSTGnppZmfA_1,address,9.0,geography,True,/home/dipshikha/Music/cao/CISLR_v1.5-a_videos/TSTGnppZmfA_1.mp4,test,True,30.0,135,300,300,4.5
TSoaGw5OEb0_1,injection,6.0,medical,True,/home/dipshikha/Music/cao/CISLR_v1.5-a_videos/TSoaGw5OEb0_1.mp4,train,True,25.0,75,300,300,3.0
TVfeNBBdWpQ_1,skirt,7.0,wearable,True,/home/dipshikha/Music/cao/CISLR_v1.5-a_videos/TVfeNBBdWpQ_1.mp4,test,True,25.0,75,300,300,3.0
TW2KbOGRx2I,sex,5.0,biology,True,/home/dipshikha/Music/cao/CISLR_v1.5-a_videos/TW2KbOGRx2I.mp4,train,True,25.0,104,300,300,4.16
TXA5pIG0jEM,expensive,4.0,attribute,True,/home/dipshikha/Music/cao/CISLR_v1.5-a_videos/TXA5pIG0jEM.mp4,test,True,25.0,87,300,300,3.48
TXe-rPMd1q4_1,cheap,6.0,attribute,True,/home/dipshikha/Music/cao/CISLR_v1.5-a_videos/TXe-rPMd1q4_1.mp4,train,True,25.0,75,300,300,3.0
TXtLoo3D-xQ,wikipedia,5.0,internet,True,/home/dipshikha/Music/cao/CISLR_v1.5-a_videos/TXtLoo3D-xQ.mp4,train,True,25.0,112,300,300,4.48
TYiNnkTwP0w,agenda,6.0,process,True,/home/dipshikha/Music/cao/CISLR_v1.5-a_videos/TYiNnkTwP0w.mp4,train,True,24.0,139,300,300,5.791666666666667
TZEYZ0PggwY_1,vide,5.0,action,True,/home/dipshikha/Music/cao/CISLR_v1.5-a_videos/TZEYZ0PggwY_1.mp4,train,True,29.916666666666668,75,300,300,2.5069637883008355
TZkleWcH-wU_2,gravity,12.0,physics,True,/home/dipshikha/Music/cao/CISLR_v1.5-a_videos/TZkleWcH-wU_2.mp4,train,True,30.0,147,300,300,4.9
TZqRg598wGQ,shower,5.0,utility item,True,/home/dipshikha/Music/cao/CISLR_v1.5-a_videos/TZqRg598wGQ.mp4,train,True,25.0,103,300,300,4.12
TcjKtM3VKj4,speech therapist,8.0,profession,True,/home/dipshikha/Music/cao/CISLR_v1.5-a_videos/TcjKtM3VKj4.mp4,test,True,25.0,192,300,300,7.68
TdbUnoeHXcE_1,gujarat,7.0,geography,True,/home/dipshikha/Music/cao/CISLR_v1.5-a_videos/TdbUnoeHXcE_1.mp4,test,True,25.0,88,300,300,3.52
TdwAJ3968lM,xbox,10.0,entertainment,True,/home/dipshikha/Music/cao/CISLR_v1.5-a_videos/TdwAJ3968lM.mp4,train,True,25.0,228,300,300,9.12
Te9AcG7ugOc,present,5.0,time,True,/home/dipshikha/Music/cao/CISLR_v1.5-a_videos/Te9AcG7ugOc.mp4,train,True,25.0,117,300,300,4.68
TelHvRCbKco_1,account currency,13.0,banking,True,/home/dipshikha/Music/cao/CISLR_v1.5-a_videos/TelHvRCbKco_1.mp4,train,True,30.0,195,300,300,6.5
Teyhg_5_rdw_1,brick,7.0,construction,True,/home/dipshikha/Music/cao/CISLR_v1.5-a_videos/Teyhg_5_rdw_1.mp4,test,True,25.0,75,300,300,3.0
Tf97LjJhrMU,below,5.0,spatial position,True,/home/dipshikha/Music/cao/CISLR_v1.5-a_videos/Tf97LjJhrMU.mp4,test,True,25.0,115,300,300,4.6
TftELGOtnLM_2,millimetre,9.0,metric,True,/home/dipshikha/Music/cao/CISLR_v1.5-a_videos/TftELGOtnLM_2.mp4,train,True,30.0,98,300,300,3.2666666666666666
Tfxp43vVHpY,listen,4.0,action,True,/home/dipshikha/Music/cao/CISLR_v1.5-a_videos/Tfxp43vVHpY.mp4,test,True,25.0,98,300,300,3.92
ThLhLlan5Yo_1,bird,7.0,flora and fauna,True,/home/dipshikha/Music/cao/CISLR_v1.5-a_videos/ThLhLlan5Yo_1.mp4,train,True,30.0,90,300,300,3.0
Ti-7CP2GtaI_1,leafy vegetables,8.0,foods and drinks,True,/home/dipshikha/Music/cao/CISLR_v1.5-a_videos/Ti-7CP2GtaI_1.mp4,train,True,25.0,88,300,300,3.52
TiPPYhh323E,sorry,4.0,greeting,True,/home/dipshikha/Music/cao/CISLR_v1.5-a_videos/TiPPYhh323E.mp4,test,True,25.0,86,300,300,3.44
TickiRU7XxU,bulb,5.0,utility item,True,/home/dipshikha/Music/cao/CISLR_v1.5-a_videos/TickiRU7XxU.mp4,test,True,25.0,102,300,300,4.08
TihAh8jvRTs_2,exhaust pump,9.0,machine,True,/home/dipshikha/Music/cao/CISLR_v1.5-a_videos/TihAh8jvRTs_2.mp4,train,True,30.0,99,300,300,3.3
TirzXnBaSt0,italy,3.0,geography,True,/home/dipshikha/Music/cao/CISLR_v1.5-a_videos/TirzXnBaSt0.mp4,train,True,25.0,71,300,300,2.84
Tj5FRh9ASMU,sanitary pad,5.0,miscellaneous object,True,/home/dipshikha/Music/cao/CISLR_v1.5-a_videos/Tj5FRh9ASMU.mp4,train,True,25.0,125,300,300,5.0
TjSYqjfk-lc,temperature,11.0,weather,True,/home/dipshikha/Music/cao/CISLR_v1.5-a_videos/TjSYqjfk-lc.mp4,test,True,25.0,255,300,300,10.2
TkREyqdJoCI,discipline,4.0,behavior,True,/home/dipshikha/Music/cao/CISLR_v1.5-a_videos/TkREyqdJoCI.mp4,train,True,25.0,93,300,300,3.72
TkWzFh1m6KU_1,run,8.0,action,True,/home/dipshikha/Music/cao/CISLR_v1.5-a_videos/TkWzFh1m6KU_1.mp4,train,True,30.0,105,300,300,3.5
TkZ8qS_TIXk,cell,4.0,electronic and electrical,True,/home/dipshikha/Music/cao/CISLR_v1.5-a_videos/TkZ8qS_TIXk.mp4,test,True,25.0,86,300,300,3.44
TlGf_1YuYyE_1,pass to,8.0,action,True,/home/dipshikha/Music/cao/CISLR_v1.5-a_videos/TlGf_1YuYyE_1.mp4,train,True,30.0,105,300,300,3.5
Tm_V8zmIsCA_1,buffalo,7.0,flora and fauna,True,/home/dipshikha/Music/cao/CISLR_v1.5-a_videos/Tm_V8zmIsCA_1.mp4,test,True,30.0,105,300,300,3.5
TmsgikIaXu4,understand,3.0,action,True,/home/dipshikha/Music/cao/CISLR_v1.5-a_videos/TmsgikIaXu4.mp4,test,True,25.0,69,300,300,2.76
TnGCg69kb1s_1,sports,6.0,sport,True,/home/dipshikha/Music/cao/CISLR_v1.5-a_videos/TnGCg69kb1s_1.mp4,train,True,25.0,63,300,300,2.52
Tp0lrE7068E,matrimonial home,10.0,geography,True,/home/dipshikha/Music/cao/CISLR_v1.5-a_videos/Tp0lrE7068E.mp4,train,True,25.0,249,300,300,9.96
Tpyp71m96Nk_1,clouds,7.0,weather,True,/home/dipshikha/Music/cao/CISLR_v1.5-a_videos/Tpyp71m96Nk_1.mp4,train,True,25.0,88,300,300,3.52
TqSyQEAlkU8_2,centigram,7.0,metric,True,/home/dipshikha/Music/cao/CISLR_v1.5-a_videos/TqSyQEAlkU8_2.mp4,train,True,30.0,75,300,300,2.5
TrCMG8Jm2_c,bamboo,6.0,flora and fauna,True,/home/dipshikha/Music/cao/CISLR_v1.5-a_videos/TrCMG8Jm2_c.mp4,train,True,25.0,142,300,300,5.68
TrDii_6LlNg,gujarat,4.0,geography,True,/home/dipshikha/Music/cao/CISLR_v1.5-a_videos/TrDii_6LlNg.mp4,test,True,25.0,94,300,300,3.76
TrGBcTGTlhI,plunger,7.0,instrument,True,/home/dipshikha/Music/cao/CISLR_v1.5-a_videos/TrGBcTGTlhI.mp4,train,True,25.0,157,300,300,6.28
TspS8Y62sXs,pick stitch,11.0,action,True,/home/dipshikha/Music/cao/CISLR_v1.5-a_videos/TspS8Y62sXs.mp4,train,True,25.0,265,300,300,10.6
TtNpydFV6rI,behind,4.0,spatial position,True,/home/dipshikha/Music/cao/CISLR_v1.5-a_videos/TtNpydFV6rI.mp4,test,True,25.0,84,300,300,3.36
TuH0o_tiW3o,august,4.0,time,True,/home/dipshikha/Music/cao/CISLR_v1.5-a_videos/TuH0o_tiW3o.mp4,test,True,25.0,96,300,300,3.84
Tuq_-EuFAhI,bonafide,11.0,legal,True,/home/dipshikha/Music/cao/CISLR_v1.5-a_videos/Tuq_-EuFAhI.mp4,train,True,25.0,251,300,300,10.04
Tv1bOlYSqYI,website,3.0,internet,True,/home/dipshikha/Music/cao/CISLR_v1.5-a_videos/Tv1bOlYSqYI.mp4,test,True,25.0,75,300,300,3.0
Tw2qPxlzf6Q,power duster,13.0,instrument,True,/home/dipshikha/Music/cao/CISLR_v1.5-a_videos/Tw2qPxlzf6Q.mp4,train,True,24.0,300,300,300,12.5
Tw8BsgjnKIg,mitsubishi motors,5.0,organisation,True,/home/dipshikha/Music/cao/CISLR_v1.5-a_videos/Tw8BsgjnKIg.mp4,train,True,25.0,120,300,300,4.8
TwD2W_F22dE_2,calorimeter,10.0,instrument,True,/home/dipshikha/Music/cao/CISLR_v1.5-a_videos/TwD2W_F22dE_2.mp4,train,True,30.0,131,300,300,4.366666666666666
TwRRZw_m1Po_1,rubber,7.0,utility item,True,/home/dipshikha/Music/cao/CISLR_v1.5-a_videos/TwRRZw_m1Po_1.mp4,test,True,30.0,105,300,300,3.5
Ty8eDa-6gQ0,water pipe,5.0,utility item,True,/home/dipshikha/Music/cao/CISLR_v1.5-a_videos/Ty8eDa-6gQ0.mp4,train,True,25.0,111,300,300,4.44
Tyn9hWjEn5A_1,how many,6.0,quantity,True,/home/dipshikha/Music/cao/CISLR_v1.5-a_videos/Tyn9hWjEn5A_1.mp4,train,True,25.0,63,300,300,2.52
TziAcjoELVE_1,subject matter,10.0,education,True,/home/dipshikha/Music/cao/CISLR_v1.5-a_videos/TziAcjoELVE_1.mp4,train,True,30.0,135,300,300,4.5
U--0FZU2bDg,house,4.0,construction,True,/home/dipshikha/Music/cao/CISLR_v1.5-a_videos/U--0FZU2bDg.mp4,test,True,25.0,100,300,300,4.0
U-3Gvctw8Do_1,access,9.0,action,True,/home/dipshikha/Music/cao/CISLR_v1.5-a_videos/U-3Gvctw8Do_1.mp4,train,True,30.0,135,300,300,4.5
U-DAmE4tzo4,wise,4.0,attribute,True,/home/dipshikha/Music/cao/CISLR_v1.5-a_videos/U-DAmE4tzo4.mp4,test,True,25.0,84,300,300,3.36
U-MdJz1XGpg_1,paw,6.0,flora and fauna,True,/home/dipshikha/Music/cao/CISLR_v1.5-a_videos/U-MdJz1XGpg_1.mp4,train,True,30.0,90,300,300,3.0
U-dEobzY4o4,village,5.0,geography,True,/home/dipshikha/Music/cao/CISLR_v1.5-a_videos/U-dEobzY4o4.mp4,test,True,25.0,100,300,300,4.0
U18qbyFJKnA,toothbrush,5.0,utility item,True,/home/dipshikha/Music/cao/CISLR_v1.5-a_videos/U18qbyFJKnA.mp4,test,True,25.0,106,300,300,4.24
U1TZROWBuoo,confused,6.0,emotion,True,/home/dipshikha/Music/cao/CISLR_v1.5-a_videos/U1TZROWBuoo.mp4,train,True,25.0,127,300,300,5.08
U1WpPYHOp84_1,message,8.0,readable,True,/home/dipshikha/Music/cao/CISLR_v1.5-a_videos/U1WpPYHOp84_1.mp4,test,True,30.0,120,300,300,4.0
U1jYplNZtN0_1,draw,6.0,action,True,/home/dipshikha/Music/cao/CISLR_v1.5-a_videos/U1jYplNZtN0_1.mp4,train,True,25.0,63,300,300,2.52
U2DPGFl5JFA_1,kitchen,7.0,foods and drinks,True,/home/dipshikha/Music/cao/CISLR_v1.5-a_videos/U2DPGFl5JFA_1.mp4,test,True,30.0,90,300,300,3.0
U2UQ6QHvt_s_1,eclipse,7.0,event,True,/home/dipshikha/Music/cao/CISLR_v1.5-a_videos/U2UQ6QHvt_s_1.mp4,test,True,25.0,75,300,300,3.0
U2W9kUCDsgU_1,university,7.0,education,True,/home/dipshikha/Music/cao/CISLR_v1.5-a_videos/U2W9kUCDsgU_1.mp4,train,True,25.0,88,300,300,3.52
U3w2AbN_8Og_1,safe guard,7.0,wearable,True,/home/dipshikha/Music/cao/CISLR_v1.5-a_videos/U3w2AbN_8Og_1.mp4,train,True,30.0,90,300,300,3.0
U45soEQ1V4o_1,handkerchief,6.0,utility item,True,/home/dipshikha/Music/cao/CISLR_v1.5-a_videos/U45soEQ1V4o_1.mp4,test,True,25.0,75,300,300,3.0
U45t3T05qRk_1,cock,8.0,flora and fauna,True,/home/dipshikha/Music/cao/CISLR_v1.5-a_videos/U45t3T05qRk_1.mp4,test,True,30.0,105,300,300,3.5
U46jloztxAQ,coimbatore,4.0,geography,True,/home/dipshikha/Music/cao/CISLR_v1.5-a_videos/U46jloztxAQ.mp4,test,True,25.0,83,300,300,3.32
U4dnLRpeTN8,twelve,4.0,quantity,True,/home/dipshikha/Music/cao/CISLR_v1.5-a_videos/U4dnLRpeTN8.mp4,train,True,25.0,84,300,300,3.36
U4zeXOlfF2c,gift,4.0,utility item,True,/home/dipshikha/Music/cao/CISLR_v1.5-a_videos/U4zeXOlfF2c.mp4,train,True,25.0,100,300,300,4.0
U5KcZNFATFM,garden,5.0,construction,True,/home/dipshikha/Music/cao/CISLR_v1.5-a_videos/U5KcZNFATFM.mp4,test,True,25.0,108,300,300,4.32
U5lSxZnyve4_1,diabetes,8.0,medical,True,/home/dipshikha/Music/cao/CISLR_v1.5-a_videos/U5lSxZnyve4_1.mp4,train,True,30.0,105,300,300,3.5
U7Y3GocRUak_1,october,6.0,time,True,/home/dipshikha/Music/cao/CISLR_v1.5-a_videos/U7Y3GocRUak_1.mp4,test,True,29.916666666666668,75,300,300,2.5069637883008355
U8-__KRMRSM,photosynthesis,14.0,biology,True,/home/dipshikha/Music/cao/CISLR_v1.5-a_videos/U8-__KRMRSM.mp4,train,True,24.0,326,300,300,13.583333333333334
U8TyoD2LxLU,dictionary,4.0,readable,True,/home/dipshikha/Music/cao/CISLR_v1.5-a_videos/U8TyoD2LxLU.mp4,train,True,25.0,94,300,300,3.76
U8aIoaNXadQ,change,5.0,action,True,/home/dipshikha/Music/cao/CISLR_v1.5-a_videos/U8aIoaNXadQ.mp4,test,True,25.0,102,300,300,4.08
U9WAeaZQgtE_2,soldering iron,7.0,process,True,/home/dipshikha/Music/cao/CISLR_v1.5-a_videos/U9WAeaZQgtE_2.mp4,train,True,30.0,75,300,300,2.5
UAHpTtftpWE_1,any,6.0,abstract,True,/home/dipshikha/Music/cao/CISLR_v1.5-a_videos/UAHpTtftpWE_1.mp4,train,True,25.0,63,300,300,2.52
UB4Z8Wzkj5g,fixed deposit,4.0,banking,True,/home/dipshikha/Music/cao/CISLR_v1.5-a_videos/UB4Z8Wzkj5g.mp4,train,True,24.0,82,300,300,3.4166666666666665
UCd4aYE00KM_1,without,6.0,abstract,True,/home/dipshikha/Music/cao/CISLR_v1.5-a_videos/UCd4aYE00KM_1.mp4,test,True,25.0,75,300,300,3.0
UD02Bmbm1kk,pro circle,15.0,utility item,True,/home/dipshikha/Music/cao/CISLR_v1.5-a_videos/UD02Bmbm1kk.mp4,train,True,25.0,372,300,300,14.88
UDCvZbi5eMw_2,humidity,14.0,weather,True,/home/dipshikha/Music/cao/CISLR_v1.5-a_videos/UDCvZbi5eMw_2.mp4,train,True,30.0,174,300,300,5.8
UDcg2skGRXM_1,brother,12.0,relation,True,/home/dipshikha/Music/cao/CISLR_v1.5-a_videos/UDcg2skGRXM_1.mp4,train,True,30.0,165,300,300,5.5
UE2dRDkXVOw_1,stabilisation,10.0,process,True,/home/dipshikha/Music/cao/CISLR_v1.5-a_videos/UE2dRDkXVOw_1.mp4,train,True,30.0,135,300,300,4.5
UFePdoNR_KM,write,4.0,action,True,/home/dipshikha/Music/cao/CISLR_v1.5-a_videos/UFePdoNR_KM.mp4,test,True,25.0,88,300,300,3.52
UGFkd_LTNW0_2,thermostat,10.0,electronic and electrical,True,/home/dipshikha/Music/cao/CISLR_v1.5-a_videos/UGFkd_LTNW0_2.mp4,train,True,30.0,98,300,300,3.2666666666666666
UGMQBqwFQzg_1,empty,6.0,quantity,True,/home/dipshikha/Music/cao/CISLR_v1.5-a_videos/UGMQBqwFQzg_1.mp4,train,True,25.0,75,300,300,3.0
UGX6actjbuM,dairy farm record,10.0,readable,True,/home/dipshikha/Music/cao/CISLR_v1.5-a_videos/UGX6actjbuM.mp4,train,True,24.0,219,300,300,9.125
UIZbKwFr9ck_1,saturday,6.0,time,True,/home/dipshikha/Music/cao/CISLR_v1.5-a_videos/UIZbKwFr9ck_1.mp4,test,True,30.0,75,300,300,2.5
UJHjwQ7yclM,welcome,3.0,greeting,True,/home/dipshikha/Music/cao/CISLR_v1.5-a_videos/UJHjwQ7yclM.mp4,train,True,25.0,70,300,300,2.8
UJe2UCSOExA,bone cancer osteosarcoma and malignant fibrous histiocytoma,5.0,medical,True,/home/dipshikha/Music/cao/CISLR_v1.5-a_videos/UJe2UCSOExA.mp4,train,True,25.0,111,300,300,4.44
UJyI-681CrM,scratch,7.0,action,True,/home/dipshikha/Music/cao/CISLR_v1.5-a_videos/UJyI-681CrM.mp4,test,True,25.0,151,300,300,6.04
UK-aS_5scz4_1,monday,5.0,time,True,/home/dipshikha/Music/cao/CISLR_v1.5-a_videos/UK-aS_5scz4_1.mp4,test,True,30.0,75,300,300,2.5
UK3lCFwSt7A,chilli,5.0,foods and drinks,True,/home/dipshikha/Music/cao/CISLR_v1.5-a_videos/UK3lCFwSt7A.mp4,train,True,25.0,106,300,300,4.24
ULLLdCsmxDU_1,lumpsum,8.0,banking,True,/home/dipshikha/Music/cao/CISLR_v1.5-a_videos/ULLLdCsmxDU_1.mp4,train,True,30.0,120,300,300,4.0
ULXqpYB1yYw,support,4.0,action,True,/home/dipshikha/Music/cao/CISLR_v1.5-a_videos/ULXqpYB1yYw.mp4,test,True,25.0,100,300,300,4.0
UMGZsGFUVcA_1,see,9.0,action,True,/home/dipshikha/Music/cao/CISLR_v1.5-a_videos/UMGZsGFUVcA_1.mp4,train,True,30.0,120,300,300,4.0
UMMYGhp1SD4,carrot,4.0,foods and drinks,True,/home/dipshikha/Music/cao/CISLR_v1.5-a_videos/UMMYGhp1SD4.mp4,train,True,25.0,99,300,300,3.96
UMS2IJZt6To,free,4.0,behavior,True,/home/dipshikha/Music/cao/CISLR_v1.5-a_videos/UMS2IJZt6To.mp4,test,True,25.0,93,300,300,3.72
UNNkbxYzexA,taiwan,3.0,geography,True,/home/dipshikha/Music/cao/CISLR_v1.5-a_videos/UNNkbxYzexA.mp4,train,True,25.0,73,300,300,2.92
UOCJkoSjr9w,finish,6.0,stage,True,/home/dipshikha/Music/cao/CISLR_v1.5-a_videos/UOCJkoSjr9w.mp4,test,True,25.0,131,300,300,5.24
UOF_LN4gRRw_1,hindi,7.0,language,True,/home/dipshikha/Music/cao/CISLR_v1.5-a_videos/UOF_LN4gRRw_1.mp4,train,True,25.0,75,300,300,3.0
UOFozu6HCwg_1,cross,5.0,action,True,/home/dipshikha/Music/cao/CISLR_v1.5-a_videos/UOFozu6HCwg_1.mp4,train,True,25.0,63,300,300,2.52
UORRNKMTusE,twitter,5.0,internet,True,/home/dipshikha/Music/cao/CISLR_v1.5-a_videos/UORRNKMTusE.mp4,test,True,25.0,110,300,300,4.4
UOktZawGna4,band-aid,5.0,medical,True,/home/dipshikha/Music/cao/CISLR_v1.5-a_videos/UOktZawGna4.mp4,train,True,25.0,117,300,300,4.68
UPBonZ_8HIM,life,5.0,abstract,True,/home/dipshikha/Music/cao/CISLR_v1.5-a_videos/UPBonZ_8HIM.mp4,train,True,25.0,111,300,300,4.44
UPTSoIuNOIw_1,egg,7.0,foods and drinks,True,/home/dipshikha/Music/cao/CISLR_v1.5-a_videos/UPTSoIuNOIw_1.mp4,test,True,30.0,90,300,300,3.0
UPh2mJTMLIQ,lollipop,5.0,foods and drinks,True,/home/dipshikha/Music/cao/CISLR_v1.5-a_videos/UPh2mJTMLIQ.mp4,train,True,25.0,118,300,300,4.72
UQh8UwdcnBI_1,reminder,8.0,time,True,/home/dipshikha/Music/cao/CISLR_v1.5-a_videos/UQh8UwdcnBI_1.mp4,train,True,30.0,105,300,300,3.5
UQnQ_sw1fHA_1,neck,8.0,biology,True,/home/dipshikha/Music/cao/CISLR_v1.5-a_videos/UQnQ_sw1fHA_1.mp4,test,True,30.0,105,300,300,3.5
UQogb-cniR4_1,cockroach,6.0,flora and fauna,True,/home/dipshikha/Music/cao/CISLR_v1.5-a_videos/UQogb-cniR4_1.mp4,test,True,30.0,90,300,300,3.0
URA2L-D-MAQ,city,5.0,geography,True,/home/dipshikha/Music/cao/CISLR_v1.5-a_videos/URA2L-D-MAQ.mp4,test,True,25.0,109,300,300,4.36
URJUqJrqo_8,wire stripper,10.0,instrument,True,/home/dipshikha/Music/cao/CISLR_v1.5-a_videos/URJUqJrqo_8.mp4,train,True,25.0,236,300,300,9.44
URTZQEPHVxk,wholesale merchants,10.0,profession,True,/home/dipshikha/Music/cao/CISLR_v1.5-a_videos/URTZQEPHVxk.mp4,train,True,25.0,248,300,300,9.92
US1v85XAz0c,ram navami,6.0,religious,True,/home/dipshikha/Music/cao/CISLR_v1.5-a_videos/US1v85XAz0c.mp4,train,True,25.0,148,300,300,5.92
USyI1R3TCr4,runner,9.0,instrument,True,/home/dipshikha/Music/cao/CISLR_v1.5-a_videos/USyI1R3TCr4.mp4,train,True,25.0,217,300,300,8.68
UTkhiWX3IBk,wheat rust,15.0,foods and drinks,True,/home/dipshikha/Music/cao/CISLR_v1.5-a_videos/UTkhiWX3IBk.mp4,train,True,25.0,356,300,300,14.24
UUYEkCl4HvI,snail,4.0,flora and fauna,True,/home/dipshikha/Music/cao/CISLR_v1.5-a_videos/UUYEkCl4HvI.mp4,test,True,25.0,99,300,300,3.96
UWWGrijcLSs,criminal court,7.0,legal,True,/home/dipshikha/Music/cao/CISLR_v1.5-a_videos/UWWGrijcLSs.mp4,train,True,25.0,172,300,300,6.88
UWzrvtCcWDA,run,4.0,action,True,/home/dipshikha/Music/cao/CISLR_v1.5-a_videos/UWzrvtCcWDA.mp4,test,True,25.0,91,300,300,3.64
UXoDCHd7VuQ_1,monday,5.0,time,True,/home/dipshikha/Music/cao/CISLR_v1.5-a_videos/UXoDCHd7VuQ_1.mp4,test,True,30.0,75,300,300,2.5
UXoVPWIYL4k_2,uniform motion,9.0,physics,True,/home/dipshikha/Music/cao/CISLR_v1.5-a_videos/UXoVPWIYL4k_2.mp4,train,True,30.0,99,300,300,3.3
UY6S37YeDTE_1,cash,9.0,banking,True,/home/dipshikha/Music/cao/CISLR_v1.5-a_videos/UY6S37YeDTE_1.mp4,train,True,30.0,120,300,300,4.0
UYS5jKTw0Ik_1,clerk,6.0,profession,True,/home/dipshikha/Music/cao/CISLR_v1.5-a_videos/UYS5jKTw0Ik_1.mp4,train,True,25.0,75,300,300,3.0
UYYmJtinmNg,toffee,6.0,foods and drinks,True,/home/dipshikha/Music/cao/CISLR_v1.5-a_videos/UYYmJtinmNg.mp4,train,True,25.0,126,300,300,5.04
U_I4IzFnhdw,scratch,4.0,action,True,/home/dipshikha/Music/cao/CISLR_v1.5-a_videos/U_I4IzFnhdw.mp4,test,True,25.0,88,300,300,3.52
Ua00PZ_-QKE_1,center,6.0,spatial position,True,/home/dipshikha/Music/cao/CISLR_v1.5-a_videos/Ua00PZ_-QKE_1.mp4,train,True,25.0,63,300,300,2.52
Ua8OAMfzWAQ_1,pre paid,7.0,banking,True,/home/dipshikha/Music/cao/CISLR_v1.5-a_videos/Ua8OAMfzWAQ_1.mp4,train,True,30.0,90,300,300,3.0
UbEMzE9pxXU,absorption of water,12.0,chemistry,True,/home/dipshikha/Music/cao/CISLR_v1.5-a_videos/UbEMzE9pxXU.mp4,train,True,24.0,270,300,300,11.25
UbLgHH4sOtA_1,mother,10.0,relation,True,/home/dipshikha/Music/cao/CISLR_v1.5-a_videos/UbLgHH4sOtA_1.mp4,test,True,30.0,150,300,300,5.0
UbQHwZHQSRM,alternative,5.0,abstract,True,/home/dipshikha/Music/cao/CISLR_v1.5-a_videos/UbQHwZHQSRM.mp4,train,True,25.0,114,300,300,4.56
UbZzQI8wKY8_2,regular vibration,9.0,sound,True,/home/dipshikha/Music/cao/CISLR_v1.5-a_videos/UbZzQI8wKY8_2.mp4,train,True,30.0,96,300,300,3.2
Ubg4ASlf83o_1,cream,6.0,utility item,True,/home/dipshikha/Music/cao/CISLR_v1.5-a_videos/Ubg4ASlf83o_1.mp4,train,True,25.0,63,300,300,2.52
Ubkc3VIH4QY,side,4.0,spatial position,True,/home/dipshikha/Music/cao/CISLR_v1.5-a_videos/Ubkc3VIH4QY.mp4,train,True,25.0,90,300,300,3.6
UcEpOfJMly4_1,magic,6.0,abstract,True,/home/dipshikha/Music/cao/CISLR_v1.5-a_videos/UcEpOfJMly4_1.mp4,test,True,25.0,63,300,300,2.52
UceHJJVBBzU,grudge,6.0,emotion,True,/home/dipshikha/Music/cao/CISLR_v1.5-a_videos/UceHJJVBBzU.mp4,train,True,25.0,144,300,300,5.76
Uctb3c7u__M_1,mobilisation deposit,10.0,banking,True,/home/dipshikha/Music/cao/CISLR_v1.5-a_videos/Uctb3c7u__M_1.mp4,train,True,30.0,135,300,300,4.5
UdD80Owt1n8_1,kite,5.0,sport,True,/home/dipshikha/Music/cao/CISLR_v1.5-a_videos/UdD80Owt1n8_1.mp4,train,True,25.0,63,300,300,2.52
UevozhypOqs_1,necklace,6.0,utility item,True,/home/dipshikha/Music/cao/CISLR_v1.5-a_videos/UevozhypOqs_1.mp4,test,True,25.0,75,300,300,3.0
Uf6P20S4HbI_1,register,7.0,miscellaneous object,True,/home/dipshikha/Music/cao/CISLR_v1.5-a_videos/Uf6P20S4HbI_1.mp4,train,True,30.0,90,300,300,3.0
UfA1NhqdyRQ_1,weight,6.0,abstract,True,/home/dipshikha/Music/cao/CISLR_v1.5-a_videos/UfA1NhqdyRQ_1.mp4,train,True,25.0,63,300,300,2.52
UfJyWbJ_RpQ_2,error of omission,7.0,banking,True,/home/dipshikha/Music/cao/CISLR_v1.5-a_videos/UfJyWbJ_RpQ_2.mp4,train,True,30.0,89,300,300,2.966666666666667
UfYeaYNJV8E_1,from,5.0,language,True,/home/dipshikha/Music/cao/CISLR_v1.5-a_videos/UfYeaYNJV8E_1.mp4,train,True,25.0,50,300,300,2.0
UfZyeijqQeY_1,allowance,10.0,banking,True,/home/dipshikha/Music/cao/CISLR_v1.5-a_videos/UfZyeijqQeY_1.mp4,train,True,30.0,135,300,300,4.5
UgLgrXYY9Es,shine,4.0,attribute,True,/home/dipshikha/Music/cao/CISLR_v1.5-a_videos/UgLgrXYY9Es.mp4,test,True,25.0,100,300,300,4.0
UgR3sxHLsDg,view,4.0,action,True,/home/dipshikha/Music/cao/CISLR_v1.5-a_videos/UgR3sxHLsDg.mp4,test,True,25.0,81,300,300,3.24
UhOwvFFtKVs_1,lotus,6.0,flora and fauna,True,/home/dipshikha/Music/cao/CISLR_v1.5-a_videos/UhOwvFFtKVs_1.mp4,test,True,30.0,90,300,300,3.0
UhtjXl2_OcA_1,bangladesh,9.0,geography,True,/home/dipshikha/Music/cao/CISLR_v1.5-a_videos/UhtjXl2_OcA_1.mp4,train,True,25.0,100,300,300,4.0
UivWWBHOnAc,child prostitution,13.0,legal,True,/home/dipshikha/Music/cao/CISLR_v1.5-a_videos/UivWWBHOnAc.mp4,train,True,25.0,313,300,300,12.52
UjkcbDkHvxY,touchscreen,4.0,electronic and electrical,True,/home/dipshikha/Music/cao/CISLR_v1.5-a_videos/UjkcbDkHvxY.mp4,train,True,25.0,97,300,300,3.88
Ujw6xa-mmZM,temporary,3.0,abstract,True,/home/dipshikha/Music/cao/CISLR_v1.5-a_videos/Ujw6xa-mmZM.mp4,train,True,25.0,73,300,300,2.92
Uk2g1CB1O2s_1,buyer,6.0,human,True,/home/dipshikha/Music/cao/CISLR_v1.5-a_videos/Uk2g1CB1O2s_1.mp4,train,True,30.0,90,300,300,3.0
Ukr__1TiaOo_1,wait,6.0,action,True,/home/dipshikha/Music/cao/CISLR_v1.5-a_videos/Ukr__1TiaOo_1.mp4,test,True,25.0,63,300,300,2.52
UksWdbYQW2k_2,natural gas,10.0,substance,True,/home/dipshikha/Music/cao/CISLR_v1.5-a_videos/UksWdbYQW2k_2.mp4,train,True,30.0,128,300,300,4.266666666666667
UlQ5cTjCqT8_1,tuesday,6.0,time,True,/home/dipshikha/Music/cao/CISLR_v1.5-a_videos/UlQ5cTjCqT8_1.mp4,test,True,30.0,75,300,300,2.5
UmIy-iRAW48,shaft,11.0,instrument,True,/home/dipshikha/Music/cao/CISLR_v1.5-a_videos/UmIy-iRAW48.mp4,train,True,25.0,257,300,300,10.28
UnOmbIQFwOE_1,until,7.0,time,True,/home/dipshikha/Music/cao/CISLR_v1.5-a_videos/UnOmbIQFwOE_1.mp4,test,True,30.0,90,300,300,3.0
Unvi9R9Qg8w,similar,4.0,comparator,True,/home/dipshikha/Music/cao/CISLR_v1.5-a_videos/Unvi9R9Qg8w.mp4,test,True,25.0,80,300,300,3.2
UoBpthYc-HE,u neck,9.0,wearable,True,/home/dipshikha/Music/cao/CISLR_v1.5-a_videos/UoBpthYc-HE.mp4,train,True,25.0,217,300,300,8.68
UoONuBxuPLg_1,cold,6.0,biology,True,/home/dipshikha/Music/cao/CISLR_v1.5-a_videos/UoONuBxuPLg_1.mp4,test,True,30.0,90,300,300,3.0
UodmDnAnLmg_1,cabbage,7.0,foods and drinks,True,/home/dipshikha/Music/cao/CISLR_v1.5-a_videos/UodmDnAnLmg_1.mp4,test,True,25.0,75,300,300,3.0
UpDvz4TFXuY,garlic,5.0,foods and drinks,True,/home/dipshikha/Music/cao/CISLR_v1.5-a_videos/UpDvz4TFXuY.mp4,train,True,25.0,124,300,300,4.96
UpTUXgf7Wck,sanitary pad,4.0,miscellaneous object,True,/home/dipshikha/Music/cao/CISLR_v1.5-a_videos/UpTUXgf7Wck.mp4,test,True,25.0,90,300,300,3.6
UrDzxGca4Vg,jal mahal,6.0,geography,True,/home/dipshikha/Music/cao/CISLR_v1.5-a_videos/UrDzxGca4Vg.mp4,train,True,25.0,135,300,300,5.4
Us3qUIzVN30_1,outstanding cheque,8.0,banking,True,/home/dipshikha/Music/cao/CISLR_v1.5-a_videos/Us3qUIzVN30_1.mp4,train,True,30.0,120,300,300,4.0
UsfdUqWfoko_1,tum over,8.0,banking,True,/home/dipshikha/Music/cao/CISLR_v1.5-a_videos/UsfdUqWfoko_1.mp4,train,True,30.0,120,300,300,4.0
UtDbK5h2P5s,advocate general,7.0,profession,True,/home/dipshikha/Music/cao/CISLR_v1.5-a_videos/UtDbK5h2P5s.mp4,train,True,24.0,147,300,300,6.125
UtIn2Jira9w,builder,6.0,profession,True,/home/dipshikha/Music/cao/CISLR_v1.5-a_videos/UtIn2Jira9w.mp4,train,True,25.0,144,300,300,5.76
UuYeKt00J9s_2,battery,8.0,physics,True,/home/dipshikha/Music/cao/CISLR_v1.5-a_videos/UuYeKt00J9s_2.mp4,train,True,30.0,78,300,300,2.6
UvsWlQg31Ts,pain,3.0,sensation,True,/home/dipshikha/Music/cao/CISLR_v1.5-a_videos/UvsWlQg31Ts.mp4,test,True,25.0,59,300,300,2.36
UwWaRajzxt0,regular,4.0,attribute,True,/home/dipshikha/Music/cao/CISLR_v1.5-a_videos/UwWaRajzxt0.mp4,train,True,25.0,93,300,300,3.72
UwjyKkkLN7o_1,remittance,8.0,banking,True,/home/dipshikha/Music/cao/CISLR_v1.5-a_videos/UwjyKkkLN7o_1.mp4,train,True,30.0,105,300,300,3.5
Uwz4-pLZMC8,punctual,4.0,attribute,True,/home/dipshikha/Music/cao/CISLR_v1.5-a_videos/Uwz4-pLZMC8.mp4,test,True,25.0,98,300,300,3.92
UxC_mC9iK-I,eraser,7.0,utility item,True,/home/dipshikha/Music/cao/CISLR_v1.5-a_videos/UxC_mC9iK-I.mp4,train,True,25.0,68,300,300,2.72
UxfnLulLdVQ,suspect,12.0,legal,True,/home/dipshikha/Music/cao/CISLR_v1.5-a_videos/UxfnLulLdVQ.mp4,test,True,25.0,297,300,300,11.88
UyIz1DzGwQQ_1,explain,7.0,action,True,/home/dipshikha/Music/cao/CISLR_v1.5-a_videos/UyIz1DzGwQQ_1.mp4,test,True,25.0,75,300,300,3.0
UyOvMtr_ZOE_1,lc,8.0,banking,True,/home/dipshikha/Music/cao/CISLR_v1.5-a_videos/UyOvMtr_ZOE_1.mp4,train,True,30.0,105,300,300,3.5
UyuuFpV2QCg,extend,5.0,action,True,/home/dipshikha/Music/cao/CISLR_v1.5-a_videos/UyuuFpV2QCg.mp4,train,True,25.0,104,300,300,4.16
Uyx_b73fxUc,hearsay,15.0,legal,True,/home/dipshikha/Music/cao/CISLR_v1.5-a_videos/Uyx_b73fxUc.mp4,train,True,25.0,359,300,300,14.36
Uz_wWiAtIUY,thread,8.0,utility item,True,/home/dipshikha/Music/cao/CISLR_v1.5-a_videos/Uz_wWiAtIUY.mp4,train,True,25.0,187,300,300,7.48
UzpCuTtVV9Y_1,understand,6.0,action,True,/home/dipshikha/Music/cao/CISLR_v1.5-a_videos/UzpCuTtVV9Y_1.mp4,test,True,25.0,63,300,300,2.52
V-BQYv-0PKs,podium,6.0,miscellaneous object,True,/home/dipshikha/Music/cao/CISLR_v1.5-a_videos/V-BQYv-0PKs.mp4,test,True,25.0,144,300,300,5.76
V-YrxoE9qBE,publish,4.0,action,True,/home/dipshikha/Music/cao/CISLR_v1.5-a_videos/V-YrxoE9qBE.mp4,train,True,25.0,96,300,300,3.84
V0VRDcoop14_1,duplicate,9.0,comparator,True,/home/dipshikha/Music/cao/CISLR_v1.5-a_videos/V0VRDcoop14_1.mp4,train,True,30.0,120,300,300,4.0
V1-w01T8L84_1,folio,9.0,readable,True,/home/dipshikha/Music/cao/CISLR_v1.5-a_videos/V1-w01T8L84_1.mp4,train,True,30.0,135,300,300,4.5
V1dlIBcgvjo,inner shell membrane,14.0,biology,True,/home/dipshikha/Music/cao/CISLR_v1.5-a_videos/V1dlIBcgvjo.mp4,train,True,24.0,323,300,300,13.458333333333334
V279MbdgsSY_1,hair,7.0,biology,True,/home/dipshikha/Music/cao/CISLR_v1.5-a_videos/V279MbdgsSY_1.mp4,test,True,30.0,90,300,300,3.0
V29VnUcT42Q,wiring,13.0,action,True,/home/dipshikha/Music/cao/CISLR_v1.5-a_videos/V29VnUcT42Q.mp4,test,True,25.0,315,300,300,12.6
V2MPSLmneX0,colour palette,10.0,colour,True,/home/dipshikha/Music/cao/CISLR_v1.5-a_videos/V2MPSLmneX0.mp4,train,True,24.0,226,300,300,9.416666666666666
V2xejNSSroM,upper division clerk,4.0,profession,True,/home/dipshikha/Music/cao/CISLR_v1.5-a_videos/V2xejNSSroM.mp4,train,True,24.0,93,300,300,3.875
V3YYjAXQwmI_2,rectifier,10.0,instrument,True,/home/dipshikha/Music/cao/CISLR_v1.5-a_videos/V3YYjAXQwmI_2.mp4,train,True,30.0,120,300,300,4.0
V3bwmMHBHzE,engineering compass,14.0,instrument,True,/home/dipshikha/Music/cao/CISLR_v1.5-a_videos/V3bwmMHBHzE.mp4,train,True,25.0,336,300,300,13.44
V3nAp-Rq1W0_1,mtl,10.0,banking,True,/home/dipshikha/Music/cao/CISLR_v1.5-a_videos/V3nAp-Rq1W0_1.mp4,train,True,30.0,150,300,300,5.0
V3vmgiymarA,route,10.0,transport,True,/home/dipshikha/Music/cao/CISLR_v1.5-a_videos/V3vmgiymarA.mp4,train,True,25.0,227,300,300,9.08
V41e4s7n5jY_1,cure,7.0,medical,True,/home/dipshikha/Music/cao/CISLR_v1.5-a_videos/V41e4s7n5jY_1.mp4,train,True,30.0,105,300,300,3.5
V4nZC24tRJ4_2,solar system,9.0,astronomical,True,/home/dipshikha/Music/cao/CISLR_v1.5-a_videos/V4nZC24tRJ4_2.mp4,train,True,30.0,108,300,300,3.6
V5ZoFg0ZI08_1,noc,9.0,legal,True,/home/dipshikha/Music/cao/CISLR_v1.5-a_videos/V5ZoFg0ZI08_1.mp4,train,True,30.0,135,300,300,4.5
V5ays4bEcFE,brandishing of a weapon,11.0,legal,True,/home/dipshikha/Music/cao/CISLR_v1.5-a_videos/V5ays4bEcFE.mp4,train,True,25.0,267,300,300,10.68
V5pMbP6wR8k,corel draw,7.0,internet,True,/home/dipshikha/Music/cao/CISLR_v1.5-a_videos/V5pMbP6wR8k.mp4,train,True,24.0,159,300,300,6.625
V63xT_OqUOw_1,yellow,9.0,attribute,True,/home/dipshikha/Music/cao/CISLR_v1.5-a_videos/V63xT_OqUOw_1.mp4,test,True,30.0,135,300,300,4.5
V6STX-F9V8o_1,overdue,9.0,time,True,/home/dipshikha/Music/cao/CISLR_v1.5-a_videos/V6STX-F9V8o_1.mp4,train,True,30.0,120,300,300,4.0
V762TGrdsYI,establish,6.0,action,True,/home/dipshikha/Music/cao/CISLR_v1.5-a_videos/V762TGrdsYI.mp4,train,True,25.0,137,300,300,5.48
V94cJaXyYpY,obey,3.0,action,True,/home/dipshikha/Music/cao/CISLR_v1.5-a_videos/V94cJaXyYpY.mp4,train,True,25.0,64,300,300,2.56
V9YCBo53D94_1,bedroom,10.0,construction,True,/home/dipshikha/Music/cao/CISLR_v1.5-a_videos/V9YCBo53D94_1.mp4,test,True,30.0,150,300,300,5.0
VA6jHsfpa4g,acacia modesta,14.0,flora and fauna,True,/home/dipshikha/Music/cao/CISLR_v1.5-a_videos/VA6jHsfpa4g.mp4,train,True,24.0,330,300,300,13.75
VAGtePDt80E_1,bark,6.0,action,True,/home/dipshikha/Music/cao/CISLR_v1.5-a_videos/VAGtePDt80E_1.mp4,train,True,30.0,75,300,300,2.5
VAhELbOjQFc,india,4.0,geography,True,/home/dipshikha/Music/cao/CISLR_v1.5-a_videos/VAhELbOjQFc.mp4,test,True,25.0,86,300,300,3.44
VAiekrFaH-A_2,noise pollution,8.0,sound,True,/home/dipshikha/Music/cao/CISLR_v1.5-a_videos/VAiekrFaH-A_2.mp4,test,True,30.0,81,300,300,2.7
VBM4ss11k-k,anxious,4.0,emotion,True,/home/dipshikha/Music/cao/CISLR_v1.5-a_videos/VBM4ss11k-k.mp4,train,True,25.0,84,300,300,3.36
VBX7WykbnZM,python,6.0,flora and fauna,True,/home/dipshikha/Music/cao/CISLR_v1.5-a_videos/VBX7WykbnZM.mp4,train,True,25.0,150,300,300,6.0
VBdO8sQJM1s_1,vessel,7.0,utility item,True,/home/dipshikha/Music/cao/CISLR_v1.5-a_videos/VBdO8sQJM1s_1.mp4,train,True,30.0,90,300,300,3.0
VBnTbBdLA1M_2,direct,9.0,language,True,/home/dipshikha/Music/cao/CISLR_v1.5-a_videos/VBnTbBdLA1M_2.mp4,train,True,30.0,103,300,300,3.433333333333333
VBvgxVhTCU4,cultivators,7.0,profession,True,/home/dipshikha/Music/cao/CISLR_v1.5-a_videos/VBvgxVhTCU4.mp4,train,True,24.0,161,300,300,6.708333333333333
VBx8a9gFcQI_1,cinema,5.0,entertainment,True,/home/dipshikha/Music/cao/CISLR_v1.5-a_videos/VBx8a9gFcQI_1.mp4,test,True,25.0,63,300,300,2.52
VCAyZMacKXM,inverter,6.0,electronic and electrical,True,/home/dipshikha/Music/cao/CISLR_v1.5-a_videos/VCAyZMacKXM.mp4,train,True,25.0,132,300,300,5.28
VCDSOi8Hix0,distance,7.0,metric,True,/home/dipshikha/Music/cao/CISLR_v1.5-a_videos/VCDSOi8Hix0.mp4,test,True,25.0,154,300,300,6.16
VCOeuYSrcMI_1,puppet show,5.0,event,True,/home/dipshikha/Music/cao/CISLR_v1.5-a_videos/VCOeuYSrcMI_1.mp4,train,True,25.0,63,300,300,2.52
VCRZM4u-FYs,power,4.0,attribute,True,/home/dipshikha/Music/cao/CISLR_v1.5-a_videos/VCRZM4u-FYs.mp4,test,True,25.0,94,300,300,3.76
VC_lTWT1HXU,right,4.0,spatial position,True,/home/dipshikha/Music/cao/CISLR_v1.5-a_videos/VC_lTWT1HXU.mp4,test,True,25.0,82,300,300,3.28
VCjWwq5ww18_1,granddaughter,13.0,relation,True,/home/dipshikha/Music/cao/CISLR_v1.5-a_videos/VCjWwq5ww18_1.mp4,train,True,30.0,180,300,300,6.0
VDET3icqk6A,wrench,15.0,instrument,True,/home/dipshikha/Music/cao/CISLR_v1.5-a_videos/VDET3icqk6A.mp4,train,True,25.0,372,300,300,14.88
VDbvWI5QT70,neighbour,4.0,human,True,/home/dipshikha/Music/cao/CISLR_v1.5-a_videos/VDbvWI5QT70.mp4,train,True,25.0,97,300,300,3.88
VEALNsI7Ijg,silk,4.0,wearable,True,/home/dipshikha/Music/cao/CISLR_v1.5-a_videos/VEALNsI7Ijg.mp4,test,True,25.0,87,300,300,3.48
VEppUiloi6c_1,blood pressure,8.0,medical,True,/home/dipshikha/Music/cao/CISLR_v1.5-a_videos/VEppUiloi6c_1.mp4,test,True,30.0,120,300,300,4.0
VFLmd-lcwZw_1,praise,6.0,action,True,/home/dipshikha/Music/cao/CISLR_v1.5-a_videos/VFLmd-lcwZw_1.mp4,test,True,25.0,63,300,300,2.52
VGY3MIoFFoU_2,procedure,7.0,action,True,/home/dipshikha/Music/cao/CISLR_v1.5-a_videos/VGY3MIoFFoU_2.mp4,train,True,30.0,96,300,300,3.2
VGa4oRGUQ-w,exchange positions,4.0,action,True,/home/dipshikha/Music/cao/CISLR_v1.5-a_videos/VGa4oRGUQ-w.mp4,train,True,25.0,97,300,300,3.88
VH9BKxQgE4I,veterinarian,8.0,profession,True,/home/dipshikha/Music/cao/CISLR_v1.5-a_videos/VH9BKxQgE4I.mp4,train,True,25.0,189,300,300,7.56
VHEz_cYLDe8,puducherry,4.0,geography,True,/home/dipshikha/Music/cao/CISLR_v1.5-a_videos/VHEz_cYLDe8.mp4,train,True,25.0,85,300,300,3.4
VHdpLk4GK08_2,convex mirror,9.0,physics,True,/home/dipshikha/Music/cao/CISLR_v1.5-a_videos/VHdpLk4GK08_2.mp4,train,True,30.0,119,300,300,3.966666666666667
VI6RwfsB3Tc_1,hippo,7.0,flora and fauna,True,/home/dipshikha/Music/cao/CISLR_v1.5-a_videos/VI6RwfsB3Tc_1.mp4,test,True,30.0,90,300,300,3.0
VIDtd_VYM2Y,copy,8.0,action,True,/home/dipshikha/Music/cao/CISLR_v1.5-a_videos/VIDtd_VYM2Y.mp4,test,True,25.0,180,300,300,7.2
VJNSZFoRLzE,follow,4.0,action,True,/home/dipshikha/Music/cao/CISLR_v1.5-a_videos/VJNSZFoRLzE.mp4,test,True,25.0,91,300,300,3.64
VJlRCE_Tw3A_1,silver,7.0,metal and minerals,True,/home/dipshikha/Music/cao/CISLR_v1.5-a_videos/VJlRCE_Tw3A_1.mp4,test,True,30.0,90,300,300,3.0
VKeDxmyvczg_1,account govemment,13.0,banking,True,/home/dipshikha/Music/cao/CISLR_v1.5-a_videos/VKeDxmyvczg_1.mp4,train,True,30.0,180,300,300,6.0
VL83qtgsLCk,printer,5.0,instrument,True,/home/dipshikha/Music/cao/CISLR_v1.5-a_videos/VL83qtgsLCk.mp4,train,True,25.0,111,300,300,4.44
VLeir-T0xmU,magnet,5.0,physics,True,/home/dipshikha/Music/cao/CISLR_v1.5-a_videos/VLeir-T0xmU.mp4,test,True,25.0,125,300,300,5.0
VMI2RvR_tNA,demarcation west bengal,10.0,authority,True,/home/dipshikha/Music/cao/CISLR_v1.5-a_videos/VMI2RvR_tNA.mp4,train,True,24.0,236,300,300,9.833333333333334
VMsWda7pWZA,black,5.0,quality,True,/home/dipshikha/Music/cao/CISLR_v1.5-a_videos/VMsWda7pWZA.mp4,test,True,25.0,108,300,300,4.32
VN0pOHZP1KQ,leave,13.0,profession,True,/home/dipshikha/Music/cao/CISLR_v1.5-a_videos/VN0pOHZP1KQ.mp4,test,True,25.0,319,300,300,12.76
VO1Wuqwc4wg,memory unit,15.0,metric,True,/home/dipshikha/Music/cao/CISLR_v1.5-a_videos/VO1Wuqwc4wg.mp4,train,True,25.0,361,300,300,14.44
VOEpCw8MRuo,factorisation,14.0,math,True,/home/dipshikha/Music/cao/CISLR_v1.5-a_videos/VOEpCw8MRuo.mp4,train,True,25.0,336,300,300,13.44
VORmSzXh6YU,funny,5.0,sensation,True,/home/dipshikha/Music/cao/CISLR_v1.5-a_videos/VORmSzXh6YU.mp4,test,True,25.0,122,300,300,4.88
VPB0XOlm-qE,counter sinking,6.0,process,True,/home/dipshikha/Music/cao/CISLR_v1.5-a_videos/VPB0XOlm-qE.mp4,train,True,25.0,144,300,300,5.76
VPU-Gw_h9ko,debit card,4.0,banking,True,/home/dipshikha/Music/cao/CISLR_v1.5-a_videos/VPU-Gw_h9ko.mp4,test,True,25.0,96,300,300,3.84
VPiwsR-P4Tc_1,skin,8.0,biology,True,/home/dipshikha/Music/cao/CISLR_v1.5-a_videos/VPiwsR-P4Tc_1.mp4,test,True,30.0,105,300,300,3.5
VPja-SPBsSk_1,rice,5.0,foods and drinks,True,/home/dipshikha/Music/cao/CISLR_v1.5-a_videos/VPja-SPBsSk_1.mp4,test,True,25.0,63,300,300,2.52
VRTBNXGQAVY,applique,10.0,wearable,True,/home/dipshikha/Music/cao/CISLR_v1.5-a_videos/VRTBNXGQAVY.mp4,train,True,25.0,240,300,300,9.6
VRhdtFEOlXs,man,4.0,human,True,/home/dipshikha/Music/cao/CISLR_v1.5-a_videos/VRhdtFEOlXs.mp4,train,True,25.0,97,300,300,3.88
VS_ZuiQIJx0,no,5.0,abstract,True,/home/dipshikha/Music/cao/CISLR_v1.5-a_videos/VS_ZuiQIJx0.mp4,test,True,25.0,100,300,300,4.0
VSvlO0WM5fg_1,november,6.0,time,True,/home/dipshikha/Music/cao/CISLR_v1.5-a_videos/VSvlO0WM5fg_1.mp4,test,True,30.0,75,300,300,2.5
VT9WJZKrys8_1,true,6.0,abstract,True,/home/dipshikha/Music/cao/CISLR_v1.5-a_videos/VT9WJZKrys8_1.mp4,test,True,30.0,90,300,300,3.0
VTDRIXo-Bpg_1,kurta,6.0,wearable,True,/home/dipshikha/Music/cao/CISLR_v1.5-a_videos/VTDRIXo-Bpg_1.mp4,test,True,25.0,63,300,300,2.52
VV3za4vmTTs,vessel,7.0,utility item,True,/home/dipshikha/Music/cao/CISLR_v1.5-a_videos/VV3za4vmTTs.mp4,test,True,25.0,173,300,300,6.92
VV7wIkRKbf0_1,form,6.0,readable,True,/home/dipshikha/Music/cao/CISLR_v1.5-a_videos/VV7wIkRKbf0_1.mp4,test,True,30.0,90,300,300,3.0
VWNsruK2Yk0_1,programme,7.0,event,True,/home/dipshikha/Music/cao/CISLR_v1.5-a_videos/VWNsruK2Yk0_1.mp4,train,True,30.0,90,300,300,3.0
VX-0YdOVhIE,hashtag,3.0,language,True,/home/dipshikha/Music/cao/CISLR_v1.5-a_videos/VX-0YdOVhIE.mp4,train,True,24.0,65,300,300,2.708333333333333
VYVrUCzDt_w_1,uncovered,7.0,banking,True,/home/dipshikha/Music/cao/CISLR_v1.5-a_videos/VYVrUCzDt_w_1.mp4,train,True,30.0,90,300,300,3.0
V_NJjyZpYY4,indicator,15.0,time,True,/home/dipshikha/Music/cao/CISLR_v1.5-a_videos/V_NJjyZpYY4.mp4,train,True,24.0,357,300,300,14.875
VaWad6GHjNM_1,lips,7.0,biology,True,/home/dipshikha/Music/cao/CISLR_v1.5-a_videos/VaWad6GHjNM_1.mp4,train,True,30.0,105,300,300,3.5
VaXddHdk-K0_1,pillow,8.0,utility item,True,/home/dipshikha/Music/cao/CISLR_v1.5-a_videos/VaXddHdk-K0_1.mp4,test,True,30.0,120,300,300,4.0
Va_b6_X-wOs,fishing for games,5.0,sport,True,/home/dipshikha/Music/cao/CISLR_v1.5-a_videos/Va_b6_X-wOs.mp4,train,True,24.0,118,300,300,4.916666666666667
VbRmhM7sUGo,wet,3.0,attribute,True,/home/dipshikha/Music/cao/CISLR_v1.5-a_videos/VbRmhM7sUGo.mp4,train,True,25.0,72,300,300,2.88
VbiFEC7SKhg_2,instrument,9.0,instrument,True,/home/dipshikha/Music/cao/CISLR_v1.5-a_videos/VbiFEC7SKhg_2.mp4,train,True,30.0,108,300,300,3.6
Vc0YkcqRNAM,kohima,5.0,geography,True,/home/dipshikha/Music/cao/CISLR_v1.5-a_videos/Vc0YkcqRNAM.mp4,train,True,25.0,111,300,300,4.44
Vc81XotPSFs,madagascar,3.0,geography,True,/home/dipshikha/Music/cao/CISLR_v1.5-a_videos/Vc81XotPSFs.mp4,train,True,25.0,72,300,300,2.88
VcOM49u8maQ,share market,3.0,banking,True,/home/dipshikha/Music/cao/CISLR_v1.5-a_videos/VcOM49u8maQ.mp4,train,True,25.0,62,300,300,2.48
VdG0pGDoCzM,ethics,4.0,behavior,True,/home/dipshikha/Music/cao/CISLR_v1.5-a_videos/VdG0pGDoCzM.mp4,train,True,25.0,98,300,300,3.92
VdR3IR0wqDY,air,3.0,substance,True,/home/dipshikha/Music/cao/CISLR_v1.5-a_videos/VdR3IR0wqDY.mp4,test,True,25.0,69,300,300,2.76
VdaOSlNkCEY,print,4.0,action,True,/home/dipshikha/Music/cao/CISLR_v1.5-a_videos/VdaOSlNkCEY.mp4,train,True,25.0,100,300,300,4.0
VfKd7mog6AA,tug of war haryana,7.0,sport,True,/home/dipshikha/Music/cao/CISLR_v1.5-a_videos/VfKd7mog6AA.mp4,train,True,29.97002997002997,200,300,300,6.673333333333334
VfN66I8-KEk,war,5.0,abstract,True,/home/dipshikha/Music/cao/CISLR_v1.5-a_videos/VfN66I8-KEk.mp4,test,True,25.0,115,300,300,4.6
VfQpOfUkVg8,my name is,4.0,language,True,/home/dipshikha/Music/cao/CISLR_v1.5-a_videos/VfQpOfUkVg8.mp4,train,True,25.0,86,300,300,3.44
Vft0oixnLPs,mushroom pleating,9.0,process,True,/home/dipshikha/Music/cao/CISLR_v1.5-a_videos/Vft0oixnLPs.mp4,train,True,25.0,204,300,300,8.16
VgrQMDa1vlI,hand sanitizer,9.0,substance,True,/home/dipshikha/Music/cao/CISLR_v1.5-a_videos/VgrQMDa1vlI.mp4,train,True,25.0,216,300,300,8.64
VhB51KKUi10,air pollution,5.0,chemistry,True,/home/dipshikha/Music/cao/CISLR_v1.5-a_videos/VhB51KKUi10.mp4,train,True,25.0,118,300,300,4.72
VhiPxEZMhus_1,monday,6.0,time,True,/home/dipshikha/Music/cao/CISLR_v1.5-a_videos/VhiPxEZMhus_1.mp4,test,True,29.916666666666668,75,300,300,2.5069637883008355
VhpYWt3XsNk,caftan,8.0,wearable,True,/home/dipshikha/Music/cao/CISLR_v1.5-a_videos/VhpYWt3XsNk.mp4,train,True,25.0,180,300,300,7.2
VhsF-apA_D8_1,barber,6.0,profession,True,/home/dipshikha/Music/cao/CISLR_v1.5-a_videos/VhsF-apA_D8_1.mp4,train,True,25.0,75,300,300,3.0
VhyiA9MZWZw,half,3.0,math,True,/home/dipshikha/Music/cao/CISLR_v1.5-a_videos/VhyiA9MZWZw.mp4,test,True,25.0,74,300,300,2.96
VigebdpoRlI,chief justice,13.0,legal,True,/home/dipshikha/Music/cao/CISLR_v1.5-a_videos/VigebdpoRlI.mp4,train,True,25.0,306,300,300,12.24
VjjImnuWU2A_2,variable,7.0,math,True,/home/dipshikha/Music/cao/CISLR_v1.5-a_videos/VjjImnuWU2A_2.mp4,test,True,30.0,80,300,300,2.6666666666666665
VkHrewA9bJI_1,trust,7.0,emotion,True,/home/dipshikha/Music/cao/CISLR_v1.5-a_videos/VkHrewA9bJI_1.mp4,test,True,30.0,90,300,300,3.0
VkrF0Q4fWRo,group,4.0,group,True,/home/dipshikha/Music/cao/CISLR_v1.5-a_videos/VkrF0Q4fWRo.mp4,test,True,25.0,79,300,300,3.16
Vl5pPd0iGy8_2,integrated chip,10.0,electronic and electrical,True,/home/dipshikha/Music/cao/CISLR_v1.5-a_videos/Vl5pPd0iGy8_2.mp4,train,True,30.0,120,300,300,4.0
VoGbGa9k9K8_1,requisite,6.0,abstract,True,/home/dipshikha/Music/cao/CISLR_v1.5-a_videos/VoGbGa9k9K8_1.mp4,train,True,30.0,75,300,300,2.5
VqF3Q_7eQDc_1,china,7.0,geography,True,/home/dipshikha/Music/cao/CISLR_v1.5-a_videos/VqF3Q_7eQDc_1.mp4,train,True,25.0,75,300,300,3.0
VqIMqvX3c20,advance,3.0,banking,True,/home/dipshikha/Music/cao/CISLR_v1.5-a_videos/VqIMqvX3c20.mp4,train,True,24.0,67,300,300,2.7916666666666665
VqaaRKqS4tw_1,poor,6.0,abstract,True,/home/dipshikha/Music/cao/CISLR_v1.5-a_videos/VqaaRKqS4tw_1.mp4,test,True,25.0,75,300,300,3.0
VqeazWZzEp4,disobey,5.0,behavior,True,/home/dipshikha/Music/cao/CISLR_v1.5-a_videos/VqeazWZzEp4.mp4,train,True,25.0,108,300,300,4.32
VqekGul5Xb0_1,mother,9.0,relation,True,/home/dipshikha/Music/cao/CISLR_v1.5-a_videos/VqekGul5Xb0_1.mp4,test,True,30.0,120,300,300,4.0
VsCf7FnMXn0_1,cholera,6.0,medical,True,/home/dipshikha/Music/cao/CISLR_v1.5-a_videos/VsCf7FnMXn0_1.mp4,train,True,30.0,90,300,300,3.0
VsZTOd6ZyJ4_1,how big,6.0,quantity,True,/home/dipshikha/Music/cao/CISLR_v1.5-a_videos/VsZTOd6ZyJ4_1.mp4,train,True,25.0,75,300,300,3.0
VvCX63OKLoA_1,responsibility,7.0,abstract,True,/home/dipshikha/Music/cao/CISLR_v1.5-a_videos/VvCX63OKLoA_1.mp4,train,True,30.0,105,300,300,3.5
VvIaOziZ0ac_1,minutes,6.0,time,True,/home/dipshikha/Music/cao/CISLR_v1.5-a_videos/VvIaOziZ0ac_1.mp4,test,True,30.0,75,300,300,2.5
VvT_rRyfhYs,google chat,6.0,internet,True,/home/dipshikha/Music/cao/CISLR_v1.5-a_videos/VvT_rRyfhYs.mp4,train,True,24.0,139,300,300,5.791666666666667
VvrNTIzW2g8_1,testament,12.0,attribute,True,/home/dipshikha/Music/cao/CISLR_v1.5-a_videos/VvrNTIzW2g8_1.mp4,train,True,30.0,165,300,300,5.5
VvsXemECtHM_1,high,7.0,spatial position,True,/home/dipshikha/Music/cao/CISLR_v1.5-a_videos/VvsXemECtHM_1.mp4,train,True,25.0,75,300,300,3.0
Vxw3BnPmi3s_1,college,7.0,education,True,/home/dipshikha/Music/cao/CISLR_v1.5-a_videos/Vxw3BnPmi3s_1.mp4,test,True,25.0,75,300,300,3.0
VyDyh75isWg,form,6.0,readable,True,/home/dipshikha/Music/cao/CISLR_v1.5-a_videos/VyDyh75isWg.mp4,test,True,25.0,135,300,300,5.4
VyjKJB6Koyk,laying,15.0,action,True,/home/dipshikha/Music/cao/CISLR_v1.5-a_videos/VyjKJB6Koyk.mp4,train,True,25.0,361,300,300,14.44
VylWxxPSBOo,croatia,3.0,geography,True,/home/dipshikha/Music/cao/CISLR_v1.5-a_videos/VylWxxPSBOo.mp4,train,True,25.0,72,300,300,2.88
Vym9FKyQnLQ_1,landlord,10.0,banking,True,/home/dipshikha/Music/cao/CISLR_v1.5-a_videos/Vym9FKyQnLQ_1.mp4,train,True,30.0,150,300,300,5.0
W0VSNIUgNVw,endure,4.0,action,True,/home/dipshikha/Music/cao/CISLR_v1.5-a_videos/W0VSNIUgNVw.mp4,test,True,25.0,83,300,300,3.32
W1JjuXkqfyA,canteen,4.0,organisation,True,/home/dipshikha/Music/cao/CISLR_v1.5-a_videos/W1JjuXkqfyA.mp4,train,True,25.0,96,300,300,3.84
W2MiLfsDFyU,wind erosion,14.0,geography,True,/home/dipshikha/Music/cao/CISLR_v1.5-a_videos/W2MiLfsDFyU.mp4,train,True,25.0,334,300,300,13.36
W2nI_GK8rY4_1,district,8.0,geography,True,/home/dipshikha/Music/cao/CISLR_v1.5-a_videos/W2nI_GK8rY4_1.mp4,train,True,25.0,63,300,300,2.52
W3kbYwydKm4_1,sari,6.0,wearable,True,/home/dipshikha/Music/cao/CISLR_v1.5-a_videos/W3kbYwydKm4_1.mp4,test,True,25.0,75,300,300,3.0
W3mz1IrwitA,hypotension,6.0,biology,True,/home/dipshikha/Music/cao/CISLR_v1.5-a_videos/W3mz1IrwitA.mp4,train,True,25.0,141,300,300,5.64
W45SsK9W5qc_1,trophy,6.0,miscellaneous object,True,/home/dipshikha/Music/cao/CISLR_v1.5-a_videos/W45SsK9W5qc_1.mp4,train,True,25.0,63,300,300,2.52
W4DGPU0uPEw_1,manure,8.0,flora and fauna,True,/home/dipshikha/Music/cao/CISLR_v1.5-a_videos/W4DGPU0uPEw_1.mp4,train,True,30.0,105,300,300,3.5
W4I02aYytbg,pencil box,5.0,utility item,True,/home/dipshikha/Music/cao/CISLR_v1.5-a_videos/W4I02aYytbg.mp4,train,True,25.0,124,300,300,4.96
W4cePmQ87gw,narrow,6.0,quality,True,/home/dipshikha/Music/cao/CISLR_v1.5-a_videos/W4cePmQ87gw.mp4,test,True,25.0,148,300,300,5.92
W5EDhJ6YeyE,drug addiction,14.0,stage,True,/home/dipshikha/Music/cao/CISLR_v1.5-a_videos/W5EDhJ6YeyE.mp4,train,True,25.0,337,300,300,13.48
W5RDOklZQxc,empowerment,4.0,abstract,True,/home/dipshikha/Music/cao/CISLR_v1.5-a_videos/W5RDOklZQxc.mp4,train,True,25.0,100,300,300,4.0
W5yf-VHdSsg_2,change in state,8.0,chemistry,True,/home/dipshikha/Music/cao/CISLR_v1.5-a_videos/W5yf-VHdSsg_2.mp4,train,True,30.0,81,300,300,2.7
W62nMzY2gT4_1,earthquake,7.0,event,True,/home/dipshikha/Music/cao/CISLR_v1.5-a_videos/W62nMzY2gT4_1.mp4,test,True,25.0,75,300,300,3.0
W6k4SdELuOA,bib,5.0,wearable,True,/home/dipshikha/Music/cao/CISLR_v1.5-a_videos/W6k4SdELuOA.mp4,train,True,25.0,123,300,300,4.92
W7fDu4rueCg_1,follow,6.0,action,True,/home/dipshikha/Music/cao/CISLR_v1.5-a_videos/W7fDu4rueCg_1.mp4,test,True,25.0,75,300,300,3.0
W8978OLdbx0,left demrocatic front,3.0,politics,True,/home/dipshikha/Music/cao/CISLR_v1.5-a_videos/W8978OLdbx0.mp4,train,True,25.0,70,300,300,2.8
W8DhdsaqA1A,hdfc  bank,6.0,organisation,True,/home/dipshikha/Music/cao/CISLR_v1.5-a_videos/W8DhdsaqA1A.mp4,train,True,24.0,133,300,300,5.541666666666667
W96HGg5hT2Y_1,previous,7.0,time,True,/home/dipshikha/Music/cao/CISLR_v1.5-a_videos/W96HGg5hT2Y_1.mp4,train,True,30.0,90,300,300,3.0
W98Zz8BTu7A_1,through,5.0,stage,True,/home/dipshikha/Music/cao/CISLR_v1.5-a_videos/W98Zz8BTu7A_1.mp4,train,True,25.0,50,300,300,2.0
W9OUQR3I6nU_2,magnetism,8.0,physics,True,/home/dipshikha/Music/cao/CISLR_v1.5-a_videos/W9OUQR3I6nU_2.mp4,train,True,30.0,100,300,300,3.333333333333333
WA9_DgdTz7M_1,department,11.0,abstract,True,/home/dipshikha/Music/cao/CISLR_v1.5-a_videos/WA9_DgdTz7M_1.mp4,train,True,30.0,150,300,300,5.0
WAJPb-9uOMI,electrical engineering,6.0,education,True,/home/dipshikha/Music/cao/CISLR_v1.5-a_videos/WAJPb-9uOMI.mp4,train,True,25.0,147,300,300,5.88
WAWc1DosGJM_1,cave,9.0,geography,True,/home/dipshikha/Music/cao/CISLR_v1.5-a_videos/WAWc1DosGJM_1.mp4,test,True,25.0,113,300,300,4.52
WBHJgw_7yEg,mix,3.0,process,True,/home/dipshikha/Music/cao/CISLR_v1.5-a_videos/WBHJgw_7yEg.mp4,test,True,25.0,71,300,300,2.84
WBIjeM1OYEQ_1,monday,5.0,time,True,/home/dipshikha/Music/cao/CISLR_v1.5-a_videos/WBIjeM1OYEQ_1.mp4,test,True,30.0,60,300,300,2.0
WBM9qyakPIo_1,trunk,6.0,biology,True,/home/dipshikha/Music/cao/CISLR_v1.5-a_videos/WBM9qyakPIo_1.mp4,train,True,30.0,75,300,300,2.5
WBcTr4MBhHY_1,progress,6.0,action,True,/home/dipshikha/Music/cao/CISLR_v1.5-a_videos/WBcTr4MBhHY_1.mp4,train,True,30.0,75,300,300,2.5
WDHSvLNLkdM,body piercing,7.0,biology,True,/home/dipshikha/Music/cao/CISLR_v1.5-a_videos/WDHSvLNLkdM.mp4,train,True,25.0,161,300,300,6.44
WDlqCvrPrAE_1,elephant,6.0,flora and fauna,True,/home/dipshikha/Music/cao/CISLR_v1.5-a_videos/WDlqCvrPrAE_1.mp4,test,True,30.0,90,300,300,3.0
WERWKq12o8g,sunny,4.0,weather,True,/home/dipshikha/Music/cao/CISLR_v1.5-a_videos/WERWKq12o8g.mp4,train,True,25.0,93,300,300,3.72
WEnejEf0veY,close,5.0,action,True,/home/dipshikha/Music/cao/CISLR_v1.5-a_videos/WEnejEf0veY.mp4,test,True,25.0,116,300,300,4.64
WFrPLJ77amU,like social media,4.0,internet,True,/home/dipshikha/Music/cao/CISLR_v1.5-a_videos/WFrPLJ77amU.mp4,test,True,25.0,85,300,300,3.4
WGdXSExEco8,classification of shrubs,9.0,action,True,/home/dipshikha/Music/cao/CISLR_v1.5-a_videos/WGdXSExEco8.mp4,train,True,25.0,213,300,300,8.52
WGp_XsdMsp8,5g,3.0,internet,True,/home/dipshikha/Music/cao/CISLR_v1.5-a_videos/WGp_XsdMsp8.mp4,train,True,24.0,64,300,300,2.6666666666666665
WGvrtl9p1eY,shiv sena,3.0,politics,True,/home/dipshikha/Music/cao/CISLR_v1.5-a_videos/WGvrtl9p1eY.mp4,train,True,24.0,61,300,300,2.5416666666666665
WGwhxNQtfbE_1,where,6.0,abstract,True,/home/dipshikha/Music/cao/CISLR_v1.5-a_videos/WGwhxNQtfbE_1.mp4,test,True,25.0,75,300,300,3.0
WHhRVTU1Lcs_2,decrease,8.0,comparator,True,/home/dipshikha/Music/cao/CISLR_v1.5-a_videos/WHhRVTU1Lcs_2.mp4,test,True,30.0,92,300,300,3.066666666666667
WHmrq95mmOw,bolero jacket,7.0,wearable,True,/home/dipshikha/Music/cao/CISLR_v1.5-a_videos/WHmrq95mmOw.mp4,train,True,25.0,162,300,300,6.48
WISR3HEeKgU,hard of hearing,5.0,sound,True,/home/dipshikha/Music/cao/CISLR_v1.5-a_videos/WISR3HEeKgU.mp4,train,True,25.0,112,300,300,4.48
WKPkIP9yP4s_2,millilitre,7.0,metric,True,/home/dipshikha/Music/cao/CISLR_v1.5-a_videos/WKPkIP9yP4s_2.mp4,test,True,30.0,69,300,300,2.3
WKgIi8YdHtI,local train,4.0,transport,True,/home/dipshikha/Music/cao/CISLR_v1.5-a_videos/WKgIi8YdHtI.mp4,train,True,25.0,95,300,300,3.8
WLBjunNqebs_1,hen,6.0,flora and fauna,True,/home/dipshikha/Music/cao/CISLR_v1.5-a_videos/WLBjunNqebs_1.mp4,test,True,30.0,75,300,300,2.5
WMZ6Yh1FSP4_1,skilled labour,9.0,attribute,True,/home/dipshikha/Music/cao/CISLR_v1.5-a_videos/WMZ6Yh1FSP4_1.mp4,train,True,30.0,135,300,300,4.5
WNcSoq9M-FU,maximum,4.0,quantity,True,/home/dipshikha/Music/cao/CISLR_v1.5-a_videos/WNcSoq9M-FU.mp4,train,True,25.0,81,300,300,3.24
WNeSwJJ4J7o,deceased,7.0,medical,True,/home/dipshikha/Music/cao/CISLR_v1.5-a_videos/WNeSwJJ4J7o.mp4,train,True,30.0,202,300,300,6.733333333333333
WOUQtem-BE0,bengali,5.0,language,True,/home/dipshikha/Music/cao/CISLR_v1.5-a_videos/WOUQtem-BE0.mp4,test,True,25.0,107,300,300,4.28
WP5T6GzCCy4,june,4.0,time,True,/home/dipshikha/Music/cao/CISLR_v1.5-a_videos/WP5T6GzCCy4.mp4,test,True,25.0,92,300,300,3.68
WPckRR8epk8_1,purchase retum,9.0,banking,True,/home/dipshikha/Music/cao/CISLR_v1.5-a_videos/WPckRR8epk8_1.mp4,train,True,30.0,120,300,300,4.0
WPgq1Rr9M9s_2,resistor,8.0,physics,True,/home/dipshikha/Music/cao/CISLR_v1.5-a_videos/WPgq1Rr9M9s_2.mp4,test,True,30.0,92,300,300,3.066666666666667
WQpetmGGa2Y,classification of poultry feeds,15.0,action,True,/home/dipshikha/Music/cao/CISLR_v1.5-a_videos/WQpetmGGa2Y.mp4,train,True,24.0,347,300,300,14.458333333333334
WQtuFPPXrts_1,occupation,6.0,profession,True,/home/dipshikha/Music/cao/CISLR_v1.5-a_videos/WQtuFPPXrts_1.mp4,train,True,30.0,75,300,300,2.5
WSEFp-h4Vk0,blood pressure,5.0,medical,True,/home/dipshikha/Music/cao/CISLR_v1.5-a_videos/WSEFp-h4Vk0.mp4,test,True,25.0,106,300,300,4.24
WUH-YL4puUI_1,confidential report,10.0,legal,True,/home/dipshikha/Music/cao/CISLR_v1.5-a_videos/WUH-YL4puUI_1.mp4,train,True,30.0,135,300,300,4.5
WUTYbHOHrnM,hand rail,4.0,construction,True,/home/dipshikha/Music/cao/CISLR_v1.5-a_videos/WUTYbHOHrnM.mp4,train,True,25.0,98,300,300,3.92
WV786dTqOyQ,sandwich,6.0,foods and drinks,True,/home/dipshikha/Music/cao/CISLR_v1.5-a_videos/WV786dTqOyQ.mp4,test,True,25.0,127,300,300,5.08
WVaqG1MJyr4_1,face value,7.0,banking,True,/home/dipshikha/Music/cao/CISLR_v1.5-a_videos/WVaqG1MJyr4_1.mp4,train,True,30.0,105,300,300,3.5
WW5m7jWsHFA_1,comfortable,7.0,sensation,True,/home/dipshikha/Music/cao/CISLR_v1.5-a_videos/WW5m7jWsHFA_1.mp4,test,True,25.0,75,300,300,3.0
WWSODzzlgO8_2,eclipse,9.0,event,True,/home/dipshikha/Music/cao/CISLR_v1.5-a_videos/WWSODzzlgO8_2.mp4,test,True,30.0,105,300,300,3.5
WX8QEtaZ8Qs_1,level,8.0,abstract,True,/home/dipshikha/Music/cao/CISLR_v1.5-a_videos/WX8QEtaZ8Qs_1.mp4,test,True,30.0,105,300,300,3.5
WXDDCUpUoUo,guru nanak,5.0,human,True,/home/dipshikha/Music/cao/CISLR_v1.5-a_videos/WXDDCUpUoUo.mp4,train,True,25.0,113,300,300,4.52
WYEvZx_EaEo,akshay kumar,4.0,human,True,/home/dipshikha/Music/cao/CISLR_v1.5-a_videos/WYEvZx_EaEo.mp4,train,True,25.0,82,300,300,3.28
WYav7_mmBHc_1,intensive,8.0,quantity,True,/home/dipshikha/Music/cao/CISLR_v1.5-a_videos/WYav7_mmBHc_1.mp4,train,True,30.0,105,300,300,3.5
WYgbIDwh3pQ_1,attendant,14.0,profession,True,/home/dipshikha/Music/cao/CISLR_v1.5-a_videos/WYgbIDwh3pQ_1.mp4,train,True,30.0,195,300,300,6.5
WYoKVNCSH30_1,witness,7.0,human,True,/home/dipshikha/Music/cao/CISLR_v1.5-a_videos/WYoKVNCSH30_1.mp4,train,True,30.0,105,300,300,3.5
WZNbLu4g4IA,backdate,5.0,time,True,/home/dipshikha/Music/cao/CISLR_v1.5-a_videos/WZNbLu4g4IA.mp4,test,True,24.0,109,300,300,4.541666666666667
W_qFjH-GKzA_1,thank you,7.0,gesture,True,/home/dipshikha/Music/cao/CISLR_v1.5-a_videos/W_qFjH-GKzA_1.mp4,test,True,30.0,90,300,300,3.0
WaTcrOr3-gk,international,5.0,geography,True,/home/dipshikha/Music/cao/CISLR_v1.5-a_videos/WaTcrOr3-gk.mp4,train,True,25.0,111,300,300,4.44
WaYyPwTPsY4,hug,4.0,gesture,True,/home/dipshikha/Music/cao/CISLR_v1.5-a_videos/WaYyPwTPsY4.mp4,train,True,25.0,97,300,300,3.88
Wasx0HPXASQ,move,5.0,process,True,/home/dipshikha/Music/cao/CISLR_v1.5-a_videos/Wasx0HPXASQ.mp4,train,True,25.0,110,300,300,4.4
WcmCeaR7Kk4,monsoon,7.0,geography,True,/home/dipshikha/Music/cao/CISLR_v1.5-a_videos/WcmCeaR7Kk4.mp4,train,True,25.0,174,300,300,6.96
WdBygG07nkU,knife,6.0,utility item,True,/home/dipshikha/Music/cao/CISLR_v1.5-a_videos/WdBygG07nkU.mp4,test,True,25.0,128,300,300,5.12
WdE0jsfQVhw_1,blue,9.0,quality,True,/home/dipshikha/Music/cao/CISLR_v1.5-a_videos/WdE0jsfQVhw_1.mp4,test,True,30.0,135,300,300,4.5
WdZpExRajmQ_1,thursday,5.0,time,True,/home/dipshikha/Music/cao/CISLR_v1.5-a_videos/WdZpExRajmQ_1.mp4,test,True,30.0,75,300,300,2.5
Web5iasWBo8,programme,10.0,event,True,/home/dipshikha/Music/cao/CISLR_v1.5-a_videos/Web5iasWBo8.mp4,test,True,25.0,231,300,300,9.24
WegWM9MfmYo,official,6.0,profession,True,/home/dipshikha/Music/cao/CISLR_v1.5-a_videos/WegWM9MfmYo.mp4,train,True,25.0,135,300,300,5.4
Wi0iDXiVO3Q,allahabad bank,5.0,banking,True,/home/dipshikha/Music/cao/CISLR_v1.5-a_videos/Wi0iDXiVO3Q.mp4,train,True,24.0,107,300,300,4.458333333333333
WiOoeG7LL6I,clean,5.0,action,True,/home/dipshikha/Music/cao/CISLR_v1.5-a_videos/WiOoeG7LL6I.mp4,train,True,25.0,120,300,300,4.8
WihSOQ3tQkw_1,gazette,10.0,readable,True,/home/dipshikha/Music/cao/CISLR_v1.5-a_videos/WihSOQ3tQkw_1.mp4,train,True,30.0,135,300,300,4.5
Wj8Inf10Cds,donkey,6.0,flora and fauna,True,/home/dipshikha/Music/cao/CISLR_v1.5-a_videos/Wj8Inf10Cds.mp4,test,True,25.0,142,300,300,5.68
WjM69tcGYT4,next,5.0,time,True,/home/dipshikha/Music/cao/CISLR_v1.5-a_videos/WjM69tcGYT4.mp4,train,True,25.0,114,300,300,4.56
WjikjzSwWqo_1,mail,6.0,readable,True,/home/dipshikha/Music/cao/CISLR_v1.5-a_videos/WjikjzSwWqo_1.mp4,train,True,30.0,90,300,300,3.0
WlHa4foZbc0,queen,4.0,authority,True,/home/dipshikha/Music/cao/CISLR_v1.5-a_videos/WlHa4foZbc0.mp4,test,True,25.0,77,300,300,3.08
WlhFpHM7lYY,see,4.0,action,True,/home/dipshikha/Music/cao/CISLR_v1.5-a_videos/WlhFpHM7lYY.mp4,test,True,25.0,91,300,300,3.64
Wli68zezuKs_1,sight bill,7.0,legal,True,/home/dipshikha/Music/cao/CISLR_v1.5-a_videos/Wli68zezuKs_1.mp4,train,True,30.0,105,300,300,3.5
WnMFiznX8XY_1,registered,7.0,legal,True,/home/dipshikha/Music/cao/CISLR_v1.5-a_videos/WnMFiznX8XY_1.mp4,train,True,30.0,105,300,300,3.5
WoCa7_MyCog_2,melting point,9.0,physics,True,/home/dipshikha/Music/cao/CISLR_v1.5-a_videos/WoCa7_MyCog_2.mp4,train,True,30.0,117,300,300,3.9
WoNO_8tWHBQ,young,4.0,attribute,True,/home/dipshikha/Music/cao/CISLR_v1.5-a_videos/WoNO_8tWHBQ.mp4,test,True,25.0,93,300,300,3.72
Wp4jKO4IYgU_1,wednesday,5.0,time,True,/home/dipshikha/Music/cao/CISLR_v1.5-a_videos/Wp4jKO4IYgU_1.mp4,test,True,30.0,75,300,300,2.5
WpleZf7o6Gc_1,welcome,6.0,greeting,True,/home/dipshikha/Music/cao/CISLR_v1.5-a_videos/WpleZf7o6Gc_1.mp4,test,True,25.0,63,300,300,2.52
WqC9XaIJz8w_1,tabala,6.0,sound,True,/home/dipshikha/Music/cao/CISLR_v1.5-a_videos/WqC9XaIJz8w_1.mp4,train,True,25.0,63,300,300,2.52
WqPLcJouptA_2,longitudinal wave,11.0,geography,True,/home/dipshikha/Music/cao/CISLR_v1.5-a_videos/WqPLcJouptA_2.mp4,train,True,30.0,141,300,300,4.7
WqWsOMVE56M_1,relative,11.0,relation,True,/home/dipshikha/Music/cao/CISLR_v1.5-a_videos/WqWsOMVE56M_1.mp4,train,True,30.0,150,300,300,5.0
WrkOKBm3ALI_1,china,7.0,geography,True,/home/dipshikha/Music/cao/CISLR_v1.5-a_videos/WrkOKBm3ALI_1.mp4,test,True,25.0,75,300,300,3.0
Wro4Idj6K5s,crow bar,5.0,machine,True,/home/dipshikha/Music/cao/CISLR_v1.5-a_videos/Wro4Idj6K5s.mp4,train,True,25.0,115,300,300,4.6
WuGMN12WHWc_1,negogiable instrumemts,10.0,instrument,True,/home/dipshikha/Music/cao/CISLR_v1.5-a_videos/WuGMN12WHWc_1.mp4,train,True,30.0,135,300,300,4.5
WuKSQ-_M1aI,rat,4.0,flora and fauna,True,/home/dipshikha/Music/cao/CISLR_v1.5-a_videos/WuKSQ-_M1aI.mp4,test,True,25.0,90,300,300,3.6
WuoR5g21H1Q,kannada,8.0,language,True,/home/dipshikha/Music/cao/CISLR_v1.5-a_videos/WuoR5g21H1Q.mp4,train,True,25.0,192,300,300,7.68
Wv59G4v5X2Y,colour,3.0,colour,True,/home/dipshikha/Music/cao/CISLR_v1.5-a_videos/Wv59G4v5X2Y.mp4,train,True,25.0,69,300,300,2.76
WviZ3J-pPPI_1,working capital,8.0,banking,True,/home/dipshikha/Music/cao/CISLR_v1.5-a_videos/WviZ3J-pPPI_1.mp4,train,True,30.0,120,300,300,4.0
WwD4gB4M3XA_2,real image,8.0,physics,True,/home/dipshikha/Music/cao/CISLR_v1.5-a_videos/WwD4gB4M3XA_2.mp4,train,True,30.0,100,300,300,3.333333333333333
WwL2FQcTAlg_1,kitchen,7.0,foods and drinks,True,/home/dipshikha/Music/cao/CISLR_v1.5-a_videos/WwL2FQcTAlg_1.mp4,test,True,30.0,90,300,300,3.0
WwlvxaeHNGI,video call,5.0,internet,True,/home/dipshikha/Music/cao/CISLR_v1.5-a_videos/WwlvxaeHNGI.mp4,train,True,24.0,108,300,300,4.5
WxIEetxTkzk,urdu,3.0,language,True,/home/dipshikha/Music/cao/CISLR_v1.5-a_videos/WxIEetxTkzk.mp4,test,True,25.0,72,300,300,2.88
WzQaqtHXGOc,waveform,4.0,physics,True,/home/dipshikha/Music/cao/CISLR_v1.5-a_videos/WzQaqtHXGOc.mp4,train,True,25.0,89,300,300,3.56
WzjR1buH7o8,learn,6.0,action,True,/home/dipshikha/Music/cao/CISLR_v1.5-a_videos/WzjR1buH7o8.mp4,test,True,25.0,138,300,300,5.52
X-yEakgxzbs,kali mata,4.0,religious,True,/home/dipshikha/Music/cao/CISLR_v1.5-a_videos/X-yEakgxzbs.mp4,test,True,25.0,92,300,300,3.68
X0wavLbnBUU_1,sunset,7.0,event,True,/home/dipshikha/Music/cao/CISLR_v1.5-a_videos/X0wavLbnBUU_1.mp4,test,True,25.0,75,300,300,3.0
X1g2HV45ghU,fish as a human food,9.0,foods and drinks,True,/home/dipshikha/Music/cao/CISLR_v1.5-a_videos/X1g2HV45ghU.mp4,train,True,24.0,208,300,300,8.666666666666666
X2LpR5Hc7YE,air matress,8.0,utility item,True,/home/dipshikha/Music/cao/CISLR_v1.5-a_videos/X2LpR5Hc7YE.mp4,train,True,24.0,175,300,300,7.291666666666667
X2PsOJ4GaNY,next,4.0,time,True,/home/dipshikha/Music/cao/CISLR_v1.5-a_videos/X2PsOJ4GaNY.mp4,test,True,25.0,96,300,300,3.84
X2zPMYXfVkI_1,bright,8.0,attribute,True,/home/dipshikha/Music/cao/CISLR_v1.5-a_videos/X2zPMYXfVkI_1.mp4,test,True,25.0,88,300,300,3.52
X3SkopKJi5M_1,gujarat,6.0,geography,True,/home/dipshikha/Music/cao/CISLR_v1.5-a_videos/X3SkopKJi5M_1.mp4,test,True,25.0,63,300,300,2.52
X3YXNM8tpD8,fryers,15.0,foods and drinks,True,/home/dipshikha/Music/cao/CISLR_v1.5-a_videos/X3YXNM8tpD8.mp4,train,True,24.0,357,300,300,14.875
X4AM6n6lNhw_1,password,9.0,computer,True,/home/dipshikha/Music/cao/CISLR_v1.5-a_videos/X4AM6n6lNhw_1.mp4,train,True,30.0,135,300,300,4.5
X4Vs1TVkNss,yahoo,3.0,internet,True,/home/dipshikha/Music/cao/CISLR_v1.5-a_videos/X4Vs1TVkNss.mp4,train,True,25.0,64,300,300,2.56
X5CuJTOY2g0,way,3.0,process,True,/home/dipshikha/Music/cao/CISLR_v1.5-a_videos/X5CuJTOY2g0.mp4,test,True,25.0,68,300,300,2.72
X6SdTvnlu94_1,soiled note,9.0,banking,True,/home/dipshikha/Music/cao/CISLR_v1.5-a_videos/X6SdTvnlu94_1.mp4,train,True,30.0,120,300,300,4.0
X6V6ixAK0bI,inflammatory bowel disease,12.0,biology,True,/home/dipshikha/Music/cao/CISLR_v1.5-a_videos/X6V6ixAK0bI.mp4,train,True,25.0,278,300,300,11.12
X6ZfXYmVdZY,train,4.0,transport,True,/home/dipshikha/Music/cao/CISLR_v1.5-a_videos/X6ZfXYmVdZY.mp4,test,True,25.0,88,300,300,3.52
X7cTwzYjoko,vertical scroll bar,13.0,computer,True,/home/dipshikha/Music/cao/CISLR_v1.5-a_videos/X7cTwzYjoko.mp4,train,True,25.0,313,300,300,12.52
X7vnmMCdV48,hurdle race,4.0,sport,True,/home/dipshikha/Music/cao/CISLR_v1.5-a_videos/X7vnmMCdV48.mp4,train,True,25.0,84,300,300,3.36
X8RjdHHXbCY_2,soldering flux,9.0,physics,True,/home/dipshikha/Music/cao/CISLR_v1.5-a_videos/X8RjdHHXbCY_2.mp4,train,True,30.0,105,300,300,3.5
X8_WnuAdIoE_1,bread,6.0,foods and drinks,True,/home/dipshikha/Music/cao/CISLR_v1.5-a_videos/X8_WnuAdIoE_1.mp4,test,True,25.0,75,300,300,3.0
X9PzLJ-yL6s_1,september,6.0,time,True,/home/dipshikha/Music/cao/CISLR_v1.5-a_videos/X9PzLJ-yL6s_1.mp4,test,True,30.0,90,300,300,3.0
X9wanmhpROw_1,maturity,10.0,behavior,True,/home/dipshikha/Music/cao/CISLR_v1.5-a_videos/X9wanmhpROw_1.mp4,train,True,30.0,135,300,300,4.5
XAvOgSgdGDA,motorcycle,5.0,transport,True,/home/dipshikha/Music/cao/CISLR_v1.5-a_videos/XAvOgSgdGDA.mp4,train,True,25.0,108,300,300,4.32
XBDWMGgWI04_1,aluminium,8.0,metal and minerals,True,/home/dipshikha/Music/cao/CISLR_v1.5-a_videos/XBDWMGgWI04_1.mp4,test,True,30.0,105,300,300,3.5
XCPgFzW3yUE_1,withdrawal slip,7.0,banking,True,/home/dipshikha/Music/cao/CISLR_v1.5-a_videos/XCPgFzW3yUE_1.mp4,train,True,30.0,105,300,300,3.5
XCYJTR2fzss_1,assembly,7.0,group,True,/home/dipshikha/Music/cao/CISLR_v1.5-a_videos/XCYJTR2fzss_1.mp4,train,True,25.0,88,300,300,3.52
XCsc6GXwslU_1,april,6.0,time,True,/home/dipshikha/Music/cao/CISLR_v1.5-a_videos/XCsc6GXwslU_1.mp4,test,True,30.0,90,300,300,3.0
XDNgMT4swe4,grow,8.0,time,True,/home/dipshikha/Music/cao/CISLR_v1.5-a_videos/XDNgMT4swe4.mp4,test,True,25.0,176,300,300,7.04
XDO5mNV8P8o,abusive language,11.0,language,True,/home/dipshikha/Music/cao/CISLR_v1.5-a_videos/XDO5mNV8P8o.mp4,train,True,24.0,254,300,300,10.583333333333334
XDSaCZLa0o0,express train,6.0,transport,True,/home/dipshikha/Music/cao/CISLR_v1.5-a_videos/XDSaCZLa0o0.mp4,train,True,25.0,144,300,300,5.76
XE2bfzfoTro,golf,5.0,sport,True,/home/dipshikha/Music/cao/CISLR_v1.5-a_videos/XE2bfzfoTro.mp4,train,True,25.0,118,300,300,4.72
XECPEZiJD4E_2,eliminate,7.0,action,True,/home/dipshikha/Music/cao/CISLR_v1.5-a_videos/XECPEZiJD4E_2.mp4,train,True,30.0,64,300,300,2.1333333333333333
XEKKQz2x4DE,dubai,5.0,geography,True,/home/dipshikha/Music/cao/CISLR_v1.5-a_videos/XEKKQz2x4DE.mp4,test,True,25.0,118,300,300,4.72
XEQsvpY65LY_1,ratification,7.0,legal,True,/home/dipshikha/Music/cao/CISLR_v1.5-a_videos/XEQsvpY65LY_1.mp4,train,True,30.0,90,300,300,3.0
XFDOnLG4P7Y,shatabdi express,4.0,transport,True,/home/dipshikha/Music/cao/CISLR_v1.5-a_videos/XFDOnLG4P7Y.mp4,train,True,25.0,100,300,300,4.0
XFG6tJjEar8,lie,4.0,action,True,/home/dipshikha/Music/cao/CISLR_v1.5-a_videos/XFG6tJjEar8.mp4,test,True,25.0,87,300,300,3.48
XHJhdPI69bU_1,bend,5.0,action,True,/home/dipshikha/Music/cao/CISLR_v1.5-a_videos/XHJhdPI69bU_1.mp4,train,True,25.0,63,300,300,2.52
XI4MKE3j4no,communicate,4.0,process,True,/home/dipshikha/Music/cao/CISLR_v1.5-a_videos/XI4MKE3j4no.mp4,train,True,25.0,87,300,300,3.48
XIKz5RlhRZU,button placket,5.0,wearable,True,/home/dipshikha/Music/cao/CISLR_v1.5-a_videos/XIKz5RlhRZU.mp4,train,True,25.0,120,300,300,4.8
XJlP6BgrAow,san serif,12.0,abstract,True,/home/dipshikha/Music/cao/CISLR_v1.5-a_videos/XJlP6BgrAow.mp4,train,True,24.0,277,300,300,11.541666666666666
XJmhK6SxaMQ,mugshot,12.0,legal,True,/home/dipshikha/Music/cao/CISLR_v1.5-a_videos/XJmhK6SxaMQ.mp4,train,True,25.0,298,300,300,11.92
XMtMf2GRxxk,translator,4.0,electronic and electrical,True,/home/dipshikha/Music/cao/CISLR_v1.5-a_videos/XMtMf2GRxxk.mp4,train,True,25.0,87,300,300,3.48
XNwWFLtgL8I,singer,5.0,profession,True,/home/dipshikha/Music/cao/CISLR_v1.5-a_videos/XNwWFLtgL8I.mp4,train,True,25.0,101,300,300,4.04
XNzRI_vkkxM_1,banian,7.0,wearable,True,/home/dipshikha/Music/cao/CISLR_v1.5-a_videos/XNzRI_vkkxM_1.mp4,train,True,25.0,75,300,300,3.0
XOHJjemMcW8_2,rapidly,8.0,time,True,/home/dipshikha/Music/cao/CISLR_v1.5-a_videos/XOHJjemMcW8_2.mp4,train,True,30.0,92,300,300,3.066666666666667
XOqFl-yg95M_2,white,9.0,abstract,True,/home/dipshikha/Music/cao/CISLR_v1.5-a_videos/XOqFl-yg95M_2.mp4,train,True,30.0,91,300,300,3.033333333333333
XP1X2toQb3s,common,5.0,abstract,True,/home/dipshikha/Music/cao/CISLR_v1.5-a_videos/XP1X2toQb3s.mp4,train,True,25.0,107,300,300,4.28
XQgxYpjO6jU_2,muitimeter,10.0,instrument,True,/home/dipshikha/Music/cao/CISLR_v1.5-a_videos/XQgxYpjO6jU_2.mp4,train,True,30.0,122,300,300,4.066666666666666
XR2EElHLeWE_2,heat,8.0,physics,True,/home/dipshikha/Music/cao/CISLR_v1.5-a_videos/XR2EElHLeWE_2.mp4,train,True,30.0,78,300,300,2.6
XR_LQZfd3F8,bishop sleeve,7.0,wearable,True,/home/dipshikha/Music/cao/CISLR_v1.5-a_videos/XR_LQZfd3F8.mp4,train,True,25.0,170,300,300,6.8
XRo4L75knlY,postman,4.0,profession,True,/home/dipshikha/Music/cao/CISLR_v1.5-a_videos/XRo4L75knlY.mp4,test,True,25.0,99,300,300,3.96
XSg7UigBYwY_1,bus conductor,7.0,human,True,/home/dipshikha/Music/cao/CISLR_v1.5-a_videos/XSg7UigBYwY_1.mp4,test,True,25.0,88,300,300,3.52
XSz3T7I9Fbg_1,leave study,8.0,profession,True,/home/dipshikha/Music/cao/CISLR_v1.5-a_videos/XSz3T7I9Fbg_1.mp4,train,True,30.0,105,300,300,3.5
XT42tl2wl_4,general,4.0,abstract,True,/home/dipshikha/Music/cao/CISLR_v1.5-a_videos/XT42tl2wl_4.mp4,train,True,25.0,85,300,300,3.4
XT4QvSmPJRQ_1,unearned,8.0,banking,True,/home/dipshikha/Music/cao/CISLR_v1.5-a_videos/XT4QvSmPJRQ_1.mp4,train,True,30.0,120,300,300,4.0
XTZcfTHZlW0,haryana,5.0,geography,True,/home/dipshikha/Music/cao/CISLR_v1.5-a_videos/XTZcfTHZlW0.mp4,train,True,25.0,108,300,300,4.32
XUmgkiZM4JI_1,earth,8.0,geography,True,/home/dipshikha/Music/cao/CISLR_v1.5-a_videos/XUmgkiZM4JI_1.mp4,test,True,25.0,88,300,300,3.52
XV9orqztWis,bank branch code,7.0,banking,True,/home/dipshikha/Music/cao/CISLR_v1.5-a_videos/XV9orqztWis.mp4,train,True,24.0,146,300,300,6.083333333333333
XVlUiV0aFOM_1,inspection,8.0,authority,True,/home/dipshikha/Music/cao/CISLR_v1.5-a_videos/XVlUiV0aFOM_1.mp4,train,True,30.0,105,300,300,3.5
XVoGUfRZqHo,electrician,5.0,profession,True,/home/dipshikha/Music/cao/CISLR_v1.5-a_videos/XVoGUfRZqHo.mp4,test,True,25.0,108,300,300,4.32
XVyV9wkauSw_1,outstanding report,9.0,readable,True,/home/dipshikha/Music/cao/CISLR_v1.5-a_videos/XVyV9wkauSw_1.mp4,train,True,30.0,135,300,300,4.5
XWvuOZR3KRY_1,unavoidable,8.0,abstract,True,/home/dipshikha/Music/cao/CISLR_v1.5-a_videos/XWvuOZR3KRY_1.mp4,train,True,30.0,120,300,300,4.0
XWwz6oS8uz8,diarrhea,5.0,medical,True,/home/dipshikha/Music/cao/CISLR_v1.5-a_videos/XWwz6oS8uz8.mp4,train,True,25.0,103,300,300,4.12
XYVygMJqlTQ,suspect,6.0,legal,True,/home/dipshikha/Music/cao/CISLR_v1.5-a_videos/XYVygMJqlTQ.mp4,test,True,25.0,144,300,300,5.76
XYfVG8GNe4E_1,funeral,9.0,event,True,/home/dipshikha/Music/cao/CISLR_v1.5-a_videos/XYfVG8GNe4E_1.mp4,test,True,30.0,135,300,300,4.5
XYyZ0xYVA6I,pakistan,3.0,geography,True,/home/dipshikha/Music/cao/CISLR_v1.5-a_videos/XYyZ0xYVA6I.mp4,test,True,25.0,66,300,300,2.64
X_tu5xG4icY_1,lighthouse,8.0,construction,True,/home/dipshikha/Music/cao/CISLR_v1.5-a_videos/X_tu5xG4icY_1.mp4,test,True,25.0,100,300,300,4.0
XaifQVBtgpw_1,axe,7.0,instrument,True,/home/dipshikha/Music/cao/CISLR_v1.5-a_videos/XaifQVBtgpw_1.mp4,train,True,25.0,75,300,300,3.0
XalS8Nhpxy8,sim card,4.0,utility item,True,/home/dipshikha/Music/cao/CISLR_v1.5-a_videos/XalS8Nhpxy8.mp4,train,True,25.0,100,300,300,4.0
XbKXIrsb2Sw,boolean,12.0,math,True,/home/dipshikha/Music/cao/CISLR_v1.5-a_videos/XbKXIrsb2Sw.mp4,train,True,25.0,288,300,300,11.52
XbKePH5Af7I_1,court,6.0,legal,True,/home/dipshikha/Music/cao/CISLR_v1.5-a_videos/XbKePH5Af7I_1.mp4,train,True,25.0,63,300,300,2.52
Xbglx4_9h88,iceland,4.0,geography,True,/home/dipshikha/Music/cao/CISLR_v1.5-a_videos/Xbglx4_9h88.mp4,train,True,25.0,98,300,300,3.92
Xbumrid_U8k_1,routine,8.0,action,True,/home/dipshikha/Music/cao/CISLR_v1.5-a_videos/Xbumrid_U8k_1.mp4,train,True,30.0,120,300,300,4.0
XcQTq6tBNeE_1,communicate,6.0,process,True,/home/dipshikha/Music/cao/CISLR_v1.5-a_videos/XcQTq6tBNeE_1.mp4,test,True,25.0,75,300,300,3.0
Xca-yzLOWRU,close,13.0,action,True,/home/dipshikha/Music/cao/CISLR_v1.5-a_videos/Xca-yzLOWRU.mp4,test,True,25.0,312,300,300,12.48
XclyR8ijJbo_1,running account,10.0,banking,True,/home/dipshikha/Music/cao/CISLR_v1.5-a_videos/XclyR8ijJbo_1.mp4,train,True,30.0,135,300,300,4.5
XdGYd0-mOy8,unlimited,5.0,quantity,True,/home/dipshikha/Music/cao/CISLR_v1.5-a_videos/XdGYd0-mOy8.mp4,train,True,25.0,110,300,300,4.4
XdNhZENdMvM,shoot,4.0,action,True,/home/dipshikha/Music/cao/CISLR_v1.5-a_videos/XdNhZENdMvM.mp4,test,True,25.0,88,300,300,3.52
XdhGx06dlAI,relative,8.0,relation,True,/home/dipshikha/Music/cao/CISLR_v1.5-a_videos/XdhGx06dlAI.mp4,test,True,30.0,222,300,300,7.4
Xds_c4kK0UQ_2,pollution,7.0,geography,True,/home/dipshikha/Music/cao/CISLR_v1.5-a_videos/Xds_c4kK0UQ_2.mp4,train,True,30.0,79,300,300,2.6333333333333333
XeV_Qqks978,unlawful,5.0,legal,True,/home/dipshikha/Music/cao/CISLR_v1.5-a_videos/XeV_Qqks978.mp4,test,True,25.0,121,300,300,4.84
Xf0NPEArdgY,equal,4.0,metric,True,/home/dipshikha/Music/cao/CISLR_v1.5-a_videos/Xf0NPEArdgY.mp4,train,True,25.0,93,300,300,3.72
XfXW-x1C4Es_1,hip,6.0,biology,True,/home/dipshikha/Music/cao/CISLR_v1.5-a_videos/XfXW-x1C4Es_1.mp4,test,True,30.0,75,300,300,2.5
XgbPX-5ddNM,surprised,4.0,behavior,True,/home/dipshikha/Music/cao/CISLR_v1.5-a_videos/XgbPX-5ddNM.mp4,train,True,25.0,79,300,300,3.16
XggUmMB_05c_1,arm,8.0,biology,True,/home/dipshikha/Music/cao/CISLR_v1.5-a_videos/XggUmMB_05c_1.mp4,test,True,30.0,105,300,300,3.5
XgnLpUYDvoE,geodetic surveying,14.0,education,True,/home/dipshikha/Music/cao/CISLR_v1.5-a_videos/XgnLpUYDvoE.mp4,train,True,24.0,334,300,300,13.916666666666666
XhewfEcC070,innovate,8.0,action,True,/home/dipshikha/Music/cao/CISLR_v1.5-a_videos/XhewfEcC070.mp4,train,True,25.0,176,300,300,7.04
XhiIueAytF4,stomach,4.0,biology,True,/home/dipshikha/Music/cao/CISLR_v1.5-a_videos/XhiIueAytF4.mp4,train,True,25.0,85,300,300,3.4
XhxvdfUYX1E_1,last pay certificate,10.0,banking,True,/home/dipshikha/Music/cao/CISLR_v1.5-a_videos/XhxvdfUYX1E_1.mp4,train,True,30.0,135,300,300,4.5
XirShDs3mK8_1,punjab,8.0,geography,True,/home/dipshikha/Music/cao/CISLR_v1.5-a_videos/XirShDs3mK8_1.mp4,test,True,25.0,88,300,300,3.52
Xj4aXWm1Ivk,hack saw frame,8.0,instrument,True,/home/dipshikha/Music/cao/CISLR_v1.5-a_videos/Xj4aXWm1Ivk.mp4,train,True,25.0,193,300,300,7.72
XjXXmj-9kFE,virus,6.0,medical,True,/home/dipshikha/Music/cao/CISLR_v1.5-a_videos/XjXXmj-9kFE.mp4,test,True,25.0,147,300,300,5.88
Xjnz65u4rsc_1,cash credit key,10.0,banking,True,/home/dipshikha/Music/cao/CISLR_v1.5-a_videos/Xjnz65u4rsc_1.mp4,train,True,30.0,150,300,300,5.0
Xl-YVIaxrFE_2,vacation,9.0,event,True,/home/dipshikha/Music/cao/CISLR_v1.5-a_videos/Xl-YVIaxrFE_2.mp4,test,True,30.0,120,300,300,4.0
XlHIH3wgbr4_1,thorn,6.0,miscellaneous object,True,/home/dipshikha/Music/cao/CISLR_v1.5-a_videos/XlHIH3wgbr4_1.mp4,train,True,30.0,75,300,300,2.5
Xlo5HX0NVO0,tool box,9.0,instrument,True,/home/dipshikha/Music/cao/CISLR_v1.5-a_videos/Xlo5HX0NVO0.mp4,train,True,25.0,217,300,300,8.68
Xlq9pRiAwLA_1,towards,6.0,relation,True,/home/dipshikha/Music/cao/CISLR_v1.5-a_videos/Xlq9pRiAwLA_1.mp4,train,True,25.0,63,300,300,2.52
XnTZYBLuwos,classification according to parts used for crop,15.0,action,True,/home/dipshikha/Music/cao/CISLR_v1.5-a_videos/XnTZYBLuwos.mp4,train,True,25.0,369,300,300,14.76
XnkB49W7JEI,humble,4.0,sensation,True,/home/dipshikha/Music/cao/CISLR_v1.5-a_videos/XnkB49W7JEI.mp4,train,True,25.0,91,300,300,3.64
XpQ4QGeNsGM_1,angry,7.0,emotion,True,/home/dipshikha/Music/cao/CISLR_v1.5-a_videos/XpQ4QGeNsGM_1.mp4,test,True,30.0,90,300,300,3.0
XpYDSeC0hTA_1,poision,5.0,medical,True,/home/dipshikha/Music/cao/CISLR_v1.5-a_videos/XpYDSeC0hTA_1.mp4,train,True,30.0,75,300,300,2.5
XqH46D16YDI_1,tea,5.0,foods and drinks,True,/home/dipshikha/Music/cao/CISLR_v1.5-a_videos/XqH46D16YDI_1.mp4,train,True,25.0,63,300,300,2.52
XqcaXXg2ncs,flatulence,10.0,human,True,/home/dipshikha/Music/cao/CISLR_v1.5-a_videos/XqcaXXg2ncs.mp4,train,True,25.0,240,300,300,9.6
XqqYCaMA1oM,damp proofing material,13.0,substance,True,/home/dipshikha/Music/cao/CISLR_v1.5-a_videos/XqqYCaMA1oM.mp4,train,True,24.0,293,300,300,12.208333333333334
Xqqb4UhRPMI_1,underwriter,9.0,banking,True,/home/dipshikha/Music/cao/CISLR_v1.5-a_videos/Xqqb4UhRPMI_1.mp4,train,True,30.0,135,300,300,4.5
Xr1SEUip10E,reception,5.0,behavior,True,/home/dipshikha/Music/cao/CISLR_v1.5-a_videos/Xr1SEUip10E.mp4,test,True,25.0,101,300,300,4.04
Xt6ujzVtikU_2,change in temperature,9.0,chemistry,True,/home/dipshikha/Music/cao/CISLR_v1.5-a_videos/Xt6ujzVtikU_2.mp4,train,True,29.916666666666668,97,300,300,3.2423398328690807
Xu7Bjpz-ZRs,receive,4.0,action,True,/home/dipshikha/Music/cao/CISLR_v1.5-a_videos/Xu7Bjpz-ZRs.mp4,test,True,25.0,81,300,300,3.24
Xu87pjWy-zY_1,varanasi,5.0,geography,True,/home/dipshikha/Music/cao/CISLR_v1.5-a_videos/Xu87pjWy-zY_1.mp4,test,True,25.0,63,300,300,2.52
XunH_PEln9Y,piece,7.0,miscellaneous object,True,/home/dipshikha/Music/cao/CISLR_v1.5-a_videos/XunH_PEln9Y.mp4,test,True,25.0,158,300,300,6.32
XvUEpKDeies,owner,5.0,human,True,/home/dipshikha/Music/cao/CISLR_v1.5-a_videos/XvUEpKDeies.mp4,test,True,25.0,119,300,300,4.76
XvtQ_hOFO8E_1,dream,6.0,behavior,True,/home/dipshikha/Music/cao/CISLR_v1.5-a_videos/XvtQ_hOFO8E_1.mp4,test,True,25.0,63,300,300,2.52
Xvw_2UBBL30_2,known loss,8.0,banking,True,/home/dipshikha/Music/cao/CISLR_v1.5-a_videos/Xvw_2UBBL30_2.mp4,train,True,30.0,114,300,300,3.8
Xw90mtR4Z7c_2,capacitor,8.0,electronic and electrical,True,/home/dipshikha/Music/cao/CISLR_v1.5-a_videos/Xw90mtR4Z7c_2.mp4,train,True,30.0,86,300,300,2.8666666666666667
XwQxJ5FXoQ8,may,5.0,time,True,/home/dipshikha/Music/cao/CISLR_v1.5-a_videos/XwQxJ5FXoQ8.mp4,train,True,25.0,109,300,300,4.36
XxRvBiQEf1s,arunachal pradesh,5.0,geography,True,/home/dipshikha/Music/cao/CISLR_v1.5-a_videos/XxRvBiQEf1s.mp4,test,True,25.0,110,300,300,4.4
XyDptoi7dw4,flower for exhibition,13.0,flora and fauna,True,/home/dipshikha/Music/cao/CISLR_v1.5-a_videos/XyDptoi7dw4.mp4,train,True,24.0,288,300,300,12.0
XzFGTYxVrW0_2,extermal combustion engine,11.0,machine,True,/home/dipshikha/Music/cao/CISLR_v1.5-a_videos/XzFGTYxVrW0_2.mp4,train,True,30.0,115,300,300,3.8333333333333335
XzRvTWXXufk,vivekananda rock memorial,7.0,construction,True,/home/dipshikha/Music/cao/CISLR_v1.5-a_videos/XzRvTWXXufk.mp4,train,True,25.0,155,300,300,6.2
XzUB9q5Buyw_1,sick,7.0,medical,True,/home/dipshikha/Music/cao/CISLR_v1.5-a_videos/XzUB9q5Buyw_1.mp4,test,True,30.0,105,300,300,3.5
Y0-DjFLQcLw,jam,6.0,foods and drinks,True,/home/dipshikha/Music/cao/CISLR_v1.5-a_videos/Y0-DjFLQcLw.mp4,test,True,25.0,144,300,300,5.76
Y0G5Sqs-lYw,librarian,4.0,profession,True,/home/dipshikha/Music/cao/CISLR_v1.5-a_videos/Y0G5Sqs-lYw.mp4,train,True,25.0,87,300,300,3.48
Y0JhQ12-JVE,negligent,4.0,quality,True,/home/dipshikha/Music/cao/CISLR_v1.5-a_videos/Y0JhQ12-JVE.mp4,train,True,25.0,94,300,300,3.76
Y0ObDf8ZmJ0,enjoy,6.0,action,True,/home/dipshikha/Music/cao/CISLR_v1.5-a_videos/Y0ObDf8ZmJ0.mp4,test,True,25.0,127,300,300,5.08
Y1KyjzkkP4E_1,of,6.0,language,True,/home/dipshikha/Music/cao/CISLR_v1.5-a_videos/Y1KyjzkkP4E_1.mp4,train,True,25.0,63,300,300,2.52
Y1_xQfLPThU_1,provision,8.0,action,True,/home/dipshikha/Music/cao/CISLR_v1.5-a_videos/Y1_xQfLPThU_1.mp4,train,True,30.0,105,300,300,3.5
Y1qTt6mL5ck,world federation of the deaf,4.0,organisation,True,/home/dipshikha/Music/cao/CISLR_v1.5-a_videos/Y1qTt6mL5ck.mp4,train,True,25.0,86,300,300,3.44
Y1sJK9C1Y14,change of venue,11.0,action,True,/home/dipshikha/Music/cao/CISLR_v1.5-a_videos/Y1sJK9C1Y14.mp4,train,True,25.0,251,300,300,10.04
Y2uzoxP4eZc,central processing unit,11.0,computer,True,/home/dipshikha/Music/cao/CISLR_v1.5-a_videos/Y2uzoxP4eZc.mp4,train,True,25.0,255,300,300,10.2
Y638xpGVl88_1,copy,6.0,action,True,/home/dipshikha/Music/cao/CISLR_v1.5-a_videos/Y638xpGVl88_1.mp4,test,True,25.0,63,300,300,2.52
Y66DFt19PyE,student,3.0,profession,True,/home/dipshikha/Music/cao/CISLR_v1.5-a_videos/Y66DFt19PyE.mp4,train,True,25.0,59,300,300,2.36
Y6FhOnbO6UI_1,thursday,6.0,time,True,/home/dipshikha/Music/cao/CISLR_v1.5-a_videos/Y6FhOnbO6UI_1.mp4,test,True,30.0,75,300,300,2.5
Y7Smdq0HgqY,choking,14.0,medical,True,/home/dipshikha/Music/cao/CISLR_v1.5-a_videos/Y7Smdq0HgqY.mp4,train,True,25.0,348,300,300,13.92
Y7eYIdnqRSU,pumpkin,4.0,foods and drinks,True,/home/dipshikha/Music/cao/CISLR_v1.5-a_videos/Y7eYIdnqRSU.mp4,train,True,25.0,78,300,300,3.12
Y8X09M_jMsI,sunrise,5.0,event,True,/home/dipshikha/Music/cao/CISLR_v1.5-a_videos/Y8X09M_jMsI.mp4,test,True,25.0,122,300,300,4.88
Y9MkvKtXngo,decade,5.0,time,True,/home/dipshikha/Music/cao/CISLR_v1.5-a_videos/Y9MkvKtXngo.mp4,train,True,25.0,104,300,300,4.16
YAn2NmtqmkU_1,climb up,6.0,action,True,/home/dipshikha/Music/cao/CISLR_v1.5-a_videos/YAn2NmtqmkU_1.mp4,train,True,25.0,63,300,300,2.52
YCnpEJTrtb4,older sister,3.0,relation,True,/home/dipshikha/Music/cao/CISLR_v1.5-a_videos/YCnpEJTrtb4.mp4,train,True,25.0,73,300,300,2.92
YCunYHD0SVY,lawyer,4.0,legal,True,/home/dipshikha/Music/cao/CISLR_v1.5-a_videos/YCunYHD0SVY.mp4,train,True,25.0,99,300,300,3.96
YCuxJLH5fK0_2,refinance,7.0,banking,True,/home/dipshikha/Music/cao/CISLR_v1.5-a_videos/YCuxJLH5fK0_2.mp4,train,True,30.0,96,300,300,3.2
YDCikAndHLU_1,wife,10.0,relation,True,/home/dipshikha/Music/cao/CISLR_v1.5-a_videos/YDCikAndHLU_1.mp4,train,True,30.0,135,300,300,4.5
YEHQWC5VjX4_2,light,8.0,physics,True,/home/dipshikha/Music/cao/CISLR_v1.5-a_videos/YEHQWC5VjX4_2.mp4,test,True,30.0,86,300,300,2.8666666666666667
YELxiOno-Q4_1,income,8.0,banking,True,/home/dipshikha/Music/cao/CISLR_v1.5-a_videos/YELxiOno-Q4_1.mp4,train,True,30.0,105,300,300,3.5
YF6c_Lb35ng_1,housefly,6.0,flora and fauna,True,/home/dipshikha/Music/cao/CISLR_v1.5-a_videos/YF6c_Lb35ng_1.mp4,test,True,30.0,75,300,300,2.5
YF72FhOc8B8_1,tall,6.0,attribute,True,/home/dipshikha/Music/cao/CISLR_v1.5-a_videos/YF72FhOc8B8_1.mp4,test,True,25.0,75,300,300,3.0
YFFVY9bYiW8,mizoram,5.0,geography,True,/home/dipshikha/Music/cao/CISLR_v1.5-a_videos/YFFVY9bYiW8.mp4,test,True,25.0,110,300,300,4.4
YFl0dGwRwYo,property,7.0,banking,True,/home/dipshikha/Music/cao/CISLR_v1.5-a_videos/YFl0dGwRwYo.mp4,test,True,25.0,154,300,300,6.16
YFrtVUeFoe4,peril,4.0,abstract,True,/home/dipshikha/Music/cao/CISLR_v1.5-a_videos/YFrtVUeFoe4.mp4,train,True,25.0,89,300,300,3.56
YGISt7qQBCw,catalogue,9.0,utility item,True,/home/dipshikha/Music/cao/CISLR_v1.5-a_videos/YGISt7qQBCw.mp4,train,True,25.0,220,300,300,8.8
YGPgejLrILM,date,6.0,time,True,/home/dipshikha/Music/cao/CISLR_v1.5-a_videos/YGPgejLrILM.mp4,test,True,25.0,140,300,300,5.6
YGog5xq4SiQ_1,corruption,7.0,legal,True,/home/dipshikha/Music/cao/CISLR_v1.5-a_videos/YGog5xq4SiQ_1.mp4,test,True,30.0,90,300,300,3.0
YHRvUilX5yc_1,incharge,10.0,authority,True,/home/dipshikha/Music/cao/CISLR_v1.5-a_videos/YHRvUilX5yc_1.mp4,train,True,30.0,135,300,300,4.5
YHd3THK5M-w,paint,6.0,computer,True,/home/dipshikha/Music/cao/CISLR_v1.5-a_videos/YHd3THK5M-w.mp4,test,True,25.0,150,300,300,6.0
YHl7zDSdzVE,javelin throw,3.0,sport,True,/home/dipshikha/Music/cao/CISLR_v1.5-a_videos/YHl7zDSdzVE.mp4,train,True,25.0,52,300,300,2.08
YIns3vxfhnk,masculine,4.0,behavior,True,/home/dipshikha/Music/cao/CISLR_v1.5-a_videos/YIns3vxfhnk.mp4,train,True,25.0,84,300,300,3.36
YJTInZmt8eE,brick masonry,7.0,construction,True,/home/dipshikha/Music/cao/CISLR_v1.5-a_videos/YJTInZmt8eE.mp4,train,True,25.0,164,300,300,6.56
YKFHr8y6YRI,metal,5.0,metal and minerals,True,/home/dipshikha/Music/cao/CISLR_v1.5-a_videos/YKFHr8y6YRI.mp4,test,True,25.0,120,300,300,4.8
YKeS_ZBqjUs,lantana camera,14.0,flora and fauna,True,/home/dipshikha/Music/cao/CISLR_v1.5-a_videos/YKeS_ZBqjUs.mp4,train,True,25.0,346,300,300,13.84
YKnnyhESBww_1,kurta,6.0,wearable,True,/home/dipshikha/Music/cao/CISLR_v1.5-a_videos/YKnnyhESBww_1.mp4,test,True,25.0,75,300,300,3.0
YL4WDUU1nNU_1,nepal,7.0,geography,True,/home/dipshikha/Music/cao/CISLR_v1.5-a_videos/YL4WDUU1nNU_1.mp4,test,True,25.0,75,300,300,3.0
YMao9qfTNDs,herniated intervertebral,14.0,biology,True,/home/dipshikha/Music/cao/CISLR_v1.5-a_videos/YMao9qfTNDs.mp4,train,True,25.0,339,300,300,13.56
YMsS8QIdWM0,tuesday,3.0,time,True,/home/dipshikha/Music/cao/CISLR_v1.5-a_videos/YMsS8QIdWM0.mp4,test,True,25.0,65,300,300,2.6
YMuk_8H4EWM,madhya pradesh,4.0,geography,True,/home/dipshikha/Music/cao/CISLR_v1.5-a_videos/YMuk_8H4EWM.mp4,train,True,25.0,84,300,300,3.36
YMzAv4AKiZI_1,responsible,7.0,behavior,True,/home/dipshikha/Music/cao/CISLR_v1.5-a_videos/YMzAv4AKiZI_1.mp4,train,True,25.0,75,300,300,3.0
YOouxgzRLPY_1,ant,6.0,flora and fauna,True,/home/dipshikha/Music/cao/CISLR_v1.5-a_videos/YOouxgzRLPY_1.mp4,train,True,30.0,75,300,300,2.5
YP8kV_QxB5k_1,hyderabad,6.0,geography,True,/home/dipshikha/Music/cao/CISLR_v1.5-a_videos/YP8kV_QxB5k_1.mp4,test,True,25.0,63,300,300,2.52
YPnTIhCizr0,rainbow,5.0,weather,True,/home/dipshikha/Music/cao/CISLR_v1.5-a_videos/YPnTIhCizr0.mp4,train,True,25.0,109,300,300,4.36
YQONdUfXS78_1,local,10.0,spatial position,True,/home/dipshikha/Music/cao/CISLR_v1.5-a_videos/YQONdUfXS78_1.mp4,test,True,30.0,150,300,300,5.0
YQcpKDKzhIQ_1,bad,8.0,quality,True,/home/dipshikha/Music/cao/CISLR_v1.5-a_videos/YQcpKDKzhIQ_1.mp4,test,True,30.0,105,300,300,3.5
YQd_WV8xzI4_1,minor,9.0,behavior,True,/home/dipshikha/Music/cao/CISLR_v1.5-a_videos/YQd_WV8xzI4_1.mp4,test,True,30.0,120,300,300,4.0
YQflbkaOx2g,table,4.0,utility item,True,/home/dipshikha/Music/cao/CISLR_v1.5-a_videos/YQflbkaOx2g.mp4,train,True,25.0,91,300,300,3.64
YRCrJpcwteg_1,january,6.0,time,True,/home/dipshikha/Music/cao/CISLR_v1.5-a_videos/YRCrJpcwteg_1.mp4,test,True,30.0,75,300,300,2.5
YRc3fxOAnOg,hungary,3.0,geography,True,/home/dipshikha/Music/cao/CISLR_v1.5-a_videos/YRc3fxOAnOg.mp4,train,True,25.0,71,300,300,2.84
YRlUUOC7_-0_1,partnership,10.0,relation,True,/home/dipshikha/Music/cao/CISLR_v1.5-a_videos/YRlUUOC7_-0_1.mp4,train,True,30.0,150,300,300,5.0
YSKXGgR-m4Y_1,visit,6.0,action,True,/home/dipshikha/Music/cao/CISLR_v1.5-a_videos/YSKXGgR-m4Y_1.mp4,train,True,25.0,63,300,300,2.52
YSgIm4RE1E4_1,soap,7.0,utility item,True,/home/dipshikha/Music/cao/CISLR_v1.5-a_videos/YSgIm4RE1E4_1.mp4,train,True,30.0,75,300,300,2.5
YT1x1wgyjLQ_1,tiffin box,6.0,foods and drinks,True,/home/dipshikha/Music/cao/CISLR_v1.5-a_videos/YT1x1wgyjLQ_1.mp4,train,True,25.0,75,300,300,3.0
YT3NbB5D_AU_1,sue,10.0,action,True,/home/dipshikha/Music/cao/CISLR_v1.5-a_videos/YT3NbB5D_AU_1.mp4,train,True,29.916666666666668,150,300,300,5.013927576601671
YT73Lh88yeE,waste,4.0,abstract,True,/home/dipshikha/Music/cao/CISLR_v1.5-a_videos/YT73Lh88yeE.mp4,test,True,25.0,99,300,300,3.96
YVKW4zFBxRs_1,wednesday,5.0,time,True,/home/dipshikha/Music/cao/CISLR_v1.5-a_videos/YVKW4zFBxRs_1.mp4,test,True,30.0,60,300,300,2.0
YVRYl6f1f_0_1,experiment,7.0,process,True,/home/dipshikha/Music/cao/CISLR_v1.5-a_videos/YVRYl6f1f_0_1.mp4,test,True,25.0,75,300,300,3.0
YW5naaaX4ag_1,tight,6.0,quality,True,/home/dipshikha/Music/cao/CISLR_v1.5-a_videos/YW5naaaX4ag_1.mp4,train,True,25.0,63,300,300,2.52
YXM8FEEsI_A,conference,6.0,group,True,/home/dipshikha/Music/cao/CISLR_v1.5-a_videos/YXM8FEEsI_A.mp4,test,True,25.0,129,300,300,5.16
YYJ96CO6dt0,slippers,4.0,wearable,True,/home/dipshikha/Music/cao/CISLR_v1.5-a_videos/YYJ96CO6dt0.mp4,train,True,25.0,77,300,300,3.08
YYMy75KpmJk,sweat,6.0,biology,True,/home/dipshikha/Music/cao/CISLR_v1.5-a_videos/YYMy75KpmJk.mp4,test,True,25.0,135,300,300,5.4
YZNxu9uehxA_1,land revenue,10.0,banking,True,/home/dipshikha/Music/cao/CISLR_v1.5-a_videos/YZNxu9uehxA_1.mp4,train,True,30.0,135,300,300,4.5
Y_T9AimBaqk_1,wastage,6.0,abstract,True,/home/dipshikha/Music/cao/CISLR_v1.5-a_videos/Y_T9AimBaqk_1.mp4,train,True,30.0,75,300,300,2.5
YbaTI-fVR9c,salary,4.0,banking,True,/home/dipshikha/Music/cao/CISLR_v1.5-a_videos/YbaTI-fVR9c.mp4,test,True,25.0,93,300,300,3.72
Yc0Mx7DJ_Io,your,3.0,relation,True,/home/dipshikha/Music/cao/CISLR_v1.5-a_videos/Yc0Mx7DJ_Io.mp4,test,True,25.0,69,300,300,2.76
YcSno6m_WPQ_1,inauguaration,7.0,event,True,/home/dipshikha/Music/cao/CISLR_v1.5-a_videos/YcSno6m_WPQ_1.mp4,train,True,30.0,90,300,300,3.0
YcTowX_Es6E,banana tree,6.0,flora and fauna,True,/home/dipshikha/Music/cao/CISLR_v1.5-a_videos/YcTowX_Es6E.mp4,train,True,25.0,143,300,300,5.72
YewyTxkCShU,lawn,8.0,construction,True,/home/dipshikha/Music/cao/CISLR_v1.5-a_videos/YewyTxkCShU.mp4,train,True,25.0,185,300,300,7.4
Yf38Dy5zOF4,coconut,4.0,foods and drinks,True,/home/dipshikha/Music/cao/CISLR_v1.5-a_videos/Yf38Dy5zOF4.mp4,test,True,25.0,84,300,300,3.36
YfCkx2qZd10_1,bake,7.0,foods and drinks,True,/home/dipshikha/Music/cao/CISLR_v1.5-a_videos/YfCkx2qZd10_1.mp4,test,True,25.0,75,300,300,3.0
YfPizjRLLBk_1,nail polish,7.0,utility item,True,/home/dipshikha/Music/cao/CISLR_v1.5-a_videos/YfPizjRLLBk_1.mp4,train,True,25.0,75,300,300,3.0
YfbeV360wAA,kajal,4.0,utility item,True,/home/dipshikha/Music/cao/CISLR_v1.5-a_videos/YfbeV360wAA.mp4,train,True,25.0,93,300,300,3.72
YgZcsvejUF0,sixteen,4.0,quantity,True,/home/dipshikha/Music/cao/CISLR_v1.5-a_videos/YgZcsvejUF0.mp4,train,True,25.0,92,300,300,3.68
Ygj0IRouWKg,wash,3.0,action,True,/home/dipshikha/Music/cao/CISLR_v1.5-a_videos/Ygj0IRouWKg.mp4,test,True,25.0,58,300,300,2.32
YhHAI3h-Pno,phone,6.0,electronic and electrical,True,/home/dipshikha/Music/cao/CISLR_v1.5-a_videos/YhHAI3h-Pno.mp4,train,True,25.0,133,300,300,5.32
YhVonZ8wM4s,reservation,5.0,group,True,/home/dipshikha/Music/cao/CISLR_v1.5-a_videos/YhVonZ8wM4s.mp4,test,True,25.0,115,300,300,4.6
Yic2UpwFlV0_1,maximum,9.0,quantity,True,/home/dipshikha/Music/cao/CISLR_v1.5-a_videos/Yic2UpwFlV0_1.mp4,test,True,30.0,135,300,300,4.5
Yipdqci-cG4,speak,3.0,action,True,/home/dipshikha/Music/cao/CISLR_v1.5-a_videos/Yipdqci-cG4.mp4,train,True,25.0,66,300,300,2.64
Yiu0Yd9fSk8_1,boy,8.0,human,True,/home/dipshikha/Music/cao/CISLR_v1.5-a_videos/Yiu0Yd9fSk8_1.mp4,test,True,30.0,105,300,300,3.5
YjFFLGIxdsw,indian national congress,3.0,politics,True,/home/dipshikha/Music/cao/CISLR_v1.5-a_videos/YjFFLGIxdsw.mp4,train,True,24.0,64,300,300,2.6666666666666665
Yk2bJx0XDKk,corn,14.0,foods and drinks,True,/home/dipshikha/Music/cao/CISLR_v1.5-a_videos/Yk2bJx0XDKk.mp4,test,True,25.0,337,300,300,13.48
YkB8oNd9yWk_1,insult,6.0,action,True,/home/dipshikha/Music/cao/CISLR_v1.5-a_videos/YkB8oNd9yWk_1.mp4,test,True,30.0,75,300,300,2.5
YkczyHs5RyA,deer,4.0,flora and fauna,True,/home/dipshikha/Music/cao/CISLR_v1.5-a_videos/YkczyHs5RyA.mp4,test,True,25.0,77,300,300,3.08
YkjhmBTDRSE,surface erosion,10.0,geography,True,/home/dipshikha/Music/cao/CISLR_v1.5-a_videos/YkjhmBTDRSE.mp4,train,True,25.0,243,300,300,9.72
Ykt6OXbw1q0,blue,6.0,quality,True,/home/dipshikha/Music/cao/CISLR_v1.5-a_videos/Ykt6OXbw1q0.mp4,test,True,25.0,132,300,300,5.28
Ykv_2L4-7RY,accident,5.0,event,True,/home/dipshikha/Music/cao/CISLR_v1.5-a_videos/Ykv_2L4-7RY.mp4,train,True,25.0,104,300,300,4.16
YlpdAUskBYI,protect,5.0,action,True,/home/dipshikha/Music/cao/CISLR_v1.5-a_videos/YlpdAUskBYI.mp4,train,True,25.0,101,300,300,4.04
YnAajpsmDmk_1,cloth,8.0,wearable,True,/home/dipshikha/Music/cao/CISLR_v1.5-a_videos/YnAajpsmDmk_1.mp4,test,True,25.0,100,300,300,4.0
YnKRMSyKkJk_1,chapathi,6.0,foods and drinks,True,/home/dipshikha/Music/cao/CISLR_v1.5-a_videos/YnKRMSyKkJk_1.mp4,train,True,25.0,75,300,300,3.0
YnZWnAEfIPw,round,4.0,math,True,/home/dipshikha/Music/cao/CISLR_v1.5-a_videos/YnZWnAEfIPw.mp4,test,True,25.0,97,300,300,3.88
YnmUSF3cQCA_1,minister,7.0,authority,True,/home/dipshikha/Music/cao/CISLR_v1.5-a_videos/YnmUSF3cQCA_1.mp4,test,True,25.0,75,300,300,3.0
YoqthDSpmXU,show,4.0,action,True,/home/dipshikha/Music/cao/CISLR_v1.5-a_videos/YoqthDSpmXU.mp4,train,True,25.0,96,300,300,3.84
Yp-T6g3cBAU_1,rectangle,11.0,math,True,/home/dipshikha/Music/cao/CISLR_v1.5-a_videos/Yp-T6g3cBAU_1.mp4,train,True,30.0,150,300,300,5.0
Ypycm97DvfI,paragraph,6.0,language,True,/home/dipshikha/Music/cao/CISLR_v1.5-a_videos/Ypycm97DvfI.mp4,test,True,25.0,140,300,300,5.6
Yrzxd9xMdf4_1,manual of instruction,9.0,readable,True,/home/dipshikha/Music/cao/CISLR_v1.5-a_videos/Yrzxd9xMdf4_1.mp4,train,True,29.916666666666668,135,300,300,4.512534818941504
YsHiDhGbv0Q,nepal,5.0,geography,True,/home/dipshikha/Music/cao/CISLR_v1.5-a_videos/YsHiDhGbv0Q.mp4,test,True,25.0,116,300,300,4.64
YscdSP4txHA,gang box,9.0,utility item,True,/home/dipshikha/Music/cao/CISLR_v1.5-a_videos/YscdSP4txHA.mp4,train,True,25.0,201,300,300,8.04
Ystk7l_FXfM,specialist,5.0,profession,True,/home/dipshikha/Music/cao/CISLR_v1.5-a_videos/Ystk7l_FXfM.mp4,train,True,25.0,119,300,300,4.76
YtiMW5yuGp0,pass,6.0,abstract,True,/home/dipshikha/Music/cao/CISLR_v1.5-a_videos/YtiMW5yuGp0.mp4,test,True,25.0,126,300,300,5.04
YtxxtvSqLN0,button loop,10.0,wearable,True,/home/dipshikha/Music/cao/CISLR_v1.5-a_videos/YtxxtvSqLN0.mp4,train,True,25.0,247,300,300,9.88
Yu6K4sXguXs_1,fruits,7.0,foods and drinks,True,/home/dipshikha/Music/cao/CISLR_v1.5-a_videos/Yu6K4sXguXs_1.mp4,train,True,25.0,88,300,300,3.52
YufUJ48avIM,all india federation of the deaf,4.0,organisation,True,/home/dipshikha/Music/cao/CISLR_v1.5-a_videos/YufUJ48avIM.mp4,train,True,25.0,93,300,300,3.72
YuqMoY_OqRg,printer,5.0,instrument,True,/home/dipshikha/Music/cao/CISLR_v1.5-a_videos/YuqMoY_OqRg.mp4,test,True,25.0,111,300,300,4.44
Yv8NF6YIl10_1,stone,7.0,metal and minerals,True,/home/dipshikha/Music/cao/CISLR_v1.5-a_videos/Yv8NF6YIl10_1.mp4,test,True,25.0,88,300,300,3.52
YwFKOE6S4C0_1,bogie,9.0,transport,True,/home/dipshikha/Music/cao/CISLR_v1.5-a_videos/YwFKOE6S4C0_1.mp4,train,True,25.0,100,300,300,4.0
YwR00ZeFcQY_1,mother,8.0,relation,True,/home/dipshikha/Music/cao/CISLR_v1.5-a_videos/YwR00ZeFcQY_1.mp4,test,True,30.0,105,300,300,3.5
Yws2a_L3P5k,top,4.0,comparator,True,/home/dipshikha/Music/cao/CISLR_v1.5-a_videos/Yws2a_L3P5k.mp4,test,True,25.0,81,300,300,3.24
Ywv9sPO2h8U_1,shipping order,9.0,process,True,/home/dipshikha/Music/cao/CISLR_v1.5-a_videos/Ywv9sPO2h8U_1.mp4,train,True,30.0,135,300,300,4.5
Yx69VxUEjg4_1,expansion,8.0,quantity,True,/home/dipshikha/Music/cao/CISLR_v1.5-a_videos/Yx69VxUEjg4_1.mp4,train,True,30.0,120,300,300,4.0
Yympd7Zsia4,visa,4.0,legal,True,/home/dipshikha/Music/cao/CISLR_v1.5-a_videos/Yympd7Zsia4.mp4,test,True,25.0,88,300,300,3.52
Yz4vZ5ALDfw,thank you,3.0,gesture,True,/home/dipshikha/Music/cao/CISLR_v1.5-a_videos/Yz4vZ5ALDfw.mp4,test,True,25.0,68,300,300,2.72
Yz6em7jgxK0,weak,4.0,quality,True,/home/dipshikha/Music/cao/CISLR_v1.5-a_videos/Yz6em7jgxK0.mp4,test,True,25.0,82,300,300,3.28
YzE81xCkrbs_1,premature,10.0,attribute,True,/home/dipshikha/Music/cao/CISLR_v1.5-a_videos/YzE81xCkrbs_1.mp4,train,True,30.0,135,300,300,4.5
YzFnEXBbgqk,railway station,6.0,transport,True,/home/dipshikha/Music/cao/CISLR_v1.5-a_videos/YzFnEXBbgqk.mp4,train,True,25.0,134,300,300,5.36
YzFnEXBbgqk_1,railway station,6.0,transport,True,/home/dipshikha/Music/cao/CISLR_v1.5-a_videos/YzFnEXBbgqk_1.mp4,test,True,25.0,63,300,300,2.52
YzMaVzYqmoI,cutlery,7.0,foods and drinks,True,/home/dipshikha/Music/cao/CISLR_v1.5-a_videos/YzMaVzYqmoI.mp4,train,True,25.0,162,300,300,6.48
Z-WSsu6coz0_1,specimen signature,11.0,attribute,True,/home/dipshikha/Music/cao/CISLR_v1.5-a_videos/Z-WSsu6coz0_1.mp4,train,True,30.0,150,300,300,5.0
Z-eYQ41xjss_1,auditorium,7.0,construction,True,/home/dipshikha/Music/cao/CISLR_v1.5-a_videos/Z-eYQ41xjss_1.mp4,train,True,25.0,75,300,300,3.0
Z1QjMt7Nv8g_1,neighbour,11.0,human,True,/home/dipshikha/Music/cao/CISLR_v1.5-a_videos/Z1QjMt7Nv8g_1.mp4,test,True,30.0,150,300,300,5.0
Z1du80pIIo0,brochure,5.0,readable,True,/home/dipshikha/Music/cao/CISLR_v1.5-a_videos/Z1du80pIIo0.mp4,train,True,25.0,102,300,300,4.08
Z1rwaj311WE_1,need,6.0,abstract,True,/home/dipshikha/Music/cao/CISLR_v1.5-a_videos/Z1rwaj311WE_1.mp4,train,True,25.0,75,300,300,3.0
Z3CJVJpzaio_1,keeper,10.0,human,True,/home/dipshikha/Music/cao/CISLR_v1.5-a_videos/Z3CJVJpzaio_1.mp4,train,True,30.0,135,300,300,4.5
Z3vKfnZktzo,parking,6.0,transport,True,/home/dipshikha/Music/cao/CISLR_v1.5-a_videos/Z3vKfnZktzo.mp4,train,True,25.0,140,300,300,5.6
Z40K5gHMTUI_1,transfer,6.0,action,True,/home/dipshikha/Music/cao/CISLR_v1.5-a_videos/Z40K5gHMTUI_1.mp4,train,True,30.0,75,300,300,2.5
Z45tFt5f02s_1,more,6.0,quantity,True,/home/dipshikha/Music/cao/CISLR_v1.5-a_videos/Z45tFt5f02s_1.mp4,train,True,25.0,63,300,300,2.52
Z57OPDQI-AM_2,transverse wave,10.0,physics,True,/home/dipshikha/Music/cao/CISLR_v1.5-a_videos/Z57OPDQI-AM_2.mp4,train,True,30.0,117,300,300,3.9
Z6JNDTUxfUc,grey,8.0,colour,True,/home/dipshikha/Music/cao/CISLR_v1.5-a_videos/Z6JNDTUxfUc.mp4,test,True,25.0,180,300,300,7.2
Z6tnoY_mWJI,ahmedabad,5.0,geography,True,/home/dipshikha/Music/cao/CISLR_v1.5-a_videos/Z6tnoY_mWJI.mp4,train,True,25.0,124,300,300,4.96
Z7IcqSuMStI_1,silver,7.0,metal and minerals,True,/home/dipshikha/Music/cao/CISLR_v1.5-a_videos/Z7IcqSuMStI_1.mp4,test,True,30.0,90,300,300,3.0
Z7SDxmGugRY_2,stretch,9.0,action,True,/home/dipshikha/Music/cao/CISLR_v1.5-a_videos/Z7SDxmGugRY_2.mp4,train,True,30.0,105,300,300,3.5
Z7eSedTdh8o_1,lock,8.0,machine,True,/home/dipshikha/Music/cao/CISLR_v1.5-a_videos/Z7eSedTdh8o_1.mp4,test,True,30.0,120,300,300,4.0
Z7rp2PsMEnM_1,flat,6.0,attribute,True,/home/dipshikha/Music/cao/CISLR_v1.5-a_videos/Z7rp2PsMEnM_1.mp4,train,True,25.0,63,300,300,2.52
Z8s8vMx7whQ_1,andhra pradesh,7.0,geography,True,/home/dipshikha/Music/cao/CISLR_v1.5-a_videos/Z8s8vMx7whQ_1.mp4,test,True,25.0,75,300,300,3.0
Z90_kV0h1d8_1,re sale,6.0,banking,True,/home/dipshikha/Music/cao/CISLR_v1.5-a_videos/Z90_kV0h1d8_1.mp4,train,True,30.0,90,300,300,3.0
Z9fW5tpQOYY,lake,8.0,geography,True,/home/dipshikha/Music/cao/CISLR_v1.5-a_videos/Z9fW5tpQOYY.mp4,test,True,25.0,178,300,300,7.12
ZA9VMWZGtLw_1,socks,7.0,wearable,True,/home/dipshikha/Music/cao/CISLR_v1.5-a_videos/ZA9VMWZGtLw_1.mp4,test,True,25.0,75,300,300,3.0
ZAVbHxqvcZM,projector,4.0,instrument,True,/home/dipshikha/Music/cao/CISLR_v1.5-a_videos/ZAVbHxqvcZM.mp4,test,True,25.0,96,300,300,3.84
ZAXYZbQjJd8,official,3.0,legal,True,/home/dipshikha/Music/cao/CISLR_v1.5-a_videos/ZAXYZbQjJd8.mp4,test,True,25.0,74,300,300,2.96
ZBUU3_QSSZ0,ant,6.0,flora and fauna,True,/home/dipshikha/Music/cao/CISLR_v1.5-a_videos/ZBUU3_QSSZ0.mp4,test,True,30.0,154,300,300,5.133333333333334
ZBUU3_QSSZ0_1,ant,6.0,flora and fauna,True,/home/dipshikha/Music/cao/CISLR_v1.5-a_videos/ZBUU3_QSSZ0_1.mp4,test,True,30.0,75,300,300,2.5
ZD4iPTVebqg,flowering hedges,10.0,flora and fauna,True,/home/dipshikha/Music/cao/CISLR_v1.5-a_videos/ZD4iPTVebqg.mp4,train,True,25.0,229,300,300,9.16
ZE26UZXyMDs_1,laddu,5.0,foods and drinks,True,/home/dipshikha/Music/cao/CISLR_v1.5-a_videos/ZE26UZXyMDs_1.mp4,train,True,25.0,63,300,300,2.52
ZEGaQMAZwgE_2,vision,7.0,abstract,True,/home/dipshikha/Music/cao/CISLR_v1.5-a_videos/ZEGaQMAZwgE_2.mp4,test,True,30.0,78,300,300,2.6
ZEOITP9Urts,goat,6.0,flora and fauna,True,/home/dipshikha/Music/cao/CISLR_v1.5-a_videos/ZEOITP9Urts.mp4,test,True,25.0,138,300,300,5.52
ZES6f5bu19M,jantar mantar,5.0,geography,True,/home/dipshikha/Music/cao/CISLR_v1.5-a_videos/ZES6f5bu19M.mp4,train,True,25.0,121,300,300,4.84
ZGH9wRwlXSA_1,leg,9.0,biology,True,/home/dipshikha/Music/cao/CISLR_v1.5-a_videos/ZGH9wRwlXSA_1.mp4,train,True,30.0,120,300,300,4.0
ZGZMh2l-Kro_1,upper age limit,9.0,time,True,/home/dipshikha/Music/cao/CISLR_v1.5-a_videos/ZGZMh2l-Kro_1.mp4,train,True,30.0,120,300,300,4.0
ZH6w06bHVJs,center  back,10.0,spatial position,True,/home/dipshikha/Music/cao/CISLR_v1.5-a_videos/ZH6w06bHVJs.mp4,train,True,25.0,229,300,300,9.16
ZHBeAUvAWFw_1,gram,6.0,metric,True,/home/dipshikha/Music/cao/CISLR_v1.5-a_videos/ZHBeAUvAWFw_1.mp4,test,True,25.0,75,300,300,3.0
ZHn-DlqMC3c_1,deposit short,12.0,banking,True,/home/dipshikha/Music/cao/CISLR_v1.5-a_videos/ZHn-DlqMC3c_1.mp4,train,True,30.0,180,300,300,6.0
ZIKWlQUff9c,there,3.0,geography,True,/home/dipshikha/Music/cao/CISLR_v1.5-a_videos/ZIKWlQUff9c.mp4,test,True,25.0,69,300,300,2.76
ZKrESO7NJkw,electrical leakage,10.0,physics,True,/home/dipshikha/Music/cao/CISLR_v1.5-a_videos/ZKrESO7NJkw.mp4,train,True,25.0,244,300,300,9.76
ZLBwSYUFhqk,resign,4.0,action,True,/home/dipshikha/Music/cao/CISLR_v1.5-a_videos/ZLBwSYUFhqk.mp4,test,True,25.0,84,300,300,3.36
ZLMSgBfkRgc,lebanon,4.0,geography,True,/home/dipshikha/Music/cao/CISLR_v1.5-a_videos/ZLMSgBfkRgc.mp4,train,True,25.0,87,300,300,3.48
ZLj7E6Q5ZUg_1,year to year,9.0,comparator,True,/home/dipshikha/Music/cao/CISLR_v1.5-a_videos/ZLj7E6Q5ZUg_1.mp4,train,True,30.0,120,300,300,4.0
ZM0n1zjza48,trader,7.0,commerce,True,/home/dipshikha/Music/cao/CISLR_v1.5-a_videos/ZM0n1zjza48.mp4,train,True,25.0,168,300,300,6.72
ZM95iphl6eM,chile,3.0,geography,True,/home/dipshikha/Music/cao/CISLR_v1.5-a_videos/ZM95iphl6eM.mp4,train,True,25.0,62,300,300,2.48
ZQXv3lFCkp8_2,equation,8.0,math,True,/home/dipshikha/Music/cao/CISLR_v1.5-a_videos/ZQXv3lFCkp8_2.mp4,train,True,30.0,92,300,300,3.066666666666667
ZQzqGalXdEU_1,raddish,7.0,foods and drinks,True,/home/dipshikha/Music/cao/CISLR_v1.5-a_videos/ZQzqGalXdEU_1.mp4,train,True,25.0,75,300,300,3.0
ZRb_4bhHAus_1,lunacy,9.0,attribute,True,/home/dipshikha/Music/cao/CISLR_v1.5-a_videos/ZRb_4bhHAus_1.mp4,train,True,30.0,135,300,300,4.5
ZRmC8bZ5OgY_1,notification,8.0,legal,True,/home/dipshikha/Music/cao/CISLR_v1.5-a_videos/ZRmC8bZ5OgY_1.mp4,test,True,30.0,120,300,300,4.0
ZSOCalqaCTw_1,east,6.0,spatial position,True,/home/dipshikha/Music/cao/CISLR_v1.5-a_videos/ZSOCalqaCTw_1.mp4,test,True,25.0,63,300,300,2.52
ZT-CEOMhqAI_1,planet,8.0,astronomical,True,/home/dipshikha/Music/cao/CISLR_v1.5-a_videos/ZT-CEOMhqAI_1.mp4,train,True,25.0,100,300,300,4.0
ZT1KeYVFU3s,over,5.0,spatial position,True,/home/dipshikha/Music/cao/CISLR_v1.5-a_videos/ZT1KeYVFU3s.mp4,test,True,25.0,119,300,300,4.76
ZTdHkUXOcHU_2,visible ray,8.0,physics,True,/home/dipshikha/Music/cao/CISLR_v1.5-a_videos/ZTdHkUXOcHU_2.mp4,train,True,30.0,95,300,300,3.1666666666666665
ZThUGVQhL08,umbrella,5.0,utility item,True,/home/dipshikha/Music/cao/CISLR_v1.5-a_videos/ZThUGVQhL08.mp4,test,True,25.0,106,300,300,4.24
ZTyOfVeFBgA_2,sotar,8.0,astronomical,True,/home/dipshikha/Music/cao/CISLR_v1.5-a_videos/ZTyOfVeFBgA_2.mp4,train,True,30.0,109,300,300,3.633333333333333
ZU74gADGVD4,practice,5.0,action,True,/home/dipshikha/Music/cao/CISLR_v1.5-a_videos/ZU74gADGVD4.mp4,train,True,25.0,107,300,300,4.28
ZUL1-j2VL6w,technician,4.0,profession,True,/home/dipshikha/Music/cao/CISLR_v1.5-a_videos/ZUL1-j2VL6w.mp4,train,True,25.0,86,300,300,3.44
ZW9M04OzRVU_1,owl,7.0,flora and fauna,True,/home/dipshikha/Music/cao/CISLR_v1.5-a_videos/ZW9M04OzRVU_1.mp4,test,True,30.0,90,300,300,3.0
ZWdAqWE-J3k,polite,5.0,attribute,True,/home/dipshikha/Music/cao/CISLR_v1.5-a_videos/ZWdAqWE-J3k.mp4,train,True,25.0,120,300,300,4.8
ZY-WTPLbMZc,yourself,3.0,abstract,True,/home/dipshikha/Music/cao/CISLR_v1.5-a_videos/ZY-WTPLbMZc.mp4,test,True,25.0,72,300,300,2.88
ZYzl-LchceU_1,lucknow,5.0,geography,True,/home/dipshikha/Music/cao/CISLR_v1.5-a_videos/ZYzl-LchceU_1.mp4,train,True,25.0,63,300,300,2.52
ZZAKxP9xMSE_1,plastic,8.0,miscellaneous object,True,/home/dipshikha/Music/cao/CISLR_v1.5-a_videos/ZZAKxP9xMSE_1.mp4,test,True,30.0,105,300,300,3.5
ZZtr21utYZU,cartidge,15.0,utility item,True,/home/dipshikha/Music/cao/CISLR_v1.5-a_videos/ZZtr21utYZU.mp4,train,True,25.0,361,300,300,14.44
Z_LPvE-ICAw_1,near,6.0,spatial position,True,/home/dipshikha/Music/cao/CISLR_v1.5-a_videos/Z_LPvE-ICAw_1.mp4,train,True,25.0,63,300,300,2.52
Z_M-x3Xb-7c_1,enemy,9.0,relation,True,/home/dipshikha/Music/cao/CISLR_v1.5-a_videos/Z_M-x3Xb-7c_1.mp4,test,True,30.0,135,300,300,4.5
Z_aF7Dndg5o,wrestling,4.0,sport,True,/home/dipshikha/Music/cao/CISLR_v1.5-a_videos/Z_aF7Dndg5o.mp4,test,True,25.0,83,300,300,3.32
Za7gQoC8eaA_1,hospital,6.0,construction,True,/home/dipshikha/Music/cao/CISLR_v1.5-a_videos/Za7gQoC8eaA_1.mp4,train,True,25.0,63,300,300,2.52
ZaBfhzfL_II,long jump,4.0,sport,True,/home/dipshikha/Music/cao/CISLR_v1.5-a_videos/ZaBfhzfL_II.mp4,train,True,25.0,75,300,300,3.0
ZaNS5RUpBAM_1,jain,5.0,religious,True,/home/dipshikha/Music/cao/CISLR_v1.5-a_videos/ZaNS5RUpBAM_1.mp4,train,True,25.0,63,300,300,2.52
ZanVx78hi-g_1,water,8.0,substance,True,/home/dipshikha/Music/cao/CISLR_v1.5-a_videos/ZanVx78hi-g_1.mp4,test,True,25.0,88,300,300,3.52
Zb_TG66NcQM,libya,4.0,geography,True,/home/dipshikha/Music/cao/CISLR_v1.5-a_videos/Zb_TG66NcQM.mp4,train,True,25.0,77,300,300,3.08
Zbzwv7UaDLE_1,cholera,6.0,medical,True,/home/dipshikha/Music/cao/CISLR_v1.5-a_videos/Zbzwv7UaDLE_1.mp4,test,True,30.0,75,300,300,2.5
Zc9o_U0ilpU,discount,6.0,banking,True,/home/dipshikha/Music/cao/CISLR_v1.5-a_videos/Zc9o_U0ilpU.mp4,train,True,25.0,139,300,300,5.56
ZcKsHron__8,graders,10.0,education,True,/home/dipshikha/Music/cao/CISLR_v1.5-a_videos/ZcKsHron__8.mp4,train,True,25.0,231,300,300,9.24
ZcVzjZeVwj0,lock,4.0,machine,True,/home/dipshikha/Music/cao/CISLR_v1.5-a_videos/ZcVzjZeVwj0.mp4,test,True,25.0,95,300,300,3.8
ZcxtRrRVHFE,request,4.0,action,True,/home/dipshikha/Music/cao/CISLR_v1.5-a_videos/ZcxtRrRVHFE.mp4,train,True,25.0,85,300,300,3.4
ZePqDGIfLng_1,goat,6.0,flora and fauna,True,/home/dipshikha/Music/cao/CISLR_v1.5-a_videos/ZePqDGIfLng_1.mp4,test,True,30.0,90,300,300,3.0
ZfEb14w8ZMk_1,housefly,6.0,flora and fauna,True,/home/dipshikha/Music/cao/CISLR_v1.5-a_videos/ZfEb14w8ZMk_1.mp4,test,True,30.0,75,300,300,2.5
ZfvUujCbJR0,motorola,5.0,organisation,True,/home/dipshikha/Music/cao/CISLR_v1.5-a_videos/ZfvUujCbJR0.mp4,train,True,25.0,108,300,300,4.32
Zgmvl6IgXuY,amazon,4.0,organisation,True,/home/dipshikha/Music/cao/CISLR_v1.5-a_videos/Zgmvl6IgXuY.mp4,test,True,25.0,78,300,300,3.12
Zgt1aed1imY,buddhism,4.0,religious,True,/home/dipshikha/Music/cao/CISLR_v1.5-a_videos/Zgt1aed1imY.mp4,train,True,25.0,92,300,300,3.68
ZhM0Ej44-3A_1,poision,6.0,medical,True,/home/dipshikha/Music/cao/CISLR_v1.5-a_videos/ZhM0Ej44-3A_1.mp4,test,True,30.0,75,300,300,2.5
ZhZN3BiLEqg_1,student,7.0,profession,True,/home/dipshikha/Music/cao/CISLR_v1.5-a_videos/ZhZN3BiLEqg_1.mp4,test,True,25.0,75,300,300,3.0
Zj_vIX40c4U,internet,8.0,internet,True,/home/dipshikha/Music/cao/CISLR_v1.5-a_videos/Zj_vIX40c4U.mp4,train,True,25.0,176,300,300,7.04
ZjgpWHd9cyc_1,blue,9.0,quality,True,/home/dipshikha/Music/cao/CISLR_v1.5-a_videos/ZjgpWHd9cyc_1.mp4,test,True,30.0,120,300,300,4.0
ZkswCQRgxvQ_1,tongue,6.0,biology,True,/home/dipshikha/Music/cao/CISLR_v1.5-a_videos/ZkswCQRgxvQ_1.mp4,train,True,30.0,90,300,300,3.0
ZlECIvK4NRU,name,4.0,language,True,/home/dipshikha/Music/cao/CISLR_v1.5-a_videos/ZlECIvK4NRU.mp4,test,True,25.0,85,300,300,3.4
ZlEsSpNpRWc_1,tiger,5.0,flora and fauna,True,/home/dipshikha/Music/cao/CISLR_v1.5-a_videos/ZlEsSpNpRWc_1.mp4,train,True,30.0,60,300,300,2.0
ZlHosNYMQwE,christianity,4.0,religious,True,/home/dipshikha/Music/cao/CISLR_v1.5-a_videos/ZlHosNYMQwE.mp4,train,True,25.0,90,300,300,3.6
ZmPkrJiAoGU,shock,4.0,behavior,True,/home/dipshikha/Music/cao/CISLR_v1.5-a_videos/ZmPkrJiAoGU.mp4,test,True,25.0,76,300,300,3.04
ZmQb16XR9Uk,themselves,4.0,relation,True,/home/dipshikha/Music/cao/CISLR_v1.5-a_videos/ZmQb16XR9Uk.mp4,test,True,25.0,94,300,300,3.76
ZmwQgw19ceU,lime paste,7.0,substance,True,/home/dipshikha/Music/cao/CISLR_v1.5-a_videos/ZmwQgw19ceU.mp4,train,True,25.0,168,300,300,6.72
Zn0fVlU7o9Y_1,note,6.0,banking,True,/home/dipshikha/Music/cao/CISLR_v1.5-a_videos/Zn0fVlU7o9Y_1.mp4,train,True,25.0,75,300,300,3.0
ZolqmXUbwIw_1,kangaroo,6.0,flora and fauna,True,/home/dipshikha/Music/cao/CISLR_v1.5-a_videos/ZolqmXUbwIw_1.mp4,test,True,30.0,90,300,300,3.0
Zr3LQ0FwcUM,victory,4.0,event,True,/home/dipshikha/Music/cao/CISLR_v1.5-a_videos/Zr3LQ0FwcUM.mp4,train,True,25.0,77,300,300,3.08
ZrPL-xKnDfk,degree,6.0,education,True,/home/dipshikha/Music/cao/CISLR_v1.5-a_videos/ZrPL-xKnDfk.mp4,test,True,25.0,148,300,300,5.92
ZrRMVnEBilo_1,magnet,8.0,physics,True,/home/dipshikha/Music/cao/CISLR_v1.5-a_videos/ZrRMVnEBilo_1.mp4,test,True,30.0,105,300,300,3.5
Zrcq4sIJPH0_1,transaction,9.0,commerce,True,/home/dipshikha/Music/cao/CISLR_v1.5-a_videos/Zrcq4sIJPH0_1.mp4,train,True,30.0,120,300,300,4.0
ZrzSxs277R8,bronchial tumors,10.0,medical,True,/home/dipshikha/Music/cao/CISLR_v1.5-a_videos/ZrzSxs277R8.mp4,train,True,25.0,239,300,300,9.56
Zs0aCR0psKg_1,maximum,7.0,quantity,True,/home/dipshikha/Music/cao/CISLR_v1.5-a_videos/Zs0aCR0psKg_1.mp4,test,True,30.0,105,300,300,3.5
ZsQKzWzog3w,cylinder,5.0,utility item,True,/home/dipshikha/Music/cao/CISLR_v1.5-a_videos/ZsQKzWzog3w.mp4,test,True,25.0,121,300,300,4.84
ZsQM3Ip3WP4,oneplus mobile,4.0,electronic and electrical,True,/home/dipshikha/Music/cao/CISLR_v1.5-a_videos/ZsQM3Ip3WP4.mp4,train,True,25.0,97,300,300,3.88
ZtAKgVo5KFQ_2,property tax,6.0,banking,True,/home/dipshikha/Music/cao/CISLR_v1.5-a_videos/ZtAKgVo5KFQ_2.mp4,train,True,30.0,93,300,300,3.1
ZuEwvrlmnyw_1,thursday,6.0,time,True,/home/dipshikha/Music/cao/CISLR_v1.5-a_videos/ZuEwvrlmnyw_1.mp4,test,True,30.0,75,300,300,2.5
ZuMVWIDZEQI_1,incentive,9.0,legal,True,/home/dipshikha/Music/cao/CISLR_v1.5-a_videos/ZuMVWIDZEQI_1.mp4,train,True,30.0,120,300,300,4.0
ZuVsJQ_IKxc_1,balance outstanding,11.0,banking,True,/home/dipshikha/Music/cao/CISLR_v1.5-a_videos/ZuVsJQ_IKxc_1.mp4,train,True,30.0,150,300,300,5.0
ZwVF0XfVD7I,bath,5.0,action,True,/home/dipshikha/Music/cao/CISLR_v1.5-a_videos/ZwVF0XfVD7I.mp4,test,True,25.0,101,300,300,4.04
ZxL9a3whvvo,tubelight,5.0,electronic and electrical,True,/home/dipshikha/Music/cao/CISLR_v1.5-a_videos/ZxL9a3whvvo.mp4,test,True,25.0,105,300,300,4.2
ZytQJwYWKuM_1,africa,7.0,geography,True,/home/dipshikha/Music/cao/CISLR_v1.5-a_videos/ZytQJwYWKuM_1.mp4,test,True,25.0,88,300,300,3.52
ZzvSRtMXoSA_1,garlic,7.0,foods and drinks,True,/home/dipshikha/Music/cao/CISLR_v1.5-a_videos/ZzvSRtMXoSA_1.mp4,test,True,25.0,75,300,300,3.0
_-U30DSj-t0_2,plane,9.0,math,True,/home/dipshikha/Music/cao/CISLR_v1.5-a_videos/_-U30DSj-t0_2.mp4,train,True,30.0,96,300,300,3.2
_16L9IQXOm8_1,around,6.0,spatial position,True,/home/dipshikha/Music/cao/CISLR_v1.5-a_videos/_16L9IQXOm8_1.mp4,train,True,25.0,63,300,300,2.52
_1V-RYndk_o_1,bark,6.0,action,True,/home/dipshikha/Music/cao/CISLR_v1.5-a_videos/_1V-RYndk_o_1.mp4,test,True,30.0,75,300,300,2.5
_1vtXVjFtg0_1,brittle,7.0,attribute,True,/home/dipshikha/Music/cao/CISLR_v1.5-a_videos/_1vtXVjFtg0_1.mp4,train,True,25.0,75,300,300,3.0
_2S9CpnbPLk_1,volcano,7.0,geography,True,/home/dipshikha/Music/cao/CISLR_v1.5-a_videos/_2S9CpnbPLk_1.mp4,test,True,25.0,88,300,300,3.52
_2TlWc7fctg,donald duck,5.0,entertainment,True,/home/dipshikha/Music/cao/CISLR_v1.5-a_videos/_2TlWc7fctg.mp4,train,True,25.0,101,300,300,4.04
_45PKVEtIUE_1,clown,6.0,entertainment,True,/home/dipshikha/Music/cao/CISLR_v1.5-a_videos/_45PKVEtIUE_1.mp4,test,True,25.0,75,300,300,3.0
_4oE2cTO6V4,blind stitch,14.0,wearable,True,/home/dipshikha/Music/cao/CISLR_v1.5-a_videos/_4oE2cTO6V4.mp4,train,True,25.0,330,300,300,13.2
_5-p1Ci-LQI,norway,4.0,geography,True,/home/dipshikha/Music/cao/CISLR_v1.5-a_videos/_5-p1Ci-LQI.mp4,train,True,25.0,82,300,300,3.28
_5ISkq46e4U,volkswagen,5.0,organisation,True,/home/dipshikha/Music/cao/CISLR_v1.5-a_videos/_5ISkq46e4U.mp4,test,True,25.0,108,300,300,4.32
_5yHq8UYB-8_1,throat,7.0,biology,True,/home/dipshikha/Music/cao/CISLR_v1.5-a_videos/_5yHq8UYB-8_1.mp4,test,True,29.916666666666668,90,300,300,3.0083565459610027
_7E0eolOh4c,elevator,4.0,construction,True,/home/dipshikha/Music/cao/CISLR_v1.5-a_videos/_7E0eolOh4c.mp4,train,True,25.0,79,300,300,3.16
_7G2Uzs6TTE_1,prescription,7.0,medical,True,/home/dipshikha/Music/cao/CISLR_v1.5-a_videos/_7G2Uzs6TTE_1.mp4,train,True,25.0,75,300,300,3.0
_8BciHWrpOA,genuine,4.0,attribute,True,/home/dipshikha/Music/cao/CISLR_v1.5-a_videos/_8BciHWrpOA.mp4,train,True,25.0,91,300,300,3.64
_8bxz4NREvk,prime location,12.0,spatial position,True,/home/dipshikha/Music/cao/CISLR_v1.5-a_videos/_8bxz4NREvk.mp4,train,True,24.0,265,300,300,11.041666666666666
_9JUz_eRGKk_1,arrears,10.0,commerce,True,/home/dipshikha/Music/cao/CISLR_v1.5-a_videos/_9JUz_eRGKk_1.mp4,train,True,30.0,135,300,300,4.5
_9fyR8lD1Uo_2,zero correction,9.0,quantity,True,/home/dipshikha/Music/cao/CISLR_v1.5-a_videos/_9fyR8lD1Uo_2.mp4,train,True,30.0,107,300,300,3.566666666666667
_BPtLQumNF4_1,radio,7.0,electronic and electrical,True,/home/dipshikha/Music/cao/CISLR_v1.5-a_videos/_BPtLQumNF4_1.mp4,test,True,25.0,75,300,300,3.0
_C-VYAN3NP0_1,sly,7.0,attribute,True,/home/dipshikha/Music/cao/CISLR_v1.5-a_videos/_C-VYAN3NP0_1.mp4,test,True,30.0,90,300,300,3.0
_CKSfuSN8qY,test,5.0,education,True,/home/dipshikha/Music/cao/CISLR_v1.5-a_videos/_CKSfuSN8qY.mp4,train,True,24.0,95,300,300,3.9583333333333335
_DzQr-7t3Wo,why,8.0,abstract,True,/home/dipshikha/Music/cao/CISLR_v1.5-a_videos/_DzQr-7t3Wo.mp4,test,True,25.0,178,300,300,7.12
_Dzn4G-zY6Y,opuntia,12.0,biology,True,/home/dipshikha/Music/cao/CISLR_v1.5-a_videos/_Dzn4G-zY6Y.mp4,train,True,25.0,284,300,300,11.36
_FpLmutBgNQ_2,curvature,10.0,physics,True,/home/dipshikha/Music/cao/CISLR_v1.5-a_videos/_FpLmutBgNQ_2.mp4,train,True,29.916666666666668,117,300,300,3.910863509749304
_GG3jvZWj_4,chikoo,4.0,foods and drinks,True,/home/dipshikha/Music/cao/CISLR_v1.5-a_videos/_GG3jvZWj_4.mp4,train,True,25.0,92,300,300,3.68
_HPV8-2Xdx8,distance learning,6.0,education,True,/home/dipshikha/Music/cao/CISLR_v1.5-a_videos/_HPV8-2Xdx8.mp4,train,True,25.0,139,300,300,5.56
_I7a-SaQTbQ_1,wound,8.0,medical,True,/home/dipshikha/Music/cao/CISLR_v1.5-a_videos/_I7a-SaQTbQ_1.mp4,test,True,30.0,120,300,300,4.0
_J3ub2IKdWM,clauses,14.0,language,True,/home/dipshikha/Music/cao/CISLR_v1.5-a_videos/_J3ub2IKdWM.mp4,train,True,25.0,347,300,300,13.88
_JhAFFdTuQk,time table,5.0,time,True,/home/dipshikha/Music/cao/CISLR_v1.5-a_videos/_JhAFFdTuQk.mp4,train,True,25.0,102,300,300,4.08
_K6fZSaEvfY,idbi bank,6.0,organisation,True,/home/dipshikha/Music/cao/CISLR_v1.5-a_videos/_K6fZSaEvfY.mp4,train,True,24.0,138,300,300,5.75
_KD_lxiKv6o_1,overleaf,9.0,abstract,True,/home/dipshikha/Music/cao/CISLR_v1.5-a_videos/_KD_lxiKv6o_1.mp4,train,True,30.0,120,300,300,4.0
_KNZJg6KmXo_1,sharpener,5.0,utility item,True,/home/dipshikha/Music/cao/CISLR_v1.5-a_videos/_KNZJg6KmXo_1.mp4,train,True,25.0,63,300,300,2.52
_MQLjVv71vA_2,convex,12.0,physics,True,/home/dipshikha/Music/cao/CISLR_v1.5-a_videos/_MQLjVv71vA_2.mp4,train,True,30.0,156,300,300,5.2
_MfSh3vAg-8_1,trunk,6.0,biology,True,/home/dipshikha/Music/cao/CISLR_v1.5-a_videos/_MfSh3vAg-8_1.mp4,test,True,30.0,90,300,300,3.0
_NCg6SOF43E,august,5.0,time,True,/home/dipshikha/Music/cao/CISLR_v1.5-a_videos/_NCg6SOF43E.mp4,test,True,25.0,116,300,300,4.64
_NQG94L6Ook,some,4.0,quantity,True,/home/dipshikha/Music/cao/CISLR_v1.5-a_videos/_NQG94L6Ook.mp4,train,True,25.0,85,300,300,3.4
_O0kLRn736A_1,belt,6.0,wearable,True,/home/dipshikha/Music/cao/CISLR_v1.5-a_videos/_O0kLRn736A_1.mp4,test,True,25.0,75,300,300,3.0
_OCCVPF3icI,buffalo,4.0,flora and fauna,True,/home/dipshikha/Music/cao/CISLR_v1.5-a_videos/_OCCVPF3icI.mp4,test,True,25.0,96,300,300,3.84
_OVPsuqM4WA,axe,4.0,instrument,True,/home/dipshikha/Music/cao/CISLR_v1.5-a_videos/_OVPsuqM4WA.mp4,test,True,25.0,85,300,300,3.4
_P4bfLS4TnU,influenza flu,10.0,biology,True,/home/dipshikha/Music/cao/CISLR_v1.5-a_videos/_P4bfLS4TnU.mp4,train,True,25.0,244,300,300,9.76
_PagRKs0NVw_1,cosmetics,7.0,substance,True,/home/dipshikha/Music/cao/CISLR_v1.5-a_videos/_PagRKs0NVw_1.mp4,test,True,25.0,88,300,300,3.52
_QKUHg7BOt0_1,model,7.0,behavior,True,/home/dipshikha/Music/cao/CISLR_v1.5-a_videos/_QKUHg7BOt0_1.mp4,train,True,25.0,75,300,300,3.0
_QuzEYjeK5o_1,task force,9.0,legal,True,/home/dipshikha/Music/cao/CISLR_v1.5-a_videos/_QuzEYjeK5o_1.mp4,train,True,30.0,120,300,300,4.0
_RUSSzoAwkI_1,grind,6.0,process,True,/home/dipshikha/Music/cao/CISLR_v1.5-a_videos/_RUSSzoAwkI_1.mp4,train,True,25.0,63,300,300,2.52
_SL5nKedSfM,defraud,5.0,banking,True,/home/dipshikha/Music/cao/CISLR_v1.5-a_videos/_SL5nKedSfM.mp4,train,True,24.0,99,300,300,4.125
_UPbbNrJVTI,outer shell,13.0,substance,True,/home/dipshikha/Music/cao/CISLR_v1.5-a_videos/_UPbbNrJVTI.mp4,train,True,24.0,299,300,300,12.458333333333334
_VEDOuAOkwY_1,sweater,7.0,wearable,True,/home/dipshikha/Music/cao/CISLR_v1.5-a_videos/_VEDOuAOkwY_1.mp4,test,True,25.0,88,300,300,3.52
_VfAEWS3NIs_1,nose,8.0,biology,True,/home/dipshikha/Music/cao/CISLR_v1.5-a_videos/_VfAEWS3NIs_1.mp4,test,True,30.0,105,300,300,3.5
_VoVLROfTak_1,cash certificates,10.0,banking,True,/home/dipshikha/Music/cao/CISLR_v1.5-a_videos/_VoVLROfTak_1.mp4,train,True,30.0,135,300,300,4.5
_WJFCAKQNOk_2,particular,12.0,attribute,True,/home/dipshikha/Music/cao/CISLR_v1.5-a_videos/_WJFCAKQNOk_2.mp4,train,True,30.0,162,300,300,5.4
_XNGzuCEq_k_1,certificate,7.0,readable,True,/home/dipshikha/Music/cao/CISLR_v1.5-a_videos/_XNGzuCEq_k_1.mp4,test,True,25.0,75,300,300,3.0
_YZmHbnrcmM_2,air pollution,12.0,chemistry,True,/home/dipshikha/Music/cao/CISLR_v1.5-a_videos/_YZmHbnrcmM_2.mp4,test,True,30.0,146,300,300,4.866666666666666
_ZQRTRss6sY,parliament,4.0,legal,True,/home/dipshikha/Music/cao/CISLR_v1.5-a_videos/_ZQRTRss6sY.mp4,test,True,25.0,92,300,300,3.68
_Zk6T8osdEc,xylophone,5.0,sound,True,/home/dipshikha/Music/cao/CISLR_v1.5-a_videos/_Zk6T8osdEc.mp4,train,True,25.0,115,300,300,4.6
_Zqd_PC4zYs,order,4.0,action,True,/home/dipshikha/Music/cao/CISLR_v1.5-a_videos/_Zqd_PC4zYs.mp4,test,True,25.0,92,300,300,3.68
__Rz2PaTB1c,malayalam,5.0,language,True,/home/dipshikha/Music/cao/CISLR_v1.5-a_videos/__Rz2PaTB1c.mp4,train,True,25.0,110,300,300,4.4
__cUle3-80c_2,copper wire,10.0,metal and minerals,True,/home/dipshikha/Music/cao/CISLR_v1.5-a_videos/__cUle3-80c_2.mp4,train,True,30.0,98,300,300,3.2666666666666666
_a81r3Cftzk,can,3.0,attribute,True,/home/dipshikha/Music/cao/CISLR_v1.5-a_videos/_a81r3Cftzk.mp4,test,True,25.0,71,300,300,2.84
_buJuYv17y0_1,cupboard,9.0,utility item,True,/home/dipshikha/Music/cao/CISLR_v1.5-a_videos/_buJuYv17y0_1.mp4,test,True,30.0,120,300,300,4.0
_deTkHwvwhc,best,4.0,quality,True,/home/dipshikha/Music/cao/CISLR_v1.5-a_videos/_deTkHwvwhc.mp4,test,True,25.0,85,300,300,3.4
_eYKufKYrnM,lumberjack,11.0,profession,True,/home/dipshikha/Music/cao/CISLR_v1.5-a_videos/_eYKufKYrnM.mp4,train,True,25.0,252,300,300,10.08
_erfAmrdyIM,take a photo,6.0,action,True,/home/dipshikha/Music/cao/CISLR_v1.5-a_videos/_erfAmrdyIM.mp4,train,True,25.0,135,300,300,5.4
_g40sO4Upvg,iraq,4.0,geography,True,/home/dipshikha/Music/cao/CISLR_v1.5-a_videos/_g40sO4Upvg.mp4,train,True,25.0,77,300,300,3.08
_g4EWTEciww,milling cutter concave,8.0,instrument,True,/home/dipshikha/Music/cao/CISLR_v1.5-a_videos/_g4EWTEciww.mp4,train,True,25.0,192,300,300,7.68
_gSbFjpWY5c_1,serve,6.0,action,True,/home/dipshikha/Music/cao/CISLR_v1.5-a_videos/_gSbFjpWY5c_1.mp4,train,True,25.0,63,300,300,2.52
_gdCYZeEcTY,in the middle,5.0,spatial position,True,/home/dipshikha/Music/cao/CISLR_v1.5-a_videos/_gdCYZeEcTY.mp4,train,True,25.0,123,300,300,4.92
_guaVXmbJsE,bell sleeve,8.0,wearable,True,/home/dipshikha/Music/cao/CISLR_v1.5-a_videos/_guaVXmbJsE.mp4,train,True,25.0,200,300,300,8.0
_hrzFsvu4iI_2,plane convex lens,10.0,physics,True,/home/dipshikha/Music/cao/CISLR_v1.5-a_videos/_hrzFsvu4iI_2.mp4,train,True,30.0,120,300,300,4.0
_idIz52QU2Y_1,country,7.0,geography,True,/home/dipshikha/Music/cao/CISLR_v1.5-a_videos/_idIz52QU2Y_1.mp4,test,True,25.0,75,300,300,3.0
_jbbOFSVFyY,basil,6.0,flora and fauna,True,/home/dipshikha/Music/cao/CISLR_v1.5-a_videos/_jbbOFSVFyY.mp4,train,True,25.0,144,300,300,5.76
_k5G74jDhCE_1,present,7.0,time,True,/home/dipshikha/Music/cao/CISLR_v1.5-a_videos/_k5G74jDhCE_1.mp4,test,True,25.0,75,300,300,3.0
_kI81r19zgI_1,hindu,6.0,religious,True,/home/dipshikha/Music/cao/CISLR_v1.5-a_videos/_kI81r19zgI_1.mp4,test,True,25.0,63,300,300,2.52
_l5aWVYPWik_1,stock book,10.0,banking,True,/home/dipshikha/Music/cao/CISLR_v1.5-a_videos/_l5aWVYPWik_1.mp4,train,True,30.0,165,300,300,5.5
_lArEvKP43c,original,4.0,attribute,True,/home/dipshikha/Music/cao/CISLR_v1.5-a_videos/_lArEvKP43c.mp4,test,True,25.0,88,300,300,3.52
_lF0BZafFlw,belgium,3.0,geography,True,/home/dipshikha/Music/cao/CISLR_v1.5-a_videos/_lF0BZafFlw.mp4,train,True,25.0,67,300,300,2.68
_mAt07ZKGeg,kolkata calcutta,5.0,geography,True,/home/dipshikha/Music/cao/CISLR_v1.5-a_videos/_mAt07ZKGeg.mp4,train,True,25.0,108,300,300,4.32
_mRzTYgtxCU_1,quantity,7.0,quantity,True,/home/dipshikha/Music/cao/CISLR_v1.5-a_videos/_mRzTYgtxCU_1.mp4,test,True,30.0,90,300,300,3.0
_mmkfKN0-dg,chipping,4.0,process,True,/home/dipshikha/Music/cao/CISLR_v1.5-a_videos/_mmkfKN0-dg.mp4,train,True,25.0,88,300,300,3.52
_n7v_yu-uiY_1,rotten,7.0,attribute,True,/home/dipshikha/Music/cao/CISLR_v1.5-a_videos/_n7v_yu-uiY_1.mp4,train,True,25.0,75,300,300,3.0
_ok_Ke5qnV8_2,temperature,8.0,weather,True,/home/dipshikha/Music/cao/CISLR_v1.5-a_videos/_ok_Ke5qnV8_2.mp4,test,True,30.0,96,300,300,3.2
_otCOj9YmMs,drunk driving law,10.0,legal,True,/home/dipshikha/Music/cao/CISLR_v1.5-a_videos/_otCOj9YmMs.mp4,train,True,25.0,236,300,300,9.44
_p5nn1S8iRE_1,blouse,7.0,wearable,True,/home/dipshikha/Music/cao/CISLR_v1.5-a_videos/_p5nn1S8iRE_1.mp4,test,True,25.0,75,300,300,3.0
_pDr9N-HtgQ_1,monthly return,10.0,banking,True,/home/dipshikha/Music/cao/CISLR_v1.5-a_videos/_pDr9N-HtgQ_1.mp4,train,True,30.0,135,300,300,4.5
_prgaw9obbQ,wash,4.0,action,True,/home/dipshikha/Music/cao/CISLR_v1.5-a_videos/_prgaw9obbQ.mp4,test,True,25.0,83,300,300,3.32
_pzmJOER_y8,ooty,7.0,geography,True,/home/dipshikha/Music/cao/CISLR_v1.5-a_videos/_pzmJOER_y8.mp4,test,True,25.0,168,300,300,6.72
_qABLoRjm18_1,survey,10.0,process,True,/home/dipshikha/Music/cao/CISLR_v1.5-a_videos/_qABLoRjm18_1.mp4,train,True,30.0,135,300,300,4.5
_qWORH98SLc,person,3.0,human,True,/home/dipshikha/Music/cao/CISLR_v1.5-a_videos/_qWORH98SLc.mp4,test,True,25.0,59,300,300,2.36
_rEVVtT1I44,she,4.0,abstract,True,/home/dipshikha/Music/cao/CISLR_v1.5-a_videos/_rEVVtT1I44.mp4,test,True,25.0,81,300,300,3.24
_rHStCQCPno,wedding,3.0,event,True,/home/dipshikha/Music/cao/CISLR_v1.5-a_videos/_rHStCQCPno.mp4,test,True,25.0,71,300,300,2.84
_rguUTHtPkg,next,3.0,time,True,/home/dipshikha/Music/cao/CISLR_v1.5-a_videos/_rguUTHtPkg.mp4,test,True,25.0,57,300,300,2.28
_sBMoMv15aQ_1,mortgage,10.0,banking,True,/home/dipshikha/Music/cao/CISLR_v1.5-a_videos/_sBMoMv15aQ_1.mp4,train,True,30.0,150,300,300,5.0
_sL5FydI-Is,slow,4.0,attribute,True,/home/dipshikha/Music/cao/CISLR_v1.5-a_videos/_sL5FydI-Is.mp4,test,True,25.0,96,300,300,3.84
_tx2iiQNlZs,earthquake,4.0,event,True,/home/dipshikha/Music/cao/CISLR_v1.5-a_videos/_tx2iiQNlZs.mp4,test,True,25.0,89,300,300,3.56
_u5BpyWgd2k,promote,5.0,action,True,/home/dipshikha/Music/cao/CISLR_v1.5-a_videos/_u5BpyWgd2k.mp4,test,True,25.0,125,300,300,5.0
_uvEsXwbAKw_2,biomass,8.0,biology,True,/home/dipshikha/Music/cao/CISLR_v1.5-a_videos/_uvEsXwbAKw_2.mp4,train,True,30.0,86,300,300,2.8666666666666667
_v0ZCfpOs8c,crops,15.0,flora and fauna,True,/home/dipshikha/Music/cao/CISLR_v1.5-a_videos/_v0ZCfpOs8c.mp4,train,True,25.0,355,300,300,14.2
_vlN9I_YSG8,united nations convention on the rights of persons with disabilities uncrpd,4.0,organisation,True,/home/dipshikha/Music/cao/CISLR_v1.5-a_videos/_vlN9I_YSG8.mp4,train,True,25.0,98,300,300,3.92
_vpJKqAQ_u8_2,geyser,11.0,machine,True,/home/dipshikha/Music/cao/CISLR_v1.5-a_videos/_vpJKqAQ_u8_2.mp4,train,True,30.0,136,300,300,4.533333333333333
_wR2epuH6m8_1,reconciliation,6.0,relation,True,/home/dipshikha/Music/cao/CISLR_v1.5-a_videos/_wR2epuH6m8_1.mp4,train,True,30.0,90,300,300,3.0
_yuawBKn9O0_1,february,6.0,time,True,/home/dipshikha/Music/cao/CISLR_v1.5-a_videos/_yuawBKn9O0_1.mp4,train,True,30.0,75,300,300,2.5
_z-Ry3er2_k,blood,5.0,biology,True,/home/dipshikha/Music/cao/CISLR_v1.5-a_videos/_z-Ry3er2_k.mp4,test,True,25.0,118,300,300,4.72
_zIhoXYpQfQ,folder,11.0,utility item,True,/home/dipshikha/Music/cao/CISLR_v1.5-a_videos/_zIhoXYpQfQ.mp4,train,True,25.0,264,300,300,10.56
a1Nj8ScIhho,rani of jhansi,4.0,human,True,/home/dipshikha/Music/cao/CISLR_v1.5-a_videos/a1Nj8ScIhho.mp4,train,True,25.0,98,300,300,3.92
a1T4s6FhcSE,clear,5.0,attribute,True,/home/dipshikha/Music/cao/CISLR_v1.5-a_videos/a1T4s6FhcSE.mp4,test,True,25.0,108,300,300,4.32
a1Zz3eyS0yE_1,start,6.0,stage,True,/home/dipshikha/Music/cao/CISLR_v1.5-a_videos/a1Zz3eyS0yE_1.mp4,test,True,25.0,63,300,300,2.52
a2YWHdD5gKk_1,big,6.0,attribute,True,/home/dipshikha/Music/cao/CISLR_v1.5-a_videos/a2YWHdD5gKk_1.mp4,test,True,25.0,63,300,300,2.52
a3ZwnyHdlGI,cage,6.0,construction,True,/home/dipshikha/Music/cao/CISLR_v1.5-a_videos/a3ZwnyHdlGI.mp4,train,True,25.0,128,300,300,5.12
a3qDF39okh0,citrus vulgaris,13.0,foods and drinks,True,/home/dipshikha/Music/cao/CISLR_v1.5-a_videos/a3qDF39okh0.mp4,train,True,24.0,295,300,300,12.291666666666666
a4PC3Klb_OA_1,jalpur,6.0,geography,True,/home/dipshikha/Music/cao/CISLR_v1.5-a_videos/a4PC3Klb_OA_1.mp4,train,True,25.0,63,300,300,2.52
a5kEZgbaT7w,i understand,5.0,action,True,/home/dipshikha/Music/cao/CISLR_v1.5-a_videos/a5kEZgbaT7w.mp4,train,True,25.0,103,300,300,4.12
a6CyJGTNsG8,duronto express,5.0,transport,True,/home/dipshikha/Music/cao/CISLR_v1.5-a_videos/a6CyJGTNsG8.mp4,train,True,25.0,120,300,300,4.8
a7LNu3_mPAo,sarong skirt,8.0,wearable,True,/home/dipshikha/Music/cao/CISLR_v1.5-a_videos/a7LNu3_mPAo.mp4,train,True,25.0,181,300,300,7.24
a7gXYwtf0aM,rainbow,6.0,weather,True,/home/dipshikha/Music/cao/CISLR_v1.5-a_videos/a7gXYwtf0aM.mp4,test,True,25.0,142,300,300,5.68
a7hNqWODhnU,fingerprints,12.0,human,True,/home/dipshikha/Music/cao/CISLR_v1.5-a_videos/a7hNqWODhnU.mp4,train,True,25.0,248,300,300,9.92
a7kvbMiKkuQ_1,strike,7.0,process,True,/home/dipshikha/Music/cao/CISLR_v1.5-a_videos/a7kvbMiKkuQ_1.mp4,train,True,25.0,75,300,300,3.0
a8cDfDvCcxw,cockroach,7.0,flora and fauna,True,/home/dipshikha/Music/cao/CISLR_v1.5-a_videos/a8cDfDvCcxw.mp4,test,True,25.0,150,300,300,6.0
a8g9AMsHvlI_1,friday,5.0,time,True,/home/dipshikha/Music/cao/CISLR_v1.5-a_videos/a8g9AMsHvlI_1.mp4,test,True,30.0,75,300,300,2.5
a8w3qeRPwp8_1,yesterday,7.0,time,True,/home/dipshikha/Music/cao/CISLR_v1.5-a_videos/a8w3qeRPwp8_1.mp4,test,True,30.0,90,300,300,3.0
a8wk12Rfkac_1,west indies,7.0,geography,True,/home/dipshikha/Music/cao/CISLR_v1.5-a_videos/a8wk12Rfkac_1.mp4,test,True,25.0,75,300,300,3.0
a9th81iiE2M_2,year,9.0,time,True,/home/dipshikha/Music/cao/CISLR_v1.5-a_videos/a9th81iiE2M_2.mp4,test,True,30.0,106,300,300,3.533333333333333
a9xB9EN33FY,mineral matter,11.0,geography,True,/home/dipshikha/Music/cao/CISLR_v1.5-a_videos/a9xB9EN33FY.mp4,train,True,25.0,250,300,300,10.0
aAOnQ9s6SlM_1,financial year,11.0,banking,True,/home/dipshikha/Music/cao/CISLR_v1.5-a_videos/aAOnQ9s6SlM_1.mp4,train,True,30.0,180,300,300,6.0
aBFl_E3z3m0,flounce  hem,15.0,wearable,True,/home/dipshikha/Music/cao/CISLR_v1.5-a_videos/aBFl_E3z3m0.mp4,train,True,25.0,361,300,300,14.44
aBWOTIxuGus,mysuru,6.0,geography,True,/home/dipshikha/Music/cao/CISLR_v1.5-a_videos/aBWOTIxuGus.mp4,train,True,25.0,138,300,300,5.52
aCSZ-jr5Y_o,shallow,5.0,attribute,True,/home/dipshikha/Music/cao/CISLR_v1.5-a_videos/aCSZ-jr5Y_o.mp4,train,True,25.0,114,300,300,4.56
aCaG3G4PAkQ,bedroom,4.0,construction,True,/home/dipshikha/Music/cao/CISLR_v1.5-a_videos/aCaG3G4PAkQ.mp4,test,True,25.0,82,300,300,3.28
aD03ngrTQoI_1,goat,7.0,flora and fauna,True,/home/dipshikha/Music/cao/CISLR_v1.5-a_videos/aD03ngrTQoI_1.mp4,test,True,30.0,90,300,300,3.0
aECrxESTDUM_1,percentage,7.0,math,True,/home/dipshikha/Music/cao/CISLR_v1.5-a_videos/aECrxESTDUM_1.mp4,test,True,25.0,75,300,300,3.0
aF30g7ajjas_1,turn,6.0,action,True,/home/dipshikha/Music/cao/CISLR_v1.5-a_videos/aF30g7ajjas_1.mp4,train,True,25.0,75,300,300,3.0
aF7X0ClwZVg,diet,11.0,foods and drinks,True,/home/dipshikha/Music/cao/CISLR_v1.5-a_videos/aF7X0ClwZVg.mp4,test,True,25.0,261,300,300,10.44
aFGQehtPlPc,disease,7.0,biology,True,/home/dipshikha/Music/cao/CISLR_v1.5-a_videos/aFGQehtPlPc.mp4,test,True,25.0,159,300,300,6.36
aFOyoIR4gqw,split pulley,14.0,machine,True,/home/dipshikha/Music/cao/CISLR_v1.5-a_videos/aFOyoIR4gqw.mp4,train,True,25.0,340,300,300,13.6
aFbn0Bm9MCQ_1,special,5.0,attribute,True,/home/dipshikha/Music/cao/CISLR_v1.5-a_videos/aFbn0Bm9MCQ_1.mp4,test,True,25.0,63,300,300,2.52
aFelqRyZOM4,sphere,7.0,abstract,True,/home/dipshikha/Music/cao/CISLR_v1.5-a_videos/aFelqRyZOM4.mp4,test,True,25.0,164,300,300,6.56
aGRreliJps4_1,pillow,8.0,utility item,True,/home/dipshikha/Music/cao/CISLR_v1.5-a_videos/aGRreliJps4_1.mp4,test,True,30.0,120,300,300,4.0
aH6ce_mquBY_1,advance,11.0,banking,True,/home/dipshikha/Music/cao/CISLR_v1.5-a_videos/aH6ce_mquBY_1.mp4,test,True,30.0,150,300,300,5.0
aHhWeircCv4,thiruvananthapuram,4.0,geography,True,/home/dipshikha/Music/cao/CISLR_v1.5-a_videos/aHhWeircCv4.mp4,train,True,25.0,77,300,300,3.08
aHmj7r_Ts70_1,crocodile,6.0,flora and fauna,True,/home/dipshikha/Music/cao/CISLR_v1.5-a_videos/aHmj7r_Ts70_1.mp4,train,True,30.0,90,300,300,3.0
aI58FdiAz7Y_1,travel,7.0,action,True,/home/dipshikha/Music/cao/CISLR_v1.5-a_videos/aI58FdiAz7Y_1.mp4,test,True,25.0,75,300,300,3.0
aIJKbhWx3So,under the weather,12.0,medical,True,/home/dipshikha/Music/cao/CISLR_v1.5-a_videos/aIJKbhWx3So.mp4,train,True,25.0,290,300,300,11.6
aIYmSF72Yk4,mistake,3.0,abstract,True,/home/dipshikha/Music/cao/CISLR_v1.5-a_videos/aIYmSF72Yk4.mp4,test,True,25.0,58,300,300,2.32
aJI0l51wGGM_1,dubai,6.0,geography,True,/home/dipshikha/Music/cao/CISLR_v1.5-a_videos/aJI0l51wGGM_1.mp4,test,True,25.0,63,300,300,2.52
aJeKWqpMr7Y_2,glass stab,10.0,substance,True,/home/dipshikha/Music/cao/CISLR_v1.5-a_videos/aJeKWqpMr7Y_2.mp4,train,True,30.0,115,300,300,3.8333333333333335
aJkcfI5vUd4_1,parent branch,9.0,organisation,True,/home/dipshikha/Music/cao/CISLR_v1.5-a_videos/aJkcfI5vUd4_1.mp4,train,True,30.0,120,300,300,4.0
aJvkIV-8Q9A,promise,5.0,action,True,/home/dipshikha/Music/cao/CISLR_v1.5-a_videos/aJvkIV-8Q9A.mp4,test,True,25.0,112,300,300,4.48
aKKqKv1FFrU_1,expert,9.0,attribute,True,/home/dipshikha/Music/cao/CISLR_v1.5-a_videos/aKKqKv1FFrU_1.mp4,train,True,30.0,120,300,300,4.0
aK_immPV5TM,statistics,5.0,math,True,/home/dipshikha/Music/cao/CISLR_v1.5-a_videos/aK_immPV5TM.mp4,train,True,25.0,109,300,300,4.36
aKd7QTNB4IU_1,wife,9.0,relation,True,/home/dipshikha/Music/cao/CISLR_v1.5-a_videos/aKd7QTNB4IU_1.mp4,test,True,30.0,135,300,300,4.5
aLFLtt_Hy5Q_2,parallel circuit,14.0,physics,True,/home/dipshikha/Music/cao/CISLR_v1.5-a_videos/aLFLtt_Hy5Q_2.mp4,train,True,30.0,183,300,300,6.1
aL_AGq7MxBk_1,visual aid,6.0,banking,True,/home/dipshikha/Music/cao/CISLR_v1.5-a_videos/aL_AGq7MxBk_1.mp4,train,True,30.0,90,300,300,3.0
aMQeupEDGOw_1,repair,7.0,action,True,/home/dipshikha/Music/cao/CISLR_v1.5-a_videos/aMQeupEDGOw_1.mp4,test,True,25.0,75,300,300,3.0
aMs5U3qDEJ4_1,towel,6.0,utility item,True,/home/dipshikha/Music/cao/CISLR_v1.5-a_videos/aMs5U3qDEJ4_1.mp4,train,True,30.0,75,300,300,2.5
aNthcGq-FqI_1,vacancy,8.0,abstract,True,/home/dipshikha/Music/cao/CISLR_v1.5-a_videos/aNthcGq-FqI_1.mp4,train,True,30.0,105,300,300,3.5
aO1B2sAfigI,again,4.0,time,True,/home/dipshikha/Music/cao/CISLR_v1.5-a_videos/aO1B2sAfigI.mp4,train,True,25.0,100,300,300,4.0
aO7Pmus6yEE,month,5.0,time,True,/home/dipshikha/Music/cao/CISLR_v1.5-a_videos/aO7Pmus6yEE.mp4,test,True,25.0,112,300,300,4.48
aOR-2KDf9pA_2,concave,12.0,physics,True,/home/dipshikha/Music/cao/CISLR_v1.5-a_videos/aOR-2KDf9pA_2.mp4,train,True,30.0,157,300,300,5.233333333333333
aQ6GM2E-3-k,internet disconnection,5.0,internet,True,/home/dipshikha/Music/cao/CISLR_v1.5-a_videos/aQ6GM2E-3-k.mp4,train,True,25.0,116,300,300,4.64
aQEJlg8RhXQ,good,4.0,quality,True,/home/dipshikha/Music/cao/CISLR_v1.5-a_videos/aQEJlg8RhXQ.mp4,test,True,25.0,87,300,300,3.48
aQHSHQkL47I_1,sunday,5.0,time,True,/home/dipshikha/Music/cao/CISLR_v1.5-a_videos/aQHSHQkL47I_1.mp4,test,True,30.0,60,300,300,2.0
aQT4jI0jMWc,separate,4.0,action,True,/home/dipshikha/Music/cao/CISLR_v1.5-a_videos/aQT4jI0jMWc.mp4,test,True,25.0,90,300,300,3.6
aQpVV49PF98_1,catch,6.0,action,True,/home/dipshikha/Music/cao/CISLR_v1.5-a_videos/aQpVV49PF98_1.mp4,test,True,25.0,63,300,300,2.52
aRGwbWv6law_1,neighbour,10.0,human,True,/home/dipshikha/Music/cao/CISLR_v1.5-a_videos/aRGwbWv6law_1.mp4,test,True,30.0,135,300,300,4.5
aRMlrpN0MzU_1,up,5.0,spatial position,True,/home/dipshikha/Music/cao/CISLR_v1.5-a_videos/aRMlrpN0MzU_1.mp4,train,True,25.0,50,300,300,2.0
aS2e07FE2uw,jew,6.0,religious,True,/home/dipshikha/Music/cao/CISLR_v1.5-a_videos/aS2e07FE2uw.mp4,train,True,25.0,129,300,300,5.16
aSHLJIU6ZeE_1,sandwitch,6.0,foods and drinks,True,/home/dipshikha/Music/cao/CISLR_v1.5-a_videos/aSHLJIU6ZeE_1.mp4,train,True,25.0,63,300,300,2.52
aTHCIoGVi0k,judgement,10.0,action,True,/home/dipshikha/Music/cao/CISLR_v1.5-a_videos/aTHCIoGVi0k.mp4,train,True,25.0,234,300,300,9.36
aTbpGKnMdv8,reduce,5.0,action,True,/home/dipshikha/Music/cao/CISLR_v1.5-a_videos/aTbpGKnMdv8.mp4,test,True,25.0,125,300,300,5.0
aTk3A6yTmIA_2,quantity,8.0,quantity,True,/home/dipshikha/Music/cao/CISLR_v1.5-a_videos/aTk3A6yTmIA_2.mp4,test,True,30.0,89,300,300,2.966666666666667
aTp3Y4ABxB4,sling bag,5.0,wearable,True,/home/dipshikha/Music/cao/CISLR_v1.5-a_videos/aTp3Y4ABxB4.mp4,train,True,25.0,121,300,300,4.84
aVXHUzd1cW4,while,4.0,abstract,True,/home/dipshikha/Music/cao/CISLR_v1.5-a_videos/aVXHUzd1cW4.mp4,train,True,25.0,99,300,300,3.96
aVxK8yw7z7I,paste,5.0,action,True,/home/dipshikha/Music/cao/CISLR_v1.5-a_videos/aVxK8yw7z7I.mp4,train,True,25.0,123,300,300,4.92
aW1uRjayEEQ_1,amendments,9.0,legal,True,/home/dipshikha/Music/cao/CISLR_v1.5-a_videos/aW1uRjayEEQ_1.mp4,train,True,30.0,120,300,300,4.0
aW8jBRmN24M_1,tour,9.0,event,True,/home/dipshikha/Music/cao/CISLR_v1.5-a_videos/aW8jBRmN24M_1.mp4,train,True,30.0,120,300,300,4.0
aWlh04N3DzA_1,handkerchief,6.0,utility item,True,/home/dipshikha/Music/cao/CISLR_v1.5-a_videos/aWlh04N3DzA_1.mp4,test,True,25.0,75,300,300,3.0
aXHoCMyVez8,juliet sleeve,7.0,wearable,True,/home/dipshikha/Music/cao/CISLR_v1.5-a_videos/aXHoCMyVez8.mp4,train,True,25.0,169,300,300,6.76
aXX2ysgHZTA,east,5.0,spatial position,True,/home/dipshikha/Music/cao/CISLR_v1.5-a_videos/aXX2ysgHZTA.mp4,test,True,25.0,110,300,300,4.4
aXvpcfjK7Sg,officer in charge of jail,13.0,profession,True,/home/dipshikha/Music/cao/CISLR_v1.5-a_videos/aXvpcfjK7Sg.mp4,train,True,25.0,300,300,300,12.0
aYQ97trsr6k_1,celebrate,6.0,event,True,/home/dipshikha/Music/cao/CISLR_v1.5-a_videos/aYQ97trsr6k_1.mp4,train,True,25.0,75,300,300,3.0
aYbsN9GG3kY_1,actor,8.0,profession,True,/home/dipshikha/Music/cao/CISLR_v1.5-a_videos/aYbsN9GG3kY_1.mp4,train,True,25.0,88,300,300,3.52
aYjNOmE73zE,flat gardens,11.0,geography,True,/home/dipshikha/Music/cao/CISLR_v1.5-a_videos/aYjNOmE73zE.mp4,train,True,24.0,263,300,300,10.958333333333334
aYpR1Gsa0_U,christmas,3.0,event,True,/home/dipshikha/Music/cao/CISLR_v1.5-a_videos/aYpR1Gsa0_U.mp4,test,True,25.0,59,300,300,2.36
a_5rkFrzauo_1,examination,7.0,education,True,/home/dipshikha/Music/cao/CISLR_v1.5-a_videos/a_5rkFrzauo_1.mp4,test,True,25.0,75,300,300,3.0
a_yFlzuJ7oY_1,sundry,7.0,quality,True,/home/dipshikha/Music/cao/CISLR_v1.5-a_videos/a_yFlzuJ7oY_1.mp4,train,True,30.0,105,300,300,3.5
aawUzeSXJpU,handle,10.0,utility item,True,/home/dipshikha/Music/cao/CISLR_v1.5-a_videos/aawUzeSXJpU.mp4,train,True,24.0,218,300,300,9.083333333333334
abmY621VQCw_1,smell,7.0,sensation,True,/home/dipshikha/Music/cao/CISLR_v1.5-a_videos/abmY621VQCw_1.mp4,test,True,30.0,90,300,300,3.0
abz1iHHIktI_1,ledger balance,11.0,banking,True,/home/dipshikha/Music/cao/CISLR_v1.5-a_videos/abz1iHHIktI_1.mp4,train,True,30.0,150,300,300,5.0
acdKVU7bbhw,appointment,4.0,action,True,/home/dipshikha/Music/cao/CISLR_v1.5-a_videos/acdKVU7bbhw.mp4,train,True,25.0,87,300,300,3.48
ae55QOIEGEk_1,operate an account,10.0,banking,True,/home/dipshikha/Music/cao/CISLR_v1.5-a_videos/ae55QOIEGEk_1.mp4,train,True,30.0,165,300,300,5.5
ae7r5dnrG34,austria,3.0,geography,True,/home/dipshikha/Music/cao/CISLR_v1.5-a_videos/ae7r5dnrG34.mp4,train,True,25.0,67,300,300,2.68
aeJSYb8CmS8_2,troughs,14.0,physics,True,/home/dipshikha/Music/cao/CISLR_v1.5-a_videos/aeJSYb8CmS8_2.mp4,train,True,30.0,174,300,300,5.8
aePcBtCpcPA,road separator,7.0,transport,True,/home/dipshikha/Music/cao/CISLR_v1.5-a_videos/aePcBtCpcPA.mp4,train,True,25.0,171,300,300,6.84
aeaHJYnML2E_1,corresponding branch,10.0,banking,True,/home/dipshikha/Music/cao/CISLR_v1.5-a_videos/aeaHJYnML2E_1.mp4,train,True,30.0,150,300,300,5.0
afB8ioKoVh8_1,shortage,9.0,banking,True,/home/dipshikha/Music/cao/CISLR_v1.5-a_videos/afB8ioKoVh8_1.mp4,train,True,30.0,150,300,300,5.0
afZNvfwjxEA_1,vendee,7.0,human,True,/home/dipshikha/Music/cao/CISLR_v1.5-a_videos/afZNvfwjxEA_1.mp4,train,True,30.0,90,300,300,3.0
ag8J-3yc7PE,engineering scale,13.0,instrument,True,/home/dipshikha/Music/cao/CISLR_v1.5-a_videos/ag8J-3yc7PE.mp4,train,True,25.0,325,300,300,13.0
ahUSb4o3pKw,culottes,9.0,wearable,True,/home/dipshikha/Music/cao/CISLR_v1.5-a_videos/ahUSb4o3pKw.mp4,train,True,25.0,217,300,300,8.68
aj736kmw3Pw_1,escape,6.0,action,True,/home/dipshikha/Music/cao/CISLR_v1.5-a_videos/aj736kmw3Pw_1.mp4,test,True,25.0,63,300,300,2.52
ajczOXxcx_s,mouth parts,12.0,biology,True,/home/dipshikha/Music/cao/CISLR_v1.5-a_videos/ajczOXxcx_s.mp4,train,True,25.0,284,300,300,11.36
ak5WS3_FBv8_1,fisher man,7.0,profession,True,/home/dipshikha/Music/cao/CISLR_v1.5-a_videos/ak5WS3_FBv8_1.mp4,train,True,25.0,75,300,300,3.0
akYhM0X2Udc_1,start,5.0,stage,True,/home/dipshikha/Music/cao/CISLR_v1.5-a_videos/akYhM0X2Udc_1.mp4,test,True,25.0,63,300,300,2.52
alvjMQjm1pM,personal,4.0,relation,True,/home/dipshikha/Music/cao/CISLR_v1.5-a_videos/alvjMQjm1pM.mp4,test,True,25.0,77,300,300,3.08
alyadcV43G8_1,item,11.0,utility item,True,/home/dipshikha/Music/cao/CISLR_v1.5-a_videos/alyadcV43G8_1.mp4,train,True,30.0,150,300,300,5.0
amB7PkF8fWQ,serial tv,5.0,entertainment,True,/home/dipshikha/Music/cao/CISLR_v1.5-a_videos/amB7PkF8fWQ.mp4,train,True,24.0,109,300,300,4.541666666666667
amBz3VzA608_1,cheque,6.0,banking,True,/home/dipshikha/Music/cao/CISLR_v1.5-a_videos/amBz3VzA608_1.mp4,test,True,25.0,75,300,300,3.0
amQEVitOUn4_1,right,6.0,abstract,True,/home/dipshikha/Music/cao/CISLR_v1.5-a_videos/amQEVitOUn4_1.mp4,test,True,30.0,90,300,300,3.0
amb6frWEiDU,ministry of social justice and empowerment,4.0,authority,True,/home/dipshikha/Music/cao/CISLR_v1.5-a_videos/amb6frWEiDU.mp4,train,True,25.0,86,300,300,3.44
amhLPtOfjgw_1,sari,6.0,wearable,True,/home/dipshikha/Music/cao/CISLR_v1.5-a_videos/amhLPtOfjgw_1.mp4,test,True,25.0,75,300,300,3.0
aodgodCQNX8,palazo pants,10.0,wearable,True,/home/dipshikha/Music/cao/CISLR_v1.5-a_videos/aodgodCQNX8.mp4,train,True,25.0,229,300,300,9.16
aoicBWQGk0Y,claw hammer,6.0,instrument,True,/home/dipshikha/Music/cao/CISLR_v1.5-a_videos/aoicBWQGk0Y.mp4,train,True,25.0,145,300,300,5.8
ap3r07toNRc_1,count,7.0,metric,True,/home/dipshikha/Music/cao/CISLR_v1.5-a_videos/ap3r07toNRc_1.mp4,train,True,25.0,75,300,300,3.0
apPABUUQDLA_1,leave earned,10.0,profession,True,/home/dipshikha/Music/cao/CISLR_v1.5-a_videos/apPABUUQDLA_1.mp4,train,True,30.0,135,300,300,4.5
apdZVZdwz54,ban,4.0,action,True,/home/dipshikha/Music/cao/CISLR_v1.5-a_videos/apdZVZdwz54.mp4,test,True,25.0,84,300,300,3.36
aqym4tojhqQ_1,dividend,8.0,math,True,/home/dipshikha/Music/cao/CISLR_v1.5-a_videos/aqym4tojhqQ_1.mp4,train,True,30.0,120,300,300,4.0
araXKMU7R4g,cif number,8.0,legal,True,/home/dipshikha/Music/cao/CISLR_v1.5-a_videos/araXKMU7R4g.mp4,train,True,24.0,184,300,300,7.666666666666667
at2bDwxeV3c,tight,5.0,quality,True,/home/dipshikha/Music/cao/CISLR_v1.5-a_videos/at2bDwxeV3c.mp4,test,True,25.0,103,300,300,4.12
atIObXII22k,opposition,2.0,action,True,/home/dipshikha/Music/cao/CISLR_v1.5-a_videos/atIObXII22k.mp4,train,True,24.0,42,300,300,1.75
atyCov9u9no,jail,5.0,construction,True,/home/dipshikha/Music/cao/CISLR_v1.5-a_videos/atyCov9u9no.mp4,train,True,25.0,99,300,300,3.96
aunVG5Ddwrc_1,sink,6.0,process,True,/home/dipshikha/Music/cao/CISLR_v1.5-a_videos/aunVG5Ddwrc_1.mp4,test,True,25.0,75,300,300,3.0
autuHm9_jWo,throw,3.0,action,True,/home/dipshikha/Music/cao/CISLR_v1.5-a_videos/autuHm9_jWo.mp4,test,True,25.0,68,300,300,2.72
ava3Ux-MDDE_1,encashment,10.0,banking,True,/home/dipshikha/Music/cao/CISLR_v1.5-a_videos/ava3Ux-MDDE_1.mp4,train,True,30.0,165,300,300,5.5
avpSF2ZHlc0_1,wolf,6.0,flora and fauna,True,/home/dipshikha/Music/cao/CISLR_v1.5-a_videos/avpSF2ZHlc0_1.mp4,test,True,30.0,75,300,300,2.5
avuibTenovU_2,equator,11.0,geography,True,/home/dipshikha/Music/cao/CISLR_v1.5-a_videos/avuibTenovU_2.mp4,test,True,30.0,141,300,300,4.7
ax5vPQQRVRE_1,cancer,8.0,medical,True,/home/dipshikha/Music/cao/CISLR_v1.5-a_videos/ax5vPQQRVRE_1.mp4,test,True,30.0,120,300,300,4.0
axEFBCXFyt8_1,paise,5.0,banking,True,/home/dipshikha/Music/cao/CISLR_v1.5-a_videos/axEFBCXFyt8_1.mp4,train,True,25.0,63,300,300,2.52
ay7OzoG5fk8,tax,5.0,legal,True,/home/dipshikha/Music/cao/CISLR_v1.5-a_videos/ay7OzoG5fk8.mp4,train,True,24.0,98,300,300,4.083333333333333
ay96dkDBYMs,ms excel,10.0,computer,True,/home/dipshikha/Music/cao/CISLR_v1.5-a_videos/ay96dkDBYMs.mp4,train,True,25.0,240,300,300,9.6
azP0G1dB1KY_1,roof,7.0,construction,True,/home/dipshikha/Music/cao/CISLR_v1.5-a_videos/azP0G1dB1KY_1.mp4,train,True,30.0,105,300,300,3.5
b-Oi5Oa5TIA,message,4.0,readable,True,/home/dipshikha/Music/cao/CISLR_v1.5-a_videos/b-Oi5Oa5TIA.mp4,test,True,25.0,93,300,300,3.72
b0-O_EoAR7c_1,order,5.0,action,True,/home/dipshikha/Music/cao/CISLR_v1.5-a_videos/b0-O_EoAR7c_1.mp4,test,True,25.0,63,300,300,2.52
b00DR5Ly-Y0_1,head of income,9.0,banking,True,/home/dipshikha/Music/cao/CISLR_v1.5-a_videos/b00DR5Ly-Y0_1.mp4,train,True,30.0,135,300,300,4.5
b00epXFNL5U,atm,4.0,banking,True,/home/dipshikha/Music/cao/CISLR_v1.5-a_videos/b00epXFNL5U.mp4,train,True,25.0,90,300,300,3.6
b03dkzGkDV4_1,whose,6.0,abstract,True,/home/dipshikha/Music/cao/CISLR_v1.5-a_videos/b03dkzGkDV4_1.mp4,train,True,25.0,75,300,300,3.0
b0zVJUx-H0Y_1,curds,5.0,foods and drinks,True,/home/dipshikha/Music/cao/CISLR_v1.5-a_videos/b0zVJUx-H0Y_1.mp4,train,True,25.0,63,300,300,2.52
b1Cbwx9LrQM_1,short,6.0,quality,True,/home/dipshikha/Music/cao/CISLR_v1.5-a_videos/b1Cbwx9LrQM_1.mp4,train,True,25.0,75,300,300,3.0
b1kVeCRjm1M,patna,6.0,geography,True,/home/dipshikha/Music/cao/CISLR_v1.5-a_videos/b1kVeCRjm1M.mp4,train,True,25.0,143,300,300,5.72
b23vl51AH4U,tamarix gallica,13.0,flora and fauna,True,/home/dipshikha/Music/cao/CISLR_v1.5-a_videos/b23vl51AH4U.mp4,train,True,25.0,312,300,300,12.48
b2hjMDOnYnw_1,hardworking,8.0,behavior,True,/home/dipshikha/Music/cao/CISLR_v1.5-a_videos/b2hjMDOnYnw_1.mp4,test,True,30.0,120,300,300,4.0
b4ki5taIk0s_1,wipe,7.0,action,True,/home/dipshikha/Music/cao/CISLR_v1.5-a_videos/b4ki5taIk0s_1.mp4,train,True,25.0,75,300,300,3.0
b4ywpRBTw4o,log off,7.0,group,True,/home/dipshikha/Music/cao/CISLR_v1.5-a_videos/b4ywpRBTw4o.mp4,train,True,25.0,174,300,300,6.96
b5R9Ubu8bw4,sunflower,5.0,flora and fauna,True,/home/dipshikha/Music/cao/CISLR_v1.5-a_videos/b5R9Ubu8bw4.mp4,test,True,25.0,116,300,300,4.64
b5pF8YU_ILs,policeman,5.0,profession,True,/home/dipshikha/Music/cao/CISLR_v1.5-a_videos/b5pF8YU_ILs.mp4,train,True,25.0,120,300,300,4.8
b67oA7lAXi0_2,soldering lead,9.0,process,True,/home/dipshikha/Music/cao/CISLR_v1.5-a_videos/b67oA7lAXi0_2.mp4,train,True,30.0,108,300,300,3.6
b6mge7fT8p4_1,worry,6.0,emotion,True,/home/dipshikha/Music/cao/CISLR_v1.5-a_videos/b6mge7fT8p4_1.mp4,train,True,25.0,75,300,300,3.0
b7EQniqN7rs_1,now,6.0,time,True,/home/dipshikha/Music/cao/CISLR_v1.5-a_videos/b7EQniqN7rs_1.mp4,train,True,30.0,90,300,300,3.0
b7U7TWlmbOs_1,trustee,8.0,human,True,/home/dipshikha/Music/cao/CISLR_v1.5-a_videos/b7U7TWlmbOs_1.mp4,train,True,30.0,105,300,300,3.5
b7Y145D3Gi4_1,trunk,6.0,biology,True,/home/dipshikha/Music/cao/CISLR_v1.5-a_videos/b7Y145D3Gi4_1.mp4,test,True,30.0,75,300,300,2.5
b8BlqEQCtiY_2,notice,10.0,legal,True,/home/dipshikha/Music/cao/CISLR_v1.5-a_videos/b8BlqEQCtiY_2.mp4,train,True,30.0,142,300,300,4.733333333333333
b8ZOlo8oXbQ_2,joule,9.0,metric,True,/home/dipshikha/Music/cao/CISLR_v1.5-a_videos/b8ZOlo8oXbQ_2.mp4,train,True,30.0,111,300,300,3.7
b8uuqEIu8Ag,pencil,4.0,utility item,True,/home/dipshikha/Music/cao/CISLR_v1.5-a_videos/b8uuqEIu8Ag.mp4,test,True,25.0,78,300,300,3.12
b8z6CTJw-TI,contest,5.0,event,True,/home/dipshikha/Music/cao/CISLR_v1.5-a_videos/b8z6CTJw-TI.mp4,train,True,25.0,116,300,300,4.64
b9Ad8smAqhs,zigzag,8.0,attribute,True,/home/dipshikha/Music/cao/CISLR_v1.5-a_videos/b9Ad8smAqhs.mp4,train,True,25.0,195,300,300,7.8
b9W1y77hDSc,way,4.0,process,True,/home/dipshikha/Music/cao/CISLR_v1.5-a_videos/b9W1y77hDSc.mp4,test,True,25.0,77,300,300,3.08
b9_2HxUsi0s,super computer,11.0,computer,True,/home/dipshikha/Music/cao/CISLR_v1.5-a_videos/b9_2HxUsi0s.mp4,train,True,25.0,252,300,300,10.08
bA7mLrTdy60,district court,13.0,legal,True,/home/dipshikha/Music/cao/CISLR_v1.5-a_videos/bA7mLrTdy60.mp4,train,True,25.0,314,300,300,12.56
bBzWwcYyMK8_2,filter pump,11.0,instrument,True,/home/dipshikha/Music/cao/CISLR_v1.5-a_videos/bBzWwcYyMK8_2.mp4,train,True,30.0,142,300,300,4.733333333333333
bC7wNuiLgHI_1,machine,6.0,machine,True,/home/dipshikha/Music/cao/CISLR_v1.5-a_videos/bC7wNuiLgHI_1.mp4,train,True,25.0,63,300,300,2.52
bC9ZZ5izJPk,agra,5.0,geography,True,/home/dipshikha/Music/cao/CISLR_v1.5-a_videos/bC9ZZ5izJPk.mp4,test,True,25.0,115,300,300,4.6
bCXEgYMuyQU_1,banian,7.0,wearable,True,/home/dipshikha/Music/cao/CISLR_v1.5-a_videos/bCXEgYMuyQU_1.mp4,test,True,25.0,75,300,300,3.0
bCm6R9JGBvA_1,motor,6.0,electronic and electrical,True,/home/dipshikha/Music/cao/CISLR_v1.5-a_videos/bCm6R9JGBvA_1.mp4,test,True,25.0,63,300,300,2.52
bD4GIT0wuRE_1,dhothi,7.0,wearable,True,/home/dipshikha/Music/cao/CISLR_v1.5-a_videos/bD4GIT0wuRE_1.mp4,test,True,25.0,88,300,300,3.52
bDA6y9S2bb4,hard,4.0,quality,True,/home/dipshikha/Music/cao/CISLR_v1.5-a_videos/bDA6y9S2bb4.mp4,test,True,25.0,92,300,300,3.68
bDOUOr8c5EM_1,account suspence,13.0,banking,True,/home/dipshikha/Music/cao/CISLR_v1.5-a_videos/bDOUOr8c5EM_1.mp4,train,True,30.0,180,300,300,6.0
bEe0Ch0biSU_2,litre,7.0,metric,True,/home/dipshikha/Music/cao/CISLR_v1.5-a_videos/bEe0Ch0biSU_2.mp4,test,True,30.0,78,300,300,2.6
bEgGF4YuHm0,theatre,4.0,construction,True,/home/dipshikha/Music/cao/CISLR_v1.5-a_videos/bEgGF4YuHm0.mp4,train,True,25.0,94,300,300,3.76
bEmiFY64B3c_2,ohm,11.0,metric,True,/home/dipshikha/Music/cao/CISLR_v1.5-a_videos/bEmiFY64B3c_2.mp4,train,True,30.0,140,300,300,4.666666666666667
bFEz8r3xfMI,chalk,7.0,utility item,True,/home/dipshikha/Music/cao/CISLR_v1.5-a_videos/bFEz8r3xfMI.mp4,train,True,25.0,159,300,300,6.36
bF_5-TAoxTo,wind borne disease,15.0,medical,True,/home/dipshikha/Music/cao/CISLR_v1.5-a_videos/bF_5-TAoxTo.mp4,train,True,25.0,373,300,300,14.92
bGGgKRLRngQ,aam aadmi party,6.0,politics,True,/home/dipshikha/Music/cao/CISLR_v1.5-a_videos/bGGgKRLRngQ.mp4,test,True,29.97002997002997,155,300,300,5.171833333333334
bGRAQ9ORnm0,national,5.0,geography,True,/home/dipshikha/Music/cao/CISLR_v1.5-a_videos/bGRAQ9ORnm0.mp4,test,True,25.0,106,300,300,4.24
bGzdNLa1O9o,plan,5.0,action,True,/home/dipshikha/Music/cao/CISLR_v1.5-a_videos/bGzdNLa1O9o.mp4,train,True,25.0,103,300,300,4.12
bH3KEeVn-rU_1,bandh,7.0,event,True,/home/dipshikha/Music/cao/CISLR_v1.5-a_videos/bH3KEeVn-rU_1.mp4,train,True,25.0,75,300,300,3.0
bHcewri1380_1,afternoon,6.0,time,True,/home/dipshikha/Music/cao/CISLR_v1.5-a_videos/bHcewri1380_1.mp4,test,True,30.0,90,300,300,3.0
bI019MZru3U,tight,4.0,quality,True,/home/dipshikha/Music/cao/CISLR_v1.5-a_videos/bI019MZru3U.mp4,test,True,25.0,94,300,300,3.76
bIha_uKKc-U,water filter,5.0,electronic and electrical,True,/home/dipshikha/Music/cao/CISLR_v1.5-a_videos/bIha_uKKc-U.mp4,train,True,25.0,107,300,300,4.28
bJ1Nsi71fnE_2,rf osciilator,11.0,instrument,True,/home/dipshikha/Music/cao/CISLR_v1.5-a_videos/bJ1Nsi71fnE_2.mp4,train,True,30.0,127,300,300,4.233333333333333
bJiwFIbDGRQ_1,christmas,7.0,event,True,/home/dipshikha/Music/cao/CISLR_v1.5-a_videos/bJiwFIbDGRQ_1.mp4,test,True,25.0,88,300,300,3.52
bK2UmfKfoPw_1,punctual,8.0,attribute,True,/home/dipshikha/Music/cao/CISLR_v1.5-a_videos/bK2UmfKfoPw_1.mp4,test,True,30.0,105,300,300,3.5
bKliVu0i0SI,chimney,14.0,utility item,True,/home/dipshikha/Music/cao/CISLR_v1.5-a_videos/bKliVu0i0SI.mp4,train,True,25.0,331,300,300,13.24
bL8PcxnwN74,same,4.0,comparator,True,/home/dipshikha/Music/cao/CISLR_v1.5-a_videos/bL8PcxnwN74.mp4,test,True,25.0,87,300,300,3.48
bMY7k6ug38E,emphasize,7.0,action,True,/home/dipshikha/Music/cao/CISLR_v1.5-a_videos/bMY7k6ug38E.mp4,train,True,25.0,165,300,300,6.6
bMZuO_mR3e4_1,hole,7.0,spatial position,True,/home/dipshikha/Music/cao/CISLR_v1.5-a_videos/bMZuO_mR3e4_1.mp4,test,True,30.0,90,300,300,3.0
bNPBUXiWYYI,plain cement concrete,7.0,construction,True,/home/dipshikha/Music/cao/CISLR_v1.5-a_videos/bNPBUXiWYYI.mp4,train,True,25.0,153,300,300,6.12
bNwhA4fMWCI,seed,5.0,foods and drinks,True,/home/dipshikha/Music/cao/CISLR_v1.5-a_videos/bNwhA4fMWCI.mp4,test,True,25.0,105,300,300,4.2
bOqgzRbAuqg_1,fishing net,7.0,instrument,True,/home/dipshikha/Music/cao/CISLR_v1.5-a_videos/bOqgzRbAuqg_1.mp4,train,True,25.0,75,300,300,3.0
bP0ibVNj7TU,sailor,9.0,profession,True,/home/dipshikha/Music/cao/CISLR_v1.5-a_videos/bP0ibVNj7TU.mp4,test,True,25.0,204,300,300,8.16
bR89wUFYe8I_1,wear,6.0,action,True,/home/dipshikha/Music/cao/CISLR_v1.5-a_videos/bR89wUFYe8I_1.mp4,train,True,25.0,75,300,300,3.0
bRAauK4qEf0_1,morning,7.0,time,True,/home/dipshikha/Music/cao/CISLR_v1.5-a_videos/bRAauK4qEf0_1.mp4,test,True,30.0,90,300,300,3.0
bRG0I-FNuII_1,account discount,12.0,banking,True,/home/dipshikha/Music/cao/CISLR_v1.5-a_videos/bRG0I-FNuII_1.mp4,train,True,30.0,165,300,300,5.5
bRT1xm32nIA,network,9.0,internet,True,/home/dipshikha/Music/cao/CISLR_v1.5-a_videos/bRT1xm32nIA.mp4,test,True,25.0,216,300,300,8.64
bS8Bh2t9PSA,hip hugger,6.0,wearable,True,/home/dipshikha/Music/cao/CISLR_v1.5-a_videos/bS8Bh2t9PSA.mp4,train,True,25.0,126,300,300,5.04
bTfZoLcLD1s,drug,4.0,substance,True,/home/dipshikha/Music/cao/CISLR_v1.5-a_videos/bTfZoLcLD1s.mp4,test,True,25.0,78,300,300,3.12
bUybAkPWQH0_2,screw guage,10.0,instrument,True,/home/dipshikha/Music/cao/CISLR_v1.5-a_videos/bUybAkPWQH0_2.mp4,train,True,30.0,128,300,300,4.266666666666667
bWRmIDKlKo0_1,work,6.0,action,True,/home/dipshikha/Music/cao/CISLR_v1.5-a_videos/bWRmIDKlKo0_1.mp4,test,True,30.0,75,300,300,2.5
bYZKoGWvfyM_1,police station,5.0,legal,True,/home/dipshikha/Music/cao/CISLR_v1.5-a_videos/bYZKoGWvfyM_1.mp4,train,True,25.0,63,300,300,2.52
bYyLAeq4yNY_2,hydrology,9.0,geography,True,/home/dipshikha/Music/cao/CISLR_v1.5-a_videos/bYyLAeq4yNY_2.mp4,train,True,30.0,77,300,300,2.566666666666667
bZLyr43R2t4_1,will,7.0,abstract,True,/home/dipshikha/Music/cao/CISLR_v1.5-a_videos/bZLyr43R2t4_1.mp4,train,True,30.0,90,300,300,3.0
bZnTQsP8FCY_1,trade,6.0,commerce,True,/home/dipshikha/Music/cao/CISLR_v1.5-a_videos/bZnTQsP8FCY_1.mp4,train,True,25.0,63,300,300,2.52
b_TvDsf97GY,two thousand,5.0,quantity,True,/home/dipshikha/Music/cao/CISLR_v1.5-a_videos/b_TvDsf97GY.mp4,train,True,25.0,111,300,300,4.44
b_cuB9Hjx34,peanut,6.0,foods and drinks,True,/home/dipshikha/Music/cao/CISLR_v1.5-a_videos/b_cuB9Hjx34.mp4,train,True,25.0,139,300,300,5.56
b_lBAwm-AC4_1,friday,5.0,time,True,/home/dipshikha/Music/cao/CISLR_v1.5-a_videos/b_lBAwm-AC4_1.mp4,test,True,30.0,75,300,300,2.5
bacheB1uzFE,alphabet,4.0,language,True,/home/dipshikha/Music/cao/CISLR_v1.5-a_videos/bacheB1uzFE.mp4,train,True,25.0,93,300,300,3.72
baqITtRxH5U_1,appear,6.0,action,True,/home/dipshikha/Music/cao/CISLR_v1.5-a_videos/baqITtRxH5U_1.mp4,train,True,25.0,63,300,300,2.52
bbWDUkaUXLE,lightning,6.0,weather,True,/home/dipshikha/Music/cao/CISLR_v1.5-a_videos/bbWDUkaUXLE.mp4,test,True,25.0,133,300,300,5.32
bbWGXTXiw4k,cute,4.0,attribute,True,/home/dipshikha/Music/cao/CISLR_v1.5-a_videos/bbWGXTXiw4k.mp4,train,True,25.0,85,300,300,3.4
bdn3KzMo_rM_2,diode,12.0,electronic and electrical,True,/home/dipshikha/Music/cao/CISLR_v1.5-a_videos/bdn3KzMo_rM_2.mp4,train,True,30.0,151,300,300,5.033333333333333
bdoKiu3zEjs_2,service,10.0,action,True,/home/dipshikha/Music/cao/CISLR_v1.5-a_videos/bdoKiu3zEjs_2.mp4,test,True,30.0,138,300,300,4.6
benrZFXwf4g_1,river,8.0,geography,True,/home/dipshikha/Music/cao/CISLR_v1.5-a_videos/benrZFXwf4g_1.mp4,train,True,25.0,100,300,300,4.0
bewlQQs7I0k_2,perfect,7.0,attribute,True,/home/dipshikha/Music/cao/CISLR_v1.5-a_videos/bewlQQs7I0k_2.mp4,test,True,30.0,72,300,300,2.4
bfWmhebPLIs_1,square,13.0,math,True,/home/dipshikha/Music/cao/CISLR_v1.5-a_videos/bfWmhebPLIs_1.mp4,test,True,30.0,180,300,300,6.0
bfc3A5WT7O0,athlete's foot,10.0,medical,True,/home/dipshikha/Music/cao/CISLR_v1.5-a_videos/bfc3A5WT7O0.mp4,train,True,25.0,237,300,300,9.48
bgNFqlUDCMw_1,proof,7.0,miscellaneous object,True,/home/dipshikha/Music/cao/CISLR_v1.5-a_videos/bgNFqlUDCMw_1.mp4,test,True,30.0,90,300,300,3.0
bgwSjzhyPs8,full stomach,4.0,sensation,True,/home/dipshikha/Music/cao/CISLR_v1.5-a_videos/bgwSjzhyPs8.mp4,test,True,25.0,100,300,300,4.0
bh3kxVL3EWA,volcano,6.0,geography,True,/home/dipshikha/Music/cao/CISLR_v1.5-a_videos/bh3kxVL3EWA.mp4,test,True,25.0,141,300,300,5.64
bhMRCTyJyNI_1,without prejudice,8.0,legal,True,/home/dipshikha/Music/cao/CISLR_v1.5-a_videos/bhMRCTyJyNI_1.mp4,train,True,30.0,120,300,300,4.0
bhPu5UgetR8,zinc sheet,6.0,metal and minerals,True,/home/dipshikha/Music/cao/CISLR_v1.5-a_videos/bhPu5UgetR8.mp4,train,True,25.0,136,300,300,5.44
bhY9tXL3Z0w_1,mail transfer,9.0,banking,True,/home/dipshikha/Music/cao/CISLR_v1.5-a_videos/bhY9tXL3Z0w_1.mp4,train,True,30.0,120,300,300,4.0
bhpHRwqACLY,colour palette,14.0,colour,True,/home/dipshikha/Music/cao/CISLR_v1.5-a_videos/bhpHRwqACLY.mp4,test,True,24.0,329,300,300,13.708333333333334
bi4xQMdEcVo_1,requirement,6.0,abstract,True,/home/dipshikha/Music/cao/CISLR_v1.5-a_videos/bi4xQMdEcVo_1.mp4,train,True,30.0,105,300,300,3.5
biAm9EJuH8w_2,oil,9.0,foods and drinks,True,/home/dipshikha/Music/cao/CISLR_v1.5-a_videos/biAm9EJuH8w_2.mp4,train,True,30.0,120,300,300,4.0
biSlYwhDtc4,flute,7.0,sound,True,/home/dipshikha/Music/cao/CISLR_v1.5-a_videos/biSlYwhDtc4.mp4,train,True,25.0,151,300,300,6.04
bjJtF35pjhI,throat plate,13.0,instrument,True,/home/dipshikha/Music/cao/CISLR_v1.5-a_videos/bjJtF35pjhI.mp4,train,True,25.0,312,300,300,12.48
bkJI2VTpAwA,keyboard,10.0,electronic and electrical,True,/home/dipshikha/Music/cao/CISLR_v1.5-a_videos/bkJI2VTpAwA.mp4,train,True,25.0,241,300,300,9.64
bmMd8l2xZaE,official,6.0,profession,True,/home/dipshikha/Music/cao/CISLR_v1.5-a_videos/bmMd8l2xZaE.mp4,test,True,25.0,132,300,300,5.28
bmQ6EhxdBuw_1,buddha purnima,8.0,religious,True,/home/dipshikha/Music/cao/CISLR_v1.5-a_videos/bmQ6EhxdBuw_1.mp4,test,True,25.0,100,300,300,4.0
bmnbIMDM4MY_1,compound interest,9.0,banking,True,/home/dipshikha/Music/cao/CISLR_v1.5-a_videos/bmnbIMDM4MY_1.mp4,train,True,30.0,135,300,300,4.5
boWOpxe2CRY,national association of the deaf,3.0,group,True,/home/dipshikha/Music/cao/CISLR_v1.5-a_videos/boWOpxe2CRY.mp4,train,True,25.0,67,300,300,2.68
bouFPfGo6UI,dissent,5.0,action,True,/home/dipshikha/Music/cao/CISLR_v1.5-a_videos/bouFPfGo6UI.mp4,test,True,25.0,103,300,300,4.12
bp32ckPVj6s_1,company partnership,12.0,commerce,True,/home/dipshikha/Music/cao/CISLR_v1.5-a_videos/bp32ckPVj6s_1.mp4,train,True,30.0,180,300,300,6.0
bp9mzPexxVY,carpenter,5.0,profession,True,/home/dipshikha/Music/cao/CISLR_v1.5-a_videos/bp9mzPexxVY.mp4,test,True,25.0,102,300,300,4.08
bpK_n3OqDDw,hairdresser,9.0,utility item,True,/home/dipshikha/Music/cao/CISLR_v1.5-a_videos/bpK_n3OqDDw.mp4,train,True,25.0,207,300,300,8.28
bq0BIQJzsbY_2,physical balance,11.0,instrument,True,/home/dipshikha/Music/cao/CISLR_v1.5-a_videos/bq0BIQJzsbY_2.mp4,train,True,30.0,143,300,300,4.766666666666667
bq2QpJpjWUs,embarrass,3.0,action,True,/home/dipshikha/Music/cao/CISLR_v1.5-a_videos/bq2QpJpjWUs.mp4,train,True,25.0,72,300,300,2.88
bqTLB7fccW8_1,nri,10.0,human,True,/home/dipshikha/Music/cao/CISLR_v1.5-a_videos/bqTLB7fccW8_1.mp4,train,True,30.0,165,300,300,5.5
bqZZkH8aoC8_1,nose stud,5.0,wearable,True,/home/dipshikha/Music/cao/CISLR_v1.5-a_videos/bqZZkH8aoC8_1.mp4,test,True,25.0,63,300,300,2.52
bsDAoxpr8Sc_1,halting allowance,9.0,banking,True,/home/dipshikha/Music/cao/CISLR_v1.5-a_videos/bsDAoxpr8Sc_1.mp4,train,True,30.0,135,300,300,4.5
buBZGkwchow,release,4.0,action,True,/home/dipshikha/Music/cao/CISLR_v1.5-a_videos/buBZGkwchow.mp4,train,True,25.0,83,300,300,3.32
bubXTcY0A2E_2,dispersion,7.0,physics,True,/home/dipshikha/Music/cao/CISLR_v1.5-a_videos/bubXTcY0A2E_2.mp4,train,True,30.0,77,300,300,2.566666666666667
bv9giU_G_Mc,online,6.0,internet,True,/home/dipshikha/Music/cao/CISLR_v1.5-a_videos/bv9giU_G_Mc.mp4,test,True,25.0,144,300,300,5.76
bvRVxOWJdMw_1,guilty,6.0,emotion,True,/home/dipshikha/Music/cao/CISLR_v1.5-a_videos/bvRVxOWJdMw_1.mp4,test,True,30.0,90,300,300,3.0
bwM7NUs3TFc_1,good,7.0,quality,True,/home/dipshikha/Music/cao/CISLR_v1.5-a_videos/bwM7NUs3TFc_1.mp4,test,True,30.0,90,300,300,3.0
bwrBPuatbGQ_1,bank nationalised,13.0,banking,True,/home/dipshikha/Music/cao/CISLR_v1.5-a_videos/bwrBPuatbGQ_1.mp4,train,True,30.0,180,300,300,6.0
bxQU88YWOhg,seychelles,3.0,geography,True,/home/dipshikha/Music/cao/CISLR_v1.5-a_videos/bxQU88YWOhg.mp4,train,True,25.0,72,300,300,2.88
by5LPvJU5OY_1,all,7.0,quantity,True,/home/dipshikha/Music/cao/CISLR_v1.5-a_videos/by5LPvJU5OY_1.mp4,train,True,25.0,75,300,300,3.0
bz6nldNgnjU,blackberry,5.0,organisation,True,/home/dipshikha/Music/cao/CISLR_v1.5-a_videos/bz6nldNgnjU.mp4,train,True,25.0,108,300,300,4.32
bz7Stt4IzGc,bully calf,11.0,flora and fauna,True,/home/dipshikha/Music/cao/CISLR_v1.5-a_videos/bz7Stt4IzGc.mp4,train,True,24.0,243,300,300,10.125
bzfDfBXrsTA_1,bill,10.0,banking,True,/home/dipshikha/Music/cao/CISLR_v1.5-a_videos/bzfDfBXrsTA_1.mp4,test,True,30.0,150,300,300,5.0
c-5Km1sqJOA_1,coconut,8.0,foods and drinks,True,/home/dipshikha/Music/cao/CISLR_v1.5-a_videos/c-5Km1sqJOA_1.mp4,test,True,25.0,88,300,300,3.52
c-A3wFtFlEM_1,common,6.0,abstract,True,/home/dipshikha/Music/cao/CISLR_v1.5-a_videos/c-A3wFtFlEM_1.mp4,test,True,25.0,63,300,300,2.52
c-iylYqUcUw,bench mark,14.0,metric,True,/home/dipshikha/Music/cao/CISLR_v1.5-a_videos/c-iylYqUcUw.mp4,train,True,25.0,349,300,300,13.96
c-n55nBWOIc_1,interest,8.0,banking,True,/home/dipshikha/Music/cao/CISLR_v1.5-a_videos/c-n55nBWOIc_1.mp4,test,True,30.0,120,300,300,4.0
c02rBJWw1fo,cargo  pocket,11.0,wearable,True,/home/dipshikha/Music/cao/CISLR_v1.5-a_videos/c02rBJWw1fo.mp4,train,True,25.0,252,300,300,10.08
c05vX2BcjUs_2,absorption,6.0,attribute,True,/home/dipshikha/Music/cao/CISLR_v1.5-a_videos/c05vX2BcjUs_2.mp4,train,True,30.0,65,300,300,2.1666666666666665
c0Mr2g3NjFE_1,profession,6.0,profession,True,/home/dipshikha/Music/cao/CISLR_v1.5-a_videos/c0Mr2g3NjFE_1.mp4,test,True,25.0,75,300,300,3.0
c0YAVT3cqwI_1,pond,9.0,geography,True,/home/dipshikha/Music/cao/CISLR_v1.5-a_videos/c0YAVT3cqwI_1.mp4,test,True,25.0,100,300,300,4.0
c26UiFPMTcw,annual,5.0,time,True,/home/dipshikha/Music/cao/CISLR_v1.5-a_videos/c26UiFPMTcw.mp4,train,True,25.0,116,300,300,4.64
c3ekz0r_Xwg_1,busy,6.0,behavior,True,/home/dipshikha/Music/cao/CISLR_v1.5-a_videos/c3ekz0r_Xwg_1.mp4,test,True,30.0,75,300,300,2.5
c3l-zz-FQ9I_1,mouth,9.0,biology,True,/home/dipshikha/Music/cao/CISLR_v1.5-a_videos/c3l-zz-FQ9I_1.mp4,test,True,30.0,150,300,300,5.0
c4HojUA2FGE,appointment,4.0,action,True,/home/dipshikha/Music/cao/CISLR_v1.5-a_videos/c4HojUA2FGE.mp4,test,True,25.0,83,300,300,3.32
c4Nn0I-C4gY,blackboard duster,8.0,education,True,/home/dipshikha/Music/cao/CISLR_v1.5-a_videos/c4Nn0I-C4gY.mp4,test,True,25.0,180,300,300,7.2
c4_wAHzGCiw,deadline,4.0,time,True,/home/dipshikha/Music/cao/CISLR_v1.5-a_videos/c4_wAHzGCiw.mp4,test,True,25.0,79,300,300,3.16
c5txohM_Pv8,body parts,8.0,biology,True,/home/dipshikha/Music/cao/CISLR_v1.5-a_videos/c5txohM_Pv8.mp4,train,True,25.0,176,300,300,7.04
c6-NB5Yrrdo,arm,5.0,biology,True,/home/dipshikha/Music/cao/CISLR_v1.5-a_videos/c6-NB5Yrrdo.mp4,test,True,25.0,116,300,300,4.64
c6lgZeRgbuM_1,continent,7.0,geography,True,/home/dipshikha/Music/cao/CISLR_v1.5-a_videos/c6lgZeRgbuM_1.mp4,train,True,25.0,88,300,300,3.52
c7P3OaUt-LA,owner,5.0,human,True,/home/dipshikha/Music/cao/CISLR_v1.5-a_videos/c7P3OaUt-LA.mp4,test,True,25.0,117,300,300,4.68
c8QdJkQk-S4,absent,4.0,abstract,True,/home/dipshikha/Music/cao/CISLR_v1.5-a_videos/c8QdJkQk-S4.mp4,test,True,25.0,98,300,300,3.92
c8cBnLAFa40,blight,14.0,medical,True,/home/dipshikha/Music/cao/CISLR_v1.5-a_videos/c8cBnLAFa40.mp4,train,True,25.0,339,300,300,13.56
c8vOZMKsBC8_2,north,8.0,spatial position,True,/home/dipshikha/Music/cao/CISLR_v1.5-a_videos/c8vOZMKsBC8_2.mp4,train,True,30.0,92,300,300,3.066666666666667
c9D91JO8O0w,manage,4.0,action,True,/home/dipshikha/Music/cao/CISLR_v1.5-a_videos/c9D91JO8O0w.mp4,test,True,25.0,87,300,300,3.48
c9Kcl0vkQh4,arrogate,15.0,action,True,/home/dipshikha/Music/cao/CISLR_v1.5-a_videos/c9Kcl0vkQh4.mp4,train,True,24.0,359,300,300,14.958333333333334
c9hrMSMJFgw,congratulations,4.0,greeting,True,/home/dipshikha/Music/cao/CISLR_v1.5-a_videos/c9hrMSMJFgw.mp4,train,True,25.0,95,300,300,3.8
cA1B3PFfvjM_1,photograph,7.0,miscellaneous object,True,/home/dipshikha/Music/cao/CISLR_v1.5-a_videos/cA1B3PFfvjM_1.mp4,test,True,30.0,105,300,300,3.5
cApvRkBL8e0,hard drive,6.0,electronic and electrical,True,/home/dipshikha/Music/cao/CISLR_v1.5-a_videos/cApvRkBL8e0.mp4,test,True,25.0,136,300,300,5.44
cBtN1DlLXAs,different,5.0,comparator,True,/home/dipshikha/Music/cao/CISLR_v1.5-a_videos/cBtN1DlLXAs.mp4,train,True,25.0,120,300,300,4.8
cC0E_KK9FBs_1,variable,6.0,math,True,/home/dipshikha/Music/cao/CISLR_v1.5-a_videos/cC0E_KK9FBs_1.mp4,test,True,30.0,90,300,300,3.0
cDV-k7lXo7w,south america,5.0,geography,True,/home/dipshikha/Music/cao/CISLR_v1.5-a_videos/cDV-k7lXo7w.mp4,test,True,25.0,108,300,300,4.32
cEclg4wFkQY,bank branch address,5.0,banking,True,/home/dipshikha/Music/cao/CISLR_v1.5-a_videos/cEclg4wFkQY.mp4,train,True,24.0,103,300,300,4.291666666666667
cFdYCBpZGEw_1,only,6.0,quantity,True,/home/dipshikha/Music/cao/CISLR_v1.5-a_videos/cFdYCBpZGEw_1.mp4,train,True,25.0,63,300,300,2.52
cGIpxkvYfys,whistle,5.0,sound,True,/home/dipshikha/Music/cao/CISLR_v1.5-a_videos/cGIpxkvYfys.mp4,test,True,25.0,111,300,300,4.44
cHTrAwUZtNY,ginger,4.0,foods and drinks,True,/home/dipshikha/Music/cao/CISLR_v1.5-a_videos/cHTrAwUZtNY.mp4,train,True,25.0,94,300,300,3.76
cHzy7fieqXU_1,stationery,9.0,utility item,True,/home/dipshikha/Music/cao/CISLR_v1.5-a_videos/cHzy7fieqXU_1.mp4,test,True,30.0,135,300,300,4.5
cIPxnJAUd74,newly weds,6.0,relation,True,/home/dipshikha/Music/cao/CISLR_v1.5-a_videos/cIPxnJAUd74.mp4,train,True,25.0,132,300,300,5.28
cItWv5VCy8w_1,black,9.0,quality,True,/home/dipshikha/Music/cao/CISLR_v1.5-a_videos/cItWv5VCy8w_1.mp4,test,True,30.0,120,300,300,4.0
cIyDQeSqcnk,reinforced cement concrete,14.0,construction,True,/home/dipshikha/Music/cao/CISLR_v1.5-a_videos/cIyDQeSqcnk.mp4,train,True,25.0,332,300,300,13.28
cKTC0499dBc,prescription,5.0,medical,True,/home/dipshikha/Music/cao/CISLR_v1.5-a_videos/cKTC0499dBc.mp4,test,True,25.0,125,300,300,5.0
cKkCZ_GYpkk,scream,5.0,action,True,/home/dipshikha/Music/cao/CISLR_v1.5-a_videos/cKkCZ_GYpkk.mp4,train,True,25.0,122,300,300,4.88
cMIJrgJVkzc_1,order standing,10.0,banking,True,/home/dipshikha/Music/cao/CISLR_v1.5-a_videos/cMIJrgJVkzc_1.mp4,train,True,30.0,165,300,300,5.5
cM_xDZOtPsc,paint,6.0,action,True,/home/dipshikha/Music/cao/CISLR_v1.5-a_videos/cM_xDZOtPsc.mp4,test,True,25.0,136,300,300,5.44
cMeg0EWN2mY_1,season,7.0,time,True,/home/dipshikha/Music/cao/CISLR_v1.5-a_videos/cMeg0EWN2mY_1.mp4,train,True,25.0,75,300,300,3.0
cMm2cWGKt6Q,murraya exotica,13.0,flora and fauna,True,/home/dipshikha/Music/cao/CISLR_v1.5-a_videos/cMm2cWGKt6Q.mp4,train,True,25.0,314,300,300,12.56
cN4cdQ7Uvhw_1,storage,8.0,quantity,True,/home/dipshikha/Music/cao/CISLR_v1.5-a_videos/cN4cdQ7Uvhw_1.mp4,train,True,30.0,135,300,300,4.5
cNL6z2IayOU,bandra to worli sea link,5.0,geography,True,/home/dipshikha/Music/cao/CISLR_v1.5-a_videos/cNL6z2IayOU.mp4,train,True,25.0,110,300,300,4.4
cP9CvXcgOs8_1,famous,6.0,attribute,True,/home/dipshikha/Music/cao/CISLR_v1.5-a_videos/cP9CvXcgOs8_1.mp4,test,True,25.0,75,300,300,3.0
cPSQyj-JTpM,compositing,15.0,construction,True,/home/dipshikha/Music/cao/CISLR_v1.5-a_videos/cPSQyj-JTpM.mp4,train,True,24.0,167,300,300,6.958333333333333
cPtb9OMfZ0w,sometimes,5.0,abstract,True,/home/dipshikha/Music/cao/CISLR_v1.5-a_videos/cPtb9OMfZ0w.mp4,test,True,25.0,113,300,300,4.52
cPzYNzLFQo0_1,orange,7.0,foods and drinks,True,/home/dipshikha/Music/cao/CISLR_v1.5-a_videos/cPzYNzLFQo0_1.mp4,test,True,25.0,75,300,300,3.0
cSyNdG5W6i0_2,parachute,12.0,miscellaneous object,True,/home/dipshikha/Music/cao/CISLR_v1.5-a_videos/cSyNdG5W6i0_2.mp4,train,True,30.0,148,300,300,4.933333333333334
cTLsY2Pa848_1,land holding,9.0,legal,True,/home/dipshikha/Music/cao/CISLR_v1.5-a_videos/cTLsY2Pa848_1.mp4,train,True,30.0,135,300,300,4.5
cW1M5CUdCmk,mother in law,5.0,relation,True,/home/dipshikha/Music/cao/CISLR_v1.5-a_videos/cW1M5CUdCmk.mp4,train,True,25.0,125,300,300,5.0
cW1Vl1AqGzI,video,4.0,computer,True,/home/dipshikha/Music/cao/CISLR_v1.5-a_videos/cW1Vl1AqGzI.mp4,test,True,25.0,93,300,300,3.72
cWsTOcbwNJg_1,nect tie,6.0,utility item,True,/home/dipshikha/Music/cao/CISLR_v1.5-a_videos/cWsTOcbwNJg_1.mp4,train,True,25.0,75,300,300,3.0
cXKAkxMNEYI,grenade,12.0,machine,True,/home/dipshikha/Music/cao/CISLR_v1.5-a_videos/cXKAkxMNEYI.mp4,train,True,24.0,276,300,300,11.5
cXX9Fqj1fuE,well,5.0,construction,True,/home/dipshikha/Music/cao/CISLR_v1.5-a_videos/cXX9Fqj1fuE.mp4,train,True,25.0,107,300,300,4.28
cZ4RwsITk3c_2,diffraction,10.0,physics,True,/home/dipshikha/Music/cao/CISLR_v1.5-a_videos/cZ4RwsITk3c_2.mp4,train,True,30.0,116,300,300,3.8666666666666663
cZBoXXZqXT0_2,calculation,10.0,math,True,/home/dipshikha/Music/cao/CISLR_v1.5-a_videos/cZBoXXZqXT0_2.mp4,test,True,30.0,123,300,300,4.1
c_CVbagPDA8_1,physical training,8.0,action,True,/home/dipshikha/Music/cao/CISLR_v1.5-a_videos/c_CVbagPDA8_1.mp4,train,True,25.0,88,300,300,3.52
c_N193NzE94_1,credit purchase,8.0,banking,True,/home/dipshikha/Music/cao/CISLR_v1.5-a_videos/c_N193NzE94_1.mp4,train,True,30.0,105,300,300,3.5
c_i7AAEhy3E_1,super,10.0,quality,True,/home/dipshikha/Music/cao/CISLR_v1.5-a_videos/c_i7AAEhy3E_1.mp4,train,True,30.0,180,300,300,6.0
ca4NtqH_cx0_1,thursday,5.0,time,True,/home/dipshikha/Music/cao/CISLR_v1.5-a_videos/ca4NtqH_cx0_1.mp4,test,True,30.0,75,300,300,2.5
caIqDNu--II,compaction,10.0,construction,True,/home/dipshikha/Music/cao/CISLR_v1.5-a_videos/caIqDNu--II.mp4,train,True,25.0,241,300,300,9.64
cclXS3qW2bI,black market,9.0,legal,True,/home/dipshikha/Music/cao/CISLR_v1.5-a_videos/cclXS3qW2bI.mp4,train,True,24.0,210,300,300,8.75
cdg2loc35vs,agree,6.0,action,True,/home/dipshikha/Music/cao/CISLR_v1.5-a_videos/cdg2loc35vs.mp4,train,True,25.0,132,300,300,5.28
cfAXWBaT88Y_1,jealous,7.0,emotion,True,/home/dipshikha/Music/cao/CISLR_v1.5-a_videos/cfAXWBaT88Y_1.mp4,train,True,25.0,75,300,300,3.0
cfPvMQAbTy8,engagement,4.0,event,True,/home/dipshikha/Music/cao/CISLR_v1.5-a_videos/cfPvMQAbTy8.mp4,train,True,25.0,93,300,300,3.72
cfZzelNoOtA,profit,4.0,banking,True,/home/dipshikha/Music/cao/CISLR_v1.5-a_videos/cfZzelNoOtA.mp4,test,True,25.0,86,300,300,3.44
cfiEadKO-jY,machine water pump,9.0,machine,True,/home/dipshikha/Music/cao/CISLR_v1.5-a_videos/cfiEadKO-jY.mp4,train,True,24.0,202,300,300,8.416666666666666
cg4E83GKGJk_1,tail,6.0,attribute,True,/home/dipshikha/Music/cao/CISLR_v1.5-a_videos/cg4E83GKGJk_1.mp4,train,True,30.0,90,300,300,3.0
cg9Qwgaezdg,download,8.0,computer,True,/home/dipshikha/Music/cao/CISLR_v1.5-a_videos/cg9Qwgaezdg.mp4,train,True,25.0,180,300,300,7.2
chPdC6gwibQ,kumbh mela,7.0,event,True,/home/dipshikha/Music/cao/CISLR_v1.5-a_videos/chPdC6gwibQ.mp4,test,True,25.0,168,300,300,6.72
ciBV8fax0EQ_1,whale,8.0,flora and fauna,True,/home/dipshikha/Music/cao/CISLR_v1.5-a_videos/ciBV8fax0EQ_1.mp4,test,True,30.0,105,300,300,3.5
cigrNp7NbVY,bury,6.0,action,True,/home/dipshikha/Music/cao/CISLR_v1.5-a_videos/cigrNp7NbVY.mp4,test,True,25.0,150,300,300,6.0
cj4nM0IFGYQ,maha shivaratri,4.0,event,True,/home/dipshikha/Music/cao/CISLR_v1.5-a_videos/cj4nM0IFGYQ.mp4,test,True,25.0,90,300,300,3.6
cj56UIvObV8,back,3.0,spatial position,True,/home/dipshikha/Music/cao/CISLR_v1.5-a_videos/cj56UIvObV8.mp4,test,True,25.0,59,300,300,2.36
cjb9U7rI-pk,special,3.0,attribute,True,/home/dipshikha/Music/cao/CISLR_v1.5-a_videos/cjb9U7rI-pk.mp4,test,True,25.0,73,300,300,2.92
cjlXzFSoIco_1,squrriel,7.0,flora and fauna,True,/home/dipshikha/Music/cao/CISLR_v1.5-a_videos/cjlXzFSoIco_1.mp4,train,True,30.0,105,300,300,3.5
ckDEZnw3PHE_1,ring,6.0,miscellaneous object,True,/home/dipshikha/Music/cao/CISLR_v1.5-a_videos/ckDEZnw3PHE_1.mp4,test,True,25.0,63,300,300,2.52
clwF6d-MIBw_2,bad conductor,11.0,physics,True,/home/dipshikha/Music/cao/CISLR_v1.5-a_videos/clwF6d-MIBw_2.mp4,train,True,30.0,144,300,300,4.8
clxS63kY4zs_1,accured,12.0,banking,True,/home/dipshikha/Music/cao/CISLR_v1.5-a_videos/clxS63kY4zs_1.mp4,train,True,30.0,180,300,300,6.0
cmFVOsYv2Nk,argentina,3.0,geography,True,/home/dipshikha/Music/cao/CISLR_v1.5-a_videos/cmFVOsYv2Nk.mp4,train,True,25.0,70,300,300,2.8
cmlToISecIA,adult,5.0,stage,True,/home/dipshikha/Music/cao/CISLR_v1.5-a_videos/cmlToISecIA.mp4,test,True,24.0,116,300,300,4.833333333333333
cpbTXmt7XwA_1,quick,6.0,time,True,/home/dipshikha/Music/cao/CISLR_v1.5-a_videos/cpbTXmt7XwA_1.mp4,train,True,25.0,63,300,300,2.52
cqpttv1IB28_1,wood,8.0,miscellaneous object,True,/home/dipshikha/Music/cao/CISLR_v1.5-a_videos/cqpttv1IB28_1.mp4,test,True,30.0,105,300,300,3.5
crOKuw1QwVk,pulley,9.0,instrument,True,/home/dipshikha/Music/cao/CISLR_v1.5-a_videos/crOKuw1QwVk.mp4,train,True,25.0,216,300,300,8.64
cuouiP_uipw_1,official,6.0,legal,True,/home/dipshikha/Music/cao/CISLR_v1.5-a_videos/cuouiP_uipw_1.mp4,test,True,30.0,90,300,300,3.0
cuv95axJkJg,motorcycle air filter,15.0,machine,True,/home/dipshikha/Music/cao/CISLR_v1.5-a_videos/cuv95axJkJg.mp4,train,True,24.0,337,300,300,14.041666666666666
cvBDFoHc-SI_1,goat,7.0,flora and fauna,True,/home/dipshikha/Music/cao/CISLR_v1.5-a_videos/cvBDFoHc-SI_1.mp4,test,True,30.0,90,300,300,3.0
cwDDoB4ZOZY,connect,6.0,process,True,/home/dipshikha/Music/cao/CISLR_v1.5-a_videos/cwDDoB4ZOZY.mp4,train,True,25.0,127,300,300,5.08
cwDfYuPi02Y_1,socks,6.0,wearable,True,/home/dipshikha/Music/cao/CISLR_v1.5-a_videos/cwDfYuPi02Y_1.mp4,test,True,25.0,75,300,300,3.0
cwEfR3ySdZg,disease control of plant,13.0,biology,True,/home/dipshikha/Music/cao/CISLR_v1.5-a_videos/cwEfR3ySdZg.mp4,train,True,25.0,304,300,300,12.16
cxqz0EbY4yE,eczema,7.0,medical,True,/home/dipshikha/Music/cao/CISLR_v1.5-a_videos/cxqz0EbY4yE.mp4,train,True,25.0,155,300,300,6.2
cycfuVbrlOQ_1,owner cultivated,9.0,relation,True,/home/dipshikha/Music/cao/CISLR_v1.5-a_videos/cycfuVbrlOQ_1.mp4,train,True,30.0,135,300,300,4.5
cyyBiFbtefI,sikhism,5.0,religious,True,/home/dipshikha/Music/cao/CISLR_v1.5-a_videos/cyyBiFbtefI.mp4,test,True,25.0,115,300,300,4.6
cyz7f5C8VWc_1,pretend,6.0,action,True,/home/dipshikha/Music/cao/CISLR_v1.5-a_videos/cyz7f5C8VWc_1.mp4,test,True,25.0,75,300,300,3.0
czE3uNUVUKA,spoken,5.0,sound,True,/home/dipshikha/Music/cao/CISLR_v1.5-a_videos/czE3uNUVUKA.mp4,train,True,25.0,108,300,300,4.32
czmizKva6TQ_1,drum,5.0,sound,True,/home/dipshikha/Music/cao/CISLR_v1.5-a_videos/czmizKva6TQ_1.mp4,train,True,25.0,63,300,300,2.52
d0SGtxOqFpU,arrest,4.0,legal,True,/home/dipshikha/Music/cao/CISLR_v1.5-a_videos/d0SGtxOqFpU.mp4,test,True,25.0,77,300,300,3.08
d3Mz6l_VYic_1,call,5.0,action,True,/home/dipshikha/Music/cao/CISLR_v1.5-a_videos/d3Mz6l_VYic_1.mp4,test,True,25.0,63,300,300,2.52
d3i2EjGoA2k_1,come,5.0,process,True,/home/dipshikha/Music/cao/CISLR_v1.5-a_videos/d3i2EjGoA2k_1.mp4,test,True,25.0,63,300,300,2.52
d3tDqVfbgCg_1,pull,6.0,action,True,/home/dipshikha/Music/cao/CISLR_v1.5-a_videos/d3tDqVfbgCg_1.mp4,train,True,25.0,75,300,300,3.0
d4nkMcBvUZM_1,eat,7.0,action,True,/home/dipshikha/Music/cao/CISLR_v1.5-a_videos/d4nkMcBvUZM_1.mp4,test,True,30.0,90,300,300,3.0
d4zWp5T3P-w,cloudy,7.0,weather,True,/home/dipshikha/Music/cao/CISLR_v1.5-a_videos/d4zWp5T3P-w.mp4,train,True,25.0,159,300,300,6.36
d5SWvjzXUbs_1,absorb,6.0,action,True,/home/dipshikha/Music/cao/CISLR_v1.5-a_videos/d5SWvjzXUbs_1.mp4,train,True,25.0,63,300,300,2.52
d5SYjSyZLZI,cobbler,5.0,profession,True,/home/dipshikha/Music/cao/CISLR_v1.5-a_videos/d5SYjSyZLZI.mp4,test,True,25.0,108,300,300,4.32
d5gBuuQWncc_1,begin,5.0,time,True,/home/dipshikha/Music/cao/CISLR_v1.5-a_videos/d5gBuuQWncc_1.mp4,train,True,25.0,50,300,300,2.0
d73jrF3Tevc_1,primary,8.0,attribute,True,/home/dipshikha/Music/cao/CISLR_v1.5-a_videos/d73jrF3Tevc_1.mp4,train,True,30.0,105,300,300,3.5
d9LDsGqPpXA_2,output,7.0,miscellaneous object,True,/home/dipshikha/Music/cao/CISLR_v1.5-a_videos/d9LDsGqPpXA_2.mp4,test,True,30.0,79,300,300,2.6333333333333333
d9MAodEjHsc,send,4.0,action,True,/home/dipshikha/Music/cao/CISLR_v1.5-a_videos/d9MAodEjHsc.mp4,train,True,25.0,80,300,300,3.2
d9fEfBJmy0Y_1,help,7.0,process,True,/home/dipshikha/Music/cao/CISLR_v1.5-a_videos/d9fEfBJmy0Y_1.mp4,test,True,30.0,90,300,300,3.0
d9qLL38zaZ0,parade,5.0,event,True,/home/dipshikha/Music/cao/CISLR_v1.5-a_videos/d9qLL38zaZ0.mp4,train,True,25.0,119,300,300,4.76
d9s1JfE1Rv0,crime scene,10.0,legal,True,/home/dipshikha/Music/cao/CISLR_v1.5-a_videos/d9s1JfE1Rv0.mp4,train,True,24.0,232,300,300,9.666666666666666
dAFLzjA5FtQ_1,pickle,6.0,foods and drinks,True,/home/dipshikha/Music/cao/CISLR_v1.5-a_videos/dAFLzjA5FtQ_1.mp4,test,True,25.0,63,300,300,2.52
dBQHt6OHvi8_1,squirrel,6.0,flora and fauna,True,/home/dipshikha/Music/cao/CISLR_v1.5-a_videos/dBQHt6OHvi8_1.mp4,test,True,30.0,75,300,300,2.5
dCvX2SjAybM,adjudge,10.0,legal,True,/home/dipshikha/Music/cao/CISLR_v1.5-a_videos/dCvX2SjAybM.mp4,train,True,25.0,239,300,300,9.56
dDJCclqr7jo,sesbenia aegyptiaca,12.0,biology,True,/home/dipshikha/Music/cao/CISLR_v1.5-a_videos/dDJCclqr7jo.mp4,train,True,25.0,297,300,300,11.88
dELRdOxwEQY_1,pumpkin,7.0,foods and drinks,True,/home/dipshikha/Music/cao/CISLR_v1.5-a_videos/dELRdOxwEQY_1.mp4,test,True,25.0,75,300,300,3.0
dFNIhuujLGo,capital punishment,6.0,legal,True,/home/dipshikha/Music/cao/CISLR_v1.5-a_videos/dFNIhuujLGo.mp4,train,True,25.0,145,300,300,5.8
dFstSkKTdJs_2,agreement,10.0,commerce,True,/home/dipshikha/Music/cao/CISLR_v1.5-a_videos/dFstSkKTdJs_2.mp4,train,True,30.0,137,300,300,4.566666666666666
dGP1h8tXPGY,republic day,5.0,event,True,/home/dipshikha/Music/cao/CISLR_v1.5-a_videos/dGP1h8tXPGY.mp4,train,True,25.0,114,300,300,4.56
dGUBX9_VN7U_1,august,6.0,time,True,/home/dipshikha/Music/cao/CISLR_v1.5-a_videos/dGUBX9_VN7U_1.mp4,test,True,30.0,75,300,300,2.5
dGg9jffJ8us,habit,5.0,behavior,True,/home/dipshikha/Music/cao/CISLR_v1.5-a_videos/dGg9jffJ8us.mp4,train,True,25.0,109,300,300,4.36
dIH705Z6Wkk,mistake,6.0,abstract,True,/home/dipshikha/Music/cao/CISLR_v1.5-a_videos/dIH705Z6Wkk.mp4,test,True,25.0,135,300,300,5.4
dJtS0RP9YyM_1,pen,5.0,utility item,True,/home/dipshikha/Music/cao/CISLR_v1.5-a_videos/dJtS0RP9YyM_1.mp4,test,True,25.0,63,300,300,2.52
dNSKKwUJdGI_1,desert,8.0,geography,True,/home/dipshikha/Music/cao/CISLR_v1.5-a_videos/dNSKKwUJdGI_1.mp4,train,True,25.0,100,300,300,4.0
dNZ0oK9jvZs,nothing,4.0,abstract,True,/home/dipshikha/Music/cao/CISLR_v1.5-a_videos/dNZ0oK9jvZs.mp4,test,True,25.0,99,300,300,3.96
dNrwv9tT8qY_2,solar energy,10.0,physics,True,/home/dipshikha/Music/cao/CISLR_v1.5-a_videos/dNrwv9tT8qY_2.mp4,train,True,30.0,113,300,300,3.7666666666666666
dOPSYCZ4mfU,dustbin,5.0,utility item,True,/home/dipshikha/Music/cao/CISLR_v1.5-a_videos/dOPSYCZ4mfU.mp4,test,True,25.0,105,300,300,4.2
dOZOALFxyNw_1,meat,6.0,foods and drinks,True,/home/dipshikha/Music/cao/CISLR_v1.5-a_videos/dOZOALFxyNw_1.mp4,test,True,25.0,75,300,300,3.0
dOdFMkRCpWI,pacing,15.0,action,True,/home/dipshikha/Music/cao/CISLR_v1.5-a_videos/dOdFMkRCpWI.mp4,train,True,24.0,349,300,300,14.541666666666666
dPSB-HxRET4,understand,3.0,action,True,/home/dipshikha/Music/cao/CISLR_v1.5-a_videos/dPSB-HxRET4.mp4,test,True,25.0,75,300,300,3.0
dPnP2JZGAks_1,lead,6.0,authority,True,/home/dipshikha/Music/cao/CISLR_v1.5-a_videos/dPnP2JZGAks_1.mp4,test,True,25.0,75,300,300,3.0
dQ30qulPHvE_2,brown,9.0,attribute,True,/home/dipshikha/Music/cao/CISLR_v1.5-a_videos/dQ30qulPHvE_2.mp4,test,True,30.0,90,300,300,3.0
dQABEhftkDY,zoo,4.0,geography,True,/home/dipshikha/Music/cao/CISLR_v1.5-a_videos/dQABEhftkDY.mp4,test,True,25.0,80,300,300,3.2
dQMbnTMaARA,hawker,7.0,profession,True,/home/dipshikha/Music/cao/CISLR_v1.5-a_videos/dQMbnTMaARA.mp4,test,True,24.0,150,300,300,6.25
dQd7vQzxfJE,vadodara,4.0,geography,True,/home/dipshikha/Music/cao/CISLR_v1.5-a_videos/dQd7vQzxfJE.mp4,test,True,25.0,90,300,300,3.6
dQs0quEuTls,traffic lights,6.0,electronic and electrical,True,/home/dipshikha/Music/cao/CISLR_v1.5-a_videos/dQs0quEuTls.mp4,train,True,25.0,134,300,300,5.36
dRZkuKTLcis,chief minister,5.0,authority,True,/home/dipshikha/Music/cao/CISLR_v1.5-a_videos/dRZkuKTLcis.mp4,train,True,25.0,111,300,300,4.44
dRhS2U_Bl5w_1,result,6.0,abstract,True,/home/dipshikha/Music/cao/CISLR_v1.5-a_videos/dRhS2U_Bl5w_1.mp4,test,True,25.0,63,300,300,2.52
dSF64aB7oIs,juice,5.0,foods and drinks,True,/home/dipshikha/Music/cao/CISLR_v1.5-a_videos/dSF64aB7oIs.mp4,test,True,25.0,125,300,300,5.0
dSGNGtAprtE_1,west indies,7.0,geography,True,/home/dipshikha/Music/cao/CISLR_v1.5-a_videos/dSGNGtAprtE_1.mp4,test,True,25.0,88,300,300,3.52
dT4Y_R7jVIE_1,try,6.0,action,True,/home/dipshikha/Music/cao/CISLR_v1.5-a_videos/dT4Y_R7jVIE_1.mp4,test,True,25.0,75,300,300,3.0
dT9dCqGuDCE,kick,5.0,action,True,/home/dipshikha/Music/cao/CISLR_v1.5-a_videos/dT9dCqGuDCE.mp4,train,True,25.0,104,300,300,4.16
dTjzMwNtA1o_1,union,7.0,group,True,/home/dipshikha/Music/cao/CISLR_v1.5-a_videos/dTjzMwNtA1o_1.mp4,train,True,30.0,90,300,300,3.0
dVHZX2-cexY,sunday,3.0,time,True,/home/dipshikha/Music/cao/CISLR_v1.5-a_videos/dVHZX2-cexY.mp4,test,True,25.0,69,300,300,2.76
dWGCRKIqUb0,drop cap,14.0,language,True,/home/dipshikha/Music/cao/CISLR_v1.5-a_videos/dWGCRKIqUb0.mp4,train,True,24.0,328,300,300,13.666666666666666
dWeSkZ2K4TA,wrestling,4.0,sport,True,/home/dipshikha/Music/cao/CISLR_v1.5-a_videos/dWeSkZ2K4TA.mp4,test,True,25.0,80,300,300,3.2
dXn51-btduM_1,major,8.0,quality,True,/home/dipshikha/Music/cao/CISLR_v1.5-a_videos/dXn51-btduM_1.mp4,train,True,30.0,135,300,300,4.5
dY77Eo9bfNg_2,southern hemisphere,15.0,geography,True,/home/dipshikha/Music/cao/CISLR_v1.5-a_videos/dY77Eo9bfNg_2.mp4,train,True,30.0,194,300,300,6.466666666666667
dZLD3z1uC54_2,equal,7.0,metric,True,/home/dipshikha/Music/cao/CISLR_v1.5-a_videos/dZLD3z1uC54_2.mp4,test,True,30.0,81,300,300,2.7
d_-8DagcQRQ,allen key,12.0,instrument,True,/home/dipshikha/Music/cao/CISLR_v1.5-a_videos/d_-8DagcQRQ.mp4,train,True,25.0,291,300,300,11.64
d_0HZMA0Ml0,order,4.0,action,True,/home/dipshikha/Music/cao/CISLR_v1.5-a_videos/d_0HZMA0Ml0.mp4,test,True,25.0,88,300,300,3.52
d_GdVQe7Jrk_1,project,8.0,abstract,True,/home/dipshikha/Music/cao/CISLR_v1.5-a_videos/d_GdVQe7Jrk_1.mp4,train,True,30.0,150,300,300,5.0
daRWg-gnW7M,chalk,4.0,utility item,True,/home/dipshikha/Music/cao/CISLR_v1.5-a_videos/daRWg-gnW7M.mp4,test,True,25.0,84,300,300,3.36
ddPCGaifqHg_1,back,8.0,spatial position,True,/home/dipshikha/Music/cao/CISLR_v1.5-a_videos/ddPCGaifqHg_1.mp4,test,True,30.0,105,300,300,3.5
ddUcwkYlh5E,abrogate,11.0,legal,True,/home/dipshikha/Music/cao/CISLR_v1.5-a_videos/ddUcwkYlh5E.mp4,train,True,24.0,248,300,300,10.333333333333334
ddanfdSlKGA_1,chest,7.0,biology,True,/home/dipshikha/Music/cao/CISLR_v1.5-a_videos/ddanfdSlKGA_1.mp4,train,True,30.0,90,300,300,3.0
ddpIUqF0dEg,murder,3.0,action,True,/home/dipshikha/Music/cao/CISLR_v1.5-a_videos/ddpIUqF0dEg.mp4,train,True,25.0,68,300,300,2.72
dduOBzdGYug,generator,5.0,electronic and electrical,True,/home/dipshikha/Music/cao/CISLR_v1.5-a_videos/dduOBzdGYug.mp4,train,True,25.0,103,300,300,4.12
deXIYwtAoUw,system,4.0,instrument,True,/home/dipshikha/Music/cao/CISLR_v1.5-a_videos/deXIYwtAoUw.mp4,test,True,25.0,94,300,300,3.76
df3ewqju9L8,vocabulary,3.0,language,True,/home/dipshikha/Music/cao/CISLR_v1.5-a_videos/df3ewqju9L8.mp4,train,True,25.0,62,300,300,2.48
dfF51UQf_AM,garage door opener,6.0,utility item,True,/home/dipshikha/Music/cao/CISLR_v1.5-a_videos/dfF51UQf_AM.mp4,train,True,24.0,120,300,300,5.0
dggsuMZSGAc_1,week,6.0,time,True,/home/dipshikha/Music/cao/CISLR_v1.5-a_videos/dggsuMZSGAc_1.mp4,test,True,30.0,75,300,300,2.5
dgpwdJ7NHJQ_1,planet,8.0,astronomical,True,/home/dipshikha/Music/cao/CISLR_v1.5-a_videos/dgpwdJ7NHJQ_1.mp4,test,True,25.0,100,300,300,4.0
dguva7pmiNk_1,hungry,7.0,sensation,True,/home/dipshikha/Music/cao/CISLR_v1.5-a_videos/dguva7pmiNk_1.mp4,train,True,25.0,75,300,300,3.0
dhPr_hzP8oM,mushroom storage,13.0,process,True,/home/dipshikha/Music/cao/CISLR_v1.5-a_videos/dhPr_hzP8oM.mp4,train,True,25.0,311,300,300,12.44
dhYooos0RiE,germination,13.0,process,True,/home/dipshikha/Music/cao/CISLR_v1.5-a_videos/dhYooos0RiE.mp4,train,True,24.0,299,300,300,12.458333333333334
dhy4BOXYtEs_2,newton,8.0,human,True,/home/dipshikha/Music/cao/CISLR_v1.5-a_videos/dhy4BOXYtEs_2.mp4,train,True,30.0,90,300,300,3.0
diGBpMN_-WM,electric tester,7.0,instrument,True,/home/dipshikha/Music/cao/CISLR_v1.5-a_videos/diGBpMN_-WM.mp4,train,True,25.0,161,300,300,6.44
diWGuc9GzL8,fruit disease,15.0,biology,True,/home/dipshikha/Music/cao/CISLR_v1.5-a_videos/diWGuc9GzL8.mp4,train,True,25.0,103,300,300,4.12
ditvJHcM784_1,knee,7.0,biology,True,/home/dipshikha/Music/cao/CISLR_v1.5-a_videos/ditvJHcM784_1.mp4,train,True,30.0,90,300,300,3.0
djeFrqW7rPE_1,jump,6.0,process,True,/home/dipshikha/Music/cao/CISLR_v1.5-a_videos/djeFrqW7rPE_1.mp4,test,True,25.0,75,300,300,3.0
dk9QGWXU2kY_2,flouresence,8.0,attribute,True,/home/dipshikha/Music/cao/CISLR_v1.5-a_videos/dk9QGWXU2kY_2.mp4,train,True,30.0,91,300,300,3.033333333333333
dkAI5hTKrJA,law,5.0,legal,True,/home/dipshikha/Music/cao/CISLR_v1.5-a_videos/dkAI5hTKrJA.mp4,test,True,25.0,104,300,300,4.16
dkEWduuC67E_1,permanent,6.0,attribute,True,/home/dipshikha/Music/cao/CISLR_v1.5-a_videos/dkEWduuC67E_1.mp4,test,True,25.0,63,300,300,2.52
dkwDWRmVwUc,india,4.0,geography,True,/home/dipshikha/Music/cao/CISLR_v1.5-a_videos/dkwDWRmVwUc.mp4,test,True,25.0,93,300,300,3.72
dl6mqYVOS18_1,name,8.0,language,True,/home/dipshikha/Music/cao/CISLR_v1.5-a_videos/dl6mqYVOS18_1.mp4,test,True,30.0,105,300,300,3.5
dllJRt0_AGQ,buckle,5.0,wearable,True,/home/dipshikha/Music/cao/CISLR_v1.5-a_videos/dllJRt0_AGQ.mp4,train,True,25.0,122,300,300,4.88
dm6hv7A_XGI,wicketkeeper,4.0,human,True,/home/dipshikha/Music/cao/CISLR_v1.5-a_videos/dm6hv7A_XGI.mp4,train,True,25.0,98,300,300,3.92
dmDV7FGfc0E_2,hydro electricity,11.0,physics,True,/home/dipshikha/Music/cao/CISLR_v1.5-a_videos/dmDV7FGfc0E_2.mp4,train,True,30.0,121,300,300,4.033333333333333
dmspcOTLMP8_1,file,5.0,readable,True,/home/dipshikha/Music/cao/CISLR_v1.5-a_videos/dmspcOTLMP8_1.mp4,train,True,25.0,63,300,300,2.52
dnZlTBG5Taw,nose,5.0,biology,True,/home/dipshikha/Music/cao/CISLR_v1.5-a_videos/dnZlTBG5Taw.mp4,test,True,25.0,104,300,300,4.16
dnl45S16tjs,advocate,4.0,legal,True,/home/dipshikha/Music/cao/CISLR_v1.5-a_videos/dnl45S16tjs.mp4,train,True,25.0,83,300,300,3.32
doW1fga72Kk,yellow,4.0,attribute,True,/home/dipshikha/Music/cao/CISLR_v1.5-a_videos/doW1fga72Kk.mp4,test,True,25.0,96,300,300,3.84
doWXendPFc0,bowl,5.0,utility item,True,/home/dipshikha/Music/cao/CISLR_v1.5-a_videos/doWXendPFc0.mp4,test,True,25.0,117,300,300,4.68
dp8CmTJwz6g_1,air,7.0,substance,True,/home/dipshikha/Music/cao/CISLR_v1.5-a_videos/dp8CmTJwz6g_1.mp4,test,True,25.0,75,300,300,3.0
dq2YpgXqCn8,program,3.0,action,True,/home/dipshikha/Music/cao/CISLR_v1.5-a_videos/dq2YpgXqCn8.mp4,train,True,25.0,72,300,300,2.88
dqD5vrJHfQM,rectangle,5.0,math,True,/home/dipshikha/Music/cao/CISLR_v1.5-a_videos/dqD5vrJHfQM.mp4,test,True,25.0,125,300,300,5.0
dqZy_QkKqNM,subhas chandra bose,4.0,human,True,/home/dipshikha/Music/cao/CISLR_v1.5-a_videos/dqZy_QkKqNM.mp4,train,True,25.0,85,300,300,3.4
drY08LJIVLw_1,growth,8.0,time,True,/home/dipshikha/Music/cao/CISLR_v1.5-a_videos/drY08LJIVLw_1.mp4,train,True,30.0,120,300,300,4.0
ds5AgTizcgg,sofa,5.0,utility item,True,/home/dipshikha/Music/cao/CISLR_v1.5-a_videos/ds5AgTizcgg.mp4,test,True,25.0,108,300,300,4.32
ds5lPKnltQc,rice,5.0,foods and drinks,True,/home/dipshikha/Music/cao/CISLR_v1.5-a_videos/ds5lPKnltQc.mp4,test,True,25.0,119,300,300,4.76
dtlqOoeeqDU_1,hill,9.0,geography,True,/home/dipshikha/Music/cao/CISLR_v1.5-a_videos/dtlqOoeeqDU_1.mp4,test,True,25.0,100,300,300,4.0
du_72ySABJM,heifer calf,12.0,flora and fauna,True,/home/dipshikha/Music/cao/CISLR_v1.5-a_videos/du_72ySABJM.mp4,train,True,24.0,277,300,300,11.541666666666666
dv1x5AQM0E8_1,table,7.0,utility item,True,/home/dipshikha/Music/cao/CISLR_v1.5-a_videos/dv1x5AQM0E8_1.mp4,test,True,30.0,105,300,300,3.5
dwuDZ2R6yV0_1,cheque endorsement,9.0,banking,True,/home/dipshikha/Music/cao/CISLR_v1.5-a_videos/dwuDZ2R6yV0_1.mp4,train,True,30.0,135,300,300,4.5
dxPUI_h_LAk,basics,7.0,quality,True,/home/dipshikha/Music/cao/CISLR_v1.5-a_videos/dxPUI_h_LAk.mp4,train,True,25.0,168,300,300,6.72
dxoUqsSHx4E,thin,4.0,quality,True,/home/dipshikha/Music/cao/CISLR_v1.5-a_videos/dxoUqsSHx4E.mp4,train,True,25.0,98,300,300,3.92
dxvGVA3-j9k,karnataka bank,5.0,banking,True,/home/dipshikha/Music/cao/CISLR_v1.5-a_videos/dxvGVA3-j9k.mp4,train,True,24.0,107,300,300,4.458333333333333
dzKpkPSr6Ko_1,owl,7.0,flora and fauna,True,/home/dipshikha/Music/cao/CISLR_v1.5-a_videos/dzKpkPSr6Ko_1.mp4,test,True,30.0,90,300,300,3.0
e-oFpEWqbFI,husband,3.0,relation,True,/home/dipshikha/Music/cao/CISLR_v1.5-a_videos/e-oFpEWqbFI.mp4,test,True,25.0,61,300,300,2.44
e07tkwowhvQ,respect,4.0,gesture,True,/home/dipshikha/Music/cao/CISLR_v1.5-a_videos/e07tkwowhvQ.mp4,test,True,25.0,78,300,300,3.12
e0RfjsPH0yU_1,curds,6.0,foods and drinks,True,/home/dipshikha/Music/cao/CISLR_v1.5-a_videos/e0RfjsPH0yU_1.mp4,test,True,25.0,75,300,300,3.0
e0SfMAxA-jo,freezing,12.0,process,True,/home/dipshikha/Music/cao/CISLR_v1.5-a_videos/e0SfMAxA-jo.mp4,train,True,25.0,282,300,300,11.28
e0VLtZBWLHY_1,off season,8.0,time,True,/home/dipshikha/Music/cao/CISLR_v1.5-a_videos/e0VLtZBWLHY_1.mp4,train,True,29.916666666666668,120,300,300,4.011142061281337
e0WS9OgJpFs_1,account joint,14.0,banking,True,/home/dipshikha/Music/cao/CISLR_v1.5-a_videos/e0WS9OgJpFs_1.mp4,train,True,30.0,195,300,300,6.5
e0d5YxnIU3Y_1,morning,6.0,time,True,/home/dipshikha/Music/cao/CISLR_v1.5-a_videos/e0d5YxnIU3Y_1.mp4,test,True,30.0,90,300,300,3.0
e1GC3zNkWpQ_1,cut,6.0,action,True,/home/dipshikha/Music/cao/CISLR_v1.5-a_videos/e1GC3zNkWpQ_1.mp4,test,True,25.0,75,300,300,3.0
e2OKcVZ-_eA_2,sun,7.0,astronomical,True,/home/dipshikha/Music/cao/CISLR_v1.5-a_videos/e2OKcVZ-_eA_2.mp4,test,True,30.0,81,300,300,2.7
e3GI7PCF70Y_1,hammer,6.0,instrument,True,/home/dipshikha/Music/cao/CISLR_v1.5-a_videos/e3GI7PCF70Y_1.mp4,train,True,25.0,63,300,300,2.52
e3OA2Ag2N8I_1,dog,6.0,flora and fauna,True,/home/dipshikha/Music/cao/CISLR_v1.5-a_videos/e3OA2Ag2N8I_1.mp4,test,True,30.0,75,300,300,2.5
e3c5fUAhX2Y,jaipur,5.0,geography,True,/home/dipshikha/Music/cao/CISLR_v1.5-a_videos/e3c5fUAhX2Y.mp4,test,True,25.0,109,300,300,4.36
e4C5ez28e1w_1,probing,7.0,action,True,/home/dipshikha/Music/cao/CISLR_v1.5-a_videos/e4C5ez28e1w_1.mp4,train,True,29.916666666666668,120,300,300,4.011142061281337
e4iQ8x7UgQo_1,cream,6.0,utility item,True,/home/dipshikha/Music/cao/CISLR_v1.5-a_videos/e4iQ8x7UgQo_1.mp4,test,True,25.0,63,300,300,2.52
e4lux9dnPcw_1,sleep,7.0,action,True,/home/dipshikha/Music/cao/CISLR_v1.5-a_videos/e4lux9dnPcw_1.mp4,train,True,30.0,105,300,300,3.5
e4rgP9qVQlo_1,turkey,7.0,geography,True,/home/dipshikha/Music/cao/CISLR_v1.5-a_videos/e4rgP9qVQlo_1.mp4,train,True,30.0,90,300,300,3.0
e6Mi_ArdxVo,silver,3.0,metal and minerals,True,/home/dipshikha/Music/cao/CISLR_v1.5-a_videos/e6Mi_ArdxVo.mp4,test,True,25.0,75,300,300,3.0
e6oOrAWzRak_1,frog,6.0,flora and fauna,True,/home/dipshikha/Music/cao/CISLR_v1.5-a_videos/e6oOrAWzRak_1.mp4,train,True,30.0,90,300,300,3.0
e7FqJXEP2h0_1,revised,7.0,abstract,True,/home/dipshikha/Music/cao/CISLR_v1.5-a_videos/e7FqJXEP2h0_1.mp4,train,True,30.0,105,300,300,3.5
e7GHpJSlm1U_2,pluto,10.0,astronomical,True,/home/dipshikha/Music/cao/CISLR_v1.5-a_videos/e7GHpJSlm1U_2.mp4,train,True,30.0,125,300,300,4.166666666666667
e7LFVgiUCr8,gloves,4.0,wearable,True,/home/dipshikha/Music/cao/CISLR_v1.5-a_videos/e7LFVgiUCr8.mp4,test,True,25.0,80,300,300,3.2
e7lQ3oflGyw_1,sweater,7.0,wearable,True,/home/dipshikha/Music/cao/CISLR_v1.5-a_videos/e7lQ3oflGyw_1.mp4,test,True,25.0,88,300,300,3.52
e86DlT0gzqI_1,krishna,5.0,religious,True,/home/dipshikha/Music/cao/CISLR_v1.5-a_videos/e86DlT0gzqI_1.mp4,test,True,25.0,63,300,300,2.52
e8r0Tt42W7Q,limitless,5.0,metric,True,/home/dipshikha/Music/cao/CISLR_v1.5-a_videos/e8r0Tt42W7Q.mp4,train,True,25.0,125,300,300,5.0
e9pXePHQJnM_2,hydro energy,10.0,physics,True,/home/dipshikha/Music/cao/CISLR_v1.5-a_videos/e9pXePHQJnM_2.mp4,train,True,30.0,95,300,300,3.1666666666666665
eAFoZUaOwac,chickpea,5.0,foods and drinks,True,/home/dipshikha/Music/cao/CISLR_v1.5-a_videos/eAFoZUaOwac.mp4,train,True,25.0,109,300,300,4.36
eB-n9xBA7Uk_1,reject,5.0,action,True,/home/dipshikha/Music/cao/CISLR_v1.5-a_videos/eB-n9xBA7Uk_1.mp4,train,True,25.0,50,300,300,2.0
eB9zCNo5R88_1,partly paid,10.0,banking,True,/home/dipshikha/Music/cao/CISLR_v1.5-a_videos/eB9zCNo5R88_1.mp4,train,True,29.916666666666668,150,300,300,5.013927576601671
eBiQCRMwX1A,illegal,5.0,legal,True,/home/dipshikha/Music/cao/CISLR_v1.5-a_videos/eBiQCRMwX1A.mp4,train,True,25.0,105,300,300,4.2
eBn_I264LVs,measurement,3.0,math,True,/home/dipshikha/Music/cao/CISLR_v1.5-a_videos/eBn_I264LVs.mp4,train,True,25.0,75,300,300,3.0
eCHra4gvq2A,result,3.0,abstract,True,/home/dipshikha/Music/cao/CISLR_v1.5-a_videos/eCHra4gvq2A.mp4,test,True,25.0,69,300,300,2.76
eD1Hy4MJuRw_1,purpose,6.0,abstract,True,/home/dipshikha/Music/cao/CISLR_v1.5-a_videos/eD1Hy4MJuRw_1.mp4,train,True,30.0,75,300,300,2.5
eDr6D34kmcU,vote,4.0,action,True,/home/dipshikha/Music/cao/CISLR_v1.5-a_videos/eDr6D34kmcU.mp4,test,True,25.0,94,300,300,3.76
eELQUxt6rUE_1,thirsty,7.0,sensation,True,/home/dipshikha/Music/cao/CISLR_v1.5-a_videos/eELQUxt6rUE_1.mp4,train,True,25.0,88,300,300,3.52
eEoggrLYiEs_2,direct current,9.0,physics,True,/home/dipshikha/Music/cao/CISLR_v1.5-a_videos/eEoggrLYiEs_2.mp4,test,True,30.0,98,300,300,3.2666666666666666
eFb4OLllu9I_1,compromise,7.0,process,True,/home/dipshikha/Music/cao/CISLR_v1.5-a_videos/eFb4OLllu9I_1.mp4,train,True,30.0,105,300,300,3.5
eGXitOKnND8,macau,4.0,geography,True,/home/dipshikha/Music/cao/CISLR_v1.5-a_videos/eGXitOKnND8.mp4,train,True,25.0,84,300,300,3.36
eGo9ontddG8_1,cheat,6.0,action,True,/home/dipshikha/Music/cao/CISLR_v1.5-a_videos/eGo9ontddG8_1.mp4,test,True,30.0,90,300,300,3.0
eH7rPf10P-w,strict,3.0,behavior,True,/home/dipshikha/Music/cao/CISLR_v1.5-a_videos/eH7rPf10P-w.mp4,train,True,25.0,72,300,300,2.88
eH_v5Kwbkx8_2,petrol,9.0,transport,True,/home/dipshikha/Music/cao/CISLR_v1.5-a_videos/eH_v5Kwbkx8_2.mp4,train,True,30.0,97,300,300,3.2333333333333334
eI4NQgjp5l0,company,5.0,organisation,True,/home/dipshikha/Music/cao/CISLR_v1.5-a_videos/eI4NQgjp5l0.mp4,test,True,25.0,106,300,300,4.24
eIMEevvmmoE_2,advance,9.0,spatial position,True,/home/dipshikha/Music/cao/CISLR_v1.5-a_videos/eIMEevvmmoE_2.mp4,test,True,30.0,109,300,300,3.633333333333333
eIzOqdVJ2F8_1,frog,6.0,flora and fauna,True,/home/dipshikha/Music/cao/CISLR_v1.5-a_videos/eIzOqdVJ2F8_1.mp4,test,True,30.0,90,300,300,3.0
eJ5kLxC1ViY,air,4.0,substance,True,/home/dipshikha/Music/cao/CISLR_v1.5-a_videos/eJ5kLxC1ViY.mp4,test,True,25.0,81,300,300,3.24
eJ8Brka8TKw,bad language,5.0,language,True,/home/dipshikha/Music/cao/CISLR_v1.5-a_videos/eJ8Brka8TKw.mp4,train,True,25.0,103,300,300,4.12
eJ8fFy6Litw,myanmar,3.0,geography,True,/home/dipshikha/Music/cao/CISLR_v1.5-a_videos/eJ8fFy6Litw.mp4,train,True,25.0,73,300,300,2.92
eKESeb6rZGw,a line skirt,7.0,wearable,True,/home/dipshikha/Music/cao/CISLR_v1.5-a_videos/eKESeb6rZGw.mp4,train,True,25.0,156,300,300,6.24
eKHR8uZXbHE,tyre,5.0,transport,True,/home/dipshikha/Music/cao/CISLR_v1.5-a_videos/eKHR8uZXbHE.mp4,train,True,25.0,114,300,300,4.56
eKQhdwlBO_U_1,bail,7.0,banking,True,/home/dipshikha/Music/cao/CISLR_v1.5-a_videos/eKQhdwlBO_U_1.mp4,train,True,25.0,75,300,300,3.0
eKfjQx-16GU,cam,15.0,instrument,True,/home/dipshikha/Music/cao/CISLR_v1.5-a_videos/eKfjQx-16GU.mp4,train,True,25.0,351,300,300,14.04
eKlUw_m_ijA_1,mug,7.0,utility item,True,/home/dipshikha/Music/cao/CISLR_v1.5-a_videos/eKlUw_m_ijA_1.mp4,test,True,30.0,90,300,300,3.0
eNA2jaQ3PgU,leg mutton sleeve,10.0,wearable,True,/home/dipshikha/Music/cao/CISLR_v1.5-a_videos/eNA2jaQ3PgU.mp4,train,True,25.0,241,300,300,9.64
eNAP3Ae71MY,attorney general,9.0,profession,True,/home/dipshikha/Music/cao/CISLR_v1.5-a_videos/eNAP3Ae71MY.mp4,train,True,25.0,207,300,300,8.28
eNbHxuaMpAw_1,spend,6.0,action,True,/home/dipshikha/Music/cao/CISLR_v1.5-a_videos/eNbHxuaMpAw_1.mp4,train,True,25.0,75,300,300,3.0
eNwMbD5wsow_1,surrender,8.0,action,True,/home/dipshikha/Music/cao/CISLR_v1.5-a_videos/eNwMbD5wsow_1.mp4,train,True,30.0,120,300,300,4.0
eO-TvyY-J_o,wood,4.0,miscellaneous object,True,/home/dipshikha/Music/cao/CISLR_v1.5-a_videos/eO-TvyY-J_o.mp4,test,True,25.0,98,300,300,3.92
ePBmpfIy7-c_1,publication,6.0,education,True,/home/dipshikha/Music/cao/CISLR_v1.5-a_videos/ePBmpfIy7-c_1.mp4,train,True,30.0,90,300,300,3.0
eQ5_2D_y2CM_1,refer to drawer,7.0,banking,True,/home/dipshikha/Music/cao/CISLR_v1.5-a_videos/eQ5_2D_y2CM_1.mp4,train,True,30.0,90,300,300,3.0
eRceNyZCsU4,secret,5.0,attribute,True,/home/dipshikha/Music/cao/CISLR_v1.5-a_videos/eRceNyZCsU4.mp4,test,True,25.0,101,300,300,4.04
eRpqfK08yI4_2,venus,10.0,astronomical,True,/home/dipshikha/Music/cao/CISLR_v1.5-a_videos/eRpqfK08yI4_2.mp4,train,True,30.0,130,300,300,4.333333333333333
eRr2PaNsu9U,sever,5.0,action,True,/home/dipshikha/Music/cao/CISLR_v1.5-a_videos/eRr2PaNsu9U.mp4,train,True,25.0,105,300,300,4.2
eSD8MwwgEhw_1,discount,9.0,banking,True,/home/dipshikha/Music/cao/CISLR_v1.5-a_videos/eSD8MwwgEhw_1.mp4,test,True,30.0,120,300,300,4.0
eSFyfkFVTIU,ten,4.0,math,True,/home/dipshikha/Music/cao/CISLR_v1.5-a_videos/eSFyfkFVTIU.mp4,train,True,25.0,75,300,300,3.0
eTKkv1WCs0Y_1,authorisation,11.0,authority,True,/home/dipshikha/Music/cao/CISLR_v1.5-a_videos/eTKkv1WCs0Y_1.mp4,train,True,30.0,165,300,300,5.5
eU8dCYk_41Y_1,publicity material,8.0,politics,True,/home/dipshikha/Music/cao/CISLR_v1.5-a_videos/eU8dCYk_41Y_1.mp4,train,True,30.0,135,300,300,4.5
eU9MyI-p_pA,biased,4.0,attribute,True,/home/dipshikha/Music/cao/CISLR_v1.5-a_videos/eU9MyI-p_pA.mp4,test,True,25.0,89,300,300,3.56
eUB3bcNRzU8,brain tumor  inside,6.0,medical,True,/home/dipshikha/Music/cao/CISLR_v1.5-a_videos/eUB3bcNRzU8.mp4,train,True,25.0,135,300,300,5.4
eU_A9agtfeo_1,seal,9.0,flora and fauna,True,/home/dipshikha/Music/cao/CISLR_v1.5-a_videos/eU_A9agtfeo_1.mp4,train,True,30.0,120,300,300,4.0
eWPCSqa31HI_1,wool,9.0,utility item,True,/home/dipshikha/Music/cao/CISLR_v1.5-a_videos/eWPCSqa31HI_1.mp4,test,True,30.0,120,300,300,4.0
eWbekocb_go,shawl,4.0,wearable,True,/home/dipshikha/Music/cao/CISLR_v1.5-a_videos/eWbekocb_go.mp4,train,True,25.0,82,300,300,3.28
eYDkqbfQD7E_1,chew,7.0,action,True,/home/dipshikha/Music/cao/CISLR_v1.5-a_videos/eYDkqbfQD7E_1.mp4,train,True,30.0,90,300,300,3.0
eYe_qYNO81o,daisychaining,5.0,electronic and electrical,True,/home/dipshikha/Music/cao/CISLR_v1.5-a_videos/eYe_qYNO81o.mp4,train,True,25.0,105,300,300,4.2
eZ1NWsWssI0,wash,12.0,action,True,/home/dipshikha/Music/cao/CISLR_v1.5-a_videos/eZ1NWsWssI0.mp4,test,True,25.0,278,300,300,11.12
eZ3vcetOBEE_2,longitude,13.0,geography,True,/home/dipshikha/Music/cao/CISLR_v1.5-a_videos/eZ3vcetOBEE_2.mp4,train,True,30.0,168,300,300,5.6
eZg439hkK5I_1,address,9.0,geography,True,/home/dipshikha/Music/cao/CISLR_v1.5-a_videos/eZg439hkK5I_1.mp4,test,True,30.0,120,300,300,4.0
e_2UcnQtmng_1,lipstick,7.0,utility item,True,/home/dipshikha/Music/cao/CISLR_v1.5-a_videos/e_2UcnQtmng_1.mp4,train,True,25.0,88,300,300,3.52
e_i6YwNoSUY,quadrupedal robot,13.0,electronic and electrical,True,/home/dipshikha/Music/cao/CISLR_v1.5-a_videos/e_i6YwNoSUY.mp4,train,True,24.0,305,300,300,12.708333333333334
ea8VG_U1OM4,live,5.0,process,True,/home/dipshikha/Music/cao/CISLR_v1.5-a_videos/ea8VG_U1OM4.mp4,train,True,25.0,111,300,300,4.44
edkUTr95raw,kangaroo pocket,7.0,biology,True,/home/dipshikha/Music/cao/CISLR_v1.5-a_videos/edkUTr95raw.mp4,train,True,25.0,169,300,300,6.76
eeMbTJ1Jyl4,hardware,7.0,electronic and electrical,True,/home/dipshikha/Music/cao/CISLR_v1.5-a_videos/eeMbTJ1Jyl4.mp4,train,True,25.0,159,300,300,6.36
eeVBDqHOrEQ_1,its,5.0,language,True,/home/dipshikha/Music/cao/CISLR_v1.5-a_videos/eeVBDqHOrEQ_1.mp4,train,True,25.0,63,300,300,2.52
eh1UqHy5R8Y_1,bad,7.0,quality,True,/home/dipshikha/Music/cao/CISLR_v1.5-a_videos/eh1UqHy5R8Y_1.mp4,test,True,30.0,90,300,300,3.0
eh4PJUNc3GQ_2,pigments,9.0,biology,True,/home/dipshikha/Music/cao/CISLR_v1.5-a_videos/eh4PJUNc3GQ_2.mp4,train,True,30.0,99,300,300,3.3
eheMtSsA-ww,omission,4.0,action,True,/home/dipshikha/Music/cao/CISLR_v1.5-a_videos/eheMtSsA-ww.mp4,train,True,25.0,77,300,300,3.08
ei3OdPKC1-4,saraswati,5.0,religious,True,/home/dipshikha/Music/cao/CISLR_v1.5-a_videos/ei3OdPKC1-4.mp4,train,True,25.0,102,300,300,4.08
eiJTiYxjgHk_1,automatic,10.0,abstract,True,/home/dipshikha/Music/cao/CISLR_v1.5-a_videos/eiJTiYxjgHk_1.mp4,test,True,30.0,135,300,300,4.5
eihGwOuNl1E,swing,6.0,action,True,/home/dipshikha/Music/cao/CISLR_v1.5-a_videos/eihGwOuNl1E.mp4,train,True,25.0,130,300,300,5.2
ejX8KhT7JRY,tanzania,4.0,geography,True,/home/dipshikha/Music/cao/CISLR_v1.5-a_videos/ejX8KhT7JRY.mp4,train,True,25.0,84,300,300,3.36
ejiaz09X2eE_1,pant,6.0,wearable,True,/home/dipshikha/Music/cao/CISLR_v1.5-a_videos/ejiaz09X2eE_1.mp4,test,True,25.0,63,300,300,2.52
ekGqhBY4SZE,regret,4.0,emotion,True,/home/dipshikha/Music/cao/CISLR_v1.5-a_videos/ekGqhBY4SZE.mp4,test,True,25.0,97,300,300,3.88
emLsUwqTcMU,what time,3.0,abstract,True,/home/dipshikha/Music/cao/CISLR_v1.5-a_videos/emLsUwqTcMU.mp4,test,True,25.0,52,300,300,2.08
en2QnH6V6t0,barleria cristata,15.0,flora and fauna,True,/home/dipshikha/Music/cao/CISLR_v1.5-a_videos/en2QnH6V6t0.mp4,train,True,25.0,369,300,300,14.76
en7qAq3Vc1c,sentence,4.0,language,True,/home/dipshikha/Music/cao/CISLR_v1.5-a_videos/en7qAq3Vc1c.mp4,train,True,25.0,80,300,300,3.2
enZ-JZqbhk8_2,displacement,8.0,physics,True,/home/dipshikha/Music/cao/CISLR_v1.5-a_videos/enZ-JZqbhk8_2.mp4,train,True,30.0,92,300,300,3.066666666666667
eo4vVNZ8vk4_2,radio wave,12.0,physics,True,/home/dipshikha/Music/cao/CISLR_v1.5-a_videos/eo4vVNZ8vk4_2.mp4,train,True,30.0,143,300,300,4.766666666666667
eoAWbfQWN7Q_1,absent,5.0,abstract,True,/home/dipshikha/Music/cao/CISLR_v1.5-a_videos/eoAWbfQWN7Q_1.mp4,test,True,25.0,50,300,300,2.0
eoIofO9ALwg_1,same,6.0,comparator,True,/home/dipshikha/Music/cao/CISLR_v1.5-a_videos/eoIofO9ALwg_1.mp4,test,True,25.0,75,300,300,3.0
eoYHSxd5nWY,record,6.0,action,True,/home/dipshikha/Music/cao/CISLR_v1.5-a_videos/eoYHSxd5nWY.mp4,test,True,25.0,147,300,300,5.88
epwPALMP-X8,plant water relation,15.0,biology,True,/home/dipshikha/Music/cao/CISLR_v1.5-a_videos/epwPALMP-X8.mp4,train,True,24.0,344,300,300,14.333333333333334
eq2GVYo6G_g,water erosion,12.0,process,True,/home/dipshikha/Music/cao/CISLR_v1.5-a_videos/eq2GVYo6G_g.mp4,train,True,25.0,297,300,300,11.88
es0vjVM5AFY_1,writ,7.0,legal,True,/home/dipshikha/Music/cao/CISLR_v1.5-a_videos/es0vjVM5AFY_1.mp4,train,True,30.0,90,300,300,3.0
eseyrC-e-s8,call money,10.0,banking,True,/home/dipshikha/Music/cao/CISLR_v1.5-a_videos/eseyrC-e-s8.mp4,train,True,30.0,133,300,300,4.433333333333334
esjHmLoXTKQ_1,factory,6.0,construction,True,/home/dipshikha/Music/cao/CISLR_v1.5-a_videos/esjHmLoXTKQ_1.mp4,train,True,25.0,75,300,300,3.0
etCT8acNlAk_1,sundry creditors,9.0,group,True,/home/dipshikha/Music/cao/CISLR_v1.5-a_videos/etCT8acNlAk_1.mp4,train,True,30.0,150,300,300,5.0
etpYZfoTkBE_1,grow,7.0,time,True,/home/dipshikha/Music/cao/CISLR_v1.5-a_videos/etpYZfoTkBE_1.mp4,test,True,30.0,90,300,300,3.0
eu6jtNK_qfI_1,end use,8.0,banking,True,/home/dipshikha/Music/cao/CISLR_v1.5-a_videos/eu6jtNK_qfI_1.mp4,train,True,30.0,120,300,300,4.0
evEAhw7lHBI,swear,14.0,action,True,/home/dipshikha/Music/cao/CISLR_v1.5-a_videos/evEAhw7lHBI.mp4,train,True,25.0,328,300,300,13.12
evfYXabdfZQ_1,poision,5.0,medical,True,/home/dipshikha/Music/cao/CISLR_v1.5-a_videos/evfYXabdfZQ_1.mp4,test,True,30.0,75,300,300,2.5
evjthp31SBc_1,sub division,9.0,authority,True,/home/dipshikha/Music/cao/CISLR_v1.5-a_videos/evjthp31SBc_1.mp4,train,True,30.0,165,300,300,5.5
ewHq-NjArVY,right indent,13.0,attribute,True,/home/dipshikha/Music/cao/CISLR_v1.5-a_videos/ewHq-NjArVY.mp4,train,True,24.0,290,300,300,12.083333333333334
ewTBgnZ0sDk_1,interview,9.0,process,True,/home/dipshikha/Music/cao/CISLR_v1.5-a_videos/ewTBgnZ0sDk_1.mp4,test,True,30.0,120,300,300,4.0
exZSpHQ5Zhg_1,index,9.0,abstract,True,/home/dipshikha/Music/cao/CISLR_v1.5-a_videos/exZSpHQ5Zhg_1.mp4,train,True,30.0,120,300,300,4.0
eyzf4IkhbxE,monster truck,10.0,transport,True,/home/dipshikha/Music/cao/CISLR_v1.5-a_videos/eyzf4IkhbxE.mp4,train,True,24.0,228,300,300,9.5
ez4pS4IS6N8,short,4.0,quality,True,/home/dipshikha/Music/cao/CISLR_v1.5-a_videos/ez4pS4IS6N8.mp4,test,True,25.0,92,300,300,3.68
ezlHYwdmu_c_2,work,8.0,action,True,/home/dipshikha/Music/cao/CISLR_v1.5-a_videos/ezlHYwdmu_c_2.mp4,test,True,30.0,88,300,300,2.933333333333333
ezucq9E_nvs,idle talk,8.0,process,True,/home/dipshikha/Music/cao/CISLR_v1.5-a_videos/ezucq9E_nvs.mp4,test,True,25.0,185,300,300,7.4
f--3Qilcxvs,maternal aunt,4.0,relation,True,/home/dipshikha/Music/cao/CISLR_v1.5-a_videos/f--3Qilcxvs.mp4,train,True,25.0,92,300,300,3.68
f-buhqEDiZ0,director,8.0,authority,True,/home/dipshikha/Music/cao/CISLR_v1.5-a_videos/f-buhqEDiZ0.mp4,test,True,25.0,180,300,300,7.2
f-uyGiFPPTo,electrician,7.0,profession,True,/home/dipshikha/Music/cao/CISLR_v1.5-a_videos/f-uyGiFPPTo.mp4,test,True,25.0,153,300,300,6.12
f0-kfiwqKL4_1,wound,8.0,medical,True,/home/dipshikha/Music/cao/CISLR_v1.5-a_videos/f0-kfiwqKL4_1.mp4,test,True,30.0,120,300,300,4.0
f0EqkYZvyIQ,start,4.0,stage,True,/home/dipshikha/Music/cao/CISLR_v1.5-a_videos/f0EqkYZvyIQ.mp4,test,True,25.0,80,300,300,3.2
f0lX1hYxleg,vijaya bank,6.0,organisation,True,/home/dipshikha/Music/cao/CISLR_v1.5-a_videos/f0lX1hYxleg.mp4,train,True,24.0,125,300,300,5.208333333333333
f0qHlVNwotw_1,wedding,10.0,event,True,/home/dipshikha/Music/cao/CISLR_v1.5-a_videos/f0qHlVNwotw_1.mp4,test,True,30.0,135,300,300,4.5
f0vvft8hF_c_1,refrigerator,7.0,utility item,True,/home/dipshikha/Music/cao/CISLR_v1.5-a_videos/f0vvft8hF_c_1.mp4,test,True,30.0,90,300,300,3.0
f1U4dYb9r0A,listen,4.0,action,True,/home/dipshikha/Music/cao/CISLR_v1.5-a_videos/f1U4dYb9r0A.mp4,test,True,25.0,97,300,300,3.88
f2KRTlDrsI0_1,tight money  market,12.0,commerce,True,/home/dipshikha/Music/cao/CISLR_v1.5-a_videos/f2KRTlDrsI0_1.mp4,train,True,30.0,165,300,300,5.5
f2RCrBoqFVw,five hundred,4.0,math,True,/home/dipshikha/Music/cao/CISLR_v1.5-a_videos/f2RCrBoqFVw.mp4,train,True,25.0,89,300,300,3.56
f3Hxe9Bf29k_2,television,7.0,electronic and electrical,True,/home/dipshikha/Music/cao/CISLR_v1.5-a_videos/f3Hxe9Bf29k_2.mp4,test,True,30.0,96,300,300,3.2
f4i8gexc2N4_1,silk,8.0,wearable,True,/home/dipshikha/Music/cao/CISLR_v1.5-a_videos/f4i8gexc2N4_1.mp4,test,True,30.0,105,300,300,3.5
f5uvvlfPawU,swing,5.0,action,True,/home/dipshikha/Music/cao/CISLR_v1.5-a_videos/f5uvvlfPawU.mp4,test,True,25.0,120,300,300,4.8
f64zpSopa3E,ladyfinger,4.0,foods and drinks,True,/home/dipshikha/Music/cao/CISLR_v1.5-a_videos/f64zpSopa3E.mp4,train,True,25.0,90,300,300,3.6
f6ncKQ2HlJs,anonymous,4.0,abstract,True,/home/dipshikha/Music/cao/CISLR_v1.5-a_videos/f6ncKQ2HlJs.mp4,test,True,25.0,78,300,300,3.12
f7KtY9x961I,christmas,7.0,event,True,/home/dipshikha/Music/cao/CISLR_v1.5-a_videos/f7KtY9x961I.mp4,test,True,25.0,169,300,300,6.76
f7XWdoOSSNw_1,me,6.0,human,True,/home/dipshikha/Music/cao/CISLR_v1.5-a_videos/f7XWdoOSSNw_1.mp4,test,True,25.0,63,300,300,2.52
f8BAnw57PFY,assistant,3.0,profession,True,/home/dipshikha/Music/cao/CISLR_v1.5-a_videos/f8BAnw57PFY.mp4,train,True,25.0,64,300,300,2.56
f8TsAfMDsVU_1,currency chest,10.0,banking,True,/home/dipshikha/Music/cao/CISLR_v1.5-a_videos/f8TsAfMDsVU_1.mp4,train,True,30.0,135,300,300,4.5
f9rCwRfIxKw,better,4.0,metric,True,/home/dipshikha/Music/cao/CISLR_v1.5-a_videos/f9rCwRfIxKw.mp4,train,True,25.0,91,300,300,3.64
fAa6GQuNoYM_1,build,6.0,action,True,/home/dipshikha/Music/cao/CISLR_v1.5-a_videos/fAa6GQuNoYM_1.mp4,test,True,25.0,75,300,300,3.0
fAbE9RGaHr0,rama,5.0,religious,True,/home/dipshikha/Music/cao/CISLR_v1.5-a_videos/fAbE9RGaHr0.mp4,train,True,25.0,108,300,300,4.32
fAjax7qngzk,allow,4.0,action,True,/home/dipshikha/Music/cao/CISLR_v1.5-a_videos/fAjax7qngzk.mp4,test,True,25.0,88,300,300,3.52
fAujasBRvD4,paint,6.0,action,True,/home/dipshikha/Music/cao/CISLR_v1.5-a_videos/fAujasBRvD4.mp4,test,True,25.0,134,300,300,5.36
fB1PbgyU880,nehru collar,7.0,wearable,True,/home/dipshikha/Music/cao/CISLR_v1.5-a_videos/fB1PbgyU880.mp4,train,True,25.0,169,300,300,6.76
fB6rpU-9SSU,edit,4.0,action,True,/home/dipshikha/Music/cao/CISLR_v1.5-a_videos/fB6rpU-9SSU.mp4,train,True,25.0,81,300,300,3.24
fBS58EQ-ryw_2,spring,11.0,utility item,True,/home/dipshikha/Music/cao/CISLR_v1.5-a_videos/fBS58EQ-ryw_2.mp4,train,True,30.0,134,300,300,4.466666666666667
fBaO_PkHBdw,air matress,8.0,utility item,True,/home/dipshikha/Music/cao/CISLR_v1.5-a_videos/fBaO_PkHBdw.mp4,test,True,24.0,175,300,300,7.291666666666667
fBzuEo6DNDc,panasonic mobile,6.0,electronic and electrical,True,/home/dipshikha/Music/cao/CISLR_v1.5-a_videos/fBzuEo6DNDc.mp4,train,True,25.0,132,300,300,5.28
fC-PT3F6GFo,win,4.0,comparator,True,/home/dipshikha/Music/cao/CISLR_v1.5-a_videos/fC-PT3F6GFo.mp4,test,True,25.0,76,300,300,3.04
fCC3_lRJ2es_1,new,6.0,quality,True,/home/dipshikha/Music/cao/CISLR_v1.5-a_videos/fCC3_lRJ2es_1.mp4,train,True,25.0,75,300,300,3.0
fCJA3uu02WA,melt,7.0,process,True,/home/dipshikha/Music/cao/CISLR_v1.5-a_videos/fCJA3uu02WA.mp4,test,True,25.0,152,300,300,6.08
fCd20l7-3Mo,extinct,4.0,biology,True,/home/dipshikha/Music/cao/CISLR_v1.5-a_videos/fCd20l7-3Mo.mp4,train,True,25.0,95,300,300,3.8
fCfnAjFQ8k4,new delhi,5.0,geography,True,/home/dipshikha/Music/cao/CISLR_v1.5-a_videos/fCfnAjFQ8k4.mp4,train,True,25.0,111,300,300,4.44
fCt-Gci84f8_1,spot,6.0,geography,True,/home/dipshikha/Music/cao/CISLR_v1.5-a_videos/fCt-Gci84f8_1.mp4,train,True,30.0,75,300,300,2.5
fDYfrgAPig8_1,reason,6.0,abstract,True,/home/dipshikha/Music/cao/CISLR_v1.5-a_videos/fDYfrgAPig8_1.mp4,test,True,30.0,75,300,300,2.5
fEfVaSRjWY4,under mentioned,7.0,spatial position,True,/home/dipshikha/Music/cao/CISLR_v1.5-a_videos/fEfVaSRjWY4.mp4,train,True,30.0,197,300,300,6.566666666666666
fEpU1eisCoc_1,assembly,8.0,group,True,/home/dipshikha/Music/cao/CISLR_v1.5-a_videos/fEpU1eisCoc_1.mp4,test,True,25.0,88,300,300,3.52
fFrKd1qI9ZM,address,5.0,geography,True,/home/dipshikha/Music/cao/CISLR_v1.5-a_videos/fFrKd1qI9ZM.mp4,test,True,25.0,107,300,300,4.28
fGtUUD9Hyvc_1,oil,6.0,foods and drinks,True,/home/dipshikha/Music/cao/CISLR_v1.5-a_videos/fGtUUD9Hyvc_1.mp4,test,True,25.0,63,300,300,2.52
fHWXXTb9FLc_1,list,6.0,readable,True,/home/dipshikha/Music/cao/CISLR_v1.5-a_videos/fHWXXTb9FLc_1.mp4,test,True,25.0,75,300,300,3.0
fI7cp68IaQU,engine,9.0,machine,True,/home/dipshikha/Music/cao/CISLR_v1.5-a_videos/fI7cp68IaQU.mp4,test,True,25.0,215,300,300,8.6
fJyBgRTcBhA,tall,4.0,attribute,True,/home/dipshikha/Music/cao/CISLR_v1.5-a_videos/fJyBgRTcBhA.mp4,test,True,25.0,96,300,300,3.84
fKwQPZnzJCg,lenovo,6.0,organisation,True,/home/dipshikha/Music/cao/CISLR_v1.5-a_videos/fKwQPZnzJCg.mp4,train,True,25.0,144,300,300,5.76
fLNCrNgXMuU,epaulet,9.0,wearable,True,/home/dipshikha/Music/cao/CISLR_v1.5-a_videos/fLNCrNgXMuU.mp4,train,True,25.0,216,300,300,8.64
fNAwhyttX0Y,hour,3.0,time,True,/home/dipshikha/Music/cao/CISLR_v1.5-a_videos/fNAwhyttX0Y.mp4,test,True,25.0,67,300,300,2.68
fQBJzNtf6rU_1,fixed asset,13.0,banking,True,/home/dipshikha/Music/cao/CISLR_v1.5-a_videos/fQBJzNtf6rU_1.mp4,train,True,30.0,195,300,300,6.5
fQcXVe8_ZLw,after,4.0,spatial position,True,/home/dipshikha/Music/cao/CISLR_v1.5-a_videos/fQcXVe8_ZLw.mp4,train,True,25.0,84,300,300,3.36
fR8uxOsE2Nw,jawaharlal nehru,4.0,human,True,/home/dipshikha/Music/cao/CISLR_v1.5-a_videos/fR8uxOsE2Nw.mp4,test,True,25.0,85,300,300,3.4
fS8tS7dCIhA_1,call deposit,9.0,banking,True,/home/dipshikha/Music/cao/CISLR_v1.5-a_videos/fS8tS7dCIhA_1.mp4,train,True,30.0,120,300,300,4.0
fSdet-nqdsA_1,saturday,6.0,time,True,/home/dipshikha/Music/cao/CISLR_v1.5-a_videos/fSdet-nqdsA_1.mp4,test,True,30.0,90,300,300,3.0
fT5IRf73MYo_1,heart,7.0,biology,True,/home/dipshikha/Music/cao/CISLR_v1.5-a_videos/fT5IRf73MYo_1.mp4,test,True,30.0,105,300,300,3.5
fU3FLT8aa_A,october,4.0,time,True,/home/dipshikha/Music/cao/CISLR_v1.5-a_videos/fU3FLT8aa_A.mp4,test,True,25.0,81,300,300,3.24
fUfGwnc4Hmo,australia,4.0,geography,True,/home/dipshikha/Music/cao/CISLR_v1.5-a_videos/fUfGwnc4Hmo.mp4,test,True,25.0,79,300,300,3.16
fVKjue-fAkk,ruler,4.0,utility item,True,/home/dipshikha/Music/cao/CISLR_v1.5-a_videos/fVKjue-fAkk.mp4,test,True,25.0,81,300,300,3.24
fVM3O_zqrWc,laptop,5.0,electronic and electrical,True,/home/dipshikha/Music/cao/CISLR_v1.5-a_videos/fVM3O_zqrWc.mp4,train,True,25.0,108,300,300,4.32
fVnCA91Bvwo,dog,4.0,flora and fauna,True,/home/dipshikha/Music/cao/CISLR_v1.5-a_videos/fVnCA91Bvwo.mp4,test,True,25.0,90,300,300,3.6
fZsaGLA9Z3s_1,clap,6.0,action,True,/home/dipshikha/Music/cao/CISLR_v1.5-a_videos/fZsaGLA9Z3s_1.mp4,train,True,25.0,75,300,300,3.0
fauftUvYPls,modern,7.0,time,True,/home/dipshikha/Music/cao/CISLR_v1.5-a_videos/fauftUvYPls.mp4,train,True,25.0,173,300,300,6.92
fb4zZYQWRUI,note book,6.0,utility item,True,/home/dipshikha/Music/cao/CISLR_v1.5-a_videos/fb4zZYQWRUI.mp4,train,True,25.0,125,300,300,5.0
fbjvZ8VrmUg_1,lipstick,7.0,utility item,True,/home/dipshikha/Music/cao/CISLR_v1.5-a_videos/fbjvZ8VrmUg_1.mp4,test,True,25.0,88,300,300,3.52
fcSg4Zg7lbE_1,release,7.0,action,True,/home/dipshikha/Music/cao/CISLR_v1.5-a_videos/fcSg4Zg7lbE_1.mp4,test,True,30.0,90,300,300,3.0
fccxaqUbuXU_1,natural gaurdian,7.0,legal,True,/home/dipshikha/Music/cao/CISLR_v1.5-a_videos/fccxaqUbuXU_1.mp4,train,True,30.0,90,300,300,3.0
fcuSg0jzcwI_1,mango,7.0,foods and drinks,True,/home/dipshikha/Music/cao/CISLR_v1.5-a_videos/fcuSg0jzcwI_1.mp4,test,True,25.0,75,300,300,3.0
fe3uPTqXfxQ,excited,4.0,emotion,True,/home/dipshikha/Music/cao/CISLR_v1.5-a_videos/fe3uPTqXfxQ.mp4,train,True,25.0,97,300,300,3.88
ffJgebjRuvo,similar,4.0,comparator,True,/home/dipshikha/Music/cao/CISLR_v1.5-a_videos/ffJgebjRuvo.mp4,test,True,25.0,98,300,300,3.92
fggt2fOzJsk_1,pain,7.0,sensation,True,/home/dipshikha/Music/cao/CISLR_v1.5-a_videos/fggt2fOzJsk_1.mp4,test,True,30.0,90,300,300,3.0
fh41xuYjbco_1,lazy,8.0,attribute,True,/home/dipshikha/Music/cao/CISLR_v1.5-a_videos/fh41xuYjbco_1.mp4,test,True,30.0,105,300,300,3.5
fhURcNQNqgo,frustrate,5.0,behavior,True,/home/dipshikha/Music/cao/CISLR_v1.5-a_videos/fhURcNQNqgo.mp4,train,True,25.0,110,300,300,4.4
fiTyNgucpYM,do,3.0,action,True,/home/dipshikha/Music/cao/CISLR_v1.5-a_videos/fiTyNgucpYM.mp4,test,True,25.0,74,300,300,2.96
fjD41-Frk_k_1,reply,6.0,action,True,/home/dipshikha/Music/cao/CISLR_v1.5-a_videos/fjD41-Frk_k_1.mp4,test,True,25.0,63,300,300,2.52
fjiQoursQB8,mouse pad,11.0,computer,True,/home/dipshikha/Music/cao/CISLR_v1.5-a_videos/fjiQoursQB8.mp4,train,True,25.0,265,300,300,10.6
fkLpcQzVV20_2,opposition,8.0,action,True,/home/dipshikha/Music/cao/CISLR_v1.5-a_videos/fkLpcQzVV20_2.mp4,test,True,30.0,98,300,300,3.2666666666666666
fkbNA8acuv4,rubber boots,13.0,wearable,True,/home/dipshikha/Music/cao/CISLR_v1.5-a_videos/fkbNA8acuv4.mp4,train,True,25.0,311,300,300,12.44
fmW1matLfhk,barber,5.0,profession,True,/home/dipshikha/Music/cao/CISLR_v1.5-a_videos/fmW1matLfhk.mp4,test,True,25.0,114,300,300,4.56
fmWmAAtfkBU,ultraviolet ray glass,14.0,miscellaneous object,True,/home/dipshikha/Music/cao/CISLR_v1.5-a_videos/fmWmAAtfkBU.mp4,train,True,24.0,322,300,300,13.416666666666666
fnOThtPRhVM,penguin,4.0,flora and fauna,True,/home/dipshikha/Music/cao/CISLR_v1.5-a_videos/fnOThtPRhVM.mp4,train,True,25.0,100,300,300,4.0
frOqpGZrIH8_1,madhya pradesh,7.0,geography,True,/home/dipshikha/Music/cao/CISLR_v1.5-a_videos/frOqpGZrIH8_1.mp4,test,True,25.0,88,300,300,3.52
fs99SCAQCxU_1,cinema,6.0,entertainment,True,/home/dipshikha/Music/cao/CISLR_v1.5-a_videos/fs99SCAQCxU_1.mp4,test,True,25.0,63,300,300,2.52
fsA2L4hL5Cc_1,arms and amunitions,12.0,miscellaneous object,True,/home/dipshikha/Music/cao/CISLR_v1.5-a_videos/fsA2L4hL5Cc_1.mp4,train,True,30.0,180,300,300,6.0
fvn1QE0yfPE,welder,5.0,profession,True,/home/dipshikha/Music/cao/CISLR_v1.5-a_videos/fvn1QE0yfPE.mp4,train,True,25.0,108,300,300,4.32
fvpPTKgvPJY,doli in capax,14.0,legal,True,/home/dipshikha/Music/cao/CISLR_v1.5-a_videos/fvpPTKgvPJY.mp4,train,True,25.0,335,300,300,13.4
fwjl-PITW-A_1,monday,5.0,time,True,/home/dipshikha/Music/cao/CISLR_v1.5-a_videos/fwjl-PITW-A_1.mp4,test,True,30.0,75,300,300,2.5
fx9psR2uzxs,automation,9.0,electronic and electrical,True,/home/dipshikha/Music/cao/CISLR_v1.5-a_videos/fx9psR2uzxs.mp4,train,True,25.0,204,300,300,8.16
fxWTlUwF1O4,protect,4.0,action,True,/home/dipshikha/Music/cao/CISLR_v1.5-a_videos/fxWTlUwF1O4.mp4,test,True,25.0,78,300,300,3.12
fxaFxNiUcSA,handcuffs,8.0,machine,True,/home/dipshikha/Music/cao/CISLR_v1.5-a_videos/fxaFxNiUcSA.mp4,train,True,25.0,177,300,300,7.08
fySF9xDtT40,still,4.0,time,True,/home/dipshikha/Music/cao/CISLR_v1.5-a_videos/fySF9xDtT40.mp4,train,True,25.0,80,300,300,3.2
g-ErxwuqzTk_1,emergency,9.0,event,True,/home/dipshikha/Music/cao/CISLR_v1.5-a_videos/g-ErxwuqzTk_1.mp4,train,True,30.0,135,300,300,4.5
g-sQif-_tqo,submersible pump,14.0,electronic and electrical,True,/home/dipshikha/Music/cao/CISLR_v1.5-a_videos/g-sQif-_tqo.mp4,train,True,24.0,325,300,300,13.541666666666666
g1vbPEqLqFo_2,space,14.0,astronomical,True,/home/dipshikha/Music/cao/CISLR_v1.5-a_videos/g1vbPEqLqFo_2.mp4,train,True,30.0,180,300,300,6.0
g1xpvj7Xu3A,confused,5.0,emotion,True,/home/dipshikha/Music/cao/CISLR_v1.5-a_videos/g1xpvj7Xu3A.mp4,test,True,25.0,117,300,300,4.68
g1yiti_ayE8_2,frequency,8.0,time,True,/home/dipshikha/Music/cao/CISLR_v1.5-a_videos/g1yiti_ayE8_2.mp4,train,True,30.0,90,300,300,3.0
g358Yz5xFt0_1,shipment,7.0,process,True,/home/dipshikha/Music/cao/CISLR_v1.5-a_videos/g358Yz5xFt0_1.mp4,train,True,30.0,135,300,300,4.5
g3I84gVyO9E,plate,5.0,utility item,True,/home/dipshikha/Music/cao/CISLR_v1.5-a_videos/g3I84gVyO9E.mp4,test,True,25.0,112,300,300,4.48
g3QqEJhvyYE_1,supplementary,9.0,quantity,True,/home/dipshikha/Music/cao/CISLR_v1.5-a_videos/g3QqEJhvyYE_1.mp4,train,True,30.0,120,300,300,4.0
g3Zp-9UhexE,day before,7.0,time,True,/home/dipshikha/Music/cao/CISLR_v1.5-a_videos/g3Zp-9UhexE.mp4,train,True,30.0,192,300,300,6.4
g5Dg60713kw,guilty,7.0,emotion,True,/home/dipshikha/Music/cao/CISLR_v1.5-a_videos/g5Dg60713kw.mp4,test,True,30.0,198,300,300,6.6
g6N1jD8-u2U,opinion,4.0,abstract,True,/home/dipshikha/Music/cao/CISLR_v1.5-a_videos/g6N1jD8-u2U.mp4,train,True,25.0,94,300,300,3.76
g6hYRF6ahSE,page layout,10.0,attribute,True,/home/dipshikha/Music/cao/CISLR_v1.5-a_videos/g6hYRF6ahSE.mp4,train,True,24.0,220,300,300,9.166666666666666
g8--b-O60kM,old,4.0,time,True,/home/dipshikha/Music/cao/CISLR_v1.5-a_videos/g8--b-O60kM.mp4,train,True,25.0,90,300,300,3.6
g8H6NFJ8o7w,dice,3.0,sport,True,/home/dipshikha/Music/cao/CISLR_v1.5-a_videos/g8H6NFJ8o7w.mp4,train,True,25.0,68,300,300,2.72
g8JIlO5P5Vw,bar,12.0,construction,True,/home/dipshikha/Music/cao/CISLR_v1.5-a_videos/g8JIlO5P5Vw.mp4,train,True,25.0,290,300,300,11.6
g8ZrP9KZGlk,washbasin,9.0,utility item,True,/home/dipshikha/Music/cao/CISLR_v1.5-a_videos/g8ZrP9KZGlk.mp4,train,True,30.0,256,300,300,8.533333333333333
g9AslMiIVTE_1,call,7.0,action,True,/home/dipshikha/Music/cao/CISLR_v1.5-a_videos/g9AslMiIVTE_1.mp4,test,True,30.0,90,300,300,3.0
g9R8d7G2MuY,adult,5.0,stage,True,/home/dipshikha/Music/cao/CISLR_v1.5-a_videos/g9R8d7G2MuY.mp4,test,True,25.0,106,300,300,4.24
g9SpsCvyEfc_1,shake,6.0,action,True,/home/dipshikha/Music/cao/CISLR_v1.5-a_videos/g9SpsCvyEfc_1.mp4,train,True,25.0,63,300,300,2.52
gBXLHNjB5Co_1,qualified,7.0,abstract,True,/home/dipshikha/Music/cao/CISLR_v1.5-a_videos/gBXLHNjB5Co_1.mp4,train,True,30.0,135,300,300,4.5
gCc-L7xN82s,obey,3.0,action,True,/home/dipshikha/Music/cao/CISLR_v1.5-a_videos/gCc-L7xN82s.mp4,test,True,25.0,67,300,300,2.68
gEGlTYbGvLI_1,airmail,7.0,transport,True,/home/dipshikha/Music/cao/CISLR_v1.5-a_videos/gEGlTYbGvLI_1.mp4,train,True,25.0,75,300,300,3.0
gG-xmfo-y3A,swift,4.0,quality,True,/home/dipshikha/Music/cao/CISLR_v1.5-a_videos/gG-xmfo-y3A.mp4,train,True,25.0,98,300,300,3.92
gHKbG1LDbDU,spring washer,15.0,utility item,True,/home/dipshikha/Music/cao/CISLR_v1.5-a_videos/gHKbG1LDbDU.mp4,train,True,25.0,348,300,300,13.92
gIOJ8eh7GRQ_1,mutual agreement,8.0,legal,True,/home/dipshikha/Music/cao/CISLR_v1.5-a_videos/gIOJ8eh7GRQ_1.mp4,train,True,30.0,120,300,300,4.0
gIbD-xkQiJg_1,riots,7.0,event,True,/home/dipshikha/Music/cao/CISLR_v1.5-a_videos/gIbD-xkQiJg_1.mp4,train,True,25.0,75,300,300,3.0
gJfBm3-gjws_1,sphere,10.0,abstract,True,/home/dipshikha/Music/cao/CISLR_v1.5-a_videos/gJfBm3-gjws_1.mp4,test,True,30.0,150,300,300,5.0
gK-FT0qEvnw_2,measurement,8.0,math,True,/home/dipshikha/Music/cao/CISLR_v1.5-a_videos/gK-FT0qEvnw_2.mp4,test,True,30.0,92,300,300,3.066666666666667
gKJXWarD5LM_1,rate differential,7.0,banking,True,/home/dipshikha/Music/cao/CISLR_v1.5-a_videos/gKJXWarD5LM_1.mp4,train,True,30.0,120,300,300,4.0
gKyJmtZ6JZY_2,bar megnet,9.0,physics,True,/home/dipshikha/Music/cao/CISLR_v1.5-a_videos/gKyJmtZ6JZY_2.mp4,train,True,30.0,111,300,300,3.7
gLH8E10Xex8,blocks,6.0,miscellaneous object,True,/home/dipshikha/Music/cao/CISLR_v1.5-a_videos/gLH8E10Xex8.mp4,train,True,25.0,126,300,300,5.04
gMJuEhuQYAg,swaziland,3.0,geography,True,/home/dipshikha/Music/cao/CISLR_v1.5-a_videos/gMJuEhuQYAg.mp4,train,True,25.0,57,300,300,2.28
gMsJGGpMWJs_1,distance,6.0,metric,True,/home/dipshikha/Music/cao/CISLR_v1.5-a_videos/gMsJGGpMWJs_1.mp4,test,True,25.0,75,300,300,3.0
gNuAOCWJkZc,speech,4.0,sound,True,/home/dipshikha/Music/cao/CISLR_v1.5-a_videos/gNuAOCWJkZc.mp4,train,True,25.0,88,300,300,3.52
gO0DCs4VUEI_1,marathi,7.0,language,True,/home/dipshikha/Music/cao/CISLR_v1.5-a_videos/gO0DCs4VUEI_1.mp4,train,True,25.0,75,300,300,3.0
gOHt4silLhA,india,5.0,geography,True,/home/dipshikha/Music/cao/CISLR_v1.5-a_videos/gOHt4silLhA.mp4,test,True,25.0,108,300,300,4.32
gPKQvW2CXhg,syria,3.0,geography,True,/home/dipshikha/Music/cao/CISLR_v1.5-a_videos/gPKQvW2CXhg.mp4,train,True,25.0,73,300,300,2.92
gQMKC4C-H80_2,intensity,8.0,quantity,True,/home/dipshikha/Music/cao/CISLR_v1.5-a_videos/gQMKC4C-H80_2.mp4,train,True,30.0,88,300,300,2.933333333333333
gQ_fr_Rv8sE_1,net profit,9.0,banking,True,/home/dipshikha/Music/cao/CISLR_v1.5-a_videos/gQ_fr_Rv8sE_1.mp4,train,True,30.0,120,300,300,4.0
gR1Kd5i82-0,something,4.0,abstract,True,/home/dipshikha/Music/cao/CISLR_v1.5-a_videos/gR1Kd5i82-0.mp4,train,True,25.0,94,300,300,3.76
gRI_3iZrN5U_2,period,8.0,time,True,/home/dipshikha/Music/cao/CISLR_v1.5-a_videos/gRI_3iZrN5U_2.mp4,train,True,30.0,108,300,300,3.6
gRvbXIwDvh4_2,inductor,11.0,electronic and electrical,True,/home/dipshikha/Music/cao/CISLR_v1.5-a_videos/gRvbXIwDvh4_2.mp4,train,True,30.0,142,300,300,4.733333333333333
gSTE4Bmxf4M_2,star,8.0,astronomical,True,/home/dipshikha/Music/cao/CISLR_v1.5-a_videos/gSTE4Bmxf4M_2.mp4,test,True,30.0,99,300,300,3.3
gSoXECyR_-s_1,how,5.0,quantity,True,/home/dipshikha/Music/cao/CISLR_v1.5-a_videos/gSoXECyR_-s_1.mp4,train,True,25.0,63,300,300,2.52
gT_hnPLlO7k,res,13.0,biology,True,/home/dipshikha/Music/cao/CISLR_v1.5-a_videos/gT_hnPLlO7k.mp4,train,True,25.0,312,300,300,12.48
gTnUL6YyXRA,coccidiosis,11.0,biology,True,/home/dipshikha/Music/cao/CISLR_v1.5-a_videos/gTnUL6YyXRA.mp4,train,True,24.0,243,300,300,10.125
gUOHhoQ9jRM,format,6.0,attribute,True,/home/dipshikha/Music/cao/CISLR_v1.5-a_videos/gUOHhoQ9jRM.mp4,test,True,24.0,130,300,300,5.416666666666667
gYAOz-CJruo_1,cheque travellers,9.0,banking,True,/home/dipshikha/Music/cao/CISLR_v1.5-a_videos/gYAOz-CJruo_1.mp4,train,True,30.0,135,300,300,4.5
gYbNVGvRcms,demolishing,8.0,action,True,/home/dipshikha/Music/cao/CISLR_v1.5-a_videos/gYbNVGvRcms.mp4,train,True,25.0,177,300,300,7.08
gYbT8Fh2WXA_1,peep,5.0,action,True,/home/dipshikha/Music/cao/CISLR_v1.5-a_videos/gYbT8Fh2WXA_1.mp4,train,True,25.0,63,300,300,2.52
gZeBXbzKTnY,club,5.0,organisation,True,/home/dipshikha/Music/cao/CISLR_v1.5-a_videos/gZeBXbzKTnY.mp4,test,True,25.0,108,300,300,4.32
g_WGhzxUi4E_1,tenancy,8.0,legal,True,/home/dipshikha/Music/cao/CISLR_v1.5-a_videos/g_WGhzxUi4E_1.mp4,train,True,30.0,120,300,300,4.0
ga-B-UhiVNo,negative,4.0,math,True,/home/dipshikha/Music/cao/CISLR_v1.5-a_videos/ga-B-UhiVNo.mp4,train,True,25.0,88,300,300,3.52
ga47ieQeEpg_1,visa,6.0,legal,True,/home/dipshikha/Music/cao/CISLR_v1.5-a_videos/ga47ieQeEpg_1.mp4,test,True,30.0,75,300,300,2.5
gbD4G_rYL6E,hacksaw,7.0,instrument,True,/home/dipshikha/Music/cao/CISLR_v1.5-a_videos/gbD4G_rYL6E.mp4,train,True,25.0,165,300,300,6.6
gcvA1iHN8RU,trunk,6.0,biology,True,/home/dipshikha/Music/cao/CISLR_v1.5-a_videos/gcvA1iHN8RU.mp4,test,True,30.0,173,300,300,5.766666666666667
gdk1_A6_e80_1,suspect,6.0,legal,True,/home/dipshikha/Music/cao/CISLR_v1.5-a_videos/gdk1_A6_e80_1.mp4,test,True,25.0,75,300,300,3.0
geAcMUXIAv8,nothing,4.0,abstract,True,/home/dipshikha/Music/cao/CISLR_v1.5-a_videos/geAcMUXIAv8.mp4,test,True,25.0,99,300,300,3.96
geLlRLZnNhQ,ox,4.0,flora and fauna,True,/home/dipshikha/Music/cao/CISLR_v1.5-a_videos/geLlRLZnNhQ.mp4,train,True,25.0,95,300,300,3.8
geZegwhqVSE_1,documents,10.0,readable,True,/home/dipshikha/Music/cao/CISLR_v1.5-a_videos/geZegwhqVSE_1.mp4,train,True,30.0,165,300,300,5.5
gfDGWjaDaTk,darts munger,6.0,sport,True,/home/dipshikha/Music/cao/CISLR_v1.5-a_videos/gfDGWjaDaTk.mp4,train,True,25.0,141,300,300,5.64
gfTQT5gzASQ_1,name,8.0,language,True,/home/dipshikha/Music/cao/CISLR_v1.5-a_videos/gfTQT5gzASQ_1.mp4,test,True,30.0,120,300,300,4.0
gfg0aOxyM_Q_1,implementation,9.0,action,True,/home/dipshikha/Music/cao/CISLR_v1.5-a_videos/gfg0aOxyM_Q_1.mp4,train,True,30.0,135,300,300,4.5
gfgQWafpuLo_1,expenditure,9.0,banking,True,/home/dipshikha/Music/cao/CISLR_v1.5-a_videos/gfgQWafpuLo_1.mp4,train,True,30.0,120,300,300,4.0
gfmk3_98I9E_1,off shore banking,9.0,banking,True,/home/dipshikha/Music/cao/CISLR_v1.5-a_videos/gfmk3_98I9E_1.mp4,train,True,30.0,150,300,300,5.0
ggeNzh5at2g_1,above,7.0,spatial position,True,/home/dipshikha/Music/cao/CISLR_v1.5-a_videos/ggeNzh5at2g_1.mp4,train,True,25.0,75,300,300,3.0
ggvZdTOIuDI_2,glass,8.0,substance,True,/home/dipshikha/Music/cao/CISLR_v1.5-a_videos/ggvZdTOIuDI_2.mp4,test,True,30.0,94,300,300,3.1333333333333333
ghyJZVAibyA,sperm,4.0,biology,True,/home/dipshikha/Music/cao/CISLR_v1.5-a_videos/ghyJZVAibyA.mp4,train,True,25.0,92,300,300,3.68
ghyz0Xiumg0_1,trivendrum,6.0,geography,True,/home/dipshikha/Music/cao/CISLR_v1.5-a_videos/ghyz0Xiumg0_1.mp4,train,True,25.0,63,300,300,2.52
giANZjR3m2c_1,promotion,9.0,organisation,True,/home/dipshikha/Music/cao/CISLR_v1.5-a_videos/giANZjR3m2c_1.mp4,test,True,30.0,120,300,300,4.0
gjPP4lI0HM0,cement mortar,9.0,construction,True,/home/dipshikha/Music/cao/CISLR_v1.5-a_videos/gjPP4lI0HM0.mp4,train,True,25.0,204,300,300,8.16
gjpsKc4rYEM,volleyball,5.0,sport,True,/home/dipshikha/Music/cao/CISLR_v1.5-a_videos/gjpsKc4rYEM.mp4,train,True,25.0,118,300,300,4.72
gjqfGxN2SxE,screw driver,6.0,instrument,True,/home/dipshikha/Music/cao/CISLR_v1.5-a_videos/gjqfGxN2SxE.mp4,train,True,25.0,144,300,300,5.76
glwqA5VEbBs_1,balcony,9.0,construction,True,/home/dipshikha/Music/cao/CISLR_v1.5-a_videos/glwqA5VEbBs_1.mp4,test,True,30.0,135,300,300,4.5
gmtBcUWzdwE,spoon,6.0,utility item,True,/home/dipshikha/Music/cao/CISLR_v1.5-a_videos/gmtBcUWzdwE.mp4,train,True,30.0,170,300,300,5.666666666666667
gnQLgdWLk0c,liberia,4.0,geography,True,/home/dipshikha/Music/cao/CISLR_v1.5-a_videos/gnQLgdWLk0c.mp4,train,True,25.0,77,300,300,3.08
go4BoZ5lX1s,ice cream,5.0,foods and drinks,True,/home/dipshikha/Music/cao/CISLR_v1.5-a_videos/go4BoZ5lX1s.mp4,test,True,25.0,101,300,300,4.04
gp87To3L1DY_1,tablet,6.0,electronic and electrical,True,/home/dipshikha/Music/cao/CISLR_v1.5-a_videos/gp87To3L1DY_1.mp4,train,True,25.0,75,300,300,3.0
gsI77j_jlvg_1,king,7.0,profession,True,/home/dipshikha/Music/cao/CISLR_v1.5-a_videos/gsI77j_jlvg_1.mp4,train,True,25.0,75,300,300,3.0
guKx7gevhGo,milk,4.0,foods and drinks,True,/home/dipshikha/Music/cao/CISLR_v1.5-a_videos/guKx7gevhGo.mp4,test,True,25.0,89,300,300,3.56
guOIIr835FE,zoom,5.0,action,True,/home/dipshikha/Music/cao/CISLR_v1.5-a_videos/guOIIr835FE.mp4,train,True,25.0,101,300,300,4.04
guhzTYs8TN8_2,fuse,9.0,electronic and electrical,True,/home/dipshikha/Music/cao/CISLR_v1.5-a_videos/guhzTYs8TN8_2.mp4,train,True,30.0,96,300,300,3.2
gvEzY4sw5Z0_1,stir,7.0,action,True,/home/dipshikha/Music/cao/CISLR_v1.5-a_videos/gvEzY4sw5Z0_1.mp4,train,True,25.0,75,300,300,3.0
gvFkCJni120,indira gandhi,4.0,human,True,/home/dipshikha/Music/cao/CISLR_v1.5-a_videos/gvFkCJni120.mp4,train,True,25.0,94,300,300,3.76
gvz1mZnNRJw,north,4.0,spatial position,True,/home/dipshikha/Music/cao/CISLR_v1.5-a_videos/gvz1mZnNRJw.mp4,test,True,25.0,78,300,300,3.12
gwK7IZYEgK8_1,re acceptable,7.0,banking,True,/home/dipshikha/Music/cao/CISLR_v1.5-a_videos/gwK7IZYEgK8_1.mp4,train,True,30.0,90,300,300,3.0
gwhvOC8EWh8_2,rectangle,10.0,math,True,/home/dipshikha/Music/cao/CISLR_v1.5-a_videos/gwhvOC8EWh8_2.mp4,test,True,30.0,117,300,300,3.9
gxFroPz8ydI_1,his,6.0,language,True,/home/dipshikha/Music/cao/CISLR_v1.5-a_videos/gxFroPz8ydI_1.mp4,train,True,25.0,75,300,300,3.0
gy8DIBO3KPo_1,over valuation,9.0,banking,True,/home/dipshikha/Music/cao/CISLR_v1.5-a_videos/gy8DIBO3KPo_1.mp4,train,True,30.0,135,300,300,4.5
gyOoK92JltU,engagement,11.0,event,True,/home/dipshikha/Music/cao/CISLR_v1.5-a_videos/gyOoK92JltU.mp4,test,True,30.0,311,300,300,10.366666666666667
gz02l8wMzKk_1,girl,8.0,human,True,/home/dipshikha/Music/cao/CISLR_v1.5-a_videos/gz02l8wMzKk_1.mp4,test,True,29.916666666666668,120,300,300,4.011142061281337
gz3bQ5GGfUQ,sit,7.0,action,True,/home/dipshikha/Music/cao/CISLR_v1.5-a_videos/gz3bQ5GGfUQ.mp4,test,True,30.0,196,300,300,6.533333333333333
gzjPlKC1r-w_1,pencil,6.0,utility item,True,/home/dipshikha/Music/cao/CISLR_v1.5-a_videos/gzjPlKC1r-w_1.mp4,test,True,25.0,75,300,300,3.0
gzlymlA-sW8,around,4.0,spatial position,True,/home/dipshikha/Music/cao/CISLR_v1.5-a_videos/gzlymlA-sW8.mp4,test,True,25.0,85,300,300,3.4
gzp_nV5PK1o_1,crown,7.0,authority,True,/home/dipshikha/Music/cao/CISLR_v1.5-a_videos/gzp_nV5PK1o_1.mp4,train,True,25.0,75,300,300,3.0
h01yeVZv5zo,size,9.0,quantity,True,/home/dipshikha/Music/cao/CISLR_v1.5-a_videos/h01yeVZv5zo.mp4,test,True,30.0,241,300,300,8.033333333333333
h0IHd58MBEA,date,6.0,time,True,/home/dipshikha/Music/cao/CISLR_v1.5-a_videos/h0IHd58MBEA.mp4,test,True,30.0,154,300,300,5.133333333333334
h0J-0nV_CoA_1,that,4.0,relation,True,/home/dipshikha/Music/cao/CISLR_v1.5-a_videos/h0J-0nV_CoA_1.mp4,test,True,25.0,50,300,300,2.0
h1mgzeLHaMY,rwanda,3.0,geography,True,/home/dipshikha/Music/cao/CISLR_v1.5-a_videos/h1mgzeLHaMY.mp4,train,True,25.0,73,300,300,2.92
h1oFiJchfh0,man,10.0,human,True,/home/dipshikha/Music/cao/CISLR_v1.5-a_videos/h1oFiJchfh0.mp4,test,True,30.0,294,300,300,9.8
h3ZdKfu7Vws,sarvepalli radhakrishnan,5.0,human,True,/home/dipshikha/Music/cao/CISLR_v1.5-a_videos/h3ZdKfu7Vws.mp4,train,True,25.0,106,300,300,4.24
h3c9_id8RWg,pay in installment,5.0,banking,True,/home/dipshikha/Music/cao/CISLR_v1.5-a_videos/h3c9_id8RWg.mp4,train,True,25.0,114,300,300,4.56
h4y0h7GDHA8,surprise,3.0,gesture,True,/home/dipshikha/Music/cao/CISLR_v1.5-a_videos/h4y0h7GDHA8.mp4,train,True,25.0,60,300,300,2.4
h58uVxY-2uE,we,3.0,group,True,/home/dipshikha/Music/cao/CISLR_v1.5-a_videos/h58uVxY-2uE.mp4,test,True,25.0,75,300,300,3.0
h5N2nXbDBm0,reservation,5.0,group,True,/home/dipshikha/Music/cao/CISLR_v1.5-a_videos/h5N2nXbDBm0.mp4,test,True,25.0,115,300,300,4.6
h6GYmPOMrDc_1,messenger,10.0,internet,True,/home/dipshikha/Music/cao/CISLR_v1.5-a_videos/h6GYmPOMrDc_1.mp4,train,True,30.0,135,300,300,4.5
h6LSVGsUiRA,briefcase,4.0,utility item,True,/home/dipshikha/Music/cao/CISLR_v1.5-a_videos/h6LSVGsUiRA.mp4,train,True,25.0,92,300,300,3.68
h6hwyEN0Jwk,cam,15.0,instrument,True,/home/dipshikha/Music/cao/CISLR_v1.5-a_videos/h6hwyEN0Jwk.mp4,test,True,25.0,352,300,300,14.08
h70xLaGjPIM,j k bank,5.0,banking,True,/home/dipshikha/Music/cao/CISLR_v1.5-a_videos/h70xLaGjPIM.mp4,train,True,24.0,117,300,300,4.875
h7wUxp1gTSo_2,pyramid,11.0,math,True,/home/dipshikha/Music/cao/CISLR_v1.5-a_videos/h7wUxp1gTSo_2.mp4,train,True,30.0,104,300,300,3.466666666666667
h8PX8tmC6D0,cave,8.0,geography,True,/home/dipshikha/Music/cao/CISLR_v1.5-a_videos/h8PX8tmC6D0.mp4,test,True,25.0,191,300,300,7.64
h8cX3gzzey8,mobile,4.0,electronic and electrical,True,/home/dipshikha/Music/cao/CISLR_v1.5-a_videos/h8cX3gzzey8.mp4,test,True,25.0,87,300,300,3.48
h8yZIUn2J7o_2,plane mirror,8.0,physics,True,/home/dipshikha/Music/cao/CISLR_v1.5-a_videos/h8yZIUn2J7o_2.mp4,train,True,30.0,94,300,300,3.1333333333333333
h8zjYuaiBK8_1,documents of title,15.0,readable,True,/home/dipshikha/Music/cao/CISLR_v1.5-a_videos/h8zjYuaiBK8_1.mp4,train,True,30.0,225,300,300,7.5
hAPJsvuQdkI,bestiality,9.0,sensation,True,/home/dipshikha/Music/cao/CISLR_v1.5-a_videos/hAPJsvuQdkI.mp4,train,True,25.0,205,300,300,8.2
hAiUOOeVyRg_1,person,8.0,human,True,/home/dipshikha/Music/cao/CISLR_v1.5-a_videos/hAiUOOeVyRg_1.mp4,test,True,30.0,120,300,300,4.0
hBs7tvBHjzQ_1,hoarding,12.0,banking,True,/home/dipshikha/Music/cao/CISLR_v1.5-a_videos/hBs7tvBHjzQ_1.mp4,train,True,30.0,165,300,300,5.5
hCyqeJeKGyI,vodka,4.0,foods and drinks,True,/home/dipshikha/Music/cao/CISLR_v1.5-a_videos/hCyqeJeKGyI.mp4,test,True,25.0,77,300,300,3.08
hD6EdyqWw0c,tamil nadu,4.0,geography,True,/home/dipshikha/Music/cao/CISLR_v1.5-a_videos/hD6EdyqWw0c.mp4,train,True,25.0,95,300,300,3.8
hDVU5-mq6H8_1,noon,7.0,time,True,/home/dipshikha/Music/cao/CISLR_v1.5-a_videos/hDVU5-mq6H8_1.mp4,test,True,30.0,90,300,300,3.0
hFbU0wq1A6Y_1,send,7.0,action,True,/home/dipshikha/Music/cao/CISLR_v1.5-a_videos/hFbU0wq1A6Y_1.mp4,test,True,25.0,75,300,300,3.0
hGE-45zVP8w_1,flower,6.0,flora and fauna,True,/home/dipshikha/Music/cao/CISLR_v1.5-a_videos/hGE-45zVP8w_1.mp4,train,True,30.0,75,300,300,2.5
hGJ3qOLO2ek_1,north,5.0,spatial position,True,/home/dipshikha/Music/cao/CISLR_v1.5-a_videos/hGJ3qOLO2ek_1.mp4,test,True,25.0,63,300,300,2.52
hH2jM_bJyAc_1,sometimes,5.0,abstract,True,/home/dipshikha/Music/cao/CISLR_v1.5-a_videos/hH2jM_bJyAc_1.mp4,test,True,25.0,63,300,300,2.52
hHLoe4rXNNk_1,room,8.0,construction,True,/home/dipshikha/Music/cao/CISLR_v1.5-a_videos/hHLoe4rXNNk_1.mp4,train,True,30.0,120,300,300,4.0
hJ2fPuzgv_s_2,plane concave lens,11.0,physics,True,/home/dipshikha/Music/cao/CISLR_v1.5-a_videos/hJ2fPuzgv_s_2.mp4,train,True,30.0,141,300,300,4.7
hKT6dEhxTAE,energetic,6.0,attribute,True,/home/dipshikha/Music/cao/CISLR_v1.5-a_videos/hKT6dEhxTAE.mp4,train,True,25.0,133,300,300,5.32
hL5w2l57g9k,annual,5.0,time,True,/home/dipshikha/Music/cao/CISLR_v1.5-a_videos/hL5w2l57g9k.mp4,test,True,25.0,117,300,300,4.68
hLzEs4ZdXg4,policeman,5.0,profession,True,/home/dipshikha/Music/cao/CISLR_v1.5-a_videos/hLzEs4ZdXg4.mp4,test,True,25.0,108,300,300,4.32
hMBo35nYkJ8_1,curtain,8.0,utility item,True,/home/dipshikha/Music/cao/CISLR_v1.5-a_videos/hMBo35nYkJ8_1.mp4,test,True,30.0,120,300,300,4.0
hMHTMJFYAaI_1,fine,5.0,legal,True,/home/dipshikha/Music/cao/CISLR_v1.5-a_videos/hMHTMJFYAaI_1.mp4,test,True,25.0,50,300,300,2.0
hMLtjJ2H09Y_1,fail,6.0,action,True,/home/dipshikha/Music/cao/CISLR_v1.5-a_videos/hMLtjJ2H09Y_1.mp4,train,True,25.0,75,300,300,3.0
hN6_eLx9tkU_1,shopkeeper,8.0,profession,True,/home/dipshikha/Music/cao/CISLR_v1.5-a_videos/hN6_eLx9tkU_1.mp4,train,True,25.0,88,300,300,3.52
hO9pTrkhSlA,lathe,6.0,machine,True,/home/dipshikha/Music/cao/CISLR_v1.5-a_videos/hO9pTrkhSlA.mp4,train,True,25.0,144,300,300,5.76
hR03PpsD4O8_1,monkey,6.0,flora and fauna,True,/home/dipshikha/Music/cao/CISLR_v1.5-a_videos/hR03PpsD4O8_1.mp4,test,True,30.0,75,300,300,2.5
hR9Q-3L5tGY,laos,3.0,geography,True,/home/dipshikha/Music/cao/CISLR_v1.5-a_videos/hR9Q-3L5tGY.mp4,train,True,25.0,64,300,300,2.56
hTe8e7lfC-M_1,mark,9.0,action,True,/home/dipshikha/Music/cao/CISLR_v1.5-a_videos/hTe8e7lfC-M_1.mp4,train,True,30.0,120,300,300,4.0
hTjWdQrM-LY_2,non,11.0,abstract,True,/home/dipshikha/Music/cao/CISLR_v1.5-a_videos/hTjWdQrM-LY_2.mp4,train,True,30.0,143,300,300,4.766666666666667
hTxZxP5ypNk,photo,5.0,miscellaneous object,True,/home/dipshikha/Music/cao/CISLR_v1.5-a_videos/hTxZxP5ypNk.mp4,train,True,25.0,107,300,300,4.28
hUlyxPexDU0,wash,3.0,action,True,/home/dipshikha/Music/cao/CISLR_v1.5-a_videos/hUlyxPexDU0.mp4,test,True,25.0,58,300,300,2.32
hVx3X80m2rk,sequential,5.0,attribute,True,/home/dipshikha/Music/cao/CISLR_v1.5-a_videos/hVx3X80m2rk.mp4,test,True,25.0,110,300,300,4.4
hVzB0xxqRiQ_1,share market,10.0,banking,True,/home/dipshikha/Music/cao/CISLR_v1.5-a_videos/hVzB0xxqRiQ_1.mp4,test,True,29.916666666666668,150,300,300,5.013927576601671
hWrC71CmNus_1,counter,13.0,process,True,/home/dipshikha/Music/cao/CISLR_v1.5-a_videos/hWrC71CmNus_1.mp4,train,True,30.0,225,300,300,7.5
hXHLEKBaaNM,unemployed,4.0,comparator,True,/home/dipshikha/Music/cao/CISLR_v1.5-a_videos/hXHLEKBaaNM.mp4,train,True,25.0,86,300,300,3.44
hXp201_ejX8,police car,10.0,transport,True,/home/dipshikha/Music/cao/CISLR_v1.5-a_videos/hXp201_ejX8.mp4,train,True,25.0,241,300,300,9.64
hYAtE5G_a9c_1,notary public,10.0,legal,True,/home/dipshikha/Music/cao/CISLR_v1.5-a_videos/hYAtE5G_a9c_1.mp4,train,True,30.0,135,300,300,4.5
hZ1IkPKvjS4_1,uttar pradesh,6.0,geography,True,/home/dipshikha/Music/cao/CISLR_v1.5-a_videos/hZ1IkPKvjS4_1.mp4,test,True,25.0,75,300,300,3.0
hZ7K25SvzRM,milk powder,7.0,substance,True,/home/dipshikha/Music/cao/CISLR_v1.5-a_videos/hZ7K25SvzRM.mp4,train,True,24.0,149,300,300,6.208333333333333
hZGHZ9sLtlg,railway track,5.0,transport,True,/home/dipshikha/Music/cao/CISLR_v1.5-a_videos/hZGHZ9sLtlg.mp4,train,True,25.0,119,300,300,4.76
h_Ja2phijtY,scold,3.0,action,True,/home/dipshikha/Music/cao/CISLR_v1.5-a_videos/h_Ja2phijtY.mp4,test,True,25.0,70,300,300,2.8
ha9bN_xLWhU_1,rest,6.0,action,True,/home/dipshikha/Music/cao/CISLR_v1.5-a_videos/ha9bN_xLWhU_1.mp4,test,True,25.0,63,300,300,2.52
hb8P_6PksSI,tree,6.0,flora and fauna,True,/home/dipshikha/Music/cao/CISLR_v1.5-a_videos/hb8P_6PksSI.mp4,test,True,30.0,150,300,300,5.0
hc5PzdRYMUk,screen,12.0,action,True,/home/dipshikha/Music/cao/CISLR_v1.5-a_videos/hc5PzdRYMUk.mp4,train,True,25.0,288,300,300,11.52
hd1_aU5WhjA_1,moral,6.0,abstract,True,/home/dipshikha/Music/cao/CISLR_v1.5-a_videos/hd1_aU5WhjA_1.mp4,train,True,30.0,75,300,300,2.5
hdJr3U_BZ38_1,time bound,10.0,time,True,/home/dipshikha/Music/cao/CISLR_v1.5-a_videos/hdJr3U_BZ38_1.mp4,train,True,30.0,135,300,300,4.5
hdLBSjdqvIg,sheep,8.0,flora and fauna,True,/home/dipshikha/Music/cao/CISLR_v1.5-a_videos/hdLBSjdqvIg.mp4,test,True,30.0,214,300,300,7.133333333333334
hdMpGpG4LJ4,obligate saprophyte,14.0,biology,True,/home/dipshikha/Music/cao/CISLR_v1.5-a_videos/hdMpGpG4LJ4.mp4,train,True,25.0,329,300,300,13.16
hdedMoAlUx0,pillow,9.0,utility item,True,/home/dipshikha/Music/cao/CISLR_v1.5-a_videos/hdedMoAlUx0.mp4,test,True,30.0,259,300,300,8.633333333333333
he8ICzchdmA,ncp,4.0,politics,True,/home/dipshikha/Music/cao/CISLR_v1.5-a_videos/he8ICzchdmA.mp4,train,True,24.0,84,300,300,3.5
heZkGdeEaPE_1,pray,6.0,action,True,/home/dipshikha/Music/cao/CISLR_v1.5-a_videos/heZkGdeEaPE_1.mp4,test,True,25.0,63,300,300,2.52
hf9_mHO_dPg_1,potato,7.0,foods and drinks,True,/home/dipshikha/Music/cao/CISLR_v1.5-a_videos/hf9_mHO_dPg_1.mp4,test,True,25.0,75,300,300,3.0
hfmljrmlZ6k,diabetes,5.0,medical,True,/home/dipshikha/Music/cao/CISLR_v1.5-a_videos/hfmljrmlZ6k.mp4,test,True,25.0,110,300,300,4.4
hga2Zs6wmWw,tension,4.0,behavior,True,/home/dipshikha/Music/cao/CISLR_v1.5-a_videos/hga2Zs6wmWw.mp4,train,True,25.0,81,300,300,3.24
hgscVnEa9Jg_1,waves,8.0,physics,True,/home/dipshikha/Music/cao/CISLR_v1.5-a_videos/hgscVnEa9Jg_1.mp4,test,True,25.0,88,300,300,3.52
hhE3F517e40,wire man,8.0,profession,True,/home/dipshikha/Music/cao/CISLR_v1.5-a_videos/hhE3F517e40.mp4,train,True,25.0,197,300,300,7.88
hhIHJjxkrt4,centre  front,8.0,spatial position,True,/home/dipshikha/Music/cao/CISLR_v1.5-a_videos/hhIHJjxkrt4.mp4,train,True,25.0,191,300,300,7.64
hhnc9qkIwVw,on the basis of life cycle,13.0,medical,True,/home/dipshikha/Music/cao/CISLR_v1.5-a_videos/hhnc9qkIwVw.mp4,train,True,25.0,312,300,300,12.48
hi_YVOlxY8Y_1,ldli,6.0,foods and drinks,True,/home/dipshikha/Music/cao/CISLR_v1.5-a_videos/hi_YVOlxY8Y_1.mp4,train,True,25.0,63,300,300,2.52
hjLBNqNbuQQ_1,tax property,11.0,legal,True,/home/dipshikha/Music/cao/CISLR_v1.5-a_videos/hjLBNqNbuQQ_1.mp4,train,True,30.0,165,300,300,5.5
hk2A1bKpvo4_1,drop,6.0,action,True,/home/dipshikha/Music/cao/CISLR_v1.5-a_videos/hk2A1bKpvo4_1.mp4,test,True,25.0,75,300,300,3.0
hl1aZKaSZ7I_1,goods retumed,8.0,utility item,True,/home/dipshikha/Music/cao/CISLR_v1.5-a_videos/hl1aZKaSZ7I_1.mp4,train,True,30.0,105,300,300,3.5
hlRsj56XQh4,stupid,5.0,abstract,True,/home/dipshikha/Music/cao/CISLR_v1.5-a_videos/hlRsj56XQh4.mp4,train,True,25.0,102,300,300,4.08
hlWNjgLwXUM,days after tomorrow,9.0,time,True,/home/dipshikha/Music/cao/CISLR_v1.5-a_videos/hlWNjgLwXUM.mp4,train,True,25.0,202,300,300,8.08
hmPvK4_rpYQ_1,restaurant,6.0,construction,True,/home/dipshikha/Music/cao/CISLR_v1.5-a_videos/hmPvK4_rpYQ_1.mp4,test,True,25.0,63,300,300,2.52
hnIlCRz665c,this,4.0,relation,True,/home/dipshikha/Music/cao/CISLR_v1.5-a_videos/hnIlCRz665c.mp4,test,True,25.0,76,300,300,3.04
hnwJMWsU8tg,emergency,5.0,event,True,/home/dipshikha/Music/cao/CISLR_v1.5-a_videos/hnwJMWsU8tg.mp4,test,True,25.0,108,300,300,4.32
hpVSyk3uJQg_1,jailor,7.0,profession,True,/home/dipshikha/Music/cao/CISLR_v1.5-a_videos/hpVSyk3uJQg_1.mp4,train,True,25.0,88,300,300,3.52
hpWytkH3Oas_2,air,7.0,substance,True,/home/dipshikha/Music/cao/CISLR_v1.5-a_videos/hpWytkH3Oas_2.mp4,test,True,30.0,80,300,300,2.6666666666666665
hpY4EHeLGz0,result,3.0,abstract,True,/home/dipshikha/Music/cao/CISLR_v1.5-a_videos/hpY4EHeLGz0.mp4,test,True,25.0,70,300,300,2.8
hurQiZ-f8WI,soap,4.0,utility item,True,/home/dipshikha/Music/cao/CISLR_v1.5-a_videos/hurQiZ-f8WI.mp4,test,True,25.0,94,300,300,3.76
hvNcv6oLpaY,noise,4.0,sound,True,/home/dipshikha/Music/cao/CISLR_v1.5-a_videos/hvNcv6oLpaY.mp4,test,True,25.0,97,300,300,3.88
hx3Ig7Z6Fjs,tortoise,7.0,flora and fauna,True,/home/dipshikha/Music/cao/CISLR_v1.5-a_videos/hx3Ig7Z6Fjs.mp4,test,True,30.0,181,300,300,6.033333333333333
hz69XeQ-OZU,door,8.0,construction,True,/home/dipshikha/Music/cao/CISLR_v1.5-a_videos/hz69XeQ-OZU.mp4,test,True,30.0,222,300,300,7.4
i-CTcAiWx8Q_1,revolve,7.0,action,True,/home/dipshikha/Music/cao/CISLR_v1.5-a_videos/i-CTcAiWx8Q_1.mp4,train,True,25.0,88,300,300,3.52
i-SvPceDJYw,google map,9.0,internet,True,/home/dipshikha/Music/cao/CISLR_v1.5-a_videos/i-SvPceDJYw.mp4,train,True,25.0,217,300,300,8.68
i-W0fIeF-Fs_1,think,7.0,action,True,/home/dipshikha/Music/cao/CISLR_v1.5-a_videos/i-W0fIeF-Fs_1.mp4,test,True,30.0,90,300,300,3.0
i-W0qokTIeM,mechanic,7.0,profession,True,/home/dipshikha/Music/cao/CISLR_v1.5-a_videos/i-W0qokTIeM.mp4,test,True,25.0,156,300,300,6.24
i-pOirIukIg_1,size,9.0,quantity,True,/home/dipshikha/Music/cao/CISLR_v1.5-a_videos/i-pOirIukIg_1.mp4,test,True,30.0,120,300,300,4.0
i07VeT58iLA_1,custody,9.0,legal,True,/home/dipshikha/Music/cao/CISLR_v1.5-a_videos/i07VeT58iLA_1.mp4,train,True,30.0,120,300,300,4.0
i089w0q0af8_1,angry,7.0,emotion,True,/home/dipshikha/Music/cao/CISLR_v1.5-a_videos/i089w0q0af8_1.mp4,test,True,30.0,90,300,300,3.0
i0RaT2MIuvY_1,courier,6.0,transport,True,/home/dipshikha/Music/cao/CISLR_v1.5-a_videos/i0RaT2MIuvY_1.mp4,test,True,25.0,75,300,300,3.0
i0mxg-Ww97Q_1,wheat,5.0,foods and drinks,True,/home/dipshikha/Music/cao/CISLR_v1.5-a_videos/i0mxg-Ww97Q_1.mp4,test,True,25.0,63,300,300,2.52
i11LzPy5OPQ,room,5.0,construction,True,/home/dipshikha/Music/cao/CISLR_v1.5-a_videos/i11LzPy5OPQ.mp4,test,True,25.0,110,300,300,4.4
i1HQutvRGa4_1,cochin,6.0,geography,True,/home/dipshikha/Music/cao/CISLR_v1.5-a_videos/i1HQutvRGa4_1.mp4,train,True,25.0,63,300,300,2.52
i2Uc1LRiYbs_1,queen,6.0,authority,True,/home/dipshikha/Music/cao/CISLR_v1.5-a_videos/i2Uc1LRiYbs_1.mp4,test,True,25.0,75,300,300,3.0
i4SXWG5euBE_1,camel,6.0,flora and fauna,True,/home/dipshikha/Music/cao/CISLR_v1.5-a_videos/i4SXWG5euBE_1.mp4,test,True,30.0,75,300,300,2.5
i4SoQNXcpik_2,astronomy,14.0,physics,True,/home/dipshikha/Music/cao/CISLR_v1.5-a_videos/i4SoQNXcpik_2.mp4,train,True,30.0,181,300,300,6.033333333333333
i4YK5ssItV4,size,5.0,quantity,True,/home/dipshikha/Music/cao/CISLR_v1.5-a_videos/i4YK5ssItV4.mp4,test,True,25.0,108,300,300,4.32
i4i1dYe1hDE_1,masquito,6.0,flora and fauna,True,/home/dipshikha/Music/cao/CISLR_v1.5-a_videos/i4i1dYe1hDE_1.mp4,train,True,30.0,75,300,300,2.5
i4rgDyw5mc8,applicant,5.0,human,True,/home/dipshikha/Music/cao/CISLR_v1.5-a_videos/i4rgDyw5mc8.mp4,train,True,25.0,108,300,300,4.32
i51r2vobqyY,promotion,4.0,organisation,True,/home/dipshikha/Music/cao/CISLR_v1.5-a_videos/i51r2vobqyY.mp4,test,True,25.0,78,300,300,3.12
i5D0tObXY54_2,density,6.0,attribute,True,/home/dipshikha/Music/cao/CISLR_v1.5-a_videos/i5D0tObXY54_2.mp4,train,True,30.0,64,300,300,2.1333333333333333
i5FfdjLi5IQ,magic,4.0,abstract,True,/home/dipshikha/Music/cao/CISLR_v1.5-a_videos/i5FfdjLi5IQ.mp4,test,True,25.0,87,300,300,3.48
i5dtwGBooaI_1,instruction,7.0,authority,True,/home/dipshikha/Music/cao/CISLR_v1.5-a_videos/i5dtwGBooaI_1.mp4,train,True,30.0,90,300,300,3.0
i63RdVVp__E_1,alive,6.0,stage,True,/home/dipshikha/Music/cao/CISLR_v1.5-a_videos/i63RdVVp__E_1.mp4,test,True,30.0,75,300,300,2.5
i6snKEGzUUo,funnel  neck,10.0,instrument,True,/home/dipshikha/Music/cao/CISLR_v1.5-a_videos/i6snKEGzUUo.mp4,train,True,25.0,229,300,300,9.16
i81W1xO6sBc_1,legal advisor,9.0,legal,True,/home/dipshikha/Music/cao/CISLR_v1.5-a_videos/i81W1xO6sBc_1.mp4,train,True,30.0,120,300,300,4.0
i98p9BicOgI_1,lorry,6.0,transport,True,/home/dipshikha/Music/cao/CISLR_v1.5-a_videos/i98p9BicOgI_1.mp4,test,True,25.0,63,300,300,2.52
i9_iDJ7f6oU_1,enjoy,6.0,action,True,/home/dipshikha/Music/cao/CISLR_v1.5-a_videos/i9_iDJ7f6oU_1.mp4,test,True,25.0,63,300,300,2.52
iAKpmP9dGuw,hook and eye,9.0,utility item,True,/home/dipshikha/Music/cao/CISLR_v1.5-a_videos/iAKpmP9dGuw.mp4,train,True,25.0,204,300,300,8.16
iASooj0B1tY,classification based on season,14.0,action,True,/home/dipshikha/Music/cao/CISLR_v1.5-a_videos/iASooj0B1tY.mp4,train,True,25.0,333,300,300,13.32
iAflHa-dXY8_1,relative,8.0,relation,True,/home/dipshikha/Music/cao/CISLR_v1.5-a_videos/iAflHa-dXY8_1.mp4,test,True,30.0,105,300,300,3.5
iBQVdGzJnoY_1,kill,5.0,action,True,/home/dipshikha/Music/cao/CISLR_v1.5-a_videos/iBQVdGzJnoY_1.mp4,train,True,25.0,63,300,300,2.52
iCGVvvNuvLM,home gardens,11.0,geography,True,/home/dipshikha/Music/cao/CISLR_v1.5-a_videos/iCGVvvNuvLM.mp4,train,True,25.0,267,300,300,10.68
iCZL3lk119A,book,4.0,readable,True,/home/dipshikha/Music/cao/CISLR_v1.5-a_videos/iCZL3lk119A.mp4,train,True,25.0,87,300,300,3.48
iChCDbeSSy8_1,then,7.0,time,True,/home/dipshikha/Music/cao/CISLR_v1.5-a_videos/iChCDbeSSy8_1.mp4,test,True,30.0,105,300,300,3.5
iCxWZbtfqH4_1,recognised,7.0,action,True,/home/dipshikha/Music/cao/CISLR_v1.5-a_videos/iCxWZbtfqH4_1.mp4,train,True,30.0,90,300,300,3.0
iEN8nrcP1y8_1,butterfly,6.0,flora and fauna,True,/home/dipshikha/Music/cao/CISLR_v1.5-a_videos/iEN8nrcP1y8_1.mp4,test,True,30.0,75,300,300,2.5
iEoyPLi9Lys,plumber,6.0,profession,True,/home/dipshikha/Music/cao/CISLR_v1.5-a_videos/iEoyPLi9Lys.mp4,test,True,25.0,129,300,300,5.16
iEwyPUtL9s0,scooter,4.0,transport,True,/home/dipshikha/Music/cao/CISLR_v1.5-a_videos/iEwyPUtL9s0.mp4,train,True,25.0,86,300,300,3.44
iG5hfz3BeJE_1,brass,8.0,metal and minerals,True,/home/dipshikha/Music/cao/CISLR_v1.5-a_videos/iG5hfz3BeJE_1.mp4,test,True,30.0,120,300,300,4.0
iGDJKo1-w5k,please,4.0,action,True,/home/dipshikha/Music/cao/CISLR_v1.5-a_videos/iGDJKo1-w5k.mp4,train,True,25.0,83,300,300,3.32
iKNbZ_6pB5c,thursday,3.0,time,True,/home/dipshikha/Music/cao/CISLR_v1.5-a_videos/iKNbZ_6pB5c.mp4,test,True,25.0,73,300,300,2.92
iLJr7ZAPfLE,dropped  armhole sleeve,13.0,wearable,True,/home/dipshikha/Music/cao/CISLR_v1.5-a_videos/iLJr7ZAPfLE.mp4,train,True,25.0,300,300,300,12.0
iLLV5LaC4e4_2,hydrautic press,9.0,machine,True,/home/dipshikha/Music/cao/CISLR_v1.5-a_videos/iLLV5LaC4e4_2.mp4,train,True,30.0,113,300,300,3.7666666666666666
iLnDUh6SJSo,tonight,4.0,time,True,/home/dipshikha/Music/cao/CISLR_v1.5-a_videos/iLnDUh6SJSo.mp4,train,True,25.0,92,300,300,3.68
iLrSnUDmfC4,kite,5.0,sport,True,/home/dipshikha/Music/cao/CISLR_v1.5-a_videos/iLrSnUDmfC4.mp4,test,True,25.0,104,300,300,4.16
iNldnD33t8M_2,month,7.0,time,True,/home/dipshikha/Music/cao/CISLR_v1.5-a_videos/iNldnD33t8M_2.mp4,test,True,30.0,65,300,300,2.1666666666666665
iRN0N_yzgE0_1,stick,6.0,action,True,/home/dipshikha/Music/cao/CISLR_v1.5-a_videos/iRN0N_yzgE0_1.mp4,train,True,25.0,75,300,300,3.0
iRZbZObhJ9g_2,adhesive,7.0,substance,True,/home/dipshikha/Music/cao/CISLR_v1.5-a_videos/iRZbZObhJ9g_2.mp4,train,True,30.0,72,300,300,2.4
iSjUgwEuBLg_1,chappels,6.0,wearable,True,/home/dipshikha/Music/cao/CISLR_v1.5-a_videos/iSjUgwEuBLg_1.mp4,test,True,25.0,75,300,300,3.0
iT0YsG0QkbU,future,5.0,time,True,/home/dipshikha/Music/cao/CISLR_v1.5-a_videos/iT0YsG0QkbU.mp4,train,True,25.0,117,300,300,4.68
iTgS0k5G4HM,confession,12.0,process,True,/home/dipshikha/Music/cao/CISLR_v1.5-a_videos/iTgS0k5G4HM.mp4,train,True,25.0,288,300,300,11.52
iTkwAlp7t9k_1,scales of pay,8.0,banking,True,/home/dipshikha/Music/cao/CISLR_v1.5-a_videos/iTkwAlp7t9k_1.mp4,train,True,30.0,105,300,300,3.5
iURwZntu130_1,increase,6.0,comparator,True,/home/dipshikha/Music/cao/CISLR_v1.5-a_videos/iURwZntu130_1.mp4,test,True,25.0,75,300,300,3.0
iUx2uTIIwjw_1,no due certificate,10.0,legal,True,/home/dipshikha/Music/cao/CISLR_v1.5-a_videos/iUx2uTIIwjw_1.mp4,train,True,30.0,135,300,300,4.5
iWPV3pCRN64_1,soul,6.0,abstract,True,/home/dipshikha/Music/cao/CISLR_v1.5-a_videos/iWPV3pCRN64_1.mp4,train,True,25.0,63,300,300,2.52
iWpgiYUT23c,every time,4.0,time,True,/home/dipshikha/Music/cao/CISLR_v1.5-a_videos/iWpgiYUT23c.mp4,train,True,25.0,88,300,300,3.52
iXunNKio1wU_1,bed,8.0,utility item,True,/home/dipshikha/Music/cao/CISLR_v1.5-a_videos/iXunNKio1wU_1.mp4,test,True,30.0,120,300,300,4.0
iZgNcu2HzzE,factory,5.0,construction,True,/home/dipshikha/Music/cao/CISLR_v1.5-a_videos/iZgNcu2HzzE.mp4,test,True,25.0,102,300,300,4.08
iZmhl0855b8_1,vital,6.0,attribute,True,/home/dipshikha/Music/cao/CISLR_v1.5-a_videos/iZmhl0855b8_1.mp4,train,True,30.0,90,300,300,3.0
i_zyHcuPs6s,light,4.0,quantity,True,/home/dipshikha/Music/cao/CISLR_v1.5-a_videos/i_zyHcuPs6s.mp4,test,True,25.0,82,300,300,3.28
iaF0G6EmWk8_1,hanuman,5.0,religious,True,/home/dipshikha/Music/cao/CISLR_v1.5-a_videos/iaF0G6EmWk8_1.mp4,test,True,25.0,63,300,300,2.52
iayx3bt-0Rg,open,4.0,action,True,/home/dipshikha/Music/cao/CISLR_v1.5-a_videos/iayx3bt-0Rg.mp4,test,True,25.0,97,300,300,3.88
ibTYqJp5cJ4,hands,5.0,biology,True,/home/dipshikha/Music/cao/CISLR_v1.5-a_videos/ibTYqJp5cJ4.mp4,train,True,25.0,104,300,300,4.16
icD4b5yxifw_1,rejoinder,8.0,action,True,/home/dipshikha/Music/cao/CISLR_v1.5-a_videos/icD4b5yxifw_1.mp4,train,True,30.0,120,300,300,4.0
icjDmpATHwE,draw,4.0,action,True,/home/dipshikha/Music/cao/CISLR_v1.5-a_videos/icjDmpATHwE.mp4,test,True,25.0,95,300,300,3.8
icl2XFweTwc_1,photograph,7.0,miscellaneous object,True,/home/dipshikha/Music/cao/CISLR_v1.5-a_videos/icl2XFweTwc_1.mp4,test,True,30.0,105,300,300,3.5
idmU_oI_TPs_1,king,7.0,profession,True,/home/dipshikha/Music/cao/CISLR_v1.5-a_videos/idmU_oI_TPs_1.mp4,test,True,25.0,75,300,300,3.0
ids6uU-p-lk_1,television,7.0,electronic and electrical,True,/home/dipshikha/Music/cao/CISLR_v1.5-a_videos/ids6uU-p-lk_1.mp4,test,True,25.0,88,300,300,3.52
ie88hOTzHTk,technician,14.0,profession,True,/home/dipshikha/Music/cao/CISLR_v1.5-a_videos/ie88hOTzHTk.mp4,test,True,25.0,348,300,300,13.92
if-ioOMit8I,descendant,4.0,authority,True,/home/dipshikha/Music/cao/CISLR_v1.5-a_videos/if-ioOMit8I.mp4,train,True,25.0,79,300,300,3.16
if8EmpcZpQo_1,move,6.0,process,True,/home/dipshikha/Music/cao/CISLR_v1.5-a_videos/if8EmpcZpQo_1.mp4,test,True,25.0,63,300,300,2.52
ifC99YlyRZE_1,poision,6.0,medical,True,/home/dipshikha/Music/cao/CISLR_v1.5-a_videos/ifC99YlyRZE_1.mp4,test,True,30.0,90,300,300,3.0
igW552_dD_o_1,next,5.0,time,True,/home/dipshikha/Music/cao/CISLR_v1.5-a_videos/igW552_dD_o_1.mp4,test,True,25.0,63,300,300,2.52
ihytBUA_38Q_1,industry,9.0,profession,True,/home/dipshikha/Music/cao/CISLR_v1.5-a_videos/ihytBUA_38Q_1.mp4,train,True,30.0,120,300,300,4.0
iiWPq-IKhXQ,ridicule,3.0,behavior,True,/home/dipshikha/Music/cao/CISLR_v1.5-a_videos/iiWPq-IKhXQ.mp4,train,True,25.0,73,300,300,2.92
iiYu_W7B91w_2,communication,8.0,process,True,/home/dipshikha/Music/cao/CISLR_v1.5-a_videos/iiYu_W7B91w_2.mp4,train,True,30.0,80,300,300,2.6666666666666665
ijKFau9K4Rw,proof,4.0,miscellaneous object,True,/home/dipshikha/Music/cao/CISLR_v1.5-a_videos/ijKFau9K4Rw.mp4,test,True,25.0,78,300,300,3.12
ijMeKPPK14c,standardization,5.0,process,True,/home/dipshikha/Music/cao/CISLR_v1.5-a_videos/ijMeKPPK14c.mp4,train,True,25.0,116,300,300,4.64
ijNQOg31iaI,adult,3.0,stage,True,/home/dipshikha/Music/cao/CISLR_v1.5-a_videos/ijNQOg31iaI.mp4,test,True,25.0,71,300,300,2.84
ijZEAkDX9Tw_1,wage,8.0,banking,True,/home/dipshikha/Music/cao/CISLR_v1.5-a_videos/ijZEAkDX9Tw_1.mp4,train,True,30.0,105,300,300,3.5
ijcihspmP_A_1,rat,6.0,flora and fauna,True,/home/dipshikha/Music/cao/CISLR_v1.5-a_videos/ijcihspmP_A_1.mp4,test,True,30.0,75,300,300,2.5
ik8ITcJ1pTQ_1,hardworking,8.0,behavior,True,/home/dipshikha/Music/cao/CISLR_v1.5-a_videos/ik8ITcJ1pTQ_1.mp4,test,True,30.0,105,300,300,3.5
ikrmT6T1GbE_2,satellites,13.0,astronomical,True,/home/dipshikha/Music/cao/CISLR_v1.5-a_videos/ikrmT6T1GbE_2.mp4,train,True,30.0,172,300,300,5.733333333333333
ilYT_sRF0UI,soil borne disease,15.0,medical,True,/home/dipshikha/Music/cao/CISLR_v1.5-a_videos/ilYT_sRF0UI.mp4,train,True,25.0,355,300,300,14.2
inBVDyEiUDk,west,3.0,spatial position,True,/home/dipshikha/Music/cao/CISLR_v1.5-a_videos/inBVDyEiUDk.mp4,test,True,25.0,63,300,300,2.52
inCpeFUzkNw,manipur,4.0,geography,True,/home/dipshikha/Music/cao/CISLR_v1.5-a_videos/inCpeFUzkNw.mp4,test,True,25.0,85,300,300,3.4
inPHcp6Pz8U,tall ornamental hedges,13.0,flora and fauna,True,/home/dipshikha/Music/cao/CISLR_v1.5-a_videos/inPHcp6Pz8U.mp4,train,True,25.0,312,300,300,12.48
in_tDYVG__E_1,plant,5.0,flora and fauna,True,/home/dipshikha/Music/cao/CISLR_v1.5-a_videos/in_tDYVG__E_1.mp4,train,True,30.0,75,300,300,2.5
inqCbpEQ4LM_1,fear,7.0,emotion,True,/home/dipshikha/Music/cao/CISLR_v1.5-a_videos/inqCbpEQ4LM_1.mp4,test,True,30.0,105,300,300,3.5
ioEb1Aqyq10,cycling,4.0,transport,True,/home/dipshikha/Music/cao/CISLR_v1.5-a_videos/ioEb1Aqyq10.mp4,train,True,25.0,98,300,300,3.92
ioph9CGaf2k,model,5.0,behavior,True,/home/dipshikha/Music/cao/CISLR_v1.5-a_videos/ioph9CGaf2k.mp4,test,True,25.0,114,300,300,4.56
iqPMR6iPPmU_1,swing,7.0,action,True,/home/dipshikha/Music/cao/CISLR_v1.5-a_videos/iqPMR6iPPmU_1.mp4,test,True,25.0,88,300,300,3.52
iqlb1r9YIAc,born,5.0,stage,True,/home/dipshikha/Music/cao/CISLR_v1.5-a_videos/iqlb1r9YIAc.mp4,train,True,25.0,113,300,300,4.52
ir2j5tb_Dtc,crease,10.0,metal and minerals,True,/home/dipshikha/Music/cao/CISLR_v1.5-a_videos/ir2j5tb_Dtc.mp4,train,True,25.0,241,300,300,9.64
is0vnifQmQE,alarm,5.0,utility item,True,/home/dipshikha/Music/cao/CISLR_v1.5-a_videos/is0vnifQmQE.mp4,test,True,25.0,121,300,300,4.84
isrocVWrxaM,death in service,13.0,event,True,/home/dipshikha/Music/cao/CISLR_v1.5-a_videos/isrocVWrxaM.mp4,train,True,25.0,323,300,300,12.92
itp7CE5KiEQ,scorpion,4.0,flora and fauna,True,/home/dipshikha/Music/cao/CISLR_v1.5-a_videos/itp7CE5KiEQ.mp4,train,True,25.0,97,300,300,3.88
iu7j255lYQU,telugu,3.0,language,True,/home/dipshikha/Music/cao/CISLR_v1.5-a_videos/iu7j255lYQU.mp4,train,True,25.0,60,300,300,2.4
iuFcgfnMyC0_1,surgeon,6.0,profession,True,/home/dipshikha/Music/cao/CISLR_v1.5-a_videos/iuFcgfnMyC0_1.mp4,test,True,25.0,75,300,300,3.0
iuWCFhzXAw4_1,break,5.0,action,True,/home/dipshikha/Music/cao/CISLR_v1.5-a_videos/iuWCFhzXAw4_1.mp4,train,True,25.0,50,300,300,2.0
iuYObHCPlVA_1,zoo,6.0,geography,True,/home/dipshikha/Music/cao/CISLR_v1.5-a_videos/iuYObHCPlVA_1.mp4,test,True,25.0,63,300,300,2.52
iwMNKUoHKgY_1,corn,6.0,foods and drinks,True,/home/dipshikha/Music/cao/CISLR_v1.5-a_videos/iwMNKUoHKgY_1.mp4,test,True,25.0,63,300,300,2.52
iwNBFzTrAjk,shop,4.0,action,True,/home/dipshikha/Music/cao/CISLR_v1.5-a_videos/iwNBFzTrAjk.mp4,test,True,25.0,75,300,300,3.0
iwb4_ty2_fY_1,selection grade,9.0,banking,True,/home/dipshikha/Music/cao/CISLR_v1.5-a_videos/iwb4_ty2_fY_1.mp4,train,True,30.0,120,300,300,4.0
iyN0Qrmy8F8_1,gold,7.0,metal and minerals,True,/home/dipshikha/Music/cao/CISLR_v1.5-a_videos/iyN0Qrmy8F8_1.mp4,test,True,30.0,105,300,300,3.5
iyvaYVAqszM,rocket,5.0,astronomical,True,/home/dipshikha/Music/cao/CISLR_v1.5-a_videos/iyvaYVAqszM.mp4,train,True,25.0,120,300,300,4.8
izOLXRN3PMs,under stitch,13.0,quality,True,/home/dipshikha/Music/cao/CISLR_v1.5-a_videos/izOLXRN3PMs.mp4,train,True,25.0,301,300,300,12.04
izdqbJ_kMkE,tiffin,4.0,foods and drinks,True,/home/dipshikha/Music/cao/CISLR_v1.5-a_videos/izdqbJ_kMkE.mp4,train,True,25.0,87,300,300,3.48
izjMpJOgofI,reach,5.0,action,True,/home/dipshikha/Music/cao/CISLR_v1.5-a_videos/izjMpJOgofI.mp4,train,True,25.0,103,300,300,4.12
izuX0loa1Oc,size of seed,14.0,attribute,True,/home/dipshikha/Music/cao/CISLR_v1.5-a_videos/izuX0loa1Oc.mp4,train,True,24.0,320,300,300,13.333333333333334
j-e06h5DMW4,name,3.0,language,True,/home/dipshikha/Music/cao/CISLR_v1.5-a_videos/j-e06h5DMW4.mp4,test,True,25.0,67,300,300,2.68
j-qHEAz6J6A,umaid bhawan palace,7.0,geography,True,/home/dipshikha/Music/cao/CISLR_v1.5-a_videos/j-qHEAz6J6A.mp4,train,True,25.0,170,300,300,6.8
j0FRtPBWKaM_1,rabbit,7.0,flora and fauna,True,/home/dipshikha/Music/cao/CISLR_v1.5-a_videos/j0FRtPBWKaM_1.mp4,train,True,30.0,90,300,300,3.0
j0KYjVbQn2k,diseases of animals,8.0,biology,True,/home/dipshikha/Music/cao/CISLR_v1.5-a_videos/j0KYjVbQn2k.mp4,train,True,24.0,173,300,300,7.208333333333333
j0m4en9JPMo,pin,9.0,utility item,True,/home/dipshikha/Music/cao/CISLR_v1.5-a_videos/j0m4en9JPMo.mp4,train,True,25.0,206,300,300,8.24
j0xVU_Y5o2s,breast cancer,6.0,medical,True,/home/dipshikha/Music/cao/CISLR_v1.5-a_videos/j0xVU_Y5o2s.mp4,train,True,25.0,128,300,300,5.12
j1LtQ6CcA_4_1,family,9.0,group,True,/home/dipshikha/Music/cao/CISLR_v1.5-a_videos/j1LtQ6CcA_4_1.mp4,test,True,30.0,135,300,300,4.5
j22q83rv6hg,movement,3.0,process,True,/home/dipshikha/Music/cao/CISLR_v1.5-a_videos/j22q83rv6hg.mp4,train,True,25.0,62,300,300,2.48
j256ZJRmdrk_1,nest,7.0,flora and fauna,True,/home/dipshikha/Music/cao/CISLR_v1.5-a_videos/j256ZJRmdrk_1.mp4,test,True,30.0,90,300,300,3.0
j2M1Yp100ek,share,3.0,action,True,/home/dipshikha/Music/cao/CISLR_v1.5-a_videos/j2M1Yp100ek.mp4,test,True,25.0,73,300,300,2.92
j2TJMBMK4tw_1,farmer,6.0,profession,True,/home/dipshikha/Music/cao/CISLR_v1.5-a_videos/j2TJMBMK4tw_1.mp4,train,True,25.0,63,300,300,2.52
j3DMG50QBRw_1,reduce,6.0,action,True,/home/dipshikha/Music/cao/CISLR_v1.5-a_videos/j3DMG50QBRw_1.mp4,test,True,29.916666666666668,75,300,300,2.5069637883008355
j3M1eyb-Kjo_1,buddah,6.0,religious,True,/home/dipshikha/Music/cao/CISLR_v1.5-a_videos/j3M1eyb-Kjo_1.mp4,train,True,25.0,63,300,300,2.52
j3XAVjxZDUA_1,coat,7.0,wearable,True,/home/dipshikha/Music/cao/CISLR_v1.5-a_videos/j3XAVjxZDUA_1.mp4,test,True,25.0,75,300,300,3.0
j3tuj3W7MFk_1,bathroom,10.0,construction,True,/home/dipshikha/Music/cao/CISLR_v1.5-a_videos/j3tuj3W7MFk_1.mp4,test,True,29.916666666666668,150,300,300,5.013927576601671
j3zfVQG0Z_o_1,lorry,6.0,transport,True,/home/dipshikha/Music/cao/CISLR_v1.5-a_videos/j3zfVQG0Z_o_1.mp4,test,True,25.0,63,300,300,2.52
j6JhN79aivA_1,account book,13.0,banking,True,/home/dipshikha/Music/cao/CISLR_v1.5-a_videos/j6JhN79aivA_1.mp4,train,True,30.0,180,300,300,6.0
j7WkWV09J6k_1,balance opening,10.0,banking,True,/home/dipshikha/Music/cao/CISLR_v1.5-a_videos/j7WkWV09J6k_1.mp4,train,True,30.0,150,300,300,5.0
j8DclxLUXs4_1,sweetlime,6.0,foods and drinks,True,/home/dipshikha/Music/cao/CISLR_v1.5-a_videos/j8DclxLUXs4_1.mp4,train,True,25.0,75,300,300,3.0
jB1wqkujn00,jackfruit,6.0,foods and drinks,True,/home/dipshikha/Music/cao/CISLR_v1.5-a_videos/jB1wqkujn00.mp4,train,True,25.0,134,300,300,5.36
jBmmS3Hm6ik,froage crops,15.0,foods and drinks,True,/home/dipshikha/Music/cao/CISLR_v1.5-a_videos/jBmmS3Hm6ik.mp4,train,True,25.0,357,300,300,14.28
jD6niHPDzhQ_1,wood,7.0,miscellaneous object,True,/home/dipshikha/Music/cao/CISLR_v1.5-a_videos/jD6niHPDzhQ_1.mp4,test,True,30.0,90,300,300,3.0
jFdwRqDDa_Q,green bean,6.0,foods and drinks,True,/home/dipshikha/Music/cao/CISLR_v1.5-a_videos/jFdwRqDDa_Q.mp4,train,True,25.0,150,300,300,6.0
jFy2xrByJhE_1,kamataka,6.0,flora and fauna,True,/home/dipshikha/Music/cao/CISLR_v1.5-a_videos/jFy2xrByJhE_1.mp4,train,True,25.0,75,300,300,3.0
jGIwLZTt9ZI,accompany,5.0,group,True,/home/dipshikha/Music/cao/CISLR_v1.5-a_videos/jGIwLZTt9ZI.mp4,test,True,25.0,102,300,300,4.08
jHjd2yzXpdU_2,diode,9.0,electronic and electrical,True,/home/dipshikha/Music/cao/CISLR_v1.5-a_videos/jHjd2yzXpdU_2.mp4,test,True,30.0,108,300,300,3.6
jHyubnv9xFk,national anthem,5.0,sound,True,/home/dipshikha/Music/cao/CISLR_v1.5-a_videos/jHyubnv9xFk.mp4,test,True,25.0,110,300,300,4.4
jI62F9LgRlI,assam tea gardens,6.0,geography,True,/home/dipshikha/Music/cao/CISLR_v1.5-a_videos/jI62F9LgRlI.mp4,train,True,25.0,128,300,300,5.12
jIc74bWBwpw_1,tubelight,8.0,electronic and electrical,True,/home/dipshikha/Music/cao/CISLR_v1.5-a_videos/jIc74bWBwpw_1.mp4,test,True,30.0,105,300,300,3.5
jJe3JfQi_Js,jabot,5.0,wearable,True,/home/dipshikha/Music/cao/CISLR_v1.5-a_videos/jJe3JfQi_Js.mp4,train,True,25.0,119,300,300,4.76
jKOcleZ9e5Y,plumbing,4.0,action,True,/home/dipshikha/Music/cao/CISLR_v1.5-a_videos/jKOcleZ9e5Y.mp4,train,True,25.0,91,300,300,3.64
jKRoVBBlVDc_1,your,7.0,relation,True,/home/dipshikha/Music/cao/CISLR_v1.5-a_videos/jKRoVBBlVDc_1.mp4,test,True,25.0,88,300,300,3.52
jKUC0tUYcIM,browse,10.0,action,True,/home/dipshikha/Music/cao/CISLR_v1.5-a_videos/jKUC0tUYcIM.mp4,train,True,25.0,225,300,300,9.0
jKw2bzJc-NY_2,light year,9.0,metric,True,/home/dipshikha/Music/cao/CISLR_v1.5-a_videos/jKw2bzJc-NY_2.mp4,train,True,30.0,98,300,300,3.2666666666666666
jLV6SCP_7tA,january,4.0,time,True,/home/dipshikha/Music/cao/CISLR_v1.5-a_videos/jLV6SCP_7tA.mp4,test,True,25.0,81,300,300,3.24
jLr6GA-anhg,bone,5.0,medical,True,/home/dipshikha/Music/cao/CISLR_v1.5-a_videos/jLr6GA-anhg.mp4,test,True,25.0,120,300,300,4.8
jMT-IXiUqYU,unofficial,3.0,legal,True,/home/dipshikha/Music/cao/CISLR_v1.5-a_videos/jMT-IXiUqYU.mp4,train,True,25.0,75,300,300,3.0
jMWvOjMUjYk_1,interest,7.0,behavior,True,/home/dipshikha/Music/cao/CISLR_v1.5-a_videos/jMWvOjMUjYk_1.mp4,test,True,30.0,90,300,300,3.0
jNkdn-cMgAw_1,nail polish,7.0,utility item,True,/home/dipshikha/Music/cao/CISLR_v1.5-a_videos/jNkdn-cMgAw_1.mp4,test,True,25.0,75,300,300,3.0
jNqoK6dGDe4_1,accept,6.0,action,True,/home/dipshikha/Music/cao/CISLR_v1.5-a_videos/jNqoK6dGDe4_1.mp4,train,True,25.0,63,300,300,2.52
jO4x18b1bfA,homicide,14.0,action,True,/home/dipshikha/Music/cao/CISLR_v1.5-a_videos/jO4x18b1bfA.mp4,train,True,25.0,326,300,300,13.04
jOZclErOnvc_1,offence,9.0,legal,True,/home/dipshikha/Music/cao/CISLR_v1.5-a_videos/jOZclErOnvc_1.mp4,train,True,30.0,120,300,300,4.0
jR_zotBN7O0_1,donkey,7.0,flora and fauna,True,/home/dipshikha/Music/cao/CISLR_v1.5-a_videos/jR_zotBN7O0_1.mp4,test,True,30.0,90,300,300,3.0
jTBahbE4_OY,know,3.0,action,True,/home/dipshikha/Music/cao/CISLR_v1.5-a_videos/jTBahbE4_OY.mp4,test,True,25.0,72,300,300,2.88
jTC_PIGT7yU_1,lecturer,7.0,education,True,/home/dipshikha/Music/cao/CISLR_v1.5-a_videos/jTC_PIGT7yU_1.mp4,train,True,25.0,88,300,300,3.52
jTQgtnpAMII_1,officiating,7.0,legal,True,/home/dipshikha/Music/cao/CISLR_v1.5-a_videos/jTQgtnpAMII_1.mp4,train,True,30.0,90,300,300,3.0
jTfsjVTVmKg_1,evening,7.0,time,True,/home/dipshikha/Music/cao/CISLR_v1.5-a_videos/jTfsjVTVmKg_1.mp4,test,True,30.0,75,300,300,2.5
jTiYeNeaS-s,youth association of the deaf india,3.0,organisation,True,/home/dipshikha/Music/cao/CISLR_v1.5-a_videos/jTiYeNeaS-s.mp4,test,True,25.0,67,300,300,2.68
jTkey-Xi7Zc_1,sad,7.0,emotion,True,/home/dipshikha/Music/cao/CISLR_v1.5-a_videos/jTkey-Xi7Zc_1.mp4,test,True,30.0,90,300,300,3.0
jU4EzkHyLHA_1,land,10.0,geography,True,/home/dipshikha/Music/cao/CISLR_v1.5-a_videos/jU4EzkHyLHA_1.mp4,test,True,25.0,113,300,300,4.52
jVWOCjBjwfo_2,nuclear energy,14.0,physics,True,/home/dipshikha/Music/cao/CISLR_v1.5-a_videos/jVWOCjBjwfo_2.mp4,train,True,30.0,180,300,300,6.0
jWWLAybE8C8_1,sister,12.0,relation,True,/home/dipshikha/Music/cao/CISLR_v1.5-a_videos/jWWLAybE8C8_1.mp4,test,True,30.0,165,300,300,5.5
jXFwSjb4-KU,safe,4.0,attribute,True,/home/dipshikha/Music/cao/CISLR_v1.5-a_videos/jXFwSjb4-KU.mp4,test,True,25.0,79,300,300,3.16
jXIz2WBz-V8,practice,4.0,action,True,/home/dipshikha/Music/cao/CISLR_v1.5-a_videos/jXIz2WBz-V8.mp4,test,True,25.0,78,300,300,3.12
jY2sv02MLIs_1,umbrella,8.0,utility item,True,/home/dipshikha/Music/cao/CISLR_v1.5-a_videos/jY2sv02MLIs_1.mp4,test,True,30.0,105,300,300,3.5
jYxKWo87YZg_1,unfit,9.0,quality,True,/home/dipshikha/Music/cao/CISLR_v1.5-a_videos/jYxKWo87YZg_1.mp4,train,True,30.0,120,300,300,4.0
jZ46cqBrg3s,granddaughter,9.0,relation,True,/home/dipshikha/Music/cao/CISLR_v1.5-a_videos/jZ46cqBrg3s.mp4,test,True,25.0,210,300,300,8.4
jZ4oX1mcxCs_1,self balancing,9.0,attribute,True,/home/dipshikha/Music/cao/CISLR_v1.5-a_videos/jZ4oX1mcxCs_1.mp4,test,True,30.0,135,300,300,4.5
jZgU5rsfZ4c,university,4.0,education,True,/home/dipshikha/Music/cao/CISLR_v1.5-a_videos/jZgU5rsfZ4c.mp4,test,True,25.0,81,300,300,3.24
jZrzxlOJBSQ,mouse click,9.0,computer,True,/home/dipshikha/Music/cao/CISLR_v1.5-a_videos/jZrzxlOJBSQ.mp4,train,True,25.0,217,300,300,8.68
j_ERp4-Cqbg_1,friday,5.0,time,True,/home/dipshikha/Music/cao/CISLR_v1.5-a_videos/j_ERp4-Cqbg_1.mp4,test,True,30.0,60,300,300,2.0
j_aqqdcJKls_1,who,5.0,abstract,True,/home/dipshikha/Music/cao/CISLR_v1.5-a_videos/j_aqqdcJKls_1.mp4,test,True,25.0,50,300,300,2.0
jaGiqrGr1y0_1,desert,8.0,geography,True,/home/dipshikha/Music/cao/CISLR_v1.5-a_videos/jaGiqrGr1y0_1.mp4,test,True,25.0,100,300,300,4.0
japf1wZMgiQ,new zealand,3.0,geography,True,/home/dipshikha/Music/cao/CISLR_v1.5-a_videos/japf1wZMgiQ.mp4,train,True,25.0,74,300,300,2.96
jax7fVU9f8E,shape,3.0,math,True,/home/dipshikha/Music/cao/CISLR_v1.5-a_videos/jax7fVU9f8E.mp4,train,True,25.0,68,300,300,2.72
jb7aGNEBsvE_1,tiller,9.0,banking,True,/home/dipshikha/Music/cao/CISLR_v1.5-a_videos/jb7aGNEBsvE_1.mp4,train,True,30.0,135,300,300,4.5
jbQ45t-svIc_1,goal,6.0,abstract,True,/home/dipshikha/Music/cao/CISLR_v1.5-a_videos/jbQ45t-svIc_1.mp4,test,True,25.0,63,300,300,2.52
jbWFtVsidmE_1,nominal value,8.0,banking,True,/home/dipshikha/Music/cao/CISLR_v1.5-a_videos/jbWFtVsidmE_1.mp4,train,True,30.0,105,300,300,3.5
jbybGuk6DA8,mainsworn,15.0,legal,True,/home/dipshikha/Music/cao/CISLR_v1.5-a_videos/jbybGuk6DA8.mp4,train,True,25.0,370,300,300,14.8
jc2G1aW5DQU,solo,4.0,abstract,True,/home/dipshikha/Music/cao/CISLR_v1.5-a_videos/jc2G1aW5DQU.mp4,train,True,25.0,79,300,300,3.16
jcvnsL69MMo,range,5.0,math,True,/home/dipshikha/Music/cao/CISLR_v1.5-a_videos/jcvnsL69MMo.mp4,test,True,25.0,109,300,300,4.36
jd2L93yHNIg_2,wavegraph,14.0,physics,True,/home/dipshikha/Music/cao/CISLR_v1.5-a_videos/jd2L93yHNIg_2.mp4,train,True,30.0,180,300,300,6.0
jd3nIcR1SAk_1,smile,7.0,action,True,/home/dipshikha/Music/cao/CISLR_v1.5-a_videos/jd3nIcR1SAk_1.mp4,test,True,25.0,75,300,300,3.0
jeTLFZIvM10_1,wet,6.0,attribute,True,/home/dipshikha/Music/cao/CISLR_v1.5-a_videos/jeTLFZIvM10_1.mp4,test,True,25.0,63,300,300,2.52
jfjL9Too_gA,patience,3.0,behavior,True,/home/dipshikha/Music/cao/CISLR_v1.5-a_videos/jfjL9Too_gA.mp4,test,True,25.0,73,300,300,2.92
jfqgCBnOy3Y_2,non,11.0,abstract,True,/home/dipshikha/Music/cao/CISLR_v1.5-a_videos/jfqgCBnOy3Y_2.mp4,test,True,30.0,141,300,300,4.7
jhJGHoYO_T4,banner,5.0,miscellaneous object,True,/home/dipshikha/Music/cao/CISLR_v1.5-a_videos/jhJGHoYO_T4.mp4,test,True,24.0,115,300,300,4.791666666666667
jhh83Fo3Hp8_1,instrument,9.0,instrument,True,/home/dipshikha/Music/cao/CISLR_v1.5-a_videos/jhh83Fo3Hp8_1.mp4,test,True,30.0,135,300,300,4.5
ji3I5Iw0e3Q_1,unemployment,8.0,stage,True,/home/dipshikha/Music/cao/CISLR_v1.5-a_videos/ji3I5Iw0e3Q_1.mp4,train,True,30.0,105,300,300,3.5
jiGFdH-Yz4E_1,mechanic,6.0,profession,True,/home/dipshikha/Music/cao/CISLR_v1.5-a_videos/jiGFdH-Yz4E_1.mp4,test,True,25.0,63,300,300,2.52
jiOH72jjdnE_1,powder,6.0,utility item,True,/home/dipshikha/Music/cao/CISLR_v1.5-a_videos/jiOH72jjdnE_1.mp4,train,True,25.0,63,300,300,2.52
jk-q6T9ioJw,lower division clerk,4.0,profession,True,/home/dipshikha/Music/cao/CISLR_v1.5-a_videos/jk-q6T9ioJw.mp4,train,True,24.0,92,300,300,3.8333333333333335
jk4ehSo6dXQ_1,lassi,6.0,foods and drinks,True,/home/dipshikha/Music/cao/CISLR_v1.5-a_videos/jk4ehSo6dXQ_1.mp4,test,True,25.0,63,300,300,2.52
jkEN0PmkrDE_1,spanner,7.0,instrument,True,/home/dipshikha/Music/cao/CISLR_v1.5-a_videos/jkEN0PmkrDE_1.mp4,test,True,25.0,75,300,300,3.0
jkSBzJW8eFI_1,melt,8.0,process,True,/home/dipshikha/Music/cao/CISLR_v1.5-a_videos/jkSBzJW8eFI_1.mp4,test,True,25.0,100,300,300,4.0
jltBhjuviLI_1,hours,7.0,time,True,/home/dipshikha/Music/cao/CISLR_v1.5-a_videos/jltBhjuviLI_1.mp4,test,True,30.0,90,300,300,3.0
jml-E067HJc_2,quit,6.0,abstract,True,/home/dipshikha/Music/cao/CISLR_v1.5-a_videos/jml-E067HJc_2.mp4,train,True,30.0,81,300,300,2.7
jn-vHteHdA0,thrice,5.0,comparator,True,/home/dipshikha/Music/cao/CISLR_v1.5-a_videos/jn-vHteHdA0.mp4,test,True,25.0,114,300,300,4.56
jnDhq0g0meA,deadly weapon,15.0,miscellaneous object,True,/home/dipshikha/Music/cao/CISLR_v1.5-a_videos/jnDhq0g0meA.mp4,train,True,25.0,360,300,300,14.4
joYn4YE3jFg_2,conservation,8.0,biology,True,/home/dipshikha/Music/cao/CISLR_v1.5-a_videos/joYn4YE3jFg_2.mp4,train,True,30.0,92,300,300,3.066666666666667
jp3iGdpZyO4_1,statement,9.0,legal,True,/home/dipshikha/Music/cao/CISLR_v1.5-a_videos/jp3iGdpZyO4_1.mp4,train,True,30.0,120,300,300,4.0
jp_IEErEgzQ,dolly,12.0,action,True,/home/dipshikha/Music/cao/CISLR_v1.5-a_videos/jp_IEErEgzQ.mp4,train,True,24.0,270,300,300,11.25
jrpS8BdYE2g_1,july,6.0,time,True,/home/dipshikha/Music/cao/CISLR_v1.5-a_videos/jrpS8BdYE2g_1.mp4,test,True,30.0,75,300,300,2.5
jrqLjBjjrHA_1,tuesday,5.0,time,True,/home/dipshikha/Music/cao/CISLR_v1.5-a_videos/jrqLjBjjrHA_1.mp4,test,True,30.0,60,300,300,2.0
jrqzCgrsKbo,kidnapping & abducting,11.0,action,True,/home/dipshikha/Music/cao/CISLR_v1.5-a_videos/jrqzCgrsKbo.mp4,train,True,25.0,253,300,300,10.12
jrxgxM0Pj7g,superman,4.0,entertainment,True,/home/dipshikha/Music/cao/CISLR_v1.5-a_videos/jrxgxM0Pj7g.mp4,train,True,25.0,98,300,300,3.92
jsM5s7HUAhQ,serial tv,4.0,entertainment,True,/home/dipshikha/Music/cao/CISLR_v1.5-a_videos/jsM5s7HUAhQ.mp4,test,True,24.0,94,300,300,3.9166666666666665
jsuUHXDlVa0_1,late,6.0,time,True,/home/dipshikha/Music/cao/CISLR_v1.5-a_videos/jsuUHXDlVa0_1.mp4,test,True,30.0,90,300,300,3.0
jtZUN6jTcUc_1,bangles,6.0,wearable,True,/home/dipshikha/Music/cao/CISLR_v1.5-a_videos/jtZUN6jTcUc_1.mp4,train,True,25.0,75,300,300,3.0
jthDJHPun0I_1,health,8.0,medical,True,/home/dipshikha/Music/cao/CISLR_v1.5-a_videos/jthDJHPun0I_1.mp4,train,True,30.0,105,300,300,3.5
juL9VaVeWPs,types of vegetable gardening,11.0,flora and fauna,True,/home/dipshikha/Music/cao/CISLR_v1.5-a_videos/juL9VaVeWPs.mp4,train,True,25.0,268,300,300,10.72
jvJvFTBSXuw,economics,6.0,education,True,/home/dipshikha/Music/cao/CISLR_v1.5-a_videos/jvJvFTBSXuw.mp4,train,True,25.0,139,300,300,5.56
jvTF5BY3UI4,pineapple,5.0,foods and drinks,True,/home/dipshikha/Music/cao/CISLR_v1.5-a_videos/jvTF5BY3UI4.mp4,train,True,25.0,107,300,300,4.28
jvqLDP06WII,put,5.0,action,True,/home/dipshikha/Music/cao/CISLR_v1.5-a_videos/jvqLDP06WII.mp4,test,True,25.0,108,300,300,4.32
jwGZ64BB2pg,switch box,11.0,electronic and electrical,True,/home/dipshikha/Music/cao/CISLR_v1.5-a_videos/jwGZ64BB2pg.mp4,train,True,25.0,262,300,300,10.48
jwjeDemhdv4,possess,6.0,action,True,/home/dipshikha/Music/cao/CISLR_v1.5-a_videos/jwjeDemhdv4.mp4,train,True,25.0,133,300,300,5.32
jwxh6Lo8GrI_2,periscope,13.0,instrument,True,/home/dipshikha/Music/cao/CISLR_v1.5-a_videos/jwxh6Lo8GrI_2.mp4,train,True,30.0,174,300,300,5.8
jxApN53iXO0,pollution,4.0,geography,True,/home/dipshikha/Music/cao/CISLR_v1.5-a_videos/jxApN53iXO0.mp4,test,True,25.0,99,300,300,3.96
jyg5sxHBh88_1,selective,11.0,behavior,True,/home/dipshikha/Music/cao/CISLR_v1.5-a_videos/jyg5sxHBh88_1.mp4,train,True,30.0,150,300,300,5.0
jzoSaQe5fdU,scent,4.0,utility item,True,/home/dipshikha/Music/cao/CISLR_v1.5-a_videos/jzoSaQe5fdU.mp4,train,True,25.0,81,300,300,3.24
k-7zsj7-VLg,private gardens,14.0,construction,True,/home/dipshikha/Music/cao/CISLR_v1.5-a_videos/k-7zsj7-VLg.mp4,train,True,25.0,346,300,300,13.84
k-8lCTgAjGU,jodhpur pants,10.0,wearable,True,/home/dipshikha/Music/cao/CISLR_v1.5-a_videos/k-8lCTgAjGU.mp4,train,True,25.0,228,300,300,9.12
k-WaxvAgxrU,pharmacist,9.0,medical,True,/home/dipshikha/Music/cao/CISLR_v1.5-a_videos/k-WaxvAgxrU.mp4,train,True,25.0,205,300,300,8.2
k-cDnMe7pp8_1,account blocked,13.0,banking,True,/home/dipshikha/Music/cao/CISLR_v1.5-a_videos/k-cDnMe7pp8_1.mp4,train,True,30.0,180,300,300,6.0
k0jZGXF0xNY_2,energymeter,11.0,physics,True,/home/dipshikha/Music/cao/CISLR_v1.5-a_videos/k0jZGXF0xNY_2.mp4,train,True,30.0,142,300,300,4.733333333333333
k0oU46NwtCQ_1,bold,6.0,attribute,True,/home/dipshikha/Music/cao/CISLR_v1.5-a_videos/k0oU46NwtCQ_1.mp4,train,True,30.0,90,300,300,3.0
k0pUR0HlaNw,small,5.0,quality,True,/home/dipshikha/Music/cao/CISLR_v1.5-a_videos/k0pUR0HlaNw.mp4,test,True,25.0,105,300,300,4.2
k1DohVb9Ck0,geodetic survey,14.0,education,True,/home/dipshikha/Music/cao/CISLR_v1.5-a_videos/k1DohVb9Ck0.mp4,train,True,24.0,324,300,300,13.5
k2aBFQ5mXrE_1,old,6.0,human,True,/home/dipshikha/Music/cao/CISLR_v1.5-a_videos/k2aBFQ5mXrE_1.mp4,test,True,25.0,75,300,300,3.0
k3gjXKD3_XU,drive,7.0,attribute,True,/home/dipshikha/Music/cao/CISLR_v1.5-a_videos/k3gjXKD3_XU.mp4,test,True,25.0,156,300,300,6.24
k4TV4QwuYNc,chicken mesh,6.0,biology,True,/home/dipshikha/Music/cao/CISLR_v1.5-a_videos/k4TV4QwuYNc.mp4,train,True,25.0,139,300,300,5.56
k4UEchc9VnM_2,installation,9.0,banking,True,/home/dipshikha/Music/cao/CISLR_v1.5-a_videos/k4UEchc9VnM_2.mp4,train,True,30.0,120,300,300,4.0
k5dRhEhUEQ0,turkey,3.0,geography,True,/home/dipshikha/Music/cao/CISLR_v1.5-a_videos/k5dRhEhUEQ0.mp4,test,True,25.0,73,300,300,2.92
k6iqdvYEj4k,lawyer,5.0,legal,True,/home/dipshikha/Music/cao/CISLR_v1.5-a_videos/k6iqdvYEj4k.mp4,test,True,25.0,102,300,300,4.08
k6lRQrt3WKo_1,jew,6.0,religious,True,/home/dipshikha/Music/cao/CISLR_v1.5-a_videos/k6lRQrt3WKo_1.mp4,test,True,25.0,63,300,300,2.52
k8Gk1M_pWlk,flat belt,14.0,instrument,True,/home/dipshikha/Music/cao/CISLR_v1.5-a_videos/k8Gk1M_pWlk.mp4,train,True,25.0,348,300,300,13.92
k8MRVadUMt4_1,volcano,7.0,geography,True,/home/dipshikha/Music/cao/CISLR_v1.5-a_videos/k8MRVadUMt4_1.mp4,test,True,25.0,88,300,300,3.52
k8gt1UnMkR4_1,temple,7.0,religious,True,/home/dipshikha/Music/cao/CISLR_v1.5-a_videos/k8gt1UnMkR4_1.mp4,train,True,25.0,75,300,300,3.0
k96ZQYGYriA,hosticide,14.0,action,True,/home/dipshikha/Music/cao/CISLR_v1.5-a_videos/k96ZQYGYriA.mp4,train,True,25.0,337,300,300,13.48
k9C_uq11Ja0,increase,5.0,comparator,True,/home/dipshikha/Music/cao/CISLR_v1.5-a_videos/k9C_uq11Ja0.mp4,test,True,25.0,115,300,300,4.6
k9oluMAfSqg_2,field,10.0,physics,True,/home/dipshikha/Music/cao/CISLR_v1.5-a_videos/k9oluMAfSqg_2.mp4,test,True,30.0,121,300,300,4.033333333333333
kA7ozrVfQjM_2,intermediate,10.0,stage,True,/home/dipshikha/Music/cao/CISLR_v1.5-a_videos/kA7ozrVfQjM_2.mp4,train,True,30.0,111,300,300,3.7
kA8JbsFi4dI,embarrass,4.0,action,True,/home/dipshikha/Music/cao/CISLR_v1.5-a_videos/kA8JbsFi4dI.mp4,test,True,25.0,83,300,300,3.32
kAIC79Ubl_g,bill,4.0,banking,True,/home/dipshikha/Music/cao/CISLR_v1.5-a_videos/kAIC79Ubl_g.mp4,test,True,25.0,90,300,300,3.6
kBGA6N3xhBo_1,cock,8.0,flora and fauna,True,/home/dipshikha/Music/cao/CISLR_v1.5-a_videos/kBGA6N3xhBo_1.mp4,test,True,30.0,105,300,300,3.5
kBaDVYUWeoc,whiteboard,5.0,utility item,True,/home/dipshikha/Music/cao/CISLR_v1.5-a_videos/kBaDVYUWeoc.mp4,train,True,25.0,102,300,300,4.08
kBahUhpt6H0_1,new moon day,10.0,event,True,/home/dipshikha/Music/cao/CISLR_v1.5-a_videos/kBahUhpt6H0_1.mp4,train,True,25.0,113,300,300,4.52
kCPRwLk0iDk_1,smell,7.0,sensation,True,/home/dipshikha/Music/cao/CISLR_v1.5-a_videos/kCPRwLk0iDk_1.mp4,test,True,30.0,90,300,300,3.0
kCUX4h_p3J0_1,beak,7.0,biology,True,/home/dipshikha/Music/cao/CISLR_v1.5-a_videos/kCUX4h_p3J0_1.mp4,train,True,30.0,90,300,300,3.0
kCcBWqGQAJk_1,animals,7.0,flora and fauna,True,/home/dipshikha/Music/cao/CISLR_v1.5-a_videos/kCcBWqGQAJk_1.mp4,test,True,30.0,90,300,300,3.0
kEMFrD53l6E,king,4.0,profession,True,/home/dipshikha/Music/cao/CISLR_v1.5-a_videos/kEMFrD53l6E.mp4,test,True,25.0,81,300,300,3.24
kGNjIYbroko_1,taste,7.0,sensation,True,/home/dipshikha/Music/cao/CISLR_v1.5-a_videos/kGNjIYbroko_1.mp4,test,True,30.0,105,300,300,3.5
kGa7Bq3pYqQ,racism,4.0,human,True,/home/dipshikha/Music/cao/CISLR_v1.5-a_videos/kGa7Bq3pYqQ.mp4,train,True,25.0,92,300,300,3.68
kGacw2buj-A,deafness,3.0,medical,True,/home/dipshikha/Music/cao/CISLR_v1.5-a_videos/kGacw2buj-A.mp4,train,True,25.0,70,300,300,2.8
kHGkRSDn6q8,land,4.0,geography,True,/home/dipshikha/Music/cao/CISLR_v1.5-a_videos/kHGkRSDn6q8.mp4,test,True,25.0,80,300,300,3.2
kKCEuKZ3lV0,list,4.0,readable,True,/home/dipshikha/Music/cao/CISLR_v1.5-a_videos/kKCEuKZ3lV0.mp4,test,True,25.0,95,300,300,3.8
kKlexawuuCQ_1,social society,9.0,group,True,/home/dipshikha/Music/cao/CISLR_v1.5-a_videos/kKlexawuuCQ_1.mp4,train,True,30.0,135,300,300,4.5
kKwNheqJZ9M_1,brain,7.0,biology,True,/home/dipshikha/Music/cao/CISLR_v1.5-a_videos/kKwNheqJZ9M_1.mp4,test,True,30.0,105,300,300,3.5
kKwahC0ZvJM,rockery plants,14.0,flora and fauna,True,/home/dipshikha/Music/cao/CISLR_v1.5-a_videos/kKwahC0ZvJM.mp4,train,True,25.0,345,300,300,13.8
kLSAkQXXOVs_1,legally protected,10.0,legal,True,/home/dipshikha/Music/cao/CISLR_v1.5-a_videos/kLSAkQXXOVs_1.mp4,train,True,30.0,150,300,300,5.0
kMebuYjYjHA_1,premises,7.0,construction,True,/home/dipshikha/Music/cao/CISLR_v1.5-a_videos/kMebuYjYjHA_1.mp4,train,True,30.0,90,300,300,3.0
kN26O2zO-cQ_1,recommendation,6.0,action,True,/home/dipshikha/Music/cao/CISLR_v1.5-a_videos/kN26O2zO-cQ_1.mp4,train,True,30.0,75,300,300,2.5
kNozCUWm_iA_2,angle of refraction,10.0,physics,True,/home/dipshikha/Music/cao/CISLR_v1.5-a_videos/kNozCUWm_iA_2.mp4,test,True,30.0,96,300,300,3.2
kO5NaIjjtn0,restrained,3.0,action,True,/home/dipshikha/Music/cao/CISLR_v1.5-a_videos/kO5NaIjjtn0.mp4,train,True,25.0,74,300,300,2.96
kOGEagUa-XA_1,mud,10.0,substance,True,/home/dipshikha/Music/cao/CISLR_v1.5-a_videos/kOGEagUa-XA_1.mp4,train,True,25.0,113,300,300,4.52
kPF8HIor4D0_1,account margin,14.0,banking,True,/home/dipshikha/Music/cao/CISLR_v1.5-a_videos/kPF8HIor4D0_1.mp4,train,True,30.0,195,300,300,6.5
kPx4MXMIFZI,white,5.0,abstract,True,/home/dipshikha/Music/cao/CISLR_v1.5-a_videos/kPx4MXMIFZI.mp4,test,True,25.0,120,300,300,4.8
kSNvIZi2cpg_1,basket of currencies,13.0,banking,True,/home/dipshikha/Music/cao/CISLR_v1.5-a_videos/kSNvIZi2cpg_1.mp4,train,True,30.0,180,300,300,6.0
kSPgPYgFMfc,coat  dress,12.0,wearable,True,/home/dipshikha/Music/cao/CISLR_v1.5-a_videos/kSPgPYgFMfc.mp4,train,True,25.0,288,300,300,11.52
kSbesZjIkmo,electrical service,6.0,organisation,True,/home/dipshikha/Music/cao/CISLR_v1.5-a_videos/kSbesZjIkmo.mp4,train,True,25.0,128,300,300,5.12
kU3ISrjeygE,elephant,5.0,flora and fauna,True,/home/dipshikha/Music/cao/CISLR_v1.5-a_videos/kU3ISrjeygE.mp4,test,True,25.0,107,300,300,4.28
kV7Oo7D26Gw,gandhinagar,3.0,geography,True,/home/dipshikha/Music/cao/CISLR_v1.5-a_videos/kV7Oo7D26Gw.mp4,train,True,25.0,70,300,300,2.8
kVWLNRW6HTw_1,unconditional,8.0,quality,True,/home/dipshikha/Music/cao/CISLR_v1.5-a_videos/kVWLNRW6HTw_1.mp4,train,True,30.0,135,300,300,4.5
kWHNVZbueII_1,polish,6.0,action,True,/home/dipshikha/Music/cao/CISLR_v1.5-a_videos/kWHNVZbueII_1.mp4,train,True,25.0,75,300,300,3.0
kX2zG8GYM_k_1,credit sale,9.0,banking,True,/home/dipshikha/Music/cao/CISLR_v1.5-a_videos/kX2zG8GYM_k_1.mp4,train,True,30.0,135,300,300,4.5
kXSOWHHAteo,next month,4.0,time,True,/home/dipshikha/Music/cao/CISLR_v1.5-a_videos/kXSOWHHAteo.mp4,train,True,25.0,86,300,300,3.44
kXVms85vYqo_1,promise,6.0,action,True,/home/dipshikha/Music/cao/CISLR_v1.5-a_videos/kXVms85vYqo_1.mp4,test,True,25.0,75,300,300,3.0
kYDVQir2UDk_2,ratio,8.0,math,True,/home/dipshikha/Music/cao/CISLR_v1.5-a_videos/kYDVQir2UDk_2.mp4,test,True,30.0,103,300,300,3.433333333333333
kYNeJvZntNM_1,sofa,7.0,utility item,True,/home/dipshikha/Music/cao/CISLR_v1.5-a_videos/kYNeJvZntNM_1.mp4,test,True,30.0,105,300,300,3.5
kYO_FhDcRXE_1,attorney,11.0,profession,True,/home/dipshikha/Music/cao/CISLR_v1.5-a_videos/kYO_FhDcRXE_1.mp4,train,True,30.0,150,300,300,5.0
kYSK3akxd7s,balmacaan,9.0,wearable,True,/home/dipshikha/Music/cao/CISLR_v1.5-a_videos/kYSK3akxd7s.mp4,train,True,25.0,217,300,300,8.68
kYgE3-7DngE_1,coal,10.0,metal and minerals,True,/home/dipshikha/Music/cao/CISLR_v1.5-a_videos/kYgE3-7DngE_1.mp4,test,True,30.0,135,300,300,4.5
kYwtY_FCM1c,finish,4.0,action,True,/home/dipshikha/Music/cao/CISLR_v1.5-a_videos/kYwtY_FCM1c.mp4,test,True,25.0,95,300,300,3.8
kZ6gCAbcJOA_1,tax,9.0,legal,True,/home/dipshikha/Music/cao/CISLR_v1.5-a_videos/kZ6gCAbcJOA_1.mp4,test,True,30.0,120,300,300,4.0
kZneFf1ONo8,melt,7.0,process,True,/home/dipshikha/Music/cao/CISLR_v1.5-a_videos/kZneFf1ONo8.mp4,test,True,25.0,159,300,300,6.36
kZnl4XgNVgU,increase,5.0,comparator,True,/home/dipshikha/Music/cao/CISLR_v1.5-a_videos/kZnl4XgNVgU.mp4,test,True,25.0,104,300,300,4.16
k_cERknXVoc_1,uniform,6.0,quantity,True,/home/dipshikha/Music/cao/CISLR_v1.5-a_videos/k_cERknXVoc_1.mp4,test,True,25.0,75,300,300,3.0
k_yOFdGbgeg,mushroom harvesting,8.0,process,True,/home/dipshikha/Music/cao/CISLR_v1.5-a_videos/k_yOFdGbgeg.mp4,train,True,25.0,195,300,300,7.8
kadMX531Q2A,prefer,5.0,action,True,/home/dipshikha/Music/cao/CISLR_v1.5-a_videos/kadMX531Q2A.mp4,test,True,25.0,114,300,300,4.56
kcHPJA0kPtg,stone,5.0,metal and minerals,True,/home/dipshikha/Music/cao/CISLR_v1.5-a_videos/kcHPJA0kPtg.mp4,test,True,25.0,104,300,300,4.16
kdMxj-h-rRs,airtel,5.0,internet,True,/home/dipshikha/Music/cao/CISLR_v1.5-a_videos/kdMxj-h-rRs.mp4,train,True,25.0,120,300,300,4.8
ke1DcSSwifs,days before,10.0,time,True,/home/dipshikha/Music/cao/CISLR_v1.5-a_videos/ke1DcSSwifs.mp4,train,True,25.0,231,300,300,9.24
keuFgJr0Bbc_1,knife,6.0,utility item,True,/home/dipshikha/Music/cao/CISLR_v1.5-a_videos/keuFgJr0Bbc_1.mp4,test,True,30.0,75,300,300,2.5
kfSr1QvbHZA_1,e-mail,7.0,internet,True,/home/dipshikha/Music/cao/CISLR_v1.5-a_videos/kfSr1QvbHZA_1.mp4,train,True,25.0,75,300,300,3.0
kfTE4DFPuN4_1,price,6.0,banking,True,/home/dipshikha/Music/cao/CISLR_v1.5-a_videos/kfTE4DFPuN4_1.mp4,train,True,30.0,75,300,300,2.5
kfb__18uzpw,eighteen,5.0,math,True,/home/dipshikha/Music/cao/CISLR_v1.5-a_videos/kfb__18uzpw.mp4,train,True,25.0,111,300,300,4.44
kglFBS70qFM_2,motion,8.0,physics,True,/home/dipshikha/Music/cao/CISLR_v1.5-a_videos/kglFBS70qFM_2.mp4,train,True,30.0,95,300,300,3.1666666666666665
kgvFkAx0xbE,stupid,4.0,abstract,True,/home/dipshikha/Music/cao/CISLR_v1.5-a_videos/kgvFkAx0xbE.mp4,test,True,25.0,80,300,300,3.2
khVBhrXBIEY_1,shirt,7.0,wearable,True,/home/dipshikha/Music/cao/CISLR_v1.5-a_videos/khVBhrXBIEY_1.mp4,test,True,25.0,75,300,300,3.0
khitZin7NWE_1,strong,7.0,quality,True,/home/dipshikha/Music/cao/CISLR_v1.5-a_videos/khitZin7NWE_1.mp4,test,True,25.0,88,300,300,3.52
ki-uVp9OioM_1,packing credit,9.0,banking,True,/home/dipshikha/Music/cao/CISLR_v1.5-a_videos/ki-uVp9OioM_1.mp4,train,True,30.0,135,300,300,4.5
kionVevx1ns,repair,11.0,action,True,/home/dipshikha/Music/cao/CISLR_v1.5-a_videos/kionVevx1ns.mp4,test,True,25.0,270,300,300,10.8
kjF2AUzUKO0,capsicum,4.0,foods and drinks,True,/home/dipshikha/Music/cao/CISLR_v1.5-a_videos/kjF2AUzUKO0.mp4,test,True,25.0,98,300,300,3.92
kjbYH9I5O4U,how many,4.0,quantity,True,/home/dipshikha/Music/cao/CISLR_v1.5-a_videos/kjbYH9I5O4U.mp4,test,True,25.0,86,300,300,3.44
kl6t309RsBY,already,4.0,time,True,/home/dipshikha/Music/cao/CISLR_v1.5-a_videos/kl6t309RsBY.mp4,test,True,25.0,77,300,300,3.08
kmxkFZgrfuY,address,3.0,geography,True,/home/dipshikha/Music/cao/CISLR_v1.5-a_videos/kmxkFZgrfuY.mp4,test,True,25.0,69,300,300,2.76
knDXwoLESEc,sugar,4.0,foods and drinks,True,/home/dipshikha/Music/cao/CISLR_v1.5-a_videos/knDXwoLESEc.mp4,test,True,25.0,96,300,300,3.84
kncWaeUb5Ps,commercial vegetable gardening,9.0,biology,True,/home/dipshikha/Music/cao/CISLR_v1.5-a_videos/kncWaeUb5Ps.mp4,train,True,25.0,206,300,300,8.24
knmmNX9unM0_1,chew,7.0,action,True,/home/dipshikha/Music/cao/CISLR_v1.5-a_videos/knmmNX9unM0_1.mp4,test,True,30.0,90,300,300,3.0
ko_3tCyv_Dg,europe,4.0,geography,True,/home/dipshikha/Music/cao/CISLR_v1.5-a_videos/ko_3tCyv_Dg.mp4,test,True,25.0,78,300,300,3.12
kol8vlW0KxE_1,salwar kameez,7.0,wearable,True,/home/dipshikha/Music/cao/CISLR_v1.5-a_videos/kol8vlW0KxE_1.mp4,train,True,25.0,88,300,300,3.52
kpVwMOWsclA_1,deposit safe custody,9.0,banking,True,/home/dipshikha/Music/cao/CISLR_v1.5-a_videos/kpVwMOWsclA_1.mp4,train,True,30.0,120,300,300,4.0
kqBV5yAFq-A_1,bond,8.0,banking,True,/home/dipshikha/Music/cao/CISLR_v1.5-a_videos/kqBV5yAFq-A_1.mp4,train,True,30.0,120,300,300,4.0
kqc7eglNJvE,team,3.0,group,True,/home/dipshikha/Music/cao/CISLR_v1.5-a_videos/kqc7eglNJvE.mp4,test,True,25.0,74,300,300,2.96
kqm4fF_sp4M,option,5.0,construction,True,/home/dipshikha/Music/cao/CISLR_v1.5-a_videos/kqm4fF_sp4M.mp4,train,True,25.0,108,300,300,4.32
krcq0GUvMNQ_1,preventive measures,9.0,action,True,/home/dipshikha/Music/cao/CISLR_v1.5-a_videos/krcq0GUvMNQ_1.mp4,train,True,30.0,120,300,300,4.0
krnKXV-ct3Q,wealthy,3.0,attribute,True,/home/dipshikha/Music/cao/CISLR_v1.5-a_videos/krnKXV-ct3Q.mp4,train,True,25.0,75,300,300,3.0
ktkkqkosNMY_1,roam,7.0,action,True,/home/dipshikha/Music/cao/CISLR_v1.5-a_videos/ktkkqkosNMY_1.mp4,train,True,25.0,75,300,300,3.0
kur_a7Q3Abg_1,die,7.0,stage,True,/home/dipshikha/Music/cao/CISLR_v1.5-a_videos/kur_a7Q3Abg_1.mp4,test,True,30.0,105,300,300,3.5
kusWSSN4xjI,boss,4.0,profession,True,/home/dipshikha/Music/cao/CISLR_v1.5-a_videos/kusWSSN4xjI.mp4,train,True,25.0,81,300,300,3.24
kv9Mw_tuoF0,role,4.0,action,True,/home/dipshikha/Music/cao/CISLR_v1.5-a_videos/kv9Mw_tuoF0.mp4,test,True,25.0,86,300,300,3.44
kvm9DLxYlGo_1,birds,6.0,flora and fauna,True,/home/dipshikha/Music/cao/CISLR_v1.5-a_videos/kvm9DLxYlGo_1.mp4,train,True,29.916666666666668,90,300,300,3.0083565459610027
kvs0joxjS98,share,5.0,action,True,/home/dipshikha/Music/cao/CISLR_v1.5-a_videos/kvs0joxjS98.mp4,test,True,25.0,111,300,300,4.44
kwphB-3eDMU,patriotic,7.0,attribute,True,/home/dipshikha/Music/cao/CISLR_v1.5-a_videos/kwphB-3eDMU.mp4,train,True,25.0,173,300,300,6.92
kxpgbuVTGlE,should,4.0,language,True,/home/dipshikha/Music/cao/CISLR_v1.5-a_videos/kxpgbuVTGlE.mp4,test,True,25.0,99,300,300,3.96
kyMdUjCgk_k,octopus,5.0,flora and fauna,True,/home/dipshikha/Music/cao/CISLR_v1.5-a_videos/kyMdUjCgk_k.mp4,train,True,25.0,123,300,300,4.92
kzVZwbq6m2Y_1,travel,7.0,action,True,/home/dipshikha/Music/cao/CISLR_v1.5-a_videos/kzVZwbq6m2Y_1.mp4,test,True,30.0,90,300,300,3.0
l0DbNgp0b38_1,resolution,9.0,action,True,/home/dipshikha/Music/cao/CISLR_v1.5-a_videos/l0DbNgp0b38_1.mp4,train,True,30.0,165,300,300,5.5
l0XFIBGJR_g_1,priest,6.0,profession,True,/home/dipshikha/Music/cao/CISLR_v1.5-a_videos/l0XFIBGJR_g_1.mp4,test,True,25.0,75,300,300,3.0
l19j_Mrajdc_1,store,7.0,action,True,/home/dipshikha/Music/cao/CISLR_v1.5-a_videos/l19j_Mrajdc_1.mp4,test,True,25.0,75,300,300,3.0
l1xyWyTDKy4_1,essay,7.0,readable,True,/home/dipshikha/Music/cao/CISLR_v1.5-a_videos/l1xyWyTDKy4_1.mp4,train,True,25.0,88,300,300,3.52
l2aqBT_Vbyw,rubber stamp,5.0,utility item,True,/home/dipshikha/Music/cao/CISLR_v1.5-a_videos/l2aqBT_Vbyw.mp4,train,True,25.0,120,300,300,4.8
l2ytof4d1r0_1,book,6.0,readable,True,/home/dipshikha/Music/cao/CISLR_v1.5-a_videos/l2ytof4d1r0_1.mp4,test,True,25.0,63,300,300,2.52
l3EHKw-sUDY_1,invalid,8.0,legal,True,/home/dipshikha/Music/cao/CISLR_v1.5-a_videos/l3EHKw-sUDY_1.mp4,train,True,30.0,105,300,300,3.5
l3VvC6z1I4U_1,husband,10.0,relation,True,/home/dipshikha/Music/cao/CISLR_v1.5-a_videos/l3VvC6z1I4U_1.mp4,test,True,30.0,135,300,300,4.5
l3fZdrppyaI,shawl,4.0,wearable,True,/home/dipshikha/Music/cao/CISLR_v1.5-a_videos/l3fZdrppyaI.mp4,test,True,25.0,79,300,300,3.16
l3rjbQ5M6xg_2,concurrent,11.0,abstract,True,/home/dipshikha/Music/cao/CISLR_v1.5-a_videos/l3rjbQ5M6xg_2.mp4,train,True,30.0,133,300,300,4.433333333333334
l47uS7f0ZSI_1,recognise,7.0,action,True,/home/dipshikha/Music/cao/CISLR_v1.5-a_videos/l47uS7f0ZSI_1.mp4,train,True,25.0,75,300,300,3.0
l4jwOKcXm4I,new,4.0,quality,True,/home/dipshikha/Music/cao/CISLR_v1.5-a_videos/l4jwOKcXm4I.mp4,test,True,25.0,99,300,300,3.96
l4sZF-4-a3A,proud,3.0,attribute,True,/home/dipshikha/Music/cao/CISLR_v1.5-a_videos/l4sZF-4-a3A.mp4,test,True,25.0,59,300,300,2.36
l55s_LMAces_1,hearing,6.0,sound,True,/home/dipshikha/Music/cao/CISLR_v1.5-a_videos/l55s_LMAces_1.mp4,test,True,25.0,75,300,300,3.0
l59aZl_Jrto,secret,4.0,attribute,True,/home/dipshikha/Music/cao/CISLR_v1.5-a_videos/l59aZl_Jrto.mp4,test,True,25.0,83,300,300,3.32
l6tVKGOn5JU_1,day before,7.0,time,True,/home/dipshikha/Music/cao/CISLR_v1.5-a_videos/l6tVKGOn5JU_1.mp4,test,True,30.0,90,300,300,3.0
l74MrarGqOk,time table,5.0,time,True,/home/dipshikha/Music/cao/CISLR_v1.5-a_videos/l74MrarGqOk.mp4,test,True,25.0,102,300,300,4.08
l7GQ-fR-DsA,tea,6.0,foods and drinks,True,/home/dipshikha/Music/cao/CISLR_v1.5-a_videos/l7GQ-fR-DsA.mp4,test,True,25.0,138,300,300,5.52
l7HZNntVoGw,anti virus,7.0,computer,True,/home/dipshikha/Music/cao/CISLR_v1.5-a_videos/l7HZNntVoGw.mp4,train,True,25.0,168,300,300,6.72
l7tvPoyzWRI,art,4.0,entertainment,True,/home/dipshikha/Music/cao/CISLR_v1.5-a_videos/l7tvPoyzWRI.mp4,train,True,25.0,92,300,300,3.68
l87H6gm74b8_2,sick unit,13.0,banking,True,/home/dipshikha/Music/cao/CISLR_v1.5-a_videos/l87H6gm74b8_2.mp4,train,True,30.0,180,300,300,6.0
l88Gk4kRlBE,reception,4.0,behavior,True,/home/dipshikha/Music/cao/CISLR_v1.5-a_videos/l88Gk4kRlBE.mp4,test,True,25.0,92,300,300,3.68
l8Aq3ttf3lk,bjp,3.0,politics,True,/home/dipshikha/Music/cao/CISLR_v1.5-a_videos/l8Aq3ttf3lk.mp4,train,True,24.0,69,300,300,2.875
l8lwU4wIOz4,bad,3.0,quality,True,/home/dipshikha/Music/cao/CISLR_v1.5-a_videos/l8lwU4wIOz4.mp4,test,True,25.0,64,300,300,2.56
l97vwBQOu94_1,kick,7.0,action,True,/home/dipshikha/Music/cao/CISLR_v1.5-a_videos/l97vwBQOu94_1.mp4,test,True,25.0,75,300,300,3.0
lALvNHxvGDE_1,liquid,6.0,physics,True,/home/dipshikha/Music/cao/CISLR_v1.5-a_videos/lALvNHxvGDE_1.mp4,test,True,25.0,63,300,300,2.52
lAeYniDjTo0_2,reward,7.0,miscellaneous object,True,/home/dipshikha/Music/cao/CISLR_v1.5-a_videos/lAeYniDjTo0_2.mp4,test,True,30.0,96,300,300,3.2
lBaVjlCTfNo,duranta spinosa,7.0,flora and fauna,True,/home/dipshikha/Music/cao/CISLR_v1.5-a_videos/lBaVjlCTfNo.mp4,train,True,25.0,149,300,300,5.96
lCeMDi4ZRrk,thevetia neriefolia,13.0,flora and fauna,True,/home/dipshikha/Music/cao/CISLR_v1.5-a_videos/lCeMDi4ZRrk.mp4,train,True,25.0,323,300,300,12.92
lDO3r1artKs,weight,4.0,abstract,True,/home/dipshikha/Music/cao/CISLR_v1.5-a_videos/lDO3r1artKs.mp4,test,True,25.0,97,300,300,3.88
lDS2BP2Sias,commercial building,14.0,construction,True,/home/dipshikha/Music/cao/CISLR_v1.5-a_videos/lDS2BP2Sias.mp4,train,True,25.0,338,300,300,13.52
lD_M0hAktqU_1,recover,6.0,action,True,/home/dipshikha/Music/cao/CISLR_v1.5-a_videos/lD_M0hAktqU_1.mp4,train,True,30.0,90,300,300,3.0
lDeEBmTDzIY_1,gun,6.0,machine,True,/home/dipshikha/Music/cao/CISLR_v1.5-a_videos/lDeEBmTDzIY_1.mp4,test,True,25.0,75,300,300,3.0
lEVfZdtEMkU_1,antartica,10.0,geography,True,/home/dipshikha/Music/cao/CISLR_v1.5-a_videos/lEVfZdtEMkU_1.mp4,test,True,25.0,113,300,300,4.52
lF3h9t_N8fA,concept,4.0,education,True,/home/dipshikha/Music/cao/CISLR_v1.5-a_videos/lF3h9t_N8fA.mp4,train,True,25.0,86,300,300,3.44
lF9KfGNnrdU_1,scent,6.0,utility item,True,/home/dipshikha/Music/cao/CISLR_v1.5-a_videos/lF9KfGNnrdU_1.mp4,test,True,25.0,63,300,300,2.52
lFY9NjDYAwg,lassi,5.0,foods and drinks,True,/home/dipshikha/Music/cao/CISLR_v1.5-a_videos/lFY9NjDYAwg.mp4,test,True,25.0,125,300,300,5.0
lFyE0xYWW7I,drug,4.0,substance,True,/home/dipshikha/Music/cao/CISLR_v1.5-a_videos/lFyE0xYWW7I.mp4,test,True,25.0,77,300,300,3.08
lGjAsZhyyKc_1,exercise,6.0,medical,True,/home/dipshikha/Music/cao/CISLR_v1.5-a_videos/lGjAsZhyyKc_1.mp4,test,True,30.0,90,300,300,3.0
lH6pT7nQb9A,one,4.0,math,True,/home/dipshikha/Music/cao/CISLR_v1.5-a_videos/lH6pT7nQb9A.mp4,train,True,25.0,80,300,300,3.2
lH8ozqCOz_w_1,clerk,7.0,profession,True,/home/dipshikha/Music/cao/CISLR_v1.5-a_videos/lH8ozqCOz_w_1.mp4,test,True,25.0,75,300,300,3.0
lJeijKlq1Qo,ostrich,6.0,flora and fauna,True,/home/dipshikha/Music/cao/CISLR_v1.5-a_videos/lJeijKlq1Qo.mp4,train,True,25.0,142,300,300,5.68
lJsUQT5Ztv8,toaster,5.0,electronic and electrical,True,/home/dipshikha/Music/cao/CISLR_v1.5-a_videos/lJsUQT5Ztv8.mp4,train,True,25.0,122,300,300,4.88
lKFWhABVO30_1,picture,6.0,miscellaneous object,True,/home/dipshikha/Music/cao/CISLR_v1.5-a_videos/lKFWhABVO30_1.mp4,test,True,25.0,63,300,300,2.52
lL9bFfJ9t9E,taj mahal,4.0,construction,True,/home/dipshikha/Music/cao/CISLR_v1.5-a_videos/lL9bFfJ9t9E.mp4,train,True,25.0,93,300,300,3.72
lLd__AgPs98,he,3.0,language,True,/home/dipshikha/Music/cao/CISLR_v1.5-a_videos/lLd__AgPs98.mp4,test,True,25.0,74,300,300,2.96
lMQiMzxO_IU,sharpener,5.0,utility item,True,/home/dipshikha/Music/cao/CISLR_v1.5-a_videos/lMQiMzxO_IU.mp4,test,True,25.0,99,300,300,3.96
lNHaEWqFnZk,horizontal surface,9.0,spatial position,True,/home/dipshikha/Music/cao/CISLR_v1.5-a_videos/lNHaEWqFnZk.mp4,train,True,25.0,201,300,300,8.04
lOvFBGpn0bQ,district,5.0,geography,True,/home/dipshikha/Music/cao/CISLR_v1.5-a_videos/lOvFBGpn0bQ.mp4,test,True,25.0,108,300,300,4.32
lQOdXN62MXo_1,in,5.0,spatial position,True,/home/dipshikha/Music/cao/CISLR_v1.5-a_videos/lQOdXN62MXo_1.mp4,test,True,25.0,63,300,300,2.52
lQpBuFX4L1I,jamaica,3.0,geography,True,/home/dipshikha/Music/cao/CISLR_v1.5-a_videos/lQpBuFX4L1I.mp4,train,True,25.0,71,300,300,2.84
lQyrTnOO4XE,instagram,5.0,internet,True,/home/dipshikha/Music/cao/CISLR_v1.5-a_videos/lQyrTnOO4XE.mp4,test,True,25.0,118,300,300,4.72
lRYgVqrUDl0,sanjay dutt,4.0,human,True,/home/dipshikha/Music/cao/CISLR_v1.5-a_videos/lRYgVqrUDl0.mp4,train,True,25.0,78,300,300,3.12
lR_1-a9k6wM,papaya,3.0,foods and drinks,True,/home/dipshikha/Music/cao/CISLR_v1.5-a_videos/lR_1-a9k6wM.mp4,test,True,25.0,72,300,300,2.88
lSPMq5Pdb6I_1,green,8.0,colour,True,/home/dipshikha/Music/cao/CISLR_v1.5-a_videos/lSPMq5Pdb6I_1.mp4,test,True,30.0,120,300,300,4.0
lSwvLtI69Ls_1,hariyana,7.0,geography,True,/home/dipshikha/Music/cao/CISLR_v1.5-a_videos/lSwvLtI69Ls_1.mp4,train,True,25.0,75,300,300,3.0
lSy4VDcINoY_1,trouble,7.0,stage,True,/home/dipshikha/Music/cao/CISLR_v1.5-a_videos/lSy4VDcINoY_1.mp4,test,True,30.0,90,300,300,3.0
lTbpj1XKVWg,dropbox,6.0,internet,True,/home/dipshikha/Music/cao/CISLR_v1.5-a_videos/lTbpj1XKVWg.mp4,train,True,25.0,133,300,300,5.32
lTzvesFWOYI,divorcee,7.0,legal,True,/home/dipshikha/Music/cao/CISLR_v1.5-a_videos/lTzvesFWOYI.mp4,train,True,24.0,146,300,300,6.083333333333333
lV1k10LuRGk,knowledge,4.0,abstract,True,/home/dipshikha/Music/cao/CISLR_v1.5-a_videos/lV1k10LuRGk.mp4,test,True,25.0,94,300,300,3.76
lW8hheG6HgY,from,5.0,language,True,/home/dipshikha/Music/cao/CISLR_v1.5-a_videos/lW8hheG6HgY.mp4,test,True,25.0,113,300,300,4.52
lWnmHMNS06E,more,4.0,quantity,True,/home/dipshikha/Music/cao/CISLR_v1.5-a_videos/lWnmHMNS06E.mp4,test,True,25.0,87,300,300,3.48
lY5wzI7a5CE,welder,7.0,profession,True,/home/dipshikha/Music/cao/CISLR_v1.5-a_videos/lY5wzI7a5CE.mp4,test,True,25.0,168,300,300,6.72
lYS6WVGPAWo,calendar,5.0,time,True,/home/dipshikha/Music/cao/CISLR_v1.5-a_videos/lYS6WVGPAWo.mp4,test,True,25.0,105,300,300,4.2
lYadClPZWkY,asphalt concrete,7.0,construction,True,/home/dipshikha/Music/cao/CISLR_v1.5-a_videos/lYadClPZWkY.mp4,train,True,25.0,173,300,300,6.92
lZ0zU9cHrbM_1,angle,10.0,math,True,/home/dipshikha/Music/cao/CISLR_v1.5-a_videos/lZ0zU9cHrbM_1.mp4,test,True,30.0,150,300,300,5.0
lZFvkSf9kS8_1,pamphlet,10.0,utility item,True,/home/dipshikha/Music/cao/CISLR_v1.5-a_videos/lZFvkSf9kS8_1.mp4,test,True,30.0,135,300,300,4.5
lZi4g6ZWBro,yak,6.0,flora and fauna,True,/home/dipshikha/Music/cao/CISLR_v1.5-a_videos/lZi4g6ZWBro.mp4,test,True,25.0,142,300,300,5.68
lZlKIjW-0HU,assault,12.0,behavior,True,/home/dipshikha/Music/cao/CISLR_v1.5-a_videos/lZlKIjW-0HU.mp4,train,True,25.0,293,300,300,11.72
lZnF8-wpBKg_1,fish,6.0,foods and drinks,True,/home/dipshikha/Music/cao/CISLR_v1.5-a_videos/lZnF8-wpBKg_1.mp4,test,True,30.0,90,300,300,3.0
lZt6lnBA9Gc,level,4.0,abstract,True,/home/dipshikha/Music/cao/CISLR_v1.5-a_videos/lZt6lnBA9Gc.mp4,test,True,25.0,90,300,300,3.6
l_FTpIhhBg8,clutch lever,10.0,machine,True,/home/dipshikha/Music/cao/CISLR_v1.5-a_videos/l_FTpIhhBg8.mp4,train,True,24.0,231,300,300,9.625
l_QL6DBEeFk,eight,4.0,math,True,/home/dipshikha/Music/cao/CISLR_v1.5-a_videos/l_QL6DBEeFk.mp4,train,True,25.0,96,300,300,3.84
l_iVlaZg-so,glass,4.0,substance,True,/home/dipshikha/Music/cao/CISLR_v1.5-a_videos/l_iVlaZg-so.mp4,test,True,25.0,86,300,300,3.44
l_q1yjr1iz8_1,tax exemption,11.0,legal,True,/home/dipshikha/Music/cao/CISLR_v1.5-a_videos/l_q1yjr1iz8_1.mp4,train,True,30.0,165,300,300,5.5
l_yU-eg4lHM_1,measles,6.0,biology,True,/home/dipshikha/Music/cao/CISLR_v1.5-a_videos/l_yU-eg4lHM_1.mp4,test,True,30.0,90,300,300,3.0
lc1lDSduLXk_2,property public,12.0,banking,True,/home/dipshikha/Music/cao/CISLR_v1.5-a_videos/lc1lDSduLXk_2.mp4,train,True,30.0,174,300,300,5.8
lcw-m4_hZUY_2,celsius,9.0,metric,True,/home/dipshikha/Music/cao/CISLR_v1.5-a_videos/lcw-m4_hZUY_2.mp4,train,True,30.0,96,300,300,3.2
ldU7z0-dE4k_1,judgement,10.0,action,True,/home/dipshikha/Music/cao/CISLR_v1.5-a_videos/ldU7z0-dE4k_1.mp4,test,True,30.0,150,300,300,5.0
ldZ8V0CmBu4_1,hotel,6.0,construction,True,/home/dipshikha/Music/cao/CISLR_v1.5-a_videos/ldZ8V0CmBu4_1.mp4,test,True,25.0,75,300,300,3.0
ldoR2f3W4co,motorcycle,6.0,transport,True,/home/dipshikha/Music/cao/CISLR_v1.5-a_videos/ldoR2f3W4co.mp4,test,True,25.0,126,300,300,5.04
lg8a0VGcHKQ,panel door,9.0,utility item,True,/home/dipshikha/Music/cao/CISLR_v1.5-a_videos/lg8a0VGcHKQ.mp4,train,True,25.0,205,300,300,8.2
lggh2K7490s,symptoms of nematode diseases of plants,15.0,biology,True,/home/dipshikha/Music/cao/CISLR_v1.5-a_videos/lggh2K7490s.mp4,train,True,25.0,354,300,300,14.16
lhRSYduQK60,bike oil filter,15.0,instrument,True,/home/dipshikha/Music/cao/CISLR_v1.5-a_videos/lhRSYduQK60.mp4,train,True,24.0,337,300,300,14.041666666666666
lkC12LzjKzU_1,area,6.0,geography,True,/home/dipshikha/Music/cao/CISLR_v1.5-a_videos/lkC12LzjKzU_1.mp4,test,True,25.0,75,300,300,3.0
lkXLuq4RHCc,three days before,3.0,time,True,/home/dipshikha/Music/cao/CISLR_v1.5-a_videos/lkXLuq4RHCc.mp4,train,True,25.0,64,300,300,2.56
llB8wpBo7O0_1,take home pay,11.0,action,True,/home/dipshikha/Music/cao/CISLR_v1.5-a_videos/llB8wpBo7O0_1.mp4,train,True,30.0,165,300,300,5.5
lmHzZtmO_30_1,society co,11.0,group,True,/home/dipshikha/Music/cao/CISLR_v1.5-a_videos/lmHzZtmO_30_1.mp4,train,True,30.0,180,300,300,6.0
lmJjVrDDXiQ,cummerband,6.0,wearable,True,/home/dipshikha/Music/cao/CISLR_v1.5-a_videos/lmJjVrDDXiQ.mp4,train,True,25.0,145,300,300,5.8
lnZbgS3LNog_1,hypothecated,13.0,commerce,True,/home/dipshikha/Music/cao/CISLR_v1.5-a_videos/lnZbgS3LNog_1.mp4,train,True,30.0,180,300,300,6.0
lnjKJelSCnI_1,over writing,10.0,action,True,/home/dipshikha/Music/cao/CISLR_v1.5-a_videos/lnjKJelSCnI_1.mp4,train,True,30.0,135,300,300,4.5
lo-tct1Ryrc,smell,5.0,sensation,True,/home/dipshikha/Music/cao/CISLR_v1.5-a_videos/lo-tct1Ryrc.mp4,test,True,25.0,102,300,300,4.08
loVv4NlyfvQ,systemic disease,14.0,medical,True,/home/dipshikha/Music/cao/CISLR_v1.5-a_videos/loVv4NlyfvQ.mp4,train,True,25.0,340,300,300,13.6
lpFt9c1GueI,gold,13.0,metal and minerals,True,/home/dipshikha/Music/cao/CISLR_v1.5-a_videos/lpFt9c1GueI.mp4,test,True,25.0,319,300,300,12.76
lpwbRVY9-vY,bonus,6.0,abstract,True,/home/dipshikha/Music/cao/CISLR_v1.5-a_videos/lpwbRVY9-vY.mp4,train,True,25.0,134,300,300,5.36
lqPqubp-3IE,inspire,9.0,action,True,/home/dipshikha/Music/cao/CISLR_v1.5-a_videos/lqPqubp-3IE.mp4,train,True,25.0,224,300,300,8.96
lquuC45v24M,golden temple,5.0,religious,True,/home/dipshikha/Music/cao/CISLR_v1.5-a_videos/lquuC45v24M.mp4,train,True,25.0,113,300,300,4.52
lr-4dzTcjB8,engine,11.0,machine,True,/home/dipshikha/Music/cao/CISLR_v1.5-a_videos/lr-4dzTcjB8.mp4,test,True,24.0,261,300,300,10.875
lrvP6pB8--A_2,refund,6.0,banking,True,/home/dipshikha/Music/cao/CISLR_v1.5-a_videos/lrvP6pB8--A_2.mp4,train,True,30.0,78,300,300,2.6
lsaavtEzqKs_1,dirty,6.0,quality,True,/home/dipshikha/Music/cao/CISLR_v1.5-a_videos/lsaavtEzqKs_1.mp4,train,True,25.0,75,300,300,3.0
lsp2o-yBY10,brazil,3.0,geography,True,/home/dipshikha/Music/cao/CISLR_v1.5-a_videos/lsp2o-yBY10.mp4,train,True,25.0,61,300,300,2.44
lt-sitx_nUU_1,ant,6.0,flora and fauna,True,/home/dipshikha/Music/cao/CISLR_v1.5-a_videos/lt-sitx_nUU_1.mp4,test,True,30.0,75,300,300,2.5
ltKW64fB3VU_1,cat,7.0,flora and fauna,True,/home/dipshikha/Music/cao/CISLR_v1.5-a_videos/ltKW64fB3VU_1.mp4,test,True,30.0,105,300,300,3.5
ltR5hdlEzjQ_1,animals,7.0,flora and fauna,True,/home/dipshikha/Music/cao/CISLR_v1.5-a_videos/ltR5hdlEzjQ_1.mp4,test,True,30.0,90,300,300,3.0
ltVnbI_MWDg,ministry of social justice and empowerment,5.0,authority,True,/home/dipshikha/Music/cao/CISLR_v1.5-a_videos/ltVnbI_MWDg.mp4,test,True,25.0,116,300,300,4.64
lto2iIwYuOw,clever,6.0,behavior,True,/home/dipshikha/Music/cao/CISLR_v1.5-a_videos/lto2iIwYuOw.mp4,test,True,25.0,143,300,300,5.72
lts3gE45zV4,independence day,5.0,event,True,/home/dipshikha/Music/cao/CISLR_v1.5-a_videos/lts3gE45zV4.mp4,train,True,25.0,116,300,300,4.64
lub1H0EZwws_2,requirement,7.0,abstract,True,/home/dipshikha/Music/cao/CISLR_v1.5-a_videos/lub1H0EZwws_2.mp4,test,True,30.0,78,300,300,2.6
lxP9Dga73Rw_1,transcription,7.0,banking,True,/home/dipshikha/Music/cao/CISLR_v1.5-a_videos/lxP9Dga73Rw_1.mp4,train,True,30.0,105,300,300,3.5
lypZOubhfds,link,4.0,relation,True,/home/dipshikha/Music/cao/CISLR_v1.5-a_videos/lypZOubhfds.mp4,train,True,25.0,84,300,300,3.36
lyx-vjcl6KA_1,leather,8.0,substance,True,/home/dipshikha/Music/cao/CISLR_v1.5-a_videos/lyx-vjcl6KA_1.mp4,train,True,30.0,120,300,300,4.0
lz2BCCFiYmQ,comb,5.0,utility item,True,/home/dipshikha/Music/cao/CISLR_v1.5-a_videos/lz2BCCFiYmQ.mp4,train,True,25.0,105,300,300,4.2
lzCeQ6VI2zU,pear,4.0,foods and drinks,True,/home/dipshikha/Music/cao/CISLR_v1.5-a_videos/lzCeQ6VI2zU.mp4,train,True,25.0,92,300,300,3.68
lzTXlugHZCg_1,between,7.0,spatial position,True,/home/dipshikha/Music/cao/CISLR_v1.5-a_videos/lzTXlugHZCg_1.mp4,train,True,25.0,75,300,300,3.0
lzUMKuDPzls,child abuse,13.0,legal,True,/home/dipshikha/Music/cao/CISLR_v1.5-a_videos/lzUMKuDPzls.mp4,train,True,25.0,322,300,300,12.88
m-B9NoejhTg_2,bill of exchange,11.0,banking,True,/home/dipshikha/Music/cao/CISLR_v1.5-a_videos/m-B9NoejhTg_2.mp4,train,True,30.0,156,300,300,5.2
m-YncUJ0SpA,often,4.0,time,True,/home/dipshikha/Music/cao/CISLR_v1.5-a_videos/m-YncUJ0SpA.mp4,train,True,25.0,78,300,300,3.12
m0gLC72xKDs,rail section,15.0,transport,True,/home/dipshikha/Music/cao/CISLR_v1.5-a_videos/m0gLC72xKDs.mp4,train,True,24.0,357,300,300,14.875
m105B5k5IYY_1,kannada,7.0,language,True,/home/dipshikha/Music/cao/CISLR_v1.5-a_videos/m105B5k5IYY_1.mp4,test,True,25.0,75,300,300,3.0
m1LyTLlhmvA,tease,6.0,behavior,True,/home/dipshikha/Music/cao/CISLR_v1.5-a_videos/m1LyTLlhmvA.mp4,test,True,25.0,150,300,300,6.0
m3AFwuIwkiQ_2,solar eclipse,9.0,astronomical,True,/home/dipshikha/Music/cao/CISLR_v1.5-a_videos/m3AFwuIwkiQ_2.mp4,train,True,30.0,118,300,300,3.933333333333333
m40rLzSro7M_1,annual,9.0,time,True,/home/dipshikha/Music/cao/CISLR_v1.5-a_videos/m40rLzSro7M_1.mp4,test,True,30.0,135,300,300,4.5
m4NUhzj-l70,parrot,4.0,flora and fauna,True,/home/dipshikha/Music/cao/CISLR_v1.5-a_videos/m4NUhzj-l70.mp4,test,True,25.0,96,300,300,3.84
m4UTGWK32d4,next,5.0,time,True,/home/dipshikha/Music/cao/CISLR_v1.5-a_videos/m4UTGWK32d4.mp4,test,True,25.0,111,300,300,4.44
m4fQZijBvjo,why,3.0,abstract,True,/home/dipshikha/Music/cao/CISLR_v1.5-a_videos/m4fQZijBvjo.mp4,test,True,25.0,75,300,300,3.0
m4ogvwOrsZc_1,retain,8.0,action,True,/home/dipshikha/Music/cao/CISLR_v1.5-a_videos/m4ogvwOrsZc_1.mp4,train,True,30.0,120,300,300,4.0
m4qwdzErX5g_2,control,7.0,action,True,/home/dipshikha/Music/cao/CISLR_v1.5-a_videos/m4qwdzErX5g_2.mp4,train,True,30.0,65,300,300,2.1666666666666665
m5IBE8Ozm_0_1,flower,6.0,flora and fauna,True,/home/dipshikha/Music/cao/CISLR_v1.5-a_videos/m5IBE8Ozm_0_1.mp4,test,True,30.0,75,300,300,2.5
m5OgF_1NIBU,vibrant image,14.0,quality,True,/home/dipshikha/Music/cao/CISLR_v1.5-a_videos/m5OgF_1NIBU.mp4,train,True,24.0,315,300,300,13.125
m6Uby73Tg3s,six,4.0,quantity,True,/home/dipshikha/Music/cao/CISLR_v1.5-a_videos/m6Uby73Tg3s.mp4,test,True,25.0,81,300,300,3.24
m6s5zgf0gpI_2,compound microscope,9.0,biology,True,/home/dipshikha/Music/cao/CISLR_v1.5-a_videos/m6s5zgf0gpI_2.mp4,train,True,30.0,102,300,300,3.4
m745tmPqMgI,hoe,3.0,instrument,True,/home/dipshikha/Music/cao/CISLR_v1.5-a_videos/m745tmPqMgI.mp4,train,True,25.0,73,300,300,2.92
m7F7GzaBG7s,underhand,10.0,action,True,/home/dipshikha/Music/cao/CISLR_v1.5-a_videos/m7F7GzaBG7s.mp4,train,True,25.0,239,300,300,9.56
m7cfsP8_omM_1,mother,8.0,relation,True,/home/dipshikha/Music/cao/CISLR_v1.5-a_videos/m7cfsP8_omM_1.mp4,test,True,30.0,120,300,300,4.0
m7q4oQRNQPQ_1,stove,7.0,utility item,True,/home/dipshikha/Music/cao/CISLR_v1.5-a_videos/m7q4oQRNQPQ_1.mp4,test,True,30.0,105,300,300,3.5
m7zujfKvM9Y,pen,4.0,utility item,True,/home/dipshikha/Music/cao/CISLR_v1.5-a_videos/m7zujfKvM9Y.mp4,test,True,25.0,90,300,300,3.6
m8MBKbGzY6s_1,diseases,9.0,biology,True,/home/dipshikha/Music/cao/CISLR_v1.5-a_videos/m8MBKbGzY6s_1.mp4,train,True,30.0,120,300,300,4.0
m8c-LCkr39Y,resolve,4.0,behavior,True,/home/dipshikha/Music/cao/CISLR_v1.5-a_videos/m8c-LCkr39Y.mp4,train,True,25.0,78,300,300,3.12
m95rHmULP1k_1,guard,7.0,profession,True,/home/dipshikha/Music/cao/CISLR_v1.5-a_videos/m95rHmULP1k_1.mp4,train,True,25.0,88,300,300,3.52
m9lpyg8UEMU,telangana,5.0,geography,True,/home/dipshikha/Music/cao/CISLR_v1.5-a_videos/m9lpyg8UEMU.mp4,test,True,25.0,105,300,300,4.2
mDQmu9H4-e8,extrahepatic,10.0,medical,True,/home/dipshikha/Music/cao/CISLR_v1.5-a_videos/mDQmu9H4-e8.mp4,train,True,25.0,228,300,300,9.12
mDef1KqeBTw,gate,5.0,construction,True,/home/dipshikha/Music/cao/CISLR_v1.5-a_videos/mDef1KqeBTw.mp4,train,True,25.0,108,300,300,4.32
mE9xzpyh5GM_1,scribe,9.0,human,True,/home/dipshikha/Music/cao/CISLR_v1.5-a_videos/mE9xzpyh5GM_1.mp4,train,True,30.0,135,300,300,4.5
mEKieyopxsc,stay,4.0,action,True,/home/dipshikha/Music/cao/CISLR_v1.5-a_videos/mEKieyopxsc.mp4,test,True,25.0,90,300,300,3.6
mEhGf6FP0Jo,russia,5.0,geography,True,/home/dipshikha/Music/cao/CISLR_v1.5-a_videos/mEhGf6FP0Jo.mp4,test,True,25.0,108,300,300,4.32
mFfYVeyQOWA_2,verification,8.0,legal,True,/home/dipshikha/Music/cao/CISLR_v1.5-a_videos/mFfYVeyQOWA_2.mp4,test,True,30.0,84,300,300,2.8
mGWaaXCKdx4_1,resources,10.0,abstract,True,/home/dipshikha/Music/cao/CISLR_v1.5-a_videos/mGWaaXCKdx4_1.mp4,train,True,30.0,135,300,300,4.5
mHIxXjMGN8c_1,blood pressure,8.0,medical,True,/home/dipshikha/Music/cao/CISLR_v1.5-a_videos/mHIxXjMGN8c_1.mp4,test,True,30.0,120,300,300,4.0
mIun6SVIyEA,anonymous complaint,11.0,readable,True,/home/dipshikha/Music/cao/CISLR_v1.5-a_videos/mIun6SVIyEA.mp4,train,True,25.0,260,300,300,10.4
mJz4mKTtt64,cheap,4.0,attribute,True,/home/dipshikha/Music/cao/CISLR_v1.5-a_videos/mJz4mKTtt64.mp4,test,True,25.0,93,300,300,3.72
mKT_yIIVqbA_1,on demand,9.0,banking,True,/home/dipshikha/Music/cao/CISLR_v1.5-a_videos/mKT_yIIVqbA_1.mp4,train,True,30.0,135,300,300,4.5
mKjjkYe1ZSg_1,tortoise,6.0,flora and fauna,True,/home/dipshikha/Music/cao/CISLR_v1.5-a_videos/mKjjkYe1ZSg_1.mp4,test,True,30.0,75,300,300,2.5
mKxgmzevEio,birds,5.0,flora and fauna,True,/home/dipshikha/Music/cao/CISLR_v1.5-a_videos/mKxgmzevEio.mp4,test,True,25.0,118,300,300,4.72
mL4_qchOSsM_1,gas stove,8.0,instrument,True,/home/dipshikha/Music/cao/CISLR_v1.5-a_videos/mL4_qchOSsM_1.mp4,test,True,30.0,105,300,300,3.5
mLANykny44w,ukraine,3.0,geography,True,/home/dipshikha/Music/cao/CISLR_v1.5-a_videos/mLANykny44w.mp4,train,True,25.0,72,300,300,2.88
mLirLDw62Dk_1,restricted,7.0,action,True,/home/dipshikha/Music/cao/CISLR_v1.5-a_videos/mLirLDw62Dk_1.mp4,train,True,30.0,90,300,300,3.0
mNf1uFIbIfI_1,bhangada,6.0,entertainment,True,/home/dipshikha/Music/cao/CISLR_v1.5-a_videos/mNf1uFIbIfI_1.mp4,train,True,25.0,63,300,300,2.52
mOkpsL3dtYU_1,decline,12.0,comparator,True,/home/dipshikha/Music/cao/CISLR_v1.5-a_videos/mOkpsL3dtYU_1.mp4,train,True,30.0,165,300,300,5.5
mP9BH-ZabQk_1,gujarati,6.0,geography,True,/home/dipshikha/Music/cao/CISLR_v1.5-a_videos/mP9BH-ZabQk_1.mp4,test,True,25.0,75,300,300,3.0
mPEgUoTSEoY_1,ourselves,7.0,relation,True,/home/dipshikha/Music/cao/CISLR_v1.5-a_videos/mPEgUoTSEoY_1.mp4,train,True,25.0,75,300,300,3.0
mPZ37Qlg4B8,when,3.0,abstract,True,/home/dipshikha/Music/cao/CISLR_v1.5-a_videos/mPZ37Qlg4B8.mp4,train,True,25.0,68,300,300,2.72
mPyRIGEieXo_1,some,6.0,quantity,True,/home/dipshikha/Music/cao/CISLR_v1.5-a_videos/mPyRIGEieXo_1.mp4,test,True,25.0,75,300,300,3.0
mQPmk_qj6wM_1,risk,6.0,abstract,True,/home/dipshikha/Music/cao/CISLR_v1.5-a_videos/mQPmk_qj6wM_1.mp4,train,True,30.0,75,300,300,2.5
mRmOZEKXSFQ_1,jackfruit,7.0,foods and drinks,True,/home/dipshikha/Music/cao/CISLR_v1.5-a_videos/mRmOZEKXSFQ_1.mp4,test,True,25.0,75,300,300,3.0
mRodiqQBduE,bitter gourd,4.0,foods and drinks,True,/home/dipshikha/Music/cao/CISLR_v1.5-a_videos/mRodiqQBduE.mp4,train,True,25.0,94,300,300,3.76
mTuXlaWeVf8,optical character recognition,12.0,electronic and electrical,True,/home/dipshikha/Music/cao/CISLR_v1.5-a_videos/mTuXlaWeVf8.mp4,train,True,24.0,281,300,300,11.708333333333334
mUeSvl1T5Sk,ghana,3.0,geography,True,/home/dipshikha/Music/cao/CISLR_v1.5-a_videos/mUeSvl1T5Sk.mp4,train,True,25.0,74,300,300,2.96
mUes7TvTZ0Y,catch,4.0,action,True,/home/dipshikha/Music/cao/CISLR_v1.5-a_videos/mUes7TvTZ0Y.mp4,test,True,25.0,81,300,300,3.24
mUhcz7RyFqI_1,peak,9.0,spatial position,True,/home/dipshikha/Music/cao/CISLR_v1.5-a_videos/mUhcz7RyFqI_1.mp4,train,True,25.0,100,300,300,4.0
mWBceiU6iR4_1,quran,6.0,religious,True,/home/dipshikha/Music/cao/CISLR_v1.5-a_videos/mWBceiU6iR4_1.mp4,train,True,25.0,75,300,300,3.0
mWHH9UopPFs,mi xiaomi,6.0,electronic and electrical,True,/home/dipshikha/Music/cao/CISLR_v1.5-a_videos/mWHH9UopPFs.mp4,train,True,25.0,125,300,300,5.0
mY5LdfQ0sjQ,second,4.0,math,True,/home/dipshikha/Music/cao/CISLR_v1.5-a_videos/mY5LdfQ0sjQ.mp4,train,True,25.0,98,300,300,3.92
mZ8Tmp9I2Is,cock erels,11.0,flora and fauna,True,/home/dipshikha/Music/cao/CISLR_v1.5-a_videos/mZ8Tmp9I2Is.mp4,train,True,24.0,242,300,300,10.083333333333334
mZPhzM2sh0E_1,faith,6.0,abstract,True,/home/dipshikha/Music/cao/CISLR_v1.5-a_videos/mZPhzM2sh0E_1.mp4,test,True,30.0,90,300,300,3.0
m_jv0J-ORnQ_1,sunday,5.0,time,True,/home/dipshikha/Music/cao/CISLR_v1.5-a_videos/m_jv0J-ORnQ_1.mp4,test,True,30.0,60,300,300,2.0
m_rnnhVnHZo_2,experiment,8.0,process,True,/home/dipshikha/Music/cao/CISLR_v1.5-a_videos/m_rnnhVnHZo_2.mp4,test,True,30.0,100,300,300,3.333333333333333
maf-Qj8EavI_1,agenda,10.0,process,True,/home/dipshikha/Music/cao/CISLR_v1.5-a_videos/maf-Qj8EavI_1.mp4,test,True,30.0,150,300,300,5.0
md3sDbLwP_I,czech republic,4.0,geography,True,/home/dipshikha/Music/cao/CISLR_v1.5-a_videos/md3sDbLwP_I.mp4,train,True,25.0,78,300,300,3.12
mdghSfzgn_w,okay,5.0,gesture,True,/home/dipshikha/Music/cao/CISLR_v1.5-a_videos/mdghSfzgn_w.mp4,test,True,25.0,101,300,300,4.04
mdv4f8f7JpQ_2,hot,6.0,sensation,True,/home/dipshikha/Music/cao/CISLR_v1.5-a_videos/mdv4f8f7JpQ_2.mp4,test,True,30.0,59,300,300,1.9666666666666663
meGXyGsCWhs,season,7.0,time,True,/home/dipshikha/Music/cao/CISLR_v1.5-a_videos/meGXyGsCWhs.mp4,test,True,25.0,171,300,300,6.84
mfoG6eiYkuA_1,busy,6.0,behavior,True,/home/dipshikha/Music/cao/CISLR_v1.5-a_videos/mfoG6eiYkuA_1.mp4,test,True,30.0,75,300,300,2.5
mgVaDE2i02s_1,engine,8.0,machine,True,/home/dipshikha/Music/cao/CISLR_v1.5-a_videos/mgVaDE2i02s_1.mp4,test,True,25.0,88,300,300,3.52
mh7hK_GB1yQ,paneer,4.0,foods and drinks,True,/home/dipshikha/Music/cao/CISLR_v1.5-a_videos/mh7hK_GB1yQ.mp4,train,True,25.0,94,300,300,3.76
mhO9nuyQ28I,merge,6.0,action,True,/home/dipshikha/Music/cao/CISLR_v1.5-a_videos/mhO9nuyQ28I.mp4,train,True,25.0,127,300,300,5.08
migHEZ8zuh0_1,candle,8.0,utility item,True,/home/dipshikha/Music/cao/CISLR_v1.5-a_videos/migHEZ8zuh0_1.mp4,test,True,30.0,105,300,300,3.5
mikGymYxces_1,sewing machine,7.0,instrument,True,/home/dipshikha/Music/cao/CISLR_v1.5-a_videos/mikGymYxces_1.mp4,train,True,25.0,75,300,300,3.0
mjwekhNRLbY,shaving razor,6.0,utility item,True,/home/dipshikha/Music/cao/CISLR_v1.5-a_videos/mjwekhNRLbY.mp4,test,True,25.0,128,300,300,5.12
mkXoxeaRCRc,triple,4.0,quantity,True,/home/dipshikha/Music/cao/CISLR_v1.5-a_videos/mkXoxeaRCRc.mp4,test,True,25.0,98,300,300,3.92
mkgTT7rVBAQ_1,thumb impression,11.0,language,True,/home/dipshikha/Music/cao/CISLR_v1.5-a_videos/mkgTT7rVBAQ_1.mp4,train,True,30.0,165,300,300,5.5
mkl9CmVJ2tM_1,subsidy,8.0,legal,True,/home/dipshikha/Music/cao/CISLR_v1.5-a_videos/mkl9CmVJ2tM_1.mp4,train,True,30.0,105,300,300,3.5
mmXQw0IktO0_1,good,7.0,quality,True,/home/dipshikha/Music/cao/CISLR_v1.5-a_videos/mmXQw0IktO0_1.mp4,test,True,30.0,90,300,300,3.0
mn1F8ifBfE8_1,cap,6.0,wearable,True,/home/dipshikha/Music/cao/CISLR_v1.5-a_videos/mn1F8ifBfE8_1.mp4,test,True,25.0,63,300,300,2.52
mn1rYKlKYt4_2,milligram,9.0,metric,True,/home/dipshikha/Music/cao/CISLR_v1.5-a_videos/mn1rYKlKYt4_2.mp4,train,True,30.0,110,300,300,3.6666666666666665
mnZrhrQqNQk,peacock,4.0,flora and fauna,True,/home/dipshikha/Music/cao/CISLR_v1.5-a_videos/mnZrhrQqNQk.mp4,test,True,25.0,96,300,300,3.84
mnswyczu_t4_1,easter,8.0,religious,True,/home/dipshikha/Music/cao/CISLR_v1.5-a_videos/mnswyczu_t4_1.mp4,test,True,25.0,88,300,300,3.52
mny-_WVQmTM_1,newspaper,7.0,readable,True,/home/dipshikha/Music/cao/CISLR_v1.5-a_videos/mny-_WVQmTM_1.mp4,test,True,30.0,105,300,300,3.5
mpugTirtE4Q_1,exercise,6.0,medical,True,/home/dipshikha/Music/cao/CISLR_v1.5-a_videos/mpugTirtE4Q_1.mp4,test,True,30.0,90,300,300,3.0
mq9WIJ0BxY8,forest,5.0,geography,True,/home/dipshikha/Music/cao/CISLR_v1.5-a_videos/mq9WIJ0BxY8.mp4,train,True,25.0,121,300,300,4.84
msAFTkGIkKY,dehradun,4.0,geography,True,/home/dipshikha/Music/cao/CISLR_v1.5-a_videos/msAFTkGIkKY.mp4,train,True,25.0,99,300,300,3.96
msFZgjGHhCw_1,facsimile signature,8.0,legal,True,/home/dipshikha/Music/cao/CISLR_v1.5-a_videos/msFZgjGHhCw_1.mp4,train,True,30.0,105,300,300,3.5
mty6yED1PpI_2,projector,7.0,instrument,True,/home/dipshikha/Music/cao/CISLR_v1.5-a_videos/mty6yED1PpI_2.mp4,test,True,30.0,79,300,300,2.6333333333333333
muFgzetIJP4,sea,5.0,geography,True,/home/dipshikha/Music/cao/CISLR_v1.5-a_videos/muFgzetIJP4.mp4,test,True,25.0,112,300,300,4.48
mw6GHL7CsJw_1,son,11.0,relation,True,/home/dipshikha/Music/cao/CISLR_v1.5-a_videos/mw6GHL7CsJw_1.mp4,test,True,30.0,165,300,300,5.5
mwUQPlBBZgE,stop,4.0,stage,True,/home/dipshikha/Music/cao/CISLR_v1.5-a_videos/mwUQPlBBZgE.mp4,test,True,25.0,97,300,300,3.88
myELYk-m-cI_1,toes,9.0,biology,True,/home/dipshikha/Music/cao/CISLR_v1.5-a_videos/myELYk-m-cI_1.mp4,test,True,30.0,120,300,300,4.0
mySSsdvhhZI_1,despatch,10.0,action,True,/home/dipshikha/Music/cao/CISLR_v1.5-a_videos/mySSsdvhhZI_1.mp4,train,True,30.0,135,300,300,4.5
mztpaGS8lno_1,sugarcane,7.0,foods and drinks,True,/home/dipshikha/Music/cao/CISLR_v1.5-a_videos/mztpaGS8lno_1.mp4,train,True,25.0,75,300,300,3.0
n-1noAwKg1w,economics,4.0,education,True,/home/dipshikha/Music/cao/CISLR_v1.5-a_videos/n-1noAwKg1w.mp4,test,True,25.0,90,300,300,3.6
n-oYLZ4V2ZY_1,possible,6.0,attribute,True,/home/dipshikha/Music/cao/CISLR_v1.5-a_videos/n-oYLZ4V2ZY_1.mp4,test,True,25.0,63,300,300,2.52
n0NXSLz7Skk,wrong,4.0,comparator,True,/home/dipshikha/Music/cao/CISLR_v1.5-a_videos/n0NXSLz7Skk.mp4,test,True,25.0,89,300,300,3.56
n0ixnjHqfAU,accept,4.0,action,True,/home/dipshikha/Music/cao/CISLR_v1.5-a_videos/n0ixnjHqfAU.mp4,test,True,25.0,87,300,300,3.48
n162JtquPPo,chicks,12.0,flora and fauna,True,/home/dipshikha/Music/cao/CISLR_v1.5-a_videos/n162JtquPPo.mp4,train,True,24.0,278,300,300,11.583333333333334
n2XiOTb_y0E,shell top,10.0,attribute,True,/home/dipshikha/Music/cao/CISLR_v1.5-a_videos/n2XiOTb_y0E.mp4,train,True,25.0,240,300,300,9.6
n2Yyy3BkMjk,ginger,5.0,foods and drinks,True,/home/dipshikha/Music/cao/CISLR_v1.5-a_videos/n2Yyy3BkMjk.mp4,test,True,25.0,101,300,300,4.04
n4ITD16-c9Q,kochi,6.0,geography,True,/home/dipshikha/Music/cao/CISLR_v1.5-a_videos/n4ITD16-c9Q.mp4,train,True,25.0,130,300,300,5.2
n5UUf4qS9vo,tall protective hedges,13.0,flora and fauna,True,/home/dipshikha/Music/cao/CISLR_v1.5-a_videos/n5UUf4qS9vo.mp4,train,True,25.0,312,300,300,12.48
n7Ikc1zpm-o,cylinder,5.0,utility item,True,/home/dipshikha/Music/cao/CISLR_v1.5-a_videos/n7Ikc1zpm-o.mp4,test,True,25.0,108,300,300,4.32
n7sdyYH_Vss,people,7.0,group,True,/home/dipshikha/Music/cao/CISLR_v1.5-a_videos/n7sdyYH_Vss.mp4,train,True,25.0,156,300,300,6.24
n8CdU-tQIX4,roof,6.0,construction,True,/home/dipshikha/Music/cao/CISLR_v1.5-a_videos/n8CdU-tQIX4.mp4,test,True,25.0,126,300,300,5.04
n9F3-JF1Dug,blouse,4.0,wearable,True,/home/dipshikha/Music/cao/CISLR_v1.5-a_videos/n9F3-JF1Dug.mp4,test,True,25.0,81,300,300,3.24
nBXHnSz4pYc_1,compass,7.0,instrument,True,/home/dipshikha/Music/cao/CISLR_v1.5-a_videos/nBXHnSz4pYc_1.mp4,test,True,25.0,75,300,300,3.0
nBnJhuCSZxY,compare,4.0,process,True,/home/dipshikha/Music/cao/CISLR_v1.5-a_videos/nBnJhuCSZxY.mp4,test,True,25.0,87,300,300,3.48
nBp-9HnOvow_1,anklets,7.0,wearable,True,/home/dipshikha/Music/cao/CISLR_v1.5-a_videos/nBp-9HnOvow_1.mp4,train,True,25.0,75,300,300,3.0
nC0-4IBpIe0_1,mirror,7.0,physics,True,/home/dipshikha/Music/cao/CISLR_v1.5-a_videos/nC0-4IBpIe0_1.mp4,test,True,30.0,90,300,300,3.0
nDjjCfmeT28_1,put,6.0,action,True,/home/dipshikha/Music/cao/CISLR_v1.5-a_videos/nDjjCfmeT28_1.mp4,test,True,25.0,75,300,300,3.0
nEoBtV3LSLw,shallow,5.0,attribute,True,/home/dipshikha/Music/cao/CISLR_v1.5-a_videos/nEoBtV3LSLw.mp4,test,True,25.0,113,300,300,4.52
nGBnt1hkNA4,chain drive,14.0,instrument,True,/home/dipshikha/Music/cao/CISLR_v1.5-a_videos/nGBnt1hkNA4.mp4,train,True,25.0,331,300,300,13.24
nGYNwYqr4iM_1,extra,8.0,quantity,True,/home/dipshikha/Music/cao/CISLR_v1.5-a_videos/nGYNwYqr4iM_1.mp4,test,True,30.0,120,300,300,4.0
nGiuyZ9jIds,fourteen,4.0,math,True,/home/dipshikha/Music/cao/CISLR_v1.5-a_videos/nGiuyZ9jIds.mp4,train,True,25.0,84,300,300,3.36
nGk01dUfQo0,buffalo,5.0,flora and fauna,True,/home/dipshikha/Music/cao/CISLR_v1.5-a_videos/nGk01dUfQo0.mp4,test,True,25.0,122,300,300,4.88
nH3nl9uTYc8_1,expensive,7.0,attribute,True,/home/dipshikha/Music/cao/CISLR_v1.5-a_videos/nH3nl9uTYc8_1.mp4,test,True,25.0,75,300,300,3.0
nH5V7jQYZfU_1,feed,6.0,action,True,/home/dipshikha/Music/cao/CISLR_v1.5-a_videos/nH5V7jQYZfU_1.mp4,train,True,25.0,75,300,300,3.0
nHEWuB2F5O4_2,loan terminable,9.0,banking,True,/home/dipshikha/Music/cao/CISLR_v1.5-a_videos/nHEWuB2F5O4_2.mp4,train,True,30.0,120,300,300,4.0
nHdz1IK9ydw,weak,4.0,quality,True,/home/dipshikha/Music/cao/CISLR_v1.5-a_videos/nHdz1IK9ydw.mp4,test,True,25.0,79,300,300,3.16
nHoSIUvNUhA,embryonic development,15.0,biology,True,/home/dipshikha/Music/cao/CISLR_v1.5-a_videos/nHoSIUvNUhA.mp4,train,True,25.0,372,300,300,14.88
nIBj-sIAi3s,sleep,4.0,action,True,/home/dipshikha/Music/cao/CISLR_v1.5-a_videos/nIBj-sIAi3s.mp4,test,True,25.0,74,300,300,2.96
nIYd_DTmgOA,diabetes,5.0,medical,True,/home/dipshikha/Music/cao/CISLR_v1.5-a_videos/nIYd_DTmgOA.mp4,test,True,25.0,110,300,300,4.4
nIw0e8QMIko,rock,5.0,miscellaneous object,True,/home/dipshikha/Music/cao/CISLR_v1.5-a_videos/nIw0e8QMIko.mp4,train,True,25.0,111,300,300,4.44
nLRgpHuC0fQ_1,cholera,6.0,medical,True,/home/dipshikha/Music/cao/CISLR_v1.5-a_videos/nLRgpHuC0fQ_1.mp4,test,True,30.0,75,300,300,2.5
nN5836JqV6o,twin,4.0,biology,True,/home/dipshikha/Music/cao/CISLR_v1.5-a_videos/nN5836JqV6o.mp4,train,True,25.0,97,300,300,3.88
nOfYw4qFT98_1,calm,8.0,emotion,True,/home/dipshikha/Music/cao/CISLR_v1.5-a_videos/nOfYw4qFT98_1.mp4,test,True,25.0,88,300,300,3.52
nOqqumlcVYU_1,shine,6.0,attribute,True,/home/dipshikha/Music/cao/CISLR_v1.5-a_videos/nOqqumlcVYU_1.mp4,test,True,25.0,75,300,300,3.0
nPFOofWkMZc,tall shrubs,6.0,flora and fauna,True,/home/dipshikha/Music/cao/CISLR_v1.5-a_videos/nPFOofWkMZc.mp4,train,True,25.0,148,300,300,5.92
nPejilWVcLU,state,4.0,geography,True,/home/dipshikha/Music/cao/CISLR_v1.5-a_videos/nPejilWVcLU.mp4,test,True,25.0,96,300,300,3.84
nQhm9tWvaog,german measles rubella,5.0,biology,True,/home/dipshikha/Music/cao/CISLR_v1.5-a_videos/nQhm9tWvaog.mp4,train,True,25.0,114,300,300,4.56
nR0rTKA9Ldo_1,action,10.0,action,True,/home/dipshikha/Music/cao/CISLR_v1.5-a_videos/nR0rTKA9Ldo_1.mp4,test,True,30.0,135,300,300,4.5
nRHDYOP78eE,spectacles,4.0,wearable,True,/home/dipshikha/Music/cao/CISLR_v1.5-a_videos/nRHDYOP78eE.mp4,train,True,25.0,99,300,300,3.96
nReXFWHGPdg,soup,4.0,foods and drinks,True,/home/dipshikha/Music/cao/CISLR_v1.5-a_videos/nReXFWHGPdg.mp4,test,True,25.0,96,300,300,3.84
nS1xo_n5_sQ_1,you,7.0,relation,True,/home/dipshikha/Music/cao/CISLR_v1.5-a_videos/nS1xo_n5_sQ_1.mp4,test,True,25.0,75,300,300,3.0
nS5mLcPFpnk_1,strong,7.0,quality,True,/home/dipshikha/Music/cao/CISLR_v1.5-a_videos/nS5mLcPFpnk_1.mp4,test,True,25.0,75,300,300,3.0
nS9YfFqJct0_2,angle,7.0,math,True,/home/dipshikha/Music/cao/CISLR_v1.5-a_videos/nS9YfFqJct0_2.mp4,test,True,30.0,83,300,300,2.7666666666666666
nSEzV5TYaZk,milling cutter angle,9.0,instrument,True,/home/dipshikha/Music/cao/CISLR_v1.5-a_videos/nSEzV5TYaZk.mp4,train,True,25.0,216,300,300,8.64
nT_QwhsDXR0,prescription,5.0,medical,True,/home/dipshikha/Music/cao/CISLR_v1.5-a_videos/nT_QwhsDXR0.mp4,test,True,25.0,109,300,300,4.36
nU2c599HQUM_1,cake,6.0,foods and drinks,True,/home/dipshikha/Music/cao/CISLR_v1.5-a_videos/nU2c599HQUM_1.mp4,train,True,25.0,75,300,300,3.0
nVGUO-aBw6o,remove,3.0,action,True,/home/dipshikha/Music/cao/CISLR_v1.5-a_videos/nVGUO-aBw6o.mp4,test,True,25.0,73,300,300,2.92
nWsRyI0iqEQ,lift,4.0,transport,True,/home/dipshikha/Music/cao/CISLR_v1.5-a_videos/nWsRyI0iqEQ.mp4,train,True,25.0,99,300,300,3.96
nX8FJ8qjPuQ_1,candle,8.0,utility item,True,/home/dipshikha/Music/cao/CISLR_v1.5-a_videos/nX8FJ8qjPuQ_1.mp4,test,True,30.0,105,300,300,3.5
nYQJc4FIONc_1,patience,7.0,behavior,True,/home/dipshikha/Music/cao/CISLR_v1.5-a_videos/nYQJc4FIONc_1.mp4,test,True,30.0,90,300,300,3.0
nYq64foD8OE_1,scent,6.0,utility item,True,/home/dipshikha/Music/cao/CISLR_v1.5-a_videos/nYq64foD8OE_1.mp4,test,True,25.0,63,300,300,2.52
nZC6NXo3SAc,truck,5.0,transport,True,/home/dipshikha/Music/cao/CISLR_v1.5-a_videos/nZC6NXo3SAc.mp4,train,True,25.0,124,300,300,4.96
nZPix7hmbDc_1,chest,7.0,biology,True,/home/dipshikha/Music/cao/CISLR_v1.5-a_videos/nZPix7hmbDc_1.mp4,test,True,30.0,90,300,300,3.0
nZQgs84-71M_1,sunday,5.0,time,True,/home/dipshikha/Music/cao/CISLR_v1.5-a_videos/nZQgs84-71M_1.mp4,test,True,30.0,60,300,300,2.0
nZXIuMlpqs8_1,temporary,6.0,abstract,True,/home/dipshikha/Music/cao/CISLR_v1.5-a_videos/nZXIuMlpqs8_1.mp4,test,True,25.0,75,300,300,3.0
nZp9HgnRg2Q_1,compate,6.0,process,True,/home/dipshikha/Music/cao/CISLR_v1.5-a_videos/nZp9HgnRg2Q_1.mp4,train,True,25.0,63,300,300,2.52
n_8B2_ChR7I,lamp,5.0,electronic and electrical,True,/home/dipshikha/Music/cao/CISLR_v1.5-a_videos/n_8B2_ChR7I.mp4,train,True,25.0,121,300,300,4.84
n_ZH6USjaMM_1,unlimited,6.0,quantity,True,/home/dipshikha/Music/cao/CISLR_v1.5-a_videos/n_ZH6USjaMM_1.mp4,test,True,30.0,75,300,300,2.5
na-Lq61BD80_1,agree,5.0,action,True,/home/dipshikha/Music/cao/CISLR_v1.5-a_videos/na-Lq61BD80_1.mp4,test,True,25.0,63,300,300,2.52
nbGClOPWFAs,label,3.0,action,True,/home/dipshikha/Music/cao/CISLR_v1.5-a_videos/nbGClOPWFAs.mp4,test,True,25.0,75,300,300,3.0
nbGetUh9P74_1,about,6.0,spatial position,True,/home/dipshikha/Music/cao/CISLR_v1.5-a_videos/nbGetUh9P74_1.mp4,train,True,25.0,63,300,300,2.52
nbJBh7lzl30,taxi,5.0,transport,True,/home/dipshikha/Music/cao/CISLR_v1.5-a_videos/nbJBh7lzl30.mp4,test,True,25.0,104,300,300,4.16
nbVI64uJFks,kannada,7.0,language,True,/home/dipshikha/Music/cao/CISLR_v1.5-a_videos/nbVI64uJFks.mp4,test,True,25.0,159,300,300,6.36
ncAPREMR3JA,dvd,6.0,computer,True,/home/dipshikha/Music/cao/CISLR_v1.5-a_videos/ncAPREMR3JA.mp4,train,True,25.0,138,300,300,5.52
ncRjrgTmEho_1,trade,8.0,commerce,True,/home/dipshikha/Music/cao/CISLR_v1.5-a_videos/ncRjrgTmEho_1.mp4,test,True,30.0,105,300,300,3.5
ndCTFD1P_qo,balloon,4.0,utility item,True,/home/dipshikha/Music/cao/CISLR_v1.5-a_videos/ndCTFD1P_qo.mp4,train,True,25.0,76,300,300,3.04
ndTLR5u4IKc,autocracy,15.0,authority,True,/home/dipshikha/Music/cao/CISLR_v1.5-a_videos/ndTLR5u4IKc.mp4,train,True,24.0,354,300,300,14.75
ndh4le8xfHY_1,practise,7.0,action,True,/home/dipshikha/Music/cao/CISLR_v1.5-a_videos/ndh4le8xfHY_1.mp4,train,True,25.0,75,300,300,3.0
ne5dJi6f9aQ,permanent,4.0,attribute,True,/home/dipshikha/Music/cao/CISLR_v1.5-a_videos/ne5dJi6f9aQ.mp4,test,True,25.0,82,300,300,3.28
nejz8c9gkFE_2,south poie,11.0,geography,True,/home/dipshikha/Music/cao/CISLR_v1.5-a_videos/nejz8c9gkFE_2.mp4,train,True,30.0,115,300,300,3.8333333333333335
ngk26A8JXKk,besom pocket,7.0,wearable,True,/home/dipshikha/Music/cao/CISLR_v1.5-a_videos/ngk26A8JXKk.mp4,train,True,25.0,162,300,300,6.48
nhLcG0rMU7c_1,lawyer,6.0,legal,True,/home/dipshikha/Music/cao/CISLR_v1.5-a_videos/nhLcG0rMU7c_1.mp4,test,True,25.0,63,300,300,2.52
nhi8hvvKDe0_1,survivorship,10.0,stage,True,/home/dipshikha/Music/cao/CISLR_v1.5-a_videos/nhi8hvvKDe0_1.mp4,train,True,30.0,135,300,300,4.5
nhlsBwo95ms_1,sri lanka,6.0,geography,True,/home/dipshikha/Music/cao/CISLR_v1.5-a_videos/nhlsBwo95ms_1.mp4,train,True,25.0,63,300,300,2.52
nkox-ajvLnc,lift,4.0,transport,True,/home/dipshikha/Music/cao/CISLR_v1.5-a_videos/nkox-ajvLnc.mp4,test,True,25.0,98,300,300,3.92
nmC9PhWItts,recharge,6.0,banking,True,/home/dipshikha/Music/cao/CISLR_v1.5-a_videos/nmC9PhWItts.mp4,train,True,25.0,137,300,300,5.48
nnnPWu4bf60_2,galaxy,12.0,astronomical,True,/home/dipshikha/Music/cao/CISLR_v1.5-a_videos/nnnPWu4bf60_2.mp4,train,True,30.0,150,300,300,5.0
nnpCEu2kzrs_1,mosquito,5.0,flora and fauna,True,/home/dipshikha/Music/cao/CISLR_v1.5-a_videos/nnpCEu2kzrs_1.mp4,train,True,30.0,75,300,300,2.5
npDGGJ0M-wc_1,ledger,11.0,banking,True,/home/dipshikha/Music/cao/CISLR_v1.5-a_videos/npDGGJ0M-wc_1.mp4,train,True,30.0,150,300,300,5.0
npkVQCEbeeM_1,kill,5.0,action,True,/home/dipshikha/Music/cao/CISLR_v1.5-a_videos/npkVQCEbeeM_1.mp4,test,True,25.0,63,300,300,2.52
nqBsZsXrUk0_1,holder,10.0,instrument,True,/home/dipshikha/Music/cao/CISLR_v1.5-a_videos/nqBsZsXrUk0_1.mp4,train,True,30.0,150,300,300,5.0
nqH15OqXPnI,winner,12.0,human,True,/home/dipshikha/Music/cao/CISLR_v1.5-a_videos/nqH15OqXPnI.mp4,test,True,25.0,287,300,300,11.48
nqN1KzFQ-nk,scalpel,15.0,instrument,True,/home/dipshikha/Music/cao/CISLR_v1.5-a_videos/nqN1KzFQ-nk.mp4,train,True,25.0,361,300,300,14.44
nru9lQCilqs_1,questionnaire,7.0,utility item,True,/home/dipshikha/Music/cao/CISLR_v1.5-a_videos/nru9lQCilqs_1.mp4,train,True,30.0,90,300,300,3.0
nsIYX21oO_M_1,divide,6.0,action,True,/home/dipshikha/Music/cao/CISLR_v1.5-a_videos/nsIYX21oO_M_1.mp4,test,True,25.0,75,300,300,3.0
nsmhWfsLTLc_1,unpaid,7.0,banking,True,/home/dipshikha/Music/cao/CISLR_v1.5-a_videos/nsmhWfsLTLc_1.mp4,train,True,30.0,90,300,300,3.0
nt0_JZPdo-Y,fish as a food of cattle,7.0,foods and drinks,True,/home/dipshikha/Music/cao/CISLR_v1.5-a_videos/nt0_JZPdo-Y.mp4,train,True,24.0,162,300,300,6.75
nt6YlBv1Qv0,scotland,3.0,geography,True,/home/dipshikha/Music/cao/CISLR_v1.5-a_videos/nt6YlBv1Qv0.mp4,train,True,25.0,68,300,300,2.72
ntsopMo8ABU,battered child syndrome,10.0,medical,True,/home/dipshikha/Music/cao/CISLR_v1.5-a_videos/ntsopMo8ABU.mp4,test,True,25.0,240,300,300,9.6
nuTB6o4EeUU_1,symbol,10.0,language,True,/home/dipshikha/Music/cao/CISLR_v1.5-a_videos/nuTB6o4EeUU_1.mp4,train,True,30.0,135,300,300,4.5
nuVE-pwIDNM,time,4.0,time,True,/home/dipshikha/Music/cao/CISLR_v1.5-a_videos/nuVE-pwIDNM.mp4,test,True,25.0,75,300,300,3.0
nuYcIMq8e5U,apple,4.0,flora and fauna,True,/home/dipshikha/Music/cao/CISLR_v1.5-a_videos/nuYcIMq8e5U.mp4,test,True,25.0,85,300,300,3.4
nur8ELm8QV4,rocking chair,5.0,utility item,True,/home/dipshikha/Music/cao/CISLR_v1.5-a_videos/nur8ELm8QV4.mp4,train,True,25.0,120,300,300,4.8
nv_OhAg7zNE_1,office bearer,9.0,profession,True,/home/dipshikha/Music/cao/CISLR_v1.5-a_videos/nv_OhAg7zNE_1.mp4,train,True,30.0,120,300,300,4.0
nvofZFSfV1w_1,table,7.0,utility item,True,/home/dipshikha/Music/cao/CISLR_v1.5-a_videos/nvofZFSfV1w_1.mp4,test,True,30.0,90,300,300,3.0
nweVa6JYyYw,very,4.0,quantity,True,/home/dipshikha/Music/cao/CISLR_v1.5-a_videos/nweVa6JYyYw.mp4,train,True,25.0,85,300,300,3.4
ny7-NbuyCuY,toggle button,11.0,computer,True,/home/dipshikha/Music/cao/CISLR_v1.5-a_videos/ny7-NbuyCuY.mp4,train,True,25.0,264,300,300,10.56
nyjlcCkgQVI_1,leprosy,6.0,biology,True,/home/dipshikha/Music/cao/CISLR_v1.5-a_videos/nyjlcCkgQVI_1.mp4,train,True,30.0,90,300,300,3.0
o-H6UeceSts,circuit breaker,9.0,physics,True,/home/dipshikha/Music/cao/CISLR_v1.5-a_videos/o-H6UeceSts.mp4,train,True,25.0,217,300,300,8.68
o-Y-aBPo_xw,armenia,4.0,geography,True,/home/dipshikha/Music/cao/CISLR_v1.5-a_videos/o-Y-aBPo_xw.mp4,train,True,25.0,87,300,300,3.48
o1HHyNHRKaw_1,repay,7.0,banking,True,/home/dipshikha/Music/cao/CISLR_v1.5-a_videos/o1HHyNHRKaw_1.mp4,train,True,30.0,90,300,300,3.0
o1T_M9vuDr8_1,gloves,6.0,wearable,True,/home/dipshikha/Music/cao/CISLR_v1.5-a_videos/o1T_M9vuDr8_1.mp4,test,True,25.0,75,300,300,3.0
o1TtSAj8-oc_1,balloon,6.0,utility item,True,/home/dipshikha/Music/cao/CISLR_v1.5-a_videos/o1TtSAj8-oc_1.mp4,test,True,25.0,75,300,300,3.0
o2drDly41iw_2,centripetal,14.0,physics,True,/home/dipshikha/Music/cao/CISLR_v1.5-a_videos/o2drDly41iw_2.mp4,train,True,30.0,186,300,300,6.2
o34Uvfsrpy0,servant,14.0,profession,True,/home/dipshikha/Music/cao/CISLR_v1.5-a_videos/o34Uvfsrpy0.mp4,test,True,25.0,330,300,300,13.2
o3ThFwDDdso,neck,4.0,biology,True,/home/dipshikha/Music/cao/CISLR_v1.5-a_videos/o3ThFwDDdso.mp4,test,True,25.0,88,300,300,3.52
o3UvzZTcMqY,medium shrubs,8.0,flora and fauna,True,/home/dipshikha/Music/cao/CISLR_v1.5-a_videos/o3UvzZTcMqY.mp4,train,True,25.0,197,300,300,7.88
o3Yqyk3bfXE,snow,5.0,weather,True,/home/dipshikha/Music/cao/CISLR_v1.5-a_videos/o3Yqyk3bfXE.mp4,test,True,25.0,119,300,300,4.76
o4AfySvjYxo_1,kurta,6.0,wearable,True,/home/dipshikha/Music/cao/CISLR_v1.5-a_videos/o4AfySvjYxo_1.mp4,test,True,25.0,63,300,300,2.52
o4GtA7kt0xc_1,floppy,7.0,computer,True,/home/dipshikha/Music/cao/CISLR_v1.5-a_videos/o4GtA7kt0xc_1.mp4,train,True,25.0,88,300,300,3.52
o4zm0Ga1olU_1,self explanatory,9.0,attribute,True,/home/dipshikha/Music/cao/CISLR_v1.5-a_videos/o4zm0Ga1olU_1.mp4,train,True,30.0,120,300,300,4.0
o610N3lN8Zo,konark sun temple,7.0,geography,True,/home/dipshikha/Music/cao/CISLR_v1.5-a_videos/o610N3lN8Zo.mp4,train,True,25.0,167,300,300,6.68
o68UYF2jW_o,handpump water,5.0,substance,True,/home/dipshikha/Music/cao/CISLR_v1.5-a_videos/o68UYF2jW_o.mp4,train,True,25.0,117,300,300,4.68
o6HO3Gv3-HI_1,year,5.0,time,True,/home/dipshikha/Music/cao/CISLR_v1.5-a_videos/o6HO3Gv3-HI_1.mp4,test,True,30.0,60,300,300,2.0
o7TVosWSogI,abstract,13.0,abstract,True,/home/dipshikha/Music/cao/CISLR_v1.5-a_videos/o7TVosWSogI.mp4,train,True,25.0,312,300,300,12.48
o7f9Ny0BfQU,artesian well,9.0,geography,True,/home/dipshikha/Music/cao/CISLR_v1.5-a_videos/o7f9Ny0BfQU.mp4,train,True,24.0,212,300,300,8.833333333333334
o81WOSZDrs4_1,tortoise,6.0,flora and fauna,True,/home/dipshikha/Music/cao/CISLR_v1.5-a_videos/o81WOSZDrs4_1.mp4,test,True,30.0,90,300,300,3.0
o90151UDeTo_1,prescribe,8.0,action,True,/home/dipshikha/Music/cao/CISLR_v1.5-a_videos/o90151UDeTo_1.mp4,train,True,30.0,105,300,300,3.5
o95thycjZd0,transfer fee,8.0,commerce,True,/home/dipshikha/Music/cao/CISLR_v1.5-a_videos/o95thycjZd0.mp4,train,True,24.0,180,300,300,7.5
o9vIJZ9h9dQ,bullet train,6.0,transport,True,/home/dipshikha/Music/cao/CISLR_v1.5-a_videos/o9vIJZ9h9dQ.mp4,train,True,25.0,132,300,300,5.28
oA3QZPn2m1k,duck,5.0,flora and fauna,True,/home/dipshikha/Music/cao/CISLR_v1.5-a_videos/oA3QZPn2m1k.mp4,test,True,25.0,103,300,300,4.12
oAbVUktjGi0_1,thick,7.0,quality,True,/home/dipshikha/Music/cao/CISLR_v1.5-a_videos/oAbVUktjGi0_1.mp4,train,True,25.0,75,300,300,3.0
oAhY6BKcbG0,study,4.0,action,True,/home/dipshikha/Music/cao/CISLR_v1.5-a_videos/oAhY6BKcbG0.mp4,train,True,25.0,93,300,300,3.72
oBQfG6EUQEM_1,watch,8.0,action,True,/home/dipshikha/Music/cao/CISLR_v1.5-a_videos/oBQfG6EUQEM_1.mp4,test,True,30.0,105,300,300,3.5
oBlFP8OmGmI_1,harvest,6.0,flora and fauna,True,/home/dipshikha/Music/cao/CISLR_v1.5-a_videos/oBlFP8OmGmI_1.mp4,train,True,25.0,63,300,300,2.52
oClte_ZOU3o,html tag,13.0,internet,True,/home/dipshikha/Music/cao/CISLR_v1.5-a_videos/oClte_ZOU3o.mp4,train,True,25.0,321,300,300,12.84
oCv7HT967Zc,air matress,12.0,utility item,True,/home/dipshikha/Music/cao/CISLR_v1.5-a_videos/oCv7HT967Zc.mp4,test,True,24.0,283,300,300,11.791666666666666
oDkQtwBcNJE,tom and jerry,7.0,entertainment,True,/home/dipshikha/Music/cao/CISLR_v1.5-a_videos/oDkQtwBcNJE.mp4,train,True,24.0,148,300,300,6.166666666666667
oEb4cNh9cng,israel,5.0,geography,True,/home/dipshikha/Music/cao/CISLR_v1.5-a_videos/oEb4cNh9cng.mp4,train,True,25.0,116,300,300,4.64
oH1yvkXOQ6w,gram,7.0,metric,True,/home/dipshikha/Music/cao/CISLR_v1.5-a_videos/oH1yvkXOQ6w.mp4,test,True,25.0,154,300,300,6.16
oH5IJ53C4Nk,dengue,5.0,medical,True,/home/dipshikha/Music/cao/CISLR_v1.5-a_videos/oH5IJ53C4Nk.mp4,train,True,25.0,101,300,300,4.04
oJUjrqXkdjs,add,5.0,math,True,/home/dipshikha/Music/cao/CISLR_v1.5-a_videos/oJUjrqXkdjs.mp4,test,True,25.0,122,300,300,4.88
oK0JcoPqnuY,namaste,4.0,greeting,True,/home/dipshikha/Music/cao/CISLR_v1.5-a_videos/oK0JcoPqnuY.mp4,train,True,25.0,77,300,300,3.08
oKJinRbyd5c,safety helmet,8.0,wearable,True,/home/dipshikha/Music/cao/CISLR_v1.5-a_videos/oKJinRbyd5c.mp4,train,True,25.0,197,300,300,7.88
oKZLgXGojzE_1,stock opening,9.0,banking,True,/home/dipshikha/Music/cao/CISLR_v1.5-a_videos/oKZLgXGojzE_1.mp4,train,True,30.0,120,300,300,4.0
oL5-8eYbp3I,rally,6.0,event,True,/home/dipshikha/Music/cao/CISLR_v1.5-a_videos/oL5-8eYbp3I.mp4,train,True,25.0,127,300,300,5.08
oLG6MTeNo2k_1,become,6.0,action,True,/home/dipshikha/Music/cao/CISLR_v1.5-a_videos/oLG6MTeNo2k_1.mp4,train,True,25.0,75,300,300,3.0
oLKRnSnr58c,rarely,7.0,attribute,True,/home/dipshikha/Music/cao/CISLR_v1.5-a_videos/oLKRnSnr58c.mp4,train,True,25.0,170,300,300,6.8
oLYzn3tvSWQ_1,promisory note,8.0,banking,True,/home/dipshikha/Music/cao/CISLR_v1.5-a_videos/oLYzn3tvSWQ_1.mp4,train,True,30.0,120,300,300,4.0
oMptigXjs8w,year,4.0,time,True,/home/dipshikha/Music/cao/CISLR_v1.5-a_videos/oMptigXjs8w.mp4,test,True,25.0,92,300,300,3.68
oMrL9S8VGJ0_1,frog,7.0,flora and fauna,True,/home/dipshikha/Music/cao/CISLR_v1.5-a_videos/oMrL9S8VGJ0_1.mp4,test,True,30.0,90,300,300,3.0
oNLS4rBETd8,bharatiya janata party,4.0,politics,True,/home/dipshikha/Music/cao/CISLR_v1.5-a_videos/oNLS4rBETd8.mp4,test,True,24.0,87,300,300,3.625
oNRtJ5PQ4NU,emergency medical technician,7.0,profession,True,/home/dipshikha/Music/cao/CISLR_v1.5-a_videos/oNRtJ5PQ4NU.mp4,train,True,25.0,153,300,300,6.12
oNnwv2EUUOQ,pakistan,5.0,geography,True,/home/dipshikha/Music/cao/CISLR_v1.5-a_videos/oNnwv2EUUOQ.mp4,test,True,25.0,122,300,300,4.88
oPV8jV_SqGM_1,scissors,5.0,utility item,True,/home/dipshikha/Music/cao/CISLR_v1.5-a_videos/oPV8jV_SqGM_1.mp4,test,True,25.0,63,300,300,2.52
oPedYyqevCM,natural,6.0,biology,True,/home/dipshikha/Music/cao/CISLR_v1.5-a_videos/oPedYyqevCM.mp4,test,True,25.0,134,300,300,5.36
oPypd7lSD84_1,per pro,8.0,legal,True,/home/dipshikha/Music/cao/CISLR_v1.5-a_videos/oPypd7lSD84_1.mp4,train,True,30.0,105,300,300,3.5
oQ5MXCEEm7M_1,glass,7.0,substance,True,/home/dipshikha/Music/cao/CISLR_v1.5-a_videos/oQ5MXCEEm7M_1.mp4,test,True,30.0,105,300,300,3.5
oQNOHd5JtqA,funeral cremation,11.0,event,True,/home/dipshikha/Music/cao/CISLR_v1.5-a_videos/oQNOHd5JtqA.mp4,train,True,25.0,252,300,300,10.08
oQZt_Mg6WFQ,sp,4.0,politics,True,/home/dipshikha/Music/cao/CISLR_v1.5-a_videos/oQZt_Mg6WFQ.mp4,train,True,24.0,82,300,300,3.4166666666666665
oQhxACPhL1k,buffet,7.0,foods and drinks,True,/home/dipshikha/Music/cao/CISLR_v1.5-a_videos/oQhxACPhL1k.mp4,train,True,25.0,160,300,300,6.4
oRJn3LprR4U,bowler,4.0,sport,True,/home/dipshikha/Music/cao/CISLR_v1.5-a_videos/oRJn3LprR4U.mp4,train,True,25.0,91,300,300,3.64
oROlXdZN6pA_1,feather,6.0,flora and fauna,True,/home/dipshikha/Music/cao/CISLR_v1.5-a_videos/oROlXdZN6pA_1.mp4,test,True,30.0,90,300,300,3.0
oRWZCnGJmjY_1,beans,6.0,foods and drinks,True,/home/dipshikha/Music/cao/CISLR_v1.5-a_videos/oRWZCnGJmjY_1.mp4,train,True,25.0,75,300,300,3.0
oRbyb-naKkE_1,far,6.0,spatial position,True,/home/dipshikha/Music/cao/CISLR_v1.5-a_videos/oRbyb-naKkE_1.mp4,test,True,25.0,75,300,300,3.0
oRcnRJ4g8GY,icici bank,6.0,organisation,True,/home/dipshikha/Music/cao/CISLR_v1.5-a_videos/oRcnRJ4g8GY.mp4,train,True,24.0,120,300,300,5.0
oSG1xo9mKto,ad infinitum,7.0,quantity,True,/home/dipshikha/Music/cao/CISLR_v1.5-a_videos/oSG1xo9mKto.mp4,train,True,25.0,153,300,300,6.12
oSXFhrjLVAI,quickly,4.0,time,True,/home/dipshikha/Music/cao/CISLR_v1.5-a_videos/oSXFhrjLVAI.mp4,test,True,25.0,77,300,300,3.08
oSjumbZ6yhI,alkali soil,12.0,metal and minerals,True,/home/dipshikha/Music/cao/CISLR_v1.5-a_videos/oSjumbZ6yhI.mp4,train,True,25.0,290,300,300,11.6
oUGGkzVjF3A_1,bath,6.0,action,True,/home/dipshikha/Music/cao/CISLR_v1.5-a_videos/oUGGkzVjF3A_1.mp4,test,True,25.0,63,300,300,2.52
oUcoHPxXsbA,ice hockey,3.0,sport,True,/home/dipshikha/Music/cao/CISLR_v1.5-a_videos/oUcoHPxXsbA.mp4,train,True,25.0,70,300,300,2.8
oUq6eVq85sU_1,kilogram,6.0,metric,True,/home/dipshikha/Music/cao/CISLR_v1.5-a_videos/oUq6eVq85sU_1.mp4,test,True,25.0,75,300,300,3.0
oWCU9EhTFuY_2,irregular vibration,10.0,physics,True,/home/dipshikha/Music/cao/CISLR_v1.5-a_videos/oWCU9EhTFuY_2.mp4,train,True,30.0,123,300,300,4.1
oX-Mo3au4eY,international,5.0,geography,True,/home/dipshikha/Music/cao/CISLR_v1.5-a_videos/oX-Mo3au4eY.mp4,test,True,25.0,105,300,300,4.2
oXDA73D5WAM,try,4.0,action,True,/home/dipshikha/Music/cao/CISLR_v1.5-a_videos/oXDA73D5WAM.mp4,test,True,25.0,85,300,300,3.4
oY37vXA7tXk,problem,4.0,abstract,True,/home/dipshikha/Music/cao/CISLR_v1.5-a_videos/oY37vXA7tXk.mp4,train,True,25.0,83,300,300,3.32
oYPDwA6rGqc_1,conversion,9.0,action,True,/home/dipshikha/Music/cao/CISLR_v1.5-a_videos/oYPDwA6rGqc_1.mp4,train,True,29.916666666666668,120,300,300,4.011142061281337
oYwBPKBX2kE,mouth,6.0,biology,True,/home/dipshikha/Music/cao/CISLR_v1.5-a_videos/oYwBPKBX2kE.mp4,test,True,25.0,130,300,300,5.2
oZ2YUZsC7hA_2,high resistance,13.0,electronic and electrical,True,/home/dipshikha/Music/cao/CISLR_v1.5-a_videos/oZ2YUZsC7hA_2.mp4,train,True,30.0,174,300,300,5.8
oZ6x75IBNj8,programme,5.0,event,True,/home/dipshikha/Music/cao/CISLR_v1.5-a_videos/oZ6x75IBNj8.mp4,test,True,25.0,113,300,300,4.52
oZGsu4mt2e4_2,automobiles,8.0,transport,True,/home/dipshikha/Music/cao/CISLR_v1.5-a_videos/oZGsu4mt2e4_2.mp4,train,True,30.0,95,300,300,3.1666666666666665
oZjgBn_Aml4_1,par - below,10.0,comparator,True,/home/dipshikha/Music/cao/CISLR_v1.5-a_videos/oZjgBn_Aml4_1.mp4,train,True,30.0,135,300,300,4.5
o_Dvm4U4sLo,make,5.0,action,True,/home/dipshikha/Music/cao/CISLR_v1.5-a_videos/o_Dvm4U4sLo.mp4,train,True,25.0,107,300,300,4.28
o_ThmWoMwYM_2,improvement,9.0,time,True,/home/dipshikha/Music/cao/CISLR_v1.5-a_videos/o_ThmWoMwYM_2.mp4,train,True,30.0,118,300,300,3.933333333333333
oa5xViQgdGc_1,sick,6.0,medical,True,/home/dipshikha/Music/cao/CISLR_v1.5-a_videos/oa5xViQgdGc_1.mp4,test,True,30.0,75,300,300,2.5
oaBVfRn6GPA_1,chapter,6.0,education,True,/home/dipshikha/Music/cao/CISLR_v1.5-a_videos/oaBVfRn6GPA_1.mp4,train,True,25.0,63,300,300,2.52
ocJHUZkUA1E_2,degree,8.0,education,True,/home/dipshikha/Music/cao/CISLR_v1.5-a_videos/ocJHUZkUA1E_2.mp4,test,True,30.0,75,300,300,2.5
odwu59KYHWk_1,thermometer,7.0,miscellaneous object,True,/home/dipshikha/Music/cao/CISLR_v1.5-a_videos/odwu59KYHWk_1.mp4,test,True,25.0,75,300,300,3.0
oeH2BtfiHVI,fruits,5.0,foods and drinks,True,/home/dipshikha/Music/cao/CISLR_v1.5-a_videos/oeH2BtfiHVI.mp4,test,True,25.0,111,300,300,4.44
ofZ6Jo2XUn8,kathakali,6.0,event,True,/home/dipshikha/Music/cao/CISLR_v1.5-a_videos/ofZ6Jo2XUn8.mp4,train,True,25.0,139,300,300,5.56
ogn8OCqqQ7k,confess,6.0,process,True,/home/dipshikha/Music/cao/CISLR_v1.5-a_videos/ogn8OCqqQ7k.mp4,train,True,25.0,144,300,300,5.76
ogoYx2zZE7E,needle,7.0,utility item,True,/home/dipshikha/Music/cao/CISLR_v1.5-a_videos/ogoYx2zZE7E.mp4,test,True,25.0,162,300,300,6.48
oh90rIHoAuQ_1,morning,7.0,time,True,/home/dipshikha/Music/cao/CISLR_v1.5-a_videos/oh90rIHoAuQ_1.mp4,test,True,30.0,90,300,300,3.0
ohjswsB3XdQ,batman,5.0,entertainment,True,/home/dipshikha/Music/cao/CISLR_v1.5-a_videos/ohjswsB3XdQ.mp4,train,True,25.0,101,300,300,4.04
oizhgT9YG74,motherboard,14.0,electronic and electrical,True,/home/dipshikha/Music/cao/CISLR_v1.5-a_videos/oizhgT9YG74.mp4,train,True,25.0,348,300,300,13.92
oj-FbF4iU5M_2,negative,6.0,math,True,/home/dipshikha/Music/cao/CISLR_v1.5-a_videos/oj-FbF4iU5M_2.mp4,test,True,30.0,63,300,300,2.1
ojCn0dDr1m0,rock climbing gujarat,9.0,sport,True,/home/dipshikha/Music/cao/CISLR_v1.5-a_videos/ojCn0dDr1m0.mp4,train,True,25.0,217,300,300,8.68
ojf8g4q0xvU_1,actual,9.0,abstract,True,/home/dipshikha/Music/cao/CISLR_v1.5-a_videos/ojf8g4q0xvU_1.mp4,train,True,30.0,135,300,300,4.5
ok8DLBVJmKU_1,chief minister,7.0,authority,True,/home/dipshikha/Music/cao/CISLR_v1.5-a_videos/ok8DLBVJmKU_1.mp4,test,True,25.0,88,300,300,3.52
oksjclh3Z3M,out of work,4.0,event,True,/home/dipshikha/Music/cao/CISLR_v1.5-a_videos/oksjclh3Z3M.mp4,train,True,25.0,98,300,300,3.92
omEpmBorZUg_1,non legal,8.0,legal,True,/home/dipshikha/Music/cao/CISLR_v1.5-a_videos/omEpmBorZUg_1.mp4,train,True,30.0,120,300,300,4.0
omcdxRmGHMM,lapel,11.0,wearable,True,/home/dipshikha/Music/cao/CISLR_v1.5-a_videos/omcdxRmGHMM.mp4,train,True,25.0,253,300,300,10.12
onUK6-vwi1s_1,doubt,6.0,attribute,True,/home/dipshikha/Music/cao/CISLR_v1.5-a_videos/onUK6-vwi1s_1.mp4,test,True,25.0,63,300,300,2.52
onsdyXAWNqY,violin,5.0,instrument,True,/home/dipshikha/Music/cao/CISLR_v1.5-a_videos/onsdyXAWNqY.mp4,train,True,25.0,111,300,300,4.44
oo5qLRI1lmM_1,mumbai,6.0,geography,True,/home/dipshikha/Music/cao/CISLR_v1.5-a_videos/oo5qLRI1lmM_1.mp4,test,True,25.0,63,300,300,2.52
ooGQLLL-8RQ,experiment,7.0,process,True,/home/dipshikha/Music/cao/CISLR_v1.5-a_videos/ooGQLLL-8RQ.mp4,test,True,25.0,151,300,300,6.04
opvfqSmc3TM_1,fund,7.0,banking,True,/home/dipshikha/Music/cao/CISLR_v1.5-a_videos/opvfqSmc3TM_1.mp4,train,True,30.0,90,300,300,3.0
oqQZVkOsNh8,metre,5.0,metric,True,/home/dipshikha/Music/cao/CISLR_v1.5-a_videos/oqQZVkOsNh8.mp4,test,True,25.0,124,300,300,4.96
oqq2I0ePK3Y,initiative,8.0,behavior,True,/home/dipshikha/Music/cao/CISLR_v1.5-a_videos/oqq2I0ePK3Y.mp4,test,True,25.0,184,300,300,7.36
osKMM2nRMaI,passion,6.0,emotion,True,/home/dipshikha/Music/cao/CISLR_v1.5-a_videos/osKMM2nRMaI.mp4,train,True,25.0,129,300,300,5.16
osLBI6ox7EE,nervous,4.0,emotion,True,/home/dipshikha/Music/cao/CISLR_v1.5-a_videos/osLBI6ox7EE.mp4,test,True,25.0,97,300,300,3.88
otXF356rVzQ,bell,5.0,miscellaneous object,True,/home/dipshikha/Music/cao/CISLR_v1.5-a_videos/otXF356rVzQ.mp4,test,True,25.0,101,300,300,4.04
ouQmvo795rE,four,5.0,math,True,/home/dipshikha/Music/cao/CISLR_v1.5-a_videos/ouQmvo795rE.mp4,train,True,25.0,110,300,300,4.4
oumchDY1yqs_1,post office,6.0,construction,True,/home/dipshikha/Music/cao/CISLR_v1.5-a_videos/oumchDY1yqs_1.mp4,test,True,25.0,75,300,300,3.0
ouqUEVpF0v4,guide,6.0,utility item,True,/home/dipshikha/Music/cao/CISLR_v1.5-a_videos/ouqUEVpF0v4.mp4,train,True,25.0,128,300,300,5.12
ov-SGBORI6Y,disrespect,5.0,behavior,True,/home/dipshikha/Music/cao/CISLR_v1.5-a_videos/ov-SGBORI6Y.mp4,train,True,25.0,109,300,300,4.36
p-TiL6oWEbA_1,often,6.0,time,True,/home/dipshikha/Music/cao/CISLR_v1.5-a_videos/p-TiL6oWEbA_1.mp4,test,True,30.0,90,300,300,3.0
p0IHOoCCGNU,carpenter,6.0,profession,True,/home/dipshikha/Music/cao/CISLR_v1.5-a_videos/p0IHOoCCGNU.mp4,test,True,25.0,132,300,300,5.28
p10Dt-78muM_1,energetic,6.0,attribute,True,/home/dipshikha/Music/cao/CISLR_v1.5-a_videos/p10Dt-78muM_1.mp4,test,True,25.0,63,300,300,2.52
p1cUjAAJGtc_1,treasury,8.0,miscellaneous object,True,/home/dipshikha/Music/cao/CISLR_v1.5-a_videos/p1cUjAAJGtc_1.mp4,train,True,30.0,105,300,300,3.5
p2fONcgegyM_1,account minor,13.0,banking,True,/home/dipshikha/Music/cao/CISLR_v1.5-a_videos/p2fONcgegyM_1.mp4,train,True,30.0,180,300,300,6.0
p2tLsgPiaWw,iran,4.0,geography,True,/home/dipshikha/Music/cao/CISLR_v1.5-a_videos/p2tLsgPiaWw.mp4,train,True,25.0,81,300,300,3.24
p2tdvIBIU0c_1,dhobi,6.0,profession,True,/home/dipshikha/Music/cao/CISLR_v1.5-a_videos/p2tdvIBIU0c_1.mp4,train,True,25.0,75,300,300,3.0
p5Fbfjwa6lo_2,watt,11.0,metric,True,/home/dipshikha/Music/cao/CISLR_v1.5-a_videos/p5Fbfjwa6lo_2.mp4,train,True,30.0,138,300,300,4.6
p5sMB8Y4p7A_2,individual,7.0,quantity,True,/home/dipshikha/Music/cao/CISLR_v1.5-a_videos/p5sMB8Y4p7A_2.mp4,test,True,30.0,81,300,300,2.7
p6Br14ZTsZI,cream,8.0,utility item,True,/home/dipshikha/Music/cao/CISLR_v1.5-a_videos/p6Br14ZTsZI.mp4,test,True,24.0,184,300,300,7.666666666666667
p7L6g9YzTVU,thermometer,4.0,miscellaneous object,True,/home/dipshikha/Music/cao/CISLR_v1.5-a_videos/p7L6g9YzTVU.mp4,test,True,25.0,91,300,300,3.64
p7oldq2vCto_1,enclosure,9.0,banking,True,/home/dipshikha/Music/cao/CISLR_v1.5-a_videos/p7oldq2vCto_1.mp4,train,True,29.916666666666668,135,300,300,4.512534818941504
p8-zJttOAKc_1,toilet,6.0,construction,True,/home/dipshikha/Music/cao/CISLR_v1.5-a_videos/p8-zJttOAKc_1.mp4,test,True,30.0,90,300,300,3.0
p8R2zU16-xI_1,thursday,6.0,time,True,/home/dipshikha/Music/cao/CISLR_v1.5-a_videos/p8R2zU16-xI_1.mp4,test,True,30.0,75,300,300,2.5
p8RRLvEnKIY_2,relief,6.0,action,True,/home/dipshikha/Music/cao/CISLR_v1.5-a_videos/p8RRLvEnKIY_2.mp4,train,True,30.0,81,300,300,2.7
p8ccKTtbyaQ,duck,6.0,flora and fauna,True,/home/dipshikha/Music/cao/CISLR_v1.5-a_videos/p8ccKTtbyaQ.mp4,test,True,25.0,133,300,300,5.32
p9SdpeHMkZ0,happy,3.0,emotion,True,/home/dipshikha/Music/cao/CISLR_v1.5-a_videos/p9SdpeHMkZ0.mp4,test,True,25.0,65,300,300,2.6
p9bBKmmXvkY,calculator,4.0,math,True,/home/dipshikha/Music/cao/CISLR_v1.5-a_videos/p9bBKmmXvkY.mp4,test,True,25.0,100,300,300,4.0
p9iMjaFLMsc_2,battery,8.0,physics,True,/home/dipshikha/Music/cao/CISLR_v1.5-a_videos/p9iMjaFLMsc_2.mp4,test,True,30.0,89,300,300,2.966666666666667
pAo8Zc96Tu8,shield,5.0,miscellaneous object,True,/home/dipshikha/Music/cao/CISLR_v1.5-a_videos/pAo8Zc96Tu8.mp4,train,True,25.0,117,300,300,4.68
pAtADV-ujaQ,forever,4.0,time,True,/home/dipshikha/Music/cao/CISLR_v1.5-a_videos/pAtADV-ujaQ.mp4,train,True,25.0,84,300,300,3.36
pBeRmN-a5lU,shawl,4.0,wearable,True,/home/dipshikha/Music/cao/CISLR_v1.5-a_videos/pBeRmN-a5lU.mp4,test,True,25.0,76,300,300,3.04
pC0Qg1SBVs4_1,unit,6.0,metric,True,/home/dipshikha/Music/cao/CISLR_v1.5-a_videos/pC0Qg1SBVs4_1.mp4,test,True,29.916666666666668,75,300,300,2.5069637883008355
pCBCoT-2Bb4,murder,3.0,action,True,/home/dipshikha/Music/cao/CISLR_v1.5-a_videos/pCBCoT-2Bb4.mp4,test,True,25.0,68,300,300,2.72
pCOcHCIK5rc_1,renewal,7.0,action,True,/home/dipshikha/Music/cao/CISLR_v1.5-a_videos/pCOcHCIK5rc_1.mp4,train,True,30.0,90,300,300,3.0
pD08WIZUULQ_1,chappels,6.0,wearable,True,/home/dipshikha/Music/cao/CISLR_v1.5-a_videos/pD08WIZUULQ_1.mp4,test,True,25.0,75,300,300,3.0
pDANep6oMko_1,sugar,5.0,foods and drinks,True,/home/dipshikha/Music/cao/CISLR_v1.5-a_videos/pDANep6oMko_1.mp4,test,True,25.0,63,300,300,2.52
pDoqBNI1OyY,hidden file,12.0,utility item,True,/home/dipshikha/Music/cao/CISLR_v1.5-a_videos/pDoqBNI1OyY.mp4,test,True,24.0,284,300,300,11.833333333333334
pEM47kqgTEc,asbestos,7.0,substance,True,/home/dipshikha/Music/cao/CISLR_v1.5-a_videos/pEM47kqgTEc.mp4,train,True,25.0,174,300,300,6.96
pEdQoefPlaI_1,exchange foreign,11.0,banking,True,/home/dipshikha/Music/cao/CISLR_v1.5-a_videos/pEdQoefPlaI_1.mp4,train,True,30.0,150,300,300,5.0
pFUbKCb5m0I,nice,4.0,quality,True,/home/dipshikha/Music/cao/CISLR_v1.5-a_videos/pFUbKCb5m0I.mp4,test,True,25.0,98,300,300,3.92
pFhX9i2XDVY_1,trust,7.0,emotion,True,/home/dipshikha/Music/cao/CISLR_v1.5-a_videos/pFhX9i2XDVY_1.mp4,test,True,30.0,90,300,300,3.0
pFvqiGdzRH4_1,encourage,6.0,action,True,/home/dipshikha/Music/cao/CISLR_v1.5-a_videos/pFvqiGdzRH4_1.mp4,train,True,25.0,63,300,300,2.52
pFwwq-q_VTk,make a long story short,4.0,process,True,/home/dipshikha/Music/cao/CISLR_v1.5-a_videos/pFwwq-q_VTk.mp4,test,True,25.0,77,300,300,3.08
pG0n_OYfyQ4_1,figure,8.0,instrument,True,/home/dipshikha/Music/cao/CISLR_v1.5-a_videos/pG0n_OYfyQ4_1.mp4,train,True,30.0,105,300,300,3.5
pHKwOx-oGic,nagpur,5.0,geography,True,/home/dipshikha/Music/cao/CISLR_v1.5-a_videos/pHKwOx-oGic.mp4,train,True,25.0,119,300,300,4.76
pHgHQOTWz-U,numerous,4.0,math,True,/home/dipshikha/Music/cao/CISLR_v1.5-a_videos/pHgHQOTWz-U.mp4,train,True,25.0,83,300,300,3.32
pIdeeOdo8pw_1,cook,7.0,foods and drinks,True,/home/dipshikha/Music/cao/CISLR_v1.5-a_videos/pIdeeOdo8pw_1.mp4,test,True,25.0,75,300,300,3.0
pJZsB91xhWE_1,receiver,6.0,human,True,/home/dipshikha/Music/cao/CISLR_v1.5-a_videos/pJZsB91xhWE_1.mp4,train,True,30.0,75,300,300,2.5
pJi25JN7TwU_1,clean bill,10.0,banking,True,/home/dipshikha/Music/cao/CISLR_v1.5-a_videos/pJi25JN7TwU_1.mp4,train,True,30.0,135,300,300,4.5
pJpVzk9brGM,rude,4.0,attribute,True,/home/dipshikha/Music/cao/CISLR_v1.5-a_videos/pJpVzk9brGM.mp4,test,True,25.0,76,300,300,3.04
pKXztoHJJLg_1,thorn,6.0,miscellaneous object,True,/home/dipshikha/Music/cao/CISLR_v1.5-a_videos/pKXztoHJJLg_1.mp4,test,True,30.0,90,300,300,3.0
pKb4DHICBuo,happen,4.0,time,True,/home/dipshikha/Music/cao/CISLR_v1.5-a_videos/pKb4DHICBuo.mp4,train,True,25.0,91,300,300,3.64
pMUP28lpEtI,grow,6.0,time,True,/home/dipshikha/Music/cao/CISLR_v1.5-a_videos/pMUP28lpEtI.mp4,test,True,25.0,133,300,300,5.32
pNIc3-tZCr8,this,5.0,relation,True,/home/dipshikha/Music/cao/CISLR_v1.5-a_videos/pNIc3-tZCr8.mp4,test,True,25.0,120,300,300,4.8
pNiWeRZM59o,document,5.0,readable,True,/home/dipshikha/Music/cao/CISLR_v1.5-a_videos/pNiWeRZM59o.mp4,train,True,25.0,104,300,300,4.16
pOrhwbKtrns,policy,5.0,legal,True,/home/dipshikha/Music/cao/CISLR_v1.5-a_videos/pOrhwbKtrns.mp4,test,True,25.0,104,300,300,4.16
pPNhLjhDOcs_1,night,6.0,time,True,/home/dipshikha/Music/cao/CISLR_v1.5-a_videos/pPNhLjhDOcs_1.mp4,test,True,30.0,90,300,300,3.0
pQ0xpEJDynQ_1,protest,6.0,event,True,/home/dipshikha/Music/cao/CISLR_v1.5-a_videos/pQ0xpEJDynQ_1.mp4,train,True,30.0,75,300,300,2.5
pQlSVEXVTg0_1,judicial,7.0,legal,True,/home/dipshikha/Music/cao/CISLR_v1.5-a_videos/pQlSVEXVTg0_1.mp4,train,True,30.0,90,300,300,3.0
pRJFwOmmjPE,mushroom,4.0,foods and drinks,True,/home/dipshikha/Music/cao/CISLR_v1.5-a_videos/pRJFwOmmjPE.mp4,test,True,25.0,78,300,300,3.12
pTbDCcIMvpM,record video,4.0,action,True,/home/dipshikha/Music/cao/CISLR_v1.5-a_videos/pTbDCcIMvpM.mp4,test,True,25.0,86,300,300,3.44
pU-6WzNOsuc,tolerate,5.0,behavior,True,/home/dipshikha/Music/cao/CISLR_v1.5-a_videos/pU-6WzNOsuc.mp4,test,True,25.0,114,300,300,4.56
pUUQ1UG90rU,tight tracking,13.0,action,True,/home/dipshikha/Music/cao/CISLR_v1.5-a_videos/pUUQ1UG90rU.mp4,train,True,24.0,297,300,300,12.375
pUe8744GO0Y_1,licence,10.0,legal,True,/home/dipshikha/Music/cao/CISLR_v1.5-a_videos/pUe8744GO0Y_1.mp4,test,True,30.0,135,300,300,4.5
pUfkesVaSYc,woven,6.0,attribute,True,/home/dipshikha/Music/cao/CISLR_v1.5-a_videos/pUfkesVaSYc.mp4,train,True,25.0,139,300,300,5.56
pVFFflkBVio,guitar,5.0,sound,True,/home/dipshikha/Music/cao/CISLR_v1.5-a_videos/pVFFflkBVio.mp4,train,True,25.0,116,300,300,4.64
pWdhIAVSNh4_1,pig,7.0,flora and fauna,True,/home/dipshikha/Music/cao/CISLR_v1.5-a_videos/pWdhIAVSNh4_1.mp4,test,True,30.0,105,300,300,3.5
pWeJhQGITxI_1,children,8.0,stage,True,/home/dipshikha/Music/cao/CISLR_v1.5-a_videos/pWeJhQGITxI_1.mp4,train,True,30.0,120,300,300,4.0
pXODwFAlZUg_1,to,6.0,process,True,/home/dipshikha/Music/cao/CISLR_v1.5-a_videos/pXODwFAlZUg_1.mp4,train,True,25.0,75,300,300,3.0
pYCXAIysO5Y,record,5.0,action,True,/home/dipshikha/Music/cao/CISLR_v1.5-a_videos/pYCXAIysO5Y.mp4,test,True,25.0,103,300,300,4.12
pYNE4dYeRKk_1,yellow,9.0,attribute,True,/home/dipshikha/Music/cao/CISLR_v1.5-a_videos/pYNE4dYeRKk_1.mp4,test,True,30.0,135,300,300,4.5
pZ3sCNXcd_8,web camera,8.0,internet,True,/home/dipshikha/Music/cao/CISLR_v1.5-a_videos/pZ3sCNXcd_8.mp4,train,True,25.0,177,300,300,7.08
p___W5DGZYM,pronoun,5.0,language,True,/home/dipshikha/Music/cao/CISLR_v1.5-a_videos/p___W5DGZYM.mp4,train,True,25.0,125,300,300,5.0
p_jV4LqTBws,taste,5.0,sensation,True,/home/dipshikha/Music/cao/CISLR_v1.5-a_videos/p_jV4LqTBws.mp4,test,True,25.0,103,300,300,4.12
p_jiAp79UAM_1,silk,8.0,wearable,True,/home/dipshikha/Music/cao/CISLR_v1.5-a_videos/p_jiAp79UAM_1.mp4,test,True,30.0,105,300,300,3.5
pcIRZ8YeSwY,google pay,4.0,internet,True,/home/dipshikha/Music/cao/CISLR_v1.5-a_videos/pcIRZ8YeSwY.mp4,train,True,24.0,79,300,300,3.2916666666666665
pcL8I0LkHiI_1,oriya,7.0,language,True,/home/dipshikha/Music/cao/CISLR_v1.5-a_videos/pcL8I0LkHiI_1.mp4,test,True,25.0,75,300,300,3.0
pcMAg0w93W0,mobile,4.0,electronic and electrical,True,/home/dipshikha/Music/cao/CISLR_v1.5-a_videos/pcMAg0w93W0.mp4,test,True,25.0,87,300,300,3.48
pcszWYZUdr4,audience,6.0,group,True,/home/dipshikha/Music/cao/CISLR_v1.5-a_videos/pcszWYZUdr4.mp4,train,True,25.0,131,300,300,5.24
pcz5j3TcyEs_1,brother,13.0,relation,True,/home/dipshikha/Music/cao/CISLR_v1.5-a_videos/pcz5j3TcyEs_1.mp4,test,True,30.0,180,300,300,6.0
pdCmQ4U7C7c,wedding reception,5.0,event,True,/home/dipshikha/Music/cao/CISLR_v1.5-a_videos/pdCmQ4U7C7c.mp4,test,True,25.0,121,300,300,4.84
ped2hI_0Lu4_1,cooperate,7.0,action,True,/home/dipshikha/Music/cao/CISLR_v1.5-a_videos/ped2hI_0Lu4_1.mp4,train,True,25.0,75,300,300,3.0
pgB67M7B9RY,gprs,9.0,internet,True,/home/dipshikha/Music/cao/CISLR_v1.5-a_videos/pgB67M7B9RY.mp4,train,True,25.0,205,300,300,8.2
pgg0OdGUi9Q_2,kaleidoscope,11.0,instrument,True,/home/dipshikha/Music/cao/CISLR_v1.5-a_videos/pgg0OdGUi9Q_2.mp4,train,True,30.0,137,300,300,4.566666666666666
ph86UNnfHM4_1,general ladger,8.0,banking,True,/home/dipshikha/Music/cao/CISLR_v1.5-a_videos/ph86UNnfHM4_1.mp4,train,True,30.0,120,300,300,4.0
phWVA0eK_x8_1,now,7.0,time,True,/home/dipshikha/Music/cao/CISLR_v1.5-a_videos/phWVA0eK_x8_1.mp4,test,True,30.0,90,300,300,3.0
pi2WpXIFSN8_1,spot price,8.0,commerce,True,/home/dipshikha/Music/cao/CISLR_v1.5-a_videos/pi2WpXIFSN8_1.mp4,train,True,30.0,120,300,300,4.0
pi57mKwYBNQ,make,4.0,action,True,/home/dipshikha/Music/cao/CISLR_v1.5-a_videos/pi57mKwYBNQ.mp4,test,True,25.0,97,300,300,3.88
pjwWOqfb8JQ_1,practise,7.0,action,True,/home/dipshikha/Music/cao/CISLR_v1.5-a_videos/pjwWOqfb8JQ_1.mp4,test,True,25.0,88,300,300,3.52
pkfSN1ufC0c_1,appointment,10.0,action,True,/home/dipshikha/Music/cao/CISLR_v1.5-a_videos/pkfSN1ufC0c_1.mp4,test,True,30.0,150,300,300,5.0
pl4fBwS1VKA,raipur,4.0,geography,True,/home/dipshikha/Music/cao/CISLR_v1.5-a_videos/pl4fBwS1VKA.mp4,train,True,25.0,92,300,300,3.68
pmZTgjnADhQ,peon,6.0,profession,True,/home/dipshikha/Music/cao/CISLR_v1.5-a_videos/pmZTgjnADhQ.mp4,test,True,25.0,150,300,300,6.0
poWZ8sd_wfk_1,grass,6.0,flora and fauna,True,/home/dipshikha/Music/cao/CISLR_v1.5-a_videos/poWZ8sd_wfk_1.mp4,test,True,30.0,75,300,300,2.5
pobP84igDt4,fresh,4.0,quality,True,/home/dipshikha/Music/cao/CISLR_v1.5-a_videos/pobP84igDt4.mp4,test,True,25.0,77,300,300,3.08
podfgBVY9ak,wife,5.0,relation,True,/home/dipshikha/Music/cao/CISLR_v1.5-a_videos/podfgBVY9ak.mp4,test,True,25.0,114,300,300,4.56
pp-VaOe9Aek_1,day book,10.0,banking,True,/home/dipshikha/Music/cao/CISLR_v1.5-a_videos/pp-VaOe9Aek_1.mp4,train,True,30.0,150,300,300,5.0
pqdymDbWmpM_1,stingy,7.0,attribute,True,/home/dipshikha/Music/cao/CISLR_v1.5-a_videos/pqdymDbWmpM_1.mp4,train,True,25.0,75,300,300,3.0
pr_5nYeLFKc_2,bio energy,8.0,biology,True,/home/dipshikha/Music/cao/CISLR_v1.5-a_videos/pr_5nYeLFKc_2.mp4,train,True,30.0,93,300,300,3.1
prb13TWFfLY,rationale,4.0,abstract,True,/home/dipshikha/Music/cao/CISLR_v1.5-a_videos/prb13TWFfLY.mp4,train,True,25.0,87,300,300,3.48
prejlBZJFWo,typist,5.0,profession,True,/home/dipshikha/Music/cao/CISLR_v1.5-a_videos/prejlBZJFWo.mp4,test,True,25.0,108,300,300,4.32
przV2cLTG_4,conference,5.0,group,True,/home/dipshikha/Music/cao/CISLR_v1.5-a_videos/przV2cLTG_4.mp4,test,True,25.0,104,300,300,4.16
ptxxnMh-dvg,ms powerpoint,5.0,computer,True,/home/dipshikha/Music/cao/CISLR_v1.5-a_videos/ptxxnMh-dvg.mp4,train,True,25.0,108,300,300,4.32
pu9ff2Xvfy4,dhobi,7.0,profession,True,/home/dipshikha/Music/cao/CISLR_v1.5-a_videos/pu9ff2Xvfy4.mp4,test,True,25.0,164,300,300,6.56
puQHunAHML8,advantage,3.0,metric,True,/home/dipshikha/Music/cao/CISLR_v1.5-a_videos/puQHunAHML8.mp4,train,True,25.0,69,300,300,2.76
pvCPTa5YUSQ,united states of america,4.0,geography,True,/home/dipshikha/Music/cao/CISLR_v1.5-a_videos/pvCPTa5YUSQ.mp4,train,True,25.0,99,300,300,3.96
pwGHjBM_o0A,zero,4.0,quantity,True,/home/dipshikha/Music/cao/CISLR_v1.5-a_videos/pwGHjBM_o0A.mp4,train,True,25.0,82,300,300,3.28
pwh-LfRLloM_1,feel,6.0,sensation,True,/home/dipshikha/Music/cao/CISLR_v1.5-a_videos/pwh-LfRLloM_1.mp4,test,True,25.0,63,300,300,2.52
pwmFabvAS3k,before,4.0,spatial position,True,/home/dipshikha/Music/cao/CISLR_v1.5-a_videos/pwmFabvAS3k.mp4,test,True,25.0,93,300,300,3.72
pxDoKJd--Wk_1,drawer,9.0,construction,True,/home/dipshikha/Music/cao/CISLR_v1.5-a_videos/pxDoKJd--Wk_1.mp4,test,True,30.0,120,300,300,4.0
pxP6gH5pazw,beautiful,5.0,attribute,True,/home/dipshikha/Music/cao/CISLR_v1.5-a_videos/pxP6gH5pazw.mp4,test,True,25.0,101,300,300,4.04
pxQQZrTl_S0_1,turnout,8.0,banking,True,/home/dipshikha/Music/cao/CISLR_v1.5-a_videos/pxQQZrTl_S0_1.mp4,train,True,30.0,105,300,300,3.5
pxjiTt5uiQo,twin,4.0,biology,True,/home/dipshikha/Music/cao/CISLR_v1.5-a_videos/pxjiTt5uiQo.mp4,test,True,25.0,93,300,300,3.72
pxlwsuM4GeY_1,them,5.0,relation,True,/home/dipshikha/Music/cao/CISLR_v1.5-a_videos/pxlwsuM4GeY_1.mp4,train,True,25.0,63,300,300,2.52
pyrA60I4x5k,washroom,5.0,construction,True,/home/dipshikha/Music/cao/CISLR_v1.5-a_videos/pyrA60I4x5k.mp4,train,True,25.0,108,300,300,4.32
pyuu4e4fioE_1,on probation,9.0,legal,True,/home/dipshikha/Music/cao/CISLR_v1.5-a_videos/pyuu4e4fioE_1.mp4,train,True,30.0,135,300,300,4.5
pz-WdE_67TE,assailant,12.0,abstract,True,/home/dipshikha/Music/cao/CISLR_v1.5-a_videos/pz-WdE_67TE.mp4,train,True,25.0,285,300,300,11.4
q0FzWxQ3D8k_1,rock,7.0,miscellaneous object,True,/home/dipshikha/Music/cao/CISLR_v1.5-a_videos/q0FzWxQ3D8k_1.mp4,test,True,25.0,88,300,300,3.52
q0NQtFrQljs,take hours at something,5.0,action,True,/home/dipshikha/Music/cao/CISLR_v1.5-a_videos/q0NQtFrQljs.mp4,train,True,25.0,101,300,300,4.04
q0tH9vIYWNU,poison,6.0,medical,True,/home/dipshikha/Music/cao/CISLR_v1.5-a_videos/q0tH9vIYWNU.mp4,test,True,25.0,149,300,300,5.96
q2wNudHNr3Q,open belt drive,10.0,machine,True,/home/dipshikha/Music/cao/CISLR_v1.5-a_videos/q2wNudHNr3Q.mp4,train,True,25.0,240,300,300,9.6
q3r_Y_arWCY_1,sentence,6.0,language,True,/home/dipshikha/Music/cao/CISLR_v1.5-a_videos/q3r_Y_arWCY_1.mp4,test,True,25.0,75,300,300,3.0
q4UZa51yFUA_1,sister,11.0,relation,True,/home/dipshikha/Music/cao/CISLR_v1.5-a_videos/q4UZa51yFUA_1.mp4,test,True,30.0,165,300,300,5.5
q4cpBqay1qI_1,advantage,9.0,metric,True,/home/dipshikha/Music/cao/CISLR_v1.5-a_videos/q4cpBqay1qI_1.mp4,test,True,30.0,120,300,300,4.0
q5h35OmM1Zc_1,share preference,9.0,banking,True,/home/dipshikha/Music/cao/CISLR_v1.5-a_videos/q5h35OmM1Zc_1.mp4,train,True,30.0,120,300,300,4.0
q6RWNvLf2kA,thunder,7.0,weather,True,/home/dipshikha/Music/cao/CISLR_v1.5-a_videos/q6RWNvLf2kA.mp4,train,True,25.0,164,300,300,6.56
q79Rs300DoY_1,doll,6.0,miscellaneous object,True,/home/dipshikha/Music/cao/CISLR_v1.5-a_videos/q79Rs300DoY_1.mp4,train,True,25.0,63,300,300,2.52
q8GJtbifW80_2,escape,9.0,action,True,/home/dipshikha/Music/cao/CISLR_v1.5-a_videos/q8GJtbifW80_2.mp4,test,True,30.0,105,300,300,3.5
q8YYLFkGEwI_1,trade discount,9.0,commerce,True,/home/dipshikha/Music/cao/CISLR_v1.5-a_videos/q8YYLFkGEwI_1.mp4,train,True,30.0,135,300,300,4.5
q8nqvTW4ZBE,deep rooted,13.0,emotion,True,/home/dipshikha/Music/cao/CISLR_v1.5-a_videos/q8nqvTW4ZBE.mp4,train,True,24.0,308,300,300,12.833333333333334
q97fAwh2-aM,rate,5.0,banking,True,/home/dipshikha/Music/cao/CISLR_v1.5-a_videos/q97fAwh2-aM.mp4,test,True,25.0,101,300,300,4.04
qB4HOTYT1VA,exotic sheep,15.0,flora and fauna,True,/home/dipshikha/Music/cao/CISLR_v1.5-a_videos/qB4HOTYT1VA.mp4,train,True,24.0,356,300,300,14.833333333333334
qBNL8tfKk_8_1,her,6.0,language,True,/home/dipshikha/Music/cao/CISLR_v1.5-a_videos/qBNL8tfKk_8_1.mp4,train,True,25.0,63,300,300,2.52
qBsdlxgyHU4_1,cunning,6.0,behavior,True,/home/dipshikha/Music/cao/CISLR_v1.5-a_videos/qBsdlxgyHU4_1.mp4,train,True,25.0,63,300,300,2.52
qCoHkpGP5CA,uruguay,4.0,geography,True,/home/dipshikha/Music/cao/CISLR_v1.5-a_videos/qCoHkpGP5CA.mp4,train,True,25.0,80,300,300,3.2
qFOJk1w7PIs_1,visitor,5.0,human,True,/home/dipshikha/Music/cao/CISLR_v1.5-a_videos/qFOJk1w7PIs_1.mp4,train,True,29.916666666666668,75,300,300,2.5069637883008355
qFfaDK70Jvc,decide,4.0,action,True,/home/dipshikha/Music/cao/CISLR_v1.5-a_videos/qFfaDK70Jvc.mp4,test,True,25.0,92,300,300,3.68
qGXvLJud7iE_2,hexadecimal,10.0,metric,True,/home/dipshikha/Music/cao/CISLR_v1.5-a_videos/qGXvLJud7iE_2.mp4,train,True,30.0,121,300,300,4.033333333333333
qIEr10Hg_Hw_1,bad,7.0,quality,True,/home/dipshikha/Music/cao/CISLR_v1.5-a_videos/qIEr10Hg_Hw_1.mp4,test,True,30.0,105,300,300,3.5
qIRaIAMh3Nk_1,peas,7.0,foods and drinks,True,/home/dipshikha/Music/cao/CISLR_v1.5-a_videos/qIRaIAMh3Nk_1.mp4,test,True,25.0,75,300,300,3.0
qIYgR-Dvb6I_1,bullock cart,6.0,transport,True,/home/dipshikha/Music/cao/CISLR_v1.5-a_videos/qIYgR-Dvb6I_1.mp4,train,True,25.0,63,300,300,2.52
qI_HL9U9_UE,adoptive child,7.0,relation,True,/home/dipshikha/Music/cao/CISLR_v1.5-a_videos/qI_HL9U9_UE.mp4,train,True,25.0,167,300,300,6.68
qJ25qL-gfX8,ways,3.0,process,True,/home/dipshikha/Music/cao/CISLR_v1.5-a_videos/qJ25qL-gfX8.mp4,train,True,25.0,73,300,300,2.92
qKEIXeVwCB4_1,west bengal,7.0,geography,True,/home/dipshikha/Music/cao/CISLR_v1.5-a_videos/qKEIXeVwCB4_1.mp4,test,True,25.0,88,300,300,3.52
qL6nqL53Z0g,autocracy,7.0,authority,True,/home/dipshikha/Music/cao/CISLR_v1.5-a_videos/qL6nqL53Z0g.mp4,test,True,24.0,160,300,300,6.666666666666667
qLAU7iI1Cfs,developmental delay,10.0,legal,True,/home/dipshikha/Music/cao/CISLR_v1.5-a_videos/qLAU7iI1Cfs.mp4,train,True,25.0,240,300,300,9.6
qMD3sfogugU,unemployed,4.0,comparator,True,/home/dipshikha/Music/cao/CISLR_v1.5-a_videos/qMD3sfogugU.mp4,test,True,25.0,94,300,300,3.76
qMDStZsjwX0,velcro,8.0,wearable,True,/home/dipshikha/Music/cao/CISLR_v1.5-a_videos/qMDStZsjwX0.mp4,train,True,25.0,180,300,300,7.2
qMGPlkkXdek_1,angry,6.0,emotion,True,/home/dipshikha/Music/cao/CISLR_v1.5-a_videos/qMGPlkkXdek_1.mp4,test,True,30.0,90,300,300,3.0
qNUrBAQsL5s_1,working hours,7.0,time,True,/home/dipshikha/Music/cao/CISLR_v1.5-a_videos/qNUrBAQsL5s_1.mp4,train,True,30.0,90,300,300,3.0
qNWz7DPyrnU,select,4.0,action,True,/home/dipshikha/Music/cao/CISLR_v1.5-a_videos/qNWz7DPyrnU.mp4,test,True,25.0,99,300,300,3.96
qN_4AbN4yS8_1,plug,6.0,electronic and electrical,True,/home/dipshikha/Music/cao/CISLR_v1.5-a_videos/qN_4AbN4yS8_1.mp4,train,True,25.0,75,300,300,3.0
qP3z3jT3ENc,blurring,14.0,action,True,/home/dipshikha/Music/cao/CISLR_v1.5-a_videos/qP3z3jT3ENc.mp4,train,True,25.0,337,300,300,13.48
qR9b5ntUm50,non infectious disease,14.0,biology,True,/home/dipshikha/Music/cao/CISLR_v1.5-a_videos/qR9b5ntUm50.mp4,train,True,25.0,337,300,300,13.48
qRqxwR1617A,attendance record,12.0,readable,True,/home/dipshikha/Music/cao/CISLR_v1.5-a_videos/qRqxwR1617A.mp4,train,True,25.0,287,300,300,11.48
qSD4IBK27Zg,toenail,6.0,biology,True,/home/dipshikha/Music/cao/CISLR_v1.5-a_videos/qSD4IBK27Zg.mp4,train,True,25.0,134,300,300,5.36
qSuPoYq-8lc,smallpox,5.0,medical,True,/home/dipshikha/Music/cao/CISLR_v1.5-a_videos/qSuPoYq-8lc.mp4,train,True,25.0,114,300,300,4.56
qTKpCqiDQZI,tata car,5.0,transport,True,/home/dipshikha/Music/cao/CISLR_v1.5-a_videos/qTKpCqiDQZI.mp4,train,True,25.0,103,300,300,4.12
qTqWjy6FgNE_1,white,8.0,abstract,True,/home/dipshikha/Music/cao/CISLR_v1.5-a_videos/qTqWjy6FgNE_1.mp4,test,True,30.0,120,300,300,4.0
qUIXw4OObjQ_1,curry,6.0,foods and drinks,True,/home/dipshikha/Music/cao/CISLR_v1.5-a_videos/qUIXw4OObjQ_1.mp4,train,True,25.0,75,300,300,3.0
qW80XrM1yWQ,mall,4.0,geography,True,/home/dipshikha/Music/cao/CISLR_v1.5-a_videos/qW80XrM1yWQ.mp4,train,True,25.0,92,300,300,3.68
qWzBMXkJ-DM,nomographer,13.0,legal,True,/home/dipshikha/Music/cao/CISLR_v1.5-a_videos/qWzBMXkJ-DM.mp4,train,True,25.0,312,300,300,12.48
qXPZr651bTY_1,talk,11.0,action,True,/home/dipshikha/Music/cao/CISLR_v1.5-a_videos/qXPZr651bTY_1.mp4,train,True,30.0,150,300,300,5.0
qXV1KRvMA-Y,approve,3.0,action,True,/home/dipshikha/Music/cao/CISLR_v1.5-a_videos/qXV1KRvMA-Y.mp4,train,True,25.0,73,300,300,2.92
qYk4iw7qgmc,affirm,4.0,action,True,/home/dipshikha/Music/cao/CISLR_v1.5-a_videos/qYk4iw7qgmc.mp4,train,True,25.0,86,300,300,3.44
q_0AgxMXZkU_1,area,11.0,geography,True,/home/dipshikha/Music/cao/CISLR_v1.5-a_videos/q_0AgxMXZkU_1.mp4,test,True,30.0,165,300,300,5.5
q_HxcWofEZU,allergy,5.0,medical,True,/home/dipshikha/Music/cao/CISLR_v1.5-a_videos/q_HxcWofEZU.mp4,test,True,25.0,99,300,300,3.96
qa59arBbolM_1,retum outward,10.0,action,True,/home/dipshikha/Music/cao/CISLR_v1.5-a_videos/qa59arBbolM_1.mp4,train,True,30.0,135,300,300,4.5
qbITjeyEq14,national anthem,5.0,sound,True,/home/dipshikha/Music/cao/CISLR_v1.5-a_videos/qbITjeyEq14.mp4,test,True,25.0,102,300,300,4.08
qbqRDmqdD3o_1,sell,6.0,action,True,/home/dipshikha/Music/cao/CISLR_v1.5-a_videos/qbqRDmqdD3o_1.mp4,train,True,25.0,63,300,300,2.52
qfxkW7YYQTU,abrasive,14.0,substance,True,/home/dipshikha/Music/cao/CISLR_v1.5-a_videos/qfxkW7YYQTU.mp4,train,True,25.0,341,300,300,13.64
qgH8zxbIQr4_1,banaras,6.0,geography,True,/home/dipshikha/Music/cao/CISLR_v1.5-a_videos/qgH8zxbIQr4_1.mp4,train,True,25.0,75,300,300,3.0
qh52MLe84Fw_1,acceptance,10.0,abstract,True,/home/dipshikha/Music/cao/CISLR_v1.5-a_videos/qh52MLe84Fw_1.mp4,train,True,30.0,135,300,300,4.5
qhy4d9BzMIw_1,stamp,6.0,utility item,True,/home/dipshikha/Music/cao/CISLR_v1.5-a_videos/qhy4d9BzMIw_1.mp4,train,True,25.0,75,300,300,3.0
qiK-4WwmTNg,island,7.0,geography,True,/home/dipshikha/Music/cao/CISLR_v1.5-a_videos/qiK-4WwmTNg.mp4,test,True,25.0,160,300,300,6.4
qiTht8WDOvI_1,lick,7.0,action,True,/home/dipshikha/Music/cao/CISLR_v1.5-a_videos/qiTht8WDOvI_1.mp4,train,True,25.0,88,300,300,3.52
qjRRaPtsqf4,know your customer kyc form,8.0,action,True,/home/dipshikha/Music/cao/CISLR_v1.5-a_videos/qjRRaPtsqf4.mp4,train,True,24.0,184,300,300,7.666666666666667
qjgThWSsOVk_1,monday,6.0,time,True,/home/dipshikha/Music/cao/CISLR_v1.5-a_videos/qjgThWSsOVk_1.mp4,test,True,30.0,75,300,300,2.5
qjlkVQxsQJg_1,disabled,10.0,biology,True,/home/dipshikha/Music/cao/CISLR_v1.5-a_videos/qjlkVQxsQJg_1.mp4,train,True,30.0,150,300,300,5.0
qjnZDMjWiuk,weight,6.0,abstract,True,/home/dipshikha/Music/cao/CISLR_v1.5-a_videos/qjnZDMjWiuk.mp4,test,True,25.0,139,300,300,5.56
qkl0Ad2_chc_1,ant,6.0,flora and fauna,True,/home/dipshikha/Music/cao/CISLR_v1.5-a_videos/qkl0Ad2_chc_1.mp4,test,True,30.0,75,300,300,2.5
qksJ3uwtD1o_1,employment,10.0,banking,True,/home/dipshikha/Music/cao/CISLR_v1.5-a_videos/qksJ3uwtD1o_1.mp4,train,True,30.0,150,300,300,5.0
qkzrIpdfelI_2,uitrasonic,10.0,physics,True,/home/dipshikha/Music/cao/CISLR_v1.5-a_videos/qkzrIpdfelI_2.mp4,train,True,30.0,116,300,300,3.8666666666666663
qlTFEkGXr7Q_1,anklets,7.0,wearable,True,/home/dipshikha/Music/cao/CISLR_v1.5-a_videos/qlTFEkGXr7Q_1.mp4,test,True,25.0,75,300,300,3.0
qm7nogtX_GY,zip,4.0,utility item,True,/home/dipshikha/Music/cao/CISLR_v1.5-a_videos/qm7nogtX_GY.mp4,test,True,25.0,85,300,300,3.4
qmOaTqw3WQY,projector,4.0,instrument,True,/home/dipshikha/Music/cao/CISLR_v1.5-a_videos/qmOaTqw3WQY.mp4,test,True,25.0,95,300,300,3.8
qnlNXXR-M7c_2,kinetic energy,11.0,physics,True,/home/dipshikha/Music/cao/CISLR_v1.5-a_videos/qnlNXXR-M7c_2.mp4,train,True,30.0,142,300,300,4.733333333333333
qoGtYKREfLY,maha shivaratri,5.0,event,True,/home/dipshikha/Music/cao/CISLR_v1.5-a_videos/qoGtYKREfLY.mp4,test,True,25.0,117,300,300,4.68
qoMWB2o9jfE,hair dryer,6.0,utility item,True,/home/dipshikha/Music/cao/CISLR_v1.5-a_videos/qoMWB2o9jfE.mp4,test,True,25.0,148,300,300,5.92
qoU45G2WmsE,wear,4.0,action,True,/home/dipshikha/Music/cao/CISLR_v1.5-a_videos/qoU45G2WmsE.mp4,test,True,25.0,96,300,300,3.84
qouHxEWVK2w_2,generator,10.0,electronic and electrical,True,/home/dipshikha/Music/cao/CISLR_v1.5-a_videos/qouHxEWVK2w_2.mp4,test,True,29.916666666666668,119,300,300,3.977715877437326
qp4Sw-QAMD4,permit,4.0,action,True,/home/dipshikha/Music/cao/CISLR_v1.5-a_videos/qp4Sw-QAMD4.mp4,train,True,25.0,82,300,300,3.28
qpNvq1zrIuc,transparent,6.0,attribute,True,/home/dipshikha/Music/cao/CISLR_v1.5-a_videos/qpNvq1zrIuc.mp4,test,True,25.0,129,300,300,5.16
qpeSv7MX-z0_1,pass,7.0,abstract,True,/home/dipshikha/Music/cao/CISLR_v1.5-a_videos/qpeSv7MX-z0_1.mp4,test,True,25.0,75,300,300,3.0
qpynNeUIkM4,waiting room,9.0,construction,True,/home/dipshikha/Music/cao/CISLR_v1.5-a_videos/qpynNeUIkM4.mp4,train,True,25.0,224,300,300,8.96
qr6GWRK8STs_1,information,6.0,legal,True,/home/dipshikha/Music/cao/CISLR_v1.5-a_videos/qr6GWRK8STs_1.mp4,test,True,25.0,75,300,300,3.0
qrAKx_t3qYk,low lying area,10.0,geography,True,/home/dipshikha/Music/cao/CISLR_v1.5-a_videos/qrAKx_t3qYk.mp4,train,True,24.0,218,300,300,9.083333333333334
qrQAkUxy0KE_2,rotational,8.0,physics,True,/home/dipshikha/Music/cao/CISLR_v1.5-a_videos/qrQAkUxy0KE_2.mp4,train,True,30.0,99,300,300,3.3
qriQ0SvqUq0,volcano,6.0,geography,True,/home/dipshikha/Music/cao/CISLR_v1.5-a_videos/qriQ0SvqUq0.mp4,test,True,25.0,128,300,300,5.12
qrkzRim1Qc0,past,3.0,time,True,/home/dipshikha/Music/cao/CISLR_v1.5-a_videos/qrkzRim1Qc0.mp4,train,True,25.0,68,300,300,2.72
qsLUWtIB5eM_1,burglar,9.0,human,True,/home/dipshikha/Music/cao/CISLR_v1.5-a_videos/qsLUWtIB5eM_1.mp4,train,True,30.0,135,300,300,4.5
qtblK4nxVok_1,their,6.0,relation,True,/home/dipshikha/Music/cao/CISLR_v1.5-a_videos/qtblK4nxVok_1.mp4,train,True,25.0,63,300,300,2.52
qtmO-0Fsjz8_1,mute,7.0,sound,True,/home/dipshikha/Music/cao/CISLR_v1.5-a_videos/qtmO-0Fsjz8_1.mp4,train,True,25.0,75,300,300,3.0
qu0RevE96ac,remove,4.0,action,True,/home/dipshikha/Music/cao/CISLR_v1.5-a_videos/qu0RevE96ac.mp4,test,True,25.0,84,300,300,3.36
qvpipwu40zk_1,moon,9.0,astronomical,True,/home/dipshikha/Music/cao/CISLR_v1.5-a_videos/qvpipwu40zk_1.mp4,train,True,25.0,100,300,300,4.0
qw9d-nRDzKM_1,tuesday,5.0,time,True,/home/dipshikha/Music/cao/CISLR_v1.5-a_videos/qw9d-nRDzKM_1.mp4,test,True,30.0,60,300,300,2.0
qweRHfBQxEg,pista,8.0,foods and drinks,True,/home/dipshikha/Music/cao/CISLR_v1.5-a_videos/qweRHfBQxEg.mp4,train,True,25.0,192,300,300,7.68
r-FVBdwV9VI,indent,13.0,attribute,True,/home/dipshikha/Music/cao/CISLR_v1.5-a_videos/r-FVBdwV9VI.mp4,train,True,24.0,291,300,300,12.125
r-HB7BtP1JM_2,neptune,10.0,astronomical,True,/home/dipshikha/Music/cao/CISLR_v1.5-a_videos/r-HB7BtP1JM_2.mp4,train,True,30.0,129,300,300,4.3
r-Og6CaFJUA,metro,4.0,transport,True,/home/dipshikha/Music/cao/CISLR_v1.5-a_videos/r-Og6CaFJUA.mp4,train,True,25.0,95,300,300,3.8
r15J1z-vQIM,rabindranath tagore,6.0,human,True,/home/dipshikha/Music/cao/CISLR_v1.5-a_videos/r15J1z-vQIM.mp4,train,True,25.0,141,300,300,5.64
r2UtCMULRmI_2,import,7.0,transport,True,/home/dipshikha/Music/cao/CISLR_v1.5-a_videos/r2UtCMULRmI_2.mp4,train,True,30.0,96,300,300,3.2
r2cxiOVBhpE_1,belief,7.0,abstract,True,/home/dipshikha/Music/cao/CISLR_v1.5-a_videos/r2cxiOVBhpE_1.mp4,test,True,30.0,105,300,300,3.5
r2tTgaCMDWo_1,handicapped,7.0,biology,True,/home/dipshikha/Music/cao/CISLR_v1.5-a_videos/r2tTgaCMDWo_1.mp4,train,True,25.0,88,300,300,3.52
r3EgB2AGF3s_1,yellow,10.0,attribute,True,/home/dipshikha/Music/cao/CISLR_v1.5-a_videos/r3EgB2AGF3s_1.mp4,test,True,30.0,150,300,300,5.0
r3H0vo7q6qY,myself,4.0,language,True,/home/dipshikha/Music/cao/CISLR_v1.5-a_videos/r3H0vo7q6qY.mp4,train,True,25.0,76,300,300,3.04
r3HsR87-sN8,blame,4.0,action,True,/home/dipshikha/Music/cao/CISLR_v1.5-a_videos/r3HsR87-sN8.mp4,train,True,25.0,95,300,300,3.8
r3MqV1WicvY_1,regularisation,7.0,math,True,/home/dipshikha/Music/cao/CISLR_v1.5-a_videos/r3MqV1WicvY_1.mp4,train,True,30.0,105,300,300,3.5
r3XLYw0EMlg_1,third party,9.0,comparator,True,/home/dipshikha/Music/cao/CISLR_v1.5-a_videos/r3XLYw0EMlg_1.mp4,train,True,30.0,135,300,300,4.5
r4n7uVq_LzU,ladder,5.0,transport,True,/home/dipshikha/Music/cao/CISLR_v1.5-a_videos/r4n7uVq_LzU.mp4,test,True,25.0,121,300,300,4.84
r4sVEIO1jZE_1,pour,5.0,action,True,/home/dipshikha/Music/cao/CISLR_v1.5-a_videos/r4sVEIO1jZE_1.mp4,train,True,25.0,63,300,300,2.52
r5N3Xy-KNAU,music,4.0,sound,True,/home/dipshikha/Music/cao/CISLR_v1.5-a_videos/r5N3Xy-KNAU.mp4,test,True,25.0,88,300,300,3.52
r607N-5gkHs,iron,4.0,metal and minerals,True,/home/dipshikha/Music/cao/CISLR_v1.5-a_videos/r607N-5gkHs.mp4,test,True,25.0,76,300,300,3.04
r644w1okl48_1,mile,7.0,metric,True,/home/dipshikha/Music/cao/CISLR_v1.5-a_videos/r644w1okl48_1.mp4,test,True,25.0,75,300,300,3.0
r777eDg0fX0_1,ram,5.0,religious,True,/home/dipshikha/Music/cao/CISLR_v1.5-a_videos/r777eDg0fX0_1.mp4,train,True,25.0,63,300,300,2.52
r7Po-epk8iY,head pan,4.0,utility item,True,/home/dipshikha/Music/cao/CISLR_v1.5-a_videos/r7Po-epk8iY.mp4,train,True,25.0,82,300,300,3.28
r7T0UqigDqg,fish food,10.0,foods and drinks,True,/home/dipshikha/Music/cao/CISLR_v1.5-a_videos/r7T0UqigDqg.mp4,train,True,24.0,231,300,300,9.625
r7VLa40tjvM,area,4.0,geography,True,/home/dipshikha/Music/cao/CISLR_v1.5-a_videos/r7VLa40tjvM.mp4,test,True,25.0,85,300,300,3.4
r8-q53AmmMg,extinct,4.0,biology,True,/home/dipshikha/Music/cao/CISLR_v1.5-a_videos/r8-q53AmmMg.mp4,test,True,25.0,99,300,300,3.96
r83lka7D8KM_2,filament,11.0,substance,True,/home/dipshikha/Music/cao/CISLR_v1.5-a_videos/r83lka7D8KM_2.mp4,train,True,30.0,138,300,300,4.6
r8ySf1Ql93Q_1,ask,7.0,action,True,/home/dipshikha/Music/cao/CISLR_v1.5-a_videos/r8ySf1Ql93Q_1.mp4,test,True,25.0,75,300,300,3.0
r99WfHTRr2A,think,4.0,action,True,/home/dipshikha/Music/cao/CISLR_v1.5-a_videos/r99WfHTRr2A.mp4,test,True,25.0,85,300,300,3.4
r9DiSHym81k,tired,5.0,sensation,True,/home/dipshikha/Music/cao/CISLR_v1.5-a_videos/r9DiSHym81k.mp4,test,True,25.0,102,300,300,4.08
r9JwYFol1EM_1,story,7.0,readable,True,/home/dipshikha/Music/cao/CISLR_v1.5-a_videos/r9JwYFol1EM_1.mp4,train,True,25.0,75,300,300,3.0
r9Lc4qHj-cg_1,overdraft,8.0,banking,True,/home/dipshikha/Music/cao/CISLR_v1.5-a_videos/r9Lc4qHj-cg_1.mp4,train,True,30.0,105,300,300,3.5
r9QQ0jQ64IQ_1,dog,6.0,flora and fauna,True,/home/dipshikha/Music/cao/CISLR_v1.5-a_videos/r9QQ0jQ64IQ_1.mp4,test,True,30.0,90,300,300,3.0
r9XwyFRQsqY,saprophyte of plants,13.0,flora and fauna,True,/home/dipshikha/Music/cao/CISLR_v1.5-a_videos/r9XwyFRQsqY.mp4,train,True,25.0,317,300,300,12.68
rAUcd8-2e3Y,temple,4.0,religious,True,/home/dipshikha/Music/cao/CISLR_v1.5-a_videos/rAUcd8-2e3Y.mp4,test,True,25.0,81,300,300,3.24
rBD74wqvKeI_1,chalk,6.0,utility item,True,/home/dipshikha/Music/cao/CISLR_v1.5-a_videos/rBD74wqvKeI_1.mp4,test,True,25.0,63,300,300,2.52
rBPJARGhPNg,poultry mash,7.0,flora and fauna,True,/home/dipshikha/Music/cao/CISLR_v1.5-a_videos/rBPJARGhPNg.mp4,train,True,24.0,161,300,300,6.708333333333333
rBRJw6gUMHM_1,circle,10.0,math,True,/home/dipshikha/Music/cao/CISLR_v1.5-a_videos/rBRJw6gUMHM_1.mp4,test,True,30.0,150,300,300,5.0
rBi-dpJFZuA,prize,4.0,miscellaneous object,True,/home/dipshikha/Music/cao/CISLR_v1.5-a_videos/rBi-dpJFZuA.mp4,train,True,25.0,79,300,300,3.16
rC5QdAVnv0I,paratha,5.0,foods and drinks,True,/home/dipshikha/Music/cao/CISLR_v1.5-a_videos/rC5QdAVnv0I.mp4,train,True,25.0,118,300,300,4.72
rCfYRtWfYVA,wine,4.0,foods and drinks,True,/home/dipshikha/Music/cao/CISLR_v1.5-a_videos/rCfYRtWfYVA.mp4,test,True,25.0,79,300,300,3.16
rD5-gbf9Gzg,steam tractor,15.0,transport,True,/home/dipshikha/Music/cao/CISLR_v1.5-a_videos/rD5-gbf9Gzg.mp4,train,True,24.0,337,300,300,14.041666666666666
rD5QxDhHIxw_1,saw,6.0,instrument,True,/home/dipshikha/Music/cao/CISLR_v1.5-a_videos/rD5QxDhHIxw_1.mp4,train,True,25.0,75,300,300,3.0
rEBOoE50Ghw_1,under consideration,7.0,legal,True,/home/dipshikha/Music/cao/CISLR_v1.5-a_videos/rEBOoE50Ghw_1.mp4,train,True,30.0,90,300,300,3.0
rEtGA49vlaU,brain stem glioma,12.0,medical,True,/home/dipshikha/Music/cao/CISLR_v1.5-a_videos/rEtGA49vlaU.mp4,train,True,25.0,286,300,300,11.44
rFC_zjBmNw8_1,statistics,10.0,math,True,/home/dipshikha/Music/cao/CISLR_v1.5-a_videos/rFC_zjBmNw8_1.mp4,test,True,30.0,135,300,300,4.5
rFFoZPPKsC8,streaming,15.0,action,True,/home/dipshikha/Music/cao/CISLR_v1.5-a_videos/rFFoZPPKsC8.mp4,train,True,24.0,337,300,300,14.041666666666666
rFkWotSdjdk,ms word,10.0,computer,True,/home/dipshikha/Music/cao/CISLR_v1.5-a_videos/rFkWotSdjdk.mp4,train,True,25.0,240,300,300,9.6
rFlXpH9WCf8_1,expiry,9.0,banking,True,/home/dipshikha/Music/cao/CISLR_v1.5-a_videos/rFlXpH9WCf8_1.mp4,test,True,30.0,120,300,300,4.0
rGn67Xxthrk_1,lemon,7.0,foods and drinks,True,/home/dipshikha/Music/cao/CISLR_v1.5-a_videos/rGn67Xxthrk_1.mp4,test,True,25.0,75,300,300,3.0
rGwK-HsdDk0_1,leaf,6.0,flora and fauna,True,/home/dipshikha/Music/cao/CISLR_v1.5-a_videos/rGwK-HsdDk0_1.mp4,test,True,30.0,75,300,300,2.5
rJOGOpWkH6U_1,socks,7.0,wearable,True,/home/dipshikha/Music/cao/CISLR_v1.5-a_videos/rJOGOpWkH6U_1.mp4,test,True,25.0,75,300,300,3.0
rJVe-aaYlKw_2,north pole,13.0,geography,True,/home/dipshikha/Music/cao/CISLR_v1.5-a_videos/rJVe-aaYlKw_2.mp4,test,True,30.0,169,300,300,5.633333333333334
rJbc69qxPDA,colour,3.0,colour,True,/home/dipshikha/Music/cao/CISLR_v1.5-a_videos/rJbc69qxPDA.mp4,test,True,25.0,62,300,300,2.48
rJjNfXvVaaY_2,accurate,6.0,metric,True,/home/dipshikha/Music/cao/CISLR_v1.5-a_videos/rJjNfXvVaaY_2.mp4,train,True,30.0,62,300,300,2.066666666666667
rK412FrGOxY,network,4.0,internet,True,/home/dipshikha/Music/cao/CISLR_v1.5-a_videos/rK412FrGOxY.mp4,test,True,25.0,99,300,300,3.96
rKDZTG2rFPs,capital,4.0,legal,True,/home/dipshikha/Music/cao/CISLR_v1.5-a_videos/rKDZTG2rFPs.mp4,test,True,25.0,93,300,300,3.72
rKzMbfGElSE_1,straight forward,8.0,attribute,True,/home/dipshikha/Music/cao/CISLR_v1.5-a_videos/rKzMbfGElSE_1.mp4,train,True,25.0,88,300,300,3.52
rLgfWU1DpbY_1,day after,6.0,time,True,/home/dipshikha/Music/cao/CISLR_v1.5-a_videos/rLgfWU1DpbY_1.mp4,test,True,30.0,90,300,300,3.0
rN9rKeJZmqI,ranchi,4.0,geography,True,/home/dipshikha/Music/cao/CISLR_v1.5-a_videos/rN9rKeJZmqI.mp4,train,True,25.0,98,300,300,3.92
rNvWUflStQQ,retire,4.0,action,True,/home/dipshikha/Music/cao/CISLR_v1.5-a_videos/rNvWUflStQQ.mp4,test,True,25.0,78,300,300,3.12
rNyD10XoXcU_2,centimetre,10.0,metric,True,/home/dipshikha/Music/cao/CISLR_v1.5-a_videos/rNyD10XoXcU_2.mp4,train,True,30.0,116,300,300,3.8666666666666663
rOZhirQPdr4,tool belt,13.0,wearable,True,/home/dipshikha/Music/cao/CISLR_v1.5-a_videos/rOZhirQPdr4.mp4,train,True,25.0,325,300,300,13.0
rOcFkQzLhLQ_1,brother,11.0,relation,True,/home/dipshikha/Music/cao/CISLR_v1.5-a_videos/rOcFkQzLhLQ_1.mp4,test,True,30.0,165,300,300,5.5
rOjimhh-dqE_1,amalgamation,8.0,commerce,True,/home/dipshikha/Music/cao/CISLR_v1.5-a_videos/rOjimhh-dqE_1.mp4,train,True,30.0,105,300,300,3.5
rOonVQYaM-A_1,passive debt,10.0,banking,True,/home/dipshikha/Music/cao/CISLR_v1.5-a_videos/rOonVQYaM-A_1.mp4,train,True,29.916666666666668,150,300,300,5.013927576601671
rP-VqYz6Lyk_1,account holder,13.0,banking,True,/home/dipshikha/Music/cao/CISLR_v1.5-a_videos/rP-VqYz6Lyk_1.mp4,train,True,30.0,180,300,300,6.0
rQ4mnndh8wk_1,beautiful,7.0,attribute,True,/home/dipshikha/Music/cao/CISLR_v1.5-a_videos/rQ4mnndh8wk_1.mp4,test,True,25.0,75,300,300,3.0
rQkxqEgXEYQ,include,5.0,action,True,/home/dipshikha/Music/cao/CISLR_v1.5-a_videos/rQkxqEgXEYQ.mp4,train,True,25.0,115,300,300,4.6
rRVnNmQOR-I,calendar,5.0,time,True,/home/dipshikha/Music/cao/CISLR_v1.5-a_videos/rRVnNmQOR-I.mp4,test,True,25.0,123,300,300,4.92
rSeg8yH3Lgg_1,task wage,11.0,legal,True,/home/dipshikha/Music/cao/CISLR_v1.5-a_videos/rSeg8yH3Lgg_1.mp4,train,True,30.0,150,300,300,5.0
rU5LeIE7tmM_1,leprosy,6.0,biology,True,/home/dipshikha/Music/cao/CISLR_v1.5-a_videos/rU5LeIE7tmM_1.mp4,test,True,30.0,90,300,300,3.0
rUXhFDo3Bv0,smart,5.0,attribute,True,/home/dipshikha/Music/cao/CISLR_v1.5-a_videos/rUXhFDo3Bv0.mp4,train,True,25.0,105,300,300,4.2
rUZD2TQcbvI,knurling,7.0,process,True,/home/dipshikha/Music/cao/CISLR_v1.5-a_videos/rUZD2TQcbvI.mp4,train,True,25.0,156,300,300,6.24
rVBNDX51--w,stock chart,14.0,banking,True,/home/dipshikha/Music/cao/CISLR_v1.5-a_videos/rVBNDX51--w.mp4,train,True,25.0,348,300,300,13.92
rVEOXcTj1NU,evil,4.0,quality,True,/home/dipshikha/Music/cao/CISLR_v1.5-a_videos/rVEOXcTj1NU.mp4,train,True,25.0,98,300,300,3.92
rW8bfuuzfgI,next week,4.0,time,True,/home/dipshikha/Music/cao/CISLR_v1.5-a_videos/rW8bfuuzfgI.mp4,train,True,25.0,91,300,300,3.64
rWCFmpbmMPw_1,schematic,11.0,attribute,True,/home/dipshikha/Music/cao/CISLR_v1.5-a_videos/rWCFmpbmMPw_1.mp4,train,True,30.0,165,300,300,5.5
rWM6kOxTTIo,social,5.0,behavior,True,/home/dipshikha/Music/cao/CISLR_v1.5-a_videos/rWM6kOxTTIo.mp4,test,True,25.0,115,300,300,4.6
rY6VvljDcc0,scratch,5.0,action,True,/home/dipshikha/Music/cao/CISLR_v1.5-a_videos/rY6VvljDcc0.mp4,test,True,25.0,115,300,300,4.6
rYTt2LuzVhw_1,man,10.0,human,True,/home/dipshikha/Music/cao/CISLR_v1.5-a_videos/rYTt2LuzVhw_1.mp4,test,True,30.0,150,300,300,5.0
rYwhWesDH9k_1,cone,9.0,miscellaneous object,True,/home/dipshikha/Music/cao/CISLR_v1.5-a_videos/rYwhWesDH9k_1.mp4,test,True,30.0,120,300,300,4.0
rZnNOW47uNk_1,trustworthiness,7.0,attribute,True,/home/dipshikha/Music/cao/CISLR_v1.5-a_videos/rZnNOW47uNk_1.mp4,train,True,30.0,90,300,300,3.0
r_tsg9162uc_1,dishonoured bill,9.0,banking,True,/home/dipshikha/Music/cao/CISLR_v1.5-a_videos/r_tsg9162uc_1.mp4,train,True,30.0,120,300,300,4.0
r_xF77i3RGw,victory,4.0,event,True,/home/dipshikha/Music/cao/CISLR_v1.5-a_videos/r_xF77i3RGw.mp4,test,True,25.0,78,300,300,3.12
raF-yOcZpkk,shaving blade,4.0,utility item,True,/home/dipshikha/Music/cao/CISLR_v1.5-a_videos/raF-yOcZpkk.mp4,train,True,25.0,88,300,300,3.52
rayOhAZhd2k,night,3.0,time,True,/home/dipshikha/Music/cao/CISLR_v1.5-a_videos/rayOhAZhd2k.mp4,test,True,25.0,72,300,300,2.88
rbXizQI1XOM,shrubs,14.0,flora and fauna,True,/home/dipshikha/Music/cao/CISLR_v1.5-a_videos/rbXizQI1XOM.mp4,train,True,25.0,331,300,300,13.24
rbdcr9AQtrE_1,discretionary limit,10.0,banking,True,/home/dipshikha/Music/cao/CISLR_v1.5-a_videos/rbdcr9AQtrE_1.mp4,train,True,30.0,135,300,300,4.5
rbu6XJFG-uI,livelihood,4.0,abstract,True,/home/dipshikha/Music/cao/CISLR_v1.5-a_videos/rbu6XJFG-uI.mp4,test,True,25.0,99,300,300,3.96
rbw7n0D0KGE_1,comb,8.0,utility item,True,/home/dipshikha/Music/cao/CISLR_v1.5-a_videos/rbw7n0D0KGE_1.mp4,test,True,30.0,120,300,300,4.0
rc7GRaEyQHQ,washing machine,5.0,electronic and electrical,True,/home/dipshikha/Music/cao/CISLR_v1.5-a_videos/rc7GRaEyQHQ.mp4,train,True,25.0,108,300,300,4.32
rd2t-M0o7Ds_1,crayons,11.0,utility item,True,/home/dipshikha/Music/cao/CISLR_v1.5-a_videos/rd2t-M0o7Ds_1.mp4,test,True,30.0,150,300,300,5.0
rdW1Snzd9cs,deceive,6.0,action,True,/home/dipshikha/Music/cao/CISLR_v1.5-a_videos/rdW1Snzd9cs.mp4,train,True,25.0,140,300,300,5.6
rduuYRHkDtw_2,second,9.0,math,True,/home/dipshikha/Music/cao/CISLR_v1.5-a_videos/rduuYRHkDtw_2.mp4,test,True,30.0,95,300,300,3.1666666666666665
rfTcUTbx4ZU,housing,10.0,banking,True,/home/dipshikha/Music/cao/CISLR_v1.5-a_videos/rfTcUTbx4ZU.mp4,train,True,24.0,219,300,300,9.125
rgk8cmr4El4_1,tongue,7.0,biology,True,/home/dipshikha/Music/cao/CISLR_v1.5-a_videos/rgk8cmr4El4_1.mp4,test,True,30.0,90,300,300,3.0
rhbOs1NZYRM,stags,13.0,flora and fauna,True,/home/dipshikha/Music/cao/CISLR_v1.5-a_videos/rhbOs1NZYRM.mp4,train,True,24.0,288,300,300,12.0
ri8j2L0zG9c,bolt,12.0,instrument,True,/home/dipshikha/Music/cao/CISLR_v1.5-a_videos/ri8j2L0zG9c.mp4,test,True,25.0,300,300,300,12.0
rihHzABTIPg,drawer,5.0,construction,True,/home/dipshikha/Music/cao/CISLR_v1.5-a_videos/rihHzABTIPg.mp4,test,True,25.0,102,300,300,4.08
rj0GN2scIsU,under,4.0,spatial position,True,/home/dipshikha/Music/cao/CISLR_v1.5-a_videos/rj0GN2scIsU.mp4,train,True,25.0,93,300,300,3.72
rjAoqYLMHrI_1,verdict,7.0,legal,True,/home/dipshikha/Music/cao/CISLR_v1.5-a_videos/rjAoqYLMHrI_1.mp4,train,True,30.0,90,300,300,3.0
rjZmgbqdoRQ,assassination,15.0,event,True,/home/dipshikha/Music/cao/CISLR_v1.5-a_videos/rjZmgbqdoRQ.mp4,train,True,25.0,365,300,300,14.6
rlMareW0lTU,projector,4.0,instrument,True,/home/dipshikha/Music/cao/CISLR_v1.5-a_videos/rlMareW0lTU.mp4,test,True,25.0,95,300,300,3.8
rmgyo8yyqfo,ticket,5.0,miscellaneous object,True,/home/dipshikha/Music/cao/CISLR_v1.5-a_videos/rmgyo8yyqfo.mp4,train,True,25.0,121,300,300,4.84
rn-sFXA7utE,sandwich,7.0,foods and drinks,True,/home/dipshikha/Music/cao/CISLR_v1.5-a_videos/rn-sFXA7utE.mp4,test,True,25.0,157,300,300,6.28
rn4NJPtL1m8,up,3.0,spatial position,True,/home/dipshikha/Music/cao/CISLR_v1.5-a_videos/rn4NJPtL1m8.mp4,test,True,25.0,72,300,300,2.88
rnK5ck1th4Q_2,lens,8.0,physics,True,/home/dipshikha/Music/cao/CISLR_v1.5-a_videos/rnK5ck1th4Q_2.mp4,train,True,30.0,89,300,300,2.966666666666667
rpMNq0nFlUQ,approve,3.0,action,True,/home/dipshikha/Music/cao/CISLR_v1.5-a_videos/rpMNq0nFlUQ.mp4,test,True,25.0,61,300,300,2.44
rrgx0TM2nfc_1,enquiry,8.0,banking,True,/home/dipshikha/Music/cao/CISLR_v1.5-a_videos/rrgx0TM2nfc_1.mp4,train,True,30.0,120,300,300,4.0
rrjpij1UdL0,condom,4.0,substance,True,/home/dipshikha/Music/cao/CISLR_v1.5-a_videos/rrjpij1UdL0.mp4,train,True,25.0,91,300,300,3.64
rrqJccrO4vo_1,admissible,10.0,quality,True,/home/dipshikha/Music/cao/CISLR_v1.5-a_videos/rrqJccrO4vo_1.mp4,train,True,29.916666666666668,135,300,300,4.512534818941504
rs7TTTwmbBo_1,grain,6.0,foods and drinks,True,/home/dipshikha/Music/cao/CISLR_v1.5-a_videos/rs7TTTwmbBo_1.mp4,train,True,25.0,63,300,300,2.52
rsDIotNeFsM_1,spoon,6.0,utility item,True,/home/dipshikha/Music/cao/CISLR_v1.5-a_videos/rsDIotNeFsM_1.mp4,test,True,30.0,90,300,300,3.0
rsKBWd7j4n4_1,rose,7.0,flora and fauna,True,/home/dipshikha/Music/cao/CISLR_v1.5-a_videos/rsKBWd7j4n4_1.mp4,test,True,30.0,90,300,300,3.0
rskg3zep4Gs,mahavir,4.0,behavior,True,/home/dipshikha/Music/cao/CISLR_v1.5-a_videos/rskg3zep4Gs.mp4,train,True,25.0,77,300,300,3.08
rt9BRaQYqkg,sleepwalker,14.0,human,True,/home/dipshikha/Music/cao/CISLR_v1.5-a_videos/rt9BRaQYqkg.mp4,train,True,24.0,332,300,300,13.833333333333334
ru9ZDRu566k,frisbee,6.0,sport,True,/home/dipshikha/Music/cao/CISLR_v1.5-a_videos/ru9ZDRu566k.mp4,train,True,25.0,148,300,300,5.92
ruGnpxVL54k_1,right,6.0,spatial position,True,/home/dipshikha/Music/cao/CISLR_v1.5-a_videos/ruGnpxVL54k_1.mp4,test,True,25.0,63,300,300,2.52
ruOCbes6zaM,minute,12.0,time,True,/home/dipshikha/Music/cao/CISLR_v1.5-a_videos/ruOCbes6zaM.mp4,test,True,25.0,280,300,300,11.2
rufhjKU3UII,chandigarh,4.0,geography,True,/home/dipshikha/Music/cao/CISLR_v1.5-a_videos/rufhjKU3UII.mp4,test,True,25.0,77,300,300,3.08
runWN1EzmEE,wall,5.0,construction,True,/home/dipshikha/Music/cao/CISLR_v1.5-a_videos/runWN1EzmEE.mp4,train,True,25.0,124,300,300,4.96
rvAlXnalbqU_1,advise,5.0,action,True,/home/dipshikha/Music/cao/CISLR_v1.5-a_videos/rvAlXnalbqU_1.mp4,train,True,25.0,50,300,300,2.0
rvOBl50SewA_1,estimate,7.0,banking,True,/home/dipshikha/Music/cao/CISLR_v1.5-a_videos/rvOBl50SewA_1.mp4,train,True,30.0,105,300,300,3.5
rvZ_e5KC2Mw_1,meter,7.0,metal and minerals,True,/home/dipshikha/Music/cao/CISLR_v1.5-a_videos/rvZ_e5KC2Mw_1.mp4,train,True,25.0,75,300,300,3.0
rvjY9vlX_H4,afternoon,4.0,time,True,/home/dipshikha/Music/cao/CISLR_v1.5-a_videos/rvjY9vlX_H4.mp4,test,True,25.0,87,300,300,3.48
rwhRNPCPp34,nut,8.0,instrument,True,/home/dipshikha/Music/cao/CISLR_v1.5-a_videos/rwhRNPCPp34.mp4,test,True,25.0,192,300,300,7.68
rwocxlQmNvM_1,brokerage,11.0,banking,True,/home/dipshikha/Music/cao/CISLR_v1.5-a_videos/rwocxlQmNvM_1.mp4,train,True,30.0,165,300,300,5.5
rxLiUBQv4s4,schedule,7.0,time,True,/home/dipshikha/Music/cao/CISLR_v1.5-a_videos/rxLiUBQv4s4.mp4,train,True,25.0,153,300,300,6.12
rxS-0_0rVV4_1,wholesale,9.0,group,True,/home/dipshikha/Music/cao/CISLR_v1.5-a_videos/rxS-0_0rVV4_1.mp4,train,True,30.0,120,300,300,4.0
rxzyWCTxCbg_1,advertisement,7.0,internet,True,/home/dipshikha/Music/cao/CISLR_v1.5-a_videos/rxzyWCTxCbg_1.mp4,test,True,25.0,75,300,300,3.0
rzVyqTff8MY_1,carry,6.0,action,True,/home/dipshikha/Music/cao/CISLR_v1.5-a_videos/rzVyqTff8MY_1.mp4,train,True,25.0,63,300,300,2.52
rzY50tnGKNg,opportunity,4.0,abstract,True,/home/dipshikha/Music/cao/CISLR_v1.5-a_videos/rzY50tnGKNg.mp4,train,True,25.0,94,300,300,3.76
rztToJBqL3k_1,wednesday,6.0,time,True,/home/dipshikha/Music/cao/CISLR_v1.5-a_videos/rztToJBqL3k_1.mp4,test,True,30.0,75,300,300,2.5
s-570A5kLxo,goat,7.0,flora and fauna,True,/home/dipshikha/Music/cao/CISLR_v1.5-a_videos/s-570A5kLxo.mp4,test,True,25.0,152,300,300,6.08
s09swjiVGok,brain injury,4.0,medical,True,/home/dipshikha/Music/cao/CISLR_v1.5-a_videos/s09swjiVGok.mp4,train,True,25.0,94,300,300,3.76
s0HIntkDTew_1,lake,10.0,geography,True,/home/dipshikha/Music/cao/CISLR_v1.5-a_videos/s0HIntkDTew_1.mp4,test,True,25.0,125,300,300,5.0
s0WQZn1xjxo_1,tail,6.0,attribute,True,/home/dipshikha/Music/cao/CISLR_v1.5-a_videos/s0WQZn1xjxo_1.mp4,test,True,30.0,90,300,300,3.0
s13W7g7VnJ8_1,examine,6.0,action,True,/home/dipshikha/Music/cao/CISLR_v1.5-a_videos/s13W7g7VnJ8_1.mp4,train,True,25.0,75,300,300,3.0
s1K-Mqzy9Bo,boil,14.0,action,True,/home/dipshikha/Music/cao/CISLR_v1.5-a_videos/s1K-Mqzy9Bo.mp4,test,True,25.0,336,300,300,13.44
s1tq1t4LDuM,confidence,5.0,emotion,True,/home/dipshikha/Music/cao/CISLR_v1.5-a_videos/s1tq1t4LDuM.mp4,train,True,25.0,107,300,300,4.28
s3tJWRZegCw,sudden,3.0,behavior,True,/home/dipshikha/Music/cao/CISLR_v1.5-a_videos/s3tJWRZegCw.mp4,train,True,25.0,71,300,300,2.84
s4ez79CSE58,sudan,3.0,geography,True,/home/dipshikha/Music/cao/CISLR_v1.5-a_videos/s4ez79CSE58.mp4,train,True,25.0,73,300,300,2.92
s57mcqROvtA,capital,4.0,banking,True,/home/dipshikha/Music/cao/CISLR_v1.5-a_videos/s57mcqROvtA.mp4,test,True,25.0,98,300,300,3.92
s5AMrNjoP0Q,boxing,3.0,sport,True,/home/dipshikha/Music/cao/CISLR_v1.5-a_videos/s5AMrNjoP0Q.mp4,test,True,25.0,74,300,300,2.96
s5cimY-et2g,price,4.0,banking,True,/home/dipshikha/Music/cao/CISLR_v1.5-a_videos/s5cimY-et2g.mp4,test,True,25.0,96,300,300,3.84
s5kbd2DCqpk,bsp,4.0,politics,True,/home/dipshikha/Music/cao/CISLR_v1.5-a_videos/s5kbd2DCqpk.mp4,train,True,24.0,84,300,300,3.5
s5mQsATayMM,approach,5.0,spatial position,True,/home/dipshikha/Music/cao/CISLR_v1.5-a_videos/s5mQsATayMM.mp4,train,True,25.0,108,300,300,4.32
s67I8VUigAU,monkey,4.0,flora and fauna,True,/home/dipshikha/Music/cao/CISLR_v1.5-a_videos/s67I8VUigAU.mp4,test,True,25.0,77,300,300,3.08
s6C3AecUXiY_1,fry,5.0,action,True,/home/dipshikha/Music/cao/CISLR_v1.5-a_videos/s6C3AecUXiY_1.mp4,train,True,25.0,63,300,300,2.52
s7LkPeqby9A,viral diseases animals,13.0,medical,True,/home/dipshikha/Music/cao/CISLR_v1.5-a_videos/s7LkPeqby9A.mp4,train,True,24.0,300,300,300,12.5
s7Rg0qiQ1Fs,tongue,4.0,biology,True,/home/dipshikha/Music/cao/CISLR_v1.5-a_videos/s7Rg0qiQ1Fs.mp4,test,True,25.0,87,300,300,3.48
s7U2zrpRFD0,welder,4.0,profession,True,/home/dipshikha/Music/cao/CISLR_v1.5-a_videos/s7U2zrpRFD0.mp4,test,True,25.0,96,300,300,3.84
s8wH4rgfn20_1,cassette,7.0,sound,True,/home/dipshikha/Music/cao/CISLR_v1.5-a_videos/s8wH4rgfn20_1.mp4,train,True,25.0,75,300,300,3.0
s91r7_fA4O4_1,bills purchased,9.0,banking,True,/home/dipshikha/Music/cao/CISLR_v1.5-a_videos/s91r7_fA4O4_1.mp4,train,True,30.0,135,300,300,4.5
sAQO6QDpXPM_1,gurunanak jayanthi,8.0,event,True,/home/dipshikha/Music/cao/CISLR_v1.5-a_videos/sAQO6QDpXPM_1.mp4,train,True,25.0,88,300,300,3.52
sDKms4XnnWM,luster,9.0,quality,True,/home/dipshikha/Music/cao/CISLR_v1.5-a_videos/sDKms4XnnWM.mp4,train,True,25.0,216,300,300,8.64
sDvfKoCt0nI,rehabilitation,3.0,process,True,/home/dipshikha/Music/cao/CISLR_v1.5-a_videos/sDvfKoCt0nI.mp4,test,True,25.0,74,300,300,2.96
sErgS9d1UdM,vice president,4.0,authority,True,/home/dipshikha/Music/cao/CISLR_v1.5-a_videos/sErgS9d1UdM.mp4,train,True,25.0,92,300,300,3.68
sEu_kUiVDho_1,telugu,7.0,language,True,/home/dipshikha/Music/cao/CISLR_v1.5-a_videos/sEu_kUiVDho_1.mp4,test,True,25.0,75,300,300,3.0
sFjn3cTFUT4,chhattisgarh,4.0,geography,True,/home/dipshikha/Music/cao/CISLR_v1.5-a_videos/sFjn3cTFUT4.mp4,train,True,25.0,97,300,300,3.88
sFyFmt6-rc0,graphics,8.0,computer,True,/home/dipshikha/Music/cao/CISLR_v1.5-a_videos/sFyFmt6-rc0.mp4,train,True,25.0,195,300,300,7.8
sGzaDUwWF18,accordion pleats,9.0,wearable,True,/home/dipshikha/Music/cao/CISLR_v1.5-a_videos/sGzaDUwWF18.mp4,train,True,25.0,217,300,300,8.68
sHXOURRWbpg_1,rebate,6.0,banking,True,/home/dipshikha/Music/cao/CISLR_v1.5-a_videos/sHXOURRWbpg_1.mp4,train,True,30.0,75,300,300,2.5
sIRKe3QdsJ8,reduce,6.0,action,True,/home/dipshikha/Music/cao/CISLR_v1.5-a_videos/sIRKe3QdsJ8.mp4,test,True,25.0,134,300,300,5.36
sJ6Zv0fi1xM,weight,4.0,abstract,True,/home/dipshikha/Music/cao/CISLR_v1.5-a_videos/sJ6Zv0fi1xM.mp4,test,True,25.0,97,300,300,3.88
sJF8p7K6dwk_2,expansion,9.0,quantity,True,/home/dipshikha/Music/cao/CISLR_v1.5-a_videos/sJF8p7K6dwk_2.mp4,test,True,30.0,101,300,300,3.3666666666666667
sKiDLFiFALs,abusive language,11.0,language,True,/home/dipshikha/Music/cao/CISLR_v1.5-a_videos/sKiDLFiFALs.mp4,test,True,25.0,263,300,300,10.52
sLLQkt04ZiQ,drive,4.0,transport,True,/home/dipshikha/Music/cao/CISLR_v1.5-a_videos/sLLQkt04ZiQ.mp4,test,True,25.0,95,300,300,3.8
sM0iALMvEmk,february,6.0,time,True,/home/dipshikha/Music/cao/CISLR_v1.5-a_videos/sM0iALMvEmk.mp4,test,True,30.0,159,300,300,5.3
sMdon0OffjU,harass,4.0,emotion,True,/home/dipshikha/Music/cao/CISLR_v1.5-a_videos/sMdon0OffjU.mp4,train,True,25.0,92,300,300,3.68
sNQ2sQ75wJ8,snip,5.0,utility item,True,/home/dipshikha/Music/cao/CISLR_v1.5-a_videos/sNQ2sQ75wJ8.mp4,train,True,25.0,105,300,300,4.2
sNWCdBEIWa8_1,qualification,7.0,abstract,True,/home/dipshikha/Music/cao/CISLR_v1.5-a_videos/sNWCdBEIWa8_1.mp4,test,True,29.916666666666668,90,300,300,3.0083565459610027
sNYOD_Qd7Mw,week,3.0,time,True,/home/dipshikha/Music/cao/CISLR_v1.5-a_videos/sNYOD_Qd7Mw.mp4,test,True,25.0,61,300,300,2.44
sOOzZZY-gQI,mexico,3.0,geography,True,/home/dipshikha/Music/cao/CISLR_v1.5-a_videos/sOOzZZY-gQI.mp4,train,True,25.0,67,300,300,2.68
sORWtcK5Cl4,associate professor,5.0,profession,True,/home/dipshikha/Music/cao/CISLR_v1.5-a_videos/sORWtcK5Cl4.mp4,train,True,25.0,120,300,300,4.8
sOSo5pep4dg_1,patna,5.0,geography,True,/home/dipshikha/Music/cao/CISLR_v1.5-a_videos/sOSo5pep4dg_1.mp4,test,True,25.0,63,300,300,2.52
sOXdM996SmA_1,less,6.0,quantity,True,/home/dipshikha/Music/cao/CISLR_v1.5-a_videos/sOXdM996SmA_1.mp4,train,True,25.0,63,300,300,2.52
sOfglCTtdsY_1,creeper,7.0,flora and fauna,True,/home/dipshikha/Music/cao/CISLR_v1.5-a_videos/sOfglCTtdsY_1.mp4,train,True,30.0,90,300,300,3.0
sOhE4j6NGm0_1,tiger,7.0,flora and fauna,True,/home/dipshikha/Music/cao/CISLR_v1.5-a_videos/sOhE4j6NGm0_1.mp4,test,True,30.0,90,300,300,3.0
sPqivRKBiNc,visual,4.0,abstract,True,/home/dipshikha/Music/cao/CISLR_v1.5-a_videos/sPqivRKBiNc.mp4,train,True,25.0,84,300,300,3.36
sPzCUfCMJH4,april,4.0,time,True,/home/dipshikha/Music/cao/CISLR_v1.5-a_videos/sPzCUfCMJH4.mp4,test,True,25.0,100,300,300,4.0
sQwcW3szYW8_2,account payee only,9.0,banking,True,/home/dipshikha/Music/cao/CISLR_v1.5-a_videos/sQwcW3szYW8_2.mp4,train,True,30.0,130,300,300,4.333333333333333
sSvBHFI6AOk,date,5.0,time,True,/home/dipshikha/Music/cao/CISLR_v1.5-a_videos/sSvBHFI6AOk.mp4,test,True,25.0,114,300,300,4.56
sT540WDiY_U,elevated plot,11.0,geography,True,/home/dipshikha/Music/cao/CISLR_v1.5-a_videos/sT540WDiY_U.mp4,train,True,24.0,242,300,300,10.083333333333334
sTrWqNmE5HA,village,3.0,geography,True,/home/dipshikha/Music/cao/CISLR_v1.5-a_videos/sTrWqNmE5HA.mp4,test,True,25.0,69,300,300,2.76
sUBUK2M2nAY_1,tamil nadu,7.0,geography,True,/home/dipshikha/Music/cao/CISLR_v1.5-a_videos/sUBUK2M2nAY_1.mp4,test,True,25.0,75,300,300,3.0
sUjhP9obOxY,bike suspension,9.0,machine,True,/home/dipshikha/Music/cao/CISLR_v1.5-a_videos/sUjhP9obOxY.mp4,test,True,24.0,212,300,300,8.833333333333334
sWKP1r9ykRQ,head,5.0,biology,True,/home/dipshikha/Music/cao/CISLR_v1.5-a_videos/sWKP1r9ykRQ.mp4,test,True,25.0,100,300,300,4.0
sXWMPF_Enus,surface runoff,13.0,geography,True,/home/dipshikha/Music/cao/CISLR_v1.5-a_videos/sXWMPF_Enus.mp4,train,True,25.0,311,300,300,12.44
sY360i7TkCA_1,zebra,6.0,flora and fauna,True,/home/dipshikha/Music/cao/CISLR_v1.5-a_videos/sY360i7TkCA_1.mp4,test,True,30.0,75,300,300,2.5
sYoLxEMCh9E_1,demand draft,6.0,banking,True,/home/dipshikha/Music/cao/CISLR_v1.5-a_videos/sYoLxEMCh9E_1.mp4,test,True,25.0,75,300,300,3.0
sZ1qra1mVEU_1,st,10.0,group,True,/home/dipshikha/Music/cao/CISLR_v1.5-a_videos/sZ1qra1mVEU_1.mp4,train,True,30.0,135,300,300,4.5
sZKjZfzGTVg,drunk driving,5.0,legal,True,/home/dipshikha/Music/cao/CISLR_v1.5-a_videos/sZKjZfzGTVg.mp4,train,True,25.0,111,300,300,4.44
sZXEa_h85YQ,regular,5.0,attribute,True,/home/dipshikha/Music/cao/CISLR_v1.5-a_videos/sZXEa_h85YQ.mp4,test,True,25.0,101,300,300,4.04
sZYTPis34fI_1,part time,11.0,profession,True,/home/dipshikha/Music/cao/CISLR_v1.5-a_videos/sZYTPis34fI_1.mp4,train,True,30.0,150,300,300,5.0
sZ_d3pRaDzY,storey skyscraper,5.0,construction,True,/home/dipshikha/Music/cao/CISLR_v1.5-a_videos/sZ_d3pRaDzY.mp4,train,True,24.0,104,300,300,4.333333333333333
sZpGP0kZeqo_1,pappad,6.0,foods and drinks,True,/home/dipshikha/Music/cao/CISLR_v1.5-a_videos/sZpGP0kZeqo_1.mp4,train,True,25.0,63,300,300,2.52
s_VX_84e7iM_1,full moon day,9.0,event,True,/home/dipshikha/Music/cao/CISLR_v1.5-a_videos/s_VX_84e7iM_1.mp4,test,True,25.0,100,300,300,4.0
sbcGX30IGvI,electrode,10.0,chemistry,True,/home/dipshikha/Music/cao/CISLR_v1.5-a_videos/sbcGX30IGvI.mp4,test,True,25.0,229,300,300,9.16
sblmoDlSQ7U,bold,14.0,attribute,True,/home/dipshikha/Music/cao/CISLR_v1.5-a_videos/sblmoDlSQ7U.mp4,test,True,25.0,331,300,300,13.24
sbyKhp04Wdw_1,proud,6.0,attribute,True,/home/dipshikha/Music/cao/CISLR_v1.5-a_videos/sbyKhp04Wdw_1.mp4,test,True,30.0,90,300,300,3.0
setzKjXP4MM_1,peacock,7.0,flora and fauna,True,/home/dipshikha/Music/cao/CISLR_v1.5-a_videos/setzKjXP4MM_1.mp4,test,True,30.0,90,300,300,3.0
seuq2MSa2X0_1,lizard,6.0,flora and fauna,True,/home/dipshikha/Music/cao/CISLR_v1.5-a_videos/seuq2MSa2X0_1.mp4,train,True,30.0,75,300,300,2.5
sfB6sqRdrFY,excavation,8.0,process,True,/home/dipshikha/Music/cao/CISLR_v1.5-a_videos/sfB6sqRdrFY.mp4,train,True,25.0,180,300,300,7.2
sfOCOxSfs10_1,warn,7.0,action,True,/home/dipshikha/Music/cao/CISLR_v1.5-a_videos/sfOCOxSfs10_1.mp4,test,True,25.0,88,300,300,3.52
sfpvbKAz4Oo,iron,5.0,metal and minerals,True,/home/dipshikha/Music/cao/CISLR_v1.5-a_videos/sfpvbKAz4Oo.mp4,test,True,25.0,101,300,300,4.04
sh5goqn8bGI,question,4.0,abstract,True,/home/dipshikha/Music/cao/CISLR_v1.5-a_videos/sh5goqn8bGI.mp4,test,True,25.0,95,300,300,3.8
siXvRrMuC0s,supervise,4.0,action,True,/home/dipshikha/Music/cao/CISLR_v1.5-a_videos/siXvRrMuC0s.mp4,train,True,25.0,93,300,300,3.72
sj8kYLtXNZU,bowl,5.0,utility item,True,/home/dipshikha/Music/cao/CISLR_v1.5-a_videos/sj8kYLtXNZU.mp4,test,True,25.0,118,300,300,4.72
sj9wd5B3KfQ_1,opaque,7.0,attribute,True,/home/dipshikha/Music/cao/CISLR_v1.5-a_videos/sj9wd5B3KfQ_1.mp4,train,True,25.0,88,300,300,3.52
sjpTILsokjg_1,thursday,5.0,time,True,/home/dipshikha/Music/cao/CISLR_v1.5-a_videos/sjpTILsokjg_1.mp4,test,True,30.0,75,300,300,2.5
sjpdu42KxwI,meat,5.0,foods and drinks,True,/home/dipshikha/Music/cao/CISLR_v1.5-a_videos/sjpdu42KxwI.mp4,test,True,25.0,107,300,300,4.28
sjzz-U6f2E0_1,review,11.0,quality,True,/home/dipshikha/Music/cao/CISLR_v1.5-a_videos/sjzz-U6f2E0_1.mp4,train,True,30.0,165,300,300,5.5
sklN8_APb_s,acacia fernesiana,15.0,flora and fauna,True,/home/dipshikha/Music/cao/CISLR_v1.5-a_videos/sklN8_APb_s.mp4,train,True,24.0,358,300,300,14.916666666666666
sm67xCmbfNs_1,beverages,5.0,foods and drinks,True,/home/dipshikha/Music/cao/CISLR_v1.5-a_videos/sm67xCmbfNs_1.mp4,train,True,25.0,63,300,300,2.52
smJOWK8guVY_1,helicopter,8.0,transport,True,/home/dipshikha/Music/cao/CISLR_v1.5-a_videos/smJOWK8guVY_1.mp4,train,True,25.0,100,300,300,4.0
smKYyxd26GY_1,under,5.0,spatial position,True,/home/dipshikha/Music/cao/CISLR_v1.5-a_videos/smKYyxd26GY_1.mp4,test,True,25.0,50,300,300,2.0
sn0j9u42p5Q,mistake,6.0,abstract,True,/home/dipshikha/Music/cao/CISLR_v1.5-a_videos/sn0j9u42p5Q.mp4,test,True,25.0,135,300,300,5.4
soEw9PTY8Yw_1,bowl,6.0,utility item,True,/home/dipshikha/Music/cao/CISLR_v1.5-a_videos/soEw9PTY8Yw_1.mp4,test,True,30.0,75,300,300,2.5
sp7GuSz7GRE,bauhinia accuminata,11.0,flora and fauna,True,/home/dipshikha/Music/cao/CISLR_v1.5-a_videos/sp7GuSz7GRE.mp4,train,True,25.0,256,300,300,10.24
sq2CV6RjGtA_2,switch,8.0,electronic and electrical,True,/home/dipshikha/Music/cao/CISLR_v1.5-a_videos/sq2CV6RjGtA_2.mp4,test,True,30.0,94,300,300,3.1333333333333333
src6zFQawX0_1,leaf,6.0,flora and fauna,True,/home/dipshikha/Music/cao/CISLR_v1.5-a_videos/src6zFQawX0_1.mp4,test,True,30.0,75,300,300,2.5
su2McEzbxzg_2,magnification,8.0,physics,True,/home/dipshikha/Music/cao/CISLR_v1.5-a_videos/su2McEzbxzg_2.mp4,train,True,30.0,87,300,300,2.9
suvKXxPyaWM_1,promise,6.0,action,True,/home/dipshikha/Music/cao/CISLR_v1.5-a_videos/suvKXxPyaWM_1.mp4,test,True,25.0,75,300,300,3.0
svQ3jUcN4f8,goa,4.0,geography,True,/home/dipshikha/Music/cao/CISLR_v1.5-a_videos/svQ3jUcN4f8.mp4,test,True,25.0,99,300,300,3.96
svQLNa2vzFI,cooling sheet,6.0,metal and minerals,True,/home/dipshikha/Music/cao/CISLR_v1.5-a_videos/svQLNa2vzFI.mp4,train,True,25.0,136,300,300,5.44
sverVWEAPD8_1,never,6.0,abstract,True,/home/dipshikha/Music/cao/CISLR_v1.5-a_videos/sverVWEAPD8_1.mp4,test,True,30.0,75,300,300,2.5
sw0z81Ri4ps,one lakh,5.0,math,True,/home/dipshikha/Music/cao/CISLR_v1.5-a_videos/sw0z81Ri4ps.mp4,train,True,25.0,117,300,300,4.68
sy0W-04L9Gk_1,jail,6.0,construction,True,/home/dipshikha/Music/cao/CISLR_v1.5-a_videos/sy0W-04L9Gk_1.mp4,test,True,25.0,63,300,300,2.52
syK7APT1R4w,interest,5.0,behavior,True,/home/dipshikha/Music/cao/CISLR_v1.5-a_videos/syK7APT1R4w.mp4,test,True,25.0,105,300,300,4.2
syVYgoc2dUI_2,neutron,10.0,physics,True,/home/dipshikha/Music/cao/CISLR_v1.5-a_videos/syVYgoc2dUI_2.mp4,train,True,30.0,130,300,300,4.333333333333333
syXsQXIoZEI,excuse,6.0,action,True,/home/dipshikha/Music/cao/CISLR_v1.5-a_videos/syXsQXIoZEI.mp4,train,True,25.0,127,300,300,5.08
syeNmftfElg,bluetooth,4.0,internet,True,/home/dipshikha/Music/cao/CISLR_v1.5-a_videos/syeNmftfElg.mp4,train,True,25.0,91,300,300,3.64
syi9ijwHDR0_1,waist,7.0,biology,True,/home/dipshikha/Music/cao/CISLR_v1.5-a_videos/syi9ijwHDR0_1.mp4,train,True,30.0,105,300,300,3.5
t1ElZ8Bbzyg,online,6.0,internet,True,/home/dipshikha/Music/cao/CISLR_v1.5-a_videos/t1ElZ8Bbzyg.mp4,test,True,25.0,131,300,300,5.24
t1XvJu6yRk8_1,clean,7.0,action,True,/home/dipshikha/Music/cao/CISLR_v1.5-a_videos/t1XvJu6yRk8_1.mp4,test,True,25.0,75,300,300,3.0
t33d8E-JtV0_1,rock,7.0,miscellaneous object,True,/home/dipshikha/Music/cao/CISLR_v1.5-a_videos/t33d8E-JtV0_1.mp4,test,True,25.0,88,300,300,3.52
t39zwxTZXXk_1,vessel,7.0,utility item,True,/home/dipshikha/Music/cao/CISLR_v1.5-a_videos/t39zwxTZXXk_1.mp4,test,True,30.0,90,300,300,3.0
t3QUjMIwyxE_1,airport,5.0,transport,True,/home/dipshikha/Music/cao/CISLR_v1.5-a_videos/t3QUjMIwyxE_1.mp4,train,True,25.0,63,300,300,2.52
t3XnfkCsUiY_1,cone,8.0,miscellaneous object,True,/home/dipshikha/Music/cao/CISLR_v1.5-a_videos/t3XnfkCsUiY_1.mp4,test,True,30.0,120,300,300,4.0
t454iG2RVJg_1,word,6.0,language,True,/home/dipshikha/Music/cao/CISLR_v1.5-a_videos/t454iG2RVJg_1.mp4,test,True,25.0,63,300,300,2.52
t5uTmmYDQdI_1,opening balance,9.0,banking,True,/home/dipshikha/Music/cao/CISLR_v1.5-a_videos/t5uTmmYDQdI_1.mp4,train,True,30.0,120,300,300,4.0
t6HMWWJR398_1,passing official,9.0,banking,True,/home/dipshikha/Music/cao/CISLR_v1.5-a_videos/t6HMWWJR398_1.mp4,train,True,30.0,120,300,300,4.0
t6P93AbQbjQ_1,sow,7.0,action,True,/home/dipshikha/Music/cao/CISLR_v1.5-a_videos/t6P93AbQbjQ_1.mp4,train,True,25.0,75,300,300,3.0
t6mh1uRdQQw_1,terminate,8.0,action,True,/home/dipshikha/Music/cao/CISLR_v1.5-a_videos/t6mh1uRdQQw_1.mp4,train,True,30.0,105,300,300,3.5
t6qqXzf4tq8,edit,4.0,action,True,/home/dipshikha/Music/cao/CISLR_v1.5-a_videos/t6qqXzf4tq8.mp4,test,True,25.0,83,300,300,3.32
t70Wrphzj2w_1,chappels,6.0,wearable,True,/home/dipshikha/Music/cao/CISLR_v1.5-a_videos/t70Wrphzj2w_1.mp4,test,True,25.0,75,300,300,3.0
t729MGitv94,over and over again,4.0,abstract,True,/home/dipshikha/Music/cao/CISLR_v1.5-a_videos/t729MGitv94.mp4,train,True,25.0,98,300,300,3.92
t7BWrIChL1Y,comfortable,4.0,sensation,True,/home/dipshikha/Music/cao/CISLR_v1.5-a_videos/t7BWrIChL1Y.mp4,test,True,25.0,94,300,300,3.76
t7nY3ygqVlQ,rough cut,9.0,action,True,/home/dipshikha/Music/cao/CISLR_v1.5-a_videos/t7nY3ygqVlQ.mp4,train,True,24.0,206,300,300,8.583333333333334
t7t7Jioxeu8,diwali,4.0,event,True,/home/dipshikha/Music/cao/CISLR_v1.5-a_videos/t7t7Jioxeu8.mp4,test,True,25.0,84,300,300,3.36
t8sdmhD1yCc_1,cholera,6.0,medical,True,/home/dipshikha/Music/cao/CISLR_v1.5-a_videos/t8sdmhD1yCc_1.mp4,test,True,30.0,75,300,300,2.5
t8z3PzQKmwg,gas stove,5.0,instrument,True,/home/dipshikha/Music/cao/CISLR_v1.5-a_videos/t8z3PzQKmwg.mp4,test,True,25.0,120,300,300,4.8
t9b5K6YsBk8,gun,3.0,machine,True,/home/dipshikha/Music/cao/CISLR_v1.5-a_videos/t9b5K6YsBk8.mp4,test,True,25.0,70,300,300,2.8
t9pvXOgaJe8,work,4.0,action,True,/home/dipshikha/Music/cao/CISLR_v1.5-a_videos/t9pvXOgaJe8.mp4,test,True,25.0,86,300,300,3.44
tAVnVRAbkz8_2,electric appliances,9.0,electronic and electrical,True,/home/dipshikha/Music/cao/CISLR_v1.5-a_videos/tAVnVRAbkz8_2.mp4,train,True,30.0,104,300,300,3.466666666666667
tB9EhSaD8MY_1,cl,7.0,legal,True,/home/dipshikha/Music/cao/CISLR_v1.5-a_videos/tB9EhSaD8MY_1.mp4,train,True,30.0,90,300,300,3.0
tB_xkoYZGBY_1,memorize,7.0,action,True,/home/dipshikha/Music/cao/CISLR_v1.5-a_videos/tB_xkoYZGBY_1.mp4,train,True,25.0,75,300,300,3.0
tD71RsErB30,weeds near to pond margin,14.0,flora and fauna,True,/home/dipshikha/Music/cao/CISLR_v1.5-a_videos/tD71RsErB30.mp4,train,True,25.0,341,300,300,13.64
tD_WEFLyuDY,toyota,5.0,organisation,True,/home/dipshikha/Music/cao/CISLR_v1.5-a_videos/tD_WEFLyuDY.mp4,train,True,25.0,108,300,300,4.32
tDtIQ2M-GRo,water motor,5.0,electronic and electrical,True,/home/dipshikha/Music/cao/CISLR_v1.5-a_videos/tDtIQ2M-GRo.mp4,train,True,25.0,103,300,300,4.12
tDtdGkG9-OE,jainism,3.0,religious,True,/home/dipshikha/Music/cao/CISLR_v1.5-a_videos/tDtdGkG9-OE.mp4,train,True,25.0,74,300,300,2.96
tDvbCVB02yA,scientist,7.0,profession,True,/home/dipshikha/Music/cao/CISLR_v1.5-a_videos/tDvbCVB02yA.mp4,train,True,25.0,156,300,300,6.24
tEJlKXA7Lkg,united nations convention on the rights of persons with disabilities uncrpd,5.0,organisation,True,/home/dipshikha/Music/cao/CISLR_v1.5-a_videos/tEJlKXA7Lkg.mp4,test,True,25.0,113,300,300,4.52
tF3WaFt4kdY,uco bank,6.0,organisation,True,/home/dipshikha/Music/cao/CISLR_v1.5-a_videos/tF3WaFt4kdY.mp4,train,True,24.0,120,300,300,5.0
tFftFv6aIjE_1,clearing house,11.0,banking,True,/home/dipshikha/Music/cao/CISLR_v1.5-a_videos/tFftFv6aIjE_1.mp4,train,True,30.0,165,300,300,5.5
tHMs61ZefE8,embroidery,6.0,wearable,True,/home/dipshikha/Music/cao/CISLR_v1.5-a_videos/tHMs61ZefE8.mp4,test,True,25.0,79,300,300,3.16
tHNhqhFdMgQ,whatsapp,4.0,internet,True,/home/dipshikha/Music/cao/CISLR_v1.5-a_videos/tHNhqhFdMgQ.mp4,train,True,25.0,97,300,300,3.88
tHSogBpBi5A,raise,4.0,action,True,/home/dipshikha/Music/cao/CISLR_v1.5-a_videos/tHSogBpBi5A.mp4,train,True,25.0,88,300,300,3.52
tHW-NM2H3f8_1,teeth,7.0,biology,True,/home/dipshikha/Music/cao/CISLR_v1.5-a_videos/tHW-NM2H3f8_1.mp4,test,True,30.0,90,300,300,3.0
tI8qa4gE3uQ_2,variety,7.0,quantity,True,/home/dipshikha/Music/cao/CISLR_v1.5-a_videos/tI8qa4gE3uQ_2.mp4,train,True,30.0,96,300,300,3.2
tJXSJJCLffU_1,creeper,7.0,flora and fauna,True,/home/dipshikha/Music/cao/CISLR_v1.5-a_videos/tJXSJJCLffU_1.mp4,test,True,30.0,90,300,300,3.0
tKKM601QlDM_2,glass bod,8.0,utility item,True,/home/dipshikha/Music/cao/CISLR_v1.5-a_videos/tKKM601QlDM_2.mp4,train,True,30.0,90,300,300,3.0
tKNmTJAEhBI_1,uncalled,8.0,banking,True,/home/dipshikha/Music/cao/CISLR_v1.5-a_videos/tKNmTJAEhBI_1.mp4,train,True,30.0,120,300,300,4.0
tKOaMOhEaX4_1,oath,7.0,legal,True,/home/dipshikha/Music/cao/CISLR_v1.5-a_videos/tKOaMOhEaX4_1.mp4,test,True,30.0,90,300,300,3.0
tKdTQmBRJks_2,infrared ray,11.0,physics,True,/home/dipshikha/Music/cao/CISLR_v1.5-a_videos/tKdTQmBRJks_2.mp4,train,True,30.0,144,300,300,4.8
tKmXdtC6FLA,workshop,5.0,event,True,/home/dipshikha/Music/cao/CISLR_v1.5-a_videos/tKmXdtC6FLA.mp4,train,True,25.0,107,300,300,4.28
tLOTRTxqIS4_1,sick,7.0,medical,True,/home/dipshikha/Music/cao/CISLR_v1.5-a_videos/tLOTRTxqIS4_1.mp4,test,True,30.0,90,300,300,3.0
tMKMjQtqO2U_2,important,9.0,attribute,True,/home/dipshikha/Music/cao/CISLR_v1.5-a_videos/tMKMjQtqO2U_2.mp4,train,True,30.0,97,300,300,3.2333333333333334
tMYNBmb808w,prize,8.0,miscellaneous object,True,/home/dipshikha/Music/cao/CISLR_v1.5-a_videos/tMYNBmb808w.mp4,test,True,25.0,190,300,300,7.6
tNNf1uxRiDU,pastry,5.0,foods and drinks,True,/home/dipshikha/Music/cao/CISLR_v1.5-a_videos/tNNf1uxRiDU.mp4,train,True,25.0,114,300,300,4.56
tNObn5kXF7Y_1,custard apple,8.0,foods and drinks,True,/home/dipshikha/Music/cao/CISLR_v1.5-a_videos/tNObn5kXF7Y_1.mp4,train,True,25.0,88,300,300,3.52
tOHjjyuut4A_1,bell,6.0,miscellaneous object,True,/home/dipshikha/Music/cao/CISLR_v1.5-a_videos/tOHjjyuut4A_1.mp4,test,True,25.0,63,300,300,2.52
tOrStACTZII_1,opinion,6.0,abstract,True,/home/dipshikha/Music/cao/CISLR_v1.5-a_videos/tOrStACTZII_1.mp4,test,True,30.0,90,300,300,3.0
tPNg2Waa57k,believe,4.0,action,True,/home/dipshikha/Music/cao/CISLR_v1.5-a_videos/tPNg2Waa57k.mp4,train,True,25.0,82,300,300,3.28
tPpANCTOBgs_1,hers,6.0,relation,True,/home/dipshikha/Music/cao/CISLR_v1.5-a_videos/tPpANCTOBgs_1.mp4,train,True,25.0,75,300,300,3.0
tPy0Fs9D3CA,district jail,5.0,legal,True,/home/dipshikha/Music/cao/CISLR_v1.5-a_videos/tPy0Fs9D3CA.mp4,train,True,24.0,103,300,300,4.291666666666667
tRNnbHdT9Ms_1,old,5.0,time,True,/home/dipshikha/Music/cao/CISLR_v1.5-a_videos/tRNnbHdT9Ms_1.mp4,test,True,25.0,63,300,300,2.52
tRo9FnfeFj8,dussehra,4.0,religious,True,/home/dipshikha/Music/cao/CISLR_v1.5-a_videos/tRo9FnfeFj8.mp4,train,True,25.0,91,300,300,3.64
tS7NrrYnx_E_1,son,11.0,relation,True,/home/dipshikha/Music/cao/CISLR_v1.5-a_videos/tS7NrrYnx_E_1.mp4,test,True,30.0,150,300,300,5.0
tS9ulw9g7uA_1,himself,6.0,language,True,/home/dipshikha/Music/cao/CISLR_v1.5-a_videos/tS9ulw9g7uA_1.mp4,train,True,25.0,75,300,300,3.0
tSSAkPEkMn8_1,modification,11.0,process,True,/home/dipshikha/Music/cao/CISLR_v1.5-a_videos/tSSAkPEkMn8_1.mp4,train,True,30.0,150,300,300,5.0
tS_WbbhJD2I,coarse aggregate,13.0,metal and minerals,True,/home/dipshikha/Music/cao/CISLR_v1.5-a_videos/tS_WbbhJD2I.mp4,train,True,25.0,320,300,300,12.8
tSc2wja2FZU,intestate,13.0,legal,True,/home/dipshikha/Music/cao/CISLR_v1.5-a_videos/tSc2wja2FZU.mp4,train,True,25.0,322,300,300,12.88
tSgEtTP4jkM_1,chemistry,6.0,chemistry,True,/home/dipshikha/Music/cao/CISLR_v1.5-a_videos/tSgEtTP4jkM_1.mp4,train,True,25.0,75,300,300,3.0
tShdaK0wAgk_1,chair,6.0,utility item,True,/home/dipshikha/Music/cao/CISLR_v1.5-a_videos/tShdaK0wAgk_1.mp4,test,True,30.0,90,300,300,3.0
tTM_n97xYp4,photographer,5.0,profession,True,/home/dipshikha/Music/cao/CISLR_v1.5-a_videos/tTM_n97xYp4.mp4,train,True,25.0,119,300,300,4.76
tTjQsNGEeZ0_1,after,6.0,spatial position,True,/home/dipshikha/Music/cao/CISLR_v1.5-a_videos/tTjQsNGEeZ0_1.mp4,test,True,25.0,63,300,300,2.52
tUV7RnfFTa4,christmas,5.0,event,True,/home/dipshikha/Music/cao/CISLR_v1.5-a_videos/tUV7RnfFTa4.mp4,test,True,25.0,108,300,300,4.32
tUegsOrBY1U_1,telegram,7.0,electronic and electrical,True,/home/dipshikha/Music/cao/CISLR_v1.5-a_videos/tUegsOrBY1U_1.mp4,train,True,25.0,75,300,300,3.0
tY45mTvKGKc,double,4.0,quantity,True,/home/dipshikha/Music/cao/CISLR_v1.5-a_videos/tY45mTvKGKc.mp4,train,True,25.0,94,300,300,3.76
tY7LqqsBV5Y,archaeologist,11.0,profession,True,/home/dipshikha/Music/cao/CISLR_v1.5-a_videos/tY7LqqsBV5Y.mp4,train,True,25.0,264,300,300,10.56
tYDAioUJUPQ_1,sunday,6.0,time,True,/home/dipshikha/Music/cao/CISLR_v1.5-a_videos/tYDAioUJUPQ_1.mp4,test,True,30.0,75,300,300,2.5
tZ28xXARcyk_1,duck,7.0,flora and fauna,True,/home/dipshikha/Music/cao/CISLR_v1.5-a_videos/tZ28xXARcyk_1.mp4,test,True,30.0,105,300,300,3.5
tZRz_YRiaYw,forgive,8.0,behavior,True,/home/dipshikha/Music/cao/CISLR_v1.5-a_videos/tZRz_YRiaYw.mp4,train,True,25.0,195,300,300,7.8
ta3rguAgy9M_1,isreal,6.0,geography,True,/home/dipshikha/Music/cao/CISLR_v1.5-a_videos/ta3rguAgy9M_1.mp4,train,True,25.0,75,300,300,3.0
ta7_tTeIt6c_1,cough,6.0,medical,True,/home/dipshikha/Music/cao/CISLR_v1.5-a_videos/ta7_tTeIt6c_1.mp4,test,True,30.0,90,300,300,3.0
tahzIp5we8o,jams,10.0,wearable,True,/home/dipshikha/Music/cao/CISLR_v1.5-a_videos/tahzIp5we8o.mp4,train,True,25.0,241,300,300,9.64
tbKfPkTlfQk_1,written down value,12.0,math,True,/home/dipshikha/Music/cao/CISLR_v1.5-a_videos/tbKfPkTlfQk_1.mp4,train,True,30.0,165,300,300,5.5
tbjIgLxJxic_2,dish antenna,11.0,electronic and electrical,True,/home/dipshikha/Music/cao/CISLR_v1.5-a_videos/tbjIgLxJxic_2.mp4,train,True,30.0,128,300,300,4.266666666666667
tcHUMXaIuw0,indian sign language teachers  association,3.0,organisation,True,/home/dipshikha/Music/cao/CISLR_v1.5-a_videos/tcHUMXaIuw0.mp4,train,True,25.0,63,300,300,2.52
tcLqrt9QnPA_1,nationalisation,12.0,sensation,True,/home/dipshikha/Music/cao/CISLR_v1.5-a_videos/tcLqrt9QnPA_1.mp4,train,True,30.0,165,300,300,5.5
tcPXoZXEs2g,south africa,4.0,geography,True,/home/dipshikha/Music/cao/CISLR_v1.5-a_videos/tcPXoZXEs2g.mp4,train,True,25.0,83,300,300,3.32
tcvRMX6s_b8_1,overall,8.0,abstract,True,/home/dipshikha/Music/cao/CISLR_v1.5-a_videos/tcvRMX6s_b8_1.mp4,train,True,30.0,105,300,300,3.5
td1WlMO5Frw_1,bold,6.0,attribute,True,/home/dipshikha/Music/cao/CISLR_v1.5-a_videos/td1WlMO5Frw_1.mp4,test,True,30.0,75,300,300,2.5
teuX8mrgOVk_2,rainbow,9.0,weather,True,/home/dipshikha/Music/cao/CISLR_v1.5-a_videos/teuX8mrgOVk_2.mp4,test,True,30.0,117,300,300,3.9
tg9QaW7Pvm8,leaf,5.0,flora and fauna,True,/home/dipshikha/Music/cao/CISLR_v1.5-a_videos/tg9QaW7Pvm8.mp4,test,True,25.0,118,300,300,4.72
tgJL-RUAvO8,weird,3.0,abstract,True,/home/dipshikha/Music/cao/CISLR_v1.5-a_videos/tgJL-RUAvO8.mp4,test,True,25.0,70,300,300,2.8
tgq3cpoyWB4,classification of poultry diseases,10.0,action,True,/home/dipshikha/Music/cao/CISLR_v1.5-a_videos/tgq3cpoyWB4.mp4,train,True,24.0,230,300,300,9.583333333333334
tjA2aFyBuY4,adult,5.0,stage,True,/home/dipshikha/Music/cao/CISLR_v1.5-a_videos/tjA2aFyBuY4.mp4,test,True,25.0,107,300,300,4.28
tkO1_qURjXM,volume,6.0,sound,True,/home/dipshikha/Music/cao/CISLR_v1.5-a_videos/tkO1_qURjXM.mp4,test,True,25.0,144,300,300,5.76
tkqalXOIXJA,rasgulla,6.0,foods and drinks,True,/home/dipshikha/Music/cao/CISLR_v1.5-a_videos/tkqalXOIXJA.mp4,train,True,25.0,145,300,300,5.8
tmVG2vu0ZGA,mizoram,4.0,geography,True,/home/dipshikha/Music/cao/CISLR_v1.5-a_videos/tmVG2vu0ZGA.mp4,test,True,25.0,91,300,300,3.64
tm_qJX6hHFg,voice,4.0,sound,True,/home/dipshikha/Music/cao/CISLR_v1.5-a_videos/tm_qJX6hHFg.mp4,train,True,25.0,79,300,300,3.16
tnMi73_WfPg,middle,5.0,comparator,True,/home/dipshikha/Music/cao/CISLR_v1.5-a_videos/tnMi73_WfPg.mp4,test,True,25.0,109,300,300,4.36
tnQmQCzJKfI,carry on,5.0,stage,True,/home/dipshikha/Music/cao/CISLR_v1.5-a_videos/tnQmQCzJKfI.mp4,train,True,25.0,101,300,300,4.04
todyjVC_JTs,jointing,14.0,process,True,/home/dipshikha/Music/cao/CISLR_v1.5-a_videos/todyjVC_JTs.mp4,train,True,25.0,350,300,300,14.0
tol7I8LtJK0,bonus,4.0,abstract,True,/home/dipshikha/Music/cao/CISLR_v1.5-a_videos/tol7I8LtJK0.mp4,test,True,25.0,76,300,300,3.04
top7pkA_DgY_1,individual,7.0,quantity,True,/home/dipshikha/Music/cao/CISLR_v1.5-a_videos/top7pkA_DgY_1.mp4,test,True,30.0,90,300,300,3.0
tpBaPkXYVZw_2,transfer,7.0,action,True,/home/dipshikha/Music/cao/CISLR_v1.5-a_videos/tpBaPkXYVZw_2.mp4,test,True,30.0,77,300,300,2.566666666666667
tplh8l5q74U,loan,5.0,banking,True,/home/dipshikha/Music/cao/CISLR_v1.5-a_videos/tplh8l5q74U.mp4,test,True,25.0,120,300,300,4.8
tq85NQ0vOkA,tape,4.0,utility item,True,/home/dipshikha/Music/cao/CISLR_v1.5-a_videos/tq85NQ0vOkA.mp4,train,True,25.0,81,300,300,3.24
tq8jQqoHYFA,isl,5.0,language,True,/home/dipshikha/Music/cao/CISLR_v1.5-a_videos/tq8jQqoHYFA.mp4,test,True,25.0,125,300,300,5.0
tquKNwZ2GmA_1,sweet,7.0,attribute,True,/home/dipshikha/Music/cao/CISLR_v1.5-a_videos/tquKNwZ2GmA_1.mp4,test,True,25.0,75,300,300,3.0
tr9YJUmvus8_1,assets,10.0,banking,True,/home/dipshikha/Music/cao/CISLR_v1.5-a_videos/tr9YJUmvus8_1.mp4,train,True,30.0,135,300,300,4.5
tt4b-WhpGQo,saudi arabia,4.0,geography,True,/home/dipshikha/Music/cao/CISLR_v1.5-a_videos/tt4b-WhpGQo.mp4,train,True,25.0,76,300,300,3.04
tuWWc-SdvF0_1,ornaments,8.0,instrument,True,/home/dipshikha/Music/cao/CISLR_v1.5-a_videos/tuWWc-SdvF0_1.mp4,train,True,25.0,88,300,300,3.52
tuw6tMLjHwQ_1,magic,6.0,abstract,True,/home/dipshikha/Music/cao/CISLR_v1.5-a_videos/tuw6tMLjHwQ_1.mp4,test,True,25.0,63,300,300,2.52
twc2FUfpUYs,slope,5.0,abstract,True,/home/dipshikha/Music/cao/CISLR_v1.5-a_videos/twc2FUfpUYs.mp4,train,True,25.0,124,300,300,4.96
tx2Z3baCxLA_1,interest,7.0,behavior,True,/home/dipshikha/Music/cao/CISLR_v1.5-a_videos/tx2Z3baCxLA_1.mp4,test,True,30.0,105,300,300,3.5
txywF-r9y2Q_1,signatory,8.0,banking,True,/home/dipshikha/Music/cao/CISLR_v1.5-a_videos/txywF-r9y2Q_1.mp4,train,True,30.0,105,300,300,3.5
tyLcsnN8-v4,shape,8.0,math,True,/home/dipshikha/Music/cao/CISLR_v1.5-a_videos/tyLcsnN8-v4.mp4,test,True,25.0,200,300,300,8.0
ty_tchoaG4Y_2,specific,8.0,quality,True,/home/dipshikha/Music/cao/CISLR_v1.5-a_videos/ty_tchoaG4Y_2.mp4,train,True,30.0,78,300,300,2.6
tzW3OXlSkNw_1,nail,6.0,biology,True,/home/dipshikha/Music/cao/CISLR_v1.5-a_videos/tzW3OXlSkNw_1.mp4,train,True,25.0,75,300,300,3.0
u-vcH9n4_P0_1,carpenter,7.0,profession,True,/home/dipshikha/Music/cao/CISLR_v1.5-a_videos/u-vcH9n4_P0_1.mp4,test,True,25.0,75,300,300,3.0
u0VMIS7wC-Q,vietnam,3.0,geography,True,/home/dipshikha/Music/cao/CISLR_v1.5-a_videos/u0VMIS7wC-Q.mp4,test,True,25.0,66,300,300,2.64
u0ztdPXq6mY_1,re endorsed,7.0,banking,True,/home/dipshikha/Music/cao/CISLR_v1.5-a_videos/u0ztdPXq6mY_1.mp4,train,True,30.0,105,300,300,3.5
u1PuKrTDzdI,lecture,4.0,education,True,/home/dipshikha/Music/cao/CISLR_v1.5-a_videos/u1PuKrTDzdI.mp4,train,True,25.0,78,300,300,3.12
u1e9ioscyfU_2,environment,8.0,biology,True,/home/dipshikha/Music/cao/CISLR_v1.5-a_videos/u1e9ioscyfU_2.mp4,test,True,30.0,89,300,300,2.966666666666667
u1yq_lnEwGI_2,capacitor,9.0,electronic and electrical,True,/home/dipshikha/Music/cao/CISLR_v1.5-a_videos/u1yq_lnEwGI_2.mp4,test,True,30.0,100,300,300,3.333333333333333
u219wF2P_0Y_1,die,7.0,stage,True,/home/dipshikha/Music/cao/CISLR_v1.5-a_videos/u219wF2P_0Y_1.mp4,test,True,30.0,90,300,300,3.0
u2IcV4xxNSA,youth,5.0,group,True,/home/dipshikha/Music/cao/CISLR_v1.5-a_videos/u2IcV4xxNSA.mp4,train,True,25.0,111,300,300,4.44
u2O5QPKSzGo,temperate fruits,12.0,foods and drinks,True,/home/dipshikha/Music/cao/CISLR_v1.5-a_videos/u2O5QPKSzGo.mp4,train,True,25.0,299,300,300,11.96
u2VLr8CRVGc_1,rhino,6.0,flora and fauna,True,/home/dipshikha/Music/cao/CISLR_v1.5-a_videos/u2VLr8CRVGc_1.mp4,train,True,30.0,75,300,300,2.5
u2_aJhGSIpY_1,keep,7.0,action,True,/home/dipshikha/Music/cao/CISLR_v1.5-a_videos/u2_aJhGSIpY_1.mp4,train,True,25.0,75,300,300,3.0
u3CQB1epJcM_1,here,5.0,spatial position,True,/home/dipshikha/Music/cao/CISLR_v1.5-a_videos/u3CQB1epJcM_1.mp4,train,True,25.0,63,300,300,2.52
u3NRv46oJVQ_1,pig,7.0,flora and fauna,True,/home/dipshikha/Music/cao/CISLR_v1.5-a_videos/u3NRv46oJVQ_1.mp4,test,True,30.0,105,300,300,3.5
u4LSjLeQ1Xw,drilling machine pedestal,8.0,machine,True,/home/dipshikha/Music/cao/CISLR_v1.5-a_videos/u4LSjLeQ1Xw.mp4,train,True,25.0,180,300,300,7.2
u5PdOyHh8Yg,red,6.0,abstract,True,/home/dipshikha/Music/cao/CISLR_v1.5-a_videos/u5PdOyHh8Yg.mp4,test,True,25.0,133,300,300,5.32
u62ZlNmTpj4_1,cure,8.0,medical,True,/home/dipshikha/Music/cao/CISLR_v1.5-a_videos/u62ZlNmTpj4_1.mp4,test,True,30.0,105,300,300,3.5
u6eoD3GXOZE,superstition,6.0,abstract,True,/home/dipshikha/Music/cao/CISLR_v1.5-a_videos/u6eoD3GXOZE.mp4,train,True,25.0,136,300,300,5.44
u6hpIkJUQXE,ruthless,5.0,behavior,True,/home/dipshikha/Music/cao/CISLR_v1.5-a_videos/u6hpIkJUQXE.mp4,test,True,25.0,123,300,300,4.92
u6x6Qk463V4,leaf,4.0,flora and fauna,True,/home/dipshikha/Music/cao/CISLR_v1.5-a_videos/u6x6Qk463V4.mp4,test,True,25.0,87,300,300,3.48
u7Nv4whZa_0_1,shine,6.0,attribute,True,/home/dipshikha/Music/cao/CISLR_v1.5-a_videos/u7Nv4whZa_0_1.mp4,test,True,25.0,75,300,300,3.0
u7dV3wCpaqM,lonely,4.0,emotion,True,/home/dipshikha/Music/cao/CISLR_v1.5-a_videos/u7dV3wCpaqM.mp4,train,True,25.0,98,300,300,3.92
u7twaE6fj9s,floriculture,11.0,flora and fauna,True,/home/dipshikha/Music/cao/CISLR_v1.5-a_videos/u7twaE6fj9s.mp4,train,True,25.0,273,300,300,10.92
u9397Rd5v7U_2,sound,6.0,sound,True,/home/dipshikha/Music/cao/CISLR_v1.5-a_videos/u9397Rd5v7U_2.mp4,test,True,30.0,62,300,300,2.066666666666667
uA9K19APeNo_1,gate,7.0,construction,True,/home/dipshikha/Music/cao/CISLR_v1.5-a_videos/uA9K19APeNo_1.mp4,test,True,30.0,105,300,300,3.5
uBRoAycaSBM,thatched roof,9.0,construction,True,/home/dipshikha/Music/cao/CISLR_v1.5-a_videos/uBRoAycaSBM.mp4,train,True,25.0,205,300,300,8.2
uBi-YX42NwI,application,4.0,action,True,/home/dipshikha/Music/cao/CISLR_v1.5-a_videos/uBi-YX42NwI.mp4,test,True,25.0,91,300,300,3.64
uBtYh10h6RU_1,among,6.0,group,True,/home/dipshikha/Music/cao/CISLR_v1.5-a_videos/uBtYh10h6RU_1.mp4,train,True,25.0,75,300,300,3.0
uCsgmqdwe4A,storey skyscraper,12.0,construction,True,/home/dipshikha/Music/cao/CISLR_v1.5-a_videos/uCsgmqdwe4A.mp4,test,True,24.0,275,300,300,11.458333333333334
uCxNvB_ULoA_2,filament,11.0,substance,True,/home/dipshikha/Music/cao/CISLR_v1.5-a_videos/uCxNvB_ULoA_2.mp4,test,True,30.0,124,300,300,4.133333333333334
uDwYK-AccH0,polygon tool,11.0,instrument,True,/home/dipshikha/Music/cao/CISLR_v1.5-a_videos/uDwYK-AccH0.mp4,train,True,24.0,248,300,300,10.333333333333334
uE8YfF7bTGM,identity,4.0,behavior,True,/home/dipshikha/Music/cao/CISLR_v1.5-a_videos/uE8YfF7bTGM.mp4,train,True,25.0,83,300,300,3.32
uEWef2ILEC8,common cold,3.0,biology,True,/home/dipshikha/Music/cao/CISLR_v1.5-a_videos/uEWef2ILEC8.mp4,train,True,25.0,67,300,300,2.68
uEtH33ZDk_s_1,borrower,8.0,banking,True,/home/dipshikha/Music/cao/CISLR_v1.5-a_videos/uEtH33ZDk_s_1.mp4,train,True,30.0,105,300,300,3.5
uF5-SHyMOwg,assam,5.0,geography,True,/home/dipshikha/Music/cao/CISLR_v1.5-a_videos/uF5-SHyMOwg.mp4,test,True,25.0,99,300,300,3.96
uF8zIar63bQ,punjabi,5.0,language,True,/home/dipshikha/Music/cao/CISLR_v1.5-a_videos/uF8zIar63bQ.mp4,test,True,25.0,108,300,300,4.32
uGjEbNgtauE,open,4.0,action,True,/home/dipshikha/Music/cao/CISLR_v1.5-a_videos/uGjEbNgtauE.mp4,test,True,25.0,82,300,300,3.28
uHAhEiTlj_M,knife,5.0,utility item,True,/home/dipshikha/Music/cao/CISLR_v1.5-a_videos/uHAhEiTlj_M.mp4,test,True,25.0,104,300,300,4.16
uHMNUWk8UAM,chronic illness,9.0,medical,True,/home/dipshikha/Music/cao/CISLR_v1.5-a_videos/uHMNUWk8UAM.mp4,train,True,25.0,208,300,300,8.32
uHTklDGcEfw_1,liquidation,8.0,process,True,/home/dipshikha/Music/cao/CISLR_v1.5-a_videos/uHTklDGcEfw_1.mp4,train,True,30.0,105,300,300,3.5
uIJEGc6U5iU,vehicle,5.0,transport,True,/home/dipshikha/Music/cao/CISLR_v1.5-a_videos/uIJEGc6U5iU.mp4,train,True,25.0,114,300,300,4.56
uK6EyYdjXtE_1,north america,8.0,geography,True,/home/dipshikha/Music/cao/CISLR_v1.5-a_videos/uK6EyYdjXtE_1.mp4,train,True,25.0,88,300,300,3.52
uK8G7-89HCI_1,summons,9.0,legal,True,/home/dipshikha/Music/cao/CISLR_v1.5-a_videos/uK8G7-89HCI_1.mp4,train,True,30.0,135,300,300,4.5
uKWcQt8U4lA,research,3.0,education,True,/home/dipshikha/Music/cao/CISLR_v1.5-a_videos/uKWcQt8U4lA.mp4,train,True,25.0,68,300,300,2.72
uL1_UYVYkfg_1,flute,6.0,sound,True,/home/dipshikha/Music/cao/CISLR_v1.5-a_videos/uL1_UYVYkfg_1.mp4,test,True,25.0,63,300,300,2.52
uLSHBm4_kaw,gujarat,4.0,geography,True,/home/dipshikha/Music/cao/CISLR_v1.5-a_videos/uLSHBm4_kaw.mp4,test,True,25.0,85,300,300,3.4
uNZ-A9bIT2c,vehicles,6.0,transport,True,/home/dipshikha/Music/cao/CISLR_v1.5-a_videos/uNZ-A9bIT2c.mp4,test,True,25.0,125,300,300,5.0
uOHx8MflCBQ_1,registered letter,9.0,miscellaneous object,True,/home/dipshikha/Music/cao/CISLR_v1.5-a_videos/uOHx8MflCBQ_1.mp4,train,True,30.0,120,300,300,4.0
uOs0878HhR4,license,4.0,legal,True,/home/dipshikha/Music/cao/CISLR_v1.5-a_videos/uOs0878HhR4.mp4,test,True,25.0,90,300,300,3.6
uOsiUhQwVC8_1,bucket,6.0,utility item,True,/home/dipshikha/Music/cao/CISLR_v1.5-a_videos/uOsiUhQwVC8_1.mp4,test,True,30.0,75,300,300,2.5
uOxGDdDq-Os_2,centre of curvature,9.0,physics,True,/home/dipshikha/Music/cao/CISLR_v1.5-a_videos/uOxGDdDq-Os_2.mp4,train,True,30.0,105,300,300,3.5
uPfJ7YCwEGQ_1,non payment,8.0,banking,True,/home/dipshikha/Music/cao/CISLR_v1.5-a_videos/uPfJ7YCwEGQ_1.mp4,train,True,30.0,120,300,300,4.0
uQRHhIcXvEM,marketing of vegetables,12.0,profession,True,/home/dipshikha/Music/cao/CISLR_v1.5-a_videos/uQRHhIcXvEM.mp4,train,True,25.0,288,300,300,11.52
uRJUiALx54w,virus,6.0,medical,True,/home/dipshikha/Music/cao/CISLR_v1.5-a_videos/uRJUiALx54w.mp4,test,True,25.0,132,300,300,5.28
uRwmFRKMF58,army,4.0,organisation,True,/home/dipshikha/Music/cao/CISLR_v1.5-a_videos/uRwmFRKMF58.mp4,train,True,25.0,76,300,300,3.04
uSz2hrQZr3o,around,4.0,spatial position,True,/home/dipshikha/Music/cao/CISLR_v1.5-a_videos/uSz2hrQZr3o.mp4,test,True,25.0,85,300,300,3.4
uT8WGjPj-V8_1,discuss,6.0,process,True,/home/dipshikha/Music/cao/CISLR_v1.5-a_videos/uT8WGjPj-V8_1.mp4,test,True,25.0,75,300,300,3.0
uTLMV91lB10_1,assam,6.0,geography,True,/home/dipshikha/Music/cao/CISLR_v1.5-a_videos/uTLMV91lB10_1.mp4,test,True,25.0,75,300,300,3.0
uTZVPZYcdw8_1,accident,6.0,event,True,/home/dipshikha/Music/cao/CISLR_v1.5-a_videos/uTZVPZYcdw8_1.mp4,test,True,25.0,63,300,300,2.52
uU562ik7UXU_2,vertical,9.0,spatial position,True,/home/dipshikha/Music/cao/CISLR_v1.5-a_videos/uU562ik7UXU_2.mp4,train,True,30.0,99,300,300,3.3
uVE9xX6fcp8_1,abbreviation,11.0,language,True,/home/dipshikha/Music/cao/CISLR_v1.5-a_videos/uVE9xX6fcp8_1.mp4,train,True,30.0,150,300,300,5.0
uWVB0KovDB0_1,moon,9.0,astronomical,True,/home/dipshikha/Music/cao/CISLR_v1.5-a_videos/uWVB0KovDB0_1.mp4,test,True,25.0,100,300,300,4.0
uYfcQkRSvAY,china,6.0,geography,True,/home/dipshikha/Music/cao/CISLR_v1.5-a_videos/uYfcQkRSvAY.mp4,test,True,25.0,128,300,300,5.12
uZB4kRSkd_g,droplet,6.0,quantity,True,/home/dipshikha/Music/cao/CISLR_v1.5-a_videos/uZB4kRSkd_g.mp4,train,True,25.0,140,300,300,5.6
uZuvBINbAqo_1,holiday,5.0,event,True,/home/dipshikha/Music/cao/CISLR_v1.5-a_videos/uZuvBINbAqo_1.mp4,train,True,30.0,75,300,300,2.5
uaaq6GQck4s_1,never,6.0,abstract,True,/home/dipshikha/Music/cao/CISLR_v1.5-a_videos/uaaq6GQck4s_1.mp4,test,True,30.0,75,300,300,2.5
ubBmCChM6Ag,airjet,6.0,transport,True,/home/dipshikha/Music/cao/CISLR_v1.5-a_videos/ubBmCChM6Ag.mp4,train,True,25.0,132,300,300,5.28
ubQczV3pKWs,assassination,11.0,event,True,/home/dipshikha/Music/cao/CISLR_v1.5-a_videos/ubQczV3pKWs.mp4,test,True,24.0,240,300,300,10.0
ubUFV8ypTlU_1,return,7.0,action,True,/home/dipshikha/Music/cao/CISLR_v1.5-a_videos/ubUFV8ypTlU_1.mp4,test,True,25.0,88,300,300,3.52
ubkSJRDhK7E_1,genuine,7.0,attribute,True,/home/dipshikha/Music/cao/CISLR_v1.5-a_videos/ubkSJRDhK7E_1.mp4,test,True,30.0,105,300,300,3.5
ueNkV6ktC4g_2,identical,8.0,comparator,True,/home/dipshikha/Music/cao/CISLR_v1.5-a_videos/ueNkV6ktC4g_2.mp4,train,True,30.0,102,300,300,3.4
ueiJkNzXxzw,influence,7.0,action,True,/home/dipshikha/Music/cao/CISLR_v1.5-a_videos/ueiJkNzXxzw.mp4,train,True,25.0,173,300,300,6.92
uek2JAfcUhk,aeroplane sprayer,11.0,machine,True,/home/dipshikha/Music/cao/CISLR_v1.5-a_videos/uek2JAfcUhk.mp4,train,True,24.0,243,300,300,10.125
uf4A34QWFGw_1,rabbit,7.0,flora and fauna,True,/home/dipshikha/Music/cao/CISLR_v1.5-a_videos/uf4A34QWFGw_1.mp4,test,True,29.916666666666668,90,300,300,3.0083565459610027
ufTWb8-_rGA,multiple,4.0,math,True,/home/dipshikha/Music/cao/CISLR_v1.5-a_videos/ufTWb8-_rGA.mp4,train,True,25.0,86,300,300,3.44
ug0cTrsjK50,route,6.0,transport,True,/home/dipshikha/Music/cao/CISLR_v1.5-a_videos/ug0cTrsjK50.mp4,test,True,25.0,129,300,300,5.16
uhJRFZWXPEo,warm,6.0,weather,True,/home/dipshikha/Music/cao/CISLR_v1.5-a_videos/uhJRFZWXPEo.mp4,test,True,25.0,142,300,300,5.68
ui_ACRhp1jY,stir up,5.0,action,True,/home/dipshikha/Music/cao/CISLR_v1.5-a_videos/ui_ACRhp1jY.mp4,train,True,25.0,111,300,300,4.44
ujw1Z5DK0r4_1,art,5.0,entertainment,True,/home/dipshikha/Music/cao/CISLR_v1.5-a_videos/ujw1Z5DK0r4_1.mp4,test,True,25.0,63,300,300,2.52
ulHF3SltKW0_1,malayalam,7.0,language,True,/home/dipshikha/Music/cao/CISLR_v1.5-a_videos/ulHF3SltKW0_1.mp4,test,True,25.0,75,300,300,3.0
ulX1EaESaM4,tilts,12.0,attribute,True,/home/dipshikha/Music/cao/CISLR_v1.5-a_videos/ulX1EaESaM4.mp4,train,True,24.0,270,300,300,11.25
um4s1H6JPJg,call,5.0,action,True,/home/dipshikha/Music/cao/CISLR_v1.5-a_videos/um4s1H6JPJg.mp4,test,True,25.0,108,300,300,4.32
umCgstR_pg8,rare,5.0,attribute,True,/home/dipshikha/Music/cao/CISLR_v1.5-a_videos/umCgstR_pg8.mp4,train,True,25.0,101,300,300,4.04
uohsAyKLTbI_1,land cess,10.0,legal,True,/home/dipshikha/Music/cao/CISLR_v1.5-a_videos/uohsAyKLTbI_1.mp4,train,True,30.0,135,300,300,4.5
upAZkdtoF_Q,app,4.0,internet,True,/home/dipshikha/Music/cao/CISLR_v1.5-a_videos/upAZkdtoF_Q.mp4,train,True,25.0,87,300,300,3.48
upRlxxQUZp8_1,short term,9.0,banking,True,/home/dipshikha/Music/cao/CISLR_v1.5-a_videos/upRlxxQUZp8_1.mp4,train,True,30.0,135,300,300,4.5
up_LofohcV4_1,control,6.0,action,True,/home/dipshikha/Music/cao/CISLR_v1.5-a_videos/up_LofohcV4_1.mp4,test,True,25.0,63,300,300,2.52
upaDJQnr9nw,independent,4.0,attribute,True,/home/dipshikha/Music/cao/CISLR_v1.5-a_videos/upaDJQnr9nw.mp4,test,True,25.0,87,300,300,3.48
uptCGl-HvV0_1,bulb,7.0,utility item,True,/home/dipshikha/Music/cao/CISLR_v1.5-a_videos/uptCGl-HvV0_1.mp4,test,True,30.0,105,300,300,3.5
uqZJa7q4N5U,set,3.0,math,True,/home/dipshikha/Music/cao/CISLR_v1.5-a_videos/uqZJa7q4N5U.mp4,train,True,25.0,71,300,300,2.84
uqaIszhdKfc,rain,5.0,weather,True,/home/dipshikha/Music/cao/CISLR_v1.5-a_videos/uqaIszhdKfc.mp4,train,True,25.0,104,300,300,4.16
uqfvjaFYDQg,poland,3.0,geography,True,/home/dipshikha/Music/cao/CISLR_v1.5-a_videos/uqfvjaFYDQg.mp4,train,True,25.0,58,300,300,2.32
urMRtuI8AmE_1,spider,5.0,flora and fauna,True,/home/dipshikha/Music/cao/CISLR_v1.5-a_videos/urMRtuI8AmE_1.mp4,test,True,30.0,75,300,300,2.5
usqVbUoBfnE,sailor collar,8.0,wearable,True,/home/dipshikha/Music/cao/CISLR_v1.5-a_videos/usqVbUoBfnE.mp4,train,True,25.0,180,300,300,7.2
ut1NzAKHBXQ,deploy,8.0,action,True,/home/dipshikha/Music/cao/CISLR_v1.5-a_videos/ut1NzAKHBXQ.mp4,train,True,24.0,168,300,300,7.0
uu93d2sk9F0_2,plug point,7.0,physics,True,/home/dipshikha/Music/cao/CISLR_v1.5-a_videos/uu93d2sk9F0_2.mp4,train,True,30.0,75,300,300,2.5
uu9Qo9_Mbh4_1,round,9.0,math,True,/home/dipshikha/Music/cao/CISLR_v1.5-a_videos/uu9Qo9_Mbh4_1.mp4,test,True,30.0,120,300,300,4.0
uuUInBI_oZM_1,fan,7.0,electronic and electrical,True,/home/dipshikha/Music/cao/CISLR_v1.5-a_videos/uuUInBI_oZM_1.mp4,test,True,30.0,90,300,300,3.0
uulY6vsvNQA_1,leave,7.0,profession,True,/home/dipshikha/Music/cao/CISLR_v1.5-a_videos/uulY6vsvNQA_1.mp4,test,True,25.0,75,300,300,3.0
uuzch67c-xE,thermometer,4.0,miscellaneous object,True,/home/dipshikha/Music/cao/CISLR_v1.5-a_videos/uuzch67c-xE.mp4,test,True,25.0,77,300,300,3.08
uvBjcE-mwC0,polygraph,13.0,instrument,True,/home/dipshikha/Music/cao/CISLR_v1.5-a_videos/uvBjcE-mwC0.mp4,train,True,25.0,322,300,300,12.88
uvKTMTQqfu0,soon,4.0,time,True,/home/dipshikha/Music/cao/CISLR_v1.5-a_videos/uvKTMTQqfu0.mp4,train,True,25.0,84,300,300,3.36
uw-zItX8w9g_1,monthly statement,9.0,banking,True,/home/dipshikha/Music/cao/CISLR_v1.5-a_videos/uw-zItX8w9g_1.mp4,train,True,30.0,120,300,300,4.0
uwDxpyWDKEI,shift,4.0,spatial position,True,/home/dipshikha/Music/cao/CISLR_v1.5-a_videos/uwDxpyWDKEI.mp4,train,True,25.0,100,300,300,4.0
uwYdH7GuSBg_1,bangles,6.0,wearable,True,/home/dipshikha/Music/cao/CISLR_v1.5-a_videos/uwYdH7GuSBg_1.mp4,test,True,25.0,75,300,300,3.0
uwZ5UsyXbzg_1,mud,10.0,substance,True,/home/dipshikha/Music/cao/CISLR_v1.5-a_videos/uwZ5UsyXbzg_1.mp4,test,True,25.0,113,300,300,4.52
uyRfqa6Am-M_1,fake,5.0,attribute,True,/home/dipshikha/Music/cao/CISLR_v1.5-a_videos/uyRfqa6Am-M_1.mp4,train,True,30.0,75,300,300,2.5
v-Mcteg34pI_1,hot,5.0,sensation,True,/home/dipshikha/Music/cao/CISLR_v1.5-a_videos/v-Mcteg34pI_1.mp4,test,True,25.0,63,300,300,2.52
v-jfNqYzfO8_1,june,6.0,time,True,/home/dipshikha/Music/cao/CISLR_v1.5-a_videos/v-jfNqYzfO8_1.mp4,test,True,30.0,75,300,300,2.5
v0Ic3Von93I,band collar,6.0,wearable,True,/home/dipshikha/Music/cao/CISLR_v1.5-a_videos/v0Ic3Von93I.mp4,train,True,25.0,138,300,300,5.52
v0Rb3W378JA,samsung,5.0,organisation,True,/home/dipshikha/Music/cao/CISLR_v1.5-a_videos/v0Rb3W378JA.mp4,train,True,25.0,120,300,300,4.8
v0cK8a9s14I_1,evening,7.0,time,True,/home/dipshikha/Music/cao/CISLR_v1.5-a_videos/v0cK8a9s14I_1.mp4,test,True,30.0,90,300,300,3.0
v1TI57zaJKw,sauce,4.0,foods and drinks,True,/home/dipshikha/Music/cao/CISLR_v1.5-a_videos/v1TI57zaJKw.mp4,train,True,25.0,90,300,300,3.6
v1c0FpBhESQ_1,chart,8.0,readable,True,/home/dipshikha/Music/cao/CISLR_v1.5-a_videos/v1c0FpBhESQ_1.mp4,test,True,25.0,88,300,300,3.52
v1hh4hSEhzs,tally,8.0,gesture,True,/home/dipshikha/Music/cao/CISLR_v1.5-a_videos/v1hh4hSEhzs.mp4,test,True,25.0,180,300,300,7.2
v1rzpB-cgGY_1,goa,8.0,geography,True,/home/dipshikha/Music/cao/CISLR_v1.5-a_videos/v1rzpB-cgGY_1.mp4,test,True,25.0,88,300,300,3.52
v2YS_BfBifc_1,key,7.0,utility item,True,/home/dipshikha/Music/cao/CISLR_v1.5-a_videos/v2YS_BfBifc_1.mp4,test,True,30.0,105,300,300,3.5
v2_Ta5XdknA_1,giraffe,6.0,flora and fauna,True,/home/dipshikha/Music/cao/CISLR_v1.5-a_videos/v2_Ta5XdknA_1.mp4,test,True,30.0,75,300,300,2.5
v2ak0hp1ZTw,inactive,4.0,behavior,True,/home/dipshikha/Music/cao/CISLR_v1.5-a_videos/v2ak0hp1ZTw.mp4,train,True,25.0,100,300,300,4.0
v2gPD7nTa0U_2,rigid,6.0,attribute,True,/home/dipshikha/Music/cao/CISLR_v1.5-a_videos/v2gPD7nTa0U_2.mp4,train,True,30.0,62,300,300,2.066666666666667
v2jaNOh-Rcc,none,4.0,abstract,True,/home/dipshikha/Music/cao/CISLR_v1.5-a_videos/v2jaNOh-Rcc.mp4,train,True,25.0,99,300,300,3.96
v3hY00Fy7rE,library,4.0,readable,True,/home/dipshikha/Music/cao/CISLR_v1.5-a_videos/v3hY00Fy7rE.mp4,test,True,25.0,91,300,300,3.64
v41B1GR3prg_1,crocodile,6.0,flora and fauna,True,/home/dipshikha/Music/cao/CISLR_v1.5-a_videos/v41B1GR3prg_1.mp4,test,True,30.0,75,300,300,2.5
v4dtaEki4f8,third,5.0,comparator,True,/home/dipshikha/Music/cao/CISLR_v1.5-a_videos/v4dtaEki4f8.mp4,train,True,25.0,114,300,300,4.56
v5F3fOpfrBI,gangtok,4.0,geography,True,/home/dipshikha/Music/cao/CISLR_v1.5-a_videos/v5F3fOpfrBI.mp4,train,True,25.0,99,300,300,3.96
v6KlD6e05Fc,reverse,4.0,abstract,True,/home/dipshikha/Music/cao/CISLR_v1.5-a_videos/v6KlD6e05Fc.mp4,test,True,25.0,78,300,300,3.12
v7--O9C9ZH4,muharram,5.0,event,True,/home/dipshikha/Music/cao/CISLR_v1.5-a_videos/v7--O9C9ZH4.mp4,test,True,25.0,105,300,300,4.2
v74BqLpCYnY_1,bedsheet,9.0,utility item,True,/home/dipshikha/Music/cao/CISLR_v1.5-a_videos/v74BqLpCYnY_1.mp4,test,True,30.0,135,300,300,4.5
v7LOMsrEiVI_1,sorry,7.0,greeting,True,/home/dipshikha/Music/cao/CISLR_v1.5-a_videos/v7LOMsrEiVI_1.mp4,test,True,25.0,88,300,300,3.52
v8NufYf6_Ik_1,room,8.0,construction,True,/home/dipshikha/Music/cao/CISLR_v1.5-a_videos/v8NufYf6_Ik_1.mp4,test,True,30.0,120,300,300,4.0
v8gTUo-ln6Q_1,self employed,8.0,profession,True,/home/dipshikha/Music/cao/CISLR_v1.5-a_videos/v8gTUo-ln6Q_1.mp4,train,True,30.0,105,300,300,3.5
vAW9QDnXLrE,please,4.0,action,True,/home/dipshikha/Music/cao/CISLR_v1.5-a_videos/vAW9QDnXLrE.mp4,test,True,25.0,84,300,300,3.36
vAXHFqBV6H8_1,muslim,6.0,religious,True,/home/dipshikha/Music/cao/CISLR_v1.5-a_videos/vAXHFqBV6H8_1.mp4,test,True,25.0,63,300,300,2.52
vAuu3hDoGhU_1,produce,6.0,action,True,/home/dipshikha/Music/cao/CISLR_v1.5-a_videos/vAuu3hDoGhU_1.mp4,train,True,30.0,75,300,300,2.5
vB-4jZVx0yU,solid,4.0,substance,True,/home/dipshikha/Music/cao/CISLR_v1.5-a_videos/vB-4jZVx0yU.mp4,test,True,25.0,87,300,300,3.48
vB72KncjZis,evening,3.0,time,True,/home/dipshikha/Music/cao/CISLR_v1.5-a_videos/vB72KncjZis.mp4,test,True,25.0,65,300,300,2.6
vBJxSJ5_mvw_1,learn,7.0,action,True,/home/dipshikha/Music/cao/CISLR_v1.5-a_videos/vBJxSJ5_mvw_1.mp4,test,True,25.0,75,300,300,3.0
vBRmLg-XJZc_1,hold,6.0,action,True,/home/dipshikha/Music/cao/CISLR_v1.5-a_videos/vBRmLg-XJZc_1.mp4,train,True,25.0,75,300,300,3.0
vBd0XrgKlCA,secondary tillage,14.0,biology,True,/home/dipshikha/Music/cao/CISLR_v1.5-a_videos/vBd0XrgKlCA.mp4,train,True,25.0,333,300,300,13.32
vDKcRElYodA,musician,7.0,profession,True,/home/dipshikha/Music/cao/CISLR_v1.5-a_videos/vDKcRElYodA.mp4,test,True,25.0,154,300,300,6.16
vDrReANaXZY_2,l.e.d,9.0,electronic and electrical,True,/home/dipshikha/Music/cao/CISLR_v1.5-a_videos/vDrReANaXZY_2.mp4,train,True,30.0,110,300,300,3.6666666666666665
vEGYAfMU3tc_1,power,7.0,attribute,True,/home/dipshikha/Music/cao/CISLR_v1.5-a_videos/vEGYAfMU3tc_1.mp4,test,True,25.0,75,300,300,3.0
vEHf2s9hu20_2,share equity,14.0,banking,True,/home/dipshikha/Music/cao/CISLR_v1.5-a_videos/vEHf2s9hu20_2.mp4,train,True,30.0,198,300,300,6.6
vEq2LWgecfA_1,wife,9.0,relation,True,/home/dipshikha/Music/cao/CISLR_v1.5-a_videos/vEq2LWgecfA_1.mp4,test,True,30.0,120,300,300,4.0
vFAuNQe7ng8_1,saturday,5.0,time,True,/home/dipshikha/Music/cao/CISLR_v1.5-a_videos/vFAuNQe7ng8_1.mp4,test,True,30.0,75,300,300,2.5
vFJOA9dR7Bw,sony mobile,5.0,organisation,True,/home/dipshikha/Music/cao/CISLR_v1.5-a_videos/vFJOA9dR7Bw.mp4,train,True,25.0,108,300,300,4.32
vFSdw3lE-5M,cerebral palsy,8.0,medical,True,/home/dipshikha/Music/cao/CISLR_v1.5-a_videos/vFSdw3lE-5M.mp4,train,True,25.0,180,300,300,7.2
vFYN8jgOhb8,south korea,4.0,geography,True,/home/dipshikha/Music/cao/CISLR_v1.5-a_videos/vFYN8jgOhb8.mp4,train,True,25.0,82,300,300,3.28
vFZMA4_VtAY,iphone,5.0,electronic and electrical,True,/home/dipshikha/Music/cao/CISLR_v1.5-a_videos/vFZMA4_VtAY.mp4,train,True,25.0,109,300,300,4.36
vFbghqf1jZg,roasters,13.0,flora and fauna,True,/home/dipshikha/Music/cao/CISLR_v1.5-a_videos/vFbghqf1jZg.mp4,train,True,24.0,288,300,300,12.0
vFnoqnWWGok_1,story,6.0,readable,True,/home/dipshikha/Music/cao/CISLR_v1.5-a_videos/vFnoqnWWGok_1.mp4,test,True,25.0,75,300,300,3.0
vITeIiXX1xE,subtract,4.0,math,True,/home/dipshikha/Music/cao/CISLR_v1.5-a_videos/vITeIiXX1xE.mp4,test,True,25.0,89,300,300,3.56
vJy28p55lkQ,temporary,3.0,abstract,True,/home/dipshikha/Music/cao/CISLR_v1.5-a_videos/vJy28p55lkQ.mp4,test,True,25.0,73,300,300,2.92
vKabvg9GjnY_1,behind,5.0,spatial position,True,/home/dipshikha/Music/cao/CISLR_v1.5-a_videos/vKabvg9GjnY_1.mp4,test,True,25.0,63,300,300,2.52
vLbvf0zEj5M,child,9.0,stage,True,/home/dipshikha/Music/cao/CISLR_v1.5-a_videos/vLbvf0zEj5M.mp4,train,True,25.0,219,300,300,8.76
vLfbnZZBph0_1,you,7.0,relation,True,/home/dipshikha/Music/cao/CISLR_v1.5-a_videos/vLfbnZZBph0_1.mp4,test,True,25.0,75,300,300,3.0
vLk7S0mnUms,pay in installment,12.0,banking,True,/home/dipshikha/Music/cao/CISLR_v1.5-a_videos/vLk7S0mnUms.mp4,test,True,25.0,281,300,300,11.24
vM9tngFYH1c,enough,4.0,quantity,True,/home/dipshikha/Music/cao/CISLR_v1.5-a_videos/vM9tngFYH1c.mp4,train,True,25.0,89,300,300,3.56
vMbLDoCayk8,please,4.0,action,True,/home/dipshikha/Music/cao/CISLR_v1.5-a_videos/vMbLDoCayk8.mp4,test,True,25.0,97,300,300,3.88
vOW-yOcVU80_2,transistor,9.0,electronic and electrical,True,/home/dipshikha/Music/cao/CISLR_v1.5-a_videos/vOW-yOcVU80_2.mp4,train,True,30.0,84,300,300,2.8
vOkUq_SPrjs_1,valley,8.0,geography,True,/home/dipshikha/Music/cao/CISLR_v1.5-a_videos/vOkUq_SPrjs_1.mp4,test,True,25.0,100,300,300,4.0
vPAwEcpbWqo,enough,6.0,quantity,True,/home/dipshikha/Music/cao/CISLR_v1.5-a_videos/vPAwEcpbWqo.mp4,test,True,25.0,126,300,300,5.04
vPmpk0u_sls,dash,14.0,language,True,/home/dipshikha/Music/cao/CISLR_v1.5-a_videos/vPmpk0u_sls.mp4,train,True,24.0,318,300,300,13.25
vRs1P7sa3F4_1,today,6.0,time,True,/home/dipshikha/Music/cao/CISLR_v1.5-a_videos/vRs1P7sa3F4_1.mp4,test,True,30.0,90,300,300,3.0
vS5fnczMHcA,last,6.0,attribute,True,/home/dipshikha/Music/cao/CISLR_v1.5-a_videos/vS5fnczMHcA.mp4,train,True,25.0,150,300,300,6.0
vSEUaTn35j4,copy and paste,4.0,action,True,/home/dipshikha/Music/cao/CISLR_v1.5-a_videos/vSEUaTn35j4.mp4,train,True,25.0,92,300,300,3.68
vSK-jsgpaXQ,chesterfield  coat,11.0,wearable,True,/home/dipshikha/Music/cao/CISLR_v1.5-a_videos/vSK-jsgpaXQ.mp4,train,True,25.0,252,300,300,10.08
vSfRkcjelhw_1,wedding,8.0,event,True,/home/dipshikha/Music/cao/CISLR_v1.5-a_videos/vSfRkcjelhw_1.mp4,test,True,30.0,120,300,300,4.0
vT49kp3azYg_1,total,8.0,quantity,True,/home/dipshikha/Music/cao/CISLR_v1.5-a_videos/vT49kp3azYg_1.mp4,test,True,30.0,105,300,300,3.5
vTgiUguTQW0_2,mercury,9.0,astronomical,True,/home/dipshikha/Music/cao/CISLR_v1.5-a_videos/vTgiUguTQW0_2.mp4,train,True,30.0,105,300,300,3.5
vTrtUfPI0RY,rest,4.0,action,True,/home/dipshikha/Music/cao/CISLR_v1.5-a_videos/vTrtUfPI0RY.mp4,test,True,25.0,78,300,300,3.12
vV1FizHByPw,prejudice,5.0,abstract,True,/home/dipshikha/Music/cao/CISLR_v1.5-a_videos/vV1FizHByPw.mp4,train,True,25.0,114,300,300,4.56
vVGXtFbW5RI_2,galvanometer,10.0,instrument,True,/home/dipshikha/Music/cao/CISLR_v1.5-a_videos/vVGXtFbW5RI_2.mp4,train,True,30.0,131,300,300,4.366666666666666
vVylNakRi6s,strain,4.0,physics,True,/home/dipshikha/Music/cao/CISLR_v1.5-a_videos/vVylNakRi6s.mp4,train,True,25.0,76,300,300,3.04
vWkwy9ebsQg_1,water,8.0,substance,True,/home/dipshikha/Music/cao/CISLR_v1.5-a_videos/vWkwy9ebsQg_1.mp4,test,True,25.0,88,300,300,3.52
vX0J0TVfQgk_1,salt,6.0,foods and drinks,True,/home/dipshikha/Music/cao/CISLR_v1.5-a_videos/vX0J0TVfQgk_1.mp4,test,True,25.0,63,300,300,2.52
vXchKE88TDI_1,time,7.0,time,True,/home/dipshikha/Music/cao/CISLR_v1.5-a_videos/vXchKE88TDI_1.mp4,test,True,30.0,90,300,300,3.0
vXg5mjo2Lpc,any,5.0,abstract,True,/home/dipshikha/Music/cao/CISLR_v1.5-a_videos/vXg5mjo2Lpc.mp4,test,True,25.0,109,300,300,4.36
vYM_64Gc77o,town,4.0,geography,True,/home/dipshikha/Music/cao/CISLR_v1.5-a_videos/vYM_64Gc77o.mp4,test,True,25.0,80,300,300,3.2
vYPkgKmRa6k,talk,4.0,action,True,/home/dipshikha/Music/cao/CISLR_v1.5-a_videos/vYPkgKmRa6k.mp4,test,True,25.0,97,300,300,3.88
vYWosOoYH1U_1,instument,11.0,instrument,True,/home/dipshikha/Music/cao/CISLR_v1.5-a_videos/vYWosOoYH1U_1.mp4,train,True,30.0,150,300,300,5.0
vYzp_d3T9Ok_1,wednesday,5.0,time,True,/home/dipshikha/Music/cao/CISLR_v1.5-a_videos/vYzp_d3T9Ok_1.mp4,test,True,30.0,75,300,300,2.5
vZBu2SG35ec,competition,6.0,event,True,/home/dipshikha/Music/cao/CISLR_v1.5-a_videos/vZBu2SG35ec.mp4,test,True,25.0,135,300,300,5.4
vZMGPJSJaFg,dysuria,12.0,medical,True,/home/dipshikha/Music/cao/CISLR_v1.5-a_videos/vZMGPJSJaFg.mp4,train,True,25.0,288,300,300,11.52
v_7Bg4-cPjg,tunisia,4.0,geography,True,/home/dipshikha/Music/cao/CISLR_v1.5-a_videos/v_7Bg4-cPjg.mp4,train,True,25.0,84,300,300,3.36
v_BzLSp7PLM,bride,15.0,human,True,/home/dipshikha/Music/cao/CISLR_v1.5-a_videos/v_BzLSp7PLM.mp4,train,True,25.0,369,300,300,14.76
v_HmgeH-ABo,day,4.0,time,True,/home/dipshikha/Music/cao/CISLR_v1.5-a_videos/v_HmgeH-ABo.mp4,test,True,25.0,95,300,300,3.8
vaDXdxLlUwk_1,world,6.0,geography,True,/home/dipshikha/Music/cao/CISLR_v1.5-a_videos/vaDXdxLlUwk_1.mp4,test,True,30.0,90,300,300,3.0
vamyn1qDCdg_1,carrom,5.0,sport,True,/home/dipshikha/Music/cao/CISLR_v1.5-a_videos/vamyn1qDCdg_1.mp4,test,True,25.0,63,300,300,2.52
vasldMsoKDg_2,vernier caliper,10.0,instrument,True,/home/dipshikha/Music/cao/CISLR_v1.5-a_videos/vasldMsoKDg_2.mp4,train,True,30.0,117,300,300,3.9
vawgyWPeIiM,foot body part,5.0,biology,True,/home/dipshikha/Music/cao/CISLR_v1.5-a_videos/vawgyWPeIiM.mp4,train,True,25.0,124,300,300,4.96
vbsNiOkm0BU,tie,7.0,wearable,True,/home/dipshikha/Music/cao/CISLR_v1.5-a_videos/vbsNiOkm0BU.mp4,train,True,25.0,162,300,300,6.48
vdntxBdRdZg,electric bike,10.0,transport,True,/home/dipshikha/Music/cao/CISLR_v1.5-a_videos/vdntxBdRdZg.mp4,train,True,24.0,239,300,300,9.958333333333334
ve8zSDsdFzs,starfish,7.0,flora and fauna,True,/home/dipshikha/Music/cao/CISLR_v1.5-a_videos/ve8zSDsdFzs.mp4,train,True,25.0,156,300,300,6.24
vesSu5AjSN4,mallet,11.0,instrument,True,/home/dipshikha/Music/cao/CISLR_v1.5-a_videos/vesSu5AjSN4.mp4,train,True,25.0,252,300,300,10.08
vfrntxijZAA_1,horse,6.0,flora and fauna,True,/home/dipshikha/Music/cao/CISLR_v1.5-a_videos/vfrntxijZAA_1.mp4,test,True,30.0,75,300,300,2.5
vgtE5_6_VD4,nearby,4.0,spatial position,True,/home/dipshikha/Music/cao/CISLR_v1.5-a_videos/vgtE5_6_VD4.mp4,train,True,25.0,95,300,300,3.8
vhPLDKNYuEg_1,cheque crossed,11.0,banking,True,/home/dipshikha/Music/cao/CISLR_v1.5-a_videos/vhPLDKNYuEg_1.mp4,train,True,30.0,165,300,300,5.5
vhqQBxbUVy0_1,develop,6.0,action,True,/home/dipshikha/Music/cao/CISLR_v1.5-a_videos/vhqQBxbUVy0_1.mp4,train,True,25.0,63,300,300,2.52
vj85ZSkQDVo,girlfriend,5.0,relation,True,/home/dipshikha/Music/cao/CISLR_v1.5-a_videos/vj85ZSkQDVo.mp4,train,True,25.0,102,300,300,4.08
vmAkJRlUSzI_1,maintenance allowance,10.0,banking,True,/home/dipshikha/Music/cao/CISLR_v1.5-a_videos/vmAkJRlUSzI_1.mp4,train,True,30.0,135,300,300,4.5
vnOgaQ_eFNs,see,4.0,action,True,/home/dipshikha/Music/cao/CISLR_v1.5-a_videos/vnOgaQ_eFNs.mp4,test,True,25.0,91,300,300,3.64
voRQqu3By8I_1,talk,11.0,action,True,/home/dipshikha/Music/cao/CISLR_v1.5-a_videos/voRQqu3By8I_1.mp4,test,True,30.0,150,300,300,5.0
vqWFY4rbASg,ship,5.0,transport,True,/home/dipshikha/Music/cao/CISLR_v1.5-a_videos/vqWFY4rbASg.mp4,train,True,25.0,112,300,300,4.48
vqkqbOdwbSc_1,pune,6.0,geography,True,/home/dipshikha/Music/cao/CISLR_v1.5-a_videos/vqkqbOdwbSc_1.mp4,test,True,25.0,63,300,300,2.52
vt86EMAaXHM,business,5.0,banking,True,/home/dipshikha/Music/cao/CISLR_v1.5-a_videos/vt86EMAaXHM.mp4,test,True,25.0,108,300,300,4.32
vu__40Wbws4_1,mixer,6.0,machine,True,/home/dipshikha/Music/cao/CISLR_v1.5-a_videos/vu__40Wbws4_1.mp4,test,True,30.0,90,300,300,3.0
vvCzSnLu_4Q,samosa,5.0,foods and drinks,True,/home/dipshikha/Music/cao/CISLR_v1.5-a_videos/vvCzSnLu_4Q.mp4,train,True,25.0,105,300,300,4.2
vvsfyFEY7lo,hatchet,11.0,instrument,True,/home/dipshikha/Music/cao/CISLR_v1.5-a_videos/vvsfyFEY7lo.mp4,train,True,25.0,253,300,300,10.12
vvyGWPvy1cc,town,5.0,geography,True,/home/dipshikha/Music/cao/CISLR_v1.5-a_videos/vvyGWPvy1cc.mp4,test,True,25.0,101,300,300,4.04
vwTIplMTPZA_2,reaction,8.0,chemistry,True,/home/dipshikha/Music/cao/CISLR_v1.5-a_videos/vwTIplMTPZA_2.mp4,train,True,30.0,94,300,300,3.1333333333333333
vwpHHohq8II,cng stone carving machine,10.0,machine,True,/home/dipshikha/Music/cao/CISLR_v1.5-a_videos/vwpHHohq8II.mp4,train,True,24.0,217,300,300,9.041666666666666
vycU4cMW3_U_1,show cause,8.0,banking,True,/home/dipshikha/Music/cao/CISLR_v1.5-a_videos/vycU4cMW3_U_1.mp4,train,True,30.0,120,300,300,4.0
vyvFWSdT7V4_1,disguise,6.0,gesture,True,/home/dipshikha/Music/cao/CISLR_v1.5-a_videos/vyvFWSdT7V4_1.mp4,train,True,25.0,75,300,300,3.0
vzR3201tHPY,translate,4.0,action,True,/home/dipshikha/Music/cao/CISLR_v1.5-a_videos/vzR3201tHPY.mp4,test,True,25.0,85,300,300,3.4
vzzmwuU-sMg,sad,4.0,emotion,True,/home/dipshikha/Music/cao/CISLR_v1.5-a_videos/vzzmwuU-sMg.mp4,test,True,25.0,97,300,300,3.88
w-f7sV2B7Tc_1,true,6.0,abstract,True,/home/dipshikha/Music/cao/CISLR_v1.5-a_videos/w-f7sV2B7Tc_1.mp4,test,True,30.0,90,300,300,3.0
w0C2Lq7hMsQ,minimize,13.0,math,True,/home/dipshikha/Music/cao/CISLR_v1.5-a_videos/w0C2Lq7hMsQ.mp4,train,True,25.0,324,300,300,12.96
w0Z2yfGcCW8,eye,3.0,biology,True,/home/dipshikha/Music/cao/CISLR_v1.5-a_videos/w0Z2yfGcCW8.mp4,test,True,25.0,65,300,300,2.6
w163zAc0RYM,cough,6.0,medical,True,/home/dipshikha/Music/cao/CISLR_v1.5-a_videos/w163zAc0RYM.mp4,test,True,25.0,145,300,300,5.8
w2bUy2rPYPI,menu,5.0,readable,True,/home/dipshikha/Music/cao/CISLR_v1.5-a_videos/w2bUy2rPYPI.mp4,train,True,25.0,120,300,300,4.8
w3iXbhc5vsM_1,thursday,7.0,time,True,/home/dipshikha/Music/cao/CISLR_v1.5-a_videos/w3iXbhc5vsM_1.mp4,test,True,30.0,90,300,300,3.0
w49chg-Y92g,cashier,7.0,profession,True,/home/dipshikha/Music/cao/CISLR_v1.5-a_videos/w49chg-Y92g.mp4,train,True,25.0,159,300,300,6.36
w5hHBBDrypI_1,internal,8.0,spatial position,True,/home/dipshikha/Music/cao/CISLR_v1.5-a_videos/w5hHBBDrypI_1.mp4,train,True,30.0,105,300,300,3.5
w87_PYaYQz4,wicket,4.0,sport,True,/home/dipshikha/Music/cao/CISLR_v1.5-a_videos/w87_PYaYQz4.mp4,train,True,25.0,98,300,300,3.92
w88o1TXwwJg_1,pen,6.0,utility item,True,/home/dipshikha/Music/cao/CISLR_v1.5-a_videos/w88o1TXwwJg_1.mp4,test,True,25.0,75,300,300,3.0
w8RSWGCRPDg,sell,4.0,action,True,/home/dipshikha/Music/cao/CISLR_v1.5-a_videos/w8RSWGCRPDg.mp4,test,True,25.0,88,300,300,3.52
w9Jz12VoOYQ_1,drumstick,7.0,foods and drinks,True,/home/dipshikha/Music/cao/CISLR_v1.5-a_videos/w9Jz12VoOYQ_1.mp4,train,True,25.0,75,300,300,3.0
w9VefdfpI0I_1,grandfather,11.0,relation,True,/home/dipshikha/Music/cao/CISLR_v1.5-a_videos/w9VefdfpI0I_1.mp4,test,True,30.0,165,300,300,5.5
wAEJEtDB20g,land,4.0,geography,True,/home/dipshikha/Music/cao/CISLR_v1.5-a_videos/wAEJEtDB20g.mp4,test,True,25.0,91,300,300,3.64
wBCqfnnNfSo,weaver,8.0,profession,True,/home/dipshikha/Music/cao/CISLR_v1.5-a_videos/wBCqfnnNfSo.mp4,test,True,25.0,188,300,300,7.52
wC9iVMmSTeE_2,current,8.0,physics,True,/home/dipshikha/Music/cao/CISLR_v1.5-a_videos/wC9iVMmSTeE_2.mp4,train,True,30.0,91,300,300,3.033333333333333
wClUzDG34wQ,religion,4.0,religious,True,/home/dipshikha/Music/cao/CISLR_v1.5-a_videos/wClUzDG34wQ.mp4,test,True,25.0,92,300,300,3.68
wDXqSeOQQy4_1,run,8.0,action,True,/home/dipshikha/Music/cao/CISLR_v1.5-a_videos/wDXqSeOQQy4_1.mp4,test,True,30.0,105,300,300,3.5
wDy5hBdrwoc,train,4.0,transport,True,/home/dipshikha/Music/cao/CISLR_v1.5-a_videos/wDy5hBdrwoc.mp4,test,True,25.0,86,300,300,3.44
wEd93OlB_ZI_1,what,6.0,abstract,True,/home/dipshikha/Music/cao/CISLR_v1.5-a_videos/wEd93OlB_ZI_1.mp4,test,True,25.0,63,300,300,2.52
wEfxi8YvQLI,cyprus,4.0,geography,True,/home/dipshikha/Music/cao/CISLR_v1.5-a_videos/wEfxi8YvQLI.mp4,train,True,25.0,77,300,300,3.08
wFVLswbyZOc,insurance,5.0,banking,True,/home/dipshikha/Music/cao/CISLR_v1.5-a_videos/wFVLswbyZOc.mp4,test,True,25.0,105,300,300,4.2
wGWFAPl8EXs_1,river,8.0,geography,True,/home/dipshikha/Music/cao/CISLR_v1.5-a_videos/wGWFAPl8EXs_1.mp4,test,True,25.0,100,300,300,4.0
wHl7V93XdWA,terrorist,14.0,profession,True,/home/dipshikha/Music/cao/CISLR_v1.5-a_videos/wHl7V93XdWA.mp4,train,True,25.0,330,300,300,13.2
wIEYdZjvXJo,driver,7.0,profession,True,/home/dipshikha/Music/cao/CISLR_v1.5-a_videos/wIEYdZjvXJo.mp4,test,True,25.0,156,300,300,6.24
wIVO3x0WAfk_1,paper,6.0,utility item,True,/home/dipshikha/Music/cao/CISLR_v1.5-a_videos/wIVO3x0WAfk_1.mp4,test,True,25.0,63,300,300,2.52
wIi5NVKOOfM,strict,3.0,behavior,True,/home/dipshikha/Music/cao/CISLR_v1.5-a_videos/wIi5NVKOOfM.mp4,test,True,25.0,73,300,300,2.92
wJS3We_1ets_1,sharbat,5.0,foods and drinks,True,/home/dipshikha/Music/cao/CISLR_v1.5-a_videos/wJS3We_1ets_1.mp4,train,True,25.0,63,300,300,2.52
wK63rmj8--U,sky,6.0,abstract,True,/home/dipshikha/Music/cao/CISLR_v1.5-a_videos/wK63rmj8--U.mp4,test,True,25.0,141,300,300,5.64
wK7Y3bBPwtI,curd,5.0,foods and drinks,True,/home/dipshikha/Music/cao/CISLR_v1.5-a_videos/wK7Y3bBPwtI.mp4,train,True,25.0,103,300,300,4.12
wK8amEJAK1Y,thank you,3.0,gesture,True,/home/dipshikha/Music/cao/CISLR_v1.5-a_videos/wK8amEJAK1Y.mp4,test,True,25.0,63,300,300,2.52
wKBVwR3BraE,photosynthesis process,12.0,biology,True,/home/dipshikha/Music/cao/CISLR_v1.5-a_videos/wKBVwR3BraE.mp4,train,True,24.0,285,300,300,11.875
wKDAEDyBAY0,life jacket,12.0,wearable,True,/home/dipshikha/Music/cao/CISLR_v1.5-a_videos/wKDAEDyBAY0.mp4,train,True,25.0,294,300,300,11.76
wKzWwmm8bgE,asthma,5.0,medical,True,/home/dipshikha/Music/cao/CISLR_v1.5-a_videos/wKzWwmm8bgE.mp4,train,True,25.0,107,300,300,4.28
wLSWjMuhJww_1,which,5.0,abstract,True,/home/dipshikha/Music/cao/CISLR_v1.5-a_videos/wLSWjMuhJww_1.mp4,test,True,25.0,63,300,300,2.52
wMlY1TQZA2A,tamil,3.0,language,True,/home/dipshikha/Music/cao/CISLR_v1.5-a_videos/wMlY1TQZA2A.mp4,test,True,25.0,67,300,300,2.68
wMm24t1NrcM,worry,4.0,emotion,True,/home/dipshikha/Music/cao/CISLR_v1.5-a_videos/wMm24t1NrcM.mp4,test,True,25.0,90,300,300,3.6
wOwsXFMF1aA,parcel,4.0,miscellaneous object,True,/home/dipshikha/Music/cao/CISLR_v1.5-a_videos/wOwsXFMF1aA.mp4,train,True,25.0,92,300,300,3.68
wPTa0UQJY_w,measure,4.0,math,True,/home/dipshikha/Music/cao/CISLR_v1.5-a_videos/wPTa0UQJY_w.mp4,test,True,25.0,92,300,300,3.68
wPkxTCa_Dj4_1,dismissal,9.0,action,True,/home/dipshikha/Music/cao/CISLR_v1.5-a_videos/wPkxTCa_Dj4_1.mp4,train,True,30.0,120,300,300,4.0
wPofP8PotLg_1,cat,7.0,flora and fauna,True,/home/dipshikha/Music/cao/CISLR_v1.5-a_videos/wPofP8PotLg_1.mp4,test,True,30.0,90,300,300,3.0
wPsIxhPHXBo,blouse,4.0,wearable,True,/home/dipshikha/Music/cao/CISLR_v1.5-a_videos/wPsIxhPHXBo.mp4,test,True,25.0,87,300,300,3.48
wQ5nwBznVk8_1,crossing,7.0,transport,True,/home/dipshikha/Music/cao/CISLR_v1.5-a_videos/wQ5nwBznVk8_1.mp4,train,True,30.0,105,300,300,3.5
wRjTHPy0jes,last week,5.0,time,True,/home/dipshikha/Music/cao/CISLR_v1.5-a_videos/wRjTHPy0jes.mp4,train,True,25.0,101,300,300,4.04
wTP-Qjl_mSM_1,film,7.0,instrument,True,/home/dipshikha/Music/cao/CISLR_v1.5-a_videos/wTP-Qjl_mSM_1.mp4,test,True,25.0,88,300,300,3.52
wVgslraD204,cap,5.0,wearable,True,/home/dipshikha/Music/cao/CISLR_v1.5-a_videos/wVgslraD204.mp4,test,True,25.0,109,300,300,4.36
wWlOXeR9qnc_1,rubber,7.0,utility item,True,/home/dipshikha/Music/cao/CISLR_v1.5-a_videos/wWlOXeR9qnc_1.mp4,test,True,30.0,90,300,300,3.0
wWzqyc2x0GI,miss,7.0,emotion,True,/home/dipshikha/Music/cao/CISLR_v1.5-a_videos/wWzqyc2x0GI.mp4,test,True,25.0,160,300,300,6.4
wX-5GS2Om7k,last year,4.0,time,True,/home/dipshikha/Music/cao/CISLR_v1.5-a_videos/wX-5GS2Om7k.mp4,train,True,25.0,89,300,300,3.56
wXEnqj_rf4Q_1,sunrise,8.0,event,True,/home/dipshikha/Music/cao/CISLR_v1.5-a_videos/wXEnqj_rf4Q_1.mp4,test,True,25.0,88,300,300,3.52
wYeLqdSCZR8,hungry,4.0,sensation,True,/home/dipshikha/Music/cao/CISLR_v1.5-a_videos/wYeLqdSCZR8.mp4,test,True,25.0,78,300,300,3.12
wZBe3IUlYLo,detective,12.0,profession,True,/home/dipshikha/Music/cao/CISLR_v1.5-a_videos/wZBe3IUlYLo.mp4,train,True,24.0,287,300,300,11.958333333333334
wZYbp0lRGhU,pressure foot,12.0,instrument,True,/home/dipshikha/Music/cao/CISLR_v1.5-a_videos/wZYbp0lRGhU.mp4,train,True,25.0,288,300,300,11.52
wZeZ2Hr8VEg_1,customer service,11.0,organisation,True,/home/dipshikha/Music/cao/CISLR_v1.5-a_videos/wZeZ2Hr8VEg_1.mp4,train,True,30.0,150,300,300,5.0
w_FY56WkUPM,shawl,4.0,wearable,True,/home/dipshikha/Music/cao/CISLR_v1.5-a_videos/w_FY56WkUPM.mp4,test,True,25.0,79,300,300,3.16
wa6VGunvMoo,road,4.0,transport,True,/home/dipshikha/Music/cao/CISLR_v1.5-a_videos/wa6VGunvMoo.mp4,train,True,25.0,79,300,300,3.16
wcG4jvqJVDc_1,satisfied,6.0,attribute,True,/home/dipshikha/Music/cao/CISLR_v1.5-a_videos/wcG4jvqJVDc_1.mp4,train,True,25.0,63,300,300,2.52
wcvifjsKYo0_2,proton,11.0,physics,True,/home/dipshikha/Music/cao/CISLR_v1.5-a_videos/wcvifjsKYo0_2.mp4,train,True,30.0,139,300,300,4.633333333333334
weWGeNNGQSM_1,industry,10.0,profession,True,/home/dipshikha/Music/cao/CISLR_v1.5-a_videos/weWGeNNGQSM_1.mp4,test,True,30.0,135,300,300,4.5
wedIVeQMY1k,girl,5.0,human,True,/home/dipshikha/Music/cao/CISLR_v1.5-a_videos/wedIVeQMY1k.mp4,test,True,25.0,111,300,300,4.44
wf5rLp6YTCQ_1,re employment,7.0,banking,True,/home/dipshikha/Music/cao/CISLR_v1.5-a_videos/wf5rLp6YTCQ_1.mp4,train,True,30.0,90,300,300,3.0
wf7d8Ok1PvA_1,united states of america,7.0,geography,True,/home/dipshikha/Music/cao/CISLR_v1.5-a_videos/wf7d8Ok1PvA_1.mp4,test,True,25.0,75,300,300,3.0
wfHGKTc0WuY,wool,5.0,utility item,True,/home/dipshikha/Music/cao/CISLR_v1.5-a_videos/wfHGKTc0WuY.mp4,test,True,25.0,108,300,300,4.32
wgb8ncghBN4_2,intermal combustion engine,9.0,chemistry,True,/home/dipshikha/Music/cao/CISLR_v1.5-a_videos/wgb8ncghBN4_2.mp4,train,True,30.0,108,300,300,3.6
wgrN2DNXukc,sandwich,5.0,foods and drinks,True,/home/dipshikha/Music/cao/CISLR_v1.5-a_videos/wgrN2DNXukc.mp4,test,True,25.0,120,300,300,4.8
wgvsWR2YWxo,plenty,4.0,attribute,True,/home/dipshikha/Music/cao/CISLR_v1.5-a_videos/wgvsWR2YWxo.mp4,test,True,25.0,87,300,300,3.48
whLOS_LCl9U,younger brother,3.0,relation,True,/home/dipshikha/Music/cao/CISLR_v1.5-a_videos/whLOS_LCl9U.mp4,train,True,25.0,74,300,300,2.96
wh_GS78OuYQ,milkman,6.0,profession,True,/home/dipshikha/Music/cao/CISLR_v1.5-a_videos/wh_GS78OuYQ.mp4,test,True,25.0,132,300,300,5.28
whkRlb-0s94_1,saloon,7.0,construction,True,/home/dipshikha/Music/cao/CISLR_v1.5-a_videos/whkRlb-0s94_1.mp4,train,True,25.0,75,300,300,3.0
whmbYHrlP-A_1,tell,7.0,action,True,/home/dipshikha/Music/cao/CISLR_v1.5-a_videos/whmbYHrlP-A_1.mp4,test,True,30.0,105,300,300,3.5
whvKyzLJ6Mc_1,lion,7.0,flora and fauna,True,/home/dipshikha/Music/cao/CISLR_v1.5-a_videos/whvKyzLJ6Mc_1.mp4,test,True,30.0,90,300,300,3.0
wi-dI81iYSY_1,single entry,9.0,quantity,True,/home/dipshikha/Music/cao/CISLR_v1.5-a_videos/wi-dI81iYSY_1.mp4,train,True,30.0,120,300,300,4.0
wiemsBV5e08,sweet lime,5.0,foods and drinks,True,/home/dipshikha/Music/cao/CISLR_v1.5-a_videos/wiemsBV5e08.mp4,test,True,25.0,113,300,300,4.52
wkdHGN4OO-I,raise,4.0,action,True,/home/dipshikha/Music/cao/CISLR_v1.5-a_videos/wkdHGN4OO-I.mp4,test,True,25.0,88,300,300,3.52
wku-gtLtQyI_1,lapse,10.0,banking,True,/home/dipshikha/Music/cao/CISLR_v1.5-a_videos/wku-gtLtQyI_1.mp4,train,True,30.0,150,300,300,5.0
wlPKT6teWGk_1,letter of authority,9.0,authority,True,/home/dipshikha/Music/cao/CISLR_v1.5-a_videos/wlPKT6teWGk_1.mp4,train,True,30.0,135,300,300,4.5
wnhTdzfceXA_1,misappropriation,10.0,emotion,True,/home/dipshikha/Music/cao/CISLR_v1.5-a_videos/wnhTdzfceXA_1.mp4,train,True,30.0,150,300,300,5.0
woQgNTk9IIE,eggplant,6.0,foods and drinks,True,/home/dipshikha/Music/cao/CISLR_v1.5-a_videos/woQgNTk9IIE.mp4,train,True,25.0,135,300,300,5.4
woo5-4amwJ0,rjd,3.0,politics,True,/home/dipshikha/Music/cao/CISLR_v1.5-a_videos/woo5-4amwJ0.mp4,test,True,25.0,67,300,300,2.68
wpUgLTxBXns,lecturer,5.0,education,True,/home/dipshikha/Music/cao/CISLR_v1.5-a_videos/wpUgLTxBXns.mp4,test,True,25.0,120,300,300,4.8
wpmDoeOl2qY,steady current,8.0,physics,True,/home/dipshikha/Music/cao/CISLR_v1.5-a_videos/wpmDoeOl2qY.mp4,train,True,25.0,179,300,300,7.16
wq4yQ4OdJ5U_2,freexing,7.0,behavior,True,/home/dipshikha/Music/cao/CISLR_v1.5-a_videos/wq4yQ4OdJ5U_2.mp4,train,True,30.0,78,300,300,2.6
wqFLr0dsRTA_1,toothpaste,6.0,utility item,True,/home/dipshikha/Music/cao/CISLR_v1.5-a_videos/wqFLr0dsRTA_1.mp4,test,True,30.0,90,300,300,3.0
wqrZVsLOR_A_2,anticlockwise,11.0,metric,True,/home/dipshikha/Music/cao/CISLR_v1.5-a_videos/wqrZVsLOR_A_2.mp4,test,True,30.0,127,300,300,4.233333333333333
wqvjAdWgJ4o_2,planet,12.0,astronomical,True,/home/dipshikha/Music/cao/CISLR_v1.5-a_videos/wqvjAdWgJ4o_2.mp4,test,True,29.916666666666668,153,300,300,5.114206128133705
wru3RdDTafg,waxing,6.0,action,True,/home/dipshikha/Music/cao/CISLR_v1.5-a_videos/wru3RdDTafg.mp4,train,True,25.0,148,300,300,5.92
wsRNKesle6I_1,mathematics,6.0,math,True,/home/dipshikha/Music/cao/CISLR_v1.5-a_videos/wsRNKesle6I_1.mp4,train,True,25.0,75,300,300,3.0
wsWElJBdZcA,zambia,4.0,geography,True,/home/dipshikha/Music/cao/CISLR_v1.5-a_videos/wsWElJBdZcA.mp4,train,True,25.0,95,300,300,3.8
wsXbxNK7ROM_2,oscillator,8.0,instrument,True,/home/dipshikha/Music/cao/CISLR_v1.5-a_videos/wsXbxNK7ROM_2.mp4,train,True,30.0,59,300,300,1.9666666666666663
ws_qjks_TFo,zoo,6.0,geography,True,/home/dipshikha/Music/cao/CISLR_v1.5-a_videos/ws_qjks_TFo.mp4,test,True,25.0,131,300,300,5.24
wsxvzzgBO1M_1,harmonium,6.0,sound,True,/home/dipshikha/Music/cao/CISLR_v1.5-a_videos/wsxvzzgBO1M_1.mp4,test,True,25.0,63,300,300,2.52
wsy4LqAJq8E_1,monitoring,9.0,action,True,/home/dipshikha/Music/cao/CISLR_v1.5-a_videos/wsy4LqAJq8E_1.mp4,train,True,30.0,120,300,300,4.0
wtN-hVs7sYw_1,myself,7.0,language,True,/home/dipshikha/Music/cao/CISLR_v1.5-a_videos/wtN-hVs7sYw_1.mp4,test,True,25.0,75,300,300,3.0
wtXCZaGIQsk,backyard system of poultry,15.0,process,True,/home/dipshikha/Music/cao/CISLR_v1.5-a_videos/wtXCZaGIQsk.mp4,train,True,24.0,358,300,300,14.916666666666666
wtaxFUrko34,parking,5.0,transport,True,/home/dipshikha/Music/cao/CISLR_v1.5-a_videos/wtaxFUrko34.mp4,test,True,25.0,119,300,300,4.76
wtr_LSVYecQ_1,teach,5.0,action,True,/home/dipshikha/Music/cao/CISLR_v1.5-a_videos/wtr_LSVYecQ_1.mp4,test,True,25.0,63,300,300,2.52
wu_tcc63EjM_2,concave mirror,10.0,physics,True,/home/dipshikha/Music/cao/CISLR_v1.5-a_videos/wu_tcc63EjM_2.mp4,train,True,30.0,121,300,300,4.033333333333333
wubfL2VbBLY,cat,5.0,flora and fauna,True,/home/dipshikha/Music/cao/CISLR_v1.5-a_videos/wubfL2VbBLY.mp4,test,True,25.0,101,300,300,4.04
wwGDiruyGH8_1,mogra,7.0,flora and fauna,True,/home/dipshikha/Music/cao/CISLR_v1.5-a_videos/wwGDiruyGH8_1.mp4,test,True,30.0,90,300,300,3.0
wwQV7dGvw0s_2,green,9.0,colour,True,/home/dipshikha/Music/cao/CISLR_v1.5-a_videos/wwQV7dGvw0s_2.mp4,test,True,30.0,102,300,300,3.4
wwTa3v_SLew,fray  edges,11.0,time,True,/home/dipshikha/Music/cao/CISLR_v1.5-a_videos/wwTa3v_SLew.mp4,train,True,25.0,252,300,300,10.08
wwVkDiHS9FM_1,pongal,6.0,event,True,/home/dipshikha/Music/cao/CISLR_v1.5-a_videos/wwVkDiHS9FM_1.mp4,train,True,25.0,75,300,300,3.0
wwf3PXeSfsg_1,thriff,8.0,banking,True,/home/dipshikha/Music/cao/CISLR_v1.5-a_videos/wwf3PXeSfsg_1.mp4,train,True,30.0,105,300,300,3.5
wx8pMHRIYho,motorcycle,5.0,transport,True,/home/dipshikha/Music/cao/CISLR_v1.5-a_videos/wx8pMHRIYho.mp4,test,True,25.0,108,300,300,4.32
wxH6fMp_1PY_1,waiting list,10.0,utility item,True,/home/dipshikha/Music/cao/CISLR_v1.5-a_videos/wxH6fMp_1PY_1.mp4,train,True,30.0,150,300,300,5.0
wxZHsP8osZo_1,orange,9.0,abstract,True,/home/dipshikha/Music/cao/CISLR_v1.5-a_videos/wxZHsP8osZo_1.mp4,test,True,30.0,120,300,300,4.0
wyDi2hGYZmg,forehead,5.0,biology,True,/home/dipshikha/Music/cao/CISLR_v1.5-a_videos/wyDi2hGYZmg.mp4,train,True,25.0,109,300,300,4.36
wyq5UGADJrw_1,leave duty,8.0,profession,True,/home/dipshikha/Music/cao/CISLR_v1.5-a_videos/wyq5UGADJrw_1.mp4,train,True,29.916666666666668,120,300,300,4.011142061281337
wyu_qsxDouM_1,buy,7.0,action,True,/home/dipshikha/Music/cao/CISLR_v1.5-a_videos/wyu_qsxDouM_1.mp4,train,True,25.0,88,300,300,3.52
wzz6Gt0EotA,balloon,3.0,utility item,True,/home/dipshikha/Music/cao/CISLR_v1.5-a_videos/wzz6Gt0EotA.mp4,test,True,25.0,75,300,300,3.0
x-Bc7ssevU8,zimbabwe,5.0,geography,True,/home/dipshikha/Music/cao/CISLR_v1.5-a_videos/x-Bc7ssevU8.mp4,train,True,25.0,101,300,300,4.04
x-K2eMJl34k_1,clock,8.0,utility item,True,/home/dipshikha/Music/cao/CISLR_v1.5-a_videos/x-K2eMJl34k_1.mp4,test,True,30.0,105,300,300,3.5
x-anjlR2rMc,economic importance of fish in india,12.0,banking,True,/home/dipshikha/Music/cao/CISLR_v1.5-a_videos/x-anjlR2rMc.mp4,train,True,24.0,265,300,300,11.041666666666666
x-lubm0ha08,mahatma gandhi,5.0,human,True,/home/dipshikha/Music/cao/CISLR_v1.5-a_videos/x-lubm0ha08.mp4,train,True,25.0,107,300,300,4.28
x-uAyPToZMs,license,4.0,legal,True,/home/dipshikha/Music/cao/CISLR_v1.5-a_videos/x-uAyPToZMs.mp4,test,True,25.0,91,300,300,3.64
x0JU-zUFnS4_1,grandmother,11.0,relation,True,/home/dipshikha/Music/cao/CISLR_v1.5-a_videos/x0JU-zUFnS4_1.mp4,test,True,30.0,150,300,300,5.0
x1Abu6sfP5A,rajdhani train,4.0,transport,True,/home/dipshikha/Music/cao/CISLR_v1.5-a_videos/x1Abu6sfP5A.mp4,test,True,25.0,86,300,300,3.44
x1PWeacqP-w_1,dasara,7.0,religious,True,/home/dipshikha/Music/cao/CISLR_v1.5-a_videos/x1PWeacqP-w_1.mp4,test,True,25.0,75,300,300,3.0
x1S_tnc_djk,distribute,4.0,action,True,/home/dipshikha/Music/cao/CISLR_v1.5-a_videos/x1S_tnc_djk.mp4,test,True,25.0,93,300,300,3.72
x2fCZCCqh3E_1,movable property,10.0,legal,True,/home/dipshikha/Music/cao/CISLR_v1.5-a_videos/x2fCZCCqh3E_1.mp4,train,True,30.0,135,300,300,4.5
x3H9ltkR_vM,el salvador,4.0,geography,True,/home/dipshikha/Music/cao/CISLR_v1.5-a_videos/x3H9ltkR_vM.mp4,train,True,25.0,82,300,300,3.28
x3JBmtirJQ0_1,revalidation,12.0,action,True,/home/dipshikha/Music/cao/CISLR_v1.5-a_videos/x3JBmtirJQ0_1.mp4,train,True,30.0,165,300,300,5.5
x3WXPajc1UQ,bleeding disorders,6.0,medical,True,/home/dipshikha/Music/cao/CISLR_v1.5-a_videos/x3WXPajc1UQ.mp4,train,True,25.0,132,300,300,5.28
x3nuREvEwis,kick out,4.0,group,True,/home/dipshikha/Music/cao/CISLR_v1.5-a_videos/x3nuREvEwis.mp4,train,True,25.0,94,300,300,3.76
x4I6cO9p77Y_1,submission,6.0,education,True,/home/dipshikha/Music/cao/CISLR_v1.5-a_videos/x4I6cO9p77Y_1.mp4,train,True,30.0,75,300,300,2.5
x5VIvDZhXNg,angry,3.0,emotion,True,/home/dipshikha/Music/cao/CISLR_v1.5-a_videos/x5VIvDZhXNg.mp4,test,True,25.0,63,300,300,2.52
x5dEKDXkXQY_1,welder,6.0,profession,True,/home/dipshikha/Music/cao/CISLR_v1.5-a_videos/x5dEKDXkXQY_1.mp4,test,True,25.0,75,300,300,3.0
x6O_GrimQMw,chennai,4.0,geography,True,/home/dipshikha/Music/cao/CISLR_v1.5-a_videos/x6O_GrimQMw.mp4,test,True,25.0,77,300,300,3.08
x77fC4-wJ8c,suggest,3.0,action,True,/home/dipshikha/Music/cao/CISLR_v1.5-a_videos/x77fC4-wJ8c.mp4,train,True,25.0,74,300,300,2.96
x7CtEdG8eAY_1,hear,8.0,sound,True,/home/dipshikha/Music/cao/CISLR_v1.5-a_videos/x7CtEdG8eAY_1.mp4,test,True,30.0,120,300,300,4.0
x7Gd1PNDGj4_2,triangle,13.0,math,True,/home/dipshikha/Music/cao/CISLR_v1.5-a_videos/x7Gd1PNDGj4_2.mp4,test,True,30.0,177,300,300,5.9
x7SV2p_-rPE,brain,6.0,biology,True,/home/dipshikha/Music/cao/CISLR_v1.5-a_videos/x7SV2p_-rPE.mp4,test,True,25.0,140,300,300,5.6
x7TnEHc0viU,tractor,4.0,transport,True,/home/dipshikha/Music/cao/CISLR_v1.5-a_videos/x7TnEHc0viU.mp4,test,True,25.0,93,300,300,3.72
xA8hTvpWbh0_1,month,6.0,time,True,/home/dipshikha/Music/cao/CISLR_v1.5-a_videos/xA8hTvpWbh0_1.mp4,test,True,30.0,75,300,300,2.5
xAwnTMH15-s_1,sleep,7.0,action,True,/home/dipshikha/Music/cao/CISLR_v1.5-a_videos/xAwnTMH15-s_1.mp4,test,True,30.0,105,300,300,3.5
xBLGhif1BWI,place,4.0,spatial position,True,/home/dipshikha/Music/cao/CISLR_v1.5-a_videos/xBLGhif1BWI.mp4,train,True,25.0,78,300,300,3.12
xBvqQ50Vlcg_1,settle,7.0,action,True,/home/dipshikha/Music/cao/CISLR_v1.5-a_videos/xBvqQ50Vlcg_1.mp4,train,True,30.0,105,300,300,3.5
xBwnNDnOPGM,north korea,4.0,geography,True,/home/dipshikha/Music/cao/CISLR_v1.5-a_videos/xBwnNDnOPGM.mp4,train,True,25.0,82,300,300,3.28
xD3S5OUhSRs,boat,5.0,transport,True,/home/dipshikha/Music/cao/CISLR_v1.5-a_videos/xD3S5OUhSRs.mp4,train,True,25.0,118,300,300,4.72
xDFgS6-OSkY,seam allowance,11.0,quantity,True,/home/dipshikha/Music/cao/CISLR_v1.5-a_videos/xDFgS6-OSkY.mp4,train,True,25.0,253,300,300,10.12
xEKHtFeWzSM_2,lubrication oil,8.0,substance,True,/home/dipshikha/Music/cao/CISLR_v1.5-a_videos/xEKHtFeWzSM_2.mp4,train,True,30.0,97,300,300,3.2333333333333334
xEUbXwWImbc_1,compulsory,7.0,education,True,/home/dipshikha/Music/cao/CISLR_v1.5-a_videos/xEUbXwWImbc_1.mp4,train,True,30.0,105,300,300,3.5
xEp-ufgrq-g,swallow,7.0,biology,True,/home/dipshikha/Music/cao/CISLR_v1.5-a_videos/xEp-ufgrq-g.mp4,test,True,25.0,155,300,300,6.2
xFB6kz5WkvA_1,housing loan,8.0,banking,True,/home/dipshikha/Music/cao/CISLR_v1.5-a_videos/xFB6kz5WkvA_1.mp4,train,True,30.0,105,300,300,3.5
xGkS3isNXXc,modern,4.0,time,True,/home/dipshikha/Music/cao/CISLR_v1.5-a_videos/xGkS3isNXXc.mp4,test,True,25.0,80,300,300,3.2
xGmkipo2jsM_1,hut,6.0,construction,True,/home/dipshikha/Music/cao/CISLR_v1.5-a_videos/xGmkipo2jsM_1.mp4,train,True,25.0,75,300,300,3.0
xH84YCP65HE,fitted,10.0,attribute,True,/home/dipshikha/Music/cao/CISLR_v1.5-a_videos/xH84YCP65HE.mp4,train,True,25.0,228,300,300,9.12
xHgqrgu0NB0,corporation bank,4.0,banking,True,/home/dipshikha/Music/cao/CISLR_v1.5-a_videos/xHgqrgu0NB0.mp4,train,True,24.0,95,300,300,3.9583333333333335
xIOA0k1ZLMk,hot air balloon,9.0,transport,True,/home/dipshikha/Music/cao/CISLR_v1.5-a_videos/xIOA0k1ZLMk.mp4,test,True,24.0,207,300,300,8.625
xIc5zEX3vSY_2,illegal,8.0,legal,True,/home/dipshikha/Music/cao/CISLR_v1.5-a_videos/xIc5zEX3vSY_2.mp4,test,True,30.0,114,300,300,3.8
xIh1wMuXgJs_1,wood,8.0,miscellaneous object,True,/home/dipshikha/Music/cao/CISLR_v1.5-a_videos/xIh1wMuXgJs_1.mp4,test,True,30.0,120,300,300,4.0
xJMONi1L3S8_1,peak,9.0,spatial position,True,/home/dipshikha/Music/cao/CISLR_v1.5-a_videos/xJMONi1L3S8_1.mp4,test,True,25.0,100,300,300,4.0
xKRO8sRM6yQ_1,government,7.0,authority,True,/home/dipshikha/Music/cao/CISLR_v1.5-a_videos/xKRO8sRM6yQ_1.mp4,test,True,25.0,75,300,300,3.0
xL-DC_wV5_E_1,standard,6.0,comparator,True,/home/dipshikha/Music/cao/CISLR_v1.5-a_videos/xL-DC_wV5_E_1.mp4,train,True,30.0,90,300,300,3.0
xLArhlTY728_1,day,5.0,time,True,/home/dipshikha/Music/cao/CISLR_v1.5-a_videos/xLArhlTY728_1.mp4,test,True,30.0,75,300,300,2.5
xLWzYC5VgPA_2,rural development,10.0,organisation,True,/home/dipshikha/Music/cao/CISLR_v1.5-a_videos/xLWzYC5VgPA_2.mp4,train,True,30.0,145,300,300,4.833333333333333
xMaMOHTmML4,turn,5.0,action,True,/home/dipshikha/Music/cao/CISLR_v1.5-a_videos/xMaMOHTmML4.mp4,test,True,25.0,117,300,300,4.68
xMvpodrz6dM,idea,5.0,abstract,True,/home/dipshikha/Music/cao/CISLR_v1.5-a_videos/xMvpodrz6dM.mp4,train,True,25.0,101,300,300,4.04
xND6JDuQ05A_1,mary,6.0,human,True,/home/dipshikha/Music/cao/CISLR_v1.5-a_videos/xND6JDuQ05A_1.mp4,train,True,25.0,75,300,300,3.0
xOxrAcyAcII,renovation,13.0,action,True,/home/dipshikha/Music/cao/CISLR_v1.5-a_videos/xOxrAcyAcII.mp4,train,True,25.0,305,300,300,12.2
xPY0EW3HkQU_1,shoe,7.0,wearable,True,/home/dipshikha/Music/cao/CISLR_v1.5-a_videos/xPY0EW3HkQU_1.mp4,test,True,25.0,88,300,300,3.52
xPkil4VFr0A,open circuit,15.0,physics,True,/home/dipshikha/Music/cao/CISLR_v1.5-a_videos/xPkil4VFr0A.mp4,train,True,25.0,352,300,300,14.08
xQ24Y6Y7wvE_1,acceptance clean,12.0,banking,True,/home/dipshikha/Music/cao/CISLR_v1.5-a_videos/xQ24Y6Y7wvE_1.mp4,train,True,30.0,180,300,300,6.0
xQIXN-eQZ7I,fever,7.0,medical,True,/home/dipshikha/Music/cao/CISLR_v1.5-a_videos/xQIXN-eQZ7I.mp4,train,True,25.0,157,300,300,6.28
xQgu-lCEmO4_2,pendulum,12.0,miscellaneous object,True,/home/dipshikha/Music/cao/CISLR_v1.5-a_videos/xQgu-lCEmO4_2.mp4,train,True,30.0,157,300,300,5.233333333333333
xR3xDmZZCCI,city,5.0,geography,True,/home/dipshikha/Music/cao/CISLR_v1.5-a_videos/xR3xDmZZCCI.mp4,test,True,25.0,124,300,300,4.96
xS2EEES-n8I_1,margin,8.0,banking,True,/home/dipshikha/Music/cao/CISLR_v1.5-a_videos/xS2EEES-n8I_1.mp4,train,True,30.0,120,300,300,4.0
xSAoWBeLvfo,injury,3.0,medical,True,/home/dipshikha/Music/cao/CISLR_v1.5-a_videos/xSAoWBeLvfo.mp4,train,True,25.0,71,300,300,2.84
xSDCy2uCWSs_1,rubber,7.0,utility item,True,/home/dipshikha/Music/cao/CISLR_v1.5-a_videos/xSDCy2uCWSs_1.mp4,test,True,30.0,105,300,300,3.5
xTQHYVNuH2I,bindi,4.0,wearable,True,/home/dipshikha/Music/cao/CISLR_v1.5-a_videos/xTQHYVNuH2I.mp4,train,True,25.0,78,300,300,3.12
xTirP9sB_SY_1,education,6.0,education,True,/home/dipshikha/Music/cao/CISLR_v1.5-a_videos/xTirP9sB_SY_1.mp4,test,True,25.0,75,300,300,3.0
xTu2lteTqAY,parapet,7.0,construction,True,/home/dipshikha/Music/cao/CISLR_v1.5-a_videos/xTu2lteTqAY.mp4,train,True,25.0,172,300,300,6.88
xVCIBUlDlkE_1,cheque mutilated,9.0,banking,True,/home/dipshikha/Music/cao/CISLR_v1.5-a_videos/xVCIBUlDlkE_1.mp4,train,True,30.0,120,300,300,4.0
xVOUQdl7ejY_1,beak,7.0,biology,True,/home/dipshikha/Music/cao/CISLR_v1.5-a_videos/xVOUQdl7ejY_1.mp4,test,True,30.0,90,300,300,3.0
xVgr78Og8o8_1,cash credit,9.0,banking,True,/home/dipshikha/Music/cao/CISLR_v1.5-a_videos/xVgr78Og8o8_1.mp4,train,True,30.0,135,300,300,4.5
xVuM_WPsOB8_1,dangerous,6.0,attribute,True,/home/dipshikha/Music/cao/CISLR_v1.5-a_videos/xVuM_WPsOB8_1.mp4,train,True,25.0,75,300,300,3.0
xWlgNHh5ino,bow tie,5.0,wearable,True,/home/dipshikha/Music/cao/CISLR_v1.5-a_videos/xWlgNHh5ino.mp4,train,True,25.0,124,300,300,4.96
xXykGIC9Yfg,reception,4.0,behavior,True,/home/dipshikha/Music/cao/CISLR_v1.5-a_videos/xXykGIC9Yfg.mp4,test,True,25.0,98,300,300,3.92
xY-hLKnjahw,calculator,4.0,math,True,/home/dipshikha/Music/cao/CISLR_v1.5-a_videos/xY-hLKnjahw.mp4,test,True,25.0,90,300,300,3.6
xY5tQfR7BiI_1,video camera,8.0,electronic and electrical,True,/home/dipshikha/Music/cao/CISLR_v1.5-a_videos/xY5tQfR7BiI_1.mp4,test,True,25.0,88,300,300,3.52
xYWHiCUuoi4_1,chess,6.0,sport,True,/home/dipshikha/Music/cao/CISLR_v1.5-a_videos/xYWHiCUuoi4_1.mp4,train,True,25.0,63,300,300,2.52
xYne01OLqHU_1,tuberculosis,9.0,medical,True,/home/dipshikha/Music/cao/CISLR_v1.5-a_videos/xYne01OLqHU_1.mp4,test,True,30.0,120,300,300,4.0
xZUbYeF9fkI_1,mime,6.0,gesture,True,/home/dipshikha/Music/cao/CISLR_v1.5-a_videos/xZUbYeF9fkI_1.mp4,train,True,25.0,75,300,300,3.0
xbBwbQ6AZv4,nominee,7.0,human,True,/home/dipshikha/Music/cao/CISLR_v1.5-a_videos/xbBwbQ6AZv4.mp4,train,True,24.0,161,300,300,6.708333333333333
xbw9Df1DFa8_1,low,7.0,geography,True,/home/dipshikha/Music/cao/CISLR_v1.5-a_videos/xbw9Df1DFa8_1.mp4,train,True,25.0,75,300,300,3.0
xcL50crTgMs,tipped tool,15.0,instrument,True,/home/dipshikha/Music/cao/CISLR_v1.5-a_videos/xcL50crTgMs.mp4,train,True,25.0,367,300,300,14.68
xcd8lsPxlP4_1,dry,6.0,attribute,True,/home/dipshikha/Music/cao/CISLR_v1.5-a_videos/xcd8lsPxlP4_1.mp4,train,True,25.0,75,300,300,3.0
xeYJvtWDsnA,ornithology,9.0,biology,True,/home/dipshikha/Music/cao/CISLR_v1.5-a_videos/xeYJvtWDsnA.mp4,train,True,24.0,196,300,300,8.166666666666666
xfKR5ftbHKg_1,single owner,7.0,attribute,True,/home/dipshikha/Music/cao/CISLR_v1.5-a_videos/xfKR5ftbHKg_1.mp4,train,True,30.0,105,300,300,3.5
xfqgrQ_r3Tw_1,frog,7.0,flora and fauna,True,/home/dipshikha/Music/cao/CISLR_v1.5-a_videos/xfqgrQ_r3Tw_1.mp4,test,True,30.0,90,300,300,3.0
xgKs0R0K6M4,impure,5.0,substance,True,/home/dipshikha/Music/cao/CISLR_v1.5-a_videos/xgKs0R0K6M4.mp4,train,True,25.0,115,300,300,4.6
xgQSpL99krE_1,ginger,7.0,foods and drinks,True,/home/dipshikha/Music/cao/CISLR_v1.5-a_videos/xgQSpL99krE_1.mp4,test,True,25.0,75,300,300,3.0
xgU5S08eD90,approximate,4.0,metric,True,/home/dipshikha/Music/cao/CISLR_v1.5-a_videos/xgU5S08eD90.mp4,test,True,25.0,86,300,300,3.44
xghJ6vKFuKQ,bad language,4.0,language,True,/home/dipshikha/Music/cao/CISLR_v1.5-a_videos/xghJ6vKFuKQ.mp4,test,True,25.0,89,300,300,3.56
xgtcWuX0mdU_2,funding,6.0,banking,True,/home/dipshikha/Music/cao/CISLR_v1.5-a_videos/xgtcWuX0mdU_2.mp4,train,True,30.0,78,300,300,2.6
xiUZYUTW660_1,account inoperative,15.0,banking,True,/home/dipshikha/Music/cao/CISLR_v1.5-a_videos/xiUZYUTW660_1.mp4,train,True,30.0,210,300,300,7.0
xiX4tAUoNXs_1,lie,6.0,action,True,/home/dipshikha/Music/cao/CISLR_v1.5-a_videos/xiX4tAUoNXs_1.mp4,test,True,30.0,90,300,300,3.0
xj41dOgAdK8_1,skip,6.0,action,True,/home/dipshikha/Music/cao/CISLR_v1.5-a_videos/xj41dOgAdK8_1.mp4,train,True,25.0,75,300,300,3.0
xjCStYhMoBE,threading,5.0,process,True,/home/dipshikha/Music/cao/CISLR_v1.5-a_videos/xjCStYhMoBE.mp4,train,True,25.0,115,300,300,4.6
xlX3VgcSz_o_1,pencil,5.0,utility item,True,/home/dipshikha/Music/cao/CISLR_v1.5-a_videos/xlX3VgcSz_o_1.mp4,test,True,25.0,63,300,300,2.52
xlb5E0TnGtM_2,physics,10.0,physics,True,/home/dipshikha/Music/cao/CISLR_v1.5-a_videos/xlb5E0TnGtM_2.mp4,test,True,30.0,114,300,300,3.8
xm1ZPkvHnL8_1,tailer,7.0,profession,True,/home/dipshikha/Music/cao/CISLR_v1.5-a_videos/xm1ZPkvHnL8_1.mp4,train,True,25.0,75,300,300,3.0
xm2Vju9w0-I,hotel,5.0,construction,True,/home/dipshikha/Music/cao/CISLR_v1.5-a_videos/xm2Vju9w0-I.mp4,test,True,25.0,106,300,300,4.24
xnQ61pjVinc_1,applicant,11.0,human,True,/home/dipshikha/Music/cao/CISLR_v1.5-a_videos/xnQ61pjVinc_1.mp4,test,True,30.0,150,300,300,5.0
xnZNmESjKrQ,shopkeeper,5.0,profession,True,/home/dipshikha/Music/cao/CISLR_v1.5-a_videos/xnZNmESjKrQ.mp4,test,True,25.0,120,300,300,4.8
xoSQfP-1A-c,ajmer sharif dargah,6.0,religious,True,/home/dipshikha/Music/cao/CISLR_v1.5-a_videos/xoSQfP-1A-c.mp4,train,True,25.0,143,300,300,5.72
xoqqrOjlpD8_1,mahavir jayanthi,7.0,event,True,/home/dipshikha/Music/cao/CISLR_v1.5-a_videos/xoqqrOjlpD8_1.mp4,train,True,25.0,88,300,300,3.52
xpy5egrPAZ0,sai baba,5.0,religious,True,/home/dipshikha/Music/cao/CISLR_v1.5-a_videos/xpy5egrPAZ0.mp4,train,True,25.0,104,300,300,4.16
xqWx6o5iue4,express,4.0,action,True,/home/dipshikha/Music/cao/CISLR_v1.5-a_videos/xqWx6o5iue4.mp4,test,True,25.0,92,300,300,3.68
xqvVfaJrM0A,nail,4.0,biology,True,/home/dipshikha/Music/cao/CISLR_v1.5-a_videos/xqvVfaJrM0A.mp4,test,True,25.0,84,300,300,3.36
xtolpEBm2ro,predict,7.0,action,True,/home/dipshikha/Music/cao/CISLR_v1.5-a_videos/xtolpEBm2ro.mp4,train,True,25.0,172,300,300,6.88
xu3e-IU_xRM,expensive,4.0,attribute,True,/home/dipshikha/Music/cao/CISLR_v1.5-a_videos/xu3e-IU_xRM.mp4,test,True,25.0,87,300,300,3.48
xuOaEQ2bdb0_1,wednesday,5.0,time,True,/home/dipshikha/Music/cao/CISLR_v1.5-a_videos/xuOaEQ2bdb0_1.mp4,test,True,30.0,75,300,300,2.5
xuh2imuKrI0,huawei mobile,6.0,organisation,True,/home/dipshikha/Music/cao/CISLR_v1.5-a_videos/xuh2imuKrI0.mp4,train,True,25.0,126,300,300,5.04
xvZaGiHtuz0_1,insult,7.0,action,True,/home/dipshikha/Music/cao/CISLR_v1.5-a_videos/xvZaGiHtuz0_1.mp4,test,True,30.0,90,300,300,3.0
xwAdIP51jIs,separate,3.0,action,True,/home/dipshikha/Music/cao/CISLR_v1.5-a_videos/xwAdIP51jIs.mp4,test,True,25.0,59,300,300,2.36
xwgkeViNOwI,bell,5.0,miscellaneous object,True,/home/dipshikha/Music/cao/CISLR_v1.5-a_videos/xwgkeViNOwI.mp4,test,True,25.0,101,300,300,4.04
xwhBXEev13o_1,extension counter,7.0,banking,True,/home/dipshikha/Music/cao/CISLR_v1.5-a_videos/xwhBXEev13o_1.mp4,train,True,30.0,90,300,300,3.0
xwn7XQRbQnc_2,biconvex lens,11.0,physics,True,/home/dipshikha/Music/cao/CISLR_v1.5-a_videos/xwn7XQRbQnc_2.mp4,train,True,30.0,137,300,300,4.566666666666666
xx3nZjHHL3s,minimum,4.0,comparator,True,/home/dipshikha/Music/cao/CISLR_v1.5-a_videos/xx3nZjHHL3s.mp4,test,True,25.0,98,300,300,3.92
xx6t3kFyJuo,drill bit,8.0,machine,True,/home/dipshikha/Music/cao/CISLR_v1.5-a_videos/xx6t3kFyJuo.mp4,train,True,25.0,188,300,300,7.52
xxTBbeG-pKY_1,mixer,7.0,machine,True,/home/dipshikha/Music/cao/CISLR_v1.5-a_videos/xxTBbeG-pKY_1.mp4,test,True,30.0,105,300,300,3.5
xzu_Y3NfigY,jeweller,7.0,profession,True,/home/dipshikha/Music/cao/CISLR_v1.5-a_videos/xzu_Y3NfigY.mp4,train,True,25.0,161,300,300,6.44
y-bSGi85wc0,hail,7.0,weather,True,/home/dipshikha/Music/cao/CISLR_v1.5-a_videos/y-bSGi85wc0.mp4,train,True,25.0,164,300,300,6.56
y-rA7UuFbVM,available,4.0,attribute,True,/home/dipshikha/Music/cao/CISLR_v1.5-a_videos/y-rA7UuFbVM.mp4,train,True,25.0,88,300,300,3.52
y0Qqh0iQ4HU_2,jupiter,10.0,astronomical,True,/home/dipshikha/Music/cao/CISLR_v1.5-a_videos/y0Qqh0iQ4HU_2.mp4,train,True,30.0,124,300,300,4.133333333333334
y1XgtWNM-OM_1,december,5.0,time,True,/home/dipshikha/Music/cao/CISLR_v1.5-a_videos/y1XgtWNM-OM_1.mp4,test,True,30.0,75,300,300,2.5
y1hvKgvxm5Q,what happened,4.0,abstract,True,/home/dipshikha/Music/cao/CISLR_v1.5-a_videos/y1hvKgvxm5Q.mp4,train,True,25.0,85,300,300,3.4
y3ck7KPhSug,tie,4.0,wearable,True,/home/dipshikha/Music/cao/CISLR_v1.5-a_videos/y3ck7KPhSug.mp4,test,True,25.0,88,300,300,3.52
y4CEIJJVt64,jalebi,8.0,foods and drinks,True,/home/dipshikha/Music/cao/CISLR_v1.5-a_videos/y4CEIJJVt64.mp4,train,True,25.0,180,300,300,7.2
y57kJAluXeM_1,again,6.0,time,True,/home/dipshikha/Music/cao/CISLR_v1.5-a_videos/y57kJAluXeM_1.mp4,test,True,25.0,63,300,300,2.52
y5IlRJzz8w8_1,comb,9.0,utility item,True,/home/dipshikha/Music/cao/CISLR_v1.5-a_videos/y5IlRJzz8w8_1.mp4,test,True,30.0,120,300,300,4.0
y5LmYGbr428,dry,3.0,attribute,True,/home/dipshikha/Music/cao/CISLR_v1.5-a_videos/y5LmYGbr428.mp4,test,True,25.0,70,300,300,2.8
y5RdDOf_lRw_1,target,8.0,abstract,True,/home/dipshikha/Music/cao/CISLR_v1.5-a_videos/y5RdDOf_lRw_1.mp4,test,True,30.0,105,300,300,3.5
y6Y7pN0nzX8_1,sub lease,8.0,banking,True,/home/dipshikha/Music/cao/CISLR_v1.5-a_videos/y6Y7pN0nzX8_1.mp4,train,True,30.0,105,300,300,3.5
y6iDMOz13sI_1,father-in-law,10.0,relation,True,/home/dipshikha/Music/cao/CISLR_v1.5-a_videos/y6iDMOz13sI_1.mp4,test,True,30.0,150,300,300,5.0
y6xu7EyX0yU_1,month,5.0,time,True,/home/dipshikha/Music/cao/CISLR_v1.5-a_videos/y6xu7EyX0yU_1.mp4,test,True,30.0,75,300,300,2.5
y707Jq7ORR4,voltmeter,13.0,instrument,True,/home/dipshikha/Music/cao/CISLR_v1.5-a_videos/y707Jq7ORR4.mp4,test,True,25.0,324,300,300,12.96
y78hQDvKB_M,milad un nabi,4.0,human,True,/home/dipshikha/Music/cao/CISLR_v1.5-a_videos/y78hQDvKB_M.mp4,train,True,25.0,79,300,300,3.16
y7FUr6B4Uh4,influence,3.0,action,True,/home/dipshikha/Music/cao/CISLR_v1.5-a_videos/y7FUr6B4Uh4.mp4,test,True,25.0,70,300,300,2.8
y7z1pnJea4s_1,bucket,6.0,utility item,True,/home/dipshikha/Music/cao/CISLR_v1.5-a_videos/y7z1pnJea4s_1.mp4,test,True,30.0,90,300,300,3.0
y89shn98vQo_2,total energy,8.0,physics,True,/home/dipshikha/Music/cao/CISLR_v1.5-a_videos/y89shn98vQo_2.mp4,train,True,30.0,100,300,300,3.333333333333333
y8OT5FWMEl8_2,convex lens,11.0,physics,True,/home/dipshikha/Music/cao/CISLR_v1.5-a_videos/y8OT5FWMEl8_2.mp4,train,True,30.0,132,300,300,4.4
y938xCsUbpo,stink,4.0,attribute,True,/home/dipshikha/Music/cao/CISLR_v1.5-a_videos/y938xCsUbpo.mp4,train,True,25.0,99,300,300,3.96
y9c93mGmbHc_1,in multiples of,8.0,math,True,/home/dipshikha/Music/cao/CISLR_v1.5-a_videos/y9c93mGmbHc_1.mp4,train,True,30.0,120,300,300,4.0
yB2sJTE2Mek,insect,6.0,flora and fauna,True,/home/dipshikha/Music/cao/CISLR_v1.5-a_videos/yB2sJTE2Mek.mp4,test,True,25.0,148,300,300,5.92
yBcTyoUaFYU_1,puri,6.0,foods and drinks,True,/home/dipshikha/Music/cao/CISLR_v1.5-a_videos/yBcTyoUaFYU_1.mp4,train,True,25.0,63,300,300,2.52
yBu6pCi5gag,iball mobile,6.0,electronic and electrical,True,/home/dipshikha/Music/cao/CISLR_v1.5-a_videos/yBu6pCi5gag.mp4,train,True,25.0,133,300,300,5.32
yD9wwZmkJlw,shoes,3.0,wearable,True,/home/dipshikha/Music/cao/CISLR_v1.5-a_videos/yD9wwZmkJlw.mp4,train,True,25.0,73,300,300,2.92
yEId-2X8Fpw_1,manufacture,7.0,process,True,/home/dipshikha/Music/cao/CISLR_v1.5-a_videos/yEId-2X8Fpw_1.mp4,train,True,30.0,90,300,300,3.0
yFMHg6sTd6Y,clever,5.0,behavior,True,/home/dipshikha/Music/cao/CISLR_v1.5-a_videos/yFMHg6sTd6Y.mp4,test,True,25.0,103,300,300,4.12
yG1xsd6JyfA,memory card,9.0,electronic and electrical,True,/home/dipshikha/Music/cao/CISLR_v1.5-a_videos/yG1xsd6JyfA.mp4,train,True,25.0,204,300,300,8.16
yGWvP26FbEo,date,5.0,time,True,/home/dipshikha/Music/cao/CISLR_v1.5-a_videos/yGWvP26FbEo.mp4,test,True,30.0,141,300,300,4.7
yGWvP26FbEo_1,date,5.0,time,True,/home/dipshikha/Music/cao/CISLR_v1.5-a_videos/yGWvP26FbEo_1.mp4,test,True,30.0,75,300,300,2.5
yHBEcGgShh4,alloy wheel,12.0,miscellaneous object,True,/home/dipshikha/Music/cao/CISLR_v1.5-a_videos/yHBEcGgShh4.mp4,train,True,24.0,287,300,300,11.958333333333334
yHWecq-Xzdc_1,missing,7.0,emotion,True,/home/dipshikha/Music/cao/CISLR_v1.5-a_videos/yHWecq-Xzdc_1.mp4,train,True,30.0,105,300,300,3.5
yHfQFast5r0_1,re examine,7.0,banking,True,/home/dipshikha/Music/cao/CISLR_v1.5-a_videos/yHfQFast5r0_1.mp4,train,True,30.0,105,300,300,3.5
yHgMtQOPid4_1,church,6.0,religious,True,/home/dipshikha/Music/cao/CISLR_v1.5-a_videos/yHgMtQOPid4_1.mp4,train,True,25.0,75,300,300,3.0
yHnry-jqo3E_1,qualification essential,7.0,abstract,True,/home/dipshikha/Music/cao/CISLR_v1.5-a_videos/yHnry-jqo3E_1.mp4,train,True,30.0,105,300,300,3.5
yI2JracrYZs_1,instalment,8.0,banking,True,/home/dipshikha/Music/cao/CISLR_v1.5-a_videos/yI2JracrYZs_1.mp4,train,True,30.0,120,300,300,4.0
yItSQyTpwtQ_1,gate,7.0,construction,True,/home/dipshikha/Music/cao/CISLR_v1.5-a_videos/yItSQyTpwtQ_1.mp4,test,True,30.0,90,300,300,3.0
yK14YhUwajU,flooring,8.0,construction,True,/home/dipshikha/Music/cao/CISLR_v1.5-a_videos/yK14YhUwajU.mp4,train,True,25.0,185,300,300,7.4
yK2We-yP8MA,poultry production,9.0,flora and fauna,True,/home/dipshikha/Music/cao/CISLR_v1.5-a_videos/yK2We-yP8MA.mp4,train,True,24.0,197,300,300,8.208333333333334
yLSyQAouIYw,sleeve board,8.0,utility item,True,/home/dipshikha/Music/cao/CISLR_v1.5-a_videos/yLSyQAouIYw.mp4,train,True,25.0,192,300,300,7.68
yLnePZ71izk,joke,5.0,sensation,True,/home/dipshikha/Music/cao/CISLR_v1.5-a_videos/yLnePZ71izk.mp4,train,True,25.0,102,300,300,4.08
yLpc_-hWZAA,bsnl,5.0,organisation,True,/home/dipshikha/Music/cao/CISLR_v1.5-a_videos/yLpc_-hWZAA.mp4,train,True,25.0,115,300,300,4.6
yLphnfhAV_o,login,6.0,group,True,/home/dipshikha/Music/cao/CISLR_v1.5-a_videos/yLphnfhAV_o.mp4,train,True,25.0,144,300,300,5.76
yMNGS-VZZj4,horizontal line,7.0,math,True,/home/dipshikha/Music/cao/CISLR_v1.5-a_videos/yMNGS-VZZj4.mp4,train,True,25.0,152,300,300,6.08
yMqhsoFHB_Q_1,brother,13.0,relation,True,/home/dipshikha/Music/cao/CISLR_v1.5-a_videos/yMqhsoFHB_Q_1.mp4,test,True,30.0,180,300,300,6.0
yMs5B2DUJ_0,land,5.0,geography,True,/home/dipshikha/Music/cao/CISLR_v1.5-a_videos/yMs5B2DUJ_0.mp4,test,True,25.0,104,300,300,4.16
yN2a6Q27DX8_1,bone,9.0,medical,True,/home/dipshikha/Music/cao/CISLR_v1.5-a_videos/yN2a6Q27DX8_1.mp4,test,True,30.0,135,300,300,4.5
yN_t_vc97fI_1,merit and demerits,8.0,quality,True,/home/dipshikha/Music/cao/CISLR_v1.5-a_videos/yN_t_vc97fI_1.mp4,train,True,30.0,105,300,300,3.5
yNv7aFGlGFA,towel,4.0,utility item,True,/home/dipshikha/Music/cao/CISLR_v1.5-a_videos/yNv7aFGlGFA.mp4,test,True,25.0,78,300,300,3.12
yOTZBisOdZs_1,labour,10.0,profession,True,/home/dipshikha/Music/cao/CISLR_v1.5-a_videos/yOTZBisOdZs_1.mp4,train,True,30.0,150,300,300,5.0
yOkZgJliKfo_1,concession,8.0,banking,True,/home/dipshikha/Music/cao/CISLR_v1.5-a_videos/yOkZgJliKfo_1.mp4,train,True,30.0,105,300,300,3.5
yQ1BONWNLrE,state bank of india,6.0,organisation,True,/home/dipshikha/Music/cao/CISLR_v1.5-a_videos/yQ1BONWNLrE.mp4,train,True,24.0,126,300,300,5.25
yQ7kMY9kDlM,rent,3.0,legal,True,/home/dipshikha/Music/cao/CISLR_v1.5-a_videos/yQ7kMY9kDlM.mp4,test,True,25.0,74,300,300,2.96
yQXFOVuS7r8,green,6.0,colour,True,/home/dipshikha/Music/cao/CISLR_v1.5-a_videos/yQXFOVuS7r8.mp4,test,True,25.0,145,300,300,5.8
yRHS5fY6bVQ_1,shift,7.0,spatial position,True,/home/dipshikha/Music/cao/CISLR_v1.5-a_videos/yRHS5fY6bVQ_1.mp4,test,True,30.0,90,300,300,3.0
yRoamy-gOgY,spice jet,6.0,organisation,True,/home/dipshikha/Music/cao/CISLR_v1.5-a_videos/yRoamy-gOgY.mp4,train,True,25.0,144,300,300,5.76
yS482mzgCwo,pass,3.0,miscellaneous object,True,/home/dipshikha/Music/cao/CISLR_v1.5-a_videos/yS482mzgCwo.mp4,test,True,25.0,68,300,300,2.72
yS4sjP4C-ko,marking table,15.0,utility item,True,/home/dipshikha/Music/cao/CISLR_v1.5-a_videos/yS4sjP4C-ko.mp4,train,True,25.0,353,300,300,14.12
ySSixQMf7is,grill,8.0,construction,True,/home/dipshikha/Music/cao/CISLR_v1.5-a_videos/ySSixQMf7is.mp4,train,True,25.0,180,300,300,7.2
yT93i9RcLFk,nervous,5.0,emotion,True,/home/dipshikha/Music/cao/CISLR_v1.5-a_videos/yT93i9RcLFk.mp4,test,True,25.0,115,300,300,4.6
yTmK54y80bs,malawi,3.0,geography,True,/home/dipshikha/Music/cao/CISLR_v1.5-a_videos/yTmK54y80bs.mp4,train,True,25.0,71,300,300,2.84
yUHZhwPUfRk_1,account rupee,14.0,banking,True,/home/dipshikha/Music/cao/CISLR_v1.5-a_videos/yUHZhwPUfRk_1.mp4,train,True,30.0,195,300,300,6.5
yVGctxtkXqA,dermatits,12.0,medical,True,/home/dipshikha/Music/cao/CISLR_v1.5-a_videos/yVGctxtkXqA.mp4,train,True,25.0,293,300,300,11.72
yVNuNrwFZ1c_2,concave lens,11.0,physics,True,/home/dipshikha/Music/cao/CISLR_v1.5-a_videos/yVNuNrwFZ1c_2.mp4,train,True,30.0,131,300,300,4.366666666666666
yVj4srfLfSc,gurudwara,5.0,religious,True,/home/dipshikha/Music/cao/CISLR_v1.5-a_videos/yVj4srfLfSc.mp4,train,True,25.0,114,300,300,4.56
yW6uqjLFKgU_2,triode,11.0,electronic and electrical,True,/home/dipshikha/Music/cao/CISLR_v1.5-a_videos/yW6uqjLFKgU_2.mp4,train,True,30.0,136,300,300,4.533333333333333
yWRsnrs4C5w,standard,5.0,comparator,True,/home/dipshikha/Music/cao/CISLR_v1.5-a_videos/yWRsnrs4C5w.mp4,test,True,25.0,108,300,300,4.32
yXkOz_A01t0_1,may,5.0,time,True,/home/dipshikha/Music/cao/CISLR_v1.5-a_videos/yXkOz_A01t0_1.mp4,test,True,30.0,75,300,300,2.5
yXrES1RSoV8,humped,15.0,biology,True,/home/dipshikha/Music/cao/CISLR_v1.5-a_videos/yXrES1RSoV8.mp4,train,True,24.0,347,300,300,14.458333333333334
yXtu327tJ28,peacock,4.0,flora and fauna,True,/home/dipshikha/Music/cao/CISLR_v1.5-a_videos/yXtu327tJ28.mp4,test,True,25.0,99,300,300,3.96
yY9c0CnaXgA_1,thank you,7.0,gesture,True,/home/dipshikha/Music/cao/CISLR_v1.5-a_videos/yY9c0CnaXgA_1.mp4,test,True,30.0,105,300,300,3.5
yYJBee_uP-A_1,stubborn,6.0,quality,True,/home/dipshikha/Music/cao/CISLR_v1.5-a_videos/yYJBee_uP-A_1.mp4,train,True,25.0,63,300,300,2.52
yYXL6MOhLUo,all india trinamool congress,4.0,politics,True,/home/dipshikha/Music/cao/CISLR_v1.5-a_videos/yYXL6MOhLUo.mp4,train,True,24.0,92,300,300,3.8333333333333335
yYf_JyfDvLU,ireland,4.0,geography,True,/home/dipshikha/Music/cao/CISLR_v1.5-a_videos/yYf_JyfDvLU.mp4,train,True,25.0,81,300,300,3.24
yYgwZxLlykw_1,exemption,8.0,banking,True,/home/dipshikha/Music/cao/CISLR_v1.5-a_videos/yYgwZxLlykw_1.mp4,train,True,30.0,105,300,300,3.5
yYn7-CCwLkM_1,identification,8.0,action,True,/home/dipshikha/Music/cao/CISLR_v1.5-a_videos/yYn7-CCwLkM_1.mp4,train,True,30.0,105,300,300,3.5
yZ6LzjeoTsY,jewel neckline`,5.0,wearable,True,/home/dipshikha/Music/cao/CISLR_v1.5-a_videos/yZ6LzjeoTsY.mp4,train,True,25.0,115,300,300,4.6
yZK6l1dikVk_1,reach,7.0,action,True,/home/dipshikha/Music/cao/CISLR_v1.5-a_videos/yZK6l1dikVk_1.mp4,test,True,25.0,75,300,300,3.0
yZlMisXPUms,humid,5.0,weather,True,/home/dipshikha/Music/cao/CISLR_v1.5-a_videos/yZlMisXPUms.mp4,test,True,25.0,103,300,300,4.12
y_q_egfFoq0,mass,5.0,physics,True,/home/dipshikha/Music/cao/CISLR_v1.5-a_videos/y_q_egfFoq0.mp4,train,True,25.0,125,300,300,5.0
yapwq7Lkgxw_1,toilet,7.0,construction,True,/home/dipshikha/Music/cao/CISLR_v1.5-a_videos/yapwq7Lkgxw_1.mp4,test,True,30.0,90,300,300,3.0
ybwfsqkf8Sw_1,nect tie,7.0,utility item,True,/home/dipshikha/Music/cao/CISLR_v1.5-a_videos/ybwfsqkf8Sw_1.mp4,test,True,25.0,75,300,300,3.0
yeArkcTSTdw_1,retum inward,10.0,action,True,/home/dipshikha/Music/cao/CISLR_v1.5-a_videos/yeArkcTSTdw_1.mp4,train,True,30.0,135,300,300,4.5
yeOgJ3nK-pM_1,salwar kameez,7.0,wearable,True,/home/dipshikha/Music/cao/CISLR_v1.5-a_videos/yeOgJ3nK-pM_1.mp4,test,True,25.0,88,300,300,3.52
yebEzbBOQl4,encourage,6.0,action,True,/home/dipshikha/Music/cao/CISLR_v1.5-a_videos/yebEzbBOQl4.mp4,test,True,25.0,135,300,300,5.4
yffUIRSERd0_2,biconcave lens,11.0,physics,True,/home/dipshikha/Music/cao/CISLR_v1.5-a_videos/yffUIRSERd0_2.mp4,train,True,30.0,129,300,300,4.3
yftcPJvbkhg,rinderpest,13.0,medical,True,/home/dipshikha/Music/cao/CISLR_v1.5-a_videos/yftcPJvbkhg.mp4,train,True,24.0,300,300,300,12.5
yhCvtSaTMvg_1,thin,6.0,quality,True,/home/dipshikha/Music/cao/CISLR_v1.5-a_videos/yhCvtSaTMvg_1.mp4,test,True,25.0,75,300,300,3.0
yi--S0oh64s,careful,5.0,attribute,True,/home/dipshikha/Music/cao/CISLR_v1.5-a_videos/yi--S0oh64s.mp4,test,True,25.0,120,300,300,4.8
yi14hGwVzKM,window garden,10.0,construction,True,/home/dipshikha/Music/cao/CISLR_v1.5-a_videos/yi14hGwVzKM.mp4,train,True,25.0,234,300,300,9.36
yiVSKw0srMA,coffee rust,15.0,flora and fauna,True,/home/dipshikha/Music/cao/CISLR_v1.5-a_videos/yiVSKw0srMA.mp4,train,True,25.0,361,300,300,14.44
yjFM1hV0hy8_1,history,6.0,education,True,/home/dipshikha/Music/cao/CISLR_v1.5-a_videos/yjFM1hV0hy8_1.mp4,train,True,25.0,75,300,300,3.0
yjI4oup9SFU,watch,3.0,electronic and electrical,True,/home/dipshikha/Music/cao/CISLR_v1.5-a_videos/yjI4oup9SFU.mp4,test,True,25.0,59,300,300,2.36
yjnm43fEimY,ball,4.0,sport,True,/home/dipshikha/Music/cao/CISLR_v1.5-a_videos/yjnm43fEimY.mp4,test,True,25.0,75,300,300,3.0
yk1x10hOd1M,pen,3.0,utility item,True,/home/dipshikha/Music/cao/CISLR_v1.5-a_videos/yk1x10hOd1M.mp4,test,True,25.0,68,300,300,2.72
yk4B-asWh0I_1,asia,7.0,geography,True,/home/dipshikha/Music/cao/CISLR_v1.5-a_videos/yk4B-asWh0I_1.mp4,test,True,25.0,88,300,300,3.52
ykCLJ3U0Ir4_1,dirty,7.0,quality,True,/home/dipshikha/Music/cao/CISLR_v1.5-a_videos/ykCLJ3U0Ir4_1.mp4,test,True,25.0,88,300,300,3.52
ylCAApFrP88,two days before,3.0,time,True,/home/dipshikha/Music/cao/CISLR_v1.5-a_videos/ylCAApFrP88.mp4,train,True,25.0,68,300,300,2.72
ym0KmkKQBW0_2,security deposit,9.0,legal,True,/home/dipshikha/Music/cao/CISLR_v1.5-a_videos/ym0KmkKQBW0_2.mp4,train,True,30.0,129,300,300,4.3
ym9Nx-zkmEM,faucet aerator,8.0,instrument,True,/home/dipshikha/Music/cao/CISLR_v1.5-a_videos/ym9Nx-zkmEM.mp4,train,True,25.0,196,300,300,7.84
ymvaZ1cxW2s,gurudwara,5.0,religious,True,/home/dipshikha/Music/cao/CISLR_v1.5-a_videos/ymvaZ1cxW2s.mp4,test,True,25.0,113,300,300,4.52
ynTx1KLLvng_1,supervision,9.0,action,True,/home/dipshikha/Music/cao/CISLR_v1.5-a_videos/ynTx1KLLvng_1.mp4,train,True,30.0,120,300,300,4.0
ynZd-HeXGnc,outdated,5.0,time,True,/home/dipshikha/Music/cao/CISLR_v1.5-a_videos/ynZd-HeXGnc.mp4,train,True,25.0,105,300,300,4.2
ynqXIbWTRp4_1,wind,7.0,weather,True,/home/dipshikha/Music/cao/CISLR_v1.5-a_videos/ynqXIbWTRp4_1.mp4,test,True,25.0,88,300,300,3.52
ynvL576W11k,pink,6.0,abstract,True,/home/dipshikha/Music/cao/CISLR_v1.5-a_videos/ynvL576W11k.mp4,test,True,25.0,145,300,300,5.8
yo9-6O8jNXQ_1,share capital,10.0,banking,True,/home/dipshikha/Music/cao/CISLR_v1.5-a_videos/yo9-6O8jNXQ_1.mp4,train,True,30.0,135,300,300,4.5
yoG_mrM8Hg8,it's raining cats and dogs,7.0,weather,True,/home/dipshikha/Music/cao/CISLR_v1.5-a_videos/yoG_mrM8Hg8.mp4,train,True,25.0,161,300,300,6.44
ypWkhczB2tY,bladder cancer,13.0,medical,True,/home/dipshikha/Music/cao/CISLR_v1.5-a_videos/ypWkhczB2tY.mp4,train,True,25.0,325,300,300,13.0
ypvx1Fn3_GE_1,cunning,6.0,behavior,True,/home/dipshikha/Music/cao/CISLR_v1.5-a_videos/ypvx1Fn3_GE_1.mp4,test,True,25.0,75,300,300,3.0
yqRuuOhG1Cs,bag,4.0,utility item,True,/home/dipshikha/Music/cao/CISLR_v1.5-a_videos/yqRuuOhG1Cs.mp4,test,True,25.0,97,300,300,3.88
yr0Mkvkfmi8_2,violet,10.0,abstract,True,/home/dipshikha/Music/cao/CISLR_v1.5-a_videos/yr0Mkvkfmi8_2.mp4,train,True,30.0,125,300,300,4.166666666666667
ysoReRp9l9A_1,surprise,6.0,gesture,True,/home/dipshikha/Music/cao/CISLR_v1.5-a_videos/ysoReRp9l9A_1.mp4,test,True,25.0,63,300,300,2.52
ytA5JcAmS48,diseases and enemies of fish,15.0,biology,True,/home/dipshikha/Music/cao/CISLR_v1.5-a_videos/ytA5JcAmS48.mp4,train,True,24.0,357,300,300,14.875
yuJ6ZBt0MBw,yoga,4.0,sport,True,/home/dipshikha/Music/cao/CISLR_v1.5-a_videos/yuJ6ZBt0MBw.mp4,train,True,25.0,93,300,300,3.72
yuo_oeBoTKk,upset,4.0,behavior,True,/home/dipshikha/Music/cao/CISLR_v1.5-a_videos/yuo_oeBoTKk.mp4,test,True,25.0,88,300,300,3.52
yv3O0xFD6O8,women jail,15.0,construction,True,/home/dipshikha/Music/cao/CISLR_v1.5-a_videos/yv3O0xFD6O8.mp4,train,True,25.0,371,300,300,14.84
ywSGE7YCdCM_1,dinner,6.0,foods and drinks,True,/home/dipshikha/Music/cao/CISLR_v1.5-a_videos/ywSGE7YCdCM_1.mp4,train,True,25.0,63,300,300,2.52
yylUDwKKvxY,kaposi sarcoma,7.0,biology,True,/home/dipshikha/Music/cao/CISLR_v1.5-a_videos/yylUDwKKvxY.mp4,train,True,25.0,164,300,300,6.56
yymmblO1-8U_1,borrow,6.0,action,True,/home/dipshikha/Music/cao/CISLR_v1.5-a_videos/yymmblO1-8U_1.mp4,train,True,25.0,75,300,300,3.0
yzXgc9ZNbFI,float,11.0,instrument,True,/home/dipshikha/Music/cao/CISLR_v1.5-a_videos/yzXgc9ZNbFI.mp4,test,True,25.0,253,300,300,10.12
z-gika19BqU,old,4.0,human,True,/home/dipshikha/Music/cao/CISLR_v1.5-a_videos/z-gika19BqU.mp4,test,True,25.0,98,300,300,3.92
z-ke4RyMx_w,accordion,6.0,sound,True,/home/dipshikha/Music/cao/CISLR_v1.5-a_videos/z-ke4RyMx_w.mp4,train,True,25.0,139,300,300,5.56
z-uZFPcqtcQ,oppo mobile,6.0,electronic and electrical,True,/home/dipshikha/Music/cao/CISLR_v1.5-a_videos/z-uZFPcqtcQ.mp4,train,True,25.0,132,300,300,5.28
z1VPeFV_ew4,pencil,3.0,utility item,True,/home/dipshikha/Music/cao/CISLR_v1.5-a_videos/z1VPeFV_ew4.mp4,test,True,25.0,74,300,300,2.96
z1X_LnA8wRE_1,small savings scheme,9.0,banking,True,/home/dipshikha/Music/cao/CISLR_v1.5-a_videos/z1X_LnA8wRE_1.mp4,train,True,30.0,135,300,300,4.5
z2B7VrBSA5c,friend,5.0,relation,True,/home/dipshikha/Music/cao/CISLR_v1.5-a_videos/z2B7VrBSA5c.mp4,test,True,25.0,114,300,300,4.56
z2ETf2ExVsU_1,father,10.0,relation,True,/home/dipshikha/Music/cao/CISLR_v1.5-a_videos/z2ETf2ExVsU_1.mp4,test,True,30.0,135,300,300,4.5
z2uEKj1aWd4,modern roof,8.0,construction,True,/home/dipshikha/Music/cao/CISLR_v1.5-a_videos/z2uEKj1aWd4.mp4,train,True,24.0,175,300,300,7.291666666666667
z3C2pnumALw,grandfather,5.0,relation,True,/home/dipshikha/Music/cao/CISLR_v1.5-a_videos/z3C2pnumALw.mp4,test,True,25.0,122,300,300,4.88
z3iLB12a_O4,tri square,15.0,instrument,True,/home/dipshikha/Music/cao/CISLR_v1.5-a_videos/z3iLB12a_O4.mp4,train,True,25.0,360,300,300,14.4
z4AQcUmPyxg,drug,5.0,substance,True,/home/dipshikha/Music/cao/CISLR_v1.5-a_videos/z4AQcUmPyxg.mp4,test,True,25.0,101,300,300,4.04
z4D6TU11HbE,rubber,4.0,utility item,True,/home/dipshikha/Music/cao/CISLR_v1.5-a_videos/z4D6TU11HbE.mp4,test,True,25.0,77,300,300,3.08
z4vokrd75OM,rich,7.0,attribute,True,/home/dipshikha/Music/cao/CISLR_v1.5-a_videos/z4vokrd75OM.mp4,test,True,25.0,78,300,300,3.12
z5T2c_s6kwI,mountain,6.0,geography,True,/home/dipshikha/Music/cao/CISLR_v1.5-a_videos/z5T2c_s6kwI.mp4,test,True,25.0,126,300,300,5.04
z5mb_lff0uI_1,show,7.0,action,True,/home/dipshikha/Music/cao/CISLR_v1.5-a_videos/z5mb_lff0uI_1.mp4,test,True,25.0,75,300,300,3.0
z5qHAG8YSrE,non vegetarian,6.0,foods and drinks,True,/home/dipshikha/Music/cao/CISLR_v1.5-a_videos/z5qHAG8YSrE.mp4,train,True,25.0,143,300,300,5.72
z66yE3ILKuw,potato,4.0,foods and drinks,True,/home/dipshikha/Music/cao/CISLR_v1.5-a_videos/z66yE3ILKuw.mp4,test,True,25.0,78,300,300,3.12
z672iUJ0b98,file,8.0,readable,True,/home/dipshikha/Music/cao/CISLR_v1.5-a_videos/z672iUJ0b98.mp4,test,True,25.0,195,300,300,7.8
z6Y6UJn7Mr8_1,unanimous,8.0,legal,True,/home/dipshikha/Music/cao/CISLR_v1.5-a_videos/z6Y6UJn7Mr8_1.mp4,train,True,30.0,120,300,300,4.0
z6_hXXO4vw8_1,taste,7.0,sensation,True,/home/dipshikha/Music/cao/CISLR_v1.5-a_videos/z6_hXXO4vw8_1.mp4,test,True,30.0,90,300,300,3.0
z7fqi4_fZvI,material,5.0,substance,True,/home/dipshikha/Music/cao/CISLR_v1.5-a_videos/z7fqi4_fZvI.mp4,test,True,25.0,121,300,300,4.84
z89wqxyMu6s_2,record,9.0,action,True,/home/dipshikha/Music/cao/CISLR_v1.5-a_videos/z89wqxyMu6s_2.mp4,test,True,30.0,97,300,300,3.2333333333333334
z8Yx1NXXgYM_1,vapour,7.0,substance,True,/home/dipshikha/Music/cao/CISLR_v1.5-a_videos/z8Yx1NXXgYM_1.mp4,train,True,25.0,75,300,300,3.0
z8d961aDuUA_1,centimeter,7.0,metric,True,/home/dipshikha/Music/cao/CISLR_v1.5-a_videos/z8d961aDuUA_1.mp4,train,True,25.0,75,300,300,3.0
z9Bb0RtVstk_1,kiss,6.0,action,True,/home/dipshikha/Music/cao/CISLR_v1.5-a_videos/z9Bb0RtVstk_1.mp4,test,True,25.0,63,300,300,2.52
z9fE3-r78UE,ogle from head to toe,5.0,action,True,/home/dipshikha/Music/cao/CISLR_v1.5-a_videos/z9fE3-r78UE.mp4,train,True,25.0,115,300,300,4.6
zBvs_GPf6Y8_1,granddaughter,12.0,relation,True,/home/dipshikha/Music/cao/CISLR_v1.5-a_videos/zBvs_GPf6Y8_1.mp4,test,True,30.0,180,300,300,6.0
zCAa4hAv2AY,puzzle,5.0,process,True,/home/dipshikha/Music/cao/CISLR_v1.5-a_videos/zCAa4hAv2AY.mp4,train,True,25.0,108,300,300,4.32
zCRxd9PBDXY_1,prompt action,7.0,action,True,/home/dipshikha/Music/cao/CISLR_v1.5-a_videos/zCRxd9PBDXY_1.mp4,train,True,30.0,90,300,300,3.0
zCv73SvXmk8_1,leather,8.0,substance,True,/home/dipshikha/Music/cao/CISLR_v1.5-a_videos/zCv73SvXmk8_1.mp4,test,True,30.0,120,300,300,4.0
zEhEGpPHGLE,elder brother,3.0,relation,True,/home/dipshikha/Music/cao/CISLR_v1.5-a_videos/zEhEGpPHGLE.mp4,train,True,25.0,69,300,300,2.76
zEpIbqDKEh8,bipedal robot,9.0,machine,True,/home/dipshikha/Music/cao/CISLR_v1.5-a_videos/zEpIbqDKEh8.mp4,train,True,24.0,208,300,300,8.666666666666666
zEth840lEVE,sari,3.0,wearable,True,/home/dipshikha/Music/cao/CISLR_v1.5-a_videos/zEth840lEVE.mp4,test,True,25.0,71,300,300,2.84
zEv81qWK7yQ_1,cold drink,6.0,foods and drinks,True,/home/dipshikha/Music/cao/CISLR_v1.5-a_videos/zEv81qWK7yQ_1.mp4,train,True,25.0,63,300,300,2.52
zF0-lsUa_RA_1,cat,7.0,flora and fauna,True,/home/dipshikha/Music/cao/CISLR_v1.5-a_videos/zF0-lsUa_RA_1.mp4,test,True,30.0,90,300,300,3.0
zFykwvdCws8_1,thigh,8.0,biology,True,/home/dipshikha/Music/cao/CISLR_v1.5-a_videos/zFykwvdCws8_1.mp4,train,True,30.0,105,300,300,3.5
zG_P--gEuOU_2,negligible,7.0,quantity,True,/home/dipshikha/Music/cao/CISLR_v1.5-a_videos/zG_P--gEuOU_2.mp4,train,True,30.0,74,300,300,2.466666666666667
zGhfj0f_3bI_1,see,9.0,action,True,/home/dipshikha/Music/cao/CISLR_v1.5-a_videos/zGhfj0f_3bI_1.mp4,test,True,30.0,120,300,300,4.0
zHSDpV4Ok2Q,behind,4.0,spatial position,True,/home/dipshikha/Music/cao/CISLR_v1.5-a_videos/zHSDpV4Ok2Q.mp4,test,True,25.0,84,300,300,3.36
zHuGuas_2f8,body pain,8.0,medical,True,/home/dipshikha/Music/cao/CISLR_v1.5-a_videos/zHuGuas_2f8.mp4,train,True,25.0,181,300,300,7.24
zIEMNYyHXHs,murder,15.0,action,True,/home/dipshikha/Music/cao/CISLR_v1.5-a_videos/zIEMNYyHXHs.mp4,test,True,25.0,368,300,300,14.72
zI_8os97Bkc_1,run,5.0,action,True,/home/dipshikha/Music/cao/CISLR_v1.5-a_videos/zI_8os97Bkc_1.mp4,test,True,25.0,50,300,300,2.0
zJRmEhzjtco,electrolyte,11.0,chemistry,True,/home/dipshikha/Music/cao/CISLR_v1.5-a_videos/zJRmEhzjtco.mp4,train,True,25.0,264,300,300,10.56
zJmlqjm_b5g,woman,3.0,human,True,/home/dipshikha/Music/cao/CISLR_v1.5-a_videos/zJmlqjm_b5g.mp4,test,True,25.0,64,300,300,2.56
zLxJPYBRIEM,garib rath express,5.0,transport,True,/home/dipshikha/Music/cao/CISLR_v1.5-a_videos/zLxJPYBRIEM.mp4,train,True,25.0,120,300,300,4.8
zMSTQmwzW_s_1,subordinate,8.0,authority,True,/home/dipshikha/Music/cao/CISLR_v1.5-a_videos/zMSTQmwzW_s_1.mp4,train,True,30.0,120,300,300,4.0
zMVhZxmiK-s,salesman,12.0,profession,True,/home/dipshikha/Music/cao/CISLR_v1.5-a_videos/zMVhZxmiK-s.mp4,train,True,25.0,300,300,300,12.0
zOpA9-geIxA,minority,5.0,group,True,/home/dipshikha/Music/cao/CISLR_v1.5-a_videos/zOpA9-geIxA.mp4,test,True,25.0,101,300,300,4.04
zPpdozLG2wU_1,study,6.0,action,True,/home/dipshikha/Music/cao/CISLR_v1.5-a_videos/zPpdozLG2wU_1.mp4,test,True,25.0,75,300,300,3.0
zRAHq3wDY8A_1,proprietory,7.0,authority,True,/home/dipshikha/Music/cao/CISLR_v1.5-a_videos/zRAHq3wDY8A_1.mp4,train,True,30.0,90,300,300,3.0
zRnkG-1N3jY_1,diwali,7.0,event,True,/home/dipshikha/Music/cao/CISLR_v1.5-a_videos/zRnkG-1N3jY_1.mp4,test,True,25.0,75,300,300,3.0
zSGR1KaSZV4,hanuman,4.0,religious,True,/home/dipshikha/Music/cao/CISLR_v1.5-a_videos/zSGR1KaSZV4.mp4,test,True,25.0,99,300,300,3.96
zSJ-3q6P4lQ,bluetooth,6.0,internet,True,/home/dipshikha/Music/cao/CISLR_v1.5-a_videos/zSJ-3q6P4lQ.mp4,test,True,25.0,144,300,300,5.76
zSXKZb2Frqc_1,market,6.0,geography,True,/home/dipshikha/Music/cao/CISLR_v1.5-a_videos/zSXKZb2Frqc_1.mp4,train,True,25.0,63,300,300,2.52
zSst5y5j_fI,lips,6.0,biology,True,/home/dipshikha/Music/cao/CISLR_v1.5-a_videos/zSst5y5j_fI.mp4,test,True,25.0,150,300,300,6.0
zSwPgYew9xY_1,evening,7.0,time,True,/home/dipshikha/Music/cao/CISLR_v1.5-a_videos/zSwPgYew9xY_1.mp4,test,True,30.0,90,300,300,3.0
zTxivCXMjdU_2,inter branch transaction,12.0,banking,True,/home/dipshikha/Music/cao/CISLR_v1.5-a_videos/zTxivCXMjdU_2.mp4,train,True,30.0,175,300,300,5.833333333333333
zU-UAPxXzjU,abstract of account,11.0,banking,True,/home/dipshikha/Music/cao/CISLR_v1.5-a_videos/zU-UAPxXzjU.mp4,train,True,30.0,321,300,300,10.7
zUFDbkEtC_E_2,property landed,12.0,banking,True,/home/dipshikha/Music/cao/CISLR_v1.5-a_videos/zUFDbkEtC_E_2.mp4,train,True,30.0,174,300,300,5.8
zUtEmpaF7kM,plan,7.0,action,True,/home/dipshikha/Music/cao/CISLR_v1.5-a_videos/zUtEmpaF7kM.mp4,test,True,25.0,158,300,300,6.32
zUzBN5DY_3A,mazdoor,4.0,profession,True,/home/dipshikha/Music/cao/CISLR_v1.5-a_videos/zUzBN5DY_3A.mp4,train,True,25.0,93,300,300,3.72
zWdWqozClE4,chef,8.0,profession,True,/home/dipshikha/Music/cao/CISLR_v1.5-a_videos/zWdWqozClE4.mp4,train,True,25.0,180,300,300,7.2
zXpbs2ztV4k_1,hearing aid,9.0,sound,True,/home/dipshikha/Music/cao/CISLR_v1.5-a_videos/zXpbs2ztV4k_1.mp4,test,True,25.0,100,300,300,4.0
zYWxTgBpp5o_1,allergy,7.0,medical,True,/home/dipshikha/Music/cao/CISLR_v1.5-a_videos/zYWxTgBpp5o_1.mp4,test,True,30.0,90,300,300,3.0
zYuR7aEr3SI_2,atmosphere,9.0,chemistry,True,/home/dipshikha/Music/cao/CISLR_v1.5-a_videos/zYuR7aEr3SI_2.mp4,train,True,30.0,110,300,300,3.6666666666666665
zZRHcEnMUnw_1,lizard,6.0,flora and fauna,True,/home/dipshikha/Music/cao/CISLR_v1.5-a_videos/zZRHcEnMUnw_1.mp4,test,True,30.0,75,300,300,2.5
zZVuyuVTFW0,promotion,4.0,organisation,True,/home/dipshikha/Music/cao/CISLR_v1.5-a_videos/zZVuyuVTFW0.mp4,test,True,25.0,88,300,300,3.52
zZdJ4ZLnw2U,constitutional rights,15.0,legal,True,/home/dipshikha/Music/cao/CISLR_v1.5-a_videos/zZdJ4ZLnw2U.mp4,train,True,25.0,351,300,300,14.04
zZkjoooQRXk_1,sikh,6.0,religious,True,/home/dipshikha/Music/cao/CISLR_v1.5-a_videos/zZkjoooQRXk_1.mp4,test,True,25.0,75,300,300,3.0
zZs0BXEssdQ,wave,5.0,physics,True,/home/dipshikha/Music/cao/CISLR_v1.5-a_videos/zZs0BXEssdQ.mp4,test,True,25.0,120,300,300,4.8
z_736hEJX_M,diabetic,12.0,medical,True,/home/dipshikha/Music/cao/CISLR_v1.5-a_videos/z_736hEJX_M.mp4,train,True,25.0,280,300,300,11.2
z_Tnhup1J5I,satisfied,4.0,attribute,True,/home/dipshikha/Music/cao/CISLR_v1.5-a_videos/z_Tnhup1J5I.mp4,test,True,25.0,95,300,300,3.8
z_WykkCqulk,sick,4.0,medical,True,/home/dipshikha/Music/cao/CISLR_v1.5-a_videos/z_WykkCqulk.mp4,test,True,25.0,77,300,300,3.08
z_kjd4rGuag,hug,5.0,gesture,True,/home/dipshikha/Music/cao/CISLR_v1.5-a_videos/z_kjd4rGuag.mp4,test,True,25.0,114,300,300,4.56
zaCXh7eQO2Y,cash,4.0,banking,True,/home/dipshikha/Music/cao/CISLR_v1.5-a_videos/zaCXh7eQO2Y.mp4,test,True,25.0,87,300,300,3.48
zaGjEBwl--8,ethics,5.0,behavior,True,/home/dipshikha/Music/cao/CISLR_v1.5-a_videos/zaGjEBwl--8.mp4,test,True,25.0,99,300,300,3.96
zajXjC-yusI_2,surrounding,8.0,miscellaneous object,True,/home/dipshikha/Music/cao/CISLR_v1.5-a_videos/zajXjC-yusI_2.mp4,train,True,30.0,93,300,300,3.1
zaxDTYvEeZw_2,notice board,9.0,utility item,True,/home/dipshikha/Music/cao/CISLR_v1.5-a_videos/zaxDTYvEeZw_2.mp4,train,True,30.0,120,300,300,4.0
zbxW8XnyziA,airport,5.0,transport,True,/home/dipshikha/Music/cao/CISLR_v1.5-a_videos/zbxW8XnyziA.mp4,test,True,25.0,110,300,300,4.4
zc7cBfgwiyI_1,spastic,7.0,medical,True,/home/dipshikha/Music/cao/CISLR_v1.5-a_videos/zc7cBfgwiyI_1.mp4,train,True,25.0,75,300,300,3.0
zcKPzJMDkRw,roll,6.0,action,True,/home/dipshikha/Music/cao/CISLR_v1.5-a_videos/zcKPzJMDkRw.mp4,test,True,25.0,142,300,300,5.68
zdGKXf_2HFA,jama masjid,5.0,religious,True,/home/dipshikha/Music/cao/CISLR_v1.5-a_videos/zdGKXf_2HFA.mp4,train,True,25.0,105,300,300,4.2
zdVCE0zgZ64_1,steel,8.0,metal and minerals,True,/home/dipshikha/Music/cao/CISLR_v1.5-a_videos/zdVCE0zgZ64_1.mp4,test,True,30.0,120,300,300,4.0
zdZNbKoJejY_1,approval,9.0,action,True,/home/dipshikha/Music/cao/CISLR_v1.5-a_videos/zdZNbKoJejY_1.mp4,train,True,30.0,135,300,300,4.5
zeLeGWdpYiE_1,guilty,6.0,emotion,True,/home/dipshikha/Music/cao/CISLR_v1.5-a_videos/zeLeGWdpYiE_1.mp4,test,True,30.0,90,300,300,3.0
zeRihgKBfB0,anti virus,8.0,computer,True,/home/dipshikha/Music/cao/CISLR_v1.5-a_videos/zeRihgKBfB0.mp4,test,True,25.0,181,300,300,7.24
zfvnGrqiLMQ_1,australia,8.0,geography,True,/home/dipshikha/Music/cao/CISLR_v1.5-a_videos/zfvnGrqiLMQ_1.mp4,test,True,25.0,88,300,300,3.52
zgJBDuqbPHM,hydathodes,11.0,biology,True,/home/dipshikha/Music/cao/CISLR_v1.5-a_videos/zgJBDuqbPHM.mp4,train,True,24.0,252,300,300,10.5
zgQAKKtXOZY,background,4.0,spatial position,True,/home/dipshikha/Music/cao/CISLR_v1.5-a_videos/zgQAKKtXOZY.mp4,train,True,25.0,88,300,300,3.52
zgq2AwN0qxs_1,heir,9.0,relation,True,/home/dipshikha/Music/cao/CISLR_v1.5-a_videos/zgq2AwN0qxs_1.mp4,train,True,30.0,120,300,300,4.0
zhKQnsHLNeA,truck,4.0,transport,True,/home/dipshikha/Music/cao/CISLR_v1.5-a_videos/zhKQnsHLNeA.mp4,test,True,25.0,87,300,300,3.48
zhxo7cEkSF8_1,reserve fund,8.0,banking,True,/home/dipshikha/Music/cao/CISLR_v1.5-a_videos/zhxo7cEkSF8_1.mp4,train,True,30.0,105,300,300,3.5
zi11969STzc_1,sheep,8.0,flora and fauna,True,/home/dipshikha/Music/cao/CISLR_v1.5-a_videos/zi11969STzc_1.mp4,test,True,30.0,105,300,300,3.5
zk-I0DPD4gk_1,water bottle,6.0,utility item,True,/home/dipshikha/Music/cao/CISLR_v1.5-a_videos/zk-I0DPD4gk_1.mp4,train,True,25.0,63,300,300,2.52
zkLkrnOdDA0,floating plants,13.0,flora and fauna,True,/home/dipshikha/Music/cao/CISLR_v1.5-a_videos/zkLkrnOdDA0.mp4,train,True,24.0,299,300,300,12.458333333333334
zkOqvdkGpS4,laptop,5.0,electronic and electrical,True,/home/dipshikha/Music/cao/CISLR_v1.5-a_videos/zkOqvdkGpS4.mp4,test,True,25.0,111,300,300,4.44
zkQeGg5DkVc,rajasthan,4.0,geography,True,/home/dipshikha/Music/cao/CISLR_v1.5-a_videos/zkQeGg5DkVc.mp4,test,True,25.0,99,300,300,3.96
zmcws5FplEc_1,friday,5.0,time,True,/home/dipshikha/Music/cao/CISLR_v1.5-a_videos/zmcws5FplEc_1.mp4,test,True,30.0,75,300,300,2.5
zmrOAZ6FeHA_2,radio,8.0,electronic and electrical,True,/home/dipshikha/Music/cao/CISLR_v1.5-a_videos/zmrOAZ6FeHA_2.mp4,test,True,30.0,90,300,300,3.0
znGl0a0R3io_2,edge,9.0,spatial position,True,/home/dipshikha/Music/cao/CISLR_v1.5-a_videos/znGl0a0R3io_2.mp4,train,True,30.0,107,300,300,3.566666666666667
zoM2D2UeE18_2,kelvin,8.0,metric,True,/home/dipshikha/Music/cao/CISLR_v1.5-a_videos/zoM2D2UeE18_2.mp4,train,True,30.0,96,300,300,3.2
zobbHZq0U4w,come,5.0,process,True,/home/dipshikha/Music/cao/CISLR_v1.5-a_videos/zobbHZq0U4w.mp4,test,True,25.0,111,300,300,4.44
zpDZzjRrUmk,france,4.0,geography,True,/home/dipshikha/Music/cao/CISLR_v1.5-a_videos/zpDZzjRrUmk.mp4,test,True,25.0,96,300,300,3.84
zqoQST3Oap8_1,first floor,8.0,construction,True,/home/dipshikha/Music/cao/CISLR_v1.5-a_videos/zqoQST3Oap8_1.mp4,test,True,30.0,120,300,300,4.0
zrNSPG0BAPo,thumb lunula,8.0,medical,True,/home/dipshikha/Music/cao/CISLR_v1.5-a_videos/zrNSPG0BAPo.mp4,train,True,25.0,180,300,300,7.2
zrf_bkZG9_E_2,strength,7.0,attribute,True,/home/dipshikha/Music/cao/CISLR_v1.5-a_videos/zrf_bkZG9_E_2.mp4,test,True,30.0,79,300,300,2.6333333333333333
zsaHFTWOIms_1,take over,9.0,action,True,/home/dipshikha/Music/cao/CISLR_v1.5-a_videos/zsaHFTWOIms_1.mp4,train,True,30.0,120,300,300,4.0
zsfMMuKrUUg,wedding reception,5.0,event,True,/home/dipshikha/Music/cao/CISLR_v1.5-a_videos/zsfMMuKrUUg.mp4,test,True,25.0,114,300,300,4.56
zskDexexPRo_2_Trim,hydrautic brake,11.0,machine,True,/home/dipshikha/Music/cao/CISLR_v1.5-a_videos/zskDexexPRo_2_Trim.mp4,train,True,30.0,96,300,300,3.2
ztOfNdPNwAU_1,carrot,7.0,foods and drinks,True,/home/dipshikha/Music/cao/CISLR_v1.5-a_videos/ztOfNdPNwAU_1.mp4,test,True,25.0,75,300,300,3.0
zuOOzSoUPcU_1,week,5.0,time,True,/home/dipshikha/Music/cao/CISLR_v1.5-a_videos/zuOOzSoUPcU_1.mp4,test,True,30.0,75,300,300,2.5
zultm2vBHws_2,wax,10.0,utility item,True,/home/dipshikha/Music/cao/CISLR_v1.5-a_videos/zultm2vBHws_2.mp4,train,True,30.0,112,300,300,3.733333333333333
zupZnldqNbE_2,square,13.0,math,True,/home/dipshikha/Music/cao/CISLR_v1.5-a_videos/zupZnldqNbE_2.mp4,test,True,30.0,165,300,300,5.5
zuwgMn6oS-Q_1,boring,7.0,attribute,True,/home/dipshikha/Music/cao/CISLR_v1.5-a_videos/zuwgMn6oS-Q_1.mp4,train,True,25.0,88,300,300,3.52
zvDd4Lvma58_1,statement of liquidation,11.0,banking,True,/home/dipshikha/Music/cao/CISLR_v1.5-a_videos/zvDd4Lvma58_1.mp4,train,True,30.0,150,300,300,5.0
zvhxuidq68g,aircel,5.0,internet,True,/home/dipshikha/Music/cao/CISLR_v1.5-a_videos/zvhxuidq68g.mp4,train,True,25.0,120,300,300,4.8
zw53Xl_e9QA,ant,5.0,flora and fauna,True,/home/dipshikha/Music/cao/CISLR_v1.5-a_videos/zw53Xl_e9QA.mp4,test,True,25.0,114,300,300,4.56
zwQFJqvvgqQ,keyhole,8.0,utility item,True,/home/dipshikha/Music/cao/CISLR_v1.5-a_videos/zwQFJqvvgqQ.mp4,train,True,25.0,193,300,300,7.72
zwl-CJnhrYI_1,postpone,6.0,action,True,/home/dipshikha/Music/cao/CISLR_v1.5-a_videos/zwl-CJnhrYI_1.mp4,train,True,25.0,75,300,300,3.0
zxXFqg4uC_I_1,festivals,6.0,event,True,/home/dipshikha/Music/cao/CISLR_v1.5-a_videos/zxXFqg4uC_I_1.mp4,train,True,25.0,63,300,300,2.52
zxd2fClLdu0_1,sweat,8.0,biology,True,/home/dipshikha/Music/cao/CISLR_v1.5-a_videos/zxd2fClLdu0_1.mp4,test,True,30.0,105,300,300,3.5
zxwuZPkYjrQ,good night,4.0,greeting,True,/home/dipshikha/Music/cao/CISLR_v1.5-a_videos/zxwuZPkYjrQ.mp4,train,True,25.0,76,300,300,3.04
zyUvGZAlkOs_1,land,10.0,geography,True,/home/dipshikha/Music/cao/CISLR_v1.5-a_videos/zyUvGZAlkOs_1.mp4,test,True,25.0,113,300,300,4.52
zyvgHgT6d7c,love,4.0,emotion,True,/home/dipshikha/Music/cao/CISLR_v1.5-a_videos/zyvgHgT6d7c.mp4,test,True,25.0,99,300,300,3.96
